Queue ID,Project Name,Interconnecting Entity,County,State,Interconnection Location,Transmission Owner,Generation Type,Capacity (MW),Summer Capacity (MW),Winter Capacity (MW),Queue Date,Status,Proposed Completion Date,Withdrawn Date,Withdrawal Comment,Actual Completion Date,In-Service Date,Commercial Operation Date,Cessation Date,Current Cluster,Cluster Group,Service Type,Status (Original)
TI-18-0827,,,Weld County,CO,Redtail 115  Substation,TSGT,Wind - Wind,145.0,145.0,145.0,8/27/2018,Completed,,,,,6/24/2022,,,RTOE Transitional Cluster,,ER/NR,IA FULLY EXECUTED/COMMERCIAL OPERATION
TI-17-0224,,,Kit Carson/Cheyenne Counties,CO,Windtalker 230 Switching Station,TSGT,Wind - Wind,104.0,104.0,104.0,2/24/2017,Completed,,,,,9/2/2020,,,RTOE Transitional Cluster,,ER/NR,IA FULLY EXECUTED/COMMERCIAL OPERATION
TI-12-0217,,,Ouray County,CO,Cow Creek 115 Switching Station,TSGT,Solar - Photovoltaic,7.2,7.2,7.2,2/17/2012,Completed,,,,,11/1/2013,,,RTOE Transitional Cluster,,ER/NR,IA FULLY EXECUTED/COMMERCIAL OPERATION
TI-08-0502,,,Kit Carson County,CO,Landsman Creek 230 SwitchingStation,TSGT,Wind - Wind,51.0,51.0,51.0,5/2/2008,Completed,,,,,10/15/2010,,,RTOE Transitional Cluster,,ER/NR,IA FULLY EXECUTED/COMMERCIAL OPERATION
TI-08-0204,,,Kit Carson County,CO,Burlington 230  Bus,TSGT,Wind - Wind,150.0,150.0,150.0,2/4/2008,Completed,,,,,11/30/2015,,,RTOE Transitional Cluster,,ER/NR,IA FULLY EXECUTED/COMMERCIAL OPERATION
GI-TC-2024-31,,,Elbert County,CO,Lincoln - Midway 230  Line,TSGT,Hybrid - Solar/Storage,398.0,398.0,398.0,5/29/2024,Completed,12/31/2028,,,,10/1/2027,12/31/2028,,RTOE Transitional Cluster,,ER,IA FULLY EXECUTED/ON SCHEDULE
GI-TC-2024-30,,,Morgan County,CO,Story 230 Substation,TSGT,Hybrid - Solar/Storage,199.9,199.9,199.9,5/29/2024,Completed,,,,,3/1/2028,,,RTOE Transitional Cluster,,ER/NR,IA FULLY EXECUTED/ON SCHEDULE
GI-TC-2024-29,,,Kit Carson County,CO,Landsman Creek-Windtalker 230Line,TSGT,Wind - Wind,170.0,170.0,170.0,5/29/2024,,10/1/2028,,,,9/15/2027,10/1/2028,,RTOE Transitional Cluster,,ER/NR,FACILITY STUDY STAGE
GI-TC-2024-28,,,Weld County,CO,Lloyd Sisson 115  Substation,TSGT,Solar - Photovoltaic,222.3,222.3,222.3,5/31/2023,,12/31/2027,,,,6/2/2031,12/31/2027,,RTOE Transitional Cluster,,ER/NR,FACILITY STUDY STAGE
GI-TC-2024-26,,,Elbert County,CO,Lincoln – Midway 230  Line,TSGT,Hybrid - Solar/Storage,199.0,199.0,199.0,5/31/2023,Completed,8/17/2027,,,,1/1/2028,8/17/2027,,RTOE Transitional Cluster,,ER/NR,IA FULLY EXECUTED/ON SCHEDULE
GI-TC-2024-25,,,Weld County,CO,"Ault - Laramie River Station 345
Line",TSGT,Wind - Wind,350.0,350.0,350.0,5/28/2024,,12/1/2028,,,,6/2/2031,12/1/2028,,RTOE Transitional Cluster,,ER,FACILITY STUDY STAGE
GI-TC-2024-22,,,Weld County,CO,Lloyd Sisson 115  Substation,TSGT,Solar - Photovoltaic,140.0,140.0,140.0,5/23/2024,,3/1/2028,,,,6/2/2031,3/1/2028,,RTOE Transitional Cluster,,ER/NR,FACILITY STUDY STAGE
GI-TC-2024-21,,,Montezuma County,CO,East Cortez 115 Substation,TSGT,Hybrid - Solar/Storage,125.0,125.0,125.0,5/24/2024,Completed,12/31/2028,,,,7/2/2030,12/31/2028,,RTOE Transitional Cluster,,ER,IA FULLY EXECUTED/ON SCHEDULE
GI-TC-2024-20,,,Lincoln County,CO,Big Sandy 230 Substation,TSGT,Solar - Photovoltaic,250.0,250.0,250.0,5/29/2024,,7/1/2027,,,,9/2/2030,7/1/2027,,RTOE Transitional Cluster,,ER/NR,FACILITY STUDY STAGE
GI-TC-2024-19,,,Montrose County,CO,Montrose 115 Substation,TSGT,Battery/Storage,100.0,100.0,100.0,5/7/2024,Completed,,,,,5/3/2027,,,RTOE Transitional Cluster,,ER,IA FULLY EXECUTED/ON SCHEDULE
GI-TC-2024-18,,,Montezuma County,CO,Lost Canyon 115 Substation,TSGT,Battery/Storage,100.0,100.0,100.0,5/29/2024,,5/31/2027,,,,8/2/2029,5/31/2027,,RTOE Transitional Cluster,,ER,FACILITY STUDY STAGE
GI-TC-2024-17,,,Kit Carson County,CO,Burlington-Wray 230 Line,TSGT,Solar - Photovoltaic,225.0,225.0,225.0,5/29/2024,Completed,1/1/2030,,,,7/2/2030,1/1/2030,,RTOE Transitional Cluster,,ER,IA FULLY EXECUTED/ON SCHEDULE
GI-TC-2024-16,,,Laramie County,WY,Ault-Laramie River Station 345 Line,TSGT,Wind - Wind,400.0,400.0,400.0,5/16/2023,Completed,,,,,6/30/2029,,,RTOE Transitional Cluster,,ER,IA FULLY EXECUTED/ON SCHEDULE
GI-TC-2024-15,,,Laramie County,WY,Big Bear 345 Switching Station,TSGT,Wind - Wind,250.0,250.0,250.0,5/23/2024,Completed,,,,,9/30/2029,,,RTOE Transitional Cluster,,ER,IA FULLY EXECUTED/ON SCHEDULE
GI-TC-2024-14,,,Weld County,CO,Greenhouse 230 Substation,TSGT,Solar - Photovoltaic,206.01,206.01,206.01,5/31/2023,,12/31/2028,,,,4/2/2031,12/31/2028,,RTOE Transitional Cluster,,ER/NR,FACILITY STUDY STAGE
GI-TC-2024-12,,,Yuma County,CO,Burlington-Wray 230 Line,TSGT,Wind - Wind,170.0,170.0,170.0,5/21/2024,Completed,10/31/2027,,,,3/1/2027,10/31/2027,,RTOE Transitional Cluster,,ER,IA FULLY EXECUTED/ON SCHEDULE
GI-TC-2024-11,,,Kit Carson County,CO,Looff 230 Substation (BurlingtonExpansion),TSGT,Wind - Wind,166.6,166.6,166.6,5/29/2024,Completed,,,,,12/31/2027,,,RTOE Transitional Cluster,,ER,IA FULLY EXECUTED/ON SCHEDULE
GI-TC-2024-10,,,Kit Carson County,CO,Burlington 230 Substation,TSGT,Solar - Photovoltaic,199.0,199.0,199.0,5/23/2024,,12/29/2028,,,,3/5/2026,12/29/2028,,RTOE Transitional Cluster,,ER,FACILITY STUDY STAGE
GI-TC-2024-09,,,Yuma County,CO,North Yuma 230 Substation,TSGT,Solar - Photovoltaic,199.0,199.0,199.0,5/26/2023,,12/31/2026,,,,12/5/2028,12/31/2026,,RTOE Transitional Cluster,,ER,FACILITY STUDY STAGE
GI-TC-2024-08,,,Kit Carson County,CO,Looff 230 Substation (BurlingtonExpansion),TSGT,Wind - Wind,150.0,150.0,150.0,5/26/2023,Completed,,,,,12/31/2027,,,RTOE Transitional Cluster,,ER,IA FULLY EXECUTED/ON SCHEDULE
GI-TC-2024-07,,,Cheyenne County,CO,Burlington - Lamar 230  Line,TSGT,Solar - Photovoltaic,199.0,199.0,199.0,5/22/2023,,12/31/2028,,,,11/1/2026,12/31/2028,,RTOE Transitional Cluster,,ER,FACILITY STUDY STAGE
GI-TC-2024-06,,,Platte County,WY,LRS-Wayne Child 345 Line,TSGT,Wind - Wind,150.0,150.0,150.0,5/22/2023,,10/1/2026,,,,12/1/2027,10/1/2026,,RTOE Transitional Cluster,,ER,FACILITY STUDY STAGE
GI-TC-2024-05,,,Platte County,WY,LRS-Wayne Child 345 Line,TSGT,Wind - Wind,150.0,150.0,150.0,5/22/2023,,10/1/2026,,,,12/1/2027,10/1/2026,,RTOE Transitional Cluster,,ER,FACILITY STUDY STAGE
GI-TC-2024-04,,,Platte County,WY,LRS-Wayne Child 345 Line,TSGT,Wind - Wind,150.0,150.0,150.0,5/22/2023,,10/1/2026,,,,12/1/2027,10/1/2026,,RTOE Transitional Cluster,,ER,FACILITY STUDY STAGE
GI-TC-2024-03,,,Platte/Goshen Counties,WY,Monolith 115 Substation,TSGT,Solar - Photovoltaic,160.0,160.0,160.0,5/8/2023,,12/28/2028,,,,10/2/2029,12/28/2028,,RTOE Transitional Cluster,,ER,FACILITY STUDY STAGE
GI-TC-2024-02,,,Lincoln County,CO,Lincoln 230 Substation,TSGT,Hybrid - Solar/Storage,150.0,150.0,150.0,4/25/2024,Completed,6/30/2028,,,,8/2/2030,6/30/2028,,RTOE Transitional Cluster,,ER/NR,IA FULLY EXECUTED/ON SCHEDULE
GI-TC-2024-01,,,Lincoln County,CO,Lincoln 230 Substation,TSGT,Hybrid - Solar/Storage,150.0,150.0,150.0,4/25/2024,Completed,6/30/2027,,,,8/2/2030,6/30/2027,,RTOE Transitional Cluster,,ER/NR,IA FULLY EXECUTED/ON SCHEDULE
GI-TC-2021-07,,,Delta County,CO,Garnet Mesa 115 Substation,TSGT,Solar - Photovoltaic,80.0,80.0,80.0,3/15/2021,Completed,,,,,5/1/2024,,,RTOE Transitional Cluster,,ER/NR,IA FULLY EXECUTED/COMMERCIAL OPERATION
GI-TC-2021-06,,,Logan County,CO,North Yuma 230 Substation,TSGT,Wind - Wind,200.0,200.0,200.0,3/15/2021,Completed,,,,,10/29/2021,,,RTOE Transitional Cluster,,ER/NR,IA FULLY EXECUTED/COMMERCIAL OPERATION
GI-TC-2021-03,,,Dolores County,CO,Cahone 115 Substation,TSGT,Solar - Photovoltaic,110.0,110.0,110.0,3/15/2021,Completed,,,,,6/14/2024,,,RTOE Transitional Cluster,,ER/NR,IA FULLY EXECUTED/COMMERCIAL OPERATION
GI-TC-2021-01,,,Moffat & Rio Blanco Counties,CO,Milk Creek 345Switching Station,TSGT,Solar - Photovoltaic,145.0,145.0,145.0,3/15/2021,Completed,,,,,6/30/2024,,,RTOE Transitional Cluster,,ER/NR,IA FULLY EXECUTED/COMMERCIAL OPERATION
GI-SISS-2026-04,,,"Kit Carson County,",CO,Looff 230 Substation (BurlingtonExpansion),TSGT,Battery/Storage,150.0,150.0,150.0,2/9/2026,Withdrawn,6/1/2028,,,,1/3/2028,6/1/2028,,RTOE Transitional Cluster,,ER,WITHDRAWN
GI-SISS-2026-03,,,"Kit Carson County,",CO,Looff 230 Substation (BurlingtonExpansion),TSGT,Battery/Storage,150.0,150.0,150.0,2/9/2026,Withdrawn,6/1/2028,,,,1/3/2028,6/1/2028,,RTOE Transitional Cluster,,ER,WITHDRAWN
GI-SISS-2025-06,,,Logan County,CO,North Yuma 230 Substation,TSGT,Battery/Storage,200.0,200.0,200.0,10/2/2025,Completed,9/30/2027,,,,,9/30/2027,,RTOE Transitional Cluster,,ER/NR,IA FULLY EXECUTED/ON SCHEDULE
GI-SISS-2025-05,,,Kit Carson County,CO,Burlington 230 Substation,TSGT,Battery/Storage,150.0,150.0,150.0,8/8/2025,Completed,9/30/2027,,,,,9/30/2027,,RTOE Transitional Cluster,,ER/NR,IA FULLY EXECUTED/ON SCHEDULE
GI-SISS-2025-04,,,Kit Carson County,CO,South Fork 115 Substation,TSGT,Battery/Storage,79.0,79.0,79.0,7/25/2025,Completed,,,,,9/30/2027,,,RTOE Transitional Cluster,,ER,IA FULLY EXECUTED/ON SCHEDULE
GI-RSC-2025-03,,,Montrose County,CO,Montrose 115 Sub,TSGT,Battery/Storage,50.0,50.0,50.0,7/18/2025,Completed,11/30/2027,,,,,11/30/2027,,RTOE Transitional Cluster,,ER,IA FULLY EXECUTED/ON SCHEDULE
GI-RSC-2025-02,,,Moffat County,CO,Craig 230 Sub,TSGT,Battery/Storage,200.0,200.0,200.0,7/18/2025,Completed,9/1/2029,,,,,9/1/2029,,RTOE Transitional Cluster,,ER,IA FULLY EXECUTED/ON SCHEDULE
GI-DISIS-2022-44,,,Moffat County,CO,Craig 345 Substation,TSGT,Hybrid - Solar/Storage,199.0,199.0,199.0,5/31/2022,Completed,,,,,6/25/2030,,,RTOE Transitional Cluster,,ER/NR,IA FULLY EXECUTED/ON SUSPENSION
GI-DISIS-2022-41,,,Kit Carson County,CO,Bonny Creek 115 Substation,TSGT,Wind - Wind,49.6,49.6,49.6,5/31/2022,Completed,,,,,12/30/2028,,,RTOE Transitional Cluster,,ER,IA FULLY EXECUTED/ON SUSPENSION
GI-DISIS-2022-29,,,Lincoln County,CO,Duck Creek 230 Switching Station,TSGT,Wind - Wind,199.9,199.9,199.9,5/31/2022,Completed,,,,,3/16/2029,,,RTOE Transitional Cluster,,ER/NR,IA FULLY EXECUTED/ON SCHEDULE
GI-DISIS-2022-28,,,Kit Carson County,CO,Many Trails 230 Switching Station,TSGT,Hybrid - Solar/Storage,199.0,199.0,199.0,5/31/2022,Completed,,,,,12/31/2029,,,RTOE Transitional Cluster,,ER,IA FULLY EXECUTED/ON SUSPENSION
GI-DISIS-2022-22,,,Kit Carson County,CO,Devils Switch 115 Switching Station,TSGT,Hybrid - Solar/Storage,90.0,30.0,30.0,5/27/2022,Completed,,,,,10/1/2028,,,RTOE Transitional Cluster,,ER,IA FULLY EXECUTED/ON SCHEDULE
GI-DISIS-2022-17,,,Kiowa County/Prowers County,CO,Towner 230 Switching Station,TSGT,Wind - Wind,199.0,199.0,199.0,5/27/2022,Completed,,,,,5/1/2030,,,RTOE Transitional Cluster,,ER,IA FULLY EXECUTED/ON SUSPENSION
GI-DISIS-2022-07,,,Weld County,CO,"West Sand Creek 230 Switching
Station",TSGT,Hybrid - Solar/Storage,199.0,199.0,199.0,5/24/2022,Completed,,,,,2/27/2029,,,RTOE Transitional Cluster,,ER/NR,IA FULLY EXECUTED/ON SCHEDULE
GI-DISIS-2022-04,,,Kit Carson County,CO,South Fork 115 Substation,TSGT,Hybrid - Solar/Storage,158.0,158.0,158.0,5/9/2022,Completed,,,,,6/29/2027,,,RTOE Transitional Cluster,,ER,IA FULLY EXECUTED/ON SCHEDULE
GI-DISIS-2022-02,,,Weld County,CO,Keota 345 Substation,TSGT,Hybrid - Solar/Storage,199.0,199.0,199.0,5/5/2022,Completed,,,,,4/1/2030,,,RTOE Transitional Cluster,,ER,IA FULLY EXECUTED/ON SCHEDULE
GI-DISIS-2021-10,,,Converse County,WY,Hunton Creek 230 Switching Station,TSGT,Hybrid - Solar/Storage,199.0,199.0,199.0,5/28/2021,Withdrawn,1/5/2028,,,,9/5/2027,1/5/2028,,RTOE Transitional Cluster,,ER/NR,WITHDRAWN
GI-CS-2025-29,,,"Yuma County,",CO,Burlington - Wray 230 Line,TSGT,Hybrid - Solar/Wind/Storage,300.0,300.0,300.0,10/6/2025,,8/1/2031,,,,,8/1/2031,,RTOE Transitional Cluster,,ER,FACILITY STUDY STAGE
GI-CS-2025-27,,,"Delta County,",CO,Starr Nelson 115 Substation,TSGT,Thermal - Gas,199.0,199.0,199.0,10/3/2025,Withdrawn,4/1/2029,,,,,4/1/2029,,RTOE Transitional Cluster,,ER/NR,WITHDRAWN
GI-CS-2025-26,,,"Kit Carson County,",CO,Windtalker 230 Substation,TSGT,Wind - Wind,199.0,199.0,199.0,10/2/2025,,6/30/2029,,,,,6/30/2029,,RTOE Transitional Cluster,,ER,FACILITY STUDY STAGE
GI-CS-2025-25,,,"Platte County,",WY,Laramie River 345 Substation,TSGT,Hybrid - Solar/Storage,800.0,800.0,800.0,10/2/2025,,12/1/2030,,,,,12/1/2030,,RTOE Transitional Cluster,,ER,FACILITY STUDY STAGE
GI-CS-2025-24,,,"Kit Carson County,",CO,Big Sandy - Windtalker 230 Line,TSGT,Wind - Wind,225.0,225.0,225.0,9/29/2025,,12/1/2029,,,,,12/1/2029,,RTOE Transitional Cluster,,ER,FACILITY STUDY STAGE
GI-CS-2025-20,,,"Morgan County,",CO,Story 230 Substation,TSGT,Hybrid - Solar/Storage,199.9,199.9,199.9,9/29/2025,,12/1/2029,,,,,12/1/2029,,RTOE Transitional Cluster,,NR,FACILITY STUDY STAGE
GI-CS-2025-19,,,"Morgan County,",CO,Story 230 Substation,TSGT,Hybrid - Solar/Storage,199.9,199.9,199.9,9/29/2025,,12/1/2029,,,,,12/1/2029,,RTOE Transitional Cluster,,NR,FACILITY STUDY STAGE
GI-CS-2025-17,,,"Moffat County,",CO,Craig - Meeker 345 Line,TSGT,Hybrid - Solar/Storage,199.5,199.5,199.5,9/26/2025,Withdrawn,6/1/2029,,,,,6/1/2029,,RTOE Transitional Cluster,,ER/NR,WITHDRAWN
GI-CS-2025-16,,,"Weld County,",CO,Henry Lake - Badger Creek 230 Line,TSGT,Hybrid - Solar/Storage,150.0,150.0,150.0,9/26/2025,,6/1/2029,,,,,6/1/2029,,RTOE Transitional Cluster,,NR,FACILITY STUDY STAGE
GI-CS-2025-11,,,"Lincoln County,",CO,Big Sandy 230 Substation,TSGT,Wind - Wind,199.0,199.0,199.0,9/19/2025,,12/1/2028,,,,,12/1/2028,,RTOE Transitional Cluster,,ER,FACILITY STUDY STAGE
GI-CS-2025-08,,,"Kit Carson,",CO,Looff 230 Substation (Burlington Expansion),TSGT,Wind - Wind,199.0,199.0,199.0,9/18/2025,,12/1/2029,,,,,12/1/2029,,RTOE Transitional Cluster,,ER,FACILITY STUDY STAGE
GI-CS-2025-07,,,"Kit Carson,",CO,Looff 230 Substation (Burlington Expansion),TSGT,Wind - Wind,199.0,199.0,199.0,9/18/2025,,12/1/2029,,,,,12/1/2029,,RTOE Transitional Cluster,,ER,FACILITY STUDY STAGE
GI-CS-2025-05,,,"Weld County,",CO,Redtail 115 Substation,TSGT,Solar - Photovoltaic,300.0,300.0,300.0,9/18/2025,,12/1/2029,,,,,12/1/2029,,RTOE Transitional Cluster,,ER,FACILITY STUDY STAGE
GI-CS-2025-04,,,"Laramie County,",WY,Ault LRS 345 Line,TSGT,Hybrid - Wind/Storage,330.0,330.0,330.0,9/17/2025,,11/30/2029,,,,,11/30/2029,,RTOE Transitional Cluster,,NR,FACILITY STUDY STAGE
GI-CS-2025-03,,,"Kit Carson,",CO,230 Windtalker Switching Station,TSGT,Hybrid - Solar/Storage,300.0,300.0,300.0,9/16/2025,,4/1/2028,,,,,4/1/2028,,RTOE Transitional Cluster,,ER,FACILITY STUDY STAGE
GI-CS-2025-02,,,"Adams County,",CO,230 West Sand Creek Switching Station,TSGT,Hybrid - Solar/Storage,199.0,199.0,199.0,9/11/2025,,6/1/2031,,,,,6/1/2031,,RTOE Transitional Cluster,,NR,FACILITY STUDY STAGE
GEN-2026-SR9,,,Wright,KS,Spearville to Clark County 345 kV line,ITCGP,Battery/Storage,252.0,252.0,252.0,12/18/2025,Active,12/1/2027,,,,,12/1/2027,,Surplus,03 CENTRAL,ER,IA PENDING
GEN-2026-SR8,,,Elgin,OK,Cimmarron to Lawton 345 kV Line,AEP,Battery/Storage,500.0,500.0,500.0,2/5/2026,,11/30/2028,,,,,11/30/2028,,Surplus,04 SOUTHEAST,ER/NR,SPECIAL STUDY
GEN-2026-SR7,,,South Heart,ND,Daglum 230kV Switching Station,BEPC,Battery/Storage,150.0,150.0,150.0,1/21/2026,,12/31/2028,,,,,12/31/2028,,Surplus,01 NORTH,ER,FACILITY STUDY STAGE
GEN-2026-SR6,,,South Heart,ND,Daglum 230kV Switching Station,BEPC,Battery/Storage,150.0,150.0,150.0,1/22/2026,,12/31/2028,,,,,12/31/2028,,Surplus,01 NORTH,ER,FACILITY STUDY STAGE
GEN-2026-SR5,,,Wellington,KS,Sumner 138kV,WERE,Battery/Storage,200.0,200.0,200.0,1/20/2026,,12/1/2027,,,,,12/1/2027,,Surplus,03 CENTRAL,ER/NR,SPECIAL STUDY
GEN-2026-SR4,,,Oktaha,OK,Canadian River-Muskogee and Muskogee-Seminole 345kV,OG&E,Battery/Storage,400.0,400.0,400.0,11/17/2025,,12/31/2027,,,,,12/31/2027,,Surplus,04 SOUTHEAST,ER,SPECIAL STUDY
GEN-2026-SR33,,,Oliver County,ND,Basin Electric 230 kV,BEPC,Battery/Storage,202.0,202.0,202.0,7/23/2026,,12/3/2029,,,,,12/3/2029,,Surplus,01 NORTH,ER/NR,SPECIAL STUDY
GEN-2026-SR32,,,Saint Joseph,MO,Nashua-St. Joe 345kV,KCPL,Battery/Storage,400.0,400.0,400.0,7/23/2026,,12/31/2028,,,,,12/31/2028,,Surplus,03 CENTRAL,ER/NR,SPECIAL STUDY
GEN-2026-SR31,,,Saint Joseph,MO,Nashua-St. Joe 345kV,KCPL,Battery/Storage,400.0,400.0,400.0,7/23/2026,,12/31/2028,,,,,12/31/2028,,Surplus,03 CENTRAL,ER/NR,SPECIAL STUDY
GEN-2026-SR30,,,Thomas County,KS,Holcomb 345kV,SUNC,Battery/Storage,504.0,504.0,504.0,6/4/2026,,9/13/2030,,,,,9/13/2030,,Surplus,03 CENTRAL,ER,SPECIAL STUDY
GEN-2026-SR3,,,Sayre,OK,Sweetwater 230kV,AEP,Battery/Storage,100.0,100.0,100.0,1/14/2026,,5/14/2027,,,,,5/14/2027,,Surplus,04 SOUTHEAST,ER,FACILITY STUDY STAGE
GEN-2026-SR29,,,Thomas County,KS,Mingo 115kV,SUNC,Battery/Storage,196.56,196.56,196.56,6/4/2026,,10/1/2029,,,,,10/1/2029,,Surplus,03 CENTRAL,ER,SPECIAL STUDY
GEN-2026-SR28,,,Dodge City,KS,Clark County-Ironwood 345kV,SUNC,Battery/Storage,297.6,297.6,297.6,6/4/2026,,1/30/2029,,,,,1/30/2029,,Surplus,03 CENTRAL,ER,SPECIAL STUDY
GEN-2026-SR27,,,Muskogee,OK,Pecan Creek 345kV Substation,OGE,Battery/Storage,300.0,300.0,300.0,6/26/2026,,6/15/2028,,,,,6/15/2028,,Surplus,04 SOUTHEAST,ER,SPECIAL STUDY
GEN-2026-SR26,,,Burlington,CO,Looff 230 kV,TRI STATE,Battery/Storage,150.0,150.0,150.0,6/4/2026,,6/1/2028,,,,,6/1/2028,,Surplus,,ER,SPECIAL STUDY
GEN-2026-SR25,,,Burlington,CO,Looff 230 kV ,TRI STATE,Battery/Storage,150.0,150.0,150.0,6/4/2026,,6/1/2028,,,,,6/1/2028,,Surplus,,ER,SPECIAL STUDY
GEN-2026-SR24,,,Barber,KS,Thistle 345kV Substation,ITCGP,Battery/Storage,120.0,120.0,120.0,6/18/2026,,9/15/2028,,,,,9/15/2028,,Surplus,03 CENTRAL,ER,SPECIAL STUDY
GEN-2026-SR23,,,Johnston,OK,Bison 345kV Substation,OGE,Battery/Storage,200.0,200.0,200.0,6/22/2026,,9/30/2028,,,,,9/30/2028,,Surplus,04 SOUTHEAST,ER/NR,SPECIAL STUDY
GEN-2026-SR22,,,Oxford,KS,Wild Plains 345kV Substation,WERE,Battery/Storage,150.0,150.0,150.0,5/4/2026,,12/30/2028,,,,,12/30/2028,,Surplus,04 SOUTHEAST,ER,SPECIAL STUDY
GEN-2026-SR21,,,South Coffeyville,OK,Farmland-Delaware 138kV line,AEP,Battery/Storage,148.0,148.0,148.0,5/28/2026,,12/31/2029,,,,,12/31/2029,,Surplus,04 SOUTHEAST,ER,SPECIAL STUDY
GEN-2026-SR20,,,Lincoln,NE,Wagener 115kV Substation,LES,Battery/Storage,225.0,225.0,225.0,3/26/2026,,6/1/2028,,,,,6/1/2028,,Surplus,02 NEBRASKA,ER/NR,SPECIAL STUDY
GEN-2026-SR2,,,Cimmaron,KS,Buckner 345kV,SUNC,Battery/Storage,165.6,165.6,165.6,12/19/2025,,12/1/2027,,,,,12/1/2027,,Surplus,03 CENTRAL,ER,FACILITY STUDY STAGE
GEN-2026-SR19,,,Duncan,OK,Lawton Eastside - Terry Road 345kV,AEP,Battery/Storage,200.0,200.0,200.0,3/30/2026,,12/31/2028,,,,,12/31/2028,,Surplus,04 SOUTHEAST,ER/NR,SPECIAL STUDY
GEN-2026-SR18,,,Sarcoxie,MO,La Russell 161 kV Substation,EDE,Battery/Storage,150.0,150.0,150.0,3/6/2026,,1/31/2029,,,,,1/31/2029,,Surplus,03 CENTRAL,ER/NR,SPECIAL STUDY
GEN-2026-SR17,,,Savonburg,KS,Wolf Creek - Blackberry 345 kV Substation,NEETS,Battery/Storage,204.3,204.3,204.3,3/16/2026,Active,12/31/2029,,,,,12/31/2029,,Surplus,03 CENTRAL,ER/NR,IA PENDING
GEN-2026-SR16,,,McPherson,KS,Reno - Summit 345kV,WERE,Battery/Storage,300.0,300.0,300.0,2/16/2026,,5/1/2028,,,,,5/1/2028,,Surplus,03 CENTRAL,ER,SPECIAL STUDY
GEN-2026-SR15,,,Balko,OK,Beaver County - Woodward EHV Dbl Ckt (Badger) 345kV,OGE,Battery/Storage,200.0,200.0,200.0,1/19/2026,,2/14/2029,,,,,2/14/2029,,Surplus,05 SOUTHWEST,ER,SPECIAL STUDY
GEN-2026-SR14,,,Panhandle,TX,Martin 115 kV Substation,SPS,Battery/Storage,158.0,158.0,158.0,1/16/2026,,12/29/2028,,,,,12/29/2028,,Surplus,05 SOUTHWEST,ER/NR,SPECIAL STUDY
GEN-2026-SR13,,,Gruver,TX,Hitchland 345kV,SPS,Battery/Storage,208.0,208.0,208.0,1/17/2026,Active,4/28/2027,,,,,4/28/2027,,Surplus,05 SOUTHWEST,ER,IA PENDING
GEN-2026-SR12,,,Balko,OK,Bull Creek 115 kV substation,SPS,Battery/Storage,100.0,100.0,100.0,1/18/2026,,12/2/2029,,,,,12/2/2029,,Surplus,05 SOUTHWEST,ER/NR,SPECIAL STUDY
GEN-2026-SR11,,,Mill Creek,OK,Johnson County 345kV Substation,OGE,Battery/Storage,258.0,258.0,258.0,1/26/2026,Active,10/1/2028,,,,,10/1/2028,,Surplus,04 SOUTHEAST,ER/NR,IA PENDING
GEN-2026-SR10,,,Spearman,TX,Hitchland 345kV,SPS,Battery/Storage,457.0,457.0,457.0,1/14/2026,,12/31/2027,,,,,12/31/2027,,Surplus,05 SOUTHWEST,ER,SPECIAL STUDY
GEN-2026-SR1,,,Garden Plain,KS,Buffalo Flats 345kV Substation,WERE,Battery/Storage,100.0,100.0,100.0,11/7/2025,,12/1/2026,,,,,12/1/2026,,Surplus,03 CENTRAL,ER/NR,FACILITY STUDY STAGE
GEN-2026-PR9,,,Crosby County,TX,Tap Floyd County - Crosby County 115kV,SPS,Wind,15.99,15.99,15.99,2/28/2026,Withdrawn,12/1/2028,8/31/2026,,,,12/1/2028,,Priority Process,05 SOUTHWEST,ER,WITHDRAWN
GEN-2026-PR8,,,Gray County,KS,Buckner 345kV,SUNC,Wind,33.1,33.1,33.1,2/28/2026,Withdrawn,12/1/2028,4/17/2026,,,,12/1/2028,,Priority Process,03 CENTRAL,ER,WITHDRAWN
GEN-2026-PR7,,,Brownell County,KS,South Hays 230kV,MIDW,Wind,39.76,39.76,39.76,2/28/2026,,12/1/2027,,,,,12/1/2027,,Priority Process,03 CENTRAL,ER,SPECIAL STUDY
GEN-2026-PR6,,,Goltry,OK,Woodring 345kV Substation,OG&E,Wind,49.72,49.72,49.72,1/8/2026,,12/1/2027,,,,,12/1/2027,,Priority Process,04 SOUTHEAST,ER,SPECIAL STUDY
GEN-2026-PR5,,,Goultry,OK,Woodring 345kV Substation,OG&E,Battery/Storage,60.4,60.4,60.4,1/7/2026,,12/31/2027,,,,,12/31/2027,,Priority Process,04 SOUTHEAST,ER,SPECIAL STUDY
GEN-2026-PR4,,,Spearman,TX,Hitchland 345kV,SPS,Battery/Storage,131.56,131.56,131.56,12/19/2025,,12/31/2027,,,,,12/31/2027,,Priority Process,05 SOUTHWEST,ER,SPECIAL STUDY
GEN-2026-PR3,,,Garfield County,OK,Otter 138kV,OG&E,Wind,49.68,49.68,49.68,12/1/2025,Withdrawn,12/1/2030,6/10/2026,,,,12/1/2030,,Priority Process,04 SOUTHEAST,ER,WITHDRAWN
GEN-2026-PR23,,,Earth,TX,Tolk Station,SPS,Wind,252.4,252.4,252.4,6/18/2026,,2/19/2029,,,,,2/19/2029,,Priority Process,05 SOUTHWEST,NR,SPECIAL STUDY
GEN-2026-PR22,,,Rogers,NM,Sagamore Wind South 345kV,SPS,Battery/Storage,104.4,104.4,104.4,6/18/2026,,5/3/2028,,,,,5/3/2028,,Priority Process,05 SOUTHWEST,NR,SPECIAL STUDY
GEN-2026-PR21,,,Earth,TX,Plant X Substation 230kV,SPS,Solar,44.8,44.8,44.8,6/18/2026,,5/1/2028,,,,,5/1/2028,,Priority Process,05 SOUTHWEST,NR,SPECIAL STUDY
GEN-2026-PR20,,,Earth,TX,Plant X 115kV,SPS,Battery/Storage,30.0,30.0,30.0,6/18/2026,,11/1/2027,,,,,11/1/2027,,Priority Process,05 SOUTHWEST,NR,SPECIAL STUDY
GEN-2026-PR2,,,Dewey County,OK,Tatonga 345 kV Substation,OG&E,Wind,41.89,41.89,41.89,12/1/2025,,12/1/2030,,,,,12/1/2030,,Priority Process,04 SOUTHEAST,ER,SPECIAL STUDY
GEN-2026-PR19,,,Hobbs,NM,Cunningham 115kV,SPS,Battery/Storage,14.4,14.4,14.4,6/18/2026,,4/10/2026,,,,,4/10/2026,,Priority Process,05 SOUTHWEST,NR,SPECIAL STUDY
GEN-2026-PR18,,,Lea County,NM,Hobbs 230kV & Hobbs 115kV,SPS,Thermal,30.0,30.0,30.0,5/7/2026,,9/1/2026,,,,,9/1/2026,,Priority Process,05 SOUTHWEST,ER,SPECIAL STUDY
GEN-2026-PR17,,,Grady County,OK,Minco 345kV Substation,OGE,Battery/Storage,40.5,40.5,40.5,2/28/2026,,4/1/2025,,,,,4/1/2025,,Priority Process,04 SOUTHEAST,ER,SPECIAL STUDY
GEN-2026-PR16,,,Carson County,TX,Martin 115kV,SPS,Wind,31.82,31.82,31.82,2/28/2026,Withdrawn,5/1/2030,8/31/2026,,,,5/1/2030,,Priority Process,05 SOUTHWEST,ER,WITHDRAWN
GEN-2026-PR15,,,Custer County,OK,Clinton Junction-Weatherford Southeast 138kVClinton Junction-Weatherford Southeast 138kVClinton Junction-Weatherford Southeast 138kV,AEP,Wind,31.36,31.36,31.36,2/28/2026,,12/1/2028,,,,,12/1/2028,,Priority Process,04 SOUTHEAST,ER,SPECIAL STUDY
GEN-2026-PR14,,,Pawnee County,OK,Sooner - Cleveland 345kV,OGE,Battery/Storage,43.99,43.99,43.99,2/28/2026,,12/1/2026,,,,,12/1/2026,,Priority Process,04 SOUTHEAST,ER,SPECIAL STUDY
GEN-2026-PR13,,,Hinton County,OK,Minco 345kV Substation,OGE,Wind,25.96,25.96,25.96,2/28/2026,,12/1/2028,,,,,12/1/2028,,Priority Process,04 SOUTHEAST,ER,SPECIAL STUDY
GEN-2026-PR12,,,Kay County,OK,NARDINS2 69kV,OGE,Wind,11.96,11.96,11.96,2/28/2026,,12/1/2028,,,,,12/1/2028,,Priority Process,04 SOUTHEAST,ER,SPECIAL STUDY
GEN-2026-PR11,,,Cochran County,TX,Lost Draw 3 115kV substation,SPS,Wind,30.0,30.0,30.0,2/28/2026,Withdrawn,12/1/2028,8/31/2026,,,,12/1/2028,,Priority Process,05 SOUTHWEST,ER,WITHDRAWN
GEN-2026-PR10,,,Wayne County,NE,Hoskins 345kV,NPPD,Battery/Storage,32.0,32.0,32.0,2/28/2026,Withdrawn,12/1/2027,4/17/2026,,,,12/1/2027,,Priority Process,02 NEBRASKA,ER,WITHDRAWN
GEN-2026-PR1,,,Garfield County,TX,Beaver County 345 kV Substation,OG&E,Wind,52.63,52.63,52.63,12/1/2025,,12/1/2030,,,,,12/1/2030,,Priority Process,05 SOUTHWEST,ER,SPECIAL STUDY
GEN-2025-SR9,,,Fort Gibson,OK,Muskogee 345 KV Substation,OG&E,Thermal,400.0,400.0,400.0,5/31/2025,Active,12/1/2029,,,,,12/1/2029,,Surplus,04 SOUTHEAST,ER,IA PENDING
GEN-2025-SR8,,,Morrison,OK,White Tail 345kV Substation,OG&E,Battery/Storage,219.96,219.96,219.96,5/30/2025,Completed,11/1/2026,,,,,11/1/2026,,Surplus,04 SOUTHEAST,ER,IA FULLY EXECUTED/ON SCHEDULE
GEN-2025-SR7,,,Fort Gibson,OK,Guymon South 115kV Station,SPS,Battery/Storage,102.0,102.0,102.0,5/30/2025,Active,12/31/2026,,,,,12/31/2026,,Surplus,05 SOUTHWEST,ER/NR,IA PENDING
GEN-2025-SR6,,,Minco,OK,Minco 345kV Substation,OG&E,Battery/Storage,200.0,200.0,200.0,6/4/2025,Active,12/31/2026,,,,,12/31/2026,,Surplus,04 SOUTHEAST,ER/NR,IA PENDING
GEN-2025-SR5,,,Hallam,NE,Monolith 115 kV Substation,NPPD,Battery/Storage,40.0,40.0,40.0,5/22/2025,,11/20/2026,,,,,11/20/2026,,Surplus,02 NEBRASKA,ER/NR,FACILITY STUDY STAGE
GEN-2025-SR4,,,Kinsley,KS,Great Bend-Spearville 230kV line,SUNC,Battery/Storage,150.0,150.0,150.0,8/18/2025,Completed,12/1/2028,,,,,12/1/2028,,Surplus,03 CENTRAL,ER/NR,IA FULLY EXECUTED/ON SCHEDULE
GEN-2025-SR32,,,Roswell,NM,Chaves County 115 kV Substation,SPS,Battery/Storage,50.0,50.0,50.0,10/20/2025,Active,12/31/2026,,,,,12/31/2026,,Surplus,05 SOUTHWEST,ER,IA PENDING
GEN-2025-SR31,,,Meadow Grove,NE,Antelope(640520) - Hoskins(640226) 345kV,NPPD,Battery/Storage,170.0,170.0,170.0,11/7/2025,Active,12/31/2026,,,,,12/31/2026,,Surplus,02 NEBRASKA,ER,IA PENDING
GEN-2025-SR30,,,Oakwood,OK,Tatonga 345 kV Substation,OG&E,Battery/Storage,209.0,209.0,209.0,8/22/2025,Active,12/5/2027,,,,,12/5/2027,,Surplus,04 SOUTHEAST,ER,IA PENDING
GEN-2025-SR3,,,Minneola,KS,Clark County 345kV Substation,ITCGP,Battery/Storage,150.0,150.0,150.0,8/18/2025,Completed,3/31/2030,,,,,3/31/2030,,Surplus,03 CENTRAL,ER/NR,IA FULLY EXECUTED/ON SCHEDULE
GEN-2025-SR29,,,Hobbs,NM,T14 Circuit 115kV,SPS,Battery/Storage,74.99,74.99,74.99,8/18/2025,Completed,3/1/2027,,,,,3/1/2027,,Surplus,05 SOUTHWEST,ER,IA FULLY EXECUTED/ON SCHEDULE
GEN-2025-SR28,,,Balko,OK,Beaver County 345 kV Substation,OG&E,Battery/Storage,263.13,263.13,263.13,8/18/2025,Active,11/22/2027,,,,,11/22/2027,,Surplus,05 SOUTHWEST,ER,IA PENDING
GEN-2025-SR27,,,Roswell,NM,Chaves County 115 kV Substation,SPS,Battery/Storage,50.0,50.0,50.0,7/1/2025,Active,12/31/2026,,,,,12/31/2026,,Surplus,05 SOUTHWEST,ER,IA PENDING
GEN-2025-SR26,,,Plattsmouth,NE,Cass County 345kV Substation,OPPD,Thermal,200.0,200.0,200.0,6/12/2025,Active,11/30/2029,,,,,11/30/2029,,Surplus,02 NEBRASKA,ER,IA PENDING
GEN-2025-SR25,,,Sperry,OK,Tulsa North 138kV Substation,AEP,Thermal,200.0,200.0,200.0,6/12/2025,Active,5/31/2028,,,,,5/31/2028,,Surplus,04 SOUTHEAST,ER,IA PENDING
GEN-2025-SR24,,,Blair,NE,Fort Calhoun 345kV Substation,OPPD,Thermal,200.0,200.0,200.0,6/12/2025,Active,11/30/2028,,,,,11/30/2028,,Surplus,02 NEBRASKA,ER,IA PENDING
GEN-2025-SR23,,,Oklahoma City,OK,Mustang 138kV Substation,OG&E,Thermal,100.0,100.0,100.0,6/12/2025,Completed,11/30/2029,,,,,11/30/2029,,Surplus,04 SOUTHEAST,ER/NR,IA FULLY EXECUTED/ON SCHEDULE
GEN-2025-SR22,,,Harrah,OK,Horseshoe Lake 138kV Substation,OG&E,Thermal,100.0,100.0,100.0,6/12/2025,Completed,11/30/2030,,,,,11/30/2030,,Surplus,04 SOUTHEAST,ER,IA FULLY EXECUTED/ON SCHEDULE
GEN-2025-SR21,,,Tulsa,OK,Tulsa Power Station 138kV Substation,AEP,Thermal,100.0,100.0,100.0,6/12/2025,Active,5/31/2028,,,,,5/31/2028,,Surplus,04 SOUTHEAST,ER,IA PENDING
GEN-2025-SR20,,,Omaha,NE,SUBSTATION LOOP IN OPPD LINES S1211 TO S1220 AND S1211 TO S1299,OPPD,Thermal,100.0,100.0,100.0,6/12/2025,Active,5/31/2030,,,,,5/31/2030,,Surplus,02 NEBRASKA,ER,IA PENDING
GEN-2025-SR2,,,Hansford County,TX,Hansford 115kV,SPS,Wind,67.2,67.2,67.2,5/5/2025,Active,1/31/2028,,,,,1/31/2028,,Surplus,05 SOUTHWEST,ER,IA PENDING
GEN-2025-SR19,,,Chouteau,OK,Maid 161kV substation,GRDA,Thermal,100.0,100.0,100.0,6/12/2025,Completed,11/30/2029,,,,,11/30/2029,,Surplus,04 SOUTHEAST,ER,IA FULLY EXECUTED/ON SCHEDULE
GEN-2025-SR18,,,Indepedence,MO,Blue Valley 161kV Substation,INDN,Thermal,50.0,50.0,50.0,6/12/2025,Completed,11/30/2029,,,,,11/30/2029,,Surplus,03 CENTRAL,ER,IA FULLY EXECUTED/ON SCHEDULE
GEN-2025-SR17,,,Duncan,OK,Terry Road 345kV Station,AEP,Battery/Storage,200.0,200.0,200.0,6/6/2025,Active,12/31/2026,,,,,12/31/2026,,Surplus,04 SOUTHEAST,ER/NR,IA PENDING
GEN-2025-SR16,,,Oxford,KS,Wild Plains 345 kV Substation,WERE,Battery/Storage,300.0,300.0,300.0,6/5/2025,Active,12/21/2026,,,,,12/21/2026,,Surplus,03 CENTRAL,ER,IA PENDING
GEN-2025-SR15,,,Newcastle,OK,McClain Substation,OG&E,Thermal,125.0,125.0,125.0,5/31/2025,Active,12/1/2029,,,,,12/1/2029,,Surplus,04 SOUTHEAST,ER,IA PENDING
GEN-2025-SR14,,,Oklahoma City,OK,Mustang 138 KV Substation,OG&E,Battery/Storage,183.0,183.0,183.0,5/31/2025,,5/1/2030,,,,,5/1/2030,,Surplus,04 SOUTHEAST,ER,SPECIAL STUDY
GEN-2025-SR13,,,Konawa,OK,Seminole 138 kV Substation,OG&E,Thermal,125.0,125.0,125.0,5/31/2025,Active,12/1/2029,,,,,12/1/2029,,Surplus,04 SOUTHEAST,ER,IA PENDING
GEN-2025-SR12,,,Red Rock,OK,Sooner 138 kV Substation,OG&E,Battery/Storage,116.0,116.0,116.0,5/31/2025,,5/1/2030,,,,,5/1/2030,,Surplus,04 SOUTHEAST,ER,SPECIAL STUDY
GEN-2025-SR11,,,Red Rock,OK,Sooner 345 kV Substation,OG&E,Battery/Storage,112.0,112.0,112.0,5/31/2025,,5/1/2030,,,,,5/1/2030,,Surplus,04 SOUTHEAST,ER,SPECIAL STUDY
GEN-2025-SR10,,,Konawa,OK,Seminole 345 KV Substation,OG&E,Thermal,238.0,238.0,238.0,5/31/2025,Active,4/30/2030,,,,,4/30/2030,,Surplus,04 SOUTHEAST,ER,IA PENDING
GEN-2025-SR1,,,Clinton,MO,Stillwell - Clinton 161kV Line,KCPL,Battery/Storage,400.0,400.0,400.0,4/4/2025,Completed,3/7/2027,,,,,3/7/2027,,Surplus,03 CENTRAL,ER/NR,IA FULLY EXECUTED/ON SCHEDULE
GEN-2025-GR6,,,Dimmit,TX,Castro County 115kV,SPS,Wind,300.0,300.0,300.0,11/7/2025,Active,,,,,,,10/24/2025,Replacement,05 SOUTHWEST,ER,IA PENDING
GEN-2025-GR5,,,Minot,ND,Nelson Tap,WAPA,Wind,7.7,7.7,7.7,10/6/2025,Active,,,,,,,6/1/2026,Replacement,01 NORTH,ER/NR,IA PENDING
GEN-2025-GR4,,,Plankinton,SD,Wessington Springs,WAPA,Wind,10.8,10.8,10.8,10/6/2025,Active,,,,,,,6/1/2026,Replacement,01 NORTH,ER/NR,IA PENDING
GEN-2025-GR3,,,Max,ND,SW Minot,WAPA,Wind,4.86,4.86,4.86,10/6/2025,Active,,,,,,,6/1/2026,Replacement,01 NORTH,ER/NR,IA PENDING
GEN-2025-GR2,,,Elida,NM,San Juan Mesa 230 kV Substation,SPS,Wind,120.0,120.0,120.0,6/30/2025,Completed,11/30/2027,,,,,11/30/2027,1/15/2027,Replacement,05 SOUTHWEST,ER,IA FULLY EXECUTED/ON SCHEDULE
GEN-2025-GR1,,,Medford,OK,OG&E Renfrow 345kV Substation,OG&E,Wind,300.0,300.0,300.0,12/17/2024,Completed,12/15/2026,,,,,12/15/2026,12/15/2026,Replacement,04 SOUTHEAST,ER,IA FULLY EXECUTED/ON SCHEDULE
GEN-2024-SR9,,,Beaver County,OK,Beaver County Substation 345 kV,OG&E,Battery/Storage,150.0,150.0,150.0,1/26/2024,Completed,12/31/2028,,,,,12/31/2028,,Surplus,05 SOUTHWEST,ER,IA FULLY EXECUTED/ON SCHEDULE
GEN-2024-SR8,,,Greely County,NE,Spalding to North Loup 115kV,NPPD,Battery/Storage,70.0,70.0,70.0,4/3/2024,Completed,12/31/2026,,,,,12/31/2026,,Surplus,02 NEBRASKA,ER,IA FULLY EXECUTED/ON SCHEDULE
GEN-2024-SR7,,,Beaver County,OK,Beaver County Substation 345 kV,OG&E,Solar,200.0,200.0,200.0,1/26/2024,Completed,12/31/2028,,,,,12/31/2028,,Surplus,05 SOUTHWEST,ER,IA FULLY EXECUTED/ON SCHEDULE
GEN-2024-SR6,,,Johnston County,OK,Interconnecting at Hugo - Sunnyside 345 kV transmission line,OG&E,Battery/Storage,200.0,200.0,200.0,2/20/2024,Completed,12/31/2027,,,,,12/31/2027,,Surplus,04 SOUTHEAST,ER,IA FULLY EXECUTED/ON SCHEDULE
GEN-2024-SR5,,,Drumright,OK,138 kV Greenwood Station,OG&E,Battery/Storage,176.9,176.9,176.9,2/7/2024,Completed,6/1/2026,,,,,6/1/2026,,Surplus,04 SOUTHEAST,ER,IA FULLY EXECUTED/ON SCHEDULE
GEN-2024-SR4,,,Yoakum County,TX,Mahoney 230 kV Substation,Xcel/SPS,Battery/Storage,300.0,300.0,300.0,12/11/2023,Withdrawn,5/1/2026,,,,,5/1/2026,,Surplus,05 SOUTHWEST,ER,WITHDRAWN
GEN-2024-SR3,,,Lincoln County,OK,138 kV TRYON 3 (Bus # 515675,OG&E,Battery/Storage,72.5,72.5,72.5,2/1/2024,Completed,5/1/2026,,,,,5/1/2026,,Surplus,04 SOUTHEAST,ER/NR,IA FULLY EXECUTED/ON SCHEDULE
GEN-2024-SR2,,,Franklin County,AR,161 kV BRANCH 5 (Bus # 515316),OG&E,Battery/Storage,72.5,72.5,72.5,2/6/2024,Completed,3/1/2027,,,,,3/1/2027,,Surplus,04 SOUTHEAST,ER/NR,IA FULLY EXECUTED/ON SCHEDULE
GEN-2024-SR17,,,Kay,OK,Tap Medford Tap – Coyote 138kV,OG&E,Battery/Storage,50.0,50.0,50.0,12/26/2024,Completed,5/1/2027,,,,,5/1/2027,,Surplus,04 SOUTHEAST,ER/NR,IA FULLY EXECUTED/ON SCHEDULE
GEN-2024-SR16,,,Oologah,OK,Northeastern 138kV,AEP,Battery/Storage,100.0,100.0,100.0,12/3/2024,Active,12/31/2026,,,,,12/31/2026,,Surplus,04 SOUTHEAST,ER,IA PENDING
GEN-2024-SR15,,,Yoakum,TX,Mahoney 230kV Substation,SPS,Battery/Storage,300.0,300.0,300.0,10/24/2024,Completed,6/1/2028,,,,,6/1/2028,,Surplus,05 SOUTHWEST,ER,IA FULLY EXECUTED/ON SCHEDULE
GEN-2024-SR14,,,Lea County,NM,Cunningham 115kV,Xcel/SPS,Battery/Storage,36.0,36.0,36.0,7/8/2024,Completed,4/1/2026,,,,,4/1/2026,,Surplus,05 SOUTHWEST,ER,IA FULLY EXECUTED/ON SCHEDULE
GEN-2024-SR13,,,Bryan County,OK,Brown 138kV Substation,OG&E,Battery/Storage,52.2,52.2,52.2,5/1/2024,Withdrawn,6/1/2026,5/22/2026,,,,6/1/2026,,Surplus,04 SOUTHEAST,ER/NR,WITHDRAWN
GEN-2024-SR12,,,La Moure County,ND,Edgeley 115 kV Substation,WAPA,Battery/Storage,20.0,20.0,20.0,5/21/2024,Withdrawn,10/1/2026,6/9/2026,,,,10/1/2026,,Surplus,01 NORTH,ER,WITHDRAWN
GEN-2024-SR11,,,Garfield,OK,Woodring 345kV Substation,OGE,Battery/Storage,200.0,200.0,200.0,5/7/2024,Completed,12/2/2025,,,,,12/2/2025,,Surplus,04 SOUTHEAST,ER/NR,IA FULLY EXECUTED/COMMERCIAL OPERATION
GEN-2024-SR10,,,Lancaster,NE,Monolith 115kV,NPPD,Battery/Storage,80.0,80.0,80.0,4/22/2024,Completed,11/1/2027,,,,,11/1/2027,,Surplus,02 NEBRASKA,ER/NR,IA FULLY EXECUTED/ON SCHEDULE
GEN-2024-SR1,,,Chouteau,OK,345 kV bus of GRDA GREC 1 & 2 Substation,GRDA,Solar,84.0,84.0,84.0,11/29/2023,Withdrawn,12/31/2025,,,,,12/31/2025,,Surplus,04 SOUTHEAST,ER,WITHDRAWN
GEN-2024-GR6,,,Newkirk,OK,Open Sky 345kV Substation,OG&E,Wind,300.0,300.0,300.0,7/25/2024,Completed,8/1/2026,,,,,8/1/2026,8/1/2026,Replacement,04 SOUTHEAST,ER,IA FULLY EXECUTED/ON SCHEDULE
GEN-2024-GR5,,,Chouteau,OK,GREC #2 Interconnect Substation – 345kV,GRDA,Hybrid - Gas/Storage,594.0,554.0,594.0,8/2/2024,Completed,10/1/2026,,,,,10/1/2026,9/16/2026,Replacement,04 SOUTHEAST,ER,IA FULLY EXECUTED/COMMERCIAL OPERATION
GEN-2024-GR4,,,Riverton,KS,Riverton 452,EDE,Thermal,27.14,27.14,27.14,7/25/2024,Completed,5/8/2026,,,,,5/8/2026,3/15/2026,Replacement,03 CENTRAL,ER,IA FULLY EXECUTED/ON SCHEDULE
GEN-2024-GR3,,,Lea County,NM,230kV Cunningham Substation,Xcel/SPS,Solar,196.0,196.0,196.0,6/7/2024,Completed,4/1/2027,,,,,4/1/2027,4/1/2027,Replacement,05 SOUTHWEST,ER,IA FULLY EXECUTED/ON SCHEDULE
GEN-2024-GR2,,,Chouteau,OK,GREC #2 Interconnect Substation – 345kV,GRDA,Solar,442.0,422.0,442.0,2/28/2024,Withdrawn,10/1/2026,6/5/2024,,,,10/1/2026,10/1/2026,Replacement,04 SOUTHEAST,ER,WITHDRAWN
GEN-2024-GR1,,,Harrah,OK,Horseshoe Lake 138kV,OG&E,Thermal - CTG,492.0,492.0,492.0,1/8/2024,Completed,12/31/2026,,,,,12/31/2026,12/31/2026,Replacement,04 SOUTHEAST,ER,IA FULLY EXECUTED/ON SCHEDULE
GEN-2024-391,,,Latimer,OK,Hartshorne - Manning 138 kV Line,WFEC,Wind,199.9,199.9,199.9,3/1/2025,Withdrawn,12/31/2032,8/27/2025,,,9/1/2032,12/31/2032,,DISIS-2024-001,04 SOUTHEAST,ER/NR,WITHDRAWN
GEN-2024-390,,,Murray ,OK,Arbuckle - Mill Creek 138 kV Line,OGE,Wind - Wind,150.0,150.0,150.0,3/1/2025,Withdrawn,12/31/2031,,,,9/1/2031,12/31/2031,,DISIS-2024-001,04 SOUTHEAST,ER/NR,WITHDRAWN
GEN-2024-389,,,Tillman,OK,Oklaunion - Lawton 345kV Line,AEP,Solar,199.9,199.9,199.9,3/1/2025,Withdrawn,12/31/2031,7/17/2025,,,9/1/2031,12/31/2031,,DISIS-2024-001,04 SOUTHEAST,ER/NR,WITHDRAWN
GEN-2024-388,,,Tillman,OK,Oklaunion - Lawton 345kV Line,AEP,Solar,225.0,225.0,225.0,3/1/2025,Withdrawn,12/31/2031,7/17/2025,,,9/1/2031,12/31/2031,,DISIS-2024-001,04 SOUTHEAST,ER/NR,WITHDRAWN
GEN-2024-387,,,,,Oklaunion - Lawton 345kV Line,AEP,Solar,225.0,225.0,225.0,3/1/2025,Withdrawn,12/31/2031,7/17/2025,,,9/1/2031,12/31/2031,,DISIS-2024-001,04 SOUTHEAST,ER/NR,WITHDRAWN
GEN-2024-379,,,Bossier Parish,LA,Longwood - El Dorado 345 kV Line,AEP,Thermal - Gas,1350.0,1310.0,1350.0,3/1/2025,Active,12/15/2031,,,,5/1/2030,12/15/2031,,DISIS-2024-001,04 SOUTHEAST,ER/NR,DISIS STAGE
GEN-2024-377,,,Harrison,TX,Pirkey 345 kV Substation,AEP,Thermal - Gas,1350.0,1310.0,1350.0,3/1/2025,Active,12/15/2031,,,,1/5/2030,12/15/2031,,DISIS-2024-001,04 SOUTHEAST,ER/NR,DISIS STAGE
GEN-2024-376,,,Sabine,TX,Hemphill 138 kV Substation,ETEC,Solar - Photovoltaic,142.183,142.18,142.18,3/1/2025,Active,12/29/2028,,,,8/15/2028,12/29/2028,,DISIS-2024-001,04 SOUTHEAST,ER/NR,DISIS STAGE
GEN-2024-375,,,Saline,MO,Malta Bend - Norton 161 kV Line,WERE,Battery/Storage - Battery,100.0,100.0,100.0,3/1/2025,Withdrawn,3/1/2029,5/21/2026,,,2/1/2029,3/1/2029,,DISIS-2024-001,03 CENTRAL,ER/NR,WITHDRAWN
GEN-2024-374,,,Scotts Bluff,NE,Stegall 345 kV Substation,BEPC,Solar - Photovoltaic,225.0,225.0,225.0,3/1/2025,Withdrawn,6/30/2030,8/10/2026,,,3/31/2030,6/30/2030,,DISIS-2024-001,02 NEBRASKA,ER/NR,WITHDRAWN
GEN-2024-373,,,Choctaw,OK,Unger - West Bank Tap 138 kV Line,WFEC,Hybrid - Solar/Storage,100.0,100.0,100.0,3/1/2025,Active,8/1/2029,,,,6/30/2029,8/1/2029,,DISIS-2024-001,04 SOUTHEAST,ER/NR,DISIS STAGE
GEN-2024-372,,,Douglas,NE,S1247 161 kV Substation,OPPD,Battery/Storage - Battery,250.0,250.0,250.0,3/1/2025,Active,3/1/2028,,,,12/1/2027,3/1/2028,,DISIS-2024-001,02 NEBRASKA,ER/NR,DISIS STAGE
GEN-2024-371,,,Lea,NM,Maddox 115 kV Substation,SPS,Battery/Storage - Battery,250.0,250.0,250.0,3/1/2025,Withdrawn,3/1/2028,5/21/2026,,,12/1/2027,3/1/2028,,DISIS-2024-001,05 SOUTHWEST,ER/NR,WITHDRAWN
GEN-2024-370,,,Clay,MO,Smithville 161 kV Substation,WERE,Battery/Storage - Battery,250.0,250.0,250.0,3/1/2025,Active,3/1/2028,,,,12/1/2028,3/1/2028,,DISIS-2024-001,03 CENTRAL,ER/NR,DISIS STAGE
GEN-2024-369,,,Grady,OK,Cornville 138 kV Substation,AEP,Battery/Storage - Battery,250.0,250.0,250.0,3/1/2025,Withdrawn,3/1/2028,5/21/2026,,,12/1/2027,3/1/2028,,DISIS-2024-001,04 SOUTHEAST,ER/NR,WITHDRAWN
GEN-2024-368,,,Gray,TX,Bowers 115 kV Substation,SPS,Battery/Storage - Battery,250.0,250.0,250.0,3/1/2025,Withdrawn,3/1/2028,5/21/2026,,,12/1/2027,3/1/2028,,DISIS-2024-001,05 SOUTHWEST,ER/NR,WITHDRAWN
GEN-2024-367,,,Comanche,OK,Lawton East Side 345 kV Substation,AEP,Battery/Storage - Battery,250.0,250.0,250.0,3/1/2025,Withdrawn,3/1/2028,5/21/2026,,,12/1/2027,3/1/2028,,DISIS-2024-001,04 SOUTHEAST,ER/NR,WITHDRAWN
GEN-2024-366,,,Lea,NM,Hobbs - Yoakum 345 kV Line,SPS,Wind - Wind,200.0,200.0,200.0,3/1/2025,Withdrawn,6/30/2030,5/21/2026,,,3/31/2030,6/30/2030,,DISIS-2024-001,05 SOUTHWEST,ER/NR,WITHDRAWN
GEN-2024-365,,,Lea,NM,Hobbs - Yoakum 345 kV Line,SPS,Wind - Wind,200.0,200.0,200.0,3/1/2025,Withdrawn,6/30/2030,5/21/2026,,,3/31/2030,6/30/2030,,DISIS-2024-001,05 SOUTHWEST,ER/NR,WITHDRAWN
GEN-2024-364,,,Randall,TX,Bushland 230 kV Substation,SPS,Hybrid - Solar/Storage,300.0,300.0,300.0,3/1/2025,Withdrawn,10/1/2028,5/21/2026,,,3/1/2028,10/1/2028,,DISIS-2024-001,05 SOUTHWEST,ER/NR,WITHDRAWN
GEN-2024-363,,,Deaf Smith,TX,Bushland -  Deafsmith 230 kV Line,SPS,Solar - Photovoltaic,300.0,300.0,300.0,3/1/2025,Withdrawn,12/31/2029,12/5/2025,,,9/30/2029,12/31/2029,,DISIS-2024-001,05 SOUTHWEST,ER/NR,WITHDRAWN
GEN-2024-362,,,Grady,OK,Leonard 138 kV Substation,AEP,Hybrid - Solar/Storage,120.0,120.0,120.0,3/1/2025,Active,6/30/2029,,,,2/28/2029,6/30/2029,,DISIS-2024-001,04 SOUTHEAST,ER/NR,DISIS STAGE
GEN-2024-361,,,Lincoln,OK,Spring Valley - Warwick 138 kV line,OGE,Hybrid - Solar/Storage,80.0,80.0,80.0,3/1/2025,Active,6/30/2029,,,,2/28/2029,6/30/2029,,DISIS-2024-001,04 SOUTHEAST,ER/NR,DISIS STAGE
GEN-2024-360,,,Konawa,OK,Seminole - Maud 138 kV Line,OGE,Hybrid - Solar/Storage,160.0,160.0,160.0,3/1/2025,Active,6/30/2029,,,,2/28/2029,6/30/2029,,DISIS-2024-001,04 SOUTHEAST,ER/NR,DISIS STAGE
GEN-2024-359,,,Stark,ND,Belfield 345 kV Substation,WAPA,Battery/Storage - Battery,100.0,100.0,100.0,3/1/2025,Withdrawn,11/15/2030,5/21/2026,,,8/15/2030,11/15/2030,,DISIS-2024-001,01 NORTH,ER/NR,WITHDRAWN
GEN-2024-358,,,Lyon,KS,Marmaton - Neosho 161 kV line,WERE,Solar - Photovoltaic,145.41,145.41,145.41,3/1/2025,Withdrawn,12/29/2028,12/5/2025,,,8/31/2028,12/29/2028,,DISIS-2024-001,03 CENTRAL,ER/NR,WITHDRAWN
GEN-2024-357,,,Roosevelt,NM,Oasis - San Juan Mesa 230 kV line,SPS,Solar - Photovoltaic,250.0,250.0,250.0,3/1/2025,Withdrawn,12/31/2029,12/5/2025,,,9/30/2029,12/31/2029,,DISIS-2024-001,05 SOUTHWEST,ER/NR,WITHDRAWN
GEN-2024-356,,,Lubbock,TX,Wolfforth 230 kV Substation,SPS,Battery/Storage - Battery,199.0,199.0,199.0,3/1/2025,Withdrawn,12/30/2030,12/5/2025,,,9/30/2030,12/30/2030,,DISIS-2024-001,05 SOUTHWEST,ER/NR,WITHDRAWN
GEN-2024-355,,,Lubbock,TX,Lubbock South  230 kV Substation,SPS,Battery/Storage - Battery,199.0,199.0,199.0,3/1/2025,Withdrawn,12/30/2030,5/21/2026,,,7/30/2029,12/30/2030,,DISIS-2024-001,05 SOUTHWEST,ER/NR,WITHDRAWN
GEN-2024-354,,,Roosevelt,NM,Portales 115 kV Substation,SPS,Battery/Storage - Battery,100.0,100.0,100.0,3/1/2025,Withdrawn,12/30/2030,11/17/2025,,,7/30/2030,12/30/2030,,DISIS-2024-001,05 SOUTHWEST,ER/NR,WITHDRAWN
GEN-2024-353,,,Curry,NM,Pleasant Hill 230 kV Substation,SPS,Battery/Storage - Battery,199.0,199.0,199.0,3/1/2025,Withdrawn,12/30/2030,11/17/2025,,,7/30/2030,12/30/2030,,DISIS-2024-001,05 SOUTHWEST,ER/NR,WITHDRAWN
GEN-2024-352,,,Jackson,MO,Sibley 345 kV Substation,WERE,Battery/Storage - Battery,199.0,199.0,199.0,3/1/2025,Active,12/30/2030,,,,7/30/2030,12/30/2030,,DISIS-2024-001,03 CENTRAL,ER/NR,DISIS STAGE
GEN-2024-351,,,Lea,NM,Cooper Ranch 115 kV Substation,SPS,Hybrid - Solar/Storage,199.0,199.0,199.0,3/1/2025,Withdrawn,4/30/2029,5/21/2026,,,10/30/2028,4/30/2029,,DISIS-2024-001,05 SOUTHWEST,ER/NR,WITHDRAWN
GEN-2024-350,,,Roosevelt,NM,Oasis - San Juan Mesa 230 kV line,SPS,Hybrid - Solar/Storage,250.0,250.0,250.0,3/1/2025,Withdrawn,4/30/2029,12/4/2025,,,10/30/2028,4/30/2029,,DISIS-2024-001,05 SOUTHWEST,ER/NR,WITHDRAWN
GEN-2024-349,,,Hall,NE,North Hastings - Grand Island 230 kV line,NPPD,Solar - Photovoltaic,300.0,300.0,300.0,3/1/2025,Withdrawn,12/31/2029,11/11/2025,,,6/1/2029,12/31/2029,,DISIS-2024-001,02 NEBRASKA,ER/NR,WITHDRAWN
GEN-2024-348,,,Saint Joseph,MO,Alabama St 161 kV Substation,Evergy,Battery/Storage,79.0,81.72,81.72,3/1/2025,Withdrawn,12/31/2027,8/28/2025,,,7/31/2027,12/31/2027,,DISIS-2024-001,03 CENTRAL,ER/NR,WITHDRAWN
GEN-2024-347,,,Eddy,NM,China Draw 345 kV Substation,SPS,Battery/Storage - Battery,199.0,199.0,199.0,3/1/2025,Withdrawn,12/30/2027,12/5/2025,,,7/31/2027,12/30/2027,,DISIS-2024-001,05 SOUTHWEST,ER/NR,WITHDRAWN
GEN-2024-346,,,Nowata,OK,Coffeyville Tap - North Barlettsville 138 kV Line,AEP,Wind - Wind,220.0,220.0,220.0,3/1/2025,Withdrawn,12/31/2030,5/21/2026,,,8/1/2030,12/31/2030,,DISIS-2024-001,04 SOUTHEAST,ER/NR,WITHDRAWN
GEN-2024-345,,,Nowata,OK,Delaware 345 kV Substation,AEP,Wind - Wind,600.0,600.0,600.0,3/1/2025,Withdrawn,12/31/2030,5/21/2026,,,8/1/2030,12/31/2030,,DISIS-2024-001,04 SOUTHEAST,ER/NR,WITHDRAWN
GEN-2024-344,,,Lincoln,OK,Riverside - Redbud Switch 345 kV Line ,OGE/AEP,Wind - Wind,200.0,200.0,200.0,3/1/2025,Active,12/31/2030,,,,8/1/2030,12/31/2030,,DISIS-2024-001,04 SOUTHEAST,ER,DISIS STAGE
GEN-2024-343,,,Harrison,TX,LeBrock 345 kV Substation,AEP,Thermal - Gas,235.0,235.0,235.0,3/1/2025,Active,6/1/2030,,,,12/1/2029,6/1/2030,,DISIS-2024-001,04 SOUTHEAST,ER/NR,DISIS STAGE
GEN-2024-342,,,Sedgwick,KS,Tap on Chisholm - Grant Junction 69 kV Line,Evergy,Solar,22.784,23.3,23.3,3/1/2025,Withdrawn,7/1/2027,7/31/2025,,,2/1/2027,7/1/2027,,DISIS-2024-001,03 CENTRAL,ER/NR,WITHDRAWN
GEN-2024-341,,,Pittsburgh,OK,Pittsburgh 345 kV Substation,AEP,Thermal - Gas,1045.0,980.0,1045.0,3/1/2025,Active,11/10/2031,,,,11/11/2030,11/10/2031,,DISIS-2024-001,04 SOUTHEAST,ER/NR,DISIS STAGE
GEN-2024-340,,,Creek,OK,Riverside – Redbud 345 kV line,AEP,Thermal - Gas,1400.0,1400.0,1400.0,3/1/2025,Active,1/1/2032,,,,12/1/2030,1/1/2032,,DISIS-2024-001,04 SOUTHEAST,ER/NR,DISIS STAGE
GEN-2024-339,,,Lavenworth ,KS,Stranger Creek 115 kV Substation,WERE,Battery/Storage - Battery,300.0,300.0,300.0,3/1/2025,Active,6/30/2029,,,,3/1/2029,6/30/2029,,DISIS-2024-001,03 CENTRAL,ER/NR,DISIS STAGE
GEN-2024-338,,,Johnston ,OK,Pittsburg - Johnston County 345 kV line,AEP,Solar - Photovoltaic,350.0,350.0,350.0,3/1/2025,Active,5/31/2030,,,,3/31/2030,5/31/2030,,DISIS-2024-001,04 SOUTHEAST,ER/NR,DISIS STAGE
GEN-2024-337,,,Carter,OK,Sunnyside - Pooleville 138 kV line,OGE,Hybrid - Solar/Storage,250.0,250.0,250.0,3/1/2025,Withdrawn,12/17/2029,5/21/2026,,,12/17/2029,12/17/2029,,DISIS-2024-001,04 SOUTHEAST,ER/NR,WITHDRAWN
GEN-2024-336,,,Yoakum,TX,Ink Basin 230 kV Substation,SPS,Hybrid - Solar/Storage,300.0,300.0,300.0,3/1/2025,Active,4/30/2029,,,,10/30/2028,4/30/2029,,DISIS-2024-001,05 SOUTHWEST,ER/NR,DISIS STAGE
GEN-2024-335,,,Yell,AR,Danville - Magazine  161kV Line,AEP,Hybrid - Solar/Storage,150.0,150.0,150.0,3/1/2025,Withdrawn,12/14/2029,,,,9/14/2029,12/14/2029,,DISIS-2024-001,04 SOUTHEAST,ER/NR,WITHDRAWN
GEN-2024-334,,,Kay,OK,Ranch Road 345 kV Substation,OGE,Thermal - Gas,103.0,93.0,103.0,3/1/2025,Active,6/1/2029,,,,3/1/2029,6/1/2029,,DISIS-2024-001,04 SOUTHEAST,ER/NR,DISIS STAGE
GEN-2024-333,,,Oklahoma ,OK,Kelley Avenue 138 kV,OGE,Battery/Storage - Battery,100.0,100.0,100.0,3/1/2025,Active,4/1/2027,,,,2/1/2027,4/1/2027,,DISIS-2024-001,04 SOUTHEAST,ER/NR,DISIS STAGE
GEN-2024-332,,,Oklahoma ,OK,Discovery 138 kV Substation,OGE,Battery/Storage - Battery,150.0,150.0,150.0,3/1/2025,Withdrawn,4/1/2027,5/21/2026,,,2/1/2027,4/1/2027,,DISIS-2024-001,04 SOUTHEAST,ER/NR,WITHDRAWN
GEN-2024-331,,,Halliday ,ND,Round Up 345 kV Substation,BEPC,Battery/Storage - Battery,300.0,300.0,300.0,3/1/2025,Withdrawn,1/1/2028,5/21/2026,,,7/1/2027,1/1/2028,,DISIS-2024-001,01 NORTH,ER/NR,WITHDRAWN
GEN-2024-330,,,Butler,KS,Midian 138 kV Substation,WERE,Battery/Storage - Battery,225.0,225.0,225.0,3/1/2025,Active,1/1/2028,,,,7/1/2027,1/1/2028,,DISIS-2024-001,03 CENTRAL,ER/NR,DISIS STAGE
GEN-2024-329,,,Williams,ND,Pleasant Valley 115 kV Substation,MWEC,Battery/Storage - Battery,200.0,200.0,200.0,3/1/2025,Active,1/1/2028,,,,7/1/2027,1/1/2028,,DISIS-2024-001,01 NORTH,ER/NR,DISIS STAGE
GEN-2024-328,,,Slope,MT,Little Missouri 230 kV Substation,BEPC,Battery/Storage - Battery,250.0,250.0,250.0,3/1/2025,Withdrawn,1/1/2028,5/21/2026,,,7/1/2027,1/1/2028,,DISIS-2024-001,01 NORTH,ER/NR,WITHDRAWN
GEN-2024-327,,,Ward,ND,Berthold 115 kV Substation,CPEC,Battery/Storage - Battery,200.0,200.0,200.0,3/1/2025,Active,1/1/2028,,,,7/1/2027,1/1/2028,,DISIS-2024-001,01 NORTH,ER/NR,DISIS STAGE
GEN-2024-326,,,Stark,ND,Belfield 230 kV Substation,WAPA,Battery/Storage - Battery,225.0,225.0,225.0,3/1/2025,Withdrawn,1/1/2028,5/21/2026,,,7/1/2027,1/1/2028,,DISIS-2024-001,01 NORTH,ER/NR,WITHDRAWN
GEN-2024-325,,,Chaves,NM,Sierra 115 kV Substation,SPS,Battery/Storage - Battery,150.0,150.0,150.0,3/1/2025,Withdrawn,1/1/2028,5/21/2026,,,7/1/2027,1/1/2028,,DISIS-2024-001,05 SOUTHWEST,ER/NR,WITHDRAWN
GEN-2024-324,,,Chaves,NM,Samson 115 kV Substation,SPS,Battery/Storage - Battery,160.0,160.0,160.0,3/1/2025,Withdrawn,1/1/2028,5/21/2026,,,1/7/2027,1/1/2028,,DISIS-2024-001,05 SOUTHWEST,ER/NR,WITHDRAWN
GEN-2024-323,,,Choctaw,OK,ITC Hugo 7 345 kV Substation,ITCGP,Thermal - Gas,356.8,356.8,356.8,3/1/2025,Active,5/1/2029,,,,1/2/2029,5/1/2029,,DISIS-2024-001,04 SOUTHEAST,ER,DISIS STAGE
GEN-2024-322,,,Graham,KS,Redlin - Beach3 115 kV line,MIDW,Battery/Storage - Battery,75.0,75.0,75.0,3/1/2025,Withdrawn,6/29/2029,5/21/2026,,,3/1/2029,6/29/2029,,DISIS-2024-001,03 CENTRAL,ER/NR,WITHDRAWN
GEN-2024-321,,,Seminole,OK,Seminole 345 kV Substation,OGE,Thermal - Gas,493.0,393.0,493.0,3/1/2025,Active,4/30/2030,,,,3/22/2029,4/30/2030,,DISIS-2024-001,04 SOUTHEAST,ER/NR,DISIS STAGE
GEN-2024-320,,,Wyandotte,KS,Jaggard 115 kV Substation,WERE,Battery/Storage - Battery,199.0,199.0,199.0,3/1/2025,Active,12/15/2028,,,,5/31/2028,12/15/2028,,DISIS-2024-001,03 CENTRAL,ER/NR,DISIS STAGE
GEN-2024-319,,,Wyandotte,KS,Metro 5 161 kV Substation,KACY,Battery/Storage - Battery,199.0,199.0,199.0,3/1/2025,Active,12/15/2028,,,,5/31/2028,12/15/2028,,DISIS-2024-001,03 CENTRAL,ER/NR,DISIS STAGE
GEN-2024-318,,,Tulsa,OK,Tulsa North - American Airlines 138 kV Line,AEP,Battery/Storage - Battery,199.0,199.0,199.0,3/1/2025,Active,12/15/2028,,,,5/31/2028,12/15/2028,,DISIS-2024-001,04 SOUTHEAST,ER/NR,DISIS STAGE
GEN-2024-317,,,Cottle,TX,Dragon 345 kV Substation,SPS,Solar - Photovoltaic,250.0,250.0,250.0,3/1/2025,Active,12/31/2030,,,,5/1/2030,12/31/2030,,DISIS-2024-001,05 SOUTHWEST,ER/NR,DISIS STAGE
GEN-2024-316,,,Atoka,OK,Pittsburg - Valliant 345 kV Line,AEP,Solar - Photovoltaic,300.0,300.0,300.0,3/1/2025,Withdrawn,12/31/2030,5/21/2026,,,5/1/2030,12/31/2030,,DISIS-2024-001,04 SOUTHEAST,ER/NR,WITHDRAWN
GEN-2024-315,,,Haskell,OK,Sunset Corner - Robert S. Kerr 161 kV Line,OGE,Solar,130.0,134.64,134.64,3/1/2025,Withdrawn,5/31/2029,8/29/2025,,,1/15/2029,5/31/2029,,DISIS-2024-001,04 SOUTHEAST,ER/NR,WITHDRAWN
GEN-2024-314,,,Woodward,OK,Woodward - Iodine 138 kV Line,OGE,Solar - Photovoltaic,199.0,199.0,199.0,3/1/2025,Withdrawn,12/31/2029,12/5/2025,,,8/15/2029,12/31/2029,,DISIS-2024-001,04 SOUTHEAST,ER/NR,WITHDRAWN
GEN-2024-313,,,Woodward,OK,Woodward 345 kV Substation,OGE,Solar - Photovoltaic,300.0,300.0,300.0,3/1/2025,Withdrawn,12/31/2029,12/5/2025,,,8/15/2029,12/31/2029,,DISIS-2024-001,04 SOUTHEAST,ER/NR,WITHDRAWN
GEN-2024-312,,,Franklin,AR,Clarksville Ozark 161 kV line,SWPA,Solar - Photovoltaic,50.0,50.0,50.0,3/1/2025,Withdrawn,12/31/2030,5/21/2026,,,9/1/2030,12/31/2030,,DISIS-2024-001,04 SOUTHEAST,ER/NR,WITHDRAWN
GEN-2024-311,,,Chaves,NM,Eddy - Chaves 230 kV line,SPS,Solar - Photovoltaic,225.0,225.0,225.0,3/1/2025,Active,12/31/2030,,,,9/1/2030,12/31/2030,,DISIS-2024-001,05 SOUTHWEST,ER/NR,DISIS STAGE
GEN-2024-310,,,Chaves,NM,Eddy - Chaves 230 kV line,SPS,Battery/Storage - Battery,75.0,75.0,75.0,3/1/2025,Active,12/31/2030,,,,9/1/2030,12/31/2030,,DISIS-2024-001,05 SOUTHWEST,ER,DISIS STAGE
GEN-2024-308,,,Woodward,OK,Okeene - Mooreland 138 kV line,WFEC,Hybrid - Wind/Storage,199.0,199.0,199.0,3/1/2025,Withdrawn,7/1/2030,5/21/2026,,,4/1/2030,7/1/2030,,DISIS-2024-001,04 SOUTHEAST,ER/NR,WITHDRAWN
GEN-2024-307,,,Houston,TX,Crockett 345 kV Substation ,AEP,Solar - Photovoltaic,455.0,455.0,455.0,3/1/2025,Withdrawn,10/31/2028,12/4/2025,,,1/31/2028,10/31/2028,,DISIS-2024-001,04 SOUTHEAST,ER/NR,WITHDRAWN
GEN-2024-306,,,Lea,NM,Taylor Switching Station 115 kV Substation,SPS,Battery/Storage - Battery,150.0,150.0,150.0,3/1/2025,Withdrawn,12/31/2031,5/21/2026,,,10/1/2031,12/31/2031,,DISIS-2024-001,05 SOUTHWEST,ER/NR,WITHDRAWN
GEN-2024-305,,,Marion,TX,Superior - Jefferson 69 kV Line,AEP,Battery/Storage - Battery,50.0,50.0,50.0,3/1/2025,Withdrawn,10/31/2029,5/21/2026,,,8/1/2029,10/31/2029,,DISIS-2024-001,04 SOUTHEAST,ER/NR,WITHDRAWN
GEN-2024-304,,,Roosevelt,NM,Crossroads 345 kV Substation,SPS,Hybrid - Solar/Storage,500.0,500.0,500.0,3/1/2025,Active,12/31/2029,,,,11/15/2029,12/31/2029,,DISIS-2024-001,05 SOUTHWEST,ER/NR,DISIS STAGE
GEN-2024-303,,,Roosevelt,NM,Crossroads 345 kV Substation,SPS,Hybrid - Solar/Storage,500.0,500.0,500.0,3/1/2025,Active,12/31/2029,,,,11/15/2029,12/31/2029,,DISIS-2024-001,05 SOUTHWEST,ER/NR,DISIS STAGE
GEN-2024-302,,,Roosevelt,NM,Crossroads 345 kV Substation,SPS,Hybrid - Solar/Storage,500.0,500.0,500.0,3/1/2025,Withdrawn,12/31/2029,12/6/2025,,,11/15/2029,12/31/2029,,DISIS-2024-001,05 SOUTHWEST,ER/NR,WITHDRAWN
GEN-2024-301,,,Roosevelt,NM,Crossroads 345 kV Substation,SPS,Hybrid - Solar/Storage,500.0,500.0,500.0,3/1/2025,Withdrawn,12/31/2029,12/6/2025,,,11/15/2029,12/31/2029,,DISIS-2024-001,05 SOUTHWEST,ER/NR,WITHDRAWN
GEN-2024-300,,,Tillman,OK,Frederick - Tipton JCT 69 kV Line,WFEC,Solar - Photovoltaic,150.0,150.0,150.0,3/1/2025,Withdrawn,11/30/2028,12/1/2025,,,11/30/2027,11/30/2028,,DISIS-2024-001,04 SOUTHEAST,ER/NR,WITHDRAWN
GEN-2024-299,,,Oklahoma ,OK,AES 5 345 kV Substation,OGE,Thermal - Gas,744.0,744.0,744.0,3/1/2025,Active,5/1/2032,,,,8/1/2031,5/1/2032,,DISIS-2024-001,04 SOUTHEAST,ER,DISIS STAGE
GEN-2024-298,,,McIntosh,OK,Muskogee - Pittsburg 345 kV Line,OGE,Solar - Photovoltaic,167.0,167.0,167.0,3/1/2025,Withdrawn,5/31/2030,5/21/2026,,,3/31/2030,5/31/2030,,DISIS-2024-001,04 SOUTHEAST,ER/NR,WITHDRAWN
GEN-2024-297,,,McIntosh,OK,Muskogee - Pittsburg 345 kV Line,OGE,Solar - Photovoltaic,167.0,167.0,167.0,3/1/2025,Active,5/31/2030,,,,3/31/2030,5/31/2030,,DISIS-2024-001,04 SOUTHEAST,ER/NR,DISIS STAGE
GEN-2024-296,,,McIntosh,OK,Muskogee - Pittsburg 345 kV Line,OGE,Solar - Photovoltaic,167.0,167.0,167.0,3/1/2025,Active,5/31/2030,,,,3/31/2030,5/31/2030,,DISIS-2024-001,04 SOUTHEAST,ER/NR,DISIS STAGE
GEN-2024-295,,,Eddy,NM,S Loving 115 kV Substation,SPS,Battery/Storage - Battery,115.0,115.0,115.0,3/1/2025,Active,6/10/2030,,,,12/10/2029,6/10/2030,,DISIS-2024-001,05 SOUTHWEST,ER/NR,DISIS STAGE
GEN-2024-294,,,Mayes,OK,Tulsa North - Igloo Valley 345 kV line,GRDA,Hybrid - Solar/Storage,500.0,500.0,500.0,3/1/2025,Active,12/31/2030,,,,6/30/2030,12/31/2030,,DISIS-2024-001,04 SOUTHEAST,ER/NR,DISIS STAGE
GEN-2024-293,,,Oklahoma ,OK,Muskoge7 345 kV Substation,OGE,Thermal - Gas,248.0,248.0,248.0,3/1/2025,Active,5/1/2033,,,,8/1/2032,5/1/2033,,DISIS-2024-001,04 SOUTHEAST,ER,DISIS STAGE
GEN-2024-292,,,Oklahoma ,OK,Redbud 345 kV Substation,OGE,Thermal - Gas,186.0,1488.0,1488.0,3/1/2025,Withdrawn,10/24/2025,,,,10/24/2025,10/24/2025,,DISIS-2024-001,04 SOUTHEAST,ER,WITHDRAWN
GEN-2024-291,,,Pittsburgh,OK,Canadian River 345 kV Substation,OGE,Wind - Wind,250.0,250.0,250.0,3/1/2025,Withdrawn,12/31/2030,5/21/2026,,,8/15/2030,12/31/2030,,DISIS-2024-001,04 SOUTHEAST,ER/NR,WITHDRAWN
GEN-2024-290,,,Pittsburgh,OK,Muskogee - Pittsburg 345 kV Line,OGE,Wind - Wind,250.0,250.0,250.0,3/1/2025,Withdrawn,12/31/2030,11/25/2025,,,8/15/2030,12/31/2030,,DISIS-2024-001,04 SOUTHEAST,ER/NR,WITHDRAWN
GEN-2024-289,,,Henry ,MO,Archie - Clinton 161 kV Line,WERE,Solar - Photovoltaic,350.0,350.0,350.0,3/1/2025,Withdrawn,12/31/2029,5/21/2026,,,6/1/2029,12/31/2029,,DISIS-2024-001,03 CENTRAL,ER/NR,WITHDRAWN
GEN-2024-288,,,Cloud ,KS,Elm Creek - Tobias 345 kV Line,SUNC,Solar - Photovoltaic,130.0,130.0,130.0,3/1/2025,Withdrawn,10/31/2030,5/21/2026,,,9/15/2030,10/31/2030,,DISIS-2024-001,03 CENTRAL,ER/NR,WITHDRAWN
GEN-2024-287,,,Crawford,KS,Wolf Creek - Blackberry 345 kV Line,NEETSW,Solar - Photovoltaic,199.8,199.8,199.8,3/1/2025,Active,10/31/2030,,,,9/15/2030,10/31/2030,,DISIS-2024-001,03 CENTRAL,ER/NR,DISIS STAGE
GEN-2024-286,,,La Flore,OK,AES 5 161 kV Substation,OGE,Thermal - Gas,136.0,136.0,136.0,3/1/2025,Active,5/1/2031,,,,8/1/2030,5/1/2031,,DISIS-2024-001,04 SOUTHEAST,ER,DISIS STAGE
GEN-2024-285,,,Clark,SD,Crocker 345 kV Substation,BEPC,Wind - Wind,250.0,250.0,250.0,3/1/2025,Withdrawn,12/1/2030,5/21/2026,,,9/1/2030,12/1/2030,,DISIS-2024-001,01 NORTH,ER/NR,WITHDRAWN
GEN-2024-284,,,Mercer,ND,Antelope Valley - Broadland 345 kV Line,BEPC,Solar - Photovoltaic,199.0,199.0,199.0,3/1/2025,Withdrawn,11/15/2028,5/21/2026,,,8/15/2028,11/15/2028,,DISIS-2024-001,01 NORTH,ER/NR,WITHDRAWN
GEN-2024-283,,,Meade,SD,Maurine - New Underwood 230 kV Line,WAPA,Solar - Photovoltaic,150.0,150.0,150.0,3/1/2025,Withdrawn,11/15/2030,5/21/2026,,,8/15/2030,11/15/2030,,DISIS-2024-001,01 NORTH,ER/NR,WITHDRAWN
GEN-2024-282,,,Meade,SD,Maurine - New Underwood 230 kV Line,WAPA,Solar - Photovoltaic,150.0,150.0,150.0,3/1/2025,Withdrawn,11/15/2030,5/21/2026,,,8/15/2030,11/15/2030,,DISIS-2024-001,01 NORTH,ER/NR,WITHDRAWN
GEN-2024-281,,,Lea,NM,Jal - Teague 115 kV Line,SPS,Hybrid - Solar/Storage,250.0,250.0,250.0,3/1/2025,Active,12/31/2029,,,,9/3/2029,12/31/2029,,DISIS-2024-001,05 SOUTHWEST,ER/NR,DISIS STAGE
GEN-2024-280,,,Andrews,TX,Andrews County 345 kV Substation,SPS,Hybrid - Solar/Storage,350.0,350.0,350.0,3/1/2025,Active,12/31/2029,,,,9/3/2029,12/31/2029,,DISIS-2024-001,05 SOUTHWEST,ER/NR,DISIS STAGE
GEN-2024-279,,,Chaves,NM,Chaves - Eddy County 230 kV Line,SPS,Hybrid - Solar/Storage,350.0,350.0,350.0,3/1/2025,Withdrawn,12/31/2029,10/2/2025,,,9/3/2029,12/31/2029,,DISIS-2024-001,05 SOUTHWEST,ER/NR,WITHDRAWN
GEN-2024-278,,,Lea,NM,Eddy County - Crossroads 345 kV Line,SPS,Hybrid - Wind/Storage,264.3,264.3,264.3,3/1/2025,Withdrawn,12/3/2029,5/21/2026,,,8/1/2029,12/3/2029,,DISIS-2024-001,05 SOUTHWEST,ER/NR,WITHDRAWN
GEN-2024-277,,,Shawnee,KS,Tecumseh Hill - Swissvale 230kV Line,WERE,Battery/Storage - Battery,135.0,135.0,135.0,3/1/2025,Active,12/31/2030,,,,8/31/2030,12/31/2030,,DISIS-2024-001,03 CENTRAL,ER/NR,DISIS STAGE
GEN-2024-276,,,Shawnee,KS,Tecumseh Hill - Swissvale 230kV Line,WERE,Battery/Storage - Battery,135.0,135.0,135.0,3/1/2025,Active,12/31/2030,,,,8/31/2030,12/31/2030,,DISIS-2024-001,03 CENTRAL,ER/NR,DISIS STAGE
GEN-2024-275,,,Cass,MO,South Harper 161 kV Substation,WERE,Solar - Photovoltaic,150.0,150.0,150.0,3/1/2025,Withdrawn,12/18/2030,12/5/2025,,,9/4/2030,12/18/2030,,DISIS-2024-001,03 CENTRAL,ER/NR,WITHDRAWN
GEN-2024-274,,,Harper,KS,Harper - Anthony 138 kV Line,SUNC,Solar - Photovoltaic,175.0,175.0,175.0,3/1/2025,Withdrawn,12/31/2030,5/21/2026,,,9/30/2030,12/31/2030,,DISIS-2024-001,03 CENTRAL,ER/NR,WITHDRAWN
GEN-2024-273,,,Lea,NM,Pearl 115 kV Substation,SPS,Solar - Photovoltaic,16.214,16.21,16.21,3/1/2025,Withdrawn,10/1/2026,5/21/2026,,,9/1/2026,10/1/2026,,DISIS-2024-001,05 SOUTHWEST,ER/NR,WITHDRAWN
GEN-2024-272,,,Pratt,KS,Sawyer 115 kV Substation,SUNC,Hybrid - Solar/Storage,199.0,199.0,199.0,3/1/2025,Withdrawn,12/15/2029,5/21/2026,,,5/15/2029,12/15/2029,,DISIS-2024-001,03 CENTRAL,ER/NR,WITHDRAWN
GEN-2024-271,,,Chaves,NM,Chaves County - San Juan Wind 230 kV Line,SPS,Hybrid - Solar/Storage,250.0,250.0,250.0,3/1/2025,Withdrawn,12/15/2029,5/21/2026,,,5/15/2029,12/15/2029,,DISIS-2024-001,05 SOUTHWEST,ER/NR,WITHDRAWN
GEN-2024-270,,,Tulsa,OK,Tulsa North - Northeastern 345kV Line,AEP,Solar,250.0,254.7,254.7,3/1/2025,Withdrawn,6/30/2030,9/18/2025,,,3/31/2030,6/30/2030,,DISIS-2024-001,04 SOUTHEAST,ER/NR,WITHDRAWN
GEN-2024-269,,,OtterTail,MN,Morris - Moorhead 230kV Line,WAPA,Solar - Photovoltaic,315.0,315.0,315.0,3/1/2025,Withdrawn,12/1/2030,12/1/2025,,,10/1/2030,12/1/2030,,DISIS-2024-001,01 NORTH,ER/NR,WITHDRAWN
GEN-2024-268,,,Muskogee,OK,Keefton 345 kV Substation,OGE,Solar - Photovoltaic,390.0,390.0,390.0,3/1/2025,Active,12/1/2030,,,,10/1/2030,12/1/2030,,DISIS-2024-001,04 SOUTHEAST,ER/NR,DISIS STAGE
GEN-2024-267,,,Bryan ,OK,Durantp4 - Sclmnjc4 138 kV Line,WFEC,Hybrid - Solar/Storage,195.0,195.0,195.0,3/1/2025,Withdrawn,3/15/2029,5/21/2026,,,11/15/2028,3/15/2029,,DISIS-2024-001,04 SOUTHEAST,ER/NR,WITHDRAWN
GEN-2024-266,,,Potter,TX,Potter Co - Hitchland 345 kV Line,SPS,Hybrid - Solar/Storage,500.0,500.0,500.0,3/1/2025,Withdrawn,12/30/2033,5/21/2026,,,10/1/2033,12/30/2033,,DISIS-2024-001,05 SOUTHWEST,ER/NR,WITHDRAWN
GEN-2024-265,,,Lea,NM,Bensing 115 kV Substation,SPS,Hybrid - Solar/Storage,155.0,155.0,155.0,3/1/2025,Active,12/1/2029,,,,9/1/2029,12/1/2029,,DISIS-2024-001,05 SOUTHWEST,ER/NR,DISIS STAGE
GEN-2024-264,,,Lea,NM,Hobbs 230 kV Line,SPS,Hybrid - Solar/Storage,199.0,199.0,199.0,3/1/2025,Withdrawn,12/1/2029,12/5/2025,,,9/1/2029,12/1/2029,,DISIS-2024-001,05 SOUTHWEST,ER/NR,WITHDRAWN
GEN-2024-263,,,Lea,NM,Crossroads - Hobbs 345kV Lines,NEETSW,Hybrid - Solar/Storage,250.0,250.0,250.0,3/1/2025,Withdrawn,12/1/2029,,,,9/1/2029,12/1/2029,,DISIS-2024-001,05 SOUTHWEST,ER/NR,WITHDRAWN
GEN-2024-262,,,Lea,NM,Crossroads - Hobbs 345kV Lines,NEETSW,Hybrid - Solar/Storage,250.0,250.0,250.0,3/1/2025,Withdrawn,12/1/2029,,,,9/1/2029,12/1/2029,,DISIS-2024-001,05 SOUTHWEST,ER/NR,WITHDRAWN
GEN-2024-261,,,Lea,NM,Hobbs - LCEC West 115 kV Line,LCEC,Hybrid - Solar/Storage,140.0,140.0,140.0,3/1/2025,Active,12/1/2029,,,,9/1/2029,12/1/2029,,DISIS-2024-001,05 SOUTHWEST,ER/NR,DISIS STAGE
GEN-2024-260,,,Buchan,MO,East Town 161 kV Substation,WERE,Battery/Storage - Battery,199.8,199.8,199.8,3/1/2025,Active,12/1/2029,,,,9/30/2029,12/1/2029,,DISIS-2024-001,03 CENTRAL,ER/NR,DISIS STAGE
GEN-2024-259,,,Barton,MO,Asbury 161 kV Substation,EMDE,Hybrid - Solar/Storage,199.8,199.8,199.8,3/1/2025,Withdrawn,10/31/2029,8/10/2026,,,8/1/2029,10/31/2029,,DISIS-2024-001,03 CENTRAL,ER/NR,WITHDRAWN
GEN-2024-258,,,Allen,KS,Wolf Creek - Blackberry 345 kV Line,NEETSW,Wind - Wind,300.0,300.0,300.0,3/1/2025,Withdrawn,12/31/2030,8/10/2026,,,8/15/2030,12/31/2030,,DISIS-2024-001,03 CENTRAL,ER/NR,WITHDRAWN
GEN-2024-257,,,"Pratt, KS",KS,Skellyville 115 kV Tap Substation,SUNC,Solar - Photovoltaic,220.0,220.0,220.0,3/1/2025,Withdrawn,10/1/2029,5/21/2026,,,4/1/2029,10/1/2029,,DISIS-2024-001,03 CENTRAL,ER/NR,WITHDRAWN
GEN-2024-256,,,Cass,MO,South Harper 161 kV Substation,WERE,Battery/Storage - Battery,100.0,100.0,100.0,3/1/2025,Withdrawn,12/18/2030,12/7/2025,,,9/18/2030,12/18/2030,,DISIS-2024-001,03 CENTRAL,ER/NR,WITHDRAWN
GEN-2024-255,,,Oklahoma ,OK,Spring Creek 345 kV Substation,OGE,Hybrid - Thermal/Storage,300.0,300.0,300.0,3/1/2025,Active,12/31/2027,,,,11/30/2027,12/31/2027,,DISIS-2024-001,04 SOUTHEAST,ER/NR,DISIS STAGE
GEN-2024-254,,,Canadian,OK,Mathewson 345 kV Substation,OGE,Hybrid - Thermal/Storage,300.0,300.0,300.0,3/1/2025,Active,12/31/2027,,,,11/30/2027,12/31/2027,,DISIS-2024-001,04 SOUTHEAST,ER/NR,DISIS STAGE
GEN-2024-253,,,Leavenworth,KS,Stranger Creek - 87th Street 345 kV line,WERE,Hybrid - Thermal/Storage,300.0,300.0,300.0,3/1/2025,Active,12/31/2027,,,,11/30/2027,12/31/2027,,DISIS-2024-001,03 CENTRAL,ER/NR,DISIS STAGE
GEN-2024-252,,,Canadian,OK,Cimmaron 345 kV Substation,OGE,Hybrid - Thermal/Storage,300.0,300.0,300.0,3/1/2025,Active,12/31/2027,,,,11/30/2027,12/31/2027,,DISIS-2024-001,04 SOUTHEAST,ER/NR,DISIS STAGE
GEN-2024-251,,,Eddy,NM,Atoka 115 kV Substation,SPS,Battery/Storage - Battery,125.0,125.0,125.0,3/1/2025,Withdrawn,12/14/2029,5/21/2026,,,9/17/2029,12/14/2029,,DISIS-2024-001,05 SOUTHWEST,ER/NR,WITHDRAWN
GEN-2024-250,,,Pittsburgh,OK,Pittsburgh 345 kV Substation,AEP,Battery/Storage - Battery,199.0,199.0,199.0,3/1/2025,Withdrawn,12/14/2029,5/21/2026,,,11/30/2027,12/14/2029,,DISIS-2024-001,04 SOUTHEAST,ER/NR,WITHDRAWN
GEN-2024-249,,,Pottawatomie,KS,Jeffrey EC 345 kV Substation,WERE,Thermal - Gas,721.2,696.0,721.2,3/1/2025,Active,1/1/2032,,,,1/1/2031,1/1/2032,,DISIS-2024-001,03 CENTRAL,ER/NR,DISIS STAGE
GEN-2024-248,,,Wilson,KS,Caney River - Neosho Ridge SS 345 kV,WERE,Thermal - Gas,721.2,696.0,721.2,3/1/2025,Withdrawn,1/1/2031,12/5/2025,,,1/1/2030,1/1/2031,,DISIS-2024-001,03 CENTRAL,ER/NR,WITHDRAWN
GEN-2024-247,,,Payne,OK,Stillwater Northtap 138 kV Substation,GRDA,Thermal - Gas,456.6,422.0,456.6,3/1/2025,Withdrawn,5/1/2030,5/21/2026,,,9/1/2029,5/1/2030,,DISIS-2024-001,04 SOUTHEAST,ER,WITHDRAWN
GEN-2024-246,,,Eddy,NM,North Loving 115 kV Substation,SPS,Battery/Storage - Battery,199.0,199.0,199.0,3/1/2025,Withdrawn,12/14/2029,5/21/2026,,,9/17/2029,12/14/2029,,DISIS-2024-001,05 SOUTHWEST,ER/NR,WITHDRAWN
GEN-2024-245,,,Lincoln,OK,Lincoln 138 kV Substation,OGE,Battery/Storage - Battery,199.0,199.0,199.0,3/1/2025,Withdrawn,12/14/2029,5/21/2026,,,9/17/2029,12/14/2029,,DISIS-2024-001,04 SOUTHEAST,ER/NR,WITHDRAWN
GEN-2024-244,,,Texas,OK,Sooner 115 kV Substation,SPS,Battery/Storage - Battery,150.0,150.0,150.0,3/1/2025,Withdrawn,12/14/2029,5/21/2026,,,9/17/2029,12/14/2029,,DISIS-2024-001,05 SOUTHWEST,ER/NR,WITHDRAWN
GEN-2024-243,,,Crawford,AR,Van Buren 161 kV Substation,SWPA,Battery/Storage - Battery,50.1,50.1,50.1,3/1/2025,Withdrawn,12/14/2029,5/21/2026,,,9/17/2029,12/14/2029,,DISIS-2024-001,04 SOUTHEAST,ER/NR,WITHDRAWN
GEN-2024-242,,,Carter,OK,515171 138 kV Substation,OGE,Battery/Storage - Battery,250.0,250.0,250.0,3/1/2025,Withdrawn,12/14/2029,5/21/2026,,,9/17/2029,12/14/2029,,DISIS-2024-001,04 SOUTHEAST,ER/NR,WITHDRAWN
GEN-2024-241,,,Bowie,TX,Lydia 345 kV Substation,AEP,Solar - Photovoltaic,100.0,100.0,100.0,3/1/2025,Active,12/31/2028,,,,9/15/2028,12/31/2028,,DISIS-2024-001,04 SOUTHEAST,ER/NR,DISIS STAGE
GEN-2024-240,,,Nowata,OK,Neosho - Delaware 345 kV line,AEP,Wind - Wind,150.0,150.0,150.0,3/1/2025,Active,12/31/2029,,,,9/15/2029,12/31/2029,,DISIS-2024-001,04 SOUTHEAST,ER/NR,DISIS STAGE
GEN-2024-239,,,Canadian,OK,Cimarron 345 kV Substation,OGE,Battery/Storage - Battery,200.0,200.0,200.0,3/1/2025,Active,12/31/2029,,,,9/15/2029,12/31/2029,,DISIS-2024-001,04 SOUTHEAST,ER/NR,DISIS STAGE
GEN-2024-238,,,Craig,OK,Vinita Junction - Alluwe Tap 138 kV line,AEP,Wind - Wind,200.0,200.0,200.0,3/1/2025,Withdrawn,12/31/2029,12/5/2025,,,9/15/2029,12/31/2029,,DISIS-2024-001,04 SOUTHEAST,ER/NR,WITHDRAWN
GEN-2024-237,,,Okfuskee,OK,Paragon 138 kV Substation,WFEC,Wind - Wind,240.0,240.0,240.0,3/1/2025,Withdrawn,12/31/2029,12/5/2025,,,9/15/2029,12/31/2029,,DISIS-2024-001,04 SOUTHEAST,ER/NR,WITHDRAWN
GEN-2024-236,,,Okfuskee,OK,Seminole - Muskogee 345 kV line,OGE,Wind - Wind,241.4,241.4,241.4,3/1/2025,Active,12/31/2029,,,,9/3/2029,12/31/2029,,DISIS-2024-001,04 SOUTHEAST,ER/NR,DISIS STAGE
GEN-2024-235,,,Payne,OK,Sooner - Wekiwa 345 kV line,AEP,Wind - Wind,250.0,250.0,250.0,3/1/2025,Active,12/31/2029,,,,9/3/2029,12/31/2029,,DISIS-2024-001,04 SOUTHEAST,ER/NR,DISIS STAGE
GEN-2024-234,,,Burt,NE,Raun - Tekamah 161 kV line,OPPD,Solar - Photovoltaic,200.0,200.0,200.0,3/1/2025,Active,12/31/2029,,,,9/15/2029,12/31/2029,,DISIS-2024-001,02 NEBRASKA,ER/NR,DISIS STAGE
GEN-2024-233,,,Custer,NE,Muddy Creek 115 kV Substation,NPPD,Wind - Wind,150.0,150.0,150.0,3/1/2025,Withdrawn,12/31/2029,12/5/2025,,,9/15/2029,12/31/2029,,DISIS-2024-001,02 NEBRASKA,ER/NR,WITHDRAWN
GEN-2024-232,,,Houston,TX,Crockett - Rocky Creek 345 kV line,AEP,Solar - Photovoltaic,250.0,250.0,250.0,3/1/2025,Active,12/31/2029,,,,9/15/2029,12/31/2029,,DISIS-2024-001,04 SOUTHEAST,ER/NR,DISIS STAGE
GEN-2024-231,,,Richardson,NE,S1399 5 161 kV Substation,OPPD,Hybrid - Wind/Solar,65.0,65.0,65.0,3/1/2025,Withdrawn,10/1/2029,5/21/2026,,,6/1/2029,10/1/2029,,DISIS-2024-001,02 NEBRASKA,ER/NR,WITHDRAWN
GEN-2024-230,,,Wilbarger,TX,Lawton East Side - Oklaunion North 345 kV,AEP,Battery/Storage - Battery,300.0,300.0,300.0,3/1/2025,Withdrawn,9/15/2030,5/21/2026,,,1/15/2030,9/15/2030,,DISIS-2024-001,04 SOUTHEAST,ER/NR,WITHDRAWN
GEN-2024-229,,,Wilbarger,TX,Lawton East Side - Oklaunion North 345 kV,AEP,Solar - Photovoltaic,200.0,200.0,200.0,3/1/2025,Withdrawn,9/15/2030,5/21/2026,,,1/15/2030,9/15/2030,,DISIS-2024-001,04 SOUTHEAST,ER/NR,WITHDRAWN
GEN-2024-228,,,Rice,KS,Rice to Circle 230 kV Line,MIDW,Solar - Photovoltaic,200.0,200.0,200.0,3/1/2025,Withdrawn,9/15/2030,5/21/2026,,,1/15/2030,9/15/2030,,DISIS-2024-001,03 CENTRAL,ER/NR,WITHDRAWN
GEN-2024-227,,,Hempstead,AR,John W Turk Jr Power Plant 345 kV Substation,AEP,Battery/Storage - Battery,200.0,200.0,200.0,3/1/2025,Withdrawn,9/15/2030,5/21/2026,,,1/15/2030,9/15/2030,,DISIS-2024-001,04 SOUTHEAST,ER/NR,WITHDRAWN
GEN-2024-226,,,Hempstead,AR,John W Turk Jr Power Plant 345 kV Substation,AEP,Solar - Photovoltaic,300.0,300.0,300.0,3/1/2025,Withdrawn,9/15/2030,5/21/2026,,,1/15/2030,9/15/2030,,DISIS-2024-001,04 SOUTHEAST,ER/NR,WITHDRAWN
GEN-2024-225,,,Kidder,ND,Leland Olds (Secondary) - Groton 345 kV Line,BEPC,Solar - Photovoltaic,200.0,200.0,200.0,3/1/2025,Withdrawn,9/15/2030,12/5/2025,,,1/15/2030,9/15/2030,,DISIS-2024-001,01 NORTH,ER/NR,WITHDRAWN
GEN-2024-224,,,Rosebud,MT,Custer - Dawson City 230 kV Line,WAPA,Wind - Wind,261.0,261.0,261.0,3/1/2025,Withdrawn,6/28/2030,12/6/2025,,,2/1/2030,6/28/2030,,DISIS-2024-001,01 NORTH,ER/NR,WITHDRAWN
GEN-2024-223,,,Dawson,MT,Dawson County-Miles City 2 230 kV line,WAPA,Wind - Wind,241.0,241.0,241.0,3/1/2025,Withdrawn,6/28/2030,12/6/2025,,,2/1/2030,6/28/2030,,DISIS-2024-001,01 NORTH,ER/NR,WITHDRAWN
GEN-2024-222,,,Roosevelt,NM,Crossroads - Eddy County 345 kV Line,SPS,Wind - Wind,400.0,400.0,400.0,3/1/2025,Withdrawn,6/28/2030,12/6/2025,,,2/1/2030,6/28/2030,,DISIS-2024-001,05 SOUTHWEST,ER/NR,WITHDRAWN
GEN-2024-221,,,Roosevelt,NM,345 kV Crossroads -  Eddy County 345 kV Line,SPS,Wind - Wind,400.0,400.0,400.0,3/1/2025,Active,6/28/2030,,,,2/1/2030,6/28/2030,,DISIS-2024-001,05 SOUTHWEST,ER/NR,DISIS STAGE
GEN-2024-220,,,Caddo Parish,LA,Rodessa - Bloomberg 69 kV Line,AEP,Hybrid - Solar/Storage,55.0,55.0,55.0,3/1/2025,Active,6/28/2030,,,,2/1/2030,6/28/2030,,DISIS-2024-001,04 SOUTHEAST,ER/NR,DISIS STAGE
GEN-2024-219,,,Murray ,OK,Chigley - Oaklawn 138 kV Line,OGE,Hybrid - Solar/Storage,160.0,160.0,160.0,3/1/2025,Active,6/28/2030,,,,2/1/2030,6/28/2030,,DISIS-2024-001,04 SOUTHEAST,ER/NR,DISIS STAGE
GEN-2024-218,,,Seward,KS,Cimarron River 115 kV Substation,SUNC,Hybrid - Solar/Storage,199.0,199.0,199.0,3/1/2025,Withdrawn,12/1/2028,5/21/2026,,,7/1/2028,12/1/2028,,DISIS-2024-001,03 CENTRAL,ER/NR,WITHDRAWN
GEN-2024-217,,,Jackson,MO,Sibley -  Hawthorne 345 kV line,WERE,Battery/Storage - Battery,250.0,250.0,250.0,3/1/2025,Withdrawn,12/31/2029,5/21/2026,,,8/31/2029,12/31/2029,,DISIS-2024-001,03 CENTRAL,ER/NR,WITHDRAWN
GEN-2024-216,,,Custer,MT,Miles City 230 kV Substation,WAPA,Wind - Wind,225.0,225.0,225.0,3/1/2025,Withdrawn,12/31/2027,5/21/2026,,,7/1/2027,12/31/2027,,DISIS-2024-001,01 NORTH,ER/NR,WITHDRAWN
GEN-2024-215,,,Aurora,KS,Elm Creek 345 kV Substation,ITCGP,Hybrid - Solar/Storage,300.0,300.0,300.0,3/1/2025,Active,10/2/2029,,,,3/2/2029,10/2/2029,,DISIS-2024-001,03 CENTRAL,ER/NR,DISIS STAGE
GEN-2024-214,,,Hempstead,AR,Hope NW - Fulton 115 kV Line,AEP,Hybrid - Solar/Storage,120.0,120.0,120.0,3/1/2025,Withdrawn,12/31/2029,8/25/2025,,,6/29/2029,12/31/2029,,DISIS-2024-001,04 SOUTHEAST,ER/NR,WITHDRAWN
GEN-2024-213,,,Cass,NE,Substation 3740 345 kV,OPPD,Thermal - Gas,360.0,360.0,360.0,3/1/2025,Active,2/1/2035,,,,7/1/2034,2/1/2035,,DISIS-2024-001,02 NEBRASKA,ER,DISIS STAGE
GEN-2024-212,,,Cass,NE,Substation 3740 345 kV,OPPD,Thermal - Gas,303.0,253.0,303.0,3/1/2025,Active,2/1/2035,,,,7/1/2034,2/1/2035,,DISIS-2024-001,02 NEBRASKA,ER,DISIS STAGE
GEN-2024-211,,,Cass,NE,Substation 3740 345 kV,OPPD,Thermal - Gas,303.0,253.0,303.0,3/1/2025,Active,2/1/2035,,,,7/1/2034,2/1/2035,,DISIS-2024-001,02 NEBRASKA,ER,DISIS STAGE
GEN-2024-210,,,Cheyenne,KS,St. Francis Tap 115 kV Substation,SUNC,Solar - Photovoltaic,150.0,150.0,150.0,3/1/2025,Withdrawn,6/30/2028,5/21/2026,,,5/1/2028,6/30/2028,,DISIS-2024-001,03 CENTRAL,ER/NR,WITHDRAWN
GEN-2024-209,,,Clay,KS,Elm Creek - North Manhattan 230 kV Line,SUNC,Solar - Photovoltaic,199.0,199.0,199.0,3/1/2025,Withdrawn,6/30/2028,5/21/2026,,,5/1/2028,6/30/2028,,DISIS-2024-001,03 CENTRAL,ER/NR,WITHDRAWN
GEN-2024-208,,,Nowata,OK,NBVILLE4 - COFFEYT4 138 kV Line,AEP,Solar,195.0,201.96,201.96,3/1/2025,Withdrawn,5/31/2029,,,,1/15/2029,5/31/2029,,DISIS-2024-001,04 SOUTHEAST,ER/NR,WITHDRAWN
GEN-2024-207,,,Missouri ,MO,Blue Valley - Blumil 161 kV Line,City of Independence MO,Thermal - Gas,778.6,778.6,778.6,3/1/2025,Active,7/1/2029,,,,5/1/2029,7/1/2029,,DISIS-2024-001,03 CENTRAL,ER/NR,DISIS STAGE
GEN-2024-206,,,Missouri ,MO,Blue Valley 161 kV Substation,City of Independence MO,Thermal - Gas,226.3,226.3,226.3,3/1/2025,Active,7/1/2026,,,,5/1/2026,7/1/2026,,DISIS-2024-001,03 CENTRAL,ER/NR,DISIS STAGE
GEN-2024-205,,,Stafford,KS,St. John 115 kV Substation,SUNC,Hybrid - Solar/Storage,155.0,155.0,155.0,3/1/2025,Active,10/2/2029,,,,3/2/2029,10/2/2029,,DISIS-2024-001,03 CENTRAL,ER/NR,DISIS STAGE
GEN-2024-204,,,Bryan,OK,Brown 138 kV Substation,OGE,Battery/Storage - Battery,100.0,100.0,100.0,3/1/2025,Active,6/10/2030,,,,12/10/2029,6/10/2030,,DISIS-2024-001,04 SOUTHEAST,ER/NR,DISIS STAGE
GEN-2024-203,,,Chaves,NM,Chavez 230 kV Substation,SPS,Battery/Storage - Battery,150.0,150.0,150.0,3/1/2025,Withdrawn,6/10/2030,12/5/2025,,,12/10/2029,6/10/2030,,DISIS-2024-001,05 SOUTHWEST,ER/NR,WITHDRAWN
GEN-2024-202,,,Hyde,SD,Chappelle Creek 345 kV Substation,BEPC,Wind - Wind,250.0,250.0,250.0,3/1/2025,Withdrawn,12/1/2030,12/7/2025,,,9/1/2030,12/1/2030,,DISIS-2024-001,01 NORTH,ER/NR,WITHDRAWN
GEN-2024-201,,,Chaves,NM,Eddy County - Crossroads 345 kV Line,SPS,Hybrid - Solar/Storage,260.0,260.0,260.0,3/1/2025,Withdrawn,12/2/2030,12/7/2025,,,9/2/2030,12/2/2030,,DISIS-2024-001,05 SOUTHWEST,ER/NR,WITHDRAWN
GEN-2024-200,,,Chaves,NM,Eddy County - Crossroads 345 kV Line,SPS,Hybrid - Solar/Storage,300.0,300.0,300.0,3/1/2025,Withdrawn,12/2/2030,12/7/2025,,,9/2/2030,12/2/2030,,DISIS-2024-001,05 SOUTHWEST,ER/NR,WITHDRAWN
GEN-2024-199,,,Chaves,NM,Eddy County - Crossroads 345 kV Line,SPS,Wind - Wind,500.0,500.0,500.0,3/1/2025,Withdrawn,12/4/2028,12/7/2025,,,9/2/2028,12/4/2028,,DISIS-2024-001,05 SOUTHWEST,ER/NR,WITHDRAWN
GEN-2024-198,,,Chaves,NM,Eddy County - Crossroads 345 kV Line,SPS,Wind - Wind,500.0,500.0,500.0,3/1/2025,Withdrawn,12/4/2028,12/7/2025,,,9/2/2028,12/4/2028,,DISIS-2024-001,05 SOUTHWEST,ER/NR,WITHDRAWN
GEN-2024-197,,,Kinsley,KS,Post Rock - Spearville 345 kV Line,ITCGP,Wind - Wind,250.0,250.0,250.0,3/1/2025,Withdrawn,12/1/2028,,,,9/1/2028,12/1/2028,,DISIS-2024-001,03 CENTRAL,ER/NR,WITHDRAWN
GEN-2024-196,,,Kinsley,KS,Post Rock - Spearville 345 kV Line,ITCGP,Wind - Wind,250.0,250.0,250.0,3/1/2025,Withdrawn,12/1/2028,,,,9/1/2028,12/1/2028,,DISIS-2024-001,03 CENTRAL,ER/NR,WITHDRAWN
GEN-2024-195,,,Kinsley,KS,Post Rock - Spearville 345 kV Line,ITCGP,Wind - Wind,250.0,250.0,250.0,3/1/2025,Withdrawn,12/1/2028,,,,9/1/2028,12/1/2028,,DISIS-2024-001,03 CENTRAL,ER/NR,WITHDRAWN
GEN-2024-194,,,Ford,KS,Spearville - Holcomb 345 kV Line,SUNC,Wind - Wind,249.6,249.6,249.6,3/1/2025,Withdrawn,12/1/2028,5/21/2026,,,9/1/2028,12/1/2028,,DISIS-2024-001,03 CENTRAL,ER/NR,WITHDRAWN
GEN-2024-193,,,Ford,KS,Spearville - Buckner 345 kV Line,SUNC,Wind - Wind,249.6,249.6,249.6,3/1/2025,Withdrawn,12/1/2028,5/21/2026,,,9/1/2028,12/1/2028,,DISIS-2024-001,03 CENTRAL,ER/NR,WITHDRAWN
GEN-2024-192,,,Mercer,ND,Antelope Valley - Leland Olds 345 kV Line,BEPC,Battery/Storage - Battery,199.0,199.0,199.0,3/1/2025,Withdrawn,12/1/2028,,,,9/1/2028,12/1/2028,,DISIS-2024-001,01 NORTH,ER/NR,WITHDRAWN
GEN-2024-191,,,Mercer,ND,Antelope Valley - Leland Olds 345 kV Line,BEPC,Battery/Storage - Battery,199.0,199.0,199.0,3/1/2025,Withdrawn,12/1/2028,,,,9/1/2028,12/1/2028,,DISIS-2024-001,01 NORTH,ER/NR,WITHDRAWN
GEN-2024-190,,,Garfield,OK,Woodring - Sooner 345 kV Substation,OGE,Battery/Storage - Battery,199.0,199.0,199.0,3/1/2025,Withdrawn,12/1/2028,12/7/2025,,,9/1/2028,12/1/2028,,DISIS-2024-001,04 SOUTHEAST,ER/NR,WITHDRAWN
GEN-2024-189,,,Ford,KS,ITC Great Plains Saddle 345 kV Substation,ITCGP,Battery/Storage - Battery,199.0,199.0,199.0,3/1/2025,Withdrawn,12/1/2028,5/21/2026,,,9/1/2028,12/1/2028,,DISIS-2024-001,03 CENTRAL,ER/NR,WITHDRAWN
GEN-2024-188,,,Douglas,NE,Sub 1229 161 kV Substation,OPPD,Battery/Storage - Battery,199.0,199.0,199.0,3/1/2025,Withdrawn,1/15/2029,,,,10/15/2028,1/15/2029,,DISIS-2024-001,02 NEBRASKA,ER/NR,WITHDRAWN
GEN-2024-187,,,McClain ,OK,Civit-Stratford 138 kV Line,WFEC,Battery/Storage - Battery,199.0,199.0,199.0,3/1/2025,Withdrawn,1/15/2029,5/21/2026,,,10/15/2028,1/15/2029,,DISIS-2024-001,04 SOUTHEAST,ER/NR,WITHDRAWN
GEN-2024-186,,,Chaves,NM,Roswell Interchange 115 kV Substation,SPS,Battery/Storage - Battery,199.0,199.0,199.0,3/1/2025,Withdrawn,1/15/2029,5/21/2026,,,10/15/2028,1/15/2029,,DISIS-2024-001,05 SOUTHWEST,ER/NR,WITHDRAWN
GEN-2024-185,,,McKenzie,ND,UMPC-MEC-Hay Butte 115 kV Substation,BEPC,Battery/Storage - Battery,199.0,199.0,199.0,3/1/2025,Withdrawn,1/15/2029,,,,10/15/2028,1/15/2029,,DISIS-2024-001,01 NORTH,ER/NR,WITHDRAWN
GEN-2024-184,,,Atoka,OK,Atoka to Lehigh 138 kV Line,AEP,Battery/Storage - Battery,199.0,199.0,199.0,3/1/2025,Withdrawn,1/15/2029,5/21/2026,,,10/15/2028,1/15/2029,,DISIS-2024-001,04 SOUTHEAST,ER/NR,WITHDRAWN
GEN-2024-183,,,Shawnee,KS,Shawnee Heights 115 kV Substation,WERE,Battery/Storage - Battery,199.0,199.0,199.0,3/1/2025,Withdrawn,1/15/2029,,,,10/15/2028,1/15/2029,,DISIS-2024-001,03 CENTRAL,ER/NR,WITHDRAWN
GEN-2024-182,,,Shawnee,KS,41st & California 115 kV Substation,WERE,Battery/Storage - Battery,199.0,199.0,199.0,3/1/2025,Withdrawn,1/15/2029,,,,10/15/2028,1/15/2029,,DISIS-2024-001,03 CENTRAL,ER/NR,WITHDRAWN
GEN-2024-181,,,Greene,MO,Brookline 161 kV Substation,SPRM,Battery/Storage - Battery,199.0,199.0,199.0,3/1/2025,Active,1/15/2029,,,,10/15/2028,1/15/2029,,DISIS-2024-001,03 CENTRAL,ER/NR,DISIS STAGE
GEN-2024-180,,,Mayes ,OK,Kerr Dam 161 kV Substation,GRDA,Battery/Storage - Battery,100.0,100.0,100.0,3/1/2025,Withdrawn,1/15/2029,5/21/2026,,,10/15/2028,1/15/2029,,DISIS-2024-001,04 SOUTHEAST,ER/NR,WITHDRAWN
GEN-2024-179,,,Douglas,NE,S1299 5 161 kV Substation,OPPD,Battery/Storage - Battery,199.0,199.0,199.0,3/1/2025,Withdrawn,1/15/2029,,,,10/15/2028,1/15/2029,,DISIS-2024-001,02 NEBRASKA,ER/NR,WITHDRAWN
GEN-2024-178,,,Harrison,TX,Pirkey 138 kV Substation,AEP,Battery/Storage - Battery,199.0,199.0,199.0,3/1/2025,Active,1/15/2029,,,,10/15/2028,1/15/2029,,DISIS-2024-001,04 SOUTHEAST,ER/NR,DISIS STAGE
GEN-2024-177,,,Bossier Parish,LA,Red Point 138 kV Substation,AEP,Battery/Storage - Battery,199.0,199.0,199.0,3/1/2025,Active,1/15/2029,,,,10/15/2028,1/15/2029,,DISIS-2024-001,04 SOUTHEAST,ER/NR,DISIS STAGE
GEN-2024-176,,,Reno,KS,Reno County 115 kV Substation,WERE,Battery/Storage - Battery,250.0,250.0,250.0,3/1/2025,Withdrawn,5/17/2028,5/21/2026,,,1/18/2028,5/17/2028,,DISIS-2024-001,03 CENTRAL,ER/NR,WITHDRAWN
GEN-2024-175,,,Greene,MO,Summit 161 kV Substation,SPRM,Battery/Storage - Battery,200.0,200.0,200.0,3/1/2025,Withdrawn,5/17/2028,5/21/2026,,,2/17/2028,5/17/2028,,DISIS-2024-001,03 CENTRAL,ER/NR,WITHDRAWN
GEN-2024-174,,,Mercer,ND,Roseglen 115 kV Substation,CPEC,Battery/Storage - Battery,130.0,130.0,130.0,3/1/2025,Withdrawn,5/17/2028,12/5/2025,,,2/17/2028,5/17/2028,,DISIS-2024-001,01 NORTH,ER/NR,WITHDRAWN
GEN-2024-173,,,Lancaster,NE,Pawnee Lake 115 kV Substation,NPPD,Battery/Storage - Battery,200.0,200.0,200.0,3/1/2025,Withdrawn,5/17/2028,8/10/2026,,,2/17/2028,5/17/2028,,DISIS-2024-001,02 NEBRASKA,ER/NR,WITHDRAWN
GEN-2024-172,,,Grady,OK,Minco 345 kV Substation,OGE,Battery/Storage - Battery,190.0,190.0,190.0,3/1/2025,Withdrawn,5/17/2028,12/5/2025,,,2/17/2028,5/17/2028,,DISIS-2024-001,04 SOUTHEAST,ER/NR,WITHDRAWN
GEN-2024-171,,,Tulsa,OK,Tulsa North - Grand River Energy Center 345 kV Line,GRDA,Battery/Storage - Battery,250.0,250.0,250.0,3/1/2025,Active,5/17/2028,,,,2/17/2028,5/17/2028,,DISIS-2024-001,04 SOUTHEAST,ER/NR,DISIS STAGE
GEN-2024-170,,,Cass,MO,Pleasant Hill 345 kV Substation,WERE,Battery/Storage - Battery,280.0,280.0,280.0,3/1/2025,Active,5/17/2028,,,,2/17/2028,5/17/2028,,DISIS-2024-001,03 CENTRAL,ER/NR,DISIS STAGE
GEN-2024-169,,,Creek,OK,Silver City 138 kV Substation,GRDA,Battery/Storage - Battery,140.0,140.0,140.0,3/1/2025,Withdrawn,5/17/2028,12/5/2025,,,2/17/2028,5/17/2028,,DISIS-2024-001,04 SOUTHEAST,ER/NR,WITHDRAWN
GEN-2024-168,,,Fillmore,NE,Geneva 115 kV Substation,NPPD,Solar - Photovoltaic,200.0,200.0,200.0,3/1/2025,Withdrawn,12/30/2033,8/10/2026,,,10/3/2033,12/30/2033,,DISIS-2024-001,02 NEBRASKA,ER/NR,WITHDRAWN
GEN-2024-167,,,Ray,MO,Orrick 161 kV Substation,WERE,Battery/Storage - Battery,199.0,199.0,199.0,3/1/2025,Withdrawn,1/15/2030,5/21/2026,,,10/16/2029,1/15/2030,,DISIS-2024-001,03 CENTRAL,ER/NR,WITHDRAWN
GEN-2024-166,,,Sedgwick,KS,Murray Gill 138 kV Substation,WERE,Hybrid - Solar/Storage,200.0,200.0,200.0,3/1/2025,Active,1/15/2030,,,,10/16/2029,1/15/2030,,DISIS-2024-001,03 CENTRAL,ER/NR,DISIS STAGE
GEN-2024-165,,,Coal,OK,Pittsburg - Johnston County 345 kV line,AEP,Hybrid - Solar/Storage,500.0,500.0,500.0,3/1/2025,Withdrawn,1/15/2030,5/21/2026,,,10/16/2029,1/15/2030,,DISIS-2024-001,04 SOUTHEAST,ER/NR,WITHDRAWN
GEN-2024-164,,,Murray ,OK,Arbuckle 138 kV Substation,OGE,Battery/Storage - Battery,199.0,199.0,199.0,3/1/2025,Withdrawn,1/15/2030,5/21/2026,,,12/16/2029,1/15/2030,,DISIS-2024-001,04 SOUTHEAST,ER/NR,WITHDRAWN
GEN-2024-163,,,Garvin,OK,Chigley 138 kV Substation,OGE,Battery/Storage - Battery,199.0,199.0,199.0,3/1/2025,Withdrawn,1/15/2030,,,,10/16/2029,1/15/2030,,DISIS-2024-001,04 SOUTHEAST,ER/NR,WITHDRAWN
GEN-2024-162,,,Dakota,NE,Twin Church 230 kV Substation,NPPD,Hybrid - Solar/Storage,110.0,110.0,110.0,3/1/2025,Withdrawn,1/15/2030,8/10/2026,,,10/16/2029,1/15/2030,,DISIS-2024-001,02 NEBRASKA,ER/NR,WITHDRAWN
GEN-2024-161,,,Jackson ,OK,Hobart - Martha 138 kV Line,AEP,Hybrid - Solar/Storage,170.0,170.0,170.0,3/1/2025,Withdrawn,1/15/2030,5/21/2026,,,10/16/2029,1/15/2030,,DISIS-2024-001,04 SOUTHEAST,ER/NR,WITHDRAWN
GEN-2024-160,,,Craig,OK,Dry Gulch - Pensacola 161 kV Line,GRDA,Solar - Photovoltaic,100.0,100.0,100.0,3/1/2025,Withdrawn,6/29/2029,11/20/2025,,,12/31/2028,6/29/2029,,DISIS-2024-001,04 SOUTHEAST,ER/NR,WITHDRAWN
GEN-2024-159,,,Roosevelt,NM,Oasis to San Juan Mesa Wind Project 230 kV,SPS,Solar - Photovoltaic,300.0,300.0,300.0,3/1/2025,Active,12/31/2029,,,,6/30/2029,12/31/2029,,DISIS-2024-001,05 SOUTHWEST,ER/NR,DISIS STAGE
GEN-2024-158,,,Jackson,OK,Altus Jct - Snyder 138 kV Line,AEP,Solar - Photovoltaic,190.0,190.0,190.0,3/1/2025,Withdrawn,12/31/2029,5/21/2026,,,6/30/2028,12/31/2029,,DISIS-2024-001,04 SOUTHEAST,ER/NR,WITHDRAWN
GEN-2024-157,,,Kiowa,OK,Hobart - Martha 138 kV Line,AEP,Solar - Photovoltaic,140.0,140.0,140.0,3/1/2025,Withdrawn,12/31/2029,5/21/2026,,,6/30/2029,12/31/2029,,DISIS-2024-001,04 SOUTHEAST,ER/NR,WITHDRAWN
GEN-2024-156,,,Howard,AR,Okay 138 kV Substation,AEP,Solar - Photovoltaic,400.0,400.0,400.0,3/1/2025,Withdrawn,12/31/2029,11/18/2025,,,6/30/2029,12/31/2029,,DISIS-2024-001,04 SOUTHEAST,ER/NR,WITHDRAWN
GEN-2024-155,,,Cherokee,TX,Rusk - Crockett 345 kV Line,AEP,Solar,200.0,203.2,203.2,3/1/2025,Withdrawn,12/31/2029,7/17/2025,,,6/30/2029,12/31/2029,,DISIS-2024-001,04 SOUTHEAST,ER/NR,WITHDRAWN
GEN-2024-154,,,Beckham,OK,Chisholm 345 kV Substation,AEP,Solar - Photovoltaic,200.0,200.0,200.0,3/1/2025,Active,12/31/2029,,,,6/30/2029,12/31/2029,,DISIS-2024-001,04 SOUTHEAST,ER/NR,DISIS STAGE
GEN-2024-153,,,Randall,TX,Bushland 230 kV Substation,SPS,Solar - Photovoltaic,250.0,250.0,250.0,3/1/2025,Withdrawn,12/31/2029,5/21/2026,,,6/30/2029,12/31/2029,,DISIS-2024-001,05 SOUTHWEST,ER/NR,WITHDRAWN
GEN-2024-152,,,Cheyenne,NE,Sidney (SIDNEY__-MB3) 345 kV Substation,BEPC,Wind - Wind,250.1,250.1,250.1,3/1/2025,Withdrawn,10/15/2030,12/7/2025,,,10/1/2030,10/15/2030,,DISIS-2024-001,02 NEBRASKA,ER/NR,WITHDRAWN
GEN-2024-151,,,Cheyenne,NE,Sidney (SIDNEY__-MB3) 345 kV Substation,BEPC,Wind - Wind,300.0,300.0,300.0,3/1/2025,Withdrawn,12/31/2030,12/7/2025,,,10/1/2030,12/31/2030,,DISIS-2024-001,02 NEBRASKA,ER/NR,WITHDRAWN
GEN-2024-150,,,Cheyenne,NE,Sidney (SIDNEY__-MB3) 345 kV Substation,BEPC,Wind - Wind,293.6,293.6,293.6,3/1/2025,Withdrawn,12/31/2030,12/7/2025,,,10/1/2030,12/31/2030,,DISIS-2024-001,02 NEBRASKA,ER/NR,WITHDRAWN
GEN-2024-149,,,Lamb,TX,Tolk 345 kV Substation,SPS,Solar - Photovoltaic,196.4,196.4,196.4,3/1/2025,Withdrawn,12/1/2032,12/7/2025,,,10/1/2032,12/1/2032,,DISIS-2024-001,05 SOUTHWEST,ER/NR,WITHDRAWN
GEN-2024-148,,,Lamb,TX,Tolk 345 kV Substation,SPS,Solar - Photovoltaic,100.0,100.0,100.0,3/1/2025,Withdrawn,12/1/2032,12/7/2025,,,10/1/2032,12/1/2032,,DISIS-2024-001,05 SOUTHWEST,ER/NR,WITHDRAWN
GEN-2024-147,,,Eddy,NM,Phantom 3 115 kV Substation,SPS,Solar - Photovoltaic,200.3,200.3,200.3,3/1/2025,Withdrawn,12/31/2029,12/7/2025,,,10/1/2029,12/31/2029,,DISIS-2024-001,05 SOUTHWEST,ER/NR,WITHDRAWN
GEN-2024-146,,,Craig,OK,Alluwe Tap - Vinita Junction 138 kV Line,AEP,Solar - Photovoltaic,250.0,250.0,250.0,3/1/2025,Withdrawn,12/31/2031,12/7/2025,,,10/1/2031,12/31/2031,,DISIS-2024-001,04 SOUTHEAST,ER/NR,WITHDRAWN
GEN-2024-145,,,Dallam,TX,XIT Interchange 230 kV Substation,SPS,Wind - Wind,250.0,250.0,250.0,3/1/2025,Active,12/31/2032,,,,10/1/2032,12/31/2032,,DISIS-2024-001,05 SOUTHWEST,ER/NR,DISIS STAGE
GEN-2024-144,,,Scott ,KS,Setab 345 kV Substation,SUNC,Wind - Wind,300.0,300.0,300.0,3/1/2025,Withdrawn,12/31/2030,5/21/2026,,,10/1/2030,12/31/2030,,DISIS-2024-001,03 CENTRAL,ER/NR,WITHDRAWN
GEN-2024-143,,,Dallam,TX,XIT Interchange 230 kV Substation,SPS,Wind - Wind,250.0,250.0,250.0,3/1/2025,Active,12/31/2032,,,,10/1/2032,12/31/2032,,DISIS-2024-001,05 SOUTHWEST,ER/NR,DISIS STAGE
GEN-2024-142,,,McPherson,KS,Reno - Summit 345 kV Line,WERE,Wind - Wind,300.0,300.0,300.0,3/1/2025,Withdrawn,12/31/2031,5/21/2026,,,10/1/2031,12/31/2031,,DISIS-2024-001,03 CENTRAL,ER/NR,WITHDRAWN
GEN-2024-141,,,Mercer,ND,BASIN__-BE4 230 kV Substation,BEPC,Wind - Wind,212.0,212.0,212.0,3/1/2025,Active,12/31/2031,,,,10/1/2031,12/31/2031,,DISIS-2024-001,01 NORTH,ER,DISIS STAGE
GEN-2024-140,,,Mercer,NE,Antelope - Hoskins 345 kV line,NPPD,Solar - Photovoltaic,250.0,250.0,250.0,3/1/2025,Withdrawn,12/30/2033,8/10/2026,,,10/3/2033,12/30/2033,,DISIS-2024-001,02 NEBRASKA,ER/NR,WITHDRAWN
GEN-2024-139,,,Coffey,KS,Wolf Creek - Blackberry 345 kV Line,NEETSW,Solar - Photovoltaic,250.0,250.0,250.0,3/1/2025,Withdrawn,12/31/2033,8/10/2026,,,10/3/2033,12/31/2033,,DISIS-2024-001,03 CENTRAL,ER/NR,WITHDRAWN
GEN-2024-138,,,Scott ,KS,Setab 345 kV Substation,SUNC,Wind - Wind,300.0,300.0,300.0,3/1/2025,Withdrawn,12/31/2030,5/21/2026,,,10/1/2030,12/31/2030,,DISIS-2024-001,03 CENTRAL,ER/NR,WITHDRAWN
GEN-2024-137,,,Scott ,KS,Setab 345 kV Substation,SUNC,Wind - Wind,300.0,300.0,300.0,3/1/2025,Withdrawn,12/31/2030,5/21/2026,,,10/1/2030,12/31/2030,,DISIS-2024-001,03 CENTRAL,ER/NR,WITHDRAWN
GEN-2024-136,,,Scott,KS,Setab 345 kV Substation,SUNC,Solar - Photovoltaic,400.0,400.0,400.0,3/1/2025,Withdrawn,12/31/2029,5/21/2026,,,10/10/2029,12/31/2029,,DISIS-2024-001,03 CENTRAL,ER/NR,WITHDRAWN
GEN-2024-135,,,Woods,OK,Degrasse 345 kV Substation,OGE,Wind - Wind,250.0,250.0,250.0,3/1/2025,Withdrawn,12/31/2031,5/21/2026,,,10/1/2031,12/31/2031,,DISIS-2024-001,04 SOUTHEAST,ER/NR,WITHDRAWN
GEN-2024-134,,,Woods,OK,Degrasse 345 kV Substation,OGE,Wind - Wind,250.0,250.0,250.0,3/1/2025,Withdrawn,12/31/2031,5/21/2026,,,9/1/2031,12/31/2031,,DISIS-2024-001,04 SOUTHEAST,ER/NR,WITHDRAWN
GEN-2024-133,,,Kiowa,OK,Snyder - Cache 138 kV Line,AEP,Wind - Wind,196.13,196.13,196.13,3/1/2025,Withdrawn,12/31/2032,12/7/2025,,,10/28/2032,12/31/2032,,DISIS-2024-001,04 SOUTHEAST,ER/NR,WITHDRAWN
GEN-2024-132,,,Milburn,OK,Hugo (71 miles) - Sunnyside (42 miles) 345 kV Line,OGE,Thermal - Gas,1300.0,1300.0,1300.0,3/1/2025,Withdrawn,6/30/2031,5/21/2026,,,5/30/2030,6/30/2031,,DISIS-2024-001,04 SOUTHEAST,ER/NR,WITHDRAWN
GEN-2024-131,,,Tulsa,OK,Riverside - Oneta - Pecan Creek - Redbud 345 kV Line,AEP,Wind,1100.0,1174.5,1174.5,3/1/2025,Withdrawn,12/31/2031,8/28/2025,,,12/31/2030,12/31/2031,,DISIS-2024-001,04 SOUTHEAST,ER/NR,WITHDRAWN
GEN-2024-130,,,Tulsa,OK,Riverside - Oneta - Pecan Creek - Redbud 345 kV Line,AEP/OGE,Wind,1900.0,2025.0,2025.0,3/1/2025,Withdrawn,12/31/2031,8/28/2025,,,10/1/2030,12/31/2031,,DISIS-2024-001,04 SOUTHEAST,ER/NR,WITHDRAWN
GEN-2024-129,,,Labette,KS,Caney River - Neosho 345 kV Line,WERE,Thermal - Gas,910.0,910.0,910.0,3/1/2025,Active,12/31/2030,,,,4/28/2030,12/31/2030,,DISIS-2024-001,03 CENTRAL,ER/NR,DISIS STAGE
GEN-2024-128,,,Anadarko,OK,Gracemont - Lawton 345 kV Line,OGE,Thermal - Gas,690.0,690.0,690.0,3/1/2025,Active,12/31/2030,,,,4/28/2030,12/31/2030,,DISIS-2024-001,04 SOUTHEAST,ER/NR,DISIS STAGE
GEN-2024-127,,,Texas,OK,Hitchland 345 kV Substation,SPS,Thermal - Gas,1300.0,1300.0,1300.0,3/1/2025,Withdrawn,6/30/2031,8/28/2025,,,5/30/2030,6/30/2031,,DISIS-2024-001,05 SOUTHWEST,ER/NR,WITHDRAWN
GEN-2024-126,,,Caddo,LA,SWEPCO Midway No. 832 12.5 kV Substation ,AEP,Thermal - Gas,32.67,27.48,34.15,3/1/2025,Withdrawn,4/1/2027,8/22/2025,,,11/1/2026,4/1/2027,,DISIS-2024-001,03 CENTRAL,ER,WITHDRAWN
GEN-2024-125,,,Elk ,KS,Neosho Ridge - Caney River 345 kV Line,WERE,Solar - Photovoltaic,400.0,400.0,400.0,3/1/2025,Active,6/30/2028,,,,5/1/2028,6/30/2028,,DISIS-2024-001,03 CENTRAL,ER/NR,DISIS STAGE
GEN-2024-124,,,Lea,NM,Crossroads-Hobbs-Roadrunner 345 kV Line,NEETSW,Hybrid - Solar/Storage,420.0,420.0,420.0,3/1/2025,Withdrawn,10/1/2028,5/21/2026,,,8/1/2028,10/1/2028,,DISIS-2024-001,05 SOUTHWEST,ER/NR,WITHDRAWN
GEN-2024-123,,,Shelby,TX,Center - Tenaha 138 kV Line,AEP,Solar - Photovoltaic,120.0,120.0,120.0,3/1/2025,Withdrawn,12/31/2030,5/21/2026,,,9/1/2030,12/31/2030,,DISIS-2024-001,04 SOUTHEAST,ER/NR,WITHDRAWN
GEN-2024-122,,,Marion,TX,Lieberman - IPC Jefferson 138 kV Line,AEP,Hybrid - Solar/Storage,160.0,160.0,160.0,3/1/2025,Active,10/31/2029,,,,8/1/2029,10/31/2029,,DISIS-2024-001,04 SOUTHEAST,ER/NR,DISIS STAGE
GEN-2024-121,,,Leavenworth,KS,Jarbalo 115 kV Substation,WERE,Battery/Storage - Battery,199.0,199.0,199.0,3/1/2025,Withdrawn,12/31/2028,5/21/2026,,,6/30/2028,12/31/2028,,DISIS-2024-001,03 CENTRAL,ER/NR,WITHDRAWN
GEN-2024-120,,,Oklahoma ,OK,JNS KAMO 138 kV Substation,OGE,Battery/Storage - Battery,199.0,199.0,199.0,3/1/2025,Active,12/31/2028,,,,6/30/2028,12/31/2028,,DISIS-2024-001,04 SOUTHEAST,ER/NR,DISIS STAGE
GEN-2024-119,,,Cleveland,OK,Lexington 138 kV Substation,WFEC,Battery/Storage - Battery,199.0,199.0,199.0,3/1/2025,Withdrawn,12/31/2028,5/21/2026,,,6/30/2028,12/31/2028,,DISIS-2024-001,04 SOUTHEAST,ER/NR,WITHDRAWN
GEN-2024-118,,,Wagoner,OK,East 11th Street 138kV Substation,AEP,Battery/Storage - Battery,199.0,199.0,199.0,3/1/2025,Active,12/31/2028,,,,6/30/2028,12/31/2028,,DISIS-2024-001,04 SOUTHEAST,ER/NR,DISIS STAGE
GEN-2024-117,,,Washington,OK,Coffeyville Tap - North Bartlesville 138kV Line,AEP,Hybrid - Solar/Storage,150.0,150.0,150.0,3/1/2025,Active,12/31/2028,,,,6/30/2028,12/31/2028,,DISIS-2024-001,04 SOUTHEAST,ER/NR,DISIS STAGE
GEN-2024-116,,,Hughes,OK,Weleetka - Greasy Creek 138 kV Line,SWPA,Hybrid - Solar/Storage,199.0,199.0,199.0,3/1/2025,Withdrawn,12/31/2028,12/4/2025,,,6/30/2028,12/31/2028,,DISIS-2024-001,04 SOUTHEAST,ER/NR,WITHDRAWN
GEN-2024-115,,,Little River,AR,Patterson - South Foreman 138 kV Line,AEP,Hybrid - Solar/Storage,199.0,201.53,201.53,3/1/2025,Withdrawn,12/31/2028,7/22/2025,,,6/30/2028,12/31/2028,,DISIS-2024-001,04 SOUTHEAST,ER/NR,WITHDRAWN
GEN-2024-114,,,Jackson,AR,Jonesboro - Independence County 161 kV Line,SWPA,Hybrid - Solar/Storage,199.0,199.0,199.0,3/1/2025,Withdrawn,12/31/2028,5/21/2026,,,6/30/2028,12/31/2028,,DISIS-2024-001,04 SOUTHEAST,ER/NR,WITHDRAWN
GEN-2024-113,,,Sequoyah,OK,Muskogee - Ft. Smith 345 kV Line,OGE,Hybrid - Solar/Storage,170.0,170.0,170.0,3/1/2025,Active,12/31/2028,,,,6/30/2028,12/31/2028,,DISIS-2024-001,04 SOUTHEAST,ER/NR,DISIS STAGE
GEN-2024-112,,,Washita,OK,Chisholm - Gracemont 345 kV line,AEP,Wind,250.0,252.0,252.0,3/1/2025,Withdrawn,12/31/2031,8/28/2025,,,12/31/2030,12/31/2031,,DISIS-2024-001,04 SOUTHEAST,ER/NR,WITHDRAWN
GEN-2024-111,,,Washita,OK,Chisholm - Gracemont 345 kV line,AEP,Wind,250.0,252.0,252.0,3/1/2025,Withdrawn,12/31/2031,8/28/2025,,,12/31/2030,12/31/2031,,DISIS-2024-001,04 SOUTHEAST,ER/NR,WITHDRAWN
GEN-2024-110,,,Custer,OK,Border - Woodword 345 kV line,OGE,Wind,250.0,252.0,252.0,3/1/2025,Withdrawn,12/31/2031,8/28/2025,,,12/31/2030,12/31/2031,,DISIS-2024-001,04 SOUTHEAST,ER/NR,WITHDRAWN
GEN-2024-109,,,Bailey,TX,Tolk - Crossroads 345 kV line,SPS,Wind - Wind,400.5,400.5,400.5,3/1/2025,Active,12/31/2031,,,,12/31/2030,12/31/2031,,DISIS-2024-001,05 SOUTHWEST,ER/NR,DISIS STAGE
GEN-2024-108,,,Scott ,KS,Holcomb - Sidney 345 kV Line,SUNC,Wind,301.5,301.5,301.5,3/1/2025,Withdrawn,12/31/2031,8/28/2025,,,12/31/2030,12/31/2031,,DISIS-2024-001,03 CENTRAL,ER/NR,WITHDRAWN
GEN-2024-107,,,Okmulgee,OK,Muskogee - Pittsburg 345 kV Line,OGE,Wind,194.0,194.0,194.0,3/1/2025,Withdrawn,12/31/2031,8/28/2025,,,12/31/2030,12/31/2031,,DISIS-2024-001,04 SOUTHEAST,ER/NR,WITHDRAWN
GEN-2024-106,,,Lamb and Bailey ,TX,Plant X 230 kV Substation,SPS,Solar,200.0,200.0,200.0,3/1/2025,Withdrawn,12/31/2031,8/28/2025,,,12/31/2030,12/31/2031,,DISIS-2024-001,05 SOUTHWEST,ER/NR,WITHDRAWN
GEN-2024-105,,,Dodge City,KS,North Fort Dodge 115 kV Substation,SUNC,Solar,100.0,100.0,100.0,3/1/2025,Withdrawn,12/31/2031,8/28/2025,,,12/31/2030,12/31/2031,,DISIS-2024-001,03 CENTRAL,ER/NR,WITHDRAWN
GEN-2024-104,,,Ford,KS,Greensburg 115 kV Substation,SUNC,Wind,100.0,103.5,103.5,3/1/2025,Withdrawn,6/30/2028,8/28/2025,,,6/30/2027,6/30/2028,,DISIS-2024-001,03 CENTRAL,ER/NR,WITHDRAWN
GEN-2024-103,,,Finney,KS,Finney 345 kV Substation,SPS,Wind,400.5,400.5,400.5,3/1/2025,Withdrawn,12/31/2031,8/28/2025,,,12/31/2030,12/31/2031,,DISIS-2024-001,03 CENTRAL,ER/NR,WITHDRAWN
GEN-2024-102,,,Finney,KS,Holcomb 345 kV Substation,SUNC,Wind - Wind,400.5,400.5,400.5,3/1/2025,Withdrawn,12/31/2031,5/21/2026,,,12/31/2030,12/31/2031,,DISIS-2024-001,03 CENTRAL,ER/NR,WITHDRAWN
GEN-2024-101,,,Finney,KS,Dobson 115 kV Substation,SUNC,Wind,220.0,220.5,220.5,3/1/2025,Withdrawn,12/31/2031,8/28/2025,,,12/31/2030,12/31/2031,,DISIS-2024-001,03 CENTRAL,ER/NR,WITHDRAWN
GEN-2024-100,,,Castro,TX,Newhart 230 kV Substation,SPS,Wind,300.0,301.5,301.5,3/1/2025,Withdrawn,12/31/2031,8/28/2025,,,12/31/2030,12/31/2031,,DISIS-2024-001,05 SOUTHWEST,ER/NR,WITHDRAWN
GEN-2024-099,,,Castro,TX,Newhart 230 kV Substation,SPS,Solar - Photovoltaic,300.0,300.0,300.0,3/1/2025,Active,12/31/2031,,,,12/31/2030,12/31/2031,,DISIS-2024-001,05 SOUTHWEST,ER/NR,DISIS STAGE
GEN-2024-098,,,Wilbarger,TX,Tuco - Oklaunion 345 kV Line,SPS,Solar,400.0,408.0,408.0,3/1/2025,Withdrawn,12/31/2031,8/28/2025,,,12/31/2030,12/31/2031,,DISIS-2024-001,05 SOUTHWEST,ER/NR,WITHDRAWN
GEN-2024-097,,,Gray,KS,Ingalls 115 kV Substation,SUNC,Wind,150.0,153.0,153.0,3/1/2025,Withdrawn,12/31/2031,8/28/2025,,,12/31/2030,12/31/2031,,DISIS-2024-001,03 CENTRAL,ER/NR,WITHDRAWN
GEN-2024-096,,,Stevens,KS,Carpenter 345 kV Substation,SPS,Solar,200.0,200.0,200.0,3/1/2025,Withdrawn,12/31/2031,8/28/2025,,,12/31/2030,12/31/2031,,DISIS-2024-001,03 CENTRAL,ER/NR,WITHDRAWN
GEN-2024-095,,,Sumner,KS,Gill to Viola 138 kV Line,Evergy,Solar,200.0,200.0,200.0,3/1/2025,Withdrawn,12/31/2031,8/28/2025,,,12/31/2030,12/31/2031,,DISIS-2024-001,03 CENTRAL,ER/NR,WITHDRAWN
GEN-2024-094,,,Meade,KS,Cudahy 115 kV Substation,SUNC,Wind,200.0,202.5,202.5,3/1/2025,Withdrawn,6/30/2028,8/28/2025,,,6/30/2027,6/30/2028,,DISIS-2024-001,03 CENTRAL,ER/NR,WITHDRAWN
GEN-2024-093,,,Gray,KS,Ingalls 115 kV Substation,SUNC,Solar,180.0,184.0,184.0,3/1/2025,Withdrawn,6/30/2028,8/28/2025,,,6/30/2027,6/30/2028,,DISIS-2024-001,03 CENTRAL,ER/NR,WITHDRAWN
GEN-2024-092,,,Roosevelt,NM,Portales 115 kV Substation,SPS,Battery/Storage - Battery,199.5,199.5,199.5,10/30/2024,Withdrawn,12/31/2029,5/21/2026,,,6/1/2029,12/31/2029,,DISIS-2024-001,05 SOUTHWEST,ER/NR,WITHDRAWN
GEN-2024-091,,,Jasper,MO,145 JOPLIN WEST 7TH 161 kV Substation,EDE,Battery/Storage - Battery,100.0,100.0,100.0,10/30/2024,Withdrawn,3/1/2028,5/21/2026,,,2/15/2028,3/1/2028,,DISIS-2024-001,03 CENTRAL,ER/NR,WITHDRAWN
GEN-2024-090,,,Clay ,MO,Smithville 161 kV Substation,WERE,Battery/Storage - Battery,100.0,100.0,100.0,10/30/2024,Active,3/1/2028,,,,2/15/2028,3/1/2028,,DISIS-2024-001,03 CENTRAL,ER/NR,DISIS STAGE
GEN-2024-089,,,Cury,NM,Pleasant Hills 230 kV Substation,SPS,Wind - Wind,195.0,195.0,195.0,10/30/2024,Withdrawn,12/1/2029,5/21/2026,,,8/1/2029,12/1/2029,,DISIS-2024-001,05 SOUTHWEST,ER,WITHDRAWN
GEN-2024-088,,,Greene,MO,McCartney 161 kV Substation,SPRM,Thermal - Gas,145.0,145.0,145.0,10/30/2024,Active,1/1/2027,,,,12/18/2026,1/1/2027,,DISIS-2024-001,03 CENTRAL,ER/NR,DISIS STAGE
GEN-2024-087,,,Rogers,OK,Northeastern 345 kV Substation,AEP,Thermal - Gas,510.0,505.0,510.0,10/30/2024,Withdrawn,12/15/2029,,,,11/1/2029,12/15/2029,,DISIS-2024-001,04 SOUTHEAST,ER/NR,WITHDRAWN
GEN-2024-086,,,Duke,OK,Russell 138 kV Substation,WFEC,Solar,120.0,126.7,126.7,10/30/2024,Withdrawn,5/31/2029,9/17/2025,,,1/31/2029,5/31/2029,,DISIS-2024-001,04 SOUTHEAST,ER/NR,WITHDRAWN
GEN-2024-085,,,Rush,KS,Otis 115 kV Substation,SUNC,Solar - Photovoltaic,160.0,160.0,160.0,10/30/2024,Withdrawn,9/1/2029,5/21/2026,,,7/1/2029,9/1/2029,,DISIS-2024-001,03 CENTRAL,ER/NR,WITHDRAWN
GEN-2024-084,,,Lawrence,MO,Reeds Spring - Aurora 161 kV Line,EMDE,Battery/Storage - Battery,167.0,167.0,167.0,10/30/2024,Withdrawn,11/25/2028,5/21/2026,,,9/25/2028,11/25/2028,,DISIS-2024-001,03 CENTRAL,ER/NR,WITHDRAWN
GEN-2024-083,,,Choctaw,OK,Hugo 345 kV Substation,ITCGP,Solar - Photovoltaic,250.0,250.0,250.0,10/30/2024,Withdrawn,12/31/2029,5/21/2026,,,9/30/2029,12/31/2029,,DISIS-2024-001,04 SOUTHEAST,ER/NR,WITHDRAWN
GEN-2024-082,,,Williams,ND,Springbrook - Tande 345 kV Line,BEPC,Thermal - Gas,745.0,745.0,745.0,10/30/2024,Active,3/1/2030,,,,5/1/2029,3/1/2030,,DISIS-2024-001,01 NORTH,ER,DISIS STAGE
GEN-2024-081,,,Williams,ND,Springbrook - Tande 345 kV Line,BEPC,Thermal - Gas,745.0,745.0,745.0,10/30/2024,Active,2/1/2029,,,,4/1/2028,2/1/2029,,DISIS-2024-001,01 NORTH,ER,DISIS STAGE
GEN-2024-080,,,Clovis,NM,San Juan 230 kV Substation,SPS,Solar - Photovoltaic,250.0,250.0,250.0,10/30/2024,Withdrawn,12/1/2029,5/21/2026,,,10/1/2029,12/1/2029,,DISIS-2024-001,05 SOUTHWEST,ER/NR,WITHDRAWN
GEN-2024-079,,,Clovis,NM,San Juan 230 kV Substation,SPS,Solar - Photovoltaic,250.0,250.0,250.0,10/30/2024,Withdrawn,12/1/2029,5/21/2026,,,10/1/2029,12/1/2029,,DISIS-2024-001,05 SOUTHWEST,ER/NR,WITHDRAWN
GEN-2024-078,,,Stinnett,TX,Pringle 230 kV Substation,SPS,Solar - Photovoltaic,300.0,300.0,300.0,10/30/2024,Withdrawn,12/1/2029,5/21/2026,,,10/1/2029,12/1/2029,,DISIS-2024-001,05 SOUTHWEST,ER/NR,WITHDRAWN
GEN-2024-077,,,Stinnett,TX,Pringle 230 kV Substation,SPS,Solar - Photovoltaic,300.0,300.0,300.0,10/30/2024,Withdrawn,12/1/2029,5/21/2026,,,10/1/2029,12/1/2029,,DISIS-2024-001,05 SOUTHWEST,ER/NR,WITHDRAWN
GEN-2024-076,,,Burbon,KS,Neosho - LaCygne 345 kV Line,WERE,Solar - Photovoltaic,130.0,130.0,130.0,10/30/2024,Active,12/1/2029,,,,10/1/2029,12/1/2029,,DISIS-2024-001,03 CENTRAL,ER/NR,DISIS STAGE
GEN-2024-075,,,Sharon,OK,Woodward 345 kV Substation,OGE,Solar - Photovoltaic,300.0,300.0,300.0,10/30/2024,Withdrawn,12/1/2029,11/14/2025,,,10/1/2029,12/1/2029,,DISIS-2024-001,04 SOUTHEAST,ER/NR,WITHDRAWN
GEN-2024-074,,,Jackson,MO,Duncan Road 161 kV Substation,WERE,Battery/Storage - Battery,200.0,200.0,200.0,10/30/2024,Active,12/1/2028,,,,11/1/2028,12/1/2028,,DISIS-2024-001,03 CENTRAL,ER/NR,DISIS STAGE
GEN-2024-073,,,Lea,NM,Crossroads - Hobbs 345 kV Substation,NEETSW,Hybrid - Solar/Storage,500.0,500.0,500.0,10/30/2024,Withdrawn,12/1/2028,5/21/2026,,,9/1/2028,12/1/2028,,DISIS-2024-001,05 SOUTHWEST,ER/NR,WITHDRAWN
GEN-2024-072,,,Mitchell,KS,Beloit 115 kV Substation,SUNC,Solar - Photovoltaic,160.0,160.0,160.0,10/30/2024,Withdrawn,4/1/2029,5/21/2026,,,2/1/2029,4/1/2029,,DISIS-2024-001,03 CENTRAL,ER/NR,WITHDRAWN
GEN-2024-071,,,Cass,TX,West Atlanta - Atlanta 69 kV Line,AEP,Hybrid - Solar/Storage,75.0,75.0,75.0,10/30/2024,Active,7/1/2027,,,,5/15/2027,7/1/2027,,DISIS-2024-001,04 SOUTHEAST,ER/NR,DISIS STAGE
GEN-2024-070,,,Okfuskee,OK,Pharoah 138 kV Substation,WFEC,Wind - Wind,184.5,184.5,184.5,10/30/2024,Withdrawn,12/29/2028,12/5/2025,,,10/2/2028,12/29/2028,,DISIS-2024-001,04 SOUTHEAST,ER/NR,WITHDRAWN
GEN-2024-069,,,Crawford,KS,Franklin 69 kV Substation,WERE,Hybrid - Solar/Storage,228.0,228.0,228.0,10/30/2024,Withdrawn,12/31/2028,5/21/2026,,,9/30/2028,12/31/2028,,DISIS-2024-001,03 CENTRAL,ER/NR,WITHDRAWN
GEN-2024-068,,,Morris,TX,Lydia - Welsh 345 kV Line,AEP,Solar - Photovoltaic,300.0,300.0,300.0,10/30/2024,Active,12/29/2028,,,,10/2/2028,12/29/2028,,DISIS-2024-001,04 SOUTHEAST,ER/NR,DISIS STAGE
GEN-2024-067,,,Cloud,KS,Cirrus 345 kV Substation,ITCGP,Solar - Photovoltaic,380.0,380.0,380.0,10/30/2024,Active,7/1/2029,,,,5/1/2029,7/1/2029,,DISIS-2024-001,03 CENTRAL,ER/NR,DISIS STAGE
GEN-2024-066,,,Lawrence,MO,CPK446 5  161 kV Substation,EDE,Battery/Storage - Battery,199.0,199.0,199.0,10/30/2024,Withdrawn,12/31/2029,12/5/2025,,,8/31/2029,12/31/2029,,DISIS-2024-001,03 CENTRAL,ER/NR,WITHDRAWN
GEN-2024-065,,,Dodge,NE,FREMONT7 115 kV Substation,NPPD,Battery/Storage - Battery,150.0,150.0,150.0,10/30/2024,Active,12/31/2029,,,,8/31/2029,12/31/2029,,DISIS-2024-001,02 NEBRASKA,ER/NR,DISIS STAGE
GEN-2024-064,,,Dade,MO,Dadeville - Chesapeake 161 kV line,EDE,Hybrid - Solar/Storage,185.0,185.0,185.0,10/30/2024,Withdrawn,8/1/2030,,,,7/1/2030,8/1/2030,,DISIS-2024-001,03 CENTRAL,ER/NR,WITHDRAWN
GEN-2024-063,,,Lamb,TX,Plant X 230 kV Substation,SPS,Solar - Photovoltaic,256.0,256.0,256.0,10/30/2024,Withdrawn,12/31/2027,5/21/2026,,,10/31/2027,12/31/2027,,DISIS-2024-001,05 SOUTHWEST,ER/NR,WITHDRAWN
GEN-2024-062,,,Kingfisher ,OK,Dover SW 138 kV Substation,WFEC,Battery/Storage - Battery,230.0,230.0,230.0,10/30/2024,Withdrawn,12/31/2028,5/21/2026,,,11/1/2028,12/31/2028,,DISIS-2024-001,04 SOUTHEAST,ER/NR,WITHDRAWN
GEN-2024-061,,,Cowley,KS,Creswell 138 kV Substation,WERE,Battery/Storage - Battery,200.0,200.0,200.0,10/30/2024,Withdrawn,12/31/2028,5/21/2026,,,11/1/2028,12/31/2028,,DISIS-2024-001,03 CENTRAL,ER/NR,WITHDRAWN
GEN-2024-060,,,Nowata,OK,Northeastern - Delaware 345kV Line,AEP,Wind - Wind,250.0,250.0,250.0,10/30/2024,Withdrawn,3/15/2029,12/5/2025,,,12/15/2027,3/15/2029,,DISIS-2024-001,04 SOUTHEAST,ER,WITHDRAWN
GEN-2024-059,,,Stanley,SD,Oahe - Philip Tap 230 kV line,WAPA,Wind,200.0,216.49,216.49,10/30/2024,Withdrawn,12/29/2028,7/29/2025,,,10/2/2028,12/29/2028,,DISIS-2024-001,01 NORTH,ER/NR,WITHDRAWN
GEN-2024-058,,,Nowata,OK,Farmland - Delaware 138 kV line,AEP,Wind - Wind,200.0,200.0,200.0,10/30/2024,Withdrawn,12/29/2028,5/21/2026,,,10/2/2028,12/29/2028,,DISIS-2024-001,04 SOUTHEAST,ER/NR,WITHDRAWN
GEN-2024-057,,,Cass,TX,NWTXARK7 - WELSH 7 345 kV line,AEP,Solar - Photovoltaic,250.0,250.0,250.0,10/30/2024,Withdrawn,12/31/2029,12/5/2025,,,8/31/2029,12/31/2029,,DISIS-2024-001,04 SOUTHEAST,ER/NR,WITHDRAWN
GEN-2024-056,,,Noble,OK,Cow Creek - Morrison 138 kV line,OGE,Solar - Photovoltaic,120.0,120.0,120.0,10/30/2024,Active,12/31/2029,,,,8/31/2029,12/31/2029,,DISIS-2024-001,04 SOUTHEAST,ER/NR,DISIS STAGE
GEN-2024-055,,,Vernon,MO,Butler - Nevada 161 kV line,WERE,Solar - Photovoltaic,175.0,175.0,175.0,10/30/2024,Active,12/31/2029,,,,8/31/2029,12/31/2029,,DISIS-2024-001,03 CENTRAL,ER/NR,DISIS STAGE
GEN-2024-054,,,Cooper,MO,Overton - Sedalia East 161 kV line,WERE,Solar - Photovoltaic,120.0,120.0,120.0,10/30/2024,Active,12/31/2029,,,,8/31/2029,12/31/2029,,DISIS-2024-001,03 CENTRAL,ER/NR,DISIS STAGE
GEN-2024-053,,,Nodaway,MO,Mullin Creek 345 kV Substation,WERE,Thermal - Gas,450.6,425.1,450.6,10/30/2024,Withdrawn,1/1/2032,,,,6/1/2031,1/1/2032,,DISIS-2024-001,03 CENTRAL,ER/NR,WITHDRAWN
GEN-2024-052,,,Choctaw,OK,Unger - West Bank Tap 138 kV Line,WFEC,Hybrid - Solar/Storage,42.0,42.0,42.0,10/30/2024,Withdrawn,2/1/2029,5/21/2026,,,12/1/2028,2/1/2029,,DISIS-2024-001,04 SOUTHEAST,ER/NR,WITHDRAWN
GEN-2024-051,,,Lancaster,NE,Waverly-Alvo 115 kV Line,LES,Battery/Storage - Battery,170.0,170.0,170.0,10/30/2024,Withdrawn,5/17/2028,8/10/2026,,,3/17/2028,5/17/2028,,DISIS-2024-001,02 NEBRASKA,ER/NR,WITHDRAWN
GEN-2024-050,,,Castro,TX,Olson 230 kV Substation,SPS,Hybrid - Solar/Storage,300.0,300.0,300.0,10/30/2024,Withdrawn,12/31/2028,5/21/2026,,,11/30/2028,12/31/2028,,DISIS-2024-001,05 SOUTHWEST,ER/NR,WITHDRAWN
GEN-2024-049,,,Ford,KS,Holcomb - Spearville 345 kV line,SUNC,Battery/Storage - Battery,199.0,199.0,199.0,10/30/2024,Withdrawn,12/1/2028,,,,10/1/2028,12/1/2028,,DISIS-2024-001,03 CENTRAL,ER/NR,WITHDRAWN
GEN-2024-048,,,Ford,KS,Holcomb - Spearville 345 kV line,SUNC,Battery/Storage - Battery,199.0,199.0,199.0,10/30/2024,Withdrawn,12/1/2028,12/7/2025,,,10/1/2028,12/1/2028,,DISIS-2024-001,03 CENTRAL,ER/NR,WITHDRAWN
GEN-2024-047,,,McPherson,KS,Johns-Manville 115 kV Substation,Evergy,Thermal - Gas,123.73,122.0,131.0,10/30/2024,Withdrawn,6/1/2031,7/2/2025,,,1/1/2031,6/1/2031,,DISIS-2024-001,03 CENTRAL,ER/NR,WITHDRAWN
GEN-2024-046,,,Hansford,TX,Hitchland-Moore 230 kV line,SPS,Solar - Photovoltaic,345.0,345.0,345.0,10/30/2024,Withdrawn,12/1/2029,5/21/2026,,,10/1/2029,12/1/2029,,DISIS-2024-001,05 SOUTHWEST,ER/NR,WITHDRAWN
GEN-2024-045,,,Hansford,TX,Hitchland - Moore 230kV line,SPS,Solar - Photovoltaic,345.0,345.0,345.0,10/30/2024,Withdrawn,12/1/2029,5/21/2026,,,10/1/2029,12/1/2029,,DISIS-2024-001,05 SOUTHWEST,ER/NR,WITHDRAWN
GEN-2024-044,,,Parish Caddo ,LA,Hosston - Plain Dealing 69 kV Line,AEP,Hybrid - Solar/Storage,36.0,36.0,36.0,10/30/2024,Withdrawn,7/1/2027,5/21/2026,,,5/15/2027,7/1/2027,,DISIS-2024-001,04 SOUTHEAST,ER/NR,WITHDRAWN
GEN-2024-043,,,Roosevelt,NM,Crossroads - Tolk 345 kV Line,SPS,Wind - Wind,250.0,250.0,250.0,10/30/2024,Active,12/31/2029,,,,9/15/2029,12/31/2029,,DISIS-2024-001,05 SOUTHWEST,ER/NR,DISIS STAGE
GEN-2024-042,,,Floyd,TX,Tuco - Whirlwind 345 kV line,SPS,Wind - Wind,250.0,250.0,250.0,10/30/2024,Active,7/1/2028,,,,10/15/2027,7/1/2028,,DISIS-2024-001,05 SOUTHWEST,ER/NR,DISIS STAGE
GEN-2024-041,,,Floyd,TX,Tuco - Whirlwind 345 kV Line,SPS,Wind - Wind,250.0,250.0,250.0,10/30/2024,Active,12/31/2029,,,,10/1/2029,12/31/2029,,DISIS-2024-001,05 SOUTHWEST,ER/NR,DISIS STAGE
GEN-2024-040,,,Nemaha,NE,S3458 to Cooper 345 kV line,OPPD,Solar - Photovoltaic,174.0,174.0,174.0,10/30/2024,Withdrawn,12/31/2029,5/21/2026,,,10/1/2029,12/31/2029,,DISIS-2024-001,02 NEBRASKA,ER/NR,WITHDRAWN
GEN-2024-039,,,Nemaha,NE,Humboldt - S1280 161 kV line,OPPD,Solar - Photovoltaic,250.0,250.0,250.0,10/30/2024,Withdrawn,12/31/2029,5/21/2026,,,10/1/2029,12/31/2029,,DISIS-2024-001,02 NEBRASKA,ER/NR,WITHDRAWN
GEN-2024-038,,,Nemaha,NE,Cooper - S12080 161 kV line,OPPD,Solar - Photovoltaic,300.0,300.0,300.0,10/30/2024,Withdrawn,12/31/2029,5/21/2026,,,10/1/2029,12/31/2029,,DISIS-2024-001,02 NEBRASKA,ER/NR,WITHDRAWN
GEN-2024-037,,,Newton,MO,Flint Creek - Brookline 345 kV line,EMDE,Wind,200.0,216.48,216.48,10/30/2024,Withdrawn,12/31/2029,8/11/2025,,,10/1/2029,12/31/2029,,DISIS-2024-001,03 CENTRAL,ER/NR,WITHDRAWN
GEN-2024-036,,,Colfax,NE,Schuyler- North Bend 115 kV line,NPPD,Wind,150.0,162.36,162.36,10/30/2024,Withdrawn,12/31/2029,7/29/2025,,,10/1/2029,12/31/2029,,DISIS-2024-001,02 NEBRASKA,ER/NR,WITHDRAWN
GEN-2024-035,,,Brown,SD,Groton 345 kV Substation,BEPC,Hybrid - Solar/Storage,270.0,270.0,270.0,10/30/2024,Active,12/30/2027,,,,9/1/2027,12/30/2027,,DISIS-2024-001,01 NORTH,ER/NR,DISIS STAGE
GEN-2024-034,,,Sargent,ND,Forman 115 kV Substation,WAPA,Battery/Storage - Battery,175.0,175.0,175.0,10/30/2024,Withdrawn,7/1/2029,5/21/2026,,,3/1/2029,7/1/2029,,DISIS-2024-001,01 NORTH,ER/NR,WITHDRAWN
GEN-2024-033,,,Vernon,MO,Nevada-Butler 161 kV Line,WERE,Solar,225.0,225.0,225.0,10/30/2024,Withdrawn,12/31/2028,12/3/2025,,,11/30/2028,12/31/2028,,DISIS-2024-001,03 CENTRAL,ER/NR,WITHDRAWN
GEN-2024-032,,,Stevens,KS,Hugoton 115 kV Substation,SUNC,Solar - Photovoltaic,250.0,250.0,250.0,10/30/2024,Withdrawn,12/31/2028,5/21/2026,,,11/1/2028,12/31/2028,,DISIS-2024-001,03 CENTRAL,ER/NR,WITHDRAWN
GEN-2024-031,,,Marshall,OK,Russett-S.Brown 138 kV Line,WFEC,Solar,220.0,220.0,220.0,10/30/2024,Withdrawn,12/31/2028,12/7/2025,,,11/1/2028,12/31/2028,,DISIS-2024-001,04 SOUTHEAST,ER/NR,WITHDRAWN
GEN-2024-030,,,Gray,KS,Santa Fe 115 kV Substation,SUNC,Solar - Photovoltaic,150.0,150.0,150.0,10/30/2024,Withdrawn,12/31/2028,5/21/2026,,,11/1/2028,12/31/2028,,DISIS-2024-001,03 CENTRAL,ER/NR,WITHDRAWN
GEN-2024-029,,,Logan,OK,Crescent 138 kV Substation,OGE,Battery/Storage - Battery,150.0,150.0,150.0,10/30/2024,Withdrawn,12/31/2028,5/21/2026,,,11/1/2028,12/31/2028,,DISIS-2024-001,04 SOUTHEAST,ER/NR,WITHDRAWN
GEN-2024-028,,,Nodaway,MO,Mullin Creek 345 kV Substation,WERE,Thermal - Gas,450.6,425.1,450.6,10/30/2024,Withdrawn,1/1/2030,,,,6/1/2029,1/1/2030,,DISIS-2024-001,03 CENTRAL,ER/NR,WITHDRAWN
GEN-2024-027,,,Reno,KS,Reno County 345 kV Substation #1443,WERE,Thermal - Gas,717.8,690.4,717.8,10/30/2024,Withdrawn,1/1/2030,,,,6/1/2029,1/1/2030,,DISIS-2024-001,03 CENTRAL,ER/NR,WITHDRAWN
GEN-2024-026,,,Sumner,KS,Viola 345 kV Substation,WERE,Thermal - Gas,721.1,693.2,721.1,10/30/2024,Withdrawn,1/1/2029,,,,1/6/2028,1/1/2029,,DISIS-2024-001,03 CENTRAL,ER/NR,WITHDRAWN
GEN-2024-025,,,Bowie,TX,Lydia 345 kV Substation,AEP,Solar - Photovoltaic,150.0,150.0,150.0,10/30/2024,Active,12/31/2030,,,,6/1/2030,12/31/2030,,DISIS-2024-001,04 SOUTHEAST,ER/NR,DISIS STAGE
GEN-2024-024,,,Woodward,OK,Iodine - Mooreland Switchyard 138 kV,WFEC,Hybrid - Solar/Storage,100.0,100.0,100.0,10/30/2024,Withdrawn,7/1/2028,12/7/2025,,,5/1/2028,7/1/2028,,DISIS-2024-001,04 SOUTHEAST,ER/NR,WITHDRAWN
GEN-2024-023,,,Gage,NE,New Beatrice Power Station 345 kV,NPPD,Thermal - Gas,270.0,270.0,270.0,10/30/2024,Active,12/31/2030,,,,9/30/2030,12/31/2030,,DISIS-2024-001,02 NEBRASKA,ER/NR,DISIS STAGE
GEN-2024-022,,,Gage,NE,New Beatrice Power Station 345 kV,NPPD,Thermal - Gas,390.0,390.0,390.0,10/30/2024,Active,12/31/2030,,,,9/30/2030,12/31/2030,,DISIS-2024-001,02 NEBRASKA,ER/NR,DISIS STAGE
GEN-2024-021,,,Lancaster,NE,Olive Creek 345 kV Substation,NPPD,Thermal - Gas,540.0,540.0,540.0,10/30/2024,Active,12/31/2030,,,,9/30/2030,12/31/2030,,DISIS-2024-001,02 NEBRASKA,ER/NR,DISIS STAGE
GEN-2024-020,,,Lancaster,NE,Olive Creek 345 kV Substation,NPPD,Thermal - Gas,390.0,390.0,390.0,10/30/2024,Active,12/31/2030,,,,9/30/2030,12/31/2030,,DISIS-2024-001,02 NEBRASKA,ER/NR,DISIS STAGE
GEN-2024-019,,,Gage,NE,New Beatrice Power Station 345 kV Substation,NPPD,Thermal - Gas,62.0,62.0,62.0,10/30/2024,Active,12/31/2030,,,,9/30/2030,12/31/2030,,DISIS-2024-001,02 NEBRASKA,ER/NR,DISIS STAGE
GEN-2024-018,,,Gage,NE,New Beatrice Power Station 345 kV,NPPD,Thermal - Gas,31.0,31.0,31.0,10/30/2024,Active,12/31/2030,,,,9/30/2030,12/31/2030,,DISIS-2024-001,02 NEBRASKA,ER/NR,DISIS STAGE
GEN-2024-017,,,Lancaster,NE,Olive Creek 345 kV Substation,NPPD,Thermal - Gas,62.0,62.0,62.0,10/30/2024,Active,12/31/2030,,,,9/30/2030,12/31/2030,,DISIS-2024-001,02 NEBRASKA,ER/NR,DISIS STAGE
GEN-2024-016,,,Smith,KS,Post Rock - Macon 345 kV Line,ITCGP,Wind - Wind,300.0,300.0,300.0,10/30/2024,Withdrawn,12/29/2028,5/21/2026,,,10/2/2028,12/29/2028,,DISIS-2024-001,03 CENTRAL,ER/NR,WITHDRAWN
GEN-2024-015,,,Yoakum,TX,Sundown-Amaco-Yoakum 230 kV Substation,SPS,Hybrid - Solar/Storage,280.0,280.0,280.0,10/4/2024,Active,12/1/2028,,,,9/1/2028,12/1/2028,,DISIS-2024-001,05 SOUTHWEST,ER/NR,DISIS STAGE
GEN-2024-013,,,McClain,OK,Norman Hills 345 kV,OGE,Thermal - CT,496.0,496.0,496.0,8/2/2024,Active,1/1/2030,,,,4/1/2029,1/1/2030,,DISIS-2024-001,04 SOUTHEAST,ER/NR,DISIS STAGE
GEN-2024-012,,,Oklahoma ,OK,Horseshoe Lake 138 kV,OGE,Thermal - Gas,496.0,474.4,495.6,8/2/2024,Withdrawn,1/1/2029,,,,4/1/2028,1/1/2029,,DISIS-2024-001,04 SOUTHEAST,ER/NR,WITHDRAWN
GEN-2024-011,,,Lea,NM,Lea County 115 kV Substation,LCEC,Solar,150.0,150.0,150.0,12/29/2023,Withdrawn,12/29/2026,12/5/2025,,,2/1/2026,12/29/2026,,DISIS-2024-001,05 SOUTHWEST,ER/NR,WITHDRAWN
GEN-2024-010,,,Lea,NM,Eddy North - Cunningham 230 kV Line,SPS,Solar,150.0,150.0,150.0,12/29/2023,Withdrawn,12/28/2026,12/5/2025,,,2/1/2026,12/28/2026,,DISIS-2024-001,05 SOUTHWEST,ER/NR,WITHDRAWN
GEN-2024-009,,,Lea,NM,Hobbs - Ink Basin 230kV line,SPS,Solar,150.0,150.0,150.0,1/2/2024,Withdrawn,12/30/2026,12/5/2025,,,2/26/2026,12/30/2026,,DISIS-2024-001,05 SOUTHWEST,ER/NR,WITHDRAWN
GEN-2024-008,,,Lea,NM,Lea Rd 115 kV Substation,SPS,Solar,150.0,150.0,150.0,12/29/2023,Withdrawn,12/28/2026,12/5/2025,,,2/1/2026,12/28/2026,,DISIS-2024-001,05 SOUTHWEST,ER/NR,WITHDRAWN
GEN-2024-007,,,Stafford ,KS,Seward 115 kV Substation,MIDW,Hybrid - Solar/Storage,80.0,80.0,80.0,4/30/2024,Withdrawn,12/31/2028,5/21/2026,,,1/30/2028,12/31/2028,,DISIS-2024-001,03 CENTRAL,ER/NR,WITHDRAWN
GEN-2024-006,,,Lawrence,AR,Jonesboro - Water Valley 161 kV ,SWPA,Solar,100.0,100.0,100.0,4/25/2024,Withdrawn,12/31/2029,,,,8/15/2029,12/31/2029,,DISIS-2024-001,04 SOUTHEAST,ER/NR,WITHDRAWN
GEN-2024-005,,,Andrew ,MO,Midway - Avenue City 161 kV ,WERE,Solar,150.0,150.0,150.0,4/25/2024,Withdrawn,12/31/2029,12/5/2025,,,8/15/2029,12/31/2029,,DISIS-2024-001,03 CENTRAL,ER/NR,WITHDRAWN
GEN-2024-004,,,Cooper ,MO,Overton - Sedalia East 161 kV Substation,Evergy,Solar,20.0,20.0,20.0,4/25/2024,Withdrawn,10/1/2026,12/4/2024,,,8/1/2026,10/1/2026,,DISIS-2024-001,03 CENTRAL,ER/NR,WITHDRAWN
GEN-2024-003,,,Franklin,AR,Fitzhugh 161kV,AECC,Thermal - CT,102.2,102.2,102.2,4/25/2024,Active,11/7/2025,,,,9/12/2025,11/7/2025,,DISIS-2024-001,04 SOUTHEAST,ER,DISIS STAGE
GEN-2024-002,,,Roosevelt,NM,Curry County - Oasis 115 kV line,SPS,Solar,90.0,90.0,90.0,2/2/2024,Withdrawn,9/30/2029,,,,5/27/2029,9/30/2029,,DISIS-2024-001,05 SOUTHWEST,ER/NR,WITHDRAWN
GEN-2024-001,,,Curry,NM,Curry County 115 kV Substation,SPS,Solar,100.0,100.0,100.0,2/2/2024,Withdrawn,9/30/2029,,,,5/27/2029,9/30/2029,,DISIS-2024-001,05 SOUTHWEST,ER/NR,WITHDRAWN
GEN-2023-SR9,,,Lorenzo,TX,Tap Floyd County Interchange and Crosby County Interchange 115kV Line,Xcel,Battery/Storage,50.0,50.0,50.0,2/13/2023,Completed,6/1/2026,,,,,6/1/2026,,Surplus,05 SOUTHWEST,ER,IA FULLY EXECUTED/ON SCHEDULE
GEN-2023-SR8,,,Gruver,TX,Hitchland 345 kV Substation,Xcel,Battery/Storage,200.0,200.0,200.0,2/13/2023,Completed,6/1/2026,,,,,6/1/2026,,Surplus,05 SOUTHWEST,ER,IA FULLY EXECUTED/ON SCHEDULE
GEN-2023-SR7,,,Wayne Co,NE,Hoskins 345 kV Substation,NPPD,Battery/Storage,135.0,135.0,135.0,12/16/2022,Active,12/31/2024,,,,,12/31/2024,,Surplus,02 NEBRASKA,ER,IA PENDING
GEN-2023-SR6,,,Wayne Co,NE,Hoskins 345 kV Substation,NPPD,Solar,100.24,100.24,100.24,12/16/2022,Withdrawn,12/31/2024,10/26/2023,,,,12/31/2024,,Surplus,02 NEBRASKA,ER,WITHDRAWN
GEN-2023-SR5,,,Seiling,OK,Tatonga 345 kV Substation,OGE,Battery/Storage,85.0,85.0,85.0,12/15/2022,Completed,6/1/2026,,,,,6/1/2026,,Surplus,04 SOUTHEAST,ER,IA FULLY EXECUTED/ON SCHEDULE
GEN-2023-SR4,,,Burke,ND,Tande 345 kV Substation,BEPC,Battery/Storage,170.0,170.0,170.0,12/15/2022,Completed,6/1/2026,,,,,6/1/2026,,Surplus,01 NORTH,ER,IA FULLY EXECUTED/ON SCHEDULE
GEN-2023-SR3,,,Blackwell,OK,Nardin 69 kV Substation,OGE,Battery/Storage,50.0,50.0,50.0,12/15/2022,Withdrawn,12/31/2024,4/27/2023,,,,12/31/2024,,Surplus,04 SOUTHEAST,ER,WITHDRAWN
GEN-2023-SR28,,,Ford,KS,115 kV Fort Dodge Substation,SUNC,Solar,150.0,150.0,150.0,10/6/2023,Completed,4/20/2026,,,,,4/20/2026,,Surplus,03 CENTRAL,ER ,IA FULLY EXECUTED/COMMERCIAL OPERATION
GEN-2023-SR27,,,Mayes County,OK,GRDA1 to CLARMR 5 161kV line,GRDA,Battery/Storage,101.5,101.5,101.5,7/12/2023,Completed,6/1/2028,,,,12/1/2021,6/1/2028,,Surplus,04 SOUTHEAST,ER,IA FULLY EXECUTED/ON SCHEDULE
GEN-2023-SR26,,,Mayes County,OK,Pryor Junction 138kV sub,AEP,Battery/Storage,72.5,72.5,72.5,7/12/2023,Withdrawn,12/9/2024,6/5/2026,,,12/1/2021,12/9/2024,,Surplus,04 SOUTHEAST,ER,WITHDRAWN
GEN-2023-SR25,,,Mayes County,OK,Dry Gulch 161kV sub,GRDA,Battery/Storage,72.5,72.5,72.5,7/12/2023,Completed,12/31/2028,,,,12/1/2021,12/31/2028,,Surplus,04 SOUTHEAST,ER,IA FULLY EXECUTED/ON SCHEDULE
GEN-2023-SR24,,,Oklahoma City,OK,"138 KV substation at Horeshoe Lake, specifically Horseshoe Lake 8 (OKGEHL8)",OGE,Thermal,25.0,25.0,25.0,3/27/2023,Withdrawn,5/1/2026,9/7/2023,,,,5/1/2026,,Surplus,04 SOUTHEAST,ER/NR,WITHDRAWN
GEN-2023-SR23,,,Caddo Parrish,LA,138 kV G16-167-TAP Station (Bus# 588404); Tapping North Benton (Bus# 508811) to Lieberman (bus# 508806) Transmission Line,AEP,Battery/Storage,73.5,73.5,73.5,6/20/2023,Withdrawn,12/1/2025,,,,,12/1/2025,,Surplus,04 SOUTHEAST,ER/NR,WITHDRAWN
GEN-2023-SR22,,,Mayes County,OK,Explorer Claremore Tap COOYYAH4,AEP,Battery/Storage,124.7,124.7,124.7,6/20/2023,Withdrawn,12/6/2024,6/5/2026,,,,12/6/2024,,Surplus,04 SOUTHEAST,ER,WITHDRAWN
GEN-2023-SR21,,,Oklahoma City,OK,"138 KV substation at Horeshoe Lake, specifically Horseshoe Lake 7 (OKGEHL7)",OGE,Thermal,235.0,235.0,235.0,3/24/2023,Withdrawn,5/1/2026,9/7/2023,,,,5/1/2026,,Surplus,04 SOUTHEAST,ER/NR,WITHDRAWN
GEN-2023-SR20,,,Custer/Wasita,OK,Weatherford 138 kV Substation,AEP,Battery/Storage,120.0,120.0,120.0,6/21/2023,Active,6/1/2025,,,,,6/1/2025,,Surplus,04 SOUTHEAST,ER,IA PENDING
GEN-2023-SR2,,,,OK,Minco 345 kV Substation,OGE,Battery/Storage,85.0,85.0,85.0,11/30/2022,Withdrawn,12/31/2024,10/26/2023,,,,12/31/2024,,Surplus,04 SOUTHEAST,ER,WITHDRAWN
GEN-2023-SR19,,,Jefferson County,NE,Steele City 115 kV,NPPD,Battery/Storage,50.0,50.0,50.0,6/21/2023,Completed,11/1/2027,,,,,11/1/2027,,Surplus,02 NEBRASKA,ER,IA FULLY EXECUTED/ON SCHEDULE
GEN-2023-SR18,,,Grady County,OK,Minco 345 kV,OGE,Battery/Storage,80.0,80.0,80.0,6/20/2023,Completed,4/15/2025,,,,,4/15/2025,,Surplus,04 SOUTHEAST,ER,IA FULLY EXECUTED/COMMERCIAL OPERATION
GEN-2023-SR17,,,Carson County,TX,Martin 115 kV Substation,Xcel/SPS,Battery/Storage,120.0,120.0,120.0,6/21/2023,Withdrawn,6/1/2025,12/1/2023,,,,6/1/2025,,Surplus,05 SOUTHWEST,ER,WITHDRAWN
GEN-2023-SR16,,,Woodward and Harper Counties,OK,Tap Mooreland to Woodward 138 kV Line (FPLSwitch 138 kV Substation),OG&E,Battery/Storage,70.0,70.0,70.0,4/26/2023,Completed,5/16/2025,,,,,5/16/2025,,Surplus,04 SOUTHEAST,ER,IA FULLY EXECUTED/COMMERCIAL OPERATION
GEN-2023-SR15,,,Choctaw County,OK,Hugo Power Plant 138 kV Substation,WFEC,Battery/Storage,50.0,50.0,50.0,3/27/2023,,6/1/2026,,,,,6/1/2026,,Surplus,04 SOUTHEAST,ER/NR,TERMINATED
GEN-2023-SR14,,,Hays,KS,South Hays 230kV Substation,MIDW,,165.0,165.0,165.0,2/28/2023,Withdrawn,6/1/2025,10/26/2023,,,,6/1/2025,,Surplus,03 CENTRAL,ER,WITHDRAWN
GEN-2023-SR13,,,Garfield County,OK,Breckinridge 138 kV Substation,OG&E,Battery/Storage,70.0,70.0,70.0,1/26/2023,Completed,4/15/2025,,,,,4/15/2025,,Surplus,04 SOUTHEAST,ER,IA FULLY EXECUTED/COMMERCIAL OPERATION
GEN-2023-SR12,,,Whiteface,TX,Tap Cochran to Lehman 115 kV Line,Xcel,Battery/Storage,120.0,120.0,120.0,2/13/2023,Completed,9/30/2025,,,,,9/30/2025,,Surplus,05 SOUTHWEST,ER,IA FULLY EXECUTED/ON SCHEDULE
GEN-2023-SR11,,,Balko,OK,Beaver County 345 kV Substation,OG&E,Battery/Storage,200.0,200.0,200.0,2/13/2023,Withdrawn,6/1/2025,12/1/2023,,,,6/1/2025,,Surplus,05 SOUTHWEST,ER,WITHDRAWN
GEN-2023-SR10,,,Oakwood,OK,Tatonga 345 kV Substation,OG&E,Battery/Storage,160.0,160.0,160.0,2/13/2023,Withdrawn,6/1/2025,10/26/2023,,,,6/1/2025,,Surplus,04 SOUTHEAST,ER,WITHDRAWN
GEN-2023-SR1,,,Brown,NE,Ainsworth Wind 115 kV,NPPD,Thermal,21.9,21.9,21.9,12/5/2022,Completed,6/21/2024,,,,10/1/2005,6/21/2024,,Surplus,02 NEBRASKA,ER/NR,IA FULLY EXECUTED/ON SCHEDULE
GEN-2023-GR6,,,Carnegie,OK,Washita 138kV,WFEC,Wind,74.25,74.25,74.25,7/14/2023,Withdrawn,12/31/2024,8/30/2024,,,,12/31/2024,7/18/2024,Replacement,04 SOUTHEAST,ER,WITHDRAWN
GEN-2023-GR5,,,Lamb County,TX,Plant X 115 kV Substation,Xcel/SPS,Solar,150.0,150.0,150.0,7/18/2023,Completed,4/1/2026,,,,,4/1/2026,8/11/2022,Replacement,05 SOUTHWEST,ER,IA FULLY EXECUTED/ON SCHEDULE
GEN-2023-GR4,,,Lea County,NM,Cunningham 115kV,Xcel/SPS,Solar,72.0,72.0,72.0,7/5/2023,Completed,4/1/2026,,,,,4/1/2026,7/13/2022,Replacement,05 SOUTHWEST,ER,IA FULLY EXECUTED/COMMERCIAL OPERATION
GEN-2023-GR3,,,Quay County,NM,Norton 115 kV,Xcel/SPS,Wind,80.0,80.0,80.0,6/30/2023,Completed,12/27/2024,,,,12/1/2004,12/27/2024,9/16/2024,Replacement,05 SOUTHWEST,ER/NR,IA FULLY EXECUTED/COMMERCIAL OPERATION
GEN-2023-GR2,,,Oklahoma City,OK,Tinker Air Force Base 138kV,OG&E,Thermal - Gas,94.242,84.926,94.242,2/17/2023,Completed,5/1/2026,,,,,5/1/2026,4/1/2026,Replacement,04 SOUTHEAST,ER,IA FULLY EXECUTED/ON SCHEDULE
GEN-2023-GR1,,,Anadarko,OK,Anadarko Power Plant 69 kV,WFEC,Thermal - Gas,97.488,97.488,95.64,1/9/2023,Completed,12/1/2025,,,,,12/1/2025,11/30/2025,Replacement,04 SOUTHEAST,ER,IA FULLY EXECUTED/ON SCHEDULE
GEN-2023-241,,,Franklin & Wood,TX,Winnsboro 138 kV Substation,AEP,Solar,93.0,93.0,93.0,10/2/2023,Active,4/19/2029,,,,8/28/2027,4/19/2029,,DISIS-2023-001,04 SOUTHEAST,ER,IA PENDING
GEN-2023-240,,,Bailey,TX,Tolk 345 kV Substation,SPS,Solar,550.0,550.0,550.0,10/2/2023,Withdrawn,12/31/2030,4/22/2024,,,1/15/2030,12/31/2030,,DISIS-2023-001,05 SOUTHWEST,ER/NR,WITHDRAWN
GEN-2023-239,,,Potter,TX,Rolling Hills 230 kV Substation,SPS,Solar,300.0,300.0,300.0,10/2/2023,Withdrawn,12/31/2030,4/22/2024,,,1/15/2030,12/31/2030,,DISIS-2023-001,05 SOUTHWEST,ER/NR,WITHDRAWN
GEN-2023-238,,,Potter,TX,Potter County 345 kV Substation,SPS,Solar,280.0,280.0,280.0,10/2/2023,Withdrawn,12/31/2030,4/22/2024,,,1/15/2030,12/31/2030,,DISIS-2023-001,05 SOUTHWEST,ER/NR,WITHDRAWN
GEN-2023-237,,,Hale,TX,Crawfish Draw 345 kV Substation,SPS,Wind,500.0,500.0,500.0,10/2/2023,Withdrawn,12/31/2030,8/25/2025,,,1/15/2030,12/31/2030,,DISIS-2023-001,05 SOUTHWEST,ER/NR,WITHDRAWN
GEN-2023-236,,,Lea,NM,Hobbs - Yoakum 345 kV,SPS,Solar,400.0,400.0,400.0,10/2/2023,Withdrawn,12/31/2030,8/25/2025,,,1/15/2030,12/31/2030,,DISIS-2023-001,05 SOUTHWEST,ER/NR,WITHDRAWN
GEN-2023-235,,,Benton,AR,Chamber Springs 345 kV Substation,AEP,Battery/Storage,250.0,250.0,250.0,10/2/2023,Withdrawn,11/15/2025,3/8/2024,,,8/15/2025,11/15/2025,,DISIS-2023-001,04 SOUTHEAST,ER/NR,WITHDRAWN
GEN-2023-234,,,Barry,MO,Monett 161 kV Substation,EDE,Battery/Storage,74.9,74.9,74.9,10/2/2023,Withdrawn,11/15/2025,11/27/2023,,,8/15/2025,11/15/2025,,DISIS-2023-001,03 CENTRAL,ER/NR,WITHDRAWN
GEN-2023-233,,,Jasper,MO,Joplin 389 and Silver Creek 469 161 kV Line,EDE,Battery/Storage,74.9,74.9,74.9,10/2/2023,Withdrawn,11/15/2025,11/20/2023,,,12/15/2025,11/15/2025,,DISIS-2023-001,03 CENTRAL,ER/NR,WITHDRAWN
GEN-2023-232,,,Benton,AR,Shipe Road 161 kV Substation,AEP,Battery/Storage,90.0,90.0,90.0,10/2/2023,Withdrawn,11/15/2025,12/21/2023,,,8/15/2025,11/15/2025,,DISIS-2023-001,04 SOUTHEAST,ER/NR,WITHDRAWN
GEN-2023-231,,,Crawford,KS,Neosho - LaCynge 345 kV Line,Evergy,Hybrid - Wind/Storage,310.0,310.0,310.0,10/2/2023,Withdrawn,12/1/2028,8/25/2025,,,5/1/2028,12/1/2028,,DISIS-2023-001,03 CENTRAL,ER,WITHDRAWN
GEN-2023-230,,,Bossier,LA,Red Pointe 138 kV Substation,AEP,Hybrid - Solar/Storage,150.0,150.0,150.0,10/2/2023,Active,11/19/2028,,,,2/4/2028,11/19/2028,,DISIS-2023-001,04 SOUTHEAST,ER/NR,IA PENDING
GEN-2023-229,,,Caddo,OK,Southwestern Power Station 138 kV Substation (SWS4),AEP,Wind,230.0,230.0,230.0,10/2/2023,Completed,12/31/2029,,,,4/1/2028,12/31/2029,,DISIS-2023-001,04 SOUTHEAST,ER/NR,IA FULLY EXECUTED/ON SCHEDULE
GEN-2023-228,,,Cottle,TX,Tuco-Okalunion 345 kV line,SPS,Battery/Storage,250.0,250.0,250.0,10/2/2023,Withdrawn,12/1/2026,8/25/2025,,,8/15/2026,12/1/2026,,DISIS-2023-001,05 SOUTHWEST,ER/NR,WITHDRAWN
GEN-2023-227,,,Titus,TX,Petty to Chapel 138 kV Line,AEP,Battery/Storage,200.0,200.0,200.0,10/2/2023,Withdrawn,9/1/2026,8/25/2025,,,5/1/2026,9/1/2026,,DISIS-2023-001,04 SOUTHEAST,ER/NR,WITHDRAWN
GEN-2023-226,,,Jasper,MO,La Russell 161 kV Substation,EDE,Battery/Storage,200.0,200.0,200.0,10/2/2023,Withdrawn,12/31/2026,3/26/2024,,,9/30/2026,12/31/2026,,DISIS-2023-001,03 CENTRAL,ER/NR,WITHDRAWN
GEN-2023-225,,,Lancaster,NE,Olive Creek 345 kV Substation,NPPD,Thermal - RICE,217.0,217.0,217.0,10/2/2023,Completed,6/1/2029,,,,3/1/2027,6/1/2029,,DISIS-2023-001,02 NEBRASKA,ER,IA FULLY EXECUTED/ON SCHEDULE
GEN-2023-224,,,Lancaster,NE,Olive Creek 345 kV Substation,NPPD,Thermal - CTG,478.0,478.0,478.0,10/2/2023,Completed,6/1/2029,,,,3/1/2027,6/1/2029,,DISIS-2023-001,02 NEBRASKA,ER,IA FULLY EXECUTED/ON SCHEDULE
GEN-2023-223,,,Gage ,NE,New Beatrice Power Station 345 kV,NPPD,Thermal - CTG,239.0,239.0,239.0,10/2/2023,Completed,6/1/2033,,,,3/1/2027,6/1/2033,,DISIS-2023-001,02 NEBRASKA,ER/NR,IA FULLY EXECUTED/ON SCHEDULE
GEN-2023-222,,,Gage,NE,New Beatrice Power Station 345 kV,NPPD,Thermal - CTG,478.0,478.0,478.0,10/2/2023,Completed,6/1/2033,,,,3/1/2027,6/1/2033,,DISIS-2023-001,02 NEBRASKA,ER/NR,IA FULLY EXECUTED/ON SCHEDULE
GEN-2023-221,,,Osage,KS,Emporia Energy Center - Swissvale 345 kV Line,WERE,Solar,250.0,250.0,250.0,10/2/2023,,12/1/2029,,,,9/1/2029,12/1/2029,,DISIS-2023-001,03 CENTRAL,ER/NR,FACILITY STUDY STAGE
GEN-2023-220,,,Osage,KS,Emporia Energy Center - Swissvale 345 kV Line,WERE,Solar,250.0,250.0,250.0,10/2/2023,,12/1/2029,,,,8/1/2029,12/1/2029,,DISIS-2023-001,03 CENTRAL,ER/NR,FACILITY STUDY STAGE
GEN-2023-219,,,Osage,KS,Reading - Osage Jct 115 kV Line,Evergy,Solar,125.0,125.0,125.0,10/2/2023,Withdrawn,12/1/2029,8/25/2025,,,8/1/2029,12/1/2029,,DISIS-2023-001,03 CENTRAL,ER/NR,WITHDRAWN
GEN-2023-218,,,Knox and Cedar,NE,Hoskins 345 kV Substation via Turtle Creek 345 kV Substation ,NPPD,Wind,200.0,200.0,200.0,10/2/2023,Withdrawn,12/31/2026,8/25/2025,,,9/30/2026,12/31/2026,,DISIS-2023-001,02 NEBRASKA,ER/NR,WITHDRAWN
GEN-2023-217,,,Knox and Cedar,NE,Hoskins 345 kV Substation via Turtle Creek 345 kV Substation ,NPPD,Wind,200.0,200.0,200.0,10/2/2023,Withdrawn,12/31/2026,8/25/2025,,,9/30/2026,12/31/2026,,DISIS-2023-001,02 NEBRASKA,ER/NR,WITHDRAWN
GEN-2023-216,,,Knox and Cedar,NE,Hoskins 345 kV Substation via Turtle Creek 345 kV Substation ,NPPD,Wind,200.0,200.0,200.0,10/2/2023,Withdrawn,12/31/2026,8/25/2025,,,9/30/2026,12/31/2026,,DISIS-2023-001,02 NEBRASKA,ER/NR,WITHDRAWN
GEN-2023-215,,,Pratt,KS,Pratt Wind Farm 345 kV Substation,NEET,Battery/Storage,225.0,225.0,225.0,10/2/2023,Withdrawn,6/1/2027,11/29/2023,,,3/1/2027,6/1/2027,,DISIS-2023-001,03 CENTRAL,ER/NR,WITHDRAWN
GEN-2023-214,,,Bryan,OK,Brown 138 kV Substation,OGE,Battery/Storage,100.0,100.0,100.0,10/2/2023,Withdrawn,9/1/2028,,,,4/15/2028,9/1/2028,,DISIS-2023-001,04 SOUTHEAST,ER/NR,WITHDRAWN
GEN-2023-213,,,Benton,AR,Chamber Springs 161 kV Substation,AEP,Battery/Storage,100.0,100.0,100.0,10/2/2023,Withdrawn,9/1/2028,9/9/2025,,,4/15/2028,9/1/2028,,DISIS-2023-001,04 SOUTHEAST,ER/NR,WITHDRAWN
GEN-2023-212,,,Bowie,TX/OK,Northwest Texarkana - Valliant 345 kV Line,AEP,Hybrid - Solar/Storage,400.0,400.0,400.0,10/2/2023,Withdrawn,12/1/2027,8/25/2025,,,3/1/2027,12/1/2027,,DISIS-2023-001,04 SOUTHEAST,ER/NR,WITHDRAWN
GEN-2023-211,,,Kay,OK,Ranch Road 345 kV Substation,OGE,Hybrid - Solar/Storage/Wind,250.0,250.0,250.0,10/2/2023,Withdrawn,11/1/2028,8/25/2025,,,3/1/2028,11/1/2028,,DISIS-2023-001,04 SOUTHEAST,ER/NR,WITHDRAWN
GEN-2023-210,,,Lincoln,OK,Prague - Chernicky 138 kV Line,WFEC,Solar,191.0,191.0,191.0,10/2/2023,Completed,9/1/2029,,,,5/4/2026,9/1/2029,,DISIS-2023-001,04 SOUTHEAST,ER/NR,IA FULLY EXECUTED/ON SCHEDULE
GEN-2023-209,,,Randall,TX,Amarillo  South 115 kV,SPS,Battery/Storage,125.0,125.0,125.0,10/2/2023,Withdrawn,6/1/2027,9/9/2025,,,4/1/2027,6/1/2027,,DISIS-2023-001,05 SOUTHWEST,ER/NR,WITHDRAWN
GEN-2023-208,,,Potter,TX,Rolling Hills 115 kV,SPS,Battery/Storage,200.0,200.0,200.0,10/2/2023,Withdrawn,12/31/2029,8/25/2025,,,,12/31/2029,,DISIS-2023-001,05 SOUTHWEST,ER,WITHDRAWN
GEN-2023-207,,,Bryan,OK,Colbert 138 kV Substation,WFEC,Battery/Storage,50.0,50.0,50.0,10/2/2023,Withdrawn,12/31/2029,3/22/2024,,,3/1/2029,12/31/2029,,DISIS-2023-001,04 SOUTHEAST,ER,WITHDRAWN
GEN-2023-206,,,Sebastian,AR,Battlefield BESS 161 kV Substation,OGE,Battery/Storage,50.0,50.0,50.0,10/2/2023,Completed,12/31/2028,,,,1/1/2029,12/31/2028,,DISIS-2023-001,04 SOUTHEAST,ER/NR,IA FULLY EXECUTED/ON SCHEDULE
GEN-2023-205,,,Hughes,OK,McAlester City - Weleetka 138 kV line,AEP,Solar,180.0,180.0,180.0,10/2/2023,Active,12/31/2028,,,,7/1/2026,12/31/2028,,DISIS-2023-001,04 SOUTHEAST,ER/NR,IA PENDING
GEN-2023-204,,,Morris,TX,Welsh-Lydia 345kV Line ,AEP,Thermal - CTG,914.6,960.0,960.0,10/2/2023,Completed,10/3/2028,,,,4/1/2028,10/3/2028,,DISIS-2023-001,04 SOUTHEAST,ER,IA FULLY EXECUTED/ON SCHEDULE
GEN-2023-203,,,Lea,NM,Hobbs - Ink Basin 230 kV Transmission Line,SPS,Hybrid - Solar/Storage,300.0,300.0,300.0,10/2/2023,Withdrawn,12/31/2028,8/25/2025,,,7/31/2028,12/31/2028,,DISIS-2023-001,05 SOUTHWEST,ER/NR,WITHDRAWN
GEN-2023-202,,,Burt,NE,Tekamah - Raun 161 kV Line,OPPD,Solar,150.0,150.0,150.0,10/2/2023,Withdrawn,12/31/2027,4/17/2024,,,6/30/2027,12/31/2027,,DISIS-2023-001,02 NEBRASKA,ER/NR,WITHDRAWN
GEN-2023-201,,,Lea,NM,Crossroads - Hobbs 345 kV Line,NEET,Hybrid - Solar/Storage,300.0,300.0,300.0,10/2/2023,Withdrawn,12/31/2028,8/25/2025,,,7/31/2028,12/31/2028,,DISIS-2023-001,05 SOUTHWEST,ER/NR,WITHDRAWN
GEN-2023-200,,,Elk,KS,Caney River 345 kV Substation,Evergy,Solar,300.0,300.0,300.0,10/2/2023,Withdrawn,10/1/2028,4/17/2024,,,6/30/2028,10/1/2028,,DISIS-2023-001,03 CENTRAL,ER/NR,WITHDRAWN
GEN-2023-199,,,Dakota ,NE,Twin Church 230 kV Substation,NPPD,Hybrid - Solar/Storage,250.0,250.0,250.0,10/2/2023,Completed,11/1/2030,,,,3/1/2030,11/1/2030,,DISIS-2023-001,02 NEBRASKA,ER/NR,IA FULLY EXECUTED/ON SCHEDULE
GEN-2023-198,,,Stark,ND,Hebron 230 kV Substation,WAPA,Solar,250.0,250.0,250.0,10/2/2023,Withdrawn,6/1/2028,3/15/2024,,,2/1/2028,6/1/2028,,DISIS-2023-001,01 NORTH,ER/NR,WITHDRAWN
GEN-2023-197,,,Cass,NE,Sub 1366 - Sub 1258 161 kV,OPPD,Solar,150.0,150.0,150.0,10/2/2023,Withdrawn,12/31/2030,3/22/2024,,,8/30/2030,12/31/2030,,DISIS-2023-001,02 NEBRASKA,ER/NR,WITHDRAWN
GEN-2023-196,,,Bailey,TX,Roosevelt - Tolk 230 kV line tap,SPS,Battery/Storage,150.0,150.0,150.0,10/2/2023,Withdrawn,6/1/2028,3/15/2024,,,2/1/2028,6/1/2028,,DISIS-2023-001,05 SOUTHWEST,ER/NR,WITHDRAWN
GEN-2023-195,,,Bailey,TX,Roosevelt - Tolk 230 kV line tap,SPS,Solar,250.0,250.0,250.0,10/2/2023,Withdrawn,6/1/2028,8/25/2025,,,2/1/2028,6/1/2028,,DISIS-2023-001,05 SOUTHWEST,ER/NR,WITHDRAWN
GEN-2023-194,,,Cherokee ,KS,Riverton - Neosho 161 kV Line Tap,EDE,Solar,225.0,225.0,225.0,10/2/2023,Withdrawn,12/31/2028,8/25/2025,,,6/1/2028,12/31/2028,,DISIS-2023-001,03 CENTRAL,ER/NR,WITHDRAWN
GEN-2023-193,,,Harrison,TX,Pirkey - Whitney 138 kV Line,AEP,Hybrid - Solar/Storage,175.0,175.0,175.0,10/2/2023,Active,3/31/2028,,,,1/15/2028,3/31/2028,,DISIS-2023-001,04 SOUTHEAST,ER/NR,IA PENDING
GEN-2023-192,,,LaMoure & Stutsman,ND,Jamestown 230 kV Substation,WAPA,Wind,175.0,175.0,175.0,10/2/2023,Withdrawn,12/31/2030,12/1/2023,,,8/30/2030,12/31/2030,,DISIS-2023-001,01 NORTH,ER/NR,WITHDRAWN
GEN-2023-191,,,Cherokee ,KS,Hockersville 138 kV Substation,EDE,Battery/Storage,74.0,74.0,74.0,10/2/2023,Withdrawn,12/1/2026,3/22/2024,,,9/1/2026,12/1/2026,,DISIS-2023-001,03 CENTRAL,ER/NR,WITHDRAWN
GEN-2023-190,,,Douglas,KS,Bismark JCT 35 115 kV ,Evergy,Battery/Storage,100.0,100.0,100.0,10/2/2023,Withdrawn,5/31/2028,11/14/2023,,,3/1/2028,5/31/2028,,DISIS-2023-001,03 CENTRAL,ER/NR,WITHDRAWN
GEN-2023-189,,,Lancaster,NE,NW 68th - Holdrege 345 kV Substation,LES,Battery/Storage,200.0,200.0,200.0,10/2/2023,Withdrawn,12/31/2030,3/6/2025,,,8/30/2030,12/31/2030,,DISIS-2023-001,02 NEBRASKA,ER,WITHDRAWN
GEN-2023-188,,,Cotton,OK,Oklaunion - Lawton 345 kV Line,AEP,Hybrid - Solar/Storage,160.0,160.0,160.0,10/2/2023,Withdrawn,9/1/2027,8/25/2025,,,2/15/2027,9/1/2027,,DISIS-2023-001,05 SOUTHWEST,ER/NR,WITHDRAWN
GEN-2023-187,,,Eddy,NM,Chevron Green 115 kV Substation,SPS,Solar,20.0,20.0,20.0,10/2/2023,,8/31/2023,12/7/2023,,,12/9/2022,8/31/2023,,DISIS-2023-001,05 SOUTHWEST,ER/NR,TERMINATED
GEN-2023-186,,,Sedgwick,KS,Murray Gill 138 kV Substation,Evergy,Hybrid - Solar/Storage,200.0,200.0,200.0,10/2/2023,Withdrawn,8/28/2028,3/20/2024,,,6/1/2028,8/28/2028,,DISIS-2023-001,03 CENTRAL,ER/NR,WITHDRAWN
GEN-2023-185,,,Randall,TX,Nichols - Amarillo 230 kV line tap,SPS,Solar,150.0,150.0,150.0,10/2/2023,Withdrawn,6/1/2028,3/14/2024,,,2/1/2028,6/1/2028,,DISIS-2023-001,05 SOUTHWEST,ER/NR,WITHDRAWN
GEN-2023-184,,,Eddy,NM,Phantom 115 kV Substation,SPS,Solar,200.0,200.0,200.0,10/2/2023,Withdrawn,12/31/2030,8/25/2025,,,8/30/2030,12/31/2030,,DISIS-2023-001,05 SOUTHWEST,ER,WITHDRAWN
GEN-2023-183,,,Hale ,TX,Tuco 345kV,SPS,Thermal - CTG,217.0,208.0,217.0,10/2/2023,Withdrawn,2/28/2027,8/25/2025,,,3/31/2027,2/28/2027,,DISIS-2023-001,05 SOUTHWEST,ER,WITHDRAWN
GEN-2023-182,,,Logan & McIntosh,ND,Groton - Leland Olds 345 kV Line,BEPC,Wind,300.0,300.0,300.0,10/2/2023,Withdrawn,12/1/2026,8/25/2025,,,8/15/2026,12/1/2026,,DISIS-2023-001,01 NORTH,ER,WITHDRAWN
GEN-2023-181,,,Logan & McIntosh,ND,Groton - Leland Olds 345 kV Line,BEPC,Battery/Storage,100.0,100.0,100.0,10/2/2023,Withdrawn,12/1/2026,3/22/2024,,,8/15/2026,12/1/2026,,DISIS-2023-001,01 NORTH,ER/NR,WITHDRAWN
GEN-2023-180,,,Sebastian,AR,Hackett - N Huntington 161 kV Line Tap,AEP,Solar,150.0,150.0,150.0,10/2/2023,Withdrawn,6/1/2028,8/25/2025,,,2/1/2028,6/1/2028,,DISIS-2023-001,04 SOUTHEAST,ER/NR,WITHDRAWN
GEN-2023-179,,,Craig,OK,Shell - Vinita Junction 138 kV Line,AEP,Solar,250.0,250.0,250.0,10/2/2023,Withdrawn,12/31/2030,12/1/2023,,,8/30/2030,12/31/2030,,DISIS-2023-001,04 SOUTHEAST,ER/NR,WITHDRAWN
GEN-2023-178,,,Roosevelt,NM,Roosevelt 230kV Substation,SPS,Solar,200.0,200.0,200.0,10/2/2023,Withdrawn,12/1/2026,8/25/2025,,,8/15/2026,12/1/2026,,DISIS-2023-001,05 SOUTHWEST,ER/NR,WITHDRAWN
GEN-2023-177,,,Garvin,OK,Paoli - Seminole 138 kV line tap,OGE,Solar,200.0,200.0,200.0,10/2/2023,Completed,9/1/2029,,,,2/1/2028,9/1/2029,,DISIS-2023-001,04 SOUTHEAST,ER/NR,IA FULLY EXECUTED/ON SCHEDULE
GEN-2023-176,,,Lamb,TX,Plant X 230 kV Substation,SPS,Wind,300.0,300.0,300.0,10/2/2023,Withdrawn,12/31/2030,8/25/2025,,,8/30/2030,12/31/2030,,DISIS-2023-001,05 SOUTHWEST,ER,WITHDRAWN
GEN-2023-175,,,Ulysses,KS,Hickock 115 kV Substation,SUNC,Battery/Storage,200.0,200.0,200.0,10/2/2023,Withdrawn,9/15/2029,3/22/2024,,,3/1/2029,9/15/2029,,DISIS-2023-001,03 CENTRAL,ER/NR,WITHDRAWN
GEN-2023-174,,,Garvin,OK,Paoli West 138 kV Substation,WFEC,Battery/Storage,150.0,150.0,150.0,10/2/2023,Withdrawn,6/1/2028,8/25/2025,,,2/1/2028,6/1/2028,,DISIS-2023-001,04 SOUTHEAST,ER,WITHDRAWN
GEN-2023-173,,,Kearny,KS,Holcomb 345 kV ,SUNC,Wind,100.0,100.0,100.0,10/2/2023,Active,12/31/2029,,,,9/1/2027,12/31/2029,,DISIS-2023-001,03 CENTRAL,ER/NR,IA PENDING
GEN-2023-172,,,Kearny,KS,Holcomb 345 kV ,SUNC,Wind,200.0,200.0,200.0,10/2/2023,Active,12/31/2029,,,,9/1/2027,12/31/2029,,DISIS-2023-001,03 CENTRAL,ER/NR,IA PENDING
GEN-2023-171,,,Jackson,MO,Sub M 161 kV Substation,INDN,Battery/Storage,150.0,150.0,150.0,10/2/2023,Active,6/1/2028,,,,2/1/2028,6/1/2028,,DISIS-2023-001,03 CENTRAL,ER/NR,IA PENDING
GEN-2023-170,,,Chariton,MO,Salisbury 161 kV Substation,WERE,Battery/Storage,150.0,150.0,150.0,10/2/2023,Completed,6/1/2028,,,,2/1/2028,6/1/2028,,DISIS-2023-001,03 CENTRAL,ER,IA FULLY EXECUTED/ON SCHEDULE
GEN-2023-169,,,Clay,MO,Missouri City - Liberty South 161 kV Line,Evergy,Battery/Storage,125.0,125.0,125.0,10/2/2023,Withdrawn,6/1/2028,8/25/2025,,,2/1/2028,6/1/2028,,DISIS-2023-001,03 CENTRAL,ER/NR,WITHDRAWN
GEN-2023-168,,,Oklahoma,OK,Classen 138 kV Substation,OGE,Battery/Storage,175.0,175.0,175.0,10/2/2023,Withdrawn,6/1/2028,8/25/2025,,,2/1/2028,6/1/2028,,DISIS-2023-001,04 SOUTHEAST,ER/NR,WITHDRAWN
GEN-2023-167,,,Oklahoma,OK,Washington Park 138 kV Substation,OGE,Battery/Storage,250.0,250.0,250.0,10/2/2023,Withdrawn,6/1/2028,8/25/2025,,,2/1/2028,6/1/2028,,DISIS-2023-001,04 SOUTHEAST,ER/NR,WITHDRAWN
GEN-2023-166,,,Oklahoma,OK,84th Street - Tennessee Tap 138 kV Line,OGE,Battery/Storage,150.0,150.0,150.0,10/2/2023,Withdrawn,6/1/2028,8/25/2025,,,2/1/2028,6/1/2028,,DISIS-2023-001,04 SOUTHEAST,ER,WITHDRAWN
GEN-2023-165,,,Caddo,OK,Gracemont 345 kV Substation,OGE,Battery/Storage,210.0,210.0,210.0,10/2/2023,Withdrawn,5/1/2028,8/25/2025,,,3/1/2028,5/1/2028,,DISIS-2023-001,04 SOUTHEAST,ER/NR,WITHDRAWN
GEN-2023-164,,,Caddo ,OK,Gracemont 345 kV Substation,OGE,Battery/Storage,210.0,210.0,210.0,10/2/2023,Withdrawn,5/1/2028,8/25/2025,,,3/1/2028,5/1/2028,,DISIS-2023-001,04 SOUTHEAST,ER/NR,WITHDRAWN
GEN-2023-163,,,Andrew and Nodaway,MO,Midway - Avenue City 161 kV ,Evergy,Solar,150.0,150.0,150.0,10/2/2023,Withdrawn,10/1/2027,3/20/2024,,,6/1/2026,10/1/2027,,DISIS-2023-001,03 CENTRAL,ER/NR,WITHDRAWN
GEN-2023-162,,,Deleware,OK,Grove - Jay 138 kV Line,AEP,Hybrid - Solar/Storage,100.0,100.0,100.0,10/2/2023,Withdrawn,10/1/2027,3/20/2024,,,6/1/2026,10/1/2027,,DISIS-2023-001,04 SOUTHEAST,ER/NR,WITHDRAWN
GEN-2023-161,,,Blaine,OK,Roman Nose 138 kV Substation,OGE,Battery/Storage,74.9,74.9,74.9,10/2/2023,Completed,10/2/2027,,,,9/3/2026,10/2/2027,,DISIS-2023-001,04 SOUTHEAST,ER/NR,IA FULLY EXECUTED/ON SCHEDULE
GEN-2023-160,,,Slope ,ND,Belfield - Rhame 230 kV Line,BEPC,Hybrid - Solar/Storage,300.0,300.0,300.0,10/2/2023,Withdrawn,12/27/2027,3/22/2024,,,8/30/2027,12/27/2027,,DISIS-2023-001,01 NORTH,ER/NR,WITHDRAWN
GEN-2023-159,,,Bailey and Lamb,TX,Needmore - Yoakum 230 kV Line,SPS,Battery/Storage,170.0,170.0,170.0,10/2/2023,Withdrawn,9/15/2029,8/25/2025,,,3/1/2029,9/15/2029,,DISIS-2023-001,05 SOUTHWEST,ER/NR,WITHDRAWN
GEN-2023-158,,,Bailey and Lamb,TX,Needmore - Yoakum 230 kV Line,SPS,Solar,335.0,335.0,335.0,10/2/2023,Withdrawn,9/15/2029,8/25/2025,,,3/1/2029,9/15/2029,,DISIS-2023-001,05 SOUTHWEST,ER/NR,WITHDRAWN
GEN-2023-157,,,Miami,KS,Bucyrus 161 kV Substation,Evergy,Battery/Storage,150.0,150.0,150.0,10/2/2023,Withdrawn,6/15/2027,3/22/2024,,,2/28/2027,6/15/2027,,DISIS-2023-001,03 CENTRAL,ER/NR,WITHDRAWN
GEN-2023-156,,,Jefferson & Carte,OK,Between South Wilson - Ringling 138 kV Line,WFEC,Hybrid - Solar/Storage,200.0,200.0,200.0,10/2/2023,Withdrawn,10/1/2028,3/22/2024,,,4/1/2028,10/1/2028,,DISIS-2023-001,04 SOUTHEAST,ER/NR,WITHDRAWN
GEN-2023-155,,,Caddo,LA,Longwood - Lieberman 138 kV,AEP,Solar,200.0,200.0,200.0,10/2/2023,Withdrawn,6/1/2028,3/15/2024,,,2/1/2028,6/1/2028,,DISIS-2023-001,04 SOUTHEAST,ER/NR,WITHDRAWN
GEN-2023-154,,,Hand,SD,Fort Thompson - Huron 230 kV Tap,WAPA,Solar,175.0,175.0,175.0,10/2/2023,Withdrawn,9/30/2029,8/25/2025,,,3/1/2029,9/30/2029,,DISIS-2023-001,01 NORTH,ER,WITHDRAWN
GEN-2023-153,,,Perkins,NE,Grant 115 kV Substation,Tri-State,Hybrid - Solar/Storage,120.0,120.0,120.0,10/2/2023,Completed,11/1/2029,,,,6/30/2028,11/1/2029,,DISIS-2023-001,02 NEBRASKA,ER/NR,IA FULLY EXECUTED/ON SCHEDULE
GEN-2023-152,,,Pontotoc,OK,Allen NG4 138 kV Substation,AEP,Solar,140.0,140.0,140.0,10/2/2023,Withdrawn,9/1/2026,3/21/2024,,,5/4/2026,9/1/2026,,DISIS-2023-001,04 SOUTHEAST,ER/NR,WITHDRAWN
GEN-2023-151,,,Hempstead,AR,South Nashville - South Murfreesboro 138kV,AEP,Hybrid - Solar/Storage,100.0,100.0,100.0,10/2/2023,Withdrawn,8/1/2028,8/25/2025,,,4/1/2028,8/1/2028,,DISIS-2023-001,04 SOUTHEAST,ER/NR,WITHDRAWN
GEN-2023-150,,,Caddo,OK,Gracemont 138 kV Substation,OGE,Solar,150.0,150.0,150.0,10/2/2023,Withdrawn,12/31/2027,8/25/2025,,,9/1/2027,12/31/2027,,DISIS-2023-001,04 SOUTHEAST,ER/NR,WITHDRAWN
GEN-2023-149,,,Lin,KS,LaCygne - Stilwell 345 kV Line,Evergy,Battery/Storage,300.0,300.0,300.0,10/2/2023,Withdrawn,7/1/2029,8/25/2025,,,2/15/2029,7/1/2029,,DISIS-2023-001,03 CENTRAL,ER/NR,WITHDRAWN
GEN-2023-148,,,Jackson,OK,Russell - Lake Pauline 138 kV Line,AEP,Hybrid - Solar/Storage,110.0,110.0,110.0,10/2/2023,Withdrawn,12/17/2027,3/22/2024,,,8/30/2027,12/17/2027,,DISIS-2023-001,04 SOUTHEAST,ER/NR,WITHDRAWN
GEN-2023-147,,,Sioux,NE,Victory Hill - Crawford 115 kV Line,NPPD,Wind,85.0,85.0,85.0,10/2/2023,Withdrawn,12/31/2030,3/22/2024,,,8/30/2030,12/31/2030,,DISIS-2023-001,02 NEBRASKA,ER/NR,WITHDRAWN
GEN-2023-146,,,Seward,NE,Seward 115 kV Substation,NPPD,Solar,125.0,125.0,125.0,10/2/2023,Withdrawn,12/31/2030,3/22/2024,,,8/30/2030,12/31/2030,,DISIS-2023-001,02 NEBRASKA,ER/NR,WITHDRAWN
GEN-2023-145,,,Muskogee,OK,Eufaula - Gore 161 kV Line,SWPA,Solar,180.0,180.0,180.0,10/2/2023,Withdrawn,9/15/2029,3/22/2024,,,3/1/2029,9/15/2029,,DISIS-2023-001,04 SOUTHEAST,ER/NR,WITHDRAWN
GEN-2023-144,,,Stutsman,ND,Bismarck - Jamestown 230 kV,WAPA,Solar,265.0,265.0,265.0,10/2/2023,Withdrawn,9/15/2029,3/22/2024,,,3/1/2029,9/15/2029,,DISIS-2023-001,01 NORTH,ER/NR,WITHDRAWN
GEN-2023-143,,,Lamb,TX,Plant X 230 kV Substation,SPS,Battery/Storage,200.0,200.0,200.0,10/2/2023,Withdrawn,9/15/2029,8/25/2025,,,3/1/2029,9/15/2029,,DISIS-2023-001,05 SOUTHWEST,ER/NR,WITHDRAWN
GEN-2023-142,,,Lamb,TX,Plant X 230 kV Substation,SPS,Solar,275.0,275.0,275.0,10/2/2023,Withdrawn,9/15/2029,8/25/2025,,,3/1/2029,9/15/2029,,DISIS-2023-001,05 SOUTHWEST,ER/NR,WITHDRAWN
GEN-2023-141,,,Osborne and Rooks,KS,Post Rock - Axtell3 345 kV line,ITCGP,Wind,225.0,225.0,225.0,10/2/2023,Withdrawn,11/30/2028,12/20/2023,,,7/15/2028,11/30/2028,,DISIS-2023-001,03 CENTRAL,ER/NR,WITHDRAWN
GEN-2023-140,,,Osborne and Rooks,KS,Post Rock - Axtell3 345 kV line,ITCGP,Wind,250.0,250.0,250.0,10/2/2023,Withdrawn,11/30/2028,12/20/2023,,,7/15/2028,11/30/2028,,DISIS-2023-001,03 CENTRAL,ER/NR,WITHDRAWN
GEN-2023-139,,,Osborne and Rooks,KS,Post Rock - Axtell3 345 kV line,ITCGP,Wind,250.0,250.0,250.0,10/2/2023,Withdrawn,11/30/2028,12/20/2023,,,7/15/2028,11/30/2028,,DISIS-2023-001,03 CENTRAL,ER/NR,WITHDRAWN
GEN-2023-138,,,Deleware,OK,GRDA1 - Tonece7 345 kV Line,GRDA,Wind,250.0,250.0,250.0,10/2/2023,Withdrawn,9/15/2028,8/25/2025,,,7/15/2028,9/15/2028,,DISIS-2023-001,04 SOUTHEAST,ER,WITHDRAWN
GEN-2023-137,,,Bowie,TX,North Boston - Bann 138 kV Line Tap,AEP,Battery/Storage,150.0,150.0,150.0,10/2/2023,Withdrawn,12/1/2028,3/28/2024,,,9/1/2028,12/1/2028,,DISIS-2023-001,04 SOUTHEAST,ER/NR,WITHDRAWN
GEN-2023-136,,,Craig,OK,Vinita Junction - Hockerville 138 kV,AEP,Hybrid - Solar/Storage,150.0,150.0,150.0,10/2/2023,Withdrawn,12/31/2028,4/17/2024,,,5/1/2028,12/31/2028,,DISIS-2023-001,04 SOUTHEAST,ER/NR,WITHDRAWN
GEN-2023-135,,,Bowie,TX,Lydia 345kV substation,AEP,Solar,52.0,52.0,52.0,10/2/2023,Completed,12/31/2027,,,,9/15/2026,12/31/2027,,DISIS-2023-001,04 SOUTHEAST,ER/NR,IA FULLY EXECUTED/ON SCHEDULE
GEN-2023-134,,,Hughes/Okfuskee,OK,Fixico Tap to Weleetka 138 kV Line,AEP,Wind,252.0,252.0,252.0,10/2/2023,Withdrawn,12/31/2026,8/25/2025,,,9/15/2026,12/31/2026,,DISIS-2023-001,04 SOUTHEAST,ER/NR,WITHDRAWN
GEN-2023-133,,,Custer,NE,Sweetwater 345 kV Substation,NPPD,Wind,250.0,250.0,250.0,10/2/2023,Withdrawn,12/30/2030,8/25/2025,,,5/1/2030,12/30/2030,,DISIS-2023-001,02 NEBRASKA,ER,WITHDRAWN
GEN-2023-132,,,Craighead,AR,Jonesboro - Independence 161 kV ,SWPA,Solar,150.0,150.0,150.0,10/2/2023,Active,12/31/2028,,,,6/30/2026,12/31/2028,,DISIS-2023-001,04 SOUTHEAST,ER/NR,IA PENDING
GEN-2023-131,,,Muskogee,OK,Pecan Creek - Riverside 345 kV Line,OGE,Hybrid - Solar/Storage,200.0,200.0,200.0,10/2/2023,Withdrawn,12/31/2027,11/8/2023,,,9/30/2027,12/31/2027,,DISIS-2023-001,04 SOUTHEAST,ER/NR,WITHDRAWN
GEN-2023-130,,,Potter,SD,Whitlock 230 kV Substation,WAPA,Hybrid - Solar/Storage,96.0,96.0,96.0,10/2/2023,Withdrawn,12/31/2027,3/14/2024,,,9/30/2027,12/31/2027,,DISIS-2023-001,01 NORTH,ER/NR,WITHDRAWN
GEN-2023-129,,,Lamb,TX,Plant X 230kV Substation,SPS,Solar,250.0,250.0,250.0,10/2/2023,Withdrawn,12/30/2030,11/27/2023,,,8/30/2030,12/30/2030,,DISIS-2023-001,05 SOUTHWEST,ER/NR,WITHDRAWN
GEN-2023-128,,,Lamb,TX,Plant X 230kV Substation,SPS,Solar,250.0,250.0,250.0,10/2/2023,Withdrawn,12/31/2030,11/27/2023,,,8/30/2030,12/31/2030,,DISIS-2023-001,05 SOUTHWEST,ER/NR,WITHDRAWN
GEN-2023-127,,,Lamb,TX,Plant X 230 kV Substation,SPS,Solar,250.0,250.0,250.0,10/2/2023,Withdrawn,12/31/2030,11/27/2023,,,8/30/2030,12/31/2030,,DISIS-2023-001,05 SOUTHWEST,ER/NR,WITHDRAWN
GEN-2023-126,,,Lamb,TX,Plant X 230kV Substation,SPS,Solar,250.0,250.0,250.0,10/2/2023,Withdrawn,12/31/2030,11/27/2023,,,8/30/2030,12/31/2030,,DISIS-2023-001,05 SOUTHWEST,ER/NR,WITHDRAWN
GEN-2023-125,,,Ochiltree/Handsford,TX,Hutchinson 230 kV Substation,SPS,Wind,250.0,250.0,250.0,10/2/2023,Withdrawn,12/31/2030,12/1/2023,,,8/30/2030,12/31/2030,,DISIS-2023-001,05 SOUTHWEST,ER/NR,WITHDRAWN
GEN-2023-124,,,Ochiltree/Handsford,TX,Spearman Interchange 115 kV Substation,SPS,Wind,200.0,200.0,200.0,10/2/2023,Withdrawn,12/31/2030,3/22/2024,,,8/30/2030,12/31/2030,,DISIS-2023-001,05 SOUTHWEST,ER/NR,WITHDRAWN
GEN-2023-123,,,Ochiltree/Handsford,TX,Pringle Interchange 230 kV Substation,SPS,Wind,285.0,285.0,285.0,10/2/2023,Withdrawn,12/31/2030,8/25/2025,,,8/30/2030,12/31/2030,,DISIS-2023-001,05 SOUTHWEST,ER,WITHDRAWN
GEN-2023-122,,,Coffey,KS,Wolf Creek - LaCygne 345 kV Line,Evergy,Solar,250.0,250.0,250.0,10/2/2023,Withdrawn,12/31/2030,3/22/2024,,,8/30/2030,12/31/2030,,DISIS-2023-001,03 CENTRAL,ER/NR,WITHDRAWN
GEN-2023-121,,,Cowley,KS,Tie 69 kV Substation,GridLiance,Solar,50.0,50.0,50.0,10/2/2023,Withdrawn,12/31/2030,3/22/2024,,,8/30/2030,12/31/2030,,DISIS-2023-001,03 CENTRAL,ER/NR,WITHDRAWN
GEN-2023-120,,,Swisher,TX,Kress 115 kV Substation,SPS,Solar,130.0,130.0,130.0,10/2/2023,Active,12/31/2030,,,,8/30/2030,12/31/2030,,DISIS-2023-001,05 SOUTHWEST,ER,IA PENDING
GEN-2023-119,,,Swisher,TX,Swisher 230kV Substation,SPS,Solar,200.0,200.0,200.0,10/2/2023,Withdrawn,12/31/2030,11/27/2023,,,8/30/2030,12/31/2030,,DISIS-2023-001,05 SOUTHWEST,ER/NR,WITHDRAWN
GEN-2023-118,,,Pratt,KS,Buffalo Flats 345 kV Substation,Evergy,Wind,200.0,200.0,200.0,10/2/2023,Withdrawn,12/31/2030,3/22/2024,,,8/30/2030,12/31/2030,,DISIS-2023-001,03 CENTRAL,ER/NR,WITHDRAWN
GEN-2023-117,,,"Keith, Deuel, Garden",NE,Keystone 345 kV Substation,NPPD,Wind,300.0,300.0,300.0,10/2/2023,Withdrawn,12/30/2030,8/25/2025,,,8/30/2030,12/30/2030,,DISIS-2023-001,02 NEBRASKA,ER,WITHDRAWN
GEN-2023-116,,,"Keith, Deuel, Garden",NE,Keystone 345 kV Substation,NPPD,Wind,500.0,500.0,500.0,10/2/2023,Withdrawn,12/30/2030,8/25/2025,,,8/30/2030,12/30/2030,,DISIS-2023-001,02 NEBRASKA,ER,WITHDRAWN
GEN-2023-115,,,Cooper,MO,Tap Georgetown Overton to Sedalia East 161 kV Line,Evergy,Solar,300.0,300.0,300.0,10/2/2023,Withdrawn,12/31/2030,3/22/2024,,,8/30/2030,12/31/2030,,DISIS-2023-001,03 CENTRAL,ER/NR,WITHDRAWN
GEN-2023-114,,,LaMoure & Stutsman,ND,Jamestown 230 kV Substation,WAPA,Wind,425.0,425.0,425.0,10/2/2023,Withdrawn,12/31/2030,3/22/2024,,,8/30/2030,12/31/2030,,DISIS-2023-001,01 NORTH,ER/NR,WITHDRAWN
GEN-2023-113,,,Sumner,KS,Milan Tap to Gill 138 kV line,SUNC,Solar,117.0,117.0,117.0,10/2/2023,Withdrawn,12/31/2029,10/19/2023,,,5/1/2029,12/31/2029,,DISIS-2023-001,03 CENTRAL,ER/NR,WITHDRAWN
GEN-2023-112,,,Pratt,KS,Pratt 115 kV Substation,SUNC,Solar,130.0,130.0,130.0,10/2/2023,Withdrawn,12/31/2030,12/1/2023,,,8/30/2030,12/31/2030,,DISIS-2023-001,03 CENTRAL,ER/NR,WITHDRAWN
GEN-2023-111,,,Pratt,KS,Buffalo Flats 345 kV Substation,Evergy,Solar,200.0,200.0,200.0,10/2/2023,Withdrawn,12/31/2030,3/22/2024,,,8/30/2030,12/31/2030,,DISIS-2023-001,03 CENTRAL,ER/NR,WITHDRAWN
GEN-2023-110,,,Hall,TX,Tap Border to Tuco 345 kV Line,SPS,Solar,250.0,250.0,250.0,10/2/2023,Withdrawn,12/31/2030,8/25/2025,,,8/30/2030,12/31/2030,,DISIS-2023-001,05 SOUTHWEST,ER,WITHDRAWN
GEN-2023-109,,,Moore,TX,Dumas and 19th Street 115 kV Substation,SPS,Solar,65.0,65.0,65.0,10/2/2023,Withdrawn,12/31/2030,3/22/2024,,,8/30/2030,12/31/2030,,DISIS-2023-001,05 SOUTHWEST,ER/NR,WITHDRAWN
GEN-2023-108,,,Latimer,OK,line-tap Lone Oak to Wilburton 69kV,AEP,Solar,100.0,100.0,100.0,10/2/2023,Withdrawn,12/31/2026,12/19/2023,,,7/1/2026,12/31/2026,,DISIS-2023-001,04 SOUTHEAST,ER/NR,WITHDRAWN
GEN-2023-107,,,Finney/Kearny,KS,Setab 345 kV ,SUNC,Wind,300.0,300.0,300.0,10/2/2023,,12/31/2030,,,,5/1/2030,12/31/2030,,DISIS-2023-001,03 CENTRAL,ER,FACILITY STUDY STAGE
GEN-2023-106,,,Hyde,SD,Chappelle Creek 345 kV Substation,BEPC,Wind,504.0,504.0,504.0,10/2/2023,Withdrawn,12/1/2028,3/28/2024,,,9/1/2028,12/1/2028,,DISIS-2023-001,01 NORTH,ER/NR,WITHDRAWN
GEN-2023-105,,,Hyde,SD,Chappelle Creek 345 kV,BEPC,Wind,249.0,249.0,249.0,10/2/2023,Withdrawn,12/1/2028,8/25/2025,,,9/1/2028,12/1/2028,,DISIS-2023-001,01 NORTH,ER/NR,WITHDRAWN
GEN-2023-104,,,Woods,OK,Mooreland - Noel 138 kV Line,WFEC,Hybrid - Solar/Storage,100.0,100.0,100.0,10/2/2023,Active,9/30/2028,,,,8/30/2027,9/30/2028,,DISIS-2023-001,04 SOUTHEAST,ER/NR,IA PENDING
GEN-2023-103,,,Rogers,OK,Northeastern 138 kV Substation,AEP,Battery/Storage,200.0,200.0,200.0,10/2/2023,Withdrawn,5/1/2027,4/17/2024,,,8/1/2026,5/1/2027,,DISIS-2023-001,04 SOUTHEAST,ER/NR,WITHDRAWN
GEN-2023-102,,,Woods,OK,Degrasse 345 kV Substation,OGE,Hybrid - Solar/Storage,475.0,475.0,475.0,10/2/2023,Completed,3/1/2029,,,,8/30/2027,3/1/2029,,DISIS-2023-001,04 SOUTHEAST,ER/NR,IA FULLY EXECUTED/ON SCHEDULE
GEN-2023-101,,,Wheeler,TX,Tap Stateline Demarc - Wheeler 230 kV Line,SPS,Hybrid - Solar/Storage,150.0,150.0,150.0,10/2/2023,Withdrawn,12/31/2027,8/25/2025,,,10/1/2027,12/31/2027,,DISIS-2023-001,04 SOUTHEAST,ER/NR,WITHDRAWN
GEN-2023-100,,,Woods,OK,Degrasse 345 kV Substation,OGE,Hybrid - Solar/Storage,300.0,300.0,300.0,10/2/2023,Withdrawn,12/17/2027,8/25/2025,,,8/30/2027,12/17/2027,,DISIS-2023-001,04 SOUTHEAST,ER/NR,WITHDRAWN
GEN-2023-099,,,Jackson,KS,Jeffery Energy Center 345 kV Substation,WERE,Solar,300.0,300.0,300.0,10/2/2023,Active,12/31/2030,,,,8/30/2030,12/31/2030,,DISIS-2023-001,03 CENTRAL,ER,IA PENDING
GEN-2023-098,,,Perkins,SD,Bison - Maurine 230 kV Line,WAPA,Hybrid - Solar/Storage,200.0,200.0,200.0,10/2/2023,Withdrawn,12/17/2027,3/22/2024,,,8/20/2027,12/17/2027,,DISIS-2023-001,01 NORTH,ER/NR,WITHDRAWN
GEN-2023-097,,,Williams,ND,Judson 345 kV Substation,BEPC,Battery/Storage,250.0,250.0,250.0,10/2/2023,Withdrawn,7/1/2029,8/25/2025,,,2/15/2029,7/1/2029,,DISIS-2023-001,01 NORTH,ER/NR,WITHDRAWN
GEN-2023-096,,,Quay,NM,Tucumcari - Norton 115 kV Line Tap,SPS,Wind,150.0,150.0,150.0,10/2/2023,Withdrawn,12/1/2028,1/16/2024,,,9/1/2028,12/1/2028,,DISIS-2023-001,05 SOUTHWEST,ER/NR,WITHDRAWN
GEN-2023-095,,,Quay,NM,Tucumcari - Norton 115 kV Line Tap,SPS,Solar,850.0,850.0,850.0,10/2/2023,Withdrawn,12/1/2028,1/16/2024,,,9/1/2028,12/1/2028,,DISIS-2023-001,05 SOUTHWEST,ER/NR,WITHDRAWN
GEN-2023-094,,,Morton,KS,Carpenter 345 kV Substation,SPS,Wind,250.0,250.0,250.0,10/2/2023,Withdrawn,12/31/2028,3/22/2024,,,8/30/2030,12/31/2028,,DISIS-2023-001,03 CENTRAL,ER/NR,WITHDRAWN
GEN-2023-093,,,Morton,KS,Carpenter 345 kV Substation,SPS,Wind,250.0,250.0,250.0,10/2/2023,Withdrawn,12/31/2030,3/22/2024,,,8/30/2030,12/31/2030,,DISIS-2023-001,03 CENTRAL,ER/NR,WITHDRAWN
GEN-2023-092,,,Choctaw,OK,Unger - Frogville 138 kV line,WFEC,Hybrid - Solar/Storage,125.0,125.0,125.0,10/2/2023,Active,9/30/2028,,,,8/30/2027,9/30/2028,,DISIS-2023-001,04 SOUTHEAST,ER/NR,IA PENDING
GEN-2023-091,,,Finney/Gray,KS,Buckner 345 kV Substation,SUNC,Wind,504.0,504.0,504.0,10/2/2023,Withdrawn,12/1/2028,3/28/2024,,,9/1/2028,12/1/2028,,DISIS-2023-001,03 CENTRAL,ER/NR,WITHDRAWN
GEN-2023-090,,,Finney/Gray,KS,Buckner 345 kV Substation,SUNC,Wind,250.0,250.0,250.0,10/2/2023,Withdrawn,12/1/2028,3/28/2024,,,9/1/2028,12/1/2028,,DISIS-2023-001,03 CENTRAL,ER/NR,WITHDRAWN
GEN-2023-089,,,Finney/Gray,KS,Buckner 345 kV Substation,SUNC,Wind,250.0,250.0,250.0,10/2/2023,Withdrawn,12/1/2028,3/28/2024,,,9/1/2028,12/1/2028,,DISIS-2023-001,03 CENTRAL,ER/NR,WITHDRAWN
GEN-2023-088,,,Okfuskee/Okmulgee,OK,Pharaoh 138 kV Substation,WFEC,Wind,117.0,117.0,117.0,10/2/2023,Completed,9/29/2028,,,,9/15/2028,9/29/2028,,DISIS-2023-001,04 SOUTHEAST,ER/NR,IA FULLY EXECUTED/ON SCHEDULE
GEN-2023-087,,,Cass,MO,Archie 161 kV Substation,Evergy,Solar,200.0,200.0,200.0,10/2/2023,Withdrawn,12/31/2030,8/25/2025,,,8/30/2030,12/31/2030,,DISIS-2023-001,03 CENTRAL,ER,WITHDRAWN
GEN-2023-086,,,Randall,TX,Potter - Newhart 230 kV line,SPS,Hybrid - Solar/Storage,300.0,300.0,300.0,10/2/2023,Withdrawn,5/1/2029,8/25/2025,,,10/1/2028,5/1/2029,,DISIS-2023-001,05 SOUTHWEST,ER/NR,WITHDRAWN
GEN-2023-085,,,Douglas/Wright,MO,Mansfield - Logan 161 kV Line,SWPA,Wind,150.0,150.0,150.0,10/2/2023,Withdrawn,12/31/2026,8/25/2025,,,9/15/2026,12/31/2026,,DISIS-2023-001,03 CENTRAL,ER/NR,WITHDRAWN
GEN-2023-084,,,Brown,SD,Groton South 115 kV Substation,WAPA,Hybrid - Solar/Storage,100.0,100.0,100.0,10/2/2023,Withdrawn,8/31/2028,3/22/2024,,,6/30/2028,8/31/2028,,DISIS-2023-001,01 NORTH,ER/NR,WITHDRAWN
GEN-2023-083,,,Banner,NE,Laramie River -Sidney 345 kV Line ,BEPC,Hybrid - Solar/Storage,200.0,200.0,200.0,10/2/2023,Withdrawn,12/17/2027,3/22/2024,,,8/30/2027,12/17/2027,,DISIS-2023-001,02 NEBRASKA,ER/NR,WITHDRAWN
GEN-2023-082,,,Brookings ,SD,White 115 kV Substation,WAPA,Battery/Storage,175.0,175.0,175.0,10/2/2023,Withdrawn,7/1/2029,8/25/2025,,,2/15/2029,7/1/2029,,DISIS-2023-001,01 NORTH,ER/NR,WITHDRAWN
GEN-2023-081,,,Lea,NM,Crossroads - Hobbs 345 kV Line,NEET,Hybrid - Solar/Storage,625.0,625.0,625.0,10/2/2023,Withdrawn,10/1/2028,8/25/2025,,,8/1/2028,10/1/2028,,DISIS-2023-001,05 SOUTHWEST,ER/NR,WITHDRAWN
GEN-2023-080,,,Bowie,TX,Lydia - Northwest Texarkana 345 kV,AEP,Hybrid - Solar/Storage,200.0,200.0,200.0,10/2/2023,Withdrawn,12/31/2028,4/17/2024,,,3/1/2028,12/31/2028,,DISIS-2023-001,04 SOUTHEAST,ER/NR,WITHDRAWN
GEN-2023-079,,,Cass,NE,Substation 3740 345 kV,OPPD,Thermal - Gas Turbine,272.7,258.0,303.0,10/2/2023,Completed,2/1/2032,,,,7/1/2028,2/1/2032,,DISIS-2023-001,02 NEBRASKA,ER,IA FULLY EXECUTED/ON SCHEDULE
GEN-2023-078,,,Cass,NE,Substation 3740 345 kV,OPPD,Thermal - Gas Turbine,255.0,235.0,255.0,10/2/2023,Completed,9/22/2028,,,,7/1/2027,9/22/2028,,DISIS-2023-001,02 NEBRASKA,ER,IA FULLY EXECUTED/ON SCHEDULE
GEN-2023-077,,,Cass,NE,Substation 3740 345 kV,OPPD,Thermal - Gas Turbine,255.0,235.0,255.0,10/2/2023,Completed,9/22/2028,,,,7/1/2027,9/22/2028,,DISIS-2023-001,02 NEBRASKA,ER,IA FULLY EXECUTED/ON SCHEDULE
GEN-2023-076,,,Nowata/Craig,OK,Delaware - Neosho 345 kV,Evergy,Wind,100.0,100.0,100.0,10/2/2023,Withdrawn,12/31/2027,8/25/2025,,,9/1/2027,12/31/2027,,DISIS-2023-001,04 SOUTHEAST,ER/NR,WITHDRAWN
GEN-2023-075,,,Nowata/Craig,OK,Delaware to Neosho 345 kV,Evergy,Wind,200.0,200.0,200.0,10/2/2023,Withdrawn,12/1/2027,8/25/2025,,,10/1/2027,12/1/2027,,DISIS-2023-001,04 SOUTHEAST,ER/NR,WITHDRAWN
GEN-2023-074,,,Rosebud ,MT,Custer to Rosebud Creek 230 kV Line Tap,WAPA,Hybrid - Solar/Storage,85.0,85.0,85.0,10/2/2023,Withdrawn,8/31/2028,4/17/2024,,,6/30/2028,8/31/2028,,DISIS-2023-001,01 NORTH,ER/NR,WITHDRAWN
GEN-2023-073,,,Butler,KS,Rose Hill 345 kV Substation,Evergy,Battery/Storage,250.0,250.0,250.0,10/2/2023,Withdrawn,12/27/2027,8/25/2025,,,8/30/2027,12/27/2027,,DISIS-2023-001,03 CENTRAL,ER/NR,WITHDRAWN
GEN-2023-072,,,Deleware,OK,McAlister 138 kV Substation,WFEC,Wind,250.0,250.0,250.0,10/2/2023,Withdrawn,11/30/2028,4/17/2024,,,7/15/2028,11/30/2028,,DISIS-2023-001,04 SOUTHEAST,ER/NR,WITHDRAWN
GEN-2023-071,,,Keith,NE,Elsie Tap - Paxton 115 kV Line,Tri-State,Hybrid - Solar/Storage,200.0,200.0,200.0,10/2/2023,Withdrawn,12/17/2027,3/22/2024,,,8/30/2027,12/17/2027,,DISIS-2023-001,02 NEBRASKA,ER/NR,WITHDRAWN
GEN-2023-070,,,Atoka,OK,Lane - McGee Creek Tap 69 kV,AEP,Hybrid - Solar/Storage,50.0,50.0,50.0,10/2/2023,Withdrawn,12/17/2027,3/22/2024,,,8/30/2027,12/17/2027,,DISIS-2023-001,04 SOUTHEAST,ER/NR,WITHDRAWN
GEN-2023-069,,,Atoka,OK,Tupelo - Atoka 138 kV Line,WFEC,Hybrid - Solar/Storage,100.0,100.0,100.0,10/2/2023,Active,9/30/2028,,,,8/30/2027,9/30/2028,,DISIS-2023-001,04 SOUTHEAST,ER/NR,IA PENDING
GEN-2023-068,,,Stanton,KS,Carpenter 345 kV Substation,SPS,Wind,250.0,250.0,250.0,10/2/2023,Withdrawn,12/31/2030,3/22/2024,,,8/30/2030,12/31/2030,,DISIS-2023-001,03 CENTRAL,ER/NR,WITHDRAWN
GEN-2023-067,,,Butte,SD,Sulphur 115 kV Substation,WAPA,Wind,41.0,41.0,41.0,10/2/2023,Withdrawn,12/1/2026,3/20/2024,,,8/15/2026,12/1/2026,,DISIS-2023-001,01 NORTH,ER/NR,WITHDRAWN
GEN-2023-066,,,Stanley ,SD,Tap Pierre - Midland 115 kV line,WAPA,Hybrid - Solar/Storage,130.0,130.0,130.0,10/2/2023,Withdrawn,11/1/2028,3/22/2024,,,6/1/2028,11/1/2028,,DISIS-2023-001,01 NORTH,ER/NR,WITHDRAWN
GEN-2023-065,,,Harvey,KS,Halstead 69 kV Substation,Evergy,Battery/Storage,140.0,140.0,140.0,10/2/2023,Withdrawn,9/1/2026,8/25/2025,,,5/1/2026,9/1/2026,,DISIS-2023-001,03 CENTRAL,ER/NR,WITHDRAWN
GEN-2023-064,,,LeFlore,OK,RS Kerr-Stigler 161 kV line,SWPA,Hybrid - Solar/Storage,200.0,200.0,200.0,10/2/2023,Active,12/1/2029,,,,8/1/2028,12/1/2029,,DISIS-2023-001,04 SOUTHEAST,ER/NR,IA PENDING
GEN-2023-063,,,Rogers,OK,Catoosa - Owasso 88th 138 kV line,AEP,Hybrid - Solar/Storage,135.0,135.0,135.0,10/2/2023,Active,12/1/2028,,,,8/1/2028,12/1/2028,,DISIS-2023-001,04 SOUTHEAST,ER/NR,IA PENDING
GEN-2023-062,,,Williams,ND,REN 115 kV Substation,LYREC,Thermal - Steam,98.0,98.0,98.0,10/2/2023,Withdrawn,7/31/2028,8/25/2025,,,4/30/2028,7/31/2028,,DISIS-2023-001,01 NORTH,ER,WITHDRAWN
GEN-2023-061,,,Jasper,MO,Carthage 161 kV Substation,SWPA,Battery/Storage,100.0,100.0,100.0,10/2/2023,Active,12/31/2029,,,,9/30/2027,12/31/2029,,DISIS-2023-001,03 CENTRAL,ER/NR,IA PENDING
GEN-2023-060,,,Lamb,TX,Plant X 230kV Substation,SPS,Solar,256.0,256.0,256.0,10/2/2023,Withdrawn,12/31/2026,8/25/2025,,,9/30/2026,12/31/2026,,DISIS-2023-001,05 SOUTHWEST,ER/NR,WITHDRAWN
GEN-2023-059,,,Harrison and Panola,TX,Tap Rockhill to South Shreveport 138 kV line,AEP,Hybrid - Solar\RECIP Gas,200.0,200.0,200.0,9/11/2023,Active,4/30/2029,,,,9/30/2026,4/30/2029,,DISIS-2023-001,04 SOUTHEAST,ER/NR,IA PENDING
GEN-2023-058,,,Jackson,MO,Swope North 161 kV,Evergy,Battery/Storage,150.0,150.0,150.0,10/2/2023,Withdrawn,12/31/2026,12/19/2023,,,7/1/2026,12/31/2026,,DISIS-2023-001,03 CENTRAL,ER/NR,WITHDRAWN
GEN-2023-057,,,Pawnee,OK,Pawnee Switch 138 kV,GRDA,Battery/Storage,150.0,150.0,150.0,10/2/2023,Completed,5/31/2028,,,,12/28/2027,5/31/2028,,DISIS-2023-001,04 SOUTHEAST,ER/NR,IA FULLY EXECUTED/ON SCHEDULE
GEN-2023-056,,,Van Buren County,AR,Van Buren 161 kV,SWPA,Battery/Storage,150.0,150.0,150.0,10/2/2023,Withdrawn,5/31/2028,8/25/2025,,,12/28/2027,5/31/2028,,DISIS-2023-001,04 SOUTHEAST,ER/NR,WITHDRAWN
GEN-2023-055,,,Mayes County,OK,Kerr Grove 161 kV,GRDA,Battery/Storage,100.0,100.0,100.0,10/2/2023,Completed,6/1/2029,,,,12/28/2027,6/1/2029,,DISIS-2023-001,04 SOUTHEAST,ER/NR,IA FULLY EXECUTED/ON SCHEDULE
GEN-2023-054,,,Morton,ND,LeLand Olds-Fort Thompson 345kV line ,BEPC,Solar,400.0,400.0,400.0,10/2/2023,Withdrawn,12/1/2028,4/17/2024,,,7/31/2028,12/1/2028,,DISIS-2023-001,01 NORTH,ER/NR,WITHDRAWN
GEN-2023-053,,,Pittsburg County,OK,Pittsburg - Valiant 345kV line,AEP,Wind,212.0,212.0,212.0,10/2/2023,Withdrawn,10/31/2028,3/18/2024,,,4/1/2028,10/31/2028,,DISIS-2023-001,04 SOUTHEAST,ER/NR,WITHDRAWN
GEN-2023-052,,,Butler,KS,Rose Hill 345 kV Substation,Evergy,Hybrid - Solar/Storage,300.0,300.0,300.0,10/2/2023,Withdrawn,12/31/2028,3/22/2024,,,6/30/2028,12/31/2028,,DISIS-2023-001,03 CENTRAL,ER/NR,WITHDRAWN
GEN-2023-051,,,Canddian,OK,Red Rock Road - Weatherford Junction 138 kV Line,AEP,Hybrid - Solar/Storage,150.0,150.0,150.0,10/2/2023,Withdrawn,12/31/2028,3/22/2024,,,6/30/2028,12/31/2028,,DISIS-2023-001,04 SOUTHEAST,ER/NR,WITHDRAWN
GEN-2023-050,,,Labette,KS,Neosho 345 kV Substation,Evergy,Hybrid - Solar/Storage,400.0,400.0,400.0,10/2/2023,Withdrawn,12/31/2028,8/25/2025,,,6/30/2028,12/31/2028,,DISIS-2023-001,03 CENTRAL,ER/NR,WITHDRAWN
GEN-2023-049,,,Mayes,OK,Dry Gulch - Pensacola 161 kV Line,GRDA,Hybrid - Solar/Storage,150.0,150.0,150.0,10/2/2023,Withdrawn,12/31/2028,8/25/2025,,,6/30/2028,12/31/2028,,DISIS-2023-001,04 SOUTHEAST,ER/NR,WITHDRAWN
GEN-2023-048,,,Scott,KS,Setab 345 kV Substation,SUNC,Wind,250.0,250.0,250.0,10/2/2023,Withdrawn,12/31/2030,3/22/2024,,,8/30/2030,12/31/2030,,DISIS-2023-001,03 CENTRAL,ER/NR,WITHDRAWN
GEN-2023-047,,,Scott,KS,Setab 345 kV Substation,SUNC,Wind,250.0,250.0,250.0,10/2/2023,Withdrawn,12/31/2030,3/22/2024,,,8/30/2030,12/31/2030,,DISIS-2023-001,03 CENTRAL,ER/NR,WITHDRAWN
GEN-2023-046,,,Scott,KS,Setab 345 kV Substation,SUNC,Wind,250.0,250.0,250.0,10/2/2023,Withdrawn,12/31/2030,3/22/2024,,,8/30/2030,12/31/2030,,DISIS-2023-001,03 CENTRAL,ER/NR,WITHDRAWN
GEN-2023-045,,,Scott,KS,Setab 345 kV Substation,SUNC,Wind,250.0,250.0,250.0,10/2/2023,Withdrawn,12/31/2030,3/22/2024,,,8/30/2030,12/31/2030,,DISIS-2023-001,03 CENTRAL,ER/NR,WITHDRAWN
GEN-2023-044,,,Scott,KS,Setab 345 kV Substation,SUNC,Solar,200.0,200.0,200.0,10/2/2023,Withdrawn,12/31/2030,3/22/2024,,,8/30/2030,12/31/2030,,DISIS-2023-001,03 CENTRAL,ER/NR,WITHDRAWN
GEN-2023-043,,,Scott,KS,Setab 345 kV Substation,SUNC,Solar,200.0,200.0,200.0,10/2/2023,Withdrawn,12/31/2030,3/26/2024,,,8/30/2030,12/31/2030,,DISIS-2023-001,03 CENTRAL,ER/NR,WITHDRAWN
GEN-2023-042,,,McDonald ,MO,Noel Southwest 161 kV Substation,EDE,Solar,200.0,200.0,200.0,10/2/2023,Withdrawn,12/31/2030,3/22/2024,,,8/30/2030,12/31/2030,,DISIS-2023-001,03 CENTRAL,ER/NR,WITHDRAWN
GEN-2023-041,,,McIntosh ,OK,Hanna 138 kV Substation,WFEC,Solar,190.0,190.0,190.0,10/2/2023,Withdrawn,12/31/2030,11/27/2023,,,8/30/2030,12/31/2030,,DISIS-2023-001,04 SOUTHEAST,ER/NR,WITHDRAWN
GEN-2023-040,,,Thayer,NE,Carleton Junction 115 kV Substation,NPPD,Solar,105.0,105.0,105.0,10/2/2023,Withdrawn,12/31/2030,3/22/2024,,,8/30/2030,12/31/2030,,DISIS-2023-001,02 NEBRASKA,ER/NR,WITHDRAWN
GEN-2023-039,,,Stanton,KS,Carpenter 345 kV Substation,SPS,Wind,250.0,250.0,250.0,10/2/2023,Withdrawn,12/31/2030,3/22/2024,,,8/30/2030,12/31/2030,,DISIS-2023-001,03 CENTRAL,ER/NR,WITHDRAWN
GEN-2023-038,,,Coal,OK,Lula 138 kV Substation,OGE,Solar,200.0,200.0,200.0,10/2/2023,Completed,9/1/2029,,,,5/24/2026,9/1/2029,,DISIS-2023-001,04 SOUTHEAST,ER/NR,IA FULLY EXECUTED/ON SCHEDULE
GEN-2023-037,,,Wyandotte ,KS,Nearman 161 kV Substation,KACY,Battery/Storage,200.0,200.0,200.0,10/2/2023,Completed,8/30/2029,,,,4/15/2028,8/30/2029,,DISIS-2023-001,03 CENTRAL,ER/NR,IA FULLY EXECUTED/ON SCHEDULE
GEN-2023-036,,,Jackson,MO,Eckles Road 161 kV Substation,INDN,Battery/Storage,165.0,165.0,165.0,10/2/2023,Withdrawn,12/31/2026,8/25/2025,,,8/30/2026,12/31/2026,,DISIS-2023-001,03 CENTRAL,ER/NR,WITHDRAWN
GEN-2023-035,,,Grady,OK,Cleveland - Amber Tap 138 kV Line,WFEC,Solar,200.0,200.0,200.0,10/2/2023,Completed,9/1/2029,,,,5/4/2026,9/1/2029,,DISIS-2023-001,04 SOUTHEAST,ER/NR,IA FULLY EXECUTED/ON SCHEDULE
GEN-2023-034,,,Sedgwick,KS,Clear Water - Waco 138 kV line,WERE,Solar,130.0,130.0,130.0,10/2/2023,Withdrawn,9/1/2026,8/10/2026,,,5/24/2026,9/1/2026,,DISIS-2023-001,03 CENTRAL,ER/NR,WITHDRAWN
GEN-2023-033,,,Clay,MO,Liberty South 161 kV Substation,WERE,Battery/Storage,200.0,200.0,200.0,10/2/2023,Completed,12/1/2029,,,,4/15/2028,12/1/2029,,DISIS-2023-001,03 CENTRAL,ER/NR,IA FULLY EXECUTED/ON SCHEDULE
GEN-2023-032,,,Lafayette,MO,Odessa and Lexington 161 kV Line,Evergy,Solar,200.0,200.0,200.0,10/2/2023,Withdrawn,6/1/2028,8/25/2025,,,1/1/2028,6/1/2028,,DISIS-2023-001,03 CENTRAL,ER/NR,WITHDRAWN
GEN-2023-031,,,McLean,ND,Washburn 230 kV Substation,WAPA,Solar,200.0,200.0,200.0,10/2/2023,Withdrawn,10/31/2028,3/21/2024,,,4/30/2028,10/31/2028,,DISIS-2023-001,01 NORTH,ER/NR,WITHDRAWN
GEN-2023-030,,,DeSoto Parish,LA,Tap between 345 kV SW Shreveport to Dolet Hills Substations,AEP,Solar,25.0,25.0,25.0,10/2/2023,Withdrawn,12/31/2027,8/25/2025,,,9/1/2027,12/31/2027,,DISIS-2023-001,04 SOUTHEAST,ER/NR,WITHDRAWN
GEN-2023-029,,,Mayes,OK,Adair - Pryor 69 kV Line,AEP,Solar,50.0,50.0,50.0,10/2/2023,Withdrawn,10/31/2028,3/21/2024,,,4/30/2028,10/31/2028,,DISIS-2023-001,04 SOUTHEAST,ER/NR,WITHDRAWN
GEN-2023-028,,,Mayes,OK,Dry Gulch - Pensacola 161 kV Line,GRDA,Hybrid - Solar/Storage,230.0,230.0,230.0,10/2/2023,Withdrawn,10/31/2028,8/25/2025,,,4/30/2028,10/31/2028,,DISIS-2023-001,04 SOUTHEAST,ER/NR,WITHDRAWN
GEN-2023-027,,,Mayes,OK,Bird Hollow (Langley) - Pryor Junction 138 kV Line,AEP,Hybrid - Solar/Storage,150.0,150.0,150.0,10/2/2023,Withdrawn,11/30/2027,8/25/2025,,,4/30/2028,11/30/2027,,DISIS-2023-001,04 SOUTHEAST,ER/NR,WITHDRAWN
GEN-2023-026,,,Anderson ,KS,LaCygne - Wolf Creek 345 kV Line ,Evergy,Battery/Storage,300.0,300.0,300.0,10/2/2023,Withdrawn,6/30/2027,3/20/2024,,,3/30/2027,6/30/2027,,DISIS-2023-001,03 CENTRAL,ER/NR,WITHDRAWN
GEN-2023-025,,,Crawford,KS,Franklin - Jayhawk 161 kV Line,Evergy,Battery/Storage,200.0,200.0,200.0,10/2/2023,Withdrawn,6/30/2027,3/20/2024,,,3/30/2027,6/30/2027,,DISIS-2023-001,03 CENTRAL,ER/NR,WITHDRAWN
GEN-2023-024,,,Butler,KS,Rose Hill 138 kV Substation,Evergy,Battery/Storage,200.0,200.0,200.0,10/2/2023,Withdrawn,12/31/2026,3/21/2024,,,8/30/2026,12/31/2026,,DISIS-2023-001,03 CENTRAL,ER/NR,WITHDRAWN
GEN-2023-023,,,Wyandotte ,KS,Center City 161 kV Substation,KACY,Battery/Storage,200.0,200.0,200.0,10/2/2023,Withdrawn,7/1/2028,8/25/2025,,,4/15/2028,7/1/2028,,DISIS-2023-001,03 CENTRAL,ER/NR,WITHDRAWN
GEN-2023-022,,,McIntosh ,OK,Canadian River 345 kV Substation,OGE,Wind,250.0,250.0,250.0,10/2/2023,Withdrawn,12/31/2027,8/25/2025,,,9/1/2027,12/31/2027,,DISIS-2023-001,04 SOUTHEAST,ER/NR,WITHDRAWN
GEN-2023-021,,,Jackson,MO,Blue Mills 161kV Substation,Evergy,Battery/Storage,200.0,200.0,200.0,10/2/2023,Withdrawn,7/1/2028,3/18/2024,,,4/15/2028,7/1/2028,,DISIS-2023-001,03 CENTRAL,ER/NR,WITHDRAWN
GEN-2023-020,,,Marshall ,OK,Russett-S Brown 138 kV,WFEC,Solar,220.0,220.0,220.0,10/2/2023,Withdrawn,9/1/2026,3/21/2024,,,5/4/2026,9/1/2026,,DISIS-2023-001,04 SOUTHEAST,ER/NR,WITHDRAWN
GEN-2023-019,,,Tillman County,OK,Cherry Road 138 kV Substation,WFEC,Battery/Storage,200.0,200.0,200.0,10/2/2023,Withdrawn,12/3/2026,3/26/2024,,,9/30/2026,12/3/2026,,DISIS-2023-001,04 SOUTHEAST,ER/NR,WITHDRAWN
GEN-2023-018,,,Comanche County,OK,Hollister 138 kV Substation,WFEC,Battery/Storage,120.0,120.0,120.0,10/2/2023,Withdrawn,12/31/2026,11/9/2023,,,9/30/2026,12/31/2026,,DISIS-2023-001,04 SOUTHEAST,ER/NR,WITHDRAWN
GEN-2023-017,,,Jasper County,MO,Carl Junction Northeast 161 kV Substation,EDE,Battery/Storage,150.0,150.0,150.0,10/2/2023,Withdrawn,12/31/2026,3/26/2024,,,9/30/2026,12/31/2026,,DISIS-2023-001,03 CENTRAL,ER/NR,WITHDRAWN
GEN-2023-016,,,Johnston ,OK,Tupelo-Brown 138 kV Line,SWPA,Solar,130.0,130.0,130.0,10/2/2023,Withdrawn,9/1/2026,3/21/2024,,,5/4/2026,9/1/2026,,DISIS-2023-001,04 SOUTHEAST,ER/NR,WITHDRAWN
GEN-2023-015,,,Finney County,KS,Finney-Carpenter 345 KV line,SPS,Solar,330.0,330.0,330.0,10/2/2023,,9/1/2026,,,,5/4/2026,9/1/2026,,DISIS-2023-001,03 CENTRAL,ER/NR,FACILITY STUDY STAGE
GEN-2023-014,,,McPherson County,SD,Leland Olds to Groton 345 kV Line,BEPC,Wind,200.0,200.0,200.0,10/2/2023,Withdrawn,12/31/2026,3/21/2024,,,9/30/2026,12/31/2026,,DISIS-2023-001,01 NORTH,ER/NR,WITHDRAWN
GEN-2023-013,,,McPherson County,SD,Leland Olds to Groton 345 kV Line,BEPC,Wind,200.0,200.0,200.0,10/2/2023,Withdrawn,12/31/2026,3/26/2024,,,9/30/2026,12/31/2026,,DISIS-2023-001,01 NORTH,ER/NR,WITHDRAWN
GEN-2023-012,,,Lake Preston,SD,Kingsbury County 115kV Substation,EREC,Wind,98.6,98.6,98.6,10/2/2023,Withdrawn,10/31/2026,8/25/2025,,,6/15/2026,10/31/2026,,DISIS-2023-001,01 NORTH,ER/NR,WITHDRAWN
GEN-2023-011,,,Jefferson,NE,Harbine 115 kV Substation,NPPD,Wind,190.0,190.0,190.0,10/2/2023,Withdrawn,12/31/2030,8/25/2025,,,8/30/2030,12/31/2030,,DISIS-2023-001,02 NEBRASKA,ER,WITHDRAWN
GEN-2023-010,,,Sherman,TX,Moore Co 230 kV Substation,SPS,Wind,280.0,280.0,280.0,10/2/2023,Withdrawn,12/31/2030,8/25/2025,,,8/30/2030,12/31/2030,,DISIS-2023-001,05 SOUTHWEST,ER,WITHDRAWN
GEN-2023-009,,,Sawyer,OK,Hugo 138 kV Substation,WFEC,Battery/Storage,250.0,250.0,250.0,10/2/2023,Withdrawn,12/1/2028,8/25/2025,,,6/1/2028,12/1/2028,,DISIS-2023-001,04 SOUTHEAST,ER/NR,WITHDRAWN
GEN-2023-008,,,Hale,TX,Tuco - Carlisle 230 kV line,SPS,Solar,75.0,75.0,75.0,10/2/2023,Withdrawn,12/31/2030,8/25/2025,,,8/8/2030,12/31/2030,,DISIS-2023-001,05 SOUTHWEST,ER,WITHDRAWN
GEN-2023-007,,,Johnson,KS,87th Street 345kV Substation,Evergy,Battery/Storage,150.0,150.0,150.0,10/2/2023,Withdrawn,12/31/2030,11/27/2023,,,8/30/2030,12/31/2030,,DISIS-2023-001,03 CENTRAL,ER/NR,WITHDRAWN
GEN-2023-006,,,"Barton, Vernon",MO,Wolf Creek- Blackberry 345 kV Line Break,NEET,Wind,202.0,202.0,202.0,10/2/2023,Withdrawn,12/31/2029,8/25/2025,,,5/1/2029,12/31/2029,,DISIS-2023-001,03 CENTRAL,ER,WITHDRAWN
GEN-2023-005,,,Lamb,TX,Plant X 230kV Substation,SPS,Solar,256.0,256.0,256.0,9/25/2023,Withdrawn,12/31/2026,8/25/2025,,,9/30/2026,12/31/2026,,DISIS-2023-001,05 SOUTHWEST,ER/NR,WITHDRAWN
GEN-2023-004,,,Cherokee ,KS,Baxter Springs 161 kV Substation,EDE,Hybrid - Solar/Storage,200.0,200.0,200.0,7/26/2023,Withdrawn,12/31/2026,12/29/2023,,,9/15/2026,12/31/2026,,DISIS-2023-001,03 CENTRAL,ER/NR,WITHDRAWN
GEN-2023-003,,,Hughes & Okfuskee,OK,Greasy Creek 138kV Switchyard,WFEC & SWPA,Wind,200.6,200.6,200.6,7/24/2023,Withdrawn,12/31/2026,3/22/2024,,,9/15/2026,12/31/2026,,DISIS-2023-001,04 SOUTHEAST,ER/NR,WITHDRAWN
GEN-2023-002,,,Butler,KS,Rosalia 115 kV Substation,Evergy,Hybrid - Solar/Storage,100.0,100.0,100.0,6/29/2023,Withdrawn,12/31/2026,10/30/2023,,,9/15/2026,12/31/2026,,DISIS-2023-001,03 CENTRAL,ER/NR,WITHDRAWN
GEN-2023-001,,,Lea,NM,T14 Circuit 115 V Line,SPS,Solar,230.0,230.0,230.0,5/26/2023,Withdrawn,12/31/2025,8/25/2025,,,7/15/2025,12/31/2025,,DISIS-2023-001,05 SOUTHWEST,ER/NR,WITHDRAWN
GEN-2022-SR8,,,Campbell,NE,Macon 345 kV Substation,,Solar,210.0,210.0,210.0,7/27/2022,Withdrawn,,3/7/2023,,,,,,Surplus,,ER,WITHDRAWN
GEN-2022-SR7,,,Campbell,NE,Macon 345 kV Substation,,Battery/Storage,210.0,210.0,210.0,7/27/2022,Withdrawn,12/1/2018,3/7/2023,,,,12/1/2018,,Surplus,,ER,WITHDRAWN
GEN-2022-SR6,,,Blackwell,OK,Nardin 69 kV Substation,,Battery/Storage,50.0,50.0,50.0,5/24/2022,Withdrawn,12/31/2022,11/3/2022,,,,12/31/2022,,Surplus,,ER,WITHDRAWN
GEN-2022-SR5,,,Seiling,OK,Tatonga 345 kV Substation,,Battery/Storage,85.0,85.0,85.0,5/24/2022,Withdrawn,12/31/2022,11/3/2022,,,,12/31/2022,,Surplus,,ER,WITHDRAWN
GEN-2022-SR4,,,,,Minco 345 kV Substation,,Battery/Storage,85.0,85.0,85.0,5/23/2022,Withdrawn,,11/3/2022,,,,,,Surplus,,ER,WITHDRAWN
GEN-2022-SR3,,,,,Hoskins 345 kV Substation,,Solar,100.24,100.24,100.24,3/29/2022,Withdrawn,,11/3/2022,,,,,,Surplus,,ER,WITHDRAWN
GEN-2022-SR2,,,,,Hoskins 345 kV Substation,,Battery/Storage,100.8,100.8,100.8,3/21/2022,Withdrawn,,11/3/2022,,,,,,Surplus,,ER,WITHDRAWN
GEN-2022-SR1,,,Burke,ND,Tande 345 kV Substation,BEPC,Battery/Storage,104.4,104.4,104.4,3/2/2022,Withdrawn,,11/3/2022,,,11/30/2022,,,Surplus,01 NORTH,ER,WITHDRAWN
GEN-2022-GR2,,,Harrah,OK,,OGE,,400.0,400.0,480.0,8/1/2022,Withdrawn,12/31/2027,10/12/2023,,,,12/31/2027,,Replacement,04 SOUTHEAST,ER/NR,WITHDRAWN
GEN-2022-GR1,,,Hallsville,TX,Pirkey 138 kV,AEP,Thermal - Gas,513.0,510.0,513.0,3/23/2022,Completed,12/15/2027,,,,3/30/2026,12/15/2027,3/31/2023,Replacement,04 SOUTHEAST,ER,IA FULLY EXECUTED/ON SCHEDULE
GEN-2022-247,,,Kidder,ND,Leland Olds (Secondary) - Groton 345 kV line,BEPC,Solar,375.0,375.0,375.0,3/24/2023,Withdrawn,9/15/2028,11/6/2023,,,3/1/2028,9/15/2028,,DISIS-2022-001,01 NORTH,ER/NR,WITHDRAWN
GEN-2022-246,,,Kidder,ND,Leland Olds (Secondary) - Groton 345 kV line,BEPC,Solar,342.0,342.0,342.0,3/24/2023,Withdrawn,9/15/2028,11/6/2023,,,3/1/2028,9/15/2028,,DISIS-2022-001,01 NORTH,ER/NR,WITHDRAWN
GEN-2022-245,,,Kidder,ND,Line tap of existing Leland Olds (Secondary) - Groton 345 kV line,BEPC,Battery/Storage,200.0,200.0,200.0,3/10/2022,Withdrawn,9/15/2028,11/6/2023,,,3/1/2028,9/15/2028,,DISIS-2022-001,01 NORTH,ER/NR,WITHDRAWN
GEN-2022-244,,,Foard and Wilbarger,TX,Oklaunion-Tuco 345kV Line Break,SPS,Solar,200.0,200.0,200.0,3/10/2023,Withdrawn,12/15/2027,11/6/2023,,,5/1/2027,12/15/2027,,DISIS-2022-001,05 SOUTHWEST,ER/NR,WITHDRAWN
GEN-2022-243,,,Foard and Wilbarger,TX,Oklaunion-Tuco 345kV Line Break,SPS,Solar,200.0,200.0,200.0,3/10/2023,Withdrawn,12/15/2027,11/6/2023,,,5/1/2027,12/15/2027,,DISIS-2022-001,05 SOUTHWEST,ER/NR,WITHDRAWN
GEN-2022-242,,,Ford and Wilbarger,TX,Oklaunion-Tuco 345kV Line Break,SPS,Battery/Storage,250.0,250.0,250.0,3/10/2023,Withdrawn,12/15/2027,11/6/2023,,,5/1/2027,12/15/2027,,DISIS-2022-001,05 SOUTHWEST,ER/NR,WITHDRAWN
GEN-2022-241,,,Hempstead,AR,John W Turk Jr Power Plant 345 kV sub,AEP,Battery/Storage,200.0,200.0,200.0,2/28/2023,Withdrawn,9/15/2028,3/6/2025,,,3/1/2028,9/15/2028,,DISIS-2022-001,04 SOUTHEAST,ER/NR,WITHDRAWN
GEN-2022-240,,,Hempstead,AR,John W Turk Jr Power Plant 345 kV sub,AEP,Battery/Storage,200.0,200.0,200.0,2/28/2023,Withdrawn,9/15/2028,3/6/2025,,,3/1/2028,9/15/2028,,DISIS-2022-001,04 SOUTHEAST,ER/NR,WITHDRAWN
GEN-2022-239,,,Hempstead,AR,John W Turk Jr Power Plant 345 kV sub,AEP,Solar,350.0,350.0,350.0,2/28/2023,Withdrawn,9/15/2028,3/6/2025,,,3/1/2028,9/15/2028,,DISIS-2022-001,04 SOUTHEAST,ER/NR,WITHDRAWN
GEN-2022-238,,,Pottawatomie,OK,Maud 138 kV substation,OGE,Battery/Storage,150.0,150.0,150.0,2/28/2023,Completed,12/31/2029,,,,3/1/2028,12/31/2029,,DISIS-2022-001,04 SOUTHEAST,ER/NR,IA FULLY EXECUTED/ON SCHEDULE
GEN-2022-237,,,Pottawatomie,OK,Maud 138 kV substation,OGE,Solar,150.0,150.0,150.0,2/28/2023,Withdrawn,9/15/2028,3/6/2025,,,3/1/2028,9/15/2028,,DISIS-2022-001,04 SOUTHEAST,ER/NR,WITHDRAWN
GEN-2022-236,,,Lamb and Bailey,TX,Tolk to Lamb County 230 kV line,SPS,Solar,299.0,299.0,299.0,2/28/2023,Withdrawn,9/15/2028,11/6/2023,,,3/1/2028,9/15/2028,,DISIS-2022-001,05 SOUTHWEST,ER/NR,WITHDRAWN
GEN-2022-235,,,Canadian,OK,El Reno SW 138 kV ,WFEC,Battery/Storage,150.0,150.0,150.0,2/28/2023,Completed,7/31/2029,,,,3/1/2028,7/31/2029,,DISIS-2022-001,04 SOUTHEAST,ER/NR,IA FULLY EXECUTED/ON SCHEDULE
GEN-2022-234,,,Rogers,OK,Alluwe Tap – Chelsea 138 kV line,AEP,Solar,200.0,200.0,200.0,2/28/2023,Withdrawn,9/15/2028,,,,3/1/2028,9/15/2028,,DISIS-2022-001,04 SOUTHEAST,ER/NR,WITHDRAWN
GEN-2022-233,,,Curry,NM,Pleasant Hill to Oasis 230 kV,SPS,Battery/Storage,200.0,200.0,200.0,2/28/2023,Withdrawn,9/15/2028,11/6/2023,,,3/1/2028,9/15/2028,,DISIS-2022-001,05 SOUTHWEST,ER/NR,WITHDRAWN
GEN-2022-232,,,Curry,NM,Pleasant Hill to Oasis 230 kV,SPS,Solar,200.0,200.0,200.0,2/28/2023,Withdrawn,9/15/2028,11/6/2023,,,3/1/2028,9/15/2028,,DISIS-2022-001,05 SOUTHWEST,ER/NR,WITHDRAWN
GEN-2022-231,,,Logan,OK,Crescent to Cottonwood Creek 138 kV Line,OGE,Solar,166.0,166.0,166.0,2/28/2023,Withdrawn,9/15/2028,,,,3/1/2028,9/15/2028,,DISIS-2022-001,04 SOUTHEAST,ER/NR,WITHDRAWN
GEN-2022-230,,,Logan,OK,Sooner to Spring Creek Power Plant 345 kV line,OGE,Battery/Storage,200.0,200.0,200.0,2/28/2023,Withdrawn,9/15/2028,6/1/2023,,,3/1/2028,9/15/2028,,DISIS-2022-001,04 SOUTHEAST,ER/NR,WITHDRAWN
GEN-2022-229,,,Logan,OK,Sooner to Spring Creek Power Plant 345 kV line,OGE,Battery/Storage,200.0,200.0,200.0,2/28/2023,Withdrawn,9/15/2028,6/1/2023,,,3/1/2028,9/15/2028,,DISIS-2022-001,04 SOUTHEAST,ER/NR,WITHDRAWN
GEN-2022-228,,,Logan,OK,Sooner to Spring Creek Power Plant 345 kV line,OGE,Solar,335.0,335.0,335.0,2/28/2023,Withdrawn,9/15/2028,6/1/2023,,,3/1/2028,9/15/2028,,DISIS-2022-001,04 SOUTHEAST,ER/NR,WITHDRAWN
GEN-2022-227,,,Cochran,TX,Tolk – Yoakum 230 kV line,SPS,Solar,244.0,244.0,244.0,2/28/2023,Withdrawn,9/15/2028,11/6/2023,,,3/1/2028,9/15/2028,,DISIS-2022-001,05 SOUTHWEST,ER/NR,WITHDRAWN
GEN-2022-226,,,Muskogee,OK,Seminole to Muskogee 345 kV line,OGE,Battery/Storage,200.0,200.0,200.0,2/28/2023,Withdrawn,9/15/2028,7/3/2023,,,3/1/2028,9/15/2028,,DISIS-2022-001,04 SOUTHEAST,ER/NR,WITHDRAWN
GEN-2022-225,,,Muskogee,OK,Seminole to Muskogee 345 kV line,OGE,Battery/Storage,200.0,200.0,200.0,2/28/2023,Withdrawn,9/15/2028,7/3/2023,,,3/1/2028,9/15/2028,,DISIS-2022-001,04 SOUTHEAST,ER/NR,WITHDRAWN
GEN-2022-224,,,Muskogee,OK,Seminole to Muskogee 345 kV line,OGE,Solar,325.0,325.0,325.0,2/28/2023,Withdrawn,9/15/2028,7/3/2023,,,3/1/2028,9/15/2028,,DISIS-2022-001,04 SOUTHEAST,ER/NR,WITHDRAWN
GEN-2022-223,,,Wilbarger,TX,Lawton East Side – Oklaunion 345 kV line,AEP,Battery/Storage,200.0,200.0,200.0,2/28/2023,Withdrawn,9/15/2028,11/6/2023,,,3/1/2028,9/15/2028,,DISIS-2022-001,05 SOUTHWEST,ER/NR,WITHDRAWN
GEN-2022-222,,,Wilbarger,TX,Lawton East Side – Oklaunion 345 kV line,AEP,Battery/Storage,200.0,200.0,200.0,2/28/2023,Withdrawn,9/15/2028,11/6/2023,,,3/1/2028,9/15/2028,,DISIS-2022-001,05 SOUTHWEST,ER/NR,WITHDRAWN
GEN-2022-221,,,Wilbarger,TX,Lawton East Side – Oklaunion 345 kV line,AEP,Solar,350.0,350.0,350.0,2/28/2023,Withdrawn,9/15/2028,11/6/2023,,,3/1/2028,9/15/2028,,DISIS-2022-001,05 SOUTHWEST,ER/NR,WITHDRAWN
GEN-2022-220,,,Stark,ND,7.5 Miles City to Dawson 230 kV Line,WAPA,Solar,250.0,250.0,250.0,3/2/2023,Withdrawn,5/30/2026,11/6/2023,,,3/6/2026,5/30/2026,,DISIS-2022-001,01 NORTH,ER/NR,WITHDRAWN
GEN-2022-219,,,Dawson,MT,Belfield 230 kV Substation,WAPA,Solar,350.0,350.0,350.0,3/2/2023,Withdrawn,12/31/2026,3/6/2025,,,10/6/2026,12/31/2026,,DISIS-2022-001,01 NORTH,ER/NR,WITHDRAWN
GEN-2022-218,,,Sharp,AR,Highland (Ash Flat) - Water Valley 161 kV Substation,SWPA,Solar,95.0,95.0,95.0,3/2/2023,Withdrawn,10/1/2028,2/5/2024,,,6/30/2028,10/1/2028,,DISIS-2022-001,04 SOUTHEAST,ER/NR,WITHDRAWN
GEN-2022-217,,,Parmer,TX,Deaf Smith - Plant X 230 kV Line Break ,SPS,Wind,275.0,275.0,275.0,3/2/2023,Withdrawn,12/15/2029,11/6/2023,,,5/1/2027,12/15/2029,,DISIS-2022-001,05 SOUTHWEST,ER/NR,WITHDRAWN
GEN-2022-216,,,Castro,TX,Newhart 230kV Substation,SPS,Wind,250.0,250.0,250.0,3/2/2023,Withdrawn,12/15/2027,11/6/2023,,,5/1/2027,12/15/2027,,DISIS-2022-001,05 SOUTHWEST,ER/NR,WITHDRAWN
GEN-2022-215,,,Stevens,KS,Carpenter 345 kV Substation,SPS,Solar,154.0,154.0,154.0,3/2/2023,Withdrawn,12/15/2027,11/6/2023,,,5/1/2027,12/15/2027,,DISIS-2022-001,03 CENTRAL,ER/NR,WITHDRAWN
GEN-2022-214,,,Sumner,KS,Gill - Viola 138 kV Line Break,WERE,Solar,239.0,239.0,239.0,3/2/2023,Completed,6/15/2030,,,,5/1/2027,6/15/2030,,DISIS-2022-001,03 CENTRAL,ER,IA FULLY EXECUTED/ON SCHEDULE
GEN-2022-213,,,Cass,MO,KC South - N. Raymore 161kV Line,KCPL,Solar,120.0,120.0,120.0,3/2/2023,Withdrawn,12/15/2027,11/6/2023,,,5/1/2027,12/15/2027,,DISIS-2022-001,03 CENTRAL,ER/NR,WITHDRAWN
GEN-2022-212,,,Lincoln,NE,New GGS Satellite 345 kV Substation,NPPD,Hybrid - Solar/Storage,225.0,225.0,225.0,3/1/2023,Withdrawn,12/1/2027,11/30/2023,,,7/1/2027,12/1/2027,,DISIS-2022-001,02 NEBRASKA,ER/NR,WITHDRAWN
GEN-2022-211,,,Lincoln,NE,New GGS Satellite 345 kV Substation,NPPD,Hybrid - Solar/Storage,175.0,175.0,175.0,3/1/2023,Withdrawn,12/1/2027,11/30/2023,,,7/1/2027,12/1/2027,,DISIS-2022-001,02 NEBRASKA,ER/NR,WITHDRAWN
GEN-2022-210,,,Lincoln,NE,New GGS Satellite 345 kV Substation,NPPD,Hybrid - Solar/Storage,240.0,240.0,240.0,3/1/2023,Withdrawn,12/1/2027,11/30/2023,,,7/1/2027,12/1/2027,,DISIS-2022-001,02 NEBRASKA,ER/NR,WITHDRAWN
GEN-2022-209,,,Andrew/Gentry/Dekalb,MO,Tap on the Mullen Creek to Ketchum 345 kV Line,KCPL,Hybrid - Solar/Storage,600.0,600.0,600.0,3/1/2023,Withdrawn,12/1/2027,3/6/2025,,,7/1/2027,12/1/2027,,DISIS-2022-001,03 CENTRAL,ER/NR,WITHDRAWN
GEN-2022-208,,,Andrew/Gentry/Dekalb,MO,Tap on the Mullen Creek to Ketchum 345 kV Line,KCPL,Wind,400.0,400.0,400.0,3/1/2023,Withdrawn,12/1/2027,3/6/2025,,,7/1/2027,12/1/2027,,DISIS-2022-001,03 CENTRAL,ER/NR,WITHDRAWN
GEN-2022-207,,,Finney,KS,Finney 345 kV Substation,SPS,Hybrid - Solar/Storage,300.0,300.0,300.0,3/1/2023,Withdrawn,12/1/2027,11/30/2023,,,7/1/2027,12/1/2027,,DISIS-2022-001,03 CENTRAL,ER/NR,WITHDRAWN
GEN-2022-206,,,Edwards/Hodgeman,KS,Post Rock - Spearville 345 kV,ITCGP,Wind,250.0,250.0,250.0,3/1/2023,Withdrawn,11/1/2027,3/6/2025,,,7/1/2027,11/1/2027,,DISIS-2022-001,03 CENTRAL,ER/NR,WITHDRAWN
GEN-2022-205,,,Edwards/Hodgeman,KS,Post Rock - Spearville 345 kV,ITCGP,Wind,250.0,250.0,250.0,3/1/2023,Withdrawn,11/1/2027,3/6/2025,,,7/1/2027,11/1/2027,,DISIS-2022-001,03 CENTRAL,ER/NR,WITHDRAWN
GEN-2022-204,,,Edwards/Hodgeman,KS,Post Rock - Spearville 345 kV,ITCGP,Wind,250.0,250.0,250.0,3/1/2023,Withdrawn,11/1/2027,3/6/2025,,,7/1/2027,11/1/2027,,DISIS-2022-001,03 CENTRAL,ER/NR,WITHDRAWN
GEN-2022-203,,,Gray ,KS,Buckner 345kV Substation,SUNC,Solar,200.0,200.0,200.0,2/28/2023,Withdrawn,12/15/2029,11/6/2023,,,5/1/2027,12/15/2029,,DISIS-2022-001,03 CENTRAL,ER/NR,WITHDRAWN
GEN-2022-202,,,Stevens,KS,Hitchland - Finney 345 kV ,SPS,Wind,200.0,200.0,200.0,2/28/2023,Withdrawn,12/15/2027,5/31/2023,,,5/1/2027,12/15/2027,,DISIS-2022-001,03 CENTRAL,ER/NR,WITHDRAWN
GEN-2022-201,,,Palmer,TX,Tolk 230kV Substation,SPS,Wind,300.0,300.0,300.0,2/28/2023,Withdrawn,12/15/2027,5/31/2023,,,5/1/2027,12/15/2027,,DISIS-2022-001,05 SOUTHWEST,ER/NR,WITHDRAWN
GEN-2022-200,,,Holt,NE,Holt 345 kV Substation,NPPD,Wind,300.0,300.0,300.0,2/28/2023,Withdrawn,12/15/2027,11/6/2023,,,5/1/2027,12/15/2027,,DISIS-2022-001,02 NEBRASKA,ER/NR,WITHDRAWN
GEN-2022-199,,,Castro,TX,Newhart 230kV Substation,SPS,Wind,300.0,300.0,300.0,2/28/2023,Withdrawn,12/15/2027,11/6/2023,,,5/1/2027,12/15/2027,,DISIS-2022-001,05 SOUTHWEST,ER/NR,WITHDRAWN
GEN-2022-198,,,Lincoln,NE,Gerald Gentleman-Red Willow 345kV line break,NPPD,Solar,300.0,300.0,300.0,2/28/2023,Withdrawn,12/15/2028,11/6/2023,,,5/1/2028,12/15/2028,,DISIS-2022-001,02 NEBRASKA,ER/NR,WITHDRAWN
GEN-2022-197,,,Swisher,TX,Swisher 115kV Substation,SPS,Solar,112.0,112.0,112.0,2/28/2023,Withdrawn,12/15/2027,11/6/2023,,,5/1/2027,12/15/2027,,DISIS-2022-001,05 SOUTHWEST,ER/NR,WITHDRAWN
GEN-2022-196,,,Pittsburg,OK,Pittsburg 345kV Substation,AEP,Wind,215.0,215.0,215.0,2/28/2023,Withdrawn,12/15/2027,3/6/2025,,,5/1/2027,12/15/2027,,DISIS-2022-001,04 SOUTHEAST,ER,WITHDRAWN
GEN-2022-195,,,Harper,KS,Viola 345 kV Substation,WERE,Wind,145.0,145.0,145.0,2/28/2023,Withdrawn,12/15/2028,11/6/2023,,,5/1/2027,12/15/2028,,DISIS-2022-001,03 CENTRAL,ER/NR,WITHDRAWN
GEN-2022-194,,,Kiowa,KS,Clark County - Thistle 345 kV line break,ITCGP,Wind,200.0,200.0,200.0,2/28/2023,Withdrawn,12/15/2027,5/31/2023,,,5/1/2027,12/15/2027,,DISIS-2022-001,03 CENTRAL,ER/NR,WITHDRAWN
GEN-2022-193,,,Ford,KS,Clark County - Thistle 345 kV line break,ITCGP,Wind,200.0,200.0,200.0,2/28/2023,Withdrawn,12/15/2027,5/31/2023,,,5/1/2027,12/15/2027,,DISIS-2022-001,03 CENTRAL,ER/NR,WITHDRAWN
GEN-2022-192,,,Ford,KS,Clark County - Thistle 345 kV line break,ITCGP,Wind,300.0,300.0,300.0,2/28/2023,Withdrawn,12/15/2027,5/31/2023,,,5/1/2027,12/15/2027,,DISIS-2022-001,03 CENTRAL,ER/NR,WITHDRAWN
GEN-2022-191,,,Baylor,TX,Oklaunion 345kV Substation,AEP,Wind,200.0,200.0,200.0,2/28/2023,Withdrawn,12/15/2027,5/31/2023,,,5/1/2027,12/15/2027,,DISIS-2022-001,05 SOUTHWEST,ER/NR,WITHDRAWN
GEN-2022-190,,,Kiowa,KS,Clark County - Thistle 345 kV line break,ITCGP,Wind,200.0,200.0,200.0,2/28/2023,Withdrawn,12/15/2027,5/31/2023,,,5/1/2027,12/15/2027,,DISIS-2022-001,03 CENTRAL,ER/NR,WITHDRAWN
GEN-2022-189,,,Ford,KS,Dodge City 115 kV Substation,SUNC,Solar,100.0,100.0,100.0,2/28/2023,Withdrawn,12/15/2028,11/6/2023,,,5/1/2027,12/15/2028,,DISIS-2022-001,03 CENTRAL,ER/NR,WITHDRAWN
GEN-2022-188,,,Banner ,NE,Laramie River -Sidney 345 kV Line Break,BEPC,Wind,290.0,290.0,290.0,2/28/2023,Withdrawn,12/15/2026,11/6/2023,,,5/1/2027,12/15/2026,,DISIS-2022-001,02 NEBRASKA,ER/NR,WITHDRAWN
GEN-2022-187,,,Lincoln,NE,Gerald Gentleman-Red Willow 345kV line break,NPPD,Wind,120.0,120.0,120.0,2/28/2023,Withdrawn,5/15/2027,11/6/2023,,,5/1/2027,5/15/2027,,DISIS-2022-001,02 NEBRASKA,ER/NR,WITHDRAWN
GEN-2022-186,,,Coffey,KS,Wolf Creek - Benton 345 kV Substation,WERE,Solar,684.0,684.0,684.0,2/28/2023,Withdrawn,5/30/2026,3/6/2025,,,5/6/2026,5/30/2026,,DISIS-2022-001,03 CENTRAL,ER/NR,WITHDRAWN
GEN-2022-185,,,Caddo Parish,LA,Arsenal Hill 138 kV Substation,AEP,Thermal - CTG,46.0,39.0,46.0,2/28/2023,Withdrawn,12/31/2024,11/7/2023,,,12/31/2024,12/31/2024,,DISIS-2022-001,04 SOUTHEAST,ER,WITHDRAWN
GEN-2022-184,,,Curry,NM,Melrose 69 kV Substation,WFEC,Solar,59.4,59.4,59.4,3/2/2023,Withdrawn,12/10/2024,10/2/2023,,,8/20/2024,12/10/2024,,DISIS-2022-001,05 SOUTHWEST,ER,WITHDRAWN
GEN-2022-183,,,Tillman,OK,Oklaunion to Lawton 345 kV Transmission Line at Tumbleweed Flat,AEP,Battery/Storage,225.0,225.0,225.0,2/27/2023,Withdrawn,12/31/2026,11/29/2023,,,12/31/2026,12/31/2026,,DISIS-2022-001,05 SOUTHWEST,ER/NR,WITHDRAWN
GEN-2022-182,,,Tillman,OK,Oklaunion to Lawton 345 kV Transmission Line at Tumbleweed Flat,AEP,Battery/Storage,225.0,225.0,225.0,2/27/2023,Withdrawn,12/31/2026,11/29/2023,,,12/31/2026,12/31/2026,,DISIS-2022-001,05 SOUTHWEST,ER/NR,WITHDRAWN
GEN-2022-181,,,Tillman,OK,Oklaunion to Lawton 345 kV Transmission Line at Tumbleweed Flat,AEP,Solar,200.0,200.0,200.0,2/27/2023,Withdrawn,12/31/2026,11/29/2023,,,12/31/2026,12/31/2026,,DISIS-2022-001,05 SOUTHWEST,ER/NR,WITHDRAWN
GEN-2022-180,,,Tillman,OK,Oklaunion to Lawton 345 kV Transmission Line at Tumbleweed Flat,AEP,Solar,200.0,200.0,200.0,2/27/2023,Withdrawn,12/31/2026,11/29/2023,,,12/31/2026,12/31/2026,,DISIS-2022-001,05 SOUTHWEST,ER/NR,WITHDRAWN
GEN-2022-179,,,Tillman,OK,Oklaunion to Lawton 345 kV Transmission Line at Tumbleweed Flat,AEP,Solar,225.0,225.0,225.0,2/27/2023,Withdrawn,12/31/2026,11/29/2023,,,12/31/2026,12/31/2026,,DISIS-2022-001,05 SOUTHWEST,ER/NR,WITHDRAWN
GEN-2022-178,,,Tillman,OK,Oklaunion to Lawton 345 kV Transmission Line at Tumbleweed Flat,AEP,Solar,225.0,225.0,225.0,2/27/2023,Withdrawn,12/31/2026,11/29/2023,,,12/31/2026,12/31/2026,,DISIS-2022-001,05 SOUTHWEST,ER/NR,WITHDRAWN
GEN-2022-177,,,Hamilton/Greeley,KS,Tap on the Finney to Lamar 345 kV Line,SPS,Hybrid - Wind/Storage,400.0,400.0,400.0,2/27/2023,Withdrawn,12/1/2027,11/30/2023,,,7/1/2027,12/1/2027,,DISIS-2022-001,03 CENTRAL,ER/NR,WITHDRAWN
GEN-2022-176,,,Nowata,OK,Northeastern - Delaware 345 kV transmission line,AEP,Wind,215.0,215.0,215.0,2/17/2023,Active,12/31/2028,,,,4/1/2026,12/31/2028,,DISIS-2022-001,04 SOUTHEAST,ER/NR,IA PENDING
GEN-2022-175,,,Clay and Adams,NE,Pauline 345 kV Substation,NPPD,Solar,305.0,305.0,305.0,2/17/2023,Withdrawn,10/31/2026,11/6/2023,,,4/1/2026,10/31/2026,,DISIS-2022-001,02 NEBRASKA,ER/NR,WITHDRAWN
GEN-2022-174,,,Buffalo and Hyde,SD,Fort Thompson 345 kV Substation,WAPA,Solar,370.0,378.0,378.0,2/24/2023,Withdrawn,12/15/2026,11/7/2023,,,5/1/2026,12/15/2026,,DISIS-2022-001,01 NORTH,ER/NR,WITHDRAWN
GEN-2022-173,,,Red Willow,NE,McCook 115 kV Substation,NPPD,Hybrid - Solar/Storage,184.0,184.0,184.0,2/26/2023,Withdrawn,5/1/2027,11/6/2023,,,2/1/2027,5/1/2027,,DISIS-2022-001,02 NEBRASKA,ER/NR,WITHDRAWN
GEN-2022-172,,,Dawson,NE,Canaday 230 kV Substation,NPPD,Hybrid - Solar/Storage,140.0,140.0,140.0,2/26/2023,Withdrawn,5/1/2027,11/6/2023,,,2/1/2027,5/1/2027,,DISIS-2022-001,02 NEBRASKA,ER/NR,WITHDRAWN
GEN-2022-171,,,Curry,NM,Pleasant Hill 230 kV Substation,SPS,Wind,200.0,200.0,200.0,2/26/2023,Withdrawn,12/1/2026,3/6/2025,,,8/1/2026,12/1/2026,,DISIS-2022-001,05 SOUTHWEST,ER,WITHDRAWN
GEN-2022-170,,,Curry ,NM,Line Tap Pleasant Hill to Norton 115 kV,SPS,Hybrid - Solar/Storage,99.0,99.0,99.0,2/26/2023,Withdrawn,12/1/2026,11/6/2023,,,8/1/2026,12/1/2026,,DISIS-2022-001,05 SOUTHWEST,ER/NR,WITHDRAWN
GEN-2022-169,,,Hyde,SD,LeLand Olds-Fort Thompson 345kV line ,BEPC,Hybrid - Solar/Storage,220.0,220.0,220.0,2/26/2023,Withdrawn,11/15/2027,11/6/2023,,,8/30/2027,11/15/2027,,DISIS-2022-001,01 NORTH,ER/NR,WITHDRAWN
GEN-2022-168,,,Henry,MO,Silwell - Clinton 161 kV Line,KCPL,Solar,380.0,380.0,380.0,2/26/2023,Withdrawn,12/31/2027,3/26/2025,,,7/31/2027,12/31/2027,,DISIS-2022-001,03 CENTRAL,ER/NR,WITHDRAWN
GEN-2022-167,,,Tulsa,OK,Tulsa North - Northeastern 345 kV Line,AEP,Solar,250.0,250.0,250.0,2/26/2023,Withdrawn,10/1/2028,3/6/2025,,,6/30/2028,10/1/2028,,DISIS-2022-001,04 SOUTHEAST,ER/NR,WITHDRAWN
GEN-2022-166,,,Garvin,OK,Paoli - Baseline 138 kV Substation,WFEC,Solar,150.0,150.0,150.0,2/26/2023,Withdrawn,10/1/2028,6/27/2023,,,6/30/2028,10/1/2028,,DISIS-2022-001,04 SOUTHEAST,ER/NR,WITHDRAWN
GEN-2022-165,,,Swisher,TX,Kress 115 kV Substation,SPS,Battery/Storage,200.0,200.0,200.0,2/26/2023,Withdrawn,6/1/2026,11/6/2023,,,6/1/2025,6/1/2026,,DISIS-2022-001,05 SOUTHWEST,ER/NR,WITHDRAWN
GEN-2022-164,,,Cass,MO,Pleasant Hill 345 kV Substation,KCPL,Battery/Storage,200.0,200.0,200.0,2/26/2023,Withdrawn,6/15/2026,11/6/2023,,,3/15/2026,6/15/2026,,DISIS-2022-001,03 CENTRAL,ER/NR,WITHDRAWN
GEN-2022-163,,,Canadian,OK,Cimarron 345kV Substation,OGE,Battery/Storage,200.0,200.0,200.0,2/26/2023,Withdrawn,6/15/2026,3/6/2025,,,3/15/2026,6/15/2026,,DISIS-2022-001,04 SOUTHEAST,ER/NR,WITHDRAWN
GEN-2022-162,,,Saline ,NE,Friend 115 kV Substation,NPPD,Wind,118.0,118.0,118.0,2/24/2023,Withdrawn,12/31/2025,3/6/2025,,,5/1/2025,12/31/2025,,DISIS-2022-001,02 NEBRASKA,ER/NR,WITHDRAWN
GEN-2022-161,,,Butler,KS,Burns 345kV Substation,WERE,Wind,360.0,360.0,360.0,2/24/2023,Completed,8/31/2029,,,,12/31/2026,8/31/2029,,DISIS-2022-001,03 CENTRAL,ER,IA FULLY EXECUTED/ON SCHEDULE
GEN-2022-160,,,Chaves and Lea,NM,Crossroads - Hobbs 345 kV Line,NEET,Wind,280.0,280.0,280.0,2/24/2023,Withdrawn,12/1/2028,3/6/2025,,,5/1/2028,12/1/2028,,DISIS-2022-001,05 SOUTHWEST,ER/NR,WITHDRAWN
GEN-2022-159,,,Chaves and Lea,NM,Crossroads - Hobbs 345 kV Line,NEET,Wind,280.0,280.0,280.0,2/24/2023,Withdrawn,12/1/2027,3/6/2025,,,5/1/2028,12/1/2027,,DISIS-2022-001,05 SOUTHWEST,ER/NR,WITHDRAWN
GEN-2022-158,,,Rush,KS,Spearville - Postrock 345kV Substation,ITCGP,Solar,200.0,200.0,200.0,2/24/2023,Withdrawn,12/31/2028,11/15/2023,,,10/15/2028,12/31/2028,,DISIS-2022-001,03 CENTRAL,ER/NR,WITHDRAWN
GEN-2022-157,,,Texas,OK,Hitchland - Carpenter 345 kV,SPS,Solar,200.0,200.0,200.0,2/24/2023,Withdrawn,12/31/2028,11/15/2023,,,10/15/2028,12/31/2028,,DISIS-2022-001,05 SOUTHWEST,ER/NR,WITHDRAWN
GEN-2022-156,,,Creek,OK,Silver City 138 kV Substation,GRDA,Battery/Storage,100.0,100.0,100.0,2/24/2023,Completed,6/1/2029,,,,9/15/2026,6/1/2029,,DISIS-2022-001,04 SOUTHEAST,ER,IA FULLY EXECUTED/ON SCHEDULE
GEN-2022-155,,,Oklahoma,OK,Horseshoe Lake 138 kV Substation,OGE,Battery/Storage,200.0,200.0,200.0,2/24/2023,Completed,5/1/2029,,,,9/15/2026,5/1/2029,,DISIS-2022-001,04 SOUTHEAST,ER,IA FULLY EXECUTED/ON SCHEDULE
GEN-2022-154,,,Cleveland,OK,Canadian Switch 138 kV Substation,WFEC,Battery/Storage,100.0,100.0,100.0,2/24/2023,Completed,9/19/2029,,,,9/15/2026,9/19/2029,,DISIS-2022-001,04 SOUTHEAST,ER,IA FULLY EXECUTED/ON SCHEDULE
GEN-2022-153,,,Burt,NE,Tekamah 161 kV Substation,NPPD,Battery/Storage,100.0,106.88,106.88,2/24/2023,Withdrawn,8/21/2026,11/6/2023,,,5/10/2026,8/21/2026,,DISIS-2022-001,02 NEBRASKA,ER/NR,WITHDRAWN
GEN-2022-152,,,Richardson,NE,Humboldt 161 kV Substation,NPPD,Battery/Storage,80.0,80.0,80.0,2/23/2023,Withdrawn,8/21/2026,3/6/2025,,,5/10/2026,8/21/2026,,DISIS-2022-001,02 NEBRASKA,ER/NR,WITHDRAWN
GEN-2022-151,,,Lamb,TX,Lamb County 115kV Substation,SPS,Battery/Storage,115.0,128.25,128.25,2/23/2023,Withdrawn,8/21/2026,11/6/2023,,,5/10/2026,8/21/2026,,DISIS-2022-001,05 SOUTHWEST,ER/NR,WITHDRAWN
GEN-2022-150,,,Randall,TX,Randall 115 kV Substation,SPS,Battery/Storage,150.0,171.0,171.0,2/23/2023,Withdrawn,8/21/2026,3/6/2025,,,5/10/2026,8/21/2026,,DISIS-2022-001,05 SOUTHWEST,ER/NR,WITHDRAWN
GEN-2022-149,,,Newton,MO,Joplin - Silver Creek 161 kV,EDE,Battery/Storage,250.0,250.0,250.0,2/17/2023,Withdrawn,4/1/2025,10/2/2023,,,9/12/2024,4/1/2025,,DISIS-2022-001,03 CENTRAL,ER/NR,WITHDRAWN
GEN-2022-148,,,Beaver,OK,Beaver County 345 kV Substation,OGE,Wind,74.99,74.99,74.99,2/17/2023,Withdrawn,12/31/2026,11/6/2023,,,8/1/2026,12/31/2026,,DISIS-2022-001,05 SOUTHWEST,ER/NR,WITHDRAWN
GEN-2022-147,,,Hale,TX,Tuco 345kV,SPS,Thermal - CTG,203.0,196.0,203.0,2/21/2023,Completed,12/11/2026,,,,2/27/2024,12/11/2026,,DISIS-2022-001,05 SOUTHWEST,ER,IA FULLY EXECUTED/ON SCHEDULE
GEN-2022-146,,,,,Asbury 161 kV Substation,EDE,Battery/Storage,150.0,155.25,155.25,2/24/2023,Withdrawn,12/31/2027,11/6/2023,,,9/15/2027,12/31/2027,,DISIS-2022-001,03 CENTRAL,ER/NR,WITHDRAWN
GEN-2022-145,,,Cluster,OK,Weatherford Jct. to Hinton 138 kV line,AEP,Battery/Storage,180.0,180.0,180.0,2/21/2023,Active,12/31/2030,,,,9/15/2027,12/31/2030,,DISIS-2022-001,04 SOUTHEAST,ER,IA PENDING
GEN-2022-144,,,Jackson,MO,Blue Mills BESS 161kV Substation,KCPL,Battery/Storage,200.0,210.4,210.4,2/21/2023,Completed,12/31/2030,,,,9/15/2027,12/31/2030,,DISIS-2022-001,03 CENTRAL,ER,IA FULLY EXECUTED/ON SUSPENSION
GEN-2022-143,,,Marshall,OK,Caney Creek 138 kV Substation,OGE,Battery/Storage,200.0,210.4,210.4,2/21/2023,Completed,11/15/2028,,,,9/15/2027,11/15/2028,,DISIS-2022-001,04 SOUTHEAST,ER,IA FULLY EXECUTED/ON SCHEDULE
GEN-2022-142,,,Clay,MO,Shoal Creek 161 kV Substation,KCPL,Battery/Storage,200.0,210.4,210.4,2/21/2023,Active,12/31/2030,,,,9/15/2027,12/31/2030,,DISIS-2022-001,03 CENTRAL,ER,IA PENDING
GEN-2022-141,,,Lubbock,TX,Lubbock East Interchange 230 kV Substation,SPS,Battery/Storage,250.0,263.3,263.3,2/21/2023,Withdrawn,12/31/2027,11/6/2023,,,9/15/2027,12/31/2027,,DISIS-2022-001,05 SOUTHWEST,ER/NR,WITHDRAWN
GEN-2022-140,,,Johnson ,MO,Post Oak 69 kV Substation,KCPL,Battery/Storage,90.0,94.9,94.9,2/24/2023,Withdrawn,12/31/2027,11/6/2023,,,9/15/2027,12/31/2027,,DISIS-2022-001,03 CENTRAL,ER/NR,WITHDRAWN
GEN-2022-139,,,Harrison,TX,Pirkey 345kV Substation,AEP,Battery/Storage,300.0,315.7,315.7,2/21/2023,Active,12/31/2030,,,,9/15/2027,12/31/2030,,DISIS-2022-001,04 SOUTHEAST,ER,IA PENDING
GEN-2022-138,,,Roger,OK,Tulsa North - Northeast Station 345 kV Substation,AEP,Battery/Storage,300.0,316.6,316.6,2/21/2023,Withdrawn,12/31/2027,3/6/2025,,,9/15/2027,12/31/2027,,DISIS-2022-001,04 SOUTHEAST,ER,WITHDRAWN
GEN-2022-137,,,Cleveland,OK,Canadian Switchyard 138kV,WFEC,Battery/Storage,200.0,210.4,210.4,2/21/2023,Withdrawn,12/31/2027,3/6/2025,,,9/15/2027,12/31/2027,,DISIS-2022-001,04 SOUTHEAST,ER,WITHDRAWN
GEN-2022-136,,,Bryan,OK,Colbert 138 kV Substation,WFEC,Battery/Storage,180.0,180.0,180.0,2/21/2023,Completed,12/31/2030,,,,9/15/2027,12/31/2030,,DISIS-2022-001,04 SOUTHEAST,ER,IA FULLY EXECUTED/ON SCHEDULE
GEN-2022-135,,,Lea,NM,Taylor Switching Station 115kV,SPS,Battery/Storage,150.0,155.1,155.1,2/21/2023,Withdrawn,12/31/2027,3/6/2025,,,9/15/2027,12/31/2027,,DISIS-2022-001,05 SOUTHWEST,ER,WITHDRAWN
GEN-2022-134,,,Roger,OK,Tulsa North - Northeast Station 345 kV Substation,AEP,Battery/Storage,90.0,94.8,94.8,2/24/2023,Withdrawn,12/31/2027,11/6/2023,,,9/15/2027,12/31/2027,,DISIS-2022-001,04 SOUTHEAST,ER/NR,WITHDRAWN
GEN-2022-133,,,Potter,TX,230 kV Rolling Hills Substation,SPS,Battery/Storage,250.0,263.25,263.25,2/21/2023,Withdrawn,12/31/2027,11/6/2023,,,9/15/2027,12/31/2027,,DISIS-2022-001,05 SOUTHWEST,ER/NR,WITHDRAWN
GEN-2022-132,,,Caddo,OK,Anadarko 138kV Substation ,WFEC,Battery/Storage,300.0,315.8,315.8,2/21/2023,Withdrawn,12/31/2027,3/6/2025,,,9/15/2027,12/31/2027,,DISIS-2022-001,04 SOUTHEAST,ER,WITHDRAWN
GEN-2022-131,,,Johnson,MO,Warrensburg East - Odessa161kV Substation,KCPL,Battery/Storage,200.0,200.0,200.0,2/21/2023,Withdrawn,12/31/2027,3/6/2025,,,9/15/2027,12/31/2027,,DISIS-2022-001,03 CENTRAL,ER,WITHDRAWN
GEN-2022-130,,,Sebastian,AR,Battlefield BESS 161kV,OGE,Battery/Storage,200.0,200.0,200.0,2/21/2023,Completed,12/31/2030,,,,9/15/2027,12/31/2030,,DISIS-2022-001,04 SOUTHEAST,ER/NR,IA FULLY EXECUTED/ON SCHEDULE
GEN-2022-129,,,Osage,OK,Webb City Tap - Shidler 138 kV line,AEP,Battery/Storage,200.0,200.0,200.0,2/21/2023,Withdrawn,12/31/2027,3/6/2025,,,9/15/2027,12/31/2027,,DISIS-2022-001,04 SOUTHEAST,ER,WITHDRAWN
GEN-2022-128,,,Eddy,NM,Pecos Interchange 115 kV Substation ,SPS,Battery/Storage,150.0,150.0,150.0,2/21/2023,Withdrawn,12/31/2027,3/6/2025,,,9/15/2027,12/31/2027,,DISIS-2022-001,05 SOUTHWEST,ER,WITHDRAWN
GEN-2022-127,,,Oldham,TX,Channing 230kV Substation,SPS,Wind,250.0,250.0,250.0,2/20/2023,Withdrawn,12/31/2027,11/6/2023,,,12/1/2027,12/31/2027,,DISIS-2022-001,05 SOUTHWEST,ER/NR,WITHDRAWN
GEN-2022-126,,,Caddo,OK,Sunshine North to Anadarko 138 kV Line,WFEC,Solar,305.15,305.15,305.15,2/20/2023,Withdrawn,12/1/2028,11/6/2023,,,11/1/2028,12/1/2028,,DISIS-2022-001,04 SOUTHEAST,ER/NR,WITHDRAWN
GEN-2022-125,,,Clay,MO,Birmingham 161kV Substation,KCPL,Battery/Storage,75.0,75.0,75.0,2/20/2023,Withdrawn,12/31/2027,11/6/2023,,,12/1/2027,12/31/2027,,DISIS-2022-001,03 CENTRAL,ER/NR,WITHDRAWN
GEN-2022-124,,,Scott,KS,Pile 115kV Substation,SUNC,Solar,200.0,200.0,200.0,2/20/2023,Withdrawn,12/31/2027,11/6/2023,,,12/1/2027,12/31/2027,,DISIS-2022-001,03 CENTRAL,ER/NR,WITHDRAWN
GEN-2022-123,,,Scott,KS,Pile 115kV Substation,SUNC,Solar,200.0,200.0,200.0,2/20/2023,Withdrawn,12/31/2025,11/6/2023,,,12/1/2025,12/31/2025,,DISIS-2022-001,03 CENTRAL,ER/NR,WITHDRAWN
GEN-2022-122,,,Oldham,TX,Potter 345kV Substation,SPS,Wind,250.0,250.0,250.0,2/16/2023,Withdrawn,12/31/2027,11/6/2023,,,12/1/2027,12/31/2027,,DISIS-2022-001,05 SOUTHWEST,ER/NR,WITHDRAWN
GEN-2022-121,,,Oldham,TX,Potter 345kV Substation,SPS,Wind,250.0,250.0,250.0,2/16/2023,Withdrawn,12/31/2027,11/6/2023,,,12/1/2027,12/31/2027,,DISIS-2022-001,05 SOUTHWEST,ER/NR,WITHDRAWN
GEN-2022-120,,,Oldham,TX,Potter 345kV Substation,SPS,Wind,250.0,250.0,250.0,2/16/2023,Withdrawn,12/31/2027,11/6/2023,,,12/1/2027,12/31/2027,,DISIS-2022-001,05 SOUTHWEST,ER/NR,WITHDRAWN
GEN-2022-119,,,Oldham,TX,Potter 345kV Substation,SPS,Wind,250.0,250.0,250.0,2/16/2023,Withdrawn,12/31/2027,11/6/2023,,,12/1/2027,12/31/2027,,DISIS-2022-001,05 SOUTHWEST,ER/NR,WITHDRAWN
GEN-2022-118,,,Oldham,TX,Potter 345kV Substation,SPS,Wind,250.0,250.0,250.0,2/16/2023,Withdrawn,12/31/2027,11/6/2023,,,12/1/2027,12/31/2027,,DISIS-2022-001,05 SOUTHWEST,ER/NR,WITHDRAWN
GEN-2022-117,,,Oldham,TX,Potter 345kV Substation,SPS,Wind,250.0,250.0,250.0,2/16/2023,Withdrawn,12/31/2027,11/6/2023,,,12/1/2027,12/31/2027,,DISIS-2022-001,05 SOUTHWEST,ER/NR,WITHDRAWN
GEN-2022-116,,,Oldham,TX,Potter 345kV Substation,SPS,Wind,250.0,250.0,250.0,2/16/2023,Withdrawn,12/31/2027,11/6/2023,,,12/1/2027,12/31/2027,,DISIS-2022-001,05 SOUTHWEST,ER/NR,WITHDRAWN
GEN-2022-115,,,Tillman,OK,Lawton to Oklaunion 345kV Line,AEP,Wind,250.0,250.0,250.0,2/16/2023,Withdrawn,12/31/2026,11/6/2023,,,12/1/2026,12/31/2026,,DISIS-2022-001,05 SOUTHWEST,ER/NR,WITHDRAWN
GEN-2022-114,,,Tillman,OK,Lawton to Oklaunion 345kV Line,AEP,Wind,250.0,250.0,250.0,2/16/2023,Withdrawn,12/31/2027,3/6/2025,,,12/1/2027,12/31/2027,,DISIS-2022-001,05 SOUTHWEST,ER/NR,WITHDRAWN
GEN-2022-113,,,Newton,MO,Tipton Station 161 kV Substation,EDE,Solar,200.0,200.0,200.0,2/16/2023,Withdrawn,12/31/2027,3/6/2025,,,4/1/2026,12/31/2027,,DISIS-2022-001,03 CENTRAL,ER/NR,WITHDRAWN
GEN-2022-112,,,Hansford and Sherman,TX,Hitchland - Moore 230 kV ,SPS,Hybrid,370.0,370.0,370.0,2/4/2023,Withdrawn,7/31/2026,11/6/2023,,,3/1/2026,7/31/2026,,DISIS-2022-001,05 SOUTHWEST,ER/NR,WITHDRAWN
GEN-2022-111,,,Marion,TX,Wilkes 345 kV Substation,AEP,Hybrid - Solar/Storage,150.0,150.0,150.0,2/10/2023,,4/1/2027,,,,6/30/2026,4/1/2027,,DISIS-2022-001,04 SOUTHEAST,ER/NR,FACILITY STUDY STAGE
GEN-2022-110,,,Coal,OK,Lehigh 138kV Station,AEP,Battery/Storage,150.0,150.0,150.0,2/10/2023,Withdrawn,4/30/2026,3/27/2025,,,1/30/2026,4/30/2026,,DISIS-2022-001,04 SOUTHEAST,ER/NR,WITHDRAWN
GEN-2022-109,,,Lea,NM,Hobbs - Yoakum 345 kV transmission line,SPS,Solar,150.0,150.0,150.0,1/6/2023,Withdrawn,10/1/2026,3/6/2025,,,5/1/2026,10/1/2026,,DISIS-2022-001,05 SOUTHWEST,ER/NR,WITHDRAWN
GEN-2022-108,,,DeSoto Parish,LA,Tap between 345kV SW Shreveport to Dolet Hills Substations,AEP,Solar,100.0,100.0,100.0,1/8/2023,Withdrawn,12/31/2027,3/6/2025,,,9/1/2027,12/31/2027,,DISIS-2022-001,04 SOUTHEAST,ER/NR,WITHDRAWN
GEN-2022-107,,,Tillman,OK,Tap of Oklaunion to Lawton Eastside 345 kV Transmission Line,AEP,Solar,400.0,400.0,400.0,1/9/2023,Withdrawn,7/31/2026,3/6/2025,,,3/1/2026,7/31/2026,,DISIS-2022-001,05 SOUTHWEST,ER/NR,WITHDRAWN
GEN-2022-106,,,Tillman,OK,Tap of Oklaunion to Lawton Eastside 345 kV Transmission Line,AEP,Solar,300.0,300.0,300.0,1/9/2023,Withdrawn,7/31/2026,3/6/2025,,,3/1/2026,7/31/2026,,DISIS-2022-001,05 SOUTHWEST,ER/NR,WITHDRAWN
GEN-2022-105,,,Tillman,OK,Tap of Oklaunion to Lawton Eastside 345 kV Transmission Line,AEP,Solar,300.0,300.0,300.0,1/9/2023,Withdrawn,7/31/2026,3/6/2025,,,3/1/2026,7/31/2026,,DISIS-2022-001,05 SOUTHWEST,ER/NR,WITHDRAWN
GEN-2022-104,,,Bryan,OK,Brown - South Coleman Junction 138kV line,WFEC,Solar,113.078,113.078,113.078,1/26/2023,Completed,4/8/2029,,,,11/3/2025,4/8/2029,,DISIS-2022-001,04 SOUTHEAST,ER/NR,IA FULLY EXECUTED/ON SCHEDULE
GEN-2022-103,,,Christian,MO,Ozark South 161kV ,EDE,Battery/Storage,74.99,74.99,74.99,1/30/2023,Withdrawn,1/1/2027,3/6/2025,,,10/1/2026,1/1/2027,,DISIS-2022-001,03 CENTRAL,ER/NR,WITHDRAWN
GEN-2022-102,,,Clay,MO,Liberty West 161 kV,KCPL,Battery/Storage,100.0,100.0,100.0,1/6/2023,Completed,1/1/2027,,,,10/1/2026,1/1/2027,,DISIS-2022-001,03 CENTRAL,ER/NR,IA FULLY EXECUTED/ON SCHEDULE
GEN-2022-101,,,Andrew,MO,St. Joseph 161kV,KCPL,Battery/Storage,100.0,100.0,100.0,1/6/2023,Withdrawn,1/1/2027,11/6/2023,,,10/1/2026,1/1/2027,,DISIS-2022-001,03 CENTRAL,ER/NR,WITHDRAWN
GEN-2022-100,,,Cooper ,MO,Overton - Sedalia East 161 kV Substation,KCPL,Hybrid - Solar/Storage,80.0,80.0,80.0,3/24/2023,Completed,4/28/2029,,,,8/1/2025,4/28/2029,,DISIS-2022-001,03 CENTRAL,ER/NR,IA FULLY EXECUTED/ON SCHEDULE
GEN-2022-099,,,Benton,AR,Decatur - Noel SW 161 kV substation,EDE,Hybrid - Solar/Storage,80.0,80.0,80.0,3/24/2023,Withdrawn,10/1/2026,6/1/2023,,,8/1/2025,10/1/2026,,DISIS-2022-001,03 CENTRAL,ER/NR,WITHDRAWN
GEN-2022-098,,,Johnston ,OK,Bison 345kV Substation,OGE,Solar,200.0,200.0,200.0,12/6/2022,Completed,5/1/2029,,,,3/1/2024,5/1/2029,,DISIS-2022-001,04 SOUTHEAST,ER/NR,IA FULLY EXECUTED/ON SCHEDULE
GEN-2022-097,,,Rosebud and Cluster,MT,Miles City 2 - Rosebud Creek 230kV Line,WAPA,Wind,400.0,408.0,408.0,10/17/2022,Withdrawn,10/1/2027,11/29/2023,,,12/1/2026,10/1/2027,,DISIS-2022-001,01 NORTH,ER/NR,WITHDRAWN
GEN-2022-096,,,Osborne ,KS,Postrock to Axtell 345 kV line,ITCGP,Wind,225.0,225.0,225.0,11/15/2022,Withdrawn,12/31/2028,11/6/2023,,,5/27/2028,12/31/2028,,DISIS-2022-001,03 CENTRAL,ER/NR,WITHDRAWN
GEN-2022-095,,,Osborne ,KS,Postrock to Axtell 345 kV line,ITCGP,Wind,250.0,250.0,250.0,11/15/2022,Withdrawn,12/31/2028,11/6/2023,,,5/27/2028,12/31/2028,,DISIS-2022-001,03 CENTRAL,ER/NR,WITHDRAWN
GEN-2022-094,,,Osborne ,KS,Postrock to Axtell 345 kV line,ITCGP,Wind,250.0,250.0,250.0,11/15/2022,Withdrawn,12/31/2028,3/6/2025,,,5/27/2028,12/31/2028,,DISIS-2022-001,03 CENTRAL,ER,WITHDRAWN
GEN-2022-093,,,Hempstead,AR,Turk - Hope 115 kV line,AEP,Solar,83.0,83.0,83.0,11/15/2022,Withdrawn,4/1/2027,3/6/2025,,,10/1/2026,4/1/2027,,DISIS-2022-001,04 SOUTHEAST,ER/NR,WITHDRAWN
GEN-2022-092,,,Nowata and Craig,OK,Neosho-Delaware 345 kV,AEP,Wind,299.2,299.2,299.2,11/15/2022,Withdrawn,12/15/2026,3/6/2025,,,9/1/2026,12/15/2026,,DISIS-2022-001,04 SOUTHEAST,ER/NR,WITHDRAWN
GEN-2022-091,,,McCurtain,OK,Valiant Substation 138kV,AEP,Battery/Storage,150.0,150.0,150.0,11/15/2022,Withdrawn,9/30/2026,3/6/2025,,,9/30/2026,9/30/2026,,DISIS-2022-001,04 SOUTHEAST,ER/NR,WITHDRAWN
GEN-2022-090,,,McCurtain,OK,Valiant Substation 138kV,AEP,Solar,150.0,150.0,150.0,11/15/2022,Withdrawn,9/30/2026,3/25/2025,,,9/30/2026,9/30/2026,,DISIS-2022-001,04 SOUTHEAST,ER/NR,WITHDRAWN
GEN-2022-089,,,Little River,AR,South Foreman 138 kV Substation ,AEP,Battery/Storage,74.99,74.99,74.99,11/15/2022,Withdrawn,9/30/2026,3/6/2025,,,9/30/2026,9/30/2026,,DISIS-2022-001,04 SOUTHEAST,ER/NR,WITHDRAWN
GEN-2022-088,,,Little River,AR,South Foreman 138 kV Substation ,AEP,Solar,74.99,74.99,74.99,11/15/2022,Withdrawn,9/30/2026,3/25/2025,,,9/30/2026,9/30/2026,,DISIS-2022-001,04 SOUTHEAST,ER/NR,WITHDRAWN
GEN-2022-087,,,Lamb,TX,Lamb County 230kV Interchange,SPS,Hybrid - Solar/Storage,225.0,225.0,225.0,11/5/2022,Withdrawn,12/31/2026,11/7/2023,,,6/1/2026,12/31/2026,,DISIS-2022-001,05 SOUTHWEST,ER/NR,WITHDRAWN
GEN-2022-086,,,Finney,KS,345 kV Finney Station,SPS,Solar,700.0,703.3,703.3,11/5/2022,Withdrawn,12/31/2027,11/6/2023,,,9/30/2027,12/31/2027,,DISIS-2022-001,03 CENTRAL,ER/NR,WITHDRAWN
GEN-2022-085,,,Ofuskee and Hughes,OK,Seminole to Muskogee 345kV Substation,OGE,Wind,241.4,241.4,241.4,11/5/2022,Withdrawn,12/31/2025,3/6/2025,,,9/1/2025,12/31/2025,,DISIS-2022-001,04 SOUTHEAST,ER/NR,WITHDRAWN
GEN-2022-084,,,Jasper,MO,POI-Galena 69 kV interconnection substation through a 0.50 mile 69 kV gen-tie line ,EDE,Solar,11.45,11.45,11.45,10/18/2022,Withdrawn,7/1/2026,6/2/2023,,,2/1/2026,7/1/2026,,DISIS-2022-001,03 CENTRAL,ER/NR,WITHDRAWN
GEN-2022-083,,,Williams,ND,Judson Substation 345 kV,BEPC,Thermal - CTG,250.0,250.0,265.0,10/21/2022,Completed,2/1/2025,,,,6/1/2025,2/1/2025,,DISIS-2022-001,01 NORTH,ER,IA FULLY EXECUTED/COMMERCIAL OPERATION
GEN-2022-082,,,Hale,TX,Tuco - Carlisle 230 kV line,SPS,Solar,180.0,180.0,180.0,9/22/2022,Withdrawn,12/31/2028,3/6/2025,,,4/1/2025,12/31/2028,,DISIS-2022-001,05 SOUTHWEST,ER/NR,WITHDRAWN
GEN-2022-081,,,Washington ,KS,Clifton 115kV Substation ,SUNC,Battery/Storage,218.0,218.0,218.0,9/22/2022,Withdrawn,11/29/2027,3/6/2025,,,4/1/2025,11/29/2027,,DISIS-2022-001,03 CENTRAL,ER/NR,WITHDRAWN
GEN-2022-080,,,Cedar,MO,Dadeville East - Bolivar South 161kV ,EDE,Battery/Storage,96.0,96.0,96.0,9/22/2022,Withdrawn,10/31/2027,3/6/2025,,,1/1/2026,10/31/2027,,DISIS-2022-001,03 CENTRAL,ER,WITHDRAWN
GEN-2022-079,,,Cedar,MO,Dadeville East - Bolivar South 161kV,EDE,Solar,192.0,192.0,192.0,9/22/2022,Withdrawn,10/31/2027,3/6/2025,,,1/1/2026,10/31/2027,,DISIS-2022-001,03 CENTRAL,ER,WITHDRAWN
GEN-2022-078,,,Bowman,ND,Rhame - Daglum 230 kV,BEPC,Solar,180.0,180.0,180.0,9/21/2022,Withdrawn,10/1/2028,11/6/2023,,,1/1/2025,10/1/2028,,DISIS-2022-001,01 NORTH,ER/NR,WITHDRAWN
GEN-2022-077,,,Chase,NE,Enders 115 kV Substation,NPPD,Solar,255.0,255.0,255.0,9/21/2022,Withdrawn,12/1/2026,3/26/2025,,,1/1/2026,12/1/2026,,DISIS-2022-001,02 NEBRASKA,ER/NR,WITHDRAWN
GEN-2022-076,,,Stevens,KS,Carpenter 345 kV Substation,SPS,Solar,500.0,500.0,500.0,9/7/2022,Withdrawn,11/15/2026,3/6/2025,,,3/15/2026,11/15/2026,,DISIS-2022-001,03 CENTRAL,ER/NR,WITHDRAWN
GEN-2022-075,,,Ellis,KS,Tap on the Spearville - Post Rock 345kV line,ITCGP,Solar,175.0,175.0,175.0,9/2/2022,Active,11/19/2027,,,,9/3/2027,11/19/2027,,DISIS-2022-001,03 CENTRAL,ER/NR,IA PENDING
GEN-2022-074,,,"Eufaula, McIntosh",OK,Hanna 138kV Substation,WFEC,Wind,220.86,220.86,220.86,9/6/2022,Withdrawn,10/31/2025,3/6/2025,,,3/1/2025,10/31/2025,,DISIS-2022-001,04 SOUTHEAST,ER/NR,WITHDRAWN
GEN-2022-073,,,Kay,MO,Nashua-Smithville 161kV,KCPL,Battery/Storage,300.0,300.0,300.0,9/2/2022,Completed,5/1/2029,,,,4/1/2025,5/1/2029,,DISIS-2022-001,03 CENTRAL,ER/NR,IA FULLY EXECUTED/ON SUSPENSION
GEN-2022-072,,,Mayes,OK,Grand River Dam - Claremore 161 kV Line,GRDA,Solar,181.0,181.0,181.0,8/12/2022,Withdrawn,12/31/2028,3/6/2025,,,7/1/2025,12/31/2028,,DISIS-2022-001,04 SOUTHEAST,ER/NR,WITHDRAWN
GEN-2022-071,,,Pittsburg,OK,Talawanda to Canadian River 138 kV Line Tap,AEP,Solar,90.824,90.824,90.824,8/12/2022,Active,6/1/2028,,,,11/3/2025,6/1/2028,,DISIS-2022-001,04 SOUTHEAST,ER/NR,IA PENDING
GEN-2022-070,,,Hyde,SD,Chappelle Creek 345 kV,BEPC,Wind,250.0,250.0,250.0,8/11/2022,Withdrawn,11/1/2026,11/30/2023,,,7/1/2026,11/1/2026,,DISIS-2022-001,01 NORTH,ER/NR,WITHDRAWN
GEN-2022-069,,,Hyde,SD,Chappelle Creek 345 kV,BEPC,Wind,250.0,250.0,250.0,8/11/2022,Withdrawn,11/1/2026,11/30/2023,,,7/1/2027,11/1/2026,,DISIS-2022-001,01 NORTH,ER/NR,WITHDRAWN
GEN-2022-068,,,Hyde,SD,Chappelle Creek 345 kV,BEPC,Wind,250.0,250.0,250.0,8/11/2022,Withdrawn,11/1/2026,3/6/2025,,,7/1/2026,11/1/2026,,DISIS-2022-001,01 NORTH,ER/NR,WITHDRAWN
GEN-2022-067,,,Meade,SD,Faith - Maurine 115 kV Substation,WAPA,Solar,85.0,85.0,85.0,8/5/2022,Withdrawn,1/1/2028,11/6/2023,,,12/31/2026,1/1/2028,,DISIS-2022-001,01 NORTH,ER/NR,WITHDRAWN
GEN-2022-066,,,Perkins,SD,Bison - Maurine 230 kV Substation,WAPA,Solar,150.0,150.0,150.0,8/5/2022,Withdrawn,2/15/2028,11/6/2023,,,12/31/2026,2/15/2028,,DISIS-2022-001,01 NORTH,ER/NR,WITHDRAWN
GEN-2022-065,,,Edwards,KS,tap on Arthur Mullergreen-Spearville 230 kV line,SUNC,Solar,145.0,145.0,145.0,7/25/2022,Active,11/19/2027,,,,9/4/2027,11/19/2027,,DISIS-2022-001,03 CENTRAL,ER/NR,IA PENDING
GEN-2022-064,,,Major,OK,Cedardale 138 kV Substation,WFEC,Battery/Storage,80.0,80.0,80.0,7/22/2022,Withdrawn,4/1/2027,11/6/2023,,,1/1/2025,4/1/2027,,DISIS-2022-001,04 SOUTHEAST,ER/NR,WITHDRAWN
GEN-2022-063,,,Hutchinson,TX,Pringle 115kV Substation,SPS,Solar,350.0,350.0,350.0,7/13/2022,Withdrawn,12/31/2025,11/6/2023,,,6/1/2025,12/31/2025,,DISIS-2022-001,05 SOUTHWEST,ER/NR,WITHDRAWN
GEN-2022-062,,,Bourbon,KS,Wolf Creek- Blackberry 345 kV,NEET,Solar,200.0,200.0,200.0,7/8/2022,Withdrawn,12/31/2025,3/6/2025,,,4/1/2025,12/31/2025,,DISIS-2022-001,03 CENTRAL,ER/NR,WITHDRAWN
GEN-2022-061,,,Scotts Bluff,NE,Stegall 230 kV substation,WAPA,Solar,180.0,180.0,180.0,7/18/2022,Withdrawn,6/8/2028,11/6/2023,,,1/1/2025,6/8/2028,,DISIS-2022-001,02 NEBRASKA,ER/NR,WITHDRAWN
GEN-2022-060,,,Osage,OK,Hwy 20 138 kV Substation,AEP,Battery/Storage,55.0,55.0,55.0,6/23/2022,Withdrawn,4/1/2027,11/6/2023,,,12/31/2026,4/1/2027,,DISIS-2022-001,04 SOUTHEAST,ER/NR,WITHDRAWN
GEN-2022-059,,,Stevens,KS,Carpenter 345 kV Substation,SPS,Wind,500.0,500.0,500.0,6/23/2022,Withdrawn,12/31/2025,11/6/2023,,,4/1/2025,12/31/2025,,DISIS-2022-001,03 CENTRAL,ER/NR,WITHDRAWN
GEN-2022-058,,,Benton,AR,Noel Southwest - Decatur 161 kV line tap,EDE,Solar,180.0,180.0,180.0,6/23/2022,Withdrawn,12/31/2028,3/6/2025,,,7/1/2028,12/31/2028,,DISIS-2022-001,03 CENTRAL,ER/NR,WITHDRAWN
GEN-2022-057,,,,NE,Elsie Tap 115 kV,Tri-State,Solar,87.0,87.0,87.0,6/23/2022,Withdrawn,12/31/2025,11/6/2023,,,4/1/2025,12/31/2025,,DISIS-2022-001,02 NEBRASKA,ER/NR,WITHDRAWN
GEN-2022-056,,,Lamb,TX,Plant X 230kV Substation,SPS,Solar,300.0,300.0,300.0,6/23/2022,Withdrawn,12/31/2025,11/6/2023,,,4/1/2025,12/31/2025,,DISIS-2022-001,05 SOUTHWEST,ER/NR,WITHDRAWN
GEN-2022-055,,,Grady,OK,Sunshine North to Anadarko 138 kV,WFEC,Solar,200.0,200.0,200.0,6/23/2022,Active,8/26/2029,,,,4/1/2025,8/26/2029,,DISIS-2022-001,04 SOUTHEAST,ER,IA PENDING
GEN-2022-054,,,Bourbon,KS,Wolf Creek - Blackberry 345 kV Tap,NEET,Solar,200.0,200.0,200.0,6/23/2022,Completed,12/31/2029,,,,4/1/2025,12/31/2029,,DISIS-2022-001,03 CENTRAL,ER,IA FULLY EXECUTED/ON SCHEDULE
GEN-2022-053,,,Barton,MO,Wolf Creek-Blackberry 345 kV,NEET,Solar,137.5,137.5,137.5,6/23/2022,Withdrawn,12/31/2025,5/31/2023,,,4/1/2025,12/31/2025,,DISIS-2022-001,03 CENTRAL,ER/NR,WITHDRAWN
GEN-2022-052,,,Bossier,LA,Longwood to Sarepta 345 kV Line Tap,AEP,Solar,850.0,850.0,850.0,6/23/2022,Withdrawn,12/31/2025,11/6/2023,,,4/1/2025,12/31/2025,,DISIS-2022-001,04 SOUTHEAST,ER/NR,WITHDRAWN
GEN-2022-051,,,Bossier,LA,Longwood to Sarepta 345 kV Line Tap,AEP,Battery/Storage,325.0,325.0,325.0,6/23/2022,Withdrawn,12/31/2025,11/6/2023,,,4/1/2025,12/31/2025,,DISIS-2022-001,04 SOUTHEAST,ER/NR,WITHDRAWN
GEN-2022-050,,,Dawson and Buffalo,NE,Crooked Creek 230 kV,NPPD,Wind,272.0,272.0,272.0,6/23/2022,Withdrawn,12/31/2025,11/6/2023,,,4/1/2025,12/31/2025,,DISIS-2022-001,02 NEBRASKA,ER/NR,WITHDRAWN
GEN-2022-049,,,Franklin,AR,Grand Prairie 161 kV Tap,OGE,Battery/Storage,150.0,150.0,150.0,6/23/2022,Withdrawn,12/31/2025,11/6/2023,,,4/1/2025,12/31/2025,,DISIS-2022-001,04 SOUTHEAST,ER/NR,WITHDRAWN
GEN-2022-048,,,Woodward,OK,Mooreland 138 kV,WFEC,Wind,250.0,250.0,250.0,6/23/2022,Withdrawn,12/31/2025,3/6/2025,,,4/1/2025,12/31/2025,,DISIS-2022-001,04 SOUTHEAST,ER,WITHDRAWN
GEN-2022-047,,,Little River,AR,South Foreman - Patterson 138 kV line,AEP,Solar,200.0,200.0,200.0,6/23/2022,Withdrawn,12/31/2028,11/6/2023,,,4/1/2025,12/31/2028,,DISIS-2022-001,04 SOUTHEAST,ER/NR,WITHDRAWN
GEN-2022-046,,,Webster and Franklin,NE,Macon 345 kV Substation,NPPD,Battery/Storage,150.0,150.0,150.0,6/23/2022,Withdrawn,12/31/2025,11/6/2023,,,4/1/2025,12/31/2025,,DISIS-2022-001,02 NEBRASKA,ER/NR,WITHDRAWN
GEN-2022-045,,,Little River,AR,South Foreman - Patterson 138 kV line,AEP,Battery/Storage,200.0,200.0,200.0,6/23/2022,Withdrawn,12/31/2028,11/6/2023,,,4/1/2025,12/31/2028,,DISIS-2022-001,04 SOUTHEAST,ER/NR,WITHDRAWN
GEN-2022-044,,,Wayne and Pierce,NE,Turtle Creek 345 kV Substation Expansion,NPPD,Battery/Storage,80.0,80.0,80.0,6/23/2022,Withdrawn,12/31/2026,11/6/2023,,,4/1/2025,12/31/2026,,DISIS-2022-001,02 NEBRASKA,ER/NR,WITHDRAWN
GEN-2022-043,,,Briscoe,TX,Swisher 230kV Substation,SPS,Solar,200.0,200.0,200.0,6/23/2022,Withdrawn,12/1/2027,11/6/2023,,,4/1/2027,12/1/2027,,DISIS-2022-001,05 SOUTHWEST,ER/NR,WITHDRAWN
GEN-2022-042,,,Carter,OK,Sunnyside to Pooleville 138 kV line,OGE,Solar,174.0,174.0,174.0,6/23/2022,Withdrawn,12/31/2025,3/6/2025,,,4/1/2025,12/31/2025,,DISIS-2022-001,04 SOUTHEAST,ER/NR,WITHDRAWN
GEN-2022-041,,,Cowley,KS,Tie Substation 69 kV,GHP,Solar,100.0,100.0,100.0,6/29/2022,Withdrawn,12/31/2025,3/6/2025,,,4/1/2025,12/31/2025,,DISIS-2022-001,03 CENTRAL,ER/NR,WITHDRAWN
GEN-2022-040,,,Stephens,OK,Comanche 138 kV Switching Station ,WFEC,Solar,250.0,250.0,250.0,6/23/2022,Withdrawn,12/31/2025,11/6/2023,,,4/1/2025,12/31/2025,,DISIS-2022-001,04 SOUTHEAST,ER/NR,WITHDRAWN
GEN-2022-039,,,Gage,NE,Steele City 115 kV Substation,NPPD,Wind,185.0,185.0,185.0,6/23/2022,Withdrawn,12/31/2025,11/6/2023,,,4/1/2025,12/31/2025,,DISIS-2022-001,02 NEBRASKA,ER/NR,WITHDRAWN
GEN-2022-038,,,Harrison,TX,Longwood to Scottville 138 kV line,AEP,Solar,180.0,180.0,180.0,6/23/2022,Completed,4/2/2030,,,,4/1/2025,4/2/2030,,DISIS-2022-001,04 SOUTHEAST,ER,IA FULLY EXECUTED/ON SUSPENSION
GEN-2022-037,,,Williams,ND,Pioneer 115 kV Substation,BEPC,Wind,181.0,181.0,181.0,6/23/2022,Withdrawn,12/31/2025,11/6/2023,,,4/1/2025,12/31/2025,,DISIS-2022-001,01 NORTH,ER/NR,WITHDRAWN
GEN-2022-036,,,Lamb,TX,Tolk 345 kV Substation,SPS,Solar,1000.0,1000.0,1000.0,6/23/2022,Withdrawn,12/31/2025,11/6/2023,,,4/1/2025,12/31/2025,,DISIS-2022-001,05 SOUTHWEST,ER/NR,WITHDRAWN
GEN-2022-035,,,Lamb,TX,Tolk 345 kV Substation,SPS,Wind,300.0,300.0,300.0,6/23/2022,Withdrawn,12/31/2025,11/6/2023,,,4/1/2025,12/31/2025,,DISIS-2022-001,05 SOUTHWEST,ER/NR,WITHDRAWN
GEN-2022-034,,,Union,SD,Spirit Mound Station 115 kV Substation,BEPC,Wind,300.0,300.0,300.0,6/23/2022,Withdrawn,12/31/2025,11/6/2023,,,4/1/2025,12/31/2025,,DISIS-2022-001,01 NORTH,ER/NR,WITHDRAWN
GEN-2022-033,,,Chaves,NM,North Eddy - Chaves 230kV line,SPS,Hybrid - Solar/Storage,200.0,200.0,200.0,6/23/2022,Withdrawn,12/1/2025,11/28/2023,,,11/15/2025,12/1/2025,,DISIS-2022-001,05 SOUTHWEST,ER/NR,WITHDRAWN
GEN-2022-032,,,Kimball,NE,Laramie-Sidney 345 kV,BEPC,Solar,155.0,155.0,155.0,6/22/2022,Withdrawn,2/11/2028,6/23/2023,,,1/1/2025,2/11/2028,,DISIS-2022-001,02 NEBRASKA,ER/NR,WITHDRAWN
GEN-2022-031,,,Jackson County,MO,Duncan Road 161 kV Substation,GMO,Battery/Storage,100.0,100.0,100.0,6/22/2022,Withdrawn,6/30/2026,11/6/2023,,,9/30/2025,6/30/2026,,DISIS-2022-001,03 CENTRAL,ER/NR,WITHDRAWN
GEN-2022-030,,,Lea,NM,Hobbs - Kiowa 345 kV Transmission Line,SPS,Hybrid - Solar/Storage,250.0,250.0,250.0,6/10/2022,Withdrawn,12/1/2027,11/6/2023,,,10/1/2027,12/1/2027,,DISIS-2022-001,05 SOUTHWEST,ER/NR,WITHDRAWN
GEN-2022-029,,,Lea,NM,Hobbs - Kiowa 345 kV Transmission Line ,SPS,Hybrid - Solar/Storage,250.0,250.0,250.0,6/10/2022,Withdrawn,12/1/2027,11/6/2023,,,10/1/2027,12/1/2027,,DISIS-2022-001,05 SOUTHWEST,ER/NR,WITHDRAWN
GEN-2022-028,,,Cheyenne,NE,Sidney - Stegall 230 kV,BEPC,Hybrid - Solar/Storage,125.0,125.0,125.0,6/13/2022,Withdrawn,4/1/2027,5/9/2023,,,1/1/2025,4/1/2027,,DISIS-2022-001,02 NEBRASKA,ER/NR,WITHDRAWN
GEN-2022-027,,,Cochran,TX,Lehman 115 kV Tap,SPS,Battery/Storage,55.0,55.0,55.0,6/13/2022,Withdrawn,10/1/2028,11/6/2023,,,1/1/2025,10/1/2028,,DISIS-2022-001,05 SOUTHWEST,ER/NR,WITHDRAWN
GEN-2022-026,,,Decatur,KS,Tap of Mingo--Red Willow 345kV line,SUNC,Solar,200.0,200.0,200.0,6/8/2022,Withdrawn,12/31/2025,3/6/2025,,,6/1/2024,12/31/2025,,DISIS-2022-001,03 CENTRAL,ER/NR,WITHDRAWN
GEN-2022-025,,,Decatur,KS,Tap of Mingo--Red Willow 345kV line,SUNC,Solar,200.0,200.0,200.0,6/8/2022,Withdrawn,12/31/2025,3/6/2025,,,6/1/2024,12/31/2025,,DISIS-2022-001,03 CENTRAL,ER/NR,WITHDRAWN
GEN-2022-024,,,Bourbon,KS,Tap of Neosho - LaCygne 345 kV Line,WERE,Battery/Storage,200.0,200.0,200.0,6/10/2022,Completed,9/30/2029,,,,6/1/2024,9/30/2029,,DISIS-2022-001,03 CENTRAL,ER/NR,IA FULLY EXECUTED/ON SCHEDULE
GEN-2022-023,,,Chavez,NM,San Juan Tap 230kv substation,SPS,Battery/Storage,175.0,175.0,175.0,6/8/2022,Withdrawn,12/31/2025,11/6/2023,,,6/1/2024,12/31/2025,,DISIS-2022-001,05 SOUTHWEST,ER/NR,WITHDRAWN
GEN-2022-022,,,Chavez,NM,San Juan Tap 230kv substation,SPS,Solar,300.0,300.0,300.0,6/8/2022,Withdrawn,12/31/2025,11/6/2023,,,6/1/2024,12/31/2025,,DISIS-2022-001,05 SOUTHWEST,ER/NR,WITHDRAWN
GEN-2022-021,,,Tillman,OK,Tap of Oklaunion - Lawton Eastside 345 kV line,AEP,Battery/Storage,100.0,100.0,100.0,6/8/2022,Withdrawn,12/31/2025,3/6/2025,,,6/1/2024,12/31/2025,,DISIS-2022-001,05 SOUTHWEST,ER/NR,WITHDRAWN
GEN-2022-020,,,Walworth,SD,Tap of LOS - Chappelle Creek 345 kV Line,BEPC,Solar,355.0,355.0,355.0,6/8/2022,Withdrawn,12/31/2025,11/6/2023,,,6/1/2024,12/31/2025,,DISIS-2022-001,01 NORTH,ER/NR,WITHDRAWN
GEN-2022-019,,,Tillman ,OK,Tap of Oklaunion - Lawton Eastside 345 kV line,AEP,Battery/Storage,100.0,100.0,100.0,6/8/2022,Withdrawn,12/31/2025,3/6/2025,,,6/1/2024,12/31/2025,,DISIS-2022-001,05 SOUTHWEST,ER/NR,WITHDRAWN
GEN-2022-018,,,Dunn,ND,Tap of Charlie Creek - Antelope Valley 345kV line,BEPC,Solar,186.0,186.0,186.0,6/8/2022,Withdrawn,12/31/2025,11/6/2023,,,6/1/2024,12/31/2025,,DISIS-2022-001,01 NORTH,ER/NR,WITHDRAWN
GEN-2022-017,,,Woodward,OK,Woodward 345kV Substation,OGE,Battery/Storage,150.0,150.0,150.0,6/8/2022,Completed,12/31/2028,,,,6/6/2024,12/31/2028,,DISIS-2022-001,04 SOUTHEAST,ER/NR,IA FULLY EXECUTED/ON SCHEDULE
GEN-2022-016,,,Woodward,OK,Woodward 345kV Substation,OGE,Solar,288.0,288.0,288.0,6/8/2022,Completed,12/31/2028,,,,6/1/2024,12/31/2028,,DISIS-2022-001,04 SOUTHEAST,ER/NR,IA FULLY EXECUTED/ON SCHEDULE
GEN-2022-015,,,Decatur,KS,Tap of Mingo - Red Willow 345 kV Line,SUNC,Solar,270.0,270.0,270.0,6/8/2022,Completed,8/15/2029,,,,6/1/2024,8/15/2029,,DISIS-2022-001,03 CENTRAL,ER/NR,IA FULLY EXECUTED/ON SCHEDULE
GEN-2022-014,,,Chavez,NM,San Juan Tap 230 kV Substation,SPS,Solar,400.0,400.0,400.0,6/8/2022,Withdrawn,12/30/2025,11/6/2023,,,6/1/2024,12/30/2025,,DISIS-2022-001,05 SOUTHWEST,ER/NR,WITHDRAWN
GEN-2022-013,,,Bourbon,KS,Tap of Neosho - LaCygne 345 kV Line,WERE,Solar,300.0,300.0,300.0,6/8/2022,Completed,9/30/2028,,,,6/1/2024,9/30/2028,,DISIS-2022-001,03 CENTRAL,ER/NR,IA FULLY EXECUTED/ON SCHEDULE
GEN-2022-012,,,Woodward ,OK,Woodward 345 kV Substation,OGE,Battery/Storage,100.0,100.0,100.0,6/8/2022,Completed,12/31/2028,,,,6/1/2024,12/31/2028,,DISIS-2022-001,04 SOUTHEAST,ER/NR,IA FULLY EXECUTED/ON SCHEDULE
GEN-2022-011,,,Tillman,OK,Tap of Oklaunion - Lawton Eastside 345 kV line,AEP,Solar,374.0,374.0,374.0,6/3/2022,Withdrawn,12/31/2025,3/6/2025,,,6/1/2024,12/31/2025,,DISIS-2022-001,05 SOUTHWEST,ER/NR,WITHDRAWN
GEN-2022-010,,,Williams,ND,Judson Substation 345 kV,BEPC,Thermal,250.0,250.0,250.0,5/26/2022,Completed,2/1/2025,,,,7/1/2023,2/1/2025,,DISIS-2022-001,01 NORTH,ER,IA FULLY EXECUTED/COMMERCIAL OPERATION
GEN-2022-009,,,Williams,ND,Judson Substation 345 kV,BEPC,Thermal,125.0,125.0,125.0,5/26/2022,Completed,4/11/2025,,,,7/1/2023,4/11/2025,,DISIS-2022-001,01 NORTH,ER,IA FULLY EXECUTED/COMMERCIAL OPERATION
GEN-2022-008,,,Randall,TX,Nichols - Amarillo South 230 kV,SPS,Solar,150.0,150.0,150.0,5/18/2022,Withdrawn,10/1/2028,11/6/2023,,,1/1/2025,10/1/2028,,DISIS-2022-001,05 SOUTHWEST,ER/NR,WITHDRAWN
GEN-2022-007,,,Lyon,KS,Lang - Reading 115 kV Transmission Line,WERE,Solar,135.0,135.0,135.0,5/26/2022,Completed,3/31/2029,,,,5/1/2025,3/31/2029,,DISIS-2022-001,03 CENTRAL,ER/NR,IA FULLY EXECUTED/ON SCHEDULE
GEN-2022-006,,,Labette,KS,Neosho - N345  161 kV Substation,WERE,Solar,200.0,200.0,200.0,5/25/2022,Completed,12/31/2029,,,,4/1/2025,12/31/2029,,DISIS-2022-001,03 CENTRAL,ER/NR,IA FULLY EXECUTED/ON SCHEDULE
GEN-2022-005,,,Labette,KS,Northeast Parsons 138kV Substation,WERE,Solar,200.0,200.0,200.0,5/25/2022,Withdrawn,12/31/2028,9/23/2025,,,4/1/2025,12/31/2028,,DISIS-2022-001,03 CENTRAL,ER/NR,WITHDRAWN
GEN-2022-004,,,Sedgwick,KS,Murray Gill 138 kV Substation,WERE,Solar,33.0,33.0,33.0,5/26/2022,Completed,12/31/2030,,,,8/1/2025,12/31/2030,,DISIS-2022-001,03 CENTRAL,ER/NR,IA FULLY EXECUTED/ON SCHEDULE
GEN-2022-003,,,Jackson,OK,Russell 138 kV Substation,WFEC,Solar,125.0,125.0,125.0,5/24/2022,Withdrawn,6/30/2026,11/6/2023,,,6/30/2025,6/30/2026,,DISIS-2022-001,04 SOUTHEAST,ER/NR,WITHDRAWN
GEN-2022-002,,,Finney,KS,Gano 115kV Substation,SUNC,Solar,135.0,135.0,135.0,5/24/2022,Withdrawn,6/30/2026,11/6/2023,,,6/30/2025,6/30/2026,,DISIS-2022-001,03 CENTRAL,ER/NR,WITHDRAWN
GEN-2022-001,,,Rogers,OK,Catoosa 138 kV Substation,AEP,Battery/Storage,100.0,100.0,100.0,12/30/2021,Withdrawn,1/7/2027,3/6/2025,,,9/26/2026,1/7/2027,,DISIS-2022-001,04 SOUTHEAST,ER/NR,WITHDRAWN
GEN-2021-SR9,,,Kansas City,MO,Hawthorn Power Plant,KCPL,Solar,10.0,10.0,10.0,8/24/2021,Completed,1/11/2023,,,,,1/11/2023,,Surplus,,ER/NR,IA FULLY EXECUTED/COMMERCIAL OPERATION
GEN-2021-SR8,,,Harper,KS,Viola 345kV,WERE,Solar,42.0,42.0,42.0,5/13/2021,Completed,11/1/2023,,,,11/1/2023,11/1/2023,,Surplus,03 CENTRAL,ER,IA FULLY EXECUTED/ON SCHEDULE
GEN-2021-SR7,,,Woodward,OK,Woodward EHV 345kV,OGE,Battery/Storage,20.0,20.0,20.0,4/28/2021,Withdrawn,,10/28/2021,,,10/1/2022,,,Surplus,04 SOUTHEAST,ER,WITHDRAWN
GEN-2021-SR6,,,Woodward,OK,Woodward EHV 345kV,OGE,Battery/Storage,80.0,80.0,80.0,4/28/2021,Withdrawn,,10/28/2021,,,10/1/2023,,,Surplus,04 SOUTHEAST,ER,WITHDRAWN
GEN-2021-SR5,,,Hansford,TX,Hitchland 345kV,SPS,Battery/Storage,126.0,126.0,126.0,5/7/2021,Withdrawn,,8/17/2021,,,3/1/2023,,,Surplus,05 SOUTHWEST,ER,WITHDRAWN
GEN-2021-SR4,,,Le Flore,OK,,,Solar,22.2,22.2,22.2,2/12/2021,Withdrawn,10/31/2022,9/30/2021,,,10/31/2022,10/31/2022,,Surplus,,ER/NR,WITHDRAWN
GEN-2021-SR3,,,Oklahoma City,OK,,,Solar,23.4,23.4,23.4,2/12/2021,Withdrawn,10/31/2022,9/30/2021,,,10/31/2022,10/31/2022,,Surplus,,ER/NR,WITHDRAWN
GEN-2021-SR2,,,Muskogee,OK,,,Solar,21.4,21.4,21.4,2/12/2021,Withdrawn,10/31/2022,9/30/2021,,,10/31/2022,10/31/2022,,Surplus,,ER/NR,WITHDRAWN
GEN-2021-SR1,,,Seminole,OK,,,Solar,81.6,81.6,81.6,2/5/2021,Withdrawn,10/31/2022,9/30/2021,,,10/31/2022,10/31/2022,,Surplus,,ER/NR,WITHDRAWN
GEN-2021-GR1,,,Independence,MO,Blue Valley Station 69 kV,INDN,,88.0,88.0,98.0,3/31/2022,Withdrawn,6/1/2024,4/10/2023,,,,6/1/2024,6/1/2020,Replacement,03 CENTRAL,ER/NR,WITHDRAWN
GEN-2021-108,,,Cass,NE,OPPD 345KV Cass County Substation,OPPD,Solar,182.25,182.25,182.25,5/20/2021,Completed,5/15/2030,,,,5/27/2025,5/15/2030,,DISIS-2021-001,02 NEBRASKA,ER/NR,IA FULLY EXECUTED/ON SUSPENSION
GEN-2021-107,,,Pottawatomie,KS,Evergy 345kV Jeffrey Energy Center,WERE,Solar,201.6,201.6,201.6,5/20/2021,Completed,10/31/2031,,,,10/1/2026,10/31/2031,,DISIS-2021-001,03 CENTRAL,ER,IA FULLY EXECUTED/ON SCHEDULE
GEN-2021-106,,,Thayer,NE,Hebron North 115Kv substation,NPPD,Solar,102.06,102.06,102.06,5/20/2021,Withdrawn,12/30/2026,9/16/2024,,,10/30/2026,12/30/2026,,DISIS-2021-001,02 NEBRASKA,ER/NR,WITHDRAWN
GEN-2021-105,,,Lincoln,NE,Line side tap using three breaker ring bus on 230kV Feeder from Gerald Gentleman to North Platte,NPPD,Solar,200.0,200.0,200.0,5/26/2021,Withdrawn,10/19/2027,7/14/2023,,,9/5/2026,10/19/2027,,DISIS-2021-001,02 NEBRASKA,ER/NR,WITHDRAWN
GEN-2021-104,,,Bossier,LA,138kV bus at Red Point Substation,AEP,Hybrid - Solar/Storage,100.0,100.0,100.0,5/26/2021,Withdrawn,10/19/2027,2/28/2024,,,9/5/2026,10/19/2027,,DISIS-2021-001,04 SOUTHEAST,ER/NR,WITHDRAWN
GEN-2021-103,,,Johnson,KS,Evergy's Atlantic Substation115kV bus,WERE,Battery/Storage,150.0,150.0,150.0,5/25/2021,Completed,3/31/2030,,,,8/1/2025,3/31/2030,,DISIS-2021-001,03 CENTRAL,ER/NR,IA FULLY EXECUTED/ON SCHEDULE
GEN-2021-102,,,Douglas,KS,Evergy's Midland Substation 115kV bus,WERE,Battery/Storage,80.0,80.0,80.0,5/25/2021,Withdrawn,9/1/2025,7/17/2023,,,8/1/2025,9/1/2025,,DISIS-2021-001,03 CENTRAL,ER/NR,WITHDRAWN
GEN-2021-101,,,Douglas,KS,Evergy's Midland Substation 115kV bus,WERE,Solar,159.0,159.0,159.0,5/25/2021,Completed,3/31/2028,,,,8/1/2025,3/31/2028,,DISIS-2021-001,03 CENTRAL,ER/NR,IA FULLY EXECUTED/ON SCHEDULE
GEN-2021-100,,,Mercer,ND,Leland Olds 345kV substation,BEPC,Battery/Storage,50.0,50.0,50.0,5/24/2021,Withdrawn,10/19/2027,7/14/2023,,,9/15/2026,10/19/2027,,DISIS-2021-001,01 NORTH,ER/NR,WITHDRAWN
GEN-2021-099,,,Ellis,OK,Bobcat 345 kV,NPPD,Wind,250.0,260.4,260.4,4/30/2021,Withdrawn,1/1/2025,12/20/2022,,,11/1/2024,1/1/2025,,DISIS-2021-001,04 SOUTHEAST,ER/NR,WITHDRAWN
GEN-2021-098,,,Dewey,OK,Dewey District 138 kV Substation,OGE,Hybrid - Wind/Storage,160.0,160.0,160.0,5/24/2021,Withdrawn,12/31/2026,7/11/2025,,,7/1/2026,12/31/2026,,DISIS-2021-001,04 SOUTHEAST,ER/NR,WITHDRAWN
GEN-2021-097,,,Elida ,NM,Hisel 230 kV Substation,SPS,Hybrid - Wind/Storage,300.0,300.0,300.0,5/24/2021,Withdrawn,12/31/2026,7/14/2023,,,7/1/2026,12/31/2026,,DISIS-2021-001,05 SOUTHWEST,ER/NR,WITHDRAWN
GEN-2021-096,,,Coffey,KS,Wolf Creek - Benton 345 kV,WERE,Solar,500.0,500.0,500.0,4/29/2021,Completed,12/1/2030,,,,5/1/2026,12/1/2030,,DISIS-2021-001,03 CENTRAL,ER/NR,IA FULLY EXECUTED/ON SCHEDULE
GEN-2021-095,,,Mercer,ND,AVS 345kV substation,BEPC,Thermal - Combustion Turbine,446.5,446.5,446.5,4/30/2021,Withdrawn,4/1/2028,11/21/2022,,,8/1/2027,4/1/2028,,DISIS-2021-001,01 NORTH,ER,WITHDRAWN
GEN-2021-094,,,Mercer,ND,AVS 345kV Substation,BEPC,Thermal - Combustion Turbine,446.5,446.5,446.5,4/30/2021,Withdrawn,4/1/2025,11/21/2022,,,8/1/2024,4/1/2025,,DISIS-2021-001,01 NORTH,ER,WITHDRAWN
GEN-2021-093,,,Oklahoma ,OK,Tinker,OGE,Thermal - Gas Turbine,93.0,72.0,93.0,4/30/2021,Withdrawn,5/1/2026,4/18/2023,,,6/1/2025,5/1/2026,,DISIS-2021-001,04 SOUTHEAST,ER/NR,WITHDRAWN
GEN-2021-092,,,Hansford,TX,Xcel Hansford 115kV substation,SPS,Battery/Storage,100.0,100.0,100.0,4/30/2021,Withdrawn,3/15/2026,12/20/2022,,,1/15/2026,3/15/2026,,DISIS-2021-001,05 SOUTHWEST,ER/NR,WITHDRAWN
GEN-2021-091,,,Pontotoc,OK,OG&E's Blue River 138kV Substation,OGE,Hybrid - Solar,150.0,150.0,150.0,4/29/2021,Withdrawn,10/31/2027,11/21/2022,,,6/1/2027,10/31/2027,,DISIS-2021-001,04 SOUTHEAST,ER/NR,WITHDRAWN
GEN-2021-090,,,Yoakum,TX,Yoakum 345kV Substation,SPS,Hybrid - Solar/Storage,400.0,400.0,400.0,4/30/2021,Completed,6/30/2029,,,,6/15/2022,6/30/2029,,DISIS-2021-001,05 SOUTHWEST,ER/NR,IA FULLY EXECUTED/ON SCHEDULE
GEN-2021-089,,,Hockley,TX,Tuco-Yoakum-Hobbs 345kV,SPS,Hybrid - Solar,400.0,400.0,400.0,4/29/2021,Withdrawn,12/31/2026,5/20/2022,,,,12/31/2026,,DISIS-2021-001,05 SOUTHWEST,ER/NR,WITHDRAWN
GEN-2021-088,,,Cleveland,OK,Cedar Lane - Canadian 138 kV Transmission Line,OGE,Battery/Storage,100.0,100.0,100.0,4/29/2021,Completed,12/31/2027,,,,12/21/2025,12/31/2027,,DISIS-2021-001,04 SOUTHEAST,ER/NR,IA FULLY EXECUTED/ON SCHEDULE
GEN-2021-087,,,Seward,KS,Walkemeyer - Cimarron 115kV,SUNC,Hybrid - Solar/Storage,100.0,100.0,100.0,4/29/2021,Withdrawn,12/28/2028,7/17/2023,,,10/15/2027,12/28/2028,,DISIS-2021-001,03 CENTRAL,ER/NR,WITHDRAWN
GEN-2021-086,,,Howard,AR,Okay - Turk 138kV,AEP,Hybrid - Solar/Storage,165.0,165.0,165.0,4/29/2021,Withdrawn,12/31/2027,9/16/2024,,,10/15/2027,12/31/2027,,DISIS-2021-001,04 SOUTHEAST,ER/NR,WITHDRAWN
GEN-2021-085,,,Ford,KS,Crooked Creek - Fort Dodge 115kV,SUNC,Hybrid - Solar/Storage,100.0,100.0,100.0,4/29/2021,Withdrawn,12/31/2027,9/16/2024,,,10/15/2027,12/31/2027,,DISIS-2021-001,03 CENTRAL,ER/NR,WITHDRAWN
GEN-2021-084,,,Kearney,KS,Williamson - Fletcher 115kV,SUNC,Hybrid - Solar/Storage,180.0,180.0,180.0,4/29/2021,Withdrawn,12/31/2028,7/17/2023,,,10/15/2027,12/31/2028,,DISIS-2021-001,03 CENTRAL,ER/NR,WITHDRAWN
GEN-2021-083,,,Chaves,NM,SPP / Central Valley Electric Cooperative (CV) 69 kV transmission line,SPS,Hybrid - Solar/Storage,50.0,50.0,50.0,4/26/2021,Withdrawn,9/1/2024,9/16/2024,,,7/1/2024,9/1/2024,,DISIS-2021-001,05 SOUTHWEST,ER/NR,WITHDRAWN
GEN-2021-082,,,Lea,NM,LE 69 kV Lewis Switch,LEA,Hybrid - Solar/Storage,80.0,80.0,80.0,4/23/2021,Withdrawn,9/1/2024,7/11/2023,,,7/1/2024,9/1/2024,,DISIS-2021-001,05 SOUTHWEST,ER/NR,WITHDRAWN
GEN-2021-081,,,Lea,NM,SPP / Lea County Electric Cooperative (LE) 69 kV transmission line,LEA,Hybrid - Solar/Storage,55.0,55.0,55.0,4/26/2021,Withdrawn,6/1/2024,7/11/2023,,,4/1/2024,6/1/2024,,DISIS-2021-001,05 SOUTHWEST,ER/NR,WITHDRAWN
GEN-2021-080,,,Lea,NM,SPP / Lea County Electric Cooperative (LE) 69 kV,LEA,Hybrid - Solar/Storage,100.0,100.0,100.0,4/26/2021,Withdrawn,9/1/2024,7/11/2023,,,7/1/2024,9/1/2024,,DISIS-2021-001,05 SOUTHWEST,ER/NR,WITHDRAWN
GEN-2021-079,,,Delaware (OK) / Benton (AR),OK,Flint Creek to Tonnece 345 kV,GRDA,Hybrid - Solar/Storage,140.0,140.0,140.0,4/30/2021,Withdrawn,12/31/2026,7/14/2023,,,7/31/2023,12/31/2026,,DISIS-2021-001,04 SOUTHEAST,ER/NR,WITHDRAWN
GEN-2021-078,,,Finney,KS,Pierceville – Plymell 115kV,SUNC,Hybrid - Solar/Storage,160.0,160.0,160.0,4/29/2021,Withdrawn,12/31/2028,7/17/2023,,,10/15/2027,12/31/2028,,DISIS-2021-001,03 CENTRAL,ER/NR,WITHDRAWN
GEN-2021-077,,,Pettis,MO,Windsor to AEC Sedalia 161 kV,GMO,Hybrid - Solar/Storage,95.0,95.0,95.0,4/30/2021,Completed,4/11/2030,,,,7/1/2025,4/11/2030,,DISIS-2021-001,03 CENTRAL,ER/NR,IA FULLY EXECUTED/ON SCHEDULE
GEN-2021-076,,,Ellis,KS,ITC Post Rock 345 kV Substation,ITCGP,Solar,113.0,113.0,113.0,5/13/2021,Withdrawn,12/31/2026,2/13/2026,,,7/1/2026,12/31/2026,,DISIS-2021-001,03 CENTRAL,ER/NR,WITHDRAWN
GEN-2021-075,,,Camp,TX,CAMPCOR4 138kV Substation ,AEP,Hybrid - Solar/Storage,300.0,300.0,300.0,5/19/2021,Withdrawn,12/31/2027,4/18/2025,,,7/1/2026,12/31/2027,,DISIS-2021-001,04 SOUTHEAST,ER/NR,WITHDRAWN
GEN-2021-074,,,Prowers,CO,Finney - Lamar 345 kV,SPS,Solar,500.0,500.0,500.0,5/19/2021,Withdrawn,12/31/2026,1/18/2023,,,7/1/2026,12/31/2026,,DISIS-2021-001,03 CENTRAL,ER/NR,WITHDRAWN
GEN-2021-073,,,Lincoln,NE,Tap on the Sweetwater to Gerald Gentleman 345 kV Line,NPPD,Solar,240.0,240.0,240.0,5/19/2021,Withdrawn,12/1/2027,9/11/2024,,,6/1/2024,12/1/2027,,DISIS-2021-001,02 NEBRASKA,ER/NR,WITHDRAWN
GEN-2021-072,,,Mercer,ND,345kV Transmission Line from Antelope Valley to Leland Olds Substation,BEPC,Solar,600.0,600.0,600.0,5/19/2021,Withdrawn,12/1/2027,9/16/2024,,,6/1/2026,12/1/2027,,DISIS-2021-001,01 NORTH,ER/NR,WITHDRAWN
GEN-2021-071,,,Noble,OK,OKGE Sooner 345kV line,OGE,Wind,403.2,403.2,403.2,4/26/2021,Withdrawn,11/1/2027,7/17/2023,,,9/1/2025,11/1/2027,,DISIS-2021-001,04 SOUTHEAST,ER/NR,WITHDRAWN
GEN-2021-070,,,Hodgeman and Ford,KS,SUNC Spearville - Holcomb 345kV,SUNC,Wind,504.0,504.0,504.0,4/26/2021,Completed,9/15/2030,,,,8/1/2027,9/15/2030,,DISIS-2021-001,03 CENTRAL,ER,IA FULLY EXECUTED/ON SCHEDULE
GEN-2021-069,,,Hodgeman and Ford,KS,SUNC Spearville - Holcomb 345kV,SUNC,Wind,249.6,249.6,249.6,4/26/2021,Completed,9/15/2030,,,,8/1/2027,9/15/2030,,DISIS-2021-001,03 CENTRAL,ER,IA FULLY EXECUTED/ON SCHEDULE
GEN-2021-068,,,Hodgeman and Ford,KS,SUNC Spearville - Holcomb 345kV,SUNC,Wind,249.6,249.6,249.6,4/26/2021,Completed,9/15/2030,,,,9/1/2025,9/15/2030,,DISIS-2021-001,03 CENTRAL,ER,IA FULLY EXECUTED/ON SCHEDULE
GEN-2021-067,,,Delaware,OK,Tap Grove - Jay 138kV,AEP,Hybrid - Solar/Storage,100.0,100.0,100.0,4/28/2021,Withdrawn,10/1/2026,7/14/2023,,,10/25/2025,10/1/2026,,DISIS-2021-001,04 SOUTHEAST,ER/NR,WITHDRAWN
GEN-2021-066,,,Pittsburg,OK,McAlester WFEC 138 kV,WFEC,Hybrid - Solar/Storage,150.0,150.0,150.0,4/28/2021,Withdrawn,10/1/2026,12/15/2022,,,10/25/2025,10/1/2026,,DISIS-2021-001,04 SOUTHEAST,ER/NR,WITHDRAWN
GEN-2021-065,,,Pittsburg,OK,Talawanda to C-River 138kV,AEP,Hybrid - Solar/Storage,200.0,200.0,200.0,4/28/2021,Withdrawn,10/1/2026,12/15/2022,,,10/25/2025,10/1/2026,,DISIS-2021-001,04 SOUTHEAST,ER/NR,WITHDRAWN
GEN-2021-064,,,Caddo,OK,Carnegie South 138kV,AEP,Hybrid - Solar/Storage,100.0,100.0,100.0,4/28/2021,Completed,7/15/2028,,,,10/25/2025,7/15/2028,,DISIS-2021-001,04 SOUTHEAST,ER/NR,IA FULLY EXECUTED/ON SCHEDULE
GEN-2021-063,,,McCurtain,OK,Craig JCT 138kV,AEP,Hybrid - Solar/Storage,155.0,155.0,155.0,4/28/2021,Completed,12/31/2027,,,,10/25/2025,12/31/2027,,DISIS-2021-001,04 SOUTHEAST,ER/NR,IA FULLY EXECUTED/ON SCHEDULE
GEN-2021-062,,,Lea,NM,Roadrunner 115 kV Substation,SPS,Solar,110.0,110.0,110.0,4/29/2021,Withdrawn,12/31/2025,7/17/2023,,,,12/31/2025,,DISIS-2021-001,05 SOUTHWEST,ER/NR,WITHDRAWN
GEN-2021-061,,,Sedgwick,KS,Gordan Evans 138 kV Substation,WERE,Solar,100.0,100.0,100.0,4/29/2021,Withdrawn,12/31/2025,9/16/2024,,,,12/31/2025,,DISIS-2021-001,03 CENTRAL,ER,WITHDRAWN
GEN-2021-060,,,Lincoln,NE,Gerald Gentleman-Red Willow 345kV line ,NPPD,Wind,300.0,300.0,300.0,4/29/2021,Withdrawn,12/31/2027,7/17/2023,,,,12/31/2027,,DISIS-2021-001,02 NEBRASKA,ER/NR,WITHDRAWN
GEN-2021-059,,,Jasper,MO,Asbury 161 kV Substation,EDE,Solar,130.0,130.0,130.0,4/29/2021,Withdrawn,12/31/2025,7/17/2023,,,,12/31/2025,,DISIS-2021-001,03 CENTRAL,ER/NR,WITHDRAWN
GEN-2021-058,,,Madison,NE,Shell Creek-Hoskins 345kv Line,NPPD,Wind,300.0,300.0,300.0,4/29/2021,Withdrawn,12/31/2026,7/17/2023,,,,12/31/2026,,DISIS-2021-001,02 NEBRASKA,ER/NR,WITHDRAWN
GEN-2021-057,,,Antelope,NE,Antelope 345kV substation,NPPD,Wind,300.0,300.0,300.0,4/29/2021,Withdrawn,12/31/2027,2/13/2026,,,,12/31/2027,,DISIS-2021-001,02 NEBRASKA,ER,WITHDRAWN
GEN-2021-056,,,Harper and Kingman,KS,Viola 345kV Substation,WERE,Wind,300.0,300.0,300.0,4/29/2021,Completed,12/31/2030,,,,,12/31/2030,,DISIS-2021-001,03 CENTRAL,ER,IA FULLY EXECUTED/ON SCHEDULE
GEN-2021-055,,,Titus,TX,Welsh-Lydia 345kV Line Break,AEP,Solar,240.0,240.0,240.0,4/29/2021,Withdrawn,12/31/2026,7/17/2023,,,,12/31/2026,,DISIS-2021-001,04 SOUTHEAST,ER/NR,WITHDRAWN
GEN-2021-054,,,Terry,TX,Flatlands 115 kV Substation,SPS,Solar,150.0,150.0,150.0,4/29/2021,Withdrawn,12/31/2025,7/17/2023,,,,12/31/2025,,DISIS-2021-001,05 SOUTHWEST,ER/NR,WITHDRAWN
GEN-2021-053,,,Muskogee,OK,Pecan Creek 345 kV Substation,OGE,Solar,300.0,300.0,300.0,4/29/2021,Completed,6/15/2031,,,,,6/15/2031,,DISIS-2021-001,04 SOUTHEAST,ER,IA FULLY EXECUTED/ON SCHEDULE
GEN-2021-052,,,Muskogee,OK,Pecan Creek 345kV substation,OGE,Battery/Storage,75.0,75.0,75.0,4/29/2021,Completed,6/15/2031,,,,,6/15/2031,,DISIS-2021-001,04 SOUTHEAST,ER,IA FULLY EXECUTED/ON SCHEDULE
GEN-2021-051,,,Henry,MO,161kV Stilwell-Clinton Line,KCPL,Battery/Storage,75.0,75.0,75.0,4/30/2021,Withdrawn,9/1/2027,10/13/2025,,,7/31/2025,9/1/2027,,DISIS-2021-001,03 CENTRAL,ER/NR,WITHDRAWN
GEN-2021-050,,,Henry,MO,161kV Stilwell-Clinton Line,KCPL,Solar,200.0,200.0,200.0,4/30/2021,Withdrawn,9/1/2028,,,,7/31/2025,9/1/2028,,DISIS-2021-001,03 CENTRAL,ER/NR,WITHDRAWN
GEN-2021-049,,,Lancaster,NE,Wagener 115kV Substation,LES,Solar,225.0,225.0,225.0,4/30/2021,Completed,9/1/2029,,,,7/31/2025,9/1/2029,,DISIS-2021-001,02 NEBRASKA,ER/NR,IA FULLY EXECUTED/ON SCHEDULE
GEN-2021-048,,,Lancaster,NE,Wagener 115kV Substation,LES,Battery/Storage,75.0,75.0,75.0,4/30/2021,Completed,9/1/2029,,,,7/31/2025,9/1/2029,,DISIS-2021-001,02 NEBRASKA,ER/NR,IA FULLY EXECUTED/ON SCHEDULE
GEN-2021-047,,,Mayes,OK,Tulsa (Bus #509852) - Igloo (Bus #513596)  345kV line,GRDA,Solar,250.0,250.0,250.0,4/29/2021,Completed,12/1/2028,,,,3/1/2026,12/1/2028,,DISIS-2021-001,04 SOUTHEAST,ER,IA FULLY EXECUTED/ON SCHEDULE
GEN-2021-046,,,"Prowers, Kiowa",CO,Tap 345 kV line between Lamar and Finney,SPS,Wind,400.0,406.02,406.02,4/28/2021,Withdrawn,12/31/2026,11/10/2022,,,8/1/2026,12/31/2026,,DISIS-2021-001,03 CENTRAL,ER/NR,WITHDRAWN
GEN-2021-045,,,"Sherman, Wallace",KS,Sunflower Electric Power Corp's 345 kV Mingo substation,SUNC,Wind,300.0,303.0,303.0,4/28/2021,Withdrawn,12/31/2026,11/23/2022,,,8/1/2026,12/31/2026,,DISIS-2021-001,03 CENTRAL,ER/NR,WITHDRAWN
GEN-2021-044,,,Dundy,NE,Nebraska Public Power District's (NPPD) 345 kV Red Willow substation,NPPD,Wind,300.0,303.0,303.0,4/28/2021,Withdrawn,12/31/2026,11/10/2022,,,8/1/2026,12/31/2026,,DISIS-2021-001,02 NEBRASKA,ER/NR,WITHDRAWN
GEN-2021-043,,,Lancaster,NE,"8000 SW 12th (Rokeby) Station, 115kV Bus",LES,Battery/Storage,250.0,250.0,250.0,4/30/2021,Completed,5/31/2030,,,,2/1/2026,5/31/2030,,DISIS-2021-001,02 NEBRASKA,ER,IA FULLY EXECUTED/ON SCHEDULE
GEN-2021-042,,,Jackson ,MO,"Independence Power & Light, Blue Valley Substation, 161kV Bus",INDN,Battery/Storage,50.0,50.0,50.0,4/30/2021,Completed,5/31/2028,,,,2/1/2025,5/31/2028,,DISIS-2021-001,03 CENTRAL,ER/NR,IA FULLY EXECUTED/ON SCHEDULE
GEN-2021-041,,,Canadian,OK,Mustang 138kV Substation,OGE,Battery/Storage,100.0,100.657,100.657,4/30/2021,Completed,12/16/2027,,,,2/1/2025,12/16/2027,,DISIS-2021-001,04 SOUTHEAST,ER/NR,IA FULLY EXECUTED/ON SCHEDULE
GEN-2021-040,,,Cass,NE,"OPPD District, Cass County Power Plant Substation, 345kV Bus",OPPD,Battery/Storage,200.0,200.0,200.0,4/30/2021,Completed,11/30/2029,,,,2/1/2025,11/30/2029,,DISIS-2021-001,02 NEBRASKA,ER,IA FULLY EXECUTED/ON SCHEDULE
GEN-2021-039,,,Douglas,NE,New 161kV substation looping in OPPD 161kV lines S1211 to S1220 and S1211 to S1299,OPPD,Battery/Storage,100.0,100.0,100.0,4/30/2021,Completed,5/31/2030,,,,2/1/2025,5/31/2030,,DISIS-2021-001,02 NEBRASKA,ER,IA FULLY EXECUTED/ON SCHEDULE
GEN-2021-038,,,Titus,TX,Welsh 345kV Substation,AEP,Battery/Storage,200.0,201.32,201.32,4/30/2021,Completed,5/1/2029,,,,2/1/2026,5/1/2029,,DISIS-2021-001,04 SOUTHEAST,ER/NR,IA FULLY EXECUTED/ON SCHEDULE
GEN-2021-037,,,Perkins & Keith,NE,NPPD Sidney to Keystone 345 kV Line,NPPD,Wind,244.22,244.22,244.22,5/14/2021,Withdrawn,12/31/2026,9/16/2024,,,10/31/2026,12/31/2026,,DISIS-2021-001,02 NEBRASKA,ER/NR,WITHDRAWN
GEN-2021-036,,,Little River,AR,Craig to Patterson 138 kV Transmission Line,AEP,Solar,204.12,204.12,204.12,5/14/2021,Completed,11/30/2027,,,,10/29/2025,11/30/2027,,DISIS-2021-001,04 SOUTHEAST,ER/NR,IA FULLY EXECUTED/ON SCHEDULE
GEN-2021-035,,,Grant,KS,Tap Sunflower Santana 115kV Transmission Line,SUNC,Solar,113.0,113.0,113.0,5/14/2021,Completed,12/31/2031,,,,10/29/2025,12/31/2031,,DISIS-2021-001,03 CENTRAL,ER,IA FULLY EXECUTED/ON SCHEDULE
GEN-2021-034,,,Lancaster,NE,Rokeby 115 kV Substation,LES,Solar,113.0,113.0,113.0,5/13/2021,Completed,4/1/2030,,,,10/31/2027,4/1/2030,,DISIS-2021-001,02 NEBRASKA,ER,IA FULLY EXECUTED/ON SCHEDULE
GEN-2021-033,,,Franklin,AR,Branch 161kV Substation ,OGE,Solar,204.12,204.12,204.12,5/14/2021,Completed,12/31/2028,,,,7/1/2027,12/31/2028,,DISIS-2021-001,04 SOUTHEAST,ER,IA FULLY EXECUTED/ON SCHEDULE
GEN-2021-032,,,Choctaw,OK,Western Farmers 138kV Hugo Substation,WFEC,Solar,149.8,149.8,149.8,5/14/2021,Withdrawn,12/1/2026,7/17/2023,,,9/30/2023,12/1/2026,,DISIS-2021-001,04 SOUTHEAST,ER/NR,WITHDRAWN
GEN-2021-031,,,Choctaw,OK,Western Farmers 138kV Hugo Substation,WFEC,Battery/Storage,201.6,201.6,201.6,5/14/2021,Withdrawn,12/1/2026,7/17/2023,,,9/30/2023,12/1/2026,,DISIS-2021-001,04 SOUTHEAST,ER/NR,WITHDRAWN
GEN-2021-030,,,Linn KS and Bates MO,KS,Evergy Tap the La Cygne to Stillwel 345 kV Line,KCPL,Solar,510.3,510.3,510.3,5/14/2021,Completed,12/31/2029,,,,9/28/2026,12/31/2029,,DISIS-2021-001,03 CENTRAL,ER,IA FULLY EXECUTED/ON SUSPENSION
GEN-2021-029,,,Linn KS and Bates MO,KS,Evergy Tap the  La Cygne to Stillwel 345 kV Line,KCPL,Battery/Storage,253.8,253.8,253.8,5/14/2021,Completed,12/31/2029,,,,7/1/2026,12/31/2029,,DISIS-2021-001,03 CENTRAL,ER,IA FULLY EXECUTED/ON SUSPENSION
GEN-2021-028,,,Woodward,OK,Western Farmers 138kV Mooreland Substation,WFEC,Solar,204.12,204.12,204.12,5/14/2021,Withdrawn,12/1/2027,9/16/2024,,,3/10/2027,12/1/2027,,DISIS-2021-001,04 SOUTHEAST,ER,WITHDRAWN
GEN-2021-027,,,Lancaster,NE,Olive Creek 115 kV Substation,NPPD,Solar,102.06,102.06,102.06,5/14/2021,Completed,6/1/2029,,,,7/1/2026,6/1/2029,,DISIS-2021-001,02 NEBRASKA,ER,IA FULLY EXECUTED/ON SUSPENSION
GEN-2021-026,,,Barton,MO,Line tap Wolf Creek-Blackberry 345 kV,NextEra,Solar,200.0,200.0,200.0,5/14/2021,Withdrawn,11/28/2027,7/17/2023,,,10/31/2026,11/28/2027,,DISIS-2021-001,03 CENTRAL,ER/NR,WITHDRAWN
GEN-2021-025,,,Woodward,OK,Western Farmers 138kV Mooreland Substation,WFEC,Wind,203.04,203.04,203.04,5/14/2021,Completed,5/3/2029,,,,10/31/2025,5/3/2029,,DISIS-2021-001,04 SOUTHEAST,ER,IA FULLY EXECUTED/ON SUSPENSION
GEN-2021-024,,,LaMoure,ND,WAPA 230kV Jamestown Substation,WAPA,Wind,203.04,203.04,203.04,5/14/2021,Withdrawn,12/22/2026,9/16/2024,,,10/22/2026,12/22/2026,,DISIS-2021-001,01 NORTH,ER,WITHDRAWN
GEN-2021-023,,,Grant,KS,Wild Plains 345kV Substation,WERE,Solar,306.18,306.18,306.18,5/14/2021,Completed,11/30/2030,,,,9/30/2026,11/30/2030,,DISIS-2021-001,04 SOUTHEAST,ER,IA FULLY EXECUTED/ON SCHEDULE
GEN-2021-022,,,Kiowa,KS,Greensburg 115 kV Substation,SUNC,Wind,75.0,75.0,75.0,4/20/2021,Withdrawn,12/31/2026,7/17/2023,,,9/1/2026,12/31/2026,,DISIS-2021-001,03 CENTRAL,ER/NR,WITHDRAWN
GEN-2021-021,,,Stevens,KS,Carpenter 345 kV Substation,SPS,Wind,150.0,150.0,150.0,4/20/2021,Completed,12/31/2029,,,,9/1/2026,12/31/2029,,DISIS-2021-001,03 CENTRAL,ER,IA FULLY EXECUTED/ON SCHEDULE
GEN-2021-020,,,Lea County,NM,Tapping 345 kV line between Potash Junction and Roadrunner,SPS,Solar,74.0,74.0,74.0,5/6/2021,Withdrawn,12/15/2023,5/24/2022,,,9/15/2023,12/15/2023,,DISIS-2021-001,05 SOUTHWEST,ER/NR,WITHDRAWN
GEN-2021-019,,,Noble,OK,Sooner 345 kV,OGE,Battery/Storage,74.9,75.89,75.89,4/30/2021,Completed,12/31/2028,,,,4/1/2027,12/31/2028,,DISIS-2021-001,04 SOUTHEAST,ER/NR,IA FULLY EXECUTED/ON SCHEDULE
GEN-2021-018,,,Noble,OK,Sooner 345 kV,OGE,Solar,231.0,235.35,235.35,4/30/2021,Completed,12/31/2028,,,,4/1/2027,12/31/2028,,DISIS-2021-001,04 SOUTHEAST,ER,IA FULLY EXECUTED/ON SCHEDULE
GEN-2021-017,,,Cloud and Mitchell,KS,Elm Creek 345 kV interconnection substation,ITCGP,Wind,37.5,37.5,37.5,4/30/2021,Withdrawn,12/31/2027,4/1/2026,,,4/1/2025,12/31/2027,,DISIS-2021-001,03 CENTRAL,ER,WITHDRAWN
GEN-2021-016,,,Johnston and Murray,OK,Sunnyside-Johnston 345 kV,AEP,Wind,250.0,250.0,250.0,4/30/2021,Withdrawn,12/31/2029,3/3/2026,,,4/1/2025,12/31/2029,,DISIS-2021-001,04 SOUTHEAST,ER,WITHDRAWN
GEN-2021-015,,,Ellis,OK,Bobcat 345 kV interconnection substation,OGE,Solar,74.9,75.91,75.91,4/30/2021,Withdrawn,12/1/2028,11/13/2025,,,4/1/2027,12/1/2028,,DISIS-2021-001,04 SOUTHEAST,ER,WITHDRAWN
GEN-2021-014,,,Beckham,OK,Border 345 kV interconnection substation,OGE,Solar,208.0,233.98,233.98,4/30/2021,Withdrawn,12/31/2029,7/16/2025,,,4/1/2027,12/31/2029,,DISIS-2021-001,05 SOUTHWEST,ER,WITHDRAWN
GEN-2021-013,,,Lincoln,KS,Smoky Hills Tap 230kV,MIDW,Battery/Storage,74.9,75.89,75.89,4/30/2021,Withdrawn,12/31/2025,10/8/2024,,,11/15/2023,12/31/2025,,DISIS-2021-001,03 CENTRAL,ER/NR,WITHDRAWN
GEN-2021-012,,,Beckham,OK,Border 345 kV interconnection substation,OGE,Battery/Storage,203.0,227.0,227.0,4/30/2021,Withdrawn,12/31/2029,7/16/2025,,,11/15/2023,12/31/2029,,DISIS-2021-001,05 SOUTHWEST,ER,WITHDRAWN
GEN-2021-011,,,Cloud and Mitchell,KS,Elm Creek 345 kV interconnection substation,ITCGP,Solar,74.9,75.99,75.99,4/30/2021,Withdrawn,12/31/2025,8/10/2023,,,4/1/2027,12/31/2025,,DISIS-2021-001,03 CENTRAL,ER/NR,WITHDRAWN
GEN-2021-010,,,Beckham,OK,Border 345 kV interconnection substation,OGE,Solar,208.0,233.98,233.98,4/30/2021,Withdrawn,12/31/2029,7/16/2025,,,4/1/2027,12/31/2029,,DISIS-2021-001,05 SOUTHWEST,ER,WITHDRAWN
GEN-2021-009,,,Beadle,SD,"Carpenter 230kV substation in Clark county, South Dakota",WAPA,Battery/Storage,225.0,225.0,225.0,5/11/2021,Withdrawn,3/1/2026,7/17/2023,,,11/1/2025,3/1/2026,,DISIS-2021-001,01 NORTH,ER/NR,WITHDRAWN
GEN-2021-008,,,McKenzie,ND,"345kV Bus at BEPC Patent Gate Substation, McKenzie County, ND",BEPC,Solar,200.0,200.0,200.0,5/10/2021,Withdrawn,10/19/2030,1/7/2026,,,5/9/2026,10/19/2030,,DISIS-2021-001,01 NORTH,ER/NR,WITHDRAWN
GEN-2021-007,,,Knox and Cedar,NE,345kV bus of Turtle Creek Substation,NPPD,Wind,600.0,600.0,600.0,5/10/2021,Withdrawn,12/31/2025,10/7/2024,,,9/30/2025,12/31/2025,,DISIS-2021-001,02 NEBRASKA,ER/NR,WITHDRAWN
GEN-2021-006,,,Labette,KS,"Neosho 345kV substation in Labette County, KS",WERE,Battery/Storage,300.0,300.0,300.0,5/7/2021,Completed,7/15/2029,,,,10/1/2025,7/15/2029,,DISIS-2021-001,03 CENTRAL,ER/NR,IA FULLY EXECUTED/ON SCHEDULE
GEN-2021-005,,,Saline,KS,"Summit 345 kV substation in Saline County, KS",WERE,Battery/Storage,350.0,350.0,350.0,5/7/2021,Withdrawn,10/15/2030,,,,11/1/2024,10/15/2030,,DISIS-2021-001,03 CENTRAL,ER/NR,WITHDRAWN
GEN-2021-004,,,Carter,OK,Poolville 138kV Bus,OGE,Hybrid - Solar/Storage,250.0,250.0,250.0,4/30/2021,Withdrawn,10/19/2027,2/28/2024,,,9/5/2026,10/19/2027,,DISIS-2021-001,04 SOUTHEAST,ER/NR,WITHDRAWN
GEN-2021-003,,,Richland,MT,Fairview 115kV Substation,WAPA,Solar,75.5,75.5,75.5,12/11/2020,Withdrawn,12/15/2024,7/14/2023,,,10/15/2023,12/15/2024,,DISIS-2021-001,01 NORTH,ER/NR,WITHDRAWN
GEN-2021-002,,,Okeene,OK,138kV Okeene Switch Station,WFEC,Battery/Storage,100.0,100.0,100.0,12/29/2020,Withdrawn,1/7/2027,9/16/2024,,,9/25/2024,1/7/2027,,DISIS-2021-001,04 SOUTHEAST,ER/NR,WITHDRAWN
GEN-2021-001,,,Bryan,OK,138kV Brown Substation,OGE,Battery/Storage,100.0,100.0,100.0,12/29/2020,Completed,12/1/2029,,,,9/25/2024,12/1/2029,,DISIS-2021-001,04 SOUTHEAST,ER/NR,IA FULLY EXECUTED/ON SCHEDULE
GEN-2020-SR4,,,Ford,KS,115kV North Fort Dodge Substation,SUNC,Wind,150.0,150.0,150.0,8/20/2020,Withdrawn,5/31/2021,4/26/2021,,,5/31/2021,5/31/2021,,Surplus,,ER,WITHDRAWN
GEN-2020-SR3,,,Johnston,OK,Hugo-Sunnyside 345 kV,OGE,Battery/Storage,200.0,200.0,200.0,8/4/2020,,6/1/2023,,,,9/1/2021,6/1/2023,,Surplus,04 SOUTHEAST,ER/NR,TERMINATED
GEN-2020-SR2,,,Johnston,OK,Brown 138kV,OGE,Battery/Storage,100.0,100.0,100.0,8/4/2020,Completed,3/31/2026,,,,12/1/2021,3/31/2026,,Surplus,04 SOUTHEAST,ER/NR,IA FULLY EXECUTED/ON SCHEDULE
GEN-2020-SR1,,,Beckham,OK,Erick 138kV Substation,WFEC,Battery/Storage,40.0,40.0,40.0,8/4/2020,,6/1/2024,,,,12/1/2022,6/1/2024,,Surplus,04 SOUTHEAST,ER,TERMINATED
GEN-2020-094,,,Syracuse,NE,Neb. City - 103rd & Rokeby 345 kV,OPPD,Solar,250.0,250.0,250.0,4/30/2020,Completed,2/15/2030,,,,4/2/2023,2/15/2030,,DISIS-2020-001,02 NEBRASKA,ER/NR,IA FULLY EXECUTED/ON SCHEDULE
GEN-2020-093,,,Potter County,SD,Whitlock Substation 230 kV,BEPC,Solar,150.0,150.0,150.0,4/30/2020,Withdrawn,11/19/2026,4/13/2023,,,11/14/2025,11/19/2026,,DISIS-2020-001,01 NORTH,ER/NR,WITHDRAWN
GEN-2020-092,,,Mayes County,OK,Pryor Junction - Midwest Carbide 138kV line ,AEP,Solar,100.0,100.0,100.0,4/30/2020,Completed,11/18/2028,,,,11/2/2025,11/18/2028,,DISIS-2020-001,04 SOUTHEAST,ER/NR,IA FULLY EXECUTED/ON SCHEDULE
GEN-2020-091,,,McKenzie,ND,Patent Gate Substation 345 kV,BEPC,Solar,150.0,150.0,150.0,4/30/2020,Withdrawn,12/29/2029,,,,11/2/2025,12/29/2029,,DISIS-2020-001,01 NORTH,ER/NR,WITHDRAWN
GEN-2020-090,,,Bourbon,KS,Wolf Creek - Blackberry 345 kV Substation,NEETSW,Battery/Storage,204.3,204.3,204.3,4/27/2020,Completed,12/31/2028,,,,4/1/2026,12/31/2028,,DISIS-2020-001,03 CENTRAL,ER/NR,IA FULLY EXECUTED/ON SCHEDULE
GEN-2020-089,,,"Allen, Bourbon",KS,Dakota 161 kV Substation,WERE,Solar,104.0,104.0,104.0,4/27/2020,Withdrawn,12/1/2026,3/11/2024,,,11/1/2026,12/1/2026,,DISIS-2020-001,03 CENTRAL,ER/NR,WITHDRAWN
GEN-2020-088,,,Jasper,MO,La Russell 161 kV Substation,EDE,Solar,150.0,150.0,150.0,4/30/2020,Completed,12/31/2028,,,,11/30/2022,12/31/2028,,DISIS-2020-001,03 CENTRAL,ER/NR,IA FULLY EXECUTED/ON SCHEDULE
GEN-2020-087,,,Comanche,OK,Cimmarron to Lawton 345 kV Line,AEP,Solar,500.0,500.0,500.0,4/23/2020,Completed,11/30/2028,,,,5/1/2023,11/30/2028,,DISIS-2020-001,04 SOUTHEAST,ER/NR,IA FULLY EXECUTED/ON SCHEDULE
GEN-2020-086,,,El Dorado,KS,Benton to Wolf Creek 345 kV Line,WERE,Solar,500.0,500.0,500.0,4/23/2020,Withdrawn,10/1/2026,3/11/2024,,,11/30/2022,10/1/2026,,DISIS-2020-001,03 CENTRAL,ER/NR,WITHDRAWN
GEN-2020-085,,,Carter,OK,Lawton to Sunnyside 345 kV Line,AEP,Solar,500.0,500.0,500.0,4/23/2020,Withdrawn,10/1/2026,10/2/2025,,,4/2/2023,10/1/2026,,DISIS-2020-001,04 SOUTHEAST,ER/NR,WITHDRAWN
GEN-2020-084,,,Burt,NE,Raun - Fort Calhoun 345 kV,OPPD,Solar,350.0,350.0,350.0,4/30/2020,Completed,2/15/2030,,,,4/1/2022,2/15/2030,,DISIS-2020-001,02 NEBRASKA,ER/NR,IA FULLY EXECUTED/ON SCHEDULE
GEN-2020-083,,,Fairview,MT,Fairview 115kV Substation,WAPA,Hybrid - Solar/Storage,74.5,74.5,74.5,4/30/2020,Completed,3/15/2032,,,,10/1/2024,3/15/2032,,DISIS-2020-001,01 NORTH,ER/NR,IA FULLY EXECUTED/ON SCHEDULE
GEN-2020-082,,,Seward,KS,North Liberal 115 kV Substation,SUNC,Solar,20.0,20.0,20.0,4/30/2020,Withdrawn,6/1/2025,4/6/2023,,,3/30/2023,6/1/2025,,DISIS-2020-001,03 CENTRAL,ER/NR,WITHDRAWN
GEN-2020-081,,,Rusk,TX,Tenaska Switching Substation 345kV,AEP,Battery/Storage,200.0,200.0,200.0,4/30/2020,Completed,12/1/2028,,,,5/1/2022,12/1/2028,,DISIS-2020-001,04 SOUTHEAST,ER/NR,IA FULLY EXECUTED/ON SCHEDULE
GEN-2020-080,,,Hale,NM,Tuco Interchange 345 kV Substation,SPS,Battery/Storage,200.0,200.0,200.0,4/30/2020,Withdrawn,6/1/2025,4/8/2023,,,5/1/2022,6/1/2025,,DISIS-2020-001,05 SOUTHWEST,ER/NR,WITHDRAWN
GEN-2020-079,,,Cherokee ,KS,Riverton-Neosho 161kV line,EDE,Hybrid - Solar/Storage,225.0,225.0,225.0,4/30/2020,Completed,8/15/2028,,,,7/1/2025,8/15/2028,,DISIS-2020-001,03 CENTRAL,ER/NR,IA FULLY EXECUTED/ON SCHEDULE
GEN-2020-078,,,Washington,NE,"Substation 1226 to Substation 1237, 161kV Tap",OPPD,Solar,100.0,100.0,100.0,4/30/2020,Completed,2/15/2030,,,,11/30/2022,2/15/2030,,DISIS-2020-001,02 NEBRASKA,ER/NR,IA FULLY EXECUTED/ON SCHEDULE
GEN-2020-077,,,Thayer,NE,North Hebron to Fairbury 115 kV,NPPD,Wind,151.2,151.2,151.2,4/28/2020,Withdrawn,10/31/2025,3/8/2024,,,11/30/2023,10/31/2025,,DISIS-2020-001,02 NEBRASKA,ER,WITHDRAWN
GEN-2020-076,,,Butler,KS,Benton to Wolf Creek 345 kV Line,WERE,Battery/Storage,200.0,200.0,200.0,4/28/2020,Withdrawn,10/1/2026,3/11/2024,,,11/30/2022,10/1/2026,,DISIS-2020-001,03 CENTRAL,ER/NR,WITHDRAWN
GEN-2020-075,,,Comanche,OK,Cimmarron to Lawton 345 kV Line,AEP,Battery/Storage,200.0,200.0,200.0,4/28/2020,Withdrawn,10/1/2026,4/4/2025,,,5/1/2023,10/1/2026,,DISIS-2020-001,04 SOUTHEAST,ER/NR,WITHDRAWN
GEN-2020-074,,,Carter,OK,Lawton to Sunnyside 345 kV Substation,AEP,Battery/Storage,200.0,200.0,200.0,4/28/2020,Withdrawn,10/1/2026,10/2/2025,,,3/31/2023,10/1/2026,,DISIS-2020-001,04 SOUTHEAST,ER/NR,WITHDRAWN
GEN-2020-073,,,Franklin,KS,SE Ottawa to Pleasant Valley 161kV,KCPL,Hybrid - Solar/Storage,150.0,150.0,150.0,4/30/2020,Withdrawn,12/1/2030,5/27/2026,,,7/1/2025,12/1/2030,,DISIS-2020-001,03 CENTRAL,ER/NR,WITHDRAWN
GEN-2020-072,,,Windsor,MO,Windsor to AEC Sedalia 161 kV line,GMO,Hybrid - Solar/Storage,150.0,150.0,150.0,4/30/2020,Completed,4/1/2030,,,,7/1/2025,4/1/2030,,DISIS-2020-001,03 CENTRAL,ER/NR,IA FULLY EXECUTED/ON SCHEDULE
GEN-2020-071,,,Osage and Shawnee,KS,Swissvale to Morris 230 KV line,WERE,Wind,252.0,252.0,252.0,4/30/2020,Withdrawn,10/31/2024,3/11/2024,,,9/30/2024,10/31/2024,,DISIS-2020-001,03 CENTRAL,ER,WITHDRAWN
GEN-2020-070,,,Osborne,KS,Postrock to Axtell 345 KV line,ITCGP,Wind,255.0,255.0,255.0,4/30/2020,Withdrawn,10/31/2024,3/11/2024,,,9/30/2024,10/31/2024,,DISIS-2020-001,02 NEBRASKA,ER,WITHDRAWN
GEN-2020-069,,,Cherry,NE,Cody to Valentine 115kV line,NPPD,Wind,52.85,52.85,52.85,4/24/2020,Withdrawn,12/31/2029,5/26/2026,,,11/30/2023,12/31/2029,,DISIS-2020-001,02 NEBRASKA,ER/NR,WITHDRAWN
GEN-2020-068,,,Terry & Hockley,TX,Tuco to Yoakum 345kV line,SPS,Solar,400.0,400.0,400.0,4/29/2020,Withdrawn,12/1/2026,10/3/2025,,,11/1/2024,12/1/2026,,DISIS-2020-001,05 SOUTHWEST,ER,WITHDRAWN
GEN-2020-067,,,Terry & Hockley,TX,Tuco to Yoakum 345kV line,SPS,Wind,352.5,352.5,352.5,4/24/2020,Completed,11/1/2029,,,,11/1/2024,11/1/2029,,DISIS-2020-001,05 SOUTHWEST,ER,IA FULLY EXECUTED/ON SCHEDULE
GEN-2020-066,,,Hockley,TX,Tuco to Yoakum 345kV line,SPS,Wind,253.8,253.8,253.8,4/24/2020,Withdrawn,12/1/2026,11/2/2022,,,11/1/2024,12/1/2026,,DISIS-2020-001,05 SOUTHWEST,ER/NR,WITHDRAWN
GEN-2020-065,,,Gaines,NM,Hobbs-Andrews 345 kV Line,SPS,Thermal - Combined Cycle,1003.0,912.3,1003.0,4/30/2020,Completed,7/2/2028,,,,12/1/2025,7/2/2028,,DISIS-2020-001,05 SOUTHWEST,ER,IA FULLY EXECUTED/ON SCHEDULE
GEN-2020-064,,,Joplin,MO,4544 Stateline CC 161kV Substation,EDE,Thermal - CT,64.0,36.0,64.0,4/22/2020,Completed,9/1/2025,,,,10/1/2020,9/1/2025,,DISIS-2020-001,03 CENTRAL,ER/NR,IA FULLY EXECUTED/ON SCHEDULE
GEN-2020-063,,,Roosevelt,NM,San Juan Mesa 230 kV Line,SPS,Solar,184.0,184.0,184.0,4/29/2020,Withdrawn,3/1/2026,4/6/2023,,,11/1/2023,3/1/2026,,DISIS-2020-001,05 SOUTHWEST,ER,WITHDRAWN
GEN-2020-062,,,Curry,NM,OASIS 230kV Substation,SPS,Solar,256.0,256.0,256.0,4/29/2020,Withdrawn,4/1/2028,4/4/2025,,,11/1/2023,4/1/2028,,DISIS-2020-001,05 SOUTHWEST,ER,WITHDRAWN
GEN-2020-061,,,Pleasant Hill,MO,Pleasant Hill 345/161/69 kV Substation,GMO,Thermal - Gas,29.0,29.0,21.0,4/28/2020,Completed,10/23/2026,,,,5/1/2021,10/23/2026,,DISIS-2020-001,03 CENTRAL,ER/NR,IA FULLY EXECUTED/ON SCHEDULE
GEN-2020-060,,,Lubbock,TX,Lubbock East Substation 230 kV,SPS,Battery/Storage,200.0,200.0,200.0,4/30/2020,Completed,6/1/2031,,,,5/1/2026,6/1/2031,,DISIS-2020-001,05 SOUTHWEST,ER,IA FULLY EXECUTED/ON SCHEDULE
GEN-2020-059,,,Lovington,NM,Tuco-Yoakum-Hobbs 345 kV,SPS,Hybrid - Solar/Storage,250.0,250.0,250.0,4/29/2020,Withdrawn,6/1/2027,3/27/2025,,,3/2/2025,6/1/2027,,DISIS-2020-001,05 SOUTHWEST,ER,WITHDRAWN
GEN-2020-058,,,Garner,KS,Atlantic 345 kV Substation,WERE,Solar,424.5,424.5,424.5,4/30/2020,Completed,9/30/2028,,,,11/1/2026,9/30/2028,,DISIS-2020-001,03 CENTRAL,ER/NR,IA FULLY EXECUTED/ON SCHEDULE
GEN-2020-057,,,Garner,KS,Atlantic 345 kV Substation,WERE,Battery/Storage,424.5,424.5,424.5,4/30/2020,Completed,11/30/2030,,,,11/1/2026,11/30/2030,,DISIS-2020-001,03 CENTRAL,ER/NR,IA FULLY EXECUTED/ON SCHEDULE
GEN-2020-056,,,Russell County,KS,Russell 115 kV Substation,SUNC,Solar,20.0,20.0,20.0,4/30/2020,Completed,4/17/2025,,,,3/30/2023,4/17/2025,,DISIS-2020-001,03 CENTRAL,ER/NR,IA FULLY EXECUTED/COMMERCIAL OPERATION
GEN-2020-055,,,Bowie County,TX,Lydia 345 kV Station,AEP,Battery/Storage,71.0,71.0,71.0,4/27/2020,Withdrawn,12/15/2025,4/8/2023,,,8/1/2023,12/15/2025,,DISIS-2020-001,04 SOUTHEAST,ER/NR,WITHDRAWN
GEN-2020-054,,,Bowie County,TX,Lydia 345 kV Station,AEP,Solar,298.0,298.0,298.0,4/27/2020,Completed,11/12/2027,,,,8/1/2023,11/12/2027,,DISIS-2020-001,04 SOUTHEAST,ER/NR,IA FULLY EXECUTED/ON SCHEDULE
GEN-2020-053,,,Newton Co,MO,Monette-Flint Creek 345 kV,EDE,Wind,240.0,240.0,240.0,4/29/2020,Withdrawn,12/15/2023,8/25/2022,,,8/1/2023,12/15/2023,,DISIS-2020-001,03 CENTRAL,ER/NR,WITHDRAWN
GEN-2020-052,,,Labette Co,KS,Neosho-Delaware 345 kV,WERE,Wind,251.0,251.0,251.0,4/29/2020,Withdrawn,12/15/2025,3/11/2024,,,8/1/2023,12/15/2025,,DISIS-2020-001,03 CENTRAL,ER/NR,WITHDRAWN
GEN-2020-051,,,Sutherland,NE,Gerald Gentleman Substation 345 kV,NPPD,Solar,250.0,250.0,250.0,4/29/2020,Withdrawn,12/1/2025,1/11/2023,,,11/30/2023,12/1/2025,,DISIS-2020-001,02 NEBRASKA,ER/NR,WITHDRAWN
GEN-2020-050,,,Omaha,NE,Substation 1211; 161kV,OPPD,Thermal - Reciprocating Engine,56.52,56.52,56.52,4/29/2020,Withdrawn,5/31/2023,9/13/2022,,,4/30/2023,5/31/2023,,DISIS-2020-001,02 NEBRASKA,ER/NR,WITHDRAWN
GEN-2020-049,,,Omaha,NE,Substation 1211; 161kV,OPPD,Thermal - Reciprocating Engine,56.52,56.52,56.52,4/29/2020,Withdrawn,5/31/2023,9/13/2022,,,4/30/2023,5/31/2023,,DISIS-2020-001,02 NEBRASKA,ER/NR,WITHDRAWN
GEN-2020-048,,,Omaha,NE,Substation 1211; 161kV,OPPD,Thermal - Reciprocating Engine,56.52,56.52,56.52,4/29/2020,Withdrawn,5/31/2023,9/13/2022,,,4/30/2023,5/31/2023,,DISIS-2020-001,02 NEBRASKA,ER/NR,WITHDRAWN
GEN-2020-047,,,Omaha,NE,Substation 911; 69 kV,OPPD,Thermal - Reciprocating Engine,56.52,56.52,56.52,4/29/2020,Withdrawn,5/31/2023,9/13/2022,,,4/30/2023,5/31/2023,,DISIS-2020-001,02 NEBRASKA,ER/NR,WITHDRAWN
GEN-2020-046,,,Douglas County,NE,Between Substation 1209 and 1252; 161kV,OPPD,Thermal - Reciprocating Engine,56.52,56.52,56.52,4/29/2020,Withdrawn,5/31/2023,9/13/2022,,,4/30/2023,5/31/2023,,DISIS-2020-001,02 NEBRASKA,ER/NR,WITHDRAWN
GEN-2020-045,,,Douglas County,NE,Between Substation 1209 and 1252; 161kV,OPPD,Thermal - Reciprocating Engine,56.52,56.52,56.52,4/29/2020,Completed,11/11/2025,,,,4/30/2023,11/11/2025,,DISIS-2020-001,02 NEBRASKA,ER,IA FULLY EXECUTED/COMMERCIAL OPERATION
GEN-2020-044,,,Douglas County,NE,Between Substation 1209 and 1252; 161kV,OPPD,Thermal - Reciprocating Engine,56.52,56.52,56.52,4/29/2020,Completed,11/11/2025,,,,4/30/2023,11/11/2025,,DISIS-2020-001,02 NEBRASKA,ER,IA FULLY EXECUTED/COMMERCIAL OPERATION
GEN-2020-043,,,Douglas County,NE,Between Substation 1209 and 1252; 161kV,OPPD,Thermal - Reciprocating Engine,56.52,56.52,56.52,4/29/2020,Completed,11/11/2025,,,,4/30/2023,11/11/2025,,DISIS-2020-001,02 NEBRASKA,ER,IA FULLY EXECUTED/COMMERCIAL OPERATION
GEN-2020-042,,,Plattsmouth,NE,Substation 3740; 345kV,OPPD,Thermal - Reciprocating Engine,56.52,56.52,56.52,4/29/2020,Withdrawn,5/31/2023,9/13/2022,,,4/30/2023,5/31/2023,,DISIS-2020-001,02 NEBRASKA,ER/NR,WITHDRAWN
GEN-2020-041,,,Plattsmouth,NE,Substation 3740; 345kV,OPPD,Thermal - Reciprocating Engine,56.52,56.52,56.52,4/29/2020,Withdrawn,5/31/2023,9/13/2022,,,4/30/2023,5/31/2023,,DISIS-2020-001,02 NEBRASKA,ER/NR,WITHDRAWN
GEN-2020-040,,,Plattsmouth,NE,Substation 3740; 345kV,,Thermal - CT,303.0,258.0,303.0,4/29/2020,Withdrawn,5/31/2023,9/13/2022,,,4/30/2023,5/31/2023,,DISIS-2020-001,02 NEBRASKA,ER/NR,WITHDRAWN
GEN-2020-039,,,Plattsmouth,NE,Substation 3740; 345kV,,Thermal - Reciprocating Engine,56.52,56.52,56.52,4/29/2020,Withdrawn,5/31/2023,9/13/2022,,,4/30/2023,5/31/2023,,DISIS-2020-001,02 NEBRASKA,ER/NR,WITHDRAWN
GEN-2020-038,,,Plattsmouth,NE,Substation 3740; 345kV,OPPD,Thermal - CT,272.7,258.0,303.0,4/29/2020,Completed,6/5/2028,,,,4/30/2023,6/5/2028,,DISIS-2020-001,02 NEBRASKA,ER,IA FULLY EXECUTED/ON SCHEDULE
GEN-2020-037,,,Plattsmouth,NE,Substation 3740; 345kV,OPPD,Thermal - Reciprocating Engine,56.52,56.52,56.52,4/29/2020,Withdrawn,5/31/2023,9/13/2022,,,4/30/2023,5/31/2023,,DISIS-2020-001,02 NEBRASKA,ER/NR,WITHDRAWN
GEN-2020-036,,,Plattsmouth,NE,Substation 3740; 345kV,OPPD,Hybrid - Solar/Storage,303.0,303.0,303.0,4/29/2020,Withdrawn,5/31/2023,3/11/2024,,,4/30/2023,5/31/2023,,DISIS-2020-001,02 NEBRASKA,ER,WITHDRAWN
GEN-2020-035,,,Plattsmouth,NE,Substation 3740; 345kV,OPPD,Thermal - CT,424.5,418.0,424.5,4/29/2020,Withdrawn,5/31/2023,9/13/2022,,,4/30/2023,5/31/2023,,DISIS-2020-001,02 NEBRASKA,ER/NR,WITHDRAWN
GEN-2020-034,,,Sarpy County,NE,Substation 1363; 161kV Substation,OPPD,Thermal - Reciprocating Engine,56.52,56.52,56.52,4/29/2020,Withdrawn,5/31/2023,9/13/2022,,,4/30/2023,5/31/2023,,DISIS-2020-001,02 NEBRASKA,ER/NR,WITHDRAWN
GEN-2020-033,,,Sarpy County,NE,S1281 – S1362 161kV (S1363),OPPD,Hybrid - Solar/Storage,50.0,50.0,50.0,4/29/2020,Withdrawn,,3/11/2024,,,4/30/2023,,,DISIS-2020-001,02 NEBRASKA,ER,WITHDRAWN
GEN-2020-032,,,Sarpy County,NE,Substation 1363; 161kV Substation,OPPD,Thermal - Reciprocating Engine,56.52,56.52,56.52,4/29/2020,Withdrawn,5/31/2023,9/13/2022,,,4/30/2023,5/31/2023,,DISIS-2020-001,02 NEBRASKA,ER/NR,WITHDRAWN
GEN-2020-031,,,Sarpy County,NE,Substation 1363; 161kV Substation,OPPD,Thermal - CT,272.7,258.0,303.0,4/29/2020,Completed,2/1/2028,,,,4/30/2023,2/1/2028,,DISIS-2020-001,02 NEBRASKA,ER,IA FULLY EXECUTED/ON SCHEDULE
GEN-2020-030,,,Sarpy County,NE,S1281 – S1362 161kV (S1363),OPPD,Hybrid - Solar/Storage,50.0,50.0,50.0,4/29/2020,Withdrawn,5/31/2024,3/11/2024,,,4/30/2023,5/31/2024,,DISIS-2020-001,02 NEBRASKA,ER,WITHDRAWN
GEN-2020-029,,,Sarpy County,NE,Substation 1363; 161kV Substation,OPPD,Thermal - Reciprocating Engine,56.52,56.52,56.52,4/29/2020,Withdrawn,5/31/2023,9/13/2022,,,4/30/2023,5/31/2023,,DISIS-2020-001,02 NEBRASKA,ER/NR,WITHDRAWN
GEN-2020-028,,,Sarpy County,NE,Substation 1363; 161kV Substation,OPPD,Thermal - CT,255.0,235.0,255.0,4/29/2020,Completed,6/17/2025,,,,4/30/2023,6/17/2025,,DISIS-2020-001,02 NEBRASKA,ER,IA FULLY EXECUTED/COMMERCIAL OPERATION
GEN-2020-027,,,Sarpy County,NE,S1281 – S1362 161kV (S1363),OPPD,Hybrid - Solar/Storage,50.0,50.0,50.0,4/29/2020,Withdrawn,5/31/2024,3/11/2024,,,4/30/2023,5/31/2024,,DISIS-2020-001,02 NEBRASKA,ER,WITHDRAWN
GEN-2020-026,,,Sarpy County,NE,Substation 1363; 161kV Substation,OPPD,Thermal - Reciprocating Engine,56.52,56.52,56.52,4/29/2020,Withdrawn,5/31/2023,9/13/2022,,,4/30/2023,5/31/2023,,DISIS-2020-001,02 NEBRASKA,ER/NR,WITHDRAWN
GEN-2020-025,,,Sarpy County,NE,Substation 1363; 161kV Substation,OPPD,Thermal - CT,255.0,235.0,255.0,4/29/2020,Completed,6/17/2025,,,,4/30/2023,6/17/2025,,DISIS-2020-001,02 NEBRASKA,ER,IA FULLY EXECUTED/COMMERCIAL OPERATION
GEN-2020-024,,,Sarpy County,NE,Substation 1363; 161kV Substation,OPPD,Thermal - CT,424.5,418.0,424.5,4/29/2020,Withdrawn,5/31/2023,9/13/2022,,,4/30/2023,5/31/2023,,DISIS-2020-001,02 NEBRASKA,ER/NR,WITHDRAWN
GEN-2020-023,,,Carrier,OK,Woodring 345 KV Station,OGE,Battery/Storage,202.0,202.0,202.0,4/7/2020,Withdrawn,12/1/2025,3/11/2024,,,4/1/2025,12/1/2025,,DISIS-2020-001,04 SOUTHEAST,ER/NR,WITHDRAWN
GEN-2020-022,,,Finney County,KS,Holcomb Substation 115KV,SUNC,Solar,125.0,125.0,125.0,4/29/2020,Withdrawn,12/1/2025,4/26/2023,,,11/1/2023,12/1/2025,,DISIS-2020-001,03 CENTRAL,ER/NR,WITHDRAWN
GEN-2020-021,,,Sioux County,ND,LeLand Olds-Chapelle Creek 345kV line ,BEPC,Wind,235.0,235.0,235.0,4/24/2020,Withdrawn,12/31/2026,11/26/2025,,,11/30/2023,12/31/2026,,DISIS-2020-001,01 NORTH,ER/NR,WITHDRAWN
GEN-2020-020,,,McCurtain,OK,Tap the 345 kV Northwest Texarkana - Valliant line,AEP,Hybrid - Solar/Storage,201.6,201.6,201.6,4/28/2020,Completed,11/15/2027,,,,5/15/2025,11/15/2027,,DISIS-2020-001,04 SOUTHEAST,ER/NR,IA FULLY EXECUTED/ON SCHEDULE
GEN-2020-019,,,Tripp County,SD,Witten Substation -Fort Randall 115 kV,WAPA,Wind,108.3,108.3,108.3,4/29/2020,Withdrawn,8/30/2027,11/17/2022,,,7/30/2026,8/30/2027,,DISIS-2020-001,01 NORTH,ER/NR,WITHDRAWN
GEN-2020-018,,,Sully County,SD,Leland Olds-Ft. Thompson 345 kV,BEPC,Wind,205.2,205.2,205.2,4/28/2020,Withdrawn,8/30/2026,12/1/2022,,,7/30/2026,8/30/2026,,DISIS-2020-001,01 NORTH,ER/NR,WITHDRAWN
GEN-2020-017,,,Lamb County,TX,230kV Lamb County Interchange,SPS,Solar,74.88,74.88,74.88,4/24/2020,Withdrawn,12/31/2025,4/4/2025,,,10/1/2025,12/31/2025,,DISIS-2020-001,05 SOUTHWEST,ER/NR,WITHDRAWN
GEN-2020-016,,,Tillman,OK,Snyder SW-Cache 138 kV line,WFEC,Wind,202.0,202.0,202.0,4/20/2020,Withdrawn,12/31/2026,3/11/2024,,,10/30/2026,12/31/2026,,DISIS-2020-001,04 SOUTHEAST,ER/NR,WITHDRAWN
GEN-2020-015,,,Johnston ,OK,Johnston County 345 kV Substation,OGE,Solar,104.0,104.0,104.0,4/19/2020,Withdrawn,12/31/2026,3/11/2024,,,11/1/2026,12/31/2026,,DISIS-2020-001,04 SOUTHEAST,ER/NR,WITHDRAWN
GEN-2020-014,,,Alexander,ND,Lonesome Creek 115kV,BEPC,Thermal - Gas,45.0,45.0,45.0,4/20/2020,Completed,10/19/2021,,,,6/17/2021,10/19/2021,,DISIS-2020-001,01 NORTH,ER/NR,IA FULLY EXECUTED/COMMERCIAL OPERATION
GEN-2020-013,,,Orleans,NE,Orleans-Holdrege Substation 115kV,NPPD,Hybrid - Solar/Storage,215.0,215.0,215.0,4/10/2020,Completed,6/1/2029,,,,10/15/2026,6/1/2029,,DISIS-2020-001,02 NEBRASKA,ER/NR,IA FULLY EXECUTED/ON SCHEDULE
GEN-2020-012,,,Headrick,OK,Snyder – Altus Jct. 138kV,AEP,Hybrid - Solar/Storage,113.0,113.0,113.0,4/10/2020,Completed,10/11/2029,,,,10/15/2026,10/11/2029,,DISIS-2020-001,04 SOUTHEAST,ER/NR,IA FULLY EXECUTED/ON SCHEDULE
GEN-2020-011,,,Funk,NE,Axtell 345 kV Substation,NPPD,Hybrid - Solar/Storage,320.0,320.0,320.0,4/8/2020,Completed,12/31/2030,,,,10/31/2028,12/31/2030,,DISIS-2020-001,02 NEBRASKA,ER/NR,IA FULLY EXECUTED/ON SCHEDULE
GEN-2020-010,,,Mutual,OK,Seiling-Taloga Substations 138kV,WFEC,Hybrid - Solar/Storage,140.0,140.0,140.0,4/8/2020,Completed,12/30/2029,,,,10/15/2026,12/30/2029,,DISIS-2020-001,04 SOUTHEAST,ER/NR,IA FULLY EXECUTED/ON SUSPENSION
GEN-2020-009,,,Cotton,OK,Lawton East Side to Oklaunion 345kV,AEP,Hybrid - Solar/Storage,300.0,300.0,300.0,4/8/2020,Withdrawn,12/31/2025,4/4/2025,,,10/15/2026,12/31/2025,,DISIS-2020-001,05 SOUTHWEST,ER/NR,WITHDRAWN
GEN-2020-008,,,Stevens County,KS,Corporation Carpenter 345kV Substation,SPS,Hybrid - Solar/Storage,250.0,250.0,250.0,4/22/2020,Completed,6/21/2028,,,,9/1/2023,6/21/2028,,DISIS-2020-001,03 CENTRAL,ER,IA FULLY EXECUTED/ON SCHEDULE
GEN-2020-007,,,Linn & Bates,KS,Evergy La Cygne to Wolf Creek 345kV Substation,KCPL,Hybrid - Solar/Storage,650.0,650.0,650.0,4/22/2020,Completed,7/25/2028,,,,7/1/2023,7/25/2028,,DISIS-2020-001,03 CENTRAL,ER/NR,IA FULLY EXECUTED/ON SCHEDULE
GEN-2020-006,,,Bowman County,ND,Bowman 230kV substation,BEPC,Solar,250.0,250.0,250.0,4/23/2020,Withdrawn,12/31/2026,3/11/2024,,,11/1/2023,12/31/2026,,DISIS-2020-001,01 NORTH,ER/NR,WITHDRAWN
GEN-2020-005,,,Carson County,TX,Conway 115 kV Line (524079),SPS,Wind,150.0,150.0,150.0,3/31/2020,Withdrawn,2/15/2023,3/23/2023,,,1/15/2023,2/15/2023,,DISIS-2020-001,05 SOUTHWEST,ER/NR,WITHDRAWN
GEN-2020-004,,,Otoe,NE,Cass County to Nebraska City #2 345kV,OPPD,Solar,250.0,250.0,250.0,4/3/2020,Withdrawn,12/1/2026,11/2/2022,,,10/1/2023,12/1/2026,,DISIS-2020-001,02 NEBRASKA,ER/NR,WITHDRAWN
GEN-2020-003,,,Winfield,KS,East Substation 69 kV,KPP,Thermal - Diesel/Gas,58.0,58.0,58.0,4/1/2020,Completed,12/31/2029,,,,3/1/2023,12/31/2029,,DISIS-2020-001,03 CENTRAL,ER/NR,IA FULLY EXECUTED/ON SCHEDULE
GEN-2020-002,,,Yutan,NE,6846 Substation 69 kV,OPPD,Solar,81.0,81.0,81.0,4/6/2020,Completed,5/2/2024,,,,11/15/2022,5/2/2024,,DISIS-2020-001,02 NEBRASKA,ER,IA FULLY EXECUTED/COMMERCIAL OPERATION
GEN-2020-001,,,Cheyenne County,NE,Sidney 345 kV Substation ,BEPC,Solar,200.0,200.0,200.0,12/6/2019,Withdrawn,12/31/2027,3/11/2024,,,11/30/2022,12/31/2027,,DISIS-2020-001,02 NEBRASKA,ER/NR,WITHDRAWN
GEN-2019-080,,,Nachitoches Parish,LA,Cane River 115kV,,Solar,25.0,25.0,25.0,4/24/2019,Withdrawn,,8/11/2020,,,3/31/2021,,,DISIS-2019-001,,ER/NR,WITHDRAWN
GEN-2019-079,,,Gray,KS,Gray County 115kV,SUNC,Wind,13.0,13.0,13.0,5/21/2019,Withdrawn,12/31/2024,12/1/2022,,,6/30/2019,12/31/2024,,DISIS-2019-001,03 CENTRAL,ER,WITHDRAWN
GEN-2019-078,,,Joplin,MO,,,Thermal - Gas,70.0,36.0,70.0,5/29/2019,Withdrawn,,7/1/2019,,,10/31/2020,,,FCS-2019-003,,ER,WITHDRAWN
GEN-2019-077,,,Lancaster,NE,84th/Fletcher 115kV substation,LES,Battery/Storage,100.0,100.0,100.0,5/24/2019,Withdrawn,,5/4/2022,,,12/31/2022,,,DISIS-2019-001,02 NEBRASKA,ER/NR,WITHDRAWN
GEN-2019-076,,,Johnson ,NE,S969 South Sterling 69kV Substation,OPPD,Battery/Storage,14.0,14.0,14.0,5/24/2019,Withdrawn,12/31/2027,12/1/2022,,,12/31/2022,12/31/2027,,DISIS-2019-001,02 NEBRASKA,ER/NR,WITHDRAWN
GEN-2019-075,,,Johnson,NE,S969 South Sterling 69kV Substation,OPPD,Solar,24.0,24.0,24.0,5/24/2019,Withdrawn,12/31/2027,12/1/2022,,,12/31/2023,12/31/2027,,DISIS-2019-001,02 NEBRASKA,ER/NR,WITHDRAWN
GEN-2019-074,,,Lamb,TX,Plant X 230kV Substation,SPS,Battery/Storage,100.0,100.0,100.0,5/24/2019,Withdrawn,12/31/2023,9/28/2023,,,12/31/2023,12/31/2023,,DISIS-2019-001,05 SOUTHWEST,ER,WITHDRAWN
GEN-2019-073,,,Madison,NE,Shell Creek-Hoskins 345kv Line,NPPD,Solar,100.0,100.0,100.0,5/24/2019,Withdrawn,12/31/2027,9/5/2025,,,12/31/2023,12/31/2027,,DISIS-2019-001,02 NEBRASKA,ER,WITHDRAWN
GEN-2019-072,,,Washington,NE,S1226 161 kV substation,OPPD,Battery/Storage,50.0,50.0,50.0,5/24/2019,Withdrawn,,5/4/2022,,,12/31/2023,,,DISIS-2019-001,02 NEBRASKA,ER/NR,WITHDRAWN
GEN-2019-071,,,Burt,NE,Raun-Fort Calhoun 345kV line,OPPD,Battery/Storage,51.0,51.0,51.0,5/24/2019,Withdrawn,,5/4/2022,,,12/31/2023,,,DISIS-2019-001,02 NEBRASKA,ER/NR,WITHDRAWN
GEN-2019-070,,,Madison,NE,Shell Creek-Hoskins 345kv Line,NPPD,Solar,50.0,50.0,50.0,5/24/2019,Withdrawn,12/31/2027,9/5/2025,,,12/31/2023,12/31/2027,,DISIS-2019-001,02 NEBRASKA,ER,WITHDRAWN
GEN-2019-069,,,Madison,NE,Shell Creek-Hoskins 345kV Line,NPPD,Solar,100.0,100.0,100.0,5/24/2019,Withdrawn,12/31/2027,9/5/2025,,,12/31/2023,12/31/2027,,DISIS-2019-001,02 NEBRASKA,ER,WITHDRAWN
GEN-2019-068,,,Barton,KS,Great Bend - Circle 230kV line,SUNC,Battery/Storage,50.0,50.0,50.0,5/24/2019,Completed,8/31/2029,,,,6/1/2023,8/31/2029,,DISIS-2019-001,03 CENTRAL,ER/NR,IA FULLY EXECUTED/ON SUSPENSION
GEN-2019-067,,,Canadian,OK,Cimarron 345kV,OGE,Battery/Storage,30.0,30.0,30.0,5/24/2019,Withdrawn,5/1/2026,6/21/2023,,,6/1/2023,5/1/2026,,DISIS-2019-001,04 SOUTHEAST,ER/NR,WITHDRAWN
GEN-2019-066,,,Beckham,OK,Sweetwater 230kV substation,AEP,Battery/Storage,50.0,50.0,50.0,5/24/2019,Withdrawn,5/1/2026,6/21/2023,,,6/1/2023,5/1/2026,,DISIS-2019-001,04 SOUTHEAST,ER/NR,WITHDRAWN
GEN-2019-065,,,Smith,TX,Overton-Northwest Henderson 138kV,AEP,Battery/Storage,180.0,180.0,180.0,5/23/2019,Completed,11/1/2028,,,,6/1/2024,11/1/2028,,DISIS-2019-001,04 SOUTHEAST,ER,IA FULLY EXECUTED/ON SUSPENSION
GEN-2019-064,,,Swisher,TX,Kress 115kV,SPS,Battery/Storage,400.0,400.0,400.0,5/23/2019,Withdrawn,,5/3/2022,,,6/1/2024,,,DISIS-2019-001,05 SOUTHWEST,ER,WITHDRAWN
GEN-2019-063,,,"Ford, Clark",KS,Clark County 345kV substation,ITCGP,Battery/Storage,50.0,50.0,50.0,5/24/2019,Completed,7/21/2028,,,,6/1/2023,7/21/2028,,DISIS-2019-001,03 CENTRAL,ER/NR,IA FULLY EXECUTED/ON SCHEDULE
GEN-2019-062,,,Butler,KS,Pony Meadows - El Paso 138kV Line Break,WERE,Battery/Storage,90.0,90.0,90.0,5/24/2019,Withdrawn,12/31/2027,9/28/2023,,,12/31/2022,12/31/2027,,DISIS-2019-001,03 CENTRAL,ER,WITHDRAWN
GEN-2019-061,,,Major ,OK,Cleo Corner 138kV substation,,Solar,150.0,150.0,150.0,5/22/2019,Withdrawn,,5/15/2020,,,12/31/2022,,,DISIS-2019-001,,ER/NR,WITHDRAWN
GEN-2019-060,,,Day ,SD,Groton 345 kV substation,BEPC,Wind,150.0,150.0,150.0,5/22/2019,Withdrawn,12/31/2025,12/1/2022,,,12/31/2022,12/31/2025,,DISIS-2019-001,01 NORTH,ER/NR,WITHDRAWN
GEN-2019-059,,,Seward,KS,North Liberal 115kV substation,,Solar,75.0,75.0,75.0,5/22/2019,Withdrawn,,4/1/2021,,,12/31/2022,,,DISIS-2019-001,,ER/NR,WITHDRAWN
GEN-2019-058,,,"Ford, Clark",KS,Clark County 345kV substation,ITCGP,Solar,150.0,150.0,150.0,5/24/2019,Completed,7/21/2028,,,,6/1/2023,7/21/2028,,DISIS-2019-001,03 CENTRAL,ER/NR,IA FULLY EXECUTED/ON SCHEDULE
GEN-2019-057,,,"Day, Clark",SD,Huron 230kV,BEPC,Solar,63.1,63.1,63.1,4/30/2019,Withdrawn,,6/1/2022,,,12/1/2020,,,DISIS-2019-001,01 NORTH,ER/NR,WITHDRAWN
GEN-2019-056,,,Randall,TX,Randall 115kV substation,SPS,Battery/Storage,100.0,100.0,100.0,5/24/2019,Withdrawn,12/31/2027,9/28/2023,,,12/31/2022,12/31/2027,,DISIS-2019-001,05 SOUTHWEST,ER,WITHDRAWN
GEN-2019-055,,,"Edwards, Pawnee",KS,Great Bend-Spearville 230kV line,SUNC,Solar,150.0,150.0,150.0,5/24/2019,Completed,12/1/2028,,,,6/1/2023,12/1/2028,,DISIS-2019-001,03 CENTRAL,ER/NR,IA FULLY EXECUTED/ON SCHEDULE
GEN-2019-054,,,Barton,KS,Great Bend- Circle 230kV line,SUNC,Solar,150.0,150.0,150.0,5/24/2019,Completed,8/31/2029,,,,6/1/2023,8/31/2029,,DISIS-2019-001,03 CENTRAL,ER/NR,IA FULLY EXECUTED/ON SUSPENSION
GEN-2019-053,,,Edwards/Pawnee,KS,Great Bend-Spearville 230kV line,SUNC,Battery/Storage,50.0,50.0,50.0,5/24/2019,Completed,12/1/2028,,,,6/1/2023,12/1/2028,,DISIS-2019-001,03 CENTRAL,ER/NR,IA FULLY EXECUTED/ON SCHEDULE
GEN-2019-052,,,Canadian,OK,Cimarron 345kV,OGE,Solar,135.0,135.0,135.0,5/24/2019,Withdrawn,5/1/2025,6/21/2023,,,6/1/2023,5/1/2025,,DISIS-2019-001,04 SOUTHEAST,ER/NR,WITHDRAWN
GEN-2019-051,,,Barton,KS,Frey St 115kV bus,SUNC,Battery/Storage,40.0,40.0,40.0,5/24/2019,Withdrawn,5/1/2026,2/6/2025,,,6/1/2023,5/1/2026,,DISIS-2019-001,03 CENTRAL,ER/NR,WITHDRAWN
GEN-2019-050,,,Gove,KS,Grinnell 115kV,SUNC,Solar,50.0,50.0,50.0,5/24/2019,Withdrawn,,4/13/2022,,,6/1/2023,,,DISIS-2019-001,03 CENTRAL,ER/NR,WITHDRAWN
GEN-2019-049,,,Caddo Parish,LA,Flournoy 138kV Substation,AEP,Battery/Storage,60.0,60.0,60.0,5/24/2019,Withdrawn,12/31/2027,12/1/2022,,,12/31/2022,12/31/2027,,DISIS-2019-001,04 SOUTHEAST,ER/NR,WITHDRAWN
GEN-2019-048,,,Jackson,MO,Duncan 69kV substation,KCPL,Battery/Storage,50.0,50.0,50.0,5/24/2019,Withdrawn,12/31/2027,1/2/2025,,,12/31/2022,12/31/2027,,DISIS-2019-001,03 CENTRAL,ER,WITHDRAWN
GEN-2019-047,,,Butler,KS,Butler 138kV substation,WERE,Battery/Storage,150.0,150.0,150.0,5/24/2019,Withdrawn,12/31/2027,12/1/2022,,,12/31/2022,12/31/2027,,DISIS-2019-001,03 CENTRAL,ER/NR,WITHDRAWN
GEN-2019-046,,,Woods,OK,DeGrasse 138kV substation,OGE,Battery/Storage,90.0,90.0,90.0,5/24/2019,Withdrawn,12/31/2022,12/1/2022,,,12/31/2022,12/31/2022,,DISIS-2019-001,04 SOUTHEAST,ER/NR,WITHDRAWN
GEN-2019-045,,,Woods,OK,DeGrasse 138kV Substation,OGE,Solar,155.0,155.0,155.0,5/24/2019,Completed,12/31/2028,,,,12/31/2022,12/31/2028,,DISIS-2019-001,04 SOUTHEAST,ER,IA FULLY EXECUTED/ON SCHEDULE
GEN-2019-044,,,Ford,KS,North Fort Dodge 115kV Substation,SUNC,Solar,100.0,100.0,100.0,5/24/2019,Completed,6/15/2030,,,,12/31/2023,6/15/2030,,DISIS-2019-001,03 CENTRAL,ER,IA FULLY EXECUTED/ON SCHEDULE
GEN-2019-043,,,Fallon,MT,Baker-Mile City 230kV line,WAPA,Solar,150.0,150.0,150.0,5/23/2019,Withdrawn,12/1/2023,12/30/2022,,,11/1/2023,12/1/2023,,DISIS-2019-001,01 NORTH,ER/NR,WITHDRAWN
GEN-2019-042,,,Cheyenne,NE,Sidney 230 kV,TSGT,Solar,104.0,104.0,104.0,5/23/2019,Withdrawn,12/31/2024,12/1/2022,,,12/1/2020,12/31/2024,,DISIS-2019-001,02 NEBRASKA,ER/NR,WITHDRAWN
GEN-2019-041,,,Lancaster,NE,115kV Monolith Substation,NPPD,Solar,78.0,78.0,78.0,5/23/2019,Completed,12/31/2028,,,,12/1/2020,12/31/2028,,DISIS-2019-001,02 NEBRASKA,ER/NR,IA FULLY EXECUTED/ON SUSPENSION
GEN-2019-040,,,Yankton,SD,,,Battery/Storage,60.0,60.0,60.0,5/21/2019,Withdrawn,,8/5/2019,,,6/1/2021,,,FCS-2019-002,,ER/NR,WITHDRAWN
GEN-2019-039,,,Butler,NE,Columbus Southeast-Rising City 115kV,NPPD,Solar,174.5,174.5,174.5,5/21/2019,Completed,12/31/2027,,,,5/16/2022,12/31/2027,,DISIS-2019-001,02 NEBRASKA,ER/NR,IA FULLY EXECUTED/ON SCHEDULE
GEN-2019-038,,,Potter,TX,Potter County 230kV,SPS,Battery/Storage,50.0,50.0,50.0,5/23/2019,Withdrawn,,5/31/2022,,,6/30/2021,,,DISIS-2019-001,05 SOUTHWEST,ER,WITHDRAWN
GEN-2019-037,,,Mercer,ND,Leland Olds 345kV substation,BEPC,Solar,150.0,150.0,150.0,5/17/2019,Completed,11/19/2030,,,,12/1/2023,11/19/2030,,DISIS-2019-001,01 NORTH,ER/NR,IA FULLY EXECUTED/ON SUSPENSION
GEN-2019-036,,,Potter,TX,Potter County 230kV,SPS,Solar,70.0,70.0,70.0,5/15/2019,Withdrawn,,5/31/2022,,,6/30/2021,,,DISIS-2019-001,05 SOUTHWEST,ER,WITHDRAWN
GEN-2019-035,,,Barry,MO,Reeds Spring-Aurora 161kV Line,EDE,Solar,80.0,80.0,80.0,5/2/2019,Withdrawn,12/31/2025,2/27/2025,,,12/31/2022,12/31/2025,,DISIS-2019-001,03 CENTRAL,ER/NR,WITHDRAWN
GEN-2019-034,,,Bryan,OK,Butter Field-Duran 138kV,WFEC,Thermal - Gas,120.0,120.0,120.0,5/2/2019,Withdrawn,,6/1/2022,,,6/1/2023,,,DISIS-2019-001,04 SOUTHEAST,ER/NR,WITHDRAWN
GEN-2019-033,,,Knox,NE,Sidney to Keystone 345 kV line,NPPD,Solar,182.0,182.0,182.0,5/1/2019,Withdrawn,12/31/2025,9/28/2023,,,12/1/2021,12/31/2025,,DISIS-2019-001,02 NEBRASKA,ER/NR,WITHDRAWN
GEN-2019-032,,,Day,SD,Huron 230kV station,BEPC,Battery/Storage,63.1,63.1,63.1,4/30/2019,Withdrawn,,6/1/2022,,,12/1/2020,,,DISIS-2019-001,01 NORTH,ER/NR,WITHDRAWN
GEN-2019-031,,,Lea,NM,Tap Yoakum to Hobbs 230kV transmission line,,Solar,302.6,302.6,302.6,4/29/2019,Withdrawn,,1/17/2020,,,12/1/2021,,,DISIS-2019-001,,ER/NR,WITHDRAWN
GEN-2019-030,,,Ford,KS,Spearville to Clark County 345 kV line,ITCGP,Wind,252.0,252.0,252.0,4/25/2019,Completed,4/5/2027,,,,12/1/2021,4/5/2027,,DISIS-2019-001,03 CENTRAL,ER/NR,IA FULLY EXECUTED/ON SCHEDULE
GEN-2019-029,,,Keith and Deuel,NE,Sidney Keystone 345 kV line,NPPD,Wind,404.0,404.0,404.0,4/25/2019,Withdrawn,12/31/2024,9/28/2023,,,12/1/2021,12/31/2024,,DISIS-2019-001,02 NEBRASKA,ER/NR,WITHDRAWN
GEN-2019-028,,,"Lincoln County, NE",NE,Gerald Gentlemen 345kV Substation,NPPD,Solar,400.0,400.0,400.0,4/23/2019,Withdrawn,12/1/2025,12/15/2022,,,12/1/2022,12/1/2025,,DISIS-2019-001,02 NEBRASKA,ER/NR,WITHDRAWN
GEN-2019-027,,,Comanche County,OK,Ft. Sill/Mow Way 138kV Station,AEP,Thermal - Combustion,40.0,40.0,40.0,5/1/2019,Withdrawn,,5/5/2022,,,10/1/2023,,,DISIS-2019-001,04 SOUTHEAST,ER/NR,WITHDRAWN
GEN-2019-026,,,Lea,NM,Hobbs 230kV,SPS,Battery/Storage,150.0,150.0,150.0,5/8/2019,Withdrawn,,5/9/2022,,,12/31/2023,,,DISIS-2019-001,05 SOUTHWEST,ER/NR,WITHDRAWN
GEN-2019-025,,,Lea,NM,Hobbs 230kV Substation,SPS,Hybrid - Solar/Storage,240.0,240.0,240.0,5/8/2019,Withdrawn,12/31/2025,12/1/2022,,,12/23/2023,12/31/2025,,DISIS-2019-001,05 SOUTHWEST,ER/NR,WITHDRAWN
GEN-2019-024,,,Wibaux,MT,Beaver Hill Sub,BEPC,Battery/Storage,50.0,50.0,50.0,5/8/2019,Withdrawn,,5/9/2022,,,12/31/2023,,,DISIS-2019-001,01 NORTH,ER/NR,WITHDRAWN
GEN-2019-023,,,Wibaux,MT,WAPA-UGP Mingusville 230kV,WAPA,Hybrid - Wind/Storage,110.0,110.0,110.0,5/8/2019,Withdrawn,12/31/2031,4/29/2026,,,12/31/2023,12/31/2031,,DISIS-2019-001,01 NORTH,ER/NR,WITHDRAWN
GEN-2019-022,,,"Hobbs, Lea",NM,Hobb-Millen 115kV,SPS,Solar,41.0,41.0,41.0,4/24/2019,Withdrawn,12/22/2024,11/10/2022,,,12/31/2021,12/22/2024,,DISIS-2019-001,05 SOUTHWEST,ER/NR,WITHDRAWN
GEN-2019-021,,,Roosevelt,NM,Roosevelt 230kV Substation,SPS,Solar,50.0,50.0,50.0,4/29/2019,Completed,11/1/2027,,,,12/1/2022,11/1/2027,,DISIS-2019-001,05 SOUTHWEST,ER/NR,IA FULLY EXECUTED/ON SCHEDULE
GEN-2019-020,,,Williams,ND,Pioneer 115kV substation,,Solar,35.0,35.0,35.0,5/3/2019,Withdrawn,,3/9/2020,,,12/1/2023,,,DISIS-2019-001,,ER/NR,WITHDRAWN
GEN-2019-019,,,Sioux,IA,Siouxland 69kV,NIPCO,Thermal - Gas Turbine,15.15,15.15,15.15,4/24/2019,Completed,3/1/2022,,,,2/1/2020,3/1/2022,,DISIS-2019-001,01 NORTH,ER/NR,IA FULLY EXECUTED/COMMERCIAL OPERATION
GEN-2019-018,,,Rice,KS,Saxman 115kV substation,MIDW,Thermal - Gas Turbine,15.56,11.97,15.56,4/24/2019,Completed,6/10/2021,,,,3/1/2020,6/10/2021,,DISIS-2019-001,03 CENTRAL,ER/NR,IA FULLY EXECUTED/COMMERCIAL OPERATION
GEN-2019-017,,,Butte,SD,Tap 115kV Maurine to Newell transmission line,WAPA,Wind,142.8,142.8,142.8,4/24/2019,Withdrawn,4/1/2025,11/16/2022,,,12/31/2021,4/1/2025,,DISIS-2019-001,01 NORTH,ER/NR,WITHDRAWN
GEN-2019-016,,,Polk and Dade,MO,Dadeville 161kV Substation ,EDE,Solar,200.0,200.0,200.0,4/30/2019,Completed,12/31/2029,,,,11/30/2022,12/31/2029,,DISIS-2019-001,03 CENTRAL,ER,IA FULLY EXECUTED/ON SCHEDULE
GEN-2019-015,,,Atoka,OK,138kV Atoka substation,,Solar,72.6,72.6,72.6,4/24/2019,Withdrawn,,5/22/2020,,,12/31/2024,,,DISIS-2019-001,,ER,WITHDRAWN
GEN-2019-014,,,Finney,KS,Holcomb 115kV substation,SUNC,Hybrid - Solar/Storage,125.0,125.0,125.0,4/24/2019,Withdrawn,12/1/2025,11/6/2023,,,12/1/2022,12/1/2025,,DISIS-2019-001,03 CENTRAL,ER/NR,WITHDRAWN
GEN-2019-013,,,Roger Mills,OK,Dempsey 230kV sub/Sweetwater 230kV,AEP,Battery/Storage,50.0,50.0,50.0,4/24/2019,Withdrawn,5/1/2026,12/31/2024,,,12/31/2021,5/1/2026,,DISIS-2019-001,04 SOUTHEAST,ER/NR,WITHDRAWN
GEN-2019-012,,,Woodward,OK,Woodward 345kV substation,OGE,Battery/Storage,200.0,200.0,200.0,5/22/2019,Withdrawn,5/1/2027,5/14/2026,,,5/1/2023,5/1/2027,,DISIS-2019-001,04 SOUTHEAST,ER/NR,WITHDRAWN
GEN-2019-011,,,Yoakum,TX,Yoakum 345kV Substation,SPS,Battery/Storage,207.0,207.0,207.0,4/22/2019,Completed,6/1/2028,,,,5/1/2023,6/1/2028,,DISIS-2019-001,05 SOUTHWEST,ER/NR,IA FULLY EXECUTED/ON SCHEDULE
GEN-2019-010,,,Cass,NE,Elmswood 69kV substation,OPPD,Solar,50.0,50.0,50.0,4/24/2019,Withdrawn,,5/4/2022,,,10/31/2022,,,DISIS-2019-001,02 NEBRASKA,ER/NR,WITHDRAWN
GEN-2019-009,,,Nemaha,NE,S1263 Brock 161kV substation,OPPD,Solar,100.0,100.0,100.0,4/24/2019,Withdrawn,11/1/2029,3/23/2026,,,10/31/2022,11/1/2029,,DISIS-2019-001,02 NEBRASKA,ER,WITHDRAWN
GEN-2019-008,,,Chaves,NM,Eddy - Chaves 230kV transmission line,SPS,Solar,300.0,300.0,300.0,4/23/2019,Withdrawn,,11/8/2019,,,12/31/2022,,,FCS-2019-002,,ER/NR,WITHDRAWN
GEN-2019-007,,,Lincoln,NE,Gerald Gentleman-Red Willow 345kV transmssion line,NPPD,Solar,500.0,500.0,500.0,4/23/2019,Withdrawn,,10/8/2019,,,12/31/2022,,,FCS-2019-002,,ER/NR,WITHDRAWN
GEN-2019-006,,,Spink,SD,,,Solar,100.0,100.0,100.0,4/23/2019,Withdrawn,,,,,12/31/2022,,,FCS-2019-002,,ER/NR,WITHDRAWN
GEN-2019-005,,,Polk & Greene Counties,MO,Morgan-Brookline 345kV transmission line,SPRM,Solar,200.0,200.0,200.0,4/23/2019,Withdrawn,,11/8/2019,,,12/31/2022,,,FCS-2019-002,,ER/NR,WITHDRAWN
GEN-2019-004,,,Hobbs,NM,Hobbs 230kV / 115kV Switchyard,SPS,Thermal - CT,56.0,56.0,56.0,4/22/2019,Withdrawn,6/4/2019,10/16/2023,,,6/4/2019,6/4/2019,,DISIS-2019-001,05 SOUTHWEST,ER,WITHDRAWN
GEN-2019-003,,,Roosevelt,NM,Roosevelt 230kV Substation,SPS,Solar,150.0,150.0,150.0,4/19/2019,Completed,11/1/2027,,,,12/1/2022,11/1/2027,,DISIS-2019-001,05 SOUTHWEST,ER/NR,IA FULLY EXECUTED/ON SCHEDULE
GEN-2019-002,,,Mayes,OK,Maid 161kV substation,GRDA,Battery/Storage,100.0,100.0,100.0,11/26/2018,Completed,11/30/2027,,,,12/1/2020,11/30/2027,,DISIS-2019-001,04 SOUTHEAST,ER,IA FULLY EXECUTED/ON SCHEDULE
GEN-2019-001,,,Pratt,KS,Thistle-Wichita Dbl Ckt (Buffalo Flats) 345kV,WERE,Wind,25.0,25.0,25.0,11/27/2018,Completed,6/4/2025,,,,12/31/2018,6/4/2025,,DISIS-2019-001,03 CENTRAL,ER,IA FULLY EXECUTED/COMMERCIAL OPERATION
GEN-2018-132,,,Pierce,NE,Antelope - Hoskins 345 kV,NPPD,Solar,201.6,201.6,201.6,11/21/2018,Completed,12/1/2031,,,,12/31/2020,12/1/2031,,DISIS-2018-002,02 NEBRASKA,ER/NR,IA FULLY EXECUTED/ON SCHEDULE
GEN-2018-131,,,Pierce,NE,Antelope - Hoskins 345 kV,NPPD,Solar,221.4,221.4,221.4,11/21/2018,Completed,12/1/2031,,,,12/31/2020,12/1/2031,,DISIS-2018-002,02 NEBRASKA,ER/NR,IA FULLY EXECUTED/ON SCHEDULE
GEN-2018-130,,,Knox,NE,Kelly to Fort Randall 230kV,WAPA,Wind,122.0,122.0,122.0,11/21/2018,Withdrawn,,5/5/2022,,,12/31/2020,,,DISIS-2018-002,02 NEBRASKA,ER/NR,WITHDRAWN
GEN-2018-129,,,Hyde/Hughes,SD,Fort Thompson-Oahe 230kV,WAPA,Wind,200.22,200.22,200.22,11/19/2018,Withdrawn,10/1/2026,12/15/2022,,,9/1/2021,10/1/2026,,DISIS-2018-002,01 NORTH,ER/NR,WITHDRAWN
GEN-2018-128,,,Sumner,KS,Renfrow-Viola 345 kV,WERE,Wind,200.22,200.22,200.22,11/19/2018,Completed,6/15/2030,,,,9/1/2021,6/15/2030,,DISIS-2018-002,03 CENTRAL,ER/NR,IA FULLY EXECUTED/ON SCHEDULE
GEN-2018-127,,,Logan,OK,Crescent 138 kV,OGE,Solar,200.0,200.0,200.0,11/21/2018,Withdrawn,,3/25/2020,,,12/1/2021,,,DISIS-2018-002,,ER/NR,WITHDRAWN
GEN-2018-126,,,Johnson,KS,West Gardner - Cedar Creek 161kV transmission line,KCPL,Solar,250.0,250.0,250.0,11/21/2018,Withdrawn,,4/28/2022,,,12/1/2021,,,DISIS-2018-002,03 CENTRAL,ER,WITHDRAWN
GEN-2018-125,,,Lincoln,NE,New switching station on Gentleman to Sweetwater 345kV line,NPPD,Wind,231.0,231.0,231.0,11/19/2018,Completed,2/28/2031,,,,12/15/2022,2/28/2031,,DISIS-2018-002,02 NEBRASKA,ER/NR,IA FULLY EXECUTED/ON SCHEDULE
GEN-2018-124,,,Parmer,TX,Tolk 230kV substation,SPS,Solar,200.0,200.0,200.0,11/21/2018,Withdrawn,12/31/2027,9/28/2023,,,12/31/2023,12/31/2027,,DISIS-2018-002,05 SOUTHWEST,ER,WITHDRAWN
GEN-2018-123,,,Ellsworth,KS,Sibley to Overton 345kV,KCPL,Wind,200.0,200.0,200.0,11/21/2018,Withdrawn,12/31/2025,1/4/2023,,,12/31/2023,12/31/2025,,DISIS-2018-002,03 CENTRAL,ER/NR,WITHDRAWN
GEN-2018-122,,,Baylor,TX,Oklaunion 345kV Substation,AEP,Wind,200.0,200.0,200.0,11/21/2018,Withdrawn,12/15/2027,12/1/2022,,,12/31/2023,12/15/2027,,DISIS-2018-002,05 SOUTHWEST,ER/NR,WITHDRAWN
GEN-2018-121,,,Cass,MO,KC South-N. Raymore 161kV Line,GMO,Battery/Storage,50.0,50.0,50.0,11/21/2018,Withdrawn,12/31/2027,9/28/2023,,,12/31/2020,12/31/2027,,DISIS-2018-002,03 CENTRAL,ER,WITHDRAWN
GEN-2018-120,,,Nemaha,KS,Kelly 161kV Substation,WERE,Wind,200.0,200.0,200.0,11/21/2018,Withdrawn,12/15/2027,12/1/2022,,,12/31/2023,12/15/2027,,DISIS-2018-002,03 CENTRAL,ER/NR,WITHDRAWN
GEN-2018-119,,,Johnson,NE,Stranger Creek 345kV substation,,Wind,400.0,400.0,400.0,11/19/2018,Withdrawn,,7/1/2020,,,12/31/2023,,,DISIS-2018-002,,ER/NR,WITHDRAWN
GEN-2018-118,,,Lea,NM,Crossroads to Eddy County 345kV,SPS,Solar,304.992,304.992,304.992,11/21/2018,Withdrawn,,4/14/2022,,,6/1/2021,,,DISIS-2018-002,05 SOUTHWEST,ER/NR,WITHDRAWN
GEN-2018-117,,,Roger Mills,OK,Sweetwater 230kV,AEP,Solar,150.0,150.0,150.0,11/20/2018,Withdrawn,5/1/2026,6/21/2023,,,12/31/2022,5/1/2026,,DISIS-2018-002,04 SOUTHEAST,ER/NR,WITHDRAWN
GEN-2018-116,,,Barton,KS,Frey Street 115kV bus,SUNC,Solar,150.0,150.0,150.0,11/20/2018,Withdrawn,5/1/2026,2/6/2025,,,12/31/2022,5/1/2026,,DISIS-2018-002,03 CENTRAL,ER/NR,WITHDRAWN
GEN-2018-115,,,Lawton,OK,Lawton East Side 345kV/138kv Substation,AEP,Hybrid - Solar/Storage,250.0,250.0,250.0,11/21/2018,Completed,3/9/2029,,,,12/1/2021,3/9/2029,,DISIS-2018-002,04 SOUTHEAST,ER/NR,IA FULLY EXECUTED/ON SCHEDULE
GEN-2018-114,,,Linn,KS,Archie 161kV substation,GMO,Battery/Storage,40.0,40.0,40.0,11/21/2018,Withdrawn,,5/4/2022,,,12/31/2023,,,DISIS-2018-002,03 CENTRAL,ER/NR,WITHDRAWN
GEN-2018-113,,,New Madrid,MO,Water V5 161kV substation,,Solar,200.0,200.0,200.0,11/21/2018,Withdrawn,,4/16/2020,,,12/31/2023,,,DISIS-2018-002,,ER/NR,WITHDRAWN
GEN-2018-112,,,Parmer,TX,Tolk 230kV substation,SPS,Solar,185.0,185.0,185.0,11/21/2018,Withdrawn,12/31/2027,9/28/2023,,,12/31/2023,12/31/2027,,DISIS-2018-002,05 SOUTHWEST,ER,WITHDRAWN
GEN-2018-111,,,Parmer,TX,Tolk 230kV substation,SPS,Battery/Storage,75.0,75.0,75.0,11/21/2018,Withdrawn,12/31/2027,9/28/2023,,,12/31/2023,12/31/2027,,DISIS-2018-002,05 SOUTHWEST,ER,WITHDRAWN
GEN-2018-110,,,Nemaha,NE,Stranger Creek 345kV substation,,Wind,500.0,500.0,500.0,11/21/2018,Withdrawn,,7/1/2020,,,12/31/2023,,,DISIS-2018-002,,ER/NR,WITHDRAWN
GEN-2018-109,,,Caddo,OK,Minco-Gracemont 345kV line,OGE,Battery/Storage,50.0,50.0,50.0,11/21/2018,Withdrawn,,5/4/2022,,,12/31/2020,,,DISIS-2018-002,03 CENTRAL,ER/NR,WITHDRAWN
GEN-2018-108,,,Barber,KS,Thistle 345kV substation,ITCGP,Battery/Storage,95.0,95.0,95.0,11/21/2018,Completed,12/1/2028,,,,12/31/2027,12/1/2028,,DISIS-2018-002,03 CENTRAL,ER,IA FULLY EXECUTED/ON SCHEDULE
GEN-2018-107,,,Pemiscot,MO,Paragould 161kV substation,,Solar,200.0,200.0,200.0,11/21/2018,Withdrawn,,4/16/2020,,,12/31/2023,,,DISIS-2018-002,,ER/NR,WITHDRAWN
GEN-2018-106,,,Caddo,LA,Longwood 345kV substation,AEP,Solar,165.0,165.0,165.0,11/2/2018,Completed,4/15/2028,,,,12/31/2023,4/15/2028,,DISIS-2018-002,04 SOUTHEAST,ER,IA FULLY EXECUTED/ON SCHEDULE
GEN-2018-105,,,Caddo,LA,Longwood 345kV,AEP,Battery/Storage,50.0,50.0,50.0,11/21/2018,Withdrawn,,5/4/2022,,,12/31/2023,,,DISIS-2018-002,04 SOUTHEAST,ER/NR,WITHDRAWN
GEN-2018-104,,,Jackson,MO,Longwood 345kV substation,AEP,Battery/Storage,100.0,100.0,100.0,11/21/2018,Withdrawn,,5/4/2022,,,12/31/2023,,,DISIS-2018-002,03 CENTRAL,ER/NR,WITHDRAWN
GEN-2018-103,,,Jackson,MO,Missouri City 161kV substation,,Solar,200.0,200.0,200.0,11/21/2018,Withdrawn,,5/4/2022,,,12/31/2023,,,DISIS-2018-002,03 CENTRAL,ER/NR,WITHDRAWN
GEN-2018-102,,,Jackson,MO,Missouri City 161kV substation,,Solar,200.0,200.0,200.0,11/21/2018,Withdrawn,,5/4/2022,,,12/31/2023,,,DISIS-2018-002,03 CENTRAL,ER/NR,WITHDRAWN
GEN-2018-101,,,Bates,MO,LaCygne - Neosho 345 kV Line Break,KCPL,Solar,175.0,175.0,175.0,11/21/2018,Withdrawn,12/31/2025,12/1/2022,,,12/31/2023,12/31/2025,,DISIS-2018-002,03 CENTRAL,ER/NR,WITHDRAWN
GEN-2018-100,,,Pemiscot,MO,Kennet 161kV substation,SWPA,Solar,200.0,200.0,200.0,11/21/2018,Withdrawn,,5/4/2022,,,12/31/2023,,,DISIS-2018-002,04 SOUTHEAST,ER/NR,WITHDRAWN
GEN-2018-099,,,Parmer,TX,Tolk 230kV Substation,SPS,Wind,300.0,300.0,300.0,11/21/2018,Completed,12/31/2027,,,,12/31/2023,12/31/2027,,DISIS-2018-002,05 SOUTHWEST,ER,IA FULLY EXECUTED/ON SCHEDULE
GEN-2018-098,,,Caddo,OK,Oney 138kV substation,WFEC,Battery/Storage,40.0,40.0,40.0,11/21/2018,Withdrawn,,5/4/2022,,,12/31/2021,,,DISIS-2018-002,04 SOUTHEAST,ER/NR,WITHDRAWN
GEN-2018-097,,,Parmer,TX,Tolk 230kV Substation,SPS,Solar,100.0,100.0,100.0,11/21/2018,Withdrawn,12/31/2027,9/28/2023,,,12/31/2023,12/31/2027,,DISIS-2018-002,05 SOUTHWEST,ER,WITHDRAWN
GEN-2018-096,,,Jackson,MO,Nashua 345kV substation,KCPL,Solar,205.0,205.0,205.0,11/21/2018,Withdrawn,,5/4/2022,,,12/31/2023,,,DISIS-2018-002,03 CENTRAL,ER/NR,WITHDRAWN
GEN-2018-095,,,Jackson,MO,Nashua 345kV substation,KCPL,Battery/Storage,100.0,100.0,100.0,11/21/2018,Withdrawn,,5/4/2022,,,12/31/2023,,,DISIS-2018-002,03 CENTRAL,ER/NR,WITHDRAWN
GEN-2018-094,,,New Madrid,MO,Doniphan 161kV substation,,Solar,200.0,200.0,200.0,11/21/2018,Withdrawn,,4/16/2020,,,12/31/2023,,,DISIS-2018-002,,ER/NR,WITHDRAWN
GEN-2018-093,,,Sedgwick,KS,Gordan Evans 138kV Substation,WERE,Battery/Storage,60.0,60.0,60.0,11/21/2018,Withdrawn,12/31/2027,9/28/2023,,,12/31/2021,12/31/2027,,DISIS-2018-002,03 CENTRAL,ER,WITHDRAWN
GEN-2018-092,,,Foard/Wilbarger,TX,Oklaunion-Tuco 345kV Line Break,SPS,Solar,400.0,400.0,400.0,11/21/2018,Withdrawn,12/15/2027,9/28/2023,,,12/31/2023,12/15/2027,,DISIS-2018-002,05 SOUTHWEST,ER,WITHDRAWN
GEN-2018-091,,,Wilbarger,TX,Oklaunion-Tuco 345kV Line Break,SPS,Battery/Storage,250.0,250.0,250.0,11/21/2018,Withdrawn,12/15/2027,12/1/2022,,,12/31/2023,12/15/2027,,DISIS-2018-002,05 SOUTHWEST,ER/NR,WITHDRAWN
GEN-2018-090,,,Washington,NE,Raun-Fort Calhoun 345kV Line,OPPD,Battery/Storage,125.0,125.0,125.0,11/21/2018,Withdrawn,12/31/2027,9/28/2023,,,12/31/2023,12/31/2027,,DISIS-2018-002,02 NEBRASKA,ER,WITHDRAWN
GEN-2018-089,,,Castro,TX,Newhart 230kV Substation,SPS,Wind,196.0,196.0,196.0,11/21/2018,Completed,3/1/2028,,,,12/31/2023,3/1/2028,,DISIS-2018-002,05 SOUTHWEST,ER,IA FULLY EXECUTED/ON SCHEDULE
GEN-2018-088,,,Bowie,TX,Lydia 345kV substation,AEP,Solar,130.0,130.0,130.0,11/21/2018,Withdrawn,12/15/2027,1/2/2025,,,12/31/2023,12/15/2027,,DISIS-2018-002,04 SOUTHEAST,ER,WITHDRAWN
GEN-2018-087,,,Bowie,TX,Lydia 345kV substation,AEP,Battery/Storage,75.0,75.0,75.0,11/21/2018,Withdrawn,12/15/2027,9/28/2023,,,12/31/2023,12/15/2027,,DISIS-2018-002,04 SOUTHEAST,ER,WITHDRAWN
GEN-2018-086,,,Terry,TX,Flatland 115 kV Substation,SPS,Battery/Storage,50.0,50.0,50.0,11/21/2018,Withdrawn,10/31/2024,12/1/2022,,,12/31/2020,10/31/2024,,DISIS-2018-002,05 SOUTHWEST,ER/NR,WITHDRAWN
GEN-2018-085,,,Bailey,TX,Roosevelt-Tolk 230kV line,SPS,Battery/Storage,74.0,74.0,74.0,11/21/2018,Withdrawn,,5/4/2022,,,12/31/2019,,,DISIS-2018-002,05 SOUTHWEST,ER/NR,WITHDRAWN
GEN-2018-084,,,Linn,MO,Archie 161kV substation,GMO,Solar,80.0,80.0,80.0,11/19/2018,Withdrawn,,5/4/2022,,,12/31/2023,,,DISIS-2018-002,03 CENTRAL,ER/NR,WITHDRAWN
GEN-2018-083,,,Madison,NE,Shell Creek-Hoskins 345kv Line Break,NPPD,Wind,250.0,250.0,250.0,11/16/2018,Withdrawn,12/31/2027,,,,12/31/2023,12/31/2027,,DISIS-2018-002,02 NEBRASKA,ER,WITHDRAWN
GEN-2018-082,,,Pittsburg,OK,Pittsburg 345kV Substation,AEP,Wind,215.0,215.0,215.0,11/18/2018,Completed,12/31/2030,,,,12/31/2023,12/31/2030,,DISIS-2018-002,04 SOUTHEAST,ER,IA FULLY EXECUTED/ON SCHEDULE
GEN-2018-081,,,Lamb ,TX,Plant X 230kV Substation,SPS,Solar,175.0,175.0,175.0,11/18/2018,Withdrawn,12/31/2027,9/28/2023,,,12/31/2023,12/31/2027,,DISIS-2018-002,05 SOUTHWEST,ER,WITHDRAWN
GEN-2018-080,,,Craig,OK,Neosho-Delaware 345kV line,,Solar,200.0,200.0,200.0,11/18/2018,Withdrawn,,4/16/2020,,,12/31/2023,,,DISIS-2018-002,,ER/NR,WITHDRAWN
GEN-2018-079,,,Craig/Novata,OK,Farmland-Delaware 138kV line,AEP,Solar,148.0,148.0,148.0,11/18/2018,Completed,12/31/2029,,,,12/31/2023,12/31/2029,,DISIS-2018-002,04 SOUTHEAST,ER,IA FULLY EXECUTED/ON SCHEDULE
GEN-2018-078,,,Lea County,NM,Eddy County-Crossroads,SPS,Wind,240.0,240.0,240.0,11/19/2018,Withdrawn,,5/31/2022,,,12/31/2021,,,DISIS-2018-002,05 SOUTHWEST,ER/NR,WITHDRAWN
GEN-2018-077,,,Randall,TX,,,Solar,150.0,150.0,150.0,11/16/2018,Withdrawn,12/31/2021,9/25/2019,,,,12/31/2021,,DISIS-2018-002,,ER/NR,WITHDRAWN
GEN-2018-076,,,Logan,OK,Crescent substation 138kV,OGE,Solar,200.0,200.0,200.0,10/27/2018,Withdrawn,,12/3/2018,,,12/1/2021,,,,,ER/NR,WITHDRAWN
GEN-2018-075,,,Eddy,NM,Kiowa Substation 115kV (90753),SPS,Thermal - CT,230.0,230.0,230.0,10/26/2018,Withdrawn,,4/16/2019,,,9/30/2021,,,FCS-2018-004,,ER,WITHDRAWN
GEN-2018-074,,,Crawford and Carrol ,IA,Denison 230kV Substation,WAPA,Wind,72.0,72.0,72.0,10/31/2018,Completed,10/31/2028,,,,5/10/2022,10/31/2028,,DISIS-2018-002,01 NORTH,ER,IA FULLY EXECUTED/ON SCHEDULE
GEN-2018-073,,,Floyd,TX,345kV Crawfish Substation,SPS,Solar,250.0,250.0,250.0,10/24/2018,Withdrawn,10/30/2026,9/28/2023,,,10/30/2020,10/30/2026,,DISIS-2018-002,05 SOUTHWEST,ER,WITHDRAWN
GEN-2018-072,,,Kay,OK,Interconnecting into OG&E's Ranch Road 345kV substation by tapping a 0.1 gen tie line into the existing Frontier II gen-tie line,OGE,Battery/Storage,151.0,151.0,151.0,10/26/2018,Completed,12/31/2027,,,,11/30/2021,12/31/2027,,DISIS-2018-002,04 SOUTHEAST,ER/NR,IA FULLY EXECUTED/ON SCHEDULE
GEN-2018-071,,,Kay,OK,Interconnecting into OG&E's Ranch Road 345kV substation by tapping a 0.1 gen tie line into the existing Frontier II gen-tie line,OGE,Battery/Storage,151.0,151.0,151.0,10/25/2018,Completed,12/31/2027,,,,11/30/2021,12/31/2027,,DISIS-2018-002,04 SOUTHEAST,ER/NR,IA FULLY EXECUTED/ON SCHEDULE
GEN-2018-070,,,Yankton,SD,Utica Junction 230 kV substation,WAPA,Wind,18.31,18.31,18.31,10/29/2018,Withdrawn,4/22/2020,9/27/2023,,,12/31/2019,4/22/2020,,DISIS-2018-002,01 NORTH,ER/NR,WITHDRAWN
GEN-2018-069,,,Wibaux,MT,WAPA-UGP Mingusville 230kV,WAPA,Wind,125.0,125.0,125.0,10/26/2018,Withdrawn,12/31/2031,4/29/2026,,,12/31/2020,12/31/2031,,DISIS-2018-002,01 NORTH,ER/NR,WITHDRAWN
GEN-2018-068,,,Madison,NE,Antelope - Hoskins 345 kV Substation,NPPD,Wind,302.4,302.4,302.4,10/26/2018,Withdrawn,12/1/2027,5/1/2025,,,9/1/2022,12/1/2027,,DISIS-2018-002,02 NEBRASKA,ER/NR,WITHDRAWN
GEN-2018-067,,,Williams,ND,115kV Strandahl sub ,MWEC,Wind,255.0,255.0,255.0,10/25/2018,Completed,5/31/2028,,,,10/30/2020,5/31/2028,,DISIS-2018-002,01 NORTH,ER,IA FULLY EXECUTED/ON SCHEDULE
GEN-2018-066,,,Lincoln,NE,Gerald Gentleman 345kV switchyard,NPPD,Solar,400.0,400.0,400.0,10/24/2018,Withdrawn,,4/16/2019,,,1/6/2022,,,FCS-2018-004,,ER/NR,WITHDRAWN
GEN-2018-065,,,Madison,NE,Antelope - Hoskins 345 kV Substation,NPPD,Wind,19.8,19.8,19.8,10/24/2018,Withdrawn,12/1/2027,5/1/2025,,,7/1/2020,12/1/2027,,DISIS-2018-002,02 NEBRASKA,ER/NR,WITHDRAWN
GEN-2018-064,,,Benton County,AR,Tonnece Substation 69kV,GRDA,Solar,80.0,80.0,80.0,10/24/2018,Completed,7/11/2027,,,,6/30/2021,7/11/2027,,DISIS-2018-002,04 SOUTHEAST,ER/NR,IA FULLY EXECUTED/ON SCHEDULE
GEN-2018-063,,,Greene,MO,Sedalia Marshfield Springfield Nichols Street 69kV circuit,EDE,Solar,57.0,57.0,57.0,10/23/2018,Withdrawn,12/31/2026,2/11/2025,,,6/30/2021,12/31/2026,,DISIS-2018-002,03 CENTRAL,ER,WITHDRAWN
GEN-2018-062,,,Wyandotte,KS,Nearman 161kV substation,KACY,Solar,75.6,75.6,75.6,5/29/2018,Withdrawn,10/6/2028,2/14/2024,,,12/31/2020,10/6/2028,,DISIS-2018-001,03 CENTRAL,ER/NR,WITHDRAWN
GEN-2018-061,,,Jasper,MO,Kelly 161kV Substation,WERE,Wind,50.0,50.0,50.0,5/29/2018,Withdrawn,12/31/2025,4/20/2023,,,12/31/2021,12/31/2025,,DISIS-2018-001,03 CENTRAL,ER,WITHDRAWN
GEN-2018-060,,,Webster,NE,Axtell-Post Rock 345 kV,NPPD,Wind,50.0,50.0,50.0,5/29/2018,,12/31/2026,3/25/2026,,,12/1/2020,12/31/2026,,DISIS-2018-001,02 NEBRASKA,ER/NR,TERMINATED
GEN-2018-059,,,Leavenworth,KS,Stranger Creek 345kV,WERE,Solar,252.0,252.0,252.0,5/29/2018,Withdrawn,12/31/2024,4/27/2023,,,12/31/2020,12/31/2024,,DISIS-2018-001,03 CENTRAL,ER/NR,WITHDRAWN
GEN-2018-058,,,Leavenworth,KS,Stranger Creek 345kV,WERE,Solar,252.0,252.0,252.0,5/29/2018,Withdrawn,12/31/2024,4/27/2023,,,12/31/2020,12/31/2024,,DISIS-2018-001,03 CENTRAL,ER/NR,WITHDRAWN
GEN-2018-057,,,Sedgwick,KS,Gordon Evans 138kV,WERE,Solar,203.4,203.4,203.4,5/29/2018,Completed,5/15/2030,,,,5/15/2029,5/15/2030,,DISIS-2018-001,03 CENTRAL,ER/NR,IA FULLY EXECUTED/ON SCHEDULE
GEN-2018-056,,,Knox/Holt,NE,Grand Prairie 345kV,WAPA,Solar,102.6,102.6,102.6,5/29/2018,Withdrawn,12/31/2028,3/22/2024,,,12/31/2020,12/31/2028,,DISIS-2018-001,02 NEBRASKA,ER/NR,WITHDRAWN
GEN-2018-055,,,Grady,OK,Terry Road 345kV station (shared with Rush Springs Windfarm on a common gentie) ,AEP,Solar,252.0,252.0,252.0,5/29/2018,Completed,12/31/2026,,,,12/31/2020,12/31/2026,,DISIS-2018-001,04 SOUTHEAST,ER/NR,IA FULLY EXECUTED/ON SCHEDULE
GEN-2018-054,,,Linn,KS,KC South - N. Raymore 161kV Line,GMO,Solar,120.0,120.0,120.0,5/29/2018,Withdrawn,12/15/2026,10/2/2023,,,12/31/2021,12/15/2026,,DISIS-2018-001,03 CENTRAL,ER,WITHDRAWN
GEN-2018-053,,,Jasper,MO,Kelly 161kV Substation,WERE,Wind,100.0,100.0,100.0,5/29/2018,Withdrawn,12/31/2025,4/20/2023,,,12/31/2021,12/31/2025,,DISIS-2018-001,03 CENTRAL,ER,WITHDRAWN
GEN-2018-052,,,Lea,NM,Roadrunner 115kV Substation,SPS,Battery/Storage,70.0,70.0,70.0,5/29/2018,Completed,12/31/2027,,,,12/31/2021,12/31/2027,,DISIS-2018-001,05 SOUTHWEST,ER,IA FULLY EXECUTED/ON SCHEDULE
GEN-2018-051,,,Muskogee County,OK,Pecan Creek 345kV,OGE,Battery/Storage,35.0,35.0,35.0,5/29/2018,Withdrawn,5/1/2025,4/20/2023,,,12/31/2021,5/1/2025,,DISIS-2018-001,05 SOUTHWEST,ER,WITHDRAWN
GEN-2018-050,,,Caddo,LA,Longwood 345kV Substation,AEP,Solar,200.0,200.0,200.0,5/29/2018,Completed,4/15/2028,,,,12/31/2021,4/15/2028,,DISIS-2018-001,04 SOUTHEAST,ER,IA FULLY EXECUTED/ON SCHEDULE
GEN-2018-049,,,Sumner,KS,Thistle 345kV Substation,ITCGP,Solar,120.0,120.0,120.0,5/29/2018,Completed,4/1/2027,,,,12/31/2021,4/1/2027,,DISIS-2018-001,03 CENTRAL,ER,IA FULLY EXECUTED/ON SCHEDULE
GEN-2018-048,,,Caddo,OK,Pecan Creek 345kV Substation,OGE,Solar,300.0,300.0,300.0,5/29/2018,Completed,6/15/2029,,,,12/31/2021,6/15/2029,,DISIS-2018-001,04 SOUTHEAST,ER,IA FULLY EXECUTED/ON SCHEDULE
GEN-2018-047,,,Ellsworth,KS,Swissvale 345kV,,Wind,300.0,300.0,300.0,5/29/2018,Withdrawn,,4/16/2020,,,12/31/2021,,,DISIS-2018-001,,ER/NR,WITHDRAWN
GEN-2018-046,,,Banner,NE,Gerald Gentleman-Red Willow 345kV line break,NPPD,Wind,400.0,400.0,400.0,5/29/2018,Withdrawn,12/31/2025,8/10/2022,,,12/31/2021,12/31/2025,,DISIS-2018-001,02 NEBRASKA,ER/NR,WITHDRAWN
GEN-2018-045,,,Banner,NE,Gentleman – Red Willow 345kV Line Break,NPPD,Solar,550.0,550.0,550.0,5/29/2018,Withdrawn,12/31/2021,8/10/2022,,,12/31/2021,12/31/2021,,DISIS-2018-001,02 NEBRASKA,ER/NR,WITHDRAWN
GEN-2018-044,,,Antelope,NE,Fort Calhoun 345kV Substation,OPPD,Solar,500.0,500.0,500.0,5/29/2018,Withdrawn,12/31/2025,4/20/2023,,,12/31/2021,12/31/2025,,DISIS-2018-001,02 NEBRASKA,ER,WITHDRAWN
GEN-2018-043,,,Burt,NE,Ft. Calhoun - Raun  345 kV Line Break,OPPD,Solar,500.0,500.0,500.0,5/29/2018,Completed,11/15/2029,,,,12/31/2021,11/15/2029,,DISIS-2018-001,02 NEBRASKA,ER,IA FULLY EXECUTED/ON SCHEDULE
GEN-2018-042,,,Johnson,NE,Sibley - Overton 345kV Line Break,KCPL,Wind,300.0,300.0,300.0,5/29/2018,Withdrawn,12/31/2025,8/10/2022,,,12/31/2021,12/31/2025,,DISIS-2018-001,03 CENTRAL,ER/NR,WITHDRAWN
GEN-2018-041,,,Ralls,MO,Sibley - Overton 345kV Line Break,KCPL,Wind,400.0,400.0,400.0,5/29/2018,Withdrawn,12/31/2025,8/10/2022,,,12/31/2021,12/31/2025,,DISIS-2018-001,03 CENTRAL,ER/NR,WITHDRAWN
GEN-2018-040,,,Ralls,MO,Sibley - Overton 345kV Line Break,KCPL,Wind,100.0,100.0,100.0,5/29/2018,Withdrawn,12/31/2025,8/10/2022,,,12/31/2021,12/31/2025,,DISIS-2018-001,03 CENTRAL,ER/NR,WITHDRAWN
GEN-2018-039,,,LaMoure,ND,Edgeley 115kV substation,WAPA,Solar,72.0,72.0,72.0,5/29/2018,Withdrawn,12/31/2028,3/5/2024,,,12/31/2020,12/31/2028,,DISIS-2018-001,01 NORTH,ER/NR,WITHDRAWN
GEN-2018-038,,,Ray,MO,Sibley 345kV substation,GMO,Solar,203.4,203.4,203.4,5/29/2018,Withdrawn,12/31/2024,8/23/2022,,,12/31/2020,12/31/2024,,DISIS-2018-001,03 CENTRAL,ER/NR,WITHDRAWN
GEN-2018-037,,,Douglas,NE,Looping in OPPD (S1211) (S1220) (S1211) (S1299) 161kV,OPPD,Battery/Storage,100.0,100.0,100.0,5/29/2018,Completed,5/31/2030,,,,12/31/2024,5/31/2030,,DISIS-2018-001,02 NEBRASKA,ER,IA FULLY EXECUTED/ON SUSPENSION
GEN-2018-036,,,Scotts Bluff,NE,Stegall 230kV Substation,WAPA,Battery/Storage,200.0,200.0,200.0,5/29/2018,Withdrawn,10/15/2023,8/23/2022,,,12/31/2024,10/15/2023,,DISIS-2018-001,02 NEBRASKA,ER,WITHDRAWN
GEN-2018-035,,,Clark,SD,Groton-Watertown 345kV Line,BEPC,Wind,200.0,200.0,200.0,5/14/2018,Withdrawn,,2/14/2022,,,8/1/2021,,,DISIS-2018-001,01 NORTH,ER/NR,WITHDRAWN
GEN-2018-034,,,Mayes,OK,Grand River Energy Center 161kV,GRDA,Thermal - Steam,40.0,40.0,40.0,5/29/2018,Withdrawn,,12/10/2019,,,6/1/2018,,,DISIS-2018-001,,ER/NR,WITHDRAWN
GEN-2018-033,,,Cass,NE,Cass County 345kV Substation,OPPD,Battery/Storage,200.0,200.0,200.0,5/29/2018,Completed,11/30/2029,,,,12/31/2023,11/30/2029,,DISIS-2018-001,02 NEBRASKA,ER,IA FULLY EXECUTED/ON SUSPENSION
GEN-2018-032,,,McPhearson,KS,Neosho 345kV Substation,WERE,Wind,310.0,310.0,310.0,5/29/2018,,5/1/2029,,,,12/1/2021,5/1/2029,,DISIS-2018-001,03 CENTRAL,ER,TERMINATED
GEN-2018-031,,,Jackson,MO,Blue Valley 161kV Substation,INDN,Battery/Storage,50.0,50.0,50.0,5/29/2018,Completed,5/31/2028,,,,12/31/2024,5/31/2028,,DISIS-2018-001,03 CENTRAL,ER,IA FULLY EXECUTED/ON SCHEDULE
GEN-2018-030,,,Prowers,CO,Lamar-Finney 345kV Substation,SPS,Battery/Storage,200.0,200.0,200.0,5/29/2018,Withdrawn,12/31/2026,12/19/2023,,,10/15/2023,12/31/2026,,DISIS-2018-001,03 CENTRAL,ER,WITHDRAWN
GEN-2018-029,,,Oklahoma,OK,Horseshoe Lake 138kV Substation,OGE,Battery/Storage,100.0,100.0,100.0,5/29/2018,Completed,5/31/2028,,,,10/15/2023,5/31/2028,,DISIS-2018-001,04 SOUTHEAST,ER,IA FULLY EXECUTED/ON SCHEDULE
GEN-2018-028,,,Tulsa,OK,Tulsa North 138kV Substation,AEP,Battery/Storage,200.0,200.0,200.0,5/29/2018,Completed,11/30/2028,,,,10/15/2023,11/30/2028,,DISIS-2018-001,04 SOUTHEAST,ER,IA FULLY EXECUTED/ON SCHEDULE
GEN-2018-027,,,Tulsa,OK,Tulsa Power Station 138kV Substation,AEP,Battery/Storage,100.0,100.0,100.0,5/29/2018,Completed,5/31/2028,,,,12/31/2024,5/31/2028,,DISIS-2018-001,04 SOUTHEAST,ER,IA FULLY EXECUTED/ON SCHEDULE
GEN-2018-026,,,Canadian,OK,Mustang 138kV Substation,OGE,Battery/Storage,100.0,100.0,100.0,5/29/2018,Completed,5/31/2026,,,,10/15/2023,5/31/2026,,DISIS-2018-001,04 SOUTHEAST,ER,IA FULLY EXECUTED/ON SCHEDULE
GEN-2018-025,,,Washington ,NE,Fort Calhoun 345kV Substation,OPPD,Battery/Storage,200.0,200.0,200.0,5/29/2018,Completed,11/30/2028,,,,10/15/2023,11/30/2028,,DISIS-2018-001,02 NEBRASKA,ER,IA FULLY EXECUTED/ON SUSPENSION
GEN-2018-024,,,Muskogee,OK,Canadian River-Muskogee and Muskogee-Seminole 345kV,OGE,Battery/Storage,100.0,100.0,100.0,5/28/2018,Completed,12/31/2028,,,,10/15/2023,12/31/2028,,DISIS-2018-001,04 SOUTHEAST,ER,IA FULLY EXECUTED/ON SCHEDULE
GEN-2018-023,,,Little River,AR,South Foreman 138kV Substation,,Solar,126.0,126.0,126.0,4/27/2018,Withdrawn,,11/4/2021,,,12/1/2021,,,DISIS-2018-001,,ER/NR,WITHDRAWN
GEN-2018-022,,,Nodaway,MO,Mullen Creek 345kV Substation,GMO,Solar,300.0,300.0,300.0,5/25/2018,Withdrawn,7/15/2025,3/12/2024,,,12/31/2020,7/15/2025,,DISIS-2018-001,03 CENTRAL,ER/NR,WITHDRAWN
GEN-2018-021,,,Washita,OK,Chisholm-Gracemont 345kV Line,AEP,Solar,74.1,74.1,74.1,5/24/2018,Withdrawn,12/31/2024,11/13/2025,,,12/1/2023,12/31/2024,,DISIS-2018-001,04 SOUTHEAST,ER/NR,WITHDRAWN
GEN-2018-020,,,Curry,NM,Roosevolt 115kV,SPS,Solar,100.0,100.0,100.0,5/16/2018,Withdrawn,,11/5/2019,,,12/31/2020,,,DISIS-2018-001,,ER/NR,WITHDRAWN
GEN-2018-019,,,Yoakum,TX,Tap onto the Cochran to Lehman line at 115kV,SPS,Solar,100.0,100.0,100.0,5/16/2018,Withdrawn,,6/18/2019,,,12/31/2020,,,DISIS-2018-001,,ER/NR,WITHDRAWN
GEN-2018-018,,,Springfield,MO,69kV ring bus interconnecting to Sedalia and Nichols Street,,Solar,57.0,57.0,57.0,5/8/2018,Withdrawn,,6/4/2018,,,11/30/2020,,,DISIS-2018-001,,ER/NR,WITHDRAWN
GEN-2018-017,,,Brule,NE,Ogallala-Sydney 230kV,NPPD,Wind,302.4,302.4,302.4,4/27/2018,Withdrawn,,3/23/2022,,,12/31/2020,,,DISIS-2018-001,02 NEBRASKA,ER,WITHDRAWN
GEN-2018-016,,,Brule,NE,Brule 115kV Substation,NPPD,Wind,100.8,100.8,100.8,4/27/2018,Withdrawn,,3/23/2022,,,12/31/2020,,,DISIS-2018-001,02 NEBRASKA,ER,WITHDRAWN
GEN-2018-015,,,Paducah,TX,Tuco-Oklaunion 345kV Line,SPS,Solar,252.0,252.0,252.0,4/27/2018,Completed,11/1/2027,,,,10/31/2021,11/1/2027,,DISIS-2018-001,05 SOUTHWEST,ER/NR,IA FULLY EXECUTED/ON SCHEDULE
GEN-2018-014,,,Holt,MO,Holt County 345kV Substation,TMO,Wind,74.1,74.1,74.1,4/27/2018,Withdrawn,12/30/2024,4/27/2023,,,12/30/2024,12/30/2024,,DISIS-2018-001,03 CENTRAL,ER,WITHDRAWN
GEN-2018-013,,,Dickinson,KS,Abilene Energy Center-Northview 115kV Line,WERE,Wind,74.1,74.1,74.1,4/27/2018,Withdrawn,12/31/2026,3/11/2026,,,12/30/2024,12/31/2026,,DISIS-2018-001,03 CENTRAL,ER,WITHDRAWN
GEN-2018-012,,,Wayne,NE,Antelope 345kV Substation,NPPD,Wind,74.1,74.1,74.1,4/27/2018,Withdrawn,11/1/2025,2/5/2024,,,12/1/2021,11/1/2025,,DISIS-2018-001,02 NEBRASKA,ER/NR,WITHDRAWN
GEN-2018-011,,,Kingfisher,OK,Dover 138 kV Switching Station,WFEC,Battery/Storage,74.1,74.1,74.1,4/27/2018,Completed,12/31/2027,,,,12/1/2020,12/31/2027,,DISIS-2018-001,04 SOUTHEAST,ER/NR,IA FULLY EXECUTED/ON SCHEDULE
GEN-2018-010,,,Montrail,ND,Neset 230kV Substation,BEPC,Battery/Storage,74.1,74.1,74.1,4/27/2018,,12/31/2027,11/17/2025,,,12/1/2021,12/31/2027,,DISIS-2018-001,01 NORTH,ER/NR,TERMINATED
GEN-2018-009,,,Seward/Meade,KS,Cimarron 115kV Substation,SUNC,Wind,150.0,150.0,150.0,4/27/2018,Completed,10/31/2030,,,,7/15/2025,10/31/2030,,DISIS-2018-001,03 CENTRAL,ER,IA FULLY EXECUTED/ON SCHEDULE
GEN-2018-008,,,McIntosh,ND,Groton-Leland Olds 345kV Line,BEPC,Wind,252.0,252.0,252.0,4/27/2018,Withdrawn,6/1/2025,1/12/2024,,,9/30/2021,6/1/2025,,DISIS-2018-001,01 NORTH,ER/NR,WITHDRAWN
GEN-2018-007,,,Grant/Roberts,SD,Summit 115kV Substation,WAPA,Solar,150.0,150.0,150.0,4/27/2018,Withdrawn,10/31/2025,4/6/2023,,,12/31/2021,10/31/2025,,DISIS-2018-001,01 NORTH,ER/NR,WITHDRAWN
GEN-2018-006,,,Lawrence,MO,Monett 161kV bus,EDE,Solar,100.0,100.0,100.0,4/25/2018,Withdrawn,,9/27/2018,,,12/1/2021,,,FCS-2018-002,,ER/NR,WITHDRAWN
GEN-2018-005,,,Garland,OK,Woodring 345kV,OGE,Solar,500.0,500.0,500.0,4/25/2018,Withdrawn,,4/27/2020,,,12/1/2021,,,DISIS-2018-001,,ER/NR,WITHDRAWN
GEN-2018-004,,,Lea,NM,T14 Circuit 115kV line,SPS,Solar,74.99,74.99,74.99,4/26/2018,Completed,3/1/2027,,,,12/31/2019,3/1/2027,,DISIS-2018-001,05 SOUTHWEST,ER,IA FULLY EXECUTED/ON SCHEDULE
GEN-2018-003,,,Bowie,TX,North Boston-Bann 138kV Line,AEP,Solar,150.0,150.0,150.0,4/25/2018,Completed,9/1/2028,,,,12/31/2021,9/1/2028,,DISIS-2018-001,04 SOUTHEAST,ER/NR,IA FULLY EXECUTED/ON SCHEDULE
GEN-2018-002,,,Florence,KS,,,Wind,200.0,200.0,200.0,2/7/2018,Withdrawn,,3/30/2018,,,9/14/2019,,,DISIS-2018-001,,ER,WITHDRAWN
GEN-2018-001,,,Deaf Smith,TX,Bushland-Deaf Smith 230kV Line,SPS,Wind,270.0,270.0,270.0,2/2/2018,Withdrawn,,11/30/2020,,,12/1/2021,,,DISIS-2018-001,,ER/NR,WITHDRAWN
GEN-2017-241,,,Cozad,NE,Cozad 115kV Substation,,Wind,10.0,10.0,10.0,7/21/2017,Withdrawn,,1/11/2019,,,8/1/2018,,,DISIS-2017-002,,ER,WITHDRAWN
GEN-2017-240,,,Okmulgee,OK,Bristow 138kV Substation,OGE,Solar,202.0,202.0,202.0,11/30/2017,Withdrawn,12/1/2026,5/3/2023,,,12/1/2020,12/1/2026,,DISIS-2017-002,04 SOUTHEAST,ER/NR,WITHDRAWN
GEN-2017-239,,,Yoakum,TX,Mahoney 230kV Substation,SPS,Solar,300.0,300.0,300.0,11/30/2017,Completed,9/15/2026,,,,6/1/2023,9/15/2026,,DISIS-2017-002,05 SOUTHWEST,ER,IA FULLY EXECUTED/COMMERCIAL OPERATION
GEN-2017-238,,,Kingfisher,OK,Lacey 69kV,,Solar,40.0,40.0,40.0,11/30/2017,Withdrawn,,8/11/2020,,,9/1/2020,,,DISIS-2017-002,,ER/NR,WITHDRAWN
GEN-2017-237,,,Roosevelt,MT,Snake Butte 115kV Substation,BEPC,Wind,150.0,150.0,150.0,11/30/2017,Withdrawn,,9/21/2022,,,9/1/2023,,,DISIS-2017-002,01 NORTH,ER,WITHDRAWN
GEN-2017-236,,,Ward,ND,Logan 230kV Substation,BEPC,Wind,50.0,50.0,50.0,11/30/2017,Withdrawn,12/30/2026,5/9/2023,,,12/1/2020,12/30/2026,,DISIS-2017-002,01 NORTH,ER/NR,WITHDRAWN
GEN-2017-235,,,Ward,ND,Logan 230kV Substation,BEPC,Wind,50.0,50.0,50.0,11/30/2017,Withdrawn,12/30/2026,5/9/2023,,,12/1/2020,12/30/2026,,DISIS-2017-002,01 NORTH,ER/NR,WITHDRAWN
GEN-2017-234,,,Greeley,NE,Spalding to North Loup 115kV,NPPD,Wind,115.0,115.0,115.0,11/6/2017,Completed,7/1/2028,,,,12/31/2019,7/1/2028,,DISIS-2017-002,02 NEBRASKA,ER,IA FULLY EXECUTED/ON SCHEDULE
GEN-2017-233,,,Grady,OK,Minco 345kV,OGE,Wind,215.0,215.0,215.0,11/28/2017,Completed,12/31/2027,,,,12/1/2020,12/31/2027,,DISIS-2017-002,04 SOUTHEAST,ER/NR,IA FULLY EXECUTED/ON SCHEDULE
GEN-2017-232,,,Bryan County,OK,Brown 138kV Substation,OGE,Solar,52.2,52.2,52.2,11/28/2017,Completed,3/24/2026,,,,6/1/2020,3/24/2026,,DISIS-2017-002,04 SOUTHEAST,ER/NR,IA FULLY EXECUTED/COMMERCIAL OPERATION
GEN-2017-231,,,Franklin County,AR,Branch 161kV Substation,OGE,Solar,72.5,72.5,72.5,11/28/2017,Completed,9/1/2027,,,,6/1/2020,9/1/2027,,DISIS-2017-002,04 SOUTHEAST,ER/NR,IA FULLY EXECUTED/ON SCHEDULE
GEN-2017-230,,,Lincoln County,OK,Tryon 138kV Substation,OGE,Solar,72.5,72.5,72.5,11/28/2017,Completed,5/1/2028,,,,6/1/2020,5/1/2028,,DISIS-2017-002,04 SOUTHEAST,ER/NR,IA FULLY EXECUTED/ON SCHEDULE
GEN-2017-229,,,Johnson County,KS,Stilwell 345kV Substation,KCPL,Battery/Storage,76.0,76.0,76.0,11/30/2017,Withdrawn,12/30/2026,8/7/2023,,,12/31/2020,12/30/2026,,DISIS-2017-002,03 CENTRAL,ER/NR,WITHDRAWN
GEN-2017-228,,,Johnson County,KS,Stilwell 345kV Substation,KCPL,Solar,302.4,302.4,302.4,11/30/2017,Withdrawn,,9/21/2022,,,12/1/2020,,,DISIS-2017-002,03 CENTRAL,ER/NR,WITHDRAWN
GEN-2017-227,,,Sedwick County,KS,Gordon Evans 138kV Substation,WERE,Battery/Storage,201.6,201.6,201.6,11/30/2017,Completed,5/15/2030,,,,12/31/2020,5/15/2030,,DISIS-2017-002,03 CENTRAL,ER/NR,IA FULLY EXECUTED/ON SCHEDULE
GEN-2017-226,,,Sedgwick County,KS,Gordon Evans 138kV Substation,WERE,Solar,201.6,201.6,201.6,11/30/2017,Completed,5/15/2030,,,,12/1/2020,5/15/2030,,DISIS-2017-002,03 CENTRAL,ER/NR,IA FULLY EXECUTED/ON SCHEDULE
GEN-2017-225,,,Johnson County,KS,Craig 345kV Substation,KCPL,Battery/Storage,76.0,76.0,76.0,11/30/2017,Withdrawn,12/30/2026,5/9/2023,,,12/31/2020,12/30/2026,,DISIS-2017-002,03 CENTRAL,ER/NR,WITHDRAWN
GEN-2017-224,,,Johnson County,KS,Craig 345kV Substation,KCPL,Solar,302.4,302.4,302.4,11/30/2017,Withdrawn,,9/21/2022,,,12/1/2020,,,DISIS-2017-002,03 CENTRAL,ER/NR,WITHDRAWN
GEN-2017-223,,,Haakon County,SD,Philip 230kV Substation,WAPA,Wind,250.0,250.0,250.0,11/19/2017,Withdrawn,,2/15/2018,,,4/1/2020,,,DISIS-2017-002,,ER/NR,WITHDRAWN
GEN-2017-222,,,Denison,IA,Denison 230kV Substation,WAPA,Wind,180.0,180.0,180.0,11/30/2017,Completed,10/15/2027,,,,10/6/2020,10/15/2027,,DISIS-2017-002,01 NORTH,ER,IA FULLY EXECUTED/ON SCHEDULE
GEN-2017-221,,,Sedgwick,KS,Buffalo Flats 345kV Substation,WERE,Battery/Storage,152.0,152.0,152.0,11/30/2017,Completed,12/31/2026,,,,12/31/2020,12/31/2026,,DISIS-2017-002,03 CENTRAL,ER/NR,IA FULLY EXECUTED/ON SCHEDULE
GEN-2017-220,,,Sedgwick,KS,Buffalo Flats 345kV Substation,WERE,Solar,201.6,201.6,201.6,11/30/2017,Completed,12/31/2026,,,,12/1/2020,12/31/2026,,DISIS-2017-002,03 CENTRAL,ER/NR,IA FULLY EXECUTED/ON SCHEDULE
GEN-2017-219,,,Lamb,TX,Tolk East 230kV Substation,SPS,Solar,600.0,600.0,600.0,11/30/2017,Withdrawn,,3/10/2022,,,12/1/2020,,,DISIS-2017-002,05 SOUTHWEST,ER/NR,WITHDRAWN
GEN-2017-218,,,Lamb,TX,Tolk-Plant X 230kV Line,SPS,Solar,600.0,600.0,600.0,11/30/2017,Withdrawn,12/31/2023,10/13/2022,,,12/1/2020,12/31/2023,,DISIS-2017-002,05 SOUTHWEST,ER/NR,WITHDRAWN
GEN-2017-217,,,Lamb,TX,Plant X 230kV Substation,SPS,Solar,300.0,300.0,300.0,11/30/2017,Withdrawn,12/31/2023,10/13/2022,,,12/1/2020,12/31/2023,,DISIS-2017-002,05 SOUTHWEST,ER/NR,WITHDRAWN
GEN-2017-216,,,Ward,ND,Logan 230kV Substation,BEPC,Wind,100.0,100.0,100.0,11/30/2017,Withdrawn,12/30/2026,10/12/2023,,,12/1/2020,12/30/2026,,DISIS-2017-002,01 NORTH,ER/NR,WITHDRAWN
GEN-2017-215,,,Ward,ND,Logan 230kV Substation,BEPC,Wind,100.0,100.0,100.0,11/30/2017,Completed,12/31/2030,,,,12/1/2020,12/31/2030,,DISIS-2017-002,01 NORTH,ER/NR,IA FULLY EXECUTED/ON SCHEDULE
GEN-2017-214,,,Ward,ND,Logan 230kV Substation,BEPC,Wind,100.0,100.0,100.0,11/30/2017,Completed,12/31/2030,,,,12/1/2020,12/31/2030,,DISIS-2017-002,01 NORTH,ER/NR,IA FULLY EXECUTED/ON SCHEDULE
GEN-2017-213,,,Grant/Kay,OK,Clarksville 345kV Substation,AEP,Hybrid - Solar,300.0,300.0,300.0,11/30/2017,Withdrawn,12/1/2026,4/13/2023,,,12/1/2021,12/1/2026,,DISIS-2017-002,04 SOUTHEAST,ER,WITHDRAWN
GEN-2017-212,,,Cedar,NE,Mark T. Moore 345kV Substation,,Solar,310.0,310.0,310.0,11/30/2017,Withdrawn,,2/5/2018,,,12/1/2021,,,DISIS-2017-002,,ER,WITHDRAWN
GEN-2017-211,,,McPherson,KS,Neosho 345kV Substation,,Solar,300.0,300.0,300.0,11/30/2017,Withdrawn,,2/5/2018,,,12/1/2021,,,DISIS-2017-002,,ER,WITHDRAWN
GEN-2017-210,,,Cedar,NE,McCool 345kV Substation,NPPD,Hybrid - Solar/Storage,310.0,310.0,310.0,11/30/2017,Withdrawn,12/1/2026,4/22/2026,,,12/1/2021,12/1/2026,,DISIS-2017-002,02 NEBRASKA,ER,WITHDRAWN
GEN-2017-209,,,McPherson,KS,LaCygne - Neosho 345kV,KCPL,Hybrid - Solar,300.0,300.0,300.0,11/30/2017,,12/31/2026,,,,12/1/2021,12/31/2026,,DISIS-2017-002,03 CENTRAL,ER,TERMINATED
GEN-2017-208,,,McPherson,KS,Benton 138kV Substation,WERE,Hybrid - Solar,150.0,150.0,150.0,11/30/2017,Withdrawn,,3/14/2022,,,12/1/2021,,,DISIS-2017-002,03 CENTRAL,ER,WITHDRAWN
GEN-2017-207,,,Grant/Kay,OK,,,Solar,300.0,300.0,300.0,11/30/2017,Withdrawn,,2/5/2018,,,12/1/2021,,,DISIS-2017-002,,ER,WITHDRAWN
GEN-2017-206,,,McPhearson,KS,Viola 345kV,,Solar,300.0,300.0,300.0,11/30/2017,Withdrawn,,9/15/2020,,,12/1/2021,,,DISIS-2017-002,,ER,WITHDRAWN
GEN-2017-205,,,McPhearson,KS,East McPherson 230kV,WERE,Hybrid - Solar,310.0,310.0,310.0,11/30/2017,Withdrawn,,3/14/2022,,,12/1/2020,,,DISIS-2017-002,03 CENTRAL,ER,WITHDRAWN
GEN-2017-204,,,McPherson,KS,Reno-Summit 345kV Line,WERE,Hybrid - Solar,210.0,210.0,210.0,11/30/2017,Withdrawn,,3/14/2022,,,12/1/2020,,,DISIS-2017-002,03 CENTRAL,ER,WITHDRAWN
GEN-2017-203,,,Grant/Kay,OK,Renfrow 345kV Substation,OGE,Hybrid - Solar,210.0,210.0,210.0,11/30/2017,,12/31/2026,,,,7/1/2023,12/31/2026,,DISIS-2017-002,04 SOUTHEAST,ER,TERMINATED
GEN-2017-202,,,New Madrid,MO,New Madrid - Sikeston 161kV,SWPA,Solar,200.0,200.0,200.0,11/30/2017,Withdrawn,12/1/2026,11/13/2024,,,12/1/2020,12/1/2026,,DISIS-2017-002,03 CENTRAL,ER/NR,WITHDRAWN
GEN-2017-201,,,Wayne County,NE,Hoskins 345kV Substation,NPPD,Wind,250.0,250.0,250.0,11/30/2017,Completed,12/31/2028,,,,12/1/2022,12/31/2028,,DISIS-2017-002,02 NEBRASKA,ER/NR,IA FULLY EXECUTED/ON SCHEDULE
GEN-2017-200,,,Beadle,SD,Groton 345kV Substation,BEPC,Wind,302.0,302.0,302.0,11/30/2017,Withdrawn,12/30/2026,5/9/2023,,,12/1/2020,12/30/2026,,DISIS-2017-002,01 NORTH,ER/NR,WITHDRAWN
GEN-2017-199,,,Beadle,SD,Groton 345kV Substation,BEPC,Battery/Storage,202.0,202.0,202.0,11/30/2017,Withdrawn,12/29/2026,5/9/2023,,,12/1/2020,12/29/2026,,DISIS-2017-002,01 NORTH,ER/NR,WITHDRAWN
GEN-2017-198,,,Omaha,NE,Jones St. No 1201 69kV substation,OPPD,Battery/Storage,11.64,11.64,11.64,11/30/2017,Withdrawn,2/28/2027,,,,12/1/2022,2/28/2027,,DISIS-2017-002,02 NEBRASKA,ER,WITHDRAWN
GEN-2017-197,,,Woodward,OK,Fort Supply SW 138kV Substation,WFEC,Battery/Storage,80.0,80.0,80.0,11/30/2017,Withdrawn,12/31/2022,2/22/2022,,,12/1/2022,12/31/2022,,DISIS-2017-002,04 SOUTHEAST,ER,WITHDRAWN
GEN-2017-196,,,Johnson,KS,West Gardner 345kV,KCPL,Battery/Storage,128.0,128.0,128.0,11/30/2017,Completed,12/1/2030,,,,12/1/2020,12/1/2030,,DISIS-2017-002,03 CENTRAL,ER/NR,IA FULLY EXECUTED/ON SCHEDULE
GEN-2017-195,,,Johnson,KS,West Gardner 345kV,KCPL,Solar,500.4,500.4,500.4,11/30/2017,Completed,12/1/2030,,,,12/1/2020,12/1/2030,,DISIS-2017-002,03 CENTRAL,ER/NR,IA FULLY EXECUTED/ON SCHEDULE
GEN-2017-194,,,Shawnee,KS,Tecumseh 230kV Substation,WERE,Battery/Storage,52.0,52.0,52.0,11/30/2017,Withdrawn,12/30/2026,5/9/2023,,,12/31/2020,12/30/2026,,DISIS-2017-002,03 CENTRAL,ER/NR,WITHDRAWN
GEN-2017-193,,,Shawnee,KS,Tecumseh 230kV Substation,WERE,Solar,201.6,201.6,201.6,11/30/2017,Withdrawn,,9/21/2022,,,12/1/2020,,,DISIS-2017-002,03 CENTRAL,ER/NR,WITHDRAWN
GEN-2017-192,,,Osage,KS,Swissvale 345kV,WERE,Battery/Storage,52.0,52.0,52.0,11/30/2017,Withdrawn,11/30/2025,8/7/2023,,,12/31/2020,11/30/2025,,DISIS-2017-002,03 CENTRAL,ER/NR,WITHDRAWN
GEN-2017-191,,,Osage,KS,Swissvale 345kV,WERE,Solar,201.6,201.6,201.6,11/30/2017,Withdrawn,11/30/2025,8/7/2023,,,12/1/2020,11/30/2025,,DISIS-2017-002,03 CENTRAL,ER/NR,WITHDRAWN
GEN-2017-190,,,Bailey,TX,Roosevelt-Tolk 230kV,SPS,Solar,300.3,300.3,300.3,11/30/2017,Withdrawn,,3/15/2022,,,12/31/2020,,,DISIS-2017-002,05 SOUTHWEST,ER/NR,WITHDRAWN
GEN-2017-189,,,Jasper,MO,Blackberry - Neosho 345kV line,WERE,Solar,201.6,201.6,201.6,11/30/2017,Withdrawn,,3/15/2022,,,12/31/2020,,,DISIS-2017-002,03 CENTRAL,ER/NR,WITHDRAWN
GEN-2017-188,,,Barry,MO,Asbury 161 kV,EDE,Solar,130.0,130.0,130.0,11/30/2017,Completed,6/15/2026,,,,12/31/2020,6/15/2026,,DISIS-2017-002,03 CENTRAL,ER,IA FULLY EXECUTED/ON SCHEDULE
GEN-2017-187,,,Terry,TX,Flatland 115 kV Substation,SPS,Solar,150.0,150.0,150.0,11/30/2017,Completed,11/20/2026,,,,12/31/2020,11/20/2026,,DISIS-2017-002,05 SOUTHWEST,ER,IA FULLY EXECUTED/ON SCHEDULE
GEN-2017-186,,,Cass/Bates,MO,KC South-N. Raymore 161 kV,KCPL,Solar,100.0,100.0,100.0,11/30/2017,Withdrawn,,9/21/2022,,,12/31/2020,,,DISIS-2017-002,03 CENTRAL,ER,WITHDRAWN
GEN-2017-185,,,Sumner,KS,Viola - Hunters 345kV,OGE,Wind,200.0,200.0,200.0,11/29/2017,Withdrawn,12/1/2020,10/13/2022,,,12/1/2020,12/1/2020,,DISIS-2017-002,03 CENTRAL,ER/NR,WITHDRAWN
GEN-2017-184,,,Hodgeman/Ford,KS,Nashua-St. Joe 345kV,KCPL,Solar,400.0,400.0,400.0,11/29/2017,Completed,1/15/2029,,,,12/1/2021,1/15/2029,,DISIS-2017-002,03 CENTRAL,ER/NR,IA FULLY EXECUTED/ON SCHEDULE
GEN-2017-183,,,Hodgeman/Ford,KS,Nashua-St. Joe 345kV,KCPL,Wind,400.0,400.0,400.0,11/29/2017,Completed,1/15/2029,,,,12/1/2021,1/15/2029,,DISIS-2017-002,03 CENTRAL,ER/NR,IA FULLY EXECUTED/ON SCHEDULE
GEN-2017-182,,,Lancaster,NE,Tobias 345kV Substation,NPPD,Wind,128.0,128.0,128.0,11/29/2017,Completed,7/1/2028,,,,12/1/2020,7/1/2028,,DISIS-2017-002,02 NEBRASKA,ER/NR,IA FULLY EXECUTED/ON SCHEDULE
GEN-2017-181,,,Lancaster,NE,Tobias 345kV Substation,NPPD,Wind,300.0,300.0,300.0,11/29/2017,Completed,7/1/2028,,,,12/1/2020,7/1/2028,,DISIS-2017-002,02 NEBRASKA,ER/NR,IA FULLY EXECUTED/ON SCHEDULE
GEN-2017-180,,,Wagoner,OK,Clarksville 345kV Substation,,Solar,250.0,250.0,250.0,11/29/2017,Withdrawn,,12/27/2018,,,12/1/2020,,,DISIS-2017-002,,ER/NR,WITHDRAWN
GEN-2017-179,,,Sedgwick,KS,Gordon Evans 138kV Substation,WERE,Wind,222.0,222.0,222.0,11/29/2017,Withdrawn,12/30/2026,8/7/2023,,,12/1/2020,12/30/2026,,DISIS-2017-002,03 CENTRAL,ER/NR,WITHDRAWN
GEN-2017-178,,,Garfield,OK,Woodring 345kV Substation,OGE,Battery/Storage,52.0,52.0,52.0,11/29/2017,Completed,12/2/2025,,,,12/31/2020,12/2/2025,,DISIS-2017-002,04 SOUTHEAST,ER/NR,IA FULLY EXECUTED/COMMERCIAL OPERATION
GEN-2017-177,,,Post Oak,MO,Post Oak 69kV,,Solar,40.0,40.0,40.0,11/29/2017,Withdrawn,,8/17/2020,,,9/1/2023,,,DISIS-2017-002,,ER/NR,WITHDRAWN
GEN-2017-176,,,Hart,TX,Newhart 230kV Substation,SPS,Hybrid - Wind/Solar,300.0,300.0,300.0,11/29/2017,Withdrawn,12/1/2026,1/10/2023,,,9/1/2023,12/1/2026,,DISIS-2017-002,05 SOUTHWEST,ER/NR,WITHDRAWN
GEN-2017-175,,,Turner,SD,Vfodnes-Utica Jct. 230kV,WAPA,Wind,270.0,270.0,270.0,11/29/2017,Completed,12/31/2030,,,,9/30/2023,12/31/2030,,DISIS-2017-002,01 NORTH,ER,IA FULLY EXECUTED/ON SCHEDULE
GEN-2017-174,,,Comanche,OK,,,Solar,200.0,200.0,200.0,11/29/2017,Withdrawn,,2/7/2018,,,10/15/2020,,,DISIS-2017-002,,ER/NR,WITHDRAWN
GEN-2017-173,,,Stephen,OK,Lawton Eastside - Terry Road 345kV,AEP,Solar,50.0,50.0,50.0,11/29/2017,Completed,12/31/2027,,,,12/1/2020,12/31/2027,,DISIS-2017-002,04 SOUTHEAST,ER/NR,IA FULLY EXECUTED/ON SCHEDULE
GEN-2017-172,,,Stephen,OK,Lawton Eastside - Terry Road 345kV,AEP,Solar,50.0,50.0,50.0,11/29/2017,Completed,12/31/2027,,,,12/1/2020,12/31/2027,,DISIS-2017-002,04 SOUTHEAST,ER/NR,IA FULLY EXECUTED/ON SCHEDULE
GEN-2017-171,,,Stephen,OK,Lawton Eastside - Terry Road 345kV,AEP,Solar,150.0,150.0,150.0,11/29/2017,Completed,12/31/2027,,,,12/1/2020,12/31/2027,,DISIS-2017-002,04 SOUTHEAST,ER/NR,IA FULLY EXECUTED/ON SCHEDULE
GEN-2017-170,,,Wagoner,OK,Clarksville 345kV Substation,,Battery/Storage,52.0,52.0,52.0,11/29/2017,Withdrawn,,12/27/2018,,,12/31/2020,,,DISIS-2017-002,,ER/NR,WITHDRAWN
GEN-2017-169,,,McClain,OK,McClain 138kV,OGE,Battery/Storage,52.0,52.0,52.0,11/29/2017,,12/31/2027,1/29/2024,,,12/31/2020,12/31/2027,,DISIS-2017-002,04 SOUTHEAST,ER/NR,TERMINATED
GEN-2017-168,,,McClain,OK,McClain 138kV,OGE,Solar,250.0,250.0,250.0,11/29/2017,,12/31/2027,1/29/2024,,,12/1/2020,12/31/2027,,DISIS-2017-002,04 SOUTHEAST,ER/NR,TERMINATED
GEN-2017-167,,,Carter,OK,Sunnyside 345kV,OGE,Battery/Storage,52.0,52.0,52.0,11/29/2017,,12/31/2027,9/6/2024,,,12/31/2020,12/31/2027,,DISIS-2017-002,04 SOUTHEAST,ER/NR,TERMINATED
GEN-2017-166,,,Carter,OK,Sunnyside 345kV,OGE,Solar,250.0,250.0,250.0,11/29/2017,Withdrawn,12/1/2026,11/6/2023,,,12/1/2020,12/1/2026,,DISIS-2017-002,04 SOUTHEAST,ER/NR,WITHDRAWN
GEN-2017-165,,,Holt,NE,Grand Prairie-Grand Island (Holt County NE) 345kV,,Wind,288.0,288.0,288.0,11/29/2017,Withdrawn,,3/22/2019,,,12/1/2020,,,DISIS-2017-002,,ER/NR,WITHDRAWN
GEN-2017-164,,,Garfield,OK,Woodring 345kV Substation,OGE,Solar,250.0,250.0,250.0,11/29/2017,Completed,12/2/2025,,,,12/1/2020,12/2/2025,,DISIS-2017-002,04 SOUTHEAST,ER/NR,IA FULLY EXECUTED/COMMERCIAL OPERATION
GEN-2017-163,,,Sedgwick,KS,Thistle-Wichita Dbl Ckt (Buffalo Flats) 345kV Line,,Wind,25.0,25.0,25.0,11/29/2017,Withdrawn,,12/17/2018,,,12/1/2020,,,DISIS-2017-002,,ER/NR,WITHDRAWN
GEN-2017-162,,,Texas,OK,Texas County 115kV,SPS,Wind,50.0,50.0,50.0,11/29/2017,Withdrawn,,3/15/2022,,,7/1/2019,,,DISIS-2017-002,05 SOUTHWEST,ER/NR,WITHDRAWN
GEN-2017-161,,,Cimarron and Texas,OK,Sherman 115kV substation,SPS,Wind,50.0,50.0,50.0,11/29/2017,Withdrawn,,3/15/2022,,,7/1/2019,,,DISIS-2017-002,05 SOUTHWEST,ER/NR,WITHDRAWN
GEN-2017-160,,,Cimarron,OK,Mathewson 345kV,OGE,Wind,350.0,350.0,350.0,11/29/2017,Withdrawn,,4/16/2020,,,12/31/2020,,,DISIS-2017-002,,ER/NR,WITHDRAWN
GEN-2017-159,,,Cimarron and Texas,OK,Mathewson 345kV,OGE,Wind,350.0,350.0,350.0,11/29/2017,Withdrawn,,4/16/2020,,,12/31/2020,,,DISIS-2017-002,,ER/NR,WITHDRAWN
GEN-2017-158,,,Parmer/Castro,TX,Tolk 230kV Substation,SPS,Wind,265.0,265.0,265.0,11/29/2017,Completed,8/30/2026,,,,12/31/2020,8/30/2026,,DISIS-2017-002,05 SOUTHWEST,ER,IA FULLY EXECUTED/ON SCHEDULE
GEN-2017-157,,,Pittsburg,OK,Pittsburg 345kV Substation,AEP,Wind,202.0,202.0,202.0,11/28/2017,Withdrawn,,9/21/2022,,,12/1/2020,,,DISIS-2017-002,04 SOUTHEAST,ER/NR,WITHDRAWN
GEN-2017-156,,,Pittsburg,OK,Pittsburg 345kV Substation,AEP,Wind,234.0,234.0,234.0,11/28/2017,Withdrawn,,9/21/2022,,,12/1/2020,,,DISIS-2017-002,04 SOUTHEAST,ER/NR,WITHDRAWN
GEN-2017-155,,,Muskogee,OK,Muskogee 345kV Substation,OGE,Wind,300.0,300.0,300.0,11/28/2017,Withdrawn,12/1/2027,9/22/2023,,,12/1/2020,12/1/2027,,DISIS-2017-002,04 SOUTHEAST,ER/NR,WITHDRAWN
GEN-2017-154,,,Johnston,OK,Johnson County 345kV Substation,OGE,Wind,255.0,255.0,255.0,11/28/2017,,12/31/2027,9/6/2024,,,12/1/2020,12/31/2027,,DISIS-2017-002,04 SOUTHEAST,ER/NR,TERMINATED
GEN-2017-153,,,McClain,OK,McClain 138kV,OGE,Wind,253.0,253.0,253.0,11/28/2017,Withdrawn,,9/21/2022,,,12/1/2020,,,DISIS-2017-002,04 SOUTHEAST,ER/NR,WITHDRAWN
GEN-2017-152,,,McClain,OK,McClain 138kV,OGE,Wind,252.0,252.0,252.0,11/28/2017,,12/31/2027,1/29/2024,,,12/1/2020,12/31/2027,,DISIS-2017-002,04 SOUTHEAST,ER/NR,TERMINATED
GEN-2017-151,,,Crosby,TX,TUCO-Oklaunion 345kV,SPS,Wind,300.0,300.0,300.0,11/28/2017,Completed,10/15/2026,,,,10/31/2020,10/15/2026,,DISIS-2017-002,05 SOUTHWEST,ER,IA FULLY EXECUTED/ON SCHEDULE
GEN-2017-150,,,Grady,OK,Minco 345kV,OGE,Solar,250.0,250.0,250.0,11/28/2017,Completed,12/31/2026,,,,12/1/2020,12/31/2026,,DISIS-2017-002,04 SOUTHEAST,ER/NR,IA FULLY EXECUTED/ON SCHEDULE
GEN-2017-149,,,Johnston,OK,Johnson County 345kV Substation,OGE,Wind,258.0,258.0,258.0,11/27/2017,Completed,12/31/2027,,,,12/1/2020,12/31/2027,,DISIS-2017-002,04 SOUTHEAST,ER/NR,IA FULLY EXECUTED/ON SCHEDULE
GEN-2017-148,,,Newton,MO,Joplin 161kV sub,EDE,Wind,202.0,202.0,202.0,11/27/2017,Withdrawn,12/1/2026,10/13/2023,,,12/1/2020,12/1/2026,,DISIS-2017-002,03 CENTRAL,ER/NR,WITHDRAWN
GEN-2017-147,,,Johnson,KS,Stilwell 345kV,KCPL,Wind,252.0,252.0,252.0,11/27/2017,Withdrawn,,9/21/2022,,,12/1/2020,,,DISIS-2017-002,03 CENTRAL,ER/NR,WITHDRAWN
GEN-2017-146,,,Castro,TX,Deaf Smith-Plant X 230kV,SPS,Wind,151.8,151.8,151.8,11/27/2017,Completed,10/15/2026,,,,10/31/2020,10/15/2026,,DISIS-2017-002,05 SOUTHWEST,ER,IA FULLY EXECUTED/ON SCHEDULE
GEN-2017-145,,,Lea,NM,Roadrunner 115kV,SPS,Solar,110.3,110.3,110.3,11/27/2017,Withdrawn,,3/15/2022,,,12/31/2020,,,DISIS-2017-002,05 SOUTHWEST,ER/NR,WITHDRAWN
GEN-2017-144,,,"Holt, Antelope, Wheeler",NE,Holt County 345kV,NPPD,Wind,200.0,200.0,200.0,11/27/2017,Completed,12/31/2028,,,,12/31/2021,12/31/2028,,DISIS-2017-002,02 NEBRASKA,ER,IA FULLY EXECUTED/ON SCHEDULE
GEN-2017-143,,,Wagoner,OK,Clarksville 345kV Substation,,Wind,227.0,227.0,227.0,11/22/2017,Withdrawn,,12/27/2018,,,12/1/2020,,,DISIS-2017-002,,ER/NR,WITHDRAWN
GEN-2017-142,,,Jackson,KS,Swissvale 345kV Station,WERE,Wind,170.0,170.0,170.0,11/22/2017,Withdrawn,,9/21/2022,,,12/1/2020,,,DISIS-2017-002,03 CENTRAL,ER/NR,WITHDRAWN
GEN-2017-141,,,Wagoner,OK,Clarksville 345kV Switching Station,AEP,Solar,241.7,241.7,241.7,11/22/2017,Completed,12/31/2028,,,,12/1/2020,12/31/2028,,DISIS-2017-002,04 SOUTHEAST,ER/NR,IA FULLY EXECUTED/ON SCHEDULE
GEN-2017-140,,,Wagoner,OK,Clarksville 345kV Switching Station,AEP,Solar,160.0,160.0,160.0,11/22/2017,Completed,12/31/2028,,,,12/1/2020,12/31/2028,,DISIS-2017-002,04 SOUTHEAST,ER/NR,IA FULLY EXECUTED/ON SCHEDULE
GEN-2017-139,,,Holt,NE,Grand Prairie-Grand Island (Holt County NE) 345kV Line,,Wind,252.0,252.0,252.0,11/22/2017,Withdrawn,,1/25/2019,,,12/1/2020,,,DISIS-2017-002,,ER/NR,WITHDRAWN
GEN-2017-138,,,Holt,NE,Grand Prairie-Grand Island (Holt County NE) 345kV Line,,Wind,252.0,252.0,252.0,11/22/2017,Withdrawn,,1/25/2019,,,12/1/2020,,,DISIS-2017-002,,ER/NR,WITHDRAWN
GEN-2017-137,,,Oklahoma,OK,Arcadia 345kV,OGE,Wind,295.0,295.0,295.0,11/22/2017,Completed,6/30/2030,,,,12/1/2020,6/30/2030,,DISIS-2017-002,04 SOUTHEAST,ER/NR,IA FULLY EXECUTED/ON SCHEDULE
GEN-2017-136,,,Oklahoma,OK,Arcadia 345kV Substation,,Wind,385.0,385.0,385.0,11/22/2017,Withdrawn,,12/28/2018,,,12/1/2020,,,DISIS-2017-002,,ER/NR,WITHDRAWN
GEN-2017-135,,,Oklahoma,OK,Arcadia 345kV Substation,,Wind,470.0,470.0,470.0,11/22/2017,Withdrawn,,12/28/2018,,,12/1/2020,,,DISIS-2017-002,,ER/NR,WITHDRAWN
GEN-2017-134,,,Oklahoma,OK,Arcadia 345kV,OGE,Wind,250.0,250.0,250.0,11/22/2017,Completed,6/30/2030,,,,12/1/2020,6/30/2030,,DISIS-2017-002,04 SOUTHEAST,ER/NR,IA FULLY EXECUTED/ON SCHEDULE
GEN-2017-133,,,Oklahoma,OK,Arcadia 345kV,OGE,Wind,200.0,200.0,200.0,11/22/2017,Completed,6/30/2030,,,,12/1/2020,6/30/2030,,DISIS-2017-002,04 SOUTHEAST,ER/NR,IA FULLY EXECUTED/ON SCHEDULE
GEN-2017-132,,,Oklahoma,OK,Arcadia 345kV,OGE,Wind,400.0,400.0,400.0,11/22/2017,,12/31/2028,3/4/2024,,,12/1/2020,12/31/2028,,DISIS-2017-002,04 SOUTHEAST,ER/NR,TERMINATED
GEN-2017-131,,,Wilson,KS,Altoona- NE Parson 138kV,WERE,Battery/Storage,29.6,29.6,29.6,11/22/2017,,2/1/2026,6/9/2025,,,12/1/2020,2/1/2026,,DISIS-2017-002,03 CENTRAL,ER/NR,TERMINATED
GEN-2017-130,,,Osage,KS,Swissvale 345kV Substation,,Wind,215.0,215.0,215.0,11/22/2017,Withdrawn,,12/27/2018,,,12/1/2020,,,DISIS-2017-002,,ER/NR,WITHDRAWN
GEN-2017-129,,,Wagoner,OK,Clarksville 345kV Substation,,Wind,222.0,222.0,222.0,11/21/2017,Withdrawn,,12/27/2018,,,12/1/2020,,,DISIS-2017-002,,ER/NR,WITHDRAWN
GEN-2017-128,,,Jackson,KS,Swissvale 345kV,WERE,Wind,202.0,202.0,202.0,11/20/2017,Withdrawn,12/30/2026,7/28/2023,,,12/1/2020,12/30/2026,,DISIS-2017-002,03 CENTRAL,ER/NR,WITHDRAWN
GEN-2017-127,,,Osage,KS,Hoyt 345kV Substation,,Wind,252.0,252.0,252.0,11/20/2017,Withdrawn,,12/27/2018,,,12/1/2020,,,DISIS-2017-002,,ER/NR,WITHDRAWN
GEN-2017-126,,,Jackson,KS,Hoyt 345kV Substation,,Wind,252.0,252.0,252.0,11/20/2017,Withdrawn,,12/27/2018,,,12/1/2020,,,DISIS-2017-002,,ER/NR,WITHDRAWN
GEN-2017-125,,,Osage,KS,Swissvale 345kV,WERE,Wind,252.0,252.0,252.0,11/20/2017,,11/8/2027,6/13/2024,,,12/1/2020,11/8/2027,,DISIS-2017-002,03 CENTRAL,ER/NR,TERMINATED
GEN-2017-124,,,Jackson,KS,Hoyt 345kV Substation,,Wind,252.0,252.0,252.0,11/20/2017,Withdrawn,,12/27/2018,,,12/1/2020,,,DISIS-2017-002,,ER/NR,WITHDRAWN
GEN-2017-123,,,Leavenworth,KS,Stranger Creek 345kV,WERE,Wind,180.0,180.0,180.0,11/20/2017,Withdrawn,,9/21/2022,,,12/1/2020,,,DISIS-2017-002,03 CENTRAL,ER/NR,WITHDRAWN
GEN-2017-122,,,Wagoner,OK,Clarksville 345kV Substation,,Wind,234.0,234.0,234.0,11/20/2017,Withdrawn,,12/27/2018,,,12/1/2020,,,DISIS-2017-002,,ER/NR,WITHDRAWN
GEN-2017-121,,,Sumner,KS,Sumner 138kV,WERE,Wind,200.0,200.0,200.0,11/17/2017,Completed,12/1/2026,,,,12/1/2021,12/1/2026,,DISIS-2017-002,03 CENTRAL,ER/NR,IA FULLY EXECUTED/ON SCHEDULE
GEN-2017-120,,,Dickinson/Marion,KS,Abilene Energy Center-Northview 115kV,WERE,Wind,260.0,260.0,260.0,11/17/2017,Withdrawn,3/31/2028,3/11/2026,,,5/1/2027,3/31/2028,,DISIS-2017-002,03 CENTRAL,ER,WITHDRAWN
GEN-2017-119,,,Cloud/Mitchell,KS,Elm Creek 345kV substation,ITCGP,Wind,180.0,180.0,180.0,11/17/2017,Withdrawn,12/31/2027,,,,5/1/2024,12/31/2027,,DISIS-2017-002,03 CENTRAL,ER,WITHDRAWN
GEN-2017-118,,,Cloud/Mitchell,KS,Elm Creek 345kV substation,SUNC,Wind,130.0,130.0,130.0,11/17/2017,Withdrawn,,4/7/2022,,,5/1/2024,,,DISIS-2017-002,03 CENTRAL,ER/NR,WITHDRAWN
GEN-2017-117,,,Canadian,OK,El Reno SW 138kV,WFEC,Battery/Storage,19.8,19.8,19.8,11/17/2017,Completed,7/31/2029,,,,12/1/2020,7/31/2029,,DISIS-2017-002,04 SOUTHEAST,ER/NR,IA FULLY EXECUTED/ON SUSPENSION
GEN-2017-116,,,Curry/Roosevelt,NM,Oasis - Pleasant Hill 230kV,SPS,Solar,192.5,192.5,192.5,11/17/2017,Withdrawn,9/30/2024,10/13/2022,,,12/1/2021,9/30/2024,,DISIS-2017-002,05 SOUTHWEST,ER,WITHDRAWN
GEN-2017-115,,,Atchinson/Nodaway,MO,Holt County 345 kV,KCPL,Wind,244.0,244.0,244.0,11/10/2017,,12/31/2026,11/13/2025,,,5/1/2027,12/31/2026,,DISIS-2017-002,03 CENTRAL,ER,TERMINATED
GEN-2017-114,,,Dewey,SD,Chappelle Creek - Leland Olds 345kV,BEPC,Wind,450.0,450.0,450.0,10/23/2017,Withdrawn,,9/21/2022,,,12/31/2021,,,DISIS-2017-002,01 NORTH,ER,WITHDRAWN
GEN-2017-113,,,Bennett,SD,Martin 115kV,WAPA,Wind,119.0,119.0,119.0,10/23/2017,Withdrawn,,9/21/2022,,,12/31/2021,,,DISIS-2017-002,01 NORTH,ER,WITHDRAWN
GEN-2017-112,,,Bates,MO,Clinton – Stilwell 161 kV Line Tap,KCPL,Wind,200.0,200.0,200.0,11/27/2017,Withdrawn,9/30/2024,10/12/2022,,,9/1/2026,9/30/2024,,DISIS-2017-002,03 CENTRAL,ER,WITHDRAWN
GEN-2017-111,,,Bates,MO,Clinton – Stilwell 161 kV Line Tap,KCPL,Solar,152.0,152.0,152.0,11/27/2017,Withdrawn,12/31/2024,8/24/2023,,,9/1/2023,12/31/2024,,DISIS-2017-002,03 CENTRAL,ER,WITHDRAWN
GEN-2017-110,,,Grant,KS,Pioneer Sub 115kV,SUNC,Solar,100.0,100.0,100.0,11/15/2017,Withdrawn,,11/5/2019,,,12/31/2020,,,DISIS-2017-002,,ER/NR,WITHDRAWN
GEN-2017-109,,,Dawson County,MT,Dawson Co - Ft Peck 230 kV,WAPA,Wind,320.9,320.9,320.9,8/30/2017,Withdrawn,,3/14/2022,,,12/31/2020,,,DISIS-2017-002,01 NORTH,ER/NR,WITHDRAWN
GEN-2017-108,,,Henry County,MO,Stillwell - Clinton 161kV Line,KCPL,Solar,400.0,400.0,400.0,8/26/2017,Completed,3/1/2027,,,,12/1/2022,3/1/2027,,DISIS-2017-002,03 CENTRAL,ER/NR,IA FULLY EXECUTED/ON SCHEDULE
GEN-2017-107,,,Potter County,TX,Highland Park - Asarco 115 kV Line,SPS,Solar,40.0,40.0,40.0,8/7/2017,Withdrawn,4/30/2020,3/14/2022,,,4/30/2020,4/30/2020,,DISIS-2017-002,05 SOUTHWEST,ER,WITHDRAWN
GEN-2017-106,,,Randall County,TX,Canyon West - Dawn 115 kV,SPS,Solar,40.0,40.0,40.0,8/7/2017,Withdrawn,4/30/2020,3/14/2022,,,4/30/2020,4/30/2020,,DISIS-2017-002,05 SOUTHWEST,ER,WITHDRAWN
GEN-2017-105,,,Burt County,NE,Tekamah - Raun 161 kV Line,OPPD,Wind,75.0,75.0,75.0,7/12/2017,Completed,12/20/2026,,,,12/15/2018,12/20/2026,,DISIS-2017-002,02 NEBRASKA,ER/NR,IA FULLY EXECUTED/ON SCHEDULE
GEN-2017-104,,,Lea County,NM,Hobbs 230kV Substation,SPS,Solar,240.0,240.0,240.0,6/19/2017,Withdrawn,,6/7/2021,,,12/15/2019,,,DISIS-2017-001,,ER/NR,WITHDRAWN
GEN-2017-103,,,Chippewa County,MN,Granite Falls 230kV Substation,WAPA,Solar,8.0,8.0,8.0,5/20/2017,Withdrawn,,2/8/2018,,,10/1/2018,,,DISIS-2017-002,,ER,WITHDRAWN
GEN-2017-102,,,Roosevelt County,NM,Crossroads 345kV,SPS,Solar,67.5,67.5,67.5,4/30/2020,Withdrawn,4/30/2020,9/23/2022,,,4/30/2020,4/30/2020,,DISIS-2017-002,05 SOUTHWEST,ER,WITHDRAWN
GEN-2017-101,,,Hardeman County,TX,Russell - Lake Pauline 138 kV Line,AEP,Solar,67.5,67.5,67.5,7/10/2017,Withdrawn,4/30/2020,3/14/2022,,,4/30/2020,4/30/2020,,DISIS-2017-002,04 SOUTHEAST,ER,WITHDRAWN
GEN-2017-100,,,Texas County,OK,Texas County 115kV,SPS,Solar,102.6,102.6,102.6,5/31/2017,Completed,12/1/2025,,,,12/31/2019,12/1/2025,,DISIS-2017-001,05 SOUTHWEST,ER/NR,IA FULLY EXECUTED/ON SCHEDULE
GEN-2017-099,,,Edwards County,KS,Post Rock - Spearville 345 kV,ITCGP,Wind,150.0,150.0,150.0,5/31/2017,Withdrawn,11/1/2023,6/14/2022,,,11/1/2021,11/1/2023,,DISIS-2017-001,03 CENTRAL,ER/NR,WITHDRAWN
GEN-2017-098,,,Meade County,SD,Maurine 230 kV sub,WAPA,Wind,200.0,200.0,200.0,5/26/2017,Withdrawn,,3/21/2018,,,12/15/2020,,,,,ER/NR,WITHDRAWN
GEN-2017-097,,,Pennington County,SD,Underwood 115 kV Sub,WAPA,Solar,128.0,128.0,128.0,5/31/2017,Completed,6/29/2024,,,,1/9/2022,6/29/2024,,DISIS-2017-001,01 NORTH,ER,IA FULLY EXECUTED/COMMERCIAL OPERATION
GEN-2017-096,,,Pennington County,SD,New Underwood Substation 115 kV,WAPA,Solar,25.0,25.0,25.0,5/30/2017,Withdrawn,,12/14/2017,,,12/31/2020,,,,,ER/NR,WITHDRAWN
GEN-2017-095,,,Ford County,KS,Eastown - Iatan 345kV,KCPL,Wind,200.0,200.0,200.0,5/31/2017,Withdrawn,,12/4/2020,,,12/1/2020,,,DISIS-2017-001,,ER/NR,WITHDRAWN
GEN-2017-094,,,Wessington/Hand Counties,SD,Fort Thompson-Huron 230 kV,WAPA,Wind,200.0,200.0,200.0,5/24/2017,Completed,11/1/2023,,,,10/6/2020,11/1/2023,,DISIS-2017-001,01 NORTH,ER,IA FULLY EXECUTED/COMMERCIAL OPERATION
GEN-2017-093,,,Lea County,NM,Whitten - Ochoe 115 kV,SPS,Solar,99.0,99.0,99.0,5/24/2017,Withdrawn,,6/27/2018,,,9/30/2019,,,,,ER/NR,WITHDRAWN
GEN-2017-092,,,Muskogee County,OK,Canadian River-Muskogee and Muskogee-Seminole 345kV,OGE,Solar,200.0,200.0,200.0,5/30/2017,Completed,12/31/2026,,,,6/1/2023,12/31/2026,,DISIS-2017-001,04 SOUTHEAST,ER,IA FULLY EXECUTED/ON SCHEDULE
GEN-2017-091,,,Lamb County,TX,Lamton 115kV,SPS,Solar,26.3,26.3,26.3,5/29/2017,Withdrawn,,11/27/2020,,,3/30/2023,,,DISIS-2017-001,,ER,WITHDRAWN
GEN-2017-090,,,Bates County,MO,Adrian 161 kV sub,KCPL,Solar,150.0,150.0,150.0,5/31/2017,Withdrawn,,3/16/2022,,,12/1/2019,,,DISIS-2017-001,03 CENTRAL,ER,WITHDRAWN
GEN-2017-089,,,Texas County,OK,Tap Goodwell Sub 115 kV,SPS,Solar,102.0,102.0,102.0,5/30/2017,Withdrawn,,11/14/2017,,,12/31/2021,,,,,ER/NR,WITHDRAWN
GEN-2017-088,,,Bowie County,TX,Valiant-Lydia 345kV,AEP,Solar,200.0,200.0,200.0,5/26/2017,Withdrawn,,1/8/2019,,,2/15/2020,,,DISIS-2017-001,,ER/NR,WITHDRAWN
GEN-2017-087,,,Curry County,NM,Clovis Interchange 115 kV,SPS,Solar,128.0,128.0,128.0,5/31/2017,Withdrawn,,5/14/2021,,,12/31/2020,,,DISIS-2017-001,,ER,WITHDRAWN
GEN-2017-086,,,Harper County,KS,Viola 345kV,WERE,Wind,150.0,150.0,150.0,5/25/2017,Completed,7/23/2025,,,,12/1/2021,7/23/2025,,DISIS-2017-001,03 CENTRAL,ER,IA FULLY EXECUTED/ON SCHEDULE
GEN-2017-085,,,Saline County,NE,Friend 115kV,NPPD,Wind,0.6,0.6,0.6,5/10/2017,Withdrawn,6/30/2023,4/13/2022,,,12/31/2019,6/30/2023,,DISIS-2017-001,02 NEBRASKA,ER/NR,WITHDRAWN
GEN-2017-084,,,Castro County,TX,Newhart-Swisher 230kV,SPS,Solar,89.3,89.3,89.3,5/31/2017,Withdrawn,,11/27/2020,,,3/30/2023,,,DISIS-2017-001,,ER,WITHDRAWN
GEN-2017-083,,,Thomas County,KS,Mingo 115kV,SUNC,Wind,100.0,100.0,100.0,5/19/2017,Withdrawn,,12/4/2020,,,12/1/2019,,,DISIS-2017-001,,ER/NR,WITHDRAWN
GEN-2017-082,,,Barton/Jasper Counties,MO,Asbury Plant 161 kV,EDE,Wind,149.4,149.4,149.4,5/31/2017,Completed,12/31/2020,,,,7/1/2020,12/31/2020,,DISIS-2017-001,03 CENTRAL,ER,IA FULLY EXECUTED/COMMERCIAL OPERATION
GEN-2017-081,,,Randall County,TX,Amarillo South-Swisher 230kV,SPS,Solar,300.0,300.0,300.0,5/29/2017,Withdrawn,,12/7/2020,,,12/30/2019,,,DISIS-2017-001,,ER,WITHDRAWN
GEN-2017-080,,,Lamb County,TX,Tolk 230 kV substation,SPS,Solar,525.0,525.0,525.0,5/29/2017,Withdrawn,,5/12/2021,,,12/31/2020,,,DISIS-2017-001,,ER,WITHDRAWN
GEN-2017-079,,,Castro County,TX,Hart Industrial 115kV sub,SPS,Solar,49.875,49.875,49.875,5/29/2017,Withdrawn,,11/27/2020,,,3/30/2023,,,DISIS-2017-001,,ER,WITHDRAWN
GEN-2017-078,,,Roosevelt County,NM,Eddy County-Tolk (Crossroads) 345kV,SPS,Wind,220.0,220.0,220.0,5/30/2017,Withdrawn,,5/14/2021,,,12/1/2020,,,DISIS-2017-001,,ER/NR,WITHDRAWN
GEN-2017-077,,,Mayes County,OK,Explorer Claremore Tap COOYYAH4,AEP,Solar,124.7,124.7,124.7,5/28/2017,Completed,5/6/2026,,,,12/1/2021,5/6/2026,,DISIS-2017-001,04 SOUTHEAST,ER,IA FULLY EXECUTED/COMMERCIAL OPERATION
GEN-2017-076,,,Benton County,AR,Chamber Springs 161kV sub,AEP,Solar,52.2,52.2,52.2,5/28/2017,,12/1/2024,,,,12/1/2021,12/1/2024,,DISIS-2017-001,04 SOUTHEAST,ER,TERMINATED
GEN-2017-075,,,Johnston County,OK,Hugo-Sunnyside 345 kV,OGE,Solar,200.0,200.0,200.0,5/28/2017,Completed,12/1/2026,,,,12/1/2021,12/1/2026,,DISIS-2017-001,04 SOUTHEAST,ER,IA FULLY EXECUTED/ON SCHEDULE
GEN-2017-074,,,Mayes County,OK,Pryor Junction 138kV sub,AEP,Solar,72.5,72.5,72.5,5/28/2017,Completed,8/3/2026,,,,12/1/2021,8/3/2026,,DISIS-2017-001,04 SOUTHEAST,ER,IA FULLY EXECUTED/COMMERCIAL OPERATION
GEN-2017-073,,,Mayes County,OK,Dry Gulch 161kV sub,GRDA,Solar,72.5,72.5,72.5,5/28/2017,Completed,8/2/2026,,,,12/1/2021,8/2/2026,,DISIS-2017-001,04 SOUTHEAST,ER,IA FULLY EXECUTED/COMMERCIAL OPERATION
GEN-2017-072,,,Payne County,OK,Greenwood 138kV sub,OGE,Solar,52.2,52.2,52.2,5/28/2017,Completed,12/1/2025,,,,12/1/2021,12/1/2025,,DISIS-2017-001,04 SOUTHEAST,ER,IA FULLY EXECUTED/ON SCHEDULE
GEN-2017-071,,,Payne County,OK,Greenwood 138kV sub,OGE,Solar,124.7,124.7,124.7,5/28/2017,Completed,12/1/2025,,,,12/1/2021,12/1/2025,,DISIS-2017-001,04 SOUTHEAST,ER,IA FULLY EXECUTED/ON SCHEDULE
GEN-2017-070,,,Caddo Parish,LA,Port Robson 138kV sub,AEP,Solar,52.2,52.2,52.2,5/28/2017,Withdrawn,,1/18/2019,,,12/1/2019,,,,,ER/NR,WITHDRAWN
GEN-2017-069,,,Quay County,NM,Norton 115 kV Switching Station,SPS,Solar,1.8,1.8,1.8,5/16/2017,Withdrawn,12/1/2023,5/15/2021,,,,12/1/2023,,DISIS-2017-001,,ER/NR,WITHDRAWN
GEN-2017-068,,,Sumner County,KS,Gordon Evans 138kV Substation,WERE,Solar,103.5,103.5,103.5,5/30/2017,Completed,12/15/2028,,,,12/31/2020,12/15/2028,,DISIS-2017-001,03 CENTRAL,ER/NR,IA FULLY EXECUTED/ON SCHEDULE
GEN-2017-067,,,Caddo County,OK,Minco 345kV substation,OGE,Solar,200.25,200.25,200.25,5/30/2017,Withdrawn,,12/7/2020,,,12/31/2020,,,DISIS-2017-001,,ER/NR,WITHDRAWN
GEN-2017-066,,,Caddo County,OK,Oney 138 kv Sub,WFEC,Solar,150.8,150.8,150.8,5/30/2017,Withdrawn,,12/7/2020,,,12/31/2020,,,DISIS-2017-001,,ER/NR,WITHDRAWN
GEN-2017-065,,,Wilbarger County,TX,Oklaunion 345 kV sub,AEP,Solar,200.25,200.25,200.25,5/30/2017,Withdrawn,,5/14/2021,,,12/31/2020,,,DISIS-2017-001,,ER/NR,WITHDRAWN
GEN-2017-064,,,Oglala and Custer Counties,SD,Underwood - Wayside 230 kV,WAPA,Solar,110.0,110.0,110.0,5/8/2017,Withdrawn,,11/29/2021,,,12/31/2023,,,DISIS-2017-001,,ER/NR,WITHDRAWN
GEN-2017-063,,,Rush County,KS,Post Rock - Spearville 345 kV,ITCGP,Wind,202.1,202.1,202.1,5/31/2017,Withdrawn,,10/9/2019,,,12/1/2019,,,DISIS-2017-001,,ER,WITHDRAWN
GEN-2017-062,,,Beaver County,OK,Tap 765kV line between proposed Twin Counties to Tulsa North substation,AEP,Thermal,488.0,488.0,488.0,5/31/2017,Withdrawn,,10/1/2018,,,12/31/2022,,,DISIS-2017-001,,ER/NR,WITHDRAWN
GEN-2017-061,,,Mayes County,OK,GRDA1 to CLARMR 5 161kV line,GRDA,Solar,101.5,101.5,101.5,5/28/2017,Completed,8/25/2026,,,,12/1/2021,8/25/2026,,DISIS-2017-001,04 SOUTHEAST,ER,IA FULLY EXECUTED/COMMERCIAL OPERATION
GEN-2017-060,,,Barton County,MO,LaRussell Energy Center 161kV,EDE,Wind,149.4,149.4,149.4,5/30/2017,Completed,4/21/2021,,,,9/1/2020,4/21/2021,,DISIS-2017-001,03 CENTRAL,ER,IA FULLY EXECUTED/COMMERCIAL OPERATION
GEN-2017-059,,,Hale County,TX,TUCO 230kV,SPS,Solar,90.0,90.0,90.0,5/31/2017,Withdrawn,,5/15/2021,,,12/31/2019,,,DISIS-2017-001,,ER/NR,WITHDRAWN
GEN-2017-058,,,Deaf Smith County,TX,Hereford Northeast 115kV substation,SPS,Solar,135.0,135.0,135.0,5/29/2017,Withdrawn,,4/23/2021,,,12/31/2019,,,DISIS-2017-001,,ER,WITHDRAWN
GEN-2017-057,,,Caddo Parish,LA,Hosston 69kV,AEP,Solar,72.5,72.5,72.5,5/30/2017,Completed,7/18/2025,,,,12/1/2021,7/18/2025,,DISIS-2017-001,04 SOUTHEAST,ER,IA FULLY EXECUTED/COMMERCIAL OPERATION
GEN-2017-056,,,Morton County,ND,Antelope Valley - Huron 345 kV Line,WAPA,Wind,210.0,210.0,210.0,5/30/2017,Withdrawn,,11/1/2017,,,12/31/2020,,,,,ER/NR,WITHDRAWN
GEN-2017-055,,,Lancaster County,NE,Wagener 115 kV Sub,LES,Solar,228.25,228.25,228.25,5/28/2017,Withdrawn,4/1/2023,6/14/2021,,,12/1/2021,4/1/2023,,DISIS-2017-001,,ER/NR,WITHDRAWN
GEN-2017-054,,,Lincoln County,SD,Virgil Fodness 230 kV Sub,WAPA,Solar,102.0,102.0,102.0,5/30/2017,Withdrawn,,1/12/2018,,,12/1/2019,,,,,ER/NR,WITHDRAWN
GEN-2017-053,,,Cotton County,OK,Tap Hollister SW - PSO Walters 69 kV,WFEC,Solar,50.0,50.0,50.0,5/4/2017,Withdrawn,,12/4/2020,,,1/7/2019,,,DISIS-2017-001,,ER,WITHDRAWN
GEN-2017-052,,,Stanton County,KS,Tap Bear Creek-Johnson Corner 115 kV,SUNC,Solar,25.0,25.0,25.0,5/4/2017,Withdrawn,,5/11/2021,,,1/7/2019,,,DISIS-2017-001,,ER,WITHDRAWN
GEN-2017-051,,,Greer County,OK,Tap Lake Creek SW - Russell SW 69 kV,WFEC,Solar,30.0,30.0,30.0,5/4/2017,Withdrawn,,5/11/2021,,,1/7/2019,,,DISIS-2017-001,,ER,WITHDRAWN
GEN-2017-050,,,Crawford County,KS,Tap Neosho – Crawford 69 kV,WERE,Solar,25.0,25.0,25.0,5/4/2017,Withdrawn,,12/4/2020,,,1/7/2019,,,DISIS-2017-001,,ER,WITHDRAWN
GEN-2017-049,,,Hodgeman County,KS,Tap Pawnee Valley - Hanston 69kV,MIDW,Solar,50.0,50.0,50.0,5/4/2017,Withdrawn,,12/4/2020,,,1/7/2019,,,DISIS-2017-001,,ER,WITHDRAWN
GEN-2017-048,,,Williams County,ND,Neset 230 kV Substation,BEPC,Wind,300.0,300.0,300.0,5/31/2017,,12/31/2027,11/17/2025,,,8/30/2024,12/31/2027,,DISIS-2017-001,01 NORTH,ER,TERMINATED
GEN-2017-047,,,Beaver County,OK,Bull Creek 115 kV substation,SPS,Wind,102.0,102.0,102.0,5/18/2017,Completed,12/27/2024,,,,12/31/2019,12/27/2024,,DISIS-2017-001,05 SOUTHWEST,ER/NR,IA FULLY EXECUTED/COMMERCIAL OPERATION
GEN-2017-046,,,Ochiltree County,TX,Canadian River-Muskogee and Muskogee-Seminole 345kV,SPS,Wind,200.1,200.1,200.1,5/30/2017,Withdrawn,,10/11/2018,,,6/1/2020,,,,,ER,WITHDRAWN
GEN-2017-045,,,Ochiltree County,TX,Canadian River-Muskogee and Muskogee-Seminole 345kV,SPS,Wind,200.1,200.1,200.1,5/30/2017,Withdrawn,,10/11/2018,,,6/1/2020,,,,,ER,WITHDRAWN
GEN-2017-044,,,Ochiltree County,TX,Canadian River-Muskogee and Muskogee-Seminole 345kV,SPS,Wind,200.1,200.1,200.1,5/30/2017,Withdrawn,,10/11/2018,,,6/1/2020,,,,,ER,WITHDRAWN
GEN-2017-043,,,Bryan County,OK,Tap Sunnyside-Hugo 345 kV Line,OGE,Thermal - CT,1550.0,1550.0,1550.0,5/26/2017,Withdrawn,,6/11/2018,,,12/31/2021,,,,,ER/NR,WITHDRAWN
GEN-2017-042,,,Bryan County,OK,Tap Sunnyside-Hugo 345 kV Line,OGE,Thermal - CC,1100.0,1100.0,1100.0,5/26/2017,Withdrawn,,1/28/2018,,,12/31/2021,,,,,ER/NR,WITHDRAWN
GEN-2017-041,,,Ford County,KS,Eastown - Iatan 345kV,KCPL,Wind,200.0,200.0,200.0,5/31/2017,Withdrawn,,12/4/2020,,,12/1/2020,,,DISIS-2017-001,,ER/NR,WITHDRAWN
GEN-2017-040,,,Ochiltree County,TX,Canadian River-Muskogee and Muskogee-Seminole 345kV,OGE,Solar,200.1,200.1,200.1,5/31/2017,Completed,12/31/2026,,,,6/1/2020,12/31/2026,,DISIS-2017-001,04 SOUTHEAST,ER,IA FULLY EXECUTED/ON SCHEDULE
GEN-2017-039,,,Bailey County,TX,Needmore 230 kV sub,SPS,Wind,200.1,200.1,200.1,5/30/2017,Withdrawn,9/30/2021,4/23/2021,,,9/30/2021,9/30/2021,,DISIS-2017-001,,ER,WITHDRAWN
GEN-2017-038,,,Ford County,KS,Eastown - Iatan 345kV,KCPL,Wind,200.0,200.0,200.0,5/31/2017,Withdrawn,,12/4/2020,,,12/1/2020,,,DISIS-2017-001,,ER/NR,WITHDRAWN
GEN-2017-037,,,Scott Bluff County,NE,Bobcat 115kV,NPPD,Solar,20.0,20.0,20.0,5/25/2017,Withdrawn,,9/10/2020,,,12/31/2018,,,DISIS-2017-001,,ER,WITHDRAWN
GEN-2017-036,,,Kiowa County,OK,Snyder - Cache 138 kV,AEP,Solar,100.0,100.0,100.0,5/31/2017,Completed,2/22/2025,,,,12/1/2022,2/22/2025,,DISIS-2017-001,04 SOUTHEAST,ER,IA FULLY EXECUTED/COMMERCIAL OPERATION
GEN-2017-035,,,Ellsworth County,KS,Ellsworth - Bushton 115 kV,SUNC,Wind,85.0,85.0,85.0,5/31/2017,Withdrawn,,4/16/2020,,,12/1/2019,,,DISIS-2017-001,,ER/NR,WITHDRAWN
GEN-2017-034,,,Ellsworth County,KS,Ellsworth - Bushton 115 kV,MIDW,Wind,25.0,25.0,25.0,5/31/2017,Withdrawn,,11/1/2017,,,12/1/2019,,,,,ER/NR,WITHDRAWN
GEN-2017-033,,,Baylor County,TX,Oklaunion 345 kV sub,AEP,Wind,200.0,200.0,200.0,5/31/2017,Completed,12/23/2024,,,,12/31/2020,12/23/2024,,DISIS-2017-001,05 SOUTHWEST,ER,IA FULLY EXECUTED/COMMERCIAL OPERATION
GEN-2017-032,,,Kiowa County,CO,Finney - Lamar 345 kV,SPS,Wind,200.0,200.0,200.0,5/31/2017,Withdrawn,11/1/2023,6/14/2022,,,12/1/2019,11/1/2023,,DISIS-2017-001,03 CENTRAL,ER,WITHDRAWN
GEN-2017-031,,,Garden County,NE,Wildhorse - Covalt 115 kV,NPPD,Wind,100.0,100.0,100.0,5/30/2017,Withdrawn,,6/7/2021,,,9/30/2021,,,DISIS-2017-001,,ER,WITHDRAWN
GEN-2017-030,,,Ford County,KS,Eastown - Iatan 345kV,KCPL,Wind,200.0,200.0,200.0,5/31/2017,Withdrawn,,5/14/2021,,,12/1/2020,,,DISIS-2017-001,,ER,WITHDRAWN
GEN-2017-029,,,Deaf Smith County,TX,Deaf Smith - Bushland 230 kV or Potter County - Newhart 230 kV,SPS,Wind,270.0,270.0,270.0,5/31/2017,Withdrawn,,11/1/2017,,,12/31/2020,,,,,ER/NR,WITHDRAWN
GEN-2017-028,,,Canadian County,OK,El Reno SW 138kV Switching Station,WFEC,Solar,50.0,50.0,50.0,5/31/2017,Withdrawn,,5/14/2021,,,12/1/2019,,,DISIS-2017-001,,ER/NR,WITHDRAWN
GEN-2017-027,,,Carter County,OK,Pooleville-Ratliff (Carter County) 138kV,OGE,Wind,140.0,140.0,140.0,5/31/2017,Completed,12/21/2021,,,,11/1/2021,12/21/2021,,DISIS-2017-001,04 SOUTHEAST,ER,IA FULLY EXECUTED/COMMERCIAL OPERATION
GEN-2017-026,,,Palmer County,TX,Tolk 230kV,SPS,Wind,235.0,235.0,235.0,5/31/2017,Withdrawn,,5/14/2021,,,12/31/2020,,,DISIS-2017-001,,ER/NR,WITHDRAWN
GEN-2017-025,,,Emmitt County,IA,Superior 69 kV sub,CBPC,Wind,74.0,74.0,74.0,5/31/2017,Withdrawn,,7/3/2019,,,12/1/2020,,,DISIS-2017-001,,ER,WITHDRAWN
GEN-2017-024,,,Choctaw County,OK,Frogville 138 kV sub,WFEC,Solar,50.0,50.0,50.0,5/31/2017,Withdrawn,,5/14/2021,,,12/1/2019,,,DISIS-2017-001,,ER/NR,WITHDRAWN
GEN-2017-023,,,Choctaw County,OK,Hugo Power Plant 138 kV Sub,WFEC,Solar,85.0,85.0,85.0,5/31/2017,Completed,8/13/2026,,,,,8/13/2026,,DISIS-2017-001,04 SOUTHEAST,ER/NR,IA FULLY EXECUTED/COMMERCIAL OPERATION
GEN-2017-022,,,Wilson County,KS,Altoona- NE Parson 138kV,WERE,Solar,65.0,65.0,65.0,5/31/2017,Completed,3/31/2027,,,,12/1/2019,3/31/2027,,DISIS-2017-001,03 CENTRAL,ER/NR,IA FULLY EXECUTED/ON SCHEDULE
GEN-2017-021,,,Edwards County,KS,Post Rock - Spearville 345 kV,ITCGP,Wind,200.0,200.0,200.0,5/30/2017,Withdrawn,11/1/2023,6/14/2022,,,11/1/2022,11/1/2023,,DISIS-2017-001,03 CENTRAL,ER/NR,WITHDRAWN
GEN-2017-020,,,Perkins County,SD,Maurine 230 kV sub,WAPA,Wind,250.0,250.0,250.0,5/31/2017,Withdrawn,,4/16/2020,,,12/1/2020,,,DISIS-2017-001,,ER,WITHDRAWN
GEN-2017-019,,,Haakon County,SD,Philip Tap 230 kV,WAPA,Wind,250.0,250.0,250.0,5/31/2017,Withdrawn,,10/10/2017,,,9/1/2019,,,,,ER/NR,WITHDRAWN
GEN-2017-018,,,Barber County,KS,Thistle 345 kV sub,ITCGP,Solar,189.0,189.0,189.0,5/30/2017,Completed,4/30/2025,,,,12/31/2020,4/30/2025,,DISIS-2017-001,03 CENTRAL,ER/NR,IA FULLY EXECUTED/ON SCHEDULE
GEN-2017-017,,,Thomas County,KS,Mingo-Setab 345kV,SUNC,Wind,200.0,200.0,200.0,5/30/2017,Withdrawn,,4/16/2020,,,12/31/2020,,,DISIS-2017-001,,ER/NR,WITHDRAWN
GEN-2017-016,,,Quay County,NM,Norton 115 kV Switching Station,SPS,Solar,33.0,33.0,33.0,5/30/2017,Withdrawn,12/1/2023,5/15/2021,,,10/7/2023,12/1/2023,,DISIS-2017-001,,ER/NR,WITHDRAWN
GEN-2017-015,,,Johnson County,OK,Mill Creek 138kV,OGE,Wind,190.0,190.0,190.0,4/14/2017,Withdrawn,,4/17/2018,,,12/31/2019,,,DISIS-2017-001,,ER,WITHDRAWN
GEN-2017-014,,,Haakon County,SD,Philip Tap 230 kV,WAPA,Wind,300.0,300.0,300.0,5/22/2017,Completed,12/1/2027,,,,12/1/2020,12/1/2027,,DISIS-2017-001,01 NORTH,ER,IA FULLY EXECUTED/ON SCHEDULE
GEN-2017-013,,,Thomas County,KS,Mingo 345kV,SUNC,Wind,200.0,200.0,200.0,5/22/2017,Withdrawn,11/1/2023,11/8/2021,,,12/1/2019,11/1/2023,,DISIS-2017-001,03 CENTRAL,ER/NR,WITHDRAWN
GEN-2017-012,,,Castro County,TX,Newhart-Potter County 230 kV,SPS,Wind,201.6,201.6,201.6,5/12/2017,Withdrawn,,12/7/2020,,,12/15/2021,,,DISIS-2017-001,,ER/NR,WITHDRAWN
GEN-2017-011,,,Ellis County,OK,Badger-Woodward EHV Dbl Ckt 345kV,OGE,Solar,151.8,151.8,151.8,5/17/2017,Withdrawn,12/31/2026,,,,12/31/2019,12/31/2026,,DISIS-2017-001,04 SOUTHEAST,ER,WITHDRAWN
GEN-2017-010,,,Bowman County,ND,Rhame 230 kV Sub,BEPC,Wind,200.1,200.1,200.1,4/14/2017,Completed,12/18/2025,,,,10/31/2022,12/18/2025,,DISIS-2017-001,01 NORTH,ER,IA FULLY EXECUTED/COMMERCIAL OPERATION
GEN-2017-009,,,Neoshoe County,KS,Neosho - Caney River 345 kV,WERE,Wind,302.0,302.0,302.0,4/14/2017,Completed,5/1/2021,,,,10/31/2020,5/1/2021,,DISIS-2017-001,03 CENTRAL,ER,IA FULLY EXECUTED/COMMERCIAL OPERATION
GEN-2017-008,,,Nuckolls County,NE,Pauline 345kV Substation,NPPD,Solar,305.0,305.0,305.0,4/14/2017,Withdrawn,,6/7/2021,,,12/31/2019,,,DISIS-2017-001,,ER,WITHDRAWN
GEN-2017-007,,,Curray and Quay Counties,NM,Pleasant Hill 230 kV sub,SPS,Wind,297.5,297.5,297.5,4/14/2017,Withdrawn,,6/7/2021,,,10/20/2020,,,DISIS-2017-001,,ER,WITHDRAWN
GEN-2017-006,,,Fillmore and Saline Counties,NE,Tobias 345kV Substation,NPPD,Wind,73.6,73.6,73.6,4/14/2017,Withdrawn,,11/4/2020,,,10/31/2022,,,DISIS-2017-001,,ER,WITHDRAWN
GEN-2017-005,,,Bourbon and Crawford Counties,OK,Marmaton - Litchfield 161 kV,WERE,Wind,190.0,190.0,190.0,4/14/2017,Completed,12/13/2021,,,,12/31/2020,12/13/2021,,DISIS-2017-001,03 CENTRAL,ER,IA FULLY EXECUTED/COMMERCIAL OPERATION
GEN-2017-004,,,Cloud County,KS,Elm Creek - Summit 345 kV,ITCGP,Wind,201.6,201.6,201.6,4/14/2017,Completed,11/30/2027,,,,12/31/2021,11/30/2027,,DISIS-2017-001,03 CENTRAL,ER,IA FULLY EXECUTED/ON SCHEDULE
GEN-2017-003,,,Little River,AR,Tap Nekoosa Tap-Ashdown 69 kV,AEP,Solar,21.6,21.6,21.6,1/31/2017,Withdrawn,,11/14/2017,,,12/31/2018,,,,,ER/NR,WITHDRAWN
GEN-2017-002,,,Sebastian County,AR,Huntington 69 kV sub,AEP,Solar,21.6,21.6,21.6,1/31/2017,Withdrawn,,11/14/2017,,,12/31/2018,,,,,ER/NR,WITHDRAWN
GEN-2017-001,,,Custer,NE,Sweetwater 345kV,NPPD,Wind,250.0,250.0,250.0,12/30/2016,Withdrawn,,12/7/2020,,,12/31/2023,,,DISIS-2017-001,,ER/NR,WITHDRAWN
GEN-2016-177,,,Gaines,TX,XTO-Cornell 115 kV station,SPS,Thermal - Gas Turbine,17.0,14.4,17.0,1/23/2017,Completed,7/28/2021,,,,,7/28/2021,,DISIS-2016-002-1,05 SOUTHWEST,ER,IA FULLY EXECUTED/COMMERCIAL OPERATION
GEN-2016-176,,,Nemaha County,KS,Stranger Creek 345kV,WERE,Wind,302.0,302.0,302.0,12/15/2016,Completed,12/6/2021,,,,12/31/2019,12/6/2021,,DISIS-2016-002-1,03 CENTRAL,ER,IA FULLY EXECUTED/COMMERCIAL OPERATION
GEN-2016-175,,,Crosby,TX,Border-TUCO 345kV,SPS,Wind,150.0,150.0,150.0,11/30/2016,Withdrawn,,4/16/2020,,,6/1/2020,,,DISIS-2017-001,,ER/NR,WITHDRAWN
GEN-2016-174,,,Nemaha,KS,Stranger Creek 345kV,WERE,Wind,302.0,302.0,302.0,11/30/2016,Completed,11/18/2020,,,,9/15/2019,11/18/2020,,DISIS-2016-002-1,03 CENTRAL,ER,IA FULLY EXECUTED/COMMERCIAL OPERATION
GEN-2016-173,,,Gouda Springs,KS,Creswell 69 kV Sub,WERE,Solar,42.0,42.0,42.0,11/28/2016,Withdrawn,,11/18/2020,,,9/15/2019,,,DISIS-2017-001,,ER/NR,WITHDRAWN
GEN-2016-172,,,Castro County,TX,Newhart 115kV,SPS,Wind,231.0,231.0,231.0,11/23/2016,Withdrawn,,5/14/2021,,,12/31/2018,,,DISIS-2017-001,,ER,WITHDRAWN
GEN-2016-171,,,Lea,NM,Hobbs-Yoakum 230kV,SPS,Solar,64.0,60.8,64.0,11/30/2016,Withdrawn,,10/23/2020,,,12/20/2020,,,DISIS-2017-001,,ER,WITHDRAWN
GEN-2016-170,,,Nemaha,KS,Kelly 115 kV Substation,WERE,Wind,100.0,100.0,100.0,11/21/2016,Withdrawn,,4/6/2017,,,12/15/2019,,,,,ER/NR,WITHDRAWN
GEN-2016-169,,,Hobbs County,NM,Hobbs 345kV,SPS,Solar,260.0,260.0,260.0,11/30/2016,Withdrawn,,8/13/2018,,,12/29/2018,,,,,ER/NR,WITHDRAWN
GEN-2016-168,,,Higginsville County,MO,Higginsville 69 kV Sub,KCPL,Solar,20.0,20.0,20.0,11/30/2016,Withdrawn,,7/26/2018,,,9/15/2019,,,,,ER/NR,WITHDRAWN
GEN-2016-167,,,Caddo Parish,LA,Lieberman - North Benton 138 kV Line,AEP,Solar,73.5,73.5,73.5,11/29/2016,Completed,12/1/2024,,,,9/1/2023,12/1/2024,,DISIS-2016-002-1,04 SOUTHEAST,ER/NR,IA FULLY EXECUTED/ON SCHEDULE
GEN-2016-166,,,Washington,AR,Prairie Grove 69 kV Substation,AEP,Solar,35.0,35.0,35.0,11/29/2016,Withdrawn,,2/21/2020,,,12/1/2019,,,DISIS-2016-002-1,,ER/NR,WITHDRAWN
GEN-2016-165,,,Knox,NE,Grand Prairie 345 kV,WAPA,Wind,202.0,202.0,202.0,11/30/2016,Withdrawn,,9/5/2019,,,12/31/2019,,,DISIS-2016-002-1,,ER,WITHDRAWN
GEN-2016-164,,,Day,SD,Groton 115 kV substation,WAPA,Wind,7.9,7.9,7.9,11/30/2016,Withdrawn,,3/5/2020,,,12/31/2017,,,DISIS-2016-002-1,,ER,WITHDRAWN
GEN-2016-163,,,Harvey,KS,Benton 345kV,WERE,Wind,252.0,252.0,252.0,11/30/2016,Withdrawn,7/1/2024,8/3/2022,,,9/15/2019,7/1/2024,,DISIS-2016-002-1,03 CENTRAL,ER,WITHDRAWN
GEN-2016-162,,,Marion,KS,Benton 345kV,WERE,Wind,252.0,252.0,252.0,11/30/2016,Withdrawn,7/1/2024,8/3/2022,,,9/15/2019,7/1/2024,,DISIS-2016-002-1,03 CENTRAL,ER,WITHDRAWN
GEN-2016-161,,,Carson,TX,Martin 115kV,SPS,Wind,3.0,3.0,3.0,11/30/2016,Withdrawn,,4/15/2021,,,12/31/2017,,,DISIS-2016-002-1,,ER,WITHDRAWN
GEN-2016-160,,,Ellis,KS,Post Rock 230kV,MIDW,Battery/Storage,20.0,20.0,20.0,11/21/2016,Completed,12/31/2026,,,,10/2/2023,12/31/2026,,DISIS-2016-002-1,03 CENTRAL,ER/NR,IA FULLY EXECUTED/ON SCHEDULE
GEN-2016-159,,,Stanton,NE,Hoskins 345kV,NPPD,Wind,427.8,427.8,427.8,11/21/2016,Withdrawn,,5/14/2021,,,11/1/2020,,,DISIS-2017-001,,ER,WITHDRAWN
GEN-2016-158,,,Allen County,KS,West Gardner 345kV,KCPL,Wind,252.0,252.0,252.0,11/30/2016,Withdrawn,12/31/2025,9/27/2023,,,9/15/2019,12/31/2025,,DISIS-2016-002-1,03 CENTRAL,ER,WITHDRAWN
GEN-2016-157,,,Allen County,KS,West Gardner 345kV,KCPL,Wind,252.0,252.0,252.0,11/30/2016,Withdrawn,12/31/2025,9/27/2023,,,9/15/2019,12/31/2025,,DISIS-2016-002-1,03 CENTRAL,ER,WITHDRAWN
GEN-2016-156,,,Guymon,OK,,SPS,Solar,100.0,100.0,100.0,11/28/2016,Withdrawn,,6/1/2017,,,12/31/2020,,,,,ER/NR,WITHDRAWN
GEN-2016-155,,,Burleigh,ND,Hilken 230kV,WAPA,Wind,1.3,1.3,1.3,11/30/2016,Withdrawn,,3/4/2020,,,12/31/2017,,,DISIS-2016-002-1,,ER,WITHDRAWN
GEN-2016-154,,,Mayes,OK,,GRDA,Thermal - Steam,540.0,540.0,540.0,11/28/2016,Withdrawn,,2/27/2017,,,,,,,,ER,WITHDRAWN
GEN-2016-153,,,Harper County,KS,Viola 345kV,WERE,Wind,134.0,134.0,134.0,11/30/2016,Completed,6/5/2025,,,,10/30/2019,6/5/2025,,DISIS-2016-002-1,03 CENTRAL,ER,IA FULLY EXECUTED/COMMERCIAL OPERATION
GEN-2016-152,,,Burke,ND,Tande 345kV,WAPA,Wind,102.0,102.0,102.0,11/30/2016,Withdrawn,,1/17/2019,,,12/31/2019,,,,,ER,WITHDRAWN
GEN-2016-151,,,Burke,ND,Tande 345kV,BEPC,Wind,202.0,202.0,202.0,11/30/2016,Completed,12/22/2020,,,,9/15/2019,12/22/2020,,DISIS-2016-002-1,01 NORTH,ER,IA FULLY EXECUTED/COMMERCIAL OPERATION
GEN-2016-150,,,Nemaha,KS,Stranger Creek 345kV,WERE,Wind,302.0,302.0,302.0,11/30/2016,Completed,12/7/2023,,,,9/22/2022,12/7/2023,,DISIS-2016-002-1,03 CENTRAL,ER,IA FULLY EXECUTED/COMMERCIAL OPERATION
GEN-2016-149,,,Washington,KS,Stranger Creek 345kV,WERE,Wind,302.0,302.0,302.0,11/30/2016,Completed,12/7/2023,,,,9/15/2019,12/7/2023,,DISIS-2016-002-1,03 CENTRAL,ER,IA FULLY EXECUTED/COMMERCIAL OPERATION
GEN-2016-148,,,Kay,OK,Hardy 138 kV Substation,WFEC,Wind,150.0,150.0,150.0,11/30/2016,Withdrawn,,6/29/2018,,,12/1/2019,,,,,ER/NR,WITHDRAWN
GEN-2016-147,,,Cheyenne,NE,Sidney 115 kV Sub,Tri-State,Solar,40.0,40.0,40.0,11/30/2016,Completed,6/28/2024,,,,9/15/2019,6/28/2024,,DISIS-2016-002-1,02 NEBRASKA,ER,IA FULLY EXECUTED/ON SCHEDULE
GEN-2016-146,,,Texas,OK,Riverside 345kV Substation,AEP,Wind,175.0,175.0,175.0,11/29/2016,Completed,9/30/2029,,,,9/1/2020,9/30/2029,,DISIS-2016-002-1,04 SOUTHEAST,ER,IA FULLY EXECUTED/ON SCHEDULE
GEN-2016-145,,,Texas,OK,Riverside 345kV Substation,AEP,Wind,175.0,175.0,175.0,11/29/2016,Completed,9/30/2029,,,,9/1/2020,9/30/2029,,DISIS-2016-002-1,04 SOUTHEAST,ER,IA FULLY EXECUTED/ON SCHEDULE
GEN-2016-144,,,Texas,OK,Riverside 345kV Substation,AEP,Wind,175.0,175.0,175.0,11/29/2016,Withdrawn,10/1/2020,10/16/2020,,,9/1/2020,10/1/2020,,DISIS-2016-002-1,,ER,WITHDRAWN
GEN-2016-143,,,Texas,OK,Riverside 345kV Substation,AEP,Wind,175.0,175.0,175.0,11/29/2016,Withdrawn,10/1/2020,10/16/2020,,,9/1/2020,10/1/2020,,DISIS-2016-002-1,,ER,WITHDRAWN
GEN-2016-142,,,Texas,OK,Riverside 345kV Substation,AEP,Wind,350.0,350.0,350.0,11/29/2016,Completed,9/30/2029,,,,9/1/2020,9/30/2029,,DISIS-2016-002-1,04 SOUTHEAST,ER,IA FULLY EXECUTED/ON SCHEDULE
GEN-2016-141,,,Texas,OK,Riverside 345kV Substation,AEP,Wind,350.0,350.0,350.0,11/29/2016,Completed,9/30/2029,,,,9/1/2020,9/30/2029,,DISIS-2016-002-1,04 SOUTHEAST,ER,IA FULLY EXECUTED/ON SCHEDULE
GEN-2016-140,,,Texas,OK,Riverside 345kV Substation,AEP,Wind,75.0,75.0,75.0,11/29/2016,Withdrawn,10/1/2020,10/16/2020,,,9/1/2020,10/1/2020,,DISIS-2016-002-1,,ER,WITHDRAWN
GEN-2016-139,,,Texas,OK,Riverside 345kV Substation,AEP,Wind,100.0,100.0,100.0,11/29/2016,Completed,9/30/2029,,,,9/1/2020,9/30/2029,,DISIS-2016-002-1,04 SOUTHEAST,ER,IA FULLY EXECUTED/ON SCHEDULE
GEN-2016-138,,,Texas,OK,Riverside 345kV Substation,AEP,Wind,187.5,187.5,187.5,11/29/2016,Completed,9/30/2029,,,,9/1/2020,9/30/2029,,DISIS-2016-002-1,04 SOUTHEAST,ER,IA FULLY EXECUTED/ON SCHEDULE
GEN-2016-137,,,Texas,OK,Riverside 345kV Substation,AEP,Wind,187.5,187.5,187.5,11/29/2016,Completed,9/30/2029,,,,9/1/2020,9/30/2029,,DISIS-2016-002-1,04 SOUTHEAST,ER,IA FULLY EXECUTED/ON SCHEDULE
GEN-2016-136,,,Texas,OK,Riverside 345kV Substation,AEP,Wind,75.0,75.0,75.0,11/29/2016,Withdrawn,10/1/2020,10/16/2020,,,9/1/2020,10/1/2020,,DISIS-2016-002-1,,ER,WITHDRAWN
GEN-2016-135,,,Texas,OK,Riverside 345kV Substation,AEP,Wind,100.0,100.0,100.0,11/29/2016,Withdrawn,10/1/2020,10/16/2020,,,9/1/2020,10/1/2020,,DISIS-2016-002-1,,ER,WITHDRAWN
GEN-2016-134,,, Texas,OK,Riverside 345kV Substation,AEP,Wind,187.5,187.5,187.5,11/29/2016,Completed,9/30/2029,,,,9/1/2020,9/30/2029,,DISIS-2016-002-1,04 SOUTHEAST,ER,IA FULLY EXECUTED/ON SCHEDULE
GEN-2016-133,,,Texas,OK,Riverside 345kV Substation,AEP,Wind,187.5,187.1,187.5,11/29/2016,Completed,9/30/2029,,,,9/1/2020,9/30/2029,,DISIS-2016-002-1,04 SOUTHEAST,ER,IA FULLY EXECUTED/ON SCHEDULE
GEN-2016-132,,,Roger Mills,OK,Sweetwater 230kV,AEP,Wind,6.1,6.1,6.1,11/30/2016,Completed,6/5/2020,,,,12/31/2017,6/5/2020,,DISIS-2016-002-1,04 SOUTHEAST,ER,IA FULLY EXECUTED/COMMERCIAL OPERATION
GEN-2016-131,,,Grady,OK,Minco 345kV,OGE,Wind,2.5,2.5,2.5,11/30/2016,Completed,10/25/2021,,,,12/31/2017,10/25/2021,,DISIS-2016-002-1,04 SOUTHEAST,ER,IA FULLY EXECUTED/COMMERCIAL OPERATION
GEN-2016-130,,,Mercer,ND,Leland Olds 345 kV,BEPC,Wind,202.0,202.0,202.0,11/30/2016,Completed,12/27/2024,,,,9/15/2019,12/27/2024,,DISIS-2016-002-1,01 NORTH,ER,IA FULLY EXECUTED/COMMERCIAL OPERATION
GEN-2016-129,,,Pushmataha,OK,Valliant 345 kV substation,AEP,Wind,132.0,132.0,132.0,11/30/2016,Withdrawn,,3/27/2020,,,12/31/2019,,,DISIS-2016-002-1,,ER,WITHDRAWN
GEN-2016-128,,,Alfalfa,OK,Woodring 345kV,OGE,Wind,176.0,176.0,176.0,11/30/2016,Completed,12/31/2026,,,,9/15/2019,12/31/2026,,DISIS-2016-002-1,04 SOUTHEAST,ER,IA FULLY EXECUTED/ON SCHEDULE
GEN-2016-127,,,Osage,OK,Shidler 138 kV Substation,AEP,Wind,200.1,200.1,200.1,11/22/2016,Withdrawn,,12/7/2020,,,12/31/2019,,,DISIS-2017-001,,ER/NR,WITHDRAWN
GEN-2016-126,,,Murray,OK,Arbuckle 138kV substation,OGE,Wind,172.5,172.5,172.5,11/30/2016,Completed,11/24/2021,,,,12/31/2019,11/24/2021,,DISIS-2016-002-1,04 SOUTHEAST,ER/NR,IA FULLY EXECUTED/COMMERCIAL OPERATION
GEN-2016-125,,,Roosevelt,NM,Eddy County-Tolk (Crossroads) 345kV,SPS,Wind,74.0,74.0,74.0,11/30/2016,Completed,12/31/2020,,,,12/31/2019,12/31/2020,,DISIS-2016-002-1,05 SOUTHWEST,ER,IA FULLY EXECUTED/COMMERCIAL OPERATION
GEN-2016-124,,,Roosevelt,NM,Eddy County-Tolk (Crossroads) 345kV,SPS,Wind,150.0,150.0,150.0,11/30/2016,Completed,12/31/2020,,,,12/31/2019,12/31/2020,,DISIS-2016-002-1,05 SOUTHWEST,ER,IA FULLY EXECUTED/COMMERCIAL OPERATION
GEN-2016-123,,,Roosevelt,NM,Eddy County-Tolk (Crossroads) 345kV,SPS,Wind,298.0,298.0,298.0,11/30/2016,Completed,12/31/2020,,,,12/31/2019,12/31/2020,,DISIS-2016-002-1,05 SOUTHWEST,ER,IA FULLY EXECUTED/COMMERCIAL OPERATION
GEN-2016-122,,,Ellsworth,KS,Reno - Summit 345kV,WERE,Wind,225.0,225.0,225.0,11/30/2016,Withdrawn,12/31/2020,2/18/2021,,,10/1/2020,12/31/2020,,DISIS-2016-002-1,,ER,WITHDRAWN
GEN-2016-121,,,Lea,NM,Roadrunner 115kV,SPS,Solar,110.0,110.0,110.0,11/22/2016,Completed,12/31/2026,,,,10/1/2022,12/31/2026,,DISIS-2016-002-1,05 SOUTHWEST,ER,IA FULLY EXECUTED/ON SCHEDULE
GEN-2016-120,,,Crosby,TX,Border-TUCO 345kV,SPS,Wind,400.0,400.0,400.0,11/30/2016,Withdrawn,,4/16/2020,,,6/1/2020,,,DISIS-2017-001,,ER/NR,WITHDRAWN
GEN-2016-119,,,Kingfisher,OK,Spring Creek-Sooner 345kV,OGE,Wind,600.0,600.0,600.0,11/30/2016,Completed,12/5/2025,,,,5/15/2020,12/5/2025,,DISIS-2016-002-1,04 SOUTHEAST,ER,IA FULLY EXECUTED/COMMERCIAL OPERATION
GEN-2016-118,,,Kingfisher,OK,Dover Switchyard 138 kV Line,WFEC,Wind,288.0,288.0,288.0,11/30/2016,Completed,9/10/2021,,,,5/15/2021,9/10/2021,,DISIS-2016-002-1,04 SOUTHEAST,ER,IA FULLY EXECUTED/COMMERCIAL OPERATION
GEN-2016-117,,,Bovina,TX,Plaasant Hill 230kV,SPS,Wind,50.0,50.0,50.0,11/27/2016,Withdrawn,,4/6/2017,,,7/1/2019,,,,,ER,WITHDRAWN
GEN-2016-116,,,Dixon,NE,Hoskins-Twin Church 230 kV Line,NPPD,Wind,320.0,320.0,320.0,11/30/2016,Withdrawn,,6/29/2017,,,12/1/2019,,,,,ER/NR,WITHDRAWN
GEN-2016-115,,,Atchison,MO,Nebraska City-Mullen Creek (Holt County MO) 345kV,GMO,Wind,300.0,300.0,300.0,11/30/2016,Completed,3/2/2021,,,,11/16/2020,3/2/2021,,DISIS-2016-002-1,03 CENTRAL,ER,IA FULLY EXECUTED/COMMERCIAL OPERATION
GEN-2016-114,,,McPherson,KS,Reno - Summit 345kV,WERE,Wind,310.0,310.0,310.0,10/2/2020,Withdrawn,12/31/2020,3/16/2021,,,10/2/2020,12/31/2020,,DISIS-2016-002-1,,ER/NR,WITHDRAWN
GEN-2016-113,,,Ellsworth,KS,Reno (GEN-2016-111 Tap)-Summit 345kV,WERE,Wind,155.0,155.0,155.0,11/30/2016,Withdrawn,,4/16/2020,,,12/1/2018,,,DISIS-2017-001,,ER/NR,WITHDRAWN
GEN-2016-112,,,Ellsworth,KS,Reno - Summit 345kV,WERE,Wind,220.0,220.0,220.0,11/30/2016,Withdrawn,12/31/2020,2/19/2021,,,10/1/2020,12/31/2020,,DISIS-2016-002-1,,ER,WITHDRAWN
GEN-2016-111,,,McPherson,KS,Reno - Summit 345kV,WERE,Wind,302.0,302.0,302.0,11/30/2016,Completed,1/15/2027,,,,9/15/2019,1/15/2027,,DISIS-2016-002-1,03 CENTRAL,ER,IA FULLY EXECUTED/ON SCHEDULE
GEN-2016-110,,,Platte,WY,Laramie River-Stegall 345 kV Line,BEPC,Wind,152.0,152.0,152.0,11/30/2016,Withdrawn,12/31/2020,1/26/2021,,,9/15/2019,12/31/2020,,DISIS-2016-002-1,,ER,WITHDRAWN
GEN-2016-109,,,Jefferson,NE,Fairbury 115 kV Substation,NPPD,Wind,102.0,102.0,102.0,11/22/2016,Withdrawn,,12/7/2020,,,12/15/2019,,,DISIS-2017-001,,ER/NR,WITHDRAWN
GEN-2016-108,,,Mercer,ND,Antelope Valley Station-Charlie Creek 345kV,WAPA,Wind,200.0,200.0,200.0,11/21/2016,Withdrawn,,1/17/2019,,,6/1/2019,,,,,ER,WITHDRAWN
GEN-2016-107,,,Major,OK,Okeene-Cederdale 138 kV Line,WFEC,Wind,141.75,141.75,141.75,11/21/2016,Withdrawn,,12/7/2020,,,12/15/2019,,,DISIS-2017-001,,ER/NR,WITHDRAWN
GEN-2016-106,,,Keith,NE,Gerald Gentleman Station 345kV,NPPD,Wind,400.0,400.0,400.0,11/17/2016,Withdrawn,12/31/2020,1/25/2021,,,12/15/2019,12/31/2020,,DISIS-2016-002-1,,ER,WITHDRAWN
GEN-2016-105,,,Dawson,MT,Tap Dawson County - Ft. Peck (Coal Hill) 230kV,WAPA,Wind,120.0,120.0,120.0,11/17/2016,Withdrawn,,7/20/2017,,,10/15/2019,,,,,ER/NR,WITHDRAWN
GEN-2016-104,,,Sumner,KS,Tap Woodring-Cimarron 345kV Line,OGE,Wind,400.0,400.0,400.0,11/2/2016,Withdrawn,,4/6/2017,,,12/31/2019,,,,,ER/NR,WITHDRAWN
GEN-2016-103,,,Hyde,SD,Chappelle Creek 345kV,WAPA,Wind,240.0,240.0,240.0,11/14/2016,Withdrawn,,5/14/2021,,,12/1/2018,,,DISIS-2017-001,,ER,WITHDRAWN
GEN-2016-102,,,Pontotoc,OK,Blue River 138kV,OGE,Wind,147.5,147.5,147.5,11/7/2016,Completed,1/13/2026,,,,11/1/2023,1/13/2026,,DISIS-2016-002-1,04 SOUTHEAST,ER/NR,IA FULLY EXECUTED/COMMERCIAL OPERATION
GEN-2016-101,,,Noble,OK,Spring Creek-Sooner 345kV,OGE,Wind,195.0,195.0,195.0,11/9/2016,Withdrawn,11/1/2020,3/9/2021,,,10/1/2020,11/1/2020,,DISIS-2016-002-1,,ER,WITHDRAWN
GEN-2016-100,,,Noble,OK,Spring Creek-Sooner 345kV,OGE,Wind,100.0,100.0,100.0,11/9/2016,Withdrawn,11/1/2020,3/9/2021,,,10/1/2020,11/1/2020,,DISIS-2016-002-1,,ER,WITHDRAWN
GEN-2016-099,,,Parmer,TX,Deaf Smith 230 kV,SPS,Wind,250.0,250.0,250.0,11/7/2016,Withdrawn,,4/6/2017,,,10/1/2020,,,,,ER/NR,WITHDRAWN
GEN-2016-098,,,Harper,OK,Badger-Woodward EHV Dbl Ckt 345kV,OGE,Wind,250.0,250.0,250.0,11/7/2016,Withdrawn,,8/17/2018,,,10/1/2020,,,,,ER/NR,WITHDRAWN
GEN-2016-097,,,Caddo,OK,Tap Southwestern-Fletcher Tap 138kV,AEP,Wind,100.0,100.0,100.0,10/19/2016,Completed,1/1/2024,,,,9/1/2020,1/1/2024,,DISIS-2016-002-1,04 SOUTHEAST,ER/NR,IA FULLY EXECUTED/COMMERCIAL OPERATION
GEN-2016-096,,,Fillmore,NE,Moore (GEN-2015-088 Tap)-Pauline 345kV,NPPD,Wind,227.7,227.7,227.7,11/1/2016,Withdrawn,10/31/2020,7/14/2020,,,5/7/2020,10/31/2020,,DISIS-2016-002-1,,ER,WITHDRAWN
GEN-2016-095,,,Caddo,OK,Gracemont-Lawton East Side 345kV,AEP,Wind,200.0,200.0,200.0,12/1/2020,Completed,4/22/2024,,,,9/1/2020,4/22/2024,,DISIS-2016-002-1,04 SOUTHEAST,ER/NR,IA FULLY EXECUTED/COMMERCIAL OPERATION
GEN-2016-094,,,Hyde,SD,Tap Ft Thompson - Oahe 230kV Line (Single Circuit),WAPA,Wind,200.0,200.0,200.0,10/31/2016,Completed,1/24/2024,,,,10/1/2020,1/24/2024,,DISIS-2016-002-1,01 NORTH,ER,IA FULLY EXECUTED/COMMERCIAL OPERATION
GEN-2016-093,,,Scotts Bluff,NE,Bobcat 115kV,NPPD,Solar,70.0,70.0,70.0,10/10/2016,Withdrawn,,9/10/2020,,,12/31/2018,,,DISIS-2017-001,,ER,WITHDRAWN
GEN-2016-092,,,Hyde,SD,Chappelle Creek 345kV,BEPC,Wind,175.0,175.0,175.0,10/5/2016,Withdrawn,12/1/2020,3/12/2021,,,10/1/2020,12/1/2020,,DISIS-2016-002-1,,ER,WITHDRAWN
GEN-2016-091,,,Caddo,OK,Gracemont-Lawton East Side 345kV,AEP,Wind,303.6,303.6,303.6,10/3/2016,Completed,1/8/2022,,,,5/6/2020,1/8/2022,,DISIS-2016-002-1,04 SOUTHEAST,ER,IA FULLY EXECUTED/COMMERCIAL OPERATION
GEN-2016-090,,,Terry,TX,Yoakum-Seagraves 115kV circuit,SPS,Solar,100.0,100.0,100.0,9/28/2016,Withdrawn,,12/7/2020,,,12/31/2022,,,DISIS-2017-001,,ER/NR,WITHDRAWN
GEN-2016-089,,,Bailey,TX,Tap 230kV Roosevelt-Tolk Line,SPS,Solar,100.0,100.0,100.0,9/28/2016,Withdrawn,,3/24/2017,,,11/30/2018,,,,,ER/NR,WITHDRAWN
GEN-2016-088,,,Osborn,MO,Mullen Creek-Sibley (Ketchum) 345kV,KCPL,Wind,151.2,151.2,151.2,8/11/2016,,10/29/2021,3/16/2021,,,12/31/2018,10/29/2021,,DISIS-2016-002-1,,ER/NR,TERMINATED
GEN-2016-087,,,Campbell,SD,Campbell County 230 kV line,WAPA,Wind,98.6,98.6,98.6,7/25/2016,Completed,12/31/2028,,,,11/15/2019,12/31/2028,,DISIS-2016-002-1,01 NORTH,ER,IA FULLY EXECUTED/ON SCHEDULE
GEN-2016-086,,,Roosevelt,NM,Roosevelt substation 230kV,SPS,Solar,240.0,240.0,240.0,6/30/2016,Withdrawn,,3/28/2017,,,12/31/2019,,,,,ER/NR,WITHDRAWN
GEN-2016-085,,,Lea,NM,Hobbs substation 115kV bus,SPS,Solar,80.0,80.0,80.0,6/30/2016,Withdrawn,,3/28/2017,,,12/31/2019,,,,,ER/NR,WITHDRAWN
GEN-2016-084,,,Lea,NM,,SPS,Wind,300.0,300.0,300.0,6/30/2016,Withdrawn,,8/4/2016,,,7/1/2019,,,,,ER/NR,WITHDRAWN
GEN-2016-083,,,Dewey,OK,,OGE,Wind,300.0,300.0,300.0,6/30/2016,Withdrawn,,8/4/2016,,,7/1/2019,,,,,ER/NR,WITHDRAWN
GEN-2016-082,,,Roger Mills,OK,,WFEC,Wind,300.0,300.0,300.0,6/30/2016,Withdrawn,,8/4/2016,,,7/1/2019,,,,,ER/NR,WITHDRAWN
GEN-2016-081,,,Yoakum,TX,,SPS,Wind,300.0,300.0,300.0,6/30/2016,Withdrawn,,8/4/2016,,,7/1/2019,,,,,ER/NR,WITHDRAWN
GEN-2016-080,,,Lea,NM,,SPS,Solar,100.0,100.0,100.0,6/30/2016,Withdrawn,,8/4/2016,,,12/15/2019,,,,,ER/NR,WITHDRAWN
GEN-2016-079,,,Cheyenne,NE,Sidney Substation 230kV,NPPD,Solar,160.0,160.0,160.0,6/30/2016,Withdrawn,,3/28/2017,,,12/31/2019,,,,,ER/NR,WITHDRAWN
GEN-2016-078,,,Bailey,TX,Bailey County 115kV,SPS,Solar,108.0,108.0,108.0,6/29/2016,Withdrawn,,12/7/2020,,,12/31/2022,,,DISIS-2017-001,,ER/NR,WITHDRAWN
GEN-2016-077,,,Terry,TX,Lakeview-Brownfield 69kV line,SPS,Solar,54.0,54.0,54.0,6/29/2016,Withdrawn,,9/10/2020,,,12/31/2022,,,DISIS-2017-001,,ER/NR,WITHDRAWN
GEN-2016-076,,,Roosevelt,NM,Crossroads 345kV substation,SPS,Wind,396.0,396.0,396.0,6/30/2016,Withdrawn,,11/30/2016,,,12/31/2018,,,,,ER/NR,WITHDRAWN
GEN-2016-075,,,Holt,NE,Fort Thompson-Grand Island (Grand Prairie) 345kV,WAPA,Wind,50.0,50.0,50.0,3/31/2016,Completed,12/31/2027,,,,12/31/2017,12/31/2027,,DISIS-2016-001-3,02 NEBRASKA,ER,IA FULLY EXECUTED/ON SCHEDULE
GEN-2016-074,,,Custer,NE,Sweetwater 345kV,NPPD,Wind,200.0,200.0,200.0,4/14/2016,Completed,7/1/2027,,,,10/30/2020,7/1/2027,,DISIS-2016-002-1,02 NEBRASKA,ER,IA FULLY EXECUTED/ON SCHEDULE
GEN-2016-073,,,Kingman County,KS,Thistle-Wichita Dbl Ckt (Buffalo Flats) 345kV,WERE,Wind,220.0,220.0,220.0,3/30/2016,,10/29/2025,,,,12/31/2017,10/29/2025,,DISIS-2016-001-3,03 CENTRAL,ER,TERMINATED
GEN-2016-072,,,Grant,OK,Renfrow 345kV,OGE,Wind,156.0,156.0,156.0,3/31/2016,Withdrawn,,12/17/2020,,,7/31/2018,,,DISIS-2017-001,,ER,WITHDRAWN
GEN-2016-071,,,Kay,OK,Middleton Tap 138kV Substation,OGE,Wind,64.6,64.6,64.6,3/30/2016,Completed,2/27/2028,,,,9/30/2018,2/27/2028,,DISIS-2016-001-3,04 SOUTHEAST,ER,IA FULLY EXECUTED/ON SCHEDULE
GEN-2016-070,,,Carson,TX,Martin 115 kV Substation,SPS,Wind,5.3,5.3,5.3,3/30/2016,Completed,12/11/2020,,,,11/1/2016,12/11/2020,,DISIS-2016-001-3,05 SOUTHWEST,ER,IA FULLY EXECUTED/COMMERCIAL OPERATION
GEN-2016-069,,,Roswell,NM,Chaves County 115kV,SPS,Solar,31.4,31.4,31.4,3/30/2016,Withdrawn,,8/27/2019,,,6/1/2018,,,DISIS-2016-001-3,,ER,WITHDRAWN
GEN-2016-068,,,Garfield,OK,Woodring 345kV,OGE,Wind,250.0,250.0,250.0,3/30/2016,Completed,12/15/2020,,,,9/18/2020,12/15/2020,,DISIS-2016-001-3,04 SOUTHEAST,ER,IA FULLY EXECUTED/COMMERCIAL OPERATION
GEN-2016-067,,,Thomas,KS,Mingo 345kV,SUNC,Wind,73.6,73.6,73.6,3/31/2016,Completed,7/24/2019,,,,11/1/2017,7/24/2019,,DISIS-2016-001-3,03 CENTRAL,ER,IA FULLY EXECUTED/COMMERCIAL OPERATION
GEN-2016-066,,,Stark,ND,Tap Rhame-Belfield 230kV,WAPA,Wind,13.0,13.0,13.0,3/24/2016,Withdrawn,,3/2/2017,,,10/1/2016,,,,,ER,WITHDRAWN
GEN-2016-065,,,Stark,ND,Tap Belfield-Rhame (Daglam) 230kV,WAPA,Wind,6.8,6.8,6.8,3/24/2016,Withdrawn,,3/2/2017,,,10/1/2016,,,,,ER,WITHDRAWN
GEN-2016-064,,,Webster,NE,Rosemont ring-bus station 115kv substation,NPPD,Wind,116.0,116.0,116.0,3/30/2016,Withdrawn,,9/19/2017,,,12/1/2017,,,,,ER,WITHDRAWN
GEN-2016-063,,,Johnston,OK,Hugo-Sunnyside 345 kV,OGE,Wind,200.0,200.0,200.0,3/30/2016,,6/1/2023,,,,12/31/2018,6/1/2023,,DISIS-2016-001-3,04 SOUTHEAST,ER/NR,TERMINATED
GEN-2016-062,,,Andrews,TX,Andrews County 230kV,SPS,Wind,250.7,250.7,250.7,3/29/2016,Withdrawn,,8/27/2019,,,12/1/2018,,,DISIS-2016-001-3,,ER,WITHDRAWN
GEN-2016-061,,,Garfield/Noble,OK,Sooner-Woodring 345 kV line,OGE,Wind,250.7,250.7,250.7,3/29/2016,Completed,11/21/2020,,,,12/1/2017,11/21/2020,,DISIS-2016-001-3,04 SOUTHEAST,ER,IA FULLY EXECUTED/COMMERCIAL OPERATION
GEN-2016-060,,,Sumner,KS,Belle Plain 138 kV Substation,WERE,Wind,25.3,25.3,25.3,3/31/2016,Withdrawn,,10/15/2018,,,12/31/2017,,,,,ER,WITHDRAWN
GEN-2016-059,,,Cimarron,TX,Harrington 230kV Sub,SPS,Wind,300.0,300.0,300.0,3/31/2016,Withdrawn,,4/6/2017,,,8/31/2018,,,,,ER/NR,WITHDRAWN
GEN-2016-058,,,Yoakum,TX,Yoakum 345 kV Sub,SPS,Solar,212.0,212.0,212.0,3/30/2016,Withdrawn,,4/17/2017,,,9/1/2018,,,,,ER,WITHDRAWN
GEN-2016-057,,,"Cimarron, Texas County",OK,Mathewson 345kV,OGE,Wind,499.1,499.1,499.1,3/31/2016,Completed,3/18/2022,,,,8/31/2018,3/18/2022,,DISIS-2016-001-3,04 SOUTHEAST,ER,IA FULLY EXECUTED/COMMERCIAL OPERATION
GEN-2016-056,,,Hockley,TX,Carlisle 230kV,SPS,Wind,200.0,200.0,200.0,3/30/2016,Withdrawn,,8/27/2019,,,12/15/2018,,,DISIS-2016-001-3,,ER,WITHDRAWN
GEN-2016-055,,,Webster,NE,Pauline-Hildreth 155 kV,NPPD,Wind,126.5,126.5,126.5,3/30/2016,Withdrawn,,9/19/2017,,,12/1/2018,,,,,ER,WITHDRAWN
GEN-2016-054,,,Jerauld,SD,Springs 230kV,WAPA,Wind,3.4,3.4,3.4,3/28/2016,Withdrawn,,5/23/2019,,,,,,DISIS-2016-001-3,,ER,WITHDRAWN
GEN-2016-053,,,Burleigh,ND,Hilken 230kV,WAPA,Wind,3.3,3.3,3.3,3/28/2016,Withdrawn,,12/2/2019,,,12/31/2016,,,DISIS-2016-001-3,,ER,WITHDRAWN
GEN-2016-052,,,Burleigh,ND,Hilken 230kV,WAPA,Wind,3.3,3.3,3.3,3/28/2016,Withdrawn,,12/2/2019,,,12/31/2016,,,DISIS-2016-001-3,,ER,WITHDRAWN
GEN-2016-051,,,Custer,OK,Clinton Junction-Weatherford Southeast 138kV,AEP,Wind,9.8,9.8,9.8,3/30/2016,Completed,12/18/2020,,,,,12/18/2020,,DISIS-2016-001-3,04 SOUTHEAST,ER,IA FULLY EXECUTED/COMMERCIAL OPERATION
GEN-2016-050,,,Webster Co,NE,Axtell – Post Rock 345 kV,NPPD,Wind,250.7,250.7,250.7,3/30/2016,Completed,12/9/2021,,,,12/1/2017,12/9/2021,,DISIS-2016-001-3,02 NEBRASKA,ER,IA FULLY EXECUTED/COMMERCIAL OPERATION
GEN-2016-049,,,McCraken,KS,Post Rock - Spearville 345kV,SUNC,Wind,310.2,310.2,310.2,3/31/2016,Withdrawn,,12/4/2020,,,7/31/2018,,,DISIS-2017-001,,ER,WITHDRAWN
GEN-2016-048,,,Osage Co,OK,Sooner 138 kV,OGE,Solar,82.3,74.0,82.3,3/31/2016,Withdrawn,,5/24/2019,,,6/30/2019,,,DISIS-2017-001,,ER/NR,WITHDRAWN
GEN-2016-047,,,Canadian,OK,Mustang 69kV,OGE,Thermal - CT,24.0,8.0,24.0,3/31/2016,Completed,3/24/2018,,,,12/31/2017,3/24/2018,,DISIS-2016-001-3,04 SOUTHEAST,ER,IA FULLY EXECUTED/COMMERCIAL OPERATION
GEN-2016-046,,,Ford County,KS,Clark County-Ironwood 345kV,SUNC,Wind,297.6,297.6,297.6,3/31/2016,Completed,12/23/2021,,,,12/1/2018,12/23/2021,,DISIS-2016-001-3,03 CENTRAL,ER,IA FULLY EXECUTED/COMMERCIAL OPERATION
GEN-2016-045,,,"Cimarron, Texas County",OK,Mathewson 345kV,OGE,Wind,499.1,499.1,499.1,3/31/2016,Completed,3/18/2022,,,,8/31/2018,3/18/2022,,DISIS-2016-001-3,04 SOUTHEAST,ER,IA FULLY EXECUTED/COMMERCIAL OPERATION
GEN-2016-044,,,Logan County,ND,Leland Olds - Groton 345kV line,BEPC,Wind,400.0,400.0,400.0,3/31/2016,Withdrawn,12/1/2018,5/22/2017,,,12/1/2018,12/1/2018,,,,ER,WITHDRAWN
GEN-2016-043,,,Wayne County,NE,Hoskins 345kV,NPPD,Wind,230.0,230.0,230.0,3/31/2016,Completed,6/27/2020,,,,9/1/2018,6/27/2020,,DISIS-2016-001-3,02 NEBRASKA,ER,IA FULLY EXECUTED/COMMERCIAL OPERATION
GEN-2016-042,,,Grady and Stephens County,OK,Tap Lawton - Sunnyside 345kV,AEP,Wind,22.0,22.0,22.0,3/30/2016,Withdrawn,12/31/2016,3/3/2017,,,12/31/2016,12/31/2016,,,,ER,WITHDRAWN
GEN-2016-041,,,Texas County,OK,Hitchland 345kV Substation,SPS,Solar,100.0,100.0,100.0,3/28/2016,Withdrawn,1/1/2019,2/13/2017,,,1/1/2019,1/1/2019,,,,ER/NR,WITHDRAWN
GEN-2016-040,,,Dekalb County,MO,Nebraska City – Sibley 345kV,GMO,Wind,18.4,18.4,18.4,3/25/2016,Withdrawn,12/31/2016,5/5/2017,,,12/31/2016,12/31/2016,,,,ER,WITHDRAWN
GEN-2016-039,,,Randall County,TX,Swisher 115kV,SPS,Solar,112.0,112.0,112.0,3/31/2016,Withdrawn,,6/7/2021,,,12/31/2017,,,DISIS-2017-001,,ER,WITHDRAWN
GEN-2016-038,,,Cimarron County,OK,Harrington 230kV Substation,SPS,WIND,300.0,300.0,300.0,3/31/2016,Withdrawn,8/31/2018,2/28/2017,,,8/31/2018,8/31/2018,,,,ER/NR,WITHDRAWN
GEN-2016-037,,,Washita County,OK,Chisholm-Gracemont 345kV,AEP,Wind,300.0,300.0,300.0,3/31/2016,Completed,3/21/2023,,,,6/1/2021,3/21/2023,,DISIS-2017-001,04 SOUTHEAST,ER,IA FULLY EXECUTED/COMMERCIAL OPERATION
GEN-2016-036,,,Chippewa County,MN,Granite Falls 115kV substation,WAPA,Wind,44.6,44.6,44.6,3/28/2016,Completed,12/30/2018,,,,11/17/2018,12/30/2018,,DISIS-2016-002-1,01 NORTH,ER,IA FULLY EXECUTED/COMMERCIAL OPERATION
GEN-2016-035,,,Burleigh County,ND,Tap Bismark – Mound Ridge 230 kV,WAPA,Wind,264.5,264.5,264.5,3/30/2016,Withdrawn,6/30/2018,8/4/2016,,,6/30/2018,6/30/2018,,,,ER,WITHDRAWN
GEN-2016-034,,,Banner County,NE,Laramie River Station - Sidney 345kV,WAPA,Wind,90.0,90.0,90.0,3/31/2016,Withdrawn,,12/7/2020,,,6/1/2018,,,DISIS-2017-001,,ER,WITHDRAWN
GEN-2016-033,,,Johnston,OK,Imo 138 kV Sub,OGE,Solar,82.3,74.8,82.3,3/31/2016,Withdrawn,,7/25/2016,,,12/31/2018,,,,,ER/NR,WITHDRAWN
GEN-2016-032,,,Kingfisher Co,OK,Crescent Substation 138 kV,OGE,Wind,200.0,200.0,200.0,3/30/2016,Completed,4/11/2024,,,,2/1/2023,4/11/2024,,DISIS-2016-001-3,04 SOUTHEAST,ER/NR,IA FULLY EXECUTED/COMMERCIAL OPERATION
GEN-2016-031,,,Kay County,OK,Rose Hill (Open Sky)-Sooner (Ranch Road) 345kV,OGE,Wind,1.5,1.5,1.5,3/25/2016,Completed,12/17/2016,,,,11/30/2016,12/17/2016,,DISIS-2016-001-3,04 SOUTHEAST,ER,IA FULLY EXECUTED/COMMERCIAL OPERATION
GEN-2016-030,,,Johnston Co,OK,Brown 138kV,OGE,Solar,100.0,100.0,100.0,3/30/2016,Completed,3/11/2026,,,,8/28/2021,3/11/2026,,DISIS-2016-001-3,04 SOUTHEAST,ER/NR,IA FULLY EXECUTED/COMMERCIAL OPERATION
GEN-2016-029,,,Platte Co,WY,Laramie River Station-Sidney 345kV,BEPC,Wind,150.5,150.5,150.5,3/28/2016,Withdrawn,,,,,12/31/2017,,,DISIS-2016-001-3,,ER,WITHDRAWN
GEN-2016-028,,,Le Flore Co,OK,Clayton 138 kV Sub,AEP,Wind,100.0,100.0,100.0,3/29/2016,Completed,12/27/2019,,,,12/31/2018,12/27/2019,,DISIS-2016-001-3,04 SOUTHEAST,ER,IA FULLY EXECUTED/COMMERCIAL OPERATION
GEN-2016-027,,,Cherry Co,NE,,,Wind,60.0,60.0,60.0,3/31/2016,Withdrawn,,5/18/2016,,,12/31/2017,,,,,ER/NR,WITHDRAWN
GEN-2016-026,,,Custer Co,NE,Callaway 115kV (#640098),NPPD,Wind,120.0,120.0,120.0,3/31/2016,Withdrawn,,8/4/2016,,,12/31/2018,,,,,ER/NR,WITHDRAWN
GEN-2016-025,,,Custer County,NE,,NPPD,Wind,100.0,100.0,100.0,3/31/2016,Withdrawn,,4/11/2016,,,12/31/2018,,,,,ER/NR,WITHDRAWN
GEN-2016-024,,,El Dorado,KS,Midian 138kV Substation,WERE,Solar,55.9,55.9,55.9,3/29/2016,Withdrawn,,5/24/2019,,,12/31/2018,,,DISIS-2017-001,,ER/NR,WITHDRAWN
GEN-2016-023,,,Platte,WY,Laramie River Station-Sidney 345kV,BEPC,Wind,150.5,150.5,150.5,3/28/2016,Withdrawn,,4/6/2020,,,12/31/2017,,,DISIS-2016-001-3,,ER,WITHDRAWN
GEN-2016-022,,,"Newkirk, Kay County",OK,Rose Hill (Open Sky)-Sooner (Ranch Road) 345kV,OGE,Wind,151.8,151.8,151.8,3/31/2016,Completed,12/10/2020,,,,12/31/2017,12/10/2020,,DISIS-2016-001-3,04 SOUTHEAST,ER,IA FULLY EXECUTED/COMMERCIAL OPERATION
GEN-2016-021,,,Dixon County,NE,Hoskins 345kV,NPPD,Wind,298.47,298.47,298.47,3/31/2016,Completed,3/9/2022,,,,12/1/2018,3/9/2022,,DISIS-2016-001-3,02 NEBRASKA,ER,IA FULLY EXECUTED/COMMERCIAL OPERATION
GEN-2016-020,,,Woodward County,OK,Moreland 138kV Substation,WFEC,Wind,148.4,148.4,148.4,4/1/2016,Completed,12/18/2020,,,,12/31/2018,12/18/2020,,DISIS-2016-001-3,04 SOUTHEAST,ER,IA FULLY EXECUTED/COMMERCIAL OPERATION
GEN-2016-019,,,Johnston County,OK,Hugo - Sunnyside 345kV,OGE,Thermal - CT,1219.0,1199.0,1219.0,3/28/2016,Withdrawn,,8/4/2016,,,6/1/2021,,,,,ER/NR,WITHDRAWN
GEN-2016-018,,,Johnston County,OK,Hugo - Sunnyside 345kV,OGE,Thermal - CT,884.0,855.0,884.0,3/28/2016,Withdrawn,,8/4/2016,,,6/1/2021,,,,,ER/NR,WITHDRAWN
GEN-2016-017,,,Hyde County,SD,Chappelle Creek 345kV,BEPC,Wind,250.24,250.24,250.24,3/29/2016,Completed,11/23/2020,,,,12/1/2017,11/23/2020,,DISIS-2016-001-3,01 NORTH,ER,IA FULLY EXECUTED/COMMERCIAL OPERATION
GEN-2016-016,,,Edwards,KS,North Kinsley 115 kV,MIDW,Wind,78.2,78.2,78.2,3/29/2016,,12/1/2023,,,,12/1/2017,12/1/2023,,DISIS-2016-001-3,03 CENTRAL,ER,TERMINATED
GEN-2016-015,,,Andrews,TX,Andrews County 230kV,SPS,Solar,100.0,100.0,100.0,3/29/2016,Withdrawn,,8/27/2019,,,10/1/2018,,,DISIS-2016-001-3,,ER,WITHDRAWN
GEN-2016-014,,,Joplin,MO,LaRussell Energy Center 161kV,EDE,Thermal - CT,10.0,10.0,10.0,3/29/2016,Completed,4/30/2020,,,,4/25/2003,4/30/2020,,DISIS-2016-001-3,03 CENTRAL,ER,IA FULLY EXECUTED/COMMERCIAL OPERATION
GEN-2016-013,,,Joplin,MO,LaRussell Energy Center 161kV,EDE,Thermal - CT,10.0,10.0,10.0,3/29/2016,Completed,4/30/2020,,,,4/25/2003,4/30/2020,,DISIS-2016-001-3,03 CENTRAL,ER,IA FULLY EXECUTED/COMMERCIAL OPERATION
GEN-2016-012,,,Garnett,KS,Wolf Creed-La Cygne 345 kV,WERE,Wind,200.0,200.0,200.0,3/31/2016,Withdrawn,,3/1/2017,,,10/1/2018,,,,,ER/NR,WITHDRAWN
GEN-2016-011,,,Harper,KS,,WERE,Wind,116.0,116.0,116.0,3/24/2016,Withdrawn,,4/12/2016,,,12/31/2018,,,,,ER/NR,WITHDRAWN
GEN-2016-010,,,Harper,KS,Tap Flat Ridge 2 East (#532792) – Viola (#532798) 345kV,WERE,Wind,134.0,134.0,134.0,3/24/2016,Withdrawn,,8/4/2016,,,12/31/2018,,,,,ER/NR,WITHDRAWN
GEN-2016-009,,,Ponca City,OK,Osage 69 kV Sub,OGE,Thermal - Steam Turbine,29.0,29.0,29.0,3/24/2016,Completed,11/18/2020,,,,9/30/2018,11/18/2020,,DISIS-2016-001-3,03 CENTRAL,ER,IA FULLY EXECUTED/COMMERCIAL OPERATION
GEN-2016-008,,,Greer,OK,Granite 69 kV Sub,WFEC,Solar,40.0,40.0,40.0,3/24/2016,Withdrawn,,2/28/2017,,,6/30/2019,,,,,ER/NR,WITHDRAWN
GEN-2016-007,,,Barnes,ND,Valley City 115 kV,WAPA,Wind,100.05,100.05,100.05,3/28/2016,,12/31/2024,9/6/2024,,,12/31/2018,12/31/2024,,DISIS-2016-001-3,01 NORTH,ER,TERMINATED
GEN-2016-006,,,Haakon,SD,Philip Tap; New Underwood-Oahe 230 kV,WAPA,Wind,140.0,140.0,140.0,3/28/2016,Withdrawn,,8/4/2016,,,12/31/2018,,,,,ER/NR,WITHDRAWN
GEN-2016-005,,,Ford,KS,Clark-Thistle 345kV,SUNC,Wind,150.0,150.0,150.0,3/14/2016,Withdrawn,,11/30/2020,,,10/31/2021,,,DISIS-2017-001,,ER/NR,WITHDRAWN
GEN-2016-004,,,Oliver,ND,Basin Electric 230 kV,BEPC,Wind,202.0,202.0,202.0,3/10/2016,Completed,12/31/2027,,,,10/5/2022,12/31/2027,,DISIS-2016-001-3,01 NORTH,ER/NR,IA FULLY EXECUTED/ON SCHEDULE
GEN-2016-003,,,Ellis,OK,Badger-Woodward EHV Dbl Ckt 345kV,OGE,Wind,248.4,248.4,248.4,3/15/2016,Completed,12/21/2022,,,,12/31/2017,12/21/2022,,DISIS-2016-001-3,04 SOUTHEAST,ER,IA FULLY EXECUTED/COMMERCIAL OPERATION
GEN-2016-002,,,Swisher,TX,Happy 115 kV Sub,SPS,Wind,74.0,74.0,74.0,3/4/2016,Withdrawn,,3/1/2017,,,12/31/2018,,,,,ER/NR,WITHDRAWN
GEN-2016-001,,,Beaver,OK,Badger to Woodward 345kV line (approximately fifty (50) miles west of Woodward District EHV 345kV Substation),OGE,Wind,300.3,300.3,300.3,2/11/2016,Withdrawn,,2/26/2017,,,1/12/2018,,,,,ER,WITHDRAWN
GEN-2015-101,,,Deaf Smith County,TX,Plant X - Deaft Smith 230kV,SPS,Wind,240.0,240.0,240.0,12/28/2015,Withdrawn,10/1/2017,4/15/2016,,,10/1/2017,10/1/2017,,,,ER/NR,WITHDRAWN
GEN-2015-100,,,Jefferson,NE,Fairbury 115kV substation,NPPD,Wind,120.0,120.0,120.0,12/23/2015,Withdrawn,,4/18/2016,,,11/1/2020,,,,,ER/NR,WITHDRAWN
GEN-2015-099,,,Lea,NM,Maddox 115kV,SPS,Solar,73.3,73.3,73.3,12/11/2015,Withdrawn,,7/26/2020,,,12/31/2016,,,DISIS-2016-002-1,,ER,WITHDRAWN
GEN-2015-098,,,Wibaux,MT,Dawson-Medora (Mingusville) 230kV,WAPA,Wind,100.0,100.0,100.0,10/23/2015,Withdrawn,,3/4/2019,,,12/15/2017,,,DISIS-2015-002-7,,ER,WITHDRAWN
GEN-2015-097,,,Day County,SD,Day County 115kV substation,WAPA,Wind,100.0,100.0,100.0,10/29/2015,Withdrawn,,1/12/2017,,,12/31/2016,,,,,ER,WITHDRAWN
GEN-2015-096,,,Hettinger County,ND,Daglum 230kV Switching Station,BEPC,Wind,150.0,150.0,150.0,10/19/2015,Completed,12/29/2016,,,,12/31/2017,12/29/2016,,DISIS-2015-002-7,01 NORTH,ER,IA FULLY EXECUTED/COMMERCIAL OPERATION
GEN-2015-095,,,Woods County,OK,Tap Mooreland - Knob Hill 138kV,OGE,Wind,176.0,176.0,176.0,9/21/2015,,6/1/2020,1/3/2024,,,12/1/2017,6/1/2020,,DISIS-2016-001-3,04 SOUTHEAST,ER,TERMINATED
GEN-2015-094,,,Banner,NE,Laramie River Station-Sidney 345 kV,WAPA,Wind,151.8,151.8,151.8,10/22/2015,Withdrawn,,3/11/2016,,,10/31/2017,,,,,ER/NR,WITHDRAWN
GEN-2015-093,,,Caddo,OK,Gracemont 345kV,OGE,Wind,250.0,250.0,250.0,9/29/2015,,12/31/2025,9/6/2024,,,12/1/2017,12/31/2025,,DISIS-2015-002-7,04 SOUTHEAST,ER,TERMINATED
GEN-2015-092,,,Grady,OK,Lawton East Side-Sunnyside (Terry Road) 345kV,AEP,Wind,250.0,250.0,250.0,9/30/2015,Withdrawn,12/31/2020,2/13/2024,,,12/1/2017,12/31/2020,,DISIS-2015-002-7,04 SOUTHEAST,ER,WITHDRAWN
GEN-2015-091,,,Stark,ND,Belfield-Rhame 230kV,WAPA,Wind,101.2,101.2,101.2,10/15/2015,Withdrawn,,6/9/2017,,,12/1/2018,,,,,ER,WITHDRAWN
GEN-2015-090,,,Pratt,KS,Thistle-Wichita Dbl Ckt (Buffalo Flats) 345kV,WERE,Wind,220.0,220.0,220.0,9/29/2015,Completed,12/14/2018,,,,12/1/2017,12/14/2018,,DISIS-2015-002-7,03 CENTRAL,ER,IA FULLY EXECUTED/COMMERCIAL OPERATION
GEN-2015-089,,,Bon Homme,SD,Utica 230 kV Substation,WAPA,Wind,200.0,200.0,200.0,10/13/2015,Completed,4/22/2020,,,,6/30/2017,4/22/2020,,DISIS-2016-001-3,01 NORTH,ER,IA FULLY EXECUTED/COMMERCIAL OPERATION
GEN-2015-088,,,Saline,NE,Tobias 345kV Substation,NPPD,Wind,300.0,300.0,300.0,9/30/2015,Completed,12/29/2020,,,,1/1/2019,12/29/2020,,DISIS-2015-002-7,02 NEBRASKA,ER/NR,IA FULLY EXECUTED/COMMERCIAL OPERATION
GEN-2015-087,,,Thayer,NE,Hebron-Fairbury 115 kV,NPPD,Wind,66.0,66.0,66.0,9/30/2015,,12/1/2019,3/21/2019,,,1/1/2019,12/1/2019,,DISIS-2015-002-7,,ER/NR,TERMINATED
GEN-2015-086,,,Woodward,OK,Mooreland 138kV Substation,WFEC,Wind,200.0,200.0,200.0,9/24/2015,Withdrawn,,2/4/2016,,,12/31/2018,,,,,ER/NR,WITHDRAWN
GEN-2015-085,,,Jackson,OK,Altus Junction 138kV,AEP,Solar,122.4,122.4,122.4,9/27/2015,Withdrawn,,1/9/2019,,,12/10/2018,,,,,ER,WITHDRAWN
GEN-2015-084,,,Harmon,OK,Hollis 138 kV Substation,AEP,Solar,51.3,51.3,51.3,9/30/2015,Withdrawn,,1/15/2019,,,12/10/2018,,,,,ER,WITHDRAWN
GEN-2015-083,,,Sumner,KS,Belle Plain 138 kV Substation,WERE,Wind,125.0,125.0,125.0,9/30/2015,Withdrawn,,10/12/2018,,,12/31/2017,,,,,ER,WITHDRAWN
GEN-2015-082,,,Beaver,OK,Beaver County - Woodward EHV Dbl Ckt (Badger) 345kV,OGE,Wind,200.0,200.0,200.0,9/28/2015,Completed,11/25/2020,,,,12/1/2017,11/25/2020,,DISIS-2016-001-3,05 SOUTHWEST,ER,IA FULLY EXECUTED/COMMERCIAL OPERATION
GEN-2015-081,,,Dewey,OK,Tatonga-Woodward 345 kV (proposed substation for GEN-2011-051),OGE,Wind,180.0,180.0,180.0,9/24/2015,Withdrawn,,6/15/2017,,,7/1/2018,,,,,ER/NR,WITHDRAWN
GEN-2015-080,,,Lea County,NM,Hobbs-Yoakum 230kV,SPS,Solar,129.2,129.2,129.2,9/22/2015,Withdrawn,,1/3/2019,,,5/1/2019,,,,,ER,WITHDRAWN
GEN-2015-079,,,Lea County,NM,Hobbs-Yoakum 230kV,SPS,Solar,129.2,129.2,129.2,9/22/2015,Withdrawn,,1/3/2019,,,10/1/2018,,,,,ER,WITHDRAWN
GEN-2015-078,,,Denver City,TX,Mustang 115kV,SPS,Solar,50.1,50.1,50.1,9/25/2015,Withdrawn,,7/30/2018,,,12/31/2016,,,,,ER/NR,WITHDRAWN
GEN-2015-077,,,Hockley County,TX,Tap Terry – Clauene 115kV transmission line approximately 5 miles South of Clauene,SPS,Solar,80.0,80.0,80.0,9/29/2015,Withdrawn,,4/22/2016,,,12/1/2017,,,,,ER/NR,WITHDRAWN
GEN-2015-076,,,Cedar County,NE,Belden 115kv Substation,NPPD,Wind,158.4,158.4,158.4,9/30/2015,Withdrawn,12/31/2020,,,,7/31/2017,12/31/2020,,DISIS-2015-002-7,,ER,WITHDRAWN
GEN-2015-075,,,Hockley County,TX,Carlisle 69kV Substation,SPS,Solar,51.5,51.5,51.5,9/30/2015,Withdrawn,,1/3/2019,,,12/1/2018,,,,,ER,WITHDRAWN
GEN-2015-074,,,Nemaha County,KS,Tap on the JEC-Hoyt 345kV line (approximately 10 miles from JEC),WERE,Wind,174.0,174.0,174.0,9/28/2015,Withdrawn,,4/26/2016,,,12/1/2017,,,,,ER/NR,WITHDRAWN
GEN-2015-073,,,Lyon County,KS,Emporia 345kV,WERE,Wind,200.1,200.1,200.1,9/28/2015,Completed,12/19/2019,,,,12/31/2018,12/19/2019,,DISIS-2015-002-7,03 CENTRAL,ER/NR,IA FULLY EXECUTED/COMMERCIAL OPERATION
GEN-2015-072,,,Ellis County ,KS,South Hays 230 kV Substation,MIDW,Solar,20.9,20.9,20.9,10/9/2015,Withdrawn,,3/17/2016,,,12/1/2018,,,,,ER/NR,WITHDRAWN
GEN-2015-071,,,Beckham / Roger Mills County,OK,Chisholm 345kV,AEP,Wind,200.0,200.0,200.0,10/9/2015,,12/31/2021,9/6/2019,,,9/30/2017,12/31/2021,,DISIS-2015-002-7,,ER,TERMINATED
GEN-2015-070,,,Floyd County,TX,Oklaunion-Lawton Eastside 345 kV,AEP,Solar,300.0,300.0,300.0,10/9/2015,Withdrawn,,1/13/2016,,,12/10/2019,,,,,ER/NR,WITHDRAWN
GEN-2015-069,,,Dickenson / Marion Counties,KS,Union Ridge 230kV,WERE,Wind,300.0,300.0,300.0,9/21/2015,Completed,12/17/2018,,,,12/1/2017,12/17/2018,,DISIS-2015-002-7,03 CENTRAL,ER,IA FULLY EXECUTED/COMMERCIAL OPERATION
GEN-2015-068,,,Hale County,TX,TUCO 345kV,SPS,Wind,300.0,300.0,300.0,10/7/2015,Withdrawn,,12/27/2018,,,12/1/2017,,,,,ER,WITHDRAWN
GEN-2015-067,,,Noble County,OK,Sooner 138 kV Substation,OGE,Solar,150.0,150.0,150.0,10/7/2015,Withdrawn,,6/1/2017,,,10/1/2017,,,,,ER,WITHDRAWN
GEN-2015-066,,,Pawnee,OK,Sooner - Cleveland 345kV,OGE,Wind,219.96,219.96,219.96,10/7/2015,Completed,11/5/2025,,,,12/1/2017,11/5/2025,,DISIS-2015-002-7,04 SOUTHEAST,ER,IA FULLY EXECUTED/COMMERCIAL OPERATION
GEN-2015-065,,,Thomas County,KS,Mingo 345kV,SUNC,Wind,202.4,202.4,202.4,10/7/2015,Completed,7/1/2019,,,,11/1/2017,7/1/2019,,DISIS-2015-002-7,03 CENTRAL,ER,IA FULLY EXECUTED/COMMERCIAL OPERATION
GEN-2015-064,,,Thomas County,KS,Mingo 115kV,SUNC,Wind,196.56,196.56,196.56,10/7/2015,Completed,3/26/2020,,,,11/1/2017,3/26/2020,,DISIS-2015-002-7,03 CENTRAL,ER,IA FULLY EXECUTED/COMMERCIAL OPERATION
GEN-2015-063,,,Kingfisher County,OK,Woodring-Matthewson 345kV,OGE,Wind,300.0,300.0,300.0,10/6/2015,Completed,1/1/2018,,,,12/1/2017,1/1/2018,,DISIS-2015-002-7,04 SOUTHEAST,ER,IA FULLY EXECUTED/COMMERCIAL OPERATION
GEN-2015-062,,,Garfield County,OK,Breckinridge 138kV,OGE,Wind,4.5,4.5,4.5,10/6/2015,Completed,8/27/2024,,,,3/1/2016,8/27/2024,,DISIS-2015-002-7,04 SOUTHEAST,ER,IA FULLY EXECUTED/COMMERCIAL OPERATION
GEN-2015-061,,,Logan/Thomas Counties,KS,Mingo 345kV,SUNC,Wind,200.0,200.0,200.0,10/6/2015,Withdrawn,,5/31/2017,,,12/31/2018,,,,,ER,WITHDRAWN
GEN-2015-060,,,Ellis County,OK,Woodward 138kV Substation,OGE,Wind,250.5,250.5,250.5,10/6/2015,Withdrawn,,6/14/2017,,,12/31/2021,,,,,ER,WITHDRAWN
GEN-2015-059,,,Grady County,OK,Minco 345 kV Substation,OGE,Wind,6.3,6.3,6.3,10/6/2015,Withdrawn,,8/29/2016,,,2/1/2016,,,,,ER,WITHDRAWN
GEN-2015-058,,,Eddy County,NM,Atoka 115kV,SPS,Solar,50.0,50.0,50.0,10/6/2015,Withdrawn,,11/6/2018,,,10/1/2017,,,,,ER,WITHDRAWN
GEN-2015-057,,,Grady County,OK,Minco 345kV,OGE,Wind,100.0,100.0,100.0,10/6/2015,Completed,12/22/2018,,,,12/1/2016,12/22/2018,,DISIS-2015-002-7,04 SOUTHEAST,ER,IA FULLY EXECUTED/COMMERCIAL OPERATION
GEN-2015-056,,,Roosevelt County,NM,Eddy County-Tolk (Crossroads) 345kV,SPS,,101.2,101.2,101.2,10/6/2015,,12/1/2020,4/25/2019,,,12/1/2017,12/1/2020,,DISIS-2015-002-7,,ER,TERMINATED
GEN-2015-055,,,Beckham County,OK,Erick 138kV Substation,WFEC,Solar,40.0,40.0,40.0,10/6/2015,,12/1/2024,3/26/2023,,,10/30/2016,12/1/2024,,DISIS-2015-002-7,04 SOUTHEAST,ER,TERMINATED
GEN-2015-054,,,Antelope County,NE,Antelope 115kV Substation (Neligh East),NPPD,Wind,74.0,74.0,74.0,10/5/2015,Withdrawn,,3/11/2016,,,12/31/2017,,,,,ER/NR,WITHDRAWN
GEN-2015-053,,,Antelope County,NE,Antelope 115kV,NPPD,Wind,50.0,50.0,50.0,10/5/2015,Withdrawn,,12/11/2018,,,12/31/2017,,,,,ER,WITHDRAWN
GEN-2015-052,,,Sumner,KS,Open Sky-Rose Hill 345kV,WERE,Wind,300.0,300.0,300.0,10/5/2015,Completed,2/7/2025,,,,12/1/2017,2/7/2025,,DISIS-2015-002-7,03 CENTRAL,ER,IA FULLY EXECUTED/COMMERCIAL OPERATION
GEN-2015-051,,,Lyon County,KS,,WERE,Thermal - CT,916.0,908.5,916.0,10/5/2015,Withdrawn,,1/29/2016,,,6/1/2019,,,,,ER/NR,WITHDRAWN
GEN-2015-050,,,Lyon County,KS,New 345kV Substation on the Emporia-Wichita 345kV line,WERE,Thermal - CT,464.0,454.3,458.0,10/5/2015,Withdrawn,,4/5/2017,,,6/1/2019,,,,,ER/NR,WITHDRAWN
GEN-2015-049,,,Dewey County,OK,Primary: Tatonga - Woodward 345kV line,OGE,Wind,200.0,200.0,200.0,10/5/2015,Withdrawn,,2/4/2016,,,12/31/2018,,,,,ER/NR,WITHDRAWN
GEN-2015-048,,,"Major County, OK",OK,Cleo Corner 138kV,OGE,Wind,200.0,200.0,200.0,10/5/2015,Completed,4/14/2021,,,,12/1/2017,4/14/2021,,DISIS-2015-002-7,04 SOUTHEAST,ER,IA FULLY EXECUTED/COMMERCIAL OPERATION
GEN-2015-047,,,Noble County,OK,Sooner 345kV,OGE,Wind,300.0,300.0,300.0,10/5/2015,Completed,1/1/2018,,,,12/1/2017,1/1/2018,,DISIS-2015-002-7,04 SOUTHEAST,ER,IA FULLY EXECUTED/COMMERCIAL OPERATION
GEN-2015-046,,,Williams County,ND,Tande 345kV,BEPC,Wind,300.0,300.0,300.0,10/5/2015,Completed,5/27/2021,,,,12/1/2017,5/27/2021,,DISIS-2015-002-7,01 NORTH,ER,IA FULLY EXECUTED/COMMERCIAL OPERATION
GEN-2015-045,,,Grady County,OK,Lawton East Side-Sunnyside (Terry Road) 345kV,AEP,Battery/Storage,10.3,10.3,10.3,10/5/2015,Completed,2/2/2020,,,,12/1/2017,2/2/2020,,DISIS-2015-002-7,04 SOUTHEAST,ER,IA FULLY EXECUTED/COMMERCIAL OPERATION
GEN-2015-044,,,Caddo and Canadian Counties,OK,Minco 345kV Substation,OGE,Battery/Storage,20.0,20.0,20.0,10/5/2015,Withdrawn,,3/17/2016,,,12/1/2017,,,,,ER/NR,WITHDRAWN
GEN-2015-043,,,Pratt County,KS,"Proposed 345kV Substation on the Wichita to Thistle 345kV line, circuits 1 & 2",WERE,Battery/Storage,20.0,20.0,20.0,10/5/2015,Withdrawn,,3/16/2016,,,12/1/2017,,,,,ER/NR,WITHDRAWN
GEN-2015-042,,,Dixon County,NE,Hoskins - Twin Church 230kV,NPPD,Wind,320.0,320.0,320.0,10/5/2015,Withdrawn,,6/13/2016,,,12/1/2017,,,,,ER/NR,WITHDRAWN
GEN-2015-041,,,Hale County,TX,TUCO 345kV,SPS,Thermal - CT,5.0,5.0,0.0,9/30/2015,Completed,10/19/2019,,,,7/1/2015,10/19/2019,,DISIS-2016-001,05 SOUTHWEST,ER,IA FULLY EXECUTED/COMMERCIAL OPERATION
GEN-2015-040,,,Yoakum County,TX,Mustang 230kV,SPS,Solar,50.1,50.1,50.1,9/30/2015,Withdrawn,,7/30/2018,,,12/31/2016,,,,,ER/NR,WITHDRAWN
GEN-2015-039,,,Deaf Smith County,TX,Deaf Smith-Plant X 230kV,SPS,Solar,50.1,50.1,50.1,9/30/2015,Withdrawn,,7/30/2018,,,12/31/2016,,,,,ER/NR,WITHDRAWN
GEN-2015-038,,,Canadian County,OK,Cimarron 345kV Substation,OGE,Wind,303.6,303.6,303.6,9/30/2015,Withdrawn,,1/5/2017,,,12/31/2017,,,,,ER,WITHDRAWN
GEN-2015-037,,,Hale County,TX,TUCO 345kV substation,SPS,Solar,253.0,253.0,253.0,9/23/2015,Withdrawn,,4/19/2016,,,6/1/2018,,,,,ER,WITHDRAWN
GEN-2015-036,,,Johnston County,OK,Johnston County 345kV,OGE,Wind,303.6,303.6,303.6,9/10/2015,Completed,12/13/2020,,,,12/31/2017,12/13/2020,,DISIS-2016-001-3,04 SOUTHEAST,ER,IA FULLY EXECUTED/COMMERCIAL OPERATION
GEN-2015-035,,,Ponca,OK,Primary - Osage Substation ½ mile south (bus #514742),OGE,Thermal - Steam Turbine,22.0,22.0,22.0,9/10/2015,Withdrawn,,2/4/2016,,,9/1/2018,,,,,ER,WITHDRAWN
GEN-2015-034,,,Kay County,OK,Rose Hill (Open Sky)-Sooner (Ranch Road) 345kV,OGE,Wind,200.0,200.0,200.0,8/28/2015,Completed,12/10/2020,,,,10/31/2017,12/10/2020,,DISIS-2015-002-7,04 SOUTHEAST,ER,IA FULLY EXECUTED/COMMERCIAL OPERATION
GEN-2015-033,,,Floyd,TX,Tap Tuco - Oklaunion 345kV,SPS,Wind,152.0,152.0,152.0,6/26/2015,Withdrawn,,3/27/2017,,,12/31/2017,,,,,ER/NR,WITHDRAWN
GEN-2015-032,,,Swisher,TX,Tulia 115 kV/Newhart 230 kV,SPS,Wind,300.0,300.0,300.0,6/29/2015,Withdrawn,,10/2/2015,,,9/1/2017,,,,,ER/NR,WITHDRAWN
GEN-2015-031,,,Swisher,TX,Swisher 230kV,SPS,Wind,150.5,150.5,150.5,6/29/2015,Withdrawn,,7/30/2018,,,9/1/2017,,,,,ER,WITHDRAWN
GEN-2015-030,,,Noble County,OK,Sooner 345kV,OGE,Wind,200.1,200.1,200.1,3/19/2015,,11/1/2017,3/16/2018,,,12/1/2017,11/1/2017,,,,ER,TERMINATED
GEN-2015-029,,,Dewey & Blaine County,OK,Tatonga 345kV,OGE,Wind,161.0,161.0,161.0,3/31/2015,,12/1/2020,,,,12/1/2016,12/1/2020,,DISIS-2015-001-4,,ER,TERMINATED
GEN-2015-028,,,Kay,OK,Nardins 69kV,OGE,Wind,3.0,3.0,3.0,4/1/2015,Withdrawn,,6/21/2016,,,3/1/2016,,,,,ER,WITHDRAWN
GEN-2015-027,,,Gray County,KS,Crooked Creek 115kV,SUNC,Wind,4.9,4.9,4.9,4/1/2015,Withdrawn,,8/16/2016,,,3/1/2016,,,,,ER,WITHDRAWN
GEN-2015-026,,,Gray County,KS,Buckner 345kV,SUNC,Wind,8.3,8.3,8.3,4/1/2015,Withdrawn,,8/3/2015,,,3/1/2016,,,,,ER,WITHDRAWN
GEN-2015-025,,,Pratt,KS,Tap Thistle – Wichita 345kV Dbl CKT,WERE,Wind,220.0,220.0,220.0,3/26/2015,Completed,12/19/2016,,,,12/31/2016,12/19/2016,,DISIS-2015-001-4,03 CENTRAL,ER,IA FULLY EXECUTED/COMMERCIAL OPERATION
GEN-2015-024,,,Pratt County,KS,Thistle-Wichita Dbl Ckt (Buffalo Flats) 345kV,WERE,Wind,220.0,220.0,220.0,3/26/2015,Completed,12/9/2016,,,,12/31/2016,12/9/2016,,DISIS-2015-001-4,03 CENTRAL,ER,IA FULLY EXECUTED/COMMERCIAL OPERATION
GEN-2015-023,,,Antelope & Wheeler County,NE,Grand Prairie-Grand Island (Holt County NE) 345kV,NPPD,Wind,300.7,300.7,300.7,3/31/2015,Completed,11/16/2022,,,,12/31/2019,11/16/2022,,DISIS-2015-001-4,02 NEBRASKA,ER/NR,IA FULLY EXECUTED/COMMERCIAL OPERATION
GEN-2015-022,,,Randall County,TX,Swisher 115kV,SPS,Solar,112.0,112.0,112.0,3/30/2015,Withdrawn,,10/12/2018,,,12/1/2016,,,,,ER,WITHDRAWN
GEN-2015-021,,,Stanton,KS,Johnson Corner 115kV,SUNC,Solar,20.0,20.0,20.0,4/1/2015,Completed,4/7/2020,,,,12/31/2016,4/7/2020,,DISIS-2015-001-4,03 CENTRAL,ER/NR,IA FULLY EXECUTED/COMMERCIAL OPERATION
GEN-2015-020,,,Roosevelt County,NM,Oasis 115kV,SPS,Solar,100.0,100.0,100.0,3/31/2015,,12/1/2021,3/11/2020,,,12/1/2016,12/1/2021,,DISIS-2015-002-7,,ER,TERMINATED
GEN-2015-019,,,Franklin County,AR,Fitzhugh 161kV,AEP,Thermal - CT,60.0,60.0,60.0,3/31/2015,Withdrawn,,8/10/2015,,,1/1/2017,,,,,ER/NR,WITHDRAWN
GEN-2015-018,,,Farwell County,NM,Tap Curry County - Bailey 115 kV,SPS,Wind,80.0,80.0,80.0,3/31/2015,Withdrawn,,3/30/2017,,,12/31/2016,,,,,ER/NR,WITHDRAWN
GEN-2015-017,,,Thomas County,KS,Mingo 115kV,SUNC,Thermal - Gas,172.0,155.0,172.0,3/31/2015,Withdrawn,,1/21/2016,,,8/1/2018,,,,,ER/NR,WITHDRAWN
GEN-2015-016,,,Allen County,KS,Tap Marmaton - Centerville 161kV,KCPL,Wind,200.0,200.0,200.0,3/20/2015,Completed,9/11/2019,,,,12/31/2017,9/11/2019,,DISIS-2015-001-4,03 CENTRAL,ER/NR,IA FULLY EXECUTED/COMMERCIAL OPERATION
GEN-2015-015,,,Grant County,OK,Tap Medford Tap – Coyote 138kV,OGE,Wind,154.56,154.56,154.56,3/27/2015,Completed,12/8/2017,,,,7/31/2016,12/8/2017,,DISIS-2015-001-4,04 SOUTHEAST,ER/NR,IA FULLY EXECUTED/COMMERCIAL OPERATION
GEN-2015-014,,,Cochran County,TX,Tap Cochran - Lehman 115kV substation,SPS,Wind,150.0,150.0,150.0,3/31/2015,Completed,12/15/2018,,,,12/1/2016,12/15/2018,,DISIS-2015-001-4,05 SOUTHWEST,ER,IA FULLY EXECUTED/COMMERCIAL OPERATION
GEN-2015-013,,,Kiowa County,OK,Snyder 138kV,WFEC,Solar,120.0,120.0,120.0,3/31/2015,Completed,5/23/2024,,,,12/1/2016,5/23/2024,,DISIS-2015-001-4,04 SOUTHEAST,ER/NR,IA FULLY EXECUTED/COMMERCIAL OPERATION
GEN-2015-012,,,Lincoln County,CO,Mingo 345kV,SUNC,Wind,300.13,300.13,300.13,3/26/2015,Withdrawn,,9/28/2015,,,1/1/2017,,,,,ER/NR,WITHDRAWN
GEN-2015-011,,,Thomas County,KS,Mingo 115kV,SUNC,Thermal - Gas,172.0,155.0,172.0,3/31/2015,Withdrawn,,8/24/2015,,,8/1/2018,,,,,ER/NR,WITHDRAWN
GEN-2015-010,,,Roosevelt County,NM,Tap South Roosevelt – Tolk 230kV,SPS,Wind,250.7,250.7,250.7,3/31/2015,Withdrawn,,10/22/2015,,,12/1/2017,,,,,ER,WITHDRAWN
GEN-2015-009,,,Chaves County,NM,Hobbs 230kV,SPS,Wind,300.0,300.0,300.0,3/31/2015,Withdrawn,,9/22/2015,,,9/1/2020,,,,,ER/NR,WITHDRAWN
GEN-2015-008,,,Antelope County,NE,Antelope 115kV,NPPD,Wind,150.4,150.4,150.4,3/30/2015,Withdrawn,,10/1/2015,,,12/1/2016,,,,,ER/NR,WITHDRAWN
GEN-2015-007IS,,,,,,,Hydro,2.0,2.0,2.0,11/25/2015,Withdrawn,,4/18/2016,,,,,,,,,WITHDRAWN
GEN-2015-007,,,Wayne County,NE,Hoskins 345kV,NPPD,Wind,160.0,160.0,160.0,3/25/2015,Completed,12/31/2019,,,,11/8/2019,12/31/2019,,DISIS-2015-001-4,02 NEBRASKA,ER,IA FULLY EXECUTED/COMMERCIAL OPERATION
GEN-2015-006,,,Ochiltree County,TX,Beaver County 345 kV,OGE,Wind,150.0,150.0,150.0,3/23/2015,Withdrawn,,9/24/2015,,,12/31/2017,,,DISIS-2015-001,,ER,WITHDRAWN
GEN-2015-005,,,DeKalb County,MO,Mullen Creek-Sibley (Ketchum) 345kV,GMO,Wind,200.1,200.1,200.1,3/25/2015,Completed,12/16/2016,,,,12/31/2017,12/16/2016,,DISIS-2015-001-4,03 CENTRAL,ER,IA FULLY EXECUTED/COMMERCIAL OPERATION
GEN-2015-004IS,,,,,,,Hydro,8.0,8.0,8.0,11/25/2015,Withdrawn,,4/18/2016,,,,,,,,,WITHDRAWN
GEN-2015-004,,,Beckham County,OK,Border 345kV,OGE,Wind,52.9,52.9,52.9,3/18/2015,,7/31/2020,8/19/2020,,,5/15/2017,7/31/2020,,DISIS-2015-001-4,,ER,TERMINATED
GEN-2015-003,,,Grant County,OK,Renfrow 345kV,OGE,Wind,200.0,200.0,200.0,3/18/2015,Withdrawn,,7/31/2015,,,12/31/2017,,,DISIS-2015-001,,ER,WITHDRAWN
GEN-2015-002,,,Canadian County,OK,Cimarron 345kV Substation,OGE,Solar,200.0,200.0,200.0,3/24/2015,Withdrawn,,5/8/2015,,,9/29/2018,,,DISIS-2015-001,,ER,WITHDRAWN
GEN-2015-001,,,Kay,OK,Rose Hill (Open Sky)-Sooner (Ranch Road) 345kV,OGE,Wind,200.0,200.0,200.0,3/4/2015,Completed,12/17/2016,,,,12/31/2016,12/17/2016,,DISIS-2015-001-4,04 SOUTHEAST,ER,IA FULLY EXECUTED/COMMERCIAL OPERATION
GEN-2014-074,,,Floyd,TX,Tap Tuco Interchange - Oklaunion 345kV,SPS,Wind,152.0,152.0,152.0,12/17/2014,Withdrawn,,5/26/2017,,,10/31/2017,,,,,ER,WITHDRAWN
GEN-2014-073,,,Hale,TX,North Plainview 115 kV/Swisher 230 kV,SPS,Wind,200.0,200.0,200.0,12/17/2014,Withdrawn,,4/7/2015,,,11/1/2015,,,,,ER/NR,WITHDRAWN
GEN-2014-072,,,Rush,KS,Spearville – Post Rock 345 kV,MIDW,Wind,200.0,200.0,200.0,12/11/2014,Withdrawn,,4/7/2015,,,12/31/2017,,,,,ER/NR,WITHDRAWN
GEN-2014-071,,,Stanton,KS,Johnson Corner 115kV,SUNC,Solar,20.0,20.0,20.0,9/30/2014,Withdrawn,,2/23/2015,,,,,,,,ER/NR,WITHDRAWN
GEN-2014-070,,,Lea,NM,Tap Hobbs - Yoakum 230kV,SPS,Solar,113.0,113.0,113.0,9/29/2014,Withdrawn,,6/1/2015,,,10/1/2016,,,,,ER,WITHDRAWN
GEN-2014-069,,,Eddy,NM,Tap Potash Junction - Livingston Ridge 115kV,SPS,Solar,90.0,90.0,90.0,9/29/2014,Withdrawn,,3/30/2015,,,10/1/2016,,,,,ER/NR,WITHDRAWN
GEN-2014-068,,,Deaf Smith,TX,Tap Deaf Smith - Plant X 230 kV line,SPS,Thermal - CT,203.0,196.0,203.0,9/30/2014,Withdrawn,,9/1/2015,,,3/1/2019,,,,,ER/NR,WITHDRAWN
GEN-2014-067,,,Deaf Smith,TX,Tap Potter County - New Hart 230kV,SPS,Thermal - CC,356.0,339.0,356.0,9/30/2014,Withdrawn,,2/27/2015,,,3/1/2019,,,,,ER,WITHDRAWN
GEN-2014-066,,,Quay,NM,Norton 115kV,SPS,Solar,30.0,30.0,30.0,9/25/2014,Withdrawn,,9/28/2015,,,12/1/2016,,,,,ER/NR,WITHDRAWN
GEN-2014-065,,,Lea,NM,Whitten 115kV,SPS,Solar,99.0,99.0,99.0,9/30/2014,Withdrawn,,10/22/2015,,,12/31/2016,,,,,ER/NR,WITHDRAWN
GEN-2014-064,,,Garfield,OK,Otter 138kV,OGE,Wind,248.4,248.4,248.4,9/30/2014,Completed,12/21/2018,,,,12/1/2016,12/21/2018,,DISIS-2014-002-6,04 SOUTHEAST,ER,IA FULLY EXECUTED/COMMERCIAL OPERATION
GEN-2014-063,,,Chaves,NM,Hobbs 230kV,SPS,Wind,120.0,120.0,120.0,9/30/2014,Withdrawn,,6/4/2015,,,9/1/2016,,,,,ER/NR,WITHDRAWN
GEN-2014-062,,,Roosevelt,OK,Tap Tolk - Eddy County (Crossroads) 345kV,SPS,Wind,200.1,200.1,200.1,9/30/2014,Withdrawn,,3/30/2015,,,12/1/2016,,,,,ER,WITHDRAWN
GEN-2014-061,,,Blaine,OK,Tatonga 345kV,OGE,Wind,161.0,161.0,161.0,9/30/2014,Withdrawn,,3/30/2015,,,12/1/2016,,,,,ER,WITHDRAWN
GEN-2014-060,,,Webster,NE,Tap Pauline – Hildreth (Rosemont) 115kV,NPPD,Wind,125.8,125.8,125.8,9/30/2014,Withdrawn,,10/2/2015,,,12/31/2015,,,,,ER/NR,WITHDRAWN
GEN-2014-059,,,Keith,NE,Tap Sidney - Ogallala 230kV line,NPPD,Wind,160.0,160.0,160.0,9/30/2014,Withdrawn,,3/17/2016,,,9/1/2016,,,,,ER/NR,WITHDRAWN
GEN-2014-058,,,Blaine,OK,Tap Tatonga - Mathewson 345kV,,Wind,300.0,300.0,300.0,9/29/2014,Withdrawn,,3/2/2015,,,12/31/2016,,,,,ER,WITHDRAWN
GEN-2014-057,,,Grady,OK,Lawton East Side-Sunnyside (Terry Road) 345kV,AEP,Wind,249.9,249.9,249.9,9/29/2014,Completed,12/1/2016,,,,12/31/2016,12/1/2016,,DISIS-2014-002-6,04 SOUTHEAST,ER,IA FULLY EXECUTED/COMMERCIAL OPERATION
GEN-2014-056,,,Canadian,OK,Minco 345kV,OGE,Wind,250.0,250.0,250.0,9/29/2014,Completed,12/22/2018,,,,12/31/2016,12/22/2018,,DISIS-2014-002-6,04 SOUTHEAST,ER,IA FULLY EXECUTED/COMMERCIAL OPERATION
GEN-2014-055,,,Wayne,NE,Belden 115kV,NPPD,Wind,160.0,160.0,160.0,9/29/2014,Withdrawn,,3/2/2015,,,12/31/2016,,,,,ER,WITHDRAWN
GEN-2014-054,,,Hockley,TX,Carlisle 230kV,SPS,Wind,120.0,120.0,120.0,9/29/2014,Withdrawn,,1/6/2016,,,12/31/2016,,,,,ER,WITHDRAWN
GEN-2014-053,,,Hockley,TX,Carlisle 230kV,SPS,Wind,80.0,80.0,80.0,9/29/2014,Withdrawn,,1/6/2016,,,12/31/2016,,,,,ER,WITHDRAWN
GEN-2014-052,,,Beaver,OK,Tap Hitchland - Woodward Dbl Ckt (GEN-2011-014 Tap) 345kV,OGE,Wind,200.0,200.0,200.0,9/29/2014,Withdrawn,,3/2/2015,,,12/31/2016,,,,,ER,WITHDRAWN
GEN-2014-051,,,Nemaha,KS,Jeffrey Energy Center 345kV,WERE,Wind,174.0,174.0,174.0,9/29/2014,Withdrawn,,9/24/2015,,,12/31/2016,,,,,ER,WITHDRAWN
GEN-2014-050,,,Douglas,KS,Swissvale 345kV,WERE,Wind,100.0,100.0,100.0,9/29/2014,Withdrawn,,3/2/2015,,,12/31/2016,,,,,ER,WITHDRAWN
GEN-2014-049,,,Pratt,KS,Thistle 345kV,MKEC,Wind,200.0,200.0,200.0,9/29/2014,Withdrawn,,11/12/2015,,,12/31/2016,,,,,ER,WITHDRAWN
GEN-2014-048,,,Chaves,NM,Tap Eddy County - Tweedy 115kV,SPS,Solar,110.0,110.0,110.0,9/30/2014,Withdrawn,,10/24/2014,,,10/1/2016,,,,,ER/NR,WITHDRAWN
GEN-2014-047,,,Roosevelt,NM,Tap Tolk - Eddy County (Crossroads) 345kV,SPS,Solar,40.0,40.0,40.0,9/30/2014,Withdrawn,10/1/2017,4/6/2018,,,12/1/2016,10/1/2017,,,,ER,WITHDRAWN
GEN-2014-046,,,Chaves,NM,Chaves County 115kV,SPS,Solar,125.4,125.4,125.4,9/30/2014,Withdrawn,,3/23/2016,,,5/1/2016,,,,,ER/NR,WITHDRAWN
GEN-2014-045,,,Grant,KS,Hickok 115kV Sub,SUNC,Solar,50.0,50.0,50.0,9/29/2014,Withdrawn,,11/6/2014,,,12/31/2016,,,,,ER/NR,WITHDRAWN
GEN-2014-044,,,Terry,TX,Terry County 115kV; (Alt. POI) Tap Clauene - Terry County 115kV,SPS,Solar,50.0,50.0,50.0,9/29/2014,Withdrawn,,2/9/2015,,,12/31/2016,,,,,ER/NR,WITHDRAWN
GEN-2014-043,,,Gaines,TX,Seagraves 115kV Sub,SPS,Solar,80.0,80.0,80.0,9/29/2014,Withdrawn,,2/9/2015,,,12/31/2016,,,,,ER/NR,WITHDRAWN
GEN-2014-042,,,Hockley,TX,Clauene 115kV; (Alt. POI) Tap Clauene - Terry County 115kV,SPS,Solar,50.0,50.0,50.0,9/29/2014,Withdrawn,,2/9/2015,,,12/31/2016,,,,,ER/NR,WITHDRAWN
GEN-2014-041,,,Ness,KS,Arnold 115kV,SUNC,Wind,120.8,120.8,120.8,9/30/2014,Withdrawn,2/27/2018,9/23/2017,,,3/31/2016,2/27/2018,,,,ER,WITHDRAWN
GEN-2014-040,,,Castro,TX,Castro 115kV,SPS,Wind,320.0,320.0,320.0,9/26/2014,Completed,12/30/2016,,,,9/1/2016,12/30/2016,,DISIS-2014-002-6,05 SOUTHWEST,ER,IA FULLY EXECUTED/COMMERCIAL OPERATION
GEN-2014-039,,,Saline,NE,Friend 115kV,NPPD,Wind,73.4,73.4,73.4,9/29/2014,Withdrawn,7/1/2021,1/9/2022,,,12/1/2016,7/1/2021,,DISIS-2014-002-6,02 NEBRASKA,ER/NR,WITHDRAWN
GEN-2014-038,,,Hansford,TX,Tap Hitchland – Potter County 345 kV,SPS,Wind,200.0,200.0,200.0,9/30/2014,Withdrawn,,3/29/2016,,,9/30/2017,,,,,ER,WITHDRAWN
GEN-2014-037,,,Texas,OK,Beaver County-Hitchland Dbl Ckt (Optima) 345kV,SPS,Wind,200.0,200.0,200.0,9/30/2014,Withdrawn,,1/16/2019,,,9/30/2017,,,,,ER,WITHDRAWN
GEN-2014-036,,,Harmon,OK,Hollis 138kV,AEP,Solar,50.0,0.0,0.0,9/29/2014,Withdrawn,,3/2/2015,,,12/31/2016,,,,,ER,WITHDRAWN
GEN-2014-035,,,Chaves,NM,Chaves County 115kV,SPS,Solar,30.0,30.0,30.0,9/29/2014,Completed,4/24/2023,,,,12/31/2016,4/24/2023,,DISIS-2014-002-6,05 SOUTHWEST,ER,IA FULLY EXECUTED/COMMERCIAL OPERATION
GEN-2014-034,,,Chaves,NM,Chaves County 115kV,SPS,Solar,70.0,70.0,70.0,9/29/2014,Completed,10/21/2016,,,,12/31/2016,10/21/2016,,DISIS-2014-002-6,05 SOUTHWEST,ER,IA FULLY EXECUTED/COMMERCIAL OPERATION
GEN-2014-033,,,Chaves,NM,Chaves County 115kV,SPS,Solar,70.0,70.0,70.0,9/29/2014,Completed,8/25/2016,,,,12/31/2016,8/25/2016,,DISIS-2014-002-6,05 SOUTHWEST,ER,IA FULLY EXECUTED/COMMERCIAL OPERATION
GEN-2014-032,,,Antelope ,NE,Meadow Grove 230kV,NPPD,Wind,10.2,10.2,10.2,9/29/2014,Completed,5/1/2014,,,,10/1/2015,5/1/2014,,DISIS-2014-002-6,02 NEBRASKA,ER/NR,IA FULLY EXECUTED/COMMERCIAL OPERATION
GEN-2014-031,,,Antelope County,NE,Meadow Grove 230kV,NPPD,Wind,35.8,35.8,35.8,9/26/2014,Completed,3/30/2016,,,,10/1/2015,3/30/2016,,DISIS-2014-002-6,02 NEBRASKA,ER/NR,IA FULLY EXECUTED/COMMERCIAL OPERATION
GEN-2014-030,,,Lea County,NM,Roadrunner 345kV,SPS,Solar,150.0,150.0,150.0,9/25/2014,Withdrawn,,2/5/2015,,,10/1/2016,,,,,ER/NR,WITHDRAWN
GEN-2014-029,,,Hale,TX,Cimarron Antelope 230 kV Sub,SPS,Solar,108.8,108.8,108.8,9/25/2014,Withdrawn,,10/2/2014,,,12/31/2016,,,,,ER/NR,WITHDRAWN
GEN-2014-028,,,Cherokee County,KS,Riverton 161kV,EDE,Thermal - CC,50.0,0.0,50.0,9/25/2014,Completed,4/1/2016,,,,1/1/2016,4/1/2016,,DISIS-2014-002-6,03 CENTRAL,ER,IA FULLY EXECUTED/COMMERCIAL OPERATION
GEN-2014-027,,,Okfuskee County,OK,Weleetka 138kV,AEP,Thermal - CT,60.0,60.0,60.0,9/24/2014,Withdrawn,,2/25/2015,,,6/1/2016,,,,,ER/NR,WITHDRAWN
GEN-2014-026,,,Beaver County,OK,Beaver County 345kV,OGE,Wind,150.0,150.0,150.0,9/25/2014,Withdrawn,,2/17/2016,,,12/31/2016,,,,,ER,WITHDRAWN
GEN-2014-025,,,Rush ,KS,Tap Nekoma - Bazine (Walnut Creek) 69kV,MIDW,Wind,2.42,2.42,2.42,9/25/2014,Completed,12/1/2015,,,,10/15/2015,12/1/2015,,DISIS-2014-002-6,03 CENTRAL,ER,IA FULLY EXECUTED/COMMERCIAL OPERATION
GEN-2014-024,,,Lea,NM,Cunningham 230kV Sub,SPS,Solar,100.0,100.0,100.0,9/23/2014,Withdrawn,,2/5/2015,,,10/1/2016,,,,,ER/NR,WITHDRAWN
GEN-2014-023,,,Knox,NE,Tap Fort Randall – Meadow Grove 230kV,NPPD,Wind,79.9,79.9,79.9,9/9/2014,Withdrawn,,9/2/2015,,,12/31/2015,,,,,ER/NR,WITHDRAWN
GEN-2014-022,,,Kay,OK,Open Sky 345kV,OGE,Wind,15.0,15.0,15.0,9/5/2014,Withdrawn,,2/25/2015,,,12/31/2015,,,,,ER,WITHDRAWN
GEN-2014-021,,,Atchison ,MO,Nebraska City-Mullen Creek (Holt County MO) 345kV,GMO,Wind,300.0,300.0,300.0,9/2/2014,Completed,11/7/2017,,,,12/1/2016,11/7/2017,,DISIS-2014-002-6,03 CENTRAL,ER/NR,IA FULLY EXECUTED/COMMERCIAL OPERATION
GEN-2014-020,,,Grady ,OK,Tuttle 138kV,AEP,Wind,100.0,100.0,100.0,7/14/2014,Completed,10/10/2017,,,,12/31/2014,10/10/2017,,DISIS-2014-002-6,04 SOUTHEAST,ER/NR,IA FULLY EXECUTED/COMMERCIAL OPERATION
GEN-2014-019,,,Ochiltree,TX,Beaver County 345 kV,OGE,Wind,15.0,15.0,15.0,7/8/2014,Withdrawn,,3/2/2015,,,12/31/2014,,,,,ER/NR,WITHDRAWN
GEN-2014-018,,,Nacogdoches,TX,Tenaska - Crockett 345kV,AEP,Thermal - CT,756.8,704.0,756.8,6/27/2014,Withdrawn,,4/7/2015,,,6/1/2018,,,,,ER/NR,WITHDRAWN
GEN-2014-017,,,Nacogdoches,TX,Tenaska - Crockett 345kV,AEP,Thermal - CT,477.0,477.0,527.0,6/27/2014,Withdrawn,,9/26/2014,,,6/1/2018,,,,,,WITHDRAWN
GEN-2014-016,,,Nacogdoches,TX,Tenaska - Crockett 345kV,AEP,Thermal - CT,227.0,227.0,229.0,6/27/2014,Withdrawn,,9/26/2014,,,6/1/2018,,,,,ER/NR,WITHDRAWN
GEN-2014-015,,,Lincoln,CO,Mingo 345kV,SUNC,Wind,300.1,300.1,300.1,6/27/2014,Withdrawn,,10/24/2014,,,1/1/2016,,,,,ER/NR,WITHDRAWN
GEN-2014-014,,,Pontotoc,OK,Blue River 138 kV,OGE,Wind,149.5,149.5,149.5,6/20/2014,Withdrawn,,9/25/2014,,,12/31/2017,,,,,ER/NR,WITHDRAWN
GEN-2014-013,,,Antelope / Boone,NE,Meadow Grove 230kV,NPPD,Wind,73.5,73.5,73.5,3/31/2014,Completed,12/18/2015,,,,12/31/2014,12/18/2015,,DISIS-2014-001-1,02 NEBRASKA,ER/NR,IA FULLY EXECUTED/COMMERCIAL OPERATION
GEN-2014-012,,,Gaines,TX,Tap Hobbs Interchange - Andrews 230kV,SPS,Thermal - Gas,225.0,0.0,0.0,3/31/2014,Withdrawn,5/1/2018,5/30/2018,,,6/1/2018,5/1/2018,,,,ER,WITHDRAWN
GEN-2014-011,,,McPherson,KS,Tap Reno - Summit  345kV,WERE,Thermal - Gas,172.0,172.0,172.0,3/31/2014,Withdrawn,,8/13/2014,,,12/31/2016,,,,,ER/NR,WITHDRAWN
GEN-2014-010,,,Deaf Smith,TX,Deaf Smith 115kV,SPS,Wind,129.6,129.6,129.6,3/31/2014,Withdrawn,,10/1/2014,,,12/31/2016,,,,,ER/NR,WITHDRAWN
GEN-2014-009,,,Bailey,TX,Lariat 69kV,SPS,Wind,83.7,83.7,83.7,3/31/2014,Withdrawn,,10/1/2014,,,12/31/2016,,,,,ER/NR,WITHDRAWN
GEN-2014-008,,,Lea,NM,Eddy Co. - Tolk 345kV,SPS,Wind,300.0,300.0,300.0,3/31/2014,Withdrawn,,4/7/2015,,,11/15/2018,,,,,ER/NR,WITHDRAWN
GEN-2014-007,,,Floyd,TX,Tap TUCO Interchange - Border 345kV,SPS,Wind,400.0,400.0,400.0,3/31/2014,Withdrawn,,2/18/2015,,,12/15/2016,,,,,ER,WITHDRAWN
GEN-2014-006,,,Jefferson,NE,Harbine 115kV,NPPD,Wind,74.9,74.9,74.9,3/24/2014,Withdrawn,,8/13/2014,,,10/31/2016,,,,,ER/NR,WITHDRAWN
GEN-2014-005,,,Caddo,OK,Minco 345kV,OGE,Wind,5.7,5.7,5.7,2/19/2014,Completed,6/1/2015,,,,,6/1/2015,,DISIS-2014-001-1,04 SOUTHEAST,ER,IA FULLY EXECUTED/COMMERCIAL OPERATION
GEN-2014-004IS,,,Billings,ND,Charlie Creek 230kV,BEPC,Wind,383.0,383.0,383.0,11/24/2015,Withdrawn,12/1/2018,8/7/2018,,,10/1/2016,12/1/2018,,,,ER,WITHDRAWN
GEN-2014-004,,,Jefferson,NE,Steele City 115kV,NPPD,Wind,3.96,3.96,3.96,2/19/2014,Completed,10/29/2013,,,,,10/29/2013,,DISIS-2014-001-1,02 NEBRASKA,ER,IA FULLY EXECUTED/COMMERCIAL OPERATION
GEN-2014-003,,,Blaine,OK,Tatonga 345kV,OGE,Wind,15.8,15.8,15.8,2/19/2014,,12/31/2014,8/16/2019,,,12/31/2014,12/31/2014,,DISIS-2014-001-1,,ER,TERMINATED
GEN-2014-002,,,Dewey,OK,Tatonga 345kV,OGE,Wind,10.53,10.53,10.53,2/18/2014,Completed,4/8/2015,,,,12/31/2014,4/8/2015,,DISIS-2014-001-1,04 SOUTHEAST,ER,IA FULLY EXECUTED/COMMERCIAL OPERATION
GEN-2014-001IS,,,Butte,SD,Sulphur 115kV,WAPA,Wind,103.24,103.24,103.24,11/24/2015,Completed,9/24/2020,,,,12/15/2015,9/24/2020,,DISIS-2015-002 Prior Queued,01 NORTH,ER,IA FULLY EXECUTED/COMMERCIAL OPERATION
GEN-2014-001,,,Marion,KS,Tap Wichita - Emporia Energy Center 345kV,WERE,Wind,200.6,200.6,200.6,1/15/2014,Completed,8/11/2023,,,,7/15/2014,8/11/2023,,DISIS-2014-001-1,03 CENTRAL,ER,IA FULLY EXECUTED/COMMERCIAL OPERATION
GEN-2013-044,,,Sumner,KS,Wichita 345,WERE,Wind,136.0,136.0,136.0,12/20/2013,Withdrawn,,2/11/2014,,,12/31/2016,,,,,,WITHDRAWN
GEN-2013-043,,,Douglas,KS,Swissvale 345kV,WERE,Wind,100.0,100.0,100.0,12/20/2013,Withdrawn,,2/11/2014,,,12/31/2016,,,,,,WITHDRAWN
GEN-2013-042,,,Nemaha,KS,Jeffrey Energy Company Sub 345,WERE,Wind,173.0,173.0,173.0,12/20/2013,Withdrawn,,2/11/2014,,,12/31/2016,,,,,,WITHDRAWN
GEN-2013-041,,,Rush,KS,Great Bend 230,MIDW,Wind,100.0,100.0,100.0,12/20/2013,Withdrawn,,2/11/2014,,,12/31/2016,,,,,,WITHDRAWN
GEN-2013-040,,,Butler,NE,Columbus East 345,NPPD,Wind,200.0,200.0,200.0,12/20/2013,Withdrawn,,2/11/2014,,,12/31/2016,,,,,,WITHDRAWN
GEN-2013-039,,,Wayne,NE,Belden 115kV,NPPD,Wind,160.0,160.0,160.0,12/20/2013,Withdrawn,,2/11/2014,,,12/31/2016,,,,,,WITHDRAWN
GEN-2013-038,,,Canadian,OK,Tatonga Sub 345,OGE,Wind,300.0,300.0,300.0,12/20/2013,Withdrawn,,2/11/2014,,,12/31/2016,,,,,,WITHDRAWN
GEN-2013-037,,,Grady,OK,Lawton  Sub 345 kV,OGE,Wind,250.0,250.0,250.0,12/20/2013,Withdrawn,,2/11/2014,,,12/31/2016,,,,,,WITHDRAWN
GEN-2013-036,,,Delaware,OK,Delaware Substation 345 kv,OGE,Wind,250.0,250.0,250.0,12/20/2013,Withdrawn,,2/11/2014,,,12/31/2016,,,,,,WITHDRAWN
GEN-2013-035,,,Woodward,OK,Tap Woodward - Tatonga 345kV (GEN-2011-051 Tap),OGE,Wind,105.6,105.6,105.6,12/20/2013,Withdrawn,,3/19/2015,,,12/31/2016,,,,,ER,WITHDRAWN
GEN-2013-034,,,Ellis,OK,Tap Hitchland - Woodward Dbl Ckt (GEN-2013-034 Tap) 345kV,OGE,Wind,73.6,73.6,73.6,9/30/2013,Withdrawn,,8/13/2014,,,12/31/2014,,,,,ER,WITHDRAWN
GEN-2013-033,,,Ellis,KS,Goodman Energy Center 115kV,MIDW,Thermal - Gas,28.0,28.0,28.0,9/30/2013,Completed,2/27/2016,,,,12/31/2015,2/27/2016,,DISIS-2013-002-2,03 CENTRAL,ER/NR,IA FULLY EXECUTED/COMMERCIAL OPERATION
GEN-2013-032,,,Antelope,NE,Antelope 115kV,NPPD,Wind,202.5,202.5,202.5,9/30/2013,Completed,12/20/2018,,,,12/31/2016,12/20/2018,,DISIS-2013-002-2,02 NEBRASKA,ER,IA FULLY EXECUTED/COMMERCIAL OPERATION
GEN-2013-031,,,Randall,TX,Bushland 230kV,SPS,Thermal - Gas,370.0,322.0,370.0,9/30/2013,Withdrawn,,8/13/2014,,,6/1/2016,,,,,ER,WITHDRAWN
GEN-2013-030,,,Ochiltree,TX,Hitchland-Woodward EHV Dbl Ckt (Beaver County) 345kV,OGE,Wind,300.0,300.0,300.0,9/30/2013,,12/31/2020,,,,12/15/2015,12/31/2020,,DISIS-2013-002-2,,ER,TERMINATED
GEN-2013-029,,,Grant,OK,Renfrow 345kV,OGE,Wind,299.0,299.0,299.0,9/30/2013,Completed,4/8/2016,,,,12/15/2015,4/8/2016,,DISIS-2013-002-2,04 SOUTHEAST,ER,IA FULLY EXECUTED/COMMERCIAL OPERATION
GEN-2013-028,,,Mayes,OK,Tap N Tulsa - GRDA 1 345kV,GRDA,Thermal - Gas,538.0,495.0,538.0,9/30/2013,Completed,12/23/2017,,,,4/16/2016,12/23/2017,,DISIS-2013-002-2,04 SOUTHEAST,ER,IA FULLY EXECUTED/COMMERCIAL OPERATION
GEN-2013-027,,,Bailey,TX,Tolk - Yoakum 230kV,SPS,Wind,148.4,148.4,148.4,9/30/2013,Completed,12/10/2018,,,,3/31/2016,12/10/2018,,DISIS-2014-002-6,05 SOUTHWEST,ER/NR,IA FULLY EXECUTED/COMMERCIAL OPERATION
GEN-2013-026,,,Holt,MO,Tap Saint Joseph - Cooper 345kV (GEN-2010-056 Tap),GMO,Wind,150.0,150.0,150.0,9/30/2013,Withdrawn,,8/25/2015,,,12/1/2015,,,,,ER/NR,WITHDRAWN
GEN-2013-025,,,Canadian,OK,Tap Cimarron - Woodring (Mathewson) 345kV,OGE,Wind,50.0,50.0,50.0,9/27/2013,Withdrawn,,8/13/2014,,,9/30/2015,,,,,ER,WITHDRAWN
GEN-2013-024,,,Cherry,NE,Cherry County 345kV,NPPD,Wind,250.0,250.0,250.0,9/24/2013,Withdrawn,,10/21/2013,,,10/1/2018,,,,,ER,WITHDRAWN
GEN-2013-023,,,Greeley,NE,Tap North Loup - Spaling 115kV,NPPD,Wind,74.8,74.8,74.8,9/23/2013,Withdrawn,,10/21/2013,,,10/1/2014,,,,,ER,WITHDRAWN
GEN-2013-022,,,Quay,NM,Norton 115kV Switching Station,SPS,Solar,25.0,25.0,25.0,9/5/2013,Completed,12/7/2016,,,,5/1/2015,12/7/2016,,DISIS-2013-002-2,05 SOUTHWEST,ER/NR,IA FULLY EXECUTED/COMMERCIAL OPERATION
GEN-2013-021,,,Keith,NE,Ogallala 230kV,NPPD,Wind,229.5,229.5,229.5,7/8/2013,Withdrawn,,8/13/2014,,,12/1/2016,,,,,ER/NR,WITHDRAWN
GEN-2013-020,,,Marion,KS,Tap Wichita - Emporia 345kV CKT 1,WERE,Wind,200.1,200.1,200.1,6/28/2013,Withdrawn,,10/23/2013,,,7/15/2014,,,,,ER/NR,WITHDRAWN
GEN-2013-019,,,Lancaster,NE,Monolith 115kV,NPPD,Solar,73.6,73.6,73.6,4/17/2013,Completed,12/1/2026,,,,6/30/2014,12/1/2026,,DISIS-2013-002-2,02 NEBRASKA,ER/NR,IA FULLY EXECUTED/ON SCHEDULE
GEN-2013-018,,,Otoe,NE,Tap S974 - Hydrocarbon Tap 69kV,OPPD,Wind,51.0,51.0,51.0,4/2/2013,Withdrawn,,10/2/2013,,,10/31/2014,,,,,ER/NR,WITHDRAWN
GEN-2013-017,,,Crosby,TX,Tap TUCO - OKU 345kV,SPS,Wind,200.0,200.0,200.0,3/29/2013,Withdrawn,,10/21/2013,,,12/31/2014,,,,,ER/NR,WITHDRAWN
GEN-2013-016,,,Hale,TX,TUCO 345kV,SPS,Thermal - CT,203.0,191.0,203.0,3/29/2013,Completed,10/19/2019,,,,12/1/2016,10/19/2019,,DISIS-2013-001-4,05 SOUTHWEST,ER,IA FULLY EXECUTED/COMMERCIAL OPERATION
GEN-2013-015,,,Webster,NE,Tap Pauline - Hildreth 115kV,NPPD,Wind,125.8,125.8,125.8,3/29/2013,Withdrawn,,8/13/2014,,,12/31/2015,,,,,ER/NR,WITHDRAWN
GEN-2013-014,,,Webster,NE,Tap Guide Rock - Pauline (GEN-2008-123N Tap) 115kV,NPPD,Wind,25.5,25.5,25.5,3/29/2013,,12/30/2015,4/13/2016,,,12/31/2014,12/30/2015,,,,ER/NR,TERMINATED
GEN-2013-013,,,Roosevelt,NM,Tap Eddy County - Tolk 345kV,SPS,Wind,248.4,248.4,248.4,3/28/2013,Withdrawn,,8/13/2014,,,12/1/2014,,,,,ER/NR,WITHDRAWN
GEN-2013-012,,,Logan County,OK,Redbud 345kV,OGE,Thermal - Gas,147.0,68.0,147.0,3/28/2013,Completed,8/11/2014,,,,11/30/2014,8/11/2014,,DISIS-2013-001-4,04 SOUTHEAST,ER,IA FULLY EXECUTED/COMMERCIAL OPERATION
GEN-2013-011,,,Hempstead,AR,Turk 138kV,AEP,Thermal - Coal,30.0,40.0,30.0,3/28/2013,Completed,12/18/2012,,,,,12/18/2012,,DISIS-2013-001-4,04 SOUTHEAST,ER,IA FULLY EXECUTED/COMMERCIAL OPERATION
GEN-2013-010,,,Rush,KS,Post Rock-Spearville 345kV,SUNC,Wind,99.0,99.0,99.0,3/25/2013,Withdrawn,11/30/2018,8/8/2018,,,12/31/2017,11/30/2018,,,,ER,WITHDRAWN
GEN-2013-009,,,Craig,OK,Tap Alluwe Tap - Vinita Junction 138kV,AEP,Wind,100.3,100.3,100.3,3/25/2013,Withdrawn,,8/13/2014,,,12/31/2015,,,,,ER,WITHDRAWN
GEN-2013-008,,,Jefferson,NE,Steele City 115kV,NPPD,Wind,1.2,1.2,1.2,3/27/2013,Completed,4/16/2015,,,,12/31/2013,4/16/2015,,DISIS-2013-001-4,02 NEBRASKA,ER,IA FULLY EXECUTED/COMMERCIAL OPERATION
GEN-2013-007,,,Murray,OK,Tap Prices Falls - Carter 138kV,OGE,Wind,100.0,100.0,100.0,3/25/2013,Completed,11/23/2015,,,,12/31/2014,11/23/2015,,DISIS-2013-001-4,04 SOUTHEAST,ER/NR,IA FULLY EXECUTED/COMMERCIAL OPERATION
GEN-2013-006,,,Madison,NE,Tap Fort Randall - Columbus (Meadow Grove) 230kV,NPPD,Wind,50.6,50.6,50.6,3/25/2013,Withdrawn,,8/1/2014,,,10/1/2014,,,,,ER,WITHDRAWN
GEN-2013-005,,,Antelope County,NE,Tap Fort Randall - Columbus (Madison County) 230kV,NPPD,Wind,73.5,73.5,73.5,3/25/2013,Withdrawn,,8/29/2014,,,12/31/2014,,,,,ER/NR,WITHDRAWN
GEN-2013-004,,,Antelope County,NE,Tap Fort Randall - Columbus (Madison County) 230kV,NPPD,Wind,6.0,6.0,6.0,3/25/2013,Withdrawn,,8/15/2014,,,1/1/2014,,,,,ER/NR,WITHDRAWN
GEN-2013-003,,,Mooreland,OK,Tap Woodward - Thistle 345kV Dbl CKT (GEN-2012-016 Tap),WFEC,Thermal - CT,48.0,0.0,0.0,3/14/2013,Withdrawn,,3/5/2014,,,3/1/2017,,,,,ER,WITHDRAWN
GEN-2013-002,,,Lancaster,NE,Monolith 115kV,NPPD,Solar,50.6,50.6,50.6,3/1/2013,Completed,12/1/2026,,,,12/31/2013,12/1/2026,,DISIS-2013-001-4,02 NEBRASKA,ER/NR,IA FULLY EXECUTED/ON SCHEDULE
GEN-2013-001,,,Sherman,TX,Hitchland - Moore County (North Plains) 230 kv,SPS,Wind,200.0,200.0,200.0,12/31/2012,Withdrawn,,10/15/2013,,,1/12/2014,,,,,,WITHDRAWN
GEN-2012-044,,,Crawford,KS,Sheffield 69kV,WERE,Thermal - Gas,2.0,2.0,2.0,12/5/2012,Completed,11/1/2013,,,,11/30/2013,11/1/2013,,,,ER,IA FULLY EXECUTED/COMMERCIAL OPERATION
GEN-2012-043,,,Roosevelt,NM,Tap Eddy County - Tolk (North of GEN-2008-022 Tap),SPS,Wind,200.0,200.0,200.0,9/30/2012,Withdrawn,,10/15/2013,,,12/1/2015,,,,,,WITHDRAWN
GEN-2012-042,,,Ford,KS,Spearville 345kV,SUNC,Thermal - Gas,220.0,0.0,0.0,9/28/2012,Withdrawn,,2/28/2013,,,12/31/2014,,,,,ER/NR,WITHDRAWN
GEN-2012-041,,,Kay,OK,Rose Hill (Open Sky)-Sooner (Ranch Road) 345kV,OGE,Thermal - CT,121.5,85.3,121.5,9/30/2012,Completed,4/15/2015,,,,4/15/2015,4/15/2015,,DISIS-2012-002-6,04 SOUTHEAST,ER,IA FULLY EXECUTED/COMMERCIAL OPERATION
GEN-2012-040,,,Kay,OK,Chilocco 138kV,WFEC,Wind,76.5,76.5,76.5,9/30/2012,Withdrawn,6/30/2015,12/22/2015,,,12/1/2013,6/30/2015,,,,ER/NR,WITHDRAWN
GEN-2012-039,,,Custer,NE,Broken Bow 115kV,NPPD,Wind,74.9,74.9,74.9,9/28/2012,Withdrawn,,12/13/2012,,,12/31/2013,,,,,ER/NR,WITHDRAWN
GEN-2012-038,,,Floyd,TX,Tap Border - TUCO Interchange 345kV,SPS,Thermal - CT,203.0,0.0,0.0,9/30/2012,Withdrawn,,5/24/2013,,,3/1/2015,,,,,ER,WITHDRAWN
GEN-2012-037,,,Hale,TX,TUCO 345kV,SPS,Thermal - CT,203.0,196.0,203.0,9/30/2012,Completed,3/1/2015,,,,3/1/2015,3/1/2015,,DISIS-2012-002-6,05 SOUTHWEST,ER,IA FULLY EXECUTED/COMMERCIAL OPERATION
GEN-2012-036,,,Yoakum,TX,Mustang 230kV,SPS,Thermal - CT,7.0,7.0,7.0,9/30/2012,Completed,3/1/2013,,,,6/1/2013,3/1/2013,,DISIS-2012-002-6,05 SOUTHWEST,ER,IA FULLY EXECUTED/COMMERCIAL OPERATION
GEN-2012-035,,,Yoakum,TX,Mustang 230kV,SPS,Thermal - CT,7.0,7.0,7.0,9/30/2012,Completed,4/1/2015,,,,6/1/2013,4/1/2015,,DISIS-2012-002-6,05 SOUTHWEST,ER,IA FULLY EXECUTED/COMMERCIAL OPERATION
GEN-2012-034,,,Yoakum,TX,Mustang 230kV,SPS,Thermal - CT,7.0,7.0,7.0,9/30/2012,Completed,4/1/2015,,,,6/1/2013,4/1/2015,,DISIS-2012-002-6,05 SOUTHWEST,ER,IA FULLY EXECUTED/COMMERCIAL OPERATION
GEN-2012-033,,,Garfield,OK,Breckinridge 138kV,OGE,Wind,98.82,98.82,98.82,9/28/2012,Completed,9/1/2015,,,,12/1/2014,9/1/2015,,DISIS-2012-002-6,04 SOUTHEAST,ER,IA FULLY EXECUTED/COMMERCIAL OPERATION
GEN-2012-032,,,Kay,OK,Rose Hill-(Ranch Road) Sooner (Open Sky) 345kV,OGE,Wind,299.0,299.0,299.0,9/28/2012,Completed,6/30/2015,,,,11/30/2014,6/30/2015,,DISIS-2012-002-6,04 SOUTHEAST,ER,IA FULLY EXECUTED/COMMERCIAL OPERATION
GEN-2012-031,,,Canadian,OK,Cimarron 345kV (GEN-2010-040 Sub),OGE,Wind,200.0,200.0,200.0,9/28/2012,Withdrawn,,3/6/2015,,,11/30/2014,,,,,ER,WITHDRAWN
GEN-2012-030,,,Canadian,OK,Cimarron 345kV (GEN-2010-040 Sub),OGE,Wind,200.0,200.0,200.0,9/28/2012,Withdrawn,,2/8/2013,,,11/30/2015,,,,,,WITHDRAWN
GEN-2012-029,,,Kiowa,OK,Tap Little Elk - Hobart 138kV,AEP,Wind,100.3,100.3,100.3,9/28/2012,Withdrawn,,3/1/2013,,,12/1/2014,,,,,ER,WITHDRAWN
GEN-2012-028,,,Washita,OK,Gotebo 69kV,WFEC,Wind,74.0,74.0,74.0,9/28/2012,Completed,12/22/2015,,,,12/1/2014,12/22/2015,,DISIS-2012-002-6,04 SOUTHEAST,ER,IA FULLY EXECUTED/COMMERCIAL OPERATION
GEN-2012-027,,,Osage,OK,Shidler 138kV,AEP,Wind,136.0,136.0,136.0,9/28/2012,,,3/23/2016,,,12/1/2014,,,,,ER,TERMINATED
GEN-2012-026,,,Thomas,KS,Colby 115kV,MIDW,Thermal - CT,100.0,0.0,0.0,9/28/2012,Withdrawn,,8/13/2014,,,12/31/2014,,,,,ER/NR,WITHDRAWN
GEN-2012-025,,,Ellis,OK,TAP HITCHLAND-WOODWARD 345KV,OGE,Wind,250.0,250.0,250.0,9/28/2012,Withdrawn,,10/30/2012,,,12/31/2014,,,,,,WITHDRAWN
GEN-2012-024,,,Ford,KS,Clark County 345kV,SUNC,Wind,180.0,180.0,180.0,9/28/2012,Completed,6/1/2017,,,,12/31/2015,6/1/2017,,DISIS-2012-002-6,03 CENTRAL,ER,IA FULLY EXECUTED/COMMERCIAL OPERATION
GEN-2012-023,,,Barber,KS,Viola 345kV,WERE,Wind,115.0,115.0,115.0,9/27/2012,Withdrawn,,8/4/2014,,,12/31/2014,,,,,ER,WITHDRAWN
GEN-2012-022,,,Lea,NM,Ochoa 115kV,SPS,Solar,30.0,0.0,0.0,9/27/2012,Withdrawn,,2/4/2013,,,12/1/2014,,,,,,WITHDRAWN
GEN-2012-021,,,Lincoln,NE,Terry Bundy Generating Station 115kV,LES,Thermal - Gas,4.8,4.8,4.8,9/26/2012,Completed,12/1/2013,,,,8/1/2013,12/1/2013,,DISIS-2012-002-6,02 NEBRASKA,ER,IA FULLY EXECUTED/COMMERCIAL OPERATION
GEN-2012-020,,,Abernathy County,TX,TUCO 230kV,SPS,Wind,478.0,478.0,478.0,9/26/2012,Completed,6/28/2019,,,,9/30/2015,6/28/2019,,DISIS-2012-002-6,05 SOUTHWEST,ER,IA FULLY EXECUTED/COMMERCIAL OPERATION
GEN-2012-019,,,Lea County,NM,Tap Eddy County - Tolk (GEN-2008-022 Tap) 345kV,SPS,Wind,200.0,200.0,200.0,9/24/2012,Withdrawn,,2/5/2013,,,11/29/2014,,,,,,WITHDRAWN
GEN-2012-018,,,Dixon County,NE,Tap Hoskins - Twin Church 230kV,NPPD,Wind,200.0,200.0,200.0,9/24/2012,Withdrawn,,1/24/2014,,,12/15/2014,,,,,ER,WITHDRAWN
GEN-2012-017,,,Brownville,NE,Cooper 345kV,NPPD,Thermal - Nuclear,115.0,0.0,0.0,9/20/2012,Withdrawn,,8/20/2013,,,9/1/2018,,,,,ER,WITHDRAWN
GEN-2012-016,,,Mooreland,OK,Tap Woodward - Thistle 345kV Ckt 1,WFEC,Thermal - CT,312.0,0.0,0.0,8/24/2012,Withdrawn,,3/5/2014,,,3/1/2017,,,,,ER,WITHDRAWN
GEN-2012-015,,,Tucumcari,NM,Caprock 34.5kV,SPS,Solar,26.0,0.0,0.0,7/26/2012,Withdrawn,,3/5/2013,,,5/1/2014,,,,,ER/NR,WITHDRAWN
GEN-2012-014,,,"Pampa, TX",TX,Grapevine 230kV,SPS,Thermal - CT,425.0,0.0,0.0,6/30/2012,Withdrawn,,8/21/2012,,,4/1/2015,,,,,,WITHDRAWN
GEN-2012-013,,,Gray County,KS,Gray County Tap 115kV,MKEC,Wind,99.0,99.0,99.0,4/6/2012,Withdrawn,,12/11/2012,,,12/1/2012,,,,,ER,WITHDRAWN
GEN-2012-012,,,Kiowa County,KS,Clark County 345kV,SUNC,Wind,200.0,200.0,200.0,3/29/2012,Withdrawn,,11/16/2012,,,12/31/2015,,,,,ER/NR,WITHDRAWN
GEN-2012-011,,,Ness County,KS,Tap Spearville - Post Rock 345kV,MIDW,Wind,200.0,200.0,200.0,3/29/2012,Withdrawn,,8/13/2014,,,11/1/2013,,,,,ER,WITHDRAWN
GEN-2012-010,,,Denver City,TX,Mustang 230kV,SPS,Thermal - CT,15.0,0.0,0.0,3/30/2012,Withdrawn,6/1/2014,,,,4/1/2015,6/1/2014,,,,ER,WITHDRAWN
GEN-2012-009,,,Denver City,TX,Mustang 230kV,SPS,Thermal - CT,15.0,0.0,0.0,3/30/2012,Withdrawn,6/1/2014,,,,4/1/2015,6/1/2014,,,,ER,WITHDRAWN
GEN-2012-008,,,Denver City,TX,Mustang 115kV & Mustang 230kV,SPS,Thermal - CT,40.0,0.0,0.0,3/30/2012,Withdrawn,,8/20/2013,,,4/1/2015,,,,,ER,WITHDRAWN
GEN-2012-007,,,Grant County,KS,Rubart 115kV,SUNC,Thermal - Gas,120.0,120.0,120.0,3/29/2012,Completed,4/15/2014,,,,4/1/2014,4/15/2014,,DISIS-2012-001-4,03 CENTRAL,ER/NR,IA FULLY EXECUTED/COMMERCIAL OPERATION
GEN-2012-006,,,Harper County,KS,Harper 138 kV,,Wind,150.0,150.0,150.0,3/29/2012,Withdrawn,,9/27/2012,,,12/31/2014,,,,,,WITHDRAWN
GEN-2012-005,,,Verdigre,NE,Tap Fort Randall - Columbus (north of Madison County) 230kV,NPPD,Wind,81.0,81.0,81.0,3/20/2012,Withdrawn,,8/29/2014,,,6/1/2015,,,,,ER/NR,WITHDRAWN
GEN-2012-004,,,Carter County,OK,Pooleville-Ratliff (Carter County) 138kV,OGE,Wind,40.8,40.8,40.8,3/27/2012,Completed,11/21/2014,,,,12/31/2013,11/21/2014,,DISIS-2012-001-4,04 SOUTHEAST,ER/NR,IA FULLY EXECUTED/COMMERCIAL OPERATION
GEN-2012-003,,,Hugoton,KS,Tap Hugoton - Rolla 69kV,,Thermal - ST,22.5,0.0,0.0,3/22/2012,Withdrawn,,,,,12/1/2013,,,,,ER,WITHDRAWN
GEN-2012-002,,,Scott City,KS,Tap Pile - Scott City 115kV,SUNC,Wind,101.2,101.2,101.2,3/22/2012,Withdrawn,,12/16/2013,,,1/1/2014,,,,,ER,WITHDRAWN
GEN-2012-001,,,Lynn County Texas,TX,Tap Grassland - Borden County 230 kv,SPS,Wind,61.2,61.2,61.2,3/8/2012,Completed,12/21/2012,,,,11/30/2012,12/21/2012,,DISIS-2012-001-4,05 SOUTHWEST,ER,IA FULLY EXECUTED/COMMERCIAL OPERATION
GEN-2011-061,,,Dewey County,OK,Putnam 69kV,OGE,Wind,52.0,52.0,52.0,12/2/2011,Withdrawn,,4/12/2012,,,6/1/2013,,,,,,WITHDRAWN
GEN-2011-060,,,Dewey County,OK,Dewey 138kV,OGE,Wind,80.0,80.0,80.0,12/2/2011,Withdrawn,,,,,6/1/2013,,,,,,WITHDRAWN
GEN-2011-059,,,Ford /Clark County,KS,Clark County 345kV / Spearville 345 kv,SUNC,Wind,201.0,201.0,201.0,10/17/2011,Withdrawn,,,,,2/11/2015,,,,,,WITHDRAWN
GEN-2011-058,,,Lynn County,TX,Tap Grassland - Borden 230kV,SPS,Wind,200.0,200.0,200.0,9/30/2011,Withdrawn,,3/13/2012,,,11/30/2012,,,,,ER/NR,WITHDRAWN
GEN-2011-057,,,Sumner County,KS,Creswell 138kV,WERE,Wind,150.0,150.0,150.0,9/30/2011,Completed,12/30/2015,,,,12/31/2013,12/30/2015,,DISIS-2011-002-6,03 CENTRAL,ER,IA FULLY EXECUTED/COMMERCIAL OPERATION
GEN-2011-056B,,,North Platte - Lexington,NE,John 2 115kV,NPPD,Hydro,4.5,4.5,4.5,3/8/2012,Completed,10/31/2012,,,,6/30/2012,10/31/2012,,DISIS-2011-002-6,02 NEBRASKA,ER,IA FULLY EXECUTED/COMMERCIAL OPERATION
GEN-2011-056A,,,North Platte - Lexington,NE,John 1 115kV,NPPD,Hydro,3.6,3.6,3.6,3/8/2012,Completed,10/31/2012,,,,6/30/2012,10/31/2012,,DISIS-2011-002-6,02 NEBRASKA,ER,IA FULLY EXECUTED/COMMERCIAL OPERATION
GEN-2011-056,,,North Platte - Lexington,NE,Jeffrey 115kV,NPPD,Hydro,3.6,3.6,3.6,9/30/2011,Completed,10/31/2012,,,,6/30/2012,10/31/2012,,DISIS-2011-002-6,02 NEBRASKA,ER,IA FULLY EXECUTED/COMMERCIAL OPERATION
GEN-2011-055,,,Johnson County,NE,South Sterling 69kV,OPPD,Wind,52.8,52.8,52.8,9/30/2011,Withdrawn,,8/15/2014,,,12/31/2012,,,,,ER/NR,WITHDRAWN
GEN-2011-054,,,Canadian County,OK,Cimarron 345kV,OGE,Wind,300.0,300.0,300.0,9/30/2011,Completed,12/31/2014,,,,11/30/2013,12/31/2014,,DISIS-2011-002-6,04 SOUTHEAST,ER,IA FULLY EXECUTED/COMMERCIAL OPERATION
GEN-2011-053,,,Saint Joseph,MO,Alabama St Sub 161 kV,MIPU,Thermal - Gas,250.0,0.0,0.0,9/30/2011,Withdrawn,,10/19/2011,,,6/1/2014,,,,,,WITHDRAWN
GEN-2011-052,,,Jackson County,MO,Grain Valley 161 kV Sub,MIPU,Thermal - Gas,250.0,0.0,0.0,9/30/2011,Withdrawn,,10/19/2011,,,6/1/2014,,,,,,WITHDRAWN
GEN-2011-051,,,Dewey County,OK,Tap Woodward - Tatonga 345kV,OGE,Wind,104.4,104.4,104.4,9/30/2011,Withdrawn,12/31/2017,3/5/2017,,,12/31/2013,12/31/2017,,,,ER/NR,WITHDRAWN
GEN-2011-050,,,Grady County,OK,Tap Rush Springs - Marlow 138kV,AEP,Wind,108.0,108.0,108.0,9/30/2011,Completed,12/13/2016,,,,12/31/2013,12/13/2016,,DISIS-2011-002-6,04 SOUTHEAST,ER,IA FULLY EXECUTED/COMMERCIAL OPERATION
GEN-2011-049,,,Beckham County,OK,Border 345kV,OGE,Wind,250.7,250.7,250.7,9/30/2011,,7/31/2020,8/19/2020,,,12/31/2013,7/31/2020,,DISIS-2011-002-6,,ER,TERMINATED
GEN-2011-048,,,Denver City,TX,Mustang 230kV,SPS,Thermal - CT,175.0,165.0,175.0,9/30/2011,Completed,3/1/2013,,,,3/1/2013,3/1/2013,,DISIS-2011-002-6,05 SOUTHWEST,ER/NR,IA FULLY EXECUTED/COMMERCIAL OPERATION
GEN-2011-047,,,Hugoton,KS,Hugoton 115,SUNC,Thermal - Steam,22.5,0.0,0.0,9/30/2011,Withdrawn,,12/29/2011,,,12/1/2013,,,,,,WITHDRAWN
GEN-2011-046,,,Quay County,NM,Tucumcari 115kV,SPS,Thermal - CT,23.0,23.0,23.0,9/29/2011,Completed,9/5/2013,,,,6/1/2013,9/5/2013,,DISIS-2011-002-6,05 SOUTHWEST,ER,IA FULLY EXECUTED/COMMERCIAL OPERATION
GEN-2011-045,,,Lubbock,TX,Jones 230kV,SPS,Thermal - NG/CT,205.0,180.0,205.0,9/29/2011,Completed,5/1/2013,,,,6/1/2013,5/1/2013,,DISIS-2011-002-6,05 SOUTHWEST,ER,IA FULLY EXECUTED/COMMERCIAL OPERATION
GEN-2011-044,,,Barber County,KS,Thistle 345kV,WERE,Wind,150.0,150.0,150.0,9/28/2011,Withdrawn,,1/8/2014,,,12/31/2014,,,,,ER/NR,WITHDRAWN
GEN-2011-043,,,Barber County,KS,Thistle 345kV,WERE,Wind,150.0,150.0,150.0,9/28/2011,Withdrawn,,1/8/2014,,,12/31/2013,,,,,ER,WITHDRAWN
GEN-2011-042,,,Barber County,KS,Tap Wichita - Woodring (Sumner County) 345kV,WERE,Wind,150.0,150.0,150.0,9/28/2011,Withdrawn,,3/6/2012,,,12/31/2014,,,,,ER/NR,WITHDRAWN
GEN-2011-041,,,Barber County,KS,Tap Wichita - Woodring (Sumner County) 345kV,WERE,Wind,150.0,150.0,150.0,9/28/2011,Withdrawn,,3/6/2012,,,12/31/2013,,,,,ER,WITHDRAWN
GEN-2011-040,,,Murray County,OK,Pooleville-Ratliff (Carter County) 138kV,OGE,Wind,111.0,111.0,111.0,9/16/2011,Completed,11/21/2014,,,,12/31/2012,11/21/2014,,DISIS-2011-002-6,04 SOUTHEAST,ER/NR,IA FULLY EXECUTED/COMMERCIAL OPERATION
GEN-2011-039,,,Cowley County,KS,Wichita - Woodring 345 kV line,WERE,Wind,300.0,300.0,300.0,9/14/2011,Withdrawn,,10/3/2011,,,12/14/2014,,,,,,WITHDRAWN
GEN-2011-038,,,Edwards County,KS,Kinsley 138kV,MIDW,Wind,73.8,73.8,73.8,9/6/2011,Withdrawn,,2/23/2012,,,12/31/2013,,,,,,WITHDRAWN
GEN-2011-037,,,Apache,OK,Blue Canyon 5 138kV,WFEC,Wind,6.6,6.6,6.6,7/1/2011,Completed,2/5/2013,,,,1/1/2012,2/5/2013,,DISIS-2011-002-6,04 SOUTHEAST,ER,IA FULLY EXECUTED/COMMERCIAL OPERATION
GEN-2011-036,,,Swisher County,TX,Tap Amarillo South –  Swisher County 230kV,SPS,Wind,270.0,0.0,0.0,7/1/2011,Withdrawn,,10/3/2011,,,6/1/2014,,,,,,WITHDRAWN
GEN-2011-035,,,Cotton County,OK,Hollister SW- Walters 69 kV,WFEC,Wind,20.0,20.0,20.0,6/13/2011,Withdrawn,,7/13/2011,,,12/3/2012,,,,,,WITHDRAWN
GEN-2011-034,,,Hall County,TX,Windy Buttes - Estelline 69 KV,AEP,Wind,31.0,31.0,31.0,6/13/2011,Withdrawn,,8/30/2011,,,12/31/2013,,,,,,WITHDRAWN
GEN-2011-033,,,Keithville,LA,New 138 kV Switching Station at Woolworth Road,AEP,Thermal - Gas,10.8,0.0,0.0,6/3/2011,Withdrawn,,7/13/2011,,,7/1/2013,,,,,,WITHDRAWN
GEN-2011-032,,,Clark County,KS,Comanche 345kV,SUNC,Wind,180.0,180.0,180.0,5/24/2011,Withdrawn,,10/3/2011,,,10/1/2014,,,,,,WITHDRAWN
GEN-2011-031,,,Ector County,TX,Midland 230kV,SPS,Thermal - CT,195.6,0.0,0.0,3/31/2011,Withdrawn,,10/12/2011,,,12/31/2014,,,,,,WITHDRAWN
GEN-2011-030,,,Holcomb,KS,Holcomb 345kV,SUNC,Thermal - Coal,1020.0,0.0,0.0,3/31/2011,Withdrawn,,8/4/2011,,,6/1/2017,,,,,,WITHDRAWN
GEN-2011-029,,,Grady County,OK,Tap Rush Springs (Nat. Gas) – Rush Springs (Marlow) 138kV,WFEC,Wind,200.0,200.0,200.0,3/31/2011,Withdrawn,,8/4/2011,,,12/31/2013,,,,,,WITHDRAWN
GEN-2011-028,,,Ellis County,OK,Tap Guymon – Woodward 345kV,OGE,Wind,300.8,300.8,300.8,3/31/2011,Withdrawn,,8/4/2011,,,11/1/2014,,,,,,WITHDRAWN
GEN-2011-027,,,Winside,NE,Wakefield 230kV,NPPD,Wind,120.0,120.0,120.0,3/31/2011,Completed,12/17/2018,,,,12/31/2012,12/17/2018,,DISIS-2011-001-8,02 NEBRASKA,ER/NR,IA FULLY EXECUTED/COMMERCIAL OPERATION
GEN-2011-026,,,Lorenzo,TX,Pleasant Hill 69 kV,SPS,Wind,19.7,19.7,19.7,3/31/2011,Withdrawn,,,,,12/31/2011,,,,,,WITHDRAWN
GEN-2011-025,,,Lorenzo,TX,Tap Floyd County - Crosby County 115kV,SPS,Wind,79.96,79.96,79.96,3/31/2011,Completed,12/15/2018,,,,6/30/2012,12/15/2018,,DISIS-2011-001-8,05 SOUTHWEST,ER,IA FULLY EXECUTED/COMMERCIAL OPERATION
GEN-2011-024,,,Dewey County,OK,Tatonga 345kV,OGE,Wind,299.0,299.0,299.0,3/31/2011,Withdrawn,,8/19/2013,,,12/31/2012,,,,,ER/NR,WITHDRAWN
GEN-2011-023,,,Ford County,KS,Clark County 345kV,SUNC,Wind,299.0,299.0,299.0,3/31/2011,Withdrawn,,9/20/2013,,,12/31/2012,,,,,ER/NR,WITHDRAWN
GEN-2011-022,,,Hansford,TX,Hitchland 345kV,SPS,Wind,299.0,299.0,299.0,3/31/2011,Completed,9/8/2022,,,,12/31/2012,9/8/2022,,DISIS-2011-001-8,05 SOUTHWEST,ER,IA FULLY EXECUTED/COMMERCIAL OPERATION
GEN-2011-021,,,Hansford County,TX,Tap Hitchland - Woodward 345 KV,OGE,Wind,299.0,299.0,299.0,3/31/2011,Withdrawn,,2/27/2014,,,12/31/2012,,,,,ER,WITHDRAWN
GEN-2011-020,,,Ellis,OK,Woodward EHV 345kV,OGE,Wind,165.6,165.6,165.6,3/31/2011,Completed,10/31/2029,,,,12/31/2012,10/31/2029,,DISIS-2011-001-8,04 SOUTHEAST,ER/NR,IA FULLY EXECUTED/ON SCHEDULE
GEN-2011-019,,,Woodward County,OK,Woodward EHV 345kV,OGE,Wind,175.0,175.0,175.0,3/31/2011,Completed,12/31/2027,,,,12/31/2012,12/31/2027,,DISIS-2011-001-8,04 SOUTHEAST,ER/NR,IA FULLY EXECUTED/ON SCHEDULE
GEN-2011-018,,,Jefferson County,NE,Steele City 115kV,NPPD,Wind,73.6,73.6,73.6,3/31/2011,Completed,4/16/2015,,,,12/1/2013,4/16/2015,,DISIS-2011-001-8,02 NEBRASKA,ER/NR,IA FULLY EXECUTED/COMMERCIAL OPERATION
GEN-2011-017,,,Hodgeman County,KS,Tap Spearville - Knoll 345kV,SUNC,Wind,299.0,299.0,299.0,3/31/2011,Withdrawn,1/1/2018,9/8/2015,,,12/1/2013,1/1/2018,,,,ER,WITHDRAWN
GEN-2011-016,,,Hodgeman County,KS,Clark County-Spearville Ckt 2 345kV,SUNC,Wind,200.1,200.1,200.1,3/31/2011,,12/1/2017,4/17/2019,,,12/1/2013,12/1/2017,,DISIS-2011-001-8,,ER,TERMINATED
GEN-2011-015,,,Dewey County,OK,Tap Tatonga - Woodward  345 KV,OGE,Wind,300.6,300.6,300.6,3/31/2011,Withdrawn,,,,,8/31/2013,,,,,,WITHDRAWN
GEN-2011-014,,,Beaver County,OK,Beaver County-Woodward EHV Dbl Ckt (Badger) 345kV,OGE,Wind,198.0,198.0,198.0,3/31/2011,Completed,12/20/2016,,,,12/31/2013,12/20/2016,,DISIS-2011-001-8,05 SOUTHWEST,ER,IA FULLY EXECUTED/COMMERCIAL OPERATION
GEN-2011-013,,,Murray County,OK,Sunnyside 345kV,OGE,Wind,101.7,101.7,101.7,3/31/2011,Withdrawn,,9/14/2011,,,12/31/2012,,,,,,WITHDRAWN
GEN-2011-012,,,Sherman County,TX,Tap Moore County - Hitchland 345kV,SPS,Wind,104.5,104.5,104.5,3/31/2011,Withdrawn,,9/25/2013,,,12/31/2012,,,,,ER,WITHDRAWN
GEN-2011-011,,,Weston,MO,Iatan 345kV,KCPL,Thermal - Coal,50.0,50.0,50.0,3/31/2011,Completed,6/5/2012,,,,12/31/2010,6/5/2012,,DISIS-2011-001-8,03 CENTRAL,ER,IA FULLY EXECUTED/COMMERCIAL OPERATION
GEN-2011-010,,,Caddo County,OK,Minco 345kV,OGE,Wind,100.8,100.8,100.8,3/30/2011,Completed,10/1/2012,,,,12/1/2012,10/1/2012,,DISIS-2011-001-8,04 SOUTHEAST,ER,IA FULLY EXECUTED/COMMERCIAL OPERATION
GEN-2011-009,,,Washita County,OK,Hobart 138kV,AEP,Wind,150.4,150.4,150.4,3/29/2011,Withdrawn,,,,,12/1/2013,,,,,,WITHDRAWN
GEN-2011-008,,,Clark County,KS,Clark County 345kV,SUNC,Wind,600.0,600.0,600.0,3/29/2011,Completed,12/21/2016,,,,12/1/2015,12/21/2016,,DISIS-2011-001-8,03 CENTRAL,ER,IA FULLY EXECUTED/COMMERCIAL OPERATION
GEN-2011-007,,,Canadian County,OK,Tap Cimarron - Woodring (Mathewson) 345kV,OGE,Wind,250.1,250.1,250.1,3/29/2011,Withdrawn,,5/10/2015,,,11/30/2011,,,,,ER,WITHDRAWN
GEN-2011-006,,,Osage County,OK,Shidler 138kV,AEP,Wind,200.0,200.0,200.0,3/29/2011,Withdrawn,,8/4/2011,,,6/1/2013,,,,,,WITHDRAWN
GEN-2011-005,,,Butler County,NE,Rising City 115kV,NPPD,Wind,150.4,150.4,150.4,3/28/2011,Withdrawn,,,,,12/15/2013,,,,,,WITHDRAWN
GEN-2011-004,,,Cowley County,KS,Creswell 138kV,WERE,Wind,150.4,150.4,150.4,1/28/2011,Withdrawn,,8/4/2011,,,12/31/2013,,,,,,WITHDRAWN
GEN-2011-003,,,Gray County,KS,GEN-2008-079 115kV,MKEC,Solar,10.0,0.0,0.0,1/28/2011,Withdrawn,,8/4/2011,,,5/29/2012,,,,,,WITHDRAWN
GEN-2011-002,,,Cowley County,KS,Latham Substation 69kV,WERE,Wind,300.0,300.0,300.0,1/13/2011,Withdrawn,,,,,12/1/2012,,,,,,WITHDRAWN
GEN-2011-001,,,Smith County,KS,Tap Post Rock – Axtell 345kV,SUNC,Wind,200.0,200.0,200.0,1/5/2011,Withdrawn,,10/7/2011,,,6/30/2013,,,,,,WITHDRAWN
GEN-2010-062,,,Ford County,KS,Tap GEN-2008-079 115kV,SUNC,Wind,129.0,129.0,129.0,12/30/2010,Withdrawn,,4/5/2011,,,1/1/2015,,,,,,WITHDRAWN
GEN-2010-061,,,Pawnee County,KS,Tap Post Rock - Spearville 345kV,SUNC,Wind,180.0,180.0,180.0,12/30/2010,Withdrawn,,,,,12/31/2012,,,,,ER,WITHDRAWN
GEN-2010-060,,,Ector County,TX,Midland 345kV,SPS,Thermal - Gas,992.0,0.0,0.0,12/30/2010,Withdrawn,,4/12/2012,,,6/1/2014,,,,,,WITHDRAWN
GEN-2010-059,,,Ector County,TX,Midland 345kV,SPS,Thermal - Gas,516.0,0.0,0.0,12/30/2010,Withdrawn,,4/9/2012,,,4/1/2013,,,,,,WITHDRAWN
GEN-2010-058,,,Roswell,NM,Chaves County 115kV,SPS,Solar,20.0,20.0,20.0,11/3/2010,Withdrawn,,,,,12/31/2011,,,,,ER,WITHDRAWN
GEN-2010-057,,,Lincoln County,KS,Rice County 230kV,MIDW,Wind,201.0,201.0,201.0,10/27/2010,Completed,9/28/2012,,,,8/1/2012,9/28/2012,,DISIS-2011-001-8,03 CENTRAL,ER/NR,IA FULLY EXECUTED/COMMERCIAL OPERATION
GEN-2010-056,,,Holt County,MO,Tap Saint Joseph - Cooper (Mill Creek) 345kV,MIPU,Wind,151.2,151.2,151.2,10/25/2010,Withdrawn,,9/15/2014,,,6/1/2012,,,,,ER/NR,WITHDRAWN
GEN-2010-055,,,Sand Springs,OK,Wekiwa 138kV,AEP,Thermal - Gas,4.5,4.5,4.5,9/30/2010,Completed,2/27/2013,,,,12/31/2011,2/27/2013,,DISIS-2011-001-8,04 SOUTHEAST,ER,IA FULLY EXECUTED/COMMERCIAL OPERATION
GEN-2010-054,,,Hodgeman County,KS,Spearville - Holcomb 345 kV,MKEC,Wind,200.0,200.0,200.0,9/30/2010,Withdrawn,,,,,12/31/2014,,,,,,WITHDRAWN
GEN-2010-053,,,Ford County,KS,COMANCHE 345kV,SUNC,Wind,199.8,199.8,199.8,9/30/2010,Withdrawn,,10/1/2012,,,12/31/2014,,,,,ER/NR,WITHDRAWN
GEN-2010-052,,,Haskell County,KS,Finney 345kV,SPS,Wind,301.3,301.3,301.3,9/30/2010,Withdrawn,,1/16/2012,,,12/15/2013,,,,,ER,WITHDRAWN
GEN-2010-051,,,Dixon County,NE,Wakefield 230kV,NPPD,Wind,200.0,200.0,200.0,9/30/2010,Completed,12/17/2018,,,,12/15/2012,12/17/2018,,DISIS-2010-002-6,02 NEBRASKA,ER,IA FULLY EXECUTED/COMMERCIAL OPERATION
GEN-2010-050,,,Anderson County,KS,,MIPU,Wind,150.4,150.4,150.4,9/30/2010,Withdrawn,,,,,12/15/2012,,,,,,WITHDRAWN
GEN-2010-049,,,Pratt County,KS,Pratt 115kV,MKEC,Wind,49.6,49.6,49.6,9/30/2010,Withdrawn,,3/22/2012,,,9/1/2012,,,,,ER,WITHDRAWN
GEN-2010-048,,,Graham County,KS,Tap Substation on the Beach Station – Redline 115kV line,MIDW,Wind,70.0,70.0,70.0,9/30/2010,Withdrawn,,1/10/2017,,,12/30/2017,,,,,ER,WITHDRAWN
GEN-2010-047,,,Jefferson County,NE,TAP BEATRICE – HARBINE 115kV,NPPD,Wind,72.0,72.0,72.0,9/30/2010,Withdrawn,,9/30/2011,,,12/1/2012,,,,,,WITHDRAWN
GEN-2010-046,,,Abernathy,TX,TUCO 230kV,SPS,Thermal - Gas,56.0,0.0,0.0,9/30/2010,,6/1/2016,6/27/2019,,,5/1/2013,6/1/2016,,DISIS-2010-002-6,,ER,TERMINATED
GEN-2010-045,,,Ford County,KS,TAP HOLCOMB – SPEARVILLE 345kV,SUNC,Wind,197.8,197.8,197.8,9/29/2010,Withdrawn,12/31/2017,4/15/2018,,,12/31/2012,12/31/2017,,,,ER,WITHDRAWN
GEN-2010-044,,,Jefferson County,NE,Tap Harbine – Beatrice 115kV,NPPD,Wind,99.0,99.0,99.0,9/28/2010,Withdrawn,,10/28/2013,,,11/1/2012,,,,,ER/NR,WITHDRAWN
GEN-2010-043,,,Woodward,OK,Mooreland 138kV,WFEC,Thermal - CT,320.0,0.0,0.0,9/24/2010,Withdrawn,,2/29/2012,,,5/1/2017,,,,,ER,WITHDRAWN
GEN-2010-042,,,Ford County,KS,Spearville - Holcomb 345 kV,SUNC,Wind,73.6,73.6,73.6,9/24/2010,Withdrawn,,,,,12/31/2012,,,,,,WITHDRAWN
GEN-2010-041,,,Richardson,NE,S1399 161kV,OPPD,Wind,10.29,10.29,10.29,9/24/2010,,12/1/2015,5/12/2019,,,12/31/2011,12/1/2015,,DISIS-2010-002-6,,ER,TERMINATED
GEN-2010-040,,,Canadian County,OK,Cimarron 345kV,OGE,Wind,300.0,300.0,300.0,8/19/2010,Completed,11/23/2012,,,,11/30/2011,11/23/2012,,DISIS-2010-002-6,04 SOUTHEAST,ER,IA FULLY EXECUTED/COMMERCIAL OPERATION
GEN-2010-039,,,Holt County,NE,Stuart 115kV,NPPD,Wind,150.4,150.4,150.4,8/12/2010,Withdrawn,,,,,12/31/2012,,,,,,WITHDRAWN
GEN-2010-038,,,Custer County,NE,Broken Bow 115kV,NPPD,Wind,74.9,74.9,74.9,8/10/2010,Withdrawn,,,,,12/1/2012,,,,,,WITHDRAWN
GEN-2010-037,,,Ford County,KS,North Fort Dodge 115kV,SUNC,Wind,100.8,100.8,100.8,7/15/2010,Withdrawn,,,,,12/31/2011,,,,,,WITHDRAWN
GEN-2010-036,,,Douglas County,KS,6th Street 115kV,WERE,Hydro,4.6,4.6,4.6,6/30/2010,Completed,8/1/2012,,,,8/1/2012,8/1/2012,,DISIS-2010-002-6,03 CENTRAL,ER,IA FULLY EXECUTED/COMMERCIAL OPERATION
GEN-2010-035,,,Richardson County,NE,HUMBOLT 161kV,OPPD,Wind,160.0,160.0,160.0,6/25/2010,Withdrawn,,,,,12/1/2014,,,,,,WITHDRAWN
GEN-2010-034,,,Crosby County,TX,TUCO 345kV,SPS,Wind,261.0,261.0,261.0,6/25/2010,Withdrawn,,10/25/2010,,,1/1/2012,,,,,,WITHDRAWN
GEN-2010-033,,,Hale County,TX,TUCO 345kV,SPS,Wind,230.0,230.0,230.0,6/25/2010,Withdrawn,,10/25/2010,,,1/1/2014,,,,,,WITHDRAWN
GEN-2010-032,,,Hale County,TX,TUCO 345kV,SPS,Wind,216.0,216.0,216.0,6/25/2010,Withdrawn,,10/25/2010,,,1/1/2014,,,,,,WITHDRAWN
GEN-2010-031,,,Atchison County,MO,Nebraska City - Maryville 345kV,KCPL,Wind,200.0,200.0,200.0,6/25/2010,Withdrawn,,,,,12/1/2014,,,,,,WITHDRAWN
GEN-2010-030,,,Major County,OK,TAP MOORELAND – GLASS MOUNTAIN 138kV,WFEC,Wind,150.0,150.0,150.0,5/24/2010,Withdrawn,,,,,3/1/2014,,,,,,WITHDRAWN
GEN-2010-029,,,Ford County,KS,Spearville 345kV,SUNC,Wind,450.0,450.0,450.0,5/20/2010,Withdrawn,,6/12/2013,,,12/31/2013,,,,,ER/NR,WITHDRAWN
GEN-2010-028,,,Blaine County,OK,TATONGA 345kV,OGE,Wind,335.0,335.0,335.0,5/20/2010,Withdrawn,,,,,12/13/2013,,,,,,WITHDRAWN
GEN-2010-027,,,Seward County,KS,COMANCHE 345kV,SUNC,Wind,900.0,900.0,900.0,3/31/2010,Withdrawn,,,,,12/31/2012,,,,,,WITHDRAWN
GEN-2010-026,,,Wayne County,NE,Hoskins 230kV,NPPD,Wind,99.0,99.0,99.0,3/31/2010,Withdrawn,,,,,10/1/2012,,,,,,WITHDRAWN
GEN-2010-025,,,Gentry,AR,Decatur South 161kV,AEP,Wind,20.0,20.0,20.0,3/31/2010,Withdrawn,,,,,9/16/2010,,,,,,WITHDRAWN
GEN-2010-024,,,Cherry County,NE,Tap Valentine - Mission 115kV,NPPD,Wind,100.0,100.0,100.0,3/31/2010,Withdrawn,,,,,12/31/2011,,,,,,WITHDRAWN
GEN-2010-023,,,Woodward County,OK,Iodine 138kV,WFEC,Wind,99.0,99.0,99.0,3/31/2010,Withdrawn,,,,,11/1/2012,,,,,,WITHDRAWN
GEN-2010-022,,,Cass County,MO,Archie 161kV,MIPU,Wind,75.0,75.0,75.0,3/31/2010,Withdrawn,,,,,12/3/2012,,,,,,WITHDRAWN
GEN-2010-021,,,Eddy County,NM,Atoka 69kV,SPS,Solar,20.0,0.0,0.0,3/31/2010,Withdrawn,,,,,3/1/2011,,,,,,WITHDRAWN
GEN-2010-020,,,Chaves County,NM,Roswell 69kV,SPS,Solar,20.0,20.0,20.0,3/31/2010,Withdrawn,,3/19/2014,,,3/1/2011,,,,,ER,WITHDRAWN
GEN-2010-019,,,Carter,OK,Carter Junction 69kV,WFEC,Wind,52.2,52.2,52.2,3/31/2010,Withdrawn,,,,,12/31/2011,,,,,,WITHDRAWN
GEN-2010-018,,,Erick,OK,Erick 138kV,WFEC,Wind,100.8,100.8,100.8,3/31/2010,Withdrawn,,,,,12/31/2011,,,,,,WITHDRAWN
GEN-2010-017,,,Coffey County,KS,Tap Wolf Creek - LaCygne 345kV,WERE,Wind,199.8,199.8,199.8,3/31/2010,Withdrawn,,,,,12/31/2015,,,,,,WITHDRAWN
GEN-2010-016,,,Rush County,KS,,SUNC,Wind,199.8,199.8,199.8,3/31/2010,Withdrawn,,,,,12/31/2015,,,,,,WITHDRAWN
GEN-2010-015,,,Hodgeman County,KS,Spearville 345kV,SUNC,Wind,200.1,200.1,200.1,3/31/2010,,,9/8/2014,,,1/1/2013,,,,,ER,TERMINATED
GEN-2010-014,,,Hansford County,TX,Hitchland 345kV,SPS,Wind,358.8,358.8,358.8,3/31/2010,Completed,12/31/2022,,,,12/31/2013,12/31/2022,,DISIS-2010-001-8,05 SOUTHWEST,ER,IA FULLY EXECUTED/COMMERCIAL OPERATION
GEN-2010-013,,,Elk County,KS,GEN-2005-013 345KV,WERE,Wind,50.4,50.4,50.4,3/31/2010,Withdrawn,,,,,12/31/2011,,,,,,WITHDRAWN
GEN-2010-012,,,Roger Mills County,OK,Brantley 138kV,WFEC,Wind,65.0,65.0,65.0,3/31/2010,Withdrawn,,11/7/2012,,,3/31/2012,,,,,ER,WITHDRAWN
GEN-2010-011,,,Dewey County,OK,Tatonga 345kV,OGE,Wind,29.7,29.7,29.7,3/31/2010,Completed,2/28/2012,,,,12/31/2011,2/28/2012,,DISIS-2010-001-8,04 SOUTHEAST,ER,IA FULLY EXECUTED/COMMERCIAL OPERATION
GEN-2010-010,,,Madison County,NE,New Madison Co. Sub on Ft. Randall-Kelly 230 kV,NPPD,Wind,100.5,100.5,100.5,3/29/2010,Withdrawn,,10/13/2011,,,12/1/2012,,,,,,WITHDRAWN
GEN-2010-009,,,Gray County,KS,Buckner 345kV,SUNC,Wind,165.6,165.6,165.6,3/29/2010,Completed,12/31/2012,,,,12/1/2011,12/31/2012,,DISIS-2010-001-8,03 CENTRAL,ER,IA FULLY EXECUTED/COMMERCIAL OPERATION
GEN-2010-008,,,Woodward County,OK,Woodward 69kV,WFEC,Wind,64.4,64.4,64.4,3/29/2010,Withdrawn,,1/17/2011,,,12/22/2011,,,,,ER,WITHDRAWN
GEN-2010-007,,,Hutchinson County,TX,Tap Pringle - Riverview 115kV,SPS,Wind,73.8,73.8,73.8,3/26/2010,Withdrawn,,5/3/2012,,,12/1/2011,,,,,ER,WITHDRAWN
GEN-2010-006,,,Lubbock,TX,Jones 230kV,SPS,Thermal - Gas,205.0,180.0,205.0,3/24/2010,Completed,6/30/2011,,,,6/1/2012,6/30/2011,,DISIS-2010-001-8,05 SOUTHWEST,ER,IA FULLY EXECUTED/COMMERCIAL OPERATION
GEN-2010-005,,,Harper County,KS,Viola 345kV,WERE,Wind,299.2,299.2,299.2,3/15/2010,Completed,12/31/2021,,,,12/1/2012,12/31/2021,,DISIS-2010-001-8,03 CENTRAL,ER,IA FULLY EXECUTED/COMMERCIAL OPERATION
GEN-2010-004,,,Murray County,OK,Sunnyside - Lawton Eastside 345kV,OGE,Wind,202.0,202.0,202.0,3/8/2010,Withdrawn,,,,,10/31/2011,,,,,,WITHDRAWN
GEN-2010-003,,,Coffey County,KS,Waverly 345kV,WERE,Wind,99.5,99.5,99.5,3/8/2010,Completed,7/31/2014,,,,12/31/2011,7/31/2014,,DISIS-2010-001-8,03 CENTRAL,ER,IA FULLY EXECUTED/COMMERCIAL OPERATION
GEN-2010-002,,,Canadian County,OK,Cimarron - Woodring 345 kV,OGE,Wind,300.0,300.0,300.0,3/3/2010,Withdrawn,,,,,1/1/2012,,,,,,WITHDRAWN
GEN-2010-001,,,Beaver County,OK,Hitchland-Woodward EHV Dbl Ckt (Beaver County) 345kV,OGE,Wind,300.0,300.0,300.0,3/3/2010,Completed,5/15/2015,,,,1/1/2012,5/15/2015,,DISIS-2010-002-6,05 SOUTHWEST,ER,IA FULLY EXECUTED/COMMERCIAL OPERATION
GEN-2009-073T,,,Texas County,OK,TC-Eva Texas County 69kV,SPS,Wind,46.5,46.5,46.5,,Withdrawn,,7/22/2013,,,12/31/2012,,,,,ER,WITHDRAWN
GEN-2009-072,,,Sherman County,TX,Hitchland 345kV,SPS,Wind,1000.0,1000.0,1000.0,12/31/2009,Withdrawn,,,,,1/1/2014,,,,,,WITHDRAWN
GEN-2009-071,,,Oakwood,OK,Tatonga 345kV,OGE,Wind,200.0,200.0,200.0,12/30/2009,Withdrawn,,,,,12/31/2011,,,,,,WITHDRAWN
GEN-2009-070,,,Erick,OK,Erick 138kV,AEP,Wind,150.0,150.0,150.0,12/30/2009,Withdrawn,,,,,12/31/2011,,,,,,WITHDRAWN
GEN-2009-069,,,Beaver County,OK,Tap Hitchland - Woodward 345kV,SPS,Wind,400.0,400.0,400.0,12/30/2009,Withdrawn,,,,,12/31/2014,,,,,,WITHDRAWN
GEN-2009-068,,,Donley County,TX,Hedley 69kV,AEP,Wind,60.0,60.0,60.0,12/30/2009,Withdrawn,,,,,3/31/2010,,,,,,WITHDRAWN
GEN-2009-067S,,,Eddy County,NM,Seven Rivers 69kV,SPS,Solar,20.0,20.0,20.0,12/30/2009,,,,,,12/1/2010,,,,,ER,TERMINATED
GEN-2009-066,,,Kiowa County,OK,Tap Blue Canyon - Washita 138kV,AEP,Wind,102.0,102.0,102.0,12/30/2009,Withdrawn,,,,,12/31/2012,,,,,,WITHDRAWN
GEN-2009-065,,,Graham County,KS,Tap Mingo - Setab 345kV,MIDW,Wind,100.0,100.0,100.0,12/22/2009,Withdrawn,,,,,1/1/2011,,,,,,WITHDRAWN
GEN-2009-064,,,Ford County,KS,Spearville 345kV Substation,SUNC,Wind,102.0,102.0,102.0,12/21/2009,Withdrawn,,,,,12/31/2015,,,,,,WITHDRAWN
GEN-2009-063,,,Dewey County,OK,Tatonga 345kV,OGE,Wind,300.6,300.6,300.6,12/21/2009,Withdrawn,,,,,11/1/2011,,,,,,WITHDRAWN
GEN-2009-062,,,Stevens County,KS,Hugoton 115,SUNC,Thermal - Steam,115.0,0.0,0.0,12/18/2009,Withdrawn,,,,,9/30/2012,,,,,,WITHDRAWN
GEN-2009-061,,,Haskell County,KS,Tap Pioneer - Pioneer Tap 115kV,SUNC,Wind,100.5,100.5,100.5,12/18/2009,Withdrawn,,,,,10/1/2012,,,,,,WITHDRAWN
GEN-2009-060,,,Washita County,OK,Gotebo 69kV,WFEC,Wind,84.0,84.0,84.0,12/18/2009,Withdrawn,,,,,12/31/2011,,,,,,WITHDRAWN
GEN-2009-059,,,Clark County,KS,Tap GEN-2008-079 - Cudahy 115KV,MKEC,Wind,100.5,100.5,100.5,12/18/2009,Withdrawn,,,,,12/31/2011,,,,,,WITHDRAWN
GEN-2009-058,,,Ford County,KS,Spearville 345kV Substation,SUNC,Wind,102.0,102.0,102.0,12/11/2009,Withdrawn,,,,,12/31/2014,,,,,,WITHDRAWN
GEN-2009-057,,,Ford County,KS,Spearville 345kV Substation,SUNC,Wind,102.0,102.0,102.0,12/11/2009,Withdrawn,,,,,12/31/2013,,,,,,WITHDRAWN
GEN-2009-056,,,Ford County,KS,Spearville 345kV Substation,SUNC,Wind,102.0,102.0,102.0,12/11/2009,Withdrawn,,,,,12/31/2012,,,,,,WITHDRAWN
GEN-2009-055S,,,Donley County,TX,Tap Clarendon - Hedley 69kV,AEP,Wind,19.5,19.5,19.5,12/9/2009,Withdrawn,,,,,12/1/2011,,,,,,WITHDRAWN
GEN-2009-054,,,Earth ,TX,adjacent to Plant X & Tolk Generating Station,SPS,Wind,220.0,220.0,220.0,12/1/2009,Withdrawn,,,,,2/1/2011,,,,,,WITHDRAWN
GEN-2009-053,,,Ford County,KS,Tap Cudahay - Judson Large 115kV,SUNC,Wind,100.0,100.0,100.0,12/1/2009,Withdrawn,,,,,12/31/2011,,,,,,WITHDRAWN
GEN-2009-052,,,Rush County,KS,Tap Knoll - Spearville 345kV,MIDW,Wind,102.0,102.0,102.0,11/18/2009,Withdrawn,,,,,12/31/2015,,,,,,WITHDRAWN
GEN-2009-051,,,Rush County,KS,Tap Knoll - Spearville 345kV,MIDW,Wind,102.0,102.0,102.0,11/18/2009,Withdrawn,,,,,12/31/2014,,,,,,WITHDRAWN
GEN-2009-050,,,Coffey County,KS,Tap Wolf Creek - LaCygne 345kV,WERE,Wind,102.0,102.0,102.0,10/26/2009,Withdrawn,,,,,12/31/2015,,,,,,WITHDRAWN
GEN-2009-049,,,Coffey County,KS,Tap Wolf Creek - LaCygne 345kV,WERE,Wind,102.0,102.0,102.0,10/26/2009,Withdrawn,,,,,12/31/2014,,,,,,WITHDRAWN
GEN-2009-048,,,Coffey County,KS,Tap Wolf Creek - LaCygne 345kV,WERE,Wind,102.0,102.0,102.0,10/26/2009,Withdrawn,,,,,12/31/2013,,,,,,WITHDRAWN
GEN-2009-047,,,Nowata County,OK,Tap Delaware - Neosho 345kV,AEP,Wind,200.0,200.0,200.0,10/20/2009,Withdrawn,,,,,10/31/2012,,,,,,WITHDRAWN
GEN-2009-046,,,Swisher County,TX,Happy 115kV Substation,SPS,Wind,150.0,150.0,150.0,10/9/2009,Withdrawn,,,,,12/31/2012,,,,,,WITHDRAWN
GEN-2009-045,,,Swisher County,TX,Happy 115kV Substation,SPS,Wind,150.0,150.0,150.0,10/9/2009,Withdrawn,,,,,12/13/2012,,,,,,WITHDRAWN
GEN-2009-044S,,,Swisher County,TX,Claytonville 69kV,SPS,Wind,18.0,18.0,18.0,9/30/2009,Withdrawn,,,,,10/1/2011,,,,,,WITHDRAWN
GEN-2009-043,,,Rush County,KS,Spearville - Knoll 345kV,MIDW,Wind,102.0,102.0,102.0,9/14/2009,Withdrawn,,,,,12/31/2013,,,,,,WITHDRAWN
GEN-2009-042,,,Roger Mills County,OK,Tuco - Woodward 345kV,WFEC,Wind,414.0,414.0,414.0,9/14/2009,Withdrawn,,,,,6/30/2012,,,,,,WITHDRAWN
GEN-2009-041,,,Hansford County,TX,Moore County - Hitchland 230kV,SPS,Wind,300.0,300.0,300.0,9/10/2009,Withdrawn,,,,,6/30/2011,,,,,,WITHDRAWN
GEN-2009-040,,,Marshall County,KS,Tap Smittyville - Knob Hill 115KV,WERE,Wind,72.0,72.0,72.0,8/31/2009,Completed,9/3/2016,,,,12/31/2012,9/3/2016,,DISIS-2010-001-8,03 CENTRAL,ER,IA FULLY EXECUTED/COMMERCIAL OPERATION
GEN-2009-039,,,Lea County,NM,Eddy-Tolk 345,SPS,Wind,147.0,147.0,147.0,8/31/2009,Withdrawn,,,,,12/31/2012,,,,,,WITHDRAWN
GEN-2009-038,,,Hobbs,NM,Hobbs 230kV,SPS,Wind,99.0,99.0,99.0,8/27/2009,Withdrawn,,,,,9/1/2011,,,,,,WITHDRAWN
GEN-2009-037,,,Murray County,OK,Sunnyside - Lawton Eastside 345kV,OGE,Wind,202.0,202.0,202.0,8/27/2009,Withdrawn,,,,,5/31/2011,,,,,,WITHDRAWN
GEN-2009-036,,,Murray,OK,Sunnyside - Lawton Eastside 345kV,OGE,Wind,202.0,202.0,202.0,8/27/2009,Withdrawn,,,,,5/31/2011,,,,,,WITHDRAWN
GEN-2009-035,,,Grady County,OK,Cimarron - Lawton Eastside 345kV,WFEC,Wind,102.0,102.0,102.0,8/27/2009,Withdrawn,,,,,10/31/2012,,,,,,WITHDRAWN
GEN-2009-034,,,Grady County,OK,Cimarron - Lawton Eastside 345kV,WFEC,Wind,102.0,102.0,102.0,8/27/2009,Withdrawn,,,,,10/31/2012,,,,,,WITHDRAWN
GEN-2009-033,,,Beaver County,OK,Ochiltree 115kV,SPS,Wind,87.0,87.0,87.0,8/21/2009,Withdrawn,,,,,12/31/2012,,,,,,WITHDRAWN
GEN-2009-032S,,,Oklahoma City,OK,Foster 138kV,OGE,Thermal - Gas,6.4,0.0,0.0,8/18/2009,Withdrawn,,5/16/2011,,,8/1/2010,,,,,,WITHDRAWN
GEN-2009-031,,,Holt County,MO,Holt County 69 kV,KCPL,Wind,149.5,149.5,149.5,8/5/2009,Withdrawn,,,,,10/31/2011,,,,,,WITHDRAWN
GEN-2009-030,,,Custer County,OK,Weatherford 138kV,WFEC,Wind,100.8,100.8,100.8,8/3/2009,Withdrawn,,,,,7/1/2012,,,,,,WITHDRAWN
GEN-2009-029,,,Holt County,MO,Saint Joseph 161kV,KCPL,Wind,300.0,300.0,300.0,7/18/2009,Withdrawn,,,,,12/1/2012,,,,,,WITHDRAWN
GEN-2009-028,,,Jasper County,MO,Neosho - Morgan 345kV,EDE,Wind,150.0,150.0,150.0,7/17/2009,Withdrawn,,,,,12/31/2015,,,,,,WITHDRAWN
GEN-2009-027,,,Jasper County,MO,Neosho - Morgan 345kV,EDE,Wind,150.0,150.0,150.0,7/17/2009,Withdrawn,,,,,12/31/2014,,,,,,WITHDRAWN
GEN-2009-026,,,Rush County,KS,Spearville - Knoll 345kV,MIDW,Wind,102.0,102.0,102.0,7/14/2009,Withdrawn,,,,,12/31/2012,,,,,,WITHDRAWN
GEN-2009-025,,,Kay County,OK,TAP Deer Creek – Sinclair 69kV,OGE,Wind,59.8,59.8,59.8,6/19/2009,Completed,11/1/2012,,,,12/31/2011,11/1/2012,,DISIS-2009-001-6,04 SOUTHEAST,ER,IA FULLY EXECUTED/COMMERCIAL OPERATION
GEN-2009-024S,,,Masterson,TX,Exell Substation 115 kV Sub,SPS,Wind,18.0,18.0,18.0,6/15/2009,Withdrawn,,,,,12/1/2011,,,,,,WITHDRAWN
GEN-2009-023S,,,Masterson,TX,Exell Substation 115 kV Sub,SPS,Wind,18.0,18.0,18.0,6/15/2009,Withdrawn,,,,,4/1/2011,,,,,,WITHDRAWN
GEN-2009-022,,,Rawlins County,KS,Attwood 115kV Sub,MIDW,Wind,467.5,467.5,467.5,6/2/2009,Withdrawn,,,,,1/1/2011,,,,,,WITHDRAWN
GEN-2009-021,,,Holcomb,KS,Holcomb 345kV,SUNC,Thermal - Coal,895.0,0.0,0.0,5/11/2009,Withdrawn,,,,,6/15/2015,,,,,,WITHDRAWN
GEN-2009-020,,,Rush County,KS,Tap Nekoma - Bazine (Walnut Creek) 69kV,MIDW,Wind,48.3,48.3,48.3,4/15/2009,Completed,10/15/2015,,,,12/31/2011,10/15/2015,,DISIS-2010-001-8,03 CENTRAL,ER,IA FULLY EXECUTED/COMMERCIAL OPERATION
GEN-2009-019S,,,Rush County,KS,Nekoma - Balzine 69kV,MIDW,Wind,19.5,19.5,19.5,4/15/2009,Withdrawn,,,,,12/31/2011,,,,,,WITHDRAWN
GEN-2009-018,,,Hansford County,TX,Moore County - Hitchland 230kV,SPS,Wind,200.1,200.1,200.1,4/6/2009,Withdrawn,,,,,12/31/2011,,,,,,WITHDRAWN
GEN-2009-017,,,Reagan County,TX,TAP PEMBROOK-STILES 138kV,SPS,Wind,60.0,60.0,60.0,4/1/2009,Withdrawn,,,,,6/1/2011,,,,,,WITHDRAWN
GEN-2009-016,,,Elk City,OK,Falcon Road 138kV,AEP,Wind,100.3,100.3,100.3,3/31/2009,Withdrawn,,5/10/2011,,,12/1/2011,,,,,ER,WITHDRAWN
GEN-2009-015,,,Pawnee County,KS,Spearville - Mullergren 230kV,MIDW,Wind,72.0,72.0,72.0,3/26/2009,Withdrawn,,,,,12/31/2011,,,,,,WITHDRAWN
GEN-2009-014,,,Great Bend,KS,Mullergren 115kV,MKEC,Thermal - Gas,151.0,0.0,0.0,3/23/2009,Withdrawn,,,,,5/1/2011,,,,,,WITHDRAWN
GEN-2009-013,,,Dodge City,KS,North Judson Large 115kV,MKEC,Thermal - Gas,151.0,0.0,0.0,3/23/2009,Withdrawn,,,,,5/1/2011,,,,,,WITHDRAWN
GEN-2009-012,,,Holt County,MO,Cooper - St. Joseph 345kV,MIPU,Wind,300.0,300.0,300.0,3/20/2009,Withdrawn,,,,,12/31/2012,,,,,,WITHDRAWN
GEN-2009-011,,,Rooks County,KS,Tap Plainsville - Phillipsburg 115kV,MKEC,Wind,50.0,50.0,50.0,3/18/2009,Withdrawn,,,,,7/31/2011,,,,,ER,WITHDRAWN
GEN-2009-010,,,Barton County,KS,Mullergreen 230kV,MKEC,Wind,199.5,199.5,199.5,3/10/2009,Withdrawn,,,,,9/1/2011,,,,,,WITHDRAWN
GEN-2009-009,,,Barton County,KS,Pioneer Tap 115kV,SUNC,Wind,150.0,150.0,150.0,3/10/2009,Withdrawn,,,,,9/1/2011,,,,,,WITHDRAWN
GEN-2009-008,,,Ness County,KS,South Hays 230kV,MIDW,Wind,198.69,198.69,198.69,3/10/2009,Completed,12/1/2015,,,,9/1/2011,12/1/2015,,DISIS-2010-001-8,03 CENTRAL,ER,IA FULLY EXECUTED/COMMERCIAL OPERATION
GEN-2009-007,,,Midland,TX,Midland 345kV,SPS,Thermal - Gas,550.0,0.0,0.0,2/20/2009,Withdrawn,,,,,1/1/2012,,,,,,WITHDRAWN
GEN-2009-006,,,Washington County,AR,SE FAYETTEVILLE 161kV,AEP,Wind,60.0,60.0,60.0,2/18/2009,Withdrawn,,,,,12/31/2010,,,,,,WITHDRAWN
GEN-2009-005,,,Lyon County,KS,,WERE,Wind,200.1,200.1,200.1,2/13/2009,Withdrawn,,,,,12/1/2010,,,,,,WITHDRAWN
GEN-2009-004,,,Woodward County,OK,,WFEC,Wind,161.0,161.0,161.0,2/12/2009,Withdrawn,,,,,10/1/2010,,,,,,WITHDRAWN
GEN-2009-003O1,,,Cass County,NE,Cass County - Brock 161kV,OPPD,Wind,80.0,80.0,80.0,2/10/2009,Withdrawn,,,,,12/31/2011,,,,,,WITHDRAWN
GEN-2009-003O,,,Otoe County,NE,S974 69kV,OPPD,Wind,80.0,80.0,80.0,2/10/2009,Withdrawn,,,,,12/31/2011,,,,,,WITHDRAWN
GEN-2009-003,,,Pratt County,KS,St John - Pratt 115 kV line,SUNC,Wind,199.5,199.5,199.5,2/2/2009,Withdrawn,,,,,12/1/2010,,,,,,WITHDRAWN
GEN-2009-002,,,Lubbock County,TX,Jones 230kV,SPS,Thermal - Gas,306.0,0.0,0.0,1/9/2009,Withdrawn,,,,,5/1/2012,,,,,,WITHDRAWN
GEN-2009-001,,,Lubbock County,TX,Jones 230kV,SPS,Thermal - Gas,128.0,0.0,0.0,1/9/2009,Withdrawn,,,,,5/1/2012,,,,,,WITHDRAWN
GEN-2008-136,,,Odessa,TX,,SPS,Thermal - Gas,531.0,0.0,0.0,12/31/2008,Withdrawn,,,,,1/1/2012,,,,,ER,WITHDRAWN
GEN-2008-135,,,Odessa,TX,,SPS,Thermal - Gas,531.0,0.0,0.0,12/31/2008,Withdrawn,,,,,1/1/2012,,,,,ER,WITHDRAWN
GEN-2008-134,,,Kingfisher County,OK,,OGE,Wind,300.0,300.0,300.0,12/31/2008,Withdrawn,,,,,1/1/2012,,,,,ER,WITHDRAWN
GEN-2008-133,,,Seward County,KS,,SUNC,Wind,800.0,800.0,800.0,12/31/2009,Withdrawn,,,,,12/31/2012,,,,,ER,WITHDRAWN
GEN-2008-132,,,Lea County,NM,,SPS,Thermal - Steam,604.0,0.0,0.0,12/30/2008,Withdrawn,,,,,5/1/2013,,,,,ER,WITHDRAWN
GEN-2008-131,,,Hockley County,TX,,SPS,Thermal - Gas,128.0,0.0,0.0,12/30/2008,Withdrawn,,,,,5/1/2012,,,,,ER,WITHDRAWN
GEN-2008-130,,,Floyd County,TX,,SPS,Wind,300.0,300.0,300.0,12/19/2008,Withdrawn,,,,,12/31/2011,,,,,ER,WITHDRAWN
GEN-2008-129,,,Cass County,MO,Pleasant Hill 161kV,MIPU,Thermal - CT,72.0,643.0,675.0,12/12/2008,Completed,2/15/2002,,,,5/1/2009,2/15/2002,,DISIS-2009-001-6,03 CENTRAL,ER,IA FULLY EXECUTED/COMMERCIAL OPERATION
GEN-2008-128,,,Hale County,TX,,SPS,Thermal - Gas,330.0,0.0,0.0,12/9/2008,Withdrawn,,,,,5/1/2013,,,,,ER,WITHDRAWN
GEN-2008-127,,,Sumner County,KS,Tap Rosehill - Sooner 345kV,WERE,Wind,200.1,200.1,200.1,12/5/2008,Withdrawn,,4/11/2011,,,10/31/2011,,,,,ER,WITHDRAWN
GEN-2008-126,,,Garfield County,OK,,OGE,Wind,240.0,240.0,240.0,12/5/2008,Withdrawn,,,,,12/30/2012,,,,,ER,WITHDRAWN
GEN-2008-125O,,,Burt County,NE,,OPPD,Wind,80.0,80.0,80.0,12/2/2008,Withdrawn,,,,,12/31/2010,,,,,ER,WITHDRAWN
GEN-2008-125,,,Hale County,TX,,SPS,Thermal - Gas,330.0,0.0,0.0,11/25/2008,Withdrawn,,,,,5/1/2012,,,,,ER,WITHDRAWN
GEN-2008-124T,,,Keys,OK,TC-Keyes Texas County 69kV,SPS,Wind,42.0,42.0,42.0,,Withdrawn,,10/3/2013,,,,,,,,ER,WITHDRAWN
GEN-2008-124N,,,,NE,,NPPD,Thermal - Nuclear,165.0,0.0,0.0,11/20/2008,Withdrawn,,,,,,,,,,ER,WITHDRAWN
GEN-2008-124,,,Ford County,KS,Clark County-Spearville Ckt 1 (Ironwood) 345kV,SUNC,Wind,200.1,200.1,200.1,11/14/2008,Completed,2/28/2017,,,,1/1/2016,2/28/2017,,DISIS-2009-001-6,03 CENTRAL,ER,IA FULLY EXECUTED/COMMERCIAL OPERATION
GEN-2008-123N,,,Webster County,NE,Tap Pauline - Hildreth (Rosemont) 115kV,NPPD,Wind,89.66,89.66,89.66,11/12/2008,Completed,11/16/2017,,,,12/31/2016,11/16/2017,,DISIS-2010-001-8,02 NEBRASKA,ER,IA FULLY EXECUTED/COMMERCIAL OPERATION
GEN-2008-123,,,Putnam,OK,,OGE,Wind,300.0,300.0,300.0,11/5/2008,Withdrawn,,,,,12/31/2010,,,,,ER,WITHDRAWN
GEN-2008-122,,,Pawnee County,KS,,MIDW,Wind,105.0,105.0,105.0,11/3/2008,Withdrawn,,,,,12/31/2011,,,,,ER,WITHDRAWN
GEN-2008-121O,,,Cass County,NE,,OPPD,Thermal - Steam,249.0,0.0,0.0,10/9/2008,Withdrawn,,,,,1/1/2014,,,,,ER,WITHDRAWN
GEN-2008-121N02,,,,NE,,NPPD,Wind,159.0,159.0,159.0,10/31/2008,Withdrawn,,,,,10/31/2008,,,,,ER,WITHDRAWN
GEN-2008-121N01,,,Saline County,NE,,NPPD,Wind,400.0,400.0,400.0,10/10/2008,Withdrawn,,,,,,,,,,ER,WITHDRAWN
GEN-2008-121,,,Motley Co,TX,,SPS,Wind,149.5,149.5,149.5,10/9/2008,Withdrawn,,,,,3/1/2011,,,,,ER,WITHDRAWN
GEN-2008-120,,,Randall Co,TX,,SPS,Wind,239.2,239.2,239.2,10/9/2008,Withdrawn,,,,,3/1/2011,,,,,ER,WITHDRAWN
GEN-2008-119O,,,Richardson County,NE,S1399 161kV,OPPD,Wind,60.0,60.0,60.0,10/8/2008,Completed,,,,,12/31/2009,,,ICS-2008-001 Prior Queued,02 NEBRASKA,ER,IA FULLY EXECUTED/COMMERCIAL OPERATION
GEN-2008-119,,,Scott County,KS,,SUNC,Wind,179.4,179.4,179.4,10/2/2008,Withdrawn,,,,,12/15/2012,,,,,ER,WITHDRAWN
GEN-2008-118,,,Scott County,KS,,SUNC,Wind,161.0,161.0,161.0,10/2/2008,Withdrawn,,,,,12/15/2011,,,,,ER,WITHDRAWN
GEN-2008-117,,,Scott County,KS,,SUNC,Wind,161.0,161.0,161.0,10/2/2008,Withdrawn,,,,,12/15/2010,,,,,ER,WITHDRAWN
GEN-2008-116,,,Parmer County,TX,,SPS,Wind,70.0,70.0,70.0,10/1/2008,Withdrawn,,,,,3/1/2011,,,,,ER,WITHDRAWN
GEN-2008-115,,,Woodward County,OK,,WFEC,Wind,200.0,200.0,200.0,9/26/2008,Withdrawn,,,,,12/31/2011,,,,,ER,WITHDRAWN
GEN-2008-114,,,Enid,OK,,OGE,Wind,100.0,100.0,100.0,9/25/2008,Withdrawn,,,,,12/31/2015,,,,,ER,WITHDRAWN
GEN-2008-113,,,Enid,OK,,OGE,Wind,100.0,100.0,100.0,9/25/2008,Withdrawn,,,,,12/31/2015,,,,,ER,WITHDRAWN
GEN-2008-112,,,Harper County,OK,,WFEC,Wind,500.0,500.0,500.0,9/22/2008,Withdrawn,,,,,10/1/2011,,,,,ER,WITHDRAWN
GEN-2008-111,,,Noble,OK,,OGE,Wind,400.0,400.0,400.0,9/18/2008,Withdrawn,,,,,7/1/2010,,,,,ER,WITHDRAWN
GEN-2008-110,,,Texas,OK,,SPS,Wind,299.2,299.2,299.2,9/15/2008,Withdrawn,,,,,7/31/2011,,,,,ER,WITHDRAWN
GEN-2008-109,,,Texas,OK,,SPS,Wind,150.0,150.0,150.0,9/15/2008,Withdrawn,,,,,7/31/2011,,,,,ER,WITHDRAWN
GEN-2008-108,,,Moore County,TX,,SPS,Wind,198.0,198.0,198.0,9/9/2008,Withdrawn,,,,,10/1/2012,,,,,ER,WITHDRAWN
GEN-2008-107,,,Kingfisher County,OK,,OGE,Wind,100.0,100.0,100.0,9/4/2008,Withdrawn,,,,,12/31/2011,,,,,ER,WITHDRAWN
GEN-2008-106,,,Kingfisher County,OK,,OGE,Wind,100.0,100.0,100.0,9/4/2008,Withdrawn,,,,,12/31/2011,,,,,ER,WITHDRAWN
GEN-2008-105,,,Noble County,OK,,OGE,Wind,100.0,100.0,100.0,9/4/2011,Withdrawn,,,,,12/31/2011,,,,,ER,WITHDRAWN
GEN-2008-104,,,Noble County,OK,,OGE,Wind,100.0,100.0,100.0,9/4/2008,Withdrawn,,,,,12/31/2011,,,,,ER,WITHDRAWN
GEN-2008-103,,,Harper County,OK,,WFEC,Wind,300.0,300.0,300.0,9/3/2008,Withdrawn,,,,,12/1/2011,,,,,ER,WITHDRAWN
GEN-2008-102,,,Chaves County,NM,,SPS,Solar,34.2,0.0,0.0,8/25/2008,Withdrawn,,,,,12/1/2010,,,,,ER,WITHDRAWN
GEN-2008-101,,,Lea County,NM,,SPS,Solar,34.2,0.0,0.0,8/25/2008,Withdrawn,,,,,12/1/2010,,,,,ER,WITHDRAWN
GEN-2008-100,,,Lynn County,TX,,SPS,Wind,180.0,180.0,180.0,8/25/2008,Withdrawn,,,,,12/1/2010,,,,,ER,WITHDRAWN
GEN-2008-099,,,Coffey County,KS,,WERE,Wind,100.0,100.0,100.0,8/22/2008,Withdrawn,,,,,12/31/2011,,,,,ER,WITHDRAWN
GEN-2008-098,,,Coffey County,KS,Waverly 345kV,WERE,Wind,99.5,99.5,99.5,8/22/2008,Completed,11/30/2015,,,,12/31/2011,11/30/2015,,DISIS-2010-001-8,03 CENTRAL,ER,IA FULLY EXECUTED/COMMERCIAL OPERATION
GEN-2008-097,,,Reno County,KS,,WERE,Wind,100.0,100.0,100.0,8/22/2008,Withdrawn,,,,,12/31/2011,,,,,ER,WITHDRAWN
GEN-2008-096,,,Reno County,KS,,WERE,Wind,100.0,100.0,100.0,8/22/2008,Withdrawn,,,,,12/31/2011,,,,,ER,WITHDRAWN
GEN-2008-095,,,Wilbarger County,TX,,AEP,Hydro,200.0,0.0,0.0,8/19/2008,Withdrawn,,,,,9/1/2011,,,,,,WITHDRAWN
GEN-2008-094,,,Wilbarger County,TX,,AEP,Hydro,100.0,0.0,0.0,8/19/2008,Withdrawn,,,,,9/1/2011,,,,,,WITHDRAWN
GEN-2008-093,,,Roosevelt County,NM,,SPS,Wind,525.0,525.0,525.0,8/18/2008,Withdrawn,,,,,12/31/2012,,,,,ER,WITHDRAWN
GEN-2008-092,,,Ellis County,KS,Post Rock 230kV,MIDW,Wind,200.5,200.5,200.5,8/18/2008,Completed,11/30/2015,,,,12/1/2011,11/30/2015,,DISIS-2009-001-6,03 CENTRAL,ER,IA FULLY EXECUTED/COMMERCIAL OPERATION
GEN-2008-091,,,Grant County,OK,,OGE,Wind,300.0,300.0,300.0,8/14/2008,Withdrawn,,,,,1/1/2011,,,,,ER,WITHDRAWN
GEN-2008-090,,,Beaver County,OK,,WFEC,Wind,300.0,300.0,300.0,8/14/2008,Withdrawn,,,,,1/1/2012,,,,,ER,WITHDRAWN
GEN-2008-089,,,Western Ellis County,KS,,MIDW,Wind,150.0,150.0,150.0,8/14/2008,Withdrawn,,,,,12/31/2011,,,,,ER,WITHDRAWN
GEN-2008-088,,,Oldham County,TX,Vega 69kV,SPS,Wind,50.6,50.6,50.6,8/12/2008,Withdrawn,,5/6/2015,,,12/1/2011,,,,,ER,WITHDRAWN
GEN-2008-087,,,Ford County,KS,,SUNC,Wind,300.0,300.0,300.0,8/12/2008,Withdrawn,,,,,12/1/2012,,,,,ER,WITHDRAWN
GEN-2008-086N02,,,Antelope County,NE,Meadow Grove 230kV,NPPD,Wind,201.0,201.0,201.0,8/8/2008,Completed,12/31/2014,,,,,12/31/2014,,DISIS-2009-001-6,02 NEBRASKA,ER,IA FULLY EXECUTED/COMMERCIAL OPERATION
GEN-2008-086N01,,,,NE,,NPPD,Wind,99.0,99.0,99.0,8/8/2008,Withdrawn,,,,,1/1/2010,,,,,ER,WITHDRAWN
GEN-2008-086N,,,,NE,,NPPD,Wind,99.0,99.0,99.0,8/8/2008,Withdrawn,,,,,,,,,,ER,WITHDRAWN
GEN-2008-086,,,Woodward County,OK,,WFEC,Wind,250.0,250.0,250.0,8/6/2008,Withdrawn,,,,,10/1/2011,,,,,ER,WITHDRAWN
GEN-2008-085,,,Lamb County,TX,,SPS,Wind,135.0,135.0,135.0,8/5/2008,Withdrawn,,,,,12/31/2011,,,,,ER,WITHDRAWN
GEN-2008-084,,,Oldham County,TX,,SPS,Wind,300.0,300.0,300.0,8/1/2008,Withdrawn,,,,,6/1/2011,,,,,ER,WITHDRAWN
GEN-2008-083,,,Garza County,TX,,SPS,Wind,99.9,99.9,99.9,8/1/2008,Withdrawn,,,,,6/1/2010,,,,,ER,WITHDRAWN
GEN-2008-082,,,Lipscomb County,TX,,SPS,Wind,200.0,200.0,200.0,7/31/2008,Withdrawn,,,,,12/31/2015,,,,,ER,WITHDRAWN
GEN-2008-081,,,Meade County,KS,,SUNC,Wind,110.0,110.0,110.0,7/30/2008,Withdrawn,,,,,12/31/2012,,,,,ER,WITHDRAWN
GEN-2008-080,,,Seward County,KS,,SUNC,Wind,80.0,80.0,80.0,7/30/2008,Withdrawn,,,,,12/31/2012,,,,,ER,WITHDRAWN
GEN-2008-079,,,Gray County,KS,Crooked Creek 115kV,MKEC,Wind,98.9,98.9,98.9,7/29/2008,Completed,11/2/2011,,,,12/1/2010,11/2/2011,,DISIS-2009-001-6,03 CENTRAL,ER,IA FULLY EXECUTED/COMMERCIAL OPERATION
GEN-2008-078,,,Woodward County,OK,,WFEC,Wind,150.0,150.0,150.0,7/28/2008,Withdrawn,,,,,12/31/2011,,,,,ER,WITHDRAWN
GEN-2008-077,,,Roger Mills County,OK,,WFEC,Wind,220.0,220.0,220.0,7/28/2008,Withdrawn,,,,,7/31/2011,,,,,ER,WITHDRAWN
GEN-2008-076,,,Barber County,KS,,MKEC,Wind,300.0,300.0,300.0,7/18/2008,Withdrawn,,,,,10/1/2011,,,,,ER,WITHDRAWN
GEN-2008-075,,,Barber County,KS,,MKEC,Wind,300.0,300.0,300.0,7/18/2008,Withdrawn,,,,,10/1/2011,,,,,ER,WITHDRAWN
GEN-2008-074,,,Barber County,KS,,MKEC,Wind,300.0,300.0,300.0,7/18/2008,Withdrawn,,,,,10/1/2010,,,,,ER,WITHDRAWN
GEN-2008-073,,,Barber County,KS,,MKEC,Wind,300.0,300.0,300.0,7/18/2008,Withdrawn,,,,,10/1/2010,,,,,ER,WITHDRAWN
GEN-2008-072,,,Lamb County,TX,,SPS,Wind,300.0,300.0,300.0,7/16/2008,Withdrawn,,,,,1/1/2011,,,,,ER,WITHDRAWN
GEN-2008-071,,,Kay County,OK,Newkirk 138kV,OGE,Wind,76.8,76.8,76.8,7/14/2008,Withdrawn,,,,,11/1/2010,,,,,ER,WITHDRAWN
GEN-2008-070S,,,Tulsa,OK,,AEP,Thermal - Bio,16.8,0.0,0.0,7/14/2008,Withdrawn,,,,,,,,,,ER,WITHDRAWN
GEN-2008-069,,,Roosevelt County,NM,,SPS,Wind,298.5,298.5,298.5,7/10/2008,Withdrawn,,,,,9/1/2011,,,,,ER,WITHDRAWN
GEN-2008-068,,,Lincoln County,KS,,MIDW,Wind,150.0,150.0,150.0,7/2/2008,Withdrawn,,,,,10/1/2011,,,,,ER,WITHDRAWN
GEN-2008-067,,,Hereford,TX,,SPS,Wind,160.0,160.0,160.0,6/30/2008,Withdrawn,,,,,12/1/2011,,,,,ER,WITHDRAWN
GEN-2008-066,,,Hamilton County,KS,,SUNC,Wind,120.0,120.0,120.0,6/23/2008,Withdrawn,,,,,8/30/2010,,,,,ER,WITHDRAWN
GEN-2008-065,,,Ellis County,OK,,OGE,Wind,200.0,200.0,200.0,6/18/2008,Withdrawn,,,,,12/31/2012,,,,,ER,WITHDRAWN
GEN-2008-064,,,Roosevelt County,NM,,SPS,Wind,201.0,201.0,201.0,6/17/2008,Withdrawn,,,,,10/10/2010,,,,,ER,WITHDRAWN
GEN-2008-063,,,Beaver County,OK,,SPS,Wind,100.0,100.0,100.0,6/16/2008,Withdrawn,,,,,12/1/2012,,,,,ER,WITHDRAWN
GEN-2008-062,,,Beaver County,OK,,MKEC,Wind,100.0,100.0,100.0,6/16/2008,Withdrawn,,,,,12/1/2012,,,,,ER,WITHDRAWN
GEN-2008-061,,,Lincoln County,KS,,MIDW,Wind,150.0,150.0,150.0,6/10/2008,Withdrawn,,,,,12/1/2010,,,,,ER,WITHDRAWN
GEN-2008-060,,,Edwards County,KS,,WPEK,Wind,300.0,300.0,300.0,6/10/2008,Withdrawn,,,,,12/1/2010,,,,,ER,WITHDRAWN
GEN-2008-059,,,Barber County,KS,,WPEK,Wind,100.8,100.8,100.8,6/10/2008,Withdrawn,,,,,12/1/2010,,,,,ER,WITHDRAWN
GEN-2008-058,,,Roosevelt County,NM,,SPS,Wind,201.0,201.0,201.0,6/9/2008,Withdrawn,,,,,11/1/2010,,,,,ER,WITHDRAWN
GEN-2008-057,,,Pawnee County,OK,,GRDA,Wind,259.5,259.5,259.5,6/9/2008,Withdrawn,,,,,12/31/2011,,,,,ER,WITHDRAWN
GEN-2008-056S,,,Carter County,OK,,OGE,Thermal - Gas,4.8,0.0,0.0,6/6/2008,Withdrawn,,,,,3/1/2009,,,,,ER,WITHDRAWN
GEN-2008-055,,,Smith County,KS,,SUNC,Wind,300.0,300.0,300.0,6/5/2008,Withdrawn,,,,,11/1/2011,,,,,ER,WITHDRAWN
GEN-2008-054,,,Woodward County,OK,,WFEC,Wind,150.0,150.0,150.0,6/4/2008,Withdrawn,,,,,12/31/2011,,,,,ER,WITHDRAWN
GEN-2008-053,,,Gray County,TX,,SPS,Wind,150.0,150.0,150.0,6/2/2008,Withdrawn,,,,,12/31/2009,,,,,ER,WITHDRAWN
GEN-2008-052,,,Parmer County,TX,,SPS,Wind,65.0,65.0,65.0,6/2/2008,Withdrawn,,,,,12/31/2009,,,,,ER,WITHDRAWN
GEN-2008-051,,,Oldham County,TX,Potter County 345kV,SPS,Wind,161.0,161.0,161.0,5/30/2008,Completed,12/31/2014,,,,12/31/2010,12/31/2014,,DISIS-2009-001-6,05 SOUTHWEST,ER,IA FULLY EXECUTED/COMMERCIAL OPERATION
GEN-2008-050,,,Lea County,NM,,SPS,Wind,201.0,201.0,201.0,5/27/2008,Withdrawn,,,,,12/31/2010,,,,,ER,WITHDRAWN
GEN-2008-049,,,Cloud County,KS,,WPEK,Wind,200.0,200.0,200.0,5/23/2008,Withdrawn,,,,,12/31/2012,,,,,ER,WITHDRAWN
GEN-2008-048,,,Kiowa County,CO,,SPS,Wind,500.0,500.0,500.0,5/23/2008,Withdrawn,,,,,1/5/2011,,,,,ER,WITHDRAWN
GEN-2008-047,,,Beaver County,OK,Hitchland-Woodward EHV Dbl Ckt (Beaver County) 345kV,OGE,Wind,263.13,263.13,263.13,5/16/2008,Completed,12/31/2014,,,,12/31/2012,12/31/2014,,DISIS-2010-001-8,05 SOUTHWEST,ER,IA FULLY EXECUTED/COMMERCIAL OPERATION
GEN-2008-046,,,Murray County,OK,Sunnyside 345kV,OGE,Wind,200.0,200.0,200.0,5/16/2008,Withdrawn,,5/30/2013,,,12/1/2010,,,,,ER,WITHDRAWN
GEN-2008-045,,,Woodward County,OK,,OGE,Wind,300.0,300.0,300.0,5/15/2008,Withdrawn,,,,,12/1/2010,,,,,ER,WITHDRAWN
GEN-2008-044,,,Dewey County,OK,Tatonga 345kV,OGE,Wind,197.8,197.8,197.8,5/15/2008,Completed,2/28/2012,,,,12/1/2011,2/28/2012,,DISIS-2010-001-8,04 SOUTHEAST,ER,IA FULLY EXECUTED/COMMERCIAL OPERATION
GEN-2008-043,,,Garfied County,OK,,OGE,Wind,150.0,150.0,150.0,5/12/2008,Withdrawn,,,,,12/1/2011,,,,,ER,WITHDRAWN
GEN-2008-042,,,Garfield County,OK,,OGE,Wind,300.0,300.0,300.0,5/12/2008,Withdrawn,,,,,12/1/2012,,,,,ER,WITHDRAWN
GEN-2008-041,,,Motley County,TX,,SPS,Wind,135.0,135.0,135.0,5/12/2008,Withdrawn,,,,,12/1/2010,,,,,ER,WITHDRAWN
GEN-2008-040,,,Rogers Mills County,OK,,WFEC,Wind,120.0,120.0,120.0,5/12/2008,Withdrawn,,,,,12/1/2010,,,,,ER,WITHDRAWN
GEN-2008-039,,,Beckham County,OK,,AEP,Wind,150.0,150.0,150.0,5/12/2008,Withdrawn,,,,,12/1/2010,,,,,ER,WITHDRAWN
GEN-2008-038,,,Osage County,OK,,AEP,Wind,144.0,144.0,144.0,5/12/2008,Withdrawn,,,,,12/1/2010,,,,,ER,WITHDRAWN
GEN-2008-037,,,Commanche County,OK,Tap Washita - Blue Canyon Wind 138kV,WFEC,Wind,99.0,99.0,99.0,5/12/2008,Completed,12/17/2011,,,,11/30/2011,12/17/2011,,DISIS-2010-001-8,04 SOUTHEAST,ER,IA FULLY EXECUTED/COMMERCIAL OPERATION
GEN-2008-036,,,Canadian County,OK,,OGE,Wind,100.0,100.0,100.0,5/12/2008,Withdrawn,,,,,12/31/2011,,,,,ER,WITHDRAWN
GEN-2008-035,,,Canadian County,OK,,OGE,Wind,100.0,100.0,100.0,5/12/2008,Withdrawn,,,,,12/31/2011,,,,,ER,WITHDRAWN
GEN-2008-034,,,Murray County,OK,,OGE,Wind,100.0,100.0,100.0,5/12/2008,Withdrawn,,,,,12/31/2010,,,,,ER,WITHDRAWN
GEN-2008-033,,,Murray County,OK,,OGE,Wind,100.0,100.0,100.0,5/12/2008,Withdrawn,,,,,12/31/2010,,,,,ER,WITHDRAWN
GEN-2008-032,,,Swisher County,TX,,SPS,Wind,80.0,80.0,80.0,5/1/2008,Withdrawn,,,,,12/31/2010,,,,,ER,WITHDRAWN
GEN-2008-031,,,Wilbarger County,TX,,AEP,Wind,4000.0,4000.0,4000.0,4/30/2008,Withdrawn,,,,,11/5/2011,,,,,ER,WITHDRAWN
GEN-2008-030N,,,Dixon County,NE,,NPPD,Wind,201.0,201.0,201.0,4/29/2008,Withdrawn,,,,,,,,,,ER,WITHDRAWN
GEN-2008-030,,,LeFlore County,OK,,OGE,Thermal - Coal,660.0,0.0,0.0,4/21/2008,Withdrawn,,,,,10/1/2013,,,,,ER,WITHDRAWN
GEN-2008-029,,,Ellis County,OK,Woodward EHV 138kV,OGE,Wind,250.5,250.5,250.5,4/17/2008,Withdrawn,,4/12/2011,,,1/1/2010,,,,,ER,WITHDRAWN
GEN-2008-028,,,Texas County,OK,,SPS,Wind,360.0,360.0,360.0,4/17/2008,Withdrawn,,,,,12/31/2012,,,,,ER,WITHDRAWN
GEN-2008-027,,,Morris County,KS,,WERE,Wind,200.0,200.0,200.0,4/16/2008,Withdrawn,,,,,12/31/2010,,,,,ER,WITHDRAWN
GEN-2008-026,,,Thomas County,KS,,SUNC,Wind,300.0,300.0,300.0,4/9/2008,Withdrawn,,,,,10/15/2009,,,,,ER,WITHDRAWN
GEN-2008-025,,,Sherman County,KS,Ruleton 115kV,SUNC,Wind,101.2,101.2,101.2,4/4/2008,Withdrawn,,4/25/2011,,,11/1/2009,,,,,ER,WITHDRAWN
GEN-2008-024,,,Clark County,KS,,SUNC,Wind,1000.0,1000.0,1000.0,3/28/2008,Withdrawn,,,,,12/1/2012,,,,,ER,WITHDRAWN
GEN-2008-023,,,Washita County,OK,Hobart Junction 138kV,AEP,Wind,150.0,150.0,150.0,3/28/2008,Completed,11/30/2012,,,,12/1/2010,11/30/2012,,DISIS-2009-001-6,04 SOUTHEAST,ER,IA FULLY EXECUTED/COMMERCIAL OPERATION
GEN-2008-022,,,Chaves County,NM,Eddy County-Tolk (Crossroads) 345kV,SPS,Wind,299.65,299.65,299.65,3/28/2008,Completed,11/15/2015,,,,9/1/2011,11/15/2015,,DISIS-2010-001-8,05 SOUTHWEST,ER,IA FULLY EXECUTED/COMMERCIAL OPERATION
GEN-2008-021,,,Coffey County,KS,Wolf Creek 345kV,WERE,Thermal - Nuclear,42.0,42.0,42.0,3/24/2008,Completed,5/16/2011,,,,5/16/2011,5/16/2011,,,,ER,IA FULLY EXECUTED/COMMERCIAL OPERATION
GEN-2008-020,,,Dewey County,OK,,AEP,Wind,300.0,300.0,300.0,3/17/2008,Withdrawn,,,,,12/31/2012,,,,,ER,WITHDRAWN
GEN-2008-019,,,Dewey County,OK,Tatonga 345kV,OGE,Wind,300.0,300.0,300.0,3/17/2008,Withdrawn,,3/19/2014,,,12/31/2012,,,,,ER,WITHDRAWN
GEN-2008-018,,,Finney County,KS,Finney 345kV,SPS,Wind,250.0,250.0,250.0,3/17/2008,Completed,12/13/2013,,,,12/31/2012,12/13/2013,,ICS-2008-001-6,03 CENTRAL,ER,IA FULLY EXECUTED/COMMERCIAL OPERATION
GEN-2008-017,,,Scott County,KS,Setab 345kV,SUNC,Wind,300.0,300.0,300.0,3/11/2008,Withdrawn,10/1/2017,1/31/2011,,,3/1/2012,10/1/2017,,,,ER,WITHDRAWN
GEN-2008-016,,,Lynn County,TX,Grassland 230kV,SPS,Wind,248.0,248.0,248.0,3/5/2008,Withdrawn,,11/5/2012,,,5/1/2011,,,,,ER,WITHDRAWN
GEN-2008-015,,,Floyd County,TX,,SPS,Wind,150.0,150.0,150.0,3/3/2008,Withdrawn,,,,,12/1/2011,,,,,ER,WITHDRAWN
GEN-2008-014,,,Floyd County,TX,Tap Tuco - Oklaunion 345kV,SPS,Wind,150.0,150.0,150.0,3/3/2008,Withdrawn,,12/7/2010,,,12/1/2010,,,,,ER,WITHDRAWN
GEN-2008-013,,,Garfield County,OK,Hunter 345kV,OGE,Wind,300.0,300.0,300.0,2/19/2008,Completed,12/7/2012,,,,10/1/2010,12/7/2012,,ICS-2008-001-6,04 SOUTHEAST,ER,IA FULLY EXECUTED/COMMERCIAL OPERATION
GEN-2008-012,,,Benton County,AR,,EDE,Wind,150.0,150.0,150.0,2/19/2008,Withdrawn,,,,,10/1/2010,,,,,ER,WITHDRAWN
GEN-2008-011,,,Finney County,KS,,SUNC,Wind,600.0,600.0,600.0,2/19/2008,Withdrawn,,,,,10/1/2010,,,,,ER,WITHDRAWN
GEN-2008-010,,,Choctaw County,OK,,WFEC,Thermal - Coal,50.0,0.0,0.0,2/19/2008,Withdrawn,,,,,1/1/2013,,,,,ER,WITHDRAWN
GEN-2008-009,,,Chaves County,NM,San Juan Tap 230kV,SPS,Wind,60.0,60.0,60.0,2/18/2008,Withdrawn,,6/30/2011,,,3/1/2012,,,,,ER,WITHDRAWN
GEN-2008-008,,,Garza County,TX,Graham 69kV,SPS,Wind,60.0,60.0,60.0,2/13/2008,Withdrawn,,5/19/2014,,,12/31/2010,,,,,ER,WITHDRAWN
GEN-2008-007,,,Garza County,TX,,SPS,Wind,102.0,102.0,102.0,2/12/2008,Withdrawn,,,,,12/1/2009,,,,,ER,WITHDRAWN
GEN-2008-006,,,Caddo Parish,LA,Arsenal Hill 138kV,AEP,Thermal - Gas,30.0,20.0,30.0,1/31/2008,Completed,6/16/2010,,,,6/1/2010,6/16/2010,,,,ER,IA FULLY EXECUTED/COMMERCIAL OPERATION
GEN-2008-005,,,Mayes County,OK,,GRDA,Hydro,16.0,16.0,16.0,1/28/2008,Completed,9/2/2009,,,,1/9/2009,9/2/2009,,,,ER,IA FULLY EXECUTED/COMMERCIAL OPERATION
GEN-2008-004,,,Borden County,TX,,SPS,Wind,80.0,80.0,80.0,1/28/2008,Withdrawn,,,,,9/1/2009,,,,,ER,WITHDRAWN
GEN-2008-003,,,Woodward,OK,Woodward EHV 138kV,OGE,Wind,101.2,101.2,101.2,1/25/2008,Completed,12/14/2009,,,,8/31/2009,12/14/2009,,ICS-2008-001-6,04 SOUTHEAST,ER,IA FULLY EXECUTED/COMMERCIAL OPERATION
GEN-2008-002,,,Platte County,MO,,KACP,Thermal - Coal,65.0,65.0,65.0,1/22/2008,Completed,4/12/2009,,,,1/1/2009,4/12/2009,,,,ER,IA FULLY EXECUTED/COMMERCIAL OPERATION
GEN-2008-001,,,Ellis County,KS,,MIDW,Wind,200.0,200.0,200.0,1/21/2008,Withdrawn,,,,,12/1/2010,,,,,ER,WITHDRAWN
GEN-2007-065,,,Osborne County,KS,,MKEC,Wind,50.0,50.0,50.0,12/28/2007,Withdrawn,,,,,12/31/2010,,,,,ER,WITHDRAWN
GEN-2007-064,,,Ness County,KS,,MIDW,Wind,150.0,150.0,150.0,12/28/2007,Withdrawn,,,,,12/31/2010,,,,,ER,WITHDRAWN
GEN-2007-063,,,Harper,OK,,WFEC,Wind,840.0,840.0,840.0,12/27/2007,Withdrawn,,,,,12/31/2011,,,,,ER,WITHDRAWN
GEN-2007-062,,,Harper County,OK,Woodward EHV 345kV,OGE,Wind,424.0,424.0,424.0,12/27/2007,Completed,12/21/2016,,,,12/31/2011,12/21/2016,,ICS-2008-001-6,04 SOUTHEAST,ER,IA FULLY EXECUTED/COMMERCIAL OPERATION
GEN-2007-061,,,Ellis ,OK,,OGE,Wind,200.0,200.0,200.0,12/19/2007,Withdrawn,,,,,12/31/2011,,,,,ER,WITHDRAWN
GEN-2007-060,,,Blaine,OK,,OGE,Wind,202.0,202.0,202.0,12/18/2007,Withdrawn,,,,,12/1/2012,,,,,ER,WITHDRAWN
GEN-2007-059,,,Stevens,KS,,SPS,Wind,202.0,202.0,202.0,12/18/2007,Withdrawn,,,,,12/31/2012,,,,,ER,WITHDRAWN
GEN-2007-058,,,Stevens,KS,,SPS,Wind,202.0,202.0,202.0,12/18/2007,Withdrawn,,,,,12/31/2011,,,,,ER,WITHDRAWN
GEN-2007-057,,,Moore County,TX,Moore County East 115kV,SPS,Wind,34.5,34.5,34.5,12/13/2007,Withdrawn,,8/7/2013,,,5/1/2009,,,,,ER,WITHDRAWN
GEN-2007-056,,,Cimarron County,OK,,SPS,Wind,600.0,600.0,600.0,12/13/2007,Withdrawn,,,,,12/1/2009,,,,,ER,WITHDRAWN
GEN-2007-055,,,Lea County,NM,,SPS,Wind,250.0,250.0,250.0,12/4/2007,Withdrawn,,,,,12/30/2010,,,,,ER,WITHDRAWN
GEN-2007-054,,,Lea County,NM,,SPS,Thermal - Gas,550.0,0.0,0.0,12/3/2007,Withdrawn,,,,,1/1/2013,,,,,ER,WITHDRAWN
GEN-2007-053,,,Nodaway County,MO,Tap Maryville - Midway (GEN-2006-014 TAP) 161kV,MIPU,Wind,110.0,110.0,110.0,11/19/2007,Withdrawn,,1/30/2012,,,1/10/2010,,,,,ER,WITHDRAWN
GEN-2007-052,,,Caddo County,OK,Anadarko 138kV,WFEC,Thermal - Gas,150.0,150.0,150.0,11/9/2007,Completed,7/1/2009,,,,5/1/2009,7/1/2009,,ICS-2008-001-6,04 SOUTHEAST,ER,IA FULLY EXECUTED/COMMERCIAL OPERATION
GEN-2007-051,,,Woodward County,OK,Mooreland 138kV,WFEC,Wind,200.0,200.0,200.0,11/7/2007,Withdrawn,,1/14/2013,,,12/1/2009,,,,,ER,WITHDRAWN
GEN-2007-050,,,Woodward County,OK,Woodward EHV 138kV,OGE,Wind,151.8,151.8,151.8,10/22/2007,Completed,12/23/2010,,,,10/1/2009,12/23/2010,,ICS-2008-001-6,04 SOUTHEAST,ER,IA FULLY EXECUTED/COMMERCIAL OPERATION
GEN-2007-049,,,Beckham County,OK,,WFEC,Wind,60.0,60.0,60.0,10/22/2007,Withdrawn,,,,,12/31/2009,,,,,ER,WITHDRAWN
GEN-2007-048,,,Randall County,TX,Tap Amarillo S - Swisher 230kV,SPS,Wind,400.0,400.0,400.0,10/17/2007,Withdrawn,,1/15/2014,,,11/1/2009,,,,,ER,WITHDRAWN
GEN-2007-047,,,Thomas County,KS,,SUNC,Wind,204.0,204.0,204.0,10/17/2007,Withdrawn,,,,,7/1/2009,,,,,ER,WITHDRAWN
GEN-2007-046,,,Texas County,OK,Hitchland 115kV,SPS,Wind,200.0,200.0,200.0,10/15/2007,Completed,12/15/2015,,,,12/31/2011,12/15/2015,,ICS-2008-001-6,05 SOUTHWEST,ER,IA FULLY EXECUTED/COMMERCIAL OPERATION
GEN-2007-045,,,Carson County,TX,,SPS,Wind,171.0,171.0,171.0,10/15/2007,Withdrawn,,,,,12/31/2011,,,,,ER,WITHDRAWN
GEN-2007-044,,,Blaine County,OK,Tatonga 345kV,OGE,Wind,299.2,299.2,299.2,10/2/2007,Completed,12/31/2014,,,,12/1/2009,12/31/2014,,ICS-2008-001-6,04 SOUTHEAST,ER,IA FULLY EXECUTED/COMMERCIAL OPERATION
GEN-2007-043,,,Grady County,OK,Minco 345kV,OGE,Wind,200.0,200.0,200.0,10/2/2007,Completed,11/1/2010,,,,12/1/2009,11/1/2010,,ICS-2008-001-6,04 SOUTHEAST,ER,IA FULLY EXECUTED/COMMERCIAL OPERATION
GEN-2007-042,,,Hansford County,TX,,SPS,Wind,360.0,360.0,360.0,9/28/2007,Withdrawn,,,,,9/30/2010,,,,,ER,WITHDRAWN
GEN-2007-041,,,Texas County,OK,,SPS,Wind,600.0,600.0,600.0,9/27/2007,Withdrawn,,,,,12/31/2010,,,,,ER,WITHDRAWN
GEN-2007-040,,,Gray County,KS,Buckner 345kV,SUNC,Wind,131.1,131.1,131.1,9/25/2007,Completed,6/9/2012,,,,12/15/2010,6/9/2012,,DISIS-2009-001-6,03 CENTRAL,ER,IA FULLY EXECUTED/COMMERCIAL OPERATION
GEN-2007-039,,,Hansford County,TX,,SPS,Wind,120.0,120.0,120.0,9/17/2007,Withdrawn,,,,,12/31/2009,,,,,ER,WITHDRAWN
GEN-2007-038,,,Ford County,KS,Spearville 345kV,SUNC,Wind,200.0,200.0,200.0,9/17/2007,Withdrawn,,4/14/2011,,,8/25/2015,,,,,ER,WITHDRAWN
GEN-2007-037,,,Ford County,KS,,SUNC,Wind,200.0,200.0,200.0,9/17/2007,Withdrawn,,,,,10/1/2012,,,,,ER,WITHDRAWN
GEN-2007-036,,,Ford County,KS,,SUNC,Wind,200.0,200.0,200.0,9/14/2007,Withdrawn,,,,,12/31/2012,,,,,ER,WITHDRAWN
GEN-2007-035,,,Harmon County,OK,,AEP,Wind,100.0,100.0,100.0,9/5/2007,Withdrawn,,,,,12/31/2009,,,,,ER,WITHDRAWN
GEN-2007-034,,,Bailey County,TX,,SPS,Wind,150.0,150.0,150.0,8/16/2007,Withdrawn,,,,,8/15/2010,,,,,ER,WITHDRAWN
GEN-2007-033O,,,Cass County,NE,,OPPD,Thermal - Steam,170.0,0.0,0.0,8/10/2007,Withdrawn,,4/1/2009,,,1/1/2014,,,,,ER,WITHDRAWN
GEN-2007-033,,,Hutchinson County,TX,,SPS,Wind,200.0,200.0,200.0,8/8/2007,Withdrawn,,,,,8/1/2009,,,,,ER,WITHDRAWN
GEN-2007-032,,,Custer County,OK,Tap Clinton Junction - Clinton 138kV,WFEC,Wind,150.0,150.0,150.0,7/25/2007,Withdrawn,,4/4/2011,,,9/15/2013,,,,,ER,WITHDRAWN
GEN-2007-031,,,Lubbock County,TX,,SPS,Wind,51.0,51.0,51.0,7/20/2007,Withdrawn,,,,,12/1/2008,,,,,ER,WITHDRAWN
GEN-2007-030O,,,Washington County,NE,,OPPD,Thermal - Nuclear,67.0,0.0,0.0,7/10/2007,Withdrawn,,4/1/2009,,,11/16/2012,,,,,ER,WITHDRAWN
GEN-2007-030N,,,Sheldon,NE,,NPPD,Thermal - Gas,350.0,0.0,0.0,7/13/2007,Withdrawn,,,,,,,,,,ER,WITHDRAWN
GEN-2007-030,,,Gray County,TX,,SPS,Wind,200.0,200.0,200.0,7/5/2007,Withdrawn,,,,,3/1/2009,,,,,ER,WITHDRAWN
GEN-2007-029,,,Caddo,OK,,WFEC,Wind,200.0,200.0,200.0,6/29/2007,Withdrawn,,,,,11/1/2010,,,,,ER,WITHDRAWN
GEN-2007-028,,,Cloud,KS,,MKEC,Wind,200.0,200.0,200.0,6/29/2007,Withdrawn,,,,,12/1/2010,,,,,ER,WITHDRAWN
GEN-2007-027,,,Curry County,NM,,SPS,Wind,60.0,60.0,60.0,6/22/2007,Withdrawn,,,,,12/1/2009,,,,,ER,WITHDRAWN
GEN-2007-026,,,Deaf Smith County,TX,,SPS,Wind,130.2,130.2,130.2,5/31/2007,Withdrawn,,,,,12/31/2009,,,,,ER,WITHDRAWN
GEN-2007-025,,,Barber County,KS,Viola 345kV,WERE,Wind,299.2,299.2,299.2,5/24/2007,Completed,10/1/2012,,,,12/31/2009,10/1/2012,,ICS-2008-001-6,03 CENTRAL,ER,IA FULLY EXECUTED/COMMERCIAL OPERATION
GEN-2007-024,,,Sherman County,TX,,SPS,Wind,120.0,120.0,120.0,5/22/2007,Withdrawn,,,,,12/31/2009,,,,,ER,WITHDRAWN
GEN-2007-023,,,Pottawatomie,KS,,WERE,Thermal - Coal,800.0,0.0,0.0,5/18/2007,Withdrawn,,,,,5/1/2015,,,,,ER,WITHDRAWN
GEN-2007-022,,,Anderson County,KS,,KCPL,Wind,201.0,201.0,201.0,5/10/2007,Withdrawn,,,,,11/1/2009,,,,,ER,WITHDRAWN
GEN-2007-021,,,Dewey County,OK,Tatonga 345kV,OGE,Wind,198.9,198.9,198.9,5/9/2007,Completed,12/31/2014,,,,8/1/2009,12/31/2014,,ICS-2008-001-6,04 SOUTHEAST,ER,IA FULLY EXECUTED/COMMERCIAL OPERATION
GEN-2007-020,,,Jackson County,KS,,WERE,Wind,50.0,50.0,50.0,4/24/2007,Withdrawn,,,,,6/30/2009,,,,,ER,WITHDRAWN
GEN-2007-019,,,Hamilton,KS,,SPS,Wind,375.0,375.0,375.0,4/27/2007,Withdrawn,,,,,8/30/2009,,,,,ER,WITHDRAWN
GEN-2007-018,,,Pettis County,MO,,MIPU,Thermal - Gas,315.0,0.0,0.0,4/13/2007,Withdrawn,,,,,5/31/2010,,,,,ER,WITHDRAWN
GEN-2007-017,,,Nodaway,MO,Tap Maryville - Midway (GEN-2006-014 TAP) 161kV,MIPU,Wind,100.5,100.5,100.5,4/13/2007,Withdrawn,,2/22/2012,,,12/31/2009,,,,,ER,WITHDRAWN
GEN-2007-016,,,Nodaway County,MO,,MIPU,Wind,100.5,100.5,100.5,3/28/2007,Withdrawn,,,,,12/31/2009,,,,,ER,WITHDRAWN
GEN-2007-015,,,Nemaha County,KS,Tap Kelly(WERE) - S1399(OPPD) 161kV,WERE,Wind,135.0,135.0,135.0,3/27/2007,Withdrawn,,7/20/2013,,,12/31/2009,,,,,ER,WITHDRAWN
GEN-2007-014,,,Roger Mills County,OK,,WFEC,Wind,135.0,135.0,135.0,3/27/2007,Withdrawn,,,,,12/1/2008,,,,,ER,WITHDRAWN
GEN-2007-013,,,Wichita County,KS,Selkirk 115kV,SUNC,Wind,99.0,99.0,99.0,3/23/2007,Withdrawn,,,,,11/30/2009,,,,,ER,WITHDRAWN
GEN-2007-012N,,,Scottsbluff,NE,,NPPD,Thermal - Gas,8.5,0.0,0.0,3/22/2007,Withdrawn,,,,,,,,,,ER,WITHDRAWN
GEN-2007-012,,,Rawlins,KS,,SUNC,Wind,300.0,300.0,300.0,3/20/2007,Withdrawn,,,,,10/15/2010,,,,,ER,WITHDRAWN
GEN-2007-011N09,,,Knox County,NE,,NPPD,Wind,75.0,75.0,75.0,3/19/2007,Withdrawn,,,,,,,,,,ER,WITHDRAWN
GEN-2007-011N08,,,Knox County,NE,Bloomfield 115kV,NPPD,Wind,81.0,81.0,81.0,3/19/2007,Completed,,,,,1/1/2009,,,ICS-2008-001 Prior Queued,02 NEBRASKA,ER,IA FULLY EXECUTED/COMMERCIAL OPERATION
GEN-2007-011N07,,,Boone County,NE,,NPPD,Wind,100.0,100.0,100.0,3/19/2007,Withdrawn,,,,,1/1/2010,,,,,ER,WITHDRAWN
GEN-2007-011N06,,,Boone County,NE,,NPPD,Wind,75.0,75.0,75.0,3/19/2007,Withdrawn,,,,,1/1/2010,,,,,ER,WITHDRAWN
GEN-2007-011N05,,,Springview,NE,,NPPD,Wind,10.0,10.0,10.0,3/15/2007,Withdrawn,,,,,,,,,,ER,WITHDRAWN
GEN-2007-011N04,,,Holt County,NE,,NPPD,Wind,100.0,100.0,100.0,3/13/2007,Withdrawn,,,,,,,,,,ER,WITHDRAWN
GEN-2007-011N03,,,Holt County,NE,,NPPD,Wind,100.0,100.0,100.0,3/13/2007,Withdrawn,,,,,,,,,,ER,WITHDRAWN
GEN-2007-011N02,,,Lancaster County,NE,,NPPD,Thermal - Coal,600.0,0.0,0.0,3/9/2007,Withdrawn,,,,,,,,,,ER,WITHDRAWN
GEN-2007-011N01,,,Lancaster County,NE,,NPPD,Thermal - Coal,400.0,0.0,0.0,3/9/2007,Withdrawn,,,,,,,,,,ER,WITHDRAWN
GEN-2007-011N,,,Lancaster County,NE,,NPPD,Thermal - Coal,200.0,0.0,0.0,3/9/2007,Withdrawn,,,,,,,,,,ER,WITHDRAWN
GEN-2007-011,,,Hamilton County,KS,Syracuse 115kV,SUNC,Wind,135.0,135.0,135.0,3/9/2007,Withdrawn,,4/24/2015,,,11/1/2008,,,,,ER,WITHDRAWN
GEN-2007-010N05,,,Lincoln County,NE,,NPPD,Wind,100.0,100.0,100.0,3/1/2007,Withdrawn,,,,,,,,,,ER,WITHDRAWN
GEN-2007-010N04,,,Lincoln County,NE,,NPPD,Wind,100.0,100.0,100.0,3/1/2007,Withdrawn,,,,,,,,,,ER,WITHDRAWN
GEN-2007-010N03,,,Lincoln County,NE,,NPPD,Wind,100.0,100.0,100.0,3/1/2007,Withdrawn,,,,,,,,,,ER,WITHDRAWN
GEN-2007-010N02,,,Butler County,NE,,NPPD,Wind,100.0,100.0,100.0,3/1/2007,Withdrawn,,,,,,,,,,ER,WITHDRAWN
GEN-2007-010N01,,,Gage County,NE,,NPPD,Wind,100.0,100.0,100.0,3/1/2007,Withdrawn,,,,,,,,,,ER,WITHDRAWN
GEN-2007-010N,,,Lincoln County,NE,,NPPD,Wind,100.0,100.0,100.0,3/1/2007,Withdrawn,,,,,,,,,,ER,WITHDRAWN
GEN-2007-010,,,Castro,TX,,SPS,Wind,200.0,200.0,200.0,2/28/2007,Withdrawn,,,,,9/20/2010,,,,,ER,WITHDRAWN
GEN-2007-009,,,Gray County,TX,,SPS,Wind,200.0,200.0,200.0,2/23/2007,Withdrawn,,,,,12/1/2009,,,,,ER,WITHDRAWN
GEN-2007-008,,,Gray County,TX,,SPS,Wind,300.0,300.0,300.0,2/23/2007,Withdrawn,,,,,12/1/2009,,,,,ER,WITHDRAWN
GEN-2007-007,,,Sequoyah,OK,,OGE,Thermal - Coal,985.0,0.0,0.0,2/15/2007,Withdrawn,,,,,7/31/2011,,,,,ER,WITHDRAWN
GEN-2007-006,,,Blaine County,OK,Roman Nose 138kV,OGE,Wind,160.0,160.0,160.0,2/14/2007,Withdrawn,,6/10/2012,,,12/1/2009,,,,,ER,WITHDRAWN
GEN-2007-005,,,Hutchinson County,TX,,SPS,Wind,200.0,200.0,200.0,2/5/2007,Withdrawn,,,,,12/1/2008,,,,,ER,WITHDRAWN
GEN-2007-004,,,Terry County,TX,,SPS,Wind,150.0,150.0,150.0,2/1/2007,Withdrawn,,,,,5/1/2009,,,,,ER,WITHDRAWN
GEN-2007-003,,,Sherman County,KS,,SUNC,Thermal - Coal,30.0,0.0,0.0,1/30/2007,Withdrawn,,,,,9/1/2007,,,,,ER,WITHDRAWN
GEN-2007-002,,,Gray County,TX,Grapevine 115kV,SPS,Thermal - Coal,160.0,0.0,0.0,1/29/2007,Withdrawn,,1/27/2012,,,9/1/2009,,,,,ER,WITHDRAWN
GEN-2007-001,,,Eddy County,NM,,SPS,Wind,200.0,200.0,200.0,1/19/2007,Withdrawn,,,,,12/31/2009,,,,,ER,WITHDRAWN
GEN-2006-049,,,Seward County,KS,Tap Finney - Hitchland (Stevens County) 345kV,SPS,Wind,400.0,400.0,400.0,12/18/2006,Withdrawn,,10/10/2012,,,12/31/2010,,,,,ER,WITHDRAWN
GEN-2006-048,,,Eddy County,NM,,SPS,Wind,150.0,150.0,150.0,12/8/2006,Withdrawn,,,,,12/31/2010,,,,,ER,WITHDRAWN
GEN-2006-047,,,Randall County,TX,Tap Bushland - Deaf Smith (Buffalo) 230kV,SPS,Wind,240.0,240.0,240.0,12/5/2006,Withdrawn,,,,,12/31/2009,,,,,ER,WITHDRAWN
GEN-2006-046,,,Dewey,OK,Dewey 138kV,OGE,Wind,129.6,129.6,129.6,12/5/2006,Completed,6/6/2011,,,,12/31/2009,6/6/2011,,ICS-2008-001 Prior Queued,04 SOUTHEAST,ER,IA FULLY EXECUTED/COMMERCIAL OPERATION
GEN-2006-045,,,Randall County,TX,Tap Potter - Plant X 230kV  (South Randle County) 230kV,SPS,Wind,240.0,240.0,240.0,12/5/2006,Withdrawn,,,,,12/31/2008,,,,,ER,WITHDRAWN
GEN-2006-044N02,,,Madison County,NE,Tap Ft Randle - Columbus (Madison County) 230kV,NPPD,Wind,100.5,100.5,100.5,12/4/2006,Withdrawn,,,,,,,,,,ER,WITHDRAWN
GEN-2006-044N01,,,Petersburg,NE,,NPPD,Wind,150.0,150.0,150.0,12/4/2006,Withdrawn,,,,,1/1/2010,,,,,ER,WITHDRAWN
GEN-2006-044N,,,Petersburg,NE,North Petersburg 115kV,NPPD,Wind,40.5,40.5,40.5,12/4/2006,Completed,12/31/2011,,,,1/1/2010,12/31/2011,,DISIS-2009-001-6,02 NEBRASKA,ER,IA FULLY EXECUTED/COMMERCIAL OPERATION
GEN-2006-044,,,Hansford,TX,Hitchland 345kV,SPS,Wind,370.0,370.0,370.0,12/4/2006,Completed,12/31/2022,,,,10/1/2010,12/31/2022,,ICS-2008-001 Prior Queued,05 SOUTHWEST,ER,IA FULLY EXECUTED/COMMERCIAL OPERATION
GEN-2006-043,,,Beckham County,OK,Sweetwater 230kV,AEP,Wind,99.0,99.0,99.0,11/17/2006,Completed,12/15/2009,,,,8/1/2008,12/15/2009,,ICS-2008-001 Prior Queued,04 SOUTHEAST,ER,IA FULLY EXECUTED/COMMERCIAL OPERATION
GEN-2006-042,,,LeFlore Co.,OK,,OGE,Thermal - Coal,600.0,0.0,0.0,11/13/2006,Withdrawn,,,,,6/1/2012,,,,,ER,WITHDRAWN
GEN-2006-041S,,,Thomas County,KS,,MIDW,Wind,19.8,19.8,19.8,11/9/2006,Withdrawn,,,,,8/31/2008,,,,,ER,WITHDRAWN
GEN-2006-040,,,Thomas County,KS,Mingo 115kV,SUNC,Wind,108.0,108.0,108.0,11/7/2006,Withdrawn,,,,,8/31/2008,,,,,ER,WITHDRAWN
GEN-2006-039,,,Randall,TX,Tap Potter - Plant X 230kV (South Randle County) 230kV,SPS,Wind,400.0,400.0,400.0,10/30/2006,Withdrawn,,,,,10/1/2008,,,,,ER,WITHDRAWN
GEN-2006-038N024,,,Kearney County,NE,,NPPD,Wind,100.0,100.0,100.0,10/26/2006,Withdrawn,,,,,,,,,,ER,WITHDRAWN
GEN-2006-038N023,,,Greeley County,NE,,NPPD,Wind,100.0,100.0,100.0,10/26/2006,Withdrawn,,,,,,,,,,ER,WITHDRAWN
GEN-2006-038N022,,,Antelope County,NE,,NPPD,Wind,100.0,100.0,100.0,10/26/2006,Withdrawn,,,,,,,,,,ER,WITHDRAWN
GEN-2006-038N021,,,Brown County,NE,,NPPD,Wind,100.0,100.0,100.0,10/26/2006,Withdrawn,,,,,,,,,,ER,WITHDRAWN
GEN-2006-038N020,,,Antelope County,NE,,NPPD,Wind,100.0,100.0,100.0,10/26/2006,Withdrawn,,,,,,,,,,ER,WITHDRAWN
GEN-2006-038N019,,,Boone County,NE,Petersburg North 115kV,NPPD,Wind,80.0,80.0,80.0,10/26/2006,Completed,10/31/2011,,,,5/1/2011,10/31/2011,,ICS-2008-001 Prior Queued,02 NEBRASKA,ER,IA FULLY EXECUTED/COMMERCIAL OPERATION
GEN-2006-038N018,,,Clay County,NE,,NPPD,Wind,100.0,100.0,100.0,10/26/2006,Withdrawn,,,,,,,,,,ER,WITHDRAWN
GEN-2006-038N017,,,Filmore County,NE,,NPPD,Wind,100.0,100.0,100.0,10/26/2006,Withdrawn,,,,,,,,,,ER,WITHDRAWN
GEN-2006-038N016,,,Hamilton County,NE,,NPPD,Wind,100.0,100.0,100.0,10/26/2006,Withdrawn,,,,,,,,,,ER,WITHDRAWN
GEN-2006-038N015,,,York County,NE,,NPPD,Wind,100.0,100.0,100.0,10/26/2006,Withdrawn,,,,,,,,,,ER,WITHDRAWN
GEN-2006-038N014,,,Madison County,NE,,NPPD,Wind,100.0,100.0,100.0,10/26/2006,Withdrawn,,,,,,,,,,ER,WITHDRAWN
GEN-2006-038N013,,,Sioux County,NE,,NPPD,Wind,100.0,100.0,100.0,10/17/2006,Withdrawn,,,,,,,,,,ER,WITHDRAWN
GEN-2006-038N012,,,Lincoln,NE,,NPPD,Wind,100.0,100.0,100.0,10/17/2006,Withdrawn,,,,,,,,,,ER,WITHDRAWN
GEN-2006-038N011,,,Wayne County,NE,,NPPD,Wind,100.0,100.0,100.0,10/17/2006,Withdrawn,,,,,,,,,,ER,WITHDRAWN
GEN-2006-038N010,,,Cedar County,NE,,NPPD,Wind,200.0,200.0,200.0,10/17/2006,Withdrawn,,,,,,,,,,ER,WITHDRAWN
GEN-2006-038N009,,,Knox County,NE,,NPPD,Wind,250.0,250.0,250.0,10/17/2006,Withdrawn,,,,,,,,,,ER,WITHDRAWN
GEN-2006-038N008,,,Brown County,NE,,NPPD,Wind,100.0,100.0,100.0,10/17/2006,Withdrawn,,,,,,,,,,ER,WITHDRAWN
GEN-2006-038N007,,,Custer County,NE,,NPPD,Wind,100.0,100.0,100.0,10/17/2006,Withdrawn,,,,,1/1/2010,,,,,ER,WITHDRAWN
GEN-2006-038N006,,,Custer County,NE,,NPPD,Wind,100.0,100.0,100.0,10/17/2006,Withdrawn,,,,,1/1/2010,,,,,ER,WITHDRAWN
GEN-2006-038N005,,,Custer County,NE,Broken Bow 115kV,NPPD,Wind,80.0,80.0,80.0,10/17/2006,Completed,12/31/2012,,,,12/1/2010,12/31/2012,,ICS-2008-001 Prior Queued,02 NEBRASKA,ER,IA FULLY EXECUTED/COMMERCIAL OPERATION
GEN-2006-038N004,,,Jefferson County,NE,,NPPD,Wind,100.0,100.0,100.0,10/17/2006,Withdrawn,,,,,10/17/2006,,,,,ER,WITHDRAWN
GEN-2006-038N003,,,Platte County,NE,,NPPD,Wind,100.0,100.0,100.0,10/17/2006,Withdrawn,,,,,,,,,,ER,WITHDRAWN
GEN-2006-038N002,,,Nuckolls County,NE,,NPPD,Wind,100.0,100.0,100.0,10/17/2006,Withdrawn,,,,,,,,,,ER,WITHDRAWN
GEN-2006-038N001,,,Butler County,NE,,NPPD,Wind,100.0,100.0,100.0,10/17/2006,Withdrawn,,,,,,,,,,ER,WITHDRAWN
GEN-2006-038N,,,Cherry County,NE,,NPPD,Wind,100.0,100.0,100.0,10/16/2006,Withdrawn,,,,,,,,,,ER,WITHDRAWN
GEN-2006-038,,,Choctaw,OK,,WFEC,Thermal - Coal,750.0,0.0,0.0,10/16/2006,Withdrawn,,,,,1/1/2011,,,,,ER,WITHDRAWN
GEN-2006-037N1,,,Custer County,NE,Broken Bow 115kV,NPPD,Wind,75.0,75.0,75.0,10/3/2006,Completed,12/31/2014,,,,1/1/2010,12/31/2014,,DISIS-2009-001-6,02 NEBRASKA,ER,IA FULLY EXECUTED/COMMERCIAL OPERATION
GEN-2006-037N,,,Cherry County,NE,,NPPD,Wind,100.5,100.5,100.5,9/15/2006,Withdrawn,,,,,,,,,,ER,WITHDRAWN
GEN-2006-037,,,Noble County,OK,,OGE,Thermal - Coal,900.0,0.0,0.0,9/15/2006,Withdrawn,,,,,6/1/2011,,,,,ER,WITHDRAWN
GEN-2006-036,,,Donley County,TX,,SPS,Wind,85.5,85.5,85.5,9/13/2006,Withdrawn,,,,,7/1/2007,,,,,ER,WITHDRAWN
GEN-2006-035,,,Beckham County,OK,Sweetwater 230kV,AEP,Wind,132.0,132.0,132.0,8/29/2006,Completed,4/27/2012,,,,12/1/2008,4/27/2012,,ICS-2008-001 Prior Queued,04 SOUTHEAST,ER,IA FULLY EXECUTED/COMMERCIAL OPERATION
GEN-2006-034,,,Sherman County,KS,Kanarado 115kV,SUNC,Wind,81.0,81.0,81.0,8/23/2006,Withdrawn,,,,,8/30/2008,,,,,ER,WITHDRAWN
GEN-2006-033,,,Geary County,KS,,WERE,Wind,150.0,150.0,150.0,8/22/2006,Withdrawn,,,,,12/1/2008,,,,,ER,WITHDRAWN
GEN-2006-032,,,Ellis County,KS,South Hays 230kV,MIDW,Wind,200.0,200.0,200.0,8/21/2006,Withdrawn,,,,,12/1/2007,,,,,ER,WITHDRAWN
GEN-2006-031,,,Ellis County,KS,Knoll 115kV,MIDW,Thermal - Gas,75.6,75.6,75.6,8/16/2006,Completed,6/1/2008,,,,6/1/2008,6/1/2008,,,03 CENTRAL,ER,IA FULLY EXECUTED/COMMERCIAL OPERATION
GEN-2006-030,,,Terry County,TX,,SPS,Wind,150.0,150.0,150.0,8/15/2006,Withdrawn,,,,,5/1/2008,,,,,ER,WITHDRAWN
GEN-2006-029,,,Sedgewick,KS,,WERE,Thermal - Gas,300.0,0.0,0.0,8/11/2006,Withdrawn,,,,,5/1/2008,,,,,ER,WITHDRAWN
GEN-2006-028,,,Lyon,KS,Emporia 345kV,WERE,Thermal - Gas,360.0,300.0,360.0,8/11/2006,Completed,6/1/2009,,,,5/1/2009,6/1/2009,,,,ER,IA FULLY EXECUTED/COMMERCIAL OPERATION
GEN-2006-027,,,Lyon,KS,Emporia 345kV,WERE,Thermal - Gas,380.0,310.0,380.0,8/11/2006,Completed,6/1/2008,,,,5/1/2008,6/1/2008,,,,ER,IA FULLY EXECUTED/COMMERCIAL OPERATION
GEN-2006-026,,,Lea,NM,Hobbs 230kV & Hobbs 115kV,SPS,Thermal - Gas,604.0,604.0,604.0,7/26/2006,Completed,6/1/2008,,,,6/1/2008,6/1/2008,,ICS-2008-001 Prior Queued,05 SOUTHWEST,ER,IA FULLY EXECUTED/COMMERCIAL OPERATION
GEN-2006-025,,,Motley,TX,,SPS,Wind,150.0,150.0,150.0,7/7/2006,Withdrawn,,,,,10/1/2007,,,,,ER,WITHDRAWN
GEN-2006-024S,,,Harper,OK,Buffalo Bear Tap 69kV,WFEC,Wind,18.9,18.9,18.9,7/7/2006,Completed,12/31/2008,,,,12/31/2007,12/31/2008,,ICS-2008-001 Prior Queued,04 SOUTHEAST,ER,IA FULLY EXECUTED/COMMERCIAL OPERATION
GEN-2006-023,,,Lea County,NM,,SPS,Thermal - Gas,549.0,0.0,0.0,6/23/2006,Withdrawn,,,,,5/1/2008,,,,,ER,WITHDRAWN
GEN-2006-022,,,Pratt County,KS,RV Road 115kV,MKEC,Wind,150.0,150.0,150.0,6/21/2006,Withdrawn,,,,,5/31/2008,,,,,ER,WITHDRAWN
GEN-2006-021,,,Barber County,KS,Flat Ridge Tap 138kV,ITCGP,Wind,94.0,94.0,94.0,6/21/2006,Completed,12/1/2008,,,,5/31/2008,12/1/2008,,ICS-2008-001 Prior Queued,03 CENTRAL,ER,IA FULLY EXECUTED/COMMERCIAL OPERATION
GEN-2006-020S,,,Hansford,TX,DWS Frisco 115kV,SPS,Wind,20.0,20.0,20.0,12/31/2010,Completed,3/1/2012,,,,9/1/2007,3/1/2012,,ICS-2008-001 Prior Queued,05 SOUTHWEST,ER,IA FULLY EXECUTED/COMMERCIAL OPERATION
GEN-2006-020N,,,Bloomfield,NE,Bloomfield 115kV,NPPD,Wind,42.0,42.0,42.0,6/20/2006,Completed,,,,,1/1/2009,,,ICS-2008-001 Prior Queued,02 NEBRASKA,ER,IA FULLY EXECUTED/COMMERCIAL OPERATION
GEN-2006-019,,,Greene,MO,,SPRM,Thermal - Coal,275.0,275.0,275.0,6/19/2006,Completed,1/1/2011,,,,6/1/2010,1/1/2011,,,,ER,IA FULLY EXECUTED/COMMERCIAL OPERATION
GEN-2006-018,,,Hale,TX,TUCO 230kV,SPS,Thermal - CT,168.1,168.1,168.1,6/1/2010,Completed,3/22/2011,,,,6/1/2007,3/22/2011,,ICS-2008-001 Prior Queued,05 SOUTHWEST,ER,IA FULLY EXECUTED/COMMERCIAL OPERATION
GEN-2006-017,,,Nodaway,MO,Tap Maryville - Midway 161kV (GEN-2006-014 TAP),MIPU,Wind,300.0,300.0,300.0,6/2/2006,Withdrawn,,,,,4/30/2008,,,,,ER,WITHDRAWN
GEN-2006-016,,,Beaver,OK,,SPS,Wind,100.0,100.0,100.0,5/8/2006,Withdrawn,,,,,12/31/2008,,,,,ER,WITHDRAWN
GEN-2006-015,,,Denver City,TX,Mustang 230kV,SPS,Thermal - Gas,150.0,150.0,150.0,4/24/2006,Completed,6/1/2007,,,,4/1/2007,6/1/2007,,,05 SOUTHWEST,ER,IA FULLY EXECUTED/COMMERCIAL OPERATION
GEN-2006-014,,,Atchison,MO,Tap Maryville - Midway (Nodway Co) 161kV,MIPU,Wind,300.0,300.0,300.0,3/2/2006,Withdrawn,,,,,5/31/2008,,,,,ER,WITHDRAWN
GEN-2006-013,,,Harrison Co.,TX,,AEP,Thermal - Coal,575.0,0.0,0.0,2/27/2006,Withdrawn,,,,,6/1/2011,,,,,ER,WITHDRAWN
GEN-2006-012,,,Harrison Co.,TX,,AEP,Thermal - Coal,610.0,0.0,0.0,2/27/2006,Withdrawn,,,,,6/1/2011,,,,,ER,WITHDRAWN
GEN-2006-011,,,Hempstead Co.,AR,,AEP,Thermal - Coal,605.0,0.0,0.0,2/27/2006,Withdrawn,,,,,6/1/2011,,,,,ER,WITHDRAWN
GEN-2006-010,,,Hempstead Co.,AR,Turk 138kV,AEP,Thermal - Coal,620.0,610.0,620.0,2/27/2006,Completed,12/20/2012,,,,6/1/2011,12/20/2012,,,04 SOUTHEAST,ER,IA FULLY EXECUTED/COMMERCIAL OPERATION
GEN-2006-009,,,Caddo Prsh.,LA,,AEP,Thermal - Gas,550.0,0.0,0.0,2/27/2006,Withdrawn,,,,,6/1/2008,,,,,ER,WITHDRAWN
GEN-2006-008,,,Caddo Prsh.,LA,Arsenal Hill 138kV,AEP,Thermal - Gas,550.0,490.0,550.0,2/27/2006,Completed,6/26/2010,,,,6/1/2008,6/26/2010,,,,ER,IA FULLY EXECUTED/COMMERCIAL OPERATION
GEN-2006-007,,,Washington Co.,AR,,AEP,Thermal - Gas,530.0,0.0,0.0,2/27/2006,Withdrawn,,,,,6/1/2007,,,,,ER,WITHDRAWN
GEN-2006-006,,,Ford Co.,KS,Spearville 345kV,SUNC,Wind,205.5,205.5,205.5,2/16/2006,Withdrawn,,,,,12/1/2008,,,,,ER,WITHDRAWN
GEN-2006-005,,,Rogers Co.,OK,,AEP,Thermal - Coal,580.0,0.0,0.0,2/14/2006,Withdrawn,,,,,6/1/2011,,,,,ER,WITHDRAWN
GEN-2006-004,,,Rogers Co.,OK,,AEP,Thermal - Coal,620.0,0.0,0.0,2/14/2006,Withdrawn,,,,,6/1/2011,,,,,ER,WITHDRAWN
GEN-2006-003,,,Atchison,MO,,MIPU,Wind,50.0,50.0,50.0,2/7/2006,Withdrawn,,,,,12/31/2007,,,,,ER,WITHDRAWN
GEN-2006-002,,,Beckham ,OK,Sweetwater 230kV,AEP,Wind,100.8,100.8,100.8,1/9/2006,Completed,12/28/2010,,,,12/31/2006,12/28/2010,,ICS-2008-001 Prior Queued,04 SOUTHEAST,ER,IA FULLY EXECUTED/COMMERCIAL OPERATION
GEN-2006-001,,,Ellis County,OK,,WFEC,Wind,45.0,45.0,45.0,1/9/2006,Withdrawn,,,,,12/31/2006,,,,,ER,WITHDRAWN
GEN-2005-024,,,Tulsa County,OK,,AEP,Thermal - Gas,181.0,172.0,181.0,12/13/2005,Completed,3/22/2007,,,,6/1/2007,3/22/2007,,,,ER,IA FULLY EXECUTED/COMMERCIAL OPERATION
GEN-2005-023,,,Tulsa County,OK,,AEP,Thermal - Gas,172.0,0.0,0.0,12/13/2005,Withdrawn,,,,,6/1/2007,,,,,ER,WITHDRAWN
GEN-2005-022,,,Caddo County,OK,,AEP,Thermal - Gas,177.0,168.0,177.0,12/13/2005,Completed,12/27/2007,,,,6/1/2007,12/27/2007,,,,ER,IA FULLY EXECUTED/COMMERCIAL OPERATION
GEN-2005-021,,,Gray County,TX,,SPS,Wind,85.5,85.5,85.5,10/24/2005,Withdrawn,,,,,7/1/2007,,,,,ER,WITHDRAWN
GEN-2005-020,,,Ellis County,KS,,MIDW,Wind,50.0,50.0,50.0,10/3/2005,Withdrawn,,,,,10/1/2006,,,,,ER,WITHDRAWN
GEN-2005-019,,,Noble County,OK,,OGE,Thermal - Gas,32.0,0.0,0.0,9/29/2005,Withdrawn,,,,,3/31/2007,,,,,ER,WITHDRAWN
GEN-2005-018,,,Muskogee Co.,OK,,OGE,Thermal - Gas,32.0,0.0,0.0,9/29/2005,Withdrawn,,,,,3/31/2007,,,,,ER,WITHDRAWN
GEN-2005-017,,,Sherman county,TX,,SPS,Wind,340.0,340.0,340.0,9/26/2005,Withdrawn,,,,,12/30/2007,,,,,ER,WITHDRAWN
GEN-2005-016,,,Elk County,KS,,WERE,Wind,150.0,150.0,150.0,9/14/2005,Withdrawn,,,,,12/31/2006,,,,,ER,WITHDRAWN
GEN-2005-015,,,Motley County,TX,,SPS,Wind,150.0,150.0,150.0,9/14/2005,Withdrawn,,,,,12/31/2006,,,,,ER,WITHDRAWN
GEN-2005-014,,,Anderson County,KS,,KCPL,Wind,201.0,201.0,201.0,8/22/2005,Withdrawn,,,,,11/1/2007,,,,,ER,WITHDRAWN
GEN-2005-013,,,Elk County,KS,Caney River 345kV,WERE,Wind,199.8,199.8,199.8,8/22/2005,Completed,7/5/2011,,,,11/1/2007,7/5/2011,,ICS-2008-001 Prior Queued,03 CENTRAL,ER,IA FULLY EXECUTED/COMMERCIAL OPERATION
GEN-2005-012,,,Ford County,KS,Clark County-Spearville Ckt 1 (Ironwood) 345kV,SUNC,Wind,248.4,248.4,248.4,8/8/2005,Completed,9/1/2012,,,,12/31/2015,9/1/2012,,ICS-2008-001 Prior Queued,03 CENTRAL,ER,IA FULLY EXECUTED/COMMERCIAL OPERATION
GEN-2005-011,,,Chaves County,NM,,SPS,Wind,160.0,160.0,160.0,8/2/2005,Withdrawn,,,,,12/31/2006,,,,,ER,WITHDRAWN
GEN-2005-010,,,Bailey County,TX,,SPS,Wind,160.0,160.0,160.0,7/28/2005,Withdrawn,,,,,12/31/2006,,,,,ER,WITHDRAWN
GEN-2005-009N,,,O'Neill,NE,,NPPD,Thermal - Coal,50.0,0.0,0.0,5/12/2005,Withdrawn,,,,,,,,,,ER,WITHDRAWN
GEN-2005-009A,,,Cloud County,KS,,WEPL,Wind,200.0,200.0,200.0,5/31/2005,Withdrawn,,,,,12/1/2007,,,,,ER,WITHDRAWN
GEN-2005-009,,,Dewey County,OK,,OGE,Wind,150.0,150.0,150.0,4/25/2005,Withdrawn,,,,,10/31/2006,,,,,ER,WITHDRAWN
GEN-2005-008,,,Harper County,OK,Woodward 138kV,OGE,Wind,120.0,120.0,120.0,4/1/2005,Completed,6/30/2007,,,,7/31/2007,6/30/2007,,ICS-2008-001 Prior Queued,04 SOUTHEAST,ER,IA FULLY EXECUTED/COMMERCIAL OPERATION
GEN-2005-007,,,Hutchinson County,TX,,SPS,Thermal - Gas,260.0,0.0,0.0,3/23/2005,Withdrawn,,,,,6/1/2009,,,,,ER,WITHDRAWN
GEN-2005-006,,,Ellis County,OK,,OGE,Wind,150.0,150.0,150.0,3/22/2005,Withdrawn,,3/22/2006,,,12/31/2006,,,,,ER,WITHDRAWN
GEN-2005-005,,,Woodward County,OK,FPL Moreland Tap 138kV,OGE,Wind,18.0,18.0,18.0,3/22/2005,Withdrawn,,,,,5/1/2006,,,,,ER,WITHDRAWN
GEN-2005-004,,,Roosevelt Co.,NM,,SPS,Wind,250.0,250.0,250.0,2/16/2005,Withdrawn,,,,,2/15/2009,,,,,ER,WITHDRAWN
GEN-2005-003,,,Caddo & Kiowa Counties,OK,Washita 138kV,WFEC,Wind,30.6,30.6,30.6,1/21/2005,Completed,12/15/2005,,,,12/1/2005,12/15/2005,,ICS-2008-001 Prior Queued,04 SOUTHEAST,ER,IA FULLY EXECUTED/COMMERCIAL OPERATION
GEN-2005-002,,,Hutchison County,TX,,SPS,Wind,80.0,80.0,80.0,1/18/2005,Withdrawn,,6/26/2006,,,9/1/2006,,,,,ER,WITHDRAWN
GEN-2005-001,,,Anderson County,KS,,KCPL,Wind,201.0,201.0,201.0,1/13/2005,Withdrawn,,,,,11/1/2006,,,,,ER,WITHDRAWN
GEN-2004-024,,,Elk County (Grenola),KS,,WERE,Wind,201.0,201.0,201.0,12/13/2004,Withdrawn,,,,,11/1/2006,,,,,ER,WITHDRAWN
GEN-2004-023N,,,Columbus,NE,Columbus Co 115kV,NPPD,Thermal - Coal,75.0,75.0,75.0,11/29/2004,Completed,,,,,1/1/2009,,,ICS-2008-001 Prior Queued,02 NEBRASKA,ER,IA FULLY EXECUTED/COMMERCIAL OPERATION
GEN-2004-023,,,Apache,OK,Washita 138kV,WFEC,Wind,20.6,20.6,20.6,10/26/2004,Completed,12/15/2005,,,,12/1/2005,12/15/2005,,ICS-2008-001 Prior Queued,04 SOUTHEAST,ER,IA FULLY EXECUTED/COMMERCIAL OPERATION
GEN-2004-022N,,,Hastings,NE,,NPPD,Thermal,11.0,11.0,11.0,10/20/2004,Completed,,,,,1/1/2005,,,,,ER,IA FULLY EXECUTED/COMMERCIAL OPERATION
GEN-2004-022,,,Custer County,OK,,AEP,Wind,60.0,60.0,60.0,10/8/2004,Withdrawn,,,,,12/1/2005,,,,,ER,WITHDRAWN
GEN-2004-021,,,Custer County,OK,,WFEC,Wind,150.0,150.0,150.0,10/8/2004,Withdrawn,,,,,12/1/2005,,,,,ER,WITHDRAWN
GEN-2004-020,,,Custer County,OK,Clinton Junction-Weatherford Southeast 138kV,AEP,Wind,27.0,27.0,27.0,10/8/2004,Completed,1/1/2006,,,,12/31/2005,1/1/2006,,ICS-2008-001 Prior Queued,04 SOUTHEAST,ER,IA FULLY EXECUTED/COMMERCIAL OPERATION
GEN-2004-019N,,,Colfax County,NE,,NPPD,Thermal - Gas,0.1,0.1,0.1,10/4/2004,Completed,,,,,1/1/2005,,,,,ER,IA FULLY EXECUTED/COMMERCIAL OPERATION
GEN-2004-019,,,Harper Co.,OK,,WFEC,Wind,40.5,40.5,40.5,9/22/2004,Withdrawn,,,,,6/30/2007,,,,,ER,WITHDRAWN
GEN-2004-018N1,,,Brownsville,NE,,NPPD,Thermal - Nuclear,22.0,22.0,22.0,9/20/2004,Completed,,,,,1/1/2005,,,,,ER,IA FULLY EXECUTED/COMMERCIAL OPERATION
GEN-2004-018N,,,Hastings,NE,,NPPD,Thermal - Coal,220.0,0.0,0.0,9/17/2004,Withdrawn,,,,,1/1/2011,,,,,ER,WITHDRAWN
GEN-2004-018,,,Choctaw County,OK,,WFEC,Thermal - Coal,900.0,0.0,0.0,9/15/2004,Withdrawn,,,,,5/1/2010,,,,,ER,WITHDRAWN
GEN-2004-017N,,,Columbus,NE,,NPPD,Hydro,5.0,5.0,5.0,9/13/2004,Completed,,,,,1/1/2007,,,,,ER,IA FULLY EXECUTED/COMMERCIAL OPERATION
GEN-2004-017,,,Riverton SE Cherokee Cnty,KS,Riverton 161kV,EDE,Thermal - CT/ST,250.0,250.0,250.0,8/23/2004,Completed,,,,,1/1/2007,,,,03 CENTRAL,ER/NR,IA FULLY EXECUTED/COMMERCIAL OPERATION
GEN-2004-016,,,Salina NE McPherson Cnty,KS,,WERE,Wind,150.0,150.0,150.0,7/15/2004,Withdrawn,,1/14/2006,,,12/31/2005,,,,,ER,WITHDRAWN
GEN-2004-015,,,Denver City/Yoakum,TX,,SPS,Thermal - CT,150.0,150.0,150.0,7/12/2004,Completed,4/1/2006,,,,4/1/2006,4/1/2006,,,05 SOUTHWEST,ER,IA FULLY EXECUTED/COMMERCIAL OPERATION
GEN-2004-014,,,Edwards,KS,Spearville 230kV,MKEC,Wind,152.0,152.0,152.0,4/22/2004,Completed,12/31/2012,,,,11/15/2005,12/31/2012,,ICS-2008-001 Prior Queued,03 CENTRAL,ER,IA FULLY EXECUTED/COMMERCIAL OPERATION
GEN-2004-013,,,Atchison,KS,,KCPL,Thermal - Coal,900.0,0.0,0.0,4/20/2004,Withdrawn,,,,,6/1/2010,,,,,ER,WITHDRAWN
GEN-2004-012,,,Iatan,KS,,KCPL,Thermal - Coal,900.0,0.0,0.0,4/20/2004,Withdrawn,,,,,6/1/2009,,,,,ER,WITHDRAWN
GEN-2004-011,,,Anderson County,KS,,KCPL,Wind,201.0,201.0,201.0,4/16/2004,Withdrawn,,,,,11/1/2006,,,,,ER,WITHDRAWN
GEN-2004-010,,,Latham NE Cowley Cnty,KS,,WERE,Wind,300.0,300.0,300.0,4/7/2004,Withdrawn,,10/4/2005,,,11/1/2006,,,,,ER,WITHDRAWN
GEN-2004-009,,,Carson County,TX,,SPS,Wind,80.0,80.0,80.0,3/30/2004,Withdrawn,,,,,5/1/2006,,,,,ER,WITHDRAWN
GEN-2004-008,,,Platte County,MO,,KCPL,Thermal - Coal,850.0,850.0,850.0,3/26/2004,Completed,6/5/2012,,,,6/1/2009,6/5/2012,,,03 CENTRAL,ER,IA FULLY EXECUTED/COMMERCIAL OPERATION
GEN-2004-007,,,Salina,KS,,WERE,Wind,150.0,150.0,150.0,3/25/2004,Withdrawn,,,,,12/31/2005,,,,,ER,WITHDRAWN
GEN-2004-006,,,Junction City,KS,,WERE,Wind,100.0,100.0,100.0,3/25/2004,Withdrawn,,,,,12/31/2005,,,,,ER,WITHDRAWN
GEN-2004-005N,,,Rosebud,SD,St Francis 115kV,NPPD,Wind,30.0,30.0,30.0,3/9/2004,Withdrawn,,,,,,,,,,ER,WITHDRAWN
GEN-2004-005,,,Springfield,MO,,SPRM,Thermal - Coal,275.0,0.0,0.0,2/9/2004,Withdrawn,,,,,3/1/2009,,,,,ER,WITHDRAWN
GEN-2004-004,,,Cuyler,TX,,SPS,Wind,240.0,240.0,240.0,2/4/2004,Withdrawn,,,,,4/1/2005,,,,,ER,WITHDRAWN
GEN-2004-003,,,White Deer/ Carson County ,TX,,SPS,Wind,240.0,240.0,240.0,2/4/2004,Withdrawn,,1/31/2006,,,3/1/2005,,,,,ER,WITHDRAWN
GEN-2004-002O,,,Washington County,NE,,OPPD,Thermal - Nuclear,48.0,48.0,48.0,1/21/2004,Completed,,,,,1/1/2007,,,,,ER,IA FULLY EXECUTED/COMMERCIAL OPERATION
GEN-2004-002,,,Elk County (Grenola),KS,,WERE,Wind,200.0,200.0,200.0,1/16/2004,Withdrawn,,,,,11/1/2005,,,,,ER,WITHDRAWN
GEN-2004-001,,,Grapevine,TX,,SPS,Wind,200.0,200.0,200.0,1/6/2004,Withdrawn,,,,,12/31/2005,,,,,ER,WITHDRAWN
GEN-2003-024,,,Council Grove,KS,,WERE,Wind,201.0,201.0,201.0,12/31/2003,Withdrawn,,,,,12/31/2005,,,,,ER,WITHDRAWN
GEN-2003-023,,,Butler/Chase,KS,,WERE,Wind,100.0,100.0,100.0,12/31/2003,Withdrawn,,,,,12/31/2004,,,,,ER,WITHDRAWN
GEN-2003-022,,,Custer/Wasita,OK,Clinton Junction-Weatherford Southeast 138kV,AEP,Wind,120.0,120.0,120.0,12/31/2003,Completed,1/1/2006,,,,12/31/2004,1/1/2006,,ICS-2008-001 Prior Queued,04 SOUTHEAST,ER,IA FULLY EXECUTED/COMMERCIAL OPERATION
GEN-2003-021N,,,Ainsworth,NE,Ainsworth Wind Tap 115kV,NPPD,Wind,75.0,75.0,75.0,12/29/2003,Completed,,,,,10/1/2005,,,ICS-2008-001 Prior Queued,02 NEBRASKA,ER,IA FULLY EXECUTED/COMMERCIAL OPERATION
GEN-2003-021,,,Carson County,TX,,SPS,Wind,400.0,400.0,400.0,12/29/2003,Withdrawn,,,,,12/31/2004,,,,,ER,WITHDRAWN
GEN-2003-020,,,Carson County,TX,Martin 115kV,SPS,Wind,159.1,159.1,159.1,12/29/2003,Completed,8/1/2012,,,,6/1/2007,8/1/2012,,ICS-2008-001 Prior Queued,05 SOUTHWEST,ER,IA FULLY EXECUTED/COMMERCIAL OPERATION
GEN-2003-019,,,Salina NC Ellsworth Cnty,KS,Smoky Hills Tap 230kV,MIDW,Wind,249.3,249.3,249.3,11/24/2003,Completed,11/1/2006,,,,11/1/2006,11/1/2006,,ICS-2008-001 Prior Queued,03 CENTRAL,ER,IA FULLY EXECUTED/COMMERCIAL OPERATION
GEN-2003-018,,,Roswell/ Chaves Co.,NM,,SPS,Wind,298.5,298.5,298.5,10/22/2003,Withdrawn,,,,,10/1/2005,,,,,ER,WITHDRAWN
GEN-2003-017N,,,Brownsville,NE,,NPPD,Thermal - Nuclear,50.0,50.0,50.0,10/15/2003,Completed,,,,,1/1/2007,,,,,ER,IA FULLY EXECUTED/COMMERCIAL OPERATION
GEN-2003-017,,,Dallam County (Dalhart),TX,,SPS,Wind,80.0,80.0,80.0,10/15/2003,Withdrawn,,,,,12/15/2005,,,,,ER,WITHDRAWN
GEN-2003-016,,,Hutchinson County,TX,,SPS,Wind,100.5,100.5,100.5,10/13/2003,Withdrawn,,,,,12/1/2005,,,,,ER,WITHDRAWN
GEN-2003-015,,,White Deer/ Carson County,TX,,SPS,Wind,240.0,240.0,240.0,8/6/2003,Withdrawn,,,,,12/1/2004,,,,,ER,WITHDRAWN
GEN-2003-014,,,Lawrence County,MO,,EDE,Thermal - Coal,550.0,0.0,0.0,7/29/2003,Withdrawn,,,,,6/1/2009,,,,,ER,WITHDRAWN
GEN-2003-013,,,Hugoton/Stevens County,KS,,SPS,Wind,198.0,198.0,198.0,7/29/2003,Withdrawn,,10/5/2005,,,11/15/2007,,,,,ER,WITHDRAWN
GEN-2003-012,,,Pittsburg/Jasper county,KS,,EDE,Thermal - Steam,350.0,0.0,0.0,7/24/2003,Withdrawn,,,,,6/1/2010,,,,,ER,WITHDRAWN
GEN-2003-011,,,Sarcoxie/Jasper County,MO,,EDE,Thermal - Steam,600.0,0.0,0.0,7/24/2003,Withdrawn,,,,,6/1/2010,,,,,ER,WITHDRAWN
GEN-2003-010,,,Riverton,MO,,EDE,Thermal - CT,50.0,0.0,0.0,7/24/2003,Withdrawn,,,,,3/1/2007,,,,,ER,WITHDRAWN
GEN-2003-009,,,Carson County,TX,,SPS,Wind,81.0,81.0,81.0,7/16/2003,Withdrawn,,,,,10/1/2004,,,,,ER,WITHDRAWN
GEN-2003-008O,,,Otoe County,NE,,OPPD,Thermal - Coal,700.0,700.0,700.0,7/15/2003,Completed,,,,,5/1/2009,,,,,ER,IA FULLY EXECUTED/COMMERCIAL OPERATION
GEN-2003-008,,,Carson County,TX,,SPS,Wind,240.0,240.0,240.0,7/15/2003,Withdrawn,,,,,12/31/2004,,,,,ER,WITHDRAWN
GEN-2003-007,,,LaRussel Energy Ctr.,MO,,EDE,Thermal - Coal,550.0,0.0,0.0,7/14/2003,Withdrawn,,,,,6/1/2009,,,,,ER,WITHDRAWN
GEN-2003-006A,,,Cloud County,KS,Elm Creek 230kV,MKEC,Wind,201.0,201.0,201.0,7/9/2003,Completed,,,,,,,,ICS-2008-001 Prior Queued,03 CENTRAL,ER,IA FULLY EXECUTED/COMMERCIAL OPERATION
GEN-2003-006,,,Apache,OK,,WFEC,Wind,100.0,100.0,100.0,6/5/2003,Withdrawn,,,,,12/1/2006,,,,,ER,WITHDRAWN
GEN-2003-005,,,Apache,OK,Anadarko - Paradise (Blue Canyon) 138kV,WFEC,Wind,99.0,99.0,99.0,6/5/2003,Completed,,,,,12/1/2006,,,ICS-2008-001 Prior Queued,04 SOUTHEAST,ER,IA FULLY EXECUTED/COMMERCIAL OPERATION
GEN-2003-004,,,Apache,OK,Washita 138kV,WFEC,Wind,100.0,100.0,100.0,6/5/2003,Completed,12/15/2005,,,,12/1/2005,12/15/2005,,ICS-2008-001 Prior Queued,04 SOUTHEAST,ER,IA FULLY EXECUTED/COMMERCIAL OPERATION
GEN-2003-003,,,Tucumcari,NM,,SPS,Wind,80.0,80.0,80.0,5/23/2003,Withdrawn,,,,,6/1/2004,,,,,ER,WITHDRAWN
GEN-2003-002,,,Teterville,KS,,WERE,Wind,200.0,200.0,200.0,3/11/2003,Withdrawn,,,,,7/31/2004,,,,,ER,WITHDRAWN
GEN-2003-001,,,Leedy,OK,,WFEC,Wind,100.0,100.0,100.0,3/5/2003,Withdrawn,,,,,6/1/2004,,,,,ER,WITHDRAWN
GEN-2002-026N,,,Ainsworth,NE,,NPPD,Wind,50.0,50.0,50.0,1/14/2003,Withdrawn,,,,,1/14/2003,,,,,ER,WITHDRAWN
GEN-2002-026,,,Webaunsee County,KS,,WERE,Wind,121.0,121.0,121.0,11/13/2002,Withdrawn,,9/17/2004,,,12/5/2005,,,,,ER,WITHDRAWN
GEN-2002-025A,,,Spearville,KS,Spearville 230kV,MKEC,Wind,100.5,100.5,100.5,10/31/2002,Completed,,,,,6/1/2006,,,ICS-2008-001 Prior Queued,03 CENTRAL,ER,IA FULLY EXECUTED/COMMERCIAL OPERATION
GEN-2002-025,,,Hammon,OK,,WFEC,Wind,40.0,40.0,40.0,10/28/2002,Withdrawn,,,,,,,,,,ER,WITHDRAWN
GEN-2002-024,,,Woodward County,OK,,WFEC,Wind,50.0,50.0,50.0,10/25/2002,Withdrawn,,,,,5/1/2003,,,,,ER,WITHDRAWN
GEN-2002-023N,,,Harmony,NE,Harmony 115kV,NPPD,Wind,0.8,0.8,0.8,9/28/2002,Completed,,,,,,,,,,ER,IA FULLY EXECUTED/COMMERCIAL OPERATION
GEN-2002-023,,,Carson County,TX,,SPS,Wind,150.0,150.0,150.0,9/24/2002,Withdrawn,,,,,11/1/2003,,,,,ER,WITHDRAWN
GEN-2002-022,,,Oldham County (Wildorado),TX,Bushland 230kV,SPS,Wind,239.2,239.2,239.2,9/12/2002,Completed,,,,,12/15/2006,,,ICS-2008-001 Prior Queued,05 SOUTHWEST,ER,IA FULLY EXECUTED/COMMERCIAL OPERATION
GEN-2002-021,,,Gray County (Red River),TX,,SPS,Wind,160.0,160.0,160.0,9/12/2002,Withdrawn,,,,,11/30/2005,,,,,ER,WITHDRAWN
GEN-2002-020,,,Gray County (Salt Fork),TX,,SPS,Wind,75.0,75.0,75.0,9/12/2002,Withdrawn,,,,,11/30/2005,,,,,ER,WITHDRAWN
GEN-2002-019,,,Carson County (Panhandle),TX,,SPS,Wind,160.0,160.0,160.0,9/12/2002,Withdrawn,,6/23/2005,,,11/30/2003,,,,,ER,WITHDRAWN
GEN-2002-018,,,Hugoton,KS,,SPS,Wind,100.8,100.8,100.8,8/23/2002,Withdrawn,,,,,3/31/2004,,,,,ER,WITHDRAWN
GEN-2002-017,,,Leedy,OK,,WFEC,Wind,99.0,99.0,99.0,8/14/2002,Withdrawn,,,,,,,,,,ER,WITHDRAWN
GEN-2002-016,,,Lawton,OK,,AEP,Thermal - CT,354.0,0.0,0.0,8/12/2002,Withdrawn,,,,,1/1/2005,,,,,ER,WITHDRAWN
GEN-2002-015,,,Weatherford,OK,,AEP,Wind,130.0,130.0,130.0,9/23/2002,Withdrawn,,,,,,,,,,ER,WITHDRAWN
GEN-2002-014,,,Cement,OK,,AEP,Wind,100.0,100.0,100.0,9/23/2002,Withdrawn,,,,,,,,,,ER,WITHDRAWN
GEN-2002-013,,,Teeterville,KS,,WERE,Wind,200.0,200.0,200.0,9/23/2002,Withdrawn,,,,,,,,,,ER,WITHDRAWN
GEN-2002-012,,,Beaumont,KS,,WERE,Wind,150.0,150.0,150.0,9/23/2002,Withdrawn,,,,,,,,,,ER,WITHDRAWN
GEN-2002-011,,,Woodward County,OK,,OGE,Wind,160.0,160.0,160.0,7/30/2002,Withdrawn,,,,,11/30/2003,,,,,ER,WITHDRAWN
GEN-2002-010,,,Woodward County,OK,,WFEC,Wind,240.0,240.0,240.0,7/30/2002,Withdrawn,,,,,11/30/2003,,,,,ER,WITHDRAWN
GEN-2002-009,,,Hansford County,TX,Hansford 115kV,SPS,Wind,67.2,67.2,67.2,7/19/2002,Completed,9/30/2006,,,,9/30/2006,9/30/2006,,ICS-2008-001 Prior Queued,05 SOUTHWEST,ER,IA FULLY EXECUTED/COMMERCIAL OPERATION
GEN-2002-008,,,Hansford County,TX,Hitchland 345kV,SPS,Wind,240.0,240.0,240.0,7/19/2002,Completed,12/30/2008,,,,11/1/2007,12/30/2008,,ICS-2008-001 Prior Queued,05 SOUTHWEST,ER,IA FULLY EXECUTED/COMMERCIAL OPERATION
GEN-2002-007,,,Dumas,TX,,SPS,Wind,1100.0,1100.0,1100.0,5/14/2002,Withdrawn,,,,,,,,,,ER,WITHDRAWN
GEN-2002-006,,,Texas County,OK,,SPS,Wind,150.0,150.0,150.0,4/30/2002,Withdrawn,,8/19/2004,,,12/1/2005,,,,,ER,WITHDRAWN
GEN-2002-005,,,Hammon,OK,Red Hills Tap 138kV,WFEC,Wind,123.0,123.0,123.0,4/28/2002,Completed,12/31/2008,,,,12/31/2006,12/31/2008,,ICS-2008-001 Prior Queued,04 SOUTHEAST,ER,IA FULLY EXECUTED/COMMERCIAL OPERATION
GEN-2002-004N,,,Grand Island,NE,,NPPD,Thermal - Gas,80.0,80.0,80.0,4/16/2002,Completed,,,,,12/1/2003,,,,,ER,IA FULLY EXECUTED/COMMERCIAL OPERATION
GEN-2002-004,,,Beaumont SE Butler Cnty,KS,Latham 345kV,WERE,Wind,153.0,153.0,153.0,4/12/2002,Completed,12/15/2005,,,,9/30/2003,12/15/2005,,ICS-2008-001 Prior Queued,03 CENTRAL,ER,IA FULLY EXECUTED/COMMERCIAL OPERATION
GEN-2002-003,,,Butler County,KS,,WERE,Wind,120.0,120.0,120.0,2/19/2002,Withdrawn,,,,,,,,,,ER,WITHDRAWN
GEN-2002-002,,,Lovington Central Lea Cnty,NM,,SPS,Thermal - CT,50.0,0.0,0.0,1/22/2002,Withdrawn,,,,,7/1/2002,,,,,ER,WITHDRAWN
GEN-2002-001,,,Winnsboro,TX,,AEP,Thermal - Gas,50.0,0.0,0.0,1/14/2002,Withdrawn,,,,,,,,,,ER,WITHDRAWN
GEN-2001-040N,,,8 Sites,NE,,NPPD,Thermal - Coal,400.0,0.0,0.0,1/4/2002,Withdrawn,,,,,,,,,,ER,WITHDRAWN
GEN-2001-040,,,LaRussell Energy Ctr.,MO,LaRussell Energy Center 161kV,EDE,Thermal - CT,50.0,50.0,50.0,11/27/2001,Completed,4/24/2003,,,,6/1/2003,4/24/2003,,,03 CENTRAL,ER,IA FULLY EXECUTED/COMMERCIAL OPERATION
GEN-2001-039N1,,,Springview,NE,,NPPD,Wind,5.0,5.0,5.0,11/7/2001,Withdrawn,,,,,,,,,,ER,WITHDRAWN
GEN-2001-039N,,,Grand Island,NE,,NPPD,Thermal - Coal,400.0,0.0,0.0,11/3/2001,Withdrawn,,,,,,,,,,ER,WITHDRAWN
GEN-2001-039M,,,Wichita County,KS,Central Plains Tap 115kV,SUNC,Wind,100.0,100.0,100.0,11/1/2001,Completed,,,,,12/1/2008,,,ICS-2008-001 Prior Queued,03 CENTRAL,ER,IA FULLY EXECUTED/COMMERCIAL OPERATION
GEN-2001-039A,,,Kiowa County,KS,Shooting Star Tap 115kV,MKEC,Wind,104.0,104.0,104.0,10/30/2001,Completed,,,,,,,,ICS-2008-001 Prior Queued,03 CENTRAL,ER,IA FULLY EXECUTED/COMMERCIAL OPERATION
GEN-2001-038,,,Shreveport,LA,,AEP,Thermal - Gas,900.0,0.0,0.0,10/26/2001,Withdrawn,,,,,,,,,,ER,WITHDRAWN
GEN-2001-037,,,Woodward,OK,FPL Moreland Tap 138kV,OGE,Wind,102.0,102.0,102.0,10/18/2001,Completed,11/12/2003,,,,10/1/2002,11/12/2003,,ICS-2008-001 Prior Queued,04 SOUTHEAST,ER,IA FULLY EXECUTED/COMMERCIAL OPERATION
GEN-2001-036,,,Tucumcari,NM,Norton 115kV Switching Station,SPS,Wind,80.0,80.0,80.0,10/15/2001,,12/31/2004,,,,10/1/2002,12/31/2004,9/15/2024,ICS-2008-001 Prior Queued,05 SOUTHWEST,ER/NR,TERMINATED
GEN-2001-035,,,Apache,OK,,AEP,Wind,149.0,149.0,149.0,10/8/2001,Withdrawn,,,,,10/1/2002,,,,,ER,WITHDRAWN
GEN-2001-034,,,Nacogdoches,TX,,AEP,Thermal - Gas,100.0,0.0,0.0,9/21/2001,Withdrawn,,,,,,,,,,ER,WITHDRAWN
GEN-2001-033,,,Chaves County (Melrose),NM,San Juan Tap 230kV,SPS,Wind,120.0,120.0,120.0,9/17/2001,Completed,12/22/2005,,,,10/1/2002,12/22/2005,,ICS-2008-001 Prior Queued,05 SOUTHWEST,ER,IA FULLY EXECUTED/COMMERCIAL OPERATION
GEN-2001-032,,,Cooper County,MO,,,Thermal - Gas,528.0,0.0,0.0,9/4/2001,Withdrawn,,,,,,,,,,ER,WITHDRAWN
GEN-2001-031,,,Cooper County,MO,,,Thermal - Gas,596.0,0.0,0.0,9/4/2001,Withdrawn,,,,,,,,,,ER,WITHDRAWN
GEN-2001-030,,,LaRussell Energy Center,MO,LaRussell Energy Center 161kV,EDE,Thermal - CT,50.0,50.0,50.0,9/4/2001,Completed,4/25/2003,,,,6/1/2003,4/25/2003,,,03 CENTRAL,ER,IA FULLY EXECUTED/COMMERCIAL OPERATION
GEN-2001-029N1,,,Hastings,NE,,NPPD,Thermal - Coal,250.0,0.0,0.0,9/3/2001,Withdrawn,,,,,,,,,,ER,WITHDRAWN
GEN-2001-029N,,,Beatrice,NE,,NPPD,Thermal - Gas,250.0,250.0,250.0,8/15/2001,Completed,1/1/2005,,,,1/1/2005,1/1/2005,,,,ER,IA FULLY EXECUTED/COMMERCIAL OPERATION
GEN-2001-029,,,Cooper County,MO,,,Thermal - Gas,540.0,0.0,0.0,8/8/2001,Withdrawn,,,,,,,,,,ER,WITHDRAWN
GEN-2001-028,,,Paola,KS,,KCPL,Thermal - CT,520.0,0.0,0.0,8/7/2001,Withdrawn,,3/10/2004,,,6/1/2004,,,,,ER,WITHDRAWN
GEN-2001-027,,,Paola,KS,,KCPL,Thermal - Gas,520.0,0.0,0.0,8/7/2001,Withdrawn,,,,,,,,,,ER,WITHDRAWN
GEN-2001-026,,,Meers,OK,Washita 138kV,WFEC,Wind,74.25,74.25,74.25,7/24/2001,Completed,10/1/2003,,,,10/1/2003,10/1/2003,,ICS-2008-001 Prior Queued,04 SOUTHEAST,ER,IA FULLY EXECUTED/COMMERCIAL OPERATION
GEN-2001-025,,,Grady County,OK,,AEP,Thermal - CT,580.0,0.0,0.0,7/9/2001,Withdrawn,,5/3/2004,,,5/1/2004,,,,,ER,WITHDRAWN
GEN-2001-024,,,Washington County,AR,SWEPCO Tontitown 161kV Substation,AEP,Thermal - CT,630.0,580.0,630.0,7/9/2001,Completed,7/1/2007,,,,5/1/2007,7/1/2007,,,,ER,IA FULLY EXECUTED/COMMERCIAL OPERATION
GEN-2001-023,,,Horseshoe,OK,,OGE,Thermal - Gas,180.0,0.0,0.0,6/18/2001,Withdrawn,,,,,,,,,,ER,WITHDRAWN
GEN-2001-022,,,Pittsburgh,OK,,AEP,Thermal - Gas,550.0,0.0,0.0,6/15/2001,Withdrawn,,,,,,,,,,ER,WITHDRAWN
GEN-2001-021,,,Eddy County,NM,,SPS,Thermal - VFT,200.0,0.0,0.0,6/4/2001,Withdrawn,,,,,,,,,,,WITHDRAWN
GEN-2001-020,,,Blackwater,NM,,SPS,Thermal - VFT,200.0,0.0,0.0,6/4/2001,Withdrawn,,,,,,,,,,,WITHDRAWN
GEN-2001-019,,,Longwood(Caddo Parish),LA,,AEP,Thermal - CT,750.0,0.0,0.0,5/29/2001,Withdrawn,,5/3/2004,,,4/1/2004,,,,,ER,WITHDRAWN
GEN-2001-018,,,Neosho County,KS,Chanute NW Neosho Cnty By Tioga Sub,WERE,Thermal - Gas,47.0,47.0,47.0,5/15/2001,Completed,1/1/2002,,,,1/1/2002,1/1/2002,,,,ER,IA FULLY EXECUTED/COMMERCIAL OPERATION
GEN-2001-017,,,Shreveport,LA,,AEP,Thermal - Gas,557.0,0.0,0.0,5/11/2001,Withdrawn,,,,,,,,,,ER,WITHDRAWN
GEN-2001-016,,,Shreveport,LA,,AEP,Thermal - Gas,1115.0,0.0,0.0,5/11/2001,Withdrawn,,,,,,,,,,ER,WITHDRAWN
GEN-2001-015,,,Mustang,OK,,OGE,Thermal - Gas,180.0,0.0,0.0,5/17/2001,Withdrawn,,,,,,,,,,ER,WITHDRAWN
GEN-2001-014,,,Sleeping Bear,OK,Ft Supply 138kV,WFEC,Wind,94.5,94.5,94.5,4/24/2001,Completed,4/15/2007,,,,6/30/2007,4/15/2007,,ICS-2008-001 Prior Queued,04 SOUTHEAST,ER,IA FULLY EXECUTED/COMMERCIAL OPERATION
GEN-2001-013,,,South Buffalo,OK,,WFEC,Wind,26.0,26.0,26.0,4/24/2001,Withdrawn,,3/10/2004,,,8/31/2002,,,,,ER,WITHDRAWN
GEN-2001-012,,,Commanche,OK,,AEP,Thermal - Gas,600.0,0.0,0.0,3/16/2001,Withdrawn,,,,,,,,,,ER,WITHDRAWN
GEN-2001-011,,,Lawton,OK,,AEP,Thermal - Gas,900.0,0.0,0.0,3/16/2001,Withdrawn,,,,,,,,,,ER,WITHDRAWN
GEN-2001-010,,,Leavenworth,KS,,WERE,Thermal - Gas,640.0,0.0,0.0,3/14/2001,Withdrawn,,,,,,,,,,ER,WITHDRAWN
GEN-2001-009,,,Leavenworth,KS,,WERE,Thermal - Gas,640.0,0.0,0.0,3/15/2001,Withdrawn,,,,,6/1/2003,,,,,ER,WITHDRAWN
GEN-2001-008,,,Odessa,TX,,SPS,Thermal - Gas,500.0,0.0,0.0,3/5/2001,Withdrawn,,,,,,,,,,ER,WITHDRAWN
GEN-2001-007,,,Iatan,KS,,KCPL,Thermal - Coal,900.0,0.0,0.0,2/19/2001,Withdrawn,,,,,6/1/2005,,,,,ER,WITHDRAWN
GEN-2001-006,,,Iatan,KS,,KCPL,Thermal - Coal,700.0,0.0,0.0,2/19/2001,Withdrawn,,,,,,,,,,ER,WITHDRAWN
GEN-2001-005,,,Clovis,NM,,SPS,Thermal - Gas,640.0,0.0,0.0,1/28/2001,Withdrawn,,,,,,,,,,ER,WITHDRAWN
GEN-2001-004,,,Clovis,NM,,SPS,Thermal - Gas,500.0,0.0,0.0,1/24/2001,Withdrawn,,,,,,,,,,ER,WITHDRAWN
GEN-2001-003,,,Stephens County Duncan,OK,,AEP,Thermal - CT,620.0,0.0,0.0,2/5/2001,Withdrawn,,4/30/2004,,,6/1/2003,,,,,ER,WITHDRAWN
GEN-2001-002,,,West Gardner,KS,,KCPL,Thermal - Gas,640.0,0.0,0.0,1/15/2001,Withdrawn,,,,,,,,,,ER,WITHDRAWN
GEN-2001-001,,,West Gardner,KS,,KCPL,Thermal - Gas,620.0,0.0,0.0,1/15/2001,Withdrawn,,,,,,,,,,ER,WITHDRAWN
GEN-2000-015,,,Lake Thunderbird,OK,,WFEC,Thermal - Gas,180.0,0.0,0.0,12/20/2000,Withdrawn,,,,,,,,,,ER,WITHDRAWN
GEN-2000-014,,,Seminole,OK,,OGE,Thermal - Gas,1300.0,0.0,0.0,12/11/2000,Withdrawn,,,,,,,,,,ER,WITHDRAWN
GEN-2000-012,,,Fort Smith,AR,,OGE,Thermal - Gas,660.0,0.0,0.0,11/30/2000,Withdrawn,,,,,,,,,,ER,WITHDRAWN
GEN-2000-011,,,Webbers Falls,OK,,OGE,Thermal - Gas,825.0,0.0,0.0,11/3/2000,Withdrawn,,,,,,,,,,ER,WITHDRAWN
GEN-2000-010,,,Jacksonville,,,AEP,Thermal - Gas,340.0,0.0,0.0,,Withdrawn,,,,,,,,,,ER,WITHDRAWN
GEN-2000-009,,,Valliant,OK,,AEP,Thermal - Gas,500.0,0.0,0.0,,Withdrawn,,,,,,,,,,ER,WITHDRAWN
GEN-2000-008,,,Kansas City,,,KCPL,Thermal - Gas,560.0,0.0,0.0,,Withdrawn,,,,,,,,,,ER,WITHDRAWN
GEN-2000-007,,,Pittsburgh,OK,,AEP,Thermal - Gas,560.0,0.0,0.0,9/25/2000,Withdrawn,,,,,,,,,,ER,WITHDRAWN
GEN-2000-006,,,Fort Smith,AR,,OGE,Thermal - Gas,660.0,0.0,0.0,,Withdrawn,,,,,,,,,,ER,WITHDRAWN
GEN-2000-005,,,Lake Thunderbird,OK,,OGE,Thermal - Gas,825.0,0.0,0.0,,Withdrawn,,,,,,,,,,ER,WITHDRAWN
GEN-2000-004,,,Valliant,OK,,AEP,Thermal - Gas,800.0,0.0,0.0,8/24/2000,Withdrawn,,,,,,,,,,ER,WITHDRAWN
GEN-2000-003,,,Moore County,TX,,SPS,Thermal - Gas,280.0,0.0,0.0,5/31/2000,Withdrawn,,,,,,,,,,ER,WITHDRAWN
GEN-2000-001,,,Newport,,,,Thermal - Gas,100.0,0.0,0.0,,Withdrawn,,4/5/2016,,,,,,,,ER,WITHDRAWN
GEN-1999-099,,,,,,,,0.0,0.0,0.0,9/20/1999,Withdrawn,,12/6/2018,,,,,,,,,WITHDRAWN
FEUS-5,,,La Plata,NM,Glade to El Paso 115  T-Line (south of Switch 2165),FEUS,Thermal - Gas,85.0,85.0,85.0,9/15/2025,,12/1/2028,,,,12/1/2028,12/1/2028,,RTOE Transitional Cluster,,ER/NR,FACILITY STUDY STAGE
FEUS-4,,,Bloomfield,NM,West Fork Substation 115,FEUS,Thermal - Gas,60.0,60.0,60.0,6/15/2025,Completed,12/1/2028,,,,12/1/2028,12/1/2028,,RTOE Transitional Cluster,,ER/NR,IA FULLY EXECUTED/ON SCHEDULE
FEUS-3,,,Kirtland,NM,Hogback to West Loop 115  T-Line,FEUS,Thermal - Gas,180.0,180.0,180.0,6/6/2025,,10/1/2030,,,,10/1/2030,10/1/2030,,RTOE Transitional Cluster,,ER/NR,FACILITY STUDY STAGE
FEUS-2,,,Kirtland,NM,Hood Mesa to Fruitland Tap 115  T-Line,FEUS,Thermal - Gas,60.0,60.0,60.0,2/21/2025,Completed,10/1/2026,,,,10/1/2026,10/1/2026,,RTOE Transitional Cluster,,ER/NR,IA FULLY EXECUTED/ON SCHEDULE
FEUS-1,,,Bloomfield,NM,Hare Switching Station 115,FEUS,Thermal - Gas,60.0,60.0,60.0,5/27/2024,Active,6/1/2027,,,,6/1/2027,6/1/2027,,RTOE Transitional Cluster,,ER/NR,IA PENDING
ERAS-2025-036,,,Amarillo,TX,Newhart - Potter 230 kV Line,SPS,Battery/Storage - Battery,140.0,140.0,140.0,10/2/2025,,12/31/2029,,,,6/30/2029,12/31/2029,,ERAS-2025-001,05 SOUTHWEST,ER/NR,ERAS
ERAS-2025-035,,,Aberdeen,SD,Siebrecht 115 kV Substation,NWPS,Thermal - Combustion Turbine,137.96,137.96,137.96,10/2/2025,Completed,8/15/2030,,,,6/14/2029,8/15/2030,,ERAS-2025-001,01 NORTH,ER/NR,IA FULLY EXECUTED/ON SCHEDULE
ERAS-2025-034,,,Joplin,MO,State Line 439 161 kV Substation,EMDE,Thermal - Combustion Turbine,250.0,250.0,250.0,9/29/2025,,4/1/2030,,,,12/3/2029,4/1/2030,,ERAS-2025-001,03 CENTRAL,ER/NR,ERAS
ERAS-2025-033,,,Dodge City,KS,Fort Dodge 115 kV Substation,SEPC,Hybrid - Solar/Storage,150.0,150.0,150.0,10/1/2025,,5/1/2027,,,,3/15/2027,5/1/2027,,ERAS-2025-001,03 CENTRAL,ER/NR,ERAS
ERAS-2025-032,,,St. John,KS,St. John 115 kV Substation,SEPC,Hybrid - Solar/Storage,150.0,150.0,150.0,10/1/2025,,10/2/2029,,,,3/2/2025,10/2/2029,,ERAS-2025-001,03 CENTRAL,ER/NR,ERAS
ERAS-2025-031,,,Kansas City,KS,Quindaro 161kV Substation,KACY,Thermal - Diesel,150.0,150.0,150.0,10/2/2025,,5/31/2028,,,,2/29/2028,5/31/2028,,ERAS-2025-001,03 CENTRAL,ER/NR,ERAS
ERAS-2025-030,,,Roswell,NM,G24-279 New Switch Station tying into Chaves - Eddy County 230 kV Line,SPS,Hybrid - Solar/Storage,350.0,350.0,350.0,10/2/2025,,10/1/2030,,,,11/1/2029,10/1/2030,,ERAS-2025-001,05 SOUTHWEST,ER/NR,ERAS
ERAS-2025-029,,,Kansas City,KS,Nearman 161 kV Substation,KACY,Battery/Storage - Battery,170.0,170.0,170.0,10/2/2025,,3/1/2027,,,,11/2/2026,3/1/2027,,ERAS-2025-001,03 CENTRAL,ER/NR,ERAS
ERAS-2025-028,,,Levelland,TX,Tuco-Yoakum 345kV Line,SPS,Solar - Photovoltaic,384.0,384.0,384.0,10/2/2025,,10/1/2030,,,,11/18/2029,10/1/2030,,ERAS-2025-001,05 SOUTHWEST,ER/NR,ERAS
ERAS-2025-027,,,Denver City,TX,Mahoney 230kV Substation,SPS,Battery/Storage - Battery,250.0,250.0,250.0,10/2/2025,,5/31/2028,,,,2/29/2028,5/31/2028,,ERAS-2025-001,05 SOUTHWEST,ER/NR,ERAS
ERAS-2025-026,,,Lawton,OK,Oklaunion-Lawton East Side 345kV Line,AEP,Thermal - Combined Cycle,744.0,665.0,744.0,10/2/2025,Completed,11/30/2029,,,,4/1/2029,11/30/2029,,ERAS-2025-001,05 SOUTHWEST,ER/NR,IA FULLY EXECUTED/ON SCHEDULE
ERAS-2025-025,,,Fort Cobb,OK,Washita 138kV Substation,WFEC,Solar - Photovoltaic,175.0,175.0,175.0,10/2/2025,,12/31/2027,,,,5/1/2027,12/31/2027,,ERAS-2025-001,04 SOUTHEAST,ER/NR,ERAS
ERAS-2025-024,,,Lawton,OK,Comanche 138kV Substation,AEP,Thermal - Combined Cycle,744.0,665.0,744.0,10/2/2025,,11/30/2029,,,,4/1/2029,11/30/2029,,ERAS-2025-001,04 SOUTHEAST,ER/NR,ERAS
ERAS-2025-023,,,Oologah,OK,Northeastern 345 kV Substation,AEP,Thermal - Combustion Turbine,510.0,505.0,510.0,10/2/2025,Completed,12/15/2029,,,,11/1/2029,12/15/2029,,ERAS-2025-001,04 SOUTHEAST,ER/NR,IA FULLY EXECUTED/ON SCHEDULE
ERAS-2025-022,,,Ada,OK,Monte Vista 138 kV Substation,PEC,Battery/Storage - Battery,123.0,123.0,123.0,10/1/2025,,6/1/2028,,,,1/15/2028,6/1/2028,,ERAS-2025-001,04 SOUTHEAST,ER/NR,ERAS
ERAS-2025-021,,,Hale Center,TX,Border-Tuco 345kV Line,SPS,Wind - Wind,500.0,500.0,500.0,10/2/2025,,10/1/2030,,,,6/14/2030,10/1/2030,,ERAS-2025-001,05 SOUTHWEST,ER/NR,ERAS
ERAS-2025-020,,,Lovington,NM,Hobbs - Yoakum 345 kV Line,SPS,Hybrid - Solar/Storage,400.0,400.0,400.0,10/2/2025,,10/1/2030,,,,11/1/2029,10/1/2030,,ERAS-2025-001,05 SOUTHWEST,ER/NR,ERAS
ERAS-2025-019,,,Kinsley,KS,5th Street Substation,MIDW,Solar - Photovoltaic,80.0,80.0,80.0,10/2/2025,,12/15/2028,,,,10/2/2028,12/15/2028,,ERAS-2025-001,03 CENTRAL,ER/NR,ERAS
ERAS-2025-018,,,Portales,NM,Oasis 230kV Substation,SPS,Hybrid - Solar/Storage,256.0,256.0,256.0,10/2/2025,,10/1/2030,,,,11/21/2029,10/1/2030,,ERAS-2025-001,05 SOUTHWEST,ER/NR,ERAS
ERAS-2025-017,,,Garden City,KS,Holcomb 345 kV Substation,SEPC,Thermal - Combustion Turbine,600.0,600.0,600.0,9/24/2025,,12/14/2029,,,,5/17/2029,12/14/2029,,ERAS-2025-001,03 CENTRAL,ER/NR,ERAS
ERAS-2025-016,,,Earth,TX,Tolk 230kV Substation,SPS,Thermal - Combustion Turbine,232.5,224.7,232.5,10/2/2025,,6/1/2029,,,,10/31/2028,6/1/2029,,ERAS-2025-001,05 SOUTHWEST,ER/NR,ERAS
ERAS-2025-015,,,Garden City,KS,Holcomb 345 kV Substation,SEPC,Hybrid - Solar/Storage,400.0,400.0,400.0,9/25/2025,,12/14/2029,,,,5/15/2029,12/14/2029,,ERAS-2025-001,03 CENTRAL,ER/NR,ERAS
ERAS-2025-014,,,Hobbs,NM,Hobbs-Andrews 345kV Line,SPS,Thermal - Combustion Turbine,159.5,120.5,159.5,10/2/2025,,6/1/2029,,,,5/31/2028,6/1/2029,,ERAS-2025-001,05 SOUTHWEST,ER/NR,ERAS
ERAS-2025-013,,,Maryville ,MO,Mullin Creek 345 kV Substation,WERE,Thermal - Combustion Turbine,450.6,425.1,450.6,9/30/2025,,1/1/2030,,,,4/1/2029,1/1/2030,,ERAS-2025-001,03 CENTRAL,ER/NR,ERAS
ERAS-2025-012,,,Stanton,ND,Leland Olds 345kV Substation,BEPC,Thermal - Combined Cycle,750.0,750.0,750.0,10/1/2025,,9/27/2030,,,,9/27/2029,9/27/2030,,ERAS-2025-001,01 NORTH,ER/NR,ERAS
ERAS-2025-011,,,Stanton,ND,Leland Olds 345kV Substation,BEPC,Thermal - Combined Cycle,750.0,750.0,750.0,10/1/2025,,9/27/2030,,,,9/27/2029,9/27/2030,,ERAS-2025-001,01 NORTH,ER/NR,ERAS
ERAS-2025-010,,,Harrah,OK,Horseshoe Lake 138kV Substation,OGE,Thermal - Combustion Turbine,496.0,496.0,496.0,9/10/2025,Completed,1/1/2029,,,,4/1/2028,1/1/2029,,ERAS-2025-001,04 SOUTHEAST,ER/NR,IA FULLY EXECUTED/ON SCHEDULE
ERAS-2025-009,,,Chouteau,OK,Grec #1 Interconnect 161kV Substation,GRDA,Thermal - Coal,450.0,450.0,450.0,10/1/2025,Completed,10/1/2026,,,,8/1/2026,10/1/2026,,ERAS-2025-001,04 SOUTHEAST,ER/NR,IA FULLY EXECUTED/ON SCHEDULE
ERAS-2025-008,,,Conway Springs,KS,Viola 345 kV Substation,WERE,Thermal - Combined Cycle,721.1,693.2,721.1,9/30/2025,Completed,3/29/2029,,,,4/1/2028,3/29/2029,,ERAS-2025-001,03 CENTRAL,ER/NR,IA FULLY EXECUTED/ON SCHEDULE
ERAS-2025-007,,,Maryville ,MO,Mullin Creek 345 kV Substation,WERE,Thermal - Combustion Turbine,450.6,425.1,450.6,10/2/2025,,9/30/2030,,,,1/1/2030,9/30/2030,,ERAS-2025-001,03 CENTRAL,ER/NR,ERAS
ERAS-2025-006,,,Reno,KS,Reno County 345 kV Substation #1443,WERE,Thermal - Combined Cycle,717.8,690.4,717.8,9/30/2025,Completed,3/29/2030,,,,4/1/2029,3/29/2030,,ERAS-2025-001,03 CENTRAL,ER/NR,IA FULLY EXECUTED/ON SCHEDULE
ERAS-2025-005,,,Yell County,AR,Danville - Magazine 161kV Line,AEP,Hybrid - Solar/Storage,150.0,150.0,150.0,9/10/2025,,6/1/2029,,,,3/1/2029,6/1/2029,,ERAS-2025-001,04 SOUTHEAST,ER/NR,ERAS
ERAS-2025-004,,,Harrah,OK,Horseshoe Lake 138kV Substation,OGE,Thermal - Combined Cycle,779.0,779.0,779.0,9/30/2025,Completed,10/3/2030,,,,4/1/2029,10/3/2030,,ERAS-2025-001,04 SOUTHEAST,ER/NR,IA FULLY EXECUTED/ON SCHEDULE
ERAS-2025-003,,,Luther,OK,Redbud 345kV Substation,OGE,Thermal - Combined Cycle,186.0,186.0,186.0,9/10/2025,,10/24/2025,,,,10/24/2025,10/24/2025,,ERAS-2025-001,04 SOUTHEAST,ER/NR,ERAS
ERAS-2025-002,,,Abernathy,TX,Xcel Tuco 345kV Substation,SPS,Thermal - Combustion Turbine,217.0,208.0,217.0,9/12/2025,,2/28/2027,,,,7/31/2026,2/28/2027,,ERAS-2025-001,05 SOUTHWEST,ER/NR,ERAS
ERAS-2025-001 ,,,Lancaster,NE,84th & Bluff 115kV Substation,LES,Thermal - Combustion Turbine,104.0,104.0,104.0,9/15/2025,Completed,6/1/2029,,,,1/29/2029,6/1/2029,,ERAS-2025-001,02 NEBRASKA,ER/NR,IA FULLY EXECUTED/ON SCHEDULE
CSUT-2025-8,,,El Paso,CO,Horizon Substation 230,CSU,Battery/Storage,100.0,100.0,100.0,3/3/2025,Completed,1/29/2028,,,,1/29/2028,1/29/2028,,RTOE Transitional Cluster,,ER/NR,IA FULLY EXECUTED/ON SCHEDULE
CSUT-2025-7,,,El Paso,CO,Horizon Substation 230,CSU,Thermal - Gas,412.0,412.0,412.0,3/3/2025,Active,3/15/2028,,,,3/15/2028,3/15/2028,,RTOE Transitional Cluster,,ER/NR,DISIS STAGE
CSUT-2025-6,,,El Paso,CO,South Plant Substation 115 via 34.5 Feeders,CSU,Battery/Storage,100.0,100.0,100.0,3/3/2025,Active,,,,,12/31/2027,,,RTOE Transitional Cluster,,ER/NR,DISIS STAGE
CSUT-2025-2,,,El Paso,CO,Nixon Substation 230,CSU,Solar - Photovoltaic,100.0,100.0,100.0,3/3/2025,Active,,,,,12/1/2028,,,RTOE Transitional Cluster,,ER/NR,DISIS STAGE
CSUT-2025-1,,,Lincoln,CO,Williams Creek Substation 230,CSU,wind - wind,500.0,500.0,500.0,3/3/2025,Active,,,,,12/31/2027,,,RTOE Transitional Cluster,,ER/NR,DISIS STAGE
CSU-2023-002,,,El Paso,CO,Fuller Substation 230,CSU,Battery/Storage,100.0,100.0,100.0,4/21/2023,Completed,,,,,7/1/2025,,,RTOE Transitional Cluster,,ER/NR,IA FULLY EXECUTED/COMMERCIAL OPERATION
CSU-2020-3,,,El Paso,CO,Williams Creek Substation 230,CSU,Hybrid - Solar/Storage,200.0,200.0,200.0,6/20/2020,,,,,,9/1/2025,,,RTOE Transitional Cluster,,ER/NR,FACILITY STUDY STAGE
CSU-2020-002,,,El Paso,CO,South Plant Substation 115,CSU,Thermal - Gas,178.0,178.0,178.0,7/8/2020,Completed,,,,,6/7/2023,,,RTOE Transitional Cluster,,ER/NR,IA FULLY EXECUTED/COMMERCIAL OPERATION
CSU-2020-001,,,El Paso,CO,Williams Creek Substation 230,CSU,Solar - Photovoltaic,175.0,175.0,175.0,7/6/2020,Completed,,,,,10/31/2023,,,RTOE Transitional Cluster,,ER/NR,IA FULLY EXECUTED/COMMERCIAL OPERATION
CSU-2018-001,,,El Paso,CO,Williams Creek Substation 230,CSU,Solar - Photovoltaic,60.0,60.0,60.0,4/4/2018,Completed,,,,,12/31/2019,,,RTOE Transitional Cluster,,ER/NR,IA FULLY EXECUTED/COMMERCIAL OPERATION
CPP-2028-001,,,Houston,TX,Tap on Crossroad to Hobbs 345kV,NEET,Hybrid - Solar,400.0,400.0,400.0,4/1/2026,,2/28/2030,,,,1/31/2030,2/28/2030,5/31/2030,ICS-2028-001,,ERIS,ICS
ASGI-2024-024,,,Saint Joseph,MO,Alabama St 161 kV Substation,Evergy,Battery/Storage,79.0,81.72,81.72,3/1/2025,,12/31/2027,,,,7/31/2027,12/31/2027,,DISIS-2024-001,,ER/NR,
ASGI-2024-023,,,Hempstead,AR,Hope NW - Fulton 115 kV Line,AEP,Hybrid - Solar/Storage,120.0,120.0,120.0,3/1/2025,,,,,,,,,DISIS-2024-001,,ER/NR,
ASGI-2024-022,,,Caddo,LA,SWEPCO Midway No. 832 12.5 kV Substation ,AEP,Thermal - Gas,32.67,27.48,34.15,3/1/2025,Withdrawn,4/1/2027,,,,11/1/2026,4/1/2027,,,,ER,WITHDRAWN
ASGI-2024-020,,,McPherson,KS,Johns-Manville 115 kV Substation,"BPU McPherson, KS",Thermal - Gas,123.73,122.0,131.0,10/30/2024,,6/1/2031,,,,3/1/2031,6/1/2031,,DISIS-2024-001,,ER/NR,
ASGI-2024-019,,,Sioux Center,IA,Sioux Center North Industrial 69kV Substation,MRES,Thermal - Gas,6.0,6.0,6.0,2/6/2025,,1/2/2028,,,,,1/2/2028,,,,,
ASGI-2024-018,,,Sioux Center,IA,Sioux Center North Industrial 69kV Substation,MRES,Thermal - Gas,6.0,6.0,6.0,2/6/2025,,1/2/2028,,,,,1/2/2028,,,,,
ASGI-2024-017,,,Booneville,AR,"Booneville Station, 12.47 kV bus",AEP,Solar,5.0,5.0,5.0,4/25/2025,,,,,,,,,,,,
ASGI-2024-016,,,Boonville,AR,Booneville Station 12.47 kV bus,AEP,Solar,5.0,5.0,5.0,6/9/2025,,,,,,,,,,,,
ASGI-2024-015,,,Bonanza,AR,Bonanza Station 34.5 kV bus,AEP,Solar,5.0,5.0,5.0,6/9/2025,,,,,,,,,,,,
ASGI-2024-014,,,DeQueen,AR,DeQueen 69 kV Substation,AEP,Solar,5.0,5.0,5.0,3/12/2025,,,,,,,,,,,,
ASGI-2024-013,,,Nashville,AR,South Nashville 12.47 kV Substation,AEP,Solar,9.95,9.95,9.95,3/19/2025,,,,,,,,,,,,
ASGI-2024-012,,,Big Horn,MT,South Huntley 230 kV Substation,WAPA,Solar,300.0,300.0,300.0,,,10/25/2028,,,,,10/25/2028,,,,,
ASGI-2024-010,,,McKenzie,ND,Demicks Lake 115 kV Substation,McKenzie,Thermal - Gas,32.0,32.0,32.0,3/1/2025,Withdrawn,7/1/2027,,,,6/1/2027,7/1/2027,,DISIS-2024-001,,,WITHDRAWN
ASGI-2024-009,,,Nashville,AR,12.47 kV line on #8110 circuit which is served from the Nashville Substation via transformers #2 and #3.,AEP,Solar,8.5,8.5,8.5,3/12/2025,,,,,,9/1/2025,,,,,ER/NR,
ASGI-2024-008,,,Coloumbia,MO,Marshall Miami 161 kV Substation ,Evergy,Thermal - Gas,86.0,61.1,86.0,10/30/2024,,11/8/2028,,,,4/1/2028,11/8/2028,,DISIS-2024-001,,ER/NR,
ASGI-2024-007,,,Saline,MO,Marshall Miami 13.2 kV Substation ,Evergy,Thermal - Gas,48.0,37.6,48.0,10/30/2024,,11/1/2026,,,,4/1/2026,11/1/2026,,DISIS-2024-001,,ER/NR,
ASGI-2024-006,,,Texas,OK,Y-road 115 kV switching station,GHP,Hybrid - Solar/Storage,100.0,100.0,100.0,1/14/2025,,10/28/2026,,,,8/29/2026,10/28/2026,,DISIS-2024-001,,ER/NR,
ASGI-2024-005,,,Mena,AR,Mena Substation on the #1A40 Circuit via the South Transformer,AEP,Solar,5.0,5.0,5.0,11/4/2024,,8/1/2025,,,,8/1/2025,8/1/2025,,,,ER/NR,
ASGI-2024-004,,,Redfield,SD,Redfield Transmission Substation,,,8.5,8.5,8.5,11/21/2024,,12/31/2024,,,,12/31/2024,12/31/2024,,,,ER/NR,
ASGI-2024-003,,,Morton,KS,Rolla 115 kV Substation,SUNC,Solar,79.8,79.8,79.8,10/30/2024,,12/1/2028,,,,7/1/2028,12/1/2028,,DISIS-2024-001,,ER/NR,
ASGI-2024-002,,,Boise City,OK,GridLiance's Cougar 69 kV Substation,Gridliance,Hybrid - Solar/Battery,30.0,30.0,30.0,7/2/2024,,4/20/2026,,,,8/10/2024,4/20/2026,,DISIS-2024-001,04 SOUTHEAST,ER,
ASGI-2024-001,,,Hardin,IA,Pine Lake 12.47 kV,Corn Belt,Thermal - Natural Gas,17.1,12.3,17.1,5/14/2024,,6/1/2024,,,,5/24/2024,6/1/2024,,DISIS-2024-001,03 CENTRAL,ER,
ASGI-2023-001,,,Eddy,NM,Chevron Green 115 kV Substation,SPS,Solar,20.0,20.0,20.0,10/2/2023,,8/31/2023,,,,12/9/2022,8/31/2023,,DISIS-2023-001,05 SOUTHWEST,ER/NR,
ASGI-2021-003,,,,,,,Hybrid - Solar/Storage,40.0,40.0,40.0,4/23/2021,Active,,,,,,,,DISIS-2021-001,,ER/NR,DISIS STAGE
ASGI-2021-002,,,,,,,Hybrid - Solar/Storage,55.0,55.0,55.0,4/26/2021,Withdrawn,,7/17/2023,,,,,,DISIS-2021-001,,ER/NR,WITHDRAWN
ASGI-2021-001,,,,,,,Hybrid - Solar/Storage,50.0,50.0,50.0,4/26/2021,Active,,,,,,,,DISIS-2021-001,,ER/NR,DISIS STAGE
ASGI-2020-003,,,,,,,Hybrid - Solar/Storage,35.0,35.0,35.0,4/30/2020,Active,,,,,,,,DISIS-2020-001,,ER,DISIS STAGE
ASGI-2020-002,,,,,,,Solar,45.0,45.0,45.0,4/30/2020,Withdrawn,,3/21/2023,,,,,,DISIS-2020-001,,ER,WITHDRAWN
ASGI-2020-001,,,,,,,Hybrid - Solar/Storage,35.0,35.0,35.0,4/30/2020,Active,,,,,,,,DISIS-2020-001,,ER,DISIS STAGE
ASGI-2019-003,,,Lubbock,TX,Distribution line feeding Hurlwood substation,SPS,Wind,3.0,3.0,3.0,4/23/2019,Withdrawn,,10/22/2020,,,,,,DISIS-2019-001,, ER,WITHDRAWN
ASGI-2019-002,,,Lubbock County,TX,Distribution line feeding Wolfforth substation,,Wind,4.5,4.5,4.5,4/23/2019,Withdrawn,,7/29/2021,,,,,,DISIS-2019-001,,ER,WITHDRAWN
ASGI-2019-001,,,Teton,MN,new substation along existing NWE-Conteau Pondera Oil 69kV circuit,WAPA,Wind,20.0,20.0,20.0,2/1/2019,,,,,,,,,,,ER,
ASGI-2018-012,,,Franklin,KS,Tap Rock Creek-Lane 34.5kV,GMO,Solar,35.0,35.0,35.0,7/26/2018,Withdrawn,,5/7/2021,,,,,,DISIS-2018-001,,ER,WITHDRAWN
ASGI-2018-011,,,Franklin,KS,Tap Rock Creek-Lane 34.5kV,GMO,Solar,35.0,35.0,35.0,7/26/2018,Active,,,,,,,,DISIS-2018-001,03 CENTRAL,ER,DISIS STAGE
ASGI-2018-010,,,Franklin,KS,Tap Wal-Mart-Rock Creek 34.5kV,GMO,Solar,35.0,35.0,35.0,7/26/2018,Active,,,,,,,,DISIS-2018-001,03 CENTRAL,ER,DISIS STAGE
ASGI-2018-009,,,Miami,KS,Tap Paola-Drexel Corners 34.5kV,GMO,Solar,35.0,35.0,35.0,7/26/2018,Withdrawn,,2/6/2019,,,,,,DISIS-2018-001,03 CENTRAL,ER,WITHDRAWN
ASGI-2018-008,,,Linn,KS,Tap Bush City-Centerville 34.5kV,GMO,Solar,20.0,20.0,20.0,7/26/2018,Withdrawn,,5/7/2021,,,,,,DISIS-2018-001,,ER,WITHDRAWN
ASGI-2018-007,,,Chariton County,MO,Tap Salisbury - Glasgow 34.5kV,GMO,Solar,20.0,20.0,20.0,7/26/2018,Active,,,,,,,,DISIS-2018-001,03 CENTRAL,ER,DISIS STAGE
ASGI-2018-006,,,Vernon County,MO,Tap Metz-Dederick Junction 34.5kV,GMO,Solar,20.0,20.0,20.0,7/26/2018,Active,,,,,,,,DISIS-2018-001,03 CENTRAL,ER,DISIS STAGE
ASGI-2018-003,,,Appleton City,MO,Tap Appleton - Rockbille 34.5kV,GMO,Solar,20.0,20.0,20.0,7/26/2018,Active,,,,,,,,DISIS-2018-001,03 CENTRAL,ER,DISIS STAGE
ASGI-2018-002,,,,,,,,0.0,0.0,0.0,,Withdrawn,,,,,,,,PQ,,ER,WITHDRAWN
ASGI-2018-001,,,Nodaway,MO,Maryville 161kV,AECI,Wind,230.0,230.0,230.0,1/22/2018,Completed,5/4/2020,,,,12/31/2019,5/4/2020,,DIS-17-1-PQ,03 CENTRAL,ER,IA FULLY EXECUTED/COMMERCIAL OPERATION
ASGI-2017-014,,,Post Oak,MO,Post Oak 34.5kV,KCPL,Solar,40.0,40.0,40.0,6/5/2017,Withdrawn,,3/13/2023,,,9/1/2023,,,DISIS-2017-002,03 CENTRAL,ER/NR,WITHDRAWN
ASGI-2017-013,,,Beadle County,SD,Wosley Substation 69kV,EREPC,Wind,40.0,40.0,40.0,2/13/2018,Withdrawn,,5/27/2025,,,,,,DISIS-2018-001,01 NORTH,ER,WITHDRAWN
ASGI-2017-012,,,"Kiowa and PRowers County, CO",CO,Finney – Lamar 345 kV line,SPS,Wind,200.0,200.0,200.0,4/28/2017,Withdrawn,12/1/2019,3/4/2002,,,12/1/2019,12/1/2019,,,,ER,WITHDRAWN
ASGI-2017-011,,,,,,,,0.0,0.0,0.0,,Withdrawn,,,,,,,,PQ,,ER,WITHDRAWN
ASGI-2017-007,,,,,SPS Erskine Substation 115 kV,SPS,Wind,4.2,4.2,4.2,6/2/2017,Withdrawn,1/31/2019,10/22/2020,,,1/31/2019,1/31/2019,,DISIS-2017-001,,ER,WITHDRAWN
ASGI-2017-006,,,Nodaway,MO,Maryville 161kV,AECI,Wind,238.0,238.0,238.0,,Completed,,,,,,,,,,ER/NR,IA FULLY EXECUTED/COMMERCIAL OPERATION
ASGI-2017-001,,,Alta,IA,Sac County – Buena Vista 69 kV line,WAPA,Thermal,4.0,4.0,4.0,4/28/2017,Active,,,,,12/31/2017,,,,,ER,DISIS STAGE
ASGI-2016-013,,,Ashland,OK,,,Thermal,4.938,4.938,4.938,,Completed,,,,,,,,DIS-16-2-PQ,04 SOUTHEAST,ER,IA FULLY EXECUTED/COMMERCIAL OPERATION
ASGI-2016-012,,,Centrahoma,OK,,,Thermal,61.725,61.725,61.725,,Completed,,,,,,,,DIS-16-2-PQ,04 SOUTHEAST,ER,IA FULLY EXECUTED/COMMERCIAL OPERATION
ASGI-2016-011,,,Gerty,OK,,,Thermal,7.407,7.407,7.407,,Completed,,,,,,,,DIS-16-2-PQ,04 SOUTHEAST,ER,IA FULLY EXECUTED/COMMERCIAL OPERATION
ASGI-2016-010,,,Powell Corner 115kV Substation,,Powell Corner 115kV Substation,TCEC,Wind,90.0,90.0,90.0,12/6/2016,Completed,,,,,12/31/2019,,,DISIS-2016-002,05 SOUTHWEST,ER,IA FULLY EXECUTED/ON SUSPENSION
ASGI-2016-009,,,,,Wolfforth 12.47 kV Substation,SPEC,Wind,3.0,3.0,3.0,9/5/2017,Withdrawn,,9/16/2020,,,12/31/2019,,,,,ER,WITHDRAWN
ASGI-2016-004,,,Canyon,TX,Palo Buro 115kV substation,SPS,Wind,10.0,10.0,10.0,1/1/2016,Completed,,,,,,,,DISIS-2016-001,05 SOUTHWEST,ER,IA FULLY EXECUTED/ON SCHEDULE
ASGI-2016-003,,,Osawatomie,KS,Paola 161kV,KCPL,Thermal,12.0,12.0,12.0,8/25/2016,Completed,,,,,,,,DISIS-2016-001,03 CENTRAL,ER ,IA FULLY EXECUTED/COMMERCIAL OPERATION
ASGI-2016-002,,,Lubbock County,TX,,,Wind,0.35,0.35,0.35,4/11/2016,Withdrawn,,10/22/2020,,,,,,DISIS-2016-001,,ER,WITHDRAWN
ASGI-2016-001,,,Lubbock County,TX,Wolfforth 115kV substation #526524,SPEC,Wind,2.5,2.5,2.5,4/4/2016,Withdrawn,,10/22/2020,,,,,,DISIS-2017-001,,ER/NR,WITHDRAWN
ASGI-2015-006,,,Coal County,OK,Tupelo 138kV substation,SWPA,Solar,9.0,9.0,9.0,9/29/2015,,3/3/2016,4/23/2020,,,,3/3/2016,,DISIS-2015-002,,ER,TERMINATED
ASGI-2015-004,,,Nowata,OK,Coffeyville City 69kV,GRDA,Thermal - Reciprocating Combustion Engine,56.4,54.3,56.37,1/1/2017,Completed,11/11/2015,,,,,11/11/2015,,DISIS-2015-001,03 CENTRAL,ER,IA FULLY EXECUTED/COMMERCIAL OPERATION
ASGI-2015-003,,,Quay County,NM,FE-Tucumcari 115kV,FECNM,Solar,30.0,30.0,30.0,,Withdrawn,,,,,,,,DISIS-2015-001,,ER,WITHDRAWN
ASGI-2015-002,,,Lubbock County,TX,Yuma Delivery Point,SPEC,Wind,2.0,2.0,2.0,6/3/2015,Withdrawn,,1/26/2021,,,,,,DISIS-2015-001,,ER,WITHDRAWN
ASGI-2015-001,,,Pratt County,KS,Ninnescah 115kV,SUNC,Thermal,6.13,4.27,6.13,,Completed,2/28/2008,,,,,2/28/2008,,DISIS-2015-001,03 CENTRAL,ER,IA FULLY EXECUTED/COMMERCIAL OPERATION
ASGI-2014-015,,,,,"Brasher 115kV, bus 527536",SPS,,0.0,0.0,0.0,,Withdrawn,,,,,,,,PQ,,ER,WITHDRAWN
ASGI-2014-014,,,Payne County,OK,Ferguson 69kV,GRDA,Thermal,56.4,56.4,56.4,,Completed,,,,,,,,DISIS-2014-002,04 SOUTHEAST,ER,IA FULLY EXECUTED/COMMERCIAL OPERATION
ASGI-2014-013,,,Lubbock County,TX,Erskine 115kV bus,SPEC,Wind,2.0,2.0,2.0,,Withdrawn,,,,,,,,DISIS-2014-002,,ER,WITHDRAWN
ASGI-2014-012,,,Lea County,NM,"Cooper Ranch 115kV, bus 528554",SPS,Solar,10.0,10.0,10.0,,Withdrawn,,,,,,,,DISIS-2014-002,,ER,WITHDRAWN
ASGI-2014-011,,,Lea County,NM,"Zia 115kV, bus 528420",SPS,Solar,10.0,10.0,10.0,,Withdrawn,,,,,,,,DISIS-2014-002,,ER,WITHDRAWN
ASGI-2014-010,,,Lea County,NM,"Ochoa 115kV, bus 528232",SPS,Solar,10.0,10.0,10.0,,Withdrawn,,,,,,,,DISIS-2014-002,,ER,WITHDRAWN
ASGI-2014-009,,,Eddy County,NM,"Wood Draw 115kV, bus 528228",SPS,Solar,10.0,10.0,10.0,,Withdrawn,,,,,,,,DISIS-2014-002,,ER,WITHDRAWN
ASGI-2014-008,,,Eddy County,NM,"South Loving 69kV, bus 528218",SPS,Solar,10.0,10.0,10.0,,Withdrawn,,,,,,,,DISIS-2014-002,,ER,WITHDRAWN
ASGI-2014-007,,,,,"Fiesta 115kV, bus 528151",SPS,,0.0,0.0,0.0,,Withdrawn,,,,,,,,PQ,,ER,WITHDRAWN
ASGI-2014-006,,,,,"North Canal 115kV, bus 528137",SPS,,0.0,0.0,0.0,,Withdrawn,,,,,,,,PQ,,ER,WITHDRAWN
ASGI-2014-005,,,Eddy County,NM,Strata 69kV bus 528046,SPS,Solar,0.0,0.0,0.0,,Withdrawn,,,,,,,,DISIS-2014-002,,ER,WITHDRAWN
ASGI-2014-004,,,Eddy County,NM,Livingston Ridge 69kV bus 527952,SPS,Solar,10.0,10.0,10.0,,Withdrawn,,,,,,,,DISIS-2014-002,,ER,WITHDRAWN
ASGI-2014-002,,,Santa Rosa,NM,,,Solar,0.0,0.0,0.0,,Withdrawn,,,,,,,,DISIS-2014-002,,ER,WITHDRAWN
ASGI-2014-001,,,Lubbock County,TX,,,Wind,0.0,0.0,0.0,,Withdrawn,,,,,,,,DISIS-2014-001,,ER,WITHDRAWN
ASGI-2013-006,,,Lubbock County,TX,,,Wind,2.0,2.0,2.0,,Withdrawn,,,,,,,,PQ,,ER,WITHDRAWN
ASGI-2013-005,,,Curry County,NM,,,Wind,1.65,1.65,1.65,,Completed,12/31/2014,,,,,12/31/2014,,DISIS-2013-002,05 SOUTHWEST,ER,IA FULLY EXECUTED/COMMERCIAL OPERATION
ASGI-2013-004,,,Finney County,KS,"Garden City 115kV substation, bus 531445",SUNC,Thermal,36.6,27.6,36.6,,Completed,12/31/2014,,,,,12/31/2014,,DISIS-2013-002,03 CENTRAL,ER,IA FULLY EXECUTED/COMMERCIAL OPERATION
ASGI-2013-003,,,Quay County,NM,,,Wind,18.4,18.4,18.4,,,12/31/2014,,,,,12/31/2014,,DISIS-2013-001,05 SOUTHWEST,ER,
ASGI-2013-002,,,Quay County,NM,,,Wind,18.4,18.4,18.4,,,12/31/2014,,,,,12/31/2014,,DISIS-2013-001,05 SOUTHWEST,ER,
ASGI-2013-001,,,Carson County,TX,,,Wind,11.5,11.5,11.5,,Completed,,,,,,,,DISIS-2013-001,05 SOUTHWEST,ER,IA FULLY EXECUTED/COMMERCIAL OPERATION
ASGI-2012-008,,,Arcadia,KS,,,Thermal,3.55,3.55,3.55,,Completed,12/31/2013,,,,,12/31/2013,,PQ,03 CENTRAL,ER,IA FULLY EXECUTED/COMMERCIAL OPERATION
ASGI-2012-007,,,,,,,Wind,0.0,0.0,0.0,,Withdrawn,,,,,,,,DISIS-2013-001,,ER,WITHDRAWN
ASGI-2012-006,,,Hugoton,KS,,,Thermal,22.5,22.5,22.5,,,,,,,,,,DISIS-2012-001,03 CENTRAL,ER,
ASGI-2012-002,,,Grady,NM,FEC 69kV line,FECNM,Wind,18.15,18.15,18.15,,Completed,12/31/2014,,,,,12/31/2014,,DISIS-2012-002,05 SOUTHWEST,ER,IA FULLY EXECUTED/COMMERCIAL OPERATION
ASGI-2011-004,,,Crosby County,TX,,,Wind,19.8,19.8,19.8,,Completed,9/29/2015,,,,,9/29/2015,,DISIS-2011-002,05 SOUTHWEST,ER,IA FULLY EXECUTED/COMMERCIAL OPERATION
ASGI-2011-003,,,Crosby,TX,,,Wind,10.0,10.0,10.0,,Completed,6/29/2011,,,,,6/29/2011,,DISIS-2011-001,05 SOUTHWEST,ER,IA FULLY EXECUTED/COMMERCIAL OPERATION
ASGI-2011-002,,,Hutchinson,TX,,,Wind,20.0,20.0,20.0,,Completed,12/31/2010,,,,,12/31/2010,,DISIS-2011-001,05 SOUTHWEST,ER,IA FULLY EXECUTED/COMMERCIAL OPERATION
ASGI-2011-001,,,Lovington,NM,,,Wind,27.3,27.3,27.3,,Completed,,,,,,,,DISIS-2010-002,05 SOUTHWEST,ER,IA FULLY EXECUTED/COMMERCIAL OPERATION
ASGI-2010-021,,,Lovington,NM,,,Wind,15.0,15.0,15.0,,Completed,12/30/2015,,,,,12/30/2015,,DISIS-2010-002,05 SOUTHWEST,ER,IA FULLY EXECUTED/COMMERCIAL OPERATION
ASGI-2010-020,,,Lovington,NM,,,Wind,30.0,30.0,30.0,,Completed,6/1/2017,,,,,6/1/2017,,DISIS-2010-002,05 SOUTHWEST,ER,IA FULLY EXECUTED/COMMERCIAL OPERATION
ASGI-2010-010,,,Lovington,NM,,SPS,Thermal,42.195,42.195,42.195,1/1/2010,Completed,1/4/2012,,,,,1/4/2012,,DISIS-2010-001,05 SOUTHWEST,ER,IA FULLY EXECUTED/COMMERCIAL OPERATION
AFS NJG-2026-006,,,Shreveport,LA,SWEPCO Midway Substation,SWEPCO,Thermal - Gas,34.2,27.48,34.15,,,,,,,,,,,,ER,
AFS NJG-2026-005,,,Fort Morgan,CO,115kv West Fort Morgan Susbtation,WAPA,Solar,7.0,7.0,7.0,5/15/2026,,,,,,,,,,,ER,
AFS NJG-2026-004,,,Russell,KS,Russell 115 kV substaition ,SPEC,Thermal,15.0,15.0,15.0,2/26/2026,,,,,,,,,,,,
AFS NJG-2026-003,,,Cimarron,KS,34.5kV Substation. Nearest transmission bus: 115kV Bluejay ,SPEC,Thermal - Gas,6.0,6.0,6.0,10/31/2025,Withdrawn,12/1/2026,,,,12/1/2026,12/1/2026,,,03 CENTRAL,,WITHDRAWN
AFS NJG-2026-001,,,Clay,MO,Shoal Creek 161kV substation,Evergy,Battery/Storage,9.9,9.9,9.9,1/23/2026,,,,,,,,,,,,
AFS NJG-2025-006,,,Jackson,MO,Bluejay 115/34.5kV Substation,Evergy,Battery/Storage,9.9,9.9,9.9,12/10/2025,,,,,,,,,,,,
AFS NJG-2025-004,,,Moorhead,MN,Moorhead Northeast Substation 115kV Substation,MRES,Thermal - Gas,5.65,5.65,5.65,11/19/2025,,12/31/2030,,,,12/31/2030,12/31/2030,,,,,
AFS NJG-2025-003,,,Moorhead,MN,Moorhead Northeast Substation 115kV Substation,MRES,Thermal - Gas,5.65,5.65,5.65,11/19/2025,,12/31/2030,,,,12/31/2030,12/31/2030,,,,,
AFS NJG-2025-002,,,Buchanan,MO,Mochila161kV substation,Evergy,Battery/Storage,9.9,9.9,9.9,10/17/2025,,,,,,,,,,,,
AFS NJG-2025-001,,,Jackson,MO,Strothers Road 161 kV Substation,Evergy,Battery/Storage,9.9,9.9,9.9,10/17/2025,,,,,,,,,,,,
24-03011,,,Loveland,CO,Crossroads 115,PRPA,Battery/Storage,130.0,130.0,130.0,3/1/2024,Active,1/1/2028,,,,1/1/2028,1/1/2028,,RTOE Transitional Cluster,,ER,IA PENDING
23-05032,,,Fort Collins,CO,Ault-Carey 230,PRPA,Battery/Storage,50.0,50.0,50.0,5/3/2023,Withdrawn,1/1/2026,,,,1/1/2026,1/1/2026,,RTOE Transitional Cluster,,ER,WITHDRAWN
22-07251,,,Wellington,CO,Rawhide 230,PRPA,Thermal - Gas,250.0,250.0,250.0,7/25/2022,Completed,3/1/2028,,,,3/1/2028,3/1/2028,,RTOE Transitional Cluster,,ER,IA FULLY EXECUTED/ON SCHEDULE
21-11157,,,Fort Collins,CO,Ault-Carey 230,PRPA,Battery/Storage,125.0,125.0,125.0,11/15/2021,Completed,12/1/2026,,,,12/1/2026,12/1/2026,,RTOE Transitional Cluster,,ER,IA FULLY EXECUTED/ON SCHEDULE
21-11121,,,Mead,CO,Longs Peak 230,PRPA,Hybrid - Solar/Storage,150.0,150.0,150.0,11/12/2021,Completed,12/1/2028,,,,12/1/2028,12/1/2028,,RTOE Transitional Cluster,,ER,IA FULLY EXECUTED/ON SCHEDULE
21-08242,,,Cheyenne,CO,Rawhide-Roundhouse 230,PRPA,Wind - Wind,350.0,350.0,350.0,8/24/2021,Completed,12/1/2028,,,,12/1/2028,12/1/2028,,RTOE Transitional Cluster,,ER,IA FULLY EXECUTED/ON SUSPENSION
2025-G1,,,"Weld County,",CO,Ault 345  station,WAPA,Hybrid - Solar/Storage,250.0,250.0,250.0,1/14/2025,,,,,,1/1/2028,,,RTOE Transitional Cluster,,ER/NR,FACILITY STUDY STAGE
2023-G5.2,,,Coconino County,AZ,Flagstaff - Glen Canyon 345,WAPA,Hybrid - Solar/Storage,500.0,500.0,500.0,6/21/2023,Withdrawn,,,,,12/1/2028,,,RTOE Transitional Cluster,,ER/NR,WITHDRAWN
2023-G3,,,Albany County,WY,Northpark - Terry Ranch 230-,WAPA,Solar - Photovoltaic,150.0,150.0,150.0,11/18/2022,,,,,,12/1/2026,,,RTOE Transitional Cluster,,ER/NR,FACILITY STUDY STAGE
2023-G2,,,Albany County,WY,Northpark - Terry Ranch 230-,WAPA,Hybrid - Solar/Storage,150.0,150.0,150.0,11/18/2022,,,,,,12/1/2026,,,RTOE Transitional Cluster,,ER/NR,FACILITY STUDY STAGE
2023-G1,,,Scotts Bluff County,NE,Archer - Stegall 230kV,WAPA,Hybrid - Solar/Storage,400.0,400.0,400.0,10/7/2022,Withdrawn,,,,,12/1/2025,,,RTOE Transitional Cluster,,ER/NR,WITHDRAWN
2022-G7,,,Weld County,CO,Sand Creek 115- Switching Station,WAPA,Hybrid - Solar/Storage,80.0,80.0,80.0,5/26/2022,Active,,,,,5/28/2025,,,RTOE Transitional Cluster,,ER/NR,IA PENDING
2019-G3,,,Weld County,CO,Ault 345-,WAPA,Solar - Photovoltaic,150.0,150.0,150.0,12/12/2018,Completed,,,,,12/1/2021,,,RTOE Transitional Cluster,,ER/NR,IA FULLY EXECUTED/ON SCHEDULE
2019-G2,,,Albany County,WY,Craig - Ault 345-,WAPA,Wind - Wind,252.0,252.0,252.0,11/7/2018,Completed,,,,,12/31/2028,,,RTOE Transitional Cluster,,ER/NR,IA FULLY EXECUTED/ON SCHEDULE
2019-G1,,,Albany County,WY,Craig - Ault 345-,WAPA,Wind - Wind,252.0,252.0,252.0,11/7/2018,Completed,,,,,12/31/2028,,,RTOE Transitional Cluster,,ER/NR,IA FULLY EXECUTED/ON SCHEDULE
2018-G6,,,San Juan County,NM,Shiprock 345- Sub,WAPA,Hybrid - Solar/Storage,360.0,360.0,360.0,9/10/2018,Active,,,,,12/31/2022,,,RTOE Transitional Cluster,,ER/NR,IA PENDING
2017-G2,,,Banner County,NE,Roundtop - Stegall 115-,WAPA,Wind - Wind,130.0,130.0,130.0,1/17/2017,Active,,,,,9/15/2020,,,RTOE Transitional Cluster,,ER/NR,IA PENDING
