Queue ID,Project Name,Interconnecting Entity,County,State,Interconnection Location,Transmission Owner,Generation Type,Capacity (MW),Summer Capacity (MW),Winter Capacity (MW),Queue Date,Status,Proposed Completion Date,Withdrawn Date,Withdrawal Comment,Actual Completion Date,Updated,Unit,Op Date,Sync Date,Serv,I39,Dev,Zone,System Impact Study Completed,Feasiblity Study Status,System Impact Study Status,Optional Interconnection Study Status,Facilities Study Status,Interconnection Agreement Status,Project Status
1601,BESS,,Essex,MA,NGRID KING ST T3,,BAT,4.99,4.99,4.99,1/14/2025,Withdrawn,2/3/2027,6/13/2025,,,6/16/2025,OT,2/3/2027,2/3/2027,,N,,BOST,N,,,,,,
1600,Chazy Lake BESS (NYISO-C24-308),,Clinton,NY,NYISO Patnode 230 kV,,BAT,50.0,50.0,50.0,12/12/2024,Withdrawn,8/1/2028,3/14/2025,,,3/14/2025,OT,8/1/2028,8/1/2028,CNR,N,,,N,,,,,,
1599,Dover NY BESS (NYISO-C24-316),,Dutchess,NY,NYISO Pleasant Valley-Cricket Valley 345 kV,,BAT,1000.0,1000.0,1000.0,12/12/2024,Withdrawn,5/1/2028,6/26/2025,,,6/26/2025,OT,5/1/2028,5/1/2028,CNR,N,,,N,,,,,,
1598,Zenobe Rotterdam LLC (NYISO-C24-191),,Schenectady,NY,NYISO Rotterdam 115 kV,,BAT,100.0,100.0,100.0,12/12/2024,Withdrawn,6/1/2028,12/5/2025,,,12/8/2025,OT,6/1/2028,6/1/2028,CNR,N,,,N,,,,,,
1597,New Scotland BESS (NYISO-C24-045),,Albany,NY,NYISO New Scotland 345 kV,,BAT,1350.0,1350.0,1350.0,12/12/2024,Withdrawn,9/1/2027,6/26/2025,,,6/26/2025,OT,9/1/2027,9/1/2027,CNR,N,,,N,,,,,,
1596,NY Chateaugay 0 Willis Rd Storage (NYISO-C24-304-004),,Franklin,NY,NYISO Willis 230 kV Substation,,BAT,150.0,150.0,150.0,12/12/2024,Active,2/1/2028,,,,1/10/2025,OT,2/1/2028,2/1/2028,CNR,N,,,N,,,,,,
1595,Willard Storage (NYISO-C24-148),,Rensselaer,NY,NYISO Eastover 115 kV,,BAT,300.0,300.0,300.0,12/12/2024,Active,10/1/2028,,,,1/10/2025,OT,10/1/2028,10/1/2028,CNR,N,,,N,,,,,,
1594,Woonsocket Substation – Tifft ST BESS,,Providence,RI,"RIE feeder 26W7, Woonsocket Substation",,BAT,4.5,4.5,4.5,11/15/2024,Withdrawn,12/31/2026,6/13/2025,,,6/16/2025,OT,12/31/2026,12/31/2026,,N,,RI,N,,,,,,
1593,Point St Substation – Aldrich St BESS,,Providence,RI,"RIE feeder 76F6, Point St Substation",,BAT,3.0,3.0,3.0,11/15/2024,Withdrawn,12/31/2026,6/13/2025,,,6/16/2025,OT,12/31/2026,12/31/2026,,N,,RI,N,,,,,,
1592,SHELD BESS,,Hampden,MA,South Hadley Electric Light Department 13.8KV,,BAT,3.0,3.0,3.0,8/21/2024,Withdrawn,9/1/2025,6/13/2025,,,6/16/2025,OT,9/1/2025,9/1/2025,,N,PD,WMA,N,,,,,,
1591,Chase Hill Substation - Western RI DER Study #3,,Washington,RI,"RIE Feeder 155F2, Chase Hill Substation",,SUN,2.375,2.375,2.375,8/19/2024,Withdrawn,12/1/2026,6/13/2025,,,6/16/2025,PV,12/31/2026,12/1/2026,,N,PD,RI,N,,,,,,
1590,Tower Hill Substation - Western RI DER Study #3,,Washington,RI,"RIE Feeder 88F7, Tower Hill Substation",,SUN,3.06,3.06,3.06,8/19/2024,Withdrawn,12/1/2026,6/13/2025,,,6/16/2025,PV,12/31/2026,12/1/2026,,N,PD,RI,N,,,,,,
1589,Kent County Substation - Western RI DER Study #3,,Kent,RI,"RIE feeder 3309 and 3311, Kent County Substation",,SUN,21.748,21.748,21.748,8/19/2024,Withdrawn,12/1/2026,6/13/2025,,,6/16/2025,PV,12/31/2026,12/1/2026,,N,PD,RI,N,,,,,,
1588,Wood River Substation - Western RI DER Study #3,,Washington,RI,"RIE feeder 85T2 and 85T3, Wood River Substation",,SUN,49.0,49.0,49.0,8/19/2024,Withdrawn,12/1/2026,6/13/2025,,,6/16/2025,PV,12/31/2026,12/1/2026,,N,PD,RI,N,,,,,,
1587,Battery Storage,,Worcester,MA,West Boylston Denton Lovell Substation T2 Transformer fed from the P142W. Distribution Feeder -F23 Hartwell Feeder,,BAT,3.0,3.0,3.0,8/15/2024,Withdrawn,9/15/2025,6/13/2025,,,6/16/2025,OT,10/15/2025,9/15/2025,,N,PD,CMA,N,,,,,,
1586,Battery Storage,,Chittenden,VT,Global Foundries 13.8 kV bus,,BAT,16.0,16.0,16.0,8/14/2024,Withdrawn,3/1/2026,6/13/2025,,,6/16/2025,OT,4/1/2026,3/1/2026,,N,PD,VT,N,,,,,,
1585,HGE Group Study,,Hampden,MA,Holyoke 52W via 52W6 Circuit or New Circuit,,BAT,12.98,12.98,12.98,8/13/2024,Withdrawn,3/1/2025,6/13/2025,,,6/16/2025,OT,1/1/2026,3/1/2025,,N,PD,WMA,N,,,,,,
1584,HGE Group Study,,Hampden,MA,Holyoke 44P via New 34.5 kV Circuit,,NG,4.0,4.0,4.0,8/13/2024,Withdrawn,1/1/2026,6/13/2025,,,6/16/2025,GT,1/1/2026,1/1/2026,,N,PD,WMA,N,,,,,,
1583,HGE Group Study,,Hampden,MA,Holyoke 17L via 17L16 Circuit,,BAT,4.95,4.95,4.95,8/13/2024,Withdrawn,2/15/2025,6/13/2025,,,6/16/2025,OT,2/15/2025,2/15/2025,,N,PD,WMA,N,,,,,,
1582,Paxton BESS,,Worcester,MA,Paxton Municipal Light Department 13.8KV,,BAT,3.0,3.0,3.0,7/29/2024,Withdrawn,11/25/2024,6/13/2025,,,6/16/2025,OT,12/2/2024,11/25/2024,,Y,PD,SEMA,Y,,,,,,
1581,TMLP Landfill Solar,,Bristol,MA,TMLP Dist Feeder 1841.32 Station 18 13.8kV/115kV,,SUN,2.99,2.99,2.99,7/29/2024,Withdrawn,1/24/2025,6/13/2025,,,6/16/2025,PV,1/25/2025,1/24/2025,,Y,PD,SEMA,Y,,,,,,
1580,RMLD DER Group Study,,Middlesex,MA,RMLD Station 3/NG S145 & T146 Lines,,BAT,9.98,9.98,9.98,7/29/2024,Withdrawn,6/15/2025,6/13/2025,,,6/16/2025,OT,6/16/2025,6/15/2025,,Y,PD,CMA,Y,,,,,,
1579,RMLD DER Group Study,,Middlesex,MA,RMLD Station 4/EE 211-503 & 211-504 Lines,,BAT,4.996,4.996,4.996,7/29/2024,Withdrawn,2/15/2025,6/13/2025,,,6/16/2025,OT,2/16/2025,2/15/2025,,Y,PD,CMA,Y,,,,,,
1578,Solar,,Oxford,ME,CMP 115kV Woodstock Substation,,SUN,20.0,20.0,20.0,6/26/2024,Withdrawn,5/20/2028,8/12/2024,,,8/12/2024,PV,6/6/2028,5/20/2028,CNR,N,PD,ME,N,,,,,,Under Study
1577,Solar,,Knox,ME,CMP 115KV SECTION 80,,SUN,20.0,20.0,20.0,6/26/2024,Withdrawn,5/20/2028,8/12/2024,,,8/12/2024,PV,6/6/2028,5/20/2028,CNR,N,PD,ME,N,,,,,,
1576,Solar,,Cheshire,NH,"Eversource 115kV Section L-163, approximately 2.6 miles north of North Keene Substation.",,SUN,20.0,20.0,20.0,6/26/2024,Withdrawn,5/20/2028,8/12/2024,,,8/12/2024,PV,6/6/2028,5/20/2028,CNR,N,PD,NH,N,,,,,,
1575,Solar,,Oxford,ME,CMP 115kV Woodstock Substation,,SUN,20.0,20.0,20.0,6/26/2024,Withdrawn,5/20/2028,8/12/2024,,,8/12/2024,PV,6/6/2028,5/20/2028,CNR,N,PD,ME,N,,,,,,
1574,Battery Storage,,Merrimack,NH,"EVERSOURCE 115KV SECTION C196, APPROXIMATELY 1.5 MILES SOUTH OF THE MERRIMACK SUBSTATION.",,BAT,20.0,20.0,20.0,6/26/2024,Withdrawn,5/20/2028,8/12/2024,,,8/12/2024,OT,6/6/2028,5/20/2028,CNR,N,PD,NH,N,,,,,,
1573,Solar,,York,ME,"CMP 34.5kV Line 182, located approximately 2.5 miles from the West Buxton Substation.",,SUN,20.0,20.0,20.0,6/26/2024,Withdrawn,5/20/2028,8/12/2024,,,8/12/2024,PV,6/6/2028,5/20/2028,CNR,N,PD,ME,N,,,,,,
1572,Solar,,Windham,VT,Vernon #13 69kV,,SUN,8.084,4.042,4.042,6/24/2024,Withdrawn,6/23/2026,8/6/2024,,,8/6/2024,PV,6/30/2026,6/23/2026,CNR,N,PD,VT,N,,,,,,
1571,Battery Storage,,Worcester,MA,"42.066328, -71.864144 National Grid 69 kV Substation the East Webster 412 substation.",,BAT,19.73,19.73,19.73,6/13/2024,Withdrawn,2/28/2027,10/11/2025,,,10/17/2025,OT,6/30/2027,2/28/2027,CNR,N,PD,CMA,N,,,,,,
1570,Battery Storage,,Worcester,MA,"National Grid 69kV line tap on line A-1S Coordinates: 42.493823759032914, -71.77425691308422. Based off the ISO-NE system diagram, it is assumed that the eastern circuit is A-1S and is the preferred connection. however seeking this to be confirmed with ISO-NE""",,BAT,19.73,19.73,19.73,6/13/2024,Withdrawn,2/28/2027,9/27/2024,,,9/27/2024,OT,6/30/2027,2/28/2027,CNR,N,PD,CMA,N,,,,,,
1569,Non-controllable objective ETU to enable 2400 MW injection,,New London,CT,,,,2400.0,,,6/13/2024,Withdrawn,12/30/2030,10/6/2025,,,10/6/2025,,6/30/2031,12/30/2030,,N,PD,CT,N,,,,,,
1568,Battery Storage,,Washington,RI,The Primary Point of Interconnection will be a direct interconnection to the 115-kV bus at Davisville Substation Expansion owned by RI_NGRID.,,BAT,312.84,152.7552,152.7552,6/12/2024,Withdrawn,11/30/2026,10/10/2025,,,10/10/2025,OT,1/31/2027,11/30/2026,CNR,N,PD,RI,N,,,,,,
1567,Battery Storage,,Middlesex,MA,"The Point of Interconnection will be a direct interconnection will be located on the IC’s property (Lat, long: 42°41'23.38""N, 71°26'20.43""W) by tapping the 345-kV Line 326-2 (Sandy Pond-Lawrence Rd), owned by RI_NGRID, at approx. 8.4 miles from the 345-kV Lawerence Rd Substation (42% of line from Lawerence Rd).",,BAT,500.0,509.184,509.184,6/11/2024,Active,2/29/2028,,,,8/21/2026,OT,4/27/2028,2/29/2028,CNR,N,PD,SEMA,N,,,,,In Progress,
1566,Wind,,Aroostook,ME,Orrington – Albion Road 345kV,,WND,197.4,197.4,197.4,6/11/2024,Withdrawn,5/1/2028,10/11/2025,,,10/17/2025,WT,10/1/2028,5/1/2028,CNR,N,PD,BHE,N,,,,,,
1565,Battery Storage,,Bristol,MA,Interconnect at the 115kV Sykes Rd Substation owned by MA_NGRID.,,BAT,81.0,81.0,81.0,6/10/2024,Withdrawn,11/30/2026,9/11/2024,,,9/11/2024,OT,1/31/2027,11/30/2026,CNR,N,PD,SEMA,N,,,,,,
1564,Battery Storage,,Windham,VT,"Vernon 115 kV (Line K-40) Coordinates: 42.78270705350802, -72.51706642321578",,BAT,100.955,100.955,100.955,6/6/2024,Withdrawn,3/30/2027,10/6/2025,,,10/6/2025,OT,9/30/2027,3/30/2027,CNR,N,PD,VT,N,,,,,,
1563,Solar,,Somerset,ME,CMP 115kV Line 83,,SUN,165.0,165.0,165.0,6/6/2024,Withdrawn,6/6/2028,5/1/2025,,,5/4/2025,PV,6/6/2028,6/6/2028,CNR,N,PD,ME,N,,Not Started,,,,
1562,Battery Storage,,Litchfield,CT,Eversource 115 kV Line from Frost Bridge #8R to Carmel Hill #11S,,BAT,45.29,45.29,45.29,6/7/2024,Withdrawn,12/1/2026,8/28/2024,,,8/28/2024,OT,6/1/2027,12/1/2026,CNR,N,PD,CT,N,,,,,,
1561,Battery Storage,,Litchfield,CT,115 kV line between Rocky River and Bulls Bridge substations,,BAT,141.6,141.6,141.6,6/6/2024,Withdrawn,3/1/2027,5/9/2025,,,5/9/2025,OT,4/1/2027,3/1/2027,CNR,N,PD,CT,N,,,,,,
1560,Battery Storage,,Bristol,MA,"Non-PTF 115KV lines ET and W owned by TMLP between Cleary Flood Substation and Substation #16 (W Water St), approximately 1.26 miles from Cleary Flood. Project will interconnect half of the new MW capability to each line.",,BAT,133.796,133.796,133.796,6/6/2024,Withdrawn,3/1/2027,9/22/2025,,,9/22/2025,OT,4/1/2027,3/1/2027,CNR,N,PD,SEMA,N,,,,,,
1559,Battery Storage,,New London,CT,"115 kV line 1070 between Ft Hill Farms and Stockhouse Substations, interconnected by a new three-breaker ring bus approximately 2.5 miles from Ft Hill Farms substation and 5.2 miles from Stockhouse Substations.",,BAT,93.2,93.2,93.2,6/6/2024,Withdrawn,4/1/2027,9/22/2025,,,9/22/2025,OT,5/1/2027,4/1/2027,CNR,N,PD,CT,N,,,,,,
1558,Battery Storage,,Bristol,MA,115 kV line W4S between Grand Army Substation and Pottersville Substation. Approximately 0.43 miles from Grand Army - 115KV Substation and approximately 2.33 miles from Pottersville / Somerset substations,,BAT,141.5,141.5,141.5,6/6/2024,Withdrawn,12/1/2027,9/22/2025,,,9/22/2025,OT,1/1/2028,12/1/2027,CNR,N,PD,SEMA,N,,,,,,
1557,Battery Storage,,Essex,MA,115 kV Wakefield Junction Substation,,BAT,225.0,240.1577,240.1577,6/6/2024,Active,12/1/2027,,,,8/21/2026,OT,1/1/2028,12/1/2027,CNR,N,PD,BOST,N,,,,,In Progress,
1556,Battery Storage,,Worcester,MA,"Eversource 345 kV Line 3361, approximately 3.2 miles from Sherman Road and 7.6 miles from Blackstone.",,BAT,204.818,204.818,204.818,6/6/2024,Withdrawn,9/27/2027,10/10/2025,,,10/10/2025,OT,10/11/2027,9/27/2027,CNR,N,PD,CMA,N,,,,,,
1555,Battery Storage,,Essex,MA,115KV Line Q-169 between Resco-Saugus Tap and Melrose #2 Tap. Approximately 2.4 miles from Melrose #2 Tap and approximately 2.35 miles from Resco-Saugus Tap,,BAT,200.0,207.44,207.44,6/6/2024,Active,12/1/2027,,,,8/21/2026,OT,1/1/2028,12/1/2027,CNR,N,PD,BOST,N,,,,,In Progress,
1554,Battery Storage,,Providence,RI,"NEP transmission line: 345 kV line 359, approximately 10.55 miles from West Farnum and 10.81 miles from Kent County substations.",,BAT,414.632,414.632,414.632,6/7/2024,Withdrawn,9/27/2027,11/7/2024,,,11/7/2024,OT,10/11/2027,9/27/2027,CNR,N,PD,RI,N,,Not Started,,,,Under Study
1553,Battery Storage,,Middlesex,MA,"Point of Interconnection - National Grid Tewksbury 115kV substation, Open position opposite the J-162 line",,BAT,125.0,126.401,126.401,6/4/2024,Withdrawn,4/15/2028,8/31/2026,,,8/31/2026,OT,5/1/2028,4/15/2028,CNR,N,PD,CMA,N,,,,,In Progress,
1552,Battery Storage,,Hartford,CT,Eversource Energy Corporation owned 115 kV Line 1756,,BAT,133.2,133.2,133.2,6/4/2024,Withdrawn,3/15/2028,11/22/2024,,,11/22/2024,OT,4/1/2028,3/15/2028,CNR,N,PD,CT,N,,Not Started,,,,Under Study
1551,Battery Storage,,Worcester,MA,"The Point of Interconnection will be located on the IC’s property (Lat, long: 42°21'44.53""N, 72° 2'22.57""W) by tapping the 115-kV Line A127-4 (Barre-Paxton) at approx. 6km from Barre Substation owned by MA_NGRID.",,BAT,180.0,181.78,181.78,5/31/2024,Active,2/29/2028,,,,8/21/2026,OT,4/27/2028,2/29/2028,CNR,N,PD,CMA,N,,,,,In Progress,
1550,Battery Storage,,Plymouth,MA,"The Primary Point of Interconnection will be located on the IC’s property (Lat, long: 41°58'7.22""N, 71° 1'18.59""W) by tapping the 115-kV Line U6-4 (Bridgewater-Raynham) at approx. 7,87 Km from Bridgewater Substation. The Alternative Point of Interconnection will be a direct interconnection to the 115-kV bus at Bridgewater Substation owned by MA_NGRID.",,BAT,76.0,76.0,76.0,5/31/2024,Withdrawn,11/30/2026,8/2/2024,,,8/2/2024,OT,1/31/2027,11/30/2026,CNR,N,PD,SEMA,N,,,,,,
1549,Battery Storage,,Providence,RI,"The Primary Point of Interconnection will be a direct interconnection to the 115-kV bus at Highland Park Substation owned by RI_NGRID. The Alternative Point of Interconnection will be located on the IC’s property (Lat, long: 41°59'46.60""N, 71°28'16.01""W) by tapping the 115-kV Line J16 (Riverside-Highland Park) at approx. 0.27 km from Highland Park Substation.",,BAT,108.0,108.0,108.0,6/3/2024,Withdrawn,11/30/2026,10/18/2024,,,10/18/2024,OT,1/31/2027,11/30/2026,CNR,N,PD,RI,N,,Not Started,,,,Under Study
1548,Battery Storage,,Providence,RI,"Primary POI: 42.001693, -71.710650, Eversource Line 347, Sherman Road to Killingly 345kV Alternate POI: 42.001693, -71.710650, Eversource West Farnum to Lake Road 345kV",,BAT,165.76,165.76,165.76,5/31/2024,Withdrawn,1/1/2028,10/17/2024,,,10/17/2024,OT,3/1/2028,1/1/2028,CNR,N,PD,RI,N,Not Started,,,,,Under Study
1547,Solar,,Penobscot,ME,"Clifton Switchyard in Clifton, Maine.",,SUN,19.6,,,5/31/2024,Withdrawn,11/1/2027,9/4/2025,,,9/4/2025,PV,12/1/2027,11/1/2027,NR,N,PD,BHE,N,,,,,,
1546,Battery Storage,,Berkshire,MA,MA_WMECO Partridge 115kV substation.,,BAT,170.0,170.0,170.0,5/30/2024,Withdrawn,6/30/2029,6/25/2026,,,6/26/2026,OT,12/31/2029,6/30/2029,CNR,N,PD,WMA,N,,,,,,Under Study
1545,Battery Storage,,Franklin,MA,MA_WMECO 115 kV Erving Substation Bus No. 116107,,BAT,100.7521,100.7521,100.7521,5/30/2024,Withdrawn,4/1/2028,10/10/2025,,,10/10/2025,OT,8/1/2028,4/1/2028,CNR,N,PD,WMA,N,,,,,,
1544,Battery Storage,,Franklin,MA,115 kV B128 line; 18.88 miles from Barre B128 and 5.3 miles from French King,,BAT,0.0,105.0,105.0,5/29/2024,Withdrawn,7/9/2029,7/3/2024,,,7/3/2024,OT,12/30/2029,7/9/2029,CNR,N,,WMA,N,,,,,,
1543,Battery Storage,,Barnstable,MA,The project will tap the 342-2 W line between the 345 kV Canal Substation and Jordan Tap with a new three breaker ring bus to connect the project,,BAT,500.0,585.3,585.3,5/28/2024,Active,9/15/2028,,,,8/21/2026,OT,12/1/2028,9/15/2028,CNR,N,PD,SEMA,N,,,,,In Progress,
1542,Battery Storage,,Hampden,MA,MA_WMECO Blandford 115kV substation,,BAT,170.0,170.0,170.0,5/28/2024,Withdrawn,6/30/2029,7/1/2026,,,7/1/2026,OT,12/31/2029,6/30/2029,CNR,N,PD,WMA,N,,,,,,Under Study
1541,Battery Storage,,Middlesex,MA,"42.385528, -71.490823 on Hudson-Sudbury 115kV line",,BAT,101.0,101.0,101.0,5/28/2024,Withdrawn,5/1/2028,10/11/2025,,,10/17/2025,OT,5/31/2028,5/1/2028,CNR,N,PD,BOST,N,,,,,,
1540,EE CT DER Group Study,,Hartford,CT,EE Enfield 12C,,BAT,19.999,19.999,19.999,5/15/2024,Withdrawn,12/31/2025,6/13/2025,,,6/16/2025,OT,12/31/2025,12/31/2025,,N,PD,CT,N,,,,,,
1539,EE CT DER Group Study,,Middlesex,CT,EE 30K DOOLEY,,BAT,20.0,20.0,20.0,5/15/2024,Withdrawn,4/5/2027,6/13/2025,,,6/16/2025,OT,4/5/2027,4/5/2027,,N,PD,CT,N,,,,,,
1538,EE CT DER Group Study,,New London,CT,EE Flanders 11Y,,BAT,4.99,4.99,4.99,5/15/2024,Withdrawn,12/31/2025,6/13/2025,,,6/16/2025,OT,12/31/2025,12/31/2025,,N,PD,CT,N,,,,,,
1537,EE CT DER Group Study,,New London,CT,EE 1Q UNCASVILLE,,BAT,4.99,4.99,4.99,5/15/2024,Withdrawn,12/21/2025,6/13/2025,,,6/16/2025,OT,12/31/2025,12/21/2025,,N,PD,CT,N,,,,,,
1536,EE CT DER Group Study,,Litchfield,CT,EE WINSTED 33B/CAMPVILLE,,SUN,3.74,3.74,3.74,5/15/2024,Withdrawn,7/1/2024,5/29/2024,,,6/17/2025,PV,7/1/2024,7/1/2024,,N,PD,CT,N,,,,,,
1535,EE 2024 SEMA/Cape ASO Group Study,,Barnstable,MA,EE STA_946 Mashpee,,SUN BAT,2.805,2.805,2.805,5/8/2024,Withdrawn,12/31/2026,6/13/2025,,,6/16/2025,OT,12/31/2026,12/31/2026,,N,PD,SEMA,N,,,,,,
1534,EE 2024 SEMA/Cape ASO Group Study,,Plymouth,MA,EE STA_646 Crystal Spring,,SUN BAT,4.98,4.98,4.98,5/8/2024,Withdrawn,12/31/2026,6/13/2025,,,6/16/2025,OT,12/31/2026,12/31/2026,,N,PD,SEMA,N,,,,,,
1533,EE 2024 SEMA/Cape ASO Group Study,,Plymouth,MA,EE STA_713 Tremont,,SUN BAT,16.94,16.94,16.94,5/8/2024,Withdrawn,12/31/2026,6/13/2025,,,6/16/2025,OT,12/31/2026,12/31/2026,,N,PD,SEMA,N,,,,,,
1532,EE 2024 SEMA/Cape ASO Group Study,,Plymouth,MA,EE STA_727 Brook Street,,SUN BAT,4.999,4.999,4.999,5/8/2024,Withdrawn,12/31/2026,6/13/2025,,,6/16/2025,OT,12/31/2026,12/31/2026,,N,PD,SEMA,N,,,,,,
1531,EE 2024 SEMA/Cape ASO Group Study,,Plymouth,MA,EE STA_745 Rochester,,SUN BAT,4.98,4.98,4.98,5/8/2024,Withdrawn,12/31/2024,6/13/2025,,,6/16/2025,OT,12/31/2024,12/31/2024,,N,PD,SEMA,N,,,,,,
1530,EE 2024 SEMA/Cape ASO Group Study,,Bristol,MA,EE STA_624 Wing Lane,,SUN BAT,4.999,4.999,4.999,5/8/2024,Withdrawn,12/31/2026,6/13/2025,,,6/16/2025,OT,12/31/2026,12/31/2026,,N,PD,SEMA,N,,,,,,
1529,EE 2024 SEMA/Cape ASO Group Study,,Plymouth,MA,EE STA_738 Duxbury,,BAT,4.99,4.99,4.99,5/8/2024,Withdrawn,12/31/2024,6/13/2025,,,6/16/2025,OT,12/31/2024,12/31/2024,,N,PD,SEMA,N,,,,,,
1528,EE 2024 SEMA/Cape ASO Group Study,,Plymouth,MA,EE TA_739 Marshfield,,BAT,4.9992,4.9992,4.9992,5/8/2024,Withdrawn,12/31/2026,6/13/2025,,,6/16/2025,OT,12/31/2026,12/31/2026,,N,PD,SEMA,N,,,,,,
1527,EE 2024 SEMA/Cape ASO Group Study,,Barnstable,MA,EE STA_933 Falmouth,,SUN BAT,2.5,2.5,2.5,5/8/2024,Withdrawn,,6/13/2025,,,6/16/2025,OT,12/31/2026,,,N,PD,SEMA,N,,,,,,
1526,EE 2024 SEMA/Cape ASO Group Study,,Bristol,MA,EE STA_636 Industrial Park,,SUN BAT,4.98,4.98,4.98,5/8/2024,Withdrawn,12/31/2026,6/13/2025,,,6/16/2025,OT,12/31/2026,12/31/2026,,N,PD,SEMA,N,,,,,,
1525,Battery Storage,,New Haven,CT,"The Primary Point of Interconnection will be located on the IC’s property (Lat, long: 41°28'9.40""N, 73° 7'52.44""W) by tapping the 115-kV Line 1619 (Towantic-Stevenson) at approx. 1.8 Km from Towantic Substation. The Alternative Point of Interconnection will be a direct interconnection to the 115-kV bus at Oxford Substation owned by CT_CL&P.",,BAT,134.7,134.7,134.7,5/6/2024,Withdrawn,11/30/2026,6/25/2024,,,6/25/2024,OT,1/31/2027,11/30/2026,CNR,N,PD,CT,N,,,,,,
1524,Battery Storage,,Hartford,CT,"The Primary Point of Interconnection will be located on the IC’s property (Lat, long: 41°49'19.50""N, 72°43'23.49""W) by tapping the 115-kV Line 1751-2 (Bloomfield Tap to NW. Hartford). This is approximately 3.0 miles along the line from NW. Hartford Substation. The Alternative Point of Interconnection will be a direct interconnection to the 115-kV bus at Bloomfield Substation owned by CT_CL&P.",,BAT,237.6,235.008,235.008,5/6/2024,Withdrawn,11/30/2026,10/10/2025,,,10/10/2025,OT,1/31/2027,11/30/2026,CNR,N,PD,CT,N,,,,,,
1523,Battery Storage,,Norfolk,MA,National Grid’s 115kV South Wrentham substation,,BAT,253.816,253.816,253.816,5/6/2024,Withdrawn,4/1/2029,10/11/2025,,,10/17/2025,OT,6/1/2029,4/1/2029,CNR,N,PD,RI,N,,,,,,
1522,Battery Storage,,Bristol,MA,"Primary POI will be National Grid Line C-181 (Brayton Point to Reynolds Ave, 115 kV). Primary POI is 10.6 miles from Brayton Point and 1.9 miles from Reynolds Ave. POI Coords: 41.856375, -71.193471",,BAT,150.0,125.5,125.5,4/25/2024,Withdrawn,4/15/2028,8/16/2024,,,8/16/2024,OT,5/1/2028,4/15/2028,CNR,N,PD,RI,N,,,,,,
1521,Solar CNR only,,Addison,VT,Vergennes 115 kV Substation,,SUN,0.0,50.0,50.0,4/22/2024,Withdrawn,5/1/2026,10/11/2025,,,10/17/2025,PV,5/31/2026,5/1/2026,CNR,N,,VT,N,,,,,,
1520,Battery Storage,,New Haven,CT,Primary POI: Eversource Owned 115kV Line # 1142 Alternate POI 1: 115kV Express Feeder to Oxford 26N Substation Alternate POI 2: Eversource Owned 115kV Line # 1403,,BAT,125.0,125.0,125.0,4/16/2024,Withdrawn,3/1/2028,9/3/2025,,,9/3/2025,OT,5/1/2028,3/1/2028,CNR,N,PD,CT,N,,,,,,
1519,Offshore Wind,,,RI,Kent County 345kV,,WND,1200.0,1200.0,1200.0,4/12/2024,Withdrawn,7/1/2030,6/2/2025,,,6/2/2025,WT,4/10/2031,7/1/2030,CNR,N,PD,RI,N,,,,,,
1518,Battery Storage,,Berkshire,MA,"Eversource, New Substation to be built at 42.488290, -73.219503",,BAT,136.0,139.5,139.5,4/9/2024,Active,5/31/2028,,,,8/21/2026,OT,8/30/2028,5/31/2028,CNR,N,PD,WMA,N,,,,,In Progress,
1517,Battery Storage,,Franklin,MA,National Grid 69kV Line E-5D Deerfeild-Shutesbury,,BAT,365.8,365.8,365.8,4/9/2024,Withdrawn,5/31/2028,10/11/2025,,,10/17/2025,OT,8/30/2028,5/31/2028,CNR,N,PD,WMA,N,,,,,,
1516,Battery Storage,,Windsor,VT,Vermont Electric Power Company (VELCO) Ascutney 115 kV Substation,,BAT,114.7,114.7,114.7,4/9/2024,Withdrawn,5/31/2028,10/11/2025,,,10/17/2025,OT,8/30/2028,5/31/2028,CNR,N,PD,VT,N,,,,,,
1515,Battery Storage,,Berkshire,MA,Alps-Berkshire 345kV line,,BAT,290.0,295.8,295.8,4/9/2024,Active,5/31/2028,,,,8/21/2026,OT,8/30/2028,5/31/2028,CNR,N,PD,WMA,N,,,,,In Progress,
1514,Battery Storage,,Worcester,MA,National Grid Barre Tap-Wendell Depot Tap 115kV,,BAT,408.1,408.1,408.1,4/8/2024,Withdrawn,5/31/2028,10/11/2025,,,10/17/2025,OT,8/30/2028,5/31/2028,CNR,N,PD,CMA,N,,,,,,
1513,Battery Storage,,Worcester,MA,Bear Swamp- Pratts Junction 230kV,,BAT,300.0,318.268,318.268,4/8/2024,Withdrawn,5/31/2028,8/14/2026,,,8/14/2026,OT,8/30/2028,5/31/2028,CNR,N,PD,CMA,N,,,,,,Under Study
1512,Battery Storage + Solar,,Franklin,MA,"New England Power Co, 115 kV, 2.25 miles from E131 TAP 113010 and 3.29 miles from HARRIMAN 113146) (115 kV)",,SUN BAT,100.4637,100.4637,100.4637,4/8/2024,Withdrawn,8/31/2027,5/29/2024,,,5/29/2024,OT,12/31/2027,8/31/2027,CNR,N,PD,WMA,N,,,,,,
1511,Battery Storage,,Hampden,MA,Western Massachusetts Electric Company (Eversource Energy) 345kV Ludlow,,BAT,250.8939,250.8939,250.8939,4/8/2024,Withdrawn,8/1/2027,5/14/2024,,,5/15/2024,OT,12/31/2027,8/1/2027,CNR,N,PD,WMA,N,,,,,,
1510,Battery Storage,,Wocester,MA,"Carpenter Hill substation, 115 kV bus, National Grid at open bay",,BAT,152.7552,152.7552,152.7552,4/3/2024,Withdrawn,12/31/2027,10/7/2025,,,10/7/2025,OT,12/31/2027,12/31/2027,CNR,N,PD,CMA,N,,,,,,
1509,Battery Storage,,Worcester,MA,"3-breaker ring bus tapping the W175 line. ESA sub located approximately 0.23 miles from West Charlton 115 kV substation at current coordinates 42° 8'10.02""N 72° 1'30.37""W",,BAT,152.7552,152.7552,152.7552,4/3/2024,Withdrawn,12/31/2027,10/7/2025,,,10/7/2025,OT,12/31/2027,12/31/2027,CNR,N,PD,CMA,N,,,,,,
1508,Battery Storage,,Hartford,CT,"Primary POI: 345kV Line, Agawam to North Bloomfield Line, POI: 42.031254, -72.698516 Alternative POI: 115kV Line, Tap156253 to North Bloomfield, POI: 42.031274, -72.698830",,BAT,167.1,167.1,167.1,4/1/2024,Withdrawn,3/20/2028,9/26/2024,,,9/26/2024,OT,4/1/2028,3/20/2028,CNR,N,PD,CT,N,,,,,,
1507,Solar Increase,,Hartford,CT,"To interconnect at the POI of Gravel Pit Solar as an increase to (QP1030 + QP 1247 + QP 1357), the POI is the new Gravel Pit Solar substation at the new three-breaker ring bus on the 115 kV Connecticut Light & Power Company 1200 line between Barbour Hill and Windsor Locks.",,SUN,25.0,177.4113,177.4113,3/27/2024,Withdrawn,10/15/2028,10/11/2025,,,10/17/2025,PV,12/15/2028,10/15/2028,CNR,N,PD,CT,N,,,,,,
1506,Battery Storage,,Middlesex,MA,The proposed POI is tapping Eversource’s 115kV transmission line from Hudson to Sudbury.,,BAT,152.656,152.656,152.656,3/22/2024,Withdrawn,5/1/2028,4/18/2024,,,4/18/2024,OT,6/1/2028,5/1/2028,NR,N,PD,BOST,N,,,,,,
1505,Offshore Wind,,,CT,Eversource 345kV Montville Substation,,WND,1275.0,1275.0,1275.0,3/14/2024,Withdrawn,3/1/2031,10/9/2025,,,10/21/2025,WT,9/1/2031,3/1/2031,CNR,N,PD,CT,N,,,,,,
1504,Solar,,Belknap,NH,EE Laconia substation,,SUN,10.0,10.0,10.0,3/13/2024,Withdrawn,12/1/2025,3/20/2024,,,3/20/2024,PV,12/31/2025,12/1/2025,,N,PD,NH,N,,,,,,
1503,EE Lost Nation Group DG Study,,Coos,NH,EE Lost Nation substation,,SUN,9.98,9.98,9.98,3/13/2024,Withdrawn,12/1/2025,3/20/2024,,,3/20/2024,PV,12/31/2025,12/1/2025,,N,PD,NH,N,,,,,,
1502,Battery Storage,,Franklin,VT,"Direct connection to VELCO 115kV Highgate substation (44.943833, -73.058515)",,BAT,19.3,19.3,19.3,3/28/2024,Active,6/1/2029,,,,8/21/2026,OT,7/1/2029,6/1/2029,CNR,N,PD,VT,N,,,,,In Progress,
1501,Battery Storage,,New London,CT,"Primary POI: 115kV line 1080 (41.5515028, -72.1253556) , Alternate POI: 115kV line 1000 (41.551478, -72.125294)",,BAT,167.1,167.1,167.1,2/29/2024,Withdrawn,3/20/2028,12/11/2024,,,6/18/2025,OT,4/1/2028,3/20/2028,CNR,N,PD,CT,N,,Not Started,,,,
1500,Offshore Wind CNR only,,,MA,National Grid Brayton Point 345kV Substation,,WND,0.0,1249.5,1249.5,2/20/2024,Withdrawn,3/27/2033,10/11/2025,,,10/17/2025,WT,11/4/2033,3/27/2033,CNR,N,,RI,N,,,,,,
1499,Battery Storage,,Hampden,MA,Palmer 503 Substation new 115 kV line,,BAT,115.6,115.6,115.6,2/13/2024,Withdrawn,9/30/2026,6/12/2025,,,6/12/2025,OT,10/31/2026,9/30/2026,CNR,N,PD,WMA,N,,,,,,
1498,Battery Storage,,Fairfield,CT,"Direct tap into the Pequonnock 115kV substation in Bridgeport, CT",,BAT,109.52,109.52,110.87,2/8/2024,Withdrawn,12/15/2027,8/21/2025,,,8/21/2025,OT,12/31/2027,12/15/2027,CNR,N,PD,SWCT,N,,,,,,
1497,Solar,,Penobscot,ME,Tap on Enfield ME – Passadumkeag 115kV line,,SUN,68.0,68.0,68.0,2/7/2024,Withdrawn,4/15/2028,5/14/2024,,,5/14/2024,PV,7/15/2028,4/15/2028,CNR,N,PD,BHE,N,,,,,,
1496,Battery Storage addition(QP1192),,Hartford,CT,"To interconnect at the POI of Broadleaf Storage, via a shared facility. It is connected as a tap at existing 345 kV line between N. Bloomfield to Agawam Line. POI is approximately 3.6 mi north of N. Bloomfield and 11.5 mi south of Agawam.",,SUN BAT,101.1158,202.2316,202.2316,2/7/2024,Withdrawn,10/15/2027,10/11/2025,,,10/17/2025,OT,12/15/2027,10/15/2027,CNR,N,PD,CT,N,,,,,,
1495,Battery Storage,,Windsor,VT,"Direct connection to VELCO 115kV Windsor substation (43.48988, -72.40858)",,BAT,19.3,19.3,19.3,2/22/2024,Active,6/1/2029,,,,8/21/2026,OT,7/1/2029,6/1/2029,CNR,N,PD,VT,N,,,,,In Progress,
1494,Walpole 146 110A - 2023 EE GB ASO,,Norfolk,MA,Eversource Walpole 146 110A,,SUN BAT,4.99,4.99,4.99,1/26/2024,Withdrawn,12/31/2026,6/13/2025,,,6/16/2025,OT,12/31/2026,12/31/2026,,N,PD,SEMA,N,,,,,,
1493,Medway 65 110B - 2023 EE GB ASO,,Middlesex,MA,Eversource Medway 65 110B,,SUN BAT,3.9,3.9,3.9,1/26/2024,Withdrawn,12/31/2026,6/13/2025,,,6/16/2025,OT,12/31/2026,12/31/2026,,N,PD,SEMA,N,,,,,,
1492,Medway 65 110A - 2023 EE GB ASO,,Middlesex,MA,Eversource Medway 65 110A,,BAT,4.948,4.948,4.948,1/26/2024,Withdrawn,12/31/2026,6/13/2025,,,6/16/2025,OT,12/31/2026,12/31/2026,,N,PD,SEMA,N,,,,,,
1491,Canton 470 110A - 2023 EE GB ASO,,Norfolk,MA,Eversource Canton 470 110A,,BAT,4.99,4.99,4.99,1/26/2024,Withdrawn,12/31/2026,6/13/2025,,,6/16/2025,OT,12/31/2026,12/31/2026,,N,PD,SEMA,N,,,,,,
1490,EE Mansfield Center DG Cluster,,Tolland,CT,EE Card St 11F,,SUN,19.975,19.975,19.975,1/17/2024,Withdrawn,6/30/2024,6/13/2025,,,6/16/2025,PV,12/31/2024,6/30/2024,,N,PD,CT,N,,,,,,
1489,EE Mansfield Center DG Cluster,,Tolland,CT,EE Mansfield 12J,,SUN BAT,10.799,10.799,10.799,1/17/2024,Withdrawn,12/29/2024,6/13/2025,,,6/16/2025,OT,7/27/2025,12/29/2024,,N,PD,CT,N,,,,,,
1488,Offshore Wind,,,CT,"Intersection of 345 kV transmission lines 364, 371, 383, 310, and 348",,WND,1275.0,1275.0,1275.0,1/11/2024,Withdrawn,3/1/2031,10/9/2025,,,10/21/2025,WT,9/1/2031,3/1/2031,CNR,N,PD,CT,N,,,,,,
1487,EE CT DG Group Study,,New Haven,CT,EE Oxford 26N,,SUN,5.0,5.0,5.0,1/9/2024,Withdrawn,12/31/2024,6/13/2025,,,6/16/2025,PV,12/31/2024,12/31/2024,,N,PD,CT,N,,,,,,
1486,Battery Storage,,New Haven,CT,Bunker Hill 115kV substation,,BAT,300.0,300.0,300.0,1/2/2024,Withdrawn,4/30/2027,1/24/2025,,,1/24/2025,OT,6/30/2027,4/30/2027,CNR,N,PD,SWCT,N,In Progress,,,,,Under Study
1485,Offshore Wind CNR,,,CT,Eversource (CL&P) 345kV Montville Substation,,WND,0.0,1200.0,1200.0,1/2/2024,Withdrawn,1/31/2031,8/7/2024,,,8/7/2024,WT,5/31/2031,1/31/2031,CNR,N,,CT,N,,,,,,
1484,CMP Moshers/Prides Corner 115 kV SS - Greater Portland Area DG Study,,Cumberland,ME,CMP Moshers/Prides Corner 115 kV Substation,CMP,SUN WAT,3.99,3.99,3.99,12/29/2023,Withdrawn,12/31/2024,6/13/2025,,,6/16/2025,OT,12/31/2024,12/31/2024,,Y,PD,ME,Y,,,,,,
1483,CMP Elm St 115 kV SS - Greater Portland Area DG Study,,Cumberland,ME,CMP Elm St 115 kV Substation,CMP,SUN,4.97,4.97,4.97,12/29/2023,Withdrawn,12/31/2024,6/13/2025,,,6/16/2025,PV,12/31/2024,12/31/2024,,Y,PD,ME,Y,,,,,,
1482,CMP Spring St 115 kV SS - Greater Portland Area DG Study,,Cumberland,ME,CMP Spring St 115 kV Substation,CMP,SUN,4.98,4.98,4.98,12/29/2023,Withdrawn,12/31/2024,6/13/2025,,,6/16/2025,PV,12/31/2024,12/31/2024,,Y,PD,ME,Y,,,,,,
1481,CMP Vallee Lane 115 kV SS - Louden-Biddeford Area DG Study,,Cumberland,ME,CMP Vallee Lane 115 kV Substation,CMP,SUN,1.99,1.99,1.99,12/29/2023,Withdrawn,12/31/2024,6/13/2025,,,6/16/2025,PV,12/31/2024,12/31/2024,,Y,PD,ME,Y,,,,,,
1480,CMP Biddeford IP 115 kV SS - Louden-Biddeford Area DG Study,,York,ME,CMP Biddeford IP 115 kV Substation,CMP,SUN,4.95,4.95,4.95,12/29/2023,Withdrawn,12/31/2024,6/13/2025,,,6/16/2025,PV,12/31/2024,12/31/2024,,Y,,ME,Y,,,,,,
1479,CMP West Buxton 115 kV SS - Louden-Biddeford Area DG Study,,York,ME,CMP West Buxton 115 kV Substation,CMP,SUN,4.5,4.5,4.5,12/29/2023,Withdrawn,12/31/2024,1/7/2025,,,1/8/2025,PV,12/31/2024,12/31/2024,,Y,,ME,Y,,,,,,
1478,Battery Storage,,Hampden,MA,A new 115kV POI Station tie-in to the Pleasant-Blandford Line adjacent to the existing Eversource Blanford Substation,,BAT,50.0,50.0,50.0,12/28/2023,Withdrawn,2/24/2028,10/10/2025,,,10/10/2025,OT,5/25/2028,2/24/2028,CNR,N,PD,WMA,N,,,,,,
1477,NG DG @ Sykes Road,,Bristol,MA,NG Sykes Rd 282TR (M13N),,BAT,9.998,9.998,9.998,12/19/2023,Withdrawn,12/31/2025,6/13/2025,,,6/16/2025,OT,12/31/2025,12/31/2025,,N,PD,SEMA,N,,,,,,
1476,NG NEMA Group DER Study,,Middlesex,MA,NG East Tewksbury T1,,BAT,5.0,5.0,5.0,12/18/2023,Withdrawn,12/31/2025,6/13/2025,,,6/16/2025,OT,12/31/2025,12/31/2025,,N,PD,BOST,N,,,,,,
1475,NG NEMA Group DER Study,,Essex,MA,NG Newbury 60-4T,,SUN BAT,4.998,4.998,4.998,12/18/2023,Withdrawn,12/31/2025,6/13/2025,,,6/16/2025,OT,12/31/2025,12/31/2025,,N,PD,BOST,N,,,,,,
1474,NG NEMA Group DER Study,,Essex,MA,NG King St T3,,BAT,9.982,9.982,9.982,12/18/2023,Withdrawn,12/31/2025,6/13/2025,,,6/16/2025,OT,12/31/2025,12/31/2025,,N,PD,BOST,N,,,,,,
1473,Battery Storage,,Hampden,MA,MA_WMECO Blandford 115kV substation,,BAT,202.07,202.07,202.07,12/14/2023,Withdrawn,2/23/2028,1/22/2024,,,1/26/2024,OT,4/4/2028,2/23/2028,CNR,N,PD,WMA,N,,,,,,
1472,Battery Storage,,Providence,RI,"The Primary Point of Interconnection will be a direct interconnection to the 115-kV bus at Highland Park Substation owned by RI_NGRID. The Alternative Point of Interconnection will be located on the IC’s property (Lat, long: 41°59'46.60""N, 71°28'16.01""W) by tapping the 115-kV Line J16 (Riverside-Highland Park) at approx. 0.27 km from Highland Park Substation.",,BAT,108.0,108.0,108.0,12/12/2023,Withdrawn,11/30/2026,1/9/2024,,,1/26/2024,OT,1/31/2027,11/30/2026,CNR,N,PD,RI,N,,,,,,
1471,Battery Storage,,New Haven,CT,"The Primary Point of Interconnection will be located on the IC’s property (Lat, long: 41°28'9.40""N, 73° 7'52.44""W) by tapping the 115-kV Line 1619 (Towantic-Stevenson) at approx. 1.8 Km from Towantic Substation. The Alternative Point of Interconnection will be a direct interconnection to the 115-kV bus at Oxford Substation owned by CT_CL&P.",,BAT,134.7,134.7,134.7,12/12/2023,Withdrawn,11/30/2026,2/1/2024,,,2/1/2024,OT,1/31/2027,11/30/2026,CNR,N,PD,CT,N,,,,,,
1470,Battery Storage,,Hartford,CT,"The Primary Point of Interconnection will be located on the IC’s property (Lat, long: 41°49'19.50""N, 72°43'23.49""W) by tapping the 115-kV Line 1751 (Bloomfield_J-NW.Hartford) at approx. 0.98 km from Bloomfield Substation owned by CT_CL&P. The Alternative Point of Interconnection will be a direct interconnection to the 115-kV bus at Bloomfield Substation owned by CT_CL&P.",,BAT,237.6,237.6,237.6,12/12/2023,Withdrawn,11/30/2026,2/1/2024,,,2/1/2024,OT,1/31/2027,11/30/2026,CNR,N,PD,CT,N,,,,,,
1469,Battery Storage,,Worcester,MA,"The Primary Point of Interconnection will be located on the IC’s property (Lat, long: 42°21'44.53""N, 72° 2'22.57""W) by tapping the 115-kV Line A127-4 (Barre-Paxton) at approx. 6km from Barre Substation owned by MA_NGRID.",,BAT,190.0,190.0,190.0,12/12/2023,Withdrawn,11/30/2026,2/15/2024,,,2/15/2024,OT,1/31/2027,11/30/2026,CNR,N,PD,CMA,N,,,,,,
1468,Battery Storage,,Plymouth,MA,"The Primary Point of Interconnection will be located on the IC’s property (Lat, long: 41°58'7.22""N, 71° 1'18.59""W) by tapping the 115-kV Line U6-4 (Bridgewater-Raynham) at approx. 7,87 Km from Bridgewater Substation. The Alternative Point of Interconnection will be a direct interconnection to the 115-kV bus at Bridgewater Substation owned by MA_NGRID.",,BAT,76.0,76.0,76.0,12/12/2023,Withdrawn,11/30/2026,1/26/2024,,,1/26/2024,OT,1/31/2027,11/30/2026,CNR,N,PD,SEMA,N,,,,,,
1467,Battery Storage,,Worcester,MA,National Grid 69KV Meadow Street 552 Substation,,BAT,69.4,69.4,69.4,12/12/2023,Withdrawn,9/30/2026,10/6/2025,,,10/6/2025,OT,10/31/2026,9/30/2026,CNR,N,PD,CMA,N,Document Posted,,,,,
1466,Winslow-County Rd Lakewood 115 kV SS - Winslow-County Rd-Lakewood 2 DG Study,,Kennebec/Somerset,ME,CMP Winslow-County Rd Lakewood 115 kV substation,CMP,SUN,20.97,20.97,20.97,12/5/2023,Withdrawn,12/31/2024,6/13/2025,,,6/16/2025,PV,12/31/2024,12/31/2024,,Y,PD,ME,Y,,,,,,
1465,Augusta E/Puddledock/Bowman St 115 kV SS - Midcoast Area DG Study,,Kennebec,ME,CMP Augusta E/Puddledock/Bowman St 115 kV substation,CMP,SUN BAT,18.61,18.61,18.61,12/5/2023,Withdrawn,12/31/2024,6/13/2025,,,6/16/2025,OT,12/31/2024,12/31/2024,,Y,PD,ME,Y,,,,,,
1464,Wind Repower,,Caledonia,VT,"VELCO, 115kV, Sheffield Substation 44.663509, -72.123160",,WND,0.0,35.2,35.2,12/5/2023,Withdrawn,11/16/2026,10/11/2025,,,10/17/2025,WT,12/31/2026,11/16/2026,CNR,N,PD,VT,N,,,,,,
1463,EE Valley DG Group Study,,Plymouth,MA,EE Valley 715 substation,,SUN,8.0,8.0,8.0,11/22/2023,Withdrawn,12/31/2026,6/13/2025,,,6/16/2025,PV,12/31/2026,12/31/2026,,N,PD,SEMA,N,,,,,,
1462,Battery Storage,,Norfolk,MA,"Tap on Belmont 115 kV - Stoughton Tap 115 kV Line with three breaker ring bus scheme. POI is located at the 1.75 miles from Stoughton 115kV substation and the 2.8 miles from Belmont Substation. Latitude: 42.09564, Longitude: -71.08200",,BAT,115.0,115.0,115.0,11/27/2023,Withdrawn,11/25/2029,2/20/2024,,,2/20/2024,OT,12/20/2029,11/25/2029,CNR,N,PD,SEMA,N,,,,,,
1461,Battery Addition,,Rockingham,NH,"400 Gosling Road, Portsmouth, New Hampshire. The project will interconnect to the 115kV Bus 1 & 2 at Schiller Substation, directly adjacent to the project’s proposed location on the former coal storage space directly to the southeast of Schiller Substation.",,KER BAT,1.498,165.38,169.25,10/18/2023,Withdrawn,8/1/2028,10/11/2025,,,10/17/2025,OT,9/1/2028,8/1/2028,CNR,N,PD,NH,N,,,,,,
1460,Battery Storage,,Bristol,MA,Customer built substation with a tap into the west-most 345kV line exiting the NG 345kV Brayton Point substation,,BAT,350.0,353.535,353.535,10/12/2023,Withdrawn,9/15/2027,2/27/2026,,,2/27/2026,OT,9/30/2027,9/15/2027,CNR,N,PD,RI,N,,,,,,Under Study
1459,Bath 115 kV SS - Midcoast Area DG Study,,Lincoln,ME,CMP Bath 115 kV Substation,CMP,SUN,3.43,3.43,3.43,10/2/2023,Withdrawn,12/31/2024,1/7/2025,,,1/8/2025,PV,12/31/2024,12/31/2024,,Y,PD,ME,Y,,,,,,
1458,Lincolnville 115 kV SS - Midcoast Area DG Study,,Lincoln,ME,CMP - Lincolnville 115 kV Substation,CMP,SUN,4.95,4.95,4.95,10/2/2023,Withdrawn,12/31/2024,1/7/2025,,,1/8/2025,PV,12/31/2024,12/31/2024,,Y,PD,ME,Y,,,,,,
1457,Mason 115 kV SS - Midcoast Area DG Study,,Lincoln,ME,CMP Mason 115 kV Substation,CMP,SUN,3.94,3.94,3.94,10/2/2023,Withdrawn,12/31/2024,6/13/2025,,,6/16/2025,PV,12/31/2024,12/31/2024,,Y,PD,ME,Y,,,,,,
1456,Topsham 115 kV SS - Midcoast Area DG Study,,Waldo/Sagadahoc,ME,CMP Topsham 115 kV Substation,CMP,SUN,1.98,1.98,1.98,10/2/2023,Withdrawn,12/31/2024,6/13/2025,,,6/16/2025,PV,12/31/2024,12/31/2024,,Y,PD,ME,Y,,,,,,
1455,Highland/Park St 115 kV SS - Midcoast Area DG Study,,Knox,ME,CMP Highland/Park St 115 kV Substation,CMP,SUN,2.0,2.0,2.0,10/2/2023,Withdrawn,12/31/2024,1/7/2025,,,1/8/2025,PV,12/31/2024,12/31/2024,,Y,PD,ME,Y,,,,,,
1454,Newcastle 115 kV SS - Midcoast Area DG Study,,Cumberland/Kennedbec/Sagadahoc/Lincoln,ME,CMP Newcastle 115 kV Substation,CMP,SUN,11.65,11.65,11.65,10/2/2023,Withdrawn,12/31/2024,6/13/2025,,,6/16/2025,PV,12/31/2024,12/31/2024,,Y,PD,ME,Y,,,,,,
1453,Coopers Mills 115 kV SS - Midcoast Area DG Study,,Lincoln,ME,CMP Coopers Mills 115 kV Substation,CMP,SUN,2.88,2.88,2.88,10/2/2023,Withdrawn,12/31/2024,1/7/2025,,,1/8/2025,PV,12/31/2024,12/31/2024,,Y,PD,ME,N,,,,,,
1452,Battery Storage,,Worcester,MA,"The Primary Point of Interconnection will be a new 3-breaker-ring bus located on the IC’s property (Lat, long: 42.322909, -71.984654) which connects to T line A127-4 at 115 KV (Barre Substation to Paxton Substation). The POI distance following the T Line is approximately 7.66 miles from the Barre Substation and approximately 3.04 miles from the Paxton Substation. The Alternative Point of Interconnection will be a new 3-breaker ring bus located on the IC’s property (Lat, long: 42.322909, -71.984654) which connects to T line B128-5 at 115 KV (Treasure Valley Substation to Barre Substation). The POI distance following the T Line is approximately 0.2 miles from the Treasure Valley Substation and 7.66 miles from the Barre Substation.",,BAT,151.286,151.286,151.286,10/5/2023,Withdrawn,3/26/2027,8/8/2024,,,8/12/2024,OT,5/28/2027,3/26/2027,CNR,N,PD,CMA,N,In Progress,,,,,Under Study
1451,Offshore wind,,,MA,"Primary: Pottersville 115kV Substation, Secondary: Bridgewater 345kV Substation",,WND,1309.0,1309.0,1309.0,10/5/2023,Withdrawn,12/27/2029,7/30/2024,,,7/30/2024,WT,9/27/2030,12/27/2029,CNR,N,PD,SEMA,N,Not Started,,,,,Under Study
1450,Woodstock 115 kV SS - Roxbury-Rumford-Woodstock Area DG Study,,Oxford,ME,CMP Woodstock 115 kV Substation,CMP,SUN,1.623,1.623,1.623,9/29/2023,Withdrawn,12/15/2024,1/7/2025,,,1/8/2025,PV,12/15/2024,12/15/2024,,Y,PD,ME,N,,,,,,
1449,Sturtevant 115 kV SS - Sturtevant-Leeds-Livermore-Ludden-Riley Area Study,,Franklin,ME,CMP Sturtevant 115 kV Substation,CMP,SUN,4.99,4.99,4.99,9/29/2023,Withdrawn,6/1/2024,6/13/2025,,,6/16/2025,PV,12/30/2024,6/1/2024,,Y,PD,ME,N,,,,,,
1448,Ludden Lane 115 kV SS - Sturtevant-Leeds-Livermore-Ludden-Riley Area DG Study,,Oxford,ME,CMP Ludden Lane 115 kV Substation,CMP,SUN,1.999,1.999,1.999,9/29/2023,Withdrawn,6/1/2024,6/13/2025,,,6/16/2025,PV,6/1/2024,6/1/2024,,Y,PD,ME,N,,,,,,
1447,Leeds 115 kV SS - Sturtevant-Leeds-Livermore-Ludden-Riley Area DG Study,,Androscoggin,ME,CMP Leeds 115 kV Substation,CMP,SUN,4.999,4.999,4.999,9/29/2023,Withdrawn,9/1/2024,6/13/2025,,,6/16/2025,PV,9/1/2024,9/1/2024,,Y,PD,ME,N,,,,,,
1446,Raymond 115 kV SS - Raymond Area DG Study,,Cumberland,ME,CMP Raymond 115 kV Substation,CMP,SUN,9.949,9.949,9.949,9/29/2023,Withdrawn,9/1/2024,6/13/2025,,,6/16/2025,PV,6/20/2025,9/1/2024,,Y,PD,ME,Y,,,,,,
1445,Solar,,Somerset,ME,The CMP 115 kV Chase Pond substation being built on Section 222.,,SUN,51.5,51.5,51.5,9/21/2023,Withdrawn,10/15/2027,12/15/2023,,,12/15/2023,PV,12/15/2027,10/15/2027,CNR,N,,ME,N,,,,,,
1444,Battery Storage,,Norfolk,MA,National Grid’s 115kV South Wrentham substation,,BAT,250.0,250.0,250.0,9/21/2023,Withdrawn,7/15/2027,11/6/2023,,,11/6/2023,OT,9/15/2027,7/15/2027,NR,N,PD,SEMA,N,,,,,,
1443,Battery Storage,,Rockingham,NH,Project will interconnect will be a shared facility at QP-1428's POI - via tap at existing 115 kV line between Eversource 115kV Scobie Pond - Pulpit Rock Line A184 115kV.,,BAT,200.0,202.6914,202.6914,9/20/2023,Withdrawn,12/1/2026,11/20/2023,,,11/20/2023,OT,12/30/2026,12/1/2026,CNR,N,PD,NH,N,,,,,,
1442,Battery Storage,,Bristol,MA,"Primary: Eversource 115 kV Cross Road Line 111, alternate: line 109",,BAT,151.576,151.576,151.576,9/18/2023,Withdrawn,3/31/2027,9/4/2024,,,9/4/2024,OT,5/31/2027,3/31/2027,CNR,N,PD,SEMA,N,Not Started,,,,,Under Study
1441,Battery Storage,,Hampden,MA,Eversource Southwick Substation (115 KV),,BAT,103.0,103.0,103.0,9/18/2023,Withdrawn,3/26/2027,11/2/2023,,,11/2/2023,OT,5/31/2027,3/26/2027,CNR,N,PD,WMA,N,,,,,,
1440,Battery Storage,,Hampden,MA,The Primary Point of Interconnection will be a new 3-breaker ring bus located on the IC’s property connecting to Eversource T line 1314 (Agawam to Chicopee) at 115 KV. The POI substation would be 3.39 miles from the Chicopee Substation and 3.66 miles from the Agawam substation. The electric line placement percentage from the Chicopee substation is 48%. Alternative POI: The Alternative Point of Interconnection will be a new 3-breaker ring bus located on the IC’s property connecting to T line 1904 (Piper to Memorial Drive) at 115 KV,,BAT,151.556,151.556,151.556,9/18/2023,Withdrawn,3/26/2027,4/9/2025,,,4/10/2025,OT,5/31/2027,3/26/2027,CNR,N,PD,WMA,N,Document Posted,Not Started,,,,
1439,Battery Storage,,Hampshire,MA,"The Primary Point of Interconnection will be a new 3-breaker ring bus located on the IC’s property which connects to Eversource T line 1113 (Fairmont to Tillson) at 115 KV. The break in the line will take place 4.52 miles from the Fairmont Substation and 10.55 miles from the Tillson substation. The distance from the line break to the 3-breaker ring bus located on the IC’s property will be approximately 0.22 miles. The approximate latitude/longitude coordinates of the 3-breaker ring bus is 42.249111, -72.533752. The Alternative Point of Interconnection will be a new 3-breaker ring bus located on the IC’s property which connects to Eversource T line 1134 (Fairmont to Five Corners) at 115 KV. The break in the line will take place 4.52 miles from the Fairmont Substation and 0.11 miles from the Five Corners Substation. The distance from the line break to the 3-breaker ring bus located on the IC’s property will be approximately 0.22 miles. The approximate latitude/longitude coordinates of the 3-breaker ring bus is 42.249111, -72.533752.",,BAT,151.306,151.306,151.306,9/18/2023,Withdrawn,3/26/2027,10/29/2024,,,10/29/2024,OT,5/31/2027,3/26/2027,CNR,N,BL,WMA,N,Document Posted,,,,,Under Study
1438,Solar,,York,ME,"CMP 34.5 kV, Section 182",,SUN,15.58,15.58,15.58,10/10/2023,Withdrawn,12/15/2024,12/11/2023,,,12/12/2023,PV,12/31/2024,12/15/2024,CNR,N,PD,ME,N,,,,,,
1437,Battery Storage,,New London,CT,"Montville to Gales Ferry 115kV line 1787, approximately 0.5mi north of Montville Substation",,BAT,103.32,103.32,103.5,8/31/2023,Withdrawn,1/15/2029,9/30/2025,,,9/30/2025,OT,2/1/2029,1/15/2029,CNR,N,PD,CT,N,,,,,,
1436,Battery Storage,,New London,CT,Line tap of the Eversource 1235 115 kV Line approximately 1200’ from Uncasville 115kV SS,,BAT,300.0,300.0,300.0,8/29/2023,Withdrawn,4/1/2028,10/11/2025,,,10/17/2025,OT,6/1/2028,4/1/2028,CNR,N,PD,CT,N,,,,,,
1435,Non-controllable objective ETU to enable additional 1200 MW (to QP1309) injection near Millstone sub,,New London,CT,,,,1200.0,,,8/21/2023,Withdrawn,5/1/2030,11/12/2024,,,11/13/2024,,12/30/2030,5/1/2030,,N,PD,CT,N,,Not Started,,,,Under Study
1434,Battery Storage,,Franklin,MA,"Lat Long is 42.6254349775399, -72.56881378900127 The NG Harriman - Montague 115 kV line (Y-177) Distances: 3.35 miles to Montague and 20.67 miles to Harriman",,BAT,160.0,160.0,160.0,8/15/2023,Withdrawn,10/31/2027,6/19/2024,,,6/20/2024,OT,12/31/2027,10/31/2027,CNR,N,PD,WMA,N,Not Started,,,,,
1433,Battery Storage,,Hampden,MA,"Lat Long is 42.13610456666797, -72.27784889556564 This is the National Grid's Little Red Road - Palmer 115 kV line (W-175). The POI is approximately 1.56 miles (23.9%) from the Palmer substation and 4.97 miles (76.1%) to the Little Rest Road substation",,BAT,100.0,100.0,100.0,8/15/2023,Withdrawn,10/31/2027,6/19/2024,,,6/20/2024,OT,12/31/2027,10/31/2027,CNR,N,PD,WMA,N,Not Started,,,,,
1432,Battery Storage,,New London,CT,Direct tap into the 115kV Uncasville Substation,,BAT,256.53,256.53,256.98,8/11/2023,Withdrawn,9/15/2028,8/15/2024,,,8/15/2024,OT,9/30/2028,9/15/2028,CNR,N,PD,CT,N,,In Progress,,,,
1431,Battery Storage,,Hartford,CT,Eversource Northwest Hartford 2N,,BAT,7.0,7.0,7.0,8/9/2023,Withdrawn,12/1/2024,6/13/2025,,,6/16/2025,OT,12/29/2024,12/1/2024,,N,PD,CT,N,,,,,,
1430,Battery Storage,,Bristol,MA,115 kV line C181N - Circuit 1. Alternate POI : 345 kV line 327 - Circuit 1,,BAT,237.545,237.545,237.545,8/9/2023,Withdrawn,9/16/2027,10/11/2025,,,10/17/2025,OT,10/17/2027,9/16/2027,CNR,N,PD,RI,N,,,,,,
1429,Wind,,Aroostook,ME,CMP Orrington - Albion Road 345kV line,,WND,197.4,197.4,197.4,8/8/2023,Withdrawn,5/1/2028,10/11/2025,,,10/17/2025,WT,10/1/2028,5/1/2028,CNR,N,PD,BHE,N,,,,,,
1428,Solar,,Rockingham,NH,"A tap at existing 115 kV line between Eversource 115kV Scobie Pond - Pulpit Rock Line A184 115kV. * The new tap will be located at approx. 42.9292184N, -71.2567898W and along a ~6 mile segment of Line A184 (approx. 4.9 miles northeast of Scobie Pond and approx. 1.1 miles southwest of Pulpit Rock).",,SUN,100.0,101.549,101.549,7/25/2023,Active,12/1/2028,,,,8/21/2026,PV,12/30/2028,12/1/2028,CNR,N,PD,NH,N,,,,,In Progress,
1427,Solar,,York,ME,"Lebanon, Maine Line 391 Buxton Sub (CMP) to Scobie Pond (Eversource). GPS coordinates of the POI: 43°22'51.59""N, 70°55'57.74""W. ** This new tap is located approximately 27.8 miles southwest of Buxton substation and approx. 39.9 miles northeast of the Scobie Pond substation.",,SUN,180.0,183.3176,183.3176,7/21/2023,Active,12/1/2029,,,,8/21/2026,PV,12/30/2029,12/1/2029,CNR,N,PD,ME,N,Document Posted,,,,In Progress,
1426,Battery Storage,,Bristol,MA,"Primary POI is a direct tap into the Pottersville substation in Somerset, MA utilizing shared interconnection facilities with QP1412. Secondary POI is a direct tap into the Pottersville substation. Tertiary POI is a customer substation with a tap into the ""Bell Rock Road 118 to Pottersville Station 115 kV"" line, 1/2 mile east of the Pottersville substation.",,BAT,528.75,528.75,529.61,7/14/2023,Withdrawn,3/15/2028,12/10/2024,,,12/10/2024,OT,3/31/2028,3/15/2028,CNR,N,PD,SEMA,N,Not Started,,,,,Under Study
1425,Battery Storage,,Hampden,MA,Western Massachusetts Electric Co South Agawam Switching Station (115 kv) via a new breaker bay,,BAT,151.596,151.596,151.596,7/10/2023,Withdrawn,7/1/2026,9/4/2024,,,9/4/2024,OT,10/1/2026,7/1/2026,CNR,N,PD,WMA,N,Not Started,,,,,Under Study
1424,Battery Storage,,Worcester,MA,New England Power Company Westminster Switching Station (69KV Line),,BAT,41.2,41.2,41.2,7/10/2023,Withdrawn,6/1/2026,8/15/2023,,,8/15/2023,OT,9/1/2026,6/1/2026,CNR,N,PD,CMA,N,,,,,,
1423,Battery Storage,,Worcester,MA,The Primary Point of Interconnection will be a new 3-breaker ring bus located on the IC’s property which will connect to National Grid T-Line H160 (Northboro Rd to Hudson) at 115 KV. The approximate line-break location will be 0.26 miles from Northboro Rd substation and 7.92 miles from Hudson Substation. The Alternative POI will be a new 3-breaker ring bus located on the IC’s property which connects to T-Line N166 (Northboro Rd to N.Marloboro) at 115 KV.,,BAT,121.6,121.6,121.6,7/10/2023,Withdrawn,6/1/2026,9/4/2024,,,9/25/2024,OT,9/1/2026,6/1/2026,CNR,N,PD,CMA,N,In Progress,,,,,Under Study
1422,Battery Storage,,Hartford,CT,"Barbour Hill Substation 115kV direct connection ( 41.854810, -72.528106)",,BAT,326.0,326.0,326.0,7/7/2023,Withdrawn,12/1/2028,4/25/2025,,,4/25/2025,OT,2/2/2029,12/1/2028,CNR,N,PD,CT,N,Not Started,,,,,Under Study
1421,Battery Storage,,Bristol,MA,"41.987864, -71.265095 Tapping to National Grid 115kV line C181",,BAT,175.67,175.67,175.67,7/6/2023,Withdrawn,8/8/2024,1/26/2024,,,1/26/2024,OT,9/8/2024,8/8/2024,CNR,N,PD,SEMA,N,In Progress,,,,,Under Study
1420,Battery Storage,,New London,CT,"Existing Eversource 115kV structure on Line 1410, West of 39 Dock Road (41.430126, -72.103424).",,BAT,175.097,175.097,175.097,6/29/2023,Withdrawn,9/30/2027,10/11/2025,,,10/17/2025,OT,12/31/2027,9/30/2027,CNR,N,PD,CT,N,,,,,,
1419,Battery Storage,,Bristol,MA,National Grid 115KV Bates Street Substation,,BAT,108.7,108.7,108.7,6/28/2023,Withdrawn,3/1/2027,3/6/2024,,,3/6/2024,OT,4/1/2027,3/1/2027,CNR,N,PD,SEMA,N,Not Started,,,,,Under Study
1418,Battery Storage,,Providence,RI,"115KV Line Q143S-2 between Woonsocket and Franklin Square substations, approximately 10 miles from Woonsocket substation.",,BAT,108.7,108.7,108.7,6/27/2023,Withdrawn,3/1/2027,11/30/2023,,,12/5/2023,OT,4/1/2027,3/1/2027,CNR,N,PD,RI,N,In Progress,,,,,Under Study
1417,Battery Storage,,Windham,CT,Eversource 115kV Killingly Substation,,BAT,300.0,300.0,300.0,6/26/2023,Withdrawn,4/1/2028,12/11/2024,,,12/11/2024,OT,6/1/2028,4/1/2028,CNR,N,PD,CT,N,In Progress,,,,,Under Study
1416,Battery Storage,,Hampshire,MA,Eversource 115 KV Line Number 1447,,BAT,196.0,196.0,196.0,6/26/2023,Withdrawn,5/12/2027,8/8/2023,,,8/9/2023,OT,5/19/2027,5/12/2027,CNR,N,PD,WMA,N,,,,,,
1415,Battery Storage,,Worcester,MA,"POI interconnection coordinates: 42.471953, -71.734165 Interconnecting to National Grid 345kV line (line ID: 343) via line tap (approx. 8.5 mi from Wachusett Substation and 14.9 mi from Sandy Pond Substation).",,BAT,261.9,261.9,261.9,6/20/2023,Withdrawn,7/12/2024,9/26/2024,,,9/26/2024,OT,8/12/2024,7/12/2024,CNR,N,PD,CMA,N,Not Started,,,,,Under Study
1414,Individual @ Piper,,Hampden,MA,EE Piper 21N,,FC,4.1,4.1,4.1,6/19/2023,Withdrawn,12/31/2026,6/13/2025,,,6/16/2025,FC,12/31/2026,12/31/2026,,N,PD,WMA,N,,,,,,
1413,Group @ Orchard,,Hampden,MA,EE Orchard 27A,,SUN BAT,4.04,4.04,4.04,6/19/2023,Withdrawn,12/31/2026,6/13/2025,,,6/16/2025,OT,12/31/2026,12/31/2026,,N,PD,WMA,N,,,,,,
1412,Battery Storage,,Bristol,MA,"Direct tap into the Pottersville Substation in Somerset, MA",,BAT,168.0,169.843,169.843,6/20/2023,Active,9/15/2027,,,,8/21/2026,OT,9/30/2027,9/15/2027,CNR,N,PD,SEMA,N,,,,,In Progress,
1411,1200 MW controllable ETU - unidirectional,,Middlesex,MA,Eversource Mystic 345 kV Substation,,,1200.0,,,6/20/2023,Withdrawn,12/31/2031,8/17/2023,,,8/17/2023,,5/31/2032,12/31/2031,,N,PD,BOST,N,,,,,,
1410,Individual @ Amherst,,Hampshire,MA,EE Amherst 17K,,BAT,2.0,2.0,2.0,6/13/2023,Withdrawn,12/1/2024,6/13/2025,,,6/16/2025,OT,12/31/2024,12/1/2024,,N,PD,WMA,N,,,,,,
1409,Individual @ Montague,,Franklin,MA,EE MONTAGUE 21C,,BAT,4.99,4.99,4.99,6/13/2023,Withdrawn,12/1/2024,6/13/2025,,,6/16/2025,OT,12/31/2024,12/1/2024,,N,PD,WMA,N,,,,,,
1408,Individual @ Partridge,,Berkshire,MA,EE Partridge 15E1,,SUN BAT,4.0,4.0,4.0,6/13/2023,Withdrawn,12/1/2024,6/13/2025,,,6/16/2025,OT,12/31/2024,12/1/2024,,N,PD,WMA,N,,,,,,
1407,EE Group @ Blandford,,Hampshire,MA,EE BLANDFORD 19J,,SUN BAT,28.936,28.926,28.936,6/13/2023,Withdrawn,12/1/2024,6/13/2025,,,6/16/2025,OT,12/31/2024,12/1/2024,,N,PD,WMA,N,,,,,,
1406,EE Group @ Doreen,,Berkshire,MA,EE Doreen 19A,,SUN BAT,9.15,9.15,9.15,6/13/2023,Withdrawn,12/1/2024,6/13/2025,,,6/16/2025,OT,12/31/2024,12/1/2024,,N,PD,WMA,N,,,,,,
1405,EE Group @ Southwick,,Hampden,MA,EE SOUTHWICK 29A,,SUN BAT,7.0,7.0,7.0,6/13/2023,Withdrawn,12/1/2024,6/13/2025,,,6/16/2025,OT,12/31/2024,12/1/2024,,N,PD,WMA,N,,,,,,
1404,Individual @ French King,,Franklin,MA,EE French King 21B,,SUN BAT,2.2,2.2,2.2,6/13/2023,Withdrawn,12/1/2024,6/13/2025,,,6/16/2025,OT,,12/1/2024,,N,PD,WMA,N,,,,,,
1403,Battery Storage,,Middlesex,CT,Scoville 345kV substation,,BAT,304.72,304.72,304.72,6/9/2023,Withdrawn,6/12/2026,1/13/2025,,,1/13/2025,OT,11/20/2026,6/12/2026,CNR,N,PD,CT,N,Not Started,,,,,Under Study
1402,Battery Storage,,Hampden,MA,"POI interconnection coordinates: 42.068458, -72.462254 Interconnecting to the 115kV open bay at the NGRID West Hampden substation (connecting to T3's current position).",,BAT,171.6,171.6,171.6,6/7/2023,Withdrawn,5/1/2027,10/11/2025,,,10/17/2025,OT,6/1/2027,5/1/2027,CNR,N,PD,WMA,N,Document Posted,,,,,
1401,controllable 345 kV ETU - Brayton Point to Pottersville,,Bristol,MA,,,,,,,6/7/2023,Withdrawn,6/30/2029,2/5/2025,,,2/5/2025,,12/31/2029,6/30/2029,,N,PD,SEMA,N,In Progress,,,,,
1400,Battery Storage,,Hartford,CT,"41.6317, -72.7289, Berlin 115 kV Substation",,BAT,101.97,101.97,101.97,5/18/2023,Withdrawn,7/31/2026,10/8/2025,,,10/8/2025,OT,12/31/2026,7/31/2026,CNR,N,PD,CT,N,,,,,,
1399,Battery Storage,,Hampden,MA,"The proposed POI is Buck Pond 115 kV substation, share gen leadline with QP1117.",,BAT,92.438,92.438,92.438,5/18/2023,Withdrawn,3/31/2027,10/11/2025,,,10/17/2025,OT,5/31/2027,3/31/2027,CNR,N,PD,WMA,N,,,,,,
1398,Battery Storage,,Worcester,MA,A newly constructed three-breaker ring bus that will sectionalize National Grid’s Fitzwilliam to Flagg Pond 115 kV transmission line I-135 at about 7.48 miles from the East Winchendon Substation and 6.34 miles from the Flagg Pond Substation,,BAT,101.97,101.97,101.97,5/8/2023,Withdrawn,7/31/2026,12/3/2024,,,12/4/2024,OT,12/31/2026,7/31/2026,CNR,N,PD,CMA,N,Document Posted,Not Started,,,,Under Study
1397,Battery Storage,,Worcester,MA,"42.31815556, -71.98500556, Treasure Valley 115 kV Substation",,BAT,100.24,100.2358,100.2358,5/5/2023,Withdrawn,7/31/2026,10/8/2025,,,10/8/2025,OT,12/31/2026,7/31/2026,CNR,N,PD,CMA,N,Document Posted,,,,,
1396,Battery Storage,,Providence,RI,"41.82919444, -71.52111667, Hartford 115 kV Substation",,BAT,101.97,101.97,101.97,5/5/2023,Withdrawn,7/31/2026,10/8/2025,,,10/8/2025,OT,12/31/2026,7/31/2026,CNR,N,PD,RI,N,Document Posted,,,,,
1395,Battery Storage,,Hampshire,MA,National Grid 115 kV Line 1134,,BAT,20.0,20.0,20.0,5/5/2023,Withdrawn,6/30/2027,5/22/2023,,,10/13/2023,OT,6/30/2027,6/30/2027,CNR,N,PD,WMA,N,,,,,,
1394,Battery Storage Addition,,Middlesex,CT,POI between 10F-2T-2 and 10F-1T-1 breakers on the 345 kV bus; Northeast Utilities 11631 Substation - Middletown.,,BAT,0.0,284.05,284.05,5/4/2023,Withdrawn,5/1/2026,10/10/2025,,,10/10/2025,OT,7/1/2026,5/1/2026,CNR,N,PD,CT,N,,,,,,
1393,Gas Turbine,,Fairfield,CT,Eversource Middleriver substation 115kv,,NG,233.0,233.0,233.0,5/3/2023,Withdrawn,5/4/2026,9/13/2023,,,9/13/2023,GT,6/1/2026,5/4/2026,CNR,N,PD,SWCT,N,,,,,,
1392,Battery Storage,,New Haven,CT,"Latitude: 41.492036°, Longitude: -72.762080° -Owner: Connecticut Light and Power Company, Voltage 115 kV, Substation Name: North Wallingford 115 kV Station.",,BAT,53.74,53.74,53.74,5/3/2023,Withdrawn,8/15/2026,9/23/2025,,,9/23/2025,OT,9/15/2026,8/15/2026,CNR,N,PD,CT,N,,,,,,
1391,Wind CNR,,Washington,ME,Keene Rd Substation via through a 115kV Line 56 from Stetson Mountain115/34.5kV substation,,WND,0.0,26.01,26.01,4/28/2023,Completed,9/30/2009,,,,4/14/2026,WT,4/9/2026,9/30/2009,CNR,N,,BHE,N,,Not Required,,,Executed,
1390,Wind CNR,,Hancock,ME,Bull Hill 115 kV Switching Station,,WND,0.0,34.485,34.485,4/28/2023,Withdrawn,11/1/2023,10/11/2025,,,10/17/2025,WT,11/1/2023,11/1/2023,CNR,N,,BHE,N,,Not Required,,,,
1389,Wind CNR,,Washington,ME,Keene Rd Substation via through a 115kV Line 56 from Stetson Mountain115/34.5kV substation,,WND,0.0,58.14,58.14,4/28/2023,Completed,10/15/2008,,,,4/14/2026,WT,4/9/2026,10/15/2008,CNR,N,,BHE,N,,Not Required,,,Executed,
1388,Wind CNR,,Penobscot,ME,Keene Rd Substation via through a 115kV Line 55 & Line 56 from Rollins Mountain115/34.5kV,,WND,0.0,61.2,61.2,4/28/2023,Completed,7/15/2010,,,,4/14/2026,WT,4/9/2026,7/15/2010,CNR,N,,BHE,N,,Not Required,,,Executed,
1387,Non-controllable objective ETU to enable 1200 MW offshore wind/300 MW solar at Crystal Springs sub,,Plymouth,MA,,,,,,,4/27/2023,Withdrawn,12/31/2029,11/12/2024,,,11/13/2024,,12/30/2030,12/31/2029,,N,PD,SEMA,N,In Progress,,,,,Under Study
1386,Battery Storage,,Berkshire,MA,"National Grid Berkshire - Plainfield 115 kV line Lat/Long: 42.49627608454711, -73.01015449707741",,BAT,100.0,100.0,100.0,4/26/2023,Withdrawn,10/31/2026,10/4/2024,,,10/4/2024,OT,12/31/2026,10/31/2026,CNR,N,PD,WMA,N,In Progress,,,,,Under Study
1385,Battery Storage,,Worcester,MA,National Grid's: Bellows Fall (37.18 mi) - E. Winchendon Tap (2.07 mi) 115kV line (J136N),,BAT,200.0,233.0,233.0,4/26/2023,Withdrawn,9/1/2026,7/29/2024,,,10/23/2024,OT,12/31/2026,9/1/2026,NR,N,PD,CMA,N,In Progress,,,,,
1384,Battery Storage,,Worcester,MA,"National Grid's Pratts Junction - Sandy Pond L138W-2 line (115 kV). 2.92 miles from Pratts Junction and 11.95 miles from Sandy Pond (on 115 kV line). Coordinates: 42.493249051839484, -71.7028083287439",,BAT,300.0,300.0,300.0,4/26/2023,Withdrawn,9/1/2026,7/29/2024,,,10/23/2024,OT,12/31/2026,9/1/2026,CNR,N,PD,CMA,N,Document Posted,Not Started,,,,
1383,Solar and Battery,,Penoboscot,ME,"44°46'22.13""N, 68°29'5.84""W new switching station to tie into Versant 115 kV line in Clifton",ISO-NE,SUN BAT,139.0,139.0,139.0,4/13/2023,Withdrawn,9/1/2028,12/15/2023,,,12/15/2023,PV,12/31/2028,9/1/2028,CNR,N,,BHE,N,Document Posted,Not Started,,,,Under Study
1382,Vineyard Offshore Wind CNR,,,MA,Eversource (NSTAR) 115kV Barnstable Switch Station (958),ISO-NE,WND,0.0,843.2,843.2,4/11/2023,Completed,1/2/2024,,,,4/27/2026,WT,4/24/2026,1/2/2024,CNR,N,,SEMA,N,,,,,,
1381,1200 MW (+/- 400 kV) HVDC External ETU,,Grafton,NH,"In New Hampshire, the point of interconnection is near the old Monroe yard (AC capacitors and reactors and Phase II filters presently reside in this yard). The project will tie into the currently existing Comerford 230 kV substation. The northern section of the project will connect with the Hydro-Quebec system at the US-Canada border near Canaan, Vermont.",ISO-NE,,1200.0,,,4/11/2023,Withdrawn,1/1/2029,3/26/2025,,,3/27/2025,,7/1/2029,1/1/2029,NI,N,,NH,N,In Progress,,,,,Under Study
1380,Fuel Cell CNR,,Hartford,CT,The electrical connection where Eversource's 69 kV 680 line span from pole 2742 connects to the Farmington River Power Company's 680 line at pole 2743's insulator.,,FC,0.0,20.1,20.1,4/6/2023,Completed,5/28/2024,,,,1/14/2025,FC,12/12/2024,5/28/2024,CNR,N,,CT,N,,,,,Executed,In Service
1379,Solar,,Aroostook,ME,Pittsfield Station. Pittsfield 345 kV substation is located between the existing Orrington - Albion Road line (3023) near the town of Pittsfield.,,SUN,218.4,218.4,218.4,4/6/2023,Withdrawn,9/30/2028,10/11/2025,,,10/17/2025,PV,10/31/2028,9/30/2028,CNR,N,PD,BHE,N,,,,,,
1378,Battery Storage,,Windsor,VT,"Vermont Electric Power Company, Ascutney 115 kV.",,BAT,105.0,105.0,105.0,4/3/2023,Withdrawn,3/8/2027,12/12/2023,,,12/12/2023,OT,4/8/2027,3/8/2027,CNR,N,PD,VT,N,In Progress,,,,,Under Study
1377,Battery Storage,,Windsor,VT,"Vermont Electric Power Company, Coolidge 115 kV",,BAT,180.0,180.0,180.0,4/3/2023,Withdrawn,3/8/2027,12/12/2023,,,12/12/2023,OT,4/8/2027,3/8/2027,CNR,N,,VT,N,In Progress,,,,,Under Study
1376,Battery Storage,,New Haven,CT,"115KV Line #1640 between Devon 2 & Wallingford substations, approximately 2.15 circuit miles from Wallingford substation",,BAT,325.7,325.7,325.7,3/29/2023,Withdrawn,3/1/2027,10/8/2024,,,10/9/2024,OT,4/1/2027,3/1/2027,CNR,N,PD,CT,N,Document Posted,,,,,
1375,Wind,,Aroostook,ME,Pittsfield Station. Pittsfield 345 kV substation is located between the existing Orrington - Albion Road line (3023) near the town of Pittsfield.,,WND,217.0,217.0,217.0,3/29/2023,Withdrawn,10/8/2026,10/11/2025,,,10/17/2025,WT,12/9/2026,10/8/2026,CNR,N,PD,BHE,N,,,,,,
1374,Battery Storage,,Merrimack,NH,Eversource 115 kV Line C196.,,BAT,226.0,226.0,226.0,3/28/2023,Withdrawn,3/31/2027,10/11/2025,,,10/17/2025,OT,4/7/2027,3/31/2027,CNR,N,PD,NH,N,Document Posted,,,,,
1373,Battery Storage Increase (QP1362),,Norfolk,MA,Eversource's West Medway 345kV station,,BAT,140.48,743.0,743.0,3/15/2023,Withdrawn,6/25/2027,10/10/2025,,,10/10/2025,OT,11/12/2027,6/25/2027,CNR,N,PD,SEMA,N,,,,,,
1372,Non-controllable ETU - bi-directional,,Lincoln,ME,New 345 kV Transmission Line from Maine Yankee 345 Substation (existing) to Coopers Mills 345 Substation (existing),,,,,,3/15/2023,Withdrawn,6/1/2028,5/3/2023,,,5/3/2023,,6/1/2028,6/1/2028,,N,,ME,N,,,,,,
1371,Non-controllable ETU - N to S flow only,,Somerset /Lincoln,ME,New Pittsfield Substation lat/long 44.795/-69.386 Existing Coopers Mills 345 kV Station lat/long 44.2966/-69.556771,,,,,,3/15/2023,Withdrawn,6/1/2028,8/13/2025,,,8/13/2025,,6/1/2028,6/1/2028,,N,,ME,N,,,,,,
1370,1200 MW non-controllable ETU - N to S flow only,,Aroostook/Somerset,ME,Transmission line connects between the new Aroostook station and Pittsfield station. Pittsfield 345 kV substation is located between the existing Orrington - Albion Road line in Somerset county at Lat/Long 44.795/-69.386. The Aroostook station will be located in Aroostook county at Lat/Long 45.7634/-68.0278,,,1200.0,,,3/15/2023,Withdrawn,6/1/2028,8/13/2025,,,8/13/2025,,6/1/2028,6/1/2028,,N,,ME,N,,,,,,
1369,Athens 115 kV SS - CMP Wyman Area Study,,Somerset,ME,"CMP Athens substation, Circuit 827D2",CMP,SUN,1.992,1.992,1.992,3/8/2023,Withdrawn,,6/13/2025,,,6/16/2025,PV,12/31/2024,,,Y,PD,ME,Y,,,,,,
1368,Battery Storage,,Essex,MA,National Grid 115KV Line Q169 - Approximately 0.5 Miles from Lynn Substation,,BAT,240.8,240.8,240.8,3/9/2023,Withdrawn,3/1/2027,4/12/2023,,,4/12/2023,OT,4/1/2027,3/1/2027,CNR,N,PD,BOST,N,,,,,,
1367,Battery Storage,,Bristol,MA,National Grid 115KV Line U6 between Pottersville and Bridgewater substations - approximately 6.1 circuit miles from Bridgewater substation,,BAT,271.4,271.4,271.4,3/9/2023,Withdrawn,3/1/2027,11/30/2023,,,12/5/2023,OT,4/1/2027,3/1/2027,CNR,N,PD,SEMA,N,In Progress,,,,,Under Study
1366,Battery Storage,,Fairfield,CT,Peaceable 115 kV station,,BAT,200.84,200.84,200.84,3/9/2023,Withdrawn,6/12/2026,8/19/2024,,,8/19/2024,OT,11/20/2026,6/12/2026,CNR,N,PD,SWCT,N,Document Posted,,,,,
1365,Battery Storage,,Hampden,MA,Connect to South Agawam 115 kV switchyard,,BAT,250.0,254.2,254.2,3/9/2023,Active,1/29/2029,,,,8/21/2026,OT,6/30/2029,1/29/2029,CNR,N,PD,WMA,N,Document Posted,,,,In Progress,
1364,Battery Storage,,Rockingham,NH,Timber Swamp Rd 345 kV station,,BAT,401.68,401.68,401.68,3/1/2023,Withdrawn,6/12/2026,1/13/2025,,,1/13/2025,OT,11/20/2026,6/12/2026,CNR,N,PD,NH,N,Document Posted,Not Started,,,,Under Study
1363,Battery Storage,,Hampden,MA,Ludlow 345 kV station,,BAT,301.26,301.26,301.26,3/1/2023,Withdrawn,6/12/2026,10/10/2025,,,10/10/2025,OT,11/20/2026,6/12/2026,CNR,N,PD,WMA,N,Document Posted,,,,,
1362,Battery Storage Increase (QP1238),,Norfolk,MA,Eversource's West Medway 345kV station,,BAT,301.26,602.52,602.52,2/24/2023,Withdrawn,6/25/2027,10/10/2025,,,10/10/2025,OT,11/12/2027,6/25/2027,CNR,N,PD,SEMA,N,,,,,,
1361,Offshore Wind,,,MA,"RIE, Jepson 115 kV Substation",,WND,882.0,882.0,882.0,2/24/2023,Withdrawn,10/1/2029,9/8/2023,,,9/8/2023,WT,2/15/2030,10/1/2029,CNR,N,PD,SEMA,N,In Progress,,,,,
1360,Battery Storage,,Middlesex,CT,"CLP 11C Haddam, Circuit 11C13",,BAT,10.0,10.0,10.0,2/22/2023,Withdrawn,6/1/2024,6/13/2025,,,6/16/2025,OT,6/15/2024,6/1/2024,,N,PD,CT,N,,,,,,
1359,Fuel Cell,,Hartford,CT,"CLP Northwest Hartford 2N, Circuit 2N14",,FC,1.84,1.84,1.84,2/22/2023,Withdrawn,11/30/2024,6/13/2025,,,6/16/2025,FC,12/31/2024,11/30/2024,,N,,CT,N,,,,,,
1358,Battery Storage,,Hartford,CT,Tap on South Windsor to Manchester 115kV line.,,BAT,100.0,100.0,100.0,2/21/2023,Withdrawn,6/30/2026,10/11/2025,,,10/17/2025,OT,7/31/2026,6/30/2026,CNR,N,PD,CT,N,,,,,,
1357,Solar Increase,,Hartford,CT,"To interconnect at the POI of Gravel Pit Solar (QP 1030 + QP 1247), as an increase to QP 1030 and QP1247, the POI is the new Gravel Pit Solar substation at the new three-breaker ring bus on the 115 kV Connecticut Light & Power Company 1200 line between Barbour Hill and Windsor Locks.",,SUN,5.0,152.045,152.045,2/16/2023,Active,10/1/2027,,,,3/9/2026,PV,11/15/2027,10/1/2027,NR,Y,PD,CT,Y,,Document Posted,,,Executed,
1356,(Offshore wind Increase (Q700 +Q1154),,,MA,Eversource 345kV West Barnstable (921),,WND,38.8,895.0,895.0,2/9/2023,Withdrawn,3/14/2026,10/14/2024,,,10/15/2024,WT,10/30/2026,3/14/2026,CNR,N,PD,SEMA,N,,,,,,
1355,Battery Storage,,New Haven,CT,POI is the Devon 115 kV Bus 2 between 7R-19T2 and 7R-23T-2 breakers,,BAT,136.32,136.32,136.32,2/6/2023,Withdrawn,9/1/2027,10/10/2025,,,10/10/2025,OT,10/1/2027,9/1/2027,NR,N,PD,SWCT,N,,,,,,
1354,Battery Storage,,Middlesex,CT,POI between 5A-5T-2 and 5A-6T-2; Northeast Utilities 11631 Substation - Middletown,,BAT,289.29,289.29,289.29,2/6/2023,Withdrawn,9/1/2024,4/13/2023,,,4/13/2023,OT,10/1/2024,9/1/2024,CNR,N,PD,CT,N,,,,,,
1353,Battery Storage,,New London,CT,Montville 4J between 4J-11T-2 and 4J-12T-2. Interconnected with Montville Unit 6. New Montville Unit 6 Generator breaker will be installed for sync control.,,BAT,289.29,289.29,289.29,2/6/2023,Withdrawn,9/1/2027,10/10/2025,,,10/10/2025,OT,10/1/2027,9/1/2027,CNR,N,PD,CT,N,,,,,,
1352,Battery Storage,,New Haven,CT,POI: East Shore Substation 115 kV,,BAT,262.68,262.68,262.68,2/6/2023,Withdrawn,9/1/2027,10/10/2025,,,10/10/2025,OT,10/1/2027,9/1/2027,CNR,N,PD,CT,N,,,,,,
1351,Battery Storage,,Fairfield,CT,"Owner: UI, Substation: Singer 345 kV",,BAT,156.24,156.24,156.24,2/6/2023,Withdrawn,8/1/2027,10/10/2025,,,10/10/2025,OT,10/1/2027,8/1/2027,CNR,N,PD,SWCT,N,,,,,,
1350,1200 MW Controllable ETU,,,RI,"POI at Rhode Island Energy's Kent county Substations, See assocation reference drawings",,,1200.0,,,1/31/2023,Withdrawn,9/1/2029,8/24/2023,,,8/24/2023,,12/31/2029,9/1/2029,,N,PD,RI,N,,,,,,
1349,Scitico DG Cluster,,Hartford,CT,Eversource Scitico 27H/27H1,,SUN BAT,5.2,5.2,5.2,1/26/2023,Withdrawn,7/1/2023,6/13/2025,,,6/16/2025,OT,12/31/2023,7/1/2023,,N,PD,CT,N,,,,,,
1348,Battery Storage,,Middlesex,CT,Eversource Portland 21H,,BAT,5.057,5.057,5.057,1/26/2023,Withdrawn,6/25/2025,6/13/2025,,,6/16/2025,OT,7/27/2025,6/25/2025,,N,PD,CT,N,,,,,,
1347,Enfield DG Cluster,,Hartford,CT,Eversource Enfield 12C/Windsor Locks 14K,,SUN BAT,18.77,18.77,18.77,1/26/2023,Withdrawn,12/31/2023,6/13/2025,,,6/16/2025,OT,7/27/2025,12/31/2023,,N,PD,CT,N,,,,,,
1346,Battery Storage,,Hartford,CT,"Eversource, North Bloomfield Substation, 345kV BUS.",,BAT,196.468,196.468,196.468,1/12/2023,Withdrawn,9/8/2026,10/9/2024,,,10/9/2024,OT,9/15/2026,9/8/2026,CNR,N,PD,CT,N,In Progress,,,,,
1345,Battery Storage,,New London,CT,"Shunock 115kV Substation, Pendleton Hill Substation, North Stonington, CT 06359",,BAT,75.0,75.0,75.0,1/10/2023,Withdrawn,4/1/2028,10/11/2025,,,2/17/2026,OT,6/1/2028,4/1/2028,CNR,N,PD,CT,N,,,,,,
1344,Offshore Wind CNR only,,,MA,Eversource 345 kV West Barnstable Substation,,WND,0.0,827.0,827.0,12/28/2022,Withdrawn,8/15/2025,10/11/2025,,,10/17/2025,WT,10/15/2025,8/15/2025,CNR,N,,SEMA,N,,,,,,
1343,Offshore Wind,,,MA,National Grid 115 kV Pottersville,,WND,1200.0,1200.0,1200.0,12/19/2022,Withdrawn,7/15/2029,10/10/2025,,,10/10/2025,WT,12/15/2029,7/15/2029,CNR,N,,SEMA,N,Document Posted,,,,,
1342,Western Maine Wind CNR,,Somerset,ME,"CMP 115 kV Section 222 - coordinates 45° 9'30.90""N, 69°51'1.40""W",,WND,0.0,58.8,58.8,12/15/2022,Withdrawn,4/29/2025,10/11/2025,,,10/17/2025,WT,9/24/2025,4/29/2025,CNR,N,,ME,N,,,,,,
1341,Battery Storage,,Bristol,MA,"National Grid's Brayton Point 345kV Substation, Somerset MA.",,BAT,117.3,667.425,667.425,12/6/2022,Withdrawn,6/15/2027,1/30/2023,,,1/30/2023,OT,6/30/2027,6/15/2027,CNR,N,PD,SEMA,N,,,,,,
1340,Battery Storage,,Bristol,MA,"National Grid's Brayton Point 345kV Substation, Somerset MA.",,BAT,292.52,550.12,550.12,12/6/2022,Withdrawn,6/15/2027,1/30/2023,,,1/30/2023,OT,6/30/2027,6/15/2027,CNR,N,PD,SEMA,N,,,,,,
1339,Battery Storage,,Bristol,MA,"National Grid's Brayton Point 345kV Substation, Somerset MA.",,BAT,257.06,257.06,257.06,12/6/2022,Withdrawn,6/15/2027,1/30/2023,,,1/30/2023,OT,6/30/2027,6/15/2027,CNR,N,PD,SEMA,N,,,,,,
1338,Battery Storage,,Hampden,MA,"Agawam to Ludlow - 345kV line, 2.5 miles west of Ludlow substation",ISO-NE,BAT,275.06,275.06,275.06,12/6/2022,Withdrawn,6/15/2027,7/30/2024,,,7/30/2024,OT,6/30/2027,6/15/2027,CNR,N,PD,WMA,Y,,Document Posted,,,Not Started,
1337,Battery Storage,,Berkshire,MA,"7,500' to Adams - NG Q117 VEL - 65,000' Bennington 115 kV line (42.72482385, -73.09931100). (The project site is on the western side of the transmission line off a gravel bank road and on the opposite side of the small solar array)",,BAT,130.0,130.0,130.0,11/22/2022,Withdrawn,7/1/2026,11/17/2023,,,11/17/2023,OT,12/31/2026,7/1/2026,CNR,N,PD,WMA,N,Document Posted,Not Started,,,,Under Study
1336,Battery Storage,,Worcester,MA,Carpenter Hill - North Oxford - Millbury #2 115 kV (V-174) line (2.57 miles from the N. Oxford substation and 6.92 miles from the Millbury #2 substation).,,BAT,130.0,130.0,130.0,11/22/2022,Withdrawn,7/1/2026,1/5/2024,,,1/5/2024,OT,12/31/2026,7/1/2026,CNR,N,PD,CMA,N,Document Posted,Not Started,,,,Under Study
1335,Battery Storage,,Bristol,MA,"Non-PTF 115KV lines ET and W owned by TMLP between Cleary Flood Substation and Substation #16 (W Water St), approximately 1.26 miles from Cleary Flood. Project would interconnect half of the net MW capability to each line.",,BAT,205.8,205.8,205.8,11/10/2022,Withdrawn,3/1/2027,10/8/2024,,,10/9/2024,OT,4/1/2027,3/1/2027,CNR,N,PD,SEMA,N,Document Posted,Not Started,,,,
1334,Battery Storage,,New London,CT,"115 kV line 1070 between Ft Hill Farms and Stockhouse Substations, interconnected by a new three-breaker ring bus approximately 2.5 miles from Ft Hill Farms substation.",,BAT,93.2,93.2,93.2,11/10/2022,Withdrawn,4/1/2027,10/8/2024,,,10/9/2024,OT,5/1/2027,4/1/2027,CNR,N,PD,CT,N,,Not Started,,,,
1333,2400 controllable ETU - unidirectional,,,CT,1. Singer 345kV Substation existing available circuit breaker position and new circuit breaker position. 2. Offshore platform at the MA/RI BOEM Wind Energy Areas,,,1100.0,,,11/8/2022,Withdrawn,3/31/2028,1/30/2024,,,1/30/2024,,5/31/2028,3/31/2028,,N,,SWCT,N,Not Started,,,,,Under Study
1332,Enable 1200 MW injection at Mystic,,,MA,,,,1200.0,,,11/8/2022,Withdrawn,5/1/2029,11/22/2023,,,11/22/2023,,12/30/2029,5/1/2029,,N,PD,BOST,N,Document Posted,Not Started,,,,Under Study
1331,Battery Storage,,Hampden,MA,"Interconnecting to POI coordinates (42.148537, -72.300019) on 115 kV Transmission line X-176, approximately 0.3 miles north of Palmer #503 substation and 5.76 miles from Thorndike #523 substation.",,BAT,300.0,300.0,300.0,11/2/2022,Withdrawn,12/16/2025,12/19/2023,,,12/19/2023,OT,12/23/2025,12/16/2025,CNR,N,PD,WMA,N,Document Posted,Not Started,,,,Under Study
1330,Solar,,Sullivan,NH,"43.177488°, -72.434553° - National Grid 115kV line",,SUN,46.5,46.5,46.5,11/1/2022,Withdrawn,11/17/2023,12/16/2022,,,12/19/2022,PV,12/20/2023,11/17/2023,CNR,N,,NH,N,,,,,,
1329,Solar,,Grafton,NH,"POI: (44.321330°, -72.003124°), National Grid's PTF 230 kV bus at Comerford No. 18 station",,SUN,54.4,54.4,54.4,10/24/2022,Withdrawn,5/15/2024,5/19/2023,,,5/19/2023,PV,6/5/2024,5/15/2024,CNR,N,PD,NH,N,Document Posted,,,,,Under Study
1328,Solar,,Grafton,NH,"44.336047°, -71.874785°, National Grid 230 kV Substation",,SUN,21.44,21.44,21.44,10/24/2022,Withdrawn,5/15/2024,4/27/2023,,,4/28/2023,PV,6/5/2024,5/15/2024,CNR,N,PD,NH,N,In Progress,,,,,Under Study
1327,Battery Storage,,Norfolk,MA,West Walpole substation,,BAT,270.0,270.0,270.0,10/20/2022,Withdrawn,11/2/2023,2/14/2023,,,2/14/2023,OT,12/2/2023,11/2/2023,CNR,N,PD,SEMA,N,,,,,,
1326,Battery Storage,,Kent,RI,"Line tap on the S-171 South 115 kV transmission line, roughly 4 miles from West Cranston Substation and 1.5 miles from Drumrock Substation.",,BAT,40.0,40.0,40.0,10/19/2022,Withdrawn,12/15/2027,10/13/2023,,,10/13/2023,OT,12/30/2027,12/15/2027,NR,N,PD,RI,N,Document Posted,Not Started,,,,Under Study
1325,Battery Storage,,Providence,RI,"NEP transmission line: 345 kV line 359, approximately 10.55 miles from West Farnum and 10.81 miles from Kent County substations.",,BAT,305.0,307.8,307.8,10/19/2022,Withdrawn,12/15/2027,5/31/2024,,,6/4/2024,OT,12/30/2027,12/15/2027,CNR,N,PD,RI,N,Document Posted,Not Started,,,,Under Study
1324,Battery Storage,,Providence,RI,115 kV Line T-172N approximately 1.38 mi from Farnum Pike and 1.09 mi from Putnam Pike Substations,,BAT,55.0,55.0,55.0,10/18/2022,Withdrawn,12/15/2027,10/23/2024,,,10/27/2024,OT,12/30/2027,12/15/2027,CNR,N,PD,RI,N,Document Posted,Not Started,,,,Under Study
1323,Non-controllable ETU from Line 3023 substation to Coopers Mills substation,,,ME,"New substation on line 3023 (per QP1227 ) to Coopers Mills Substation, Windsor Kennebec, ME, 04363",,,,,,10/11/2022,Withdrawn,10/8/2027,11/2/2022,,,11/28/2022,,12/31/2027,10/8/2027,,N,PD,ME,N,,,,,,
1322,Non-controllable ETU from Line 388 substation to Coopers Mills substation,,,ME,"New substation on line 388 (per QP1228 ) to Coopers Mills Substation, Windsor Kennebec, ME, 04363",,,,,,10/11/2022,Withdrawn,10/8/2027,11/2/2022,,,11/28/2022,,12/31/2027,10/8/2027,,N,PD,ME,N,,,,,,
1321,NEP LNS,,Somerset,MA,NEP 115 kV Brayton Point,,,17.56,17.56,17.56,10/6/2022,Withdrawn,12/1/2024,11/30/2022,,,12/1/2022,,12/1/2024,12/1/2024,,N,PD,SEMA,N,,,,,,
1320,Battery Storage,,Worcester,MA,National Grid 115KV Line R144 between Millbury No. 2 and Woonsocket substations - approximately 5.8 circuit miles from Woonsocket substation.,,BAT,203.95,203.95,203.95,10/7/2022,Active,11/22/2026,,,,5/5/2025,OT,2/23/2027,11/22/2026,CNR,Y,PD,SEMA,Y,,Document Posted,,,Executed,
1319,Battery Storage,,Litchfield,CT,115 kV line between Rocky River and Bulls Bridge substations,,BAT,141.6,141.6,141.6,10/7/2022,Active,5/1/2029,,,,11/12/2025,OT,6/1/2029,5/1/2029,CNR,Y,,CT,Y,,Document Posted,,,Executed,
1318,GRID LNS,,Middlesex/Worcester,MA,GRID 69 kV transmission lines U-21S and U-21E,,,9.0,45.0,39.0,10/3/2022,Withdrawn,10/1/2023,7/3/2023,,,7/20/2023,,10/3/2023,10/1/2023,,N,PD,CMA,N,,,,,,
1317,non-controllable objective ETU to enable 1200 MW injection near Norwalk substation,,Fairfield,CT,,,,,,,9/30/2022,Withdrawn,5/1/2029,1/18/2024,,,1/18/2024,,12/30/2029,5/1/2029,,N,,SWCT,N,Document Posted,Not Started,,,,Under Study
1316,Solar plus Battery,,Cheshire,NH,Eversource 115kV line L163,,SUN BAT,102.0,102.0,102.0,9/30/2022,Withdrawn,10/28/2027,8/25/2023,,,8/28/2023,OT,10/28/2027,10/28/2027,CNR,N,,NH,N,In Progress,,,,,Under Study
1315,Battery Storage,,Windham,CT,"Eversource Killingly Substation,115kV BUS, Tracy Rd, Killingly, CT 06241, 41.881384, -71.891162",,BAT,106.97,106.97,106.97,9/29/2022,Withdrawn,6/9/2026,10/2/2024,,,10/2/2024,OT,6/12/2026,6/9/2026,CNR,N,PD,CT,N,In Progress,,,,,
1314,Offshore Wind,,,MA,"Eversource 115kV Acushnet, lines 112/114",,WND,470.0,470.0,470.0,9/27/2022,Withdrawn,9/1/2029,10/14/2024,,,10/15/2024,WT,11/1/2029,9/1/2029,NR,N,PD,SEMA,N,,Not Started,,,,Under Study
1313,NY ETU QP1125,,St. Lawrence-Lewis,NY,Moses/Adirondack/Poter Path,,,0.0,0.0,0.0,9/23/2022,Active,12/1/2025,,,,9/26/2022,,12/31/2025,12/1/2025,,N,PD,,N,,,,,,
1312,non-controllable ETU - inc the simultaneous injection capacity to 2400 MW at Brayton Pt 345 kV sub,,Somerset,MA,,,,,,,9/26/2022,Withdrawn,9/29/2028,10/10/2025,,,10/10/2025,,12/30/2028,9/29/2028,,N,PD,RI,N,Document Posted,,,,,
1311,RNS - move load to new substation,,Plymouth,MA,Wareham Street to new South Middleborough Substation,ISO-NE,,20.0,85.32,50.6,9/23/2022,Active,7/1/2026,,,,10/1/2024,,7/1/2026,7/1/2026,,Y,PD,SEMA,Y,,,,,,
1310,Battery Storage,,Berkshire,MA,115 kV Transmission line (1211 - Present between Doreen and Oswald substation),,BAT,118.75,118.75,118.75,9/23/2022,Withdrawn,9/30/2025,12/8/2023,,,12/11/2023,OT,10/31/2025,9/30/2025,CNR,N,PD,WMA,N,Document Posted,Not Started,,,,Under Study
1309,non-controllable objective ETU to enable 1200 MW injection near Millstone substation,,New London,CT,,,,1200.0,,,9/23/2022,Withdrawn,5/1/2029,11/12/2024,,,11/13/2024,,12/30/2029,5/1/2029,,N,PD,CT,N,Document Posted,Not Started,,,,Under Study
1308,Uxbridge Substation – NG Hopedale West Group Study,,Worcester,MA,"NG Feeder 321W6, Uxbridge T2",NGRID,BAT,6.994,6.994,6.994,9/9/2022,Withdrawn,11/15/2025,6/13/2025,,,6/16/2025,OT,12/31/2025,11/15/2025,,N,PD,SEMA,Y,,,,,,
1307,Whitins Pond Substation – NG Hopedale West Group Study,,Worcester,MA,"NG Feeder 320W5, Whitins Pond T1",NGRID,BAT,4.948,4.948,4.948,9/9/2022,Withdrawn,11/15/2025,6/13/2025,,,6/16/2025,OT,12/31/2025,11/15/2025,,N,PD,SEMA,Y,,,,,,
1306,Whitins Pond Substation – NG Hopedale West Group Study,,Worcester,MA,"NG Feeder 320W4, Whitins Pond T2",NGRID,BAT,4.948,4.948,4.948,9/9/2022,Withdrawn,11/15/2025,6/13/2025,,,6/16/2025,OT,12/31/2025,11/15/2025,,N,PD,SEMA,Y,,,,,,
1305,Depot Street Substation – NG Hopedale West Group Study,,Worcester,MA,"NG Feeder 335W1 (7U), Depot Street T1 and T2",NGRID,SUN BAT,1.5,1.5,1.5,9/9/2022,Withdrawn,11/15/2025,6/13/2025,,,6/16/2025,OT,12/31/2025,11/15/2025,,N,PD,SEMA,Y,,,,,,
1304,Uxbridge Substation – NG Hopedale West Group Study,,Worcester,MA,"NG Feeder 321W6, Uxbridge T2",NGRID,BAT,4.99,4.99,4.99,9/9/2022,Withdrawn,11/15/2025,6/13/2025,,,6/16/2025,OT,12/31/2025,11/15/2025,,N,PD,SEMA,Y,,,,,,
1303,Battery Storage,,Franklin,MA,"Eversource 21B8, 13.8 kV",,BAT,11.9,11.9,11.9,9/22/2022,Withdrawn,2/26/2027,5/25/2023,,,5/25/2023,OT,5/28/2027,2/26/2027,CNR,N,PD,WMA,N,,,,,,
1302,Battery Storage,,Franklin,MA,"Eversource 21C1, Montague Substation,13.8 kV",,BAT,9.11,8.5,8.5,9/22/2022,Withdrawn,2/26/2027,3/24/2023,,,3/24/2023,OT,5/28/2027,2/26/2027,CNR,N,PD,WMA,N,Not Started,,,,,Under Study
1301,Battery Storage,,Worcester,MA,"National Grid Feeder 01-21W1, Leicester Substation, 13.8 kV",,BAT,10.0,10.0,10.0,9/6/2022,Withdrawn,3/15/2025,12/9/2022,,,12/9/2022,OT,5/15/2025,3/15/2025,CNR,N,PD,CMA,N,,,,,,
1300,Solar plus Battery Increase (QP1129),,Bristol,MA,The primary connection of the proposed project to Eversource Energy is located at the Wing Lane substation #624 Transformer #1 Line #240. The site is located approximately 0.26 circuit miles from Substation 624 near PSS/E node 111293(Wing Lane 13.2 KV),,SUN BAT,0.04,2.5,2.5,8/19/2022,Withdrawn,8/31/2021,10/4/2022,,,10/4/2022,OT,8/31/2022,8/31/2021,CNR,N,,SEMA,N,,,,,,
1299,Solar Increase (QP1145),,Hancock,ME,Versant 115kV Line 57 (new ring bus located 0.7 miles north of Versant's 115kV substation).,ISO-NE,SUN,54.1,74.8,74.8,8/18/2022,Withdrawn,9/11/2026,5/21/2025,,,5/21/2025,PV,9/25/2026,9/11/2026,CNR,Y,PD,BHE,Y,Document Posted,Document Posted,,,In Progress,
1298,Battery Storage,,Worcester,MA,"Eversource 345 kV Line 3361, approximately 3.2 miles from Sherman Road and 7.6 miles from Blackstone.",,BAT,157.92,157.92,157.92,8/16/2022,Withdrawn,6/15/2027,5/31/2024,,,6/4/2024,OT,6/30/2027,6/15/2027,CNR,N,PD,CMA,N,Document Posted,Not Started,,,,
1297,Offshore Wind,,,MA,National Grid Brayton Point 345 kV Substation,,WND,1200.0,1200.0,1200.0,8/15/2022,Withdrawn,1/31/2029,9/13/2022,,,9/13/2022,WT,5/31/2029,1/31/2029,CNR,N,PD,SEMA,N,,,,,,
1296,Battery Storage,,Hartford,CT,Eversource Energy Corporation 115 kV line 1756,,BAT,125.0,125.0,125.0,8/10/2022,Withdrawn,3/15/2027,12/10/2024,,,12/10/2024,OT,4/1/2027,3/15/2027,CNR,N,PD,CT,Y,Document Posted,Document Posted,,,Not Started,
1295,Solar plus Battery,,Aroostook,ME,Orrington-Albion Rd 345kV line (3023) near the town of Pittsfield (approximately 19 miles from Albion Rd Substation),,SUN BAT,205.0,205.0,205.0,8/9/2022,Withdrawn,9/3/2025,8/13/2024,,,8/13/2024,OT,11/28/2025,9/3/2025,CNR,N,PD,ME,N,,,,,,
1294,Solar,,Washington,ME,Ring Bus constructed for QP760 on Versant 115kV Line 52,,SUN,75.32,75.32,75.32,7/27/2022,Withdrawn,7/21/2026,6/6/2023,,,6/6/2023,PV,8/4/2026,7/21/2026,CNR,N,PD,BHE,N,In Progress,,,,,Under Study
1293,GRID RNS,,Middlesex,MA,NGRID 115 kV T146 line,ISO-NE,,12.0,183.7,183.7,7/13/2022,Active,8/1/2025,,,,11/21/2023,,8/1/2025,8/1/2025,,Y,PD,BOST,Y,,,,,,
1292,Battery Storage,,Worcester,MA,National Grid 115 kV E-157W line three-breaker ring bus location: 0.32 miles north of Millbury 2 station along transmission line; 2.62 miles south of Wyman station along transmission line (the length of the Millbury 2 - Wyman Gordon line is 2.94 miles). Three-breaker ring bus will be located <0.01 miles east of POI.,,BAT,95.0,95.0,95.0,7/12/2022,Withdrawn,8/30/2023,5/1/2023,,,5/1/2023,OT,9/30/2023,8/30/2023,CNR,N,PD,CMA,N,In Progress,,,,,Under Study
1291,Turners Falls CNR,,Franklin,MA,The POI is at 13.8 kV where the conductors from WMECO's pole 70/460H1 attach to the Interconnection Customer's building on the other side of the canal.,,WAT,0.0,0.937,0.937,6/9/2022,Completed,11/15/2022,,,,12/6/2022,HD,11/15/2022,11/15/2022,CNR,N,,WMA,N,,,,,Executed,
1290,Group @ Wing Lane 624 - EMA ASO,,Bristol,MA,Eversource Wing Lane 624,,SUN BAT,14.979,14.979,14.979,6/8/2022,Withdrawn,9/30/2023,6/13/2025,,,6/16/2025,OT,11/30/2023,9/30/2023,,N,PD,SEMA,N,,,,,,
1289,Group @ West Pond 737 - EMA ASO,,Middlesex,MA,Eversource West Pond 737,NU,SUN BAT,6.982,6.982,6.982,6/8/2022,Withdrawn,7/31/2025,6/13/2025,,,6/16/2025,OT,7/31/2025,7/31/2025,,Y,PD,SEMA,Y,,,,,,
1288,Wellfleet 976 - EMA ASO,,Barnstable,MA,Eversource Wellfleet 976,,SUN BAT,4.107,4.107,4.107,6/8/2022,Withdrawn,9/30/2023,6/13/2025,,,6/16/2025,OT,11/30/2023,9/30/2023,,N,PD,SEMA,N,,,,,,
1287,Valley 715 - EMA ASO,,Plymouth,MA,Eversource Valley 715,,SUN BAT,3.7,3.7,3.7,6/8/2022,Withdrawn,9/30/2023,6/13/2025,,,6/16/2025,OT,11/30/2023,9/30/2023,,N,PD,SEMA,N,,,,,,
1286,Tremont 713 - EMA ASO,,Plymouth,MA,Eversource Tremont 713,NU,SUN BAT,4.996,4.996,4.996,6/8/2022,Withdrawn,7/31/2025,6/13/2025,,,6/16/2025,OT,7/31/2025,7/31/2025,,Y,PD,SEMA,Y,,,,,,
1285,Sandwich 916 - EMA ASO,,Barnstable,MA,Eversource Sandwich 916,,SUN BAT,4.6,4.6,4.6,6/8/2022,Withdrawn,9/30/2023,6/13/2025,,,6/16/2025,OT,11/30/2023,9/30/2023,,N,PD,SEMA,N,,,,,,
1284,Group @ Orleans 975 - EMA ASO,,Barnstable,MA,Eversource Orleans 975,,SUN BAT,9.998,9.998,9.998,6/8/2022,Withdrawn,9/30/2023,6/13/2025,,,6/16/2025,OT,11/30/2023,9/30/2023,,N,PD,SEMA,N,,,,,,
1283,Mashpee 946 - EMA ASO,,Barnstable,MA,Eversource Mashpee 946,,SUN BAT,1.49,1.49,1.49,6/8/2022,Withdrawn,9/30/2023,6/13/2025,,,6/16/2025,OT,11/30/2023,9/30/2023,,N,PD,SEMA,N,,,,,,
1282,Marshfield 739 - EMA ASO,,Plymouth,MA,Eversource Marshfield 739,,SUN BAT,4.6,4.6,4.6,6/8/2022,Withdrawn,9/30/2023,6/13/2025,,,6/16/2025,OT,11/30/2023,9/30/2023,,N,PD,SEMA,N,,,,,,
1281,Group @ Industrial Park 636 - EMA ASO,,Bristol,MA,Eversource Industrial Park 636,,SUN BAT,16.514,16.514,16.514,6/8/2022,Withdrawn,9/30/2023,6/13/2025,,,6/16/2025,OT,11/30/2023,9/30/2023,,N,PD,SEMA,N,,,,,,
1280,Hyannis 961 - EMA ASO,,Barnstable,MA,Eversource Hyannis 961,,SUN BAT,4.993,4.993,4.993,6/8/2022,Withdrawn,9/30/2023,6/13/2025,,,6/16/2025,OT,11/30/2023,9/30/2023,,N,PD,SEMA,N,,,,,,
1279,Group @ Hatchville 936 - EMA ASO,,Barnstable,MA,Eversource Hatchville 936,,SUN BAT,18.486,18.486,18.486,6/8/2022,Withdrawn,9/30/2023,6/13/2025,,,6/16/2025,OT,11/30/2023,9/30/2023,,N,PD,SEMA,N,,,,,,
1278,Harwich 968 - EMA ASO,,Barnstable,MA,Eversource Harwich 968,,SUN BAT,3.998,3.998,3.998,6/8/2022,Withdrawn,9/30/2023,6/13/2025,,,6/16/2025,OT,11/30/2023,9/30/2023,,N,PD,SEMA,N,,,,,,
1277,Fisher Road 657 - EMA ASO,,Bristol,MA,Eversource Fisher Road 657,,SUN BAT,3.0,3.0,3.0,6/8/2022,Withdrawn,9/30/2023,6/13/2025,,,6/16/2025,OT,11/30/2023,9/30/2023,,N,PD,SEMA,N,,,,,,
1276,Falmouth 933 - EMA ASO,,Barnstable,MA,Eversource Falmouth 933,,SUN BAT,3.5,3.5,3.5,6/8/2022,Withdrawn,9/30/2023,6/13/2025,,,6/16/2025,OT,11/30/2023,9/30/2023,,N,PD,SEMA,N,,,,,,
1275,Group @ Duxbury 738 - EMA ASO,,Plymouth,MA,Eversource Duxbury 738,,SUN BAT,6.782,6.782,6.782,6/8/2022,Withdrawn,9/30/2023,6/13/2025,,,6/16/2025,OT,11/30/2023,9/30/2023,,N,PD,SEMA,N,,,,,,
1274,Crystal Spring 646 - EMA ASO,,Plymouth,MA,Eversource Crystal Spring 646,,SUN BAT,1.7,1.7,1.7,6/8/2022,Withdrawn,9/30/2023,6/13/2025,,,6/16/2025,OT,11/30/2023,9/30/2023,,N,PD,SEMA,N,,,,,,
1273,Canton 470 - EMA ASO,,Norfolk,MA,Eversource Canton 470,,SUN BAT,4.999,4.999,4.999,6/8/2022,Withdrawn,9/30/2023,6/13/2025,,,6/16/2025,OT,11/30/2023,9/30/2023,,N,PD,SEMA,N,,,,,,
1272,West Springfield 45 MW BESS,,Hampden,MA,"West Springfield Station, 115kV Bus (existing 8C-3X 140 MVA transformer; position WS#2).",ISO-NE,BAT,45.0,45.0,45.0,6/8/2022,Active,4/6/2029,,,,10/17/2025,OT,5/4/2029,4/6/2029,NR,Y,PD,WMA,Y,,Document Posted,,,Executed,
1271,Non-Controllable ETU - Pittsfield to Coopers Mills flow only,,Somerset/Lincoln,ME,New Pittsfield substation (per QP1230) Pittsfield Somerset ME 04967 Coopers Mills substation Windsor Kennebec ME 04363,,,,,,6/7/2022,Withdrawn,10/1/2027,10/11/2025,,,10/17/2025,,12/1/2027,10/1/2027,,N,PD,ME,N,,,,,,
1270,Nutmeg Solar CNR Only,,Hartford,CT,Scitico 115 kV,,SUN,0.0,19.9,19.9,5/31/2022,Completed,11/15/2020,,,,7/24/2023,PV,12/7/2020,11/15/2020,CNR,N,,CT,N,,,,,Executed,In Service
1269,Sanford Airport Solar CNR Only,,York,ME,Cyro Drive substation 115 kV,,SUN,0.0,50.0,50.0,5/27/2022,Completed,8/2/2023,,,,8/10/2023,PV,8/2/2023,8/2/2023,CNR,N,,ME,N,,,,,Executed,In Service
1268,Coolidge Solar CNR Only,,Windsor,VT,115 kV Coolidge Substation,,SUN,0.0,19.9,19.9,5/24/2022,Completed,12/12/2018,,,,12/7/2022,PV,12/20/2018,12/12/2018,CNR,N,,VT,N,,,,,Executed,
1267,Battery Storage,,New London,CT,"Groton Utilities Buddington Substation, 69kV bus (future 115kV) Alternate POI: Groton Utilities Buddington Substation, 34.5kV bus",,BAT,51.73,51.73,51.73,5/20/2022,Withdrawn,7/25/2025,6/24/2022,,,6/27/2022,OT,8/8/2025,7/25/2025,CNR,N,PD,CT,N,,,,,,
1266,Battery Storage,,Hartford,CT,"115kV Manchester Substation (Bus# 120074) Geographic coordinates: 41.76948781166102, -72.56130136574556",,BAT,100.0,100.0,100.0,5/23/2022,Withdrawn,7/3/2025,8/28/2024,,,9/4/2024,OT,8/4/2025,7/3/2025,CNR,N,PD,CT,N,,Document Posted,,,Not Started,
1265,Revolution Offshore Wind CNR only,,,RI,"NG 115 kV Davisville Substation, Washington County",,WND,0.0,750.75,750.75,5/23/2022,Active,3/13/2026,,,,6/9/2025,WT,11/5/2026,3/13/2026,CNR,N,,RI,N,,,,,Executed,
1264,Bear Swamp Pump Load increase,,Berkshire,MA,The existing POI of the Bear Swamp generating station.,ISO-NE,WAT,0.0,333.0,333.0,5/19/2022,Completed,1/4/2023,,,,1/12/2023,PS,1/6/2023,1/4/2023,NR,N,PD,WMA,Y,,Document Posted,,,Executed,
1263,Battery Storage,,Hampshire,MA,"POI Coordinates: 42.42649, -72.53956, Feeder: 18G6, Express feeder, Owner of POI: WMECO (Eversource), Distribution Voltage Level: 13.8 kV, Substation Voltage Level: 115 kV - 13.8 kV",,BAT,18.87,,,7/1/2022,Withdrawn,10/20/2023,7/13/2023,,,7/13/2023,OT,10/27/2023,10/20/2023,CNR,N,PD,WMA,N,In Progress,,,,,Under Study
1262,Battery Storage,,Middlesex,CT,"Haddam 115kV BUS [HADDAM(120632)]; 41°27'38.74""N, 72°28'38.23""W",,BAT,80.875,80.875,80.875,5/17/2022,Withdrawn,6/18/2026,8/29/2024,,,8/29/2024,OT,7/6/2026,6/18/2026,CNR,N,PD,CT,Y,Document Posted,Document Posted,,,Not Started,
1261,Battery Storage Addition (to QP1086),,Knox,ME,CMP 115kV line Section 80,ISO-NE,SUN BAT,0.0,160.0,160.0,5/17/2022,Active,2/29/2028,,,,10/24/2025,OT,3/31/2028,2/29/2028,NR,Y,PD,ME,Y,Document Posted,Document Posted,,,Executed,
1260,Solar plus Battery,,Hampden,MA,Eversource 13.8 kV Line 19S1,,SUN BAT,2.772,2.6888,2.6888,5/6/2022,Withdrawn,6/1/2023,8/31/2022,,,8/31/2022,OT,6/1/2023,6/1/2023,CNR,N,,WMA,N,,,,,,
1259,Battery Storage,,Berkshire,MA,Eversource 115 kV Line 1231 (Berkshire - Plainfield),ISO-NE,BAT,20.0,20.0,20.0,6/15/2022,Withdrawn,3/28/2027,8/1/2025,,,8/1/2025,OT,6/28/2027,3/28/2027,NR,N,,WMA,Y,,Document Posted,,,Not Started,
1258,Battery Storage CNR Only,,Norfolk,MA,National Grid's South Wrentham 115kV Substation,,BAT,0.0,170.0,170.0,5/3/2022,Withdrawn,6/26/2027,10/11/2025,,,10/17/2025,OT,7/26/2027,6/26/2027,CNR,N,,SEMA,N,,,,,Executed,
1257,Solar,,Aroostook,ME,Pittsfield Station. Pittsfield 345 kV substation is located between the existing Orrington - Albion Road line (3023) near town of Pittsfield.,,SUN,319.2,319.2,319.2,5/3/2022,Withdrawn,10/8/2026,10/11/2025,,,10/17/2025,PV,12/9/2026,10/8/2026,CNR,N,PD,BHE,N,,,,,,
1256,Wind,,Aroostook,ME,Pittsfield Station. Pittsfield 345 kV substation is located between the existing Orrington - Albion Road line (3023) near town of Pittsfield.,,WND,905.0,905.0,905.0,5/3/2022,Withdrawn,10/8/2026,10/11/2025,,,10/17/2025,WT,12/9/2026,10/8/2026,CNR,N,PD,BHE,N,,,,,,
1255,Detroit/Guilford/Belfast DG Area Study,,Piscataquis/Penobscot/Somerset/Waldo/Hancock,ME,CMP Detroit 115 kV Substation,CMP,SUN BAT,57.72,57.72,57.72,5/2/2022,Withdrawn,12/31/2027,6/13/2025,,,6/16/2025,OT,12/31/2027,12/31/2027,,Y,PD,ME,Y,,,,,,
1254,Kimball DG Area Study,,York/Oxford/Cumberland,ME,CMP Kimball Road/Lovell 115 kV Substation,CMP,SUN BAT,7.894,7.894,7.894,5/2/2022,Withdrawn,6/30/2028,6/13/2025,,,6/16/2025,OT,6/30/2028,6/30/2028,,Y,PD,ME,Y,,,,,,
1253,Battery Storage CNR Only (see QP887),,Norfolk,MA,"Wareham Substation 115kV, Eversource Line 113",,BAT,0.0,150.0,150.0,4/27/2022,Withdrawn,4/30/2026,11/14/2023,,,11/14/2023,OT,5/31/2026,4/30/2026,CNR,N,,SEMA,N,,,,,,
1252,Battery Storage,,Essex,MA,Ward Hill 345 kV Substation,,BAT,310.0,314.7,314.7,4/21/2022,Withdrawn,7/1/2032,12/22/2025,,,4/8/2026,OT,8/1/2032,7/1/2032,CNR,Y,PD,BOST,Y,Document Posted,Document Posted,Not Required,Not Required,In Progress,Under Study
1251,Battery Storage,,Hartford,CT,"To interconnect at the POI of Gravel Pit Solar QP 1030, via a Shared Facility, QP 1030 is described as a line cut and three-breaker ring bus of the 115 kV Connecticut Light & Power Company line between Barbour Hill and Windsor Locks.",,BAT,60.0,60.0,60.0,4/11/2022,Withdrawn,10/15/2024,8/26/2022,,,8/26/2022,OT,12/31/2024,10/15/2024,CNR,N,PD,CT,N,In Progress,,,,,Under Study
1250,Battery Storage,,York,ME,CMP Goosefare 115kV Substation 43 31 22 N 70 26 59 W,,BAT,50.7,50.7,50.7,4/14/2022,Withdrawn,9/1/2024,5/18/2023,,,5/19/2023,OT,11/1/2024,9/1/2024,CNR,N,,ME,N,Not Started,,,,,Under Study
1249,Battery Storage Addition,,New London,CT,Tunnel 23 kV Substation,,BAT,0.0,16.02,16.02,4/19/2022,Withdrawn,3/12/2027,3/28/2023,,,3/28/2023,OT,5/14/2027,3/12/2027,CNR,N,,CT,N,Document Posted,Not Started,,,,Under Study
1248,Battery Storage,,Bristol,MA,NGRID 115kV Robinson Ave substation,,BAT,154.656,154.656,154.656,4/6/2022,Withdrawn,3/1/2026,10/11/2025,,,10/17/2025,OT,5/31/2026,3/1/2026,CNR,N,PD,RI,N,Document Posted,,,,,
1247,Solar,,Hartford,CT,"To interconnect at the POI of Gravel Pit Solar QP 1030, via a Shared Facility, QP 1030 is described as a line cut and three-breaker ring bus of the 115 kV Connecticut Light & Power Company line between Barbour Hill and Windsor Locks.",ISO-NE,SUN,25.0,25.0,25.0,4/5/2022,Active,10/1/2027,,,,7/13/2026,PV,11/15/2027,10/1/2027,NR,Y,PD,CT,Y,,Document Posted,,,In Progress,
1246,Solar,,Grafton,NH,230 kV Comerford to North Litchfield A201Line; alternative POI is B-202.,,SUN,150.0,150.0,150.0,3/31/2022,Withdrawn,10/1/2025,7/25/2023,,,7/25/2023,PV,11/1/2025,10/1/2025,NR,N,PD,NH,N,In Progress,,,,,Under Study
1245,Solar,,Hartford,CT,345kV Line 3419 Tap between Meekville Junction/Barbour Hill (PSSE Bus Number: 119103) To LudlowPSSE Bus Number: 116045),,SUN,150.0,150.0,150.0,3/31/2022,Active,9/24/2028,,,,12/29/2025,PV,10/31/2028,9/24/2028,NR,Y,PD,CT,Y,Document Posted,Document Posted,,,Executed,
1244,Solar,,Franklin,ME,115 kV New Sturtevant Substation (PSSE Bus Number: 100116),,SUN,75.0,75.0,75.0,3/31/2022,Withdrawn,10/1/2025,11/14/2022,,,1/10/2023,PV,11/1/2025,10/1/2025,NR,N,PD,ME,N,In Progress,,,,,Under Study
1243,Solar,,Aroostook,ME,345kV line between Orrington(PSSE Bus Number: 100002) -Albion Rd (PSSE Bus Number: 100092) near the town of Pittsfield,,SUN,300.0,300.0,300.0,3/31/2022,Withdrawn,10/1/2026,10/11/2025,,,10/17/2025,PV,11/1/2026,10/1/2026,NR,N,PD,ME,N,,,,,,
1242,Lewiston CMP Cluster 5,,Oxford/Androscoggin,ME,CMP Lewiston,CMP,SUN BAT,52.464,52.464,52.464,3/28/2022,Withdrawn,6/30/2028,6/13/2025,,,6/16/2025,OT,6/30/2028,6/30/2028,,Y,PD,ME,Y,,,,,,
1241,Sanford/Quaker Hill CMP Cluster 4,,York,ME,CMP Sandford/Quaker Hill,CMP,SUN BAT,21.184,21.184,21.184,3/28/2022,Withdrawn,6/30/2026,6/13/2025,,,6/16/2025,OT,6/30/2028,6/30/2026,,Y,PD,ME,Y,,,,,,
1240,Battery Storage,,Kent,RI,National Grid Kent County Substation - 115kV open line position between 4T3T and 3T10 breakers.,,BAT,62.84,62.84,62.84,3/25/2022,Withdrawn,12/15/2025,10/23/2024,,,10/27/2024,OT,12/31/2025,12/15/2025,CNR,N,PD,RI,N,Document Posted,Not Started,,,,Under Study
1239,Solar plus Battery,,Oxford,ME,CMP 115kV Woodstock S/S,,SUN BAT,129.0,183.6,183.6,3/25/2022,Withdrawn,12/3/2029,10/2/2025,,,10/2/2025,OT,12/31/2029,12/3/2029,CNR,Y,PD,ME,Y,Document Posted,Document Posted,,,In Progress,
1238,Battery Storage,,Norfolk,MA,West Medway 345kV station,,BAT,300.0,301.26,301.26,3/22/2022,Active,11/30/2027,,,,8/21/2026,OT,4/28/2028,11/30/2027,CNR,N,PD,SEMA,N,Document Posted,,,,In Progress,
1237,Battery Storage CNR only,,Washinton,RI,"Primary - NEP L190-2, Alt NEP G185S",,BAT,0.0,205.0,205.0,3/21/2022,Withdrawn,9/28/2029,10/10/2025,,,10/10/2025,OT,12/7/2029,9/28/2029,CNR,N,,RI,N,,,,,,
1236,1200 MW non-controllable ETU - N to S flow only,,Aroostook/Somerset,ME,Transmission Line connects between the new Aroostook station and Pittsfield Station. Pittsfield 345 kV substation is located between the existing Orrington - Albion Road line in Somerset County at lat/long 44.795/-69.386. The Aroostook station will be located in Aroostook county at lat/long 45.7634/-68.0278.,,,1200.0,,,3/21/2022,Withdrawn,6/1/2028,8/13/2025,,,8/13/2025,,6/1/2028,6/1/2028,,N,PD,ME,N,,,,,,
1235,Battery Storage,,Bristol,MA,Eversource's Cross Road 13.2kV Circuit 532,,BAT,20.0,20.0,20.0,3/14/2022,Withdrawn,10/28/2024,8/11/2022,,,8/12/2022,OT,12/31/2024,10/28/2024,CNR,N,PD,SEMA,N,,,,,,
1234,Battery Storage,,Bristol,MA,Eversource's Cross Road 13.2kV Circuit 533,,BAT,20.0,20.0,20.0,3/14/2022,Withdrawn,10/28/2024,8/11/2022,,,8/12/2022,OT,12/31/2024,10/28/2024,CNR,N,PD,SEMA,N,,,,,,
1233,Battery Storage,,Bristol,MA,Eversource's Cross Road 13.2kV Circuit 541,,BAT,20.0,20.0,20.0,3/14/2022,Withdrawn,10/28/2024,8/11/2022,,,8/12/2022,OT,12/31/2024,10/28/2024,CNR,N,PD,SEMA,N,,,,,,
1232,Battery Storage,,Providence,RI,NEC 115/34.5kV Iron Mine Hill Substation #1203 spare buss position #2,,BAT,27.44,27.44,27.44,3/4/2022,Withdrawn,12/15/2025,10/23/2024,,,10/27/2024,OT,12/31/2025,12/15/2025,CNR,N,PD,RI,N,,Not Started,,,,Under Study
1231,Battery Storage CNR Only,,Windham,CT,Eversource Killingly 345kV Substation,,BAT,0.0,204.64,204.64,3/4/2022,Withdrawn,2/15/2025,4/22/2022,,,4/22/2022,OT,5/1/2025,2/15/2025,CNR,N,,CT,N,,,,,,
1230,1200 MW non-controllable ETU - N to S flow only,,Somerset/Aroostook,ME,"The Point of Interconnection will be a new station about 30 miles from Orrington that taps the existing segment 3023 between Orrington and Albion Rd. Hammond, ME to Pittsfield ME (see map)",,,1200.0,,,3/4/2022,Withdrawn,10/1/2027,10/11/2025,,,10/17/2025,,12/1/2027,10/1/2027,,N,PD,ME,N,,,,,,
1229,Solar plus Battery,,Hampshire,MA,Eversource 13.8kV Circuit 18G4,,SUN BAT,3.0,3.0,3.0,2/22/2022,Withdrawn,9/30/2022,9/14/2022,,,9/14/2022,OT,12/31/2022,9/30/2022,CNR,N,,WMA,N,,In Progress,,,,Under Study
1228,1200 MW non-controllable ETU - N to S flow only,,Hancock/Aroostook,ME,New substation on Line 388,,,1200.0,,,2/16/2022,Withdrawn,10/8/2026,9/4/2024,,,9/4/2024,,12/9/2026,10/8/2026,,N,PD,ME,N,,,,,,
1227,1200 MW non-controllable ETU - N to S flow only,,Somerset/Aroostook,ME,"New substation on Line 3023 near the Detroit Substation near Pittsfield, Maine.",,,1200.0,,,2/16/2022,Withdrawn,10/8/2026,9/4/2024,,,9/4/2024,,12/9/2026,10/8/2026,,N,PD,ME,N,,,,,,
1226,Grissom Solar,,Sullivan,NH,46 kV subtransmission line between GMP Maple Avenue B-42 and the 4402 breaker at the GMP/NGRID demarc considered at Bellows Falls,ISO-NE,SUN,4.99,4.99,4.99,3/4/2022,Active,8/21/2026,,,,3/20/2025,PV,9/2/2026,8/21/2026,NR,Y,,NH,Y,,Document Posted,,,Executed,
1225,Offshore Wind,,,MA,Bourne 345 kV Switching Station,,WND,1200.0,1200.0,1200.0,2/3/2022,Withdrawn,9/30/2028,9/30/2025,,,9/30/2025,WT,1/31/2029,9/30/2028,CNR,N,PD,SEMA,N,Document Posted,,,,,
1224,Solar plus Battery,,Worcester,MA,"National Grid MA 13.8 kV, Whitins Pond 320W5",,SUN BAT,1.0,1.0,1.0,1/25/2022,Withdrawn,4/29/2022,9/14/2022,,,9/14/2022,OT,4/29/2022,4/29/2022,CNR,N,,CMA,N,,,,,In Progress,
1223,Battery Storage,,Worcester,MA,"ZP Battery DevCo, LLC, 13.2kV, National Grid Feeder #413L3",,BAT,9.99,9.99,9.992,1/18/2022,Withdrawn,3/31/2022,3/15/2022,,,3/15/2022,OT,4/29/2022,3/31/2022,CNR,N,,CMA,N,,,,,,
1222,Group @ Berkshire 18C,,Hampden,MA,Eversource Berkshire 18C,,SUN BAT,7.65,7.65,7.65,1/14/2022,Withdrawn,9/30/2023,6/13/2025,,,6/16/2025,OT,11/30/2023,9/30/2023,,N,PD,WMA,N,,,,,,
1221,Cumberland 22B - WMA ASO,,Hampden,MA,Eversource Cumberland 22B,,SUN BAT,4.99,4.99,4.99,1/14/2022,Withdrawn,9/30/2023,6/13/2025,,,6/16/2025,OT,11/30/2023,9/30/2023,,N,PD,WMA,N,,,,,,
1220,Group @ Blandford 19J - WMA ASO,,Berkshire,MA,Eversource Blandford 19J,,SUN BAT,6.99,6.99,6.99,1/14/2022,Withdrawn,9/30/2023,6/13/2025,,,6/16/2025,OT,11/30/2023,9/30/2023,,N,PD,WMA,N,,,,,,
1219,Group @ French King - WMA ASO,,Franklin/Hampshire,MA,Eversource French King,,SUN BAT,8.9,8.9,8.9,1/14/2022,Withdrawn,9/30/2023,6/13/2025,,,6/16/2025,OT,11/30/2023,9/30/2023,,N,PD,WMA,N,,,,,,
1218,Group @ Montigue - WMA ASO,,Franklin,MA,Eversource Montigue,NU,SUN BAT,9.86,9.86,9.86,1/14/2022,Withdrawn,9/30/2023,6/13/2025,,,6/16/2025,OT,11/30/2023,9/30/2023,,Y,PD,WMA,Y,,,,,,
1217,Oswald - WMA ASO,,Franklin,MA,Eversource Oswald,,SUN BAT,2.49,2.49,2.49,1/14/2022,Withdrawn,9/30/2023,6/13/2025,,,6/16/2025,OT,11/30/2023,9/30/2023,,N,PD,WMA,N,,,,,,
1216,Group @ Podick - WMA ASO,,Hampden/Franklin,MA,Eversource Podick,,SUN BAT,7.7,7.7,7.7,1/14/2022,Withdrawn,9/30/2023,6/13/2025,,,6/16/2025,OT,11/30/2023,9/30/2023,,N,PD,WMA,N,,,,,,
1215,Group @ Maynard 416 - EMA ASO,,Middlesex,MA,Eversource Maynard 416,NU,SUN BAT,8.476,8.476,8.476,1/14/2022,Withdrawn,9/30/2023,6/13/2025,,,6/16/2025,OT,11/30/2023,9/30/2023,,N,PD,BOST,Y,,,,,,
1214,Group @ Medway 65 - EMA ASO,,Middlesex/Norfolk,MA,Eversource Medway 65,NU,SUN BAT,17.497,17.497,17.497,1/14/2022,Withdrawn,9/30/2023,6/13/2025,,,6/16/2025,OT,11/30/2023,9/30/2023,,N,PD,BOST,Y,,,,,,
1213,Holliston 130 - EMA ASO,,Middlesex,MA,Eversource Holliston 130,NU,BAT,4.99,4.99,4.99,1/14/2022,Withdrawn,9/30/2023,6/13/2025,,,6/16/2025,OT,11/30/2023,9/30/2023,,N,PD,BOST,Y,,,,,,
1212,Hopkinton 126 - EMA ASO,,Middlesex,MA,Eversource Hopkinton 126,NU,SUN BAT,3.9,3.9,3.9,1/14/2022,Withdrawn,9/30/2023,1/25/2024,,,1/26/2024,OT,11/30/2023,9/30/2023,,N,PD,BOST,Y,,,,,,
1211,Wind,,Aroostook,ME,Orrington-Albion Rd 345kV line (3023) near the town of Pittsfield (approximately 19 miles from Albion Rd Substation),,WND,500.0,527.0,527.0,1/10/2022,Withdrawn,9/3/2026,10/11/2025,,,10/17/2025,WT,11/27/2026,9/3/2026,CNR,N,PD,ME,N,,,,,,
1210,Wind,,Aroostook,ME,Orrington-Albion Rd 345kV line (3023) near the town of Pittsfield (approximately 19 miles from Albion Rd Substation),,WND,500.0,572.0,572.0,1/7/2022,Withdrawn,9/3/2025,10/11/2025,,,10/17/2025,WT,11/28/2025,9/3/2025,CNR,N,PD,ME,N,,,,,,
1209,Battery Storage,,Providence,RI,RI_NGRID Hartford 115kV substation/ Bus ID: 117351,,BAT,170.0,170.0,170.0,12/30/2021,Withdrawn,12/1/2024,3/8/2022,,,3/8/2022,OT,12/31/2024,12/1/2024,NR,N,PD,RI,N,,,,,,
1208,Battery Storage,,New Haven,CT,CT_UI June Street 115KV substation/ Bus ID: 123416,,BAT,160.0,160.0,160.0,12/30/2021,Withdrawn,12/1/2024,3/8/2022,,,3/8/2022,OT,12/31/2024,12/1/2024,NR,N,PD,CT,N,,,,,,
1207,Battery Storage,,Barnstable,MA,MA_NSTAR_CE Canal 115KV substation,,BAT,200.0,200.0,200.0,12/30/2021,Withdrawn,12/1/2024,1/28/2022,,,1/28/2022,OT,12/31/2024,12/1/2024,NR,N,PD,SEMA,N,,,,,,
1206,Battery Storage,,Berkshire,MA,MA_NGRID Adams 115kV substation Bus ID: 113005,,BAT,200.0,200.0,200.0,12/30/2021,Withdrawn,12/1/2024,3/8/2022,,,3/8/2022,OT,12/31/2024,12/1/2024,NR,N,PD,WMA,N,,,,,,
1205,Hamilton Sunstrand,,Hartford,CT,Windsor Locks 14K,NU,SUN,2.0,2.0,2.0,12/30/2021,Withdrawn,4/1/2023,6/13/2025,,,6/16/2025,OT,4/1/2023,4/1/2023,,Y,,CT,Y,,,,,,
1204,LSE Scorpuis,,Putnam,CT,Tracy 14M,NU,SUN,1.82,1.82,1.82,12/28/2021,Withdrawn,10/31/2023,6/13/2025,,,6/16/2025,OT,12/31/2023,10/31/2023,,Y,,CT,Y,,,,,,
1203,"CTEC Solar 186 Foster St, South Windsor",,Hartford,CT,Barbour Hill 23J,,SUN,1.875,1.875,1.875,12/28/2021,Withdrawn,7/1/2023,6/13/2025,,,6/16/2025,OT,7/1/2023,7/1/2023,,N,,CT,N,,,,,,
1202,"Community Power Group, 24 Middle Road, Ellington, CT",,Tolland,CT,Rockville 14W,,SUN,4.0,4.0,4.0,12/28/2021,Withdrawn,7/1/2023,6/13/2025,,,6/16/2025,OT,7/1/2023,7/1/2023,,N,,CT,N,,,,,,
1201,Verogy - Tripp RD,,Hartford,CT,Rockville 14W,,SUN,2.0,2.0,2.0,12/28/2021,Withdrawn,7/1/2023,6/13/2025,,,6/16/2025,OT,7/1/2023,7/1/2023,,N,,CT,N,,,,,,
1200,"Verogy - Thrall Rd, East Windsor",,Hartford,CT,Rockville 14W or Barbour Hill 23J,,SUN,4.0,4.0,4.0,12/28/2021,Withdrawn,7/1/2023,6/13/2025,,,6/16/2025,OT,7/1/2023,7/1/2023,,N,,CT,N,,,,,,
1199,"USS Vineyard Solar, Somers Rd",,Tolland,CT,Scitico 27H,,SUN,4.0,4.0,4.0,12/28/2021,Withdrawn,9/30/2022,6/13/2025,,,6/16/2025,PV,9/30/2022,9/30/2022,,N,PD,CT,N,,,,,,
1198,Storage,,Bristol,MA,Looping the D-182S line adjacent to National Grid’s 115 kV Reynold’s Ave Substation,,BAT,241.8,241.8,241.8,12/30/2021,Withdrawn,2/14/2028,9/25/2025,,,9/25/2025,OT,5/12/2028,2/14/2028,CNR,N,,RI,N,Document Posted,,,,,
1197,Battery Storage,,Bristol,MA,Eversource 115kV Cross Road Line 111,,BAT,150.0,150.0,150.0,12/20/2021,Withdrawn,10/28/2027,10/11/2025,,,10/17/2025,OT,12/31/2027,10/28/2027,CNR,N,PD,SEMA,N,Document Posted,,,,,
1196,Energy Storage,,Hampden,MA,"National Grid Hampden Substation, 115 kV. Secondary is 115 kV Line 1976.",,BAT,99.9,99.9,99.9,12/14/2021,Withdrawn,8/1/2024,3/8/2022,,,3/8/2022,OT,10/1/2024,8/1/2024,CNR,N,PD,WMA,N,,,,,,
1195,Regional Network Service,,Middlesex,MA,NSTAR 115 kV Line 875-539,ISO-NE,,6.3,6.3,6.3,11/23/2021,Completed,10/7/2024,,,,2/25/2025,,11/20/2024,10/7/2024,,N,,BOST,Y,,,,,,
1194,Bear Swamp Pumping Load Increase,,Berkshire,MA,The existing POI of the Bear Swamp generating station,,WAT,0.0,333.0,333.0,11/9/2021,Completed,11/9/2021,,,,12/6/2021,PS,11/9/2021,11/9/2021,NR,N,,WMA,N,,,,,Executed,
1193,Battery Storage,,Windham,CT,CL&P 345 kV 3271 Line,,BAT,325.0,325.0,325.0,11/9/2021,Withdrawn,4/14/2028,5/30/2025,,,5/30/2025,OT,5/12/2028,4/14/2028,NR,Y,PD,CT,Y,Document Posted,Document Posted,,,In Progress,
1192,Broadleaf Solar,,Hartford,CT,N. Bloomfield to Agawam 345kV Line. POI is approximately 3.6 mi north of N. Bloomfield (345kV) and 11.5 mi south of Agawam (345kV).,ISO-NE,SUN,101.128,101.128,101.128,11/4/2021,Active,9/24/2027,,,,10/17/2025,PV,10/15/2027,9/24/2027,NR,Y,,CT,Y,Document Posted,Document Posted,,,Executed,
1191,Increase to Pumping load,,Berkshire,MA,The current Bear Swamp interconnection points,,WAT,0.0,333.0,333.0,11/3/2021,Withdrawn,11/3/2021,11/9/2021,,,11/9/2021,PS,11/3/2021,11/3/2021,NR,N,,WMA,N,,,,,,
1190,Solar Knox,,Knox,ME,CMP 115kV Line 80,ISO-NE,SUN,33.5,33.5,33.5,10/28/2021,Active,12/31/2027,,,,10/24/2025,PV,1/31/2028,12/31/2027,NR,Y,PD,ME,Y,Document Posted,Document Posted,,,Executed,
1189,Wendall Depot Substation - NG WMA Group 3,,Franklin,MA,NG Wendall Depot Substation,,SUN BAT,27.981,27.981,27.981,10/27/2021,Withdrawn,12/31/2027,6/13/2025,,,6/16/2025,OT,12/31/2027,12/31/2027,,N,PD,WMA,N,,,,,,
1188,Ware Substation - NG WMA Group 3,,Hampshire,MA,NG Ware Substation,,SUN BAT,11.0,11.0,11.0,10/27/2021,Withdrawn,12/31/2027,6/13/2025,,,6/16/2025,OT,12/31/2027,12/31/2027,,N,PD,WMA,N,,,,,,
1187,W. Charlton Substation - NG WMA Group 3,,Worcester,MA,NG W. Charlton Substation,,BAT,19.984,19.984,19.984,10/27/2021,Withdrawn,12/31/2027,6/13/2025,,,6/16/2025,OT,12/31/2027,12/31/2027,,N,PD,WMA,N,,,,,,
1186,Treasure Valley Substation - NG WMA Group 3,,Worcester,MA,NG treasure Valley Substation,,BAT,9.992,9.992,9.992,10/27/2021,Withdrawn,12/31/2027,6/13/2025,,,6/16/2025,OT,12/31/2027,12/31/2027,,N,PD,WMA,N,,,,,,
1185,Stafford St. Substation - NG WMA Group 3,,Worcester,MA,NG Stafford St. Substation,,SUN BAT,22.448,22.448,22.448,10/27/2021,Withdrawn,12/31/2027,6/13/2025,,,6/16/2025,OT,12/31/2027,12/31/2027,,N,PD,WMA,N,,,,,,
1184,Snow St. Substation - NG WMA Group 3,,Worcester,MA,NG Snow St. Substation,,SUN BAT,27.836,27.836,27.836,10/27/2021,Withdrawn,12/31/2027,6/13/2025,,,6/16/2025,OT,12/31/2027,12/31/2027,,N,PD,WMA,N,,,,,,
1183,Royalston Substation - NG WMA Group 3,,Worcester,MA,NG Royalston Substation,,SUN BAT,5.0,5.0,5.0,10/27/2021,Withdrawn,12/31/2027,6/13/2025,,,6/16/2025,OT,12/31/2027,12/31/2027,,N,PD,WMA,N,,,,,,
1182,Pratts Junc. Substation - NG WMA Group 3,,Worcester,MA,NG Pratts Junc. Substation,,BAT,14.94,14.94,14.94,10/27/2021,Withdrawn,12/31/2027,6/13/2025,,,6/16/2025,OT,12/31/2027,12/31/2027,,N,PD,WMA,N,,,,,,
1181,N. Oxford Substation - NG WMA Group 3,,Worcester,MA,NG N. Oxford Substation,,SUN BAT,20.396,20.396,20.396,10/27/2021,Withdrawn,12/31/2027,6/13/2025,,,6/16/2025,OT,12/31/2027,12/31/2027,,N,PD,WMA,N,,,,,,
1180,Millbury Substation - NG WMA Group 3,,Worcester,MA,NG Millbury Substation,,SUN BAT,11.742,11.742,11.742,10/27/2021,Withdrawn,12/31/2027,6/13/2025,,,6/16/2025,OT,12/31/2027,12/31/2027,,N,PD,WMA,N,,,,,,
1179,Meadow Street 552 Substation - NG WMA Group 3,,Worcester,MA,NG Meadow Street 552 Substation,,SUN BAT,13.799,13.799,13.799,10/27/2021,Withdrawn,12/31/2027,6/13/2025,,,6/16/2025,OT,12/31/2027,12/31/2027,,N,PD,WMA,N,,,,,,
1178,Little Rest Rd Substation - NG WMA Group 3,,Worcester,MA,NG Little Rest Rd Substation,,SUN BAT,5.8,5.8,5.8,10/27/2021,Withdrawn,12/31/2027,6/13/2025,,,6/16/2025,OT,12/31/2027,12/31/2027,,N,PD,WMA,N,,,,,,
1177,Lashaway Substation - NG WMA Group 3,,Worcester,MA,NG Lashaway Substation,,BAT,14.94,14.94,14.94,10/27/2021,Withdrawn,12/31/2027,6/13/2025,,,6/16/2025,OT,12/31/2027,12/31/2027,,N,PD,WMA,N,,,,,,
1176,E. Winchendon Substation - NG WMA Group 3,,Worcester,MA,NG E. Winchendon Substation,,SUN BAT,34.975,34.975,34.975,10/27/2021,Withdrawn,12/31/2026,6/13/2025,,,6/16/2025,OT,12/31/2026,12/31/2026,,N,PD,WMA,N,,,,,,
1175,E. Westminster Substation - NG WMA Group 3,,Worcester,MA,NG E. Westminster Substation,,SUN BAT,4.99,4.99,4.99,10/27/2021,Withdrawn,12/31/2026,6/13/2025,,,6/16/2025,OT,12/31/2026,12/31/2026,,N,PD,WMA,N,,,,,,
1174,Crystal Lake Substation - NG WMA Group 3,,Worcester,MA,NG Crystal Lake Substation,,BAT,7.998,7.998,7.998,10/27/2021,Withdrawn,12/31/2026,6/13/2025,,,6/16/2025,OT,12/31/2026,12/31/2026,,N,PD,WMA,N,,,,,,
1173,Barre Substation - NG WMA Group 3,,Worcester,MA,NG Barre Substation,,SUN BAT,12.398,12.398,12.398,10/27/2021,Withdrawn,12/31/2027,6/13/2025,,,6/16/2025,OT,12/31/2027,12/31/2027,,N,PD,WMA,N,,,,,,
1172,Solar plus Battery,,Merrimack,NH,Eversource 115kV F139 line,,SUN BAT,53.07,53.07,53.07,10/27/2021,Withdrawn,5/31/2025,10/2/2024,,,10/2/2024,OT,7/31/2025,5/31/2025,CNR,N,,NH,Y,Document Posted,Document Posted,,,Not Started,
1171,Twin Energy Wind,,Oxford,ME,Roxbury Substation,ISO-NE,WND,18.3,20.0,20.0,10/25/2021,Active,10/2/2026,,,,10/17/2025,WT,12/4/2026,10/2/2026,CNR,Y,PD,ME,Y,Document Posted,Document Posted,,,Executed,
1170,Battery Storage,,Franklin,MA,"National Grid's PTF (115kV Y-177 line), located at 42.730250 degrees north latitude, -72.931858 degrees west longitude.",,BAT,100.0,100.0,100.0,10/22/2021,Withdrawn,12/14/2022,10/11/2023,,,10/11/2023,OT,1/11/2023,12/14/2022,CNR,N,PD,WMA,N,Document Posted,,,,,Under Study
1169,Roxbury Solar,,Oxford,ME,CMP 12.47 kV distribution circuit 447D1 out of CMP Rumford Substation,ISO-NE,SUN,1.999,1.999,1.999,10/22/2021,Withdrawn,12/1/2026,6/3/2026,,,6/4/2026,PV,12/15/2026,12/1/2026,NR,Y,,ME,Y,,Document Posted,,,Executed,
1168,Fuel Cell,,Hartford,CT,Eversource Northwest Hartford 2N substation circuit 2N17,NU,NG,8.7,8.7,8.7,10/4/2021,Withdrawn,10/1/2023,6/13/2025,,,6/16/2025,FC,10/15/2023,10/1/2023,,Y,PD,CT,Y,,,,,,
1167,Solar,,Windham,CT,Eversource Tracy 14M substation circuit 14M9,NU,SUN,4.0,4.0,4.0,10/4/2021,Withdrawn,12/31/2022,1/30/2023,,,1/31/2023,PV,1/31/2023,12/31/2022,,Y,PD,CT,Y,,,,,,
1166,Battery Storage,,New Haven,CT,Eversource Oxford 26N Substation,,BAT,20.0,20.0,20.0,10/4/2021,Withdrawn,8/1/2024,6/13/2025,,,6/16/2025,OT,9/1/2024,8/1/2024,,N,PD,CT,N,,,,,,
1165,Solar,,Hancock,ME,34.5kV Line on Bar Harbor Road. The 34.5 kV line from Ellsworth to Trenton is not explicitly modeled in the power flow. We added a model for this line and then tapped it at tap 30% of the total line length from Trenton for the POI.,ISO-NE,SUN,0.999,,,10/22/2021,Withdrawn,7/15/2023,6/2/2025,,,6/2/2025,PV,7/15/2023,7/15/2023,CNR,Y,,BHE,Y,,Document Posted,,,In Progress,
1164,Solar,,Coos,NH,"Eversource 34.5 kV Line 384, Pole 4",,SUN,20.0,20.0,20.0,9/23/2021,Withdrawn,11/1/2023,12/7/2022,,,12/7/2022,PV,11/1/2023,11/1/2023,CNR,N,PD,NH,N,In Progress,,,,,Under Study
1163,Battery Storage,,Washington,RI,RIE L190-2 (0.615 miles from Davisville and 1.935 miles from Old Baptist substations).,,BAT,205.0,201.43,201.43,9/22/2021,Active,9/28/2029,,,,11/25/2025,OT,12/7/2029,9/28/2029,NR,Y,,RI,Y,Document Posted,Document Posted,,,Executed,
1162,Solar with Battery,,Windham,CT,"POI will be the three breaker ring bus at the 1607 Line. Approximate Coordinates 41.7119, -71.9379.",,SUN BAT,87.0,95.6,95.6,9/21/2021,Withdrawn,11/30/2023,6/1/2023,,,6/1/2023,OT,12/31/2023,11/30/2023,CNR,N,PD,CT,N,Document Posted,Not Started,,,,Under Study
1161,Solar plus Battery,,Berkshire,MA,Eversource 22.8Kv feeder 15E1 Name of the substation = Partridge 15E substation,ISO-NE,SUN BAT,3.6,3.6,3.6,9/8/2021,Withdrawn,6/15/2022,9/12/2022,,,9/13/2022,OT,7/1/2022,6/15/2022,CNR,N,PD,WMA,Y,Not Required,Document Posted,,,,Under Study
1160,Solar plus Battery,,Berkshire,MA,Eversource 22.8Kv feeder 15E1 Name of the substation = Partridge 15E substation,ISO-NE,SUN BAT,4.536,4.536,4.536,8/31/2021,Withdrawn,6/15/2022,9/12/2022,,,9/13/2022,OT,7/1/2022,6/15/2022,CNR,N,PD,WMA,Y,Not Required,Document Posted,,,,Under Study
1159,Battery Storage,,Suffolk,MA,"Primary POI - Mystic 115 kV Station, Alternative POI - Mystic 345 kV Station",,BAT,276.0,276.0,276.0,8/27/2021,Withdrawn,12/5/2023,8/18/2023,,,8/18/2023,OT,12/30/2023,12/5/2023,NR,N,PD,BOST,N,In Progress,,,,,Under Study
1158,1200 MW DC Transmission Line,,,MA,Mystic 345 kV Substation,,,1200.0,,,8/19/2021,Withdrawn,2/29/2028,6/21/2023,,,6/21/2023,,5/31/2028,2/29/2028,,N,,BOST,N,In Progress,,,,,Under Study
1157,1200 MW DC Transmission Line,,,MA,Mystic 345 kV Substation,,,1200.0,,,8/19/2021,Withdrawn,2/29/2028,12/19/2022,,,12/19/2022,,5/31/2028,2/29/2028,,N,,BOST,N,Not Started,,,,,Under Study
1156,Solar,,Hartford,CT,N. Bloomfield to NE Simsbury 115kV Line. POI is 200 feet east of the NE Simsbury Substation(115kV) and 2.25 miles west of N.Bloomfield(115kV).,,SUN,101.164,101.164,101.164,8/16/2021,Withdrawn,9/15/2024,9/21/2021,,,9/21/2021,PV,10/15/2024,9/15/2024,CNR,N,PD,CT,N,,,,,,
1155,Solar,,Hartford,CT,N. Bloomfield to Agawam 345kV Line. POI is approximately 3.6 mi north of N. Bloomfield (345kV) and 11.5 mi south of Agawam (345kV).,,SUN,101.09,101.09,101.09,8/16/2021,Withdrawn,9/15/2024,9/21/2021,,,9/21/2021,PV,10/15/2024,9/15/2024,CNR,N,PD,CT,N,,,,,,
1154,Offshore wind Inc (QP700),,,MA,Eversource 345kV West Barnstable (921),ISO-NE,WND,18.0,856.2,856.2,8/13/2021,Withdrawn,3/14/2026,1/23/2026,,,1/23/2026,WT,10/30/2026,3/14/2026,NR,Y,PD,SEMA,Y,,Document Posted,,In Progress,,Under Study
1153,Offshore wind,,,MA,"Eversource 115kV Acushnet, lines 112/114, Alternative Eversource Pine Street 115kV",,WND,440.0,440.0,440.0,8/11/2021,Withdrawn,9/1/2026,9/28/2022,,,9/28/2022,WT,11/1/2026,9/1/2026,CNR,N,PD,SEMA,N,In Progress,,,,,Under Study
1152,Solar + Battery Storage,,Hampshire,MA,National Grid 13.8 kV 909W4,,SUN BAT,9.998,9.998,9.998,8/4/2021,Withdrawn,9/1/2022,9/8/2022,,,9/8/2022,OT,9/1/2022,9/1/2022,CNR,N,,WMA,N,,Document Posted,,,Not Started,
1151,13665 Felt Road Solar,,Oxford,ME,"CMP 34.5 kV Feeder 452K1, Woodstock Substation",ISO-NE,SUN BAT,1.968,,,8/4/2021,Completed,12/3/2024,,,,10/17/2025,OT,12/3/2024,12/3/2024,NR,Y,PD,ME,Y,,Document Posted,,,Executed,
1150,Offshore Wind,,,ME,CMP Boothbay Harbor 34.5kV substation,,WND,11.55,11.55,11.55,7/29/2021,Withdrawn,8/1/2023,5/22/2023,,,5/22/2023,WT,9/1/2023,8/1/2023,CNR,N,,ME,N,,In Progress,,,,Under Study
1149,Battery addition,,Franklin,MA,"National Grid's PTF (E-5B, F-6 West PTF transmission lines)",,WAT BAT,6.7,,,8/6/2021,Active,2/5/2027,,,,10/21/2025,OT,3/19/2027,2/5/2027,NR,N,,WMA,Y,Document Posted,Document Posted,,,Executed,
1148,Lite Brite Battery Storage,,Suffolk,MA,"Electric Avenue 115 kV substation (bus number 110926), Zone MA_NST",ISO-NE,BAT,300.0,305.624,305.624,7/13/2021,Active,4/30/2028,,,,4/8/2026,OT,5/26/2028,4/30/2028,CNR,Y,,BOST,Y,Document Posted,Document Posted,,,Executed,
1147,Solar,,Rensselaer,NY,National Grid’s North Troy – Hoosick 115kV Line #5,,SUN,20.0,20.0,20.0,7/8/2021,Active,11/30/2022,,,,7/12/2021,PV,12/30/2022,11/30/2022,,N,PD,,N,,,,,,
1146,Swain Solar,,Oxford,ME,CMP 115kV Line 270,ISO-NE,SUN,40.355,40.91,40.91,7/7/2021,Withdrawn,6/25/2027,10/30/2024,,,11/12/2024,PV,7/9/2027,6/25/2027,CNR,Y,PD,ME,Y,,Document Posted,,,Executed,
1145,Solar,,Hancock,ME,Versant 115 kV Trenton substation bus; Alternate POI - Versant 115kV Line 57,ISO-NE,SUN,20.7,20.7,20.7,7/7/2021,Withdrawn,6/24/2024,5/21/2025,,,5/21/2025,PV,7/8/2024,6/24/2024,CNR,Y,PD,BHE,Y,Document Posted,Document Posted,,,In Progress,
1144,Solar,,Dukes,MA,Eversource 23 kV Line 4-99-99,,SUN BAT,1.0,1.0,1.0,6/17/2021,Withdrawn,10/1/2022,10/26/2021,,,10/27/2021,OT,11/1/2022,10/1/2022,CNR,N,,SEMA,N,,,,,,
1143,Battery Storage,,Middlesex,MA,"Mystic 345 kV between breaker 101, 106 and 107",ISO-NE,BAT,508.248,508.248,508.248,6/15/2021,Active,12/1/2027,,,,4/11/2024,OT,5/31/2028,12/1/2027,CNR,Y,,BOST,Y,Document Posted,Document Posted,,,Executed,
1142,1200 MW DC Bidirectional Transmission line,,Suffolk/Barnstable,MA,"K Street 345 kV Substation associated terminals Boston, MA Bourne 345 kV Substation associated terminals Sandwich, MA",,,,,,6/7/2021,Withdrawn,7/31/2027,12/19/2022,,,12/19/2022,,9/30/2027,7/31/2027,,N,,BOST,N,,,,,,
1141,1200 MW DC Bidirectional Transmission line,,Suffolk/Barnstable,MA,"Mystic 345 kV Substation associated terminals Everett, MA Bourne 345 kV Substation associated terminals Sandwich, MA",,,,,,6/7/2021,Withdrawn,7/31/2027,9/2/2021,,,9/3/2021,,9/30/2027,7/31/2027,,N,,BOST,N,,,,,,
1140,Regional Network Service Request,,Hampden,MA,Eversource 115 kV Lines 1293 & 1302,,,395.0,395.0,316.0,6/3/2021,Withdrawn,10/1/2023,1/11/2022,,,1/11/2022,,10/1/2023,10/1/2023,,N,,WMA,N,,,,,,
1139,Turner Meadow Solar,,Androscoggin,ME,CMP 34.5kV Line 50,ISO-NE,SUN,19.8,20.0,20.0,6/4/2021,Active,10/31/2027,,,,12/29/2025,PV,11/30/2027,10/31/2027,NR,Y,,ME,Y,,Document Posted,,,Executed,
1138,Husky Solar,,Windham,CT,The POI will be located about 6.9 miles from the 1607/1505 line ROW (Exeter Tap) and about 1.1 miles from the Exeter Sub 54N along the 115 kV underground line to the Exeter Sub 54N.,ISO-NE,SUN,50.159,50.159,50.159,6/3/2021,Active,5/1/2030,,,,10/17/2025,PV,5/10/2030,5/1/2030,NR,Y,PD,CT,Y,Document Posted,Document Posted,Not Required,Not Required,Executed,
1137,Nasonville Substation – NG RI-Nasonville-21-Comp-1 Study,,Providence,RI,"NG feeder 127W43, Nasonville Substation",,SUN,9.5,9.5,9.5,5/25/2021,Withdrawn,3/15/2023,6/13/2025,,,6/16/2025,PV,3/15/2023,3/15/2023,,N,PD,RI,N,,,,,,
1136,Nutes Solar,,Strafford,NH,"43°23'7.50""N, 71° 1'23.45""W, Direct Tap, Circuit #3174 34.5 kV",ISO-NE,SUN,20.0,20.0,20.0,5/20/2021,Active,9/14/2026,,,,1/22/2025,PV,9/28/2026,9/14/2026,CNR,Y,,NH,Y,Document Posted,Document Posted,,,Executed,
1135,Solar + Battery Storage,,Coos,NH,"Eversource W179-1 115 kV Line between Berlin and Pontook Hydro Substations, 11.5 miles from the Berlin Substation",,SUN BAT,113.01,113.01,113.01,5/13/2021,Withdrawn,2/15/2025,2/2/2023,,,2/2/2023,OT,5/15/2025,2/15/2025,CNR,N,PD,NH,N,Document Posted,In Progress,,,,Under Study
1134,Noresco Navy,,New London,CT,GU 323,,NG,10.8,10.8,10.8,5/6/2021,Withdrawn,3/1/2023,6/13/2025,,,6/16/2025,IC,4/15/2023,3/1/2023,,N,,CT,Y,,,,,,
1133,Stored Solar Fitchburg CNR Only,,Worcester,MA,Flagg Pond 69kv,,WDS,0.0,17.0,17.0,4/27/2021,Completed,8/8/2024,,,,9/10/2024,ST,8/8/2024,8/8/2024,CNR,N,,CMA,N,,,,,Executed,
1132,Solar + Battery Storage,,Hampshire,MA,"13.2 Kv, Circuit #527L1, POI Pole# 52/42-2-3-1",,SUN BAT,3.0,3.0,3.0,4/23/2021,Withdrawn,12/28/2021,9/14/2022,,,9/14/2022,OT,12/28/2021,12/28/2021,CNR,N,,WMA,N,,In Progress,,,,Under Study
1131,Solar + Battery Storage,,Barnstable,MA,Falmouth Station #933 Line #98 Pole# 9105/16,ISO-NE,SUN BAT,4.95,9.9,9.9,4/23/2021,Withdrawn,12/31/2021,9/20/2022,,,9/21/2022,OT,12/31/2021,12/31/2021,CNR,N,,SEMA,Y,,Document Posted,,,,Under Study
1130,Solar + Battery Storage,,Franklin,MA,Eversource 13.8kV 22B3 feeder,,SUN BAT,2.0,2.0,2.0,4/23/2021,Withdrawn,4/30/2022,9/14/2022,,,9/14/2022,OT,4/30/2022,4/30/2022,CNR,N,,WMA,N,,Document Posted,,,Not Started,Under Study
1129,Solar + Battery Storage,,Bristol,MA,The primary connection of the proposed project to Eversource Energy is located at the Wing Lane substation #624 Transformer #1 Line #240. The site is located approximately 0.26 circuit miles from Substation 624 near PSS/E node 111293(Wing Lane 13.2 KV),,SUN BAT,2.456,2.456,2.456,4/22/2021,Withdrawn,10/31/2021,10/4/2022,,,10/4/2022,OT,12/31/2021,10/31/2021,CNR,N,,SEMA,N,,Document Posted,,,Not Started,
1128,Solar + Battery Storage,,Berkshire,MA,Eversource 22.8Kv feeder 15E2 Name of substation = Partridge 15E substation,,SUN BAT,4.536,4.536,4.536,4/21/2021,Withdrawn,7/8/2022,9/12/2022,,,9/13/2022,OT,7/15/2022,7/8/2022,CNR,N,PD,WMA,N,,Document Posted,,,In Progress,Under Study
1127,Solar + Battery Storage,,Barnstable,MA,Eversource East 22.8kV CKT #4-77-450 (Pole# 429/5),,SUN BAT,0.999,0.999,0.999,4/21/2021,Withdrawn,2/17/2022,9/16/2022,,,9/16/2022,OT,2/28/2022,2/17/2022,NR,N,,SEMA,N,,Document Posted,,,In Progress,Under Study
1126,Solar + Battery Storage,,Barnstable,MA,Eversource West 22.8kV CKT #4-77-450 (POLE#429/8),,SUN BAT,4.0,4.0,4.0,4/21/2021,Withdrawn,2/17/2022,9/16/2022,,,9/16/2022,OT,2/28/2022,2/17/2022,CNR,N,,SEMA,N,,Document Posted,,,In Progress,Under Study
1125,Solar,,Somerset,ME,"44°36'30.65""N 69°38'23.26""W. CMP Line 241, new substation on 115kV line between Heywood Road Substation and County Road Substation.",,SUN,72.0,72.0,72.0,4/21/2021,Withdrawn,12/1/2023,9/28/2023,,,9/28/2023,PV,1/31/2024,12/1/2023,CNR,N,PD,ME,N,Document Posted,In Progress,,,,Under Study
1124,Battery Storage,,Hampden,MA,Eversource 345kV Ludlow substation via the 115kV Stony Brook Substation,,BAT,107.5,107.5,107.5,4/21/2021,Withdrawn,10/1/2024,6/26/2023,,,6/26/2023,OT,1/1/2025,10/1/2024,CNR,N,,WMA,N,Document Posted,In Progress,,,,Under Study
1123,Naugatuck Avenue Battery Storage CNR Only (see QP1089),,New Haven,CT,devon 115kV substation,,BAT,0.0,205.32,205.32,4/21/2021,Active,10/1/2028,,,,10/17/2025,OT,10/31/2028,10/1/2028,CNR,N,PD,SWCT,N,,,,,,
1122,Battery Storage,,Addison,VT,VELCO Middlebury Substation @ 46kV bus,,BAT,20.0,20.0,20.0,4/19/2021,Withdrawn,8/31/2022,6/16/2021,,,6/16/2021,OT,12/31/2022,8/31/2022,CNR,N,,VT,N,,,,,,
1121,Offshore wind,,,MA,Brayton Point 345 kV,,WND,1200.0,1200.0,1200.0,4/19/2021,Withdrawn,12/1/2032,10/11/2025,,,10/17/2025,WT,5/31/2033,12/1/2032,CNR,N,PD,SEMA,N,Document Posted,,,,,
1120,Battery Storage,,Windham,CT,Eversource Killingly 345kV Substation,ISO-NE,BAT,204.64,204.64,204.64,4/14/2021,Withdrawn,2/15/2025,4/22/2022,,,4/22/2022,OT,5/1/2025,2/15/2025,NR,N,PD,CT,Y,,Document Posted,,,In Progress,Under Study
1119,Offshore wind,,,MA,"Primary National Grid Brayton Point 345kV, Alt Kent County 345 kV",,WND,1320.0,1320.0,1320.0,4/14/2021,Withdrawn,3/1/2027,4/25/2022,,,4/25/2022,WT,9/1/2027,3/1/2027,CNR,N,PD,SEMA,N,Document Posted,,,,,Under Study
1118,Offshore wind Increase (QP909),,,MA,"National Grid 115kV Bell Rock,",,WND,386.0,1200.0,1200.0,4/15/2021,Withdrawn,3/31/2027,2/13/2024,,,2/13/2024,WT,9/30/2027,3/31/2027,CNR,N,PD,SEMA,N,Document Posted,Not Started,,,,Under Study
1117,Streamfield,,Hampden,MA,"The proposed POI is Buck Pond 115 kV substation, the alternative POI is to build a new substation next to Buck pond 115 kV in the north side by breaking Line 1657",ISO-NE,BAT,202.4,202.4,202.4,4/15/2021,Withdrawn,4/15/2027,4/28/2025,,,4/28/2025,OT,5/31/2027,4/15/2027,CNR,Y,,WMA,Y,Document Posted,Document Posted,,,Executed,
1116,SouthCoast Wind 1,,,MA,Brayton Point making use of QP 837 to connect,ISO-NE,WND,1200.0,1200.0,1200.0,4/13/2021,Active,5/1/2030,,,,6/17/2026,WT,12/31/2031,5/1/2030,NR,Y,PD,RI,Y,Document Posted,Document Posted,,,Executed,
1115,Hecate Energy Eastern Ave Energy Center,,Suffolk,MA,Sta 488 Chelsea 115 kV substation,ISO-NE,BAT,250.0,250.0,250.0,4/8/2021,Active,7/1/2027,,,,9/15/2023,OT,12/14/2027,7/1/2027,CNR,Y,PD,BOST,Y,Document Posted,Document Posted,,,Executed,
1114,Solar,,Somerset,ME,"New Substation Tapping CMP 115 kV Circuit, Section 241",,SUN,103.0,103.0,103.0,4/1/2021,Withdrawn,11/30/2023,4/20/2021,,,4/21/2021,PV,1/31/2024,11/30/2023,CNR,N,PD,ME,N,,,,,,
1113,Rumford Uprate and Battery addition,,Oxford,ME,11.5kV bus at Brookfield owned existing Rumford Falls Substation which is connected to the CMP 115kV 218 Line.,ISO-NE,WAT BAT,8.5,52.5,52.5,3/24/2021,Completed,3/24/2023,,,,5/5/2023,OT,5/5/2023,3/24/2023,CNR,N,PD,ME,Y,,Document Posted,,,Executed,
1112,Battery Storage,,Franklin,MA,115 kV B128 line; 18.88 miles from Barre B128 and 5.3 miles from French King,ISO-NE,BAT,105.0,105.0,105.0,3/24/2021,Withdrawn,7/9/2029,7/3/2024,,,7/3/2024,OT,12/30/2029,7/9/2029,NR,Y,PD,WMA,Y,Document Posted,Document Posted,,Document Posted,In Progress,
1111,Battery Storage,,Norfolk,MA,Ever Source 115kV Ring Station 150 (@ spare bay in breaker and-a-half switchyard),ISO-NE,BAT,20.0,20.0,20.0,3/22/2021,Withdrawn,2/15/2026,9/21/2023,,,9/21/2023,OT,3/1/2026,2/15/2026,CNR,Y,PD,SEMA,Y,Document Posted,Document Posted,,,Not Started,
1110,Norman Street Battery Storage,,Middlesex,MA,Mystic 115kV,ISO-NE,BAT,204.0,204.0,204.0,3/18/2021,Active,2/15/2028,,,,10/25/2023,OT,3/18/2028,2/15/2028,CNR,Y,PD,BOST,Y,Document Posted,Document Posted,,,Executed,
1109,Offshore Wind Inc. (Q806),,,MA,Eversource 345kV West Barnstable (921),ISO-NE,WND,487.0,1314.0,1314.0,3/17/2021,Withdrawn,5/1/2032,1/23/2026,,,1/23/2026,WT,12/31/2032,5/1/2032,NR,Y,PD,SEMA,Y,,Document Posted,,In Progress,,Under Study
1108,Battery Storage,,Plymouth,MA,"Eversource (NSTAR - South) 115 kV Line 116, 0.31 miles from Brook St 115 kV substation and 4.55 miles from Carver 115 kV substation",,BAT,188.96,188.96,188.96,3/16/2021,Withdrawn,2/12/2027,11/15/2024,,,11/15/2024,OT,5/14/2027,2/12/2027,CNR,N,PD,SEMA,N,Document Posted,Not Started,,,,Under Study
1107,Battery Storage,,Plymouth,MA,Eversource (NSTAR - South) 115 kV Wareham Line 108,,BAT,189.0,182.23,182.23,3/16/2021,Withdrawn,2/14/2027,1/8/2025,,,1/8/2025,OT,5/14/2027,2/14/2027,CNR,N,PD,SEMA,Y,Document Posted,Document Posted,,,Not Started,
1106,Battery Storage,,Franklin,MA,Eversource 115 kv Ashfield substation,,BAT,55.05,55.05,55.05,3/15/2021,Withdrawn,2/15/2025,4/22/2021,,,4/23/2021,OT,5/15/2025,2/15/2025,CNR,N,,WMA,N,,,,,,
1105,Battery Storage,,Worcester,MA,National Grid 115 kV Paxton Line A127-4,,BAT,104.5,104.5,104.5,3/15/2021,Withdrawn,2/15/2025,10/20/2021,,,10/21/2021,OT,5/15/2025,2/15/2025,CNR,N,,CMA,N,Document Posted,Not Started,,,,Under Study
1104,Bonny Eagle Energy Storage - Uprate,,York,ME,The battery will connect to Brookfield owned 34.5kV bus inside the Bonny Eagle Power station. The Bonny Eagle Power Station 34.5kV bus ties in to the CMP owned Bonny Eagle substation.,ISO-NE,WAT BAT,8.0,25.5,25.5,3/11/2021,Completed,3/13/2023,,,,4/20/2023,OT,4/20/2023,3/13/2023,CNR,Y,PD,ME,Y,,Document Posted,,,Executed,
1103,Berlin Energy Uprate and Battery Addition,,Coos,NH,22kV bus at Brookfield owned Goebel St Substation connected to the Eversource Berlin 115kV substation.,ISO-NE,WAT BAT,15.0,44.2,44.2,3/10/2021,Completed,9/25/2023,,,,1/2/2024,OT,12/19/2023,9/25/2023,CNR,Y,PD,NH,Y,,Document Posted,,,Executed,In Service
1102,Battery Storage,,Kent,RI,NEC 115 kV G-185S-2,,BAT,200.0,200.0,200.0,3/1/2021,Withdrawn,3/1/2023,11/26/2021,,,11/26/2021,OT,3/1/2023,3/1/2023,CNR,N,PD,RI,N,Document Posted,Not Started,,,,Under Study
1101,Objective ETU - upgrade alternative,,,NH,,ISO-NE,,,,,2/26/2021,Withdrawn,9/14/2025,5/16/2025,,,5/19/2025,,9/14/2025,9/14/2025,,Y,,NH,Y,,Document Posted,,,In Progress,
1100,Solar,,Somerset,ME,"The proposed POI is on Central Maine Power 115 kV line Section 82 (Athens – Hartland), approximately 7.5 circuit miles to Athens Substation and approximately 4.3 circuit miles to Hartland station. Approximate POI coordinates: 44.8759° N, 69.5423° W",ISO-NE,SUN,140.0,143.3,143.3,2/19/2021,Active,2/8/2029,,,,7/14/2026,PV,11/29/2029,2/8/2029,NR,Y,PD,ME,Y,Document Posted,Document Posted,,,Executed,
1099,Solar,,Knox,ME,"Central Maine Power 34.5 kV Line Section 51A (S51A Tap – Highland) @ 44°07'59.3""N, 69°11'43.5""W",ISO-NE,SUN,31.4,31.4,31.4,2/19/2021,Withdrawn,12/15/2024,12/15/2022,,,12/15/2022,PV,12/31/2024,12/15/2024,CNR,N,PD,ME,Y,Document Posted,In Progress,,,,Under Study
1098,Solar,,Hancock,ME,"34.5 kV bus at Versant Power Trenton substation at 44°26'19.81""N, 68°22'29.11""W",ISO-NE,SUN,51.4,51.4,51.4,2/19/2021,Withdrawn,12/15/2024,4/1/2024,,,4/1/2024,PV,12/31/2024,12/15/2024,CNR,Y,PD,BHE,Y,Document Posted,Document Posted,,,Not Started,
1097,Green Apple Solar,,Androscoggin,ME,"44.172365, -70.104225 CMP 115kv Line 212",ISO-NE,SUN,178.59,178.59,178.59,2/15/2021,Withdrawn,5/15/2027,4/6/2026,,,4/7/2026,PV,11/1/2027,5/15/2027,NR,Y,PD,ME,Y,,Document Posted,,Document Posted,Executed,
1096,CMP Winslow 115 kV SS - Winslow-Lakewood Areas Study,,Somerset/Kennebec,ME,CMP Winslow 115 kV SS,CMP,SUN BAT,18.728,18.728,18.728,2/4/2021,Withdrawn,4/30/2024,6/13/2025,,,6/16/2025,OT,4/30/2024,4/30/2024,,Y,PD,ME,Y,,,,,,
1095,CMP Lakewood 115 kV SS - Winslow-Lakewood Areas Study,,Somerset,ME,CMP Lakewood 115 kV SS,CMP,SUN,28.72,28.72,28.72,2/4/2021,Withdrawn,4/30/2024,6/13/2025,,,6/16/2025,PV,4/30/2024,4/30/2024,,Y,PD,ME,Y,,,,,,
1094,CMP County Road 115 kV SS - Winslow-Lakewood Areas Study,,Kennebec,ME,CMP County Road 115 kV SS,CMP,SUN BAT,7.8,7.8,7.8,2/4/2021,Withdrawn,4/30/2024,6/13/2025,,,6/16/2025,OT,4/30/2024,4/30/2024,,Y,PD,ME,Y,,,,,,
1093,NB TA#1365950 HVDC,,"Salisbury, New Brunswick",NB,"Salisbury, New Brunswick",,,0.0,0.0,0.0,2/5/2021,Withdrawn,1/1/2030,12/12/2023,,,12/12/2023,OT,1/1/2030,1/1/2030,,N,,,N,,,,,,
1092,Solar,,Hartford,CT,Eversource North Bloomfield 2A,,SUN,26.0,26.0,26.0,1/20/2021,Withdrawn,8/1/2024,6/13/2025,,,6/16/2025,PV,9/1/2024,8/1/2024,,N,,CT,N,,,,,,
1091,Battery Storage,,Providence,RI,The proposed POI is off the 115kV H17 transmission line owned by NEP via a spare buss position located in the Iron Mine HIll Substation owned by NEC.,,BAT,50.4,50.4,50.4,1/14/2021,Withdrawn,5/2/2022,11/1/2021,,,11/1/2021,OT,5/2/2022,5/2/2022,CNR,N,PD,RI,N,Document Posted,Not Started,,,,Under Study
1090,Park City Offshore Wind CNR,,,MA,Eversource (NSTAR) 345kV West Barnstable,,WND,0.0,838.2,838.2,1/13/2021,Active,5/1/2029,,,,10/17/2025,WT,12/31/2029,5/1/2029,CNR,N,,SEMA,N,,,,,Executed,
1089,Naugatuck Avenue Battery Storage,,New Haven,CT,Devon 115 kV open position between 4T and 5T,ISO-NE,BAT,205.32,205.32,205.32,1/8/2021,Active,10/1/2028,,,,10/20/2023,OT,10/31/2028,10/1/2028,NR,Y,PD,SWCT,Y,Document Posted,Document Posted,,,Executed,
1088,Solar,,Grafton,NH,Littleton W&L Section 30 34.5 kv line or 12.47 kv distrivution line,,SUN,27.0,27.0,27.0,12/7/2020,Withdrawn,5/1/2022,3/9/2023,,,3/9/2023,PV,6/1/2022,5/1/2022,,N,,NH,N,,,,,,
1087,SolarFairfield,,Somerset,ME,New Rice Rips 34.5 kV Substation in Oakland Maine,ISO-NE,SUN,18.14,18.14,18.14,12/17/2020,Active,1/1/2027,,,,8/12/2024,PV,6/30/2027,1/1/2027,NR,Y,PD,ME,Y,,Document Posted,,,Executed,
1086,Warren Meadow Solar,,Knox,ME,CMP 115kV line Section 80,ISO-NE,SUN,74.5,74.5,74.5,11/30/2020,Active,2/29/2028,,,,10/24/2025,PV,3/31/2028,2/29/2028,NR,Y,PD,ME,Y,,Document Posted,,,Executed,
1085,Solar,,Penobscot,ME,BHE 115kV Line 64,,SUN,100.0,100.0,100.0,11/17/2020,Withdrawn,11/30/2024,1/21/2021,,,1/21/2021,PV,12/30/2024,11/30/2024,CNR,N,PD,BHE,N,,,,,,
1084,Battery Storage,,Kennebec,ME,Bowman st 115kV,,BAT,102.0,102.0,102.0,11/4/2020,Withdrawn,9/1/2023,1/27/2021,,,2/8/2021,OT,12/1/2023,9/1/2023,CNR,N,PD,ME,N,,,,,,
1083,Battery Storage,,Middlesex,MA,Mystic 115kV,,BAT,200.0,204.0,204.0,10/29/2020,Withdrawn,10/1/2023,11/30/2020,,,11/30/2020,OT,12/1/2023,10/1/2023,NR,N,PD,BOST,N,,,,,,
1082,Battery Storage,,Middlesex,MA,Mystic 115kV,,BAT,204.0,204.0,204.0,10/29/2020,Withdrawn,2/1/2025,5/7/2021,,,5/7/2021,OT,6/1/2025,2/1/2025,NR,N,PD,BOST,N,In Progress,,,,,Under Study
1081,Solar,,Penobscot,ME,BHE 115kV Line 97,,SUN,100.0,100.0,100.0,10/9/2020,Withdrawn,11/30/2024,10/21/2020,,,10/21/2020,PV,12/30/2024,11/30/2024,CNR,N,PD,BHE,N,,,,,,
1080,Solar,,Oxford,ME,Ludden Lane 115 kV substation (Riley 115 kV line),ISO-NE,SUN,65.0,66.5,66.5,10/8/2020,Withdrawn,10/3/2024,10/18/2024,,,10/18/2024,PV,10/24/2024,10/3/2024,CNR,Y,PD,ME,Y,,Document Posted,,Document Posted,In Progress,
1079,Puddledock Road 115 kV SS - Augusta Area Study,,Kennebec,ME,"CMP WINTHROP Substation, Circuit 256D3",CMP,SUN,2.5,2.5,2.5,10/2/2020,Withdrawn,5/23/2023,6/13/2025,,,6/16/2025,PV,5/23/2023,5/23/2023,,Y,PD,ME,Y,,,,,,
1078,Puddledock Road 115 kV SS - Augusta Area Study,,Kennebec,ME,"CMP PUDDLEDOCK ROAD Substation, Circuit 262D1",CMP,SUN,4.95,4.95,4.95,10/2/2020,Withdrawn,5/16/2023,6/13/2025,,,6/16/2025,PV,5/16/2023,5/16/2023,,Y,,ME,Y,,,,,,
1077,Puddledock Road 115 kV SS - Augusta Area Study,,Kennebec,ME,"CMP BOND BROOK Substation, Circuit 208D1",CMP,SUN,4.875,4.875,4.875,10/2/2020,Withdrawn,1/4/2024,6/13/2025,,,6/16/2025,PV,1/4/2024,1/4/2024,,Y,PD,ME,Y,,,,,,
1076,Bowman Street 115 kV SS - Augusta Area Study,,Kennebec,ME,"CMP WEST STREET Substation, Circuit 255D1",CMP,SUN BAT,4.975,4.975,4.975,10/2/2020,Withdrawn,6/27/2023,6/13/2025,,,6/16/2025,OT,6/27/2023,6/27/2023,,Y,PD,ME,Y,,,,,,
1075,Bowman Street 115 kV SS - Augusta Area Study,,Sagadahoc,ME,"CMP RICHMOND Substation, Circuit 240D1",CMP,SUN,1.75,1.75,1.75,10/2/2020,Withdrawn,9/12/2023,6/13/2025,,,6/16/2025,PV,9/12/2023,9/12/2023,,Y,PD,ME,Y,,,,,,
1074,Bowman Street 115 kV SS - Augusta Area Study,,Kennebec,ME,"CMP MANCHESTER Substation, Circuit 233D1 and 233D2",CMP,SUN BAT,9.475,9.475,9.475,10/2/2020,Completed,3/1/2023,,,,4/18/2023,OT,3/28/2023,3/1/2023,,Y,PD,ME,Y,,,,,,
1073,Bowman Street 115 kV SS - Augusta Area Study,,Kennebec,ME,"CMP GARDINER Substation, Circuit 226D2",CMP,SUN,3.25,3.25,3.25,10/2/2020,Completed,6/28/2022,,,,3/14/2023,PV,6/28/2022,6/28/2022,,Y,,ME,Y,,,,,,
1072,Bowman Street 115 kV SS - Augusta Area Study,,Kennebec,ME,"CMP CAPITOL STREET Substation, Circuit 215D3",CMP,SUN,1.703,1.703,1.703,10/2/2020,Withdrawn,6/15/2023,6/13/2025,,,6/16/2025,PV,6/15/2023,6/15/2023,,Y,PD,ME,Y,,,,,,
1071,Bowman Street 115 kV SS - Augusta Area Study,,Kennebec,ME,"CMP BOWMAN STREET Substation, Circuit 263D1",CMP,SUN BAT,9.94,9.94,9.94,10/2/2020,Completed,9/30/2022,,,,3/14/2023,OT,12/30/2022,9/30/2022,,Y,PD,ME,Y,,,,,,
1070,Augusta E. Side 115 kV SS - Augusta Area Study,,Kennebec,ME,"CMP SOUTH CHINA Substation, Circuit 244D2",CMP,SUN BAT,4.25,4.25,4.25,10/2/2020,Completed,12/13/2022,,,,3/14/2023,OT,12/13/2022,12/13/2022,,Y,PD,ME,Y,,,,,,
1069,Augusta E. Side 115 kV SS - Augusta Area Study,,Kennebec,ME,"CMP SIDNEY Substation, Circuit 242D1",CMP,SUN,4.0,4.0,4.0,10/2/2020,Completed,3/25/2022,,,,3/14/2023,PV,3/25/2022,3/25/2022,,Y,PD,ME,Y,,,,,,
1068,Augusta E. Side 115 kV SS - Augusta Area Study,,Kennebec,ME,"CMP CONY ROAD Substation, Circuit 216D1 and 216D2",CMP,SUN,9.998,9.998,9.998,10/2/2020,Withdrawn,10/21/2024,6/13/2025,,,6/16/2025,PV,10/21/2024,10/21/2024,,Y,PD,ME,Y,,,,,,
1067,Augusta E. Side 115 kV SS - Augusta Area Study,,Kennebec,ME,"CMP BLAIR ROAD Substation, Circuit 207D2",CMP,SUN BAT,3.75,3.75,3.75,10/2/2020,Completed,5/3/2022,,,,3/14/2023,OT,5/3/2022,5/3/2022,,Y,PD,ME,Y,,,,,,
1066,Augusta E. Side 115 kV SS - Augusta Area Study,,Kennebec,ME,"CMP AUGUSTA K5 Substation, Circuit 200D2",CMP,SUN,2.0,2.0,2.0,10/2/2020,Withdrawn,3/1/2024,6/13/2025,,,6/16/2025,PV,3/1/2024,3/1/2024,,Y,PD,ME,Y,,,,,,
1065,Solar,,Penobscot,ME,BHE 115kV Line 97,,SUN,100.0,100.0,100.0,9/25/2020,Withdrawn,11/30/2024,10/9/2020,,,10/9/2020,PV,11/30/2024,11/30/2024,NR,N,PD,BHE,N,,,,,,
1064,Solar,,Washington,ME,"Emera Maine 34.5 kV Line 19, connecting Scott’s Hill Substation and Pembroke Substation Latitude: 44.873 Longitude: -67.356",,SUN,11.8,11.8,11.8,9/17/2020,Withdrawn,8/20/2023,12/1/2020,,,12/1/2020,PV,9/15/2023,8/20/2023,CNR,N,PD,BHE,N,,,,,,
1063,Syncarpha Blandford Solar plus battery storage,,Berkshire,MA,Eversource 23 kv 19J2,,SUN BAT,4.99,9.998,9.998,9/15/2020,Completed,12/9/2021,,,,12/23/2021,OT,12/14/2021,12/9/2021,CNR,N,,WMA,N,,Document Posted,,,Executed,In Service
1062,Battery Storage,,Fairfield,CT,Baird substation,,BAT,100.0,100.0,100.0,9/10/2020,Withdrawn,3/1/2023,12/3/2020,,,12/3/2020,OT,6/1/2023,3/1/2023,CNR,N,PD,SWCT,N,,,,,,
1061,Solar,,Hartford,CT,"The project will connect at North East Simsbury Substation (115 kV), with an alternate POI at the North East Simsbury to North Bloomfield 115 kV line in close proximity to the N.E. Simsbury substation.",,SUN,135.0,135.0,135.0,9/10/2020,Withdrawn,9/30/2022,7/19/2021,,,7/19/2021,PV,10/31/2022,9/30/2022,NR,N,PD,CT,N,Document Posted,,,,,Under Study
1060,Offshore Wind Increase,,,CT,Eversource (CL&P) Millstone 345 kV substation,ISO-NE,WND,0.0,1200.0,1200.0,9/9/2020,Withdrawn,3/31/2027,10/8/2025,,,10/8/2025,WT,11/30/2027,3/31/2027,CNR,N,PD,CT,N,Document Posted,,,,,
1059,Offshore Wind,,,MA,Eversource NSTAR Pilgrim 345 kV substation,,WND,1200.0,1278.9,1278.9,9/9/2020,Withdrawn,3/31/2027,12/13/2022,,,12/14/2022,WT,11/30/2027,3/31/2027,CNR,N,PD,SEMA,N,Document Posted,Not Started,,,,Under Study
1058,Offshore Wind,,,CT,Eversource (CL&P) Millstone 345 kV substation,ISO-NE,WND,1200.0,1266.72,1266.72,9/9/2020,Withdrawn,3/31/2027,10/8/2025,,,10/8/2025,WT,11/30/2027,3/31/2027,CNR,N,PD,CT,Y,Document Posted,Document Posted,,,,
1057,Battery Storage,,Middlesex,MA,Mystic 345 kV,,BAT,500.0,500.0,500.0,8/28/2020,Withdrawn,3/1/2025,4/22/2021,,,4/22/2021,OT,6/1/2025,3/1/2025,NR,N,PD,BOST,N,Document Posted,Not Started,,,,Under Study
1056,Battery Storage,,New Haven,CT,June Street substation,,BAT,50.0,50.0,50.0,8/28/2020,Withdrawn,3/1/2022,3/3/2021,,,3/4/2021,OT,6/1/2022,3/1/2022,CNR,N,,SWCT,N,Document Posted,Not Started,,,,Under Study
1055,Fuel Cell,,New Haven,CT,UI 13.8kV Indian Well Substation,UI,NG,14.4,14.4,14.4,8/26/2020,Completed,10/12/2023,,,,4/29/2024,FC,3/21/2024,10/12/2023,,Y,PD,SWCT,Y,,,,,,
1054,Wood River - NG WRI DG Area Study #2 <5 MW,,Washington,RI,"NG Wood River Substation, feeder 85T2",NGRID,SUN,9.75,9.75,9.75,8/19/2020,Withdrawn,6/15/2025,10/8/2024,,,10/8/2024,PV,6/30/2025,6/15/2025,,Y,PD,RI,Y,,,,,,
1053,Westerly - NG WRI DG Area Study #2 <5 MW,,Washington,RI,"NR Westerly substation, feeder 16F2",NGRID,SUN,4.875,4.875,4.875,8/19/2020,Withdrawn,6/15/2025,9/14/2021,,,9/15/2021,PV,6/30/2025,6/15/2025,,Y,PD,RI,Y,,,,,,
1052,West Cranston - NG WRI DG Area Study #2 <5 MW,,Washington,RI,"NG West Cranston substation, feeder 21F2",NGRID,SUN,1.56,1.56,1.56,8/19/2020,Withdrawn,3/15/2022,9/14/2021,,,9/15/2021,PV,4/1/2022,3/15/2022,,Y,PD,RI,Y,,,,,,
1051,Tower Hill - NG WRI DG Area Study #2 <5 MW,,Washington,RI,"NG Tower Hill substation, feeder 88F7",NGRID,SUN,3.06,3.06,3.06,8/19/2020,Withdrawn,6/15/2025,10/8/2024,,,10/8/2024,PV,6/30/2025,6/15/2025,,Y,PD,RI,Y,,,,,,
1050,Putnam Pike - NG WRI DG Area Study #2 <5 MW,,Providence,RI,"NG Putnam Pike substation, feeder 38F3",,SUN,3.0,3.0,3.0,8/19/2020,Withdrawn,8/15/2021,6/13/2025,,,6/16/2025,PV,8/31/2021,8/15/2021,,N,PD,RI,N,,,,,,
1049,Old Baptist Road - NG WRI DG Area Study #2 <5 MW,,Washington,RI,"NG Old Baptisst Road substation, feeder 46F3",NGRID,SUN,4.0,4.0,4.0,8/19/2020,Withdrawn,3/15/2022,9/14/2021,,,9/15/2021,PV,4/1/2022,3/15/2022,,Y,PD,RI,Y,,,,,,
1048,New London - NG WRI DG Area Study #2 <5 MW,,Kent,RI,"NG New London substation, feeder 150F4",NGRID,SUN,4.875,4.875,4.875,8/19/2020,Withdrawn,3/15/2022,9/14/2021,,,9/15/2021,PV,4/1/2022,3/15/2022,,Y,PD,RI,Y,,,,,,
1047,Kent County - NG WRI DG Area Study #2 <5 MW,,Kent,RI,"NG Kent County Substation, feeders 3309, 22F1 and 3311",NGRID,SUN,13.525,13.525,13.525,8/19/2020,Withdrawn,3/15/2022,6/13/2025,,,6/16/2025,PV,4/1/2022,3/15/2022,,Y,PD,RI,Y,,,,,,
1046,Johnston - NG WRI DG Area Study #2 <5 MW,,Povidence,RI,NG Johnston substation,NGRID,SUN,4.875,4.875,4.875,8/19/2020,Withdrawn,3/15/2022,6/13/2025,,,6/16/2025,PV,4/1/2022,3/15/2022,,Y,PD,RI,Y,,,,,,
1045,Hopkins Hill - NG WRI DG Area Study #2 <5 MW,,Kent,RI,"NG Hopkins Hill substation, feeder 63F3",NGRID,SUN,3.5,3.5,3.5,8/19/2020,Withdrawn,3/15/2022,6/13/2025,,,6/16/2025,PV,4/1/2022,3/15/2022,,Y,PD,RI,Y,,,,,,
1044,Drumrock - NG WRI DG Area Study #2 <5 MW,,Kent,RI,"NG Drumrock sustation, feeder 14F4",NGRID,SUN,4.975,4.975,4.975,8/19/2020,Withdrawn,3/15/2022,6/13/2025,,,6/16/2025,PV,4/1/2022,3/15/2022,,Y,PD,RI,Y,,,,,,
1043,Chase Hill - NG WRI DG Area Study #2 <5 MW,,Washington,RI,NG Chase Hillk substation,NGRID,SUN,7.325,7.325,7.325,8/19/2020,Withdrawn,6/15/2025,10/8/2024,,,10/8/2024,PV,6/30/2025,6/15/2025,,Y,PD,RI,Y,,,,,,
1042,Wood River - NG WRI DG Area Study #2 >5 MW,,Washington,RI,"NG Wood River Substation, feeder 85T2",NGRID,SUN,34.375,34.375,34.375,8/19/2020,Withdrawn,6/15/2025,10/8/2024,,,10/8/2024,PV,6/30/2025,6/15/2025,,Y,PD,RI,Y,,,,,,
1041,Kent County - NG WRI DG Area Study #2 >5 MW,,Kent,RI,"NG Kent County Substation, feeders 3309 and 3310",NGRID,SUN,49.75,49.75,49.75,8/19/2020,Withdrawn,4/14/2024,6/13/2025,,,6/16/2025,PV,7/7/2025,4/14/2024,,Y,PD,RI,Y,,,,,,
1040,Farnum Pike - NG WRI DG Area Study #2 >5 MW,,Providence,RI,"NG Drumrock sustation, feeder 23F3",NGRID,SUN,8.0,8.0,8.0,8/19/2020,Withdrawn,12/15/2022,6/13/2025,,,6/16/2025,PV,12/29/2022,12/15/2022,,Y,PD,RI,Y,,,,,,
1039,Warren Substation – NG RI-Warren-20-Comp-1 Study,,Kent,RI,"NG feeder 5F2, Warren Substation",NGRID,SUN,6.93,6.93,6.93,8/19/2020,Withdrawn,6/28/2024,6/13/2025,,,6/16/2025,PV,8/2/2024,6/28/2024,,Y,PD,RI,Y,,,,,,
1038,Solar,,Merrimack,NH,"3-breaker ring bus tap of the existing Comerford - Dunbarton Tap 230 kV line. This line is owned by National Grid and has the designation of Line B202 N. Latitude/ Longitude : 43.268, -71.66",ISO-NE,SUN,76.25,76.25,76.25,8/7/2020,Withdrawn,10/5/2025,6/17/2025,,,6/18/2025,PV,10/31/2025,10/5/2025,CNR,Y,,NH,Y,,Document Posted,,,Not Started,
1037,Battery Storage,,Suffolk,MA,The Mystic 345 kV substation.,,BAT,700.0,700.0,700.0,8/4/2020,Withdrawn,3/1/2024,4/22/2021,,,4/22/2021,OT,6/1/2024,3/1/2024,NR,N,PD,BOST,N,Document Posted,Not Started,,,,Under Study
1036,Solar plus battery storage,,Carroll,NH,"115 kV bus at Eversource's White Lake Substation in Tamworth, New Hampshire (43.848851, -71.2444465)",,SUN BAT,85.0,85.0,85.0,7/20/2020,Withdrawn,10/2/2023,8/27/2020,,,8/28/2020,OT,10/31/2023,10/2/2023,CNR,N,PD,NH,N,,,,,,
1035,Solar,,Coos,NH,"Eversource Berlin to Lost Nation 115 kV Line W179; 44.564565, -71.19104; 9.69 miles from Berlin substation, 18.27 miles from Lost Nation substation",,SUN,60.0,60.0,60.0,6/29/2020,Withdrawn,11/30/2023,9/22/2020,,,9/23/2020,PV,12/30/2023,11/30/2023,CNR,N,PD,NH,N,,,,,,
1034,Solar,,Coos,NH,"Eversource Whitefield to Berlin 115 kV S136 line (44.36675, -71.52688) 4.3 miles from Whitefield Substation",,SUN,60.0,60.0,60.0,6/29/2020,Withdrawn,11/30/2023,4/30/2021,,,5/3/2021,PV,12/30/2023,11/30/2023,CNR,N,PD,NH,N,Document Posted,Not Started,,,,
1033,Solar,,Ellington,CT,Eversource Scitico #27H9,NU,SUN,6.0,6.0,6.0,6/24/2020,Withdrawn,8/1/2024,6/13/2025,,,6/16/2025,PV,9/1/2024,8/1/2024,,Y,,CT,Y,,,,,,
1032,Eversource Group @ Bell Rock #661,,Bristol,MA,Eversource Bell Rock #661,,SUN BAT,11.992,11.992,11.992,6/23/2020,Withdrawn,9/30/2023,6/13/2025,,,6/16/2025,OT,11/30/2023,9/30/2023,,N,,SEMA,N,,,,,,
1031,Solar,,Hampshire,MA,"NATIONAL GRID 69 kV LINE F-6W, WARE - DEERFIELD Latitude: 42.287024° Longitude: -72.289276°",ISO-NE,SUN,40.0,40.0,40.0,6/18/2020,Withdrawn,8/8/2023,10/19/2022,,,10/19/2022,PV,10/1/2023,8/8/2023,CNR,N,,WMA,Y,Document Posted,Document Posted,,,In Progress,Under Study
1030,Gravel Pit Solar Increase,,Hartford,CT,Line cut and three-breaker ring bus of the 115 kV Connecticut Light & Power Company line between Barbour Hill and Windsor Locks.,ISO-NE,SUN,45.0,120.0,120.0,6/2/2020,Completed,10/28/2024,,,,7/17/2026,PV,8/13/2025,10/28/2024,CNR,Y,PD,CT,Y,,Document Posted,,,Executed,
1029,Solar,,Penobscot,ME,"Emera Maine 115 kV Line 97 BHE, (Passadumkeag to Graham)",ISO-NE,SUN,120.0,120.0,120.0,5/29/2020,Withdrawn,10/2/2023,2/6/2024,,,2/6/2024,PV,12/1/2023,10/2/2023,NR,Y,PD,BHE,Y,Document Posted,Document Posted,,Document Posted,In Progress,
1028,Western Maine Wind Project,,Somerset,ME,"CMP 115 kV Section 222 - coordinates 45° 9'30.90""N, 69°51'1.40""W",ISO-NE,WND,58.8,58.8,58.8,5/28/2020,Completed,4/29/2025,,,,1/13/2026,WT,1/13/2026,4/29/2025,NR,Y,PD,ME,Y,Document Posted,Document Posted,,,Executed,
1027,Solar + Battery Storage,,Berkshire,MA,"National Grid, 13.8kV, DISTRIBUTION CIRCUIT #09-1102W1",ISO-NE,SUN BAT,2.0,2.0,2.0,5/14/2020,Withdrawn,12/1/2022,9/13/2022,,,9/13/2022,OT,12/15/2022,12/1/2022,CNR,Y,,WMA,Y,,,,,In Progress,
1026,Solar,,Oxford,ME,CMP Rumford substation 115 kV,,SUN,90.0,90.0,90.0,5/8/2020,Withdrawn,10/25/2021,6/23/2020,,,6/23/2020,PV,11/22/2021,10/25/2021,NR,N,PD,ME,N,,,,,,
1025,Solar Increase,,Androscoggin,ME,34.5 kV line from Gulf island to Crowleys substation. 102159-97000-101460,,SUN,5.0,20.0,20.0,4/27/2020,Withdrawn,10/1/2021,8/25/2020,,,8/25/2020,PV,11/1/2021,10/1/2021,CNR,N,PD,ME,N,,,,,,
1024,ENA Old Falmouth Road PV + Storage,,Barnstable,MA,"The facility is located approximately 5.5 miles from MASHPEE Substation, via the 23 kV#88 circuit.",,SUN BAT,4.85,4.85,4.85,4/28/2020,Completed,7/5/2024,,,,9/25/2024,OT,8/8/2024,7/5/2024,CNR,N,,SEMA,N,,,,,Executed,
1023,Solar + Battery Storage,,Bristol,MA,Eversource 13.2 kV Circuit #522 approximately 5.95 miles from Fisher Road substation,,SUN BAT,2.425,2.425,2.425,4/24/2020,Withdrawn,10/20/2021,3/4/2022,,,3/4/2022,OT,10/20/2021,10/20/2021,CNR,N,,SEMA,N,,,,,Not Started,
1022,Cranberry Highway Solar + Battery Storage,,Plymouth,MA,The primary connection of the proposed project to Eversource Energy is located on Tremont Station 713 Transformer #1 Line #86. The site is located approximately 2.29 circuit miles from Substation 713 near CYME® node 1200910-295. Circuit 3-86-966,,SUN BAT,2.2,,,4/24/2020,Completed,2/5/2022,,,,2/22/2022,OT,2/15/2022,2/5/2022,CNR,N,,SEMA,N,,,,,Executed,
1021,Emery Meadow Solar,,York,ME,"CMP 34.5 kV, Section 182",ISO-NE,SUN,16.425,16.425,16.425,4/27/2020,Active,9/1/2027,,,,7/11/2024,PV,9/30/2027,9/1/2027,CNR,Y,PD,ME,Y,,Document Posted,,,Executed,
1020,Silver Maple Wind CNR,,Penobscot,ME,"Emera Maine 115kV Transmission Line 66, between Graham Substation and Rebel Hill substation, adjacent to Pisgah Mountain Wind Farm.",,WND,0.0,20.0,20.0,4/24/2020,Completed,9/24/2022,,,,12/14/2022,WT,12/14/2022,9/24/2022,CNR,N,,BHE,N,,,,,Executed,In Service
1019,Battery Storage,,Penobscot,ME,Chester 46 kV,ISO-NE,BAT,20.0,20.0,20.0,4/24/2020,Withdrawn,1/1/2024,9/19/2023,,,9/19/2023,OT,4/1/2024,1/1/2024,NR,N,PD,BHE,Y,,Document Posted,,,In Progress,Under Study
1018,Passadumkeag Wind CNR,,Peneobscot,ME,"Interconnection shall be at the point where the leads from the switch located on the high side of the 115 kV/34.5 kV transformer connect into the 115 kV ring bus at the Passadumkeag Substation in Greenbush, Maine",,WND,0.0,39.97,39.97,4/24/2020,Completed,11/15/2021,,,,8/29/2024,WT,11/15/2021,11/15/2021,NR,N,,BHE,N,,,,,Executed,
1017,Battery Storage,,New Haven,CT,Eversource East Devon 345 kV Substation,ISO-NE,BAT,200.0,200.0,200.0,4/24/2020,Withdrawn,7/1/2026,2/19/2025,,,2/19/2025,OT,10/1/2026,7/1/2026,NR,Y,,SWCT,Y,Document Posted,Document Posted,,,In Progress,
1016,Solar,,Hillsborough,NH,At the Eversource NH 314 line (34.5kV) out of the South Milford substation.,ISO-NE,SUN,16.0,16.0,16.0,4/24/2020,Withdrawn,10/31/2024,5/1/2024,,,5/1/2024,PV,11/25/2024,10/31/2024,NR,Y,,NH,Y,,Document Posted,,,In Progress,
1015,Battery Storage,,Penobscot,ME,Orrington 115kV,ISO-NE,BAT,112.2,112.2,112.2,4/22/2020,Withdrawn,9/1/2024,8/22/2023,,,10/3/2023,OT,12/1/2024,9/1/2024,CNR,N,PD,BHE,Y,,Document Posted,,Not Required,,
1014,Battery Storage,,Penobscot,ME,EMERA Keene Rd 115 kV substation,ISO-NE,BAT,112.2,112.2,112.2,4/22/2020,Withdrawn,3/1/2024,8/22/2023,,,10/3/2023,OT,6/1/2024,3/1/2024,CNR,Y,PD,BHE,Y,,Document Posted,,,,
1013,Solar,,Sagadahoc,ME,"CMP 34.5kV line 43, pole 278",ISO-NE,SUN,17.2,17.07,17.07,4/22/2020,Withdrawn,9/16/2030,9/26/2025,,,9/26/2025,PV,10/31/2030,9/16/2030,NR,Y,PD,ME,Y,,Document Posted,,,In Progress,
1012,Combined Cycle,,Suffolk,MA,Eversource Mystic 115 kV station,,NG,800.0,800.0,850.0,4/20/2020,Withdrawn,5/31/2024,8/28/2020,,,8/28/2020,CC,6/1/2024,5/31/2024,CNR,N,PD,BOST,N,,Not Started,,,,
1011,Combined Cycle,,Suffolk,MA,Eversource Mystic 345 kV station,,NG,800.0,800.0,850.0,4/20/2020,Withdrawn,5/31/2024,8/28/2020,,,8/28/2020,CC,6/1/2024,5/31/2024,CNR,N,PD,BOST,N,,In Progress,,,,Under Study
1010,Berkshire Wind CNR,,Berkshire,MA,Eversource 15-E 4 circuit. Interconnection Circuit connects to 115 KV transmission system at Partridge Substation in Pittsfield MA,,WND,0.0,19.6,19.6,4/10/2020,Completed,9/13/2021,,,,12/1/2021,WT,9/13/2021,9/13/2021,CNR,N,,WMA,N,,,,,Executed,
1009,Eversource Group @ Wing Lane 624,,Bristol,MA,Eversource Wing Lane #624,,SUN BAT,18.989,18.989,18.989,4/9/2020,Withdrawn,9/30/2023,6/13/2025,,,6/16/2025,OT,11/30/2023,9/30/2023,,N,,SEMA,N,,,,,,
1008,Eversource Group @ West Pond 737,,Plymouth,MA,Eversource West Pond #737,,SUN BAT,44.12,44.12,44.12,4/9/2020,Withdrawn,9/30/2023,6/13/2025,,,6/16/2025,OT,11/30/2023,9/30/2023,,N,,SEMA,N,,,,,,
1007,Eversource Group @ Wareham 714,,Plymouth,MA,Eversource Wareham #714,,SUN BAT,48.019,48.019,48.019,4/9/2020,Withdrawn,9/30/2023,6/13/2025,,,6/16/2025,OT,11/30/2023,9/30/2023,,N,,SEMA,N,,,,,,
1006,Eversource Group @ Valley 715,,Barnstable,MA,Eversource Valley 715,,SUN BAT,9.98,9.98,9.98,4/9/2020,Withdrawn,9/30/2023,6/13/2025,,,6/16/2025,OT,11/30/2023,9/30/2023,,N,,SEMA,N,,,,,,
1005,Eversource Group @ Tremont Substation 713,,Plymouth,MA,Eversource Tremont 713,,SUN BAT,33.735,33.735,33.735,4/9/2020,Withdrawn,9/30/2023,6/13/2025,,,6/16/2025,OT,11/30/2023,9/30/2023,,N,,SEMA,N,,,,,,
1004,Eversource Group @ Sandwich 916,,Barnstable,MA,Eversource Sandwich 916,,SUN BAT,11.75,11.75,11.75,4/9/2020,Withdrawn,9/30/2023,6/13/2025,,,6/16/2025,OT,11/30/2023,9/30/2023,,N,,SEMA,N,,,,,,
1003,Eversource Group @ Rochester #745,,Plymouth,MA,Eversource Rochester #745,,SUN BAT,24.618,24.618,24.618,4/9/2020,Withdrawn,9/30/2023,6/13/2025,,,6/16/2025,OT,11/30/2023,9/30/2023,,N,,SEMA,N,,,,,,
1002,Solar,,Plymouth,MA,Eversource Kingston 735,,SUN,2.76,2.76,2.76,4/9/2020,Withdrawn,9/30/2023,6/13/2025,,,6/16/2025,PV,11/30/2023,9/30/2023,,N,,SEMA,N,,,,,,
1001,Eversource Group @ Industrial Park 636,,Bristol,MA,Eversource Industrial Park 636,,SUN BAT,29.11,29.11,29.11,4/9/2020,Withdrawn,9/30/2023,6/13/2025,,,6/16/2025,OT,11/30/2023,9/30/2023,,N,,SEMA,N,,,,,,
1000,Solar + battery,,Barnstable,MA,Eversource Harwich 968,,SUN BAT,3.15,3.15,3.15,4/9/2020,Withdrawn,9/30/2023,6/13/2025,,,6/16/2025,OT,11/30/2023,9/30/2023,,N,,SEMA,N,,,,,,
999,Eversource Group @ Fisher Rd Substation 657,,Bristol,MA,Eversource Fisher Rd 657,,SUN BAT,27.948,27.948,27.948,4/9/2020,Withdrawn,9/30/2023,6/13/2025,,,6/16/2025,OT,11/30/2023,9/30/2023,,N,,SEMA,N,,,,,,
998,Eversource Group @ Falmouth 993,,Barnstable,MA,Eversource Falmouth 933,,SUN BAT,7.99,7.99,7.99,4/9/2020,Withdrawn,9/30/2023,6/13/2025,,,6/16/2025,OT,11/30/2023,9/30/2023,,N,,SEMA,N,,,,,,
997,Eversource Group @ Crystal Spring 646,,Middlesex,MA,Eversource Crystal Spring 646,,SUN BAT,7.499,7.499,7.499,4/9/2020,Withdrawn,9/30/2023,6/13/2025,,,6/16/2025,OT,11/30/2023,9/30/2023,,N,,SEMA,N,,,,,,
996,Eversource Group @ Cross Rd 651,,Bristol,MA,Eversource Cross Rd #651,,SUN BAT,9.5,9.5,9.5,4/9/2020,Withdrawn,9/30/2023,6/13/2025,,,6/16/2025,OT,11/30/2023,9/30/2023,,N,,SEMA,N,,,,,,
995,Solar + Battery,,Norfolk,MA,Eversource Canton #470,,SUN BAT,5.0,5.0,5.0,4/9/2020,Withdrawn,9/30/2023,6/13/2025,,,6/16/2025,OT,11/30/2023,9/30/2023,,N,,SEMA,N,,,,,,
994,Solar + battery,,Middlesex,MA,Eversource Burlington #391,NU,SUN BAT,5.5,5.5,5.5,4/9/2020,Withdrawn,5/21/2025,6/13/2025,,,6/16/2025,OT,5/21/2025,5/21/2025,,Y,,SEMA,Y,,,,,,
993,Solar + Battery,,Plymouth,MA,Eversource Brook St 727,NU,SUN BAT,2.0,2.0,2.0,4/9/2020,Withdrawn,7/31/2025,6/13/2025,,,6/16/2025,OT,7/31/2025,7/31/2025,,Y,,SEMA,Y,,,,,,
992,Eversource Group @ Arsene St 654,,Bristol,MA,Eversource Arsene Street #654,,SUN BAT,7.0,7.0,7.0,4/9/2020,Withdrawn,9/30/2023,6/13/2025,,,6/16/2025,OT,11/30/2023,9/30/2023,,N,PD,SEMA,N,,,,,,
991,Solar,,Franklin,MA,Eversource Cumberland station,NU,SUN,2.5,2.5,2.5,4/9/2020,Withdrawn,9/30/2023,6/13/2025,,,6/16/2025,PV,11/30/2023,9/30/2023,,Y,,WMA,Y,,,,,,
990,Solar,,Berkshire,MA,Eversource Partidge station,NU,SUN,4.89,4.89,4.89,4/9/2020,Withdrawn,9/30/2023,6/13/2025,,,6/16/2025,PV,11/30/2023,9/30/2023,,Y,,WMA,Y,,,,,,
989,Eversource Group Study @ Blandford,,Hampden,MA,Eersource Blandford station,NU,SUN,12.48,12.48,12.48,4/9/2020,Withdrawn,9/30/2023,6/13/2025,,,6/16/2025,PV,11/30/2023,9/30/2023,,Y,,WMA,Y,,,,,,
988,Solar CNR only,,Cheshire,NH,The Project will interconnect at National Grid’s 115 kV line I-135 via a new three circuit breaker ring bus switching station located at 2.9 miles from Eversource’s Fitzwilliam Substation and 20.5 miles from Fitchburg Gas & Electric Light Company’s Flagg Pond Substation.,,SUN,0.0,30.0,30.0,4/7/2020,Withdrawn,6/30/2024,10/31/2021,,,11/1/2021,PV,7/30/2024,6/30/2024,CNR,N,,NH,N,,,,,In Progress,
987,Chariot Solar CNR only,,Cheshire,NH,"NGrid 115 kV Vernon Road tap to Vernon Road Substation, 2.5 mi from Vernon Road Substation",,SUN,0.0,49.5,49.5,4/10/2020,Withdrawn,11/15/2024,1/13/2025,,,1/13/2025,PV,12/15/2024,11/15/2024,NR,N,,NH,N,,,,,Executed,
986,Solar,,Penobscot,ME,Graham Substation – 46 kV open bus tie/breaker -via a tapped existing line approximately 5.1 miles to the substation. (44 51 39.25 N 68 39 28.19 W),ISO-NE,SUN,19.99,19.99,19.99,4/7/2020,Withdrawn,11/30/2028,11/12/2025,,,11/12/2025,PV,12/31/2028,11/30/2028,NR,Y,PD,BHE,Y,Document Posted,Document Posted,,Not Started,In Progress,
985,Solar,,Washington,ME,Emera Maine 34.5kV Line 3 approximately 1.8 miles from Washington County Substation (WCS),,SUN,4.0,4.0,4.0,4/2/2020,Withdrawn,7/15/2021,7/20/2021,,,7/20/2021,PV,7/29/2021,7/15/2021,CNR,N,,BHE,N,,In Progress,,,,Under Study
984,Storage,,Middlesex,MA,National Grid 115kV line 1/2 mile to the East of Billerica 70 substation,ISO-NE,BAT,150.0,150.0,150.0,4/1/2020,Withdrawn,5/31/2023,5/31/2023,,,5/31/2023,OT,9/20/2023,5/31/2023,CNR,Y,,BOST,Y,,Document Posted,,,In Progress,
983,Solar,,Androscoggin,ME,The project will connect at Central Maine Power 200A at Switch 200A-2 (115 kV),,SUN,40.0,40.0,40.0,3/31/2020,Withdrawn,10/16/2022,6/18/2020,,,6/18/2020,PV,11/15/2022,10/16/2022,CNR,N,PD,ME,N,,,,,,
982,Wind,,Litchfield,CT,Eversource Canton 5R,,WND,3.8,3.8,3.8,3/30/2020,Withdrawn,7/1/2024,,,,2/19/2025,WT,9/1/2024,7/1/2024,,N,PD,CT,N,,,,,,
981,Bridgeport Harbor Unit #5 Uprate,,Fairfield,CT,UI Singer Substation 345kv,,DFO NG,0.4,509.6,532.6,3/27/2020,Completed,12/22/2021,,,,3/24/2022,CC,12/22/2021,12/22/2021,CNR,N,PD,SWCT,N,,,,,Executed,
980,Solar addition,,Sullivan,NH,River Road 46 kV (Bus No 108291) is same as the previous interconnection QP799,,SUN,10.0,20.0,20.0,3/26/2020,Withdrawn,10/30/2022,3/5/2021,,,3/5/2021,PV,11/15/2022,10/30/2022,CNR,N,PD,NH,N,,In Progress,,,,Under Study
979,NECEC 1200 MW HVDC (controllable - import only) CNR,,Androscoggin,ME,,,,0.0,,,3/26/2020,Withdrawn,9/1/2024,3/7/2023,,,11/14/2025,,1/7/2026,9/1/2024,NI,N,,ME,N,,,,,Executed,
978,Eversource Group Study @ Wing Lane,,Bristol,MA,Eversource Wing Lane 624,NSTAR,SUN,5.08,5.08,5.08,3/25/2020,Withdrawn,9/30/2023,6/13/2025,,,6/16/2025,PV,11/30/2023,9/30/2023,,Y,PD,SEMA,Y,,,,,,
977,Eversource Group Study @ Wareham,,Plymouth,MA,Eversource Wareham 714,NSTAR,SUN BAT,55.14,55.14,55.14,3/25/2020,Withdrawn,9/30/2023,6/13/2025,,,6/16/2025,OT,11/30/2023,9/30/2023,,Y,PD,SEMA,Y,,,,,,
976,Eversource Group Study @ Industrial Park,,Bristol,MA,Eversource Industrial Park 636,NSTAR,SUN BAT,11.338,11.338,11.338,3/25/2020,Withdrawn,9/30/2023,6/13/2025,,,6/16/2025,OT,11/30/2023,9/30/2023,,Y,PD,SEMA,Y,,,,,,
975,Eversource Group Study @ Crystal Spring,,Plymouth,MA,Eversource Crystal Spring 646,NSTAR,SUN BAT,20.46,20.46,20.46,3/25/2020,Withdrawn,9/30/2023,6/13/2025,,,6/16/2025,OT,11/30/2023,9/30/2023,,Y,PD,SEMA,Y,,,,,,
974,Solar plus Battery,,Bristol,MA,Eversource Cross Road 651,NSTAR,SUN BAT,4.999,4.999,4.999,3/25/2020,Withdrawn,9/30/2023,6/13/2025,,,6/16/2025,OT,11/30/2023,9/30/2023,,Y,PD,SEMA,Y,,,,,,
973,Eversource Group Study @ Brook St,,Plymouth,MA,Eversource Brook St,NSTAR,SUN BAT,9.778,9.778,9.778,3/25/2020,Withdrawn,9/30/2023,6/13/2025,,,6/16/2025,OT,11/30/2023,9/30/2023,,Y,PD,SEMA,Y,,,,,,
972,Rumford Power Repair for Performance Upgrade,,Oxford,ME,"Interconnection of Rumford Power’s 115 kV Bus to CMP’s 115kV bus, located on Rumford Power's support structure, extending to CMP’s 115kV Rumford Industrial Park Substation",,NG,0.205,271.0,280.0,3/25/2020,Completed,11/15/2021,,,,5/16/2022,CC,11/15/2021,11/15/2021,CNR,N,PD,ME,N,,,,,Executed,
971,Combined Cycle Upgrade,,Fairfield,CT,UI Singer Substation,,NG,4.0,564.0,588.0,3/26/2020,Completed,7/12/2021,,,,8/2/2024,CC,7/12/2021,7/12/2021,CNR,N,PD,SWCT,N,,,,,Executed,In Service
970,Wood River Substation - NG Western RI DG Area Study,,Washington,RI,NG Wood River Substation,NGRID,SUN,7.84,7.84,7.84,3/18/2020,Withdrawn,8/1/2021,6/13/2025,,,6/16/2025,PV,8/15/2021,8/1/2021,,Y,PD,RI,Y,,,,,,
969,Tower Hill Substation - NG Western RI DG Area Study,,Washington,RI,NG Tower Hill Substation,NGRID,SUN,2.0,2.0,2.0,3/18/2020,Withdrawn,8/1/2021,6/13/2025,,,6/16/2025,PV,8/15/2021,8/1/2021,,Y,PD,RI,Y,,,,,,
968,Putnam Pike Substation - NG Western RI DG Area Study,,Providence,RI,NG Putnam Pike Substation,NGRID,SUN,5.62,5.62,5.62,3/18/2020,Withdrawn,8/1/2021,6/13/2025,,,6/16/2025,PV,8/15/2021,8/1/2021,,Y,PD,RI,Y,,,,,,
967,Old Baptist Road Substation - NG Western RI DG Area Study,,Washington,RI,NG Old Baptist Road Substation,NGRID,SUN,4.422,4.422,4.422,3/18/2020,Withdrawn,8/1/2021,6/13/2025,,,6/16/2025,PV,8/15/2021,8/1/2021,,Y,PD,RI,Y,,,,,,
966,New London Substation - NG Western RI DG Area Study,,Kent,RI,NG New London Substation,,SUN,3.0,3.0,3.0,3/18/2020,Withdrawn,8/1/2021,6/13/2025,,,6/16/2025,PV,8/15/2021,8/1/2021,,N,PD,RI,N,,,,,,
965,Kent County Substation - NG Western RI DG Area Study,,Kent,RI,NG Lafayette No. 30 (supplied by Kent County Substation),NGRID,SUN,10.368,10.368,10.368,3/18/2020,Withdrawn,8/1/2021,6/13/2025,,,6/16/2025,PV,8/15/2021,8/1/2021,,Y,PD,RI,Y,,,,,,
964,Kenyon Substation - NG Western RI DG Area Study,,Washington,RI,NG Kenyon Substation,NGRID,SUN,3.5,3.5,3.5,3/18/2020,Withdrawn,8/1/2021,6/13/2025,,,6/16/2025,PV,8/15/2021,8/1/2021,,Y,PD,RI,Y,,,,,,
963,Johnston Substation - NG Western RI DG Area Study,,Providence,RI,NG Johnston Substation,NGRID,SUN,4.25,4.25,4.25,3/18/2020,Withdrawn,8/1/2021,6/13/2025,,,6/16/2025,PV,8/15/2021,8/1/2021,,Y,PD,RI,Y,,,,,,
962,Drumrock - NG Western RI DG Area Study,,Kent,RI,NG Drumrock,NGRID,SUN,3.85,3.85,3.85,3/18/2020,Withdrawn,8/1/2021,6/13/2025,,,6/16/2025,PV,8/15/2021,8/1/2021,,Y,PD,RI,Y,,,,,,
961,Wolf Hill substation - NG Western RI DG Area Study,,Providence,RI,NG Wolf Hill Substation,NGRID,SUN,2.2,2.2,2.2,3/18/2020,Withdrawn,8/1/2021,6/13/2025,,,6/16/2025,PV,8/15/2021,8/1/2021,,Y,PD,RI,Y,,,,,,
960,Chase Hill Substation - NG Western RI DG Area Study,,Washington,RI,NG Chase Hill Substation,NGRID,SUN,6.339,6.339,6.339,3/18/2020,Withdrawn,8/1/2021,6/13/2025,,,6/16/2025,PV,8/15/2021,8/1/2021,,Y,PD,RI,Y,,,,,,
959,Chase Hill Substation - NG Western RI DG Area Study,,Washington,RI,"NG feeder 88F1, Chase Hill Substation",NGRID,SUN,6.75,6.75,6.75,3/18/2020,Completed,8/1/2021,,,,1/13/2025,PV,8/15/2021,8/1/2021,,Y,PD,RI,Y,,,,,,
958,Wood River - NG Western RI DG Area Study,,Washington,RI,"NG feeder 85T2, Wood River Substation",NGRID,SUN,6.474,6.474,6.474,3/18/2020,Withdrawn,1/17/2022,6/13/2025,,,6/16/2025,PV,1/24/2022,1/17/2022,,Y,PD,RI,Y,,,,,,
957,Tower Hill - NG Western RI DG Area Study,,Washington,RI,"NG feeder 88F1, Tower Hill substation",NGRID,SUN,6.75,6.75,6.75,3/18/2020,Withdrawn,12/15/2022,6/13/2025,,,6/16/2025,PV,1/15/2023,12/15/2022,,Y,PD,RI,Y,,,,,,
956,Solar,,Rockingham,NH,Eversource NH 3103 Line (34.5 kV) out of Brentwood substation extended along Exeter Rd,ISO-NE,SUN,10.0,10.0,10.0,3/16/2020,Withdrawn,10/4/2024,5/1/2024,,,5/1/2024,PV,10/28/2024,10/4/2024,NR,Y,,NH,Y,,Document Posted,,,In Progress,
955,Vineyard Offshore Wind CNR Only,,,MA,Eversource 115kV Barnstable Switch Station,,WND,0.0,800.0,800.0,3/12/2020,Completed,1/2/2024,,,,4/27/2026,WT,4/24/2026,1/2/2024,CNR,N,,SEMA,N,,,,,Executed,
954,Tiverton Uprate,,Newport,RI,Interconnection with Narragansett Electric Company's M13 and L14 115kV line taps to NEC's Tiverton substation.,,NG,0.0,287.5,305.5,3/5/2020,Completed,5/31/2021,,,,3/21/2023,CC,5/31/2021,5/31/2021,CNR,N,PD,SEMA,N,,,,,Executed,In Service
953,BD Solar Church Hill,,Androscoggin,ME,101105 Augusta East w New Breaker,ISO-NE,SUN,20.0,20.0,20.0,2/19/2020,Active,5/31/2028,,,,2/14/2024,PV,6/30/2028,5/31/2028,NR,Y,,ME,Y,,Document Posted,,,Executed,
952,Solar,,Androscoggin,ME,"CMP 34.5kV line. 44.074807, -70.280400",,SUN,4.99,4.99,4.99,2/18/2020,Withdrawn,8/31/2021,4/8/2020,,,4/8/2020,PV,9/30/2021,8/31/2021,NR,N,,ME,N,,,,,,
951,Riley-Jay-Otis-Livermore,,Androscoggin/Franklin,ME,CMP 115 kV Section 230,ISO-NE,WAT,28.325,28.325,28.325,2/3/2020,Completed,2/27/2024,,,,11/4/2024,HD,11/1/2024,2/27/2024,NR,Y,PD,ME,Y,Document Posted,Document Posted,,,Executed,In Service
950,Solar,,Oxford,ME,New substation on CMP 34.5 kV circuit Section #97 as shown on one-line,ISO-NE,SUN,17.0,17.0,17.0,1/20/2020,Withdrawn,6/15/2024,8/23/2022,,,8/23/2022,PV,6/20/2024,6/15/2024,CNR,N,PD,ME,Y,Document Posted,In Progress,,,,Under Study
949,Fuel Cell,,Fairfield,CT,UI 13.8kV Congress I Substation,UI,NG,9.66,9.66,9.66,1/23/2020,Withdrawn,12/1/2024,6/13/2025,,,6/16/2025,FC,12/1/2024,12/1/2024,,Y,,SWCT,Y,,,,,,
948,Solar,,Grafton,NH,Eversource 115kV B-112 transmission line just east of Beebe River Substation,,SUN,51.02,51.02,51.02,1/10/2020,Withdrawn,5/1/2022,11/3/2020,,,11/3/2020,PV,6/1/2022,5/1/2022,CNR,N,PD,NH,N,Document Posted,,,,,Under Study
947,Battery Storage,,Androscoggin,ME,"Sec 377, Approx. 2.71 miles east of Surowiec 345kV bus",,BAT,200.0,200.0,200.0,1/7/2020,Withdrawn,12/7/2022,3/12/2020,,,3/12/2020,OT,12/7/2022,12/7/2022,CNR,N,PD,ME,N,,,,,,
946,Solar,,York,ME,"CMP 34.5 kv, Section 182",CMP,SUN,18.4,18.4,18.4,12/27/2019,Withdrawn,8/15/2021,4/1/2020,,,4/1/2020,PV,8/31/2021,8/15/2021,CNR,N,PD,ME,N,,,,,,
945,ND OTM LLC Generator Reactivation,,Penobscot,ME,Emera Maine 46 kv Line 5/7 / Old Town Maine @ Penobscot River,ISO-NE,BLQ WDS,8.0,8.0,8.0,12/18/2019,Completed,6/5/2021,,,,6/9/2021,ST,6/5/2021,6/5/2021,NR,Y,PD,BHE,Y,,Document Posted,,,Executed,In Service
944,Bay State Wind 4 Offshore Wind,,,MA,National Grid Brayton Point 345kV,ISO-NE,WND,1200.0,1200.0,1200.0,12/18/2019,Active,3/27/2033,,,,8/8/2024,WT,11/4/2033,3/27/2033,NR,Y,PD,RI,Y,Document Posted,Document Posted,,Document Posted,Executed,
943,Solar,,Androscoggin,ME,Interconnecting to the existing CMP 34.5 kV line Section 72 between Gulf Island and Crowleys (about 3.85 miles from Crowleys).,ISO-NE,SUN,15.0,15.0,15.0,12/12/2019,Withdrawn,10/1/2021,11/12/2021,,,11/12/2021,PV,11/1/2021,10/1/2021,CNR,N,PD,ME,Y,,Document Posted,,,In Progress,Under Study
942,Brayton Road Solar,,Newport,RI,GRID 33F4 Feeder Connecting to Tiverton No. 2 substation,NGRID,SUN,8.423,8.423,8.423,12/10/2019,Completed,1/9/2024,,,,4/29/2024,PV,2/15/2024,1/9/2024,,Y,PD,SEMA,Y,,,,,,
941,Brayton Road Solar,,Newport,RI,GRID 33F4 Feeder Connecting to Tiverton No. 2 substation,NGRID,SUN,3.368,3.368,3.368,12/10/2019,Completed,1/9/2024,,,,4/29/2024,PV,2/15/2024,1/9/2024,,Y,PD,SEMA,Y,,,,,,
940,Gravel Pit Solar increase,,Hartford,CT,Line cut and three-breaker ring bus of the 115 kV Connecticut Light & Power Company line between Barbour Hill and Windsor Locks.,ISO-NE,SUN,25.0,75.0,75.0,12/4/2019,Completed,10/28/2024,,,,7/14/2026,PV,8/13/2025,10/28/2024,CNR,Y,PD,CT,Y,,Document Posted,,,Executed,
939,NB Fuel Cell,,Hartford,CT,Black Rock Substation (Eversource) via the Farmington River Power Company owned Burritt St substation 69kv line 680,ISO-NE,NG,20.24,20.24,20.24,11/25/2019,Completed,5/28/2024,,,,1/13/2025,FC,12/12/2024,5/28/2024,NR,Y,,CT,Y,,Document Posted,,,Executed,In Service
938,Solar,,Merrimack,NH,POI is Eversource NH pole 317/153 of the 317 line out of the Oak Hill Substation.,,SUN,35.0,35.0,35.0,11/21/2019,Withdrawn,9/25/2022,9/21/2020,,,9/21/2020,PV,10/3/2022,9/25/2022,CNR,N,,NH,N,Document Posted,,,,,Under Study
937,Solar CNR only,,York,ME,CMP/Eversource 345 kV Line 391 from Buxton substation to Scobie Pond substation (approx. 27.7 miles from Buxton substation),,SUN,0.0,150.0,150.0,11/14/2019,Withdrawn,12/15/2022,8/12/2021,,,8/12/2021,PV,12/31/2022,12/15/2022,CNR,N,,ME,N,,,,,Executed,
936,Solar,,Coos,NH,115 kV bus of Eversource Paris Substation.,ISO-NE,SUN,45.0,45.0,45.0,10/30/2019,Withdrawn,9/10/2024,12/6/2023,,,12/6/2023,PV,10/1/2024,9/10/2024,NR,Y,,NH,Y,,Document Posted,,,In Progress,
935,West Baldwin Solar,,Cumberland,ME,"CMP 34.5 kv Line, Section 91",ISO-NE,SUN,17.1,17.1,17.1,10/30/2019,Active,8/31/2029,,,,5/5/2025,PV,9/30/2029,8/31/2029,NR,Y,PD,ME,Y,,Document Posted,,,Executed,
934,Pembroke Solar,,Merrimack,NH,"Eversource Pole 334/201 of the 334G Line looped between Garvins & Rimmon, roughly 3.5 miles from Garvins",ISO-NE,SUN,17.5,17.5,17.5,10/25/2019,Withdrawn,8/5/2024,1/6/2025,,,1/6/2025,PV,9/1/2024,8/5/2024,NR,Y,,NH,Y,,Document Posted,,,Executed,
933,Coolidge Solar CNR Only,,Windsor,VT,115 kV Coolidge Substation,,SUN,0.0,19.9,19.9,10/22/2019,Completed,12/12/2018,,,,12/1/2020,PV,11/13/2020,12/12/2018,CNR,N,,VT,N,,,,,Executed,
932,Solar,,Carroll,NH,"115 kV Eversource K1214 line between Saco Valley and Lovell, approximately 3.46 miles from Saco Valley.",ISO-NE,SUN,110.0,110.0,110.0,10/22/2019,Withdrawn,9/12/2025,11/23/2022,,,1/3/2023,PV,10/3/2025,9/12/2025,CNR,N,PD,ME,Y,,In Progress,,,,Under Study
931,Roxbury Solar,,Oxford,ME,CMP Roxbury substation 115 kV bus,ISO-NE,SUN,55.0,55.0,55.0,10/22/2019,Withdrawn,10/3/2024,10/18/2024,,,10/18/2024,PV,10/24/2024,10/3/2024,NR,Y,PD,ME,Y,,Document Posted,,,Executed,
930,Millstone Increase,,New London,CT,Eversource's Millstone 345 KV switchyard (15G) - no change to existing connection,ISO-NE,NUC,37.0,1262.0,1262.0,10/17/2019,Completed,5/26/2022,,,,10/24/2022,ST,5/26/2022,5/26/2022,CNR,Y,PD,CT,Y,,Document Posted,,,Executed,In Service
929,GDC Saco Solar,,York,ME,CMP Louden 34.5kV substation,ISO-NE,SUN,20.0,20.0,20.0,10/15/2019,Active,11/1/2027,,,,8/31/2023,PV,11/15/2027,11/1/2027,NR,Y,PD,ME,Y,,Document Posted,,,Executed,
928,Solar,,Somerset,ME,"34.5 kV bus at CMP's Lakewood Substation in Madison, Maine",ISO-NE,SUN,20.0,20.0,20.0,10/9/2019,Withdrawn,3/15/2027,11/27/2023,,,11/27/2023,PV,4/1/2027,3/15/2027,CNR,N,PD,ME,Y,Document Posted,Document Posted,,,In Progress,
927,Offshore Wind,,,CT,"Primary: Eversource (CL&P) 345kV Montville, Alternatively Eversource (CL&P) 345kV Millstone.",ISO-NE,WND,1200.0,1200.0,1200.0,9/16/2019,Withdrawn,1/31/2031,8/7/2024,,,8/7/2024,WT,5/31/2031,1/31/2031,NR,Y,PD,CT,Y,Document Posted,Document Posted,,,In Progress,
926,Offshore Wind Increase (Q781),,,RI,National Grid's 115kV Davisville Substation,,WND,167.0,871.0,871.0,9/11/2019,Withdrawn,4/30/2023,11/6/2020,,,11/6/2020,WT,12/1/2023,4/30/2023,CNR,N,PD,RI,N,Document Posted,Not Started,,,,Under Study
925,NY QP556 AC,,Onieda/Albany,NY,NY Edic - New Scotland 345 kV,,,0.0,0.0,0.0,9/6/2019,Active,12/31/2023,,,,5/31/2023,,12/31/2023,12/31/2023,,N,PD,,N,,,,,,
924,NY QP543 AC,,Albany/Dutchess,NY,NY Greenbush PV 345 kV,,,0.0,0.0,0.0,9/6/2019,Active,12/31/2023,,,,5/31/2023,,12/31/2023,12/31/2023,,N,PD,,N,,,,,,
923,Solar,,Androscoggin,ME,CMP 34.5 kV Leeds substation,CMP,SUN,20.0,20.0,20.0,9/3/2019,Completed,12/14/2024,,,,3/3/2025,PV,2/25/2025,12/14/2024,,Y,PD,ME,Y,,,,,,
922,Offshore wind Increase (Q829),,,MA,NSTAR Electric Company 345 kV lines 322 and 342,,WND,200.0,600.0,600.0,9/3/2019,Withdrawn,4/1/2025,5/24/2022,,,5/24/2022,WT,7/1/2025,4/1/2025,CNR,N,PD,SEMA,N,Document Posted,Not Started,,,,Under Study
921,Solar and Battery,,York,ME,CMP Bonney Easgle substation - Circuit 610D2,,SUN BAT,9.35,9.35,9.35,8/29/2019,Withdrawn,12/1/2020,10/17/2019,,,10/21/2019,OT,12/31/2020,12/1/2020,,N,PD,ME,N,,,,,,
920,Solar and Battery,,York,ME,CMP Biddleford Pump station - Circuit 605D1,,SUN BAT,11.68,11.68,11.68,8/29/2019,Withdrawn,12/1/2020,10/17/2019,,,10/21/2019,OT,12/31/2020,12/1/2020,,N,PD,ME,N,,,,,,
919,Solar and Battery,,Knox,ME,CMP Thomaston Creek substation - Circuit 246D1,,SUN BAT,5.0,5.0,5.0,8/29/2019,Withdrawn,12/1/2020,10/17/2019,,,10/21/2019,OT,12/31/2020,12/1/2020,,N,PD,ME,N,,,,,,
918,Solar and Battery,,Howard,ME,"CMP Trap Corner substation, Circuit 453D1",,SUN BAT,5.0,5.0,5.0,8/29/2019,Withdrawn,12/1/2020,10/17/2019,,,10/21/2019,OT,12/31/2020,12/1/2020,,N,PD,ME,N,,,,,,
917,Solar and Battery,,Androscoggin,ME,"CMP Great Falls substation, Circuit 436D6",,SUN BAT,7.5,7.5,7.5,8/29/2019,Withdrawn,12/1/2020,10/17/2019,,,10/21/2019,OT,12/31/2020,12/1/2020,,N,PD,ME,N,,,,,,
916,Solar and Battery,,Cumberland,ME,"CMP Fort Hill substation, Circuit 624D1",,SUN BAT,5.0,5.0,5.0,8/29/2019,Withdrawn,12/1/2020,10/17/2019,,,10/21/2019,OT,12/31/2020,12/1/2020,,N,PD,ME,N,,,,,,
915,Solar and Battery,,Oxford,ME,"CMP Rumford substation, Curcuit 447D2",,SUN BAT,5.0,5.0,5.0,8/29/2019,Withdrawn,12/1/2020,10/17/2019,,,10/21/2019,OT,12/31/2020,12/1/2020,,N,PD,ME,N,,,,,,
914,Solar,,Androscoggin,ME,"CMP Deer Rips substation, curcuit 412D4",,SUN,5.0,5.0,5.0,8/29/2019,Withdrawn,12/1/2020,10/17/2019,,,10/21/2019,PV,12/31/2020,12/1/2020,,N,PD,ME,N,,,,,,
913,Solar,,Androscoggin,ME,"CMP Hotel Road substation, Curcuit 420D4",,SUN,9.98,9.98,9.98,8/29/2019,Withdrawn,12/1/2020,10/17/2019,,,10/21/2019,PV,12/31/2020,12/1/2020,,N,PD,ME,N,,,,,,
912,Bloom Energy Fuel Cell,,New London,CT,Eversource Willimantic 14S,NU,FC,10.2,10.2,10.2,8/23/2019,Completed,10/7/2021,,,,10/22/2021,FC,10/20/2021,10/7/2021,,Y,PD,CT,Y,,,,,,
911,Solar,,Oxford,ME,"34.5 kV bus at CMP's Lovell Substation. Lat/Lon 44° 7.315'N, 70° 53.332'W",ISO-NE,SUN,35.0,35.0,35.0,8/22/2019,Withdrawn,12/14/2024,7/5/2022,,,7/5/2022,PV,12/30/2024,12/14/2024,CNR,Y,PD,ME,Y,,Document Posted,,,In Progress,
910,Mousam River Solar,,York,ME,"34.5 kV bus at CMP Sanford Substation ( 43° 25.746'N, 70° 44.085'W)",ISO-NE,SUN,20.0,20.0,20.0,8/27/2019,Completed,9/15/2025,,,,10/30/2025,PV,10/24/2025,9/15/2025,CNR,Y,PD,ME,Y,,Document Posted,,,Executed,
909,Offshore Wind,,,MA,"Primary National Grid 115kV Bell Rock, alt: Eversource 115kV Wings Lane, National Grid 115kV Somerset",,WND,814.0,814.0,814.0,8/1/2019,Withdrawn,4/1/2026,2/13/2024,,,2/13/2024,WT,5/31/2026,4/1/2026,NR,N,PD,SEMA,N,Document Posted,Not Started,,,,Under Study
908,Solar,,Somerset,ME,"CMP Skowhegan North Side substation, Circuit 853D1 and 853D2",,SUN,8.999,8.999,8.999,8/1/2019,Withdrawn,12/1/2020,10/17/2019,,,10/21/2019,PV,12/31/2020,12/1/2020,,N,,ME,N,,,,,,
907,Solar,,Androscoggin,ME,"CMP Hotel Road substation, Circuit 420D4",,SUN,5.0,5.0,5.0,8/1/2019,Withdrawn,8/1/2020,10/17/2019,,,10/21/2019,PV,8/31/2020,8/1/2020,,N,,ME,N,,,,,,
906,Solar,,York,ME,"CMP Pratt & Whitney substation, Circuit 661D2",CMP,SUN,4.8,4.8,4.8,8/1/2019,Completed,7/1/2022,,,,3/14/2023,PV,7/14/2022,7/1/2022,,Y,,ME,Y,,,,,,
905,Battery Storage,,Cumberland,ME,"CMP Mussey Road substation, Circuit 636D2",CMP,BAT,10.0,10.0,10.0,8/1/2019,Withdrawn,8/1/2024,1/8/2025,,,1/8/2025,OT,8/1/2024,8/1/2024,,Y,,ME,Y,,,,,,
904,Battery Storage,,Kennebec,ME,"CMP Puddledock substation, circuit 262D1",CMP,BAT,14.0,14.0,14.0,8/1/2019,Withdrawn,1/1/2024,1/8/2025,,,1/8/2025,OT,1/25/2024,1/1/2024,,Y,,ME,Y,,,,,,
903,Solar,,Kennebec,ME,"CMP Winslow substation, Circuit 870D2",CMP,SUN,6.999,6.999,6.999,8/1/2019,Completed,5/24/2022,,,,7/14/2022,PV,7/13/2022,5/24/2022,,Y,,ME,Y,,,,,,
902,Solar,,Kennebec,ME,"CMP Blair Road substation, Circuit207D2",CMP,SUN,7.2,7.2,7.2,8/1/2019,Completed,6/22/2021,,,,7/2/2021,PV,7/2/2021,6/22/2021,,Y,,ME,Y,,,,,,
901,Solar,,Oxford,ME,"CMP Oxford substation, Circuit 437D2",CMP,SUN,4.6,4.6,4.6,8/1/2019,Completed,6/4/2021,,,,6/28/2021,PV,6/14/2021,6/4/2021,,Y,,ME,Y,,,,,,
900,Solar,,Oxford,ME,"CMP Oxford subsation, Circuit 437D1",CMP,SUN,4.6,4.6,4.6,8/1/2019,Completed,6/4/2021,,,,6/28/2021,PV,6/14/2021,6/4/2021,,Y,,ME,Y,,,,,,
899,1200 MW HVDC Line into Singer (Controllable),,Fairfield,CT,"The proposed point of interconnection is 345kV Singer substation in Bridgeport, CT.",,,1200.0,,,7/29/2019,Withdrawn,7/1/2024,7/31/2020,,,7/31/2020,,9/1/2024,7/1/2024,,N,PD,SWCT,N,Document Posted,Not Started,,,,Under Study
898,Solar,,Grafton,NH,"NGRID 34.5kV transmission/distribution line 3318 in Monroe, NH",,SUN,33.1,33.1,33.1,7/26/2019,Withdrawn,5/1/2022,8/28/2019,,,8/28/2019,PV,6/1/2022,5/1/2022,CNR,N,,NH,N,,,,,,
897,Solar,,Grafton,NH,Eversource 34.5kV bus at the Beebe River Substation,,SUN,60.0,60.0,60.0,7/26/2019,Withdrawn,5/1/2022,8/28/2019,,,8/28/2019,PV,6/1/2022,5/1/2022,CNR,N,,NH,N,,,,,,
896,Saco Solar,,York,ME,"CMPCO 34.5kV Louden Substation Saco, Maine",ISO-NE,SUN,19.6,19.6,19.6,7/17/2019,Withdrawn,6/1/2026,12/8/2025,,,12/15/2025,PV,7/1/2026,6/1/2026,NR,Y,PD,ME,Y,,Document Posted,,Document Posted,Executed,
895,CT additional,,Tolland,CT,Connecticut Light and Power Company d/b/a Eversource Connecticut (ES CT) Card-Mansfield 900 Line operating at 69 kV at the North Eagleville / King Hill Road intersection,,NG WO,10.0,37.05,43.25,6/27/2019,Withdrawn,2/1/2021,8/9/2019,,,8/9/2019,GT,2/1/2021,2/1/2021,CNR,N,,CT,N,,,,,,
894,Gas turbine repowering (Alt. to Q647),,Middlesex,CT,"Middletown 115 kV substation, Bus A, between breakers 1T and 2T",ISO-NE,DFO NG,23.0,376.0,378.0,6/10/2019,Withdrawn,1/16/2025,12/2/2021,,,12/2/2021,GT,5/31/2025,1/16/2025,CNR,Y,,CT,Y,,Document Posted,,,Not Started,
893,Offshore Wind,,,CT,Millstone 345kV alternate: lines 348 and 310,,WND,1200.0,1200.0,1200.0,6/7/2019,Withdrawn,6/1/2024,10/20/2021,,,10/20/2021,WT,5/31/2025,6/1/2024,CNR,N,PD,CT,N,Document Posted,In Progress,,,,Under Study
892,Gravel Pit Solar,,Hartford,CT,Line cut and three-breaker ring bus of the 115 kV Connecticut Light & Power Company line between Barbour Hill and Windsor Locks,ISO-NE,SUN,50.0,50.0,50.0,6/12/2019,Completed,10/28/2024,,,,7/17/2026,PV,8/13/2025,10/28/2024,CNR,Y,,CT,Y,,Document Posted,,,Executed,
891,1400 MW HVDC Line into Millstone,,New London,CT,"The proposed point of Interconnection is the Eversource Millstone 345kV substation in Waterford, CT - Alternate is Haddam 345 kV Substation",,,1400.0,,,5/29/2019,Withdrawn,1/1/2024,1/16/2020,,,1/16/2020,,3/1/2024,1/1/2024,,N,PD,CT,N,Not Started,,,,,Under Study
890,Increase transfer capability for N to S flows (Norwalk Harbor substation to Northport substation),,,CT,,,,,,,5/13/2019,Withdrawn,6/2/2023,6/26/2020,,,6/26/2020,,7/1/2023,6/2/2023,,N,,SWCT,N,In Progress,,,,,Under Study
889,NECEC Elective Transmission Deliverability Upgrades,,Androscoggin,ME,,ISO-NE,,,,,5/1/2019,Completed,8/28/2025,,,,12/31/2025,,12/31/2025,8/28/2025,,Y,PD,ME,Y,,Document Posted,,,Executed,In Service
888,Millinocket Battery additon,,Penobscot,ME,"115/34.5 kV Powersville Rd Substation and Millinocket Sub 4, 34.5 kV Bus",ISO-NE,WAT BAT,0.0,126.0,126.0,4/26/2019,Completed,12/7/2020,,,,3/4/2021,OT,12/30/2020,12/7/2020,CNR,Y,PD,BHE,Y,,Document Posted,,,Executed,In Service
887,Battery Storage,,Plymouth,MA,Eversource Line 113 at Wareham 115 kV substation,ISO-NE,BAT,150.0,150.0,150.0,4/26/2019,Withdrawn,4/30/2026,11/14/2023,,,11/14/2023,OT,5/31/2026,4/30/2026,NR,N,PD,SEMA,Y,Document Posted,In Progress,,,,Under Study
886,Battery Storage,,Norfolk,MA,Eversource 345 kV Holbrook,,BAT,200.0,200.0,200.0,4/26/2019,Withdrawn,4/30/2023,3/6/2020,,,3/9/2020,OT,5/31/2023,4/30/2023,CNR,N,PD,SEMA,N,Document Posted,,,,,Under Study
885,Fuel Cell,,Hartford,CT,Black Rock Substation (Eversource) via the Farmington River Power Company owned Burritt St substation 69kv line 680,,NG,20.24,20.24,20.24,4/25/2019,Withdrawn,5/1/2020,9/3/2019,,,9/3/2019,FC,6/30/2020,5/1/2020,CNR,N,,CT,N,,,,,,
884,Nutmeg Solar CNR only,,Hartford,CT,115kV Sitico Sub,,SUN,0.0,19.9,19.9,4/24/2019,Completed,11/15/2020,,,,1/12/2021,PV,12/7/2020,11/15/2020,CNR,N,,CT,N,,,,,Executed,
883,Kendall Combined Cycle increase,,Middlesex,MA,Kendall CT and Kendall Steam 3: point where Eversource Line 875-539 connects to Eversource 115 kV bus at Station 875. Kendall Jet: point where Eversource breaker J1242 connects to A bus at Kendall Station.,ISO-NE,DFO NG,16.449,264.953,268.523,4/24/2019,Withdrawn,6/1/2025,3/4/2025,,,3/4/2025,CC,6/1/2025,6/1/2025,CNR,Y,PD,BOST,Y,,Document Posted,,,Executed,
882,Kendall CNR Restoration,,Middlesex,MA,Kendall CT and Kendall Steam 3: point where Eversource Line 875-539 connects to Eversource 115 kV bus at Station 875. Kendall Jet: point where Eversource breaker J1242 connects to A bus at Kendall Station.,,DFO NG,13.551,248.504,252.074,4/24/2019,Completed,11/4/2021,,,,12/14/2021,CC,11/4/2021,11/4/2021,CNR,Y,,BOST,Y,,Document Posted,,,Executed,
881,Fore River CNR Uprate,,Norfolk,MA,NSTAR Edgar 115kv substation.,,DFO NG,0.0,800.0,843.0,4/18/2019,Completed,6/1/2020,,,,6/2/2020,CC,6/1/2020,6/1/2020,CNR,N,,SEMA,N,,,,,Executed,
880,Generator reactivation,,Penobscot,ME,Emera Maine 46kv Line 5/7 / Old Town Maine @ Penobscot River,,BLQ WDS,24.0,24.0,24.0,4/17/2019,Withdrawn,9/30/2020,5/15/2019,,,5/15/2019,ST,10/30/2020,9/30/2020,CNR,N,,BHE,N,,,,,,
879,Simple Cycle Combustion Turbine Repowering (alternative to Q647),,Middlesex,CT,"Middletown 115 kV substation, Bus A, between breakers 1T and 2T",,DFO NG,0.0,376.0,378.0,4/15/2019,Withdrawn,1/16/2023,5/28/2019,,,5/28/2019,GT,5/31/2023,1/16/2023,CNR,N,,CT,N,,,,,,
878,Solar,,Sullivan,NH,Eversource Lost Nation Substation (34.5 kV),,SUN,19.8,19.8,19.8,4/15/2019,Withdrawn,3/5/2020,5/1/2019,,,5/2/2019,PV,11/5/2020,3/5/2020,NR,N,PD,NH,N,,,,,,
877,Energy Storage,,Norfolk,MA,National Grid's South Wrentham 115kV substation,ISO-NE,BAT,170.0,170.0,170.0,4/11/2019,Active,6/26/2027,,,,6/30/2025,OT,7/26/2027,6/26/2027,NR,Y,PD,SEMA,Y,Document Posted,Document Posted,,,Executed,
876,Energy Storage,,Bristol,MA,Eversource 115kV Cross Road Substation Line 109,ISO-NE,BAT,246.0,246.0,246.0,4/11/2019,Withdrawn,10/28/2024,12/20/2021,,,12/21/2021,OT,12/31/2024,10/28/2024,CNR,Y,PD,SEMA,Y,,Document Posted,,In Progress,,Under Study
875,Farmington Solar CNR only,,Franklin,ME,CMP's Sturtevant - Livermoore Fall 115 kV line,,SUN,0.0,78.4,78.4,4/8/2019,Completed,9/9/2021,,,,10/27/2021,PV,10/27/2021,9/9/2021,CNR,N,,ME,N,,,,,Executed,
874,Cross Town Battery Storage,,Cumberland,ME,"CMP Mosher 115kV Substation - Lat: 43°41'2.39""N Long: 70°23'56.24""W",ISO-NE,BAT,175.0,182.0,182.0,4/8/2019,Completed,9/5/2025,,,,12/1/2025,OT,11/29/2025,9/5/2025,CNR,Y,PD,ME,Y,,Document Posted,,,Executed,
873,1200 MW HVDC Line (controllable) Into Mystic,,Middlesex,MA,The proposed point of Interconnection is: NSTAR Mystic 345kV Substation,,,1200.0,,,4/4/2019,Withdrawn,5/1/2024,7/2/2020,,,7/2/2020,,8/1/2024,5/1/2024,,N,PD,BOST,N,Document Posted,Not Started,,,,Under Study
872,Battery Storage,,Washington,RI,"National Grid 115kV Kent County- West Kingston line Approx: Latitude: 41°28'50.34""N, Longitude: 71°34'24.82""W",,BAT,180.0,180.0,180.0,4/1/2019,Withdrawn,11/15/2022,2/8/2020,,,2/10/2020,OT,3/1/2023,11/15/2022,CNR,N,PD,RI,N,,In Progress,,,,Under Study
871,Energy Storage,,Grafton,NH,PSNH 115kV Littleton substation,,BAT,100.0,100.0,100.0,3/28/2019,Withdrawn,3/1/2022,1/17/2020,,,1/17/2020,OT,5/31/2023,3/1/2022,CNR,N,PD,NH,N,,In Progress,,,,Under Study
870,Solar,,Providence,RI,"NG feeder 26W7, Woonsocket substation",NGRID,SUN,6.22,6.22,6.22,3/26/2019,Withdrawn,4/1/2022,6/13/2025,,,6/16/2025,PV,3/10/2025,4/1/2022,,Y,PD,RI,Y,,,,,,
869,Solar,,Providence,RI,"NG feeder 26W1, Woonsocket substation",NGRID,SUN,6.22,6.22,6.22,3/26/2019,Withdrawn,4/1/2022,6/13/2025,,,6/16/2025,PV,3/10/2025,4/1/2022,,Y,PD,RI,Y,,,,,,
868,Nellie Solar,,Sullivan,NH,"Eversource 34.5 kV line 3410 out of the North Road substation, extended along Maple Street, Newport NH.",ISO-NE,SUN,15.0,15.0,15.0,4/10/2019,Withdrawn,9/4/2024,10/18/2024,,,10/18/2024,PV,10/1/2024,9/4/2024,NR,Y,PD,NH,Y,Document Posted,Document Posted,,,Executed,
867,Wilbraham substation - NG Western MA Area Cluster Study,,Hampden,MA,NG Wilbraham substation,NGRID,SUN,4.0,4.0,4.0,3/21/2019,Completed,12/3/2020,,,,10/27/2021,PV,12/3/2020,12/3/2020,,Y,,WMA,Y,,,,,,
866,Whitmanville substation - NG Western MA Area Cluster Study,,Worcester,MA,NG Whitmanville substation,NGRID,SUN,26.612,26.612,26.612,3/21/2019,Withdrawn,8/1/2020,,,,3/4/2021,PV,8/1/2020,8/1/2020,,Y,,WMA,Y,,,,,,
865,West Hampden 139 substation - NG Western MA Area Cluster Study,,Hampden,MA,NG West Hampden substation,NGRID,SUN,13.173,13.173,13.173,3/21/2019,Withdrawn,7/5/2019,6/13/2025,,,6/16/2025,PV,3/10/2023,7/5/2019,,Y,,WMA,Y,,,,,,
864,W. Charlton substation - NG Western MA Area Cluster Study,,Worcester,MA,NG W. Charlton substation,NGRID,SUN,17.032,17.032,17.032,3/21/2019,Withdrawn,8/29/2020,6/13/2025,,,6/16/2025,PV,10/10/2022,8/29/2020,,Y,,WMA,Y,,,,,,
863,Treasure Valley substation - NG Western MA Area Cluster Study,,Worcester,MA,NG Treasure Valley substation,NGRID,SUN,2.23,2.23,2.23,3/21/2019,Completed,9/19/2019,,,,10/27/2021,PV,9/19/2019,9/19/2019,,Y,,WMA,Y,,,,,,
862,Stafford Street substation - NG Western MA Area Cluster Study,,Worcester,MA,NG Stafford Street substation,NGRID,SUN,20.38,20.38,20.38,3/21/2019,Withdrawn,8/1/2020,10/20/2021,,,10/27/2021,PV,10/1/2022,8/1/2020,,Y,,WMA,Y,,,,,,
861,Snow Street substation - NG Western MA Area Cluster Study,,Worcester,MA,NG Snow Street substation,NGRID,SUN,24.652,24.652,24.652,3/21/2019,Withdrawn,12/31/2020,6/13/2025,,,6/16/2025,PV,4/5/2023,12/31/2020,,Y,,WMA,Y,,,,,,
860,Shutesbury substation - NG Western MA Area Cluster Study,,Hampshire,MA,NG Shutesbury substation,NGRID,SUN,19.992,19.992,19.992,3/21/2019,Withdrawn,12/31/2021,6/13/2025,,,6/16/2025,PV,12/31/2023,12/31/2021,,Y,,WMA,Y,,,,,,
859,Prospect Street substation - NG Western MA Area Cluster Study,,Worcester,MA,NG Prospect Street Substation,,SUN,2.0,2.0,2.0,3/21/2019,Withdrawn,8/1/2020,2/18/2020,,,2/26/2020,PV,8/1/2020,8/1/2020,,N,,WMA,N,,,,,,
858,Pratts Junction substation - NG Western MA Area Cluster Study,,Worcester,MA,NG Pratts Junction substation,,SUN,2.0,2.0,2.0,3/21/2019,Withdrawn,8/1/2020,2/18/2020,,,2/26/2020,PV,8/1/2020,8/1/2020,,N,,WMA,N,,,,,,
857,Powder Mill substation - NG Western MA Area Cluster Study,,Worcester,MA,NG Powder Mill substation,NGRID,SUN,70.664,70.664,70.664,3/21/2019,Withdrawn,8/1/2020,,,,3/4/2021,PV,8/1/2020,8/1/2020,,Y,,WMA,Y,,,,,,
856,New Salem substation - NG Western MA Area Cluster Study,,Worcester,MA,NG New Salem substation,NGRID,SUN,21.272,21.272,21.272,3/21/2019,Withdrawn,8/1/2020,,,,3/4/2021,PV,8/1/2020,8/1/2020,,Y,,WMA,Y,,,,,,
855,Millbury substation - NG Western MA Area Cluster Study,,Worcester,MA,NG Millbury substation,NGRID,SUN,14.44,14.44,14.44,3/21/2019,Withdrawn,5/21/2022,6/13/2025,,,6/16/2025,PV,11/1/2023,5/21/2022,,Y,,WMA,Y,,,,,,
854,Litchfield substation - NG Western MA Area Cluster Study,,Worcester,MA,NG Litchfield substation,NGRID,SUN,9.49,9.49,9.49,3/21/2019,Completed,4/30/2021,,,,10/27/2021,PV,4/30/2021,4/30/2021,,Y,,WMA,Y,,,,,,
853,East Longmeadow substation - NG Western MA Area Cluster Study,,Hampden,MA,NG East Longmeadow,NGRID,SUN,8.99,8.99,8.99,3/21/2019,Withdrawn,11/15/2019,6/13/2025,,,6/16/2025,PV,8/7/2022,11/15/2019,,Y,,WMA,Y,,,,,,
852,E. Webster substation - NG Western MA Area Cluster Study,,Worcester,MA,NG E.. Webster substation,NGRID,SUN,4.88,4.88,4.88,3/21/2019,Withdrawn,8/9/2022,6/13/2025,,,6/16/2025,PV,10/1/2023,8/9/2022,,Y,,WMA,Y,,,,,,
851,Brookfield substation - NG Western MA Area Cluster Study,,Worcester,MA,NG Brookfield substation,,SUN,24.0,24.0,24.0,3/21/2019,Withdrawn,8/1/2020,2/18/2020,,,2/26/2020,PV,8/1/2020,8/1/2020,,N,,WMA,N,,,,,,
850,Bear Swamp Upper Yard substation - NG Western MA Area Cluster Study,,Berkshire,MA,NG Bear Swamp Upper Yard substation,NGRID,SUN,2.5,2.5,2.5,3/21/2019,Completed,9/8/2021,,,,10/27/2021,PV,9/8/2021,9/8/2021,,Y,,WMA,Y,,,,,,
849,Ashburnham substation - NG Western MA Area Cluster Study,,Worcester,MA,NG Ashburnham substation,,SUN,4.98,4.98,4.98,3/21/2019,Withdrawn,1/12/2023,6/13/2025,,,6/16/2025,PV,1/12/2023,1/12/2023,,N,,WMA,N,,,,,,
848,Adams substation - NG Western MA Area Cluster Study,,Berkshire,MA,NG Adams substation,NGRID,SUN,10.978,10.978,10.978,3/21/2019,Withdrawn,12/2/2021,6/13/2025,,,6/16/2025,PV,12/31/2021,12/2/2021,,Y,,WMA,Y,,,,,,
847,Battery Storage,,Essex,MA,Primary POI: Expand NGRID S.Danvers 115 kV substation by connecting to B-154N line Alternative POI: Tap B-154N line two spans west of the S. Danvers substation to construct a new three-breaker ring bus,,BAT,150.0,150.0,150.0,3/19/2019,Withdrawn,4/30/2023,3/6/2020,,,3/9/2020,OT,5/31/2023,4/30/2023,CNR,N,PD,BOST,N,Document Posted,,,,,Under Study
846,Offshore Wind Increase,,,MA,"National Grid, 345 kV Brayton Point Substation, Somerset, MA",ISO-NE,WND,40.0,840.0,840.0,3/19/2019,Withdrawn,9/21/2025,8/10/2022,,,8/10/2022,WT,5/31/2026,9/21/2025,CNR,Y,PD,RI,Y,Document Posted,Document Posted,,,Not Started,
845,Solar,,Windham,CT,3 Breaker Ring Bus on the Eversource 1607 Line (modeling based on same point as Exeter Tap for practical purposes),,SUN,20.0,20.0,20.0,3/18/2019,Withdrawn,6/1/2020,11/8/2019,,,11/12/2019,PV,7/1/2020,6/1/2020,CNR,N,PD,CT,N,In Progress,,,,,Under Study
844,Medway Grid Battery Storage,,Norfolk,MA,Eversource 345 kV West Medway substation,ISO-NE,BAT,250.0,250.0,250.0,3/13/2019,Completed,12/2/2025,,,,2/25/2026,OT,2/25/2026,12/2/2025,CNR,Y,PD,SEMA,Y,Document Posted,Document Posted,,,Executed,In Service
843,Solar,,Essex,VT,"POI location: 44.777214,-71.633269 New 34.5 kV Line Tap at VEC Pole 84-872",,SUN,12.0,12.0,12.0,3/7/2019,Withdrawn,6/1/2020,4/18/2019,,,4/18/2019,PV,7/1/2020,6/1/2020,CNR,N,,VT,N,,,,,,
842,Milo Solar,,Pisataquis,ME,"EMERA 46kV 28 ME-16 Milo, Maine",ISO-NE,SUN,20.0,20.0,20.0,3/5/2019,Completed,6/2/2021,,,,9/27/2021,PV,9/25/2021,6/2/2021,CNR,Y,,BHE,Y,,Document Posted,,,Executed,In Service
841,Quinebaug Solar CNR only,,Windham,CT,Killingly to Tunnel 115 kV line (approx 5.5 miles south of Brooklyn Substation) - New Eversource Canterbury switching station.  GPS Coordinates: - 71 55’ 27.9” W - 41 44’ 14.21” N,,SUN,0.9,49.9,49.9,3/5/2019,Completed,12/11/2021,,,,12/27/2021,PV,12/18/2021,12/11/2021,CNR,N,,CT,N,,,,,Executed,In Service
840,Sanford Airport Solar CNR only,,York,ME,"CMP's Sanford - Maguire 115 kV line, section 237",,SUN,0.0,50.0,50.0,3/1/2019,Completed,10/6/2020,,,,11/9/2020,PV,11/7/2020,10/6/2020,CNR,N,,ME,N,,,,,Executed,In Service
839,Solar,,Kent,RI,GRID 3310 Feeder 34.5 kV to Kent County substation,NGRID,SUN,20.0,20.0,20.0,2/25/2019,Completed,1/20/2023,,,,3/30/2023,PV,3/17/2023,1/20/2023,,Y,PD,RI,Y,,,,,,
838,Solar,,Kent,RI,GRID 3310 Feeder 34.5 kV to Kent County substation,NGRID,SUN,9.8,9.8,9.8,2/25/2019,Withdrawn,9/1/2021,6/13/2025,,,6/16/2025,PV,9/30/2021,9/1/2021,,Y,PD,RI,Y,,,,,,
837,Somerset Wind Link - 1200 MW HVDC Line (Controllable) into Brayton Point,,Bristol,MA,The proposed point of interconnection is: GRID Brayton PT 345kV,ISO-NE,,1200.0,,,2/22/2019,Active,5/1/2030,,,,7/17/2024,,12/31/2031,5/1/2030,,Y,PD,RI,Y,,Document Posted,,Document Posted,Executed,
836,Solar,,Cranston,RI,GRID Feeder 21F1 connected to West Cranston No. 21 substation,NGRID,SUN,6.25,6.25,6.25,1/31/2019,Withdrawn,1/1/2023,6/13/2025,,,6/16/2025,PV,3/1/2023,1/1/2023,,Y,,RI,Y,,,,,,
835,Solar,,Norfolk,MA,"GRID 348W7, Pole P53 on Washington St, Franklin",,SUN,5.0,5.0,5.0,1/22/2019,Withdrawn,8/15/2021,6/13/2025,,,6/16/2025,PV,9/3/2021,8/15/2021,,N,,SEMA,N,,,,,,
834,GD 1-9 Iron Mine Solar,,N. Smithfield,RI,GRID 115 kV H17 Line (via 34.5 kV feeders from new 115/34.5 kV station),NGRID,SUN,38.4,38.4,38.4,1/17/2019,Completed,12/30/2021,,,,5/16/2022,PV,5/13/2022,12/30/2021,,Y,PD,RI,Y,,,,,,
833,Three Rivers Solar,,Hancock,ME,"New 115 kV breaker Ring bus, tapping 115 kV Line 93 (Emera Maine) between Bull Hill & Deblois",ISO-NE,SUN,100.0,100.0,100.0,1/9/2019,Active,8/24/2026,,,,10/26/2023,PV,12/31/2026,8/24/2026,NR,Y,PD,BHE,Y,Document Posted,Document Posted,,Document Posted,Executed,
832,Battery Storage,,Plymouth,MA,"National Grid East Bridgewater 115kV substation, Lat: 42.023890°, Long: -70.966356°",,BAT,150.0,150.0,150.0,1/4/2019,Withdrawn,11/1/2021,9/5/2019,,,9/5/2019,OT,12/1/2021,11/1/2021,CNR,N,PD,SEMA,N,In Progress,,,,,Under Study
831,Battery Storage,,Windham,CT,"Eversource Killingly 345kV substation, Lat: 41.881266°, Long: -71.891253°",ISO-NE,BAT,200.0,200.0,200.0,12/21/2018,Withdrawn,4/1/2024,3/16/2021,,,3/16/2021,OT,5/1/2024,4/1/2024,CNR,Y,PD,CT,Y,,Document Posted,,,In Progress,
830,Offshore Wind,,,MA,NSTAR Electric Company West Barnstable 345 kV.,,WND,860.0,860.0,860.0,12/19/2018,Withdrawn,4/1/2025,5/24/2022,,,5/24/2022,WT,7/1/2025,4/1/2025,CNR,N,PD,SEMA,N,Document Posted,Not Started,,,,Under Study
829,Offshore Wind,,,MA,NSTAR Electric Company 345 kV lines 322 and 342,,WND,400.0,400.0,400.0,12/19/2018,Withdrawn,4/1/2025,5/24/2022,,,5/24/2022,WT,7/2/2025,4/1/2025,CNR,N,PD,SEMA,N,Document Posted,In Progress,,,,Under Study
828,ETU for simultaneous delivery of specific Queued projects,,,MA,,,,,,,12/14/2018,Withdrawn,3/31/2025,8/26/2021,,,8/31/2021,,5/31/2025,3/31/2025,,N,PD,SEMA,N,Document Posted,Not Started,,,,Under Study
827,Westminster - NG Western MA Area Cluster Study,,Worcester,MA,NG Westminster,,SUN,4.875,4.875,4.875,12/14/2018,Completed,6/7/2021,,,,10/27/2021,PV,6/7/2021,6/7/2021,,Y,PD,WMA,Y,,,,,,
826,Wendell Depot Substation - NG Western MA Area Cluster Study,,Franklin,MA,NG Wendell Depot Substation,NGRID,SUN,14.97,14.97,14.97,12/14/2018,Completed,6/1/2021,,,,10/27/2021,PV,10/16/2021,6/1/2021,,Y,PD,WMA,Y,,,,,,
825,Webster St - NG Western MA Area Cluster Study,,Worcester,MA,NG Webster St,,SUN,9.0,9.0,9.0,12/14/2018,Withdrawn,8/1/2020,3/15/2019,,,5/3/2019,PV,8/1/2020,8/1/2020,,N,PD,WMA,N,,,,,,
824,Ware Substation - NG Western MA Area Cluster Study,,Hampshire,MA,NG Ware Substation,NGRID,SUN,13.272,13.272,13.272,12/14/2018,Withdrawn,7/8/2021,6/13/2025,,,6/16/2025,PV,12/31/2023,7/8/2021,,Y,PD,WMA,Y,,,,,,
823,Thorndike Substation - NG Western MA Area Cluster Study,,Hampden,MA,NG Thorndike Substation,NGRID,SUN,12.448,12.448,12.448,12/14/2018,Withdrawn,10/1/2019,6/13/2025,,,6/16/2025,PV,12/31/2023,10/1/2019,,Y,PD,WMA,Y,,,,,,
822,Royalston - NG Western MA Area Cluster Study,,Worcester,MA,NG Royalston,NGRID,SUN,2.5,2.5,2.5,12/14/2018,Withdrawn,4/26/2022,10/20/2021,,,10/27/2021,PV,4/26/2022,4/26/2022,,Y,PD,WMA,Y,,,,,,
821,Pondville - NG Western MA Area Cluster Study,,Worcester,MA,NG Pondville,,SUN,4.875,4.875,4.875,12/14/2000,Withdrawn,5/22/2022,6/13/2025,,,6/16/2025,PV,5/22/2022,5/22/2022,,N,PD,WMA,N,,,,,,
820,Palmer Substation - NG Western MA Area Cluster Study,,Hampden,MA,NG Palmer Substation,NGRID,SUN,18.095,18.095,18.095,12/14/2018,Withdrawn,2/28/2019,6/13/2025,,,6/16/2025,PV,1/20/2022,2/28/2019,,Y,PD,WMA,Y,,,,,,
819,N. Oxford Substation - NG Western MA Area Cluster Study,,Worcester,MA,NG N. Oxford Substation,NGRID,SUN,8.7,8.7,8.7,12/14/2018,Completed,1/31/2020,,,,10/27/2021,PV,12/30/2020,1/31/2020,,Y,PD,WMA,Y,,,,,,
818,Meadow Street 552 Substation - NG Western MA Area Cluster Study,,Worcester,MA,NG Meadow Street 552 Substation,NGRID,SUN,13.38,13.38,13.38,12/14/2018,Withdrawn,6/20/2020,6/13/2025,,,6/16/2025,PV,11/8/2022,6/20/2020,,Y,PD,WMA,Y,,,,,,
817,Little Rest Rd Substation - NG Western MA Area Cluster Study,,Worcester,MA,NG Little Rest Rd Substation,NGRID,SUN,6.0,6.0,6.0,12/14/2018,Withdrawn,8/14/2020,6/13/2025,,,6/16/2025,PV,8/20/2022,8/14/2020,,Y,PD,WMA,Y,,,,,,
816,Leicester - NG Western MA Area Cluster Study,,Worcester,MA,NG Lecester,,SUN,2.592,2.592,2.592,12/14/2018,Completed,5/31/2021,,,,10/27/2021,PV,5/31/2021,5/31/2021,,N,PD,WMA,N,,,,,,
815,Lashaway Substation - NG Western MA Area Cluster Study,,Worcester,MA,NG Lashaway Substation,NGRID,SUN,13.675,13.675,13.675,12/14/2018,Withdrawn,7/20/2020,6/13/2025,,,6/16/2025,PV,4/15/2022,7/20/2020,,Y,PD,WMA,Y,,,,,,
814,Five Corners Substation - NG Western MA Area Cluster Study,,Hampshire,MA,NG Five Corners Substation,NGRID,SUN,3.0,3.0,3.0,12/14/2018,Completed,7/29/2021,,,,10/27/2021,PV,7/29/2021,7/29/2021,,Y,PD,WMA,Y,,,,,,
813,E. Winchendon Substation - NG Western MA Area Cluster Study,,Worcester,MA,NG E. Winchendon Substation,NGRID,SUN,3.9,3.9,3.9,12/14/2018,Withdrawn,6/26/2022,6/13/2025,,,6/16/2025,PV,6/26/2022,6/26/2022,,Y,PD,WMA,Y,,,,,,
812,E. Westminster Substation - NG Western MA Area Cluster Study,,Worcester,MA,NG E. Westminster Substation,NGRID,SUN,7.98,7.98,7.98,12/14/2018,Withdrawn,3/28/2021,6/13/2025,,,6/16/2025,PV,8/1/2022,3/28/2021,,Y,PD,WMA,Y,,,,,,
811,Crystal Lake Substation - NG Western MA Area Cluster Study,,Worcester,MA,NG Crystal Lake Substation,NGRID,SUN,24.73,24.73,24.73,12/14/2018,Completed,4/19/2019,,,,10/27/2021,PV,12/31/2020,4/19/2019,,Y,PD,WMA,Y,,,,,,
810,Chestnut Hill 702 Substation - NG Western MA Area Cluster Study,,Worcester,MA,NG Chestnut Hill 702 Substation,NGRID,SUN,3.276,3.276,3.276,12/14/2018,Completed,3/5/2020,,,,10/27/2021,PV,3/5/2020,3/5/2020,,Y,PD,WMA,Y,,,,,,
809,Belchertown Substation - NG Western MA Area Cluster Study,,Hampden,MA,NG Belchertown Substation,NGRID,SUN,8.0,8.0,8.0,12/14/2018,Completed,6/21/2021,,,,10/27/2021,PV,8/8/2021,6/21/2021,,Y,PD,WMA,Y,,,,,,
808,Barre substation - NG Western MA Area Cluster Study,,Worcester,MA,NG Barre substation,NGRID,SUN,12.398,12.398,12.398,12/14/2018,Withdrawn,4/20/2021,6/13/2025,,,6/16/2025,PV,12/30/2022,4/20/2021,,Y,PD,WMA,Y,,,,,,
807,FPS Panton Solar,,Addison,VT,Vergennes 115 kV Substation,ISO-NE,SUN,50.0,50.0,50.0,12/13/2018,Active,11/1/2029,,,,7/13/2022,PV,12/1/2029,11/1/2029,NR,Y,PD,VT,Y,,Document Posted,,,Executed,
806,Offshore Wind,,,MA,Eversource 345 kV West Barnstable Substation,ISO-NE,WND,827.0,827.0,827.0,12/12/2018,Withdrawn,5/1/2032,1/23/2026,,,1/23/2026,WT,12/31/2032,5/1/2032,CNR,Y,PD,SEMA,Y,Document Posted,Document Posted,,In Progress,,Under Study
805,Solar,,Middletown,RI,GRID Jepson 37K33,NGRID,SUN,10.99,10.99,10.99,12/10/2018,Withdrawn,2/5/2025,6/13/2025,,,6/16/2025,PV,2/26/2025,2/5/2025,,Y,PD,RI,Y,,,,,,
804,Solar,,Windham,CT,"Eversource, 23kV, Line 14MX29, POI is ~3.6 miles from Tracy Substation, POI Lat/Long = 41.907528, -71.914968",,SUN,5.0,5.0,5.0,12/10/2018,Withdrawn,7/1/2020,2/4/2019,,,2/4/2019,PV,7/1/2020,7/1/2020,CNR,N,,CT,N,Not Started,,,,,
803,Solar,,York,ME,Tap CMP existing 115 kV line section 225 approximately 2.25 miles from Sanford 115 kV Substation,ISO-NE,SUN,50.0,50.0,50.0,12/6/2018,Withdrawn,6/1/2021,8/4/2021,,,8/4/2021,PV,7/1/2021,6/1/2021,CNR,N,PD,ME,Y,,Document Posted,,,In Progress,
802,Generator Increase,,Hartford,CT,Connecticut Light and Powers 13.8 kv Forestville 12A Substation,ISO-NE,MSW,2.08,15.6,15.6,12/4/2018,Withdrawn,9/3/2019,8/6/2019,,,8/6/2019,ST,9/3/2019,9/3/2019,CNR,N,,CT,Y,,In Progress,,,,
801,Solar,,Cheshire,NH,"Eversource 34.5 kV distribution circuit #3178, near pole 2/97 on Brattleboro Rd (Rt 119) in Hinsdale, NH Chestnut Hill SS, approx. 3.8 miles away)",,SUN,14.0,14.0,14.0,11/30/2018,Withdrawn,3/1/2022,2/15/2019,,,2/15/2019,PV,4/1/2022,3/1/2022,NR,N,PD,NH,N,,,,,,
800,Solar,,Somerset,ME,CMP 34.5 kV express feeder at project site (Approx. 2.12 mile feeder originating from CMP North Anson substation),,SUN,19.8,19.8,19.8,11/30/2018,Withdrawn,3/1/2022,2/13/2019,,,2/14/2019,PV,4/1/2022,3/1/2022,NR,N,PD,ME,N,,,,,,
799,Solar,,Sullivan,NH,Primary POI - PSNH 46 kV River Road substation; Alternate POI - GMP 46 kV Line 102,ISO-NE,SUN,10.0,10.0,10.0,11/16/2018,Withdrawn,10/1/2021,3/5/2021,,,3/15/2021,PV,11/1/2021,10/1/2021,CNR,N,PD,NH,Y,Document Posted,Document Posted,,,,Under Study
798,Solar,,Androscoggin,ME,Interconnecting to existing CMP 34.5 kV Sabattus substation,,SUN,15.0,15.0,15.0,11/8/2018,Withdrawn,10/1/2021,8/2/2019,,,8/2/2019,PV,11/1/2021,10/1/2021,CNR,N,PD,ME,N,In Progress,,,,,Under Study
797,Solar,,Worcester,MA,"GRID P7 and P8 McCormick Rd/Meadow St 552L5 (Spencer, MA)",NGRID,SUN,8.125,8.125,8.125,11/5/2018,Withdrawn,12/1/2020,6/13/2025,,,6/16/2025,PV,12/30/2020,12/1/2020,,Y,PD,WMA,Y,,,,,,
796,Solar,,Hartford,CT,Tap of existing 115 kV Connecticut Light & Power Company line between Barbour Hill and Windsor Locks,,SUN,50.0,50.0,50.0,10/26/2018,Withdrawn,10/15/2022,12/6/2018,,,12/6/2018,PV,11/1/2022,10/15/2022,CNR,N,,CT,N,,,,,,
795,Solar (QF),,North Kingstown,RI,GRID L-190 line via new station,NGRID,SUN,56.496,56.496,56.496,10/26/2018,Withdrawn,5/15/2021,4/4/2022,,,6/15/2022,PV,6/1/2021,5/15/2021,,Y,PD,RI,Y,,,,,,
794,Solar (QF),,North Kingstown,RI,GRID L-190 line via new station,NGRID,SUN,10.0,10.0,10.0,10/26/2018,Withdrawn,12/31/2024,6/13/2025,,,6/16/2025,PV,4/1/2025,12/31/2024,,Y,PD,RI,Y,,,,,,
793,Solar (QF),,North Kingstown,RI,GRID L-190 line via new station,NGRID,SUN,40.0,40.0,40.0,10/26/2018,Withdrawn,9/29/2023,6/13/2025,,,6/16/2025,PV,4/1/2025,9/29/2023,,Y,PD,RI,Y,,,,,,
792,Offshore Wind,,,CT,"Eversource (CL&P) 345kV Montville, alternatively Eversource (CL&P) 345kV Millstone",ISO-NE,WND,805.0,805.0,805.0,10/19/2018,Withdrawn,4/1/2023,1/13/2022,,,1/13/2022,WT,5/31/2023,4/1/2023,CNR,Y,PD,CT,Y,Document Posted,Document Posted,,,Not Started,
791,Offshore Wind,,,CT,"Eversource (CL&P) 345kV Montville, alternatively Eversource (CL&P) 345kV Millstone",,WND,805.0,805.0,805.0,10/19/2018,Withdrawn,4/1/2023,3/5/2020,,,3/6/2020,WT,5/31/2023,4/1/2023,CNR,N,PD,CT,N,Document Posted,ISA Not Executed,,,,Under Study
790,Solar,,Coos,NH,"Eversource, 115kV, Line X178-3, POI ~2.2 miles from Whitefield Substation, POI Lat/Long = 44.368066, -71.640429",,SUN,15.0,15.0,15.0,10/11/2018,Withdrawn,7/1/2020,2/13/2019,,,2/13/2019,PV,7/1/2020,7/1/2020,CNR,N,PD,NH,N,Not Started,,,,,
789,CHP,,Newport,RI,GRID 13.8 kV supplied by 69/13.8 KV Navy Substion in RI,NGRID,NG,6.268,6.268,9.091,9/28/2018,Withdrawn,6/1/2021,6/13/2025,,,6/16/2025,GT,6/30/2021,6/1/2021,,Y,PD,RI,Y,,,,,,
788,Solar,,New London,CT,Primary POI - Eversource Montville Plant 69 kV switchyard via new breaker position. Alternate POI - New 34.5 kV breaker position at Mohegan Tribal Utility Authority (MTUA) Fort Hill Substation.,ISO-NE,SUN,19.9,19.9,19.9,9/28/2018,Withdrawn,7/31/2023,9/9/2022,,,9/9/2022,PV,12/31/2023,7/31/2023,NR,Y,,CT,Y,Document Posted,Document Posted,,,In Progress,
787,Black Hill Point Energy Center,,Windham,CT,New 3 breaker ring bus switching station on Eversource (CL&P) Killingly to Tunnel 115 kV line L-1607.,ISO-NE,SUN,19.9,19.9,19.9,9/26/2018,Withdrawn,7/31/2025,11/27/2024,,,11/27/2024,PV,9/25/2025,7/31/2025,NR,Y,PD,CT,Y,,Document Posted,,,Executed,Under Study
786,Keay Brook Energy Solar,,York,ME,Tap of CMP 34.5 kV Section 185 A TA approximately 3.5 miles north of Lebanon substation,ISO-NE,SUN,19.9,19.9,19.9,9/26/2018,Withdrawn,7/31/2025,11/27/2024,,,11/27/2024,PV,9/25/2025,7/31/2025,NR,Y,PD,ME,Y,,Document Posted,,,Executed,
785,Tilton Heights Energy Center,,Belknap,NH,POI at Eversource 34.5 kV circuit #3216 (sourced from Webster SS) near pole #3798/1.,ISO-NE,SUN,19.9,19.9,19.9,9/26/2018,Withdrawn,7/31/2025,11/27/2024,,,11/27/2024,PV,9/25/2025,7/31/2025,NR,Y,PD,NH,Y,,Document Posted,,,Executed,
784,CPV Towantic incremental,,New Haven,CT,"Eversource 115 KV lines 1575, 1585 and 1990",ISO-NE,DFO NG,45.0,845.5,876.5,9/18/2018,Completed,3/1/2020,,,,4/13/2020,CC,3/1/2020,3/1/2020,CNR,Y,,SWCT,Y,,Document Posted,,,Executed,In Service
783,controllable 150 kV HVDC Tie - Import Only,,Addison,VT,"a new ~60-mile, 400 MW, ±150 kV, VSC-controlled HVDC transmission line originating from New York Power Authority’s (NYPA) Plattsburgh 230 kV Substation in Plattsburgh, NY and terminating at VELCO’s 345 kV Substation at New Haven, Vermont. The project will deliver a maximum of 400 MW from New York to New England. VGL is an elective transmission upgrade project that will begin in Clinton County, NY, and terminate in Addison County, VT.",,,400.0,,,9/18/2018,Withdrawn,10/31/2023,4/17/2019,,,4/17/2019,,12/31/2023,10/31/2023,CNI,N,PD,VT,N,,In Progress,,,,
782,Offshore Wind,,,RI,"NG 115 kV Kent County substation, RI or alternatively NG 345 kV Kent County Substation, RI",,WND,352.0,352.0,352.0,9/13/2018,Withdrawn,4/30/2024,9/27/2019,,,9/27/2019,WT,12/1/2024,4/30/2024,CNR,N,PD,RI,N,Document Posted,Not Started,,,,Under Study
781,Revoultion Offshore wind,,,RI,"NG 115 kV Davisville substation, Washington County",ISO-NE,WND,704.0,704.0,704.0,9/13/2018,Active,3/13/2026,,,,4/27/2022,WT,11/5/2026,3/13/2026,NR,Y,PD,RI,Y,Document Posted,Document Posted,,,Executed,
780,"Combined Reciprocating, Solar and Battery modification",,Middlesex,MA,GRID Hendersonville 593 substation (593W1 and 593W4),NGRID,NG SUN BAT,0.0,7.81,7.81,9/11/2018,Withdrawn,5/1/2022,6/13/2025,,,6/16/2025,OT,5/31/2022,5/1/2022,,Y,PD,BOST,Y,,,,,,
779,Solar with Battery,,Worcester,MA,"GRID Circuit 320W1, Pole 9, Puddon Street, Northbridge",NGRID,SUN BAT,9.98,9.98,9.98,9/4/2018,Completed,3/31/2021,,,,9/17/2021,OT,8/3/2021,3/31/2021,,Y,PD,WMA,Y,,,,,,
778,Kearsarge Solar with battery,,Norfolk,MA,"GRID circuit 335W1, Pole 11 on Williams Way, Bellingham",NGRID,SUN BAT,5.4,5.4,5.4,8/31/2018,Completed,12/6/2021,,,,12/23/2021,OT,12/21/2021,12/6/2021,,Y,PD,SEMA,Y,,,,,,
777,Solar,,North Kingstown,RI,GRID L-190 line,,SUN,30.0,40.0,40.0,8/29/2018,Withdrawn,8/1/2020,10/17/2019,,,5/3/2019,PV,8/1/2020,8/1/2020,,N,PD,SEMA,N,,,,,,
776,Solar,,North Kingstown,RI,GRID 84T3 feeder to Davisville Substation,,SUN,10.0,10.0,10.0,8/29/2018,Withdrawn,10/1/2019,10/17/2018,,,10/22/2018,PV,10/1/2019,10/1/2019,,N,,SEMA,N,,,,,,
775,Solar,,Kennebec,ME,CMP Albion to Detroit 115 kV line approximately 2.5 miles from Albion,,SUN,20.0,20.0,20.0,8/20/2018,Withdrawn,10/15/2021,8/21/2020,,,8/21/2020,PV,11/1/2021,10/15/2021,NR,N,PD,ME,N,Not Required,In Progress,,,,Under Study
774,Solar,,Washington,RI,GRID 85T1 Woodville Road,NGRID,SUN,8.0,8.0,8.0,8/13/2018,Withdrawn,7/1/2021,6/13/2025,,,6/16/2025,PV,7/15/2021,7/1/2021,,Y,,SEMA,Y,,,,,,
773,Solar,,Plymouth,MA,GRID Circuit 912W75 River Street,NGRID,SUN,4.95,4.95,4.95,8/13/2018,Completed,12/1/2019,,,,6/16/2020,PV,12/18/2019,12/1/2019,,Y,,SEMA,Y,,,,,,
772,"Combined Reciprocating, Solar and Battery",,Middlesex,MA,GRID Norman Street D substation (8W1),NGRID,NG SUN BAT,7.81,7.81,7.81,8/7/2018,Completed,5/1/2019,,,,6/6/2019,OT,6/3/2019,5/1/2019,,Y,,BOST,Y,,,,,,
771,Battery Storage,,Penobscot,ME,Lincoln (Maine) - 46 kv - bus #103039,,BAT,19.01,19.01,19.01,7/26/2018,Withdrawn,5/1/2019,8/28/2018,,,8/28/2018,OT,6/1/2019,5/1/2019,CNR,N,PD,BHE,N,,,,,,
770,Solar,,Rockingham,NH,"Eversource 34.5 kV feeder (3184 circuit), Mammoth Rd substation",,SUN,10.0,10.0,10.0,6/20/2018,Withdrawn,5/31/2019,7/27/2018,,,7/27/2018,PV,6/1/2019,5/31/2019,,N,,NH,N,,,,,,
769,Wind,,Berkshire,MA,Eversource 23 kV Feeder Berkshire Substation,,WND,7.5,7.5,7.5,6/13/2018,Withdrawn,2/1/2020,8/21/2018,,,8/21/2018,WT,3/1/2020,2/1/2020,,N,,WMA,N,,,,,,
768,Solar with battery addition,,Hampshire,MA,Eversource Tillson Substation,,SUN BAT,1.32,6.138,6.138,6/13/2018,Completed,6/1/2019,,,,9/30/2019,OT,9/3/2019,6/1/2019,,Y,,WMA,Y,,,,,,
767,Solar,,Fairfield,ME,Tap point on 34.5kV CMP Section 9 approximately 2.2mi west of Shawmut Hydro S/S in the direction of Skowhegan South Side S/S.,,SUN,20.0,20.0,20.0,6/13/2018,Withdrawn,9/14/2020,6/3/2019,,,6/3/2019,PV,11/30/2020,9/14/2020,CNR,N,PD,ME,N,,Not Started,,,,Under Study
766,Solar,,Washington,RI,"GRID 68F1 feeder (Richmond, RI)",NGRID,SUN,5.2,5.2,5.2,5/22/2018,Withdrawn,3/21/2025,6/13/2025,,,6/16/2025,PV,3/28/2025,3/21/2025,,Y,,RI,Y,,,,,,
765,Solar,,Providence,RI,"GRID 228 circuit 23 kV feeder (7 Mile Rd, Scituate)",NGRID,SUN,10.0,10.0,10.0,5/9/2018,Withdrawn,6/30/2021,1/25/2021,,,1/25/2021,PV,7/15/2021,6/30/2021,,Y,,RI,Y,,,,,,
764,Solar,,Providence,RI,"GRID 2228 circuit 23 kV feeder (Hope Rd, Cranston)",NGRID,SUN,10.0,10.0,10.0,5/9/2018,Completed,8/30/2019,,,,9/30/2019,PV,9/30/2019,8/30/2019,,Y,,RI,Y,,,,,,
763,Davenport Solar,,Rutland,VT,"Florence - S. Middlebury Jct. 46 kV line, approx. 4 miles from Florence",ISO-NE,SUN,15.0,15.0,15.0,4/27/2018,Withdrawn,11/1/2021,6/14/2022,,,6/22/2022,PV,12/1/2021,11/1/2021,NR,Y,,VT,Y,,Document Posted,,,Executed,Under Study
762,Solar,,Rutland,VT,"POI tap of GMP Florence - S. Middlebury Jct. 46 kV line, approx. 4 miles from Florence. Site is 13 acres on Carver Street/Syndicate Road, Brandon, VT 05733",,SUN,22.5,22.5,22.5,4/27/2018,Withdrawn,5/15/2020,5/18/2018,,,5/21/2018,PV,8/1/2020,5/15/2020,CNR,N,PD,VT,N,,,,,,
761,Storage,,Middlesex,MA,National Grid 115 kV line M139,,BAT,150.0,150.0,150.0,4/27/2018,Withdrawn,4/30/2021,3/26/2020,,,3/26/2020,OT,5/31/2021,4/30/2021,CNR,N,PD,BOST,N,Document Posted,In Progress,,,,Under Study
760,Downeast Wind,,Washington,ME,Primary POI: Emera Maine 115 line 52 near Epping switching station Alternate POI: Epping station,ISO-NE,WND,126.0,126.0,126.0,4/26/2018,Completed,12/2/2024,,,,6/17/2025,WT,5/29/2025,12/2/2024,NR,Y,PD,BHE,Y,Document Posted,Document Posted,,Document Posted,Executed,In Service
759,Wallingford GT Uprate,,New Haven,CT,WED 115kV Lines 1305 and 1406,,NG,0.0,350.0,350.0,4/26/2018,Completed,5/31/2022,,,,8/12/2022,GT,5/31/2022,5/31/2022,CNR,N,,SWCT,N,,,,,Executed,In Service
758,Ocean State Power uprate,,Providence,RI,NGRID 345kV Sherman Road (existing OSP I and II switchyard),ISO-NE,DFO NG,73.204,631.2,652.342,4/26/2018,Completed,11/30/2025,,,,6/9/2026,CC,5/27/2026,11/30/2025,CNR,Y,PD,RI,Y,Document Posted,Document Posted,Document Posted,,Executed,
757,Solar,,Somerset,ME,"Approximately at 44°42'47.78""N, 69°39'15.37""W at proposed interconnection substation to tap CMP Section 83 line and SAPI Somerset generator tap line. Substation to have short gen tie line to project site located between Kendall Annex Road and Middle Road in Fairfield, Maine",,SUN,20.0,20.0,20.0,4/26/2018,Withdrawn,10/15/2021,8/12/2020,,,8/12/2020,PV,11/1/2021,10/15/2021,CNR,N,PD,ME,N,Document Posted,In Progress,,,,Under Study
756,Solar,,Kennebec,ME,CMP Albion to Detroit 115 kV line approximately 2.5 miles from Albion.,,SUN,20.0,20.0,20.0,4/26/2018,Withdrawn,10/15/2021,8/12/2020,,,8/12/2020,PV,11/1/2021,10/15/2021,CNR,N,PD,ME,N,Document Posted,In Progress,,,,Under Study
755,Bingham Wind CNR Only,,Somerset,ME,CMP 115kV Guilford Substation,,WND,0.0,184.8,184.8,4/25/2018,Completed,8/15/2016,,,,12/27/2018,WT,12/13/2016,8/15/2016,CNR,N,,ME,N,,,,,Executed,In Service
754,Solar,,Cheshire,NH,Primary: NGRID 115 KV Line I-135 between Fitzwilliam Sub and Flagg Pond Sub Alternate 1: NGRID 115 KV Line J-136 between Bellows Falls Sub and Flagg Pond Sub Alternate 2: Eversource 115 KV Bus at Monadnock Substation via short 115 KV gentie line from project site,ISO-NE,SUN,30.0,30.0,30.0,4/25/2018,Withdrawn,6/30/2024,10/31/2021,,,11/1/2021,PV,7/30/2024,6/30/2024,CNR,Y,PD,NH,Y,Document Posted,Document Posted,,,In Progress,Under Study
753,Solar,,Franklin,VT,VEC Sheldon Substation - 46 kV,,SUN,20.0,20.0,20.0,4/20/2018,Withdrawn,10/15/2021,8/6/2019,,,8/6/2019,PV,11/1/2021,10/15/2021,CNR,N,PD,VT,N,In Progress,,,,,Under Study
752,Energy Storage,,Bristol,MA,Eversource 115kV Cross Road Substation [both buses at Cross Road Substation (bus/line 111 = primary; bus/line 109 = alternate)],,BAT,102.85,102.85,102.85,4/19/2018,Withdrawn,3/2/2022,5/13/2019,,,5/14/2019,OT,5/2/2022,3/2/2022,CNR,N,PD,SEMA,N,Document Posted,,,,,Under Study
751,Solar,,Orange,VT,GMP's Randolph Center substation 46 kV,ISO-NE,SUN,20.0,20.0,20.0,4/12/2018,Withdrawn,10/15/2021,8/12/2020,,,8/12/2020,PV,11/1/2021,10/15/2021,CNR,Y,,VT,Y,,Document Posted,,,In Progress,Under Study
750,Solar,,Franklin,VT,"VEC's Highgate - Enosburg 46 kV line, 700 feet from Highgate",,SUN,20.0,20.0,20.0,4/12/2018,Withdrawn,10/15/2021,8/6/2019,,,8/6/2019,PV,11/1/2021,10/15/2021,CNR,N,,VT,N,Document Posted,Not Started,,,,Under Study
749,Solar,,Franklin,ME,CMP Larrabee Road 345 kV,,SUN,150.0,150.0,150.0,4/12/2018,Withdrawn,8/1/2021,8/27/2019,,,8/28/2019,PV,10/31/2021,8/1/2021,CNR,N,PD,ME,N,,,,,,
748,Battery storage addition (see Q746),,Franklin,ME,CMP Larrabee Road Station 345 kV,,WND BAT,24.3,238.6,238.6,4/12/2018,Withdrawn,8/1/2021,8/27/2019,,,8/28/2019,OT,10/31/2021,8/1/2021,CNR,N,PD,ME,N,,,,,,
747,Battery storage addition (see Q745),,Franklin,ME,"CMP Larrabee Road Station,345 kV",,WND BAT,24.4,265.6,265.6,4/12/2018,Withdrawn,8/1/2021,8/27/2019,,,8/28/2019,OT,10/31/2021,8/1/2021,CNR,N,PD,ME,N,,,,,,
746,Wind,,Franklin,ME,CMP Larrabee Road Station 345 kV,,WND,214.3,214.3,214.3,4/12/2018,Withdrawn,10/29/2021,8/27/2019,,,8/28/2019,WT,12/15/2021,10/29/2021,CNR,N,PD,ME,N,,,,,,
745,Wind,,Franklin,ME,CMP Larrabee Road Station 345 kV,,WND,241.2,241.2,241.2,4/12/2018,Withdrawn,8/1/2021,8/27/2019,,,8/28/2019,WT,10/29/2021,8/1/2021,CNR,N,PD,ME,N,,,,,,
744,Wind,,Franklin,ME,Approximate location of the proposed Point of Interconnection is the CMP Avangrid Larrabee Road 345 kV Substation,,WND,150.0,150.0,150.0,4/12/2018,Withdrawn,9/1/2022,2/7/2019,,,2/7/2019,WT,12/1/2022,9/1/2022,CNR,N,PD,ME,N,,,,,,
743,noncontrollable ETU from Quebec to ME,,Franklin,ME,CMP/Avangrid 345 kV Larabee Road,,,450.0,,,4/12/2018,Withdrawn,9/1/2022,2/7/2019,,,2/7/2019,,12/1/2022,9/1/2022,,N,PD,ME,N,,,,,,
742,Internal noncontrollable ETU to Larabee Road - increase (see Q740 and Q741),,Lewiston,ME,"Larrabee Road 345 kV Substation in Lewiston, Androscoggin county Maine 04240.",,,540.0,,,4/12/2018,Withdrawn,11/30/2021,11/29/2020,,,12/1/2020,,12/31/2021,11/30/2021,,N,PD,ME,N,,,,,,
741,Internal noncontrollable ETU to Larabee Road - increase (see Q740),,Lewiston,ME,"Larrabee Road 345 kV Substation in Lewiston, Androscoggin county Maine 04240.",,,200.0,,,4/12/2018,Withdrawn,11/30/2021,11/29/2020,,,12/1/2020,,12/31/2021,11/30/2021,,N,PD,ME,N,,,,,,
740,Internal noncontrollable ETU to Larabee Road,,Lewiston,ME,"Larrabee Road 345 kV Substation in Lewiston, Androscoggin county Maine 04240",,,460.0,,,4/12/2018,Withdrawn,11/30/2021,11/29/2020,,,12/1/2020,,12/31/2021,11/30/2021,,N,PD,ME,N,,,,,,
739,Wind,,Somerset,ME,CMP Section 3023 345kV line (via Johnson Mountain Substation),,WND,89.7,89.7,89.7,4/12/2018,Withdrawn,1/15/2020,1/16/2019,,,1/17/2019,WT,1/30/2020,1/15/2020,CNR,N,PD,ME,N,,,,,,
738,Internal noncontrollable ETU - interface upgrade,,Cumberland,ME,,,,400.0,,,4/12/2018,Withdrawn,10/31/2019,11/30/2020,,,12/1/2020,,11/30/2019,10/31/2019,,N,PD,ME,N,,,,,,
737,Internal noncontrollable ETU from NMISA to Pittsfield ME,,Somerset and Penobscot,ME,Emera Keene Rd substation and CMP Section 3023 345 kV Line,,,1200.0,,,4/12/2018,Withdrawn,11/30/2021,2/7/2019,,,2/7/2019,,12/31/2021,11/30/2021,,N,PD,ME,N,,,,,,
736,Internal noncontrollable ETU to Pittsfield ME,,Somerset,ME,CMP Section 3023 345 kV,,,550.0,,,4/12/2018,Withdrawn,11/30/2021,2/7/2019,,,2/7/2019,,12/31/2021,11/30/2021,,N,PD,ME,N,,,,,,
735,Wind,,Aroostook,ME,Primary: Orrington Substations 345kV with two alternatives: Keene Rd. Substation 345kV and the Orrington-Albion Rd 345kV line,,WND,600.6,600.599,600.599,4/12/2018,Withdrawn,11/1/2021,2/7/2019,,,2/7/2019,WT,12/1/2021,11/1/2021,NR,N,PD,BHE,N,,,,,,
734,Wind,,Aroostook,ME,Primary: Orrington Substations 345kV with two alternatives: Keene Rd. Substation 345kV and the Orrington-Albion Rd 345kV line,,WND,600.6,600.5999,600.5999,4/12/2018,Withdrawn,11/1/2021,2/7/2019,,,2/7/2019,WT,12/1/2021,11/1/2021,NR,N,PD,BHE,N,,,,,,
733,Wind,,Aroostook,ME,PITTSFIELD 345KV on line 3023,,WND,103.5,103.5,103.5,4/12/2018,Withdrawn,9/3/2022,12/1/2020,,,12/1/2020,WT,11/20/2022,9/3/2022,CNR,N,PD,BHE,N,,,,,,
732,Wind,,Aroostook,ME,PITTSFIELD 345KV on line 3023,,WND,103.5,103.5,103.5,4/12/2018,Withdrawn,9/3/2022,12/1/2020,,,12/1/2020,WT,11/20/2022,9/3/2022,CNR,N,PD,BHE,N,,,,,,
731,Wind,,Aroostook,ME,PITTSFIELD 345KV on line 3023,,WND,103.5,103.5,103.5,4/12/2018,Withdrawn,9/3/2022,12/1/2020,,,12/1/2020,WT,11/20/2022,9/3/2022,CNR,N,PD,BHE,N,,,,,,
730,Wind,,Aroostook,ME,PITTSFIELD 345KV on line 3023,,WND,103.5,103.5,103.5,4/12/2018,Withdrawn,9/3/2022,12/1/2020,,,12/1/2020,WT,11/20/2022,9/3/2022,CNR,N,PD,BHE,N,,,,,,
729,Wind,,Aroostook,ME,PITTSFIELD 345KV on line 3023,,WND,103.5,103.5,103.5,4/12/2018,Withdrawn,9/3/2022,12/1/2020,,,12/1/2020,WT,11/20/2022,9/3/2022,CNR,N,PD,BHE,N,,,,,,
728,Vernon Station Incremental Capacity Increase,,Windham,VT,(Same as Existing POI Vernon Substation No.13 69 KV Bus) Street Address: 152 Governor Hunt Road,,WAT,2.9,34.9,34.9,4/2/2018,Completed,3/31/2019,,,,6/28/2019,HD,3/31/2019,3/31/2019,CNR,N,,VT,N,,,,,Executed,In Service
727,Chariot Solar,,Cheshire,NH,"NGrid 115 kV Vernon Road tap to Vernon Road Substation, 2.5 mi from Vernon Road Substation",ISO-NE,SUN,49.5,49.5,49.5,4/10/2018,Withdrawn,11/15/2024,1/13/2025,,,1/13/2025,PV,12/15/2024,11/15/2024,NR,Y,PD,VT,Y,,Document Posted,,,Executed,
726,Cranberry Point Energy Storage,,Plymouth,MA,Carver 115 kV Primary POI – Loop-in station with 3-breaker ring bus interconnecting to line 127 located just south of Carver substation Alternate POI – Expand the existing station to add a 4th bay with 2 breakers to interconnect the project.,ISO-NE,BAT,150.0,150.0,150.0,3/21/2018,Completed,3/14/2025,,,,5/19/2025,OT,5/16/2025,3/14/2025,CNR,Y,PD,SEMA,Y,Document Posted,Document Posted,,,Executed,
725,Wallingford Solar,,New Haven,CT,WED Wallingford 13.8 KV substation,ISO-NE,SUN,14.97,14.97,14.97,3/20/2018,Completed,10/30/2020,,,,1/21/2021,PV,12/18/2020,10/30/2020,,Y,,SWCT,Y,,,,,,
724,NTE Connecticut,,Windham,CT,Lake Road 345 kV,ISO-NE,DFO NG,672.0,671.0,692.0,3/7/2018,Withdrawn,11/15/2024,7/12/2023,,,8/31/2023,CC,2/28/2025,11/15/2024,CNR,Y,,CT,Y,,In Progress,,,Executed,
723,Battery Storage,,Barnstable,MA,Primary POI: Eversource 115 kV W. Barnstable Alternative POI 1: Eversource 115 kV Barnstable Alternative POI 2: New Eversource W. Barnstable – Bourne 115 kV line (RSP #1725) tapped at 51% (7.2 miles) from W. Barnstable substation,,BAT,142.8,142.8,142.8,3/1/2018,Withdrawn,4/30/2021,3/27/2019,,,5/6/2019,OT,5/31/2021,4/30/2021,CNR,N,PD,SEMA,N,Document Posted,Not Started,,,,
722,Solar,,Hartford,CT,Eversource North Simsbury,,SUN,24.6,24.6,24.6,2/21/2018,Withdrawn,12/31/2019,4/25/2018,,,4/25/2018,PV,1/1/2020,12/31/2019,,N,,CT,N,,,,,,
721,Solar,,Hartford,CT,Eversource North Simsbury,,SUN,26.4,26.4,26.4,2/21/2018,Withdrawn,12/31/2019,4/25/2018,,,4/25/2018,PV,1/1/2020,12/31/2019,,N,,CT,N,,,,,,
720,Solar,,New London,CT,Eversource Shunock 32P,NU,SUN,15.0,15.0,15.0,2/21/2018,Completed,8/29/2022,,,,10/3/2022,PV,10/1/2022,8/29/2022,,Y,,CT,Y,,,,,,
719,Solar,,Hartford,CT,Eversource Barber Hill 23J,,SUN,19.92,19.92,19.92,2/21/2018,Withdrawn,12/31/2020,4/25/2018,,,4/25/2018,PV,1/1/2021,12/31/2020,,N,,CT,N,,,,,,
718,Solar,,New London,CT,Eversource 13B25 Feeder,,SUN,6.0,6.0,6.0,2/21/2018,Withdrawn,4/1/2019,3/2/2018,,,3/5/2018,PV,4/2/2019,4/1/2019,,N,,CT,N,,,,,,
717,Battery Storage,,Hartford,CT,Eversource North Bloomfield 2A,,BAT,20.0,20.0,20.0,2/21/2018,Withdrawn,12/1/2021,5/26/2022,,,5/26/2022,OT,2/1/2022,12/1/2021,,N,,CT,N,,,,,,
716,Solar,,New London,CT,Eversource Waterford 36F2,NU,SUN,17.73,17.73,17.73,2/21/2018,Completed,4/26/2023,,,,9/19/2023,PV,8/18/2023,4/26/2023,,Y,,CT,Y,,,,,,
715,Fusion Solar Center,,New London,CT,Eversource Tunnel 12S,NU,SUN,20.0,20.0,20.0,2/21/2018,Completed,4/12/2018,,,,10/3/2018,PV,4/18/2018,4/12/2018,,Y,,CT,Y,,,,,,
714,Solar,,Windham,CT,Eversource Frybrook 13B,NU,SUN,20.0,20.0,20.0,2/21/2018,Withdrawn,3/1/2023,3/9/2023,,,3/9/2023,PV,6/1/2023,3/1/2023,,Y,,CT,Y,,,,,,
713,Solar,,Hartford,CT,Eversource North Simsbury,NU,SUN,26.4,26.4,26.4,2/21/2018,Completed,10/1/2019,,,,12/17/2019,PV,12/10/2019,10/1/2019,,Y,,CT,Y,,,,,,
712,Solar,,Windham,CT,Eversource Frybrook 13B,NU,SUN,20.0,20.0,20.0,2/21/2018,Withdrawn,6/15/2025,2/15/2023,,,2/15/2023,PV,6/30/2025,6/15/2025,,Y,,CT,Y,,,,,,
711,Solar,,New London,CT,Eversource Shunock 32P,NU,SUN,9.99,9.99,9.99,2/21/2018,Completed,2/29/2024,,,,4/10/2024,PV,3/30/2024,2/29/2024,,Y,,CT,Y,,,,,,
710,Solar,,Litchfield,CT,Eversource 14R31 Feeder,NU,SUN,19.8,19.8,19.8,2/21/2018,Completed,12/20/2024,,,,3/3/2025,PV,2/24/2025,12/20/2024,,Y,,CT,Y,,,,,,
709,Fuel Cell,,Hartford,CT,Eversource 12A Forestville,,FC,14.8,14.8,14.8,2/21/2018,Withdrawn,12/31/2020,10/1/2020,,,10/8/2020,FC,1/1/2021,12/31/2020,,N,,CT,N,,,,,,
708,Solar,,Litchfield,CT,Eversource Rocky river 12Y,NU,SUN,20.0,20.0,20.0,2/21/2018,Withdrawn,12/1/2023,5/10/2024,,,5/10/2024,PV,2/1/2024,12/1/2023,,Y,,CT,Y,,,,,,
707,Solar,,Windham,CT,Eversource 11F10 Feeder,,SUN,7.5,7.5,7.5,2/21/2018,Withdrawn,3/31/2019,4/3/2019,,,4/3/2019,PV,4/1/2019,3/31/2019,,N,,CT,N,,,,,,
706,Beacon Falls Energy Park CNR only,,New Haven,CT,"Eversource, Beacon Falls Substation, 180 Cold Spring Rd, Beacon Falls, Junction of the 115 kV lines 1570-1 and 1319",,FC,0.0,62.9,62.9,2/21/2018,Withdrawn,2/1/2022,1/30/2020,,,2/4/2020,FC,4/1/2022,2/1/2022,CNR,N,,CT,N,,,,,Executed,
705,Combined Cycle CNR,,Providence,RI,Sherman Road 345kV substation,,NG,0.0,1030.0,1080.0,1/26/2018,Withdrawn,2/1/2023,11/26/2019,,,11/26/2019,CC,5/31/2023,2/1/2023,CNR,N,,RI,N,,,,,In Progress,
704,Solar,,Bristol,MA,"NSTAR Wing Lane Substation, #1 bank",,SUN,1.904,1.904,1.904,1/24/2018,Completed,2/21/2020,,,,10/8/2020,PV,2/21/2020,2/21/2020,,N,,SEMA,N,,,,,,
703,Solar,,Plymouth,MA,NSTAR Crystal Spring Substation 13.2 kV bus,NSTAR,SUN,6.75,6.75,6.75,1/24/2018,Completed,4/15/2019,,,,1/10/2020,PV,4/23/2019,4/15/2019,,Y,,SEMA,Y,,,,,,
702,Solar,,Plymouth,MA,NSTAR Wareham Substation 23 kV bus,NSTAR,SUN,9.5,9.5,9.5,1/24/2018,Completed,6/28/2019,,,,7/11/2019,PV,7/10/2019,6/28/2019,,Y,,SEMA,Y,,,,,,
701,Offshore Wind,,,MA,"Brayton Point Substation in the Town of Somerset, Massachusetts or alternatively at Davisville Substation in the Town of North Kingstown, Rhode Island",,WND,400.0,400.0,400.0,12/15/2017,Withdrawn,8/1/2023,2/14/2019,,,2/14/2019,WT,12/1/2023,8/1/2023,CNR,N,PD,RI,N,In Progress,,,,,Under Study
700,Park City Offshore Wind,,,MA,Eversource 345 kV West Barnstable Substation,ISO-NE,WND,791.0,791.0,791.0,12/15/2017,Active,5/1/2029,,,,9/16/2022,WT,12/31/2029,5/1/2029,NR,Y,PD,SEMA,Y,Document Posted,Document Posted,,,Executed,
699,Offshore Wind with battery addition,,,MA,"National Grid 345 kV Brayton Point Substation, Somerset, MA",,WND BAT,75.0,875.0,875.0,12/13/2017,Withdrawn,4/30/2022,2/14/2019,,,2/14/2019,OT,5/31/2023,4/30/2022,CNR,N,,RI,N,Document Posted,,,,,
698,Solar,,Worcester,MA,GRID 13.8 kV 612W3 Feeder (Pole 53),NGRID,SUN,8.04,8.04,8.04,12/7/2017,Completed,2/3/2020,,,,3/6/2020,PV,2/5/2020,2/3/2020,,Y,PD,CMA,Y,,,,,,
697,Solar,,Worcester,MA,GRID 13.8 kV 612W1 Feeder (Pole 53),NGRID,SUN,5.97,5.97,5.97,12/7/2017,Completed,2/3/2020,,,,3/6/2020,PV,2/5/2020,2/3/2020,,Y,PD,CMA,Y,,,,,,
696,Johnston Landfill Wind,,Providence,RI,"GRID Johnston substation, Circuit 2227",NGRID,WND,21.0,21.0,21.0,11/27/2017,Completed,12/10/2018,,,,4/22/2019,WT,12/20/2018,12/10/2018,,Y,,RI,Y,,,,,,
695,Solar,,Washington,RI,GRID circuit 88F3,NGRID,SUN,6.12,6.12,6.12,11/20/2017,Withdrawn,5/1/2020,8/14/2020,,,8/14/2020,PV,9/1/2020,5/1/2020,,Y,,RI,Y,,,,,,
694,Solar,,Washington,RI,GRID circuit 88F3,NGRID,SUN,7.0,7.0,7.0,11/20/2017,Withdrawn,5/1/2020,8/14/2020,,,8/14/2020,PV,9/1/2020,5/1/2020,,Y,,RI,Y,,,,,,
693,Alton Solar,,Washington,RI,Grid 85T3 circuit,NGRID,SUN,13.875,13.875,13.875,11/20/2017,Completed,4/24/2020,,,,7/9/2020,PV,4/30/2020,4/24/2020,,Y,,RI,Y,,,,,,
692,Solar,,Providence,RI,GRID 23 kV 2228 circuit/Grid 12.47 kV 21F1 circuit,NGRID,SUN,16.25,16.25,16.25,11/20/2017,Completed,5/22/2019,,,,5/24/2019,PV,5/24/2019,5/22/2019,,Y,,RI,Y,,,,,,
691,University Solar,,Kent,RI,GRID 3311 circuit in West Greenwich,NGRID,SUN,31.34,31.34,31.34,11/20/2017,Completed,5/7/2020,,,,11/10/2020,PV,9/15/2020,5/7/2020,,Y,,RI,Y,,,,,,
690,Energy Storage,,Bristol,MA,Wing Lane 624 Eversource Energy 115KV,,BAT,100.0,100.0,100.0,11/21/2017,Withdrawn,9/1/2021,2/9/2018,,,2/9/2018,OT,12/31/2021,9/1/2021,CNR,N,PD,SEMA,N,,,,,,
689,Energy Storage,,Middlesex,MA,Wakefield 115 kV Substation Bus (Bus #114433),ISO-NE,BAT,100.0,100.0,100.0,11/21/2017,Withdrawn,2/1/2023,2/14/2020,,,2/16/2020,OT,5/31/2023,2/1/2023,CNR,N,PD,BOST,Y,Document Posted,Document Posted,,,In Progress,Under Study
688,Energy Storage,,Worcester,MA,Little Rest Road 516 New England Power Co 115KV,,BAT,50.0,50.0,50.0,11/21/2017,Withdrawn,9/1/2021,2/9/2018,,,6/9/2020,OT,12/31/2021,9/1/2021,CNR,N,,CMA,N,,,,,,
687,Energy Storage,,Barnstable,MA,Falmouth 533 Eversource Energy 115KV,,BAT,150.0,150.0,150.0,11/21/2017,Withdrawn,9/9/2021,2/6/2019,,,2/6/2019,OT,12/31/2021,9/9/2021,CNR,N,PD,SEMA,N,Document Posted,,,,,Suspended
686,Solar,,Berkshire,MA,National Grid 115kV line F132-2,ISO-NE,SUN,19.98,19.98,19.98,10/24/2017,Withdrawn,9/15/2021,3/12/2020,,,3/12/2020,PV,12/15/2021,9/15/2021,CNR,Y,,WMA,Y,,Document Posted,,,In Progress,
685,Solar,,Coos,NH,34.5 kV Express Feeder to Berlin substation,,SUN,20.0,20.0,20.0,10/20/2017,Withdrawn,6/1/2022,11/26/2019,,,11/26/2019,PV,7/1/2022,6/1/2022,CNR,N,,NH,N,Document Posted,In Progress,,,,Under Study
684,Solar,,Grafton,NH,34.5 kV bus at Eversource NH Beebe Substation,,SUN,20.0,20.0,20.0,10/20/2017,Withdrawn,6/1/2020,5/10/2019,,,5/14/2019,PV,7/1/2020,6/1/2020,CNR,N,PD,NH,N,Document Posted,,,,,Under Study
683,Solar,,Grafton,NH,34.5 kV bus at Eversource NH Beebe Substation,,SUN,20.0,20.0,20.0,10/20/2017,Withdrawn,6/1/2020,5/21/2019,,,5/21/2019,PV,7/1/2020,6/1/2020,CNR,N,PD,NH,N,Document Posted,Not Started,,,,Under Study
682,solar with battery,,Worcester,MA,"National Grid 13.8kV circuit (E.-Winchendon Substation) on Winchendon Road (near Depot Road), Winchendon, MA",,SUN BAT,20.005,20.0,20.0,9/18/2017,Withdrawn,11/17/2020,7/24/2018,,,7/25/2018,OT,12/1/2020,11/17/2020,CNR,N,,CMA,N,Document Posted,Not Started,,,,
681,Solar,,Grafton,NH,Eversource 34.5 kV between Thornton and Beebe River,ISO-NE,SUN,20.0,20.0,20.0,8/3/2017,Withdrawn,6/1/2022,1/26/2021,,,1/26/2021,PV,7/1/2022,6/1/2022,CNR,Y,,NH,Y,Document Posted,Document Posted,,,In Progress,
680,Fair Haven Solar,,Rutland,VT,GMP 46 kV between Carver Falls and Fair Haven Tap,ISO-NE,SUN,20.0,20.0,20.0,8/3/2017,Active,6/1/2028,,,,5/20/2021,PV,7/1/2028,6/1/2028,NR,Y,,VT,Y,,Document Posted,,,Executed,
679,Solar,,Hillsborough,NH,"Eversource NH 34.5 kV line 313, between South Peterborough and Monadnock substations. The Project will tap this line at about 0.1-0.5 miles south of the South Peterborough substation.",ISO-NE,SUN,20.0,20.0,20.0,8/3/2017,Withdrawn,6/1/2022,1/26/2021,,,1/26/2021,PV,7/1/2022,6/1/2022,CNR,Y,,VT,Y,Document Posted,Document Posted,,,In Progress,
678,Solar,,Grafton,NH,Eversource 34.5 kV Beebe River substation,,SUN,20.0,20.0,20.0,8/3/2017,Withdrawn,6/1/2019,10/24/2017,,,10/25/2017,PV,7/1/2019,6/1/2019,CNR,N,,NH,N,,,,,,
677,Solar,,Grafton,NH,Eversource 34.5 kV Beebe River Substation,,SUN,20.0,20.0,20.0,8/3/2017,Withdrawn,6/1/2019,10/24/2017,,,10/25/2017,PV,7/1/2019,6/1/2019,CNR,N,,NH,N,,,,,,
676,Claremont Solar,,Sullivan,NH,GMP 46 kV line 107 between High Bridge and Windsor,ISO-NE,SUN,20.0,20.0,20.0,8/3/2017,Withdrawn,6/1/2023,10/5/2021,,,10/5/2021,PV,7/1/2023,6/1/2023,NR,Y,,NH,Y,Document Posted,Document Posted,,,Executed,
675,Solar,,New London,CT,Eversource Bean Hill - Tunnel 115 kV,,SUN,22.0,22.0,22.0,7/28/2017,Withdrawn,11/1/2019,9/27/2017,,,12/7/2017,PV,12/31/2019,11/1/2019,CNR,N,,CT,N,,,,,,
674,Shaftsbury Solar,,Bennington,VT,GMP 46 kV between East Arlington and S. Shaftsbury Tap,ISO-NE,SUN,20.0,20.0,20.0,7/28/2017,Active,12/1/2028,,,,5/20/2021,PV,1/1/2029,12/1/2028,NR,Y,,VT,Y,Document Posted,Document Posted,,,Executed,
673,wind,,Franklin,VT,Green Mountain Power 34.5kV TL 137 Line between North St. Albans and Sheldon Springs Substations along State Route 105 in Swanton Vermont (approximately at pole 44),,WND,20.0,20.0,20.0,7/26/2017,Withdrawn,10/1/2020,11/27/2017,,,11/27/2017,WT,12/31/2020,10/1/2020,CNR,N,,VT,N,In Progress,,,,,Under Study
672,Wind,,Aroostook,ME,NSTAR 345 kV K Street substation.,,WND,630.0,630.0,630.0,7/26/2017,Withdrawn,11/30/2022,10/22/2019,,,10/22/2019,WT,12/31/2022,11/30/2022,CNR,N,CD,BHE,N,,In Progress,,,,Under Study
671,Solar,,Hartford,CT,Interconnection to existing 115 kV transmission line running across the property between Eversources's Barbour Hill Substation and Endfield Substation.,,SUN,26.0,26.0,26.0,7/26/2017,Withdrawn,10/1/2019,10/25/2017,,,10/25/2017,PV,12/1/2019,10/1/2019,CNR,N,,CT,N,,,,,,
670,Three Corners Solar,,Somerset,ME,CMP Albion Rd 115kV substation,ISO-NE,SUN,110.0,113.4,113.4,7/25/2017,Completed,7/26/2024,,,,7/26/2024,PV,7/27/2024,7/26/2024,CNR,Y,PD,ME,Y,Document Posted,Document Posted,,,Executed,
669,Offshore Wind,,,MA,115 kV Brayton Point Station (Primary) or 115 kV Davisville Substation (alternative),,WND,288.0,288.0,288.0,7/25/2017,Withdrawn,9/1/2023,2/14/2019,,,2/14/2019,WT,12/1/2023,9/1/2023,CNR,N,PD,RI,N,Document Posted,Not Started,,,,Under Study
668,NE Clean Power Link - controllable HVDC Tie - CNI only,,Windsor,VT,Coolidge Substation,,,,,,7/24/2017,Withdrawn,10/28/2027,2/9/2021,,,11/14/2025,,12/31/2027,10/28/2027,NI,N,,VT,N,,,,,Executed,
667,Solar,,Somerset,ME,CMP Larrabee Road 345 kV,,SUN,0.0,150.0,150.0,7/21/2017,Withdrawn,8/1/2020,4/12/2018,,,4/12/2018,PV,10/31/2020,8/1/2020,CNR,N,PD,ME,N,,Not Started,,,,Under Study
666,battery storage additional (see Q664),,Franklin,ME,CMP Larrabee Road Station 345 kV,,WND BAT,0.0,238.6,238.6,7/21/2017,Withdrawn,8/1/2020,4/12/2018,,,4/12/2018,OT,10/31/2020,8/1/2020,CNR,N,PD,ME,N,,Not Started,,,,Under Study
665,Battery storage addition (see Q663),,Franklin,ME,"CMP Larrabee Road Station,345 kV",,WND BAT,0.0,265.6,265.6,7/21/2017,Withdrawn,8/1/2020,4/12/2018,,,4/12/2018,OT,10/31/2020,8/1/2020,CNR,N,PD,ME,N,,Not Started,,,,Under Study
664,Wind,,Franklin,ME,CMP Larrabee Road Station 345 kV,,WND,0.0,214.3,214.3,7/21/2017,Withdrawn,8/1/2020,4/12/2018,,,4/12/2018,WT,10/31/2020,8/1/2020,CNR,N,PD,ME,N,,Not Started,,,,Under Study
663,Wind,,Franklin,ME,CMP Larrabee Road Station 345 kV,,WND,0.0,241.2,241.2,7/21/2017,Withdrawn,8/1/2020,4/12/2018,,,4/12/2018,WT,10/31/2020,8/1/2020,CNR,N,PD,ME,N,,Not Started,,,,Under Study
662,Wind,,Franklin,ME,CMP Avangrid Larrabee Road 345 kV Substation,,WND,150.0,150.0,150.0,7/20/2017,Withdrawn,9/1/2022,4/12/2018,,,4/12/2018,WT,12/1/2022,9/1/2022,CNR,N,PD,ME,N,,,,,,
661,345 kV AC line from Quebec to ME,,Franklin,ME,CMP/Avangrid 345 kV Larabee Road,,,450.0,,,7/20/2017,Withdrawn,9/1/2022,4/12/2018,,,4/12/2018,,12/1/2022,9/1/2022,,N,PD,ME,N,,,,,,
660,Solar,,Windham,VT,"National Grid line tap 69 kV transmission line (D-4), feeding the Vernon Station No. 13",ISO-NE,SUN,20.0,20.0,20.0,7/20/2017,Withdrawn,6/1/2022,9/10/2020,,,9/10/2020,PV,7/1/2022,6/1/2022,CNR,Y,,NH,Y,Document Posted,Document Posted,,,In Progress,
659,AC to Larabee Road increase (See Q652 and 658),,Lewiston,ME,"Larrabee Road 345 kV Substation in Lewiston, Androscoggin county Maine 04240.",,,540.0,,,7/18/2017,Withdrawn,11/30/2020,4/12/2018,,,4/12/2018,,12/31/2020,11/30/2020,NI,N,PD,ME,N,,Not Started,,,,Under Study
658,AC to Larabee Road increase (see Q652),,Lewiston,ME,"Larrabee Road 345 kV Substation in Lewiston, Androscoggin county Maine 04240.",,,200.0,,,7/14/2017,Withdrawn,11/30/2020,4/12/2018,,,4/12/2018,,12/31/2020,11/30/2020,NI,N,PD,ME,N,,Not Started,,,,Under Study
657,ETU to increase Downeast Loop transfer,,Hancock,ME,,,,,,,6/29/2017,Withdrawn,11/30/2020,9/12/2019,,,9/12/2019,,12/31/2020,11/30/2020,,N,PD,BHE,N,Document Posted,Not Started,,,,Under Study
656,Weaver Wind CNR (see Q420),,Hancock,ME,EMERA Maine 115kV Bull Hill switching station,,WND,0.0,72.6,72.6,6/28/2017,Withdrawn,10/13/2020,2/9/2021,,,1/27/2026,WT,12/12/2020,10/13/2020,NR,N,,BHE,N,,,,,Executed,In Service
655,RoxWind,,Oxford,ME,"34.5 kV Bus at Roxbury Substation, Roxbury, Maine",ISO-NE,WND,15.3,15.3,15.3,6/15/2017,Completed,11/9/2021,,,,11/30/2021,WT,11/30/2021,11/9/2021,CNR,Y,PD,ME,Y,,Document Posted,,,Executed,In Service
654,"Wind CNR only (see Q460, 461, 462)",,Aroostook,ME,Pittsfield 345KV,,WND,0.0,312.0,312.0,6/9/2017,Withdrawn,9/15/2020,4/12/2018,,,4/16/2018,WT,12/30/2020,9/15/2020,CNR,N,,BHE,N,,,,,,
653,Number Nine Wind CNR only (Q417),,Aroostook,ME,Pittsfield 345KV,,WND,0.0,250.0,250.0,6/9/2017,Withdrawn,4/5/2021,5/13/2019,,,5/14/2019,WT,10/31/2021,4/5/2021,CNR,N,,BHE,N,,,,,Executed,
652,AC to Larabee Road,,Lewiston,ME,"Larrabee Road 345 kV Substation in Lewiston, Androscoggin county Maine 04240.",,,460.0,,,6/1/2017,Withdrawn,11/30/2020,4/12/2018,,,4/12/2018,,12/31/2020,11/30/2020,NI,N,PD,ME,N,,Not Started,,,,Under Study
651,AC tie line (import only),,Berkshire,MA,NY Alps 345kV substation and Eversource Berkshire 345 kV substation,ISO-NE,,600.0,,,5/11/2017,Withdrawn,9/15/2023,7/29/2019,,,7/29/2019,,12/31/2023,9/15/2023,CNI,N,,WMA,Y,,Document Posted,,Not Started,,Under Study
650,ETU CNI only (see Q498),,Colchester,VT,,,,0.0,,,5/8/2017,Withdrawn,10/1/2021,2/2/2018,,,2/5/2018,,12/31/2021,10/1/2021,CNI,N,,VT,N,,,,,,
649,Silver Maple Wind,,Penobscot,ME,"Pisgah Mountain Substation, Clifton, ME. 115 kv Bus.",ISO-NE,WND,20.0,20.0,20.0,5/4/2017,Completed,9/24/2022,,,,12/14/2022,WT,12/14/2022,9/24/2022,NR,Y,PD,BHE,Y,,Document Posted,,,Executed,In Service
648,Gas Turbine Repowering,,Middlesex,CT,Middletown Station 345KV Substation,,DFO NG,0.0,376.0,378.0,4/28/2017,Withdrawn,3/1/2021,6/1/2017,,,6/1/2017,GT,5/31/2021,3/1/2021,CNR,N,,CT,N,,,,,,
647,Gas turbine repowering,,Middlesex,CT,"Middletown Substation at 115KV, MD#2 breaker position",ISO-NE,DFO NG,23.0,376.0,378.0,4/28/2017,Withdrawn,2/1/2022,6/11/2020,,,6/11/2020,GT,5/31/2022,2/1/2022,CNR,Y,,CT,Y,Document Posted,Document Posted,,,In Progress,
646,Solar,,Franklin,VT,"VEC Highgate - Enosburg 46 kV line, 700 feet from Highgate",,SUN,20.1,20.1,20.1,4/28/2017,Withdrawn,8/1/2019,7/24/2017,,,7/24/2017,PV,9/1/2019,8/1/2019,CNR,N,,VT,N,,,,,,
645,Solar,,Orange,VT,GMP Randolph Center Substation 46 kV,,SUN,20.1,20.1,20.1,4/28/2017,Withdrawn,11/15/2019,7/24/2017,,,7/24/2017,PV,12/15/2019,11/15/2019,CNR,N,,VT,N,,,,,,
644,Solar,,Franklin,VT,VEC Sheldon - Rocktenn 46 kV line,,SUN,20.1,20.1,20.1,4/28/2017,Withdrawn,10/15/2018,7/24/2017,,,7/24/2017,PV,10/31/2018,10/15/2018,CNR,N,,VT,N,,,,,,
643,Solar CNR only,,New Haven,CT,"CT_NU 115 kV Line from Wallingford to NU_1208_WAL. Proposed POI is located at 41° 26’ 27.9” N , 72° 50’36.6” W (see the attached site layout drawing).",,SUN,0.0,20.0,20.0,4/27/2017,Withdrawn,11/15/2018,5/23/2017,,,5/24/2017,PV,12/31/2018,11/15/2018,CNR,N,,CT,N,,,,,,
642,Repowering Increase,,Norfolk,MA,BELD station 16 switchyard,,DFO NG,34.85,98.12,98.16,4/26/2017,Withdrawn,2/22/2021,5/31/2017,,,5/31/2017,GT,5/22/2021,2/22/2021,CNR,N,,SEMA,N,,,,,,
641,Wind,,Oxford,ME,CMP 115 kV Line 210,,WND,65.55,54.6,54.6,4/24/2017,Withdrawn,9/15/2020,8/13/2018,,,8/13/2018,WT,12/31/2020,9/15/2020,CNR,N,PD,ME,N,Document Posted,Not Started,,,,Under Study
640,1000 MW HVDC (import only),,Plymouth,MA,"Northern Interconnection: Coleson Cove 345kV Substation, New Brunswick Southern Interconnection: 345kV lines from Pilgrim Substation, Plymouth, Massachusetts",,,1000.0,,,4/21/2017,Withdrawn,11/30/2022,11/30/2020,,,12/1/2020,,12/31/2022,11/30/2022,NI,N,PD,SEMA,N,In Progress,,,,,Under Study
639,NECEC 1200 MW HVDC (import only) - controllable,,Androscoggin,ME,CMP Larrabee Rd 345 kV Substation,ISO-NE,,1200.0,,,4/19/2017,Completed,9/1/2025,,,,12/31/2025,,12/31/2025,9/1/2025,NI,Y,PD,ME,Y,,Document Posted,,,Executed,In Service
638,Solar CNR only (see Q578),,Franklin,ME,CMP Larrabee Road 345 kV.,,SUN,0.0,152.0,152.0,4/13/2017,Withdrawn,8/1/2019,8/8/2019,,,8/8/2019,PV,10/31/2019,8/1/2019,CNR,N,PD,ME,N,,,,,,
637,BSS CNR only (see Q577),,Franklin,ME,"CMP Larrabee Road Station,345 kV",,WND BAT,0.0,270.46,270.46,4/13/2017,Withdrawn,8/1/2019,8/8/2019,,,8/8/2019,OT,10/31/2019,8/1/2019,CNR,N,PD,ME,N,,,,,,
636,BSS CNR only (see Q576),,Franklin,ME,CMP Larrabee Road station 345 kV,,WND BAT,0.0,241.49,241.49,4/13/2017,Withdrawn,8/1/2019,8/8/2019,,,8/8/2019,OT,10/31/2019,8/1/2019,CNR,N,PD,ME,N,,,,,,
635,Wind CNR (see Q574),,Franklin,ME,CMP Larabee Road 345 kV station,,WND,0.0,216.41,216.41,4/13/2017,Withdrawn,8/1/2019,8/8/2019,,,8/8/2019,WT,10/31/2019,8/1/2019,CNR,N,PD,ME,N,,,,,,
634,Wind CNR (see Q573),,Franklin,ME,CMP Larabee Road 345 kV station,,WND,0.0,245.38,245.38,4/11/2017,Withdrawn,8/1/2019,8/8/2019,,,8/8/2019,WT,10/31/2019,8/1/2019,CNR,N,,ME,N,,,,,,
633,Passadumkeag Wind CNR only,,Penobscot,ME,Existing connection between Emera Maine 115kV lines 64 and 97,,WND,0.0,39.97,39.97,4/6/2017,Completed,6/28/2019,,,,2/24/2020,WT,6/28/2019,6/28/2019,NR,N,,BHE,N,,,,,In Progress,
632,Offshore Wind w/ battery storage,,,MA,"Eversource, 115kV Bourne Substation, Barnstable County, Massachusetts",ISO-NE,WND BAT,880.0,880.0,880.0,4/5/2017,Withdrawn,4/5/2024,1/23/2020,,,1/23/2020,OT,12/6/2024,4/5/2024,CNR,N,PD,SEMA,Y,Document Posted,Document Posted,,Not Started,,Under Study
631,CHP,,Coos,NH,"PSNH 34.5 kV Line, Berlin, NH",,NG,8.0,8.64,8.64,4/5/2017,Withdrawn,6/15/2018,7/26/2017,,,7/26/2017,IC,7/15/2018,6/15/2018,CNR,N,,NH,N,,,,,,
630,Project Increase,,Hartford,CT,Connecticut Light and Powers 13.8 kv Forestville 12A Substation,,MSW,2.153,15.67,15.67,4/5/2017,Withdrawn,9/1/2017,11/21/2017,,,11/29/2017,ST,9/1/2017,9/1/2017,CNR,N,,CT,N,,In Progress,,,,
629,Solar,,New Haven,CT,"CT_NU 115 kV Line from Wallingford to NU_1208_WAL. Proposed POI is located at 41° 26’ 27.9” N , 72° 50’36.6” W (see the drawing with file name ""Project Facility Layout - 22NOV16.pdf"" for a map of proposed POI location).",,SUN,20.0,20.0,20.0,3/7/2017,Withdrawn,11/15/2018,5/23/2017,,,5/24/2017,PV,12/31/2018,11/15/2018,NR,N,,CT,N,,,,,,
628,Solar,,Cheshire,NH,Eversource 34.5 kV Monadnock SS (3120 line),,SUN,30.0,30.0,30.0,3/7/2017,Withdrawn,9/30/2018,8/9/2017,,,9/15/2017,PV,12/31/2018,9/30/2018,,N,,NH,N,,,,,,
627,400 kV HVDC Tie - Import Only,,Grafton,NH,GRID 230 kV Comerford Substation,,,1200.0,1200.0,1200.0,12/27/2016,Withdrawn,10/1/2022,7/16/2019,,,7/16/2019,,12/31/2022,10/1/2022,CNI,N,,NH,N,Document Posted,In Progress,,,,Under Study
626,Wind,,Aroostook,ME,MEPCO 396 line,,WND,376.2,376.2,376.2,12/14/2016,Withdrawn,10/1/2019,4/2/2018,,,4/3/2018,WT,12/1/2019,10/1/2019,CNR,N,PD,BHE,N,Not Started,,,,,Under Study
625,345 kV AC line,,Bristol,MA,345 kV Brayton point substation,,,1600.0,1600.0,1600.0,11/10/2016,Withdrawn,8/31/2023,4/11/2019,,,4/11/2019,,12/31/2023,8/31/2023,,N,PD,RI,N,,In Progress,,,,Under Study
624,Vineyard Offshore Wind,,,MA,115 kV Barnstable Substation,ISO-NE,WND,800.0,800.0,800.0,11/9/2016,Completed,1/2/2024,,,,4/27/2026,WT,4/24/2026,1/2/2024,CNR,Y,PD,SEMA,Y,Document Posted,Document Posted,,,Executed,Under Construction
623,Solar,,York,ME,CMP/Eversource 345 kV Line 391 from Buxton substation to Scobie Pond substation (approx. 27.7 miles from Buxton substation),ISO-NE,SUN,150.0,150.0,150.0,10/31/2016,Withdrawn,12/15/2022,8/12/2021,,,8/12/2021,PV,12/31/2022,12/15/2022,NR,Y,PD,ME,Y,Document Posted,Document Posted,,,Executed,Under Study
622,Cogen DG,,Middlesex,MA,Putnum Station 831,NU,NG,43.0,43.0,43.0,10/17/2016,Completed,8/31/2020,,,,4/29/2022,GT,9/30/2021,8/31/2020,,Y,,CMA,Y,,,,,,
621,Wind,,Somerset,ME,CMP Section 3023 345 kV line (via Johnson Mountain substation),,WND,93.6,93.6,93.6,10/17/2016,Withdrawn,12/30/2019,4/12/2018,,,4/12/2018,WT,1/15/2020,12/30/2019,CNR,N,PD,ME,N,Not Started,,,,,Under Study
620,Solar,,Washington,ME,Emera 115 kV Deblois substation,ISO-NE,SUN,75.0,75.0,75.0,10/7/2016,Withdrawn,5/15/2022,8/12/2020,,,8/13/2020,PV,5/31/2022,5/15/2022,NR,Y,PD,BHE,Y,Document Posted,Document Posted,,,In Progress,
619,Bi-directional AC LIne,,Berkshire,MA,NY Alps 345 kV Substation to WMECO Berkshire 345 kV substation,,,,,,9/16/2016,Withdrawn,11/30/2021,1/25/2017,,,1/25/2017,,12/31/2021,11/30/2021,,N,PD,WMA,N,,,,,,
618,Bay State Offshore Wind 1,,,MA,"National Grid, 345 kV Brayton Point Substation, Somerset, MA",ISO-NE,WND,800.0,800.0,800.0,8/1/2016,Withdrawn,9/21/2025,8/10/2022,,,8/10/2022,WT,5/31/2026,9/21/2025,NR,Y,PD,RI,Y,Document Posted,Document Posted,,Document Posted,Executed,
617,Simple Cycle Gas Turbine,,Essex,MA,Peabody Waters River Substation,NGRID,DFO NG,61.851,61.851,67.851,7/22/2016,Completed,1/11/2024,,,,7/23/2024,GT,6/29/2024,1/11/2024,,Y,,BOST,Y,,,,,,
616,Solar,,Windsor,VT,115 kV Cooolidge Substation,,SUN,19.9,,,7/1/2016,Withdrawn,6/15/2017,7/13/2016,,,7/14/2016,PV,7/1/2017,6/15/2017,CNR,N,PD,VT,N,,,,,,
615,Solar,,Cheshire,NH,Mondanock to Ashburnham Eversource 115 kV line,,SUN,78.4,78.4,78.4,6/28/2016,Withdrawn,6/15/2018,7/13/2016,,,7/14/2016,PV,7/1/2018,6/15/2018,CNR,N,PD,VT,N,,,,,,
614,Solar,,Franklin,ME,CMP Sturtevant Substation - 115 kV,,SUN,78.4,78.4,78.4,6/28/2016,Withdrawn,6/15/2018,7/13/2016,,,7/14/2016,PV,7/1/2018,6/15/2018,CNR,N,PD,ME,N,,,,,,
613,Solar,,Windham,CT,Killingly to Tunnel 115 kV line,,SUN,63.0,63.0,63.0,6/28/2016,Withdrawn,6/15/2018,7/13/2016,,,7/14/2016,PV,7/1/2018,6/15/2018,CNR,N,PD,CT,N,,,,,,
612,Medway Hydro - CNR only,,Penobscot,ME,Medway Substation,,WAT,0.0,4.003,4.003,4/26/2016,Completed,8/14/2017,,,,9/25/2017,HD,8/14/2017,8/14/2017,CNR,N,,BHE,N,,,,,Executed,In Service
611,Combustion Turbine,,Fairfield,CT,"Eversource Energy 115kV MiddleRiver Substation Danbury, CT",ISO-NE,NG,102.0,102.0,102.0,4/25/2016,Withdrawn,1/1/2019,1/4/2018,,,1/4/2018,GT,6/1/2019,1/1/2019,CNR,N,PD,SWCT,Y,,Document Posted,,,In Progress,
610,Steam Turbines,,Franklin,ME,Central Maine Power (CMP) Riley 115kV Section 230 (K230-2),,BLQ DFO KER WDS,75.0,75.0,80.0,4/22/2016,Withdrawn,5/30/2018,3/24/2017,,,3/27/2017,ST,5/31/2018,5/30/2018,CNR,N,PD,ME,N,Document Posted,,,,,
609,Gas Turbine Upgrade,,New Haven,CT,POI is the CL&P Devon 115kv Substation,,DFO,23.52,162.0,162.0,4/22/2016,Withdrawn,4/21/2020,6/3/2016,,,6/3/2016,GT,5/31/2020,4/21/2020,CNR,N,PD,CT,N,,,,,,
608,Combined Cycle GT,,Bristol,MA,"Located at current Cleary node 375,376 interconnected with National Grid s-8 and v-5 line, SEMA load zone.",,NG WO,68.01,68.01,69.5,4/22/2016,Withdrawn,12/31/2019,5/24/2016,,,5/24/2016,CC,5/1/2020,12/31/2019,CNR,N,PD,SEMA,N,,,,,,
607,Canton Mountain Wind CNR Only,,Oxford,ME,"CMP Ludden Lane Substation, Canton, Maine",,WND,0.0,22.8,22.8,4/21/2016,Completed,10/18/2017,,,,11/29/2017,WT,12/1/2017,10/18/2017,CNR,N,,ME,N,,,,,Executed,In Service
606,Huntington Falls 2017 Upgrades,,Chittenden,VT,GMP Huntington Falls Substation 46 kV Circuit Breaker BB-10,,WAT,1.59,1.24,1.24,4/21/2016,Completed,3/13/2017,,,,6/8/2017,HD,4/12/2017,3/13/2017,CNR,Y,PD,VT,Y,,,,,Executed,In Service
605,Sanford Airport Solar CNR only,,York,ME,CMP Sanford 115kV substation,,SUN,0.0,50.0,50.0,4/21/2016,Completed,10/6/2020,,,,11/9/2020,PV,11/7/2020,10/6/2020,NR,N,PD,ME,N,,,,,Executed,In Service
604,Lake Road CNR Only (see Q534),,Windham,CT,345kV Lake Road 27E Substation,,NG,0.0,882.0,951.0,4/20/2016,Completed,11/26/2017,,,,8/1/2018,CC,5/20/2018,11/26/2017,CNR,N,PD,RI,N,,,,,Executed,
603,Essential Power Newington - CNRC Increase,,Rockingham,NH,"Public Service New Hampshire Newington Switchyard - Gosling Road, Newington, NH",,DFO NG,0.0,596.1,634.9,4/15/2016,Completed,10/28/2016,,,,6/15/2022,CC,10/28/2016,10/28/2016,CNR,N,,NH,N,,,,,,
602,Moore Station Uprate,,Grafton,NH,NGRID at Moore power station switchyard 230kV,ISO-NE,WAT,4.6,195.9,195.9,4/14/2016,Completed,9/22/2023,,,,10/25/2023,HW,10/18/2023,9/22/2023,CNR,Y,,NH,Y,Document Posted,Document Posted,,,Executed,In Service
601,Combined Cycle Upgrade,,Providence,RI,NGRID 345kV Sherman Road (existing OSP I and II switchyard),,DFO NG,40.0,655.873,689.794,4/14/2016,Withdrawn,3/1/2020,8/28/2017,,,8/28/2017,CC,5/31/2020,3/1/2020,CNR,N,PD,RI,N,Not Started,,,,,Under Study
600,Combined Cycle Uprate,,Providence,RI,NGRID 345kV Sherman Road (existing OSP I and II switchyard),,DFO NG,21.077,615.873,649.794,4/14/2016,Withdrawn,7/15/2016,8/28/2017,,,8/28/2017,CC,7/31/2016,7/15/2016,CNR,N,PD,RI,N,Not Started,,,,,Under Study
599,Solar,,Cheshire,NH,NGrid 115kV line from Vernon road tap to the Vernon Road Substation,,SUN,65.0,65.0,65.0,4/5/2016,Withdrawn,4/15/2018,1/23/2018,,,1/23/2018,PV,4/18/2018,4/15/2018,CNR,N,PD,VT,N,,In Progress,,,,Under Study
598,Combined Cycle,,Windham,CT,Killingly/Lake Road 345 kV,ISO-NE,DFO NG,563.0,563.0,576.0,3/7/2016,Withdrawn,9/1/2021,3/28/2018,,,3/28/2018,CC,3/1/2022,9/1/2021,CNR,N,PD,CT,Y,,Document Posted,,,In Progress,
597,Hydro,,Oxford/Franklin/Androscoggin,ME,"CMP Section 230 (115 kV) at southeast end, high side of Verso Androscoggin substation",,WAT,28.325,28.325,28.325,2/24/2016,Withdrawn,5/31/2019,4/20/2018,,,4/20/2018,HD,6/1/2019,5/31/2019,CNR,N,PD,ME,N,Document Posted,Not Started,,,,Under Study
596,Combined Cycle,,Windham,CT,Killingly or Lake Road 345 kV,,DFO NG,1120.0,1120.0,1170.0,2/8/2016,Withdrawn,10/1/2019,5/19/2017,,,5/19/2017,CC,6/1/2020,10/1/2019,CNR,N,PD,CT,N,In Progress,,,,,Under Study
595,Bridgeport Energy PSS Tuning,,Fairfield,CT,UI Singer Substation,ISO-NE,NG,0.0,578.0,588.0,2/8/2016,Completed,10/28/2016,,,,6/26/2017,GT,10/28/2016,10/28/2016,CNR,Y,,SWCT,Y,,Document Posted,,,Executed,In Service
594,Wind,,Franklin,ME,CMP''s existing Orrington - Albion Road 345 kV line section 3023,,WND,0.0,245.48,245.48,1/27/2016,Withdrawn,8/1/2019,4/9/2018,,,4/9/2018,WT,10/31/2019,8/1/2019,NR,N,PD,ME,N,,Not Started,,,,Under Study
593,Wind,,Franklin,ME,"CMP''s Orrington - Albion Road 345 kV line, section 3023",,WND,0.0,216.41,216.41,1/27/2016,Withdrawn,8/1/2019,4/9/2018,,,4/9/2018,WT,10/31/2019,8/1/2019,NR,N,PD,ME,N,,Not Started,,,,Under Study
592,Bear Swamp Unit 1 and 2 Upgrade,,Berkshire,MA,GRID 230 kV Bear Swamp substation,ISO-NE,WAT,66.0,663.0,663.0,1/21/2016,Completed,12/1/2022,,,,1/9/2023,PS,1/6/2023,12/1/2022,CNR,Y,PD,WMA,Y,,Document Posted,,,Executed,
591,AC Line,,Cumberland,ME,CMP Surowiec Area,,,400.0,400.0,400.0,1/20/2016,Withdrawn,10/31/2019,4/12/2018,,,4/12/2018,,11/30/2019,10/31/2019,,N,PD,ME,N,,Not Started,,,,Under Study
590,"AC Line from NMISA to Chester and Pittsfield, ME",,Somerset and Penobscot,ME,Emera Keene Rd substation and CMP Section 3023 345 kV Line,,,1200.0,1200.0,1200.0,1/11/2016,Withdrawn,11/30/2019,4/12/2018,,,4/12/2018,,12/31/2019,11/30/2019,,N,PD,ME,N,,Not Started,,,,Under Study
589,"AC Line to Pittsfield, ME",,Somerset,ME,CMP Section 3023 345 kV Line,,,550.0,550.0,550.0,1/11/2016,Withdrawn,11/30/2019,4/12/2018,,,4/12/2018,,12/31/2019,11/30/2019,,N,PD,ME,N,,Not Started,,,,Under Study
588,Quinebaug Solar,,Windham,CT,Killingly to Tunnel 115 kV line (approx 5.5 miles south of Brooklyn Substation) GPS Coordinates: - 71 55’ 27.9” W - 41 44’ 14.21” N,ISO-NE,SUN,49.0,49.0,49.0,1/7/2016,Completed,12/11/2021,,,,12/27/2021,PV,12/18/2021,12/11/2021,NR,Y,PD,CT,Y,,Document Posted,,,Executed,In Service
587,Solar,,Cheshire,NH,115 kV Eversource Fitzwilliam Substation,,SUN,98.0,98.0,98.0,1/7/2016,Withdrawn,6/15/2018,9/28/2016,,,9/29/2016,PV,7/1/2018,6/15/2018,CNR,N,PD,VT,N,,Not Started,,,,
586,Hemphill Increase,,Sullivan,NH,34.5 Kv PSNH 316 Utility Line,ISO-NE,WDS,3.363,17.5,17.5,1/4/2016,Completed,10/28/2016,,,,10/28/2016,ST,10/28/2016,10/28/2016,CNR,Y,,NH,Y,,Not Required,,,Executed,In Service
585,HVDC Tie NB to Mystic,,Middlesex,MA,NB 345 kV Coleson Cove substation to NSTAR 345 kV Mystic substation,,,900.0,900.0,900.0,12/14/2015,Withdrawn,11/30/2020,3/5/2018,,,3/5/2018,,12/30/2020,11/30/2020,CNI,N,PD,BOST,N,Not Started,,,,,
584,ETU CNI only (see Q508),,Berkshire,MA,NY Alps substation to WMECO Berkshire substation,,,0.0,0.0,0.0,12/10/2015,Withdrawn,7/31/2019,10/31/2018,,,10/31/2018,,8/31/2019,7/31/2019,CNI,N,,WMA,N,,Document Posted,,,In Progress,
583,Sanford Airport Solar,,York,ME,CMP Sanford 115kV Substation,ISO-NE,SUN,50.0,50.0,50.0,12/4/2015,Completed,10/6/2020,,,,11/9/2020,PV,11/7/2020,10/6/2020,NR,Y,PD,ME,Y,,Document Posted,,,Executed,In Service
582,Solar,,Worcester,MA,"POI is the GRID 69KV switchyard at the Harrington Street Facility. 229 Harrington Street, East Brookfield, MA. National Grid has this information.",,SUN,3.11,3.105,3.105,12/2/2015,Withdrawn,11/1/2017,2/5/2018,,,2/5/2018,PV,12/1/2017,11/1/2017,CNR,N,,CMA,Y,,Document Posted,,,In Progress,
581,Solar,,Worcester,MA,"POI is the GRID 69KV switchyard at the Harrington Street Facility. 229 Harrington Street, East Brookfield, MA. National Grid has this information.",,SUN,2.66,2.66,2.66,12/2/2015,Withdrawn,11/1/2017,2/5/2018,,,2/5/2018,PV,12/1/2017,11/1/2017,CNR,N,,CMA,Y,,Document Posted,,,In Progress,
580,Combined Cycle,,Worcester,MA,"Anticipated interconnection is the National Grid 345kV line 366 between the West Farnum and Millbury substations, and/or the Eversource 345kV line 3361 between Sherman Rd and Blackstone.",,DFO NG,1020.0,1020.0,1030.0,11/30/2015,Withdrawn,1/15/2020,5/17/2016,,,5/18/2016,CC,5/31/2020,1/15/2020,CNR,N,PD,CMA,N,,Not Started,,,,
579,Energy Center,,Cheshire,NH,"Eversource (PSNH) 379 line crossing Forest Lake Road (POI will be south of Forest Lake Road), which is in close proximity to the Project site.",,NG OTH,570.1,570.1,569.6,11/25/2015,Withdrawn,3/1/2020,4/21/2016,,,4/21/2016,OT,6/1/2020,3/1/2020,CNR,N,PD,VT,N,Not Started,,,,,Under Study
578,Solar,,Somerset,ME,CMP Larrabee Road 345 kV.,ISO-NE,SUN,152.0,152.0,152.0,11/20/2015,Withdrawn,8/1/2019,8/8/2019,,,8/8/2019,PV,10/31/2019,8/1/2019,NR,N,PD,ME,Y,,In Progress,,,,
577,Battery Storage,,Frqanklin,ME,"CMP Larrabee Road Station,345 kV",ISO-NE,WND BAT,25.08,270.46,270.46,11/12/2015,Withdrawn,8/1/2019,8/8/2019,,,8/8/2019,OT,11/9/2019,8/1/2019,NR,N,PD,ME,Y,,In Progress,,,,
576,Battery Storage,,Franklin,ME,CMP Larrabee Road station 345 kV,ISO-NE,WND BAT,52.26,241.49,241.49,11/12/2015,Withdrawn,8/1/2019,8/8/2019,,,8/8/2019,OT,10/31/2019,8/1/2019,NR,N,PD,ME,Y,,In Progress,,,,
575,Casco Bay Energy Storage,,Cumberland,ME,CMP''s PTF 115kV Upper Bus at William F Wyman Station,ISO-NE,BAT,16.2,16.2,16.2,11/3/2015,Completed,12/2/2016,,,,8/25/2017,OT,12/31/2016,12/2/2016,NR,Y,,ME,Y,,Document Posted,,,Executed,In Service
574,Wind,,Franklin,ME,CMP Larrabee Road Station 345 kV,ISO-NE,WND,216.41,216.41,216.41,11/3/2015,Withdrawn,8/1/2019,8/8/2019,,,8/8/2019,WT,10/31/2019,8/1/2019,NR,N,PD,ME,Y,,In Progress,,,,
573,Wind,,Franklin,ME,CMP Larrabee Road Station 345 kV,ISO-NE,WND,245.38,245.38,245.38,11/3/2015,Withdrawn,8/1/2019,8/8/2019,,,8/8/2019,WT,10/31/2019,8/1/2019,NR,N,PD,ME,Y,,In Progress,,,,
572,Wind,,Franklin,ME,CMP Larrabee Road 345 kV station,,WND,113.0,113.0,113.0,11/3/2015,Withdrawn,8/1/2019,4/9/2018,,,4/9/2018,WT,10/31/2019,8/1/2019,NR,N,PD,ME,N,,Not Started,,,,Under Study
571,Wyman Area to Larabee Rd Line,,Somerset/Androscoggin,ME,Wyman Area to CMP Larabee Rd 345 kV sub,ISO-NE,,850.0,850.0,850.0,11/2/2015,Withdrawn,10/31/2019,8/8/2019,,,8/8/2019,,11/30/2019,10/31/2019,,N,PD,ME,Y,,In Progress,,,,
570,Kendall Revised Reconfiguration Project,,Middlesex,MA,Where line 875-539 interconnects with TO''s 115KV bus at station,,DFO NG,0.0,250.0,250.0,10/21/2015,Completed,5/31/2016,,,,5/31/2016,CC,5/31/2016,5/31/2016,CNR,N,,BOST,N,,,,,Executed,In Service
569,HVDC from ME to MA (MA import only),,Plymouth,MA,Emera Orrington 345 kV substation to Eversource Jordan Rd,,,1200.0,1200.0,1200.0,10/16/2015,Withdrawn,11/30/2021,6/25/2018,,,6/25/2018,,12/31/2021,11/30/2021,,N,PD,SEMA,N,Document Posted,,,,,
568,Solar,,Rockingham,NH,Unitil 34.5 kV W. Port. St. sub,,SUN,10.0,10.0,10.0,9/25/2015,Withdrawn,10/15/2021,3/11/2021,,,3/11/2021,PV,11/1/2021,10/15/2021,,Y,,NH,Y,,,,,,
567,Solar,,Franklin,VT,VELCO Highgate Substation - 345 kV Bus,,SUN,196.0,196.0,196.0,9/11/2015,Withdrawn,6/15/2017,9/21/2015,,,9/21/2015,PV,7/1/2017,6/15/2017,CNR,N,,VT,N,,,,,,
566,Solar,,Rutland,VT,VELCO Florence Substation - 46 kV,,SUN,19.9,19.9,19.9,9/9/2015,Withdrawn,11/1/2016,4/15/2016,,,4/18/2016,PV,12/1/2016,11/1/2016,CNR,N,PD,VT,N,,Not Started,,,,Under Study
565,Coolidge Solar,,Windsor,VT,115 kV Coolidge Substation,ISO-NE,SUN,19.9,19.9,19.9,9/8/2015,Completed,12/12/2018,,,,12/20/2018,PV,12/20/2018,12/12/2018,CNR,Y,PD,VT,Y,,Document Posted,,,Executed,In Service
564,Solar,,Franklin,VT,115 kV Highgate Substation,,SUN,19.9,19.9,19.9,9/4/2015,Withdrawn,11/15/2016,2/24/2016,,,2/24/2016,PV,12/1/2016,11/15/2016,CNR,N,PD,VT,N,,,,,,
563,Solar,,Rutland,VT,VELCO 46 kV bus at Florence Substation,,SUN,20.0,20.0,20.0,9/1/2015,Withdrawn,10/1/2016,9/3/2015,,,9/8/2015,PV,11/1/2016,10/1/2016,,N,,VT,N,,,,,,
562,Solar,,Orleans,VT,VEC Irasburg H16 46 kV line,,SUN,20.0,20.0,20.0,8/27/2015,Withdrawn,7/31/2017,5/24/2017,,,5/24/2017,PV,8/31/2017,7/31/2017,,N,,VT,N,,,,,,
561,Solar,,Franklin,VT,VEC Highgate to Rock Tenn 46 kV line,,SUN,20.0,20.0,20.0,8/27/2015,Withdrawn,7/31/2017,1/25/2017,,,1/26/2017,PV,8/31/2017,7/31/2017,,N,,VT,N,,,,,,
560,Solar,,Orange,VT,GMP 46 kV Randolph Center Substation,,SUN,20.0,20.0,20.0,8/27/2015,Withdrawn,11/1/2016,10/29/2015,,,10/30/2015,PV,12/1/2016,11/1/2016,,N,,VT,N,,,,,,
559,solar,,Windsor,VT,115 kV Coolidge substation,,SUN,20.0,20.0,20.0,8/12/2015,Withdrawn,11/15/2016,9/3/2015,,,9/8/2015,PV,12/1/2016,11/15/2016,,N,,VT,N,,,,,,
558,solar,,Franklin,VT,115 kV Highgate Substation,,SUN,20.0,20.0,20.0,8/12/2015,Withdrawn,11/15/2016,9/3/2015,,,9/8/2015,PV,12/1/2016,11/15/2016,,N,,VT,N,,,,,,
557,Farminton Solar,,Franklin,ME,CMP Sturtevant Substation - 115 kV,ISO-NE,SUN,78.4,78.4,78.4,8/10/2015,Completed,9/9/2021,,,,10/27/2021,PV,10/27/2021,9/9/2021,NR,Y,PD,ME,Y,,Document Posted,,,Executed,In Service
556,Wind Farm,,Somerset,ME,CMP Wyman - Harris 115 kV,,WND,79.2,79.2,79.2,8/7/2015,Withdrawn,9/1/2019,4/27/2017,,,4/27/2017,WT,12/1/2019,9/1/2019,CNR,N,PD,ME,N,Not Started,,,,,Under Study
555,Wind farm,,Oxford,ME,CMP Rumford-Kimball Road 115 kV,,WND,39.6,39.6,39.6,8/7/2015,Withdrawn,9/1/2019,1/18/2019,,,1/18/2019,WT,12/1/2019,9/1/2019,CNR,N,PD,ME,Y,Document Posted,Document Posted,,Not Started,,
554,Southbridge LFGTE Engine 2,,Worcester,MA,National Grid 413L4 (Existing facility POI),NGRID,LFG,1.6,3.2,3.2,6/18/2015,Withdrawn,7/25/2018,7/5/2017,,,7/5/2017,IC,8/18/2018,7/25/2018,CNR,N,,CMA,Y,,Document Posted,,,Executed,
553,Solar,,Franklin,ME,115 kV Sturtevant sub,,SUN,19.9,19.9,19.9,6/12/2015,Withdrawn,11/15/2016,8/28/2015,,,8/28/2015,PV,12/1/2016,11/15/2016,CNR,N,PD,ME,N,,Not Started,,,,Under Study
552,"Nutmeg Solar, LLC",,Hartford,CT,115kV Sitico Sub,ISO-NE,SUN,19.9,19.9,19.9,6/12/2015,Completed,11/15/2020,,,,12/8/2020,PV,12/7/2020,11/15/2020,NR,Y,,CT,Y,,Document Posted,,,Executed,In Service
551,Solar,,Windsor,VT,115kV Coolidge sub,,SUN,19.9,19.9,19.9,6/12/2015,Withdrawn,11/15/2016,8/4/2015,,,8/4/2015,PV,12/1/2016,11/15/2016,CNR,N,,VT,N,,,,,,
550,Solar,,Franklin,VT,115 kV Highgate Sub,,SUN,19.9,19.9,19.9,6/12/2015,Withdrawn,11/15/2016,8/4/2015,,,8/4/2015,PV,12/1/2016,11/15/2016,CNR,N,,VT,N,,,,,,
549,Combined Cycle,,Newport,RI,interconnection on NGRID 115kV M13 & L14 lines connecting to Somerset and Bell Rock substations,,DFO NG,870.0,870.0,893.0,5/28/2015,Withdrawn,1/2/2020,7/9/2015,,,7/13/2015,CC,5/1/2020,1/2/2020,CNR,N,PD,RI,N,,,,,,
548,Combined Cycle,,Plymouth,MA,interconnection between Carver and Tremont substations (NSTAR 115kV Lines 127/128 and 134): ALT connection 345kV Carver substation,,DFO NG,870.0,870.0,893.0,5/28/2015,Withdrawn,1/2/2020,5/19/2016,,,5/20/2016,CC,5/1/2020,1/2/2020,CNR,N,BL,SEMA,N,Document Posted,,,,,
547,Wind uprate,,Penobscot,ME,Existing connection between Emera Maine 115kV lines 64 and 97,,WND,2.93,42.9,42.9,4/28/2015,Withdrawn,12/1/2018,5/31/2018,,,5/31/2018,WT,12/31/2018,12/1/2018,NR,N,PD,BHE,N,,Not Started,,,,Under Study
546,"NEA Bell. Uprate (Northeast Energy Associates, LP)",,Norfolk,MA,345 kV NEA Bellingham substation,,DFO NG,1.393,314.7,340.241,3/4/2015,Completed,7/15/2018,,,,5/21/2019,CC,7/31/2018,7/15/2018,CNR,N,,SEMA,N,,,,,Executed,Under Construction
545,Proctor Hydroelectric Station Uprate,,Rutland,VT,GMP Proctor Substation 46kV Circuit Breaker BB8,,WAT,3.241,2.0,2.0,3/3/2015,Completed,5/2/2015,,,,6/29/2015,HD,6/25/2015,5/2/2015,CNR,Y,,VT,N,,,,,Executed,In Service
544,Increase RISEC Winter CNR,,Providence,RI,115 kV RISE substation,,NG,0.0,613.0,625.0,3/3/2015,Completed,8/17/2015,,,,8/18/2015,CC,8/17/2015,8/17/2015,CNR,N,,RI,N,,,,,Executed,In Service
543,Antrim Wind,,Hillsborough,NH,Proposed POI is to PSNH 115 kV line L163.,ISO-NE,WND,28.4,28.4,28.4,3/2/2015,Completed,8/16/2019,,,,12/30/2019,WT,12/24/2019,8/16/2019,CNR,Y,PD,NH,Y,,Document Posted,,,Executed,In Service
542,combustion turbine,,Norfolk,MA,NSTAR 115kV Edgar substation,,DFO NG,97.0,97.0,97.0,3/2/2015,Withdrawn,12/1/2017,4/18/2016,,,4/18/2016,GT,2/1/2018,12/1/2017,CNR,N,PD,SEMA,N,Document Posted,,,,,
541,Combined cycle (alt to Q442/472),,Hampden,MA,"115kV Line 1302 between Buck Pond and Pochassic substations, approximately 1 mile south of Buck Pond",,DFO NG,431.0,431.0,452.0,3/2/2015,Withdrawn,6/1/2018,2/16/2016,,,2/17/2016,CC,3/1/2019,6/1/2018,CNR,N,,WMA,N,In Progress,,,,,Under Study
540,CPV Towantic Increase,,New Haven,CT,"CL&P 115kV Lines 1575, 1585 & 1990",ISO-NE,DFO NG,55.5,800.5,830.5,3/2/2015,Completed,1/24/2018,,,,5/21/2018,CC,5/21/2018,1/24/2018,CNR,Y,PD,SWCT,Y,,Document Posted,,,Executed,In Service
539,Hoosac Wind Project CNR Only,,Franklin,MA,Hoosac 69 kV Substation,,WND,0.0,28.5,28.5,3/2/2015,Completed,1/19/2016,,,,1/29/2016,WT,1/19/2016,1/19/2016,CNR,N,,WMA,N,,,,,Executed,In Service
538,Internal Combustion,,Newport,RI,"Near Bell Rock and Somerset on NGRID 115kV lines L14 and M13. Adjacent to existing Tiverton combined cycle generator, possibly associated with existing tap.",,NG,119.4,119.4,119.4,3/2/2015,Withdrawn,4/30/2019,4/27/2016,,,4/27/2016,IC,5/31/2019,4/30/2019,CNR,N,PD,RI,N,Document Posted,,,,,
537,Combustion Turbine,,Middlesex,MA,MECO 23KV Behen St feeder load side of MTR 04034085,,NG,11.965,11.965,14.097,2/28/2015,Withdrawn,8/31/2016,5/21/2015,,,5/22/2015,GT,11/30/2016,8/31/2016,CNR,N,,BOST,N,,,,,,
536,Wind,,Orleans,VT,GMP Line 14 between Irasburg and Lowell Substations approximately 3.6 miles from Irasburg Substation adjacent to Kidder Hill Road,,WND,4.98,4.98,4.98,2/27/2015,Withdrawn,9/1/2016,12/10/2015,,,12/10/2015,WT,9/13/2016,9/1/2016,CNR,N,,VT,N,,Not Started,,,,
535,Holiday Hill Community Wind,,Hampden,MA,"WMECo 23 kV line 19J1 adjacent to Pine Hill Road in the town of Russell, Massachusetts",NU,WND,4.98,4.98,4.98,2/27/2015,Completed,11/26/2019,,,,1/7/2020,WT,1/7/2020,11/26/2019,CNR,Y,,WMA,Y,,Document Posted,,,Executed,In Service
534,Lake Road Upgrades,,Windham,CT,345kV Lake Road 27E Substation,ISO-NE,NG,49.836,882.0,951.0,2/27/2015,Completed,11/26/2017,,,,8/1/2018,CC,5/20/2018,11/26/2017,CNR,Y,PD,CT,Y,Document Posted,Document Posted,,,Executed,In Service
533,Milford Upgrades - Phase II,,New Haven,CT,115kV East Devon Substation,ISO-NE,NG,16.606,293.0,318.5,2/27/2015,Completed,4/12/2017,,,,8/1/2017,CC,5/22/2017,4/12/2017,CNR,Y,PD,SWCT,Y,Document Posted,Document Posted,,,In Progress,
533,Milford Upgrades - Phase I,,New Haven,CT,115kV East Devon Substation,ISO-NE,NG,16.606,293.0,318.5,2/27/2015,Completed,5/22/2017,,,,8/1/2017,CC,6/5/2017,5/22/2017,CNR,Y,PD,SWCT,Y,Document Posted,Document Posted,,,Executed,In Service
532,wind,,Franklin,VT,"GMP 34.5 kV Line between North St. Albans and Sheldon Springs Substations. State Route 105, Swanton, Vermont",,WND,17.4,17.4,17.4,2/27/2015,Withdrawn,9/1/2016,6/1/2016,,,6/2/2016,WT,9/15/2016,9/1/2016,CNR,N,,VT,N,,In Progress,,,,Under Study
531,Combined Cycle Uprate,,Penobscot,ME,EMERA Maine-Graham Station via 115kv,,NG,29.999,546.8459,582.5609,2/27/2015,Withdrawn,7/16/2018,4/5/2018,,,4/5/2018,CC,8/1/2018,7/16/2018,CNR,N,PD,BHE,N,,In Progress,,,,Under Study
530,Bridgeport Energy Wet Compression Upgrade,,Fairfield,CT,UI Singer Substation,ISO-NE,NG,18.0,578.0,588.0,2/26/2015,Withdrawn,5/16/2018,9/14/2017,,,11/21/2017,CC,6/1/2018,5/16/2018,CNR,Y,PD,SWCT,Y,,Document Posted,,,Executed,
529,Combined Cycle CNR Only,,Worcester,MA,ANP Blackstone 345kV Bus 110785 Station BLK_336,,NG,0.0,585.648,615.0,2/26/2015,Withdrawn,10/20/2017,6/26/2017,,,6/26/2017,CC,11/3/2017,10/20/2017,CNR,N,,CMA,N,,,,,In Progress,
528,Combined Cycle Upgrate #3,,Worcester,MA,Milford Power Switch DS-F3 115kV (Nat Grid # D-130-3) and Milford Power Switch DS-A3 115kV (Nat Grid # C-129-3),ISO-NE,NG,30.0,249.583,260.73,2/26/2015,Withdrawn,9/24/2018,9/28/2016,,,9/29/2016,CC,10/8/2018,9/24/2018,CNR,N,PD,CMA,Y,,Document Posted,,,,
527,Combined Cycle Uprate #2,,Worcester,MA,Milford Power Switch DS-F3 115kV (Nat Grid #D-130-3) and Milford Power Switch DS-A3 115kV (Nat Grid #C-129-3).,ISO-NE,NG,30.0,219.583,230.73,2/26/2015,Completed,12/13/2018,,,,12/20/2018,CC,12/14/2018,12/13/2018,CNR,Y,PD,CMA,Y,,Document Posted,,Document Posted,Executed,In Service
526,Combined Cycle Upgrade #1,,Worcester,MA,Milford Power Switch DS-F3 115kV (Nat Grid # D-130-3) and Milford Power Switch DS-A3 115kV (Nat Grid # C-129-3),ISO-NE,NG,40.583,189.583,200.73,2/26/2015,Withdrawn,9/24/2018,9/28/2016,,,9/29/2016,CC,10/8/2018,9/24/2018,CNR,N,PD,CMA,Y,,Document Posted,,,,
525,Tiverton Power LLC Upgrade,,Newport,RI,near Bell Rock and Somerset on NGRID 115kV lines L14 and M13.,ISO-NE,NG,21.5,287.5,305.5,2/25/2015,Completed,11/2/2016,,,,11/8/2016,CC,11/4/2016,11/2/2016,CNR,Y,,RI,Y,,Document Posted,,,Executed,In Service
524,Combustion Turbine (Alt to Q523),,Providence,RI,Both National Grid 115kV lines S171 and T172 south of the Rhode Island State Energy tap.,,DFO NG,0.0,226.5,233.5,2/23/2015,Withdrawn,1/1/2019,3/31/2015,,,3/31/2015,GT,5/1/2019,1/1/2019,CNR,N,,RI,N,,,,,,
523,Combustion Turbine,,Providence,RI,Both National Grid 345kV lines 328 and 332 south of the Rhode Island State Energy project,,DFO NG,226.5,226.5,233.5,2/23/2015,Withdrawn,1/1/2019,9/11/2015,,,9/14/2015,GT,5/1/2019,1/1/2019,CNR,N,PD,RI,N,,Not Started,,,,
522,Plainfield 2.3 MW Capacity Restoration (CNR Only),,Windham,CT,"Frybrook substation, 115 KV",,WDS,0.0,38.5,38.5,2/20/2015,Completed,7/1/2015,,,,7/9/2015,ST,7/1/2015,7/1/2015,CNR,N,,CT,N,,,,,Executed,
521,Combustion Turbine,,Fairfield,CT,CL&P (Eversource) 115 kV Middle River Substation,,DFO NG,109.799,109.799,109.799,2/17/2015,Withdrawn,4/4/2018,3/10/2016,,,3/10/2016,GT,5/2/2018,4/4/2018,CNR,N,PD,SWCT,N,Not Started,,,,,Under Study
520,Simple Cycle gas turbine,,Fairfield,CT,Eversource Energy 115 kv Line Middle River Substation 28M,,DFO NG,109.799,109.799,109.799,2/17/2015,Withdrawn,4/4/2018,3/10/2016,,,3/10/2016,GT,5/2/2018,4/4/2018,CNR,N,PD,SWCT,N,Document Posted,,,,,Under Study
519,HVDC/AC Tie - Import only,,Rockingham,NH,HQ Des Cantons substation to PSNH Deerfield substation,,,1200.0,1200.0,1200.0,2/16/2015,Withdrawn,3/30/2019,8/18/2015,,,8/18/2015,,4/30/2019,3/30/2019,CNI,N,PD,NH,N,,,,,,
518,HVDC from S. Maine to K Street - bidirectional fl,,Suffolk,MA,CMP 345 kV ME Yankee substation to NSTAR 115 kV K Street substation,,,1000.0,1000.0,1000.0,2/16/2015,Withdrawn,11/1/2018,7/9/2015,,,7/9/2015,,12/1/2018,11/1/2018,,N,PD,BOST,N,,,,,,
517,HVDC from S. Maine to Mystic - bidirectional flow,,Middlesex,MA,CMP 345 kV ME Yankee substation to NSTAR 345 kV Mystic substation,,,1000.0,1000.0,1000.0,2/16/2015,Withdrawn,11/1/2018,7/9/2015,,,7/9/2015,,12/31/2018,11/1/2018,,N,PD,BOST,N,,,,,,
516,HVDC Tie - Import only,,Addison,VT,HQ to VELCO 345 kV New Haven substation,,,425.0,425.0,425.0,2/16/2015,Withdrawn,1/30/2018,4/15/2015,,,4/15/2015,,6/30/2018,1/30/2018,CNI,N,,VT,N,,,,,,
515,HVDC Tie - Import only,,Franklin,VT,HQ to VELCO Williston 115 kV substation,,,425.0,425.0,425.0,2/16/2015,Withdrawn,1/30/2018,4/15/2015,,,4/15/2015,,6/30/2018,1/30/2018,CNI,N,,VT,N,,,,,,
514,Expand NB/NE Interface,,Aroostook,ME,NB to ME interface,,,350.0,350.0,350.0,2/16/2015,Withdrawn,9/1/2017,4/17/2015,,,4/17/2015,,11/1/2017,9/1/2017,CNI,N,,BHE,N,,,,,,
513,Coos ETU,,Coos,NH,PSNH Coos area transmission,,,,,,2/16/2015,Withdrawn,7/1/2016,4/17/2015,,,4/17/2015,,7/1/2016,7/1/2016,,N,,NH,N,,,,,,
512,AC to HVDC Tie,,Middlesex,MA,NB 345 kV Keswick or St. Andre substation to NGRID 345 kV Wakefield substation,,,1200.0,1200.0,1200.0,2/16/2015,Withdrawn,1/1/2019,4/17/2015,,,4/17/2015,,3/31/2019,1/1/2019,CNI,N,,BOST,N,,,,,,
511,HVDC Line,,Barnstable,MA,NSTAR 345 kV Barnstable substation,,,1000.0,1000.0,1000.0,2/16/2015,Withdrawn,6/1/2020,4/15/2015,,,4/15/2015,,6/1/2020,6/1/2020,,N,,SEMA,N,,,,,,
510,HVDC Line,,Plymouth,MA,NSTAR 345 kV Carver substation,,,1000.0,1000.0,1000.0,2/16/2015,Withdrawn,6/1/2020,4/15/2015,,,4/15/2015,,6/1/2020,6/1/2020,,N,,SEMA,N,,,,,,
509,HVDC Line,,Middlesex,MA,Orrington substation to NGRID Tewksbury substation,,,1100.0,1100.0,1100.0,2/16/2015,Withdrawn,3/30/2017,4/17/2015,,,4/17/2015,,6/30/2017,3/30/2017,,N,,BOST,N,,,,,,
508,HVDC from NY to WMA - bidirectional,,Berkshire,MA,NY Alps substation to WMECO Berkshire substation,ISO-NE,,600.0,600.0,600.0,2/16/2015,Withdrawn,7/30/2019,10/31/2018,,,10/31/2018,,8/30/2019,7/30/2019,NI,Y,PD,WMA,Y,,Document Posted,,,In Progress,
507,AC Tie - bidirectional flows,,Aroostook,ME,NMISA Mullen substation to Emera Keene Road substation,,,75.0,75.0,75.0,2/16/2015,Withdrawn,7/25/2017,1/30/2018,,,1/30/2018,,7/31/2017,7/25/2017,NI,N,PD,BHE,N,,Not Started,,,,Under Study
506,Internal HVDC - North to South flow,,Suffolk,MA,NMISA to NSTAR 345 kV K Street substation,ISO-NE,,1000.0,1000.0,1000.0,2/16/2015,Withdrawn,9/1/2027,2/10/2020,,,2/10/2020,,10/1/2027,9/1/2027,,Y,PD,BOST,Y,,Document Posted,,Document Posted,In Progress,Under Study
505,HVDC Tie - Import only,,Windsor,VT,HQ to VELCO 345 kV Coolidge substation,,,1000.0,1000.0,1000.0,2/16/2015,Withdrawn,12/31/2017,4/17/2015,,,4/17/2015,,12/31/2017,12/31/2017,CNI,N,,VT,N,,,,,,
504,HVDC Tie - Import only,,Addison,VT,HQ 735 kV substation to VELCO 345 kV New Haven substation,,,1000.0,1000.0,1000.0,2/16/2015,Withdrawn,10/31/2018,4/15/2015,,,4/15/2015,,12/31/2018,10/31/2018,CNI,N,,VT,N,,,,,,
503,HVDC Tie - Import only,,Rutland,VT,HQ 735 kV substation to VELCO 345 kV W. Rutland substation,,,1000.0,1000.0,1000.0,2/16/2015,Withdrawn,10/31/2018,4/15/2015,,,4/15/2015,,12/31/2018,10/31/2018,CNI,N,,VT,N,,,,,,
502,345 kV Tie - Phase 1,,Aroostook,ME,"Houlton, ME to MEPCO 396 Line",,,200.0,200.0,200.0,2/16/2015,Withdrawn,12/1/2016,4/17/2015,,,4/17/2015,,12/1/2016,12/1/2016,,N,,BHE,N,,,,,,
502,345 kV Tie - Phase 2,,Aroostook,ME,"Bridgewater, ME to MEPCO 396 Line",,,0.0,0.0,0.0,2/16/2015,Withdrawn,12/1/2016,4/17/2015,,,4/17/2015,,12/1/2016,12/1/2016,,N,,BHE,N,,,,,,
501,NE Clean Power Link - controllable HVDC Tie - Import only,,Windsor,VT,HQ 735 kV substation to VELCO 345 kV Coolidge substation,ISO-NE,,1000.0,1000.0,1000.0,2/16/2015,Withdrawn,10/28/2027,6/23/2026,,,6/24/2026,,12/31/2027,10/28/2027,NI,Y,PD,VT,Y,,Document Posted,Document Posted,,Executed,
500,Keene Road ETU,,Penobscot,ME,Emera Keene Road substation,,,,,,2/16/2015,Withdrawn,12/15/2018,6/15/2018,,,7/8/2019,,12/1/2018,12/15/2018,,N,PD,BHE,Y,,Document Posted,,,,
499,Northern Pass Transmission Project (300 kV HVDC/AC Tie) - Import Only,,Rockingham,NH,HQ Des Cantes substation to PSNH Deerfield substation,ISO-NE,,1090.0,1090.0,1090.0,2/16/2015,Withdrawn,11/4/2022,8/14/2019,,,8/14/2019,,12/29/2022,11/4/2022,NI,Y,PD,NH,Y,,Document Posted,,,Executed,
498,150 kV HVDC Tie - Import Only,,Colchester,VT,NYPA 230/115 kV substation to VELCO 345 kV New Haven Substation,ISO-NE,,400.0,400.0,400.0,2/16/2015,Withdrawn,12/1/2020,2/2/2018,,,2/5/2018,,12/31/2020,12/1/2020,NI,Y,,VT,Y,,Document Posted,,,In Progress,
497,Beacon Falls Energy Park,,New Haven,CT,"Beacon Falls Substation, 180 Cold Spring Rd, Beacon Falls, CT Junction of 115kV lines 1570-1 and 1319",ISO-NE,NG,62.9,62.9,62.9,2/13/2015,Withdrawn,2/1/2022,1/30/2020,,,2/4/2020,FC,4/1/2022,2/1/2022,NR,Y,,SWCT,Y,Document Posted,Document Posted,,,Executed,
496,Millinocket Frequency Conversion,,Penobscot,ME,"Powersville Substation, Emera, 115kV, Line62, existing node424.",ISO-NE,WAT,0.0,126.0,126.0,2/13/2015,Completed,2/13/2019,,,,7/22/2019,HW,6/15/2019,2/13/2019,NR,Y,PD,BHE,Y,,Document Posted,Not Required,Not Required,Executed,In Service
495,1200 MW HVDC Tie - Import Only,,Rockingham,NH,HQ Des Cantons substation to PSNH Deerfield Substation,,,,,,2/13/2015,Withdrawn,9/1/2018,2/16/2015,,,2/17/2015,,12/1/2018,9/1/2018,,N,,NH,N,,,,,,
494,1000 MW HVDC - bidirectional,,Suffolk,MA,CMP 345 kV ME Yankee to NSTAR 115 kV K Street,,,,,,2/12/2015,Withdrawn,9/1/2018,2/16/2015,,,2/17/2015,,12/1/2018,9/1/2018,,N,,BOST,N,,,,,,
493,1000 MW HVDC - bidirectional,,Middlesex,MA,CMP 345 kV ME Yankee to NSTAR 345 kV Mystic,,,,,,2/12/2015,Withdrawn,9/1/2018,2/16/2015,,,2/17/2015,,12/31/2018,9/1/2018,,N,,BOST,N,,,,,,
492,Combustion Turbine Generator,,Providence,RI,NGRID 345 kV Sherman Road (via OSP Switchyard),ISO-NE,DFO NG,238.0,238.0,238.0,2/5/2015,Withdrawn,3/1/2020,10/3/2017,,,11/3/2017,GT,5/31/2020,3/1/2020,CNR,Y,PD,RI,Y,Document Posted,Document Posted,,,In Progress,
491,Fore River CNR Increase,,Norfolk,MA,NSTAR Edgar 115kv substation,,DFO NG,0.0,800.0,843.0,1/16/2015,Completed,1/20/2016,,,,1/26/2016,CC,1/20/2016,1/20/2016,CNR,N,,SEMA,N,,,,,Executed,In Service
490,Kendall Reconfiguration Project,,Middlesex,MA,Where line 875-539 interconnects with TO''s 115 kv bus at station 875,,DFO NG,1.88,75.0,75.0,1/15/2015,Completed,5/31/2016,,,,5/31/2016,CC,5/31/2016,5/31/2016,CNR,N,,BOST,N,,,,,Executed,In Service
489,Clear River,,Providence,RI,Sherman Road 345kV Station,ISO-NE,NG,1030.0,1030.0,1080.0,1/8/2015,Withdrawn,1/15/2022,11/26/2019,,,11/26/2019,CC,5/31/2022,1/15/2022,NR,Y,,RI,Y,Document Posted,Document Posted,,Document Posted,,
488,Wind,,Windham,VT,VELCO Coolidge - Vermont Yankee 345 kV line,,WND,73.5,73.5,73.5,12/22/2014,Withdrawn,10/1/2019,10/16/2015,,,10/16/2015,WT,12/31/2019,10/1/2019,CNR,N,,VT,N,Document Posted,In Progress,,,,
487,Cricket Valley Project (QP444 in NYISO Queue),,Dutchess,NY,Pleasant Valley - Long Mtn 345 kV,,NG,1020.0,1020.0,1132.0,12/18/2014,Completed,7/1/2019,,,,4/21/2020,CC,4/18/2020,7/1/2019,,N,,,Y,,,,,,
486,Wind,,Hancock,ME,Rebel Hill 115 kV,,WND,250.0,250.0,250.0,12/19/2014,Withdrawn,10/1/2021,6/8/2018,,,6/8/2018,WT,12/1/2021,10/1/2021,NR,N,PD,BHE,N,Document Posted,,,,,Under Study
485,Combined Cycle,,Hampden,MA,"Ludlow 19S Substation, Ludlow, MA",,DFO NG,837.0,837.0,844.0,12/10/2014,Withdrawn,9/1/2018,4/23/2015,,,4/27/2015,CC,6/1/2019,9/1/2018,CNR,N,,WMA,N,,In Progress,,,,Under Study
484,Newington Gas Turbine Uprate,,Rockingham,NH,"Public Service New Hampshire Newington Switchyard - Gosling Road, Newington, NH",ISO-NE,NG,27.9,596.1,634.8,12/4/2014,Completed,10/30/2015,,,,11/16/2015,CC,10/30/2015,10/30/2015,CNR,Y,,NH,Y,,Document Posted,,,Executed,In Service
483,Wyman Hydro CNR only,,Somerset,ME,Interconnection of Buyer’s 115 kV gang operated disconnect switch BS ½ to CMP’s 115 kV Bus No. 2 located in the 115 kV switchyard,,WAT,0.0,89.9,89.9,11/21/2014,Completed,3/24/2016,,,,3/30/2016,HW,3/30/2016,3/24/2016,CNR,N,,ME,N,,,,,Executed,
482,Hydro,,Rutland,VT,GMP Power Circuit 85G2 from Ryegate Paper Substation No. 85.,,WAT,1.318,0.325,0.325,11/18/2014,Withdrawn,12/11/2014,1/8/2015,,,1/8/2015,HD,12/12/2014,12/11/2014,CNR,N,,VT,N,,,,,,
481,GRE Capacity Uprate,,Rockingham,NH,"Watts Brook, North Litchfield",ISO-NE,NG,41.0,762.0,812.0,11/18/2014,Completed,9/1/2015,,,,6/15/2022,CC,6/29/2017,9/1/2015,CNR,Y,,NH,Y,,Document Posted,,,Executed,In Service
480,1000 MW HVDC Tie,,Suffolk,MA,HQ to NSTAR K Street 115 kV substation,,,,,,11/13/2014,Withdrawn,10/31/2017,2/12/2015,,,2/23/2015,,12/31/2017,10/31/2017,,N,,BOST,N,,,,,,
479,Combined Cycle Increase,,Rockingham,NH,"Watts Brook, North Litchfield",,NG,33.0,754.0,838.0,10/17/2014,Withdrawn,3/7/2015,11/18/2014,,,11/19/2014,CC,3/8/2015,3/7/2015,CNR,N,,NH,N,,,,,,
478,Wind,,Washington,ME,Emera 34.5kV Line 16,,WND,9.6,9.6,9.6,10/1/2014,Withdrawn,5/1/2016,8/17/2016,,,8/17/2016,WT,6/1/2016,5/1/2016,,N,,BHE,N,,,,,,
477,Deerfield Wind Project,,Bennington,VT,Future GMP Putnam Road 69 kV Substation on Y-25N Line,ISO-NE,WND,30.0,30.0,30.0,9/19/2014,Completed,12/8/2017,,,,6/3/2019,WT,6/1/2019,12/8/2017,CNR,Y,,WMA,Y,,Document Posted,,,Executed,In Service
476,Wind,,Penobscot/Washington,ME,"Emera Maine (Bangor Hydro) Keene Road Substation (Connecting through Evergreen Gen Lead, LLC Line 56)",,WND,52.8,52.8,52.8,8/29/2014,Withdrawn,9/1/2017,6/17/2016,,,6/21/2016,WT,10/1/2017,9/1/2017,CNR,N,PD,BHE,N,,Not Started,,,,Under Study
475,600 MW HVDC Tie,,Berkshire,MA,Alps Sub in NY to WMECO Berkshire Sub in MA,,,,,,8/14/2014,Withdrawn,9/30/2019,2/16/2015,,,2/17/2015,,12/30/2019,9/30/2019,,N,,WMA,N,,,,,,
474,CNR Increase,,Middlesex,MA,Mystic 115 and 345 kV Stations,,NG,0.0,1600.0,1700.0,8/1/2014,Withdrawn,5/30/2016,4/9/2015,,,4/10/2015,CC,5/31/2016,5/30/2016,CNR,N,,BOST,N,,,,,,
473,RNS Application,,Norfolk,MA,NU 115 kV,,,0.0,0.0,0.0,6/30/2014,Withdrawn,1/1/2017,7/21/2014,,,7/21/2014,,1/1/2017,1/1/2017,,N,,BOST,N,,,,,,
472,Combined Cycle Increase,,Hampden,MA,"115kV Line 1302 between Buck Pond and Pochassic substations, approximately 1 mile south of Buck Pond",ISO-NE,DFO NG,22.0,409.9,441.1,6/20/2014,Withdrawn,6/1/2018,12/28/2015,,,12/29/2015,CC,3/1/2019,6/1/2018,CNR,Y,,WMA,Y,,Document Posted,,,In Progress,
471,Wind,,Aroostook,ME,Primary: Orrington Substations 345kV with two alternatives: Keene Rd. Substation 345kV and the Orrington-Albion Rd 345kV line,,WND,600.6,600.6,600.6,6/19/2014,Withdrawn,11/30/2019,4/12/2018,,,4/12/2018,WT,12/30/2019,11/30/2019,NR,N,PD,BHE,N,Not Started,,,,,Under Study
470,Wind,,Aroostook,ME,Primary: Orrington Substations 345kV with two alternatives: Keene Rd. Substation 345kV and the Orrington-Albion Rd 345kV line,,WND,600.6,600.6,600.6,6/19/2014,Withdrawn,11/30/2018,4/12/2018,,,4/12/2018,WT,12/30/2018,11/30/2018,NR,N,PD,BHE,N,Not Started,,,,,Under Study
469,Bridgeport Energy Uprate,,Fairfield,CT,UI Singer Substation,ISO-NE,NG,84.0,560.0,588.0,6/16/2014,Completed,3/31/2015,,,,6/23/2015,CC,6/5/2015,3/31/2015,CNR,Y,PD,SWCT,Y,,Document Posted,,,Executed,In Service
468,Manchester Street Station Increase and CNR,,Providence,RI,CTGs NGrid 115 kV Franklin Square Substation. STGs NGrid 11.5 kV distribution substation,ISO-NE,NG,27.0,510.0,510.0,6/2/2014,Completed,3/2/2015,,,,3/16/2015,CC,3/12/2015,3/2/2015,CNR,Y,PD,RI,Y,,Document Posted,,,Executed,In Service
467,MASSPOWER CNR Recovery,,Hampden,MA,115kV Shawinigan Substation,,NG,0.0,256.1,279.9,5/29/2014,Completed,11/10/2014,,,,6/9/2020,CC,11/10/2014,11/10/2014,CNR,N,,WMA,N,,,,,Executed,
466,AC Tie,,Aroostook,ME,NMISA to Emera Keene Rd Substation,,,,,,5/14/2014,Withdrawn,2/28/2016,2/16/2015,,,2/17/2015,,7/31/2016,2/28/2016,,N,,BHE,N,,,,,,
465,425 MW HVDC Tie,,Addison,VT,VELCO 345 kV New Haven substation,,,,,,5/13/2014,Withdrawn,1/30/2018,2/16/2015,,,2/17/2015,,6/30/2018,1/30/2018,,N,,VT,N,,,,,,
464,1000 MW HVDC,,Suffolk,MA,NMISA to NSTAR K Street 345 kV substation,,,,,,5/12/2014,Withdrawn,1/30/2019,2/16/2015,,,2/17/2015,,6/30/2019,1/30/2019,,N,,BOST,N,,,,,,
463,425 MW HVDC Tie,,Franklin,VT,HQ to VELCO Williston 115 kV substation,,,,,,4/30/2014,Withdrawn,1/30/2018,2/16/2015,,,2/17/2015,,6/30/2018,1/30/2018,,N,,VT,N,,,,,,
462,wind,,Aroostook,ME,Pittsfield 345KV,,WND,104.0,104.0,104.0,4/30/2014,Withdrawn,9/15/2020,4/12/2018,,,4/12/2018,WT,12/30/2020,9/15/2020,NR,N,PD,BHE,N,,Not Started,,,,Under Study
461,Wind,,Aroostook,ME,Pittsfield 345KV,,WND,104.0,104.0,104.0,4/30/2014,Withdrawn,9/15/2018,4/12/2018,,,4/12/2018,WT,12/30/2018,9/15/2018,NR,N,PD,BHE,N,,Not Started,,,,Under Study
460,Wind,,Aroostook,ME,Pittsfield 345KV,,WND,104.0,104.0,104.0,4/29/2014,Withdrawn,9/15/2020,4/12/2018,,,4/12/2018,WT,12/30/2020,9/15/2020,NR,N,PD,BHE,N,,Not Started,,,,Under Study
459,Wind,,Aroostook,ME,Pittsfield 345KV,,WND,104.0,104.0,104.0,4/29/2014,Withdrawn,9/15/2020,4/12/2018,,,4/12/2018,WT,12/30/2020,9/15/2020,NR,N,PD,BHE,N,,Not Started,,,,Under Study
458,Wind,,Aroostook,ME,Pittsfield 345KV,,WND,104.0,104.0,104.0,4/28/2014,Withdrawn,9/15/2020,4/12/2018,,,4/12/2018,WT,12/30/2020,9/15/2020,NR,N,PD,BHE,N,,In Progress,,,,Under Study
457,500 MW HVDC Tie,,Chittenden,VT,HQ to VELCO 115 kV Essex substation,,,,,,4/17/2014,Withdrawn,12/31/2017,11/18/2014,,,11/19/2014,,12/31/2017,12/31/2017,,N,,VT,N,,,,,,
456,1200 MW HVDC Tie,,Middlesex,MA,HQ to NSTAR 345 kV Mystic substation,,,,,,4/17/2014,Withdrawn,12/31/2017,2/12/2015,,,2/13/2015,,12/31/2017,12/31/2017,,N,,BOST,N,,,,,,
455,1000 MW HVDC Tie,,Windsor,VT,HQ to VELCO 345 kv Coolidge substation,,,,,,4/17/2014,Withdrawn,12/31/2017,2/16/2015,,,2/17/2015,,12/31/2017,12/31/2017,,N,,VT,N,,,,,,
454,Wind Increase (see Q452),,Somerset,ME,"Harris substation near the Town of Jackman and Misery Township Somerset County, Maine",,WND,0.8,85.8,85.8,4/7/2014,Withdrawn,11/30/2018,6/17/2016,,,6/21/2016,WT,12/30/2018,11/30/2018,NR,N,PD,ME,N,,,,,,
453,Offshore Wind,,Lincoln,ME,"CMP Bristol Substation, Bristol Maine",,WND,10.0,10.0,10.0,3/31/2014,Withdrawn,9/11/2017,6/11/2014,,,6/11/2014,WT,11/13/2017,9/11/2017,NR,N,,ME,N,,,,,,
452,Wind,,Somerset,ME,"Harris substation near the Town of Jackman and Misery Township Somerset County, Maine",,WND,85.0,85.0,85.0,3/4/2014,Withdrawn,11/30/2018,6/17/2016,,,6/21/2016,WT,12/30/2018,11/30/2018,NR,N,PD,ME,N,,Not Started,,,,Under Study
451,Combined Cycle,,Fairfield,CT,NU/CL&P Norwalk Harbor 115kV substation,,DFO NG,100.0,345.0,345.0,3/4/2014,Withdrawn,5/1/2018,5/21/2014,,,5/21/2014,CC,5/31/2018,5/1/2018,CNR,N,,NOR,N,,,,,,
450,Combustion Turbine,,Fairfield,CT,NU/CL&P Norwalk Harbor 115kV Substation,,DFO,245.0,245.0,245.0,3/4/2014,Withdrawn,5/1/2018,5/21/2014,,,5/21/2014,GT,5/31/2018,5/1/2018,CNR,N,,NOR,N,,,,,,
449,Canal 3,,Barnstable,MA,NU/NStar 345kV Canal Substation,ISO-NE,DFO NG,333.0,333.0,336.2,3/4/2014,Completed,4/1/2019,,,,6/17/2019,GT,6/15/2019,4/1/2019,CNR,Y,,SEMA,Y,Document Posted,Document Posted,,,Executed,In Service
448,Fuel Cell,,New London,CT,"NU/CL&P Montville substation, 4160V station service bus",,NG,5.6,5.6,5.6,3/4/2014,Withdrawn,5/1/2018,6/11/2014,,,6/11/2014,FC,5/31/2018,5/1/2018,CNR,N,,CT,N,,,,,,
447,Passadumkeag Windpark CNR Only,,Penobscot,ME,115kV line between James River and Enfield substations on Line 64,,WND,0.0,39.975,39.975,3/4/2014,Completed,4/12/2016,,,,8/29/2024,WT,7/1/2016,4/12/2016,NR,N,,BHE,N,,,,,Executed,In Service
446,Gas Turbine,,Chittenden,VT,"Gorge substation, No. 16, Breaker 3320.",,DFO NG,47.5,59.5,59.5,3/4/2014,Withdrawn,3/31/2018,3/31/2014,,,4/1/2014,GT,5/31/2018,3/31/2018,CNR,N,,VT,N,,,,,,
445,Gas Turbine,,Norfolk,MA,Edgar 115 kV Station,,DFO NG,103.5,103.5,103.5,3/4/2014,Withdrawn,2/1/2018,3/2/2015,,,3/2/2015,GT,5/31/2018,2/1/2018,CNR,N,PD,SEMA,N,,In Progress,,,,Under Study
444,Medway Peaker - SEMARI,,Norfolk,MA,Medway 115 kV station,ISO-NE,DFO NG,207.7,207.7,207.7,5/2/2014,Completed,2/8/2019,,,,5/2/2019,GT,3/14/2019,2/8/2019,CNR,Y,PD,SEMA,Y,,Document Posted,,,Executed,In Service
443,Brockton Combined Cycle CNR Increase,,Plymouth,MA,Grid 115 kV E20 and F19 Lines,,NG,0.0,354.9,383.9,3/3/2014,Withdrawn,1/25/2019,5/25/2017,,,5/25/2017,CC,5/31/2019,1/25/2019,NR,N,,SEMA,N,,,,,Executed,
442,Combined Cycle,,Hampden,MA,"115kV Line 1302 between Buck Pond and Pochassic substations, approximately 1 mile south of Buck Pond.",ISO-NE,DFO NG,387.9,387.9,422.1,2/26/2014,Withdrawn,6/1/2018,12/28/2015,,,12/29/2015,CC,3/1/2019,6/1/2018,CNR,Y,,WMA,Y,,Document Posted,,,In Progress,
441,Glendale Hydroelectric Expansion Project,,Berkshire,MA,GRID 13.8 kV,NGRID,WAT,0.2,0.1856,0.1856,2/25/2014,Completed,11/7/2018,,,,11/26/2018,HD,11/13/2018,11/7/2018,CNR,N,,WMA,Y,,Document Posted,,,Executed,In Service
440,Wallingford Energy Center,,New Haven,CT,CMEEC 115 kV Wallingford Substation Generating facility.,ISO-NE,NG,100.0,350.0,350.0,2/24/2014,Completed,12/7/2017,,,,5/8/2018,GT,5/9/2018,12/7/2017,CNR,Y,,SWCT,Y,Document Posted,Document Posted,,,Executed,In Service
439,Simple Cycle,,Essex,MA,"GRID Ward Hill – Tewksbury 345 kV line, approximately 1.8 miles from the Ward Hill",,NG,478.0,478.0,483.0,2/24/2014,Withdrawn,1/1/2018,2/12/2015,,,2/12/2015,GT,5/1/2018,1/1/2018,CNR,N,,CMA,N,Document Posted,In Progress,,,,
438,Potter Repowering,,Norfolk,MA,BELD Station 16 Switchyard,ISO-NE,NG,-21.2,63.27,65.25,2/24/2014,Withdrawn,2/22/2019,5/31/2017,,,5/31/2017,GT,5/22/2019,2/22/2019,NR,Y,,SEMA,Y,,Document Posted,,,Executed,
437,Jericho Wind expansion,,Coos,NH,PSNH Berlin Substation Bus 1 Breaker 3521.,ISO-NE,WND,3.5,,,2/10/2014,Completed,10/16/2015,,,,6/15/2022,WT,1/23/2016,10/16/2015,CNR,Y,,NH,Y,,Document Posted,,,Executed,In Service
436,Gas Turbine (alt. to QP412),,Fairfield,CT,345 kV generator side connection to the transmission grid.,ISO-NE,DFO NG,0.0,335.0,335.0,2/5/2014,Withdrawn,2/1/2018,11/7/2014,,,11/7/2014,GT,5/31/2018,2/1/2018,CNR,N,PD,SWCT,Y,,Document Posted,,,,
435,Wind,,Washington,ME,"Bangor Hydro Epping Substation, Columbia, Washington County, ME",,WND,103.5,103.5,103.5,1/31/2014,Withdrawn,9/30/2018,1/19/2018,,,1/19/2018,WT,12/31/2018,9/30/2018,NR,N,PD,BHE,N,Document Posted,In Progress,,,,Under Study
434,Expand Interface,,Aroostook,ME,TBD,,,,,,1/29/2014,Withdrawn,9/1/2017,2/16/2015,,,2/17/2015,,11/1/2017,9/1/2017,,N,,BHE,N,,,,,,
433,MATEP (Combined Cycle) Increase,,Suffolk,MA,At existing point of interconnection for MATEP (Combined Cycle),,DFO NG,1.7,62.083,66.0,1/24/2014,Completed,3/21/2014,,,,4/30/2014,CC,4/21/2014,3/21/2014,CNR,N,,BOST,N,,,,,Executed,In Service
432,115 KV ETU,,Aroostook,ME,MPS 69 kV Mullen substation to ME Gen Lead 115 kV line,,,,,,1/21/2014,Withdrawn,7/31/2017,5/14/2014,,,3/28/2017,,7/31/2017,7/31/2017,,N,,BHE,N,,,,,,
431,Local Transmission Service - 99 MW,,Coos,NH,,,,0.0,0.0,0.0,1/14/2014,Withdrawn,1/1/2015,1/28/2014,,,1/29/2014,,1/1/2015,1/1/2015,,N,,NH,N,,,,,,
430,Coos ETU,,Coos,NH,TBD,,,,,,1/13/2014,Withdrawn,7/1/2016,2/16/2015,,,2/17/2015,,7/1/2016,7/1/2016,,N,,NH,N,,,,,,
429,Offshore Wind,,Lincoln,ME,"Central Maine Power, Bristol Substation, Bristol Maine",,WND,12.0,12.0,12.0,12/2/2013,Withdrawn,10/2/2017,1/10/2014,,,1/10/2014,WT,11/6/2017,10/2/2017,NR,N,,ME,N,,,,,,
428,1200 MW AC to HVDC Tie,,Middlesex,MA,NB 345 Keswick or St. Andre substation to GRID 345 kV Wakefield substation,,,,,,11/15/2013,Withdrawn,1/1/2019,2/16/2015,,,2/17/2015,,3/31/2019,1/1/2019,,N,,BOST,N,,,,,,
427,1000 MW HVDC Tie V3 (See Q425),,Addison,VT,HQ 735 kV substation to Velco 345 kV New Haven substation,,,,,,10/15/2013,Withdrawn,10/31/2018,2/16/2015,,,2/17/2015,,12/31/2018,10/31/2018,,N,,VT,N,,,,,,
426,1000 MW HVDC Tie V2 (See Q425),,Rutland,VT,HQ 735 kV substation to Velco 345 kV W. Rutland Substation,,,,,,10/15/2013,Withdrawn,10/31/2018,2/16/2015,,,2/17/2015,,12/31/2018,10/31/2018,,N,,VT,N,,,,,,
425,1000 MW HVDC Tie V1,,Windsor,VT,HQ 735 kV substation to Velco 345 kV Coolidge substation,,,,,,9/23/2013,Withdrawn,10/31/2018,2/16/2015,,,2/17/2015,,12/31/2018,10/31/2018,,N,,VT,N,,In Progress,,,,Under Study
424,Hydro Increase,,Hampden,MA,HGE 115 kV North Canal substation,,WAT,0.1,0.65,0.65,9/11/2013,Withdrawn,1/1/2014,11/5/2013,,,11/6/2013,HW,1/1/2014,1/1/2014,CNR,N,,WMA,N,,,,,,
423,Wind,,Merrimack/Grafton,NH,A201 Comerford - North Litchfield 230 kV line,,WND,74.29,74.29,74.29,9/10/2013,Withdrawn,10/1/2016,3/12/2014,,,3/12/2014,WT,12/31/2016,10/1/2016,CNR,N,,NH,N,,In Progress,,,,Under Study
422,Number Nine Wind Farm CNR,,Aroostook,ME,"MEPCO line in Haynesville, ME",,WND,0.0,250.0,250.0,7/26/2013,Withdrawn,4/5/2021,5/13/2019,,,5/14/2019,WT,10/31/2021,4/5/2021,NR,N,,BHE,N,,,,,Executed,
421,Spruce Ridge Wind CNR (see Q390),,Grafton,NH,NGRID 230 kV Comerford/Dunbarton Line,,WND,0.0,50.82,50.82,7/18/2013,Withdrawn,8/18/2017,4/10/2017,,,4/11/2017,WT,10/31/2017,8/18/2017,NR,N,,NH,N,,,,,Executed,
420,Weaver Wind,,Hancock,ME,Bull Hill Switching Station,ISO-NE,WND,72.6,72.6,72.6,7/15/2013,Completed,10/13/2020,,,,12/14/2020,WT,12/12/2020,10/13/2020,NR,Y,PD,BHE,Y,Document Posted,Document Posted,,Document Posted,Executed,In Service
419,Wind,,Franklin,ME,CMP 115 kV Bigalow Substation,,WND,33.0,33.0,33.0,5/2/2013,Withdrawn,10/1/2016,7/2/2014,,,7/3/2014,WT,11/1/2016,10/1/2016,NR,N,PD,ME,N,,Not Started,,,,Under Study
418,Biomass,,Windsor,VT,GMP L97 Line,,DFO WDS,37.0,37.0,37.0,5/1/2013,Withdrawn,6/30/2015,2/14/2014,,,2/14/2014,ST,8/30/2015,6/30/2015,CNR,N,BL,VT,N,,In Progress,,,,Under Study
417,Number Nine Wind Farm,,Aroostook,ME,Pittsfield 345KV,ISO-NE,WND,250.0,250.0,250.0,4/25/2013,Withdrawn,4/5/2021,5/13/2019,,,5/14/2019,WT,10/31/2021,4/5/2021,NR,Y,PD,BHE,Y,,Document Posted,,,Executed,
416,Wind,,Coos,NH,Pontook Hydro,,WND,18.0,18.0,18.0,4/23/2013,Withdrawn,4/12/2017,7/17/2013,,,11/12/2013,WT,4/30/2017,4/12/2017,CNR,N,,NH,N,,,,,,
415,Jericho Wind,,Coos,NH,PSNH Berlin Substation,ISO-NE,WND,8.55,8.55,8.55,4/12/2013,Completed,10/16/2015,,,,1/25/2016,WT,1/23/2016,10/16/2015,CNR,Y,BL,NH,Y,,Document Posted,,,Executed,In Service
414,EP Newington Energy Capacity Increase,,Rockingham,NH,PSNH Newington 345 kV substation,ISO-NE,NG,21.2,568.2,594.8,3/26/2013,Completed,5/31/2014,,,,6/24/2014,CC,6/17/2014,5/31/2014,CNR,Y,BL,NH,Y,,Document Posted,,,Executed,In Service
413,Keene Rd ETU,,Penobscot,ME,BHE Keene Road Substation,,,,0.0,0.0,3/4/2013,Withdrawn,11/1/2015,2/16/2015,,,2/17/2015,,3/1/2016,11/1/2015,,N,,BHE,N,,In Progress,,,,Under Study
412,PSEG Bridgeport Harbor CCGT Expansion,,Fairfield,CT,UI 345 kV Singer,ISO-NE,DFO NG,509.6,509.6,532.6,2/28/2013,Completed,5/11/2019,,,,6/10/2019,CC,6/10/2019,5/11/2019,CNR,Y,BL,SWCT,Y,Document Posted,Document Posted,,,Executed,In Service
411,Gas Turbine Increase,,Essex,MA,Peabody B-154S line,,DFO NG,10.9,39.4,45.8,2/28/2013,Completed,12/31/2013,,,,7/16/2014,GT,12/31/2013,12/31/2013,,Y,,BOST,N,,,,,,In Service
410,Wind CNR,,Peneobscot/Washington,ME,BHE Keene Rd,,WND,0.0,48.0,48.0,2/28/2013,Withdrawn,6/1/2016,8/25/2014,,,9/2/2014,WT,8/1/2016,6/1/2016,CNR,N,,BHE,N,,,,,In Progress,
409,Gas Turbine,,Norfolk,MA,NSTAR 230 kV W. Medway Station,,DFO NG,207.7,207.7,204.4,2/28/2013,Withdrawn,2/1/2018,3/2/2015,,,3/2/2015,GT,5/31/2018,2/1/2018,CNR,N,BL,BOST,N,,In Progress,,,,Under Study
408,Gas Turbine,,Middlesex,MA,NSTAR 345 kV Mystic Station,,DFO NG,207.7,207.7,204.4,2/28/2013,Withdrawn,2/1/2018,3/17/2016,,,3/23/2016,GT,5/31/2018,2/1/2018,NR,N,PD,BOST,Y,,Document Posted,,,,
407,Saddleback Increase and CNR (see Q287),,Franklin,ME,CMP Ludden Lane Substation,,WND,1.2,34.2,34.2,2/27/2013,Completed,8/15/2015,,,,9/16/2015,WT,9/15/2015,8/15/2015,CNR,N,,ME,N,,,,,Executed,In Service
406,Canton Increase and CNR (see Q300),,Oxford,ME,CMP Ludden Lane Substation,,WND,3.55,22.8,22.8,2/22/2013,Completed,10/18/2017,,,,11/29/2017,WT,11/29/2017,10/18/2017,NR,N,,ME,N,,,,,Executed,In Service
405,Block Island Wind Farm,,Washington,RI,Grid 34.5 kV,NGRID,WND,29.0,29.0,29.0,1/18/2013,Completed,11/4/2016,,,,12/9/2016,WT,12/9/2016,11/4/2016,,Y,,RI,Y,,,,,,In Service
404,MATEP -3rd CTG,,Suffolk,MA,NSTAR Brighton substation,ISO-NE,DFO NG,14.15,100.0,105.6,1/8/2013,Completed,12/1/2016,,,,6/30/2017,GT,6/28/2017,12/1/2016,CNR,Y,BL,BOST,Y,,Document Posted,,,Executed,In Service
403,Pisgah Mountain Increase (see Q349),,Penobscot,ME,BHE Line 66,,WND,0.075,9.075,9.075,12/6/2012,Completed,11/1/2016,,,,12/16/2016,WT,12/16/2016,11/1/2016,NR,N,,BHE,N,,,,,Executed,In Service
402,Mechanicsville Hydro Increase,,Windham,CT,CL&P 23 kV at Mechanicsville,,WAT,0.31,0.31,0.31,10/16/2012,Completed,3/1/2013,,,,1/17/2014,HD,3/1/2013,3/1/2013,CNR,N,,CT,N,,,,,Executed,
401,Wind,,Washington,ME,BHE Epping 115 kV substation or BHE 34.5 kV,,WND,19.8,19.8,19.8,10/5/2012,Withdrawn,11/30/2014,8/14/2014,,,12/11/2014,WT,12/31/2014,11/30/2014,CNR,N,PD,BHE,N,In Progress,,,,,Under Study
400,Downeast Wind,,Washington,ME,BHE Epping Substation,ISO-NE,WND,90.0,90.0,90.0,10/3/2012,Withdrawn,7/18/2019,4/19/2018,,,4/19/2018,WT,10/3/2019,7/18/2019,NR,Y,PD,BHE,Y,Document Posted,Document Posted,,,Executed,
399,Wind Increase,,Franklin,ME,CMP Ludden Lane Substation,,WND,1.2,34.2,34.2,10/1/2012,Withdrawn,6/2/2014,2/27/2013,,,2/27/2013,WT,8/15/2014,6/2/2014,CNR,N,,ME,N,,,,,,
398,Dighton Power Uprate,,Bristol,MA,GRID 115 kV U6 Line,ISO-NE,NG,5.0,180.0,197.0,9/4/2012,Completed,12/5/2013,,,,11/15/2013,CC,12/5/2013,12/5/2013,CNR,Y,CD,SEMA,Y,,Document Posted,,,Executed,In Service
397,Hancock Wind Project,,Hancock,ME,BHE Line 66 - Bull Hill substation,ISO-NE,WND,51.0,51.0,51.0,8/30/2012,Completed,10/1/2016,,,,12/14/2016,WT,12/14/2016,10/1/2016,NR,Y,PD,BHE,Y,,Document Posted,,,Executed,In Service
396,Berkshire Wind Increase,,Berkshire,MA,WMECO 23 kV from Partridge substation,NU,WND,4.6,19.6,19.6,8/28/2012,Completed,9/25/2019,,,,1/7/2020,WT,11/19/2019,9/25/2019,NR,N,BL,WMA,Y,,Document Posted,,,Executed,Under Construction
395,Solar,,Windham,VT,CVPS 46 kV,,SUN,2.18,2.18,2.18,7/30/2012,Withdrawn,5/15/2013,10/24/2012,,,10/24/2012,PV,6/1/2013,5/15/2013,CNR,N,,VT,N,,,,,,
394,Bridgeport Fuel Cell 2,,Fairfield,CT,UI 13.8 kV New Congress I substation,UI,NG,5.6,5.6,5.6,7/25/2012,Completed,11/24/2013,,,,12/23/2013,FC,12/22/2013,11/24/2013,,Y,,SWCT,Y,,,,,Executed,In Service
394,Bridgeport Fuel Cell I,,Fairfield,CT,UI 13.8 kV Ash Creek substation,UI,NG,5.6,5.6,5.6,7/25/2012,Completed,11/24/2013,,,,12/23/2013,FC,12/22/2013,11/24/2013,,Y,,SWCT,Y,,Document Posted,,,Executed,In Service
394,Bridgeport Fuel Cell 3,,Fairfield,CT,UI 13.8 kV New Congress II Substation,UI,NG,4.15,4.15,4.15,7/25/2012,Completed,11/24/2013,,,,12/23/2013,FC,12/22/2013,11/24/2013,,Y,,SWCT,Y,,,,,Executed,In Service
393,Wind,,Somerset,ME,CMP 115 kV W. S. Wyman Hydro Substation,,WND,84.0,84.0,84.0,5/7/2012,Withdrawn,10/1/2016,10/28/2015,,,10/28/2015,WT,11/1/2016,10/1/2016,NR,N,PD,ME,N,Document Posted,,,,,
392,Wind,,Coos,NH,PSNH 12.47 kV,,WND,2.7,2.7,2.7,3/28/2012,Withdrawn,10/15/2012,7/11/2012,,,7/23/2012,WT,10/29/2012,10/15/2012,CNR,N,,NH,N,,,,,,
391,Weston Station AVR Replacement U2-4,,Somerset,ME,CMP 34.5 kV Weston Substation,ISO-NE,WAT,0.0,14.806,14.806,2/2/2012,Completed,7/30/2015,,,,10/9/2015,HD,7/31/2015,7/30/2015,CNR,Y,BL,ME,Y,,,,,Executed,In Service
391,Weston Station GSU/AVR Replacement U1,,Somerset,ME,CMP 34.5 kV Weston Substation,ISO-NE,WAT,0.0,14.806,14.806,2/2/2012,Completed,12/14/2013,,,,12/17/2013,HD,12/14/2013,12/14/2013,CNR,Y,BL,ME,Y,,Document Posted,,,Executed,In Service
391,Weston Station Uprate U4,,Somerset,ME,CMP 34.5 kV Weston Substation,ISO-NE,WAT,1.6,14.806,14.806,2/2/2012,Completed,7/30/2015,,,,10/9/2015,HD,7/31/2015,7/30/2015,CNR,Y,BL,ME,Y,,,,,Executed,In Service
390,Spruce Ridge Wind Farm,,Grafton,NH,NGRID 230 kV Comerford/Dunbarton Line,ISO-NE,WND,50.82,50.82,50.82,1/30/2012,Withdrawn,9/18/2017,4/10/2017,,,4/11/2017,WT,10/31/2017,9/18/2017,NR,Y,PD,NH,Y,,Document Posted,,,Executed,
389,Solar,,Fairfield,CT,CL&P 115 kV Norwalk Harbor Substation,,SUN,5.04,5.04,5.04,1/17/2012,Withdrawn,3/31/2013,3/23/2012,,,3/23/2012,PV,5/31/2013,3/31/2013,CNR,N,,NOR,N,,,,,,
388,Combined Cycle,,Fairfield,CT,UI 115 kV or 345 kV,,NG,680.0,680.0,700.0,1/13/2012,Withdrawn,3/1/2016,3/19/2013,,,3/26/2013,CC,5/31/2016,3/1/2016,,N,PD,SWCT,N,,,,,,
387,Footprint Combined Cycle Unit,,Essex,MA,NGRID 115 kV Salem Harbor Substation,NGRID,NG,715.6,715.6,715.6,1/13/2012,Completed,12/22/2017,,,,5/31/2018,CC,5/31/2018,12/22/2017,CNR,Y,BL,BOST,Y,,Document Posted,,,Executed,In Service
387,Gas Turbine Increase,,New Haven,CT,CMEEC 115kV Wallingford Substation,,NG,13.5,250.0,250.0,1/13/2012,Withdrawn,2/28/2013,3/22/2013,,,3/26/2013,GT,2/28/2013,2/28/2013,,Y,,SWCT,N,,Document Posted,,,Executed,Under Construction
386,Westbrook Energy Center Expansion,,York,ME,CMP 115 kV Westbrook Substation,ISO-NE,NG,9.5,538.0,597.0,1/12/2012,Completed,1/31/2013,,,,2/5/2013,CC,1/31/2013,1/31/2013,CNR,Y,CD,SME,Y,,,,,Executed,
385,Wind,,Calendonia and Essex,VT,VELCO 115 kV Lyndonville substation,,WND,60.0,60.0,60.0,1/6/2012,Withdrawn,9/1/2015,5/21/2014,,,5/21/2014,WT,12/1/2015,9/1/2015,CNR,N,PD,VT,N,Document Posted,In Progress,,,,
384,CPV Towantic Energy Center,,New Haven,CT,CL&P 115 kV,ISO-NE,DFO NG,745.0,745.0,775.0,12/29/2011,Completed,1/24/2018,,,,5/21/2018,CC,5/21/2018,1/24/2018,CNR,Y,PD,SWCT,Y,,Document Posted,,,Executed,In Service
383,Wind,,Franklin,ME,CMP Roxbury substation,,WND,198.0,198.0,198.0,12/22/2011,Withdrawn,10/31/2015,7/26/2013,,,7/26/2013,WT,10/31/2016,10/31/2015,CNR,N,PD,ME,N,Document Posted,,,,,
382,Wind,,Oxford,ME,CMP 115 kV Rumford to Livermore Line,,WND,79.86,79.86,79.86,12/5/2011,Withdrawn,7/31/2014,11/20/2012,,,11/20/2012,WT,10/31/2014,7/31/2014,CNR,N,PD,ME,N,,,,,,
381,Wind,,Lincoln,ME,CMP 34.5 kV Boothbay Substation,CMP,WND,11.9,11.9,11.9,11/14/2011,Withdrawn,9/1/2017,10/21/2013,,,10/21/2013,WT,9/15/2017,9/1/2017,CNR,N,BL,ME,Y,,Document Posted,,,,
380,1000 MW HVDC Line,,,MA,NSTAR Barnstable 345 kV,,,,,,11/10/2011,Withdrawn,1/1/2020,2/16/2015,,,2/17/2015,,6/1/2020,1/1/2020,,N,,SEMA,N,,Not Started,,,,
380,1000 MW HVDC Line,,,MA,NSTAR Carver 345 kV,,,,,,11/10/2011,Withdrawn,1/1/2020,2/16/2015,,,2/17/2015,,6/1/2020,1/1/2020,,N,,SEMA,N,,Not Started,,,,
379,CornerStone Power Monson 2,,Hampden,MA,GRID 69 kV N14 Line,ISO-NE,SUN,4.92,4.92,4.92,10/19/2011,Withdrawn,10/15/2014,8/12/2014,,,9/2/2014,PV,11/1/2014,10/15/2014,NR,Y,BL,WMA,Y,,Document Posted,,,Executed,Under Construction
379,CornerStone Power Monson 3,,Hampden,MA,GRID 69 kV N14 Line,ISO-NE,SUN,4.92,4.92,4.92,10/19/2011,Withdrawn,10/15/2014,8/12/2014,,,9/2/2014,PV,11/1/2014,10/15/2014,NR,Y,BL,WMA,Y,,Document Posted,,,Executed,Under Construction
378,HVDC Line,,,MA,MEPCO 345 kV at Haynesville or MPC 345 KV/GRID 115,,,0.0,,,10/18/2011,Withdrawn,12/31/2015,11/15/2013,,,11/15/2013,,12/31/2015,12/31/2015,,N,,BOST,N,,Not Started,,,,
377,Harrington Street PV Project (QF),,Worcester,MA,GRID 69 kV,NGRID,SUN,9.75,9.75,9.75,9/14/2011,Completed,2/8/2016,,,,12/23/2016,PV,12/23/2016,2/8/2016,,Y,,WMA,Y,,,,,,In Service
376,Algonquin Power Windsor Locks CNR Increase,,Hartford,CT,CL&P Windsor Locks 23 kV Substation,ISO-NE,NG,0.0,0.0,0.0,9/8/2011,Completed,6/28/2012,,,,7/30/2012,IC,7/20/2012,6/28/2012,CNR,Y,BL,CT,Y,,,,,,
375,Wind,,Merrimack/Grafton,NH,GRID Comerford/Merrimack 230 kV Line,,WND,80.0,80.0,80.0,9/7/2011,Withdrawn,9/30/2014,9/27/2013,,,9/27/2013,WT,12/31/2014,9/30/2014,CNR,N,BL,NH,N,,,,,,
374,Brayton Pt. 2 Exciter Replacement,,Bristol,MA,GRID 345 kV Brayton Pt Switchyard,ISO-NE,BIT,0.0,0.0,0.0,8/24/2011,Withdrawn,5/22/2014,12/4/2013,,,1/28/2014,ST,5/30/2014,5/22/2014,CNR,Y,BL,RI,Y,,Document Posted,,,Executed,
374,Brayton Pt. 1 Exciter Replacement,,Bristol,MA,GRID 345 kV Brayton Pt Switchyard,ISO-NE,BIT,0.0,0.0,0.0,8/24/2011,Completed,5/12/2012,,,,6/7/2012,ST,5/20/2012,5/12/2012,CNR,Y,,RI,Y,,Document Posted,,,Executed,In Service
373,CC Administrative Increase,,Hampden,MA,WMECO Ludlow 19S substation,,DFO NG,0.0,478.0,550.0,8/12/2011,Withdrawn,,9/21/2012,,,9/21/2012,CC,,,CNR,N,,WMA,N,,,,,,
372,Skelton Station Modernization Phase 1,,York,ME,CMP 34.5 kV Louden substation,ISO-NE,WAT,1.083,21.083,21.083,8/3/2011,Completed,12/19/2013,,,,1/7/2014,HD,12/28/2013,12/19/2013,CNR,Y,,ME,Y,,Document Posted,,,Executed,In Service
372,Skelton Station Modernization Phase 2,,York,ME,CMP 34.5 kV Louden substation,ISO-NE,WAT,1.083,22.2,22.2,8/3/2011,Completed,12/14/2013,,,,1/7/2014,HD,12/28/2013,12/14/2013,CNR,Y,BL,ME,Y,,Document Posted,,,Executed,In Service
371,Wind,,Hillsborough,NH,PSNH L163 115 kV,ISO-NE,WND,33.0,33.0,33.0,8/1/2011,Withdrawn,6/30/2015,8/6/2013,,,8/6/2013,WT,7/31/2015,6/30/2015,CNR,Y,PD,NH,Y,,Document Posted,,,,
370,Shepaug AVR Upgrade,,New Haven,CT,CL&P 69 kV bus at Shepaug,ISO-NE,WAT,0.0,0.0,0.0,7/1/2011,Completed,9/23/2012,,,,10/15/2012,HW,10/16/2012,9/23/2012,CNR,Y,,SWCT,Y,,,,,,
369,Combined Cycle,,Fairfield,CT,NU 345 kV Line,,NG,745.0,745.0,775.0,6/8/2011,Withdrawn,1/1/2016,11/28/2011,,,11/29/2011,CC,6/1/2016,1/1/2016,CNR,N,,NOR,N,,,,,,
368,Wind,,Hillsborough,NH,PSNH 34.5 kV to Monadnock substation,ISO-NE,WND,16.1,16.1,16.1,5/27/2011,Withdrawn,10/1/2014,7/25/2013,,,7/25/2013,WT,10/31/2014,10/1/2014,CNR,Y,CD,NH,Y,,Document Posted,,,,
368,Wind,,Hillsborough,NH,PSNH 7.2 kV to Milford Substation,,WND,10.0,10.0,10.0,5/27/2011,Withdrawn,9/1/2012,8/23/2011,,,6/10/2014,WT,9/30/2012,9/1/2012,CNR,N,,NH,N,,Document Posted,,,,Under Study
367,Kingdom Community Wind Increase (see Q311),,Orleans,VT,VEC Lowell 46 kV station,ISO-NE,WND,3.075,64.575,64.575,5/26/2011,Completed,8/29/2012,,,,11/19/2012,WT,12/16/2012,8/29/2012,CNR,Y,,VT,Y,,Document Posted,,,Executed,
366,Wyman Hydro Uprate U3,,Somerset,ME,CMP 115 kV Wyman,ISO-NE,WAT,4.3,30.0,30.0,5/23/2011,Completed,3/24/2016,,,,3/30/2016,HW,3/30/2016,3/24/2016,CNR,Y,PD,ME,Y,,Document Posted,,,Executed,In Service
366,Wyman Hydro Uprate U2,,Somerset,ME,CMP 115 kV Wyman,ISO-NE,WAT,0.0,29.9,29.9,5/23/2011,Completed,3/23/2015,,,,3/25/2015,HW,3/23/2015,3/23/2015,CNR,Y,PD,ME,Y,,Document Posted,,,Executed,
366,Wyman Hydro Uprate U1,,Somerset,ME,CMP 115 kv Wyman,ISO-NE,WAT,2.5,30.0,30.0,5/23/2011,Completed,3/24/2016,,,,3/30/2016,HW,3/30/2016,3/24/2016,CNR,Y,PD,ME,Y,,Document Posted,,,Executed,In Service
365,Bridgeport Harbor #3 CNR Increase,,Fairfield,CT,UI Pequonnock 115 kV substation,,DFO SUB,5.0,385.0,385.0,4/27/2011,Completed,,,,,11/14/2011,ST,10/31/2011,,CNR,Y,,SWCT,N,,,,,,
364,Solar,,Hampden,MA,GRID 69kV N-14 Line,,SUN,4.92,4.92,4.92,4/7/2011,Withdrawn,3/1/2012,5/18/2011,,,5/26/2011,PV,3/31/2012,3/1/2012,CNR,N,,WMA,N,,,,,,
363,Solar,,Bristol,MA,NSTAR 115 kV or 13.2 kV,,SUN,6.0,6.0,6.0,3/31/2011,Withdrawn,9/30/2012,7/29/2011,,,7/29/2011,PV,12/31/2012,9/30/2012,CNR,N,,SEMA,N,,,,,,
362,Milford Hydro Expansion Increase (Q358),,Penobscot,ME,BHE Milford substation,BHE,WAT,0.183,9.083,9.083,3/22/2011,Completed,11/1/2011,,,,11/17/2011,HD,11/4/2011,11/1/2011,CNR,Y,,BHE,Y,,Document Posted,,,,
361,Grandpas Knob Wind,,West Rutland,VT,VELCO W Rutland 115 kV Substation,ISO-NE,WND,20.0,20.0,20.0,3/14/2011,Withdrawn,9/30/2016,5/19/2014,,,5/19/2014,WT,12/31/2016,9/30/2016,NR,Y,BL,VT,Y,,Document Posted,,,Executed,
360,Turners Falls Hydro CNR,,Franklin,MA,WMECO 13.8 kV,,WAT,0.0,0.95,0.95,3/14/2011,Completed,5/29/2012,,,,1/13/2015,HD,5/29/2012,5/29/2012,NR,N,BL,WMA,N,,,,,,
360,Indian River Power Supply CNR,,Hampden,MA,WMECO 23 kV circuit,,WAT,0.0,1.3,1.3,3/14/2011,Completed,,,,,8/3/2011,HD,8/2/2011,,CNR,N,,WMA,N,,,,,,
360,Woronoco Hydro CNR,,Hampden,MA,WMECO 23 kV,,WAT,0.0,2.7,2.7,3/14/2011,Completed,,,,,1/11/2012,HD,1/6/2012,,CNR,N,,WMA,N,,,,,,
359,Bear Swamp AVR/PSS Unit 2,,Franklin and Berkshire,MA,GRID Bear Swamp 230 kV substation,ISO-NE,WAT,0.0,0.0,0.0,3/7/2011,Completed,6/30/2011,,,,6/9/2020,PS,7/13/2011,6/30/2011,CNR,Y,,WMA,Y,,Document Posted,,,,
359,Bear Swamp AVR/PSS Unit 1,,Franklin and Bershire,MA,Bear Swamp 230 kV substation,ISO-NE,WAT,0.0,0.0,0.0,3/7/2011,Completed,3/6/2012,,,,3/9/2012,PS,3/8/2012,3/6/2012,CNR,Y,,WMA,Y,,Document Posted,,,,
358,Hydro,,Penobscot,ME,BHE Orono 12.5 kV substation,,WAT,3.858,3.858,3.858,3/4/2011,Withdrawn,8/1/2012,4/11/2011,,,4/12/2011,HD,8/15/2012,8/1/2012,CNR,N,,BHE,N,,,,,,
358,Milford Hydro Expansion,,Penobscot,ME,BHE Milford Substation,BHE,WAT,2.5,8.9,8.9,3/4/2011,Completed,11/1/2011,,,,11/17/2011,HD,11/4/2011,11/1/2011,CNR,Y,,BHE,Y,,Document Posted,,,Executed,In Service
358,Medway Hydro Expansion,,Penobscot,ME,BHE Medway substation,BHE,WAT,0.6,4.003,4.003,3/4/2011,Completed,4/4/2012,,,,10/26/2016,HD,4/4/2012,4/4/2012,CNR,Y,,BHE,Y,,Document Posted,,,Executed,
358,Hydro,,Penobscot,ME,BHE Stillwater 12.5 kV substation,,WAT,2.274,2.274,2.274,3/4/2011,Withdrawn,8/1/2012,10/5/2011,,,10/6/2011,HD,8/15/2012,8/1/2012,CNR,N,,BHE,N,,Document Posted,,,,
357,Passadumkeag Windpark,,Penobscot,ME,BHE 115 kV between Enfield and James River Substat,ISO-NE,WND,39.975,39.975,39.975,2/24/2011,Completed,4/12/2016,,,,7/1/2016,WT,5/23/2016,4/12/2016,NR,Y,PD,BHE,Y,,Document Posted,,,Executed,In Service
356,Altresco Increase (winter),,Berkshire,MA,WMECO Doreen 19A substation,ISO-NE,DFO NG,0.0,160.0,192.5,2/4/2011,Completed,,,,,6/26/2012,CC,6/29/2012,,CNR,Y,BL,WMA,Y,,,,,,
355,HVDC Tie,,,,UI Singer 345 kV substation to LIPA Pt Jefferson 1,,,,,,1/27/2011,Withdrawn,,12/4/2012,,,12/4/2012,,6/30/2016,,,N,,,N,,,,,,
354,Combined Cycle Increase,,Berkshire,MA,WMECO Doreen 19A Substation,,DFO NG,20.2,157.3,185.2,1/12/2011,Withdrawn,,2/4/2011,,,2/7/2011,CC,4/1/2011,,CNR,N,,WMA,N,,,,,,
353,Wind,,Plymouth,MA,NSTAR 115 kV Valley substation,ISO-NE,WND,9.9,9.9,9.9,12/21/2010,Withdrawn,11/30/2013,8/8/2012,,,8/8/2012,WT,12/31/2013,11/30/2013,CNR,N,BL,SEMA,Y,,,,,,
353,Wind,,Barnstable,MA,NSTAR 115 kV Valley substation,,WND,14.9,14.9,14.9,12/21/2010,Withdrawn,10/31/2012,6/7/2011,,,6/9/2011,WT,11/30/2012,10/31/2012,CNR,N,,SEMA,N,,,,,,
352,Salem Harbor Station Increase,,Essex,MA,Salem Switchyard,,BIT RFO,8.0,750.58,753.07,12/14/2010,Completed,,,,,5/26/2011,ST,,,CNR,N,,BOST,N,,,,,,
351,Gulf Island Unit 2 Increase,,Androscoggin,ME,CMP Gulf Island 115 kV,,WAT,4.4,38.915,38.915,12/3/2010,Completed,4/26/2011,,,,1/11/2012,HW,4/26/2011,4/26/2011,CNR,Y,,SME,N,,,,,,
350,Wind,,Somerset,ME,CMP Wyman substation,ISO-NE,WND,96.9,96.9,96.9,11/10/2010,Withdrawn,10/1/2016,10/5/2015,,,10/5/2015,WT,12/31/2016,10/1/2016,NR,N,PD,ME,Y,Document Posted,In Progress,,,,Under Study
350,Wind,,Washington,ME,BHE Washington County 115 kV substation,,WND,92.25,92.25,92.25,11/10/2010,Withdrawn,10/1/2015,11/15/2013,,,10/1/2015,WT,12/31/2015,10/1/2015,NR,N,PD,BHE,N,Document Posted,In Progress,,,,
349,Pisgah Mountain,,Penobscot,ME,BHE Line 66,ISO-NE,WND,9.0,9.0,9.0,10/20/2010,Completed,11/1/2016,,,,12/16/2016,WT,12/16/2016,11/1/2016,NR,Y,PD,BHE,Y,,Document Posted,,,Executed,In Service
348,1090 MW HVDC Tie - Import Only,,,NH,HQ Des Cantons substation to PSNH Deerfield substa,NU,,,,,10/13/2010,Withdrawn,5/1/2018,2/16/2015,,,2/17/2015,,6/1/2018,5/1/2018,,Y,,NH,Y,,Document Posted,,,,
347,Bucksport G5,,Hancock,ME,CMP 115 kV,ISO-NE,WDS,25.0,25.0,25.0,10/7/2010,Completed,10/25/2012,,,,2/13/2014,ST,11/15/2012,10/25/2012,NR,Y,BL,ME,Y,,Document Posted,,,Executed,In Service
346,Burgess BioPower Increase,,Coos,NH,PSNH Eastside (Berlin) Substation,ISO-NE,WDS,9.0,67.5,67.5,10/1/2010,Completed,10/25/2013,,,,4/7/2015,ST,6/17/2014,10/25/2013,CNR,Y,PD,NH,Y,,Document Posted,,,Executed,In Service
345,Groton Wind Farm,,Grafton,NH,PSNH Beebe River 115 kV Substation,ISO-NE,WND,48.0,48.0,48.0,9/8/2010,Completed,10/31/2012,,,,12/27/2012,WT,12/28/2012,10/31/2012,CNR,Y,PD,NH,Y,Document Posted,Document Posted,,,,
344,Mass Power Increase,,Hampden,MA,NU 115 kV Shawanigan,,NG,5.0,256.3,279.89,9/7/2010,Completed,9/30/2011,,,,9/30/2011,CC,9/30/2011,9/30/2011,CNR,Y,,WMA,N,,,,,,
343,Operating change,,Plymouth,MA,NSTAR 342 & 355 Line/345 switchyard,,NUC,0.0,0.0,0.0,8/10/2010,Withdrawn,,3/21/2012,,,3/21/2012,ST,,,,N,BL,SEMA,N,,,,,,
342,Manchester Street Station Exciter Upgrades & incre,,Providence,RI,GRID 115 kV Franklin substation,ISO-NE,NG,12.0,483.0,510.0,7/21/2010,Completed,2/13/2011,,,,6/9/2011,CC,6/14/2011,2/13/2011,CNR,Y,CD,RI,Y,,,,,,
341,HVDC Line,,,MA,MEPCO 345kV at Haynesville or MPC 345 kV/NSTAR 345,,,0.0,,,7/19/2010,Withdrawn,12/31/2014,11/15/2013,,,11/15/2013,,12/31/2014,12/31/2014,,N,,BOST,N,,Not Started,,,,
340,Biomass,,Bennington,VT,CVPS East Pownal to Bennington 46 KV line,,WDS,33.0,33.0,33.3,6/24/2010,Withdrawn,12/31/2012,3/28/2011,,,3/31/2011,ST,3/31/2013,12/31/2012,CNR,N,BL,VT,N,,,,,,
339,Exciter Upgrades,,Providence,RI,GRID 115 kV Franklin substation,,NG,0.0,441.0,492.0,6/9/2010,Withdrawn,2/13/2011,7/21/2010,,,7/22/2010,CC,3/7/2011,2/13/2011,,N,,RI,N,,,,,,
338,Wind,,Hillsborough,NH,PSNH 34.5 kV 3140 Circuit,,WND,0.0,18.0,18.0,5/14/2010,Withdrawn,11/2/2013,11/19/2012,,,11/19/2012,WT,12/3/2013,11/2/2013,,N,,NH,N,,,,,,
337,"Verso Androscoggin Energy Cogen 1, 2, & 3 Increase",,Franklin,ME,CMP Section 227,ISO-NE,KER NG,26.0,147.0,180.0,5/14/2010,Completed,,,,,1/20/2012,CC,1/13/2012,,CNR,Y,BL,ME,Y,,,,,,
336,Manchester Street Station increase,,Providence,RI,GRID 115 kV Franklin substation,,NG,0.0,471.0,492.0,5/14/2010,Completed,,,,,8/4/2010,CC,8/2/2010,,CNR,N,,RI,N,,,,,,
335,Biomass,,Hancock,ME,CMP 115 kV,,WDS,18.1,18.1,18.1,5/14/2010,Withdrawn,2/1/2012,6/30/2011,,,6/30/2011,ST,3/1/2012,2/1/2012,CNR,N,CD,ME,Y,,,,,,
334,Wind,,Hampden,MA,Section #175 115kV line from Palmer to Little Rest,,WND,30.0,30.0,30.0,5/14/2010,Withdrawn,10/1/2012,3/17/2011,,,3/21/2011,WT,12/31/2012,10/1/2012,CNR,N,BL,WMA,N,,,,,,
333,Bingham Wind,,Somerset,ME,CMP Guilford Substation,ISO-NE,WND,184.8,184.8,184.8,5/14/2010,Completed,8/15/2016,,,,12/13/2016,WT,12/13/2016,8/15/2016,CNR,Y,PD,ME,Y,Document Posted,Document Posted,,,Executed,In Service
332,RISEP Increase,,Providence,RI,115 kV RISE substation,ISO-NE,NG,66.0,613.0,625.0,5/13/2010,Completed,11/15/2011,,,,2/19/2013,CC,11/12/2012,11/15/2011,NR,Y,BL,RI,Y,,Document Posted,,,Executed,In Service
331,Kendall #3 Back Pressure Steam Turbine,,Middlesex,MA,115 kV Line 875-539 to NSTAR 875 substation,,DFO NG,7.5,28.5,28.4,5/13/2010,Completed,5/31/2016,,,,5/31/2016,ST,5/31/2016,5/31/2016,CNR,Y,,BOST,N,,,,,Executed,In Service
331,Waterbury Generation Increase,,New Haven,CT,CL&P Baldwin 115 kV substation,,NG,7.5,103.6,103.0,5/13/2010,Completed,9/30/2010,,,,1/10/2011,GT,10/12/2010,9/30/2010,CNR,Y,,SWCT,N,,,,,Executed,
330,Fair Haven Biomass,,Rutland,VT,CVPS 46 kV Castleton - Fair Haven,ISO-NE,WDS,33.0,33.0,33.3,5/10/2010,Withdrawn,1/29/2016,6/9/2015,,,6/9/2015,ST,3/30/2016,1/29/2016,NR,Y,BL,VT,Y,,Document Posted,,,Executed,
329,Georgia Mountain Community Wind,,Chittenden,VT,CVPS 34.5 kV Fairfax - Milton Line,ISO-NE,WND,10.0,10.0,10.0,5/7/2010,Completed,12/20/2012,,,,12/27/2012,WT,12/31/2012,12/20/2012,CNR,Y,BL,VT,Y,,,,,Executed,
328,Douglas Woods Wind Unit 12,,Worcester,MA,GRID 69 kV S19 at E. Webster Substation,ISO-NE,WND,2.5,30.0,30.0,5/6/2010,Withdrawn,8/1/2014,9/5/2013,,,6/9/2020,WT,10/1/2014,8/1/2014,NR,Y,,WMA,Y,,,,,,
328,Douglas Woods Wind Units 1-11,,Worcester,MA,GRID 69 kV S19 at E. Webster Substation,ISO-NE,WND,27.5,27.5,27.5,5/6/2010,Withdrawn,8/1/2014,9/5/2013,,,6/9/2020,WT,10/1/2014,8/1/2014,NR,Y,,WMA,Y,,Document Posted,,,,
327,Wind,,Penobscot/Washington,ME,BHE Keene Rd Substation,ISO-NE,WND,48.0,48.0,48.0,5/4/2010,Withdrawn,6/1/2016,8/25/2014,,,8/26/2014,WT,9/1/2016,6/1/2016,NR,Y,PD,BHE,Y,,Document Posted,,,In Progress,
326,Solar,,Hampden,MA,GRID 69 kV N-14 Line,,SUN,19.92,19.92,19.92,4/8/2010,Withdrawn,4/1/2012,7/26/2010,,,7/19/2010,PV,6/1/2012,4/1/2012,CNR,N,,WMA,N,,,,,,
325,Wind,,Washington,RI,GRID Brayton Point 345 kV substation,,WND,535.5,535.5,535.5,2/10/2010,Withdrawn,9/30/2014,9/19/2011,,,9/19/2011,WT,12/31/2015,9/30/2014,NR,N,BL,RI,N,,,,,,
324,345 kV Tie Line - Part 2,,,ME,"MEPCO to Bridgewater, ME",,,,,,1/22/2010,Withdrawn,9/1/2016,2/16/2015,,,2/17/2015,,12/31/2016,9/1/2016,,N,,BHE,N,,,,,,
324,345kV Tie Line - Part 1,,,ME,"Houlton, ME to MEPCO Line",,,,,,1/22/2010,Withdrawn,9/1/2016,2/16/2015,,,2/17/2015,,12/1/2016,9/1/2016,,N,,BHE,N,,,,,,
323,Spruce Mountain Wind Increase,,Oxford,ME,CMP Woodstock substation,,WND,2.0,20.0,20.0,1/21/2010,Completed,11/30/2011,,,,12/21/2011,WT,12/21/2011,11/30/2011,,Y,,ME,N,,,,,,
323,Wind Increase (see QP290),,Oxford,ME,CMP Woodstock Substation,,WND,2.0,20.0,20.0,1/21/2010,Withdrawn,9/30/2010,7/29/2010,,,7/30/2010,WT,12/30/2010,9/30/2010,CNR,N,,ME,N,,,,,,
322,345 kV Tie Line,,,ME,Houlton to MEPCO Line,,,,,,12/28/2009,Withdrawn,,6/29/2011,,,6/29/2011,,7/1/2012,,,N,,BHE,N,,,,,,
321,Rumford Falls Unit #3 increase,,Oxford,ME,CMP 115 kV Rumford Substation,,WAT,1.3,44.1,44.1,12/24/2009,Completed,6/1/2010,,,,5/7/2014,HD,6/1/2010,6/1/2010,CNR,N,,ME,N,,,,,,
320,Combined Cycle Repowering,,Fairfield,CT,Norwalk Harbor 115 kV station,,DFO NG,0.0,0.0,0.0,12/15/2009,Withdrawn,1/1/2014,10/31/2011,,,11/1/2011,CC,6/1/2014,1/1/2014,CNR,N,CD,NOR,N,,,,,,
319,Power Station Increase,,New London,CT,CL&P Millstone 345 kV substation,,NUC,29.0,1253.0,1260.0,12/14/2009,Withdrawn,11/20/2011,6/9/2011,,,6/9/2011,ST,11/30/2011,11/20/2011,CNR,N,BL,CT,N,,,,,,
318,Algonquin Power Windsor Locks Cogeneration Facilit,,Hartford,CT,CL&P Windsor Locks Substation,,DFO NG,0.0,47.5,47.5,11/24/2009,Completed,4/14/2010,,,,5/13/2010,GT,4/14/2010,4/14/2010,CNR,N,,CT,N,,,,,,
317,Wind,,Hancock,ME,BHE Line 66,,WND,46.8,81.0,81.0,11/4/2009,Withdrawn,10/1/2013,8/22/2011,,,8/22/2011,WT,12/31/2013,10/1/2013,CNR,N,PD,BHE,N,,Document Posted,,,,
317,Bull Hill Wind Phase I,,Hancock,ME,BHE Line 66,ISO-NE,WND,34.485,34.485,34.485,11/4/2009,Completed,10/4/2012,,,,2/5/2013,WT,10/31/2012,10/4/2012,NR,Y,PD,BHE,Y,,Document Posted,,,Executed,
316,Red Shield Acquisition #5,,Penobscot,ME,BHE Line 5 - 46 kV,BHE,NG WDS,9.5,26.15,27.25,11/2/2009,Completed,9/15/2010,,,,1/10/2011,GT,10/4/2010,9/15/2010,CNR,Y,,ME,Y,,,,,,
315,Cresent Hydroelectric Project Uprate,,Hampden,MA,WMECO 19J1 23 kV line,,WAT,0.667,1.667,1.667,10/20/2009,Completed,,,,,6/15/2012,HD,6/8/2012,,CNR,N,BL,WMA,N,,,,,Executed,
314,RNS Application,,Aroostook,ME,,,,,,,10/16/2009,Withdrawn,,,,,1/27/2010,,12/1/2011,,,N,,BHE,N,,,,,,
314,Combined Cycle,,Plymouth,MA,NSTAR 127 and 128 Lines or new 115 kV,,NG,410.0,410.0,455.0,10/16/2009,Withdrawn,12/1/2014,12/2/2009,,,12/3/2009,CC,5/1/2015,12/1/2014,CNR,N,,SEMA,N,,,,,,
314,400 MW 150 kV HVDC Line,,Colchester,VT,"NYPA 230.115 kV substation in Plattsburg, NY to near VELCO 345 kV New Haven Substation",,,,,,10/16/2009,Withdrawn,6/1/2018,2/16/2015,,,2/17/2015,,6/1/2018,6/1/2018,,N,,VT,N,,In Progress,,,,
313,Gulf Island Unit 3 Increase,,Androscoggin,ME,CMP Gulf Island 115 kV,,WAT,0.569,34.514,34.744,10/8/2009,Completed,12/18/2010,,,,5/10/2011,HW,4/26/2011,12/18/2010,CNR,Y,,SME,N,,,,,,
313,Gulf Island Unit 1 Increase,,Androscoggin,ME,CMP Gulf Island 115 kV,,WAT,0.975,33.945,34.175,10/8/2009,Completed,8/23/2012,,,,9/12/2012,HW,8/24/2012,8/23/2012,CNR,Y,,SME,N,,,,,,
312,Biomass,,Cheshire,NH,PSNH 34.5 kV to Winchester substation,,WDS,20.0,20.0,20.0,9/18/2009,Withdrawn,6/30/2013,10/18/2011,,,10/19/2011,ST,10/30/2013,6/30/2013,CNR,N,CD,NH,N,,,,,,
311,Kingdom Community Wind,,Orleans,VT,VEC Lowell 46 kV station,ISO-NE,WND,61.5,61.5,61.5,9/15/2009,Completed,8/29/2012,,,,11/19/2012,WT,11/16/2012,8/29/2012,CNR,Y,PD,VT,Y,,Document Posted,,,,
310,Kibby Wind Expansion,,Franklin,ME,Section 267 to CMP Bigalow,ISO-NE,WND,33.0,33.0,33.0,9/10/2009,Withdrawn,9/1/2014,11/15/2012,,,11/15/2012,WT,10/15/2014,9/1/2014,CNR,Y,PD,ME,Y,,Document Posted,,,Executed,
309,Hydro Uprate,,Lewiston,ME,CMP Gulf Island 115 kV,,WAT,0.975,34.038,34.038,9/1/2009,Withdrawn,11/1/2009,9/28/2009,,,9/28/2009,HD,12/1/2009,11/1/2009,CNR,N,,ME,N,,,,,,
308,Wind,,Washington,RI,NGRID 3302 Feeder,,WND,28.8,28.8,28.8,8/28/2009,Withdrawn,9/30/2012,8/8/2011,,,8/8/2011,WT,12/31/2012,9/30/2012,NR,N,CD,RI,N,,Document Posted,,,,
307,Wind Expansion,,Franklin,ME,Section 267,,WND,45.0,45.0,45.0,7/14/2009,Withdrawn,9/1/2011,9/10/2009,,,9/28/2009,WT,10/31/2011,9/1/2011,NR,N,,ME,N,,,,,,
307,Diesel,,Essex,VT,NGRID 34.5 kV Moore/Gilman Line,ISO-NE,DFO,9.125,9.125,9.125,7/14/2009,Withdrawn,4/1/2013,5/30/2012,,,5/30/2012,IC,5/30/2013,4/1/2013,CNR,N,CD,VT,Y,,Document Posted,,,,
306,Hydro,,Hampden,MA,HG&E Prospect 24B substation,,WAT,3.35,3.35,3.35,7/13/2009,Withdrawn,1/1/2014,8/4/2010,,,8/4/2010,HD,4/1/2014,1/1/2014,CNR,N,,WMA,N,,,,,,
306,Overflow #3,,Hampden,MA,HG&E Holyoke Substation,,WAT,0.5,0.5,0.5,7/13/2009,Withdrawn,10/31/2013,,,,1/18/2013,HD,11/30/2013,10/31/2013,CNR,N,,WMA,N,,,,,,
305,Wind,,Grafton/Merrimack,NH,Pemigewassett 115 kV Substation,,WND,66.0,66.0,66.0,7/10/2009,Withdrawn,10/1/2012,7/29/2011,,,7/29/2011,WT,12/31/2012,10/1/2012,CNR,N,PD,NH,N,Document Posted,,,,,
305,Wind (non-FERC alternative),,Grafton/Merrimack,NH,Pemigewassett 34.5 kV Substation,,WND,0.0,66.0,66.0,7/10/2009,Withdrawn,10/1/2012,,,,7/29/2011,WT,12/31/2012,10/1/2012,,N,,NH,N,,,,,,
305,Internal Combustion,,Dukes,MA,NSTAR 23 kV Edgartown0Vineyard Haven Rd Line,,DFO,10.0,15.5,15.5,7/10/2009,Withdrawn,4/30/2013,10/20/2009,,,11/19/2015,IC,5/31/2013,4/30/2013,CNR,N,,SEMA,N,,,,,,
304,Biomass,,Cumberland,ME,CMP Moshers 34.5 kV,,WDS,4.9,4.9,4.9,7/6/2009,Withdrawn,1/30/2012,9/16/2009,,,9/28/2009,IC,4/30/2012,1/30/2012,CNR,N,,SME,N,,,,,,
303,Biomass,,Cumberland,ME,Rigby/Pleasant Hill 34.5 kV Line,,WDS,7.6,7.6,7.6,6/23/2009,Withdrawn,2/16/2010,8/18/2009,,,8/20/2009,ST,3/1/2010,2/16/2010,NR,N,,SME,N,,,,,,
303,Biomass,,Androscoggin,ME,TBD,,,9.5,9.5,9.5,6/24/2009,Withdrawn,,7/10/2009,,,9/28/2009,ST,,,NR,N,,ME,N,,,,,,
302,Wind Alternative (see 272),,Aroostook,ME,BHE/MEPCO Line,,WND,0.0,150.0,150.0,6/16/2009,Withdrawn,9/1/2012,4/26/2011,,,4/26/2011,WT,12/31/2012,9/1/2012,CNR,N,PD,BHE,N,,,,,,
301,Dundee Wind Increase,,Penobscot,ME,BHE Keene Rd Substation,ISO-NE,WND,3.9,3.9,3.9,5/28/2009,Completed,5/1/2011,,,,11/19/2015,WT,7/26/2011,5/1/2011,NR,Y,,BHE,Y,,,,,,
300,Canton Mountain Winds,,Oxford,ME,229 Line near Riley Substation,ISO-NE,WND,19.25,19.25,19.25,5/14/2009,Completed,10/18/2017,,,,11/29/2017,WT,11/29/2017,10/18/2017,NR,Y,PD,ME,Y,,Document Posted,,,Executed,In Service
299,Seabrook PSS Enabling,,Rockingham,NH,345 kV Seabrook substation,ISO-NE,NUC,0.0,0.0,0.0,5/11/2009,Completed,11/1/2009,,,,4/10/2012,ST,11/1/2009,11/1/2009,CNR,Y,BL,NH,Y,,,,,Executed,
298,Wind Uprate (see QP290),,Oxford,ME,CMP Woodstock Station,,,1.5,1.5,1.5,4/15/2009,Withdrawn,9/30/2010,5/12/2009,,,5/12/2009,WT,11/30/2010,9/30/2010,NR,N,,ME,N,,,,,,
297,Wind,,Aroostook,ME,"MEPCO Line at Haynesville, ME",,WND,201.6,201.6,201.6,3/25/2009,Withdrawn,7/1/2013,1/9/2012,,,1/11/2012,WT,10/1/2013,7/1/2013,CNR,N,PD,BHE,N,,,,,,
296,Salem Harbor 2 Exciter Replacement,,Essex,MA,Salem Switchyard,ISO-NE,BIT,0.0,0.0,0.0,3/20/2009,Completed,11/15/2009,,,,3/20/2013,ST,11/15/2009,11/15/2009,,Y,,BOST,Y,,,,,Executed,
296,Wind Farm,,Chittenden,VT,CVPS 34.5 kV Fairfax - Milton line,,WND,12.0,12.0,12.0,2/23/2009,Withdrawn,12/31/2010,,,,5/19/2010,WT,12/31/2010,12/31/2010,,N,,VT,N,,,,,,
296,Biomass,,Windsor,VT,CVPS 46 kV circuit in Springfield Area,,WDS,30.0,30.0,30.0,2/20/2009,Withdrawn,3/1/2011,7/30/2009,,,7/31/2009,ST,5/1/2011,3/1/2011,MIS,N,,VT,N,,,,,,
295,Combined Cycle,,Plymouth,MA,345 kV 322 Line,,NG,898.0,898.0,1012.0,2/9/2009,Withdrawn,9/1/2014,5/8/2009,,,7/29/2015,CC,3/1/2015,9/1/2014,CNR,N,,SEMA,N,,,,,,
294,Wind,,Washington,RI,NGRID 34.5 kV 3302 line,,WND,20.0,20.0,20.0,2/5/2009,Withdrawn,4/30/2012,5/7/2009,,,7/29/2015,WT,6/30/2012,4/30/2012,NS,N,,RI,N,,,,,,
293,Red Shield Acquisition - Hydro,,Penobscot,ME,BHE's Line 5 - 46 kV,,WAT,0.0,5.0,5.0,1/30/2009,Completed,,,,,5/19/2010,HD,7/20/2009,,CNR,N,,ME,N,,,,,,
293,Red Shield Acquisition - Biomass,,Penobscot,ME,BHE's Line 5 - 46 kV,,WDS,0.0,13.0,16.0,1/30/2009,Completed,,,,,5/19/2010,ST,7/20/2009,,CNR,N,,ME,N,,,,,,
292,Biomass Project,,Berkshire,MA,Doreen 115 kV substation of F132 115 kV line,,WDS,49.7,49.7,51.5,1/30/2009,Withdrawn,7/1/2013,1/26/2010,,,2/1/2010,ST,10/1/2013,7/1/2013,CNR,N,BL,WMA,N,,,,,,
291,Merrimack Unit 2 Second Uprate,,Merrimack,NH,PSNH Merrimack Substation,ISO-NE,BIT,17.175,340.0,353.5,1/21/2009,Completed,6/1/2010,,,,6/24/2010,ST,6/17/2010,6/1/2010,CNR,Y,BL,NH,Y,,,,,,
290,Spruce Mountain Wind,,Oxford,ME,CMP Woodstock substation,ISO-NE,WND,18.0,18.0,18.0,1/15/2009,Completed,11/30/2011,,,,12/21/2011,WT,12/21/2011,11/30/2011,,Y,,ME,Y,,,,,,
290,Wind,,Oxford,ME,CMP Woodstock Substation,ISO-NE,WND,18.0,18.0,18.0,1/15/2009,Withdrawn,9/30/2010,7/29/2010,,,7/29/2010,WT,12/30/2010,9/30/2010,CNR,Y,BL,ME,Y,,,,,,
289,Yale University - Sterling Power Plant,,New Haven,CT,UI's Water Street substation,UI,NG,17.6,17.6,17.6,1/8/2009,Completed,5/1/2010,,,,6/2/2010,GT,5/26/2010,5/1/2010,,Y,,SWCT,Y,,,,,,
289,Sikorsky Aircraft,,Fairfield,CT,UI's Trap Falls substation,UI,NG,10.265,10.265,10.265,1/8/2009,Completed,7/24/2011,,,,11/10/2011,GT,10/5/2011,7/24/2011,,Y,,SWCT,Y,,,,,,
289,Fuel Cell,,New Haven,CT,UI''s Milvon substation,UI,NG,9.0,9.0,9.0,1/8/2009,Withdrawn,5/15/2012,8/5/2013,,,8/5/2013,FC,6/15/2012,5/15/2012,,Y,,SWCT,Y,,,,,,
288,Local Service Application - 87 MW,,Somerset,ME,,ISO-NE,,0.0,,,12/18/2008,Completed,,,,,9/25/2009,,9/1/2009,,,N,,ME,Y,,Document Posted,,,,
287,Saddleback Ridge Wind Project,,Franklin,ME,115kV Line 229,ISO-NE,WND,33.0,33.0,33.0,12/18/2008,Completed,8/15/2015,,,,9/16/2015,WT,9/15/2015,8/15/2015,NR,Y,BL,ME,Y,,Document Posted,,,Executed,In Service
286,Gas Turbine,,Worcester,MA,115 kV bus at Millbury substation,,NG,187.5,187.5,199.0,12/5/2008,Withdrawn,2/1/2012,9/30/2009,,,9/30/2009,GT,6/1/2012,2/1/2012,MIS,N,,CMA,N,,,,,,
285,Gas Turbine,,Penobscot,ME,BHE Powersville substation,ISO-NE,NG,35.0,35.0,35.0,10/24/2008,Withdrawn,6/30/2014,8/29/2012,,,8/29/2012,GT,7/31/2014,6/30/2014,CNR,N,PD,BHE,Y,,,,,,
284,Seabrook LP Turbine Blade replacement,,Rockingham,NH,345 kV Seabrook Substation,ISO-NE,NUC,13.0,1257.0,1257.0,10/22/2008,Completed,12/31/2010,,,,4/10/2012,ST,4/5/2012,12/31/2010,CNR,Y,,NH,Y,,,,,Executed,
283,1100 MW HVDC Line,,,MA,Orrington ME and BostonMA,,,0.0,,,10/20/2008,Withdrawn,3/30/2017,2/16/2015,,,2/17/2015,,6/30/2017,3/30/2017,,N,,BOST,N,,Not Started,,,,
282,Biomass Project,,Franklin,MA,115 kV line near Montage or Fench King substations,,WDS,49.7,49.7,51.5,10/15/2008,Withdrawn,11/1/2013,6/28/2011,,,6/29/2011,ST,2/1/2014,11/1/2013,CNR,N,BL,WMA,N,,,,,,
281,Equipment Addition,,Windham,CT,CL&P 345 kV Lake Road substation,,NG,45.0,,,10/7/2008,Completed,6/1/2008,,,,2/12/2009,CC,1/30/2009,6/1/2008,MIS,N,,RI,N,,,,,,
281,Wind,,Rutland,VT,VELCO 115 kV K34 line,,WND,85.0,85.0,85.0,10/6/2008,Withdrawn,7/1/2011,3/30/2010,,,3/31/2010,WT,9/1/2011,7/1/2011,CNR,N,BL,VT,N,Document Posted,,,,,
280,Wind,,Coos,NH,PSNH W-179 115 kV,,WND,180.0,180.0,180.0,10/2/2008,Withdrawn,7/1/2011,9/24/2010,,,9/24/2010,WT,9/1/2011,7/1/2011,CNR,N,PD,NH,N,Document Posted,,,,,
279,Biomass,,Windsor,VT,CVPS 46kV circuit in Springfield area,,WDS,30.0,30.0,30.0,9/30/2008,Withdrawn,3/1/2011,2/20/2009,,,3/19/2009,ST,5/1/2011,3/1/2011,MIS,N,,VT,N,,,,,,
278,"Two terminal, 1000 MW , 500 kV, dc line",,,MA,"Maine Yankee Substation, South Boston Substation",,,0.0,,,9/26/2008,Withdrawn,3/31/2017,6/13/2014,,,6/13/2014,,3/31/2017,3/31/2017,,N,,BOST,N,,Not Started,,,,
277,Combined Cycle,,Fairfield,CT,CL&P 345 KV 321 line,,DFO NG,695.0,695.0,695.0,9/12/2008,Withdrawn,1/15/2013,2/13/2009,,,3/19/2009,CC,6/1/2013,1/15/2013,MIS,N,,SWCT,N,,,,,,
277,Combined Cycle (QP310 in NYISO Queue),,Dutchess,NY,Pleasant Valley - Long Mtn 345 kV,,NG,1002.0,1002.0,1115.0,9/22/2008,Withdrawn,7/1/2017,12/18/2014,,,12/22/2014,CC,1/31/2018,7/1/2017,,N,,,N,,,,,,
276,Deerfield Wind,,Bennington,VT,"Y-25 North, 69 kV line between Searsburg and Benni",ISO-NE,WND,30.0,30.0,30.0,9/2/2008,Withdrawn,10/1/2013,9/11/2014,,,9/19/2014,WT,12/31/2013,10/1/2013,NR,Y,BL,WMA,Y,Document Posted,Document Posted,,,Executed,
275,"Two terminal, 2000 MW , 500 kV, dc line",,,,"Maine Yankee Substation, South Boston Substation",,,0.0,,,8/27/2008,Withdrawn,,9/15/2008,,,4/21/2017,,3/31/2014,,,N,,,N,,,,,,
274,Wind project point-to-point application,,Aroostoock,ME,,,,0.0,100.0,100.0,8/25/2008,Withdrawn,,,,,3/19/2009,,10/1/2011,,,N,,BHE,N,,,,,,
274,GMP Generator Replacement,,Chittenden,VT,GMP Gorge Substation,ISO-NE,DFO NG,29.5,41.5,48.7,8/7/2008,Withdrawn,5/1/2014,10/14/2012,,,10/4/2012,GT,6/1/2014,5/1/2014,CNR,Y,,VT,Y,,Document Posted,,,,
273,Palmer Renewable Energy,,Hampden,MA,115 kV line near E. Springfield substation,ISO-NE,WDS,36.7,36.7,37.0,8/3/2008,Withdrawn,6/15/2020,10/16/2019,,,11/1/2019,ST,7/15/2020,6/15/2020,NR,Y,BL,WMA,Y,Document Posted,Document Posted,,,Executed,Under Construction
272,Wind,,Franklin,ME,CMP Rumford or Bigelow Substation,,WND,64.0,64.0,64.0,8/1/2008,Withdrawn,6/1/2012,6/15/2009,,,6/17/2009,WT,8/1/2012,6/1/2012,MIS,N,,ME,N,Document Posted,Document Posted,,,,
272,Wind,,Aroostoock,ME,BHE Millinocket Substation,,WND,0.0,150.0,150.0,8/1/2008,Withdrawn,5/1/2011,10/3/2008,,,10/3/2008,WT,8/1/2011,5/1/2011,MIS,N,,BHE,N,,,,,,
272,Wind,,Aroostoock,ME,BHE Powersville Substation,,WND,0.0,150.0,150.0,8/1/2008,Withdrawn,5/1/2011,3/10/2009,,,4/15/2009,WT,8/1/2011,5/1/2011,MIS,N,,BHE,N,,,,,,
272,Wind,,Aroostoock,ME,BHE 345 kV 396 line,,WND,128.0,128.0,128.0,8/1/2008,Withdrawn,10/31/2013,4/21/2009,,,5/1/2009,WT,12/31/2013,10/31/2013,MIS,N,,BHE,N,,,,,,
272,Oakfield II Wind - Keene Road,,Aroostoock,ME,BHE Keene Road Substation,ISO-NE,WND,135.5,135.5,135.5,8/1/2008,Completed,7/29/2015,,,,10/29/2015,WT,10/29/2015,7/29/2015,NR,Y,PD,BHE,Y,,Document Posted,,,Executed,In Service
272,Wind,,Somerset,ME,CMP 115 KV LINE 222,,WND,85.0,85.0,85.0,8/1/2008,Withdrawn,6/1/2012,2/3/2010,,,2/16/2010,WT,8/1/2012,6/1/2012,CNR,N,PD,ME,N,Document Posted,,,,,
271,"Two terminal, 1000 MW , 500 kV, dc line",,,,Hertel S/S in Quebec or Clay S/S in NY and Singer,,,0.0,,,7/30/2008,Withdrawn,,,,,7/16/2010,,3/31/2014,,,N,,,N,,,,,,
271,"Two terminal, 1000 MW , 500 kV, dc line",,,,Hertel S/S in Quebec or Clay S/S in NY and Glenbro,,,0.0,,,7/30/2008,Withdrawn,,,,,1/29/2010,,3/31/2014,,,N,,,N,,,,,,
271,MPS RNS Application,,Aroostoock,ME,,,,0.0,,,8/1/2008,Withdrawn,,,,,10/22/2009,,10/1/2010,,,N,,BHE,N,,,,,,
271,"Two terminal, 1000 MW , 500 kV, dc line",,,,Hertel S/S in Quebec or Clay S/S in NY and Norwalk,,,0.0,,,7/30/2008,Withdrawn,,5/12/2009,,,4/21/2017,,3/31/2014,,,N,,,N,,,,,,
270,Pumped Storage Project,,Wiscasset,ME,Maine Yankee 345 kV substation,,WAT,1000.0,1000.0,1000.0,7/17/2008,Withdrawn,6/1/2014,3/31/2011,,,3/31/2011,PS,6/1/2014,6/1/2014,NR,N,BL,ME,N,Document Posted,,,,,
269,Indian River Power,,Hampden,MA,WMELCO 23 kV circuit,NU,WAT,1.28,1.28,1.28,7/14/2008,Completed,3/31/2011,,,,8/3/2011,HD,8/2/2011,3/31/2011,NR,Y,,WMA,Y,,Document Posted,,,,
268,Wind ( increase in queue position 266),,Orleans,VT,CVPS Lowell Substation,,WND,8.5,8.5,8.5,7/8/2008,Withdrawn,9/15/2011,4/13/2009,,,5/1/2009,WT,12/31/2011,9/15/2011,MIS,N,,VT,N,,,,,,
267,Gas Turbine Capacity Increase ( See queue position,,Fairfield,CT,345 kV line # 321,,DFO NG,175.0,175.0,222.0,6/24/2008,Withdrawn,2/1/2011,3/9/2009,,,3/19/2009,GT,6/1/2011,2/1/2011,MIS,N,,SWCT,N,,,,,,
266,Wind,,Orleans,VT,CVPS Lowell Substation,,WND,34.0,34.0,34.0,6/19/2008,Withdrawn,9/15/2011,4/13/2009,,,5/1/2009,WT,12/31/2011,9/15/2011,MIS,N,,VT,N,,,,,,
265,MATEP - Third CTG,,Suffolk,MA,NSTAR Brighton Substation,NSTAR,DFO NG,12.5,12.5,14.0,6/16/2008,Withdrawn,5/1/2014,1/7/2013,,,12/5/2013,GT,6/1/2014,5/1/2014,CNR,Y,,BOST,Y,,,,,,
264,Landfill Gas,,,NH,NHEC 12.5 kV circuit,,LFG,0.8,0.8,0.8,6/4/2008,Withdrawn,11/1/2008,7/10/2008,,,7/10/2008,IC,11/30/2008,11/1/2008,MIS,N,,NH,N,,,,,,
264,Biomass Project,,Grafton,NH,PSNH 34.5 kV circuit #343,,WDS,10.0,10.0,10.0,6/11/2008,Withdrawn,6/1/2010,9/28/2009,,,9/28/2009,ST,6/1/2010,6/1/2010,,N,,NH,N,,,,,,
263,Wind,,Washington,RI,West Kingston Substation,,WND,385.0,385.0,385.0,5/27/2008,Withdrawn,6/1/2011,3/24/2010,,,3/25/2010,WT,12/1/2012,6/1/2011,CNR,N,BL,RI,N,,,,,,
262,Rhode Island Landfill Gas Genco Increase (see QP #,,Providence,RI,NGRID 115 kV S171 line,NGRID,LFG,6.0,45.9,50.1,5/23/2008,Withdrawn,9/1/2013,11/9/2011,,,11/10/2011,CC,9/1/2013,9/1/2013,CNR,Y,,RI,Y,,Document Posted,,,,
261,Combined Cycle,,,ME,Yarmouth Substation 115 kV bus,,NG,221.6,440.0,497.0,5/19/2008,Withdrawn,6/30/2013,11/7/2008,,,11/7/2008,CC,12/31/2013,6/30/2013,MIS,N,,ME,N,,,,,,
260,Wind,,,RI,Kent County 115 kV bus or Davisville 115 kV bus,,WND,0.0,450.0,450.0,5/8/2008,Withdrawn,6/30/2012,2/27/2009,,,3/19/2009,WT,12/31/2013,6/30/2012,MIS,N,,RI,N,,,,,,
260,Wind,,,RI,Brayton Point 115 kV bus or Dexter 115 kV bus,,WND,450.0,450.0,450.0,5/8/2008,Withdrawn,6/30/2012,2/27/2009,,,3/19/2009,WT,12/31/2013,6/30/2012,MIS,N,,RI,N,,,,,,
259,Combined Cycle,,Norfolk,MA,345 kV NEA Bellingham Substation,,DFO NG,27.0,303.3,340.2,5/7/2008,Withdrawn,6/1/2010,1/28/2009,,,2/12/2009,CC,6/1/2010,6/1/2010,MIS,N,,RI,N,,,,,,
259,Combined Cycle,,Providence,RI,115 kV RISE Substation,,NG,27.0,551.0,616.3,5/7/2008,Withdrawn,6/1/2012,8/11/2010,,,8/19/2010,CC,6/1/2012,6/1/2012,CNR,N,PD,RI,N,,,,,,
258,Merrimack Unit 2 Uprate,,Merrimack,NH,PSNH Merrimack Substation,,BIT,4.65,327.5,337.0,4/15/2008,Completed,,,,,11/19/2015,ST,5/26/2008,,MIS,N,,NH,N,,,,,,
257,Wind Project-Phase 5( MPS Queue # 9),,,ME,"Maine Public Service System, upgrades include tap",MPS,WND,150.0,150.0,150.0,4/14/2008,Withdrawn,9/3/2013,9/3/2013,,,9/16/2013,WT,9/1/2013,9/3/2013,,N,,BHE,N,,,,,,
257,Wind Project-Phase 4( MPS Queue # 8),,,ME,"Maine Public Service System, upgrades include tap",MPS,WND,250.0,250.0,250.0,4/14/2008,Withdrawn,,9/3/2013,,,9/16/2013,WT,9/1/2013,,,N,,BHE,N,,,,,,
256,Steam Turbine,,Merrimack,NH,Unitil 34.5kV line from PSNH Garvins station to UE,,WDS,20.0,20.0,20.0,4/4/2008,Withdrawn,12/30/2012,3/2/2013,,,3/26/2013,ST,3/31/2013,12/30/2012,,N,,NH,N,,,,,,
255,Distribution Wind Alternative,,Grafton,NH,PSNH Ashland 34.5 kV,,WND,2.0,50.0,50.0,3/31/2008,Withdrawn,10/1/2012,,,,11/13/2012,WT,12/31/2012,10/1/2012,,N,,NH,N,,,,,,
255,Wind,,Grafton,NH,115 kV Plymouth substation,,WND,50.0,50.0,50.0,3/31/2008,Withdrawn,10/1/2010,9/30/2009,,,12/3/2009,WT,12/31/2010,10/1/2010,CNR,N,,NH,N,,,,,,
254,Wind Project,,Berkshire,MA,WMECO Berkshire substation 23 kV circuit,,WND,12.5,12.5,12.5,3/25/2008,Withdrawn,10/31/2016,9/2/2015,,,9/3/2015,WT,11/30/2016,10/31/2016,,N,,WMA,N,,,,,,
254,Wind,,Penobscot,ME,CMP 115 kV line # 203,,WND,19.5,19.5,19.5,3/10/2008,Withdrawn,11/1/2010,8/25/2009,,,8/31/2009,WT,11/1/2010,11/1/2010,CNR,N,,ME,N,,,,,,
253,Combined Cycle,,Fairfield,CT,CL&P 115 kV 1876 line,,DFO,269.0,269.0,310.0,3/11/2008,Withdrawn,2/1/2011,6/1/2009,,,6/17/2009,CC,6/1/2011,2/1/2011,MIS,N,,SWCT,N,,,,,,
252,Foxwoods Central Plant,,New London,CT,CL&P 23 kV feeders from Tunnel and Mystic Substati,NU,NG,13.2,13.2,17.6,2/13/2008,Completed,4/30/2010,,,,7/30/2010,GT,7/15/2010,4/30/2010,,Y,,CT,Y,,,,,,
251,Burgess BioPower,,Coos,NH,PSNH Eastside(Berlin) Substation,ISO-NE,WDS,58.7,58.7,58.7,2/15/2008,Completed,10/25/2013,,,,6/18/2014,ST,6/17/2014,10/25/2013,CNR,Y,PD,NH,Y,Document Posted,Document Posted,,,Executed,In Service
250,Hamilton Sundstrand,,Hartford,CT,CL&P Windsor Locks Substation,,NG,5.0,4.9,6.1,2/13/2008,Completed,9/30/2011,,,,11/30/2011,GT,10/1/2011,9/30/2011,,Y,,CT,N,,,,,,
249,Stetson Wind II(Jimmey & Owl Mt.-UPC),,Washington,ME,BHE Keene Road Substation,ISO-NE,WND,2.2,26.2,26.2,2/4/2008,Completed,1/15/2010,,,,2/5/2013,WT,3/12/2010,1/15/2010,NR,Y,,BHE,Y,,,,,,
248,New Haven Harbor 2-4,,New Haven,CT,UI East shore Substation 115 kV bus,ISO-NE,DFO NG,129.6,129.6,145.8,2/7/2008,Completed,4/11/2012,,,,11/19/2015,GT,5/23/2012,4/11/2012,CNR,Y,PD,CT,Y,Document Posted,,,,,
247,Diesel generation,,Orleans,VT,VELCO Newport Substation 46 kV bus,,DFO,10.3,10.3,10.3,1/31/2008,Withdrawn,5/1/2009,4/2/2009,,,4/17/2009,IC,5/1/2009,5/1/2009,MIS,N,,VT,N,,,,,,
247,Reconnect Existing Hydro,,Orleans,VT,VELCO Newport Substation 46 kV bus,,WAT,0.0,4.1,4.1,1/31/2008,Withdrawn,5/1/2010,4/2/2009,,,4/17/2009,HD,5/31/2010,5/1/2010,MIS,N,,VT,N,,,,,,
246,Gas Turbine,,Worcester,MA,115 kV bus at Millbury substation,,NG,77.0,77.0,87.0,1/29/2008,Withdrawn,3/1/2011,12/31/2008,,,12/31/2008,GT,6/1/2011,3/1/2011,MIS,N,,CMA,N,,,,,,
245,Stetson Wind II(Jimmey & Owl Mt.-UPC) See # 249,,Washington,ME,BHE Keene Road Substation,ISO-NE,WND,24.0,24.0,24.0,1/11/2008,Completed,1/15/2010,,,,2/5/2013,WT,3/12/2010,1/15/2010,NR,Y,,BHE,Y,,,,,,
244,Wind,,Somerset,ME,CMP 115 kV Wyman substation,ISO-NE,WND,117.0,117.0,117.0,1/3/2008,Withdrawn,10/1/2013,3/21/2012,,,3/23/2012,WT,12/30/2013,10/1/2013,CNR,Y,BL,ME,Y,Document Posted,Document Posted,,,,
243,Increase to Steam Turbine Capacity Uprate (See QP,,Bristol,MA,Brayton Point 345 kV Switchyard,ISO-NE,BIT,6.0,648.0,669.0,1/4/2008,Completed,12/11/2011,,,,12/14/2011,ST,12/12/2011,12/11/2011,NR,Y,,RI,Y,,,,,,
242,Biomass Project,,Cheshire,NH,PSNH 115 kV N186 circuit,,WDS,20.0,20.0,20.0,1/3/2008,Withdrawn,6/30/2013,9/18/2009,,,9/25/2009,ST,10/30/2013,6/30/2013,CNR,N,,NH,N,,,,,,
241,Towantic Energy increase,,New Haven,CT,CL&P 115 kV lines between Baldwin Junction and Bea,ISO-NE,DFO NG,38.0,489.0,557.0,12/31/2007,Withdrawn,6/30/2014,1/27/2012,,,1/30/2012,CC,12/31/2014,6/30/2014,CNR,Y,,SWCT,Y,,,,,,
240,Gas Turbine,,New London,CT,Montville Substation,,KER NG,94.0,94.0,98.0,12/18/2007,Withdrawn,1/1/2013,10/27/2010,,,10/27/2010,GT,6/1/2013,1/1/2013,CNR,N,BL,CT,N,Document Posted,,,,,
239,Gas Turbine Capacity Increase ( See queue position,,Fairfield,CT,UI 345 kV Singer Substation,,DFO NG,35.0,360.0,436.0,12/12/2007,Withdrawn,6/30/2010,10/22/2008,,,11/12/2008,GT,9/30/2010,6/30/2010,MIS,N,,SWCT,N,,,,,,
238,Barre Mass Landfill Gas,,Worcester,MA,13.8 kV distribution circuit,ISO-NE,LFG,1.6,1.6,2.0,12/7/2007,Withdrawn,2/11/2011,6/17/2010,,,6/24/2010,IC,3/11/2011,2/11/2011,NR,Y,,WMA,Y,,,,,,
237,Combined Cycle,,Newport,RI,115 kV Tiverton Substation,,NG,285.0,285.0,300.0,12/5/2007,Withdrawn,8/1/2014,1/14/2010,,,1/14/2010,CC,12/1/2014,8/1/2014,CNR,N,PD,RI,N,,Document Posted,,,,
236,Pioneer Valley Energy Center,,Hampden,MA,115 kV line between Buck Pond and Pochassic substa,ISO-NE,DFO NG,353.0,353.0,421.0,11/30/2007,Withdrawn,4/29/2015,11/1/2012,,,11/13/2012,CC,9/28/2015,4/29/2015,CNR,Y,BL,WMA,Y,,Document Posted,,,Executed,
235,Gas Turbine,,New Haven,CT,CL&P 46 kV circuit from Baldwin Substation,,NG,,58.0,65.0,11/15/2007,Withdrawn,1/1/2010,2/27/2008,,,3/15/2008,GT,1/31/2010,1/1/2010,MIS,N,,SWCT,N,,,,,,
235,Gas Turbine,,New London,CT,CL&P Card Street substation,,DFO NG,,170.0,196.0,11/15/2007,Withdrawn,5/1/2010,6/30/2008,,,6/30/2008,GT,5/31/2010,5/1/2010,MIS,N,,CT,N,,,,,,
234,Moretown Landfill,,Washington,VT,Green Mountain Power 34 kV feeder,,LFG,4.8,4.8,4.8,11/7/2007,Completed,9/4/2008,,,,5/22/2009,IC,9/4/2008,9/4/2008,MIS,N,,VT,N,,,,,,
233,Rhode Island Landfill Gas Genco,,Providence,RI,NGRID 115 kV S171 line,NGRID,LFG,27.9,32.6,36.8,11/2/2007,Completed,12/10/2012,,,,5/30/2013,CC,5/25/2013,12/10/2012,CNR,Y,,RI,Y,,,,,,
232,Gas Turbine,,Hartford,CT,CL&P 329 345 kV line or 1895 115 kV line,,DFO NG,,250.0,275.0,11/1/2007,Withdrawn,4/1/2010,1/29/2008,,,1/29/2008,GT,6/1/2010,4/1/2010,MIS,N,,CT,N,,,,,,
231,Brayton Point 3 Uprate( see 243),,Bristol,MA,Brayton Point 345 kV Switchyard,ISO-NE,BIT,30.0,642.0,663.0,10/25/2007,Completed,12/11/2011,,,,12/14/2011,ST,12/12/2011,12/11/2011,NR,Y,,RI,Y,,,,,,
230,GMP Essex Diesel,,Colchester,VT,GMP Essex Substation,,DFO,,8.0,8.0,10/15/2007,Completed,,,,,8/20/2009,IC,10/30/2007,,MIS,Y,,VT,N,,,,,,
229,CPD Berlin,,Coos,NH,PSNH 115 kV Berlin Substation,ISO-NE,WDS,29.5,29.5,29.5,10/15/2007,Withdrawn,7/31/2013,10/11/2011,,,10/19/2011,ST,8/31/2013,7/31/2013,CNR,Y,PD,NH,Y,Document Posted,Document Posted,,Document Posted,,
229,Biomass Project,,Coos,NH,PSNH 34.5 kV circuit from Lost Nation or Whitefiel,,WDS,,41.0,41.0,10/15/2007,Withdrawn,12/31/2013,9/8/2008,,,9/8/2008,ST,12/31/2013,12/31/2013,MIS,N,,NH,N,,,,,,
228,Dundee Wind,,Penobscot,ME,BHE Keene Road Substation,ISO-NE,WND,27.0,27.0,30.0,10/9/2007,Completed,5/1/2011,,,,2/5/2013,WT,7/26/2011,5/1/2011,NR,Y,,BHE,Y,,Document Posted,,,,
227,Pump Storage Capacity Upgrade,,Berkshire,MA,Bear Swamp 230 kV Substation,ISO-NE,WAT,43.0,333.0,333.0,9/26/2007,Withdrawn,3/16/2013,9/23/2010,,,9/23/2010,PS,3/30/2013,3/16/2013,NR,Y,,WMA,Y,,Document Posted,,,,
227,Bear Swamp Uprate - First Unit,,Berkshire,MA,Bear Swamp 230 kV Substation,ISO-NE,WAT,43.0,333.0,333.0,9/26/2007,Withdrawn,3/17/2012,9/23/2010,,,9/23/2010,PS,3/31/2012,3/17/2012,NR,Y,,WMA,Y,,,,,,
227,Increase Transfer South From Wyman Hydro,,,ME,,,,,,,9/28/2007,Withdrawn,,,,,3/14/2008,,,,MIS,N,,ME,N,,,,,,
226,Combined Cycle Capacity Increase/ Generator Change,,Rockingham,NH,345 kV Seabrook Substation,,NG,904.0,904.0,1010.0,9/5/2007,Withdrawn,12/31/2012,7/14/2009,,,7/23/2009,CC,6/30/2013,12/31/2012,MIS,N,,NH,N,,,,,,
225,Wind Project-Phase 1( MPS Queue # 6),,,,"Maine Public Service System, upgrades include tap",,WND,53.4,255.0,255.0,9/4/2007,Withdrawn,,,,,8/20/2010,WT,9/1/2010,,,N,,,N,,,,,,
225,Combined Cycle Capacity Increase (See QP #202),,Windham,CT,CL&P 345 kV Lake Road substation,,NG,161.0,411.0,412.0,8/13/2007,Withdrawn,1/31/2013,10/22/2010,,,10/22/2010,CC,5/31/2013,1/31/2013,CNR,N,PD,RI,N,,,,,,
224,VPPSA Swanton Gas Turbine #2,,Franklin,VT,Swanton Village 46 kV System,ISO-NE,DFO NG,21.0,21.2,27.6,8/10/2007,Completed,5/1/2010,,,,5/24/2010,GT,5/24/2010,5/1/2010,,Y,,VT,Y,,,,,,
224,VPPSA Swanton Gas Turbine #1,,Franklin,VT,Swanson Village 46 kV System,ISO-NE,DFO NG,21.0,21.2,27.6,8/10/2007,Completed,12/16/2009,,,,2/17/2010,GT,2/12/2010,12/16/2009,,Y,,VT,Y,,,,,,
223,Increase to biomass project in queue position 218,,Berkshire,MA,Doreen 115 kV substation or F132 115 kV line,,WDS,0.0,20.5,24.0,7/25/2007,Withdrawn,9/1/2010,1/30/2009,,,11/19/2015,ST,12/1/2010,9/1/2010,MIS,N,,WMA,N,,,,,,
223,Gas Turbine,,New Haven,CT,East Shore-Grand Ave 115 kV line,,NG,,159.0,185.0,7/25/2007,Withdrawn,3/24/2010,11/7/2007,,,11/7/2007,GT,5/6/2010,3/24/2010,MIS,N,,SWCT,N,,,,,,
222,Meriden Gas Turbines,,New Haven,CT,Haddam Neck-Southington 345 kV line,ISO-NE,DFO NG,510.0,510.0,560.0,7/16/2007,Withdrawn,12/1/2014,5/30/2012,,,5/30/2012,CC,6/1/2015,12/1/2014,CNR,Y,BL,CT,Y,Document Posted,,,,,
221,Wind Project,,Penobscot,ME,115 kV line between Enfield and James River substa,ISO-NE,WND,34.9,34.9,34.9,7/18/2007,Withdrawn,10/30/2012,2/4/2011,,,2/4/2011,WT,12/30/2012,10/30/2012,NR,Y,,BHE,Y,,Document Posted,,,,
220,Indeck Energy Alexandria,,Grafton,NH,34.5 kV circuit from PSNH Peniwagewassett substat,NU,WDS,16.5,16.5,16.5,7/10/2007,Completed,9/7/2008,,,,5/22/2009,ST,1/31/2009,9/7/2008,MIS,Y,,NH,Y,,,,,,
219,L'Energia,,Middlesex,MA,J162 115kV line between Tewksbury and Perry Street,ISO-NE,DFO NG,74.0,74.0,77.0,7/6/2007,Completed,11/15/2008,,,,10/1/2010,CC,1/1/2009,11/15/2008,MIS,Y,,CMA,Y,,,,,,
218,Biomass Project ( Also see queue position #223),,Berkshire,MA,Doreen 115 kV substation or F132 115 kV line,,WDS,62.0,41.0,48.0,6/27/2007,Withdrawn,9/1/2010,1/30/2009,,,2/12/2009,ST,12/1/2010,9/1/2010,MIS,N,,WMA,N,,,,,,
217,Northfield Mt. Equipment Replacement,,Franklin,MA,W. Mass Northfield 345 kV substation,ISO-NE,WAT,0.0,1180.0,1180.0,6/13/2007,Completed,10/20/2008,,,,4/9/2010,PS,10/20/2008,10/20/2008,,Y,,WMA,Y,,,,,,
216,Combined Cycle,,Bristol,MA,Cleary 115 kV substation,ISO-NE,DFO NG,244.0,244.0,294.0,6/8/2007,Withdrawn,11/1/2013,5/28/2010,,,6/2/2010,CC,12/31/2013,11/1/2013,NR,Y,BL,SEMA,Y,,Document Posted,,,,
215,Longfellow Wind,,Oxford,ME,CMP 115 kV Rumford Substation,ISO-NE,WND,50.0,50.0,50.0,5/24/2007,Withdrawn,10/1/2013,12/14/2011,,,12/19/2011,WT,12/1/2013,10/1/2013,CNR,Y,PD,ME,Y,,,,,,
215,Combined Cycle,,Norfolk,MA,NGRID 345 kV 344 Line,,DFO NG,578.0,578.0,558.0,5/30/2007,Withdrawn,2/1/2013,10/27/2008,,,10/15/2008,CC,6/1/2013,2/1/2013,MIS,N,,SEMA,N,,,,,,
214,Biomass Project,,Coos,NH,PSNH 34.5 kV circuit from Lost Nation or Whitefiel,,WDS,,41.0,41.0,5/21/2007,Withdrawn,6/30/2010,10/27/2007,,,10/15/2007,ST,8/31/2010,6/30/2010,MIS,N,,NH,N,,,,,,
214,Biomass Project,,Coos,NH,PSNH 115 kV S136 line,,WDS,,41.0,41.0,5/21/2007,Withdrawn,6/30/2010,10/15/2007,,,10/15/2007,ST,8/31/2010,6/30/2010,MIS,N,,NH,N,,,,,,
213,Gas Turbine,,Worcester,MA,ANP Blackstone 345 kV substation,,NG,159.0,158.5,184.7,5/15/2007,Withdrawn,2/1/2013,3/3/2010,,,3/3/2010,GT,6/1/2013,2/1/2013,CNR,N,PD,RI,N,,,,,,
213,Gas Turbine,,Worcester,MA,ANP Milford 115 kV substation,,NG,159.0,158.5,184.7,5/15/2007,Withdrawn,2/1/2010,10/21/2008,,,11/20/2008,GT,6/1/2010,2/1/2010,MIS,N,,RI,N,,,,,,
212,Biomass Project,,Hillsborough,NH,PSNH K-165 115 kV line,,WDS,45.0,45.0,45.0,5/15/2007,Withdrawn,12/31/2009,5/28/2009,,,6/9/2020,ST,2/28/2010,12/31/2009,MIS,N,,NH,N,,,,,,
211,Combined Cycle,,Bristol,MA,NSTAR 115 kV line #111,,DFO NG,,496.0,550.0,5/8/2007,Withdrawn,2/1/2010,11/20/2007,,,11/20/2007,CC,6/1/2010,2/1/2010,MIS,N,,SEMA,N,,,,,,
210,MATEP (Medical Area Total Energy Project)-modify i,,Suffolk,MA,NSTAR Coburn Substation,NSTAR,DFO NG,,,,4/30/2007,Completed,,,,,5/22/2009,OT,12/11/2007,,MIS,Y,,BOST,N,,,,,,
209,Mount Tom Voltage Regulator Replacement,,Hampden,MA,W Mass. Mt. Tom 115 kV Substation,,BIT,,,,4/18/2007,Completed,,,,,5/22/2009,ST,6/30/2007,,MIS,N,,WMA,N,,,,,,
208,Gas Turbine,,Norfolk,MA,345 kV NEA Bellingham substation,,NG,,100.0,100.0,4/13/2007,Withdrawn,12/31/2010,8/21/2008,,,12/12/2007,GT,6/1/2011,12/31/2010,MIS,N,,RI,N,,,,,,
207,Towantic Energy,,New Haven,CT,CL&P 115 kV lines between Baldwin Junction and Bea,ISO-NE,DFO NG,452.0,452.0,540.0,4/3/2007,Withdrawn,6/30/2014,1/27/2012,,,1/30/2012,CC,12/31/2014,6/30/2014,CNR,Y,,SWCT,Y,,,,,,
206,Kimberly Clark-Unit 1,,Litchfield,CT,CL&P Rocky River Substation,NU,NG,,28.0,28.0,4/3/2007,Completed,,,,,5/22/2009,,5/5/2008,,MIS,Y,,SWCT,Y,,,,,,
206,Kimberly Clark-Unit 3,,Litchfield,CT,CL&P Rocky River Substation,NU,NG,4.0,4.0,4.0,4/3/2007,Completed,11/15/2008,,,,5/22/2009,,1/5/2009,11/15/2008,MIS,Y,,SWCT,Y,,,,,,
206,Kimberly Clark-Unit 2,,Litchfield,CT,CL&P Rocky River Substation,NU,NG,,10.8,10.8,4/3/2007,Completed,,,,,5/22/2009,,10/1/2008,,MIS,Y,,SWCT,Y,,,,,,
205,Gas Turbine,,Penobscot,ME,BHE's Line 5 - 46 kV,,NG,,8.1,9.1,4/2/2007,Withdrawn,6/1/2007,10/3/2007,,,10/3/2007,GT,6/1/2007,6/1/2007,MIS,N,,ME,N,,,,,,
204,Gas Turbine,,Hartford,CT,CL&P Windsor locks substation,,DFO NG,,40.0,48.0,3/30/2007,Withdrawn,12/31/2009,4/27/2007,,,4/24/2007,GT,12/31/2009,12/31/2009,MIS,N,,CT,N,,,,,,
203,Landfill Gas,,Coos,NH,34.5 kV feeder from Littleton,,LFG,6.3,6.3,6.3,3/20/2007,Withdrawn,12/31/2008,7/1/2009,,,7/1/2009,IC,12/31/2008,12/31/2008,MIS,N,,NH,N,,,,,,
202,Combined Cycle,,Windham,CT,CL&P 345 kV Lake Road substation,,NG,250.0,250.0,285.0,2/27/2007,Withdrawn,1/31/2013,10/22/2010,,,10/22/2010,CC,5/31/2013,1/31/2013,CNR,N,PD,RI,N,,,,,,
201,Converts QP 164 to combined cycle facility and inc,,Providence,RI,345 kV RISE Substation,,NG,0.0,162.0,162.0,2/26/2007,Withdrawn,12/31/2013,12/14/2009,,,12/15/2009,CC,2/26/2014,12/31/2013,CNR,N,,RI,N,,,,,,
200,Wind Project,,Coos,NH,New Hampshire Electric Coop 34.5 kV line,,WND,34.0,34.0,34.0,2/21/2007,Withdrawn,8/1/2014,8/7/2013,,,8/12/2013,WT,11/1/2014,8/1/2014,,N,,NH,N,,,,,,
199,Waterbury Generating Facility,,New Haven,CT,CL&P Baldwin 115 kV substations,ISO-NE,NG,95.7,95.7,98.1,2/21/2007,Completed,5/1/2009,,,,3/19/2010,GT,6/26/2009,5/1/2009,CNR,Y,,SWCT,Y,,,,,,
198,Biomass Project,,Coos,NH,Near PSNH Lost Nation substation,,WDS,,56.4,67.5,2/8/2007,Withdrawn,4/1/2009,5/7/2008,,,5/7/2008,ST,6/1/2009,4/1/2009,MIS,N,,NH,N,,,,,,
197,Record Hill Wind,,Oxford,ME,115kV Rumford Substation,ISO-NE,WND,50.6,50.6,50.6,1/31/2007,Completed,11/28/2011,,,,1/31/2012,WT,1/31/2012,11/28/2011,CNR,Y,,ME,Y,,Document Posted,,,,
196,Northfield Mt Upgrade #3,,Franklin,MA,W. Mass Northfield 345 kV substation,ISO-NE,WAT,25.0,295.0,295.0,1/16/2007,Completed,6/1/2011,,,,6/29/2011,PS,6/17/2011,6/1/2011,CNR,Y,,WMA,Y,,Document Posted,,,Executed,In Service
196,Northfield Mt. Upgrade #2,,Franklin,MA,W. Mass Northfield 345 kV substation,ISO-NE,WAT,25.0,295.0,295.0,1/16/2007,Completed,6/1/2012,,,,6/6/2012,PS,5/25/2012,6/1/2012,CNR,Y,,WMA,Y,,Document Posted,,,Executed,In Service
196,Northfield Mt Upgrade #1,,Franklin,MA,W. Mass Northfield 345 kV substation,ISO-NE,WAT,25.0,295.0,295.0,1/16/2007,Completed,8/31/2015,,,,2/22/2016,PS,2/18/2016,8/31/2015,CNR,Y,,WMA,Y,,Document Posted,,,Executed,In Service
196,UMass Gas Turbine,,Hampshire,MA,WMECO Podick substation 13.8 kV feeders,NU,NG,10.4,8.5,11.4,1/26/2007,Completed,5/6/2008,,,,5/22/2009,GT,1/29/2009,5/6/2008,MIS,Y,,WMA,Y,,,,,,
196,Northfield Mt. Upgrade #4,,Franklin,MA,W. Mass Northfield 345 kV substation,ISO-NE,WAT,25.0,295.0,295.0,1/16/2007,Completed,5/21/2014,,,,5/21/2014,PS,5/21/2014,5/21/2014,CNR,Y,,WMA,Y,,Document Posted,,,Executed,In Service
195,Dartmouth Power Expansion,,Bristol,MA,NSTAR 115 kV line #111,ISO-NE,KER NG,24.0,24.0,24.0,1/9/2007,Completed,8/14/2009,,,,9/25/2009,GT,9/24/2009,8/14/2009,CNR,Y,,SEMA,Y,,Document Posted,,,,
194,Gas Turbine,,New Haven,CT,UI 115 kV line # 8200,,NG,,177.1,189.3,1/8/2007,Withdrawn,1/15/2010,5/1/2007,,,5/1/2007,GT,3/31/2010,1/15/2010,MIS,N,,SWCT,N,,,,,,
193,Ansonia Generation,,New Haven,CT,UI Ansonia 115 kV substation,ISO-NE,NG,60.0,60.0,67.0,1/5/2007,Withdrawn,7/10/2013,3/13/2012,,,3/13/2012,CC,9/9/2013,7/10/2013,CNR,Y,,SWCT,Y,,,,,,
192,Salem Harbor Unit 3 Exciter Replacement,,Essex,MA,Salem Switchyard,ISO-NE,BIT,,,,1/3/2007,Completed,,,,,5/26/2011,ST,5/4/2007,,MIS,Y,,BOST,Y,,Document Posted,,,,
192,Combined Cycle,,Fairfield,CT,CL&P Plumtree Substation,,DFO NG,,496.0,550.0,12/28/2006,Withdrawn,4/1/2013,7/30/2008,,,6/30/2008,CC,6/1/2013,4/1/2013,MIS,N,,SWCT,N,,,,,,
192,Combined Cycle,,Litchfield,CT,CL&P Frostbridge Substation,,DFO NG,,496.0,550.0,12/28/2006,Withdrawn,4/1/2010,3/26/2007,,,3/26/2007,CC,6/1/2010,4/1/2010,MIS,N,,,N,,,,,,
191,Gas Turbine,,Fairfield,CT,UI 115 kV line #8909,,NG,,100.0,100.0,12/22/2006,Withdrawn,3/31/2010,5/14/2007,,,5/14/2007,GT,5/31/2010,3/31/2010,MIS,N,,SWCT,N,,,,,,
191,Biomass Project,,Litchfield,CT,CL&P 115 kV line #1238,ISO-NE,WDS,26.0,26.25,26.75,12/22/2006,Withdrawn,12/14/2012,9/13/2010,,,9/14/2010,ST,3/1/2013,12/14/2012,CNR,Y,,SWCT,Y,,,,,,
190,Gas Turbine,,Hampden,MA,W Mass. Mt. Tom 115 kV Substation,,DFO KER NG,156.0,156.0,200.0,12/22/2006,Withdrawn,10/30/2009,5/28/2009,,,5/15/2009,GT,1/31/2010,10/30/2009,MIS,N,,WMA,N,,,,,,
190,Gas Turbine,,Litchfield,CT,CL&P Falls Village 69 kV Substation,ISO-NE,DFO KER NG,39.0,39.0,50.0,12/22/2006,Withdrawn,10/30/2009,5/11/2009,,,5/15/2009,GT,1/31/2010,10/30/2009,MIS,N,,CT,Y,,,,,,
190,Gas Turbine,,New Haven,CT,CL&P Stevenson 115 kV Substation,ISO-NE,DFO KER NG,39.0,39.0,50.0,12/22/2006,Withdrawn,10/30/2009,5/7/2009,,,5/15/2009,GT,1/31/2010,10/30/2009,MIS,N,,SWCT,Y,,Document Posted,,,,
190,Gas Turbine,,New London,CT,CL&P Tunnel 115 kV Substation,ISO-NE,DFO KER NG,39.0,39.0,50.0,12/22/2006,Withdrawn,10/30/2009,5/7/2009,,,5/12/2009,GT,1/31/2010,10/30/2009,MIS,N,,CT,Y,Document Posted,Document Posted,,,,
189,Covanta Haverhill Landfill Gas,,Essex,MA,NGRID 23 kV circuit # 2371 from Ward Hill substati,ISO-NE,LFG,,1.6,1.6,12/15/2006,Completed,,,,,11/25/2009,IC,12/5/2007,,MIS,Y,,BOST,Y,,Document Posted,,,,In Service
188,Gas Turbine Capacity Increase( #178),,Plymouth,MA,115 kV F19 and/or E20 lines,,DFO NG,,69.0,0.0,12/7/2006,Withdrawn,4/1/2010,2/1/2007,,,2/1/2007,CC,6/1/2010,4/1/2010,MIS,N,,SEMA,N,,,,,,
187,Fuel Cell,,Fairfield,CT,UI Congress substation,,NG,28.9,28.9,28.9,12/5/2006,Withdrawn,6/1/2009,1/27/2009,,,2/11/2009,FC,6/1/2009,6/1/2009,MIS,N,,SWCT,N,,,,,,
186,Hydro,,New Haven,CT,CL&P Shepaug 115 kV substation,ISO-NE,WAT,6.5,48.0,48.0,12/1/2006,Withdrawn,10/30/2011,5/29/2009,,,6/1/2009,HD,12/31/2011,10/30/2011,MIS,N,,SWCT,N,,,,,,
186,Gas Turbine,,New Haven,CT,CL&P Shepaug 115 kV substation,ISO-NE,DFO KER,78.0,78.0,93.0,12/1/2006,Withdrawn,10/30/2011,5/29/2009,,,6/1/2009,GT,12/31/2011,10/30/2011,MIS,N,,SWCT,N,,Document Posted,,,,
185,Stetson Wind Phase I,,Penobscot,ME,BHE Keene Road 115 kV substation,ISO-NE,WND,60.0,58.7,58.7,11/22/2006,Completed,12/1/2008,,,,2/21/2013,WT,1/22/2009,12/1/2008,NR,Y,,BHE,Y,,,,,,
185,Rollins Wind (Stetson Wind Phase II),,Penobscot,ME,BHE Keene Road 115 kV substation,ISO-NE,WND,27.8,27.8,27.8,11/22/2006,Completed,5/1/2011,,,,2/5/2013,WT,7/26/2011,5/1/2011,NR,Y,,BHE,Y,,,,,,
184,Gas Turbine Capacity Increase( #157),,Middlesex,MA,337 Sandy Pond - Tewksbury 345 kV Line,ISO-NE,DFO NG,,140.0,140.0,11/17/2006,Withdrawn,9/1/2008,5/23/2007,,,5/23/2007,GT,12/1/2008,9/1/2008,MIS,N,,CMA,N,,,,,,
183,Increase Existing Capacity,,New London,CT,CL&P Millstone 345 kV Substation,ISO-NE,NUC,70.0,1225.0,1245.0,11/17/2006,Completed,11/1/2008,,,,10/1/2010,ST,11/1/2008,11/1/2008,MIS,Y,,CT,Y,,,,,,
182,Gas Turbine Capacity Increase ( See queue position,,Fairfield,CT,345 kV line # 321,ISO-NE,DFO NG,0.0,0.0,18.4,10/20/2006,Withdrawn,2/1/2010,5/13/2009,,,5/15/2009,GT,6/1/2010,2/1/2010,MIS,N,,SWCT,N,,,,,,
181,Transmission Expansion,,,CT,Lake Road 345 kV Substation,ISO-NE,,0.0,,,11/9/2006,Withdrawn,,9/2/2009,,,4/21/2017,,,,,N,,CT,Y,,,,,,
180,Transmission Expansion,,,CT,CL&P Card 345 kV Substation,,,,,,11/8/2006,Withdrawn,,,,,2/16/2007,,,,,N,,CT,N,,,,,,
180,Transmission Expansion,,,CT,CL&P Killingly 115 kV Substation,,,,,,11/8/2006,Withdrawn,,5/31/2007,,,4/21/2017,,,,,N,,CT,N,,,,,,
179,Red Shield( Georgia Pacific/Old Town),,Penobscot,ME,BHE's Line 5 - 46 kV,ISO-NE,WDS,,16.0,16.0,11/6/2006,Completed,,,,,5/22/2009,ST,11/1/2006,,MIS,N,,BHE,N,,,,,,
178,Brockton Combined Cycle,,Plymouth,MA,115 kV F19 and E20 lines,ISO-NE,DFO NG,332.0,332.0,371.0,11/2/2006,Withdrawn,1/25/2019,5/25/2017,,,5/25/2017,CC,5/31/2019,1/25/2019,NR,Y,,SEMA,Y,Document Posted,Document Posted,,Document Posted,,
177,Gas Turbine,,Worcester,MA,115 kV bus at Millbury substation,ISO-NE,DFO NG,190.0,190.0,190.0,10/23/2006,Withdrawn,3/1/2011,12/23/2008,,,12/31/2008,GT,6/1/2011,3/1/2011,MIS,N,,CMA,N,,Document Posted,,,,
176,Wind,,Coos,NH,PSNH 115 kV Whitefield substation,ISO-NE,WND,145.5,145.5,145.5,10/20/2006,Withdrawn,11/30/2008,12/29/2008,,,12/31/2008,WT,12/30/2008,11/30/2008,MIS,N,,NH,N,,,,,,
175,Gas Turbine,,Fairfield,CT,345 kV line # 321,ISO-NE,DFO NG,175.0,175.0,203.6,10/20/2006,Withdrawn,2/1/2010,5/13/2009,,,5/15/2009,GT,6/1/2010,2/1/2010,MIS,N,,SWCT,N,,,,,,
174,Combined Cycle,,Hampden,MA,345 kV Stony Brook Substation,ISO-NE,DFO NG,280.0,280.0,280.0,10/13/2006,Withdrawn,5/1/2015,8/10/2012,,,8/9/2012,CC,7/1/2015,5/1/2015,CNR,Y,BL,WMA,Y,,,,,,
173,Wind Project,,Rutland,VT,115 kV West Rutland substation,,WND,60.0,60.0,60.0,9/21/2006,Withdrawn,9/15/2010,1/21/2009,,,2/11/2009,WT,10/30/2010,9/15/2010,MIS,N,,VT,N,,,,,,
172,Sheffield Wind Project,,Caledonia,VT,Irasburg - St. Johnsbury 115 kV,ISO-NE,WND,40.0,40.0,40.0,8/29/2006,Completed,9/19/2011,,,,10/19/2011,WT,10/19/2011,9/19/2011,CNR,Y,,VT,Y,,,,,,
171,Thomas A. Watson Generating Station,,Norfolk,MA,115 kV Potter Substation,ISO-NE,DFO NG,108.0,108.0,115.0,8/29/2006,Completed,3/1/2009,,,,6/30/2009,GT,6/23/2009,3/1/2009,CNR,Y,,SEMA,Y,Document Posted,Document Posted,,,,In Service
170,Gas Turbine Capacity Increase (see #155),,Middlesex,MA,NSTAR Mystic Substation,ISO-NE,DFO NG,0.0,40.0,55.0,8/25/2006,Withdrawn,3/1/2011,4/9/2009,,,4/16/2009,,5/1/2011,3/1/2011,MIS,N,,BOST,N,,,,,,
169,Biomass,,Windsor,VT,New Ludlow 115 kV Substation,,WDS,,25.0,27.5,8/15/2006,Withdrawn,4/30/2009,11/2/2006,,,,ST,6/30/2009,4/30/2009,MIS,N,,VT,N,,,,,,
169,Transmission Expansion,,,VT,VELCO Coolidge Substation,,,,,,8/15/2006,Withdrawn,,,,,,,6/30/2009,,,N,,VT,N,,,,,,
168,Wind Project-Phase 3( MPS Queue # 4),,,,"Maine Public Service System, upgrades include tap",MPS,WND,,250.0,250.0,8/11/2006,Withdrawn,,9/16/2009,,,10/1/2009,WT,9/30/2011,,,N,,,N,,,,,,
168,Wind Project-Phase 2( MPS Queue # 2&3),,,,"Maine Public Service System, upgrades include tap",MPS,WND,,250.0,250.0,8/11/2006,Withdrawn,,9/16/2009,,,10/1/2009,WT,9/30/2012,,MIS,N,,,N,,,,,,
167,Fuel Cell,,New Haven,CT,CL&P Cherry Street 13 kV substation,,NG,16.0,16.0,16.0,8/10/2006,Withdrawn,12/31/2009,,,,2/11/2009,FC,12/31/2009,12/31/2009,MIS,N,,SWCT,N,,,,,,
166,Granite Reliable Power,,Coos,NH,PSNH W-179 115 kV line,ISO-NE,WND,94.5,94.5,94.5,8/9/2006,Completed,10/24/2011,,,,6/15/2015,WT,2/15/2012,10/24/2011,CNR,Y,,NH,Y,Document Posted,Document Posted,,,,
165,Combined Cycle( See # 226),,Rockingham,NH,345 kV Seabrook Substation,ISO-NE,NG,563.0,563.0,616.0,8/3/2006,Withdrawn,12/31/2012,4/10/2009,,,4/17/2009,CC,6/30/2013,12/31/2012,MIS,N,,NH,N,,,,,,
164,Combined Cycle( see # 201),,Providence,RI,345 kV RISE Substation,,NG,320.0,158.0,196.0,8/1/2006,Withdrawn,12/31/2011,12/14/2009,,,12/15/2009,GT,6/1/2012,12/31/2011,CNR,N,BL,RI,N,,,,,,
163,Mirant Kendall Jet 2,,Middlesex,MA,Kendall Station in Cambridge,NSTAR,JF,18.0,18.0,22.0,7/24/2006,Withdrawn,1/15/2010,7/14/2009,,,7/16/2009,GT,1/31/2010,1/15/2010,MIS,Y,,BOST,Y,Document Posted,Document Posted,,,,
162,Vernon Repowering,,Windham,VT,,ISO-NE,WAT,,32.0,32.0,7/18/2006,Completed,,,,,5/22/2009,HD,3/13/2008,,MIS,Y,,VT,Y,,,,,,
161,"Middletown 12, 13, 14 and 15",,Middlesex,CT,CL&P Middletown Substation or CL&P Scovill Rock Su,ISO-NE,JF KER NG,215.0,215.0,211.0,7/5/2006,Completed,4/5/2011,,,,6/27/2011,GT,6/24/2011,4/5/2011,CNR,Y,,CT,Y,,,,,,
161,"Devon Units 15, 16, 17, 18",,New Haven,CT,Devon Substation,ISO-NE,KER NG,196.8,196.8,196.8,7/5/2006,Completed,4/1/2010,,,,7/16/2010,GT,6/9/2010,4/1/2010,CNR,Y,,SWCT,Y,,,,,,
161,Combined Cycle,,New London,CT,Montville Substation,ISO-NE,NG,223.0,630.0,690.0,7/5/2006,Withdrawn,2/1/2013,4/7/2009,,,4/15/2009,CC,5/31/2013,2/1/2013,MIS,N,,CT,N,,,,,,
161,Middletown 11,,Middlesex,CT,CL&P Middletown Substation,ISO-NE,JF KER NG,107.5,107.5,110.0,7/5/2006,Withdrawn,4/1/2011,2/10/2011,,,2/15/2011,GT,6/1/2011,4/1/2011,CNR,Y,,CT,Y,,,,,,
161,Combustion Turbine,,,CT,CL&P Rocky River Substation,,NG,,,,7/17/2006,Withdrawn,,,,,3/28/2007,,4/30/2008,,MIS,N,,SWCT,N,,,,,,
160,Gas Turbine,,Middlesex,CT,CL&P Middletown Substation,ISO-NE,DFO NG,82.2,82.2,94.8,6/30/2006,Withdrawn,4/30/2011,11/26/2008,,,11/26/2008,GT,5/31/2011,4/30/2011,MIS,N,,CT,Y,,,,,,
159,Fuel Cell,,Fairfield,CT,UI Congress Street Substation 2C,,NG,,30.0,30.0,6/30/2006,Withdrawn,3/31/2008,10/25/2006,,,,FC,12/31/2008,3/31/2008,MIS,N,,SWCT,N,,,,,,
159,Fuel Cell,,Fairfield,CT,NU Triangle Substation 11A,,NG,,30.0,30.0,6/30/2006,Withdrawn,3/31/2008,10/25/2006,,,,FC,12/31/2008,3/31/2008,MIS,N,,SWCT,N,,,,,,
159,Gas Turbine,,Fairfield,CT,UI 345 kV Singer Substation,ISO-NE,NG,325.0,325.0,375.0,6/30/2006,Withdrawn,6/30/2010,10/22/2008,,,11/12/2008,GT,9/30/2010,6/30/2010,MIS,Y,,SWCT,Y,,,,,,
158,UTC - P&WA,,Middlesex,CT,CL&P P&WA Substation,NU,NG,,7.5,7.5,6/21/2006,Completed,,,,,5/22/2009,,12/21/2007,,MIS,Y,,CT,Y,,,,,,
157,Billerica Power,,Middlesex,MA,J-162 line to Tewksbury Substation,ISO-NE,NG WO,311.0,311.0,341.0,6/21/2006,Withdrawn,5/15/2011,12/29/2009,,,12/29/2009,GT,6/15/2011,5/15/2011,CNR,Y,,CMA,Y,,Document Posted,,,,
156,Brayton Point Unit 3 Voltage Regulator Replacement,,Bristol,MA,Brayton Switchyard,,BIT,,,,6/13/2006,Completed,,,,,,ST,5/26/2006,,MIS,N,,RI,N,,,,,,
156,Salem Harbor Unit 1 Exciter Replacement,,Essex,MA,Salem Switchyard,ISO-NE,BIT,,,,6/13/2006,Completed,,,,,5/26/2011,ST,11/26/2006,,MIS,Y,,BOST,Y,,Document Posted,,,,
155,Gas Turbine,,Middlesex,MA,NSTAR Mystic Substation,ISO-NE,DFO NG,160.0,120.0,130.0,6/2/2006,Withdrawn,3/1/2011,,,,4/16/2009,,5/1/2011,3/1/2011,MIS,N,,BOST,N,,,,,,
155,Fairfield University,,Fairfield,CT,UI Ash Creek Substation,,NG,,5.0,5.0,6/2/2006,Completed,,,,,5/22/2009,,12/11/2007,,MIS,N,,SWCT,N,,,,,,
155,Fuel Cell,,Fairfield,CT,UI Pequonnock Substation,,NG,14.4,14.4,14.4,6/16/2006,Withdrawn,6/1/2009,,,,2/11/2009,FC,6/1/2009,6/1/2009,MIS,N,,SWCT,N,,,,,,
154,Gas Turbine (Additional Capacity),,Suffolk,MA,NSTAR Chelsea Substation,,DFO,,29.0,0.0,5/31/2006,Withdrawn,6/1/2008,,,,,GT,8/1/2008,6/1/2008,MIS,N,,BOST,N,,,,,,
153,Fuel Cell,,Fairfield,CT,CL&P Cedar Heights Substation,,NG,,8.0,8.0,5/30/2006,Withdrawn,5/31/2007,,,,10/8/2007,FC,5/31/2007,5/31/2007,MIS,N,,SWCT,N,,,,,,
152,MATEP (Medical Area Total Energy Project),,Suffolk,MA,NSTAR Brighton Substation,NSTAR,DFO NG,,42.0,42.0,5/30/2006,Completed,,,,,,OT,,,MIS,Y,,BOST,N,,,,,,
151,Fitchburg Renewable Energy,,Worcester,MA,NGRID E. Westminster Substation 13.8 kV,NGRID,LFG,,7.2,7.2,5/30/2006,Completed,,,,,,IC,8/29/2007,,MIS,Y,,CMA,Y,,,,,,
150,Plainfield Renewable Energy Project,,Windham,CT,CLP Fry Brook Substation,ISO-NE,WDS,37.5,37.5,38.5,5/25/2006,Completed,11/7/2013,,,,12/12/2013,ST,12/12/2013,11/7/2013,CNR,Y,,CT,Y,,Document Posted,,,Executed,In Service
149,Transmission Expansion,,,CT,,ISO-NE,,,,,3/10/2006,Withdrawn,,12/4/2007,,,4/21/2017,,11/1/2006,,,N,,CT,N,,,,,,
148,Comerford Unit #4,,Grafton,NH,NGRID Comerford Substation,ISO-NE,WAT,8.3,48.2,48.5,3/6/2006,Completed,12/25/2012,,,,3/26/2013,HD,3/22/2013,12/25/2012,,Y,,NH,Y,,Document Posted,,,Executed,In Service
148,Comerford Unit #2,,Grafton,NH,NGRID Comerford Substation,ISO-NE,WAT,8.4,48.3,48.5,3/6/2006,Completed,2/27/2012,,,,3/28/2012,HD,3/12/2012,2/27/2012,CNR,Y,,NH,Y,,,,,,
148,Comerford Unit #3,,Grafton,NH,NGRID Comerford Substation,ISO-NE,WAT,8.3,48.2,38.5,3/6/2006,Completed,2/15/2011,,,,3/21/2011,HD,3/25/2011,2/15/2011,CNR,Y,,NH,Y,,,,,,
148,Comerford Unit #1,,Grafton,NH,NGRID Comerford Substation,ISO-NE,WAT,-17.0,24.3,24.5,3/6/2006,Completed,11/30/2009,,,,4/16/2013,HD,11/30/2009,11/30/2009,CNR,Y,,NH,Y,,,,,,
147,Gas Turbine,,Suffolk,MA,NSTAR Chelsea Substation,ISO-NE,DFO,,168.2,168.2,2/28/2006,Withdrawn,4/1/2010,11/2/2007,,,8/31/2007,GT,6/1/2010,4/1/2010,MIS,N,,BOST,N,,,,,,
146,Devon 10,,New Haven,CT,CL&P Devon Substation,ISO-NE,JF KER,,17.0,20.0,2/21/2006,Completed,,,,,,GT,6/29/2006,,MIS,Y,,SWCT,Y,,,,,,
145,Wind Project,,Windham,CT,CL&P 115 kV 1607 line,ISO-NE,WND,,51.0,51.0,2/13/2006,Withdrawn,12/1/2009,6/20/2008,,,8/31/2007,WT,12/31/2009,12/1/2009,MIS,N,,CT,N,,,,,,
144,Biomass,,Windsor,VT,VELCO Coolidge Substation,,WDS,,25.0,27.5,2/6/2006,Withdrawn,2/28/2009,,,,,ST,4/30/2009,2/28/2009,MIS,N,,VT,N,,,,,,
143,Land Fill Gas,,Providence,RI,Johnston Substation Distribution System,,LFG,,25.0,25.0,1/16/2006,Withdrawn,6/1/2007,4/25/2006,,,,IC,6/30/2007,6/1/2007,MIS,N,,RI,N,,,,,,
142,Wind Project,,Windham,VT,CVPS Londonderry Substation 46 kV,,WND,,48.0,48.0,12/21/2005,Withdrawn,3/31/2008,4/13/2006,,,,WT,5/31/2008,3/31/2008,MIS,N,,VT,N,,,,,,
141,Gas Turbine,,Middlesex,MA,115 kV O 167 line between Everett and Mystic Subst,ISO-NE,DFO NG,,200.0,200.0,12/14/2005,Withdrawn,8/31/2009,2/7/2007,,,2/7/2007,GT,9/30/2009,8/31/2009,MIS,N,,BOST,N,,Document Posted,,,,
140,A. L. Pierce,,New Haven,CT,"Wallingford Electrical Division, East Street Subst",ISO-NE,DFO NG,,89.35,99.56,12/13/2005,Completed,,,,,9/30/2007,GT,10/1/2007,,MIS,Y,,SWCT,Y,,,,,,
139,Lowell Power Generators,,Middlesex,MA,J162 115kV line between Tewksbury and Perry Street,ISO-NE,NG,99.0,99.0,99.0,10/14/2005,Withdrawn,4/1/2010,4/29/2009,,,5/15/2009,GT,6/1/2010,4/1/2010,MIS,Y,,CMA,Y,,Document Posted,,,,
138,Kibby Wind Project,,Franklin,ME,Bigelow Substation,ISO-NE,WND,65.5,65.5,65.5,9/26/2005,Completed,9/15/2010,,,,10/26/2010,WT,10/26/2010,9/15/2010,CNR,Y,,ME,Y,,,,,,
138,Kibby Wind Project,,Franklin,ME,Bigelow Substation,ISO-NE,WND,65.0,65.0,65.0,9/26/2005,Completed,9/30/2009,,,,11/2/2009,WT,10/30/2009,9/30/2009,CNR,Y,,ME,Y,,,,,,
137,Rumford Hydro Configuration Modification,,Oxford,ME,CMP 115 kV Line 218,ISO-NE,WAT,0.0,,,9/23/2005,Completed,5/20/2011,,,,7/7/2011,HD,6/21/2011,5/20/2011,,Y,,ME,Y,,,,Document Posted,,
136,Biomass,,Somerset,ME,Gorbell Tap of CMP's Detroit-Wyman Hydro 66 - 115,ISO-NE,WDS,,39.0,40.0,8/19/2005,Withdrawn,9/30/2008,4/3/2007,,,4/3/2007,ST,12/31/2008,9/30/2008,MIS,N,,ME,N,,,,,,
135,Russell Biomass,,Hampden,MA,Blanford - Southwick - Elm 115 kV line,ISO-NE,WDS,55.0,55.0,55.0,8/19/2005,Withdrawn,3/1/2015,3/15/2012,,,4/24/2012,ST,8/1/2015,3/1/2015,CNR,Y,,WMA,Y,Document Posted,,,,,
134,Wind Project,,Bennington,VT,"Y-25 North, 69 kV line between Searsburg and Benni",ISO-NE,WND,,45.0,45.0,8/3/2005,Withdrawn,9/29/2010,8/19/2008,,,2/18/2008,WT,12/30/2010,9/29/2010,MIS,N,,VT,N,,,,,,
133,Combined Cycle,,Orleans,VT,Newport 115 kV Substation,,DFO,,115.0,124.0,8/1/2005,Withdrawn,12/31/2009,,,,,CC,1/31/2010,12/31/2009,MIS,N,,VT,N,,,,,,
132,Wind Project,,Bennington,VT,Bennington - Brattleboro 46 kV,,WND,,9.0,9.0,7/21/2005,Withdrawn,6/1/2007,6/30/2008,,,6/30/2008,WT,12/31/2007,6/1/2007,MIS,N,,VT,N,,,,,,
131,Wind Project,,Franklin,ME,Bigelow Substation,ISO-NE,WND,,90.0,90.0,6/21/2005,Withdrawn,6/1/2010,9/25/2008,,,2/18/2008,WT,12/31/2010,6/1/2010,MIS,Y,,ME,Y,,,,,,
130,Wind Project,,Caledonia,VT,Irasburg - St. Johnsbury 115 kV,,WND,,53.0,53.0,5/24/2005,Withdrawn,8/1/2007,9/22/2006,,,,WT,9/1/2007,8/1/2007,MIS,N,,VT,N,,,,,,
129,Georgia Pacific,,Penobscot,ME,BHE's Line 5 - 46kV,ISO-NE,WDS,,16.0,16.0,2/28/2005,Completed,,,,,,ST,4/4/2005,,MIS,Y,,BHE,Y,,,,,,
128,Biomass,,Litchfield,CT,TBD,,WDS,,39.0,42.0,2/11/2005,Withdrawn,5/31/2007,,,,,ST,7/31/2007,5/31/2007,MIS,N,,,N,,,,,,
127,Lempster,,Sullivan,NH,PSNH 34.5 kV circuit from Newport Substation,NU,WND,24.0,24.0,24.0,11/15/2004,Completed,9/4/2008,,,,5/22/2009,WT,11/10/2008,9/4/2008,MIS,Y,,NH,Y,,,,,,
126,Biomass,,Cheshire,NH,"N-186, 115kV line between Vernon Road Tap and bor",,WDS,,40.0,,11/9/2004,Withdrawn,,,,,,ST,7/1/2007,,MIS,N,,NH,N,,,,,,
125,Cos Cob Redevelopment,,Fairfield,CT,Cos Cob 115 kV Substation,ISO-NE,KER,,36.0,45.8,11/2/2004,Completed,,,,,2/18/2008,GT,5/31/2008,,MIS,Y,,NOR,Y,,,,,,
125,Norwalk Harbor Station Redevelopment,,Fairfield,CT,Norwalk 345 kV Station,ISO-NE,KER,322.5,322.5,330.0,11/2/2004,Withdrawn,12/31/2012,2/16/2010,,,2/16/2010,GT,2/28/2013,12/31/2012,CNR,N,BL,NOR,Y,,,,,,
125,Devon Station Redevelopment,,New Haven,CT,Devon 115 kV Substation,,,,,,11/2/2004,Withdrawn,,,,,,,7/15/2010,,MIS,N,,SWCT,N,,,,,,
124,Hardscrabble Mountain Project,,Caledonia,VT,St. Johnsbury- Irasburg 115 kV Line,,,,,,10/27/2004,Withdrawn,,,,,,,3/31/2006,,MIS,N,,VT,N,,,,,,
123,GenPower Athens,,Somerset,ME,Gorbell Tap of CMP's Detroit-Wyman Hydro 66 - 115,,,,,,10/4/2004,Withdrawn,,,,,,,6/1/2006,,MIS,N,,ME,N,,,,,,
122,Rand-Whitney Co-Gen,,New London,CT,CL&P Distribution System/Montville 115 kV,ISO-NE,DFO NG,,11.866,14.858,7/20/2004,Completed,,,,,,,1/3/2005,,MIS,Y,,CT,Y,,,,,,
121,"Third Taxing District Units 1, 2 & 3",,Fairfield,CT,CL&P 27.6 kV Distribution System/Norwalk 115kV,,DFO,,6.0,6.0,6/22/2004,Completed,,,,,,,3/28/2005,,MIS,Y,,NOR,N,,,,,,
120,Univ. of NH - CHP,,Strafford,NH,PSNH Dist. Sys./Madbury 115 kV,,,,,,5/10/2004,Completed,,,,,,,,,MIS,N,,NH,N,,,,,,
119,Ridgebury Power,,Fairfield,CT,CL&P Distribution System,,,,,,1/16/2004,Withdrawn,,10/19/2007,,,10/19/2007,,6/1/2004,,MIS,N,,SWCT,N,,,,,,
118,Bridgeport Harbor Units 5 & 6,,Fairfield,CT,Paquonnock 115 kV Substation,,,,,,12/29/2003,Withdrawn,,,,,,,5/1/2005,,MIS,N,,SWCT,N,,,,,,
118,New Haven Harbor Units 2 & 3,,New Haven,CT,East Shore 115 kV Substation,,,,,,12/29/2003,Withdrawn,,,,,,,5/1/2005,,MIS,N,,SWCT,N,,,,,,
117,Waterside Power - 23 MW,,Fairfield,CT,Waterside 115 kV - Norwalk/Stamford,,,,,,12/8/2003,Withdrawn,,,,,,,6/1/2004,,MIS,N,,NOR,N,,,,,,
116,East Haven Wind Farm,,Essex,VT,Village of Lyndonville Elec. Dept. Distribution Sy,,WND,6.0,,,11/10/2003,Withdrawn,,,,,6/11/2012,WT,10/30/2012,,,N,,VT,N,,,,,,
115,SNEW Summer '04 Temporary Generator,,Fairfield,CT,Norwalk 27.6 kV,,DFO,0.0,23.8,,10/27/2003,Withdrawn,,12/31/2008,,,12/31/2008,GT,6/1/2004,,MIS,N,,NOR,N,,,,,,
114,"Waterside Power, LLC",,Fairfield,CT,Waterside 115 kV,ISO-NE,DFO,,69.3,74.1,10/2/2003,Completed,,,,,,GT,6/1/2004,,MIS,Y,,NOR,Y,,,,,,
113,Sheffield Wind Power Project,,Caledonia,VT,TBD,,,,,,9/29/2003,Withdrawn,,,,,,,12/31/2005,,MIS,N,,VT,N,,,,,,
112,NECCO Cogen,,Suffolk,MA,Everett 23 kV,NGRID,DFO,,,,9/15/2003,Completed,,,,,,IC,10/1/2003,,MIS,N,,BOST,Y,,,,,,
111,GLHA James River/Fraser Paper7,,Coos,NH,Berlin 115 kV,ISO-NE,WAT,,25.0,25.0,7/21/2003,Completed,,,,,,,6/22/2004,,MIS,Y,,NH,Y,,,,,,
110,UCONN COGEN Facility,,Tolland,CT,Mansfield 69 kV,ISO-NE,NG,,24.9,24.9,7/7/2003,Completed,,,,,,,10/19/2005,,MIS,Y,,CT,Y,,,,,,
109,AWT Fitchburg Wind Project,,Worcester,MA,Ashburnham No. 610 - 13.8 kV,,WND,12.0,,,6/12/2003,Withdrawn,,12/31/2008,,,12/31/2008,WT,10/1/2004,,MIS,N,,WMA,N,,,,,,
108,Hoosac Wind Project,,Berkshire & Franklin,MA,Line Y25S,NGRID,WND,28.5,28.5,28.5,5/12/2003,Completed,12/5/2012,,,,12/27/2012,WT,12/27/2012,12/5/2012,NR,Y,,WMA,Y,,,,,,
107,SNEW Summer '03 Temporary Generator,,Fairfield,CT,Norwalk 27.6 kV,ISO-NE,NG,,19.445,,4/7/2003,Completed,,,,,,GT,6/1/2003,,MIS,Y,,NOR,Y,,,,,,
106,Ridgewood RI Generation Phase I,,Providence,RI,Johnston Substation Distribution System,NGRID,LFG,,4.2,4.2,3/18/2003,Completed,,,,,10/2/2009,IC,2/18/2004,,MIS,Y,,RI,Y,,,,,,
106,Ridgewood RI Generation Phase II,,Providence,RI,Johnston Substation Distribution System,NGRID,LFG,,4.2,4.2,3/18/2003,Completed,,,,,10/2/2009,IC,11/20/2005,,MIS,Y,,RI,Y,,,,,,
105,Evergreen Wind Power - Blueberry Barrens,,Washington,ME,Deblois 115 kV,,,,,,3/10/2003,Withdrawn,,,,,,,10/1/2004,,MIS,N,,BHE,N,,,,,,
105,Evergreen Wind Power - Bagley Mountain,,Penobscot,ME,Chester 115 kV,,,,,,3/10/2003,Withdrawn,,,,,,,7/1/2004,,MIS,N,,BHE,N,,,,,,
104,Waterside Power - 180 MW,,Fairfield,CT,Waterside 115 kV,ISO-NE,DFO NG,203.9,203.9,207.2,3/6/2003,Withdrawn,9/30/2011,7/12/2010,,,7/16/2010,GT,12/31/2011,9/30/2011,CNR,Y,PD,NOR,Y,,,,Document Posted,,
103,Waterside Power,,Fairfield,CT,Waterside 115 kV,ISO-NE,,,,,3/4/2003,Completed,,,,,,GT,6/1/2003,,MIS,Y,,NOR,Y,,,,,,
102,Peabody Power,,Essex,MA,C155 & B154 - 115 kV Lines,NGRID,DFO NG,,97.2,97.2,2/4/2003,Withdrawn,2/1/2008,10/14/2008,,,10/14/2008,GT,5/1/2008,2/1/2008,MIS,Y,,BOST,Y,,,,,,
101,Seabrook Power Uprate7,,Rockingham,NH,Increase Existing Unit Capacity,ISO-NE,NUC,,1265.0,1265.0,1/15/2003,Completed,,,,,,ST,10/31/2006,,MIS,Y,,NH,Y,,,,,,
100,VT Yankee Nuclear Power Station Upgrade7,,Windham,VT,Increase Existing Unit Capacity,ISO-NE,NUC,,634.5,641.5,12/12/2002,Completed,,,,,,ST,5/8/2006,,MIS,Y,,VT,Y,,,,,,
99,Millstone 2 Upgrade7,,New London,CT,Increase Existing Unit Capacity,ISO-NE,NUC,,897.5,905.7,8/8/2002,Completed,,,,,,ST,3/10/2004,,MIS,Y,,CT,Y,,,,,,
99,Millstone 3 Upgrade7,,New London,CT,Increase Existing Unit Capacity,ISO-NE,NUC,,1195.0,1207.4,8/8/2002,Completed,,,,,,ST,5/8/2006,,MIS,Y,,CT,Y,,,,,,
98,Redington Wind Farm Phase II,,Franklin,ME,Bigelow 115 kV Substation,,,,,,6/3/2002,Withdrawn,,,,,,,12/1/2005,,MIS,N,,ME,N,,,,,,
97,Western Maine Area Export Enhancement,,,,Increase Export Capability from Rumford Power Asso,,,,,,12/26/2001,Withdrawn,,,,,,,,,MIS,N,,ME,N,,,,,,
96,Great Northern - Millinocket,,Penobscot,ME,115 kV connection to Chester 115 kV Substation,BHE,WAT,,126.0,126.0,12/12/2001,Completed,,,,,,HW,5/20/2003,,MIS,Y,,BHE,Y,,,,,,
95,Kleen Energy Project,,Middlesex,CT,Sectionalize 353 Line,ISO-NE,DFO NG,619.8,619.8,620.0,11/21/2001,Completed,5/3/2011,,,,7/12/2011,CC,7/12/2011,5/3/2011,CNR,Y,,CT,Y,,,,,,
94,CPV New Britain LLC,,Hartford,CT,Interconnection South New Britain CT 115 kV Corrid,,,,,,7/17/2001,Withdrawn,,,,,,,7/1/2005,,MIS,N,,CT,N,,,,,,
93,"HVDC Interconn. betw. Norwalk Stat, CT & Shore Rd",,,CT,"Interconnection between Norwalk Stat, CT & Shore R",,,,,,7/6/2001,Withdrawn,,,,,,,5/1/2004,,MIS,N,,NOR,N,,,,,,
93,"HVDC Interconn. betw. Norwalk Stat, CT & Shore Rd",,,CT,"Interconnection between Norwalk Stat, CT & Shore R",,,,,,7/6/2001,Withdrawn,,,,,,,5/1/2004,,MIS,N,,NOR,N,,,,,,
93,New York Interface LTF PtP Out Service,,,,Increase Export Capability to New York,,,,,,7/6/2001,Withdrawn,,,,,,,1/1/2002,,MIS,N,,,N,,,,,,
93,New York Interface LTF PtP Out Service,,,,Increase Export Capability to New York,,,,,,7/6/2001,Withdrawn,,,,,,,1/1/2002,,MIS,N,,,N,,,,,,
92,"Sithe Mystic 4,5,6 Reconfiguration of Interconnect",,Middlesex,MA,"Reconfigure Mystic 4,5,6 Interconnection from Myst",,,,,,6/26/2001,Withdrawn,,,,,,,3/31/2003,,MIS,N,,BOST,N,,,,,,
91,New York Interface LTF PtP Out Service,,,,Increase Export Capability to New York,,,,,,6/12/2001,Withdrawn,,,,,,,6/1/2003,,MIS,N,,,N,,,,,,
91,New York Interface LTF PtP Out Service,,,,Increase Export Capability to New York,,,,,,6/12/2001,Withdrawn,,,,,,,6/1/2002,,MIS,N,,,N,,,,,,
90,Cabot Station CUO Uprate,,Franklin,MA,Increase generating capacity from 53.0 MW to 61.8,NU,WAT,,,,6/8/2001,Completed,,,,,,HD,5/1/2004,,MIS,Y,,WMA,Y,,,,,,
89,Cape Wind Turbine Generators,,,MA,Near Barnstable 115 kV Substation,ISO-NE,WND,454.0,454.0,454.0,6/6/2001,Withdrawn,10/1/2018,1/12/2017,,,1/13/2017,WT,12/31/2018,10/1/2018,NR,Y,,SEMA,Y,Document Posted,Document Posted,Document Posted,,Executed,
88,Increase Orrington South Transfer Limit,,,,,BHE,,,,,6/1/2001,Withdrawn,,1/2/2008,,,4/21/2017,,12/1/2007,,MIS,Y,,ME,Y,,,,,,
87,Stage II Cross Sound Cable HVDC Interconnection,,New Haven,CT,HVDC terminal adjacent to East Shore 345kV Substat,,,,,,5/24/2001,Withdrawn,,,,,,,7/1/2003,,MIS,N,,CT,N,,,,,,
86,New York Interface LTF PtP Out Service,,,,Increase Export Capability to New York,,,,,,5/21/2001,Withdrawn,,,,,,,1/1/2002,,MIS,N,,,N,,,,,,
85,Pilgrim Power Uprate,,Plymouth,MA,Increase Existing Unit Capacity,NSTAR,NUC,,,,4/4/2001,Completed,,,,,,ST,8/1/2003,,MIS,Y,,SEMA,Y,,,,,,
84,Phase 3 - Nantucket Shouls Wind,,Barnstable,MA,Near Barnstable 115kV Substation,,,,,,3/13/2001,Withdrawn,,,,,,,12/31/2009,,MIS,N,,SEMA,N,,,,,,
84,Phase 2 - Nantucket Shouls Wind,,Barnstable,MA,Near Barnstable 115kV Substation,,,,,,3/13/2001,Withdrawn,,,,,,,12/31/2008,,MIS,N,,SEMA,N,,,,,,
84,Phase 1 - Nantucket Shouls Wind,,Barnstable,MA,Near Barnstable 115kV Substation,,,,,,3/13/2001,Withdrawn,,,,,,,12/31/2007,,MIS,N,,SEMA,N,,,,,,
84,Phase 4 - Nantucket Shouls Wind,,Barnstable,MA,Near Barnstable 115kV Substation,,,,,,3/13/2001,Withdrawn,,,,,,,12/31/2010,,MIS,N,,SEMA,N,,,,,,
84,Phase I - Nantucket Sound Wind Project,,Barnstable,MA,Near Barnstable 115kV Substation,,,,,,3/13/2001,Withdrawn,,,,,,,12/31/2004,,MIS,N,,SEMA,N,,,,,,
84,Phase 2 - Nantucket Sound Wind,,Barnstable,MA,Near Barnstable 115kV Substation,,,,,,3/13/2001,Withdrawn,,,,,,,12/31/2005,,MIS,N,,SEMA,N,,,,,,
83,"Neptune Phase7 Wyman Export to Boston, CT, NYC or",,Cumberland,ME,Wyman 345 kV (Bi-Polar HVDC Terminal),,,,,,3/12/2001,Withdrawn,,,,,,,3/31/2004,,MIS,N,,SEMA,N,,,,,,
83,"Neptune Phase5 ME Yankee Export to Boston, CT or N",,Lincoln,ME,Maine Yankee 345 kV (Bi-Polar HVDC Terminal),,,,,,3/12/2001,Withdrawn,,,,,,,3/31/2004,,MIS,N,,ME,N,,,,,,
83,Neptune Phase4 CT Import from NB or NS,,Fairfield & New Haven,CT,Glenbrook 115 kV and E. Shore St. 115/345 kV (sep.,,,,,,3/12/2001,Withdrawn,,,,,,,3/31/2004,,MIS,N,,NOR,N,,,,,,
83,Neptune Phase3 Boston Import from NB or NS,,Suffolk,MA,Kingston St. 115/345 kV and K St. 115 kV Substatio,,,,,,3/12/2001,Withdrawn,,,,,,,3/31/2004,,MIS,N,,BOST,N,,,,,,
82,Cape Cod Offshore Wind Project,,Barnstable,MA,South of Barnstable 115kV Substation,,,,,,2/14/2001,Withdrawn,,,,,,,12/31/2004,,MIS,N,,SEMA,N,,,,,,
81,Berwick Energy Center,,York,ME,Dover 115 kV Substation,,,,,,1/2/2001,Withdrawn,,,,,,,1/1/2002,,MIS,N,,NH,N,,,,,,
80,Berlin Energy Project,,Coos,NH,Berlin 115 kV Substation (PSNH),,,,,,12/27/2000,Withdrawn,,,,,,,1/1/2002,,MIS,N,,NH,N,,,,,,
79,Milford CT - New York HVDC,,New Haven,CT,HVDC Devon CT 115 kV,,,,,,12/18/2000,Withdrawn,,,,,,,6/30/2003,,MIS,N,,SWCT,N,,,,,,
78,Norwalk-Northport HVDC,,Fairfield,CT,HVDC Norwalk CT and Northport NY,,,,,,12/13/2000,Withdrawn,,,,,,,6/30/2003,,MIS,N,,NOR,N,,,,,,
77,Berkshire Wind Power Project,,Berkshire,MA,WMECO at Brodie Mt. In Lanesboro MA,NU,WND,15.0,15.0,15.0,10/2/2000,Completed,5/6/2011,,,,5/31/2011,WT,5/28/2011,5/6/2011,,Y,,WMA,Y,,,,,,
76,New York Interface LTF PtP Out Service,,,,Increase Export Capability to New York,,,,,,8/31/2000,Withdrawn,,,,,,,1/1/2001,,MIS,N,,,N,,,,,,
75,New York Interface LTF PtP Out Service,,,,Increase Export Capability to New York,ISO-NE,,,,,8/16/2000,Withdrawn,,,,,,,1/1/2001,,MIS,Y,,,Y,,,,,,
74,South Norwalk Repowering,,Fairfield,CT,Norwalk 115 kV Substation,ISO-NE,DFO NG,48.9,48.9,48.9,7/24/2000,Withdrawn,4/15/2011,2/22/2011,,,2/22/2011,IC,6/1/2011,4/15/2011,,Y,,NOR,Y,,,,,,
73,Norwalk Harbor A,,Fairfield,CT,Norwalk 115 kV Station,,,,,,7/7/2000,Withdrawn,,,,,,,12/31/2003,,MIS,N,,NOR,N,,,,,,
73,Devon A,,New Haven,CT,Devon 115 kV Substation,,,,,,7/7/2000,Withdrawn,,,,,,,12/31/2003,,MIS,N,,SWCT,N,,,,,,
73,Norwalk Harbor B,,Fairfield,CT,Norwalk 115 kV Station,,,,,,7/7/2000,Withdrawn,,,,,,,6/30/2004,,MIS,N,,NOR,N,,,,,,
73,Montville A,,New London,CT,Montville Station,,,,,,7/7/2000,Withdrawn,,,,,,,9/30/2004,,MIS,N,,CT,N,,,,,,
73,Middletown A,,Middlesex,CT,Middletown Station,,,,,,7/7/2000,Withdrawn,,,,,,,12/31/2003,,MIS,N,,CT,N,,,,,,
73,Middletown B,,Middlesex,CT,Middletown Station,,,,,,7/7/2000,Withdrawn,,,,,,,12/31/2005,,MIS,N,,CT,N,,,,,,
73,Somerset A,,Bristol,MA,Somerset 115 kV Station,,,,,,7/7/2000,Withdrawn,,,,,,,12/31/2003,,MIS,N,,SEMA,N,,,,,,
73,Somerset Diversity,,Bristol,MA,Somerset 115 kV Station,,,,,,7/7/2000,Withdrawn,,,,,,,3/31/2004,,MIS,N,,SEMA,N,,,,,,
72,Tewksbury Power,,Middlesex,MA,Tewksbury 345 kV Station,,,,,,6/28/2000,Withdrawn,,,,,,,6/30/2004,,MIS,N,,CMA,N,,,,,,
71,New Haven Harbor,,New Haven,CT,East Shore Substation,,,,,,5/22/2000,Withdrawn,,,,,,,6/1/2003,,MIS,N,,CT,N,,,,,,
71,Bridgeport Harbor Station,,Fairfield,CT,Pequonnock 115 kV Substation,,,,,,5/22/2000,Withdrawn,,,,,,,6/1/2003,,MIS,N,,SWCT,N,,,,,,
70,New York Interface LTF PtP Out Service,,,,Increase Export Capability to New York,,,,,,4/25/2000,Withdrawn,,,,,,,7/31/2003,,MIS,N,,,N,,,,,,
69,Neptune HVDC Cable Project,,,,HVDC from Maine/ Maritimes to Boston Area and CT S,,,,,,4/20/2000,Withdrawn,,,,,,,3/31/2004,,MIS,N,,,N,,,,,,
68,Bridgeport Long Island HVDC,,Fairfield,CT,"HVDC to Long Island, NY from Bridgeport, CT",,,,,,3/9/2000,Withdrawn,,,,,,,5/1/2003,,MIS,N,,SWCT,N,,,,,,
67,Lowell Power Expansion,,Middlesex,MA,Lowell Power 115 kV Station,NGRID,,,,,2/25/2000,Withdrawn,,,,,,,5/1/2001,,MIS,Y,,CMA,Y,,,,,,
66,AEC Expansion,,Franklin,ME,Riley Road 115 kV Substation,,,,,,12/20/1999,Withdrawn,,,,,,,6/30/2001,,MIS,N,,ME,N,,,,,,
65,EPMI LTF Pt to Pt In Svce.,,,,,,,,,,12/2/1999,Withdrawn,,,,,,,1/1/2002,,,N,,,N,,,,,,
64,West Springfield Station,,Hampden,MA,West Springfield 115 kV Substation,ISO-NE,NG RFO,,,,11/8/1999,Completed,,,,,,ST,6/7/2002,,MIS,Y,,WMA,Y,,,,,,
64,Seabrook Unit One Uprate,,Rockingham,NH,Increase Existing Unit Capacity,,,,,,11/8/1999,Withdrawn,,,,,,,5/1/2002,,MIS,N,,NH,N,,,,,,
63,WESC LTF Pt to Pt In Svce,,,,Increase Import Capability from NY,,,,,,11/4/1999,Withdrawn,,,,,,,2/1/2000,,,N,,,N,,,,,,
62,New York Interface Import Expansion,,,,Increase Import Capability from NY,,,,,,10/5/1999,Withdrawn,,,,,,,1/1/2000,,MIS,N,,,N,,,,,,
61,New York Interface Import Expansion,,,,Increase Import Capability from NY,,,,,,9/15/1999,Withdrawn,,,,,,,12/1/1999,,,N,,,N,,,,,,
60,Sithe LTF Pt to Pt In Svce.,,,,Increase Import Capability from NY,,,,,,9/1/1999,Withdrawn,,,,,,,3/1/2000,,,N,,,N,,,,,,
59,Berkshire Power Uprate,,Hampden,MA,Increase Existing Unit Capacity,,,,,,8/18/1999,Withdrawn,,,,,,,6/30/2001,,MIS,N,,WMA,N,,,,,,
59,Milford Power Uprate,,New Haven,CT,Increase Existing Unit Capacity,,,,,,8/18/1999,Withdrawn,,,,,,,6/30/2001,,MIS,N,,SWCT,N,,,,,,
58,CPS LTF Pt to Pt In Svc.,,,,Increase Import Capability from NY,,,,,,8/5/1999,Withdrawn,,,,,,,11/1/1999,,,N,,,N,,,,,,
57,Norwich Power Station,,New London,CT,Bean Hill Substation,,,,,,6/4/1999,Withdrawn,,,,,,,1/1/2002,,MIS,N,,CT,N,,,,,,
56,New York Interface Import Expansion,,,,Increase Import Capability from New York,,,,,,2/25/1999,Withdrawn,,,,,,,5/1/1999,,,N,,,N,,,,,,
55,Cross Sound Cable,,New Haven,CT,HVDC terminal adjacent to East Shore 345kV Substat,TEUS,,,,,1/21/1999,Completed,,,,,,,9/1/2003,,MIS,Y,,CT,Y,,,,,,
54,Redington Mountain Wind Farm,,Franklin,ME,Bigelow 115 kV Substation,,,,,,1/5/1999,Withdrawn,,,,,,,12/31/2002,,MIS,N,,ME,N,,,,,,
53,Tractebel LTF Int + Internal PtP,,,,Import from the New Brunswick System,,,,,,11/30/1998,Withdrawn,,,,,,,5/1/2002,,ES,N,,,N,,,,,,
52,Haddam Station,,Middlesex,CT,Site of the Former CT Yankee Plant,,,,,,11/13/1998,Withdrawn,,,,,,,12/31/2002,,MIS,N,,CT,N,,,,,,
52,Haddam Station Phase II,,Middlesex,CT,Site of the Former CT Yankee Plant,,,,,,11/13/1998,Withdrawn,,,,,,,12/31/2002,,,N,,CT,N,,,,,,
51,MEPCO-New England Interface Expansion,,,,Import Capability from MEPCO,,,,,,10/30/1998,Withdrawn,,,,,,,1/1/2000,,MIS,N,,ME,N,,,,,,
50,Patriot Cabot Street Station,,Hampden,MA,Holyoke Substation,,,,,,10/29/1998,Withdrawn,,,,,,,12/31/2001,,,N,,WMA,N,,,,,,
49,Irving Oil LTF PtP,,,,Import from NB Via MEPCO,,,,,,9/14/1998,Withdrawn,,,,,,,4/1/2001,,ES,N,,,N,,,,,,
48,Bennington Energy Park,,Bennington,VT,TBD,,,,,,9/9/1998,Withdrawn,,,,,,,11/30/2001,,,N,,VT,N,,,,,,
48,Rutland Energy Park,,Rutland,VT,TBD,,,,,,9/9/1998,Withdrawn,,,,,,,11/30/2001,,,N,,VT,N,,,,,,
47,Nickel Hill Energy Project,,Middlesex,MA,Tewksbury 230 kV Substation,,,,,,8/26/1998,Withdrawn,,,,,,,6/30/2001,,MIS,N,,BOST,N,,,,,,
46,Campello Power Co.,,Plymouth,MA,,,,,,,8/18/1998,Withdrawn,,,,,,,6/30/2002,,MIS,N,,SEMA,N,,,,,,
45,Kendall Repowering Project,,Suffolk,MA,Kendall Station in Cambridge,NSTAR,NG,,,,7/17/1998,Completed,,,,,,CC,12/18/2002,,MIS,Y,,BOST,Y,,,,,,
44,Brockton Power Project,,Plymouth,MA,Industrial Blvd.,NGRID,,,,,7/10/1998,Withdrawn,,,,,,,1/31/2001,,MIS,Y,,SEMA,Y,,,,,,
43,Tractebel LTF PtP,,,,Import from the New Brunswick System,,,,,,6/8/1998,Withdrawn,,,,,,,12/31/2002,,,N,,,N,,,,,,
42,Wiscassett,,Lincoln,ME,Maine Yankee 345 KV,,,,,,6/5/1998,Withdrawn,,,,,,,10/1/2001,,MIS,N,,ME,N,,,,,,
41,Canal 2 Repowering,,Barnstable,MA,Canal 345 kV Station,,,,,,6/4/1998,Withdrawn,,,,,,,6/30/2001,,MIS,N,,SEMA,N,,,,,,
40,Glen Charlie Unit One,,Plymouth,MA,Wareham 115 kV Substation,,,,,,6/1/1998,Withdrawn,,,,,,,3/31/2001,,,N,,SEMA,N,,,,,,
39,HQ Highgate2 HVDC,,Franklin,VT,"Located on the Hydro Quebec sys. N. near Highgate,",,,,,,5/28/1998,Withdrawn,,,,,,,12/31/2001,,MIS,N,,VT,N,,,,,,
39,CVPS/GMP LTF PtP,,Clinton,NY,Import from NY via PV20,,,,,,5/28/1998,Withdrawn,,,,,,,12/31/2001,,MIS,N,,VT,N,,,,,,
38,Rocky River Power,,Litchfield,CT,Long Mountain 345 kV Station,,,,,,5/8/1998,Withdrawn,,,,,,,7/31/2001,,MIS,N,,CT,N,,,,,,
37,"FPLE RISE, LLC (R.I. Hope Energy)",,Providence,RI,S 171 and S 172 Lines,NGRID,NG,,,,4/29/1998,Completed,,,,,,CC,11/5/2002,,MIS,Y,,RI,Y,,,,,,
36,FPL Energy (Bedford),,Bristol,MA,Industrial Park 115 kV Substation,,,,,,4/14/1998,Withdrawn,,,,,,,11/30/2000,,MIS,N,,SEMA,N,,,,,,
35,Wyman B,,Cumberland,ME,Wyman 115 kV Station,,,,,,4/2/1998,Withdrawn,,,,,,,1/3/2000,,,N,,SME,N,,,,,,
35,Wyman A,,Cumberland,ME,Wyman 115 kV Station,,,,,,4/2/1998,Withdrawn,,,,,,,1/2/2000,,MIS,N,,SME,N,,,,,,
35,Mason,,Lincoln,ME,Mason 345 kV Substation,,,,,,4/2/1998,Withdrawn,,,,,,,12/31/2000,,MIS,N,,ME,N,,,,,,
34,WEG-Norwich,,New London,CT,Montville 115 kV Substation,,,,,,4/1/1998,Withdrawn,,,,,,,6/30/2005,,,N,,CT,N,,,,,,
33,Sithe Medway,,Norfolk,MA,Existing Medway Station 345 kV,NSTAR,,,,,3/31/1998,Withdrawn,,,,,,,12/31/2001,,MIS,Y,,RI,Y,,,,,,
33,Sithe Framingham Station Expansion,,Middlesex,MA,Framingham 230 kV,,,,,,3/31/1998,Withdrawn,,,,,,,12/31/2001,,,N,,BOST,N,,,,,,
33,Sithe Mystic Station Expansion Unit 8,,Suffolk,MA,Mystic 345 kV,NSTAR,NG,,,,3/31/1998,Completed,,,,,10/2/2009,CC,4/13/2003,,ES,Y,,BOST,Y,,,,,,
33,Westbrook Power,,Cumberland,ME,Spring St. 115 kV Substation,CMP,NG,,,,3/31/1998,Completed,,,,,,CC,4/13/2001,,MIS,Y,,SME,Y,,,,,,
33,Sithe Edgar Station Expansion (Fore River),,Norfolk,MA,Holbrook 345 kV,NSTAR,NG,,,,3/31/1998,Completed,,,,,,CC,8/4/2003,,MIS,Y,,SEMA,Y,,,,,,
33,Sithe Mystic Station Expansion Unit 9,,Suffolk,MA,Mystic 345 kV,NSTAR,NG,,,,3/31/1998,Completed,,,,,10/2/2009,CC,6/11/2003,,ES,Y,,BOST,Y,,,,,,
32,Towantic Energy,,New Haven,CT,Beacon Falls 115 kV,ISO-NE,,,,,3/30/1998,Withdrawn,,,,,,,12/31/2002,,MIS,Y,,CT,Y,,,,,,
31,North Smithfield,,Providence,RI,W. Farnum 345 kV,NGRID,,,,,3/26/1998,Withdrawn,,,,,,,6/30/2002,,MIS,N,,RI,Y,,,,,,
30,Engage Energy LTF PtP,,,,Import from New Brunswick via MEPCO,CMP,,,,,3/25/1998,Withdrawn,,,,,,,12/31/2000,,ES,N,,,Y,,,,,,
30,Norwich Power Station,,New London,CT,Bean Hill Substation,NU,,,,,3/25/1998,Withdrawn,,,,,,,12/31/2000,,,N,,CT,Y,,,,,,
29,"Bucksport Energy, L.P.",,Hancock,ME,Belfast 115 kV bus,CMP,DFO NG,,,,3/24/1998,Completed,,,,,,CC,1/1/2001,,MIS,Y,,BHE,Y,,,,,,
28,Newington Energy Center,,Rockingham,NH,Newington 345 kV Station,,,,,,3/18/1998,Withdrawn,,,,,,,3/31/2001,,,N,,NH,N,,,,,,
27,AES Carpenter,,Hartford,CT,Southington 345 kV Substation,,,,,,3/13/1998,Withdrawn,,,,,,,12/31/2001,,MIS,N,,CT,N,,,,,,
26,S&P Cogeneration,,Essex,MA,Lynn 115 kV,,,,,,3/6/1998,Withdrawn,,,,,,,12/31/2001,,,N,,BOST,Y,,,,,,
25,Patriot Power,,Bristol,MA,Bridgewater 345 kV Line,,,,,,2/27/1998,Withdrawn,,,,,,,3/31/2001,,,N,,SEMA,N,,,,,,
24,Orrington Generation,,Penobscot,ME,Orrington 345 kV Station,,,,,,2/25/1998,Withdrawn,,,,,,,6/30/2001,,,N,,ME,N,,,,,,
23,HQ-Surowiec,,Cumberland,ME,Surowiec 345 kV or MEPCO,CMP,,,,,2/19/1998,Withdrawn,,,,,,,12/31/2002,,MIS,N,,ME,Y,,,,,,
22,Meriden Power,,New Haven,CT,Sectionalize 362 Line,ISO-NE,,,,,2/16/1998,Withdrawn,,,,,,,6/30/2003,,MIS,Y,,CT,Y,,,,,,
21,AES Londonderry (Granite Ridge),,Rockingham,NH,N. Litchfield 230 kV Station and Watts Brook 115 k,ISO-NE,DFO NG,,,,2/11/1998,Completed,,,,,,CC,4/1/2003,,MIS,Y,,NH,Y,,,,,,
21,Wallingford Power Units 2&5,,New Haven,CT,Wallingford 115 kV Substation,ISO-NE,NG,,,,2/11/1998,Completed,,,,,10/2/2009,GT,2/7/2002,,MIS,Y,,SWCT,Y,,,,,,
21,Wallingford Power Unit 4,,New Haven,CT,Wallingford 115 kV Substation,ISO-NE,NG,,,,2/11/1998,Completed,,,,,10/2/2009,GT,1/23/2002,,MIS,Y,,SWCT,Y,,,,,,
21,Wallingford Power Units 1&3,,New Haven,CT,Wallingford 115 kV Substation,ISO-NE,NG,,,,2/11/1998,Completed,,,,,10/2/2009,GT,12/31/2001,,MIS,Y,,SWCT,Y,,,,,,
20,Housatonic Power,,Fairfield,CT,398 Line,,,,,,1/20/1998,Withdrawn,,,,,,,1/1/2001,,,N,,CT,N,,,,,,
19,Livermore Falls,,Androscoggin,ME,Livermore Falls 115 kV Substation,,,,,,1/14/1998,Withdrawn,,,,,,,12/1/2000,,,N,,ME,N,,,,,,
18,Sprague Newington (Piscataqua Power),,Rockingham,NH,Newington 345 kV Station,,,,,,1/13/1998,Withdrawn,,,,,,,1/1/2000,,MIS,N,,NH,N,,,,,,
18,Versaille Energy Center,,New London,CT,Tunnel 115 kV Substation,,,,,,1/13/1998,Withdrawn,,,,,,,12/31/2000,,,N,,CT,N,,,,,,
18,White Mountain Cogen.Center,,Coos,NH,Lost Nation 115 kV Substation,,,,,,1/13/1998,Withdrawn,,,,,,,12/31/2000,,,N,,NH,N,,,,,,
17,SEI Newington (ConEd),,Rockingham,NH,Newington 345 kV Station,NU,JF NG,,,,12/12/1997,Completed,,,,,,CC,9/18/2002,,MIS,Y,,NH,Y,,,,,,
17,Lake Road Generating Units 1&2,,Windham,CT,Line 347,ISO-NE,DFO NG,,,,12/12/1997,Completed,,,,,10/2/2009,CC,3/15/2002,,MIS,Y,,RI,Y,,,,,,
17,Lake Road Generating Unit 3,,Windham,CT,Line 347,ISO-NE,DFO NG,,,,12/12/1997,Completed,,,,,10/2/2009,CC,5/22/2002,,MIS,Y,,RI,Y,,,,,,
16,ANP Gorham,,Cumberland,ME,S. Gorham 345 kV Substation,CMP,,,,,10/24/1997,Withdrawn,,,,,,,7/1/2000,,MIS,Y,,ME,Y,,,,,,
15,South Norwalk,,Fairfield,CT,Norwalk 115 kV Substation,ISO-NE,,,,,10/9/1997,Withdrawn,,,,,,,1/1/2000,,,N,,NOR,Y,,,,,,
14,Cabot Power,,Middlesex,MA,Mystic 345 kV Station,NSTAR,,,,,9/30/1997,Withdrawn,,,,,,,6/30/2000,,ES,Y,,BOST,Y,,,,,,
13,Milford Power Unit 2,,New Haven,CT,Devon 115 kV Substation,ISO-NE,DFO NG,,,,8/22/1997,Completed,,,,,10/2/2009,CC,5/3/2004,,MIS,Y,,SWCT,Y,,,,,,
13,Milford Power Unit 1,,New Haven,CT,Devon 115 kV Substation,ISO-NE,DFO NG,,,,8/22/1997,Completed,,,,,10/2/2009,CC,2/12/2004,,MIS,Y,,SWCT,Y,,,,,,
13,Summit Power,,Hampden,MA,1302 Line,,,,,,8/22/1997,Withdrawn,,,,,,,3/31/2001,,,N,,WMA,N,,,,,,
12,Berkshire Power,,Hampden,MA,South Agawam Jct. 115 kV Station,NU,NG,,,,8/15/1997,Completed,,,,,,CC,6/19/2000,,ES,Y,,WMA,Y,,,,,,
11,Wareham,,Plymouth,MA,Adjacent to the Tremont Substation,,,,,,8/5/1997,Withdrawn,,,,,,,2/28/2001,,,N,,SEMA,N,,,,,,
10,Maine Independence,,Penobscot,ME,"Located at Graham Station in Veazie, ME",CMP,NG,,,,7/24/1997,Completed,,,,,,CC,5/1/2000,,,Y,,BHE,Y,,,,,,
9,IDC Bellingham,,Norfolk,MA,Sectionalize 336 Line,NSTAR,,,,,7/22/1997,Withdrawn,,,,,,,12/31/2002,,MIS,Y,,RI,Y,,,,,,
8,ANP Blackstone Energy Project Unit 2,,Worcester,MA,Sectionalize 336 Line,NGRID,NG,,,,7/15/1997,Completed,,,,,10/2/2009,CC,7/13/2001,,MIS,Y,,RI,Y,,,,,,
8,ANP Bellingham Energy Project Unit 2,,Norfolk,MA,Sectionalize Line 303,NGRID,NG,,,,7/15/1997,Completed,,,,,10/2/2009,CC,12/28/2002,,MIS,Y,,RI,Y,,,,,,
8,ANP Bellingham Energy Project Unit 1,,Norfolk,MA,Sectionalize Line 303,NGRID,NG,,,,7/15/1997,Completed,,,,,10/2/2009,CC,10/24/2002,,MIS,Y,,RI,Y,,,,,,
8,ANP Blackstone Energy Project Unit 1,,Worcester,MA,Sectionalize 336 Line,NGRID,NG,,,,7/15/1997,Completed,,,,,10/2/2009,CC,6/7/2001,,MIS,Y,,RI,Y,,,,,,
7,Bridgeport Harbor Station,,Fairfield,CT,Pequonnock 115 kV Substation,UI,NG,,,,6/25/1997,Completed,,,,,,CC,7/24/1999,,,Y,,SWCT,Y,,,,,,
6,Rumford Power Associates,,Oxford,ME,Rumford 115 kV Substation,CMP,NG,,,,6/12/1997,Completed,,,,,,CC,10/16/2000,,,Y,,ME,Y,,,,,,
5,Brayton Pt,,Bristol,MA,Brayton Point 345 kV Station,NGRID,,,,,5/9/1997,Withdrawn,,,,,,,12/31/2001,,MIS,Y,,RI,Y,,,,,,
4,EMI Dighton Power Project,,Bristol,MA,U6 Line,NGRID,NG,,,,4/10/1997,Completed,,,,,,CC,8/1/1999,,ES,Y,,SEMA,Y,,,,,,
3,Androscoggin Energy Center,,Franklin,ME,Jay 115 kV Substation,CMP,DFO NG,,,,2/13/1997,Completed,,,,,,CC,12/28/2000,,ES,Y,,ME,Y,,,,,,
2,EMI-Tiverton,,Newport,RI,Near Tiverton 115 kV Substation,NGRID,NG,,,,11/8/1996,Completed,,,,,,CC,8/18/2000,,ES,Y,,SEMA,Y,,,,,,
1,Millennium+K117,,Worcester,MA,W 123 Line,NGRID,DFO NG,,,,6/7/1996,Completed,,,,,,CC,4/6/2001,,ES,Y,,WMA,Y,,,,,,
