Queue ID,Project Name,Interconnecting Entity,County,State,Interconnection Location,Transmission Owner,Generation Type,Capacity (MW),Summer Capacity (MW),Winter Capacity (MW),Queue Date,Status,Proposed Completion Date,Withdrawn Date,Withdrawal Comment,Actual Completion Date,Proposed In-Service Date,Proposed Initial-Sync Date,Last Updated Date,Z,S,Availability of Studies,SGIA Tender Date
0276,Homer Solar Energy Center,,Cortland,NY,Cortland - Fenner 115kV,NM-NG,Solar,90.0,90.0,90.0,2008-01-30,Active,2028-06-01,,,,,,2026-05-31 00:00:00,,,"FES, SRIS, FS",
0495,Mohawk Solar,,Montgomery,NY,St. Johnsville - Marshville 115kV,NM-NG,Solar,90.5,90.5,90.5,2015-04-02,Active,2027-11-01,,,,,,2025-09-30 00:00:00,,,"FES, SRIS, FS",
0519,Canisteo Wind,,Steuben,NY,Bennett 115kV,NYSEG,Wind,290.7,290.7,290.7,2015-11-02,Active,2028-05-01,,,,,,2025-03-31 00:00:00,,,"FES, SRIS, FS",
0522,NYC Energy,,Kings,NY,Hudson Avenue East 138kV,ConEd,Energy Storage,79.9,79.9,79.9,2015-12-16,Active,2027-06-01,,,,,,2026-06-30 00:00:00,,,"FES, SRIS, FS",
0535,Riverhead Solar 2,,Suffolk,NY,Edwards 138kV,LIPA,Solar,36.0,36.0,36.0,2016-02-23,Active,2028-01-01,,,,,,2024-09-30 00:00:00,,,"FES, SRIS, FS",
0564,Rock District Solar,,Schoharie,NY,Sharon - Cobleskill 69kV,NM-NG,Solar,20.0,20.0,20.0,2016-07-25,Active,2027-02-01,,,,,,2026-06-30 00:00:00,,,"SIS, FS",
0571,Heritage Wind,,Genesee,NY,Lockport - Mortimer 115kV,NM-NG,Wind,126.0,126.0,126.0,2016-09-01,Active,2027-10-01,,,,,,2025-09-30 00:00:00,,,"FES, SRIS, FS",
0572,Greene County 1,,Greene,NY,Coxsackie - North Catskill 69kV,CHG&E,Solar,20.0,20.0,20.0,2016-09-06,Active,2027-06-01,,,,,,2025-05-31 00:00:00,,,"SIS, FS",
0573,Greene County 2,,Greene,NY,Coxsackie 13.8kV,CHG&E,Solar,10.0,10.0,10.0,2016-09-06,Active,2027-06-01,,,,,,2025-05-31 00:00:00,,,"SIS, FS",
0575,Little Pond Solar,,Orange,NY,Mongaup - Shoemaker 69kV,O&R,Solar,20.0,20.0,20.0,2016-09-16,Active,2027-09-01,,,,,,2026-06-30 00:00:00,,,"FES, SIS, FS",
0581,Hills Solar,,Herkimer,NY,Fairfield - Inghams 115kV,NM-NG,Solar,20.0,20.0,20.0,2025-11-26,Active,2028-04-01,,,,,,2026-06-30 00:00:00,,,"FES, SIS, FS",
0584,Dog Corners Solar,,Cayuga,NY,Aurora 34.5kV,NYSEG,Solar,20.0,20.0,20.0,2025-11-25,Active,2027-01-01,,,,,,2026-06-30 00:00:00,,,"SIS, FS",
0586,Watkins Rd Solar,,Herkimer,NY,Watkins Rd - Ilion 115kV,NM-NG,Solar,20.0,20.0,20.0,2016-11-08,Active,2027-02-01,,,,,,2026-06-30 00:00:00,,,"SIS, FS",
0590,Scipio Solar,,Cayuga,NY,Scipio 34.5kV,NYSEG,Solar,18.0,18.0,18.0,2016-12-02,Active,2027-09-01,,,,,,2026-06-30 00:00:00,,,"SIS, FS",
0596,Alle Catt II Wind,,Cattaraugus,NY,Stolle Rd - Five Mile Rd 345kV,NM-NG,Wind,339.1,339.1,339.1,2017-01-04,Active,2026-12-01,,,,,,2026-05-31 00:00:00,,,"SRIS, FS",
0617,Watkins Glen Solar,,Schuyler,NY,Bath - Montour Falls 115kV,NYSEG,Solar,50.0,50.0,50.0,2017-03-27,Active,2028-04-01,,,,,,2025-01-31 00:00:00,,,"SRIS, FS",
0620,Gateway Solar Energy Center,,St. Lawrence,NY,Massena - Moses 230kV,NYPA,Solar,180.0,180.0,180.0,2017-03-27,Active,2028-04-01,,,,,,2025-02-28 00:00:00,,,"FES, SRIS, FS",
0637,Flint Mine Solar,,Greene,NY,"LaFarge - Pleasant Valley 115kV, Feura Bush - North Catskill 115kV",NM-NG,Solar,100.0,100.0,100.0,2017-06-29,Active,2028-04-01,,,,,,2026-06-30 00:00:00,,,"FES, SRIS, FS",
0644,Columbia County 1,,Columbia,NY,Craryville 115kV,NYSEG,Solar,60.0,60.0,60.0,2017-07-26,Active,2027-02-01,,,,,,2024-06-30 00:00:00,,,"FES, SRIS, FS",
0670,SunEast Skyline Solar LLC,,Westmoreland,NY,Campus Rd - Clinton 46kV,NM-NG,Solar,20.0,20.0,20.0,2017-09-21,Active,2028-04-01,,,,,,2023-07-31 00:00:00,,,"FES, SIS, FS",
0683,KCE NY 2,,Montgomery,NY,Coldenham 115kV,CHG&E,Energy Storage,200.0,200.0,200.0,2018-01-18,Active,2027-06-01,,,,,,2026-06-30 00:00:00,,,"SRIS, FS",
0704,Bear Ridge Solar,,Niagara,NY,Mountain- Lockport 115kV,NM-NG,Solar,100.0,100.0,100.0,2018-03-20,Active,2028-04-01,,,,,,2025-02-28 00:00:00,,,"SRIS, FS",
0710,Horseshoe Solar,,Livingston,NY,Golah 115kV,NM-NG,Solar,180.0,180.0,180.0,2018-05-29,Active,2028-05-01,,,,,,2025-10-31 00:00:00,,,"FES, FS",
0716,Moraine Solar Energy Center,,Allegany,NY,Moraine 115kV,NYSEG,Solar,93.5,93.5,93.5,2018-06-04,Active,2028-09-01,,,,,,2025-10-31 00:00:00,,,"FES, SRIS, FS",
0720,Trelina Solar Energy Center,,Seneca,NY,Border City - Station 168 115 KV,NYSEG,Solar,79.8,79.8,79.8,2018-06-07,Active,2028-04-01,,,,,,2025-01-31 00:00:00,,,"SRIS, FS",
0721,Excelsior Energy Center,,Genesee,NY,Dysinger - N. Rochester 345kV,NYPA,Solar,280.0,280.0,280.0,2018-06-07,Active,2026-11-01,,,,,,2026-05-31 00:00:00,,,"SRIS, FS",
0734,Ticonderoga Solar,,Essex,NY,Ticonderoga 115kV - Republic Line 2,NM-NG,Solar,20.0,20.0,20.0,2018-06-12,Active,2026-12-01,,,,,,2026-01-31 00:00:00,,,"FES, SIS, FS",
0737,Empire Wind 1,,Kings,NY,Gowanus 345kV,ConEd,Wind,816.0,816.0,816.0,2018-06-12,Active,2027-09-01,,,,,,2026-06-30 00:00:00,,,"SRIS, FS",
0766,Sunrise Wind,,Suffolk,NY,Holbrook 138kV & West Bus 138kV,LIPA,Wind,880.0,880.0,880.0,2018-09-28,Active,2027-10-01,,,,,,2026-06-30 00:00:00,,,"SRIS, FS",
0774,Tracy Solar Energy Center,,Jefferson,NY,Thousand Island - Lyme 115kV,NM-NG,Solar,119.0,119.0,119.0,2018-10-18,Active,2028-12-01,,,,,,2025-12-31 00:00:00,,,"SRIS, FS",
0777,White Creek Solar,,Livingston,NY,Sta 82 - Sta 128 115kV,RG&E,Solar,135.0,135.0,135.0,2018-11-01,Active,2028-06-01,,,,,,2025-10-31 00:00:00,,,"SRIS, FS",
0783,South Ripley Solar and BESS,,Chautauqua,NY,South Ripley Substation 230kV,NM-NG,,270.0,270.0,270.0,2018-12-07,Active,2027-12-01,,,,,,2026-06-30 00:00:00,,,"FES, SRIS, FS",
0800,Rich Road Solar Energy Center,,St. Lawrence,NY,Moses - Adirondack 230 kV Line #2 (MA2),NYPA,,240.0,240.0,240.0,2019-02-20,Active,2028-04-01,,,,,,2025-01-31 00:00:00,,,"FES, SRIS, FS",
0801,Prattsburgh Wind Farm,,Steuben,NY,Stoney Ridge - Canadaigua 230kV,NYSEG,Wind,147.0,147.0,147.0,2019-02-21,Active,2027-09-01,,,,,,2026-06-30 00:00:00,,,"SRIS, FS",
0804,KCE NY 10,,Erie,NY,Erie Substation 34.5kV,NYSEG,Energy Storage,20.0,20.0,20.0,2019-03-22,Active,2026-10-01,,,,,,2026-01-31 00:00:00,,,"FES, SIS, FS",
0805,Oxbow Hill Solar,,Madison,NY,Fenner 115kV Substation,NM-NG,Solar,140.0,140.0,140.0,2019-03-22,Active,2029-06-01,,,,,,2026-01-31 00:00:00,,,"FES, FS",
0811,Cider Solar,,Genesee,NY,Dysinger - New Rochester 345kV,NYPA,Solar,500.0,500.0,500.0,2019-04-03,Active,2027-01-01,,,,,,2026-06-30 00:00:00,,,"SRIS, FS",
0815,Bayonne Energy Center III,,Kings,NY,Gowanus 345kV,ConEd,Energy Storage,49.8,49.8,49.8,2019-04-05,Active,2027-07-01,,,,,,2026-05-31 00:00:00,,,"SRIS, FS",
0827,Arthur Kill Energy Storage 1,,Richmond,NY,Fresh Kills 13.8kV,ConEd,Energy Storage,15.0,15.0,15.0,2019-04-22,Active,2026-12-01,,,,,,2026-02-28 00:00:00,,,FS,
0828,Valley Solar,,Tioga,NY,Owego 34.5kV Substation,NYSEG,Solar,20.0,20.0,20.0,2019-04-24,Active,2027-01-01,,,,,,2026-06-30 00:00:00,,,"SIS, FS",
0832,CS Hawthorn Solar,,Rensselaer,NY,North Troy - Hoosick 115kV,NM-NG,Solar,20.0,20.0,20.0,2019-05-06,Active,2027-06-01,,,,,,2026-04-30 00:00:00,,,"FES, FS",
0833,Dolan Solar,,Washington,NY,Battenkill - Mohican 115kV,NM-NG,Solar,20.0,20.0,20.0,2019-05-06,Active,2027-09-01,,,,,,2026-04-30 00:00:00,,,"SIS, FS",
0834,Luyster Creek Energy Storage 2,,Queens,NY,Astoria West 138kV,ConEd,Energy Storage,79.0,79.0,79.0,2019-05-07,Active,2028-04-01,,,,,,2026-06-30 00:00:00,,,"SRIS, FS",
0835,Luyster Creek Energy Storage 1,,Queens,NY,Astoria West 138kV,ConEd,Energy Storage,57.3,56.3,57.3,2019-05-07,Active,2028-04-01,,,,,,2026-06-30 00:00:00,,,"SRIS, FS",
0843,NY37 Solar,,Jefferson,NY,Coffeen - West Adams 115kV Substation,NM-NG,Solar,20.0,20.0,20.0,2025-12-02,Active,2028-09-01,,,,,,2026-02-28 00:00:00,,,"SIS, FS",
0863,Highbanks Solar,,Livingston,NY,S158 High banks 34.5 kV,RG&E,Solar,12.5,12.5,12.5,2019-05-29,Active,2029-09-01,,,,,,2026-06-30 00:00:00,,,"SIS, FS",
0864,NY38 Solar,,Jefferson,NY,Coffeen - West Adams 115kV,NM-NG,Solar,120.0,120.0,120.0,2019-05-29,Active,2028-04-01,,,,,,2026-02-28 00:00:00,,,"SRIS, FS",
0865,Flat Hill Solar,,Herkimer,NY,Inghams-Valley 46kV Line 27,NM-NG,Solar,20.0,20.0,20.0,2019-05-31,Active,2027-08-01,,,,,,2026-06-30 00:00:00,,,"SIS, FS",
0880,Brookside Solar,,Franklin,NY,Chateaugay - Willis 115kV,NYSEG,Solar,100.0,100.0,100.0,2019-06-10,Active,2027-12-01,,,,,,2026-01-31 00:00:00,,,"SRIS, FS",
0882,Riverside Solar,,Jefferson,NY,Lyme Substation 115kV,NM-NG,Solar,100.0,100.0,100.0,2019-06-10,Active,2027-12-01,,,,,,2025-01-31 00:00:00,,,"FES, SRIS, FS",
0883,Garnet Energy Center,,Cayuga,NY,Pannell - Clay 345kV,NYPA,Solar,200.0,200.0,200.0,2019-06-11,Active,2028-04-01,,,,,,2025-02-28 00:00:00,,,FS,
0885,Grassy Knoll Solar,,Herkimer,NY,Watkins Rd - Inghams 115kV,NM-NG,Solar,20.0,20.0,20.0,2019-06-12,Active,2028-05-01,,,,,,2026-06-30 00:00:00,,,"SIS, FS",
0899,Scriba-Volney Series Reactor,,Oswego,NY,Volney - Scriba 345 kV,NM-NG,AC Transmission,0.0,,,2019-08-02,Active,,,,,,,2025-05-31 00:00:00,,,SIS,
0907,Harlem River Yard,,Queens,NY,Hell Gate 138kV,NYPA,Energy Storage,79.9,79.9,79.9,2019-09-04,Active,2028-01-01,,,,,,2025-02-28 00:00:00,,,"SRIS, FS",
0930,Luyster Creek Energy Storage 3,,Queens,NY,North Queens 27kV,ConEd,Energy Storage,15.0,15.0,15.0,2019-10-25,Active,2027-03-01,,,,,,2025-03-31 00:00:00,,,"SIS, FS",
0931,Astoria Energy Storage,,Queens,NY,Astoria West 138kV,ConEd,Energy Storage,100.0,100.0,100.0,2019-10-28,Active,2026-10-01,,,,,,2025-10-31 00:00:00,,,"SRIS, FS",
0932,Hatchery Solar,,Livingston,NY,Caledonia - Golah 34.5 kV,NM-NG,Solar,20.0,20.0,20.0,2019-10-29,Active,2029-01-01,,,,,,2026-03-31 00:00:00,,,"SIS, FS",
0950,Hemlock Ridge Solar,,Orleans,NY,Lockport - Mortimer 115kV,NM-NG,Solar,200.0,200.0,200.0,2019-11-21,Active,2028-04-01,,,,,,2025-08-31 00:00:00,,,"SRIS, FS",
0953,Sugar Maple Solar,,Lewis,NY,North Carthage - Taylorville #8 and Black River - Taylorville #2 115kV,NM-NG,Solar,125.0,125.0,125.0,2019-12-05,Active,2027-12-01,,,,,,2025-01-31 00:00:00,,,"SRIS, FS",
0956,Holtsville 138kV Energy Storage,,Suffolk,NY,West Bus 138 kV,LIPA,Energy Storage,110.0,110.0,110.0,2019-12-10,Active,2028-05-01,,,,,,2026-06-30 00:00:00,,,"SRIS, FS",
0967,KCE NY 5,,Ulster,NY,Ohioville 115 kV,CHG&E,Energy Storage,94.0,94.0,94.0,2019-12-27,Active,2027-12-01,,,,,,2026-06-30 00:00:00,,,"SRIS, FS",
0971,East Setauket Energy Storage,,Suffolk,NY,Holbrook - Miller Place 138kV,LIPA,Energy Storage,125.0,125.0,125.0,2020-01-10,Active,2027-04-01,,,,,,2025-02-28 00:00:00,,,FS,
0987,Sunrise Wind II,,Suffolk,NY,Holbrook 138kV,LIPA,Wind,44.0,44.0,44.0,2020-01-29,Active,2027-10-01,,,,,,2026-06-30 00:00:00,,,FS,
0995,Alabama Solar Park LLC,,Genesee,NY,Lockport - Batavia 115kV (Line#112),NM-NG,Solar,130.0,130.0,130.0,2020-02-27,Active,2028-10-01,,,,,,2025-01-31 00:00:00,,,FS,
1000,Flat Stone Solar,,Oneida,NY,Oneida - Rome 115kV,NM-NG,Solar,20.0,20.0,20.0,2020-03-18,Active,2028-05-01,,,,,,2026-06-30 00:00:00,,,"SIS, FS",
1003,Clear View Solar,,Steuben,NY,Eelpot Road 34.5 kV,NYSEG,Solar,20.0,20.0,20.0,2020-04-06,Active,2026-08-01,,,,,,2026-02-28 00:00:00,,,"SIS, FS",
1007,NYC Energy LLC - Phase 2,,Kings,NY,Hudson Ave 138 kV,ConEd,Energy Storage,220.1,220.1,220.1,2020-04-22,Active,2027-06-01,,,,,,2026-06-30 00:00:00,,,"SRIS, FS",
1009,Yellow Barn Solar,,Tompkins,NY,Milliken - Etna 115 kV line #975,NYSEG,Solar,160.0,160.0,160.0,2020-04-30,Active,2028-11-01,,,,,,2025-12-31 00:00:00,,,"SRIS, FS",
1015,"Somers Solar, LLC",,Washington,NY,Mohican - Battenkill 115kV,NM-NG,Solar,20.0,20.0,20.0,2020-05-05,Active,2027-12-01,,,,,,2026-01-31 00:00:00,,,FS,
1031,Mill Point Solar,,Montgomery,NY,Marcy - New Scotland 345kV,NM-NG,,250.0,250.0,250.0,2020-06-18,Active,2028-12-01,,,,,,2026-06-30 00:00:00,,,"SRIS, FS",
1047,Millers Grove Solar,,Herkimer,NY,Porter - Watkins 115kV,NM-NG,Solar,20.0,20.0,20.0,2020-07-09,Active,2028-03-01,,,,,,2026-02-28 00:00:00,,,"SIS, FS",
1079,Somerset Solar,,Niagara,NY,Kintigh 345 kV,NYSEG,Solar,125.0,125.0,125.0,2020-08-18,Active,2028-06-01,,,,,,2025-08-31 00:00:00,,,"SRIS, FS",
1080,Mineral Basin Solar Power,,Clearfield,PA,Homer City - Mainesburg 345KV,NYSEG,Solar,401.6,401.6,401.6,2020-08-21,Active,2029-12-01,,,,,,2026-06-30 00:00:00,,,"SRIS, FS",
1113,CLIES 20 MW,,Suffolk,NY,Sills Road 138 kV,LIPA,Energy Storage,20.0,20.0,20.0,2020-11-18,Active,2027-12-01,,,,,,2025-03-31 00:00:00,,,"SIS, FS",
1117,CLIES 70MW,,Suffolk,NY,Sills Road 138kV,LIPA,Energy Storage,70.0,70.0,70.0,2020-11-25,Active,2027-12-01,,,,,,2025-03-31 00:00:00,,,"SRIS, FS",
1122,East Fishkill,,Dutchess,NY,Shenandoah 115kV,CHG&E,Energy Storage,205.0,205.0,205.0,2020-12-11,Active,2029-12-01,,,,,,2025-10-31 00:00:00,,,"SRIS, FS",
1123,KCE NY 29,,Suffolk,NY,Kings 138 kV,LIPA,Energy Storage,79.0,79.0,79.0,2020-12-14,Active,2028-08-01,,,,,,2026-03-31 00:00:00,,,FS,
1130,Hoffman Falls Wind,,Madison,NY,Cortland - Fenner 115kV Line #3,NM-NG,Wind,72.0,72.0,72.0,2021-01-27,Active,2029-04-01,,,,,,2026-06-30 00:00:00,,,FS,
1148,Agricola Wind,,Cayuga,NY,Milliken to Wright Ave 115 kV line #973,NYSEG,Wind,97.0,97.0,97.0,2021-03-10,Active,2029-04-01,,,,,,2026-06-30 00:00:00,,,"SRIS, FS",
1151,York Run Solar,,Chautauqua,NY,Falconer - Warren 115 kV line #171,NM-NG,Solar,90.0,90.0,90.0,2021-03-18,Active,2028-09-01,,,,,,2026-06-30 00:00:00,,,"SRIS, FS",
1166,BR Benson Mines Solar,,St. Lawrence,NY,Brown's Falls to Newton Falls #22 34.5kV Line,NM-NG,Solar,12.1,12.1,12.1,2021-05-07,Active,2027-12-01,,,,,,2025-12-31 00:00:00,,,"SIS, FS",
1183,NY125A - Fort Covington Solar,,Franklin,NY,Moses-Willis 230 kV (MW1),NYPA,Solar,250.0,250.0,250.0,2021-05-20,Active,2028-07-01,,,,,,2025-09-30 00:00:00,,,"SRIS, FS",
1184,NY125B - Two Rivers Solar,,St-Lawrence,NY,Moses-Willis 230kV (MW2),NYPA,Solar,200.0,200.0,200.0,2021-05-20,Active,2028-09-01,,,,,,2025-01-31 00:00:00,,,"SRIS, FS",
1188,"North Seneca Solar Project, LLC",,Seneca,NY,Hooks Road - Elbridge 115kV line#7,NM-NG,Solar,90.0,90.0,90.0,2021-05-27,Active,2027-09-01,,,,,,2025-01-31 00:00:00,,,"SRIS, FS",
1237,Sugar Maple Energy Storage,,Jefferson,NY,North Carthage-Taylorville #8 and Black River-Taylorville #2 115 kV lines,NM-NG,Energy Storage,20.0,20.0,20.0,2021-08-24,Active,2028-12-01,,,,,,2026-07-31 00:00:00,,,SIS,
1255,Holtsville Brookhaven Battery Storage,,Suffolk,NY,Line 69-849 from West Yaphank to North Bellport,LIPA,Energy Storage,79.9,79.9,79.9,2021-09-22,Active,2027-10-01,,,,,,2026-01-31 00:00:00,,,SRIS,
1257,Edwards Calverton Battery Storage,,Suffolk,NY,Edwards Avenue Substation at 138 kV,LIPA,Energy Storage,60.0,60.0,60.0,2021-09-22,Active,2027-11-01,,,,,,2026-01-31 00:00:00,,,"SRIS, FS",
1289,Propel NY Energy - Alternate Solution 5,,"Nassau, Queens, Bronx, Westchester",NY,Sprain Brook 345 kV; Tremont 345 kV; East Garden City 345 kV; Barrett 138 kV; East Garden City 138 kV; Shore Road 138 kV; Syosset 138 kV; Ruland Rd 138 kV,"LIPA, ConEd, NYPA",AC Transmission,0.0,,,2021-10-11,Active,,,,,,,2025-06-30 00:00:00,,,SIS,
1308,Richmond Spoke,,Richmond,NY,Goethals - Gowanus 345 kV,ConEd,AC Transmission,0.0,,,2021-12-02,Active,,,,,,,2022-07-31 00:00:00,,,SIS,
1329,ELP Granby Solar II,,Oswego,NY,Curtis Street - Teall 115 kV,NM-NG,,20.0,20.0,20.0,2022-02-11,Active,2028-06-01,,,,,,2026-06-30 00:00:00,,,"FES, SIS, FS",
1365,Queensboro Renewable Express Circuit A,,Queens,NY,Rainey 345 kV substation and Vernon 138 kV substation,ConEd,DC Transmission,0.0,,,2022-04-15,Active,,,,,,,2022-07-31 00:00:00,,,SIS,
1366,Queensboro Renewable Express Circuit B,,Queens,NY,Rainey 345 kV substation and Vernon 138 kV substation,ConEd,DC Transmission,0.0,,,2022-04-15,Active,,,,,,,2024-03-31 00:00:00,,,SIS,
1555,Liberty Green Line,,New York County,NY,Con Edison W 49th St 345kV Substation,"ConEd, PJM",AC Transmission,0.0,,,2023-05-12,Active,,,,,,,2026-03-31 00:00:00,,,FES,
1667,Designated Public Policy Project Rainey Breaker Replacement,,New York,NY,Rainey 345kV Substation,ConEd,AC Transmission,0.0,,,2024-01-12,Active,,,,,,,2024-07-31 00:00:00,,,,
1671,Meyer Substation Rebuild and South Perry Substation Rebuild,,Wyoming/Livingston,NY,"Meyer 115kV, 34.5, 230kV South Perry 115kV, 34.5kV, 69kV",NYSEG,AC Transmission,0.0,,,2024-02-02,Active,,,,,,,2026-04-30 00:00:00,,,,
1672,Ames Road Station,,Montgomery,NY,345kV Edic Princetown 351 345kV Edic Princetwon 352 115kV Saint Johnsville Mashville 11 115kV Clinton Marshville 12,"NM-NG, LS Power",AC Transmission,0.0,,,2024-02-05,Active,,,,,,,2025-08-31 00:00:00,,,,
C24-003,Vineyard Mid-Atlantic West,,Nassu,NY,East Garden City 345kV,NYPA,,1321.0,1321.0,1321.0,2024-08-01,Active,2032-03-01,,,,,,2025-11-30 00:00:00,,,,
C24-004,Palladium Storage,,Bronx,NY,Hell Gate Annex 138KV Substation,NYPA,Energy Storage,140.0,140.0,140.0,2024-08-01,Active,2028-08-01,,,,,,2025-11-30 00:00:00,,,,
C24-005,Blue Spruce Storage,,Bronx,NY,Mott Haven 138KV Bus,ConEd,Energy Storage,300.0,300.0,300.0,2024-08-01,Active,2028-08-01,,,,,,2025-11-30 00:00:00,,,,
C24-008,KCE NY 30,,Suffolk,NY,West Babylon 69 kV,LIPA,Energy Storage,50.0,50.0,50.0,2024-08-01,Active,2028-10-01,,,,,,2025-12-31 00:00:00,,,,
C24-010,KCE NY 21,,Suffolk,NY,Pulaski 69kV Substation,LIPA,Energy Storage,60.0,60.0,60.0,2024-08-01,Active,2029-12-01,,,,,,2025-12-31 00:00:00,,,,
C24-013,Battery Park Storage,,Brooklyn,NY,Greenwood 138KV,ConEd,Energy Storage,190.0,190.0,190.0,2024-08-01,Active,2028-08-01,,,,,,2025-11-30 00:00:00,,,,
C24-021,Bluepoint Wind 1,,Kings,NY,Brooklyn Clean Energy Hub 345kV Substation,CONED,,1310.0,1310.0,1310.0,2024-08-01,Active,2033-12-01,,,,,,2025-08-31 00:00:00,,,,
C24-032,Oakdale Battery Storage LLC,,Broome,NY,Oakdale 115 kV,NYSEG,Energy Storage,150.0,150.0,150.0,2024-08-01,Active,2030-08-01,,,,,,2025-12-31 00:00:00,,,,
C24-033,KCE NY 31,,Suffolk,NY,Shoreham 138kV,LIPA,Energy Storage,50.0,50.0,50.0,2024-08-01,Active,2027-12-01,,,,,,2026-01-31 00:00:00,,,,
C24-042,Hoffman Falls Wind 2,,Madison,NY,Fenner - Shippy Rd Line 3 115 kV,NM-NG,Wind,29.8,29.8,29.8,2024-08-01,Active,2027-12-01,,,,,,2026-01-31 00:00:00,,,,
C24-047,"Lincoln Park DG, LLC",,Ulster,NY,Lincoln Park - East Kingston 115 kV,CHGE,Energy Storage,150.0,150.0,150.0,2024-08-01,Active,2030-12-01,,,,,,2025-12-31 00:00:00,,,,
C24-048,BPP NY Lansing BESS I,,Tompkins,NY,Milliken 115kV (aka Cayuga 115kV),NYSEG,Energy Storage,200.0,200.0,200.0,2024-08-01,Active,2028-07-01,,,,,,2026-01-31 00:00:00,,,,
C24-052-001,Hemlock Hollow Wind,,Cattaraugus,NY,"Dugan - Homer Hill 115kV, Line #155",NM-NG,Wind,95.0,95.0,95.0,2024-08-01,Active,2029-09-01,,,,,,2026-01-31 00:00:00,,,,
C24-060,Gemma Energy Storage,,Steuben,NY,Stony Ridge 230kV,NYSEG,Energy Storage,200.0,200.0,200.0,2024-08-01,Active,2027-12-01,,,,,,2026-01-31 00:00:00,,,,
C24-061,Daphne Energy Storage,,Suffolk County & Mastic City,NY,Moriches 69kV,LIPA,Energy Storage,75.0,75.0,75.0,2024-08-01,Active,2027-12-01,,,,,,2026-01-31 00:00:00,,,,
C24-062,Highbush Energy Storage,,Dutchess,NY,Manchester 115 kV,CHGE,Energy Storage,200.0,200.0,200.0,2024-08-01,Active,2027-12-01,,,,,,2026-01-31 00:00:00,,,,
C24-064,Fraser Energy Storage,,Delaware,NY,Fraser substation 115 kV,NYSEG,Energy Storage,135.0,135.0,135.0,2024-08-01,Active,2029-11-01,,,,,,2025-02-28 00:00:00,,,,
C24-066,Coral Energy Storage,,Chemung,NY,Yawger 115kV Substation,NYSEG,Energy Storage,100.0,100.0,100.0,2024-08-01,Active,2027-12-01,,,,,,2026-01-31 00:00:00,,,,
C24-072,Eastwater Energy Storage,,Monroe,NY,Station 82 - Station 121 Line 23 115kV,NM-NG,Energy Storage,100.0,100.0,100.0,2024-08-02,Active,2027-06-01,,,,,,2026-01-31 00:00:00,,,,
C24-074,Lighthouse Energy Storage,,Chautauqua,NY,Gardenville - Dunkirk Line 74 230 kV,NM-NG,Energy Storage,250.0,250.0,250.0,2024-08-02,Active,2027-06-01,,,,,,2026-01-31 00:00:00,,,,
C24-079,Maple Harvest Wind,,Onondaga,NY,Tilden-Cortland Line 18.,NM-NG,Wind,162.0,162.0,162.0,2024-08-08,Active,2028-12-01,,,,,,2026-01-31 00:00:00,,,,
C24-081,Port Morris Energy Storage,,Bronx,NY,Hell Gate Annex 138kV,NYPA,Energy Storage,130.0,130.0,130.0,2024-08-08,Active,2028-12-01,,,,,,2025-03-31 00:00:00,,,,
C24-085,Arch 4,,Orange,NY,Rock Tavern 345kV Substation,CHGE,Energy Storage,150.0,150.0,150.0,2024-08-09,Active,2028-12-01,,,,,,2025-10-31 00:00:00,,,,
C24-088,Arch 3,,Orange,NY,Rock Tavern 345kV Substation,CHGE,Energy Storage,100.0,100.0,100.0,2024-08-09,Active,2028-12-01,,,,,,2025-10-31 00:00:00,,,,
C24-093,Alcazar 1,,Ulster,NY,Hurley 345kV Substation,CHGE,Energy Storage,100.0,100.0,100.0,2024-08-22,Active,2028-12-01,,,,,,2025-02-28 00:00:00,,,,
C24-094,Alcazar 2,,Ulster,NY,Hurley 345kV Substation,CHGE,Energy Storage,150.0,150.0,150.0,2024-08-22,Active,2028-12-01,,,,,,2025-02-28 00:00:00,,,,
C24-097,Basecamp BESS,,Chautauqua,NY,Laona Station 115kV,NM-NG,Energy Storage,170.0,170.0,170.0,2024-08-26,Active,2029-02-01,,,,,,2025-12-31 00:00:00,,,,
C24-098,Farmhouse BESS,,Orange,NY,Roseton 345 kV Substation,CHGE,Energy Storage,150.0,150.0,150.0,2024-08-26,Active,2029-06-01,,,,,,2025-12-31 00:00:00,,,,
C24-104,Horseblock Energy Storage,,Suffolk,NY,West Yaphank 69kV Substation,LIPA,Energy Storage,100.0,100.0,100.0,2024-08-27,Active,2028-06-01,,,,,,2025-12-31 00:00:00,,,,
C24-108,NY125C - Little Salmon Solar,,Franklin,NY,345kV Line HW1 Haverstock - WIllis,NYPA,Solar,200.0,200.0,200.0,2024-08-29,Active,2028-12-01,,,,,,2026-01-31 00:00:00,,,,
C24-111,Fort Edward Solar Farm (NY53),,Washington,NY,Mohican to Battenkill 115 kV Line #15,NM-NG,Solar,100.0,100.0,100.0,2024-08-29,Active,2027-12-01,,,,,,2025-11-30 00:00:00,,,,
C24-125,Town Line Solar Phase II,,Sullivan,NY,Coopers Corner to Middletown Tap 345 kV Line,NYPA,,60.0,60.0,60.0,2024-09-05,Active,2030-05-01,,,,,,2025-12-31 00:00:00,,,,
C24-129,Buffalo Road Energy Storage,,Niagara,NY,Dupont to Packard 115 kV Line #184,NM-NG,Energy Storage,100.0,100.0,100.0,2024-09-05,Active,2028-12-01,,,,,,2026-02-28 00:00:00,,,,
C24-130,Elevate Bethlehem,,Albany,NY,Albany Steam 115 kV Substation,NM-NG,Energy Storage,120.0,120.0,120.0,2024-09-05,Active,2028-06-01,,,,,,2025-11-30 00:00:00,,,,
C24-131,Elevate Arthur Kill II,,Richmond,NY,Fresh Kills 345 kV substation,ConEd,Energy Storage,180.0,180.0,180.0,2024-09-05,Active,2028-06-01,,,,,,2025-11-30 00:00:00,,,,
C24-135,Cayuga Solar,,Tompkins,NY,Milliken 115 kV Substation,NYSEG,Solar,60.0,60.0,60.0,2024-09-06,Active,2028-12-01,,,,,,2025-12-31 00:00:00,,,,
C24-138,Marathon BESS,,Suffolk,NY,Greenlawn 138kV,LIPA,Energy Storage,135.0,135.0,135.0,2024-09-06,Active,2028-02-01,,,,,,2026-01-31 00:00:00,,,,
C24-139,Valcour Storage,,Clinton,NY,Patnode 230 kV substation,NYPA,Energy Storage,150.0,150.0,150.0,2024-09-09,Active,2028-12-01,,,,,,2025-12-31 00:00:00,,,,
C24-148,Willard Storage,,Rensselaer,NY,Eastover 115kV,NM-NG,Energy Storage,300.0,300.0,300.0,2024-09-10,Active,2028-12-01,,,,,,2026-01-31 00:00:00,,,,
C24-154,Sandlot IFB,,Suffolk,NY,Deposit - Indian Head 69 kV Line,LIPA,Energy Storage,50.0,50.0,50.0,2024-09-11,Active,2028-02-01,,,,,,2026-01-31 00:00:00,,,,
C24-162,Ramadi Utility Storage,,Suffolk,NY,William Floyd to West Yaphank 69kV,LIPA,Energy Storage,140.0,140.0,140.0,2024-09-13,Active,2028-04-01,,,,,,2025-12-31 00:00:00,,,,
C24-163,Porter Energy Storage,,Essex,NY,Hague Road to Ticonderoga 115 kV line 4,NM-NG,Energy Storage,50.0,50.0,50.0,2024-09-15,Active,2028-12-01,,,,,,2026-01-31 00:00:00,,,,
C24-165,KCE NY 38,,Columbia,NY,Churchtown 115 kV Substation,Transco,Energy Storage,250.0,250.0,250.0,2024-09-16,Active,2029-12-01,,,,,,2025-12-31 00:00:00,,,,
C24-167,KCE NY 37,,Suffolk,NY,Sills Rd - Brookhaven 138 kV line,LIPA,Energy Storage,150.0,150.0,150.0,2024-09-16,Active,2029-12-01,,,,,,2025-12-31 00:00:00,,,,
C24-173,KCE NY 34,,Ulster,NY,Saugerties 69 kV,CHGE,Energy Storage,100.0,100.0,100.0,2024-09-17,Active,2029-12-01,,,,,,2025-12-31 00:00:00,,,,
C24-175,Stargazer I,,McKean,PA,Homer City to Pierce Brook 345 kV Line,NYSEG,,325.0,325.0,325.0,2024-09-17,Active,2029-07-01,,,,,,2025-12-31 00:00:00,,,,
C24-176,Stargazer II,,McKean,PA,Homer City to Pierce Brook 345 kV Line,NYSEG,,325.0,325.0,325.0,2024-09-17,Active,2029-07-01,,,,,,2025-12-31 00:00:00,,,,
C24-178,Gowanus Energy Storage,,Kings,NY,Gowanus 138kV Substation,ConEd,Energy Storage,150.0,150.0,150.0,2024-09-17,Active,2028-06-01,,,,,,2026-01-31 00:00:00,,,,
C24-182,Southern Tier Energy Center,,Tioga,NY,Oakdale 130755 - Watercure 130757 345 kV line,NYSEG,Energy Storage,200.0,200.0,200.0,2024-09-17,Active,2029-12-01,,,,,,2025-02-28 00:00:00,,,,
C24-183,East Setauket Storage II,,Suffolk,NY,Holbrook - North Shore Beach 138kV,LIPA,Energy Storage,248.0,248.0,248.0,2024-09-17,Active,2029-12-01,,,,,,2026-01-31 00:00:00,,,,
C24-189,North Country Wind,,Franklin and Clinton,NY,Willis 230kV substation,NYPA,Wind,380.0,380.0,380.0,2024-09-18,Active,2029-06-01,,,,,,2025-02-28 00:00:00,,,,
C24-190,North Country Wind II,,Franklin and Clinton,NY,Willis-Haverstock 345kV HW1,NYPA,Wind,380.0,380.0,380.0,2024-09-18,Active,2029-06-01,,,,,,2025-02-28 00:00:00,,,,
C24-202,Brusselville Solar Energy Center,,Genesee,NY,Dysinger-New Rochester 345kV Line (DH2),NYPA,,170.0,170.0,170.0,2024-09-19,Active,2030-12-01,,,,,,2025-08-31 00:00:00,,,,
C24-205,Wheelhouse Energy Storage,,Schoharie,NY,Edic - Princetown Line #352,NYPA,Energy Storage,200.0,200.0,200.0,2024-09-19,Active,2030-12-01,,,,,,2025-02-28 00:00:00,,,,
C24-207,Trelina Energy Storage,,"Seneca, Ontario",NY,Border City to Station 168 115 kV,NYSEG,Energy Storage,120.0,120.0,120.0,2024-09-19,Active,2030-12-01,,,,,,2025-02-28 00:00:00,,,,
C24-217,Bay Breeze solar,,Jefferson,NY,North Watertown (Lyme Junction)-Lyme Line 13 115 kV,NM-NG,Solar,150.0,150.0,150.0,2024-09-20,Active,2029-12-01,,,,,,2026-01-31 00:00:00,,,,
C24-224,Cohocton,,Steuben,NY,Bath - Spencer Hill (Howard) 115 kV,NYSEG,,130.0,130.0,130.0,2024-09-20,Active,2029-10-01,,,,,,2025-12-31 00:00:00,,,,
C24-225,Goldenrod Wind,,Chautauqua,NY,Moon Road-Hartfield 115kV Line159,NM-NG,Wind,39.0,39.0,39.0,2024-09-20,Active,2029-12-01,,,,,,2025-12-31 00:00:00,,,,
C24-230,Dewdrop Wind,,Chautauqua,NY,South Ripley Substation -Dunkirk Substation 230kV,NM-NG,Wind,62.0,62.0,62.0,2024-09-21,Active,2029-12-01,,,,,,2025-12-31 00:00:00,,,,
C24-233,Shallow Seam BESS,,Clearfield,PA,Homer City - Mainesburg 345kV Line (L47),NYSEG,Energy Storage,400.0,400.0,400.0,2024-09-22,Active,2029-03-01,,,,,,2025-11-30 00:00:00,,,,
C24-238,Zenobe Burns LLC,,Allegany,NY,Moraine Rd 115kV Substation,NYSEG,Energy Storage,100.0,100.0,100.0,2024-09-23,Active,2028-07-01,,,,,,2025-12-31 00:00:00,,,,
C24-253,Troy Heights Energy Storage,,Tompkins,NY,Coddington Substation 34.5 kV,NYSEG,Energy Storage,40.0,40.0,40.0,2024-09-23,Active,2028-12-01,,,,,,2026-02-28 00:00:00,,,,
C24-281,Brentwood Energy Storage,,Suffolk,NY,Brentwood 69 kV Substation,LIPA,Energy Storage,49.1,49.1,49.1,2024-09-25,Active,2028-08-01,,,,,,2025-03-31 00:00:00,,,,
C24-283,Resilient New York Energy Storage,,Richmond,NY,Goethals 345 kV,ConEd,Energy Storage,349.0,349.0,349.0,2024-09-25,Active,2028-12-01,,,,,,2026-03-31 00:00:00,,,,
C24-284,South Bronx Energy Storage,,Bronx,NY,Hell Gate 138 kV Substation,NYPA,Energy Storage,100.0,100.0,100.0,2024-09-25,Active,2030-12-01,,,,,,2026-01-31 00:00:00,,,,
C24-293,Oswego Clean Energy,,Oswego,NY,Oswego 115 kV Substation,NM-NG,Solar,24.9,24.9,24.9,2024-09-27,Active,2026-12-01,,,,,,2025-06-30 00:00:00,,,,
C24-300,Kimberlite Solar,,Clearfield,PA,Homer City - Mainesburg 345kV Line (L47),NYSEG,Solar,175.0,175.0,175.0,2024-09-30,Active,2029-03-01,,,,,,2025-02-28 00:00:00,,,,
C24-301,Moonlight Flats Solar,,Clearfield,PA,Homer City 345 kV to Mainesburg 345 kV L47,NYSEG,Solar,250.0,250.0,250.0,2024-09-30,Active,2029-03-01,,,,,,2025-02-28 00:00:00,,,,
C24-304-004,NY Chateaugay 0 Willis Rd Storage,,Franklin,NY,Willis 230kV substation,NYPA,Energy Storage,150.0,150.0,150.0,2024-10-01,Active,2028-04-01,,,,,,2026-01-31 00:00:00,,,,
C24-317,Leo Energy Storage,,Clinton,NY,Lyon Mountain 115 kV Substation,NYSEG,Energy Storage,75.0,75.0,75.0,2024-10-03,Active,2028-12-01,,,,,,2026-01-31 00:00:00,,,,
C24-318,Sherburne Storage,,Chenango,NY,County Line 46 kV Substation,NYSEG,Energy Storage,40.0,40.0,40.0,2024-10-04,Active,2028-12-01,,,,,,2026-02-28 00:00:00,,,,
C24-321,Jericho Solar,,Franklin,NY,NYPA's Willis Sub @115kV,NYPA,Solar,100.0,100.0,100.0,2024-10-07,Active,2029-10-01,,,,,,2025-11-30 00:00:00,,,,
C24-324,Overlook Storage,,Dutchess,NY,Pleasant Valley - Todd Hill 115 kV,CHGE,Energy Storage,199.0,199.0,199.0,2024-10-08,Active,2028-12-01,,,,,,2026-01-31 00:00:00,,,,
C24-326,Lockport Storage,,Niagara,NY,Robinson Road 230 kV,NYSEG,Energy Storage,180.0,180.0,180.0,2024-10-08,Active,2028-12-01,,,,,,2026-01-31 00:00:00,,,,
C24-331,Hell Gate Energy Storage,,Bronx,NY,Hell Gate 138kV,NYPA,Energy Storage,90.0,90.0,90.0,2024-10-09,Active,2028-12-01,,,,,,2025-03-31 00:00:00,,,,
C24-333,Pouch Energy Storage System,,Kings,NY,Fox Hills 138kV Substation,ConEd,Energy Storage,47.1,47.1,47.1,2024-10-09,Active,2028-12-01,,,,,,2025-03-31 00:00:00,,,,
C24-336,Mill Point Solar II,,Montgomery,NY,"Marcy - New Scotland 345kV, Line 18",NM-NG,,100.0,100.0,100.0,2024-10-10,Active,2028-12-01,,,,,,2025-12-31 00:00:00,,,,
C24-337,Aria Storage 1,,Dutchess,NY,East Fishkill 345 kV substation,ConEd,Energy Storage,100.0,100.0,100.0,2024-10-10,Active,2028-12-01,,,,,,2025-02-28 00:00:00,,,,
C24-338,Aria Storage 2,,Dutchess,NY,East Fishkill 345 kV,ConEd,Energy Storage,150.0,150.0,150.0,2024-10-10,Active,2028-12-01,,,,,,2025-02-28 00:00:00,,,,
C24-341,Marlboro Storage,,Ulster,NY,Marlboro 115kV Substation,CHGE,Energy Storage,100.0,100.0,100.0,2024-10-10,Active,2028-12-01,,,,,,2026-01-31 00:00:00,,,,
C24-352,Swiss Valley Energy Storage,,Wyoming,NY,Wethersfield 230 kV Substation,NYSEG,Energy Storage,300.0,300.0,300.0,2024-10-15,Active,2029-12-01,,,,,,2025-02-28 00:00:00,,,,
C24-358,Sugar Loaf Energy Storage I,,Orange,NY,Sugarloaf 138 kV Substation,O&R,Energy Storage,300.0,300.0,300.0,2024-10-15,Active,2029-12-01,,,,,,2025-02-28 00:00:00,,,,
C24-362,Amsterdam Solar,,Montgomery,NY,"Edic - Gordon Road 345 kV, Line 14",NM-NG,Solar,150.0,150.0,150.0,2024-10-15,Active,2028-07-01,,,,,,2025-12-31 00:00:00,,,,
C24-363,Town Line Solar CSR Phase I,,Sullivan,NY,Coopers Corner to Middletown Tap 345 kV Line,NYPA,,240.0,240.0,240.0,2024-10-15,Active,2030-05-01,,,,,,2025-12-31 00:00:00,,,,
C24-364,Erie Canal BESS,,Niagara,NY,Robinson Road 115 kV,NYSEG,Energy Storage,230.0,230.0,230.0,2024-10-15,Active,2029-02-01,,,,,,2026-01-31 00:00:00,,,,
C24-366,Azalea Wind 1,,Schuyler,NY,Montour Falls to Coddington Road 115kV,NYSEG,Wind,50.0,50.0,50.0,2024-10-15,Active,2029-12-01,,,,,,2025-02-28 00:00:00,,,,
C24-370,Azalea Wind 2,,Schuyler,NY,Montour Falls to Coddington Road 115kV,NYSEG,Wind,50.0,50.0,50.0,2024-10-15,Active,2029-12-01,,,,,,2025-02-28 00:00:00,,,,
CR24-1002,"West Babylon Internal Combustion (IC), Unit 4",,Suffolk,NY,West Babylon 13.8 kV,LIPA,,0.0,,,2024-09-27,Active,,,,,,,2025-02-28 00:00:00,,,,
CR24-1003,Bethlehem Energy Center Uprate,,Albany,NY,Albany Steam 115 kV,NM-NG,Natural Gas,0.0,,,2024-10-04,Active,2026-06-01,,,,,,2025-06-30 00:00:00,,,,
CR24-1004,Arthur Kill Unit 2 Uprate,,Richmond,NY,Freshkills 138kV,ConEd,Natural Gas,0.0,,,2024-10-04,Active,,,,,,,2025-06-30 00:00:00,,,,
0005,Torne Valley Station,Sithe Energies,,NY,Ramapo,CONED,,860.0,860,,1999-01-28,Withdrawn,,,,,,,,,0.0,,
0006,Sunset Energy Fleet,Sunset Energy Fleet LLC,,NY,Gowanus,CONED,,520.0,520,,1999-02-17,Withdrawn,,,,,,,,,0.0,,
0007,Ramapo Energy,American National Power,,NY,Ramapo,CONED,,1100.0,1100,,1999-02-23,Withdrawn,,,,,,,,,0.0,,
0008,Grassy Point,Columbia Electric Corp.,,NY,West Haverstraw,CONED,,1100.0,1100,,1999-02-23,Withdrawn,,,,,,,,,0.0,,
0009,Millennium 1,Millennium Power Gen Co. LLC,,NY,Hell Gate/Bruckner,CONED,,160.0,160,,1999-02-23,Withdrawn,,,,,,,,,0.0,,
0010,Millennium 2,Millennium Power Gen Co. LLC,,NY,Hell Gate/Bruckner,CONED,,320.0,320,,1999-02-23,Withdrawn,,,,,,,,,0.0,,
0012,East Coast Power Linden,"East Coast Power, LLC",Richmond-NJ,NY,Goethals 345kV,CONED,Steam Turbine,70.0,70,,1999-03-25,Withdrawn,,2008-07-10 00:00:00,,,,,,J,0.0,,
0013,Linden 7,"East Coast Power, LLC",Richmond-NJ,NY,Goethals 345kV,CONED,Steam Turbine,100.0,100,,1999-03-25,Withdrawn,,2008-07-10 00:00:00,,,,,,J,0.0,,
0014,Linden Plant Improvement,"East Coast Power, LLC",Richmond-NJ,NY,Goethals 345kV,CONED,Steam Turbine,20.0,20,,1999-03-25,Withdrawn,,2008-07-10 00:00:00,,,,,,J,0.0,,
0015,CT-LI AC Tie-line,AEP Resources Service Corp.,,NY,"Shoreham, Long Island",LIPA,,600.0,600,,1999-04-13,Withdrawn,,,,,,,,,0.0,,
0016,Oak Point Yard,"Oak Point Property, LLC",Bronx,NY,Hell Gate/Bruckner 138kV,CONED,Combined Cycle,500.0,500,,1999-04-15,Withdrawn,,2008-07-10 00:00:00,,,,,,J,0.0,,
0019,NYC Energy LLC,NYC Energy LLC,Kings,NY,Kent Ave 138kV,CONED,Combustion Turbine,79.9,79.9,,1999-05-07,Withdrawn,,2010-09-30 00:00:00,,,,,,J,0.0,,
0020,Spagnoli Road CC Unit,"KeySpan Energy, Inc.",Suffolk,NY,Spagnoli Road 138kV,LIPA,Combined Cycle,250.0,250,,1999-05-17,Withdrawn,,2012-03-01 00:00:00,,,,,,K,0.0,,
0021,Shoreham Gen Station,"KeySpan Energy, Inc.",,NY,Shoreham,LIPA,,250.0,250,,1999-05-17,Withdrawn,,,,,,,,,0.0,,
0022,Wawayanda Energy Center,Calpine Eastern Corporation,Orange,NY,Coop Corn-Rock Tav Lines 345kV,NYPA,Combined Cycle,500.0,500,,1999-06-10,Withdrawn,,2006-06-26 00:00:00,,,,,,,0.0,,
0023,Sullivan County Power Project,Calpine Eastern Corporation,Sullivan,NY,Coop Corn-Rock Tav Lines 345kV,NYPA,Combined Cycle,1080.0,1080,,1999-06-25,Withdrawn,,2006-03-31 00:00:00,,,,,,,0.0,,
0024,Astoria Repowering-Phase 1,Reliant Energy,Queens,NY,Astoria 138kV,CONED,Combined Cycle,367.0,367,,1999-07-13,Withdrawn,,2006-08-09 00:00:00,,,,,,,0.0,,
0026,Twin Tier Power,"Twin Tier Power, LLC",,NY,Watercure-Oakdale 31 Line,NYSEG,,520.0,520,,1999-08-20,Withdrawn,,,,,,,,,0.0,,
0027,Far Rockaway Barge,ENRON,,NY,Far Rockaway,LIPA,,60.0,60,,1999-09-08,Withdrawn,,,,,,,,,0.0,,
0028,Spagnoli Road GT Unit,"KeySpan Energy, Inc.",,NY,Spagnoli Road,LIPA,,79.9,79.9,,1999-09-08,Withdrawn,,,,,,,,,0.0,,
0029,Bowline Point Unit 3,Mirant,Rockland,NY,W. Haverstraw 345kV,CONED,Combined Cycle,750.0,750,,1999-10-13,Withdrawn,,2006-07-10 00:00:00,,,,,,,0.0,,
0030,Heritage Station,Sithe Energies,,NY,Independence (Oswego),NM-NG,,800.0,800,,1999-10-29,Withdrawn,,,,,,,,,0.0,,
0031,Astoria Energy - Phase 2,"SCS Energy, LLC",Queens,NY,Astoria 138kV,CONED,Natural Gas,500.0,500,,1999-11-16,Withdrawn,,2023-05-31 00:00:00,,,,,,J,0.0,,
0032,Brookhaven Energy,American National Power,Suffolk,NY,Holbrook-Brookhaven 138kV,LIPA,Combined Cycle,580.0,580,,1999-11-22,Withdrawn,,,,,,,,,0.0,,
0033,Glenville Energy Park,"Glenville Energy Park, LLC",Schenectady,NY,Rotterdam 230kV,NM-NG,Combined Cycle,540.0,540,,1999-11-30,Withdrawn,,2008-07-10 00:00:00,,,,,,F,0.0,,
0034,North First Street,York Research Corp.,,NY,Con Ed System,CONED,,500.0,500,,2000-01-11,Withdrawn,,,,,,,,,0.0,,
0035,Gotham Power - Bronx I,"Gotham Power Zerega, LLC",Bronx,NY,Parkchester/Tremont 138kV,CONED,Combustion Turbine,79.9,79.9,,2000-01-12,Withdrawn,,2008-07-10 00:00:00,,,,,,J,0.0,,
0036,Project Neptune DC NB-NYC,"Boundless Energy, LLC",Kings,NY,Farragut 345kV,CONED,DC Transmission,1200.0,1200,,2000-01-21,Withdrawn,,2008-07-10 00:00:00,,,,,,J,0.0,,
0037,Kitchen,"Caithness Energy, LLC",,NY,Riverh'd-Brookh'n-Holb'k,LIPA,,750.0,750,,2000-01-28,Withdrawn,,,,,,,,,0.0,,
0038,Far Rochaway Gen Ext.,"KeySpan Energy, Inc.",,NY,Far Rockaway,LIPA,,79.0,79,,2000-02-01,Withdrawn,,,,,,,,,0.0,,
0039,E. F. Barrett Gen Ext,"KeySpan Energy, Inc.",,NY,Barrett,LIPA,,79.0,79,,2000-02-01,Withdrawn,,,,,,,,,0.0,,
0040,Riverhead Gen Station,"KeySpan Energy, Inc.",,NY,Riverhead,LIPA,,79.0,79,,2000-02-01,Withdrawn,,,,,,,,,0.0,,
0041,Southampton Gen Ext.,"KeySpan Energy, Inc.",,NY,Southampton,LIPA,,79.0,79,,2000-02-01,Withdrawn,,,,,,,,,0.0,,
0042,Holbrook Energy,"PP&L Global, Inc.",,NY,Holbrook,LIPA,,300.0,300,,2000-02-01,Withdrawn,,,,,,,,,0.0,,
0043,PPL Kings Park,"PP&L Global, Inc.",,NY,Pilgrim,LIPA,,300.0,300,,2000-02-01,Withdrawn,,,,,,,,,0.0,,
0044,Ruland Energy,"PP&L Global, Inc.",,NY,Ruland Road,LIPA,,300.0,300,,2000-02-01,Withdrawn,,,,,,,,,0.0,,
0045,Freeport Energy,"PP&L Global, Inc.",,NY,Freeport,LIPA,,100.0,100,,2000-02-01,Withdrawn,,,,,,,,,0.0,,
0046,Brookhaven Energy,"PP&L Global, Inc.",,NY,Brookhaven,LIPA,,300.0,300,,2000-02-03,Withdrawn,,,,,,,,,0.0,,
0047,GenPower DC Tie-line,"GenPower, LLC",,NY,West 49th Sreet,CONED,,800.0,800,,2000-02-09,Withdrawn,,,,,,,,,0.0,,
0048,PPL Kings Park Ext.,"PP&L Global, Inc.",,NY,Pilgrim,LIPA,,300.0,300,,2000-02-10,Withdrawn,,,,,,,,,0.0,,
0049,Brookhaven Energy Ext.,"PP&L Global, Inc.",,NY,Brookhaven,LIPA,,300.0,300,,2000-02-10,Withdrawn,,,,,,,,,0.0,,
0050,AES Smithtown Gen,"AES Long Island, LLC",,NY,LIPA System,LIPA,,510.0,510,,2000-02-10,Withdrawn,,,,,,,,,0.0,,
0051,Wading River Gen Ext.,"KeySpan Energy, Inc.",,NY,Wading River,LIPA,,150.0,150,,2000-02-15,Withdrawn,,,,,,,,,0.0,,
0052,Fort Drum Gen Exp.,NIMO/Black River Power,,NY,Fort Drum,NM-NG,,50.0,50,,2000-03-06,Withdrawn,,,,,,,,,0.0,,
0053,"CT-Ruland, LI DC Tie","TransEnergie US, Ltd",,NY,Ruland Road,LIPA,,300.0,300,,2000-03-07,Withdrawn,,,,,,,,,0.0,,
0054,"CT-Pilgrim, LI DC Tie","TransEnergie US, Ltd",,NY,Pilgrim,LIPA,,300.0,300,,2000-03-07,Withdrawn,,,,,,,,,0.0,,
0056,Gotham Power/Brooklyn,1st Rochdale Coop Group,,NY,Kent Ave,CONED,,79.0,79,,2000-03-17,Withdrawn,,,,,,,,,0.0,,
0057,Flat Rock Windpower,"Flat Rock Windpower, LLC",,NY,Lowville-Boonville,NM-NG,Wind,100.0,100,,2000-03-21,Withdrawn,,,,,,,,,0.0,,
0058,Lovett #3 Repowering,Mirant,,NY,Lovett,CONED,,180.0,180,,2000-03-23,Withdrawn,,,,,,,,,0.0,,
0059,Hillburn Unit #2,Mirant,,NY,Hillburn,CONED,,79.9,79.9,,2000-03-23,Withdrawn,,,,,,,,,0.0,,
0060,Hillburn #2 Conversion,Mirant,,NY,Hillburn,CONED,,40.0,40,,2000-03-23,Withdrawn,,,,,,,,,0.0,,
0061,Greenpoint Energy Park,"GTM Energy, LLC",,NY,Rainey-Farragut Lines,CONED,,500.0,500,,2000-04-19,Withdrawn,,,,,,,,,0.0,,
0062,Project Orange,"Project Orange Associates, LP",,NY,Temple St.,NM-NG,,420.0,420,,2000-05-08,Withdrawn,,,,,,,,,0.0,,
0063,LSA Station A,"Lewis Staley Associates, Inc.",,NY,Homer City-Stolle Rd Line,NYSEG,,650.0,650,,2000-05-11,Withdrawn,,,,,,,,,0.0,,
0064,LSA Station B,"Lewis Staley Associates, Inc.",,NY,Dunkirk-Gardenville Line,NM-NG,,600.0,600,,2000-05-12,Withdrawn,,,,,,,,,0.0,,
0065,Lockport II Gen Station,Fortistar-Lockport Merchant,Niagara,NY,Harrison Station 115kV,NYSEG,Combustion Turbine,79.9,79.9,,2000-05-15,Withdrawn,,2008-07-10 00:00:00,,,,,,A,0.0,,
0067,Wallkill Energy,"Titan Development, LLC",,NY,Coop Corn-Rock Tav Lines,NYPA,,1080.0,1080,,2000-06-21,Withdrawn,,,,,,,,,0.0,,
0068,Ruland Energy Ext.,"PP&L Global, Inc.",,NY,Ruland Road,LIPA,,300.0,300,,2000-06-23,Withdrawn,,,,,,,,,0.0,,
0070,Astoria Repowering-Phase 2,Reliant Energy,Queens,NY,Astoria 138kV,CONED,Combustion Turbine,173.0,173,,2000-08-18,Withdrawn,,2006-08-09 00:00:00,,,,,,,0.0,,
0071,Mill Creek Wind Plant,"Mill Creek Wind Plant, LLC",,NY,Lowville,NM-NG,,50.0,50,,2000-09-08,Withdrawn,,,,,,,,,0.0,,
0072,Island Gen. Station,"Fortistar Power Marketing, LLC",,NY,Fresh Kills,CONED,,79.9,79.9,,2000-09-08,Withdrawn,,,,,,,,,0.0,,
0073,Island Gen. Station #2,"Fortistar Power Marketing, LLC",,NY,Fresh Kills,CONED,,500.0,500,,2000-09-08,Withdrawn,,,,,,,,,0.0,,
0074,Oceanside Energy Center,"FPL Energy, LLC",,NY,Barrett,LIPA,,330.0,330,,2000-10-10,Withdrawn,,,,,,,,,0.0,,
0075,Gotham Power - Bronx II,1st Rochdale Coop Group,,NY,Hell Gate/Bruckner,CONED,,79.0,79,,2000-10-17,Withdrawn,,,,,,,,,0.0,,
0076,Waterford,Calpine Eastern Corporation,Saratoga,NY,NM-NG 230 or 115 kV,NM-NG,Combustion Turbine,530.0,530,,2000-10-30,Withdrawn,,2019-03-06 00:00:00,,,,,,,0.0,,
0077,Dover Energy,"Titan Development, LLC",,NY,Pl. Valley-Long Mt. Tie-Line,CONED,,1000.0,1000,,2000-11-17,Withdrawn,,,,,,,,,0.0,,
0078,Ravenswood Repower Ph I,KeySpan Ravenswood,,NY,Vernon,CONED,,440.0,440,,2000-12-04,Withdrawn,,,,,,,,,0.0,,
0086,Berrians GT Replacement,"NRG/ Berrians I GT Power, LLC",,NY,Astoria,CONED,,79.9,79.9,,2001-01-15,Withdrawn,,,,,,,,,0.0,,
0087,Buchanan Energy,"Titan Development, LLC",,NY,Buchanan,CONED,,500.0,500,,2001-02-26,Withdrawn,,,,,,,,,0.0,,
0088,Halfmoon Energy,"Titan Development, LLC",,NY,Rotterdam-Bear Swamp line,NM-NG,,500.0,500,,2001-02-26,Withdrawn,,,,,,,,,0.0,,
0089A,Neptune DC PJM-NYC,"Atlantic Energy, LLC",,NY,W49th St,CONED,,600.0,600,,2001-03-15,Withdrawn,,,,,,,,,0.0,,
0089B,Neptune DC PJM-NYC,"Atlantic Energy, LLC",,NY,W49th St,CONED,,600.0,600,,2001-03-15,Withdrawn,,,,,,,,,0.0,,
0090,Fortistar VP,"Fortistar, LLC",Richmond,NY,Fresh Kills 138kV,CONED,Combustion Turbine,79.9,79.9,,2001-03-20,Withdrawn,,2009-05-27 00:00:00,,,,,,J,0.0,,
0091,Fortistar VAN,"Fortistar, LLC",Richmond,NY,Goethals/Fresh Kills 138kV,CONED,Combustion Turbine,79.9,79.9,,2001-03-20,Withdrawn,,2009-05-27 00:00:00,,,,,,J,0.0,,
0092,Redhook Energy,Amerada Hess Corp.,,NY,ConEd 138 kV (tbd),CONED,,79.9,79.9,,2001-05-01,Withdrawn,,,,,,,,,0.0,,
0093,Cross Hudson Project,"In-City I, LLC",NY,NY,W49th Street 345kV,CONED,Combined Cycle,550.0,550,,2001-05-11,Withdrawn,,2007-08-23 00:00:00,,,,,,,0.0,,
0096,"CPN 3rd Turbine, Inc. (JFK)",Calpine Eastern Corporation,Queens,NY,Jamaica 138kV,CONED,Combustion Turbine,45.0,45,,2001-05-29,Withdrawn,,2008-07-10 00:00:00,,,,,,J,0.0,,
0097,South Glens Falls Expansion,NYSEG Solutions,,NY,Mohican-Butler#18 line,NM-NG,,40.0,40,,2001-06-15,Withdrawn,,,,,,,,,0.0,,
0098,PJM-NY City HVDC,TransEnergie US Ltd.,,NY,W49th St and/or Farragut,CONED,,990.0,990,,2001-06-22,Withdrawn,,,,,,,,,0.0,,
0100,Blooming Grove Power,"Titan Development, LLC",,NY,Rock Tavern-Ramapo line,CONED,,500.0,500,,2001-07-02,Withdrawn,,,,,,,,,0.0,,
0101,NU CT-LI HVDC Cable,Northeast Utilities Service Co.,,NY,Shore Road,LIPA,,660.0,660,,2001-07-13,Withdrawn,,,,,,,,,0.0,,
0102,Indian Point Energy Center,Entergy Power Gen. Corp.,Westchester,NY,Buchanan 345kV,CONED,Combustion Turbine,400.0,400,,2001-07-23,Withdrawn,,,,,,,,,0.0,,
0103,Niagara Reinforcement Inter.,"Pegasus Trans. Co., Ltd.",Oneida-NY,NY,"Marcy,Edic,Porter - W49th St.",NYPA/NM/CE,DC Transmission,1200.0,1200,,2001-08-15,Withdrawn,,,,,,,,,0.0,,
0104,Jupiter PJM-NYC Cable,"PG&E/Liberty Gen. Co., LLC",,NY,W49th St or Farragut,CONED,,1200.0,1200,,2001-08-24,Withdrawn,,,,,,,,,0.0,,
0105,Titan Smith Street,Calpine Eastern Corporation,Kings,NY,Gowanus 138 or 345 kV,CONED,Combustion Turbine,79.9,79.9,,2001-10-05,Withdrawn,,2019-03-06 00:00:00,,,,,,,0.0,,
0106,TransGas Energy,"TransGas Energy, LLC",Kings,NY,"E13St, Rainey, or Farragut-345kV",CONED,Combined Cycle,1100.0,1100,,2001-10-05,Withdrawn,,2012-03-01 00:00:00,,,,,,J,0.0,,
0108,SE Long Island,Sempra Generation,Suffolk,NY,Shoreham-Holbrook lines 138kV,LIPA,Combustion Turbine,575.0,575,,2001-11-29,Withdrawn,,,,,,,,,0.0,,
0109,Maspeth,Calpine Eastern Corporation,,NY,Vernon-Glendale line,CONED,,79.9,79.9,,2002-01-25,Withdrawn,,,,,,,,,0.0,,
0110,Liberty Generation,"PG&E/Liberty Gen. Co., LLC",Richmond-NJ,NY,Goethals 345kV,CONED,Combustion Turbine,400.0,400,,2002-02-04,Withdrawn,,2019-03-06 00:00:00,,,,,,,0.0,,
0111,River Hill Project,"River Hill Power Co., LLC",Chemung-PA,NY,Homer City-Watercure 345kV,NYSEG,Combustion Turbine,290.0,290,,2002-02-05,Withdrawn,,2008-07-10 00:00:00,,,,,,C,0.0,,
0112,PJM-Rainey HVDC,TransEnergie US Ltd.,Queens-NJ,NY,Rainey 345kV,CONED,DC Transmission,660.0,660,,2002-04-09,Withdrawn,,2006-05-31 00:00:00,,,,,,,0.0,,
0113,Prattsburgh Wind Park,"Windfarm Prattsburgh, LLC",Yates,NY,Eelpot Rd-Flat St. 115kV,NYSEG,Wind,55.5,55.5,,2002-04-22,Withdrawn,,2010-03-31 00:00:00,,,,,,C,0.0,,
0114,Cherry Valley Wind Park,"Global Winds Harvest, Inc.",,NY,East Springfield,NYSEG,,40.5,40.5,,2002-04-22,Withdrawn,,,,,,,,,0.0,,
0116,"Liberty Gen Co, LLC","PG&E/Liberty Gen. Co., LLC",,NY,Goethals,CONED,,600.0,600,,2002-04-29,Withdrawn,,,,,,,,,0.0,,
0117,Chautauqua Windpower,"Chautauqua Windpower, LLC",Chautauqua,NY,Dunkirk-S. Ripley 230kV,NM-NG,Wind,50.0,50,,2002-05-14,Withdrawn,,2007-03-27 00:00:00,,,,,,,0.0,,
0118,Prattsburgh Wind Park II,"Global Winds Harvest, Inc.",,NY,Eelpot Rd-Flat St. line,NYSEG,,75.0,75,,2002-05-15,Withdrawn,,,,,,,,,0.0,,
0119,Prattsburgh Wind Farm,"ECOGEN, LLC",Yates,NY,Eelpot Rd-Flat St. 115kV,NYSEG,Wind,78.2,78.2,,2002-05-20,Withdrawn,,2013-10-31 00:00:00,,,,,,C,0.0,,
0120,Springwater Wind Farm,"ECOGEN, LLC",,NY,Eelpot Rd,NYSEG,,79.5,79.5,,2002-05-20,Withdrawn,,,,,,,,,0.0,,
0124,Bay Energy Project,"Bay Energy, LLC",Kings,NY,Gowanus 138kV,CONED,Combustion Turbine,79.9,79.9,,2002-07-01,Withdrawn,,,,,,,,,0.0,,
0126,PJM-Newbridge Rd HVDC,TransEnergie US Ltd.,,NY,Newbridge Road 138kV,LIPA,DC Transmission,350.0,350,,2002-09-10,Withdrawn,,2006-05-31 00:00:00,,,,,,,0.0,,
0127,Northport-Norwalk Upgrade,KeySpan Energy for LIPA,,NY,Northport,LIPA,,150.0,150,,2002-09-19,Withdrawn,,,,,,,,,0.0,,
0127A,Munnsville - Phase 2,"Airtricity Munnsville Wind Farm, LLC",Madison,NY,46kV line,NYSEG,Wind,5.5,5.5,,2002-10-09,Withdrawn,,2023-05-31 00:00:00,,,,,,E,0.0,,
0128,Flat Rock Wind Power 230 kV,"Flat Rock Wind Power, LLC",,NY,Adirondack-Porter line,NM-NG,Wind,240.0,240,,2002-11-20,Withdrawn,,,,,,,,,0.0,,
0129,Empire Connection,"Conjunction, LLC",,NY,New Scotland / ConEd,NM-NG/CONED,DC Transmission,2000.0,2000,,2002-12-10,Withdrawn,,,,,,,,,0.0,,
0130,Grace Corona Generation,"Electrotek Concepts, Inc.",,NY,Corona,CONED,,79.9,79.9,,2003-01-14,Withdrawn,,,,,,,,,0.0,,
0131,Cody Road Wind Farm,"Green Power Energy, LLC",,NY,Oneida-Cortland line,NM-NG,Wind,10.5,10.5,,2003-03-05,Withdrawn,,,,,,,,,0.0,,
0132,Munnsville Windpower,"Airtricity Developments, LLC",,NY,NYSEG Ckt 806,NYSEG,Wind,40.0,40,,2003-05-11,Withdrawn,,,,,,,,,0.0,,
0134,PJM-Barrett HVDC,TransEnergie US Ltd.,,NY,Barrett 138 kV,LIPA,,650.0,650,,2003-05-21,Withdrawn,,,,,,,,,0.0,,
0137,Empire Connection DC,"Conjunction, LLC",,NY,"N. Scotland/Leeds, ConEd",NM/CONED,,2000.0,2000,,2003-06-16,Withdrawn,,,,,,,,,0.0,,
0140,Leeds-PV Reconductoring,National Grid,Greene-Dutchess,NY,Leeds/Athens-Pl. Valley 345kV,NM-NG,AC Transmission,0.0,,,2003-08-26,Withdrawn,,2008-07-10 00:00:00,,,,,,G,0.0,,
0141A,Bishop,Atlantic Renewable Energy Corp.,Livingston,NY,Springwater 34.5kV line,NYSEG,Wind,23.1,23.1,,2003-09-09,Withdrawn,,,,,,,,,0.0,,
0142,Steuben Wind,"EC&R Northeast, LLC",Steuben,NY,Bennett-Palmiter 115kV line,NYSEG,Wind,50.0,50,,2003-10-30,Withdrawn,,2010-06-04 00:00:00,,,,,,C,0.0,,
0147,West Hill Windfarm,"NY Windpower, LLC",Madison,NY,Oneida-Fenner 115kV,NM-NG,Wind,31.5,31.5,,2004-04-16,Withdrawn,,2012-08-31 00:00:00,,,,,,C,0.0,,
0148,Trigen-Nassau,"Trigen Nassau Gen Co., LLC",,NY,Uniondale Substation,LIPA,,79.9,79.9,,2004-05-18,Withdrawn,,,,,,,,,0.0,,
0150,Cherry Valley Wind Power,"Reunion Power, LLC",Ostego,NY,Marshville - Sharon 69kV,NM-NG,Wind,70.0,70,,2004-06-17,Withdrawn,,2010-03-31 00:00:00,,,,,,E,0.0,,
0151,West Side Switching Station,Con Edison,NY,NY,West 49th St & Farragut 345kV,CONED,AC Transmission,0.0,,,2004-06-30,Withdrawn,,2011-03-31 00:00:00,,,,,,J,0.0,,
0152,Moresville Energy Center,Moresville Energy LLC,Delaware,NY,Axtell Road-Grand Gorge 115kV,NYSEG,Wind,99.0,99,99,2004-07-23,Withdrawn,,2011-06-30 00:00:00,,,,,,E,0.0,,
0154,Holtsville-Brentwood-Pilgrim,KeySpan Energy for LIPA,Suffolk,NY,Holtsville & Pilgrim 138kV,LIPA,AC Transmission,0.0,,,2004-08-19,Withdrawn,,2017-02-28 00:00:00,,,,,,K,0.0,,
0155,Canisteo Hills Windfarm,"Invenergy NY, LLC",Steuben,NY,Bennett-Bath 115kV,NYSEG,Wind,148.5,148.5,,2004-09-17,Withdrawn,,2012-03-01 00:00:00,,,,,,C,0.0,,
0157,Orion Energy NY I,"BP Alternative Energy NA, Inc.",Herkimer,NY,Watkins Rd.-Inghams 115kV,NM-NG,Wind,100.0,100,100,2004-10-12,Withdrawn,,2012-03-01 00:00:00,,,,,,E,0.0,,
0158,Orion Energy NY II,"Orion Energy, LLC",Montgomery,NY,Inghams-Meco 115kV,NM-NG,Wind,100.0,100,100,2004-10-12,Withdrawn,,2019-01-06 00:00:00,,,,,,,0.0,,
0159,Orion Energy NY III,"Orion Energy, LLC",Clinton,NY,TBD,NYSEG,,150.0,150,,2004-10-12,Withdrawn,,,,,,,,,0.0,,
0160,Jericho Rise Wind Farm,"Jericho Rise Wind Farm, LLC",Franklin,NY,Willis 115 kV,NYPA,Wind,79.2,79.2,79.2,2004-10-12,Withdrawn,,2011-04-30 00:00:00,,,,,,D,0.0,,
0162,Niagara Windpower,"AES Somerset, LLC",Niagara,NY,Somerset Switch Yard,NYSEG,Wind,70.0,70,,2004-12-15,Withdrawn,,2019-08-05 00:00:00,,,,,,,0.0,,
0163,Paragon I Wind Generation,Clipper Windpower Dev. Co. Inc.,Steuben,NY,Bath-Montour Falls 115kV,NYSEG,Wind,100.0,100,100,2005-01-13,Withdrawn,,2008-08-19 00:00:00,,,,,,C,0.0,,
0164,Long Island Offshore Wind,FPL Energy,Suffolk,NY,Sterling Substation,LIPA,Wind,140.0,140,140,2005-01-28,Withdrawn,,2008-02-26 00:00:00,,,,,,,0.0,,
0165,Genesee Wind Farm,"UPC Wind Management, LLC",Genesee,NY,Batavia Substation 115kV,NM-NG,Wind,500.0,500,500,2005-01-31,Withdrawn,,2019-11-05 00:00:00,,,,,,,0.0,,
0166,St. Lawrence Wind Farm,"Cape Vincent Wind Power, LLC",Jefferson,NY,Rockledge Substation 115kV,NM-NG,Wind,75.9,75.9,75.9,2005-02-08,Withdrawn,,2014-02-28 00:00:00,,,,,,E,0.0,,
0167,St. Lawrence Wind Farm II,"AES NY Wind, LLC",Jefferson,NY,Lyme Substation,NM-NG,Wind,80.0,80,,2005-02-08,Withdrawn,,2019-06-05 00:00:00,,,,,,,0.0,,
0168,Dairy Hills Wind Farm,"Dairy Hills Wind Farm, LLC",Wyoming,NY,Stolle Rd.-Meyer 230kV,NYSEG,Wind,120.0,120,120,2005-02-08,Withdrawn,,2012-03-01 00:00:00,,,,,,C,0.0,,
0169,Alabama Ledge Wind Farm,"Alabama Ledge Wind Farm, LLC",Genesee,NY,Oakfield-Lockport 115kV,NM-NG,Wind,79.8,79.8,79.8,2005-02-08,Withdrawn,,2012-06-01 00:00:00,,,,,,B,0.0,,
0170,Machias Wind Farm,"Machias Wind Farm, LLC",Cattaraugus,NY,Homer Hill-Gardenville 115kV,NM-NG,Wind,90.0,90,90,2005-02-08,Withdrawn,,2006-10-11 00:00:00,,,,,,,0.0,,
0176,Wethersfield Windfield 115kV,"Noble Environmental Power, LLC",Wyoming,NY,Arcade Substation 115kV,Village of Arcade,Wind,129.0,129,129,2005-02-14,Withdrawn,,2006-07-18 00:00:00,,,,,,,0.0,,
0178,Allegany Windpark,"Noble Allegany Windpark, LLC",Cattaraugus,NY,Freedom Substation 115kV,Village of Arcade,Wind,100.5,100.5,100.5,2005-02-14,Withdrawn,,2010-06-28 00:00:00,,,,,,A,0.0,,
0179,Cherry Hill Windpark,"Noble Environmental Power, LLC",Franklin,NY,Nicholville-Malone 115kV,NYSEG,Wind,102.0,102,102,2005-02-14,Withdrawn,,2009-02-05 00:00:00,,,,,,E,0.0,,
0180,Buffalo Rd. Wind Farm,"Invenergy Wind, LLC",Wyoming,NY,Stolle Rd.-Meyer 230kV,NYSEG,Wind,165.0,165,165,2005-02-23,Withdrawn,,2007-01-09 00:00:00,,,,,,,0.0,,
0180A,Cody Rd,Green Power,Madison,NY,Fenner - Cortland 115kV,NM-NG,Wind,10.0,10,10,2005-03-17,Withdrawn,,2017-02-28 00:00:00,,,,,,C,0.0,,
0181,Cold Spring Wind,Everpower Global,Cattaraugus,NY,Falconer-Homer Hill 115kV,NM-NG,Wind,69.3,69.3,,2005-03-21,Withdrawn,,2019-09-05 00:00:00,,,,,,,0.0,,
0183,Buffalo Rd. Wind Farm II,"Invenergy Wind, LLC",Wyoming,NY,Batavia 115kV,NYSEG/NM-NG,Wind,165.0,165,165,2005-03-28,Withdrawn,,2019-12-05 00:00:00,,,,,,,0.0,,
0184,Ripley Hill,"Invenergy Wind, LLC",Onondaga,NY,Town of Spafford,NYSEG/NM-NG,Wind,75.9,75.9,,2005-03-28,Withdrawn,,2019-08-05 00:00:00,,,,,,,0.0,,
0186,Jordanville Wind,"Jordanville Wind, LLC",Herkimer,NY,Porter-Rotterdam 230kV,NM-NG,Wind,80.0,80,80,2005-04-01,Withdrawn,,2011-09-30 00:00:00,,,,,,E,0.0,,
0187,North Slope Wind,"North Slope Wind Farm, LLC",Clinton,NY,Willis-Plattsburgh 230kV,NYPA,Wind,109.5,109.5,109.5,2005-04-05,Withdrawn,,2009-02-05 00:00:00,,,,,,D,0.0,,
0188,Orangeville Wind,"NY Windpower, LLC",Wyoming,NY,115kV,NYSEG,Wind,96.0,96,,2005-04-05,Withdrawn,,2019-08-05 00:00:00,,,,,,,0.0,,
0189,Horse Creek Wind,"Atlantic Wind, LLC",Jefferson,NY,Coffeen St-Thousand Island 115kV,NM-NG,Wind,126.0,126,126,2005-04-08,Withdrawn,,2014-04-30 00:00:00,,,,,,E,0.0,,
0190,Mixer Road Wind,"PPM Energy, Inc.",Jefferson,NY,West Adams 115kV,NM-NG,Wind,66.0,66,66,2005-04-08,Withdrawn,,2006-10-11 00:00:00,,,,,,,0.0,,
0191,NY Regional,NY Regional,Oneida-Orange,NY,Edic - Rock Tavern,NM-NG/CH,DC Transmission,1200.0,1200,1200,2005-05-13,Withdrawn,,2009-04-08 00:00:00,,,,,,"E, G",0.0,,
0192,Orion Livingston,"Orion Energy, LLC",Livingston,NY,Stolle Rd.-Meyer 230kV,NYSEG,Wind,75.0,75,75,2005-05-17,Withdrawn,,2019-01-06 00:00:00,,,,,,,0.0,,
0193,Orion Wyoming,"Orion Energy, LLC",Wyoming,NY,South Perry 115kV,NYSEG,Wind,60.0,60,60,2005-05-17,Withdrawn,,2007-01-09 00:00:00,,,,,,,0.0,,
0194,Bayonne,Calpine Energy Services,NY,NY,World Trade Center 138kV,CONED,Steam Turbine,300.0,300,300,2005-05-26,Withdrawn,,2019-02-06 00:00:00,,,,,,,0.0,,
0195,Harbor Cable Project II,Brookfield Power US,Richmond,NY,Goethal 345kV,CONED,DC Transmission,200.0,200,200,2005-06-14,Withdrawn,,2009-07-31 00:00:00,,,,,,J,0.0,,
0196,Roaring Brook,"Roaring Brook Windpower, LLC",Lewis,NY,Adirondak-Porter 230kV,NM-NG,Wind,79.9,79.9,79.8,2005-07-01,Withdrawn,,2006-07-10 00:00:00,,,,,,,0.0,,
0197,Roaring Brook Wind,"PPM Roaring Brook, LLC / PPM",Lewis,NY,Boonville-Lowville 115kV,NM-NG,Wind,78.0,78,78,2005-07-01,Withdrawn,,2016-04-30 00:00:00,,,,,,E,0.0,,
0198,Arkwright Summit Wind Farm,"Arkwright Summit Wind Farm, LLC",Chautauqua,NY,Dunkirk-Falconer 115kV,NM-NG,Wind,79.8,79.8,79.8,2005-07-21,Withdrawn,,2013-09-30 00:00:00,,,,,,A,0.0,,
0200,Linden Power I,Cavallo Power,NY-NJ,NY,Goethal Substation,CONED,Combined Cycle,915.0,845,915,2005-08-16,Withdrawn,,2019-02-06 00:00:00,,,,,,,0.0,,
0201,Berrians GT,NRG Energy,Queens,NY,Astoria West Substation 138kV,CONED,Combined Cycle,200.0,200,200,2005-08-17,Withdrawn,,2015-07-31 00:00:00,,,,,,J,0.0,,
0202,130 MW Uprate,Liberty Generating Co.,NY-NJ,NY,Goethal 345kV,CONED,Combustion Turbine,130.0,130,130,2005-08-25,Withdrawn,,2019-03-06 00:00:00,,,,,,,0.0,,
0203,GenWy Wind Farm,"GenWy Wind, LLC",Genesee,NY,Stolle Rd - Homer City 345kV,NYSEG,Wind,478.5,478.5,478.5,2005-10-21,Withdrawn,,2010-03-31 00:00:00,,,,,,A,0.0,,
0204,Paragon II Wind Generation,Clipper Windpower Dev. Co. Inc.,Steuben,NY,Avoca - Hillside 230kV,NYSEG,Wind,150.0,150,150,2005-10-27,Withdrawn,,2008-08-19 00:00:00,,,,,,C,0.0,,
0204A,Beekmantown Windfarm,"Duer's Patent Project, LLC",Clinton,NY,Kents Falls - Sciota 115kV,NYSEG,Wind,19.5,19.5,19.5,2005-10-31,Withdrawn,,2013-03-31 00:00:00,,,,,,D,0.0,,
0207,Cape Vincent,"Cape Vincent Wind Power, LLC",Jefferson,NY,Rockledge Substation 115kV,NM-NG,Wind,209.3,209.3,209.3,2006-01-12,Withdrawn,,2014-02-28 00:00:00,,,,,,E,0.0,,
0208,Roundhouse Renewable,"CRC Development, LLC",Otsego,NY,City of Oneonta,NYSEG,Steam Turbine,36.0,35,36,2006-01-17,Withdrawn,,2006-09-25 00:00:00,,,,,,,0.0,,
0209,Nassau Generating,"SUEZ Energy Generating NA, Inc",Nassau,NY,Garden City Substation 138kV,LIPA,Combustion Turbine,100.0,88,100,2006-02-10,Withdrawn,,2007-07-10 00:00:00,,,,,,,0.0,,
0210,Fortran,"Canadian Niagara Power, Inc.",Niagara,NY,Huntley Station 115kV,NM-NG,AC Transmission,150.0,150,150,2006-03-14,Withdrawn,,2010-03-31 00:00:00,,,,,,A,0.0,,
0213,Ellenburg II Windfield,"Noble Environmental Power, LLC",Clinton,NY,Willis-Plattsburgh WP-2 230kV,NYPA,Wind,21.0,21,21,2006-04-03,Withdrawn,,2013-04-30 00:00:00,,,,,,D,0.0,,
0215,Noble Burke Windpark,"Noble Burke Windpark, LLC",Franklin-Clinton,NY,Willis Substation 230kV,NYPA,Wind,120.0,120,120,2006-04-03,Withdrawn,,2009-02-05 00:00:00,,,,,,D,0.0,,
0217,Cherry Flats,"AES Keystone Wind, LLC",Tioga,PA,Homer City-Watercure 345kV,NYSEG,Wind,90.0,90,90,2006-06-06,Withdrawn,,2008-12-22 00:00:00,,,,,,C,0.0,,
0218,Endless Mountain Wind,Gamesa Energy USA,Tioga - Bradford,PA,Homer City-Watercure 345kV,NYSEG,Wind,150.0,150,150,2006-07-03,Withdrawn,,2006-07-27 00:00:00,,,,,,,0.0,,
0219,Huntley,"NRG Energy, Inc.",Niagara,NY,Tonawanda,NM-NG,Combined Cycle,752.0,752,752,2006-07-12,Withdrawn,,2008-12-22 00:00:00,,,,,,A,0.0,,
0220,Armenia Mountain I,"AES Keystone Wind, LLC",Bradford,PA,Homer City-Watercure 345kV,NYSEG,Wind,175.0,175,175,2006-07-19,Withdrawn,,2008-08-19 00:00:00,,,,,,C,0.0,,
0221,Armenia Mountain II,"AES Keystone Wind, LLC",Bradford,PA,Homer City-Watercure 345kV,NYSEG,Wind,75.0,75,75,2006-07-19,Withdrawn,,2009-04-08 00:00:00,,,,,,C,0.0,,
0222,Ball Hill Windpark,"Ball Hill Windpark, LLC",Chautauqua,NY,Dunkirk-Gardenville 230kV,NM-NG,Wind,90.0,90,90,2006-07-21,Withdrawn,,2013-11-30 00:00:00,,,,,,A,0.0,,
0223,Arkwright Windpark,"Noble Environmental Power, LLC",Chautauqua,NY,Dunkirk-Falconer 115kV,NM-NG,Wind,99.0,99,99,2006-07-21,Withdrawn,,2007-03-12 00:00:00,,,,,,,0.0,,
0224,Berrians GT II,"NRG Energy, Inc.",Queens,NY,Astoria West Substation 138kV,CONED,Combined Cycle,90.0,50,90,2006-08-23,Withdrawn,,2015-07-31 00:00:00,,,,,,J,0.0,,
0224B,Chemung Landfill,Casella Waste Systems,Chemung,NY,115kV,NYSEG,Methane,6.4,6.4,6.4,2006-09-05,Withdrawn,,2008-04-15 00:00:00,,,,,,C,0.0,,
0225A,SII Rotterdam Junction,"Schenectady International, Inc.",Rotterdam,NY,69kV,NM-NG,Wood,9.3,9.3,9.3,2006-09-08,Withdrawn,,2010-08-31 00:00:00,,,,,,F,0.0,,
0225B,Faxton/ St. Luke,Burrstone Energy,Herkimer,NY,TBD,NM-NG,Natural Gas,2.2,2.2,2.2,2006-09-15,Withdrawn,,2008-07-10 00:00:00,,,,,,E,0.0,,
0226,Linden,Cavallo Power,NY-NJ,NY,"East 13th, West 49th",CONED,Combined Cycle,1200.0,1200,1200,2006-09-08,Withdrawn,,2006-11-14 00:00:00,,,,,,,0.0,,
0227,Orleans Wind,"EC&R Northeast, LLC",Orleans,NY,Shelby Substation - 115kV,NM-NG,Wind,120.0,120,120,2006-09-28,Withdrawn,,2008-10-14 00:00:00,,,,,,A,0.0,,
0227A,Laidlaw Energy & Env.,Laidlaw Energy Group Inc.,Cattaraugus,NY,13.2kV,NM-NG,Wood,7.0,7,7,2006-10-30,Withdrawn,,2013-05-31 00:00:00,,,,,,A,0.0,,
0228,Jennison,"AES Bainbridge, LLC",Chenango,NY,TBD,NYSEG,,536.0,516,536,2006-10-30,Withdrawn,,2007-04-24 00:00:00,,,,,,,0.0,,
0229,Somerset,"AES Somerset 2, LLC",Niagara,NY,Somerset Substation 345kV,NYSEG,,706.0,687,706,2006-11-01,Withdrawn,,2007-03-27 00:00:00,,,,,,,0.0,,
0230,Cornell CHPP,Cornell University,,NY,Maple Ave. Substation 115kV,,Natural Gas,30.0,30,30,2006-11-02,Withdrawn,,2006-11-21 00:00:00,,,,,,,0.0,,
0231,Seneca,"Seneca Energy II, LLC",Seneca,NY,Goulds Substation 34.5kV,NYSEG,Methane,6.4,6.4,6.4,2006-11-02,Withdrawn,,2012-04-30 00:00:00,,,,,,C,0.0,,
0235,Canfield Wind,"Gamesa Energy USA, LLC",Tioga - Bradford,PA,Homer City-Watercure 345kV,NYSEG,Wind,120.0,120,120,2006-12-12,Withdrawn,,2007-10-16 00:00:00,,,,,,,0.0,,
0236,Dean Wind,"Gamesa Energy USA, LLC",Tioga - Schuyler,NY,Watercure-Oakdale 345kV,NYSEG,Wind,150.0,150,150,2006-12-14,Withdrawn,,2011-04-30 00:00:00,,,,,,C,0.0,,
0237,Allegany Wind,"Allegany Wind, LLC",Cattaraugus,NY,Homer Hill Ð Dugan Rd. 115kV,NM-NG,Wind,72.5,72.5,72.5,2007-01-09,Withdrawn,,2015-02-28 00:00:00,,,,,,A,0.0,,
0238,Tonawanda Creek Wind,"Tonawanda Creek Wind, LLC",Genesee,NY,Lockport Ð Batavia 115kV,NM-NG,Wind,75.0,75,75,2007-01-30,Withdrawn,,2009-07-31 00:00:00,,,,,,A,0.0,,
0239,Western Door Wind,"Western Door Wind, LLC",Yates,NY,Greenidge Ð Haley Rd. 115kV,NYSEG,Wind,100.0,100,100,2007-01-30,Withdrawn,,2012-01-30 00:00:00,,,,,,C,0.0,,
0239A,Modern Innovative Plant,"Innovative Energy System, Inc.",Niagara,NY,Youngstown Ð Sanborn 34.5kV,NM-NG,Methane,6.4,6.4,6.4,2007-01-31,Withdrawn,,2013-04-30 00:00:00,,,,,,A,0.0,,
0240,Farmersville Windpark,"Noble Environmental Power, LLC",Cattaraugus-PA,NY,Stolle Rd - Farmer's Valley 345kV,NM-NG,Wind,100.0,100,100,2007-02-26,Withdrawn,,2009-07-31 00:00:00,,,,,,A,0.0,,
0241,Chateaugay II Windpark,"Noble Chateaugay Windpark II, LLC",Franklin,NY,Chateaugay Substation 34.5kV,NYSEG,Wind,19.5,19.5,19.5,2007-03-15,Withdrawn,,2012-08-31 00:00:00,,,,,,D,0.0,,
0242,Brown's Race Uprate,RG&E,Monroe,NY,Brown's Race Substation,NYSEG,Hydro,6.0,6,6,2007-04-09,Withdrawn,,2007-06-05 00:00:00,,,,,,,0.0,,
0243,Astoria Uprate,"Astoria Energy, LLC",Queens,NY,Astoria East Substation 138kV,ConEd,Combined Cycle,230.0,100,230,2007-04-12,Withdrawn,,2010-03-31 00:00:00,,,,,,J,0.0,,
0244,Jennison,"AES Bainbridge, LLC",Chenango,NY,Oakdale Ð Fraser 345kV,NYSEG,,650.0,650,650,2007-04-13,Withdrawn,,2008-03-20 00:00:00,,,,,,,0.0,,
0246,Dutch Gap Wind,"PPM Energy, Inc",Jefferson,NY,Indian River - Black Rive 115kV,NM-NG,Wind,250.0,250,250,2007-06-01,Withdrawn,,2012-03-01 00:00:00,,,,,,E,0.0,,
0247,Russell Station,RG&E,Monroe,NY,Russell Station 115kV,RG&E,Combined Cycle,325.0,300,325,2007-06-11,Withdrawn,,2012-04-30 00:00:00,,,,,,B,0.0,,
0248,Russell Station II,RG&E,Monroe,NY,Russell Station 115kV,NYSEG,,300.0,300,300,2007-06-11,Withdrawn,,2007-10-02 00:00:00,,,,,,,0.0,,
0249,Bayone Energy Center II,Hess Corporation,Bayonne,NJ,Gowanus Substation 138kV,ConEd,Dual Fuel,250.0,250,250,2007-06-20,Withdrawn,,2007-10-02 00:00:00,,,,,,,0.0,,
0252,Manhattan Cable,Brookfield Power,NY,NY,World Trade Center 138 kV,ConEd,DC Transmission,350.0,350,350,2007-08-01,Withdrawn,,2008-07-10 00:00:00,,,,,,J,0.0,,
0253,Marble River SPS,"Marble River, LLC",Clinton,NY,Moses-Willis-Plattsburgh 230kV,NYPA,AC Transmission,0.0,TBD,TBD,2007-08-13,Withdrawn,,2012-06-30 00:00:00,,,,,,D,0.0,,
0254,Ripley-Westfield Wind,Ripley-Westfield Wind LLC,Cahatauqua,NY,Ripley - Dunkirk 230kV,NM-NG,Wind,124.2,124.2,124.2,2007-08-14,Withdrawn,,2012-03-01 00:00:00,,,,,,A,0.0,,
0255,Cross Hudson,"In-City, LLC",NY-NJ,NY,W49th Street 345kV,ConEd,Combined Cycle,550.0,550,550,2007-08-23,Withdrawn,,2008-07-01 00:00:00,,,,,,J,0.0,,
0256,Niagara Shore Wind,"Niagara Shore Winds, LLC",Niagara,NY,Somerset Switch Yard 345kV,NYSEG,Wind,70.5,70.5,70.5,2007-09-04,Withdrawn,,2010-03-31 00:00:00,,,,,,A,0.0,,
0257,Brown's Race Uprate,RG&E,Monroe,NY,Beebee Station 34kV,RG&E,Hydro,2.0,2,2,2007-09-12,Withdrawn,,2011-03-31 00:00:00,,,,,,B,0.0,,
0258,Ripley-Westfield Wind II,"Babcock & Brown, LP",Chautauqua,NY,Ripley - Dunkirk 230kV,NM-NG,Wind,124.8,124.8,124.8,2007-09-24,Withdrawn,,2007-10-16 00:00:00,,,,,,,0.0,,
0259,Delaware County Landfill,Delaware County Electric,Delaware,NY,TBD,NYSEG,Methane,1.0,1,1,2007-09-24,Withdrawn,,2008-01-29 00:00:00,,,,,,,0.0,,
0261,South Pier Improvement,Astoria Generating Company,Kings,NY,Gowanus 138kV,ConEd,Combustion Turbine,108.0,105,108,2007-10-02,Withdrawn,,2012-03-01 00:00:00,,,,,,J,0.0,,
0262,Schoharie Highlands,"RP Wind NY, LLC",Schoharie,NY,69kV,NM-NG,Wind,70.0,70,70,2007-10-05,Withdrawn,,2009-05-12 00:00:00,,,,,,F,0.0,,
0264,Seth Green,RG&E,Monroe,NY,11kV,RG&E,Hydro,2.8,2.8,2.8,2007-10-23,Withdrawn,,2014-03-31 00:00:00,,,,,,B,0.0,,
0265,CityGreen,CityGreen Transmission,Westchester-Queens,NY,Millwood - Farragut/Rainey 345kV,ConEd,DC Transmission,1100.0,1100,1100,2007-11-16,Withdrawn,,2010-03-31 00:00:00,,,,,,"H, J",0.0,,
0266,Berrians GT III,"NRG Energy, Inc.",Queens,NY,Astoria Annex 345kV,NYPA,Combined Cycle,290.0,250,290,2007-11-28,Withdrawn,,2015-06-30 00:00:00,,,,,,J,0.0,,
0267,Winergy NYC Wind Farm,"Winergy Power, LLC",NY,NY,Gowanus Substation 345kV,ConEd,Wind,600.0,600,600,2007-11-30,Withdrawn,,2012-07-31 00:00:00,,,,,,J,0.0,,
0268,Arthur Kill,"NRG Energy, Inc.",NY,NY,Gowanus Substation,ConEd,Combined Cycle,800.0,800,800,2007-12-07,Withdrawn,,2008-07-10 00:00:00,,,,,,J,0.0,,
0269,Madison County Landfill,"WM Renewable Energy, LLC",Madison,NY,Canastota,NM-NG,Methane,2.0,2,2,2007-12-10,Withdrawn,,2008-01-29 00:00:00,,,,,,,0.0,,
0270,Hounsfield Wind,Wind Development Contract Co LLC,Jefferson,NY,Fitzpatrick - Edic 345kV,NYPA,Wind,244.8,244.8,244.8,2007-12-13,Withdrawn,,2016-07-31 00:00:00,,,,,,E,0.0,,
0271,State Line Wind,State Line Wind Power LLC,Chautauqua,NY,South Ripley - Dunkirk 230kV,NM-NG,Wind,124.8,124.8,124.8,2007-12-20,Withdrawn,,2011-10-31 00:00:00,,,,,,A,0.0,,
0272,Benchmark Generator,NYPA,Queens,NY,Astoria 345kV,NYPA,Combustion Turbine,1080.0,900,1080,2007-12-20,Withdrawn,,2009-04-08 00:00:00,,,,,,J,0.0,,
0273,Winergy Long Island Wind,"Winergy Power, LLC",Suffolk,NY,Sterling Substation,LIPA,Wind,299.0,299,299,2007-12-21,Withdrawn,,2008-07-10 00:00:00,,,,,,K,0.0,,
0274,PSEG Fossil Bergen Unit 2,"In City I, LLC",NY-NJ,NY,W49th Street 345kV,ConEd,Combined Cycle,100.0,100,100,2008-01-23,Withdrawn,,2008-07-10 00:00:00,,,,,,J,0.0,,
0275,Cayuga County Wind,Shell Wind Energy Inc.,Cayuga,NY,Milliken - Wright Ave. 115kV,NYSEG,Wind,120.0,120,120,2008-01-24,Withdrawn,,2009-04-08 00:00:00,,,,,,C,0.0,,
0277,Nine Mile Point Station Unit #3,UniStar Nuclear Energy,Oswego,NY,Scriba Substation 345kV,NM-NG,Nuclear,1660.0,1640,1660,2008-02-04,Withdrawn,,2009-12-22 00:00:00,,,,,,C,0.0,,
0278,Riverbank Power A,Riverbank Power Corporation,Niagara,NY,Niagara - Rochester 345kV,NYPA,Pumped Storage,1000.0,1000,1000,2008-02-20,Withdrawn,,2009-06-24 00:00:00,,,,,,A,0.0,,
0279,Riverbank Power D1,Riverbank Power Corporation,St. Lawrence,NY,Massena 765kV,NYPA,Pumped Storage,1000.0,1000,1000,2008-02-20,Withdrawn,,2010-03-31 00:00:00,,,,,,E,0.0,,
0280,Riverbank Power D2,Riverbank Power Corporation,St. Lawrence,NY,Massena 765kV,NYPA,Hydro,1000.0,1000,1000,2008-02-20,Withdrawn,,2008-10-14 00:00:00,,,,,,E,0.0,,
0281,Riverbank Power G,Riverbank Power Corporation,Rockland,NY,West Haverstraw 345kV,ConEd/O&R,Pumped Storage,1000.0,1000,1000,2008-02-20,Withdrawn,,2010-11-30 00:00:00,,,,,,G,0.0,,
0282,Concord Wind,Concord Wind Power LLC,Chautauqua,NY,Dunkirk - South Ripley 230kV,NM-NG,Wind,101.2,101.2,101.2,2008-02-28,Withdrawn,,2011-05-31 00:00:00,,,,,,A,0.0,,
0283,Riverbank Power J,Riverbank Power Corporation,Queens,NY,Poletti Substation 345kV,NYPA,Hydro,1000.0,1000,1000,2008-03-03,Withdrawn,,2008-04-15 00:00:00,,,,,,J,0.0,,
0285,Machias I,"Machias Wind Farm, LLC",Cattaraugus,NY,Gardenville - Homer Hill 115kV,NM-NG,Wind,79.2,79.2,79.2,2008-03-27,Withdrawn,,2012-06-30 00:00:00,,,,,,A,0.0,,
0286,Machias II,"Machias Wind Farm, LLC",Cattaraugus,NY,345kV,NYSEG,Wind,199.5,199.5,199.5,2008-03-27,Withdrawn,,2009-04-08 00:00:00,,,,,,A,0.0,,
0287,Pomfret,"Horizon Wind Energy, LLC",Chautauqua,NY,Dunkirk - Falconer 115kV,NM-NG,Wind,73.5,73.5,73.5,2008-03-27,Withdrawn,,2010-09-30 00:00:00,,,,,,A,0.0,,
0288,Chateaugay River,"Chateaugay River Wind Farm, LLC",Franklin,NY,Willis Substation 230kV,NYPA,Wind,120.0,120,120,2008-03-31,Withdrawn,,2009-02-05 00:00:00,,,,,,E,0.0,,
0290,Paradise,National Grid,Niagara,NY,Paradise Station 115kV,NM-NG,AC Transmission,0.0,,,2008-04-03,Withdrawn,,2011-03-31 00:00:00,,,,,,A,0.0,,
0291,LI Cable - Phase 1,"Long Island Cable, LLC",Suffolk,NY,Ruland Road 138kV,LIPA,Wind,440.0,440,440,2008-04-14,Withdrawn,,2012-07-31 00:00:00,,,,,,K,0.0,,
0292,LI Cable - Phase 2a,"Long Island Cable, LLC",Suffolk,NY,Ruland Road 138kV,LIPA,Wind,220.0,220,220,2008-04-14,Withdrawn,,2012-07-31 00:00:00,,,,,,K,0.0,,
0293,LI Cable - Phase 2b,"Long Island Cable, LLC",Suffolk,NY,Ruland Road 138kV,LIPA,Wind,280.0,280,280,2008-04-14,Withdrawn,,2008-12-22 00:00:00,,,,,,K,0.0,,
0295,Cross Hudson II,"CCH Holdings Group, LLC",NY-NJ,NY,West 49th St. Substation 345kV,ConEd,AC Transmission,800.0,800,800,2008-05-06,Withdrawn,,2012-06-01 00:00:00,,,,,,J,0.0,,
0296,Harrigan Hill Wind,"Noble Environmental Power, LLC",Clinton-Ellenburg,NY,Lyon Mt - Willis 115kV,NYSEG,Wind,100.5,100.5,100.5,2008-05-12,Withdrawn,,2009-07-31 00:00:00,,,,,,D,0.0,,
0297,Ashford Wind,"Ashford Wind Farm, LLC",Cattaraugus,NY,Otto-West Valley 34.5kV,NM-NG,Wind,19.9,19.9,19.9,2008-05-16,Withdrawn,,2010-03-31 00:00:00,,,,,,A,0.0,,
0298,Leicester Wind,"TCI Renewable, LLC",Livingston,NY,Highbank - Mortimer 115kV,NYSEG,Wind,57.0,57,57,2008-05-22,Withdrawn,,2010-08-31 00:00:00,,,,,,A,0.0,,
0299,Great Bend,Erie Boulevard Hydropower,Jefferson,NY,Deferiet 115 kV substation,NM-NG,Hydro,14.4,14.4,14.4,2008-06-03,Withdrawn,,2009-04-08 00:00:00,,,,,,E,0.0,,
0300,Auburn Sewage Treatment,Auburn Public Power Agency,Onondaga,NY,"Auburn, NY",NYSEG,,3.0,3,3,2008-06-26,Withdrawn,,2008-10-14 00:00:00,,,,,,C,0.0,,
0301,Hamlin Wind Farm,"Hamlin Wind, LLC",Monroe,NY,West Hamlin 115kV,NM-NG,Wind,80.0,80,80,2008-07-15,Withdrawn,,2010-03-31 00:00:00,,,,,,A,0.0,,
0302,Barre Wind Farm,"Barre Wind, LLC",Orleans,NY,Lockport - Mortimer 115 KV,NM-NG,Wind,120.0,120,120,2008-07-15,Withdrawn,,2008-12-22 00:00:00,,,,,,A,0.0,,
0303,Tioga County Energy,"Invenergy Thermal Devel., LLC",Tioga,NY,Oakdale - Watercure 345kV,NYSEG,Combustion Turbine,700.0,620,700,2008-07-17,Withdrawn,,2009-04-08 00:00:00,,,,,,C,0.0,,
0304,Clay HVDC,Transmission Developers Inc.,NY,NY,Clay to Farragut 345kV,NM-NG/ConEd,DC Transmission,2000.0,2000,2000,2008-07-18,Withdrawn,,2008-08-28 00:00:00,,,,,,J,0.0,,
0305,Champlain Hudson Power Express,TDI-USA Holdings Corporation,Quebec - NY,NY,Astoria Annex Substation 345kV,NYPA,DC Transmission,1000.0,1000,1000,2008-07-18,Withdrawn,,2017-01-31 00:00:00,,,,,,J,0.0,,
0306,Clay HVDC,Transmission Developers Inc.,Onondaga/NY,NY,Clay 345kV - Sherman Creek 138 kV,NM-NG/ConEd,DC Transmission,2000.0,2000,2000,2008-07-18,Withdrawn,,2011-11-30 00:00:00,,,,,,"C, J",0.0,,
0307,NY Wire-Phase 1,"NY Wire, LLC",NJ-Kings,NY,Gowanus Substation 345kV,ConEd,DC Transmission,550.0,550,550,2008-07-29,Withdrawn,,2012-07-31 00:00:00,,,,,,J,0.0,,
0309,Wingdale Energy Center,AP Dutchess Properties Inc.,Dutchess,NY,Pleasant Valley - Long Mt.,ConEd,Combined Cycle,650.0,650,650,2008-09-11,Withdrawn,,2009-05-12 00:00:00,,,,,,G,0.0,,
0310,Cricket Valley Energy Center,"Cricket Valley Energy Center, LLC",Dutchess,NY,Pleasant Valley - Long Mt. 345kV,ConEd,Combined Cycle,1136.0,1019.9,1136,2008-09-22,Withdrawn,,2014-12-31 00:00:00,,,,,,G,0.0,,
0312,Gateway Wind Energy,"RP Wind NY, LLC",Schenectady,NY,Princetown - Rotterdam,NM-NG,Wind,79.2,79.2,79.2,2008-09-25,Withdrawn,,2009-04-08 00:00:00,,,,,,F,0.0,,
0313,Stone Church Wind,"Atlantic Wind, LLC",St. Lawrence,NY,Mc Intyre Substation 115 kV,NM-NG,Wind,150.0,150,150,2008-09-30,Withdrawn,,2011-03-31 00:00:00,,,,,,E,0.0,,
0314,Oswego,Riverbank Power Corporation,Oswego,NY,Oswego complex 345kV,NM-NG,Pumped Storage,1000.0,1000,1000,2008-10-07,Withdrawn,,2009-06-24 00:00:00,,,,,,C,0.0,,
0315,Onondaga Renewables,"CRC Renewables, LLC",Onondaga,NY,Geres Lock 115kV,NM-NG,Wood,47.0,47,47,2008-10-23,Withdrawn,,2012-01-30 00:00:00,,,,,,C,0.0,,
0316,State Line Wind II,"State Line Wind Power, LLC",Chautauqua,NY,Dunkirk - South Ripley 230kV,NM-NG,Wind,124.8,124.8,124.8,2008-10-31,Withdrawn,,2009-10-28 00:00:00,,,,,,A,0.0,,
0317,CityGreen AC,CityGreen Transmission Inc.,Wsch'r/Bkln/Qns ,NY,Millwood 345kV - Farragut/Rainey,ConEd,AC Transmission,1100.0,1100,1100,2008-11-05,Withdrawn,,9/30/09,,,,,,"H, J",0.0,,
0319,Cayuga Energy Storage,"AES Energy Storage, LLC",Onondaga,NY,Milliken 115kV,NYSEG,Energy Storage,20.0,20,20,2008-12-03,Withdrawn,,2012-06-01 00:00:00,,,,,,C,0.0,,
0320,Somerset Energy Storage,"AES Energy Storage, LLC",Niagara,NY,Somerset 69kV,NYSEG,Energy Storage,20.0,20,20,2008-12-03,Withdrawn,,2012-06-01 00:00:00,,,,,,A,0.0,,
0321,Monroe County Landfill,Monroe County,Monroe,NY,Sanford Rd.,NM-NG,Methane,6.4,6.4,6.4,2009-01-02,Withdrawn,,2009-09-30 00:00:00,,,,,,B,0.0,,
0322,Rolling Upland Wind,"Rolling Upland Wind Farm, LLC",Madison,NY,County Line - Brothertown 115kV,NYSEG,Wind,59.9,59.9,59.9,2009-01-13,Withdrawn,,2014-08-31 00:00:00,,,,,,E,0.0,,
0323,Verplanck,Riverbank Power Corporation,Westchester,NY,Indian Point 345kV,ConEd/O&R,Pumped Storage,1000.0,1000,1000,2009-01-23,Withdrawn,,2009-06-24 00:00:00,,,,,,H,0.0,,
0324,Belltown Bio,"Belltown Biogas, LLC",Cayuga,NY,King Ferry,NYSEG,Methane,2.0,2,2,2009-03-06,Withdrawn,,2009-04-08 00:00:00,,,,,,C,0.0,,
0325,Synergy Bio,"Synergy Biogas, LKc",Wyoming,NY,Wyoming,NM-NG,Methane,2.0,2,2,2009-03-06,Withdrawn,,2009-04-08 00:00:00,,,,,,A,0.0,,
0327,Offshore Wind,Con Edison,NY-Suffolk,NY,Far Rockaway 69kV,LIPA,Wind,700.0,700,700,2009-03-20,Withdrawn,,2011-06-30 00:00:00,,,,,,"J, K",0.0,,
0328,Steuben County Landfill,Steuben Rural,Steuben,NY,Quarry - Bath 34.5,NYSEG,Methane,4.8,4.8,4.8,2009-03-23,Withdrawn,,2009-05-27 00:00:00,,,,,,C,0.0,,
0329,Madison Wind Expansion,"Horizon Wind Energy, LLC",Madison,NY,County Line - Brothertown 115kV,NYSEG,Wind,8.3,8.3,8.3,2009-03-23,Withdrawn,,2009-05-27 00:00:00,,,,,,E,0.0,,
0332,FitzPatrick Nuclear Uprate,FitzPatrick Nuclear Station,Oswego,NY,FitzPatrick Substation,NYPA,Nuclear,112.0,112,112,2009-05-01,Withdrawn,,2009-06-24 00:00:00,,,,,,C,0.0,,
0334,Sangerfield Wind,"Atlantic Wind, LLC",Onieda,NY,TBD,NM-NG/NYSEG,Wind,46.0,46,46,2009-05-28,Withdrawn,,2009-07-31 00:00:00,,,,,,E,0.0,,
0335,Cold Creek Spring Wind,"NextEra Energy Resources, LLC",Cattaraugus,NY,Carrs Corners - Salamanca 115kV,NM-NG,Wind,150.7,150.7,150.7,2009-06-09,Withdrawn,,2012-08-31 00:00:00,,,,,,A,0.0,,
0336,Black Oak Wind,"Enfield Energy, LLC",Thompkins,NY,Black Oak Rd 115kV,NYSEG,Wind,50.0,50,50,2009-06-29,Withdrawn,,2012-06-30 00:00:00,,,,,,C,0.0,,
0338,Brown's Race II,RG&E,Monroe,NY,Station 137 11kV,RG&E,Hydro,6.3,6.3,6.3,2009-08-11,Withdrawn,,2019-12-31 00:00:00,,,,,,B,0.0,,
0341,Hempstead Expansion,Covanta Energy,Nassau,NY,Hempstead 138kV,LIPA,Steam Turbine,39.0,37,39,2009-09-02,Withdrawn,,2010-08-31 00:00:00,,,,,,K,0.0,,
0343,Champlain Wind Link I,"Champlain Wind Link, LLC",Clinton,NY,"Plattsburgh - New Haven, VT 230kV",NYPA,AC Transmission,600.0,600,600,2009-09-29,Withdrawn,,2012-07-31 00:00:00,,,,,,D,0.0,,
0344,Champlain Wind Link II,"Champlain Wind Link, LLC",Clinton,NY,"Plattsburgh - New Haven, VT 345kV",NYPA,AC Transmission,600.0,600,600,2009-09-29,Withdrawn,,2012-04-30 00:00:00,,,,,,D,0.0,,
0345,St. Elizabeth Medical Center,St. Elizabeth Medical Center,Herkimer,NY,,NM-NG,Natural Gas,2.3,2.3,2.3,2009-11-02,Withdrawn,,2009-11-30 00:00:00,,,,,,E,0.0,,
0346,Scotia Industrial Park,Beacon Power,Schenectady,NY,Spier - Rotterdam,NM-NG,Flywheel,20.0,20,20,2009-11-24,Withdrawn,,2012-08-31 00:00:00,,,,,,F,0.0,,
0347,Franklin Wind,"Franklin Wind Farm, LLC",Delaware,NY,Oakdale - Delhi 115kV,NYSEG,Wind,50.4,50.4,50.4,2009-12-02,Withdrawn,,2019-01-31 00:00:00,,,,,,E,0.0,,
0348,Hyland Landfill,Casella Waste Systems,Allegany,NY,Station 249,RG&E,Methane,0.8,0.8,0.8,2009-12-02,Withdrawn,,2010-04-30 00:00:00,,,,,,B,0.0,,
0349,Taylor Biomass,"Taylor Biomass Energy-Montgomery, LLC",Orange,NY,Maybrook - Rock Tavern 69kV,CHGE,=Solid Waste,22.5,19,22.5,2009-12-30,Withdrawn,,2021-06-30 00:00:00,,,,,,G,0.0,,
0350,Lake Erie Wind,"Lake Erie Wind, LLC",Chautauqua,NY,Dunkirk - Gardenville 230kV,NM-NG,Wind,810.0,810,810,2010-02-16,Withdrawn,,2012-01-30 00:00:00,,,,,,A,0.0,,
0351,Linden VFT Uprate,"Linden VFT, LLC",Richmond,NY,Goethals 345kV,CONED,AC Transmission,15.0,15,15,2010-03-02,Withdrawn,,2013-02-28 00:00:00,,,,,,J,0.0,,
0352,Oneida-Herkimer Landfill,WM Renewable Energy,Oneida,NY,,,Methane,3.2,3.2,3.2,2010-04-08,Withdrawn,,2010-06-04 00:00:00,,,,,,E,0.0,,
0354,North Ridge Wind,"Atlantic Wind, LLC",St. Lawrence,NY,Nicholville - Parishville 115kV,NM-NG,Wind,100.0,100,100,2010-05-13,Withdrawn,,2015-01-31 00:00:00,,,,,,E,0.0,,
0356,Hounsfield Wind,Pattern Renewables,Jefferson,NY,Oswego Substation 345kV,NYPA,Wind,249.4,249.4,249.4,2010-09-07,Withdrawn,,2010-11-30 00:00:00,,,,,,E,0.0,,
0357,NY Power Pathway,"West Point Partners, LLC",Albany-Westchester,NY,New Scotland - Buchanan South 345kV,NM-NG/Coned,DC Transmission,1000.0,1000,1000,2010-09-10,Withdrawn,,2013-02-28 00:00:00,,,,,,"F, H",0.0,,
0358,West Point Transmission,"West Point Partners, LLC","Greene, Westchester",NY,Leeds - Buchanan North 345kV,NM-NG/ConEd,DC Transmission,1000.0,1000,1000,2010-09-13,Withdrawn,,2018-01-31 00:00:00,,,,,,"F, H",0.0,,
0360,Watkins Glen Wind,"NextEra Energy Resources, LLC",Schuyler,NY,Bath - Montour Falls 115 kV,NYSEG,Wind,122.4,122.4,122.4,2010-12-22,Withdrawn,,2015-05-31 00:00:00,,,,,,C,0.0,,
0361,Luyster Creek Energy,US PowerGen Co.,Queens,NY,Astoria West Substation 138kV,CONED,Dual Fuel,444.0,401,444,2011-02-15,Withdrawn,,2020-02-29 00:00:00,,,,,,J,0.0,,
0362,Monticello Hills Wind,"Monticello Hills Wind, LLC",Ostego,NY,W. Winfield - Richfield Spring 46kV,NYSEG,Wind,19.8,19.8,19.8,2011-03-07,Withdrawn,,2017-04-30 00:00:00,,,,,,E,0.0,,
0363,Poseidon Offshore,"Anbaric Development Partners, LLC",NY - Suffolk,NY,Ruland Rd. 138kV,LIPA,Wind,500.0,500,500,2011-04-27,Withdrawn,,2020-07-31 00:00:00,,,,,,K,0.0,,
0364,Bruce Hill Wind,"Bruce Hill Wind, LLC",Delaware,NY,Axtell Road Substation 115 kV,NYSEG,Wind,18.0,18,18,2011-05-04,Withdrawn,,2012-09-30 00:00:00,,,,,,E,0.0,,
0365,Champlain Hudson SPS,Transmission Developers Inc.,Queens,NY,Astoria and Farragut Subsations,ConEd/NYPA,AC Transmission,0.0,TBD,TBD,2011-07-15,Withdrawn,,2012-12-31 00:00:00,,,,,,J,0.0,,
0366,Watkins Glen East,"NextEra Energy Resources, LLC",Schuyler,NY,Montour Falls Substation,NYSEG,Wind,150.6,150.6,150.6,2011-08-02,Withdrawn,,2012-10-31 00:00:00,,,,,,C,0.0,,
0367,North Rockland Transformer,Orange & Rockland,Rockland,NY,Line Y94 345kV,ConEd,AC Transmission,0.0,,,2011-09-14,Withdrawn,,2018-07-31 00:00:00,,,,,,G,0.0,,
0369,Clover Leaf Hollers Ave,"Clover Leaf Power, LLC",Bronx,NY,E 179th St. Subsation 138kV,ConEd,Combustion Turbine,192.8,173.9,192.8,2011-10-24,Withdrawn,,2013-12-31 00:00:00,,,,,,J,0.0,,
0370,Smokey Avenue Wind,"Smokey Avenue Wind, LLC",Otsego,NY,Worcester - Schenevus 23kV,NM-NG,Wind,18.0,18,18,2011-10-28,Withdrawn,,2014-01-31 00:00:00,,,,,,F,0.0,,
0371,South Mountain Wind,"South Mountain Wind, LLC",Delaware,NY,River Rd Substation 46kV,NYSEG,Wind,18.0,18,18,2011-10-31,Withdrawn,,2018-01-31 00:00:00,,,,,,E,0.0,,
0372,Dry Lots Wind,"Dry Lots Wind, LLC",Herkimer,NY,Schuyler - Whitesboro 46kV,NM-NG,Wind,33.0,33,33,2011-10-31,Withdrawn,,2021-02-28 00:00:00,,,,,,E,0.0,,
0374,CPV Valley II,"CPV Valley, LLC",Wawayanda,NY,Rock Tavern-Coopers Corners 345kV,NYPA,Combined Cycle,820.0,820,820,2012-02-21,Withdrawn,,2015-09-30 00:00:00,,,,,,G,0.0,,
0376,Troups Creek Wind,"Ridgeline Energy, LLC",Steuben,NY,Troupsburg Substation,NYSEG,Wind,32.0,32,32,2012-03-07,Withdrawn,,2012-04-30 00:00:00,,,,,,C,0.0,,
0376A,Atlantice Development,"Atlantic Development, LLC",,NY,,,Wind,0.0,,,2012-03-15,Withdrawn,,2009-07-31 00:00:00,,,,,,,0.0,,
0377,Monroe County Mill Seat,Monroe County,Monroe,NY,Sanford Rd. 34.5kV,NM-NG,Methane,3.2,3.2,3.2,2012-03-16,Withdrawn,,2016-04-30 00:00:00,,,,,,B,0.0,,
0379,Seneca II Expansion,"Seneca Energy II, LLC",Seneca,NY,Seneca - Waterloo 34.5kV,NYSEG,Methane,6.4,6.4,6.4,2012-04-24,Withdrawn,,2013-05-31 00:00:00,,,,,,C,0.0,,
0381,Paragon Wind,Clipper Wind Power Development,Steuben-Schuyler,NY,Stony Ridge - Hillside 230kV,NYSEG,Wind,79.9,79.9,79.9,2012-05-15,Withdrawn,,2012-10-31 00:00:00,,,,,,C,0.0,,
0382,South Pier Improvement,Astoria Generating Co.,Kings,NY,Gowanus Substation 138kV,ConEd,Combustion Turbine,95.5,91.2,95.5,2012-05-30,Withdrawn,,2018-03-31 00:00:00,,,,,,J,0.0,,
0383,Bowline Gen. Station Unit #3,"NRG Energy, Inc.",Rockland,NY,Ladentown Substation 345kV,O&R,Combined Cycle,814.0,775,814,2012-05-30,Withdrawn,,2019-07-31 00:00:00,,,,,,G,0.0,,
0384,Knickerbocker Pleasant Valley,National Grid,Columbia-Dutchess,NY,Knickerbocker - P. Valley 345kV,NM-NG/ConEd,AC Transmission,0.0,TBD,TBD,2012-06-15,Withdrawn,,2016-05-31 00:00:00,,,,,,"F, G",0.0,,
0385,Hudson Valley Reinforcement,National Grid,Alb.-Col.-Dutch.,NY,N. Scotland-Leeds-P. Valley 345kV,NM-NG/ConEd,AC Transmission,0.0,TBD,TBD,2012-06-15,Withdrawn,,2015-02-28 00:00:00,,,,,,"F, G",0.0,,
0386,Grand Isle Intertie,"Vermont Green Line Devco, LLC",Clinton,NY,"Plattsburgh 230kV-New Haven, VT 345kV",NYPA,DC Transmission,400.0,400,400,2012-06-28,Withdrawn,,2022-10-31 00:00:00,,,,,,D,0.0,,
0388,Dexter Solar,Enel Green Power North America,Jefferson,NY,Dexter Stubstation,NM-NG,Solar,17.0,17,17,2012-07-24,Withdrawn,,2012-09-30 00:00:00,,,,,,E,0.0,,
0389,Griffiss Technology Park,"GUSC Energy, Inc.",Oneida,NY,Boonville - Rome 115kV,NM-NG,Steam Turbine,0.9,0.9,0.9,2012-08-14,Withdrawn,,2012-09-30 00:00:00,,,,,,E,0.0,,
0391,Edic - Fraser #2,"North America Transmission, LLC",Oneida-Delaware,NY,Edic - Fraser 345kV,NM-NG/NYSEG,AC Transmission,0.0,TBD,TBD,2012-09-21,Withdrawn,,2016-01-31 00:00:00,,,,,,E,0.0,,
0392,Scriba-Volney,Exelon Corporation,Oswego,NY,Scriba - Volney 345kV,NM-NG/NYSEG,AC Transmission,0.0,TBD,TBD,2012-10-05,Withdrawn,,2016-05-31 00:00:00,,,,,,C,0.0,,
0393,Berrians East Replacement,"NRG Berrians East Development, LLC",Queens,NY,Astoria East 138kV Substation ,CONED,Dual Fuel,94.2,94.2,57,2012-10-16,Withdrawn,,2023-01-31 00:00:00,,,,,,J,0.0,,
0398,Black Oak Wind,"Black Oak Wind Farm, LLC",Thompkins,NY,Montour - Coddington 115kV,NYSEG,Wind,12.5,12.5,12.5,2013-01-10,Withdrawn,,2017-08-31 00:00:00,,,,,,C,0.0,,
0399,Mohawk Valley HVDC,American Electric Power,Oneida-Bronx,NY,Marcy - Mott Haven 345kV,NYPA/ConEd,DC Transmission,1000.0,1000,1000,2013-02-27,Withdrawn,,2013-06-30 00:00:00,,,,,,"E, J",0.0,,
0400,Linden Cogen Uprate,East Coast Power LLC,Linden,NJ,Linden Cogen 345kV,ConEd,Combustion Turbine,208.0,208,204,2013-03-04,Withdrawn,,2015-10-31 00:00:00,,,,,,J,0.0,,
0401,Caithness Long Island II,"Caithness Long Island II, LLC",Suffolk,NY,Sills Road Substation 138kV,LIPA,Dual Fuel,632.0,599,632,2013-03-22,Withdrawn,,2018-09-30 00:00:00,,,,,,K,0.0,,
0402,Marcy - PV 345,NextEra Energy Transmission,Oneida-Dutchess,NY,Marcy - P. Valley 345kV,NM-NG/NYPA/ ConEd,AC Transmission,0.0,TBD,TBD,2013-05-17,Withdrawn,,2015-02-28 00:00:00,,,,,,E-G,0.0,,
0404,Princetown - Rotterdam 230,NextEra Energy Transmission,Schenectady,NY,Princetown - Rotterdam 230kV,NM-NG,AC Transmission,0.0,TBD,TBD,2013-06-04,Withdrawn,,2016-05-31 00:00:00,,,,,,F,0.0,,
0405,Oakdale - Fraser 345,NextEra Energy Transmission,Broome-Delaware,NY,Oakdale - Fraser 345kV,NYSEG,AC Transmission,0.0,TBD,TBD,2013-06-21,Withdrawn,,2015-12-31 00:00:00,,,,,,"C, E",0.0,,
0406,Marcy - KB - PV 345,NextEra Energy Transmission,Oneida-Dutchess,NY,Marcy - P. Valley 345kV,NM-NG/NYPA/ ConEd,AC Transmission,0.0,TBD,TBD,2013-06-21,Withdrawn,,2015-02-28 00:00:00,,,,,,E-G,0.0,,
0407,Edic-N.Scotland-Leed-PV,National Grid,Oneida-Dutchess,NY,Edic - Pleasant Valley 345kV,NM-NG,AC Transmission,0.0,TBD,TBD,2013-07-01,Withdrawn,,2015-02-28 00:00:00,,,,,,E-G,0.0,,
0408,Edic-Princetown-N.Scotland-Leeds-PV,National Grid,Oneida-Dutchess,NY,Edic - Pleasant Valley 345kV,NM-NG,AC Transmission,0.0,TBD,TBD,2013-07-01,Withdrawn,,2015-02-28 00:00:00,,,,,,"E, G",0.0,,
0409,Edic-Knickerbocker-PV,National Grid,Oneida-Dutchess,NY,Edic - Pleasant Valley 345kV,NM-NG,AC Transmission,0.0,TBD,TBD,2013-07-01,Withdrawn,,2015-02-28 00:00:00,,,,,,"E, G",0.0,,
0410,Edic-Princetown-Knickerbocker-PV,National Grid,Oneida-Dutchess,NY,Edic - Pleasant Valley 345kV,NM-NG,AC Transmission,0.0,TBD,TBD,2013-07-01,Withdrawn,,2015-02-28 00:00:00,,,,,,"E, G",0.0,,
0411,BCDC Transmission,BCDC Transmission LLC,NY,NY,NJ - Farragut Substation 345kV,ConEd,AC Transmission,400.0,400,400,2013-07-01,Withdrawn,,2013-12-31 00:00:00,,,,,,J,0.0,,
0412,Oakdale - Fraser 345,NY State Electric & Gas,Broome-Delaware,NY,Oakdale - Fraser 345kV,NYSEG,AC Transmission,0.0,,,2013-08-20,Withdrawn,,2016-07-31 00:00:00,,,,,,"C, E",0.0,,
0413,Edic-Prince.-N.Scotland-Knick.-PV,National Grid,Oneida-Dutchess,NY,Edic - Pleasant Valley 345kV,NM-NG,AC Transmission,0.0,TBD,TBD,2013-08-21,Withdrawn,,2015-02-28 00:00:00,,,,,,"E, G",0.0,,
0414,Segment B Enhanced,"North America Transmission, LLC",Albany-Dutchess,NY,New Scotland - P. Valley 345kV,NM-NG/ConEd/ O&R/CHGE,AC Transmission,0.0,,,2013-09-05,Withdrawn,,2019-04-30 00:00:00,,,,,,"F, G",0.0,,
0415,Connect NY,Iberdrola USA,Albany-Dutchess,NY,New Scotland - Hurley Ave 345kV,NM-NG/Cen Hud,DC Transmission,1000.0,1000,1000,2013-09-06,Withdrawn,,2014-10-31 00:00:00,,,,,,"F, G",0.0,,
0416,Marcy - KB - PV 345 (2),NextEra Energy Transmission,Oneida-Dutchess,NY,Marcy - P. Valley 345kV,NM-NG/NYPA/ ConEd,AC Transmission,0.0,TBD,TBD,2013-09-09,Withdrawn,,2015-02-28 00:00:00,,,,,,"E, G",0.0,,
0417,Marcy - KB - PV 345 (3),NextEra Energy Transmission,Oneida-Dutchess,NY,Marcy - P. Valley 345kV,NM-NG/NYPA/ ConEd,AC Transmission,0.0,TBD,TBD,2013-09-09,Withdrawn,,2016-05-31 00:00:00,,,,,,"E, G",0.0,,
0418,Marcy - NS - PV 345,NextEra Energy Transmission,Oneida-Dutchess,NY,Marcy - P. Valley 345kV,NM-NG/NYPA/ ConEd,AC Transmission,0.0,TBD,TBD,2013-09-09,Withdrawn,,2015-03-31 00:00:00,,,,,,"E, G",0.0,,
0419,Marcy - NS - KB - PV 345,NextEra Energy Transmission,Oneida-Dutchess,NY,Marcy - P. Valley 345kV,NM-NG/NYPA/ ConEd,AC Transmission,0.0,TBD,TBD,2013-09-16,Withdrawn,,2016-05-31 00:00:00,,,,,,"E, G",0.0,,
0420,Marcy - KB - PV 345 (4),NextEra Energy Transmission,Oneida-Dutchess,NY,Marcy - P. Valley 345kV,NM-NG/NYPA/ ConEd,AC Transmission,0.0,TBD,TBD,2013-09-16,Withdrawn,,2015-02-28 00:00:00,,,,,,"E, G",0.0,,
0424,Leeds Path West,"Boundless Energy NE, LLC",Greene-Westchester,NY,Leeds - Millwood 345kV,NM-NG/NYPA/ Cen Hud/ConEd/NYSEG,AC Transmission,0.0,,,2013-11-26,Withdrawn,,2017-02-28 00:00:00,,,,,,G-J,0.0,,
0425,Brookfield Wind Energy,"NextEra Energy Resources, LLC","Chenango, Madison",NY,Chadwicks - Yahnundadis 115kV,NM-NG/NYSEG,Wind,100.3,100.3,100.3,2013-12-11,Withdrawn,,2015-05-31 00:00:00,,,,,,E,0.0,,
0426,NS-Knickerbocker-PV,"North America Transmission, LLC",Albany-Dutchess,NY,New Scotland - P. Valley 345kV,NM-NG/ConEd,AC Transmission,0.0,TBD,TBD,2013-12-11,Withdrawn,,2014-02-28 00:00:00,,,,,,F-G,0.0,,
0427,Island Park Energy Center CCPP,"Island Park Energy Center, LLC",Nassau,NY,Barrett Power Station 138kV,LIPA,Combustion Turbine,295.0,268,295,2014-01-24,Withdrawn,,2017-02-28 00:00:00,,,,,,K,0.0,,
0428,Island Park Energy Center SCPP,"Island Park Energy Center, LLC",Nassau,NY,Barrett Power Station 138kV,LIPA,Combustion Turbine,262.0,262,252,2014-01-24,Withdrawn,,2017-02-28 00:00:00,,,,,,K,0.0,,
0433,East Hampton - Phase 1,"East Hampton Solar Farm, LLC",Suffolk,NY,Amagansett Substation 69KV,LIPA,Solar,20.0,20,20,2014-04-21,Withdrawn,,2014-05-31 00:00:00,,,,,,K,0.0,,
0434,East Hampton - Phase 2,"East Hampton Solar Farm 2, LLC",Suffolk,NY,Amagansett Substation 69KV,LIPA,Solar,20.0,20,20,2014-04-21,Withdrawn,,2014-05-31 00:00:00,,,,,,K,0.0,,
0435,East Hampton - Phase 3,"East Hampton Solar Farm 2, LLC",Suffolk,NY,Amagansett Substation 69KV,LIPA,Solar,20.0,20,20,2014-04-21,Withdrawn,,2014-05-31 00:00:00,,,,,,K,0.0,,
0436,Riverhead - Phase 1,"East Hampton Solar Farm 2, LLC",Suffolk,NY,Edwards Substation 69KV,LIPA,Solar,20.0,20,20,2014-04-21,Withdrawn,,2014-05-31 00:00:00,,,,,,K,0.0,,
0437,Riverhead - Phase 2,"East Hampton Solar Farm 2, LLC",Suffolk,NY,Edwards Substation 69KV,LIPA,Solar,20.0,20,20,2014-04-21,Withdrawn,,2014-05-31 00:00:00,,,,,,K,0.0,,
0438,Riverhead - Phase 3,"East Hampton Solar Farm 2, LLC",Suffolk,NY,Edwards Substation 69KV,LIPA,Solar,20.0,20,20,2014-04-21,Withdrawn,,2014-05-31 00:00:00,,,,,,K,0.0,,
0439,East Garden City-Valley Stream,Boston Energy Trading,Nassau,NY,E. Garden City-Valley Stream 138kV,LIPA,AC Transmission,0.0,TBD,TBD,2014-05-09,Withdrawn,,2016-04-30 00:00:00,,,,,,K,0.0,,
0440,Erie Power,"Erie Power, LLC",Chautauqua,NY,South Ripley Substation 230kV,NM-NG,Combined Cycle,88.0,79.4,88,2014-06-02,Withdrawn,,2018-02-28 00:00:00,,,,,,A,0.0,,
0441,East Hampton Solar,"East Hampton Solar Farm, LLC",Suffolk,NY,Buell Substation 69kV,LIPA,Solar,60.0,60,60,2014-06-09,Withdrawn,,2015-01-31 00:00:00,,,,,,K,0.0,,
0442,Riverhead Solar,"Riverhead Solar Farm, LLC",Suffolk,NY,Edwards Substation 138kV,LIPA,Solar,24.0,24,24,2014-06-09,Withdrawn,,2015-05-31 00:00:00,,,,,,K,0.0,,
0443,Manorville Solar,"Manorville Solar, LLC",Suffolk,NY,Riverhead - Eastport 69kV,LIPA,Solar,16.0,16,16,2014-06-09,Withdrawn,,2015-04-30 00:00:00,,,,,,K,0.0,,
0445,Lighthouse Wind,"Lighthouse Wind, LLC",Niagara,NY,AES Somerset Substation 345kV,NYSEG,Wind,201.3,201.3,201.3,2014-06-30,Withdrawn,,2021-02-28 00:00:00,,,,,,A,0.0,,
0446,Jockey Hill Solar,"Solar Alliance Freedom, Inc.",Ulster,NY,Hurley Substation 345kV,CenHud,Solar,2.0,2,2,2014-07-21,Withdrawn,,2014-09-30 00:00:00,,,,,,G,0.0,,
0447,East Hampton Expansion,FTS Devco LLC,Suffolk,NY,Amagansett Substation 69kV,LIPA,Solar,20.0,20,20,2014-07-25,Withdrawn,,2015-01-31 00:00:00,,,,,,K,0.0,,
0448,Alps HVDC,"Alps Interconnector, LLC",,NY,Alps Substation 345kV,NM-NG,DC Transmission,600.0,600,600,2014-08-12,Withdrawn,,2018-11-30 00:00:00,,,,,,F,0.0,,
0449,Stockbridge Wind,"Stockbridge Wind, LLC",Madison,NY,Whitman - Oneida 115kV,NM-NG,Wind,72.6,72.6,72.6,2014-08-13,Withdrawn,,2021-02-28 00:00:00,,,,,,C,0.0,,
0450,Stacy Solar,"Stacy Solar Center, LLC",Greene,NY,Coxsackie Substation 69kV,CenHud,Solar,20.0,20,20,2014-08-20,Withdrawn,,2015-02-28 00:00:00,,,,,,G,0.0,,
0451,Shortsville Solar,"Shortsville Solar Center, LLC",Ontario,NY,Substation #168 34.5kV,NYSEG,Solar,20.0,20,20,2014-08-20,Withdrawn,,2014-10-31 00:00:00,,,,,,B,0.0,,
0452,Taconic Solar,"Taconic Solar Center, LLC",Columbia,NY,Craryville Substation 34.5kV,NYSEG,Solar,10.0,10,10,2014-08-20,Withdrawn,,2014-10-31 00:00:00,,,,,,F,0.0,,
0453,Blue Hill Solar,"Blue Hill Solar Center, LLC",Columbia,NY,Blue Stores Substation 115kV,NM-NG,Solar,20.0,20,20,2014-08-20,Withdrawn,,2014-10-31 00:00:00,,,,,,F,0.0,,
0454,Sabin Solar,"Sabin Solar Center, LLC",Herkimer,NY,Salisbury Substation 115kV,NM-NG,Solar,20.0,20,20,2014-08-20,Withdrawn,,2014-10-31 00:00:00,,,,,,E,0.0,,
0455,Roseway Solar,"Roseway Solar, LLC",Sullivan,NY,34.5kV,NYSEG,Solar,19.9,19.9,19.9,2014-08-21,Withdrawn,,2015-02-28 00:00:00,,,,,,E,0.0,,
0456,Woodhull Solar,"ESA Solar NY, LLC",Steuben,NY,Woodhull Substation,NYSEG,Solar,0.7,0.7,0.7,2014-09-09,Withdrawn,,2015-07-31 00:00:00,,,,,,C,0.0,,
0457,Bellmont Wind,RES America Developments Inc.,,NY,"Brainardsville, NY",NYSEG,Wind,19.8,19.8,19.8,2014-09-22,Withdrawn,,2014-12-31 00:00:00,,,,,,,0.0,,
0458,CH Interconnection,"TDI-USA Holdings, Inc.",Quebec-NY,NY,Astoria Annex Substation 345kV,NYPA,DC Transmission,1000.0,1000,1000,2014-10-24,Withdrawn,,2021-05-31 00:00:00,,,,,,J,0.0,,
0459,Warsaw Solar,"ESA Solar NY, LLC",Wyoming,NY,Wethersfield Substation 115kV,NYSEG,Solar,2.0,2,2,2014-11-05,Withdrawn,,2014-12-31 00:00:00,,,,,,B,0.0,,
0460,Dryden Solar,"Dryden Solar, LLC",Thompkins,NY,,NYSEG,Solar,5.0,5,5,2014-11-10,Withdrawn,,2014-12-31 00:00:00,,,,,,C,0.0,,
0463,62 Weeks Rd. Fuel Cell,Long Island Clean Energy Project LLC,Suffolk,NY,69kV,LIPA,,19.9,19.9,19.9,2014-12-05,Withdrawn,,2015-01-31 00:00:00,,,,,,K,0.0,,
0464,Pulaski Rd. Fuel Cell,Long Island Clean Energy Project LLC,Suffolk,NY,138kV,LIPA,,19.9,19.9,19.9,2014-12-05,Withdrawn,,2015-01-31 00:00:00,,,,,,K,0.0,,
0465,Hudson Transmission NY to PJM,Hudson Transmission Partners,NY,NY,W49th St 345kV - Bergen 230kV,ConEd,DC Transmission,675.0,675,675,2014-12-15,Withdrawn,,2021-01-31 00:00:00,,,,,,J,0.0,,
0466,Bone Run Wind,"Atlantic Wind, LLC",Cattaraugus,NY,Falconer - Homer Hill 115kV,NM-NG,Wind,132.0,132,132,2014-12-16,Withdrawn,,2021-02-28 00:00:00,,,,,,A,0.0,,
0468,Galloo Island Wind,Apex Clean Energy LLC,Oswego,NY,Hammermill - Wine Creek 115kV,NM-NG,Wind,110.4,110.4,110.4,2014-12-30,Withdrawn,,2021-02-28 00:00:00,,,,,,C,0.0,,
0469,Edic-PV 345,NextEra Energy Transmission,Oneida-Dutchess,NY,Edic - Pleasant Valley 345kV,NM-NG/ConEd,AC Transmission,0.0,TBD,TBD,2015-01-06,Withdrawn,,2015-05-31 00:00:00,,,,,,"E, G",0.0,,
0470,Knickerbocker 115,NextEra Energy Transmission,Columbia-Rensselaer,NY,Greenbush - Churchtown 115kV,NM-NG/NYSEG/ CHGE,AC Transmission,0.0,TBD,TBD,2015-01-06,Withdrawn,,2016-05-31 00:00:00,,,,,,F,0.0,,
0471,Marcy-Princetown 345,NextEra Energy Transmission,Oneida-Albany,NY,Marcy - Princetown 345kV,NM-NG/NYPA/ ConEd,AC Transmission,0.0,TBD,TBD,2015-01-06,Withdrawn,,2016-05-31 00:00:00,,,,,,"E, F",0.0,,
0472,Knickerbocker 345,NextEra Energy Transmission,Rensselaer-Dutchess,NY,Knickerbocker - P. Valley 345kV,NM-NG/ConEd,AC Transmission,0.0,TBD,TBD,2015-01-06,Withdrawn,,2016-05-31 00:00:00,,,,,,F,0.0,,
0473,Calverton Solar,Calverton Solar LLC,Suffolk,NY,Riverhead - Wildwood 69kV,LIPA,Solar,10.0,10,10,2015-01-21,Withdrawn,,2019-02-28 00:00:00,,,,,,K,0.0,,
0474,North Slope Wind,EDP Renewables North America,Franklin-Clinton,NY,Patnode 230kV,NYPA,Wind,200.0,200,200,2015-01-30,Withdrawn,,2021-02-28 00:00:00,,,,,,D,0.0,,
0475,Windy Hill Solar,"OneEnergy Development, LLC",Washington,NY,Battenkill Substation 115kV,NM-NG,Wind,20.0,20,20,2015-02-02,Withdrawn,,2015-07-31 00:00:00,,,,,,F,0.0,,
0476,"Edic-PV, Oakdale-Fraser",NY State Electric & Gas,Oneida-Delaware,NY,"Edic-PV, Oakdale-Fraser 345kV",NM-NG/NYSEG,AC Transmission,0.0,,,2015-02-12,Withdrawn,,2016-07-31 00:00:00,,,,,,E,0.0,,
0478,Hurley Ave PARs,Central Hudson Gas & Electric,Dutchess,NY,Hurley Ave 345kV,CHGE/NM-NG/NYSEG,AC Transmission,0.0,TBD,TBD,2015-02-17,Withdrawn,,2016-03-31 00:00:00,,,,,,G,0.0,,
0479,"Edic-NS, Hurley PARs",Central Hudson Gas & Electric,Oneida-Dutchess,NY,"Edic-NS, Hurley Ave 345kV",CHGE/NM-NG/NYSEG/NYPA,AC Transmission,0.0,TBD,TBD,2015-02-17,Withdrawn,,2016-03-31 00:00:00,,,,,,E-G,0.0,,
0480,"Edic-NS, Knickerbocker-PV",National Grid,Oneida-Dutchess,NY,"Edic-NS, Knickerbocker-PV 345kV",NM-NG/ConEd,AC Transmission,0.0,TBD,TBD,2015-02-20,Withdrawn,,2016-05-31 00:00:00,,,,,,E-G,0.0,,
0481,Leeds - Pleasant Valley,National Grid,Greene-Dutchess,NY,Leeds - P. Valley 345kV,NM-NG/ConEd,AC Transmission,0.0,TBD,TBD,2015-02-20,Withdrawn,,2015-12-31 00:00:00,,,,,,G,0.0,,
0482,"Edic-NS, NS-Leeds-PV",National Grid,Oneida-Dutchess,NY,"Edic-NS, NS-Leeds-PV 345kV",NM-NG/ConEd,AC Transmission,0.0,TBD,TBD,2015-02-20,Withdrawn,,2015-12-31 00:00:00,,,,,,"E, G",0.0,,
0483,"NS-Leeds, Leeds-PV",National Grid,Albany-Dutchess,NY,"NS-Leeds, Leeds-PV 345kV",NM-NG/ConEd,AC Transmission,0.0,TBD,TBD,2015-02-20,Withdrawn,,2015-12-31 00:00:00,,,,,,"F, G",0.0,,
0484,"Edic-NS, NS-Leeds, Leeds-PV",National Grid,Oneida-Dutchess,NY,"Edic-NS, NS-Leeds, Leeds-PV 345kV",NM-NG/ConEd,AC Transmission,0.0,TBD,TBD,2015-02-20,Withdrawn,,2015-12-31 00:00:00,,,,,,"E, G",0.0,,
0485,Knickerbocker-PV,National Grid,Columbia-Dutchess,NY,Knickerbocker - P. Valley 345kV,NM-NG/ConEd,AC Transmission,0.0,TBD,TBD,2015-03-04,Withdrawn,,2016-05-31 00:00:00,,,,,,"F, G",0.0,,
0486,Buell Battery Storage,LI Energy Storage System,Suffolk,NY,East Hampton Substation 69kV,LIPA,Energy Storage,20.0,20,20,2015-03-09,Withdrawn,,2015-10-31 00:00:00,,,,,,K,0.0,,
0487,Far Rockaway Battery Storage,"LI Energy Storage System, LLC",Nassau,NY,Far Rockaway 69kV,LIPA,Energy Storage,20.0,20,20,2015-03-09,Withdrawn,,2022-10-31 00:00:00,,,,,,K,0.0,,
0488,Glenwood Battery Storage,LI Energy Storage System,Suffolk,NY,Glenwood Substation 69kV,LIPA,Energy Storage,20.0,20,20,2015-03-09,Withdrawn,,2017-04-30 00:00:00,,,,,,K,0.0,,
0489,Southampton Battery Storage,LI Energy Storage System,Suffolk,NY,Southampton 69kV,LIPA,Energy Storage,20.0,20,20,2015-03-09,Withdrawn,,2015-10-31 00:00:00,,,,,,K,0.0,,
0491,Yaphank Fuel Cell Park,"Yaphank Fuel Cell Park, LLC",Suffolk,NY,Yaphank Substation 69kV,LIPA,Energy Storage,19.6,19.6,19.6,2015-03-23,Withdrawn,,2015-07-31 00:00:00,,,,,,K,0.0,,
0492,Setauket Fuel Cell Park,"Setauket Fuel Cell Park, LLC",Suffolk,NY,Terryville Substation 69kV,LIPA,Fuel Cell,19.6,19.6,19.6,2015-03-23,Withdrawn,,2016-09-30 00:00:00,,,,,,K,0.0,,
0493,EPCAL Fuel Cell Park,"EPCAL Fuel Cell Park, LLC",Suffolk,NY,Riverhead 69 kV,LIPA,Fuel Cell,19.6,19.6,19.6,2015-03-30,Withdrawn,,2016-01-31 00:00:00,,,,,,K,0.0,,
0494,Alabama Ledge Wind,Alabama Ledge Wind Farm LLC,Genesee,NY,Lockport - Oakfield 115kV,NM-NG,Wind,79.8,79.8,79.8,2015-03-31,Withdrawn,,2020-01-31 00:00:00,,,,,,B,0.0,,
0496,Renovo Energy Center,"Renovo Energy Center, LLC",Clinton,PA,Homer City - Mainsburg 345kV,NYSEG,Combined Cycle,504.0,480,504,2015-04-13,Withdrawn,,2021-02-28 00:00:00,,,,,,C,0.0,,
0497,Bull Run Wind,Invenergy Wind Development LLC,Clinton,NY,Patnode 230kV,NYPA,Wind,303.6,303.6,303.6,2015-04-24,Withdrawn,,2023-01-31 00:00:00,,,,,,D,0.0,,
0498,Tioga County Power,"ESC Tioga County Power, LLC",Tioga,PA,Homer City - Mainsburg 345kV,NYSEG,Combined Cycle,550.0,550,550,2015-04-29,Withdrawn,,2021-02-28 00:00:00,,,,,,C,0.0,,
0499,Sharon Solar,Sharon Solar LLC,Schoharie,NY,Sharon Substation 69kV,NM-NG,Solar,19.6,19.6,19.6,2015-05-07,Withdrawn,,2015-10-31 00:00:00,,,,,,F,0.0,,
0500,Regeneron Solar,Regeneron Solar LLC,Rensselaer,NY,"East Greenbush, NY",NM-NG,Solar,2.0,2,2,2015-05-12,Withdrawn,,2015-08-31 00:00:00,,,,,,F,0.0,,
0501,Mariaville 2 Solar,Regeneron Solar LLC,Schenectady,NY,"Mariaville, NY",NM-NG,Solar,2.0,2,2,2015-05-12,Withdrawn,,2015-08-31 00:00:00,,,,,,F,0.0,,
0502,Lincoln Park,Lincoln Park DG LLC,Dutchess,NY,Lincoln Park Substation,CHGE,,18.3,18.3,18.3,2015-05-22,Withdrawn,,2015-06-30 00:00:00,,,,,,F,0.0,,
0503,East Kingston,East Kingstson DG LLC,Dutchess,NY,East Kingston Substation,CHGE,,18.3,18.3,18.3,2015-05-22,Withdrawn,,2015-06-30 00:00:00,,,,,,F,0.0,,
0504,Saugerties,NY DG Holding LLC,Dutchess,NY,Saugerties Substation,CHGE,,18.3,18.3,18.3,2015-05-22,Withdrawn,,2015-06-30 00:00:00,,,,,,F,0.0,,
0505A,Hurley Ave & Saugerties,Central Hudson,Greene-Ulster,NY,Hurley Ave & Saugerties 69kV,CHGE,AC Transmission,0.0,TBD,TBD,2015-06-05,Withdrawn,,2015-10-31 00:00:00,,,,,,G,0.0,,
0506,Empire State Connector,Empire State Connector Corp.,Onondaga,NY,Marcy - Gowanus 345kV,NYPA/ConEd,DC Transmission,1000.0,1000,1000,2015-06-10,Withdrawn,,2023-01-31 00:00:00,,,,,,"E, J",0.0,,
0507,Glens Falls Hydro,"Erie Boulevard Hydropower, LP",Washington,NY,Henry St. - Glens Falls 34.5kV,NM-NG,Hydro,14.8,14.8,14.8,2015-07-02,Withdrawn,,2016-12-31 00:00:00,,,,,,F,0.0,,
0508,Blue Circle,Blue Circle DG LLC,Greene,NY,LaFarge - PV 115 kV,NM-NG,Fuel Cell,18.2,18.2,18.2,2015-07-17,Withdrawn,,2016-02-29 00:00:00,,,,,,G,0.0,,
0509,North Catskill,North Catskill DG LLC,Greene,NY,North Catskill Substation,CHGE,,18.2,18.2,18.2,2015-07-17,Withdrawn,,2015-08-31 00:00:00,,,,,,G,0.0,,
0511,Ogdensburg,"AG Energy, LP",St. Lawrence,NY,North Ogdensburg Substation,NM-NG,Combined Cycle,90.1,79,90.1,2015-09-04,Withdrawn,,2019-09-30 00:00:00,,,,,,E,0.0,,
0512,Lyons Fills Mill Hydro,Northbrook Lyons Falls,Lewis,NY,Taylorville- Boonville 115 kV,NM-NG,Hydro,2.5,2.5,2.5,2015-09-11,Withdrawn,,2019-06-30 00:00:00,,,,,,E,0.0,,
0514,Empire Wind,RES Americas Developments Inc.,Rensselaer,NY,Stephentown - Greenbush 115kV,NM-NG,Wind,120.0,120,120,2015-10-01,Withdrawn,,2018-07-31 00:00:00,,,,,,F,0.0,,
0515,Liberty Generation,North Bergen Liberty Generation Center LLC,NY,NY,W49th St 345kV,ConEd,Combined Cycle,1000.0,1000,1000,2015-10-07,Withdrawn,,2018-01-31 00:00:00,,,,,,J,0.0,,
0516,Linden Cogen Uprate,East Coast Power LLC,Union,NJ,Linden Cogen 345kV,ConEd,Combustion Turbine,234.4,234.4,234.4,2015-10-12,Withdrawn,,2020-02-29 00:00:00,,,,,,J,0.0,,
0518,Compass,PPL Electric Utilities,Rockland,NY,Lackawanna - Ramapo 345kV,ConEd,AC Transmission,0.0,,,2015-10-27,Withdrawn,,2021-05-31 00:00:00,,,,,,G,0.0,,
0520,Rolling Upland Wind,EDP Renewables North America,Madison,NY,County Line - Brothertown 115kV,NYSEG,Wind,72.6,72.6,72.6,2015-12-03,Withdrawn,,2023-01-31 00:00:00,,,,,,E,0.0,,
0521,Bull Run II Wind,Bull Run Energy LLC,Clinton,NY,"Patnode-Duley, Ryan-Plattsburgh 230kV",NYPA,Wind,449.0,449,449,2015-12-15,Withdrawn,,2026-03-31 00:00:00,,,,,,D,0.0,,
0523,Dunkirk Unit 2,Dunkirk Power LLC,Chautauqua,NY,Dunkirk 115kV,NM-NG,Steam Turbine,75.0,75,75,2015-12-17,Withdrawn,,2020-06-30 00:00:00,,,,,,A,0.0,,
0524,Dunkirk Unit 3 & 4,Dunkirk Power LLC,Chautauqua,NY,Dunkirk 230kV,NM-NG,Steam Turbine,370.0,370,370,2015-12-17,Withdrawn,,2020-06-30 00:00:00,,,,,,A,0.0,,
0525,Western NY Energy Link,NY Power Authority,Niagara,NY,Niagara - Stolle - Gardenville,NYPA/NYSEG,AC Transmission,0.0,,,2015-12-18,Withdrawn,,2018-02-28 00:00:00,,,,,,A,0.0,,
0526,North Ridge Wind,"Atlantic Wind, LLC",St. Lawrence,NY,Malone - Colton 115kV,NM-NG,Wind,100.0,100,100,2015-12-23,Withdrawn,,2023-01-31 00:00:00,,,,,,D,0.0,,
0527,Horse Creek Wind,"Atlantic Wind, LLC",Jefferson,NY,Indian River 115kV,NM-NG,Wind,250.0,250,250,2015-12-23,Withdrawn,,2017-07-31 00:00:00,,,,,,E,0.0,,
0528,Moderate Power Transfer,National Grid,Niagara-Erie,NY,"Niagara, Erie, Stolle, Gardenville",NM-NG,AC Transmission,0.0,,,2015-12-30,Withdrawn,,2017-09-30 00:00:00,,,,,,A,0.0,,
0529,High Power Transfer,National Grid,Niagara-Erie,NY,"Niagara, Erie, Stolle, Gardenville",NM-NG,AC Transmission,0.0,,,2015-12-30,Withdrawn,,2017-09-30 00:00:00,,,,,,A,0.0,,
0530,Empire State Line,"NextEra Energy Transmission NY, Inc.",Niagara-Erie,NY,Dysinger - Stolle 345kV,NYPA/NYSEG,AC Transmission,0.0,,,2016-01-04,Withdrawn,,2018-01-31 00:00:00,,,,,,A,0.0,,
0532,Allegany Wind,Invenergy Wind Development LLC,Allegany,NY,Freedom Substation,Village of Arcade,Wind,100.0,100,100,2016-02-01,Withdrawn,,2019-03-31 00:00:00,,,,,,B,0.0,,
0533,Empire Interconnection,Delano Management LLC,Nassau,NY,Far Rockaway Substation 69kV,LIPA,DC Transmission,275.0,275,275,2016-02-03,Withdrawn,,2017-11-30 00:00:00,,,,,,K,0.0,,
0534,Great Valley Solar,"OneEnergy Development, LLC",Washington,NY,Battenkill 34.5kV Substation,NM-NG,Solar,20.0,20,20,2016-02-03,Withdrawn,,2019-07-31 00:00:00,,,,,,F,0.0,,
0536,Glenwood,Empire Interconnection LLC,Suffolk,NY,Glenwood/Far Rockaway Station 69kV,LIPA,AC Transmission,275.0,275,275,2016-04-19,Withdrawn,,2017-11-30 00:00:00,,,,,,K,0.0,,
0537,Segment A,"NextEra Energy Transmission NY, Inc.",Oneida-Albany,NY,Edic - New Scotland 345kV,NM-NG/NYPA,AC Transmission,0.0,,,2016-04-25,Withdrawn,,2018-01-31 00:00:00,,,,,,"E, F",0.0,,
0538,Segment B,"NextEra Energy Transmission NY, Inc.",Albany-Dutchess,NY,Greenbush - PV 345kV,NM-NG/NYSEG/ CHGE/ConEd,AC Transmission,0.0,,,2016-04-25,Withdrawn,,2018-10-31 00:00:00,,,,,,"F, G",0.0,,
0539,Segment B Alt,"NextEra Energy Transmission NY, Inc.",Albany-Dutchess,NY,Greenbush - PV 345kV,NM-NG/NYSEG/ CHGE/ConEd,AC Transmission,0.0,,,2016-04-25,Withdrawn,,2018-10-31 00:00:00,,,,,,"F, G",0.0,,
0540,Connect NY Edic - PV,AVANGRID,Oneida-Dutchess,NY,Edic - PV 345kV,NM-NG/ ConEd,DC Transmission,1000.0,1000,1000,2016-04-28,Withdrawn,,2022-10-31 00:00:00,,,,,,"E, G",0.0,,
0541,Connect NY Edic - Ramapo,AVANGRID,Oneida-Dutchess,NY,Edic - Ramapo 345kV,NM-NG/ ConEd,DC Transmission,1000.0,1000,1000,2016-04-28,Withdrawn,,2022-10-31 00:00:00,,,,,,"E, G",0.0,,
0542,Segment A Edic-New Scotland,National Grid,Oneida-Albany,NY,Edic - New Scotland 345kV,NM-NG,AC Transmission,0.0,,,2016-05-04,Withdrawn,,2018-01-31 00:00:00,,,,,,"E, F",0.0,,
0544,Alle Catt Wind,Invenergy Wind Development LLC,Cattaraugus,NY,Freedom Substation 115kV,Village of Arcade,Wind,100.5,100.5,100.5,2016-05-04,Withdrawn,,2017-08-31 00:00:00,,,,,,A,0.0,,
0545,Sky High Solar,"Sky High Solar, LLC",Onondaga,NY,Tilden -Tully Center 115kV,NM-NG,Solar,20.0,20,20,2016-05-16,Withdrawn,,2026-01-31 00:00:00,,,,,,C,0.0,,
0547,Dysinger-Stolle,"North America Transmission, LLC",Niagara-Erie,NY,Dysinger - Stolle 345kV,NYPA/NYSEG/ NM-NG,AC Transmission,0.0,,,2016-05-25,Withdrawn,,2019-04-30 00:00:00,,,,,,A,0.0,,
0548,Dysinger-Stolle-Gardenville,"North America Transmission, LLC",Niagara-Erie,NY,Dysinger - Gardenville 345kV,NYPA/NYSEG/ NM-NG,AC Transmission,0.0,,,2016-05-25,Withdrawn,,2017-10-31 00:00:00,,,,,,A,0.0,,
0549,Niagara-Dysinger-Stolle-Gardenville,"North America Transmission, LLC",Niagara-Erie,NY,Niagara - Gardenville 345kV,NYPA/NYSEG/ NM-NG,AC Transmission,0.0,,,2016-05-25,Withdrawn,,2017-10-31 00:00:00,,,,,,A,0.0,,
0550,Dysinger-Stolle-Gardenville II,"North America Transmission, LLC",Niagara-Erie,NY,Dysinger - Gardenville 345kV,NYPA/NYSEG/ NM-NG,AC Transmission,0.0,,,2016-06-02,Withdrawn,,2017-10-31 00:00:00,,,,,,A,0.0,,
0551,Caprock Solar,"OneEnergy Development, LLC",Monroe,NY,South Union - Sweden 115kV,NM-NG,Solar,20.0,20,20,2016-06-24,Withdrawn,,2017-08-31 00:00:00,,,,,,B,0.0,,
0552,Flotilla Solar,"OneEnergy Development, LLC",Monroe,NY,Brockport - Hamlin 115kV,NM-NG,Solar,20.0,20,20,2016-06-24,Withdrawn,,2017-08-31 00:00:00,,,,,,B,0.0,,
0553,Caspian Solar,"OneEnergy Development, LLC",Monroe,NY,Sweden - South Union 115kV,NM-NG,Solar,20.0,20,20,2016-06-24,Withdrawn,,2016-08-31 00:00:00,,,,,,B,0.0,,
0554,Lockheed Matin MST Syracuse,Lookheed Martin,,NY,Lockheed Martin switch 13.8kV,NM-NG,,0.0,,,2016-06-27,Withdrawn,,2016-07-31 00:00:00,,,,,,,0.0,,
0555,Segment A Base,"North America Transmission, LLC",Oneida-Albany,NY,Edic - New Scotland 345kV,NM-NG,AC Transmission,0.0,,,2016-07-06,Withdrawn,,2019-04-30 00:00:00,,,,,,"E, F",0.0,,
0557,Segment A Enhanced,"North America Transmission, LLC",Oneida-Albany,NY,Edic - New Scotland 345kV,NM-NG,AC Transmission,0.0,,,2016-07-06,Withdrawn,,2019-04-30 00:00:00,,,,,,"E, F",0.0,,
0558,Segment A 765,"North America Transmission, LLC",Oneida-Albany,NY,Edic - New Scotland 345kV,NM-NG/ NYPA,AC Transmission,0.0,,,2016-07-06,Withdrawn,,2019-04-30 00:00:00,,,,,,"E, F",0.0,,
0559,Segment B Base,"North America Transmission, LLC",Oneida-Albany,NY,Knickerbocker - PV 345kV,NM-NG/O&R CHGE/ConEd,AC Transmission,0.0,,,2016-07-06,Withdrawn,,2019-04-30 00:00:00,,,,,,"E, F",0.0,,
0560,Deer River Wind,"Deer River Wind, LLC",Lewis,NY,Black River-Lighthouse Hill 115kV,NM-NG,Wind,100.0,100,100,2016-07-08,Withdrawn,,2024-12-31 00:00:00,,,,,,E,0.0,,
0561,Astoria Generating Unit 4,Astoria Generating Company LP,NY,NY,Astoria West Substation 138 kV,ConEd,Steam Turbine,385.0,385,385,2016-07-18,Withdrawn,,2020-02-29 00:00:00,,,,,,J,0.0,,
0562,Hidden Meadow Solar,"OneEnergy Development, LLC",Columbia-Dutchess,NY,Milan - Churchtown 115kV,NM-NG,Solar,20.0,20,20,2016-07-22,Withdrawn,,2017-03-31 00:00:00,,,,,,"F, G",0.0,,
0563,Double Lock Solar,"Double Lock Solar, LLC",Herkimer,NY,St. Johnsville - Marshville 115kV,NM-NG,Solar,20.0,20,20,2016-07-25,Withdrawn,,2019-07-31 00:00:00,,,,,,E,0.0,,
0565,Tayandenega Solar,"Tayandenega Solar, LLC",Montgomery,NY,St. Johnsville - Inghams 115kV,NM-NG,Solar,20.0,20,20,2016-07-25,Withdrawn,,2025-06-30 00:00:00,,,,,,F,0.0,,
0567,Tribes Hill Solar,"Tribes Hill Solar, LLC",Montgomery,NY,Ephrata - Florida 69KV,NM-NG,Solar,20.0,20,20,2016-08-10,Withdrawn,,2018-06-30 00:00:00,,,,,,F,0.0,,
0568,Turkey Hollow Solar,"Turkey Hollow Solar, LLC",Delaware,NY,Grand Gorge - Axtell Road 115kV,NYSEG,Solar,20.0,20,20,2016-08-16,Withdrawn,,2018-01-31 00:00:00,,,,,,F,0.0,,
0569,Greene County,"Hecate Energy, LLC",Greene,NY,,CHGE,Solar,50.0,50,50,2016-08-17,Withdrawn,,2016-09-30 00:00:00,,,,,,G,0.0,,
0574,Mad River Wind,"Atlantic Wind, LLC",Jefferson-Oswego,NY,Volney - Marcy 345kV,NM-NG,Wind,450.0,450,450,2016-09-16,Withdrawn,,2023-01-31 00:00:00,,,,,,E,0.0,,
0576,Astoria Generating Unit 4,Astoria Generating Company LP,NY,NY,Astoria East Substation 138kV,ConEd,Steam Turbine,385.0,385,385,2016-09-16,Withdrawn,,2020-02-29 00:00:00,,,,,,J,0.0,,
0577,Greene County Energy,"Greene County Energy Properties, LLC",Greene,NY,New Baltimore - Coxsackie 69 kV,CHG&E,Solar,20.0,20,20,2016-09-20,Withdrawn,,2024-05-31 00:00:00,,,,,,G,0.0,,
0578,Sharon Solar,Sharon Solar LLC,Schoharie,NY,Sharon Substation 69kV,NM-NG,Solar,20.0,20,20,2016-09-20,Withdrawn,,2017-06-30 00:00:00,,,,,,F,0.0,,
0582,Sunny Knoll Solar,Sunny Knoll Solar LLC,Schoharie,NY,Cobleskill - Schoharie 69kV,NM-NG,Solar,20.0,20,20,2016-10-18,Withdrawn,,2019-05-31 00:00:00,,,,,,F,0.0,,
0585,Caledonia I Solar,Caledonia Solar LLC,Livingston,NY,Golah - South Perry 69kV,NM-NG,Solar,20.0,20,20,2016-11-07,Withdrawn,,2018-06-30 00:00:00,,,,,,A,0.0,,
0587,Fork Valley Solar,Fork Valley Solar LLC,Steuben,NY,Eelpot Rd 345.5kV Substation,NYSEG,Solar,20.0,20,20,2016-11-08,Withdrawn,,2018-07-31 00:00:00,,,,,,C,0.0,,
0588,Niagara Transmission Expansion,"Exelon Transmission Co., LLC",Niagara-Erie,NY,Niagara - Gardenville,NYPA/NYSEG/ NM-NG,AC Transmission,0.0,,,2016-11-15,Withdrawn,,2017-09-30 00:00:00,,,,,,A,0.0,,
0589,North Country Solar,"Duke Energy Renewables Solar, LLC",Lewis,NY,Boonville 46kV ,NM-NG,Solar,15.0,15,15,2016-12-02,Withdrawn,,2022-03-31 00:00:00,,,,,,E,0.0,,
0591,Highview Solar,SunEast Highview Solar LLC,Wyoming,NY,South Perry 34.5kV,NYSEG,Solar,20.0,20,20,2016-12-02,Withdrawn,,2026-05-31 00:00:00,,,,,,C,0.0,,
0592,Niagara Solar,Niagara NY Solar LLC,Wyoming,NY,Bennington 34.5kV,NYSEG,Solar,20.0,20,20,2016-12-02,Withdrawn,,2026-05-31 00:00:00,,,,,,A,0.0,,
0595,SW Energy,"North Park Energy, LLC",Cattaraugus,NY,Five Mile Rd Substation 115kV,NM-NG,Energy Storage,100.0,100,100,2016-12-29,Withdrawn,,2021-08-31 00:00:00,,,,,,A,0.0,,
0597,Greene County 3,Hecate Energy Greene County 3 LLC,Greene,NY,North Catskill - Coxsackie 69kV,CHG&E,Solar,20.0,20.0,20.0,2017-01-10,Withdrawn,,2024-05-31 00:00:00,,,,,,G,0.0,,
0599,LeRoy Solar,"LeRoy, LLC",Genesee,NY,LeRoy Substation 115kV,NGrid,Solar,20.0,20,20,2017-01-11,Withdrawn,,2017-04-30 00:00:00,,,,,,B,0.0,,
0600,Darby Solar,"Conti Enterprises, Inc.",Washington,NY,Mechanicville - Schaghticoke 34.5kV,NM-NG,Solar,20.0,20,20,2017-01-12,Withdrawn,,2019-04-30 00:00:00,,,,,,G,0.0,,
0601,Hood Cogen,HP Hood LLC,Madison,NY,Oneida - Fenner 115kV,NGrid,Combustion Turbine,4.0,4,4,2017-01-20,Withdrawn,,2018-12-31 00:00:00,,,,,,C,0.0,,
0602,Keesog Solar,Cypress Creek Renewables,Franklin,NY,Moses - Willis 230kV,NYPA,Solar,50.0,50,50,2017-01-30,Withdrawn,,2017-05-31 00:00:00,,,,,,D,0.0,,
0603,Riverhead,"Hecate Energy Riverhead, LLC",Suffolk,NY,Wildwood - Riverhead 69kV,LIPA,Solar,7.5,7.5,7.5,2017-02-03,Withdrawn,,2018-05-31 00:00:00,,,,,,K,0.0,,
0604,Columbia County 1,"Hecate Energy Columbia County 1, LLC",Columbia,NY,Craryville Substation 34.5kV,NYSEG,Solar,20.0,20,20,2017-02-07,Withdrawn,,2017-07-31 00:00:00,,,,,,G,0.0,,
0605,Columbia County 2,"Hecate Energy Columbia County 2, LLC",Columbia,NY,Craryville Substation 34.5kV,NYSEG,Solar,20.0,20,20,2017-02-07,Withdrawn,,2017-07-31 00:00:00,,,,,,G,0.0,,
0606,Columbia County 3,"Hecate Energy Craryville 3, LLC",Columbia,NY,Craryville Substation 34.5kV,NYSEG,Solar,10.0,10,10,2017-02-07,Withdrawn,,2017-07-31 00:00:00,,,,,,G,0.0,,
0607,Empire State Connector II,Empire State Connector Corporation,Oneida-NY,NY,Marcy - Astoria 345kV,NYPA/NM-NG/ ConEd,DC Transmission,1000.0,1000,1000,2017-02-08,Withdrawn,,2017-03-31 00:00:00,,,,,,"E, J",0.0,,
0608,Segment A,"ITC NY Development, LLC",Oneida-Albany,NY,Edic - New Scotland 345kV,NM-NG,AC Transmission,0.0,,,2017-02-08,Withdrawn,,2019-04-30 00:00:00,,,,,,"E, F",0.0,,
0609,Segment B,"ITC NY Development, LLC",Oneida-Albany,NY,Knickerbocker - PV 345kV,NM-NG/NYSEG/ CHGE/ConEd,AC Transmission,0.0,,,2017-02-08,Withdrawn,,2019-04-30 00:00:00,,,,,,"E, F",0.0,,
0610,Woodruff Solar,"Woodruff Solar, LLC",Livingston,NY,Golah - N. Lakeville 34.5KV,NM-NG,Solar,20.0,20,20,2017-02-10,Withdrawn,,2019-06-30 00:00:00,,,,,,A,0.0,,
0611,Badra Solar,"Badra Solar, LLC",Franklin,NY,Nicholville - Malone 115kV,NM-NG,Solar,20.0,20,20,2017-02-10,Withdrawn,,2017-03-31 00:00:00,,,,,,D,0.0,,
0613,Sugar Maple Solar,"OneEnergy Development, LLC",Herkimer,NY,Trenton Falls - Poland 46kV,NM-NG,Solar,20.0,20,20,2017-02-17,Withdrawn,,2019-06-30 00:00:00,,,,,,E,0.0,,
0614,Sabertooth Solar,"Sabertooth Solar, LLC",Cortland,NY,Willett - Lapeer 115kV,NYSEG,Solar,20.0,20,20,2017-02-22,Withdrawn,,2017-06-30 00:00:00,,,,,,B,0.0,,
0615,West Point II HVDC,"West Point Partners, LLC",Albany-Westchester,NY,New Scotland - Buchanan South 345kV,NM-NG/ConEd,DC Transmission,1000.0,1000,1000,2017-03-02,Withdrawn,,2019-02-28 00:00:00,,,,,,"F, H",0.0,,
0616,Mohawk Solar,"Heelstone Development, LLC",Herkimer,NY,Watkins Rd - Ilion 115kV,NM-NG,Solar,20.0,20,20,2017-03-23,Withdrawn,,2019-04-30 00:00:00,,,,,,E,0.0,,
0621,Saugerties Solar,"Blue Stone Solar Energy, LLC",Ulster,NY,Saugerties - Woodstock 69kV,CHGE,Solar,20.0,20,20,2017-03-27,Withdrawn,,2020-10-31 00:00:00,,,,,,G,0.0,,
0622,Alcoa Solar,"Geronimo Solar Energy, LLC",St. Lawrence,NY,13.8kV,NM-NG,Solar,20.0,20,20,2017-03-27,Withdrawn,,2017-06-30 00:00:00,,,,,,E,0.0,,
0623,Puckett Solar,"Conti Enterprises, Inc.",Chenango,NY,Chenango Forks 34.5kV Substation,NYSEG,Solar,20.0,20,20,2017-04-05,Withdrawn,,2017-06-30 00:00:00,,,,,,C,0.0,,
0624,Franklin Solar,"Franklin Solar, LLC",Franklin,NY,Malone 115kV Substation,NM-NG,Solar,150.0,150,150,2017-04-11,Withdrawn,,2023-01-31 00:00:00,,,,,,D,0.0,,
0625,Whitehart Solar,"Whitehart Solar, LLC",Sullivan,NY,Hyatt Rd.- Border City 115kV,NYSEG,Solar,20.0,20,20,2017-04-13,Withdrawn,,2018-09-30 00:00:00,,,,,,E,0.0,,
0626,KCE NY 1,"KCE NY 1, LLC",Saratoga,NY,Luther Forest 34.5kV Substation,NM-NG,,20.0,20,20,2017-04-14,Withdrawn,,2017-06-30 00:00:00,,,,,,F,0.0,,
0627,Southtown 2 Solar,"OneEnergy Development, LLC",,NY,North Angola 34.5kV Substation,NM-NG,Solar,20.0,20,20,2017-04-17,Withdrawn,,2017-06-30 00:00:00,,,,,,,0.0,,
0628,Slingshot 2 Solar,"OneEnergy Development, LLC",Steuben,NY,Hammondsport 34.5 kV Substation,NYSEG,Solar,20.0,20,20,2017-04-17,Withdrawn,,2017-08-31 00:00:00,,,,,,C,0.0,,
0629,Silver Lake Solar,"Silver Lake Solar, LLC",Wyoming,NY,South Perry 34.5kV,NYSEG,Solar,24.9,24.9,24.9,2017-04-27,Withdrawn,,2023-08-31 00:00:00,,,,,,,0.0,,
0630,Cayuga Solar,Cayuga Operating Co.,Lansing,NY,Milliken 34.5 Substation,NYSEG,Solar,20.0,20,20,2017-04-27,Withdrawn,,2018-01-31 00:00:00,,,,,,C,0.0,,
0632,Alps - Berkshire,GridAmerica Holdings Inc.,Rensselaer,NY,Alps - Berkshire 345kV,NM-NG,AC Transmission,0.0,,,2017-05-04,Withdrawn,,2022-10-31 00:00:00,,,,,,F,0.0,,
0633,Janis Solar,"Conti Enterprises, Inc.",,NY,Willet - Tarbell 34.5 kV,NYSEG,Solar,20.0,20,20,2017-05-15,Withdrawn,,2017-06-30 00:00:00,,,,,,B,0.0,,
0634,Champagne Storage,"Champagne Storage, LLC",Madison,NY,Oneida - Cortland 115kV,NM-NG,Energy Storage,20.0,20,20,2017-05-18,Withdrawn,,2018-01-31 00:00:00,,,,,,E,0.0,,
0635,Rising Solar,"Rising Solar, LLC",Orange,NY,Sugarloaf - Wisner 69kV,O&R,Solar,20.0,20,20,2017-06-14,Withdrawn,,2018-12-31 00:00:00,,,,,,G,0.0,,
0636,Daybreak Solar,"Daybreak Solar, LLC",Ulster,NY,East Walden Substation 69kV,CHGE,Solar,25.0,25,25,2017-06-15,Withdrawn,,2019-01-31 00:00:00,,,,,,G,0.0,,
0639,Owego Solar,Owego Solar LLC,Tioga,NY,South Owego - Stagecoach 115kV,NYSEG,Solar,20.0,20,20,2017-07-19,Withdrawn,,2017-11-30 00:00:00,,,,,,C,0.0,,
0640,Grissom Solar,"Granada Solar, LLC",Fulton,NY,Vail Mills Substation 69kV,NM-NG,Solar,20.0,20,20,2017-07-19,Withdrawn,,2017-11-30 00:00:00,,,,,,F,0.0,,
0641,Oakdale - Lafayette,AVANGRID,Broome-Onondaga,NY,Oakdale - Lafayette,NM-NG/NYSEG,AC Transmission,0.0,,,2017-07-24,Withdrawn,,2019-10-04 00:00:00,,,,,,C,0.0,,
0642,Jennison - Edic,AVANGRID,Chenango - Oneida,NY,Jennison - Edic,NM-NG/NYSEG,AC Transmission,0.0,,,2017-07-24,Withdrawn,,2019-10-04 00:00:00,,,,,,E,0.0,,
0643,Multiple Areas,AVANGRID,Steuben - Otsego,NY,Transmission Reinforcements,NM-NG/NYSEG,AC Transmission,0.0,,,2017-07-24,Withdrawn,,2019-10-04 00:00:00,,,,,,"C, E",0.0,,
0645,Manny Corner Solar,Oya Solar NY LP,Montgomery,NY,Meco - Rotterdam 115kV,NM-NG,Solar,20.0,20,20,2017-08-01,Withdrawn,,2018-03-31 00:00:00,,,,,,F,0.0,,
0646,Shaw Solar,Oya Solar NY LP,Jefferson,NY,Thousand Island 115kV,NM-NG,Solar,20.0,20,20,2017-08-01,Withdrawn,,2017-12-31 00:00:00,,,,,,E,0.0,,
0647,Robinson Solar,Oya Solar NY LP,Jefferson,NY,Thousand Island 115kV,NM-NG,Solar,20.0,20,20,2017-08-01,Withdrawn,,2018-03-31 00:00:00,,,,,,E,0.0,,
0648,Black Creek Solar,Oya Solar NY LP,Jefferson,NY,Thousand Island - Coffeen 115kV,NM-NG,Solar,20.0,20,20,2017-08-01,Withdrawn,,2017-12-31 00:00:00,,,,,,E,0.0,,
0649,Clare Rose,"CR Fuel Cell, LLC",Suffolk,NY,William Floyd 69kV,LIPA,Fuel Cell,13.9,13.9,13.9,2017-08-03,Withdrawn,,2021-12-31 00:00:00,,,,,,K,0.0,,
0650,Brookhaven Rail Terminal,"BRT Fuel Cell, LLC",Suffolk,NY,W. Yaphank - Yaphank 69kV,LIPA,Fuel Cell,18.5,18.5,18.5,2017-08-03,Withdrawn,,2021-12-31 00:00:00,,,,,,K,0.0,,
0651,Yaphank Solid Waste Management,"Yaphank Fuel Cell Park, LLC",Suffolk,NY,W. Yaphank - North Bellport 69kV,LIPA,Fuel Cell,7.4,7.4,7.4,2017-08-04,Withdrawn,,2018-10-31 00:00:00,,,,,,K,0.0,,
0652,Somerset Solar,Somerset Operating Company LLC,Monroe,NY,Kintigh Switchyard 69kV,NYSEG,Solar,19.9,19.9,19.9,2017-08-04,Withdrawn,,2018-02-01 00:00:00,,,,,,B,0.0,,
0653,Moffitt Solar,"Plattsburgh Solar, LLC",Clinton,NY,Northend - Woodruff Pond 46kV,NYSEG,Solar,20.0,20,20,2017-08-07,Withdrawn,,2018-09-30 00:00:00,,,,,,D,0.0,,
0654,Renovo Energy Center,Renovo Energy Center LLC,Clinton,PA,Homer City - Mainsburg 345kV,NYSEG,AC Transmission,0.0,,,2017-08-11,Withdrawn,,2023-04-30 00:00:00,,,,,,C,0.0,,
0655,Admiral Wind LLC,Admiral Wind LLC,Madison,NY,Fenner - Oneida 115kV,NM-NG,Wind,20.0,20,20,2017-08-11,Withdrawn,,2019-09-30 00:00:00,,,,,,C,0.0,,
0656,Taku Wind,Taku Wind LLC,Genesee,NY,Akron - Attica 34.5kV,NM-NG,Wind,20.0,20,20,2017-08-11,Withdrawn,,2018-01-31 00:00:00,,,,,,A,0.0,,
0657,Mistral Wind LLC,Mistral Wind LLC,Genesee,NY,Lockport - Batavia 115kV,NM-NG,Wind,20.0,20,20,2017-08-11,Withdrawn,,2018-11-30 00:00:00,,,,,,B,0.0,,
0658,Volney Solar Park,"CVE North America, Inc.",Fulton,NY,South Oswego - Clay 115kV,NM-NG,Solar,19.8,19.8,19.8,2017-08-29,Withdrawn,,2018-01-31 00:00:00,,,,,,F,0.0,,
0659,Westwood Rd,"Solar Liberty Energy Systems, Inc.",Erie,NY,Erie St - Alden 34.5kV,NYSEG,Solar,11.3,10.1,11.3,2017-09-19,Withdrawn,,2018-03-31 00:00:00,,,,,,A,0.0,,
0660,Liberty Dr,"Solar Liberty Energy Systems, Inc.",Niagara Falls,NY,Packard - Erie St 115 kV,NM-NG,Solar,7.4,7.4,7.4,2017-09-07,Withdrawn,,2018-03-31 00:00:00,,,,,,A,0.0,,
0661,Eden Evans Rd,"Solar Liberty Energy Systems, Inc.",Erie,NY,Shelton - Angola 34.5kV,NM-NG,Solar,18.0,18,18,2017-09-07,Withdrawn,,2018-03-31 00:00:00,,,,,,A,0.0,,
0662,Coldwater Solar,EDP Renewables North America LLC,Chautauqua,NY,Dunkirk - Gardenville 115kV,NM-NG,Solar,80.0,80,80,2017-09-07,Withdrawn,,2019-04-30 00:00:00,,,,,,A,0.0,,
0663,Main St,"Solar Liberty Energy Systems, Inc.",York,NY,Golah - South Perry 69 kV,NM-NG/NYSEG,Solar,10.8,10.8,10.8,2017-09-08,Withdrawn,,2018-03-31 00:00:00,,,,,,A,0.0,,
0664,South Cooper Solar,South Cooper Solar LLC,Cattaraugus,NY,Five Mile - Gardenville 115 kV,NM-NG,Solar,20.0,20,20,2017-09-14,Withdrawn,,2018-05-31 00:00:00,,,,,,A,0.0,,
0665,Forest Glen Solar,Forest Glen Solar LLC,Allagany,NY,Five Mile - Homer Hill 115kV,NM-NG,Solar,20.0,20,20,2017-09-14,Withdrawn,,2018-03-31 00:00:00,,,,,,A,0.0,,
0666,Martin Rd Solar,Martin Rd Solar LLC,Machias,NY,Arcade - Five Mile 115kV,NM-NG,,20.0,20.0,20.0,2017-09-14,Withdrawn,,2024-04-30 00:00:00,,,,,,A,0.0,,
0667,Bakerstand Solar,Bakerstand Solar LLC,Cattaraugus,NY,Machias - Maplehurst 34.5kV,NM-NG,,20.0,20,20,2017-09-14,Withdrawn,,2024-04-30 00:00:00,,,,,,A,0.0,,
0668,Liberty Generating Alternative,"North Bergen Liberty Generating, LLC",NY,NY,West 49th St 345kV,ConEd,Combined Cycle,1172.0,1171,1172,2017-09-15,Withdrawn,,2023-05-31 00:00:00,,,,,,J,0.0,,
0669,Clay Solar,SED NY Holdings LLC,Clay,NY,Clay - Lockheed 115kV,NM-NG,Solar,20.0,20,20,2017-09-21,Withdrawn,,2021-05-31 00:00:00,,,,,,C,0.0,,
0671,Linden Cogen Uprate,East Coast Power LLC,Union,NJ,Linden Cogen 345kV,ConEd,Combustion Turbine,32.0,32,23,2017-09-25,Withdrawn,,2020-11-30 00:00:00,,,,,,J,0.0,,
0672,Helix Ravenswood I,"LS Power Development, LLC",NY,NY,Rainey Substation 345kV,ConEd,Combustion Turbine,30.2,30.2,30.2,2017-10-06,Withdrawn,,2018-09-30 00:00:00,,,,,,J,0.0,,
0673,Helix Ravenswood II,"LS Power Development, LLC",NY,NY,Rainey Substation 345kV,ConEd,Combustion Turbine,72.4,72.4,72.4,2017-10-06,Withdrawn,,2018-09-30 00:00:00,,,,,,J,0.0,,
0674,Vernon Battery Storage I,"Helix Ravenswood, LLC",Queens,NY,Vernon Substation,ConEd,Energy Storage,10.0,10,10,2017-10-24,Withdrawn,,2018-08-31 00:00:00,,,,,,J,0.0,,
0675,Vernon Battery Storage II,"Helix Ravenswood, LLC",Queens,NY,Vernon Substation,ConEd,Energy Storage,10.0,10,10,2017-10-24,Withdrawn,,2018-08-31 00:00:00,,,,,,J,0.0,,
0676,Regan Solar,"Granada Solar, LLC",Chenango,NY,Guilford 46kV,NYSEG,Solar,20.0,20,20,2017-10-25,Withdrawn,,2018-03-31 00:00:00,,,,,,C,0.0,,
0677,Grange Solar,"Granada Solar, LLC",Broome,NY,Vincent Cors 34.5kV,NYSEG,Solar,20.0,20,20,2017-10-25,Withdrawn,,2018-01-31 00:00:00,,,,,,C,0.0,,
0679,NY City Offshore Wind,"Anbaric Development Partners, LLC, NY OceanGrid, LLC",Kings,NY,Gowanus 345kV,ConEd,DC Transmission,1200.0,1200,1200,2017-11-07,Withdrawn,,2024-05-31 00:00:00,,,,,,J,0.0,,
0680,Juno Power Express,"Anbaric Development Partners, LLC",Suffolk,NY,Ruland Rd. 138kV,LIPA,DC Transmission,1200.0,1200,1200,2017-11-07,Withdrawn,,2024-11-30 00:00:00,,,,,,K,0.0,,
0681,Magruder Solar,"Granada Solar, LLC",Ulster,NY,Modena - Galeville 115kV,CHGE,Solar,20.0,20,20,2018-01-02,Withdrawn,,2018-02-28 00:00:00,,,,,,G,0.0,,
0684,Lake Erie Connector,"ITC Lake Erie Connector, LLC",Chautauqua,NY,S. Ripley 230kV,NM-NG,AC Transmission,0.0,,,2018-01-18,Withdrawn,,2022-08-31 00:00:00,,,,,,A,0.0,,
0685,EPCAL 1,"sPower Development Company, LLC",Suffolk,NY,Riverhead - Brookhaven 138kV,LIPA,Solar,20.0,20,20,2018-01-19,Withdrawn,,2018-04-30 00:00:00,,,,,,K,0.0,,
0686,Bull Run Solar Energy Center,Invenergy Solar Development North America LLC,Clinton,NY,"Patnode-Duley, Ryan-Plattsburgh 230kV",NYPA,Solar,125.0,125,125,2018-01-26,Withdrawn,,2024-06-30 00:00:00,,,,,,D,0.0,,
0687,EPCAL 2,"sPower Development Company, LLC",Suffolk,NY,Edwards - Brookhaven 69kV,LIPA,Solar,150.0,150,150,2018-01-29,Withdrawn,,2018-06-30 00:00:00,,,,,,K,0.0,,
0688,East Walden Solar,EDF Renewable Development Inc.,Orange,NY,East Waldon Sutbation,CHGE,Solar,20.0,20,20,2018-02-02,Withdrawn,,2018-03-31 00:00:00,,,,,,G,0.0,,
0689,Goshen Solar,EDF Renewable Development Inc.,Orange,NY,Huntley Station 115kV,O&R,Solar,20.0,20,20,2018-02-02,Withdrawn,,2018-03-31 00:00:00,,,,,,G,0.0,,
0690,Slate Hill 1 Solar,EDF Renewable Development Inc.,Orange,NY,Shoemaker - Westtown,O&R,Solar,20.0,20,20,2018-02-02,Withdrawn,,2018-03-31 00:00:00,,,,,,G,0.0,,
0691,Slate Hill 2 Solar,EDF Renewable Development Inc.,Orange,NY,Shoemaker - Westtown,O&R,Solar,20.0,20,20,2018-02-02,Withdrawn,,2018-03-31 00:00:00,,,,,,G,0.0,,
0692,Astoria Storage on Demand,"Consolidated Edison Company of NY, Inc.",Queens,NY,North Queens Substation,ConEd,Energy Storage,15.0,15,15,2018-02-07,Withdrawn,,2018-03-31 00:00:00,,,,,,J,0.0,,
0693,Renovo Energy Center Uprate,"Renovo Energy Center, LLC",Clinton,PA,Homer City - Mainesburg 345kV,NYSEG,Combined Cycle,548.0,515,548,2018-02-13,Withdrawn,,2023-01-31 00:00:00,,,,,,C,0.0,,
0694,Sunset Hill Solar,"Sunset Hill Solar, LLC",Albany,NY,New Baltimore - Westerlo NW 69 kV,CHG&E,Solar,20.0,20,20,2018-02-16,Withdrawn,,2024-05-31 00:00:00,,,,,,G,0.0,,
0697,Ravenswood Energy Storage 1,"Helix Ravenswood, LLC",Queens,NY,Rainey - Farragut 345kV,ConEd,Energy Storage,129.0,129,129,2018-03-09,Withdrawn,,2023-01-31 00:00:00,,,,,,J,0.0,,
0698,Ravenswood Energy Storage 2,"Helix Ravenswood, LLC",Queens,NY,Vernon-Rainey 138kV,ConEd,Energy Storage,129.0,129,129,2018-03-09,Withdrawn,,2023-01-31 00:00:00,,,,,,J,0.0,,
0699,Ravenswood Gas,"Helix Ravenswood, LLC",Queens,NY,Rainey - Farragut 345kV,ConEd,Combustion Turbine,243.8,238.5,243.8,2018-03-09,Withdrawn,,2023-01-31 00:00:00,,,,,,J,0.0,,
0700,Robinson Grid,"Robinson Grid, LLC",Kings,NY,Gowanus 345kV,ConEd,Energy Storage,300.0,300,300,2018-03-13,Withdrawn,,2024-12-31 00:00:00,,,,,,J,0.0,,
0702,Long Island Offshore AC,"Anbaric Development Partners, LLC",Suffolk,NY,Ruland Rd. 138kV,LIPA,Wind,800.0,800,800,2018-03-15,Withdrawn,,2020-05-31 00:00:00,,,,,,K,0.0,,
0703,NY City Offshore AC,"Anbaric Development Partners, LLC",Kings,NY,Farragut 345kV,ConEd,Wind,800.0,800,800,2018-03-15,Withdrawn,,2020-05-31 00:00:00,,,,,,J,0.0,,
0705,Chaumont Solar,"Oya Solar NY, LP",Sullivan,NY,Thousand Island - Coffeen 115kV,NM-NG,Solar,160.0,160,160,2018-04-10,Withdrawn,,2018-07-31 00:00:00,,,,,,G,0.0,,
0706,High Bridge Wind,"High Bridge Wind, LLC",Chenango,NY,E. Norwich - Jennison 115kV,NYSEG,Wind,100.8,100.8,100.8,2018-04-25,Withdrawn,,2026-05-31 00:00:00,,,,,,E,0.0,,
0707,Bethlehem Battery,PSEG Power NY LLC,Albany,NY,Albany Substation 115kV,NM-NG,Energy Storage,10.0,10,10,2018-05-04,Withdrawn,,2018-11-30 00:00:00,,,,,,F,0.0,,
0708,Bethlehem Solar,PSEG Power NY LLC,Albany,NY,13.2kV Substation,NM-NG,Solar,1.0,1,1,2018-05-04,Withdrawn,,2018-06-30 00:00:00,,,,,,F,0.0,,
0709,Alder Creek Solar,"Alder Creek Solar, LLC",Oneida,NY,Chases Lake - Porter 230kV,NM-NG,Solar,165.0,165,165,2018-05-18,Withdrawn,,2024-05-31 00:00:00,,,,,,E,0.0,,
0711,Somerset Solar,Somerset Solar Development LLC,Monroe,NY,Kintigh Substation 345 kV,NYSEG,Solar,19.9,19.9,19.9,2018-05-31,Withdrawn,,2018-10-31 00:00:00,,,,,,B,0.0,,
0712,Cayuga Solar,Cayuga Solar LLC,Thompkins,NY,Milliken Substation 34.5kV,NYSEG,Solar,19.9,19.9,19.9,2018-05-31,Withdrawn,,2018-11-30 00:00:00,,,,,,C,0.0,,
0713,Edora B Solar Energy Center,"EDF Renewables Development, Inc.",Orange,NY,Hartley Substation 69kV,O&R,Solar,20.0,20,20,2018-06-01,Withdrawn,,2020-05-31 00:00:00,,,,,,G,0.0,,
0714,Edora C Solar Energy Center,"EDF Renewables Development, Inc.",Orange,NY,Shoemaker-Westtown 69kV,O&R,Solar,20.0,20,20,2018-06-01,Withdrawn,,2019-07-31 00:00:00,,,,,,G,0.0,,
0715,Suffragette Solar Energy Center,"EDF Renewables Development, Inc.",Cayuga,NY,Hyatt Substation 34.5kV,NYSEG,Solar,20.0,20,20,2018-06-01,Withdrawn,,2021-05-31 00:00:00,,,,,,C,0.0,,
0718,Cortland Energy Center,"Cortland Energy Center, LLC",Cortland,NY,Cortland - SUNY 115 kV,NM-NG,Solar,50.0,50,50,2018-06-07,Withdrawn,,2023-01-31 00:00:00,,,,,,C,0.0,,
0719,East Light Energy Center,"East Light Energy Center, LLC",Montgomery,NY,Meco - Rotterdam 115 kV,NM-NG,Solar,40.0,40,40,2018-06-07,Withdrawn,,2023-01-31 00:00:00,,,,,,F,0.0,,
0722,Manchester Solar,SED NY Holdings LLC,Ontario,NY,Station 168 34.5 kV line #704,RG&E,Solar,20.0,20,20,2018-06-07,Withdrawn,,2021-02-28 00:00:00,,,,,,C,0.0,,
0723,Lyonsdale Solar,"Lyonsdale Biomass, LLC",Lewis,NY,Lyonsdale Substation 115kV,NM-NG,Solar,19.9,19.9,19.9,2018-06-08,Withdrawn,,2019-04-30 00:00:00,,,,,,E,0.0,,
0724,Brewster Solar,"Brewster Solar, LLC",Putnam,NY,Pawling - Croton Falls 115kV,NYSEG,Solar,25.0,25,25,2018-06-08,Withdrawn,,2018-11-30 00:00:00,,,,,,G,0.0,,
0725,York Solar,"York Solar, LLC",Livingston,NY,Line #863 - 69kV,NM-NG,Solar,24.9,24.9,24.9,2018-06-08,Withdrawn,,2018-11-30 00:00:00,,,,,,A,0.0,,
0726,Niagara Falls Solar,"Niagara Falls Solar, LLC",Niagara,NY,Line #181 - 115kV,NM-NG,Solar,24.9,24.9,24.9,2018-06-08,Withdrawn,,2018-09-30 00:00:00,,,,,,A,0.0,,
0727,Alden Solar,"Alden Solar, LLC",Erie,NY,Cold Springs - Pulteny 34.5kV,NYSEG,Solar,24.9,24.9,24.9,2018-06-11,Withdrawn,,2018-09-30 00:00:00,,,,,,A,0.0,,
0728,Champlain Solar,"EDF Renewables Development, Inc.",Clinton,NY,Mason Corners-Sciota Flatrock 115kV,NYSEG,Solar,20.0,20,20,2018-06-11,Withdrawn,,2018-07-31 00:00:00,,,,,,E,0.0,,
0729,Quiet Meadows Solar,"EDF Renewables Development, Inc.",Oneida,NY,Oneida - Oneida Energy 115kV,NM-NG,Solar,20.0,20,20,2018-06-11,Withdrawn,,2018-08-31 00:00:00,,,,,,E,0.0,,
0732,Machias Solar,"Machias Solar, LLC",Cattaraugus,NY,Fivemile - Gardenville 115kV,NM-NG,Solar,20.0,20,20,2018-06-11,Withdrawn,,2018-12-31 00:00:00,,,,,,A,0.0,,
0733,Arcade Solar,"Arcade Solar, LLC",Wyoming,NY,Arcade - Bliss 115kv,Village of Arcade,Solar,19.9,19.9,19.9,2018-06-11,Withdrawn,,2018-11-30 00:00:00,,,,,,A,0.0,,
0736,Meads Hill Solar,"Empire State Solar, LLC",Schuyler,NY,Montour Falls - Greenidge 115kV,NYSEG,Solar,20.0,20,20,2018-06-12,Withdrawn,,2018-11-30 00:00:00,,,,,,C,0.0,,
0738,El Melville,Empire Offshore Wind LLC,Suffolk,NY,Ruland Rd. Substation 138kV,LIPA,Wind,816.0,816,816,2018-06-12,Withdrawn,,2023-01-31 00:00:00,,,,,,K,0.0,,
0739,Cody Road,Hecate Energy Cody Road LLC,Madison,NY,Fenner - Cortland 115kV,NM-NG,Wind,19.9,19.9,19.9,2018-06-12,Withdrawn,,2019-07-31 00:00:00,,,,,,C,0.0,,
0740,Oakdale Battery Storage,Oakdale Battery Storage LLC,Broome,NY,Oakdale Substation 115kV,NYSEG,Energy Storage,120.0,120,120,2018-06-18,Withdrawn,,2024-05-31 00:00:00,,,,,,C,0.0,,
0741,Bluestone Battery Storage,"Bluestone Wind, LLC",Broome,NY,Afton - Stilesville 115kV,NYSEG,Energy Storage,10.0,10,10,2018-07-02,Withdrawn,,2020-04-30 00:00:00,,,,,,E,0.0,,
0742,Astoria Storage on Demand,"Consolidated Edison Co. of NY, Inc.",Queens,NY,North Queens 27kV,ConEd,Energy Storage,1.5,1.5,1.5,2018-07-05,Withdrawn,,2022-01-31 00:00:00,,,,,,J,0.0,,
0743,Hornell Solar,Invenergy Solar Development North America LLC,Steuben,NY,Bennett 34.5kV,NYSEG,Solar,20.0,20,20,2018-07-16,Withdrawn,,2019-10-31 00:00:00,,,,,,C,0.0,,
0744,Magruder BESS,"Mitchell Energy Facility, LLC",Ulster,NY,East Walden - Modena 115kV,CHG&E,Energy Storage,20.0,20,20,2018-07-18,Withdrawn,,2026-01-31 00:00:00,,,,,,G,0.0,,
0745,Huckleberry Ridge Energy,"Energy Storage Resources, LLC",Orange,NY,Shoemaker-Westtown 69kV line #11 and Shoemaker to Deerpark 69 kV #14,O&R,Energy Storage,100.0,100,100,2018-07-25,Withdrawn,,2024-05-31 00:00:00,,,,,,G,0.0,,
0746,North Street Energy Storage,Peconic River Energy Storage LLC d/b/a North Street Energy Storage,Suffolk,NY,Brookhaven - Sills 138kV,LIPA,Energy Storage,150.0,150,150,2018-07-30,Withdrawn,,2023-05-31 00:00:00,,,,,,K,0.0,,
0747,White Creek Solar,White Creek Solar LLC,Livingston,NY,Jones - Mortimer 115kV,NM-NG,Solar,100.0,100,100,2018-07-30,Withdrawn,,2018-10-31 00:00:00,,,,,,A,0.0,,
0749,KCE NY 11,KCE NY 11 LLC,Orange,NY,Coldenham Substation 115kV,CHGE,Energy Storage,20.0,20,20,2018-08-10,Withdrawn,,2019-02-28 00:00:00,,,,,,G,0.0,,
0750,Bethpage Storage,"Calpine Mid Atlantic Development, LLC",Nassau,NY,Grumman Substation 69kV,LIPA,Energy Storage,50.0,50,50,2018-08-14,Withdrawn,,2019-05-31 00:00:00,,,,,,K,0.0,,
0751,Stony Brook Storage,"Calpine Mid Atlantic Development, LLC",Suffolk,NY,8LR substation 69kV,LIPA,Energy Storage,24.0,24,24,2018-08-14,Withdrawn,,8/31/21,,,,,,K,0.0,,
0752,Goldenrod Solar,"Granada Solar, LLC (Conti)",Herkimer,NY,Meco - Rotterdam 115 kV,NM-NG,Solar,90.0,90,90,2018-08-15,Withdrawn,,2018-10-31 00:00:00,,,,,,E,0.0,,
0753,Blue Star Solar,"Granada Solar, LLC (Conti)",Washington,NY,Mohican - Luther Forest 115kV,NM-NG,Solar,100.0,100,100,2018-08-15,Withdrawn,,2018-10-31 00:00:00,,,,,,F,0.0,,
0754,NY Ocean Grid - Canal,"Anbaric Development Partners, LLC",Suffolk,NY,Canal Substation 138kV,LIPA,Wind,800.0,800,800,2018-08-20,Withdrawn,,2020-08-31 00:00:00,,,,,,K,0.0,,
0755,NY Ocean Grid - Shoreham,"Anbaric Development Partners, LLC",Suffolk,NY,Shoreham Substation 138kV,LIPA,Wind,800.0,800,800,2018-08-20,Withdrawn,,2020-07-31 00:00:00,,,,,,K,0.0,,
0756,Rising Solar II,"Rising Solar, LLC",Orange,NY,Sugarloaf Substation - 69kV,O&R,Solar,20.0,20,20,2018-08-24,Withdrawn,,2021-01-31 00:00:00,,,,,,G,0.0,,
0757,Monarda Solar,"Granada Solar, LLC",Herkimer,NY,Meco - Rotterdam 115 kV,NM-NG,Solar,20.0,20,20,2018-08-29,Withdrawn,,2018-12-31 00:00:00,,,,,,E,0.0,,
0760,Moses-Adirondack,NY Power Authority,St. Lawrence-Lewis,NY,Moses - Adirondack 230kV,NYPA,AC Transmission,0.0,,,2018-09-07,Withdrawn,,3/31/21,,,,,,"D, E",0.0,,
0761,Athens Energy Center,Invenergy Solar Development LLC,Greene,NY,New Scotland - North Catskill 115kV,NM-NG,,100.0,100,100,2018-09-17,Withdrawn,,2018-10-31 00:00:00,,,,,,G,0.0,,
0762,Riverhead Storage Energy Center,Invenergy Storage Development LLC,Suffolk,NY,Brookhaven - Edwards Ave 138kV,LIPA,Energy Storage,75.0,75,75,2018-09-17,Withdrawn,,2020-03-31 00:00:00,,,,,,K,0.0,,
0763,Cicero Storage,Invenergy Solar Development LLC,Onondaga,NY,Pine Grove Substation 13.2kV,NM-NG,Energy Storage,10.0,10,10,2018-09-25,Withdrawn,,2020-01-31 00:00:00,,,,,,C,0.0,,
0764,NY Wind Canal,Bay State Wind LLC,Suffolk,NY,Canal Substation 138kV,LIPA,Wind,440.0,440,440,2018-09-28,Withdrawn,,2020-10-31 00:00:00,,,,,,K,0.0,,
0765,NY Wind Brookhaven,Bay State Wind LLC,Suffolk,NY,Brookhaven 138kV,LIPA,Wind,880.0,880,880,2018-09-28,Withdrawn,,2020-12-31 00:00:00,,,,,,K,0.0,,
0767,NY Wind Gowanus,Bay State Wind LLC,NY,NY,Gowanus Substation 345kV,ConEd,Wind,1200.0,1200,1200,2018-09-28,Withdrawn,,8/31/21,,,,,,J,0.0,,
0770,KCE NY 8a,KCE NY8 LLC,Greene,NY,South Cairo 13.2kV,CHG&E,Energy Storage,20.0,20,20,2018-10-09,Withdrawn,,2024-12-31 00:00:00,,,,,,G,0.0,,
0771,Mistral Wind Alternative,Mistral Wind LLC,Genesee,NY,N. Akron - Attica 34.5 kV,NM-NG,Wind,20.0,20,20,2018-10-10,Withdrawn,,2020-01-31 00:00:00,,,,,,B,0.0,,
0772,Hollyhock Solar,"Hollyhock Solar, LLC",Albany,NY,Leeds - New Scotland 115kV,NM-NG,Solar,20.0,20,20,2018-10-15,Withdrawn,,2018-12-31 00:00:00,,,,,,F,0.0,,
0773,Charboneau Solar,"Charboneau Solar, LLC",Essex,NY,Ticonderoga - Hague Road 115kV,NM-NG,Solar,20.0,20,20,2018-10-15,Withdrawn,,2019-04-30 00:00:00,,,,,,F,0.0,,
0778,Gowanus Gas Turbine Facility Repowering,Astoria Generating Company LP,Kings,NY,Gowanus Substation 345kV,ConEd,Combustion Turbine,588.0,549,588,2018-11-08,Withdrawn,,2023-01-31 00:00:00,,,,,,J,0.0,,
0779,Gedney Hill Solar,Hecate Energy Gedney Hill LLC,Albany,NY,New Baltimore - Westerlo 69kV,CHG&E,Solar,20.0,20,20,2018-11-09,Withdrawn,,2024-05-31 00:00:00,,,,,,G,0.0,,
0780,Johnstown Solar,Hecate Energy Johnstown LLC,Schenectady,NY,Stoner - Rotterdam 115kV,NM-NG,Solar,20.0,20,20,2018-11-09,Withdrawn,,2023-08-31 00:00:00,,,,,,,0.0,,
0782,Hornell Storage,Invenergy Solar Development North America LLC,Steuben,NY,Bennett 34.5kV,NYSEG,Energy Storage,20.0,20,20,2018-12-04,Withdrawn,,2020-04-30 00:00:00,,,,,,C,0.0,,
0784,High Bridge Battery,"High Bridge Wind, LLC",Chenango,NY,E. Norwich - Jennison 115kV,NYSEG,Energy Storage,5.0,5,5,2018-12-11,Withdrawn,,2024-06-30 00:00:00,,,,,,E,0.0,,
0785,Erie-Wyoming County Solar,ConnectGen Erie-Wyoming LLC,Wyoming,NY,Stolle Road - High Sheldon 230kV,NYSEG,,175.0,175,175,2018-12-12,Withdrawn,,2024-12-31 00:00:00,,,,,,C,0.0,,
0786,Ravenswood Energy Storage,"Ravenswood Development, LLC",Queens,NY,Rainey - Farragut 345kV,ConEd,Energy Storage,187.0,187,187,2018-12-20,Withdrawn,,2021-12-31 00:00:00,,,,,,J,0.0,,
0787,"Levy Grid, LLC","Levy Grid, LLC",Erie,NY,Gardenville Subsation 115kV,NM-NG,Energy Storage,150.0,150,150,2018-12-20,Withdrawn,,2026-06-30 00:00:00,,,,,,A,0.0,,
0788,Atlantic Shores Offshore Wind 7,"Atlantic Shores Offshore Wind Project 3, LLC",Nassau,NY,East Garden City 345kV Substation,NYPA,Wind,880.0,880,880,2019-01-14,Withdrawn,,2021-06-30 00:00:00,,,,,,K,0.0,,
0789,Atlantic Shores Offshore Wind 8,"Atlantic Shores Offshore Wind Project 3, LLC",Kings,NY,Gowanus 345kV,ConEd,Wind,880.0,880.0,880.0,2019-01-14,Withdrawn,,2024-05-31 00:00:00,,,,,,J,0.0,,
0790,Atlantic Shores Offshore Wind 9,"Atlantic Shores Offshore Wind Project 2, LLC",Richmond,NY,Fresh Kills 345kV,ConEd,Wind,880.0,880.0,880.0,2019-01-14,Withdrawn,,2024-05-31 00:00:00,,,,,,J,0.0,,
0791,Danskammer Energy Center,Danskammer Energy LLC,Orange,NY,Danskammer 115kV,CHGE,Combined Cycle,88.9,84.4,88.9,2019-01-14,Withdrawn,,2022-08-31 00:00:00,,,,,,G,0.0,,
0792,Juno Power Express 2,"Anbaric Development Partners, LLC",Suffolk,NY,Ruland Road 138kV,LIPA,DC Transmission,800.0,800.0,800.0,2019-01-29,Withdrawn,,2024-05-31 00:00:00,,,,,,K,0.0,,
0793,Ladybug Energy Storage,"esVolta, LP",Westchester,NY,Sprainbrook Substation,ConEd,Energy Storage,75.0,75,75,2019-02-06,Withdrawn,,2019-07-31 00:00:00,,,,,,I,0.0,,
0794,Bluebird Energy Storage,"esVolta, LP",Westchester,NY,Dunwoodie Substation,ConEd,Energy Storage,40.0,40,40,2019-02-06,Withdrawn,,2019-07-31 00:00:00,,,,,,I,0.0,,
0795,Appleseed Energy Storage,"esVolta, LP",Greene,NY,Leeds Substation,NM-NG,Energy Storage,50.0,50,50,2019-02-06,Withdrawn,,2019-07-31 00:00:00,,,,,,G,0.0,,
0802,Bunker Solar Energy Center,"EDF Renewables Development, Inc.",Franklin,NY,Willis - Lyon Mt 115kV,NYSEG,Energy Storage,125.0,125,125,2019-03-06,Withdrawn,,2020-03-31 00:00:00,,,,,,D,0.0,,
0803,"Yonkers Grid, LLC","Yonkers Grid, LLC",Westchester,NY,Dunwoodie - 138kV North Substation,ConEd,Energy Storage,100.0,100,100,2019-03-11,Withdrawn,,2023-09-30 00:00:00,,,,,,I,0.0,,
0806,Limestone Solar,SED NY Holdings LLC,Fulton,NY,Stoner - Rotterdam 115kV,NM-NG,Solar,20.0,20.0,20.0,2019-03-25,Withdrawn,,2024-05-31 00:00:00,,,,,,F,0.0,,
0807,Hilltop Solar,SunEast Hilltop Solar LLC,Rensselaer,NY,Eastover - Schaghticoke 115kV,NM-NG,Solar,20.0,20,20,2019-03-28,Withdrawn,,2024-09-30 00:00:00,,,,,,F,0.0,,
0808,Barrett Ridge Energy,"Barrett Ridge Energy, LLC",Orange,NY,Sugar Loaf - Vernon 115kV,CHGE,Energy Storage,107.0,107,107,2019-04-01,Withdrawn,,2021-04-20 00:00:00,,,,,,G,0.0,,
0809,Seven Creek Energy,"Seven Creek Energy, LLC",Chautauqua,NY,South Ripley Substation 230kV,NM-NG,Energy Storage,240.0,240,240,2019-04-01,Withdrawn,,2021-04-20 00:00:00,,,,,,A,0.0,,
0812,CWW 200 Wind,Diamond Generating Corporation,Erie,NY,Harbor Front 115kV,NM-NG,Wind,200.0,200,200,2019-04-03,Withdrawn,,2021-03-31 00:00:00,,,,,,A,0.0,,
0813,CWW 300 Wind,Diamond Generating Corporation,Erie,NY,Harbor Front 115kV,NM-NG,Wind,300.0,300,300,2019-04-03,Withdrawn,,2021-02-28 00:00:00,,,,,,A,0.0,,
0814,CWW 300 MW DUN,Diamond Generating Corporation,Chautauqua,NY,Dunkirk Substation 230kV,NM-NG,Wind,300.0,300,300,2019-04-03,Withdrawn,,2021-02-28 00:00:00,,,,,,A,0.0,,
0816,NNC TTC Increase,LIPA,Suffolk,NY,Northport Substation 138kV,LIPA,AC Transmission,0.0,,,2019-04-05,Withdrawn,,2021-06-30 00:00:00,,,,,,K,0.0,,
0817,Quogue Energy Storage,"Quogue Energy Storage, LLC",Suffolk,NY,Quogue Substation 69kV,LIPA,Energy Storage,20.0,20,20,2019-04-12,Withdrawn,,2019-06-30 00:00:00,,,,,,K,0.0,,
0818,Port Jeff 1-Terryville Energy Storage,"Setauket Energy Storage, LLC",Suffolk,NY,Port Jefferson - Terryville 69kV,LIPA,Energy Storage,20.0,20,20,2019-04-15,Withdrawn,,2019-06-30 00:00:00,,,,,,K,0.0,,
0819,Port Jeff 2-Terryville Energy Storage,"Setauket Energy Storage, LLC",Suffolk,NY,Port Jefferson - Terryville 69kV,LIPA,Energy Storage,20.0,20,20,2019-04-15,Withdrawn,,2019-06-30 00:00:00,,,,,,K,0.0,,
0820,Port Jeff 2-Stony Brook Energy Storage,"Setauket Energy Storage, LLC",Suffolk,NY,Port Jefferson - Stony Brook 69kV,LIPA,Energy Storage,20.0,20,20,2019-04-15,Withdrawn,,2019-06-30 00:00:00,,,,,,K,0.0,,
0821,Port Jeff -Mt. Sinai Energy Storage,"Setauket Energy Storage, LLC",Suffolk,NY,Port Jefferson - Mt. Sinai 69kV,LIPA,Energy Storage,20.0,20,20,2019-04-15,Withdrawn,,2019-06-30 00:00:00,,,,,,K,0.0,,
0822,Whale Square Energy Storage 1,Astoria Generating Company LP,Kings,NY,Narrows Barge Feeder 23162,ConEd,Energy Storage,58.2,58.2,58.2,2019-04-15,Withdrawn,,2024-12-31 00:00:00,,,,,,J,0.0,,
0823,Wildwood Energy Storage,"Wildwood Energy Storage, LLC",Suffolk,NY,Wildwood Substation 138kV,LIPA,Energy Storage,116.7,116.7,116.7,2019-04-15,Withdrawn,,2020-04-30 00:00:00,,,,,,K,0.0,,
0824,Wildwood Shoreham Energy Storage,"Wildwood Energy Storage, LLC",Suffolk,NY,Shoreham Substation 69kV,LIPA,Energy Storage,76.9,76.9,76.9,2019-04-15,Withdrawn,,2020-04-30 00:00:00,,,,,,K,0.0,,
0825,Setauket Energy Storage,"Setauket Energy Storage, LLC",Suffolk,NY,Port Jefferson - Terryville 69kV,LIPA,Energy Storage,65.3,65.3,65.3,2019-04-15,Withdrawn,,2025-01-31 00:00:00,,,,,,K,0.0,,
0826,Astoria Energy Storage 1,NRG Astoria Storage LLC,Queens,NY,North Queens 27kV Bus,ConEd,Energy Storage,40.0,40,40,2019-04-18,Withdrawn,,2023-01-31 00:00:00,,,,,,J,0.0,,
0829,Arthur Kill Energy Storage 2,NRG Arthur Kill Storage LLC,Richmond,NY,Arthur Kill 138kV,ConEd,Energy Storage,60.0,60,60,2019-04-24,Withdrawn,,2020-01-31 00:00:00,,,,,,J,0.0,,
0830,Astoria Energy Storage 2,NRG Astoria Storage LLC,Queens,NY,Astoria West 138kV Substation,ConEd,Energy Storage,79.9,79.9,79.9,2019-04-26,Withdrawn,,2023-01-31 00:00:00,,,,,,J,0.0,,
0831,NY-19-0002 Sheredy,Dimension NY 1 LLC,Broome,NY,Northside Substation 34.5kV,NYSEG,Energy Storage,10.2,10.2,10.2,2019-04-29,Withdrawn,,2020-01-31 00:00:00,,,,,,C,0.0,,
0836,Dock Battery Energy Storage 2,"Astoria Generating Company, LP",Queens,NY,Astoria East Substation 138kV,ConEd,Energy Storage,56.3,56.3,56.3,2019-05-07,Withdrawn,,2020-02-29 00:00:00,,,,,,J,0.0,,
0837,Parking Lot Battery Energy Storage 2,"Astoria Generating Company, LP",Queens,NY,Astoria East Substation 138kV,ConEd,Energy Storage,79.0,79,79,2019-05-07,Withdrawn,,2020-02-29 00:00:00,,,,,,J,0.0,,
0838,Astoria Energy Storage 3,NRG Astoria Storage LLC,Queens,NY,North Queens 27kV Substation,ConEd,Energy Storage,20.0,20,20,2019-05-09,Withdrawn,,2023-01-31 00:00:00,,,,,,J,0.0,,
0839,Astoria Energy Storage 4,NRG Astoria Storage LLC,Queens,NY,Astoria West 138kV Substation,ConEd,Energy Storage,20.0,20,20,2019-05-09,Withdrawn,,2020-02-29 00:00:00,,,,,,J,0.0,,
0840,Swiftsure Energy Storage,Hecate Grid Swiftsure LLC,Richmond,NY,Fresh Kills 345kV,ConEd,Energy Storage,650.0,650,650,2019-05-09,Withdrawn,,2024-11-30 00:00:00,,,,,,J,0.0,,
0841,Sharon Springs Interconnection,"TJA Clean Energy, LLC",Schoharie,NY,Sharon - Cobleskill 69kV Substation,NM-NG,Solar,20.0,20,20,2019-05-10,Withdrawn,,2021-07-31 00:00:00,,,,,,F,0.0,,
0842,Comet Solar,"Mitsubishi Hitachi Power Systems Americas, Inc.",Monroe,NY,Mortimer - Golah 115kV,NM-NG,Solar,20.0,20,20,2019-05-17,Withdrawn,,2020-01-31 00:00:00,,,,,,B,0.0,,
0844,NY37 Energy Storage,"Boralex US Development, LLC",Jefferson,NY,Coffeen - West Adams 115kV Substation,NM-NG,Energy Storage,4.0,4,4,2019-05-17,Withdrawn,,2020-12-31 00:00:00,,,,,,E,0.0,,
0845,Bloom Energy Storage Center,"sPower Development Company, LLC",Kings,NY,Farragut 345kV Substation,ConEd,Energy Storage,120.0,120,120,2019-05-20,Withdrawn,,2020-03-31 00:00:00,,,,,,J,0.0,,
0846,Rescue Energy Storage Center,"sPower Development Company, LLC",NY,NY,East 13th Street 138kV Substation,ConEd,Energy Storage,300.0,300,300,2019-05-20,Withdrawn,,2020-04-30 00:00:00,,,,,,J,0.0,,
0847,Chelsea Energy Storage Center,"sPower Development Company, LLC",NY,NY,West 49th St Substation 345kV,ConEd,Energy Storage,300.0,300,300,2019-05-20,Withdrawn,,2020-04-30 00:00:00,,,,,,J,0.0,,
0848,Fairway Solar,Fairway Solar NY LLC,St. Lawrence,NY,McIntyre - Corning 115kV (Line#6),NM-NG,Solar,20.0,20,20,2019-05-20,Withdrawn,,2025-08-31 00:00:00,,,,,,E,0.0,,
0851,Madison County Solar,ConnectGen Madison County LLC,Madison,NY,Bouckville Substation,NYSEG,Solar,20.0,20,20,2019-05-23,Withdrawn,,2020-01-31 00:00:00,,,,,,E,0.0,,
0852,Niagara Dolomite Solar,"Niagara Dolomite Solar, LLC",Niagara,NY,Robinson Rd - Stolle Rd 230kV,NYSEG,Solar,180.0,180,180,2019-05-24,Withdrawn,,2024-12-31 00:00:00,,,,,,A,0.0,,
0853,NY16 Solar,"Boralex US Development, LLC",Washington,NY,Mohican - Schaghticoke 115kV,NM-NG,Solar,20.0,20,20,2019-05-24,Withdrawn,,2021-03-31 00:00:00,,,,,,F,0.0,,
0854,NY16 Energy Storage,"Boralex US Development, LLC",Washington,NY,Battenkill - Mohican 115kV,NM-NG,Energy Storage,4.0,4,4,2019-05-24,Withdrawn,,2019-10-04 00:00:00,,,,,,F,0.0,,
0855,NY13 Solar,Bald Mountain Solar LLC,Washington,NY,Mohican - Schaghticoke 115kV,NM-NG,Solar,20.0,20,20,2019-05-24,Withdrawn,,2026-02-28 00:00:00,,,,,,F,0.0,,
0856,NY13 Energy Storage,"Boralex US Development, LLC",Washington,NY,Battenkill - Mohican 115kV,NM-NG,Energy Storage,4.0,4,4,2019-05-24,Withdrawn,,2019-10-04 00:00:00,,,,,,F,0.0,,
0857,Columbia Solar Energy Center,"EDF Renewables Development, Inc.",Herkimer,NY,Edic - Fraser 345kV,NYPA,Solar,350.0,350,350,2019-05-28,Withdrawn,,2024-05-31 00:00:00,,,,,,E,0.0,,
0858,Genesee Road Solar Energy Center,"EDF Renewables Development, Inc.",Erie,NY,Stolle Rd - Five Mile Rd 345kV,NYSEG,Solar,250.0,250,250,2019-05-28,Withdrawn,,2024-12-31 00:00:00,,,,,,A,0.0,,
0859,Ridge View Solar Energy Center,"EDF Renewables Development, Inc.",Niagara,NY,Somerset - Dysinger 345kV,NYSEG,Solar,350.0,350,350,2019-05-28,Withdrawn,,2024-12-31 00:00:00,,,,,,A,0.0,,
0860,Rosalen Solar Energy Center,"EDF Renewables Development, Inc.",Steuben,NY,Clay - Pannell 345kV,NYPA,Solar,200.0,200,200,2019-05-28,Withdrawn,,2024-07-31 00:00:00,,,,,,B,0.0,,
0861,Tonawanda Solar,"Mitsubishi Hitachi Power Systems Americas, Inc.",Niagara,NY,Lockport - Batavia 115kV,NM-NG,Solar,20.0,20,20,2019-05-29,Withdrawn,,2020-12-31 00:00:00,,,,,,B,0.0,,
0862,Farwell Solar,"Mitsubishi Hitachi Power Systems Americas, Inc.",Orleans,NY,Lockport - Mortimer 115kV,NM-NG,Solar,20.0,20,20,2019-05-29,Withdrawn,,2021-02-28 00:00:00,,,,,,B,0.0,,
0866,North Country Wind,"NY North Country, LLC",Franklin,NY,Willis - Moses 230 kV MW1,NYPA,Wind,298.2,298.2,298.2,2019-06-03,Withdrawn,,2024-12-31 00:00:00,,,,,,D,0.0,,
0867,Somerset Solar Development LLC,Somerset Solar Development LLC,Niagara,NY,Kintigh 345kV,NYSEG,Solar,20.0,20,20,2019-06-03,Withdrawn,,2020-01-31 00:00:00,,,,,,A,0.0,,
0868,Cayuga Solar LLC,Cayuga Solar LLC,Cayuga,NY,Milliken Substation,NYSEG,Solar,19.9,19.9,19.9,2019-06-03,Withdrawn,,2020-01-31 00:00:00,,,,,,C,0.0,,
0869,Tabletop Solar,SunEast Tabletop Solar LLC,Montgomery,NY,Clinton - Clinton Tap 115 kV,NM-NG,Solar,80.0,80,80,2019-06-04,Withdrawn,,2024-12-31 00:00:00,,,,,,F,0.0,,
0871,Verona Solar Energy Center I,Invenergy Solar Project Development LLC,Oneida,NY,Clay - Edic 345kV,NYPA,Solar,250.0,250,250,2019-06-05,Withdrawn,,2024-06-30 00:00:00,,,,,,C,0.0,,
0872,Taproot Solar Energy Energy,Invenergy Solar Project Development LLC,Montgomery,NY,Porter - Rotterdam 230kV,NM-NG,Solar,300.0,300,300,2019-06-05,Withdrawn,,2019-12-31 00:00:00,,,,,,E,0.0,,
0873,Verona Solar Energy Center II,Invenergy Solar Project Development LLC,Oneida,NY,Clay - Edic 345kV,NYPA,Solar,250.0,250.0,250.0,2019-06-05,Withdrawn,,2024-05-31 00:00:00,,,,,,C,0.0,,
0875,SL Portland Solar,"SL Portland, LLC",Chautauqua,NY,Dunkirk - Falconer 115 kV,NM-NG,Solar,19.9,19.9,19.9,2019-06-06,Withdrawn,,2020-04-30 00:00:00,,,,,,A,0.0,,
0876,SL Selkirk Solar,"SL Selkirk, LLC",Albany,NY,New Scotland - Alps 345kV,NM-NG,Solar,19.9,19.9,19.9,2019-06-06,Withdrawn,,2019-10-31 00:00:00,,,,,,F,0.0,,
0877,SL York Solar,"SL York, LLC",Livingston,NY,Golah - S. Perry 115 kV,NM-NG,Solar,19.9,19.9,19.9,2019-06-06,Withdrawn,,2020-04-30 00:00:00,,,,,,B,0.0,,
0878,Pirates Island,"Energy Storage Resources, LLC",Erie,NY,Huntley - Gardenville 115kV,NM-NG,Energy Storage,100.0,100,100,2019-06-10,Withdrawn,,2024-09-30 00:00:00,,,,,,A,0.0,,
0879,Holley Road Solar,Empire Community Solar LLC,Orleans,NY,Lockport - Mortimer 115kV,NM-NG,Solar,19.9,19.9,19.9,2019-06-10,Withdrawn,,10/31/22,,,,,,B,0.0,,
0881,New Bremen Solar,"New Bremen Solar, LLC",Lewis,NY,Bremen - Lowville 115kV,NM-NG,Solar,100.0,100,100,2019-06-10,Withdrawn,,2023-12-31 00:00:00,,,,,,E,0.0,,
0884,Blooming Farm LLC,Dimension NY 1 LLC,Orange,NY,Blooming Grove Substation 69kV,O&R,Energy Storage,10.2,10.2,10.2,2019-06-12,Withdrawn,,2019-10-04 00:00:00,,,,,,G,0.0,,
0886,Turin Highlands Solar,"Empire State Land Holdings, LLC",Oneida,NY,Taylorville - Boonville 115kV,NM-NG,Solar,20.0,20,20,2019-06-12,Withdrawn,,2019-07-31 00:00:00,,,,,,E,0.0,,
0888,Hornell Center 16,Sky Solar Inc.,Allegany,NY,Moraine Substation 115kV,NYSEG,Solar,17.6,17.6,17.6,2019-06-13,Withdrawn,,2019-10-31 00:00:00,,,,,,C,0.0,,
0889,Peconic River II,"Energy Storage Resources, LLC",Suffolk,NY,8RX Moriches,LIPA,Energy Storage,19.2,19.2,19.2,2019-06-20,Withdrawn,,2019-08-31 00:00:00,,,,,,K,0.0,,
0890,Queen City,"Energy Storage Resources, LLC",Dutchess,NY,Knapps Corners,CHGE,Energy Storage,19.2,19.2,19.2,2019-06-20,Withdrawn,,2019-10-04 00:00:00,,,,,,K,0.0,,
0891,Meredith Woods,"Energy Storage Resources, LLC",NY,NY,Baron Blvd,ConEd,Energy Storage,19.2,19.2,19.2,2019-06-24,Withdrawn,,2019-10-04 00:00:00,,,,,,J,0.0,,
0892,Holtsville Fuel Cell,FourGen LLC,Suffolk,NY,Holtsville 69kV,LIPA,Fuel Cell,20.0,20,20,2019-07-15,Withdrawn,,2020-07-31 00:00:00,,,,,,K,0.0,,
0893,Setauket Fuel Cell,FourGen LLC,Suffolk,NY,Terryville Substation 69kV,LIPA,Fuel Cell,20.0,20,20,2019-07-15,Withdrawn,,2020-07-31 00:00:00,,,,,,K,0.0,,
0894,Montgomery Energy Storage,"Montgomery Energy Storage 1, LLC",Orange,NY,Walden - Montgomery 69kV,CHG&E,Energy Storage,20.0,20,20,2019-07-15,Withdrawn,,2020-05-31 00:00:00,,,,,,G,0.0,,
0895,Road Property,Dimension NY 1 LLC,Suffolk,NY,Central Islip 138kV,LIPA,Energy Storage,19.9,19.9,19.9,2019-07-15,Withdrawn,,2020-01-31 00:00:00,,,,,,K,0.0,,
0896,Hornell Center 16 BESS,Sky Solar Inc.,Allegany,NY,Moraine Substation 115kV,NYSEG,Energy Storage,8.0,8,8,2019-07-18,Withdrawn,,2019-10-31 00:00:00,,,,,,C,0.0,,
0897,Bluejay Solar,"Mitsubishi Hitachi Power Systems Americas, Inc.",Allegany,NY,,RG&E,Solar,5.0,5,5,2019-08-01,Withdrawn,,2019-10-31 00:00:00,,,,,,,0.0,,
0898,Oak Orchard Solar,"Mitsubishi Hitachi Power Systems Americas, Inc.",Orleans,NY,Shelby,NM-NG,Solar,5.0,5,5,2019-08-01,Withdrawn,,2019-12-31 00:00:00,,,,,,"A, B",0.0,,
0900,Fowler Solar,"Granada Solar, LLC",Madison,NY,Fenner - Whitman 115kV,NM-NG,Solar,20.0,20,20,2019-08-09,Withdrawn,,2020-02-29 00:00:00,,,,,,E,0.0,,
0901,Lacona Solar,"TJA Clean Energy, LLC",Oswego,NY,Lighthouse Hill - Black River 115kV,NM-NG,Solar,20.0,20,20,2019-08-16,Withdrawn,,2021-12-31 00:00:00,,,,,,E,0.0,,
0902,Yacht Club Energy Storage,"sPower Development Company, LLC",NY,NY,Gowanus 345kV,ConEd,Energy Storage,300.0,300,300,2019-08-16,Withdrawn,,2021-04-30 00:00:00,,,,,,J,0.0,,
0903,Goethals Energy Storage,"sPower Development Company, LLC",NY,NY,Goethals 345kV,ConEd,Energy Storage,300.0,300,300,2019-08-16,Withdrawn,,2021-04-30 00:00:00,,,,,,J,0.0,,
0904,South Conduit Avenue Energy Storage,"Agilitas Energy, LLC",NY,NY,South Conduit Ave,ConEd,Energy Storage,10.0,10,10,2019-08-20,Withdrawn,,2019-10-31 00:00:00,,,,,,J,0.0,,
0905,Liberty Avenue Energy Storage,"Agilitas Energy, LLC",NY,NY,Liberty Ave,ConEd,Energy Storage,10.0,10,10,2019-08-20,Withdrawn,,2019-10-31 00:00:00,,,,,,J,0.0,,
0906,Arthur Kill Energy Storage 2,NRG Arthur Kill Storage LLC,NY,NY,Fresh Kills Substation,ConEd,Energy Storage,20.0,20,20,2019-08-28,Withdrawn,,2020-02-29 00:00:00,,,,,,J,0.0,,
0908,Astoria Energy Storage 5,NRG Astoria Storage LLC,Queens,NY,North Queens Substation 27kV,ConEd,Energy Storage,20.0,20,20,2019-09-12,Withdrawn,,2020-02-29 00:00:00,,,,,,J,0.0,,
0910,114 Hartley Rd-Goshen,"Hartley Rd Energy Storage 1, LLC",Orange,NY,Hartley Substation 13.2kV,O&R,Energy Storage,10.0,10,10,2019-09-24,Withdrawn,,2020-02-29 00:00:00,,,,,,G,0.0,,
0911,Southold BESS,Dimension NY 1 LLC,Suffolk,NY,Peconic - Southold 69kV,LIPA,Energy Storage,20.0,20,20,2019-10-01,Withdrawn,,2022-04-30 00:00:00,,,,,,K,0.0,,
0912,Intrepid Storage 69,Hecate Grid Intrepid 1 LLC,Nassau,NY,Barrett to Oil City 33-317 and 33-222,LIPA,Energy Storage,50.0,50,50,2019-10-02,Withdrawn,,2024-07-31 00:00:00,,,,,,K,0.0,,
0913,SunEast Manchester Solar LLC,SED NY Holdings LLC,Ontario,NY,Station 127 (RGE)-Elbridge (NG) 115kV Line #7-983,NM-NG,Solar,20.0,20,20,2019-10-04,Withdrawn,,2024-09-30 00:00:00,,,,,,C,0.0,,
0914,Loomis Creek Solar,"sPower Development Company, LLC",Columbia,NY,Churchtown Substation 115 kV,NYSEG,Solar,100.0,100,100,2019-10-07,Withdrawn,,2020-04-30 00:00:00,,,,,,F,0.0,,
0915,Staten Island 1 Battery Storage,"EDF Renewables Development, Inc.",Richmond,NY,Fox Hills Substation 33kV,ConEd,Energy Storage,20.0,20,20,2019-10-07,Withdrawn,,2020-09-30 00:00:00,,,,,,J,0.0,,
0916,Hartley Battery Storage,"EDF Renewables Development, Inc.",Orange,NY,Hartley Road Substation 69kV,O&R,Energy Storage,20.0,20,20,2019-10-07,Withdrawn,,2020-03-31 00:00:00,,,,,,G,0.0,,
0917,Loomis Creek ES,"sPower Development Company, LLC",Columbia,NY,Churchtown Substation 115 kV,NYSEG,Energy Storage,50.0,50,50,2019-10-07,Withdrawn,,2020-04-30 00:00:00,,,,,,F,0.0,,
0918,Intrepid Storage 138,Hecate Grid Intrepid 1 LLC,Nassau,NY,Barrett to Valley Stream 138-291 & Barrett to Valley Stream 138-292,LIPA,Energy Storage,250.0,250,250,2019-10-09,Withdrawn,,2024-07-31 00:00:00,,,,,,K,0.0,,
0919,White Spring ES,"sPower Development Company, LLC",Ontario,NY,Haley Road Substation 115 kV,NYSEG,Energy Storage,100.0,100,100,2019-10-10,Withdrawn,,2021-06-30 00:00:00,,,,,,C,0.0,,
0920,White Spring Solar,"sPower Development Company, LLC",Ontario,NY,Haley Road Substation 115 kV,NYSEG,Solar,200.0,200,200,2019-10-10,Withdrawn,,2021-06-30 00:00:00,,,,,,C,0.0,,
0921,Line Creek ES,"sPower Development Company, LLC",Schoharie,NY,Schoharie 69 kV,NM-NG,Energy Storage,30.0,30,30,2019-10-10,Withdrawn,,2020-04-30 00:00:00,,,,,,F,0.0,,
0922,Line Creek Solar,"sPower Development Company, LLC",Schoharie,NY,Schoharie 69 kV,NM-NG,Solar,50.0,50,50,2019-10-10,Withdrawn,,2020-04-30 00:00:00,,,,,,F,0.0,,
0923,Far Rockaway Energy Storage Center,"sPower Development Company, LLC",Queens,NY,Far Rockaway Substation 69 kV,LIPA,Energy Storage,150.0,150,150,2019-10-11,Withdrawn,,2020-05-31 00:00:00,,,,,,K,0.0,,
0924,CBB,RICAL LLC,Dutchess,NY,Shenandoah Substation,CHGE,Energy Storage,115.0,115,115,2019-10-15,Withdrawn,,2020-06-30 00:00:00,,,,,,G,0.0,,
0925,Clermont 1,Hecate Grid Clermont 1 LLC,Suffolk,NY,West Babylon 69kV Substation,LIPA,Energy Storage,100.0,100,100,2019-10-17,Withdrawn,,2023-05-31 00:00:00,,,,,,K,0.0,,
0926,Enel NYPA Astoria,"Enel Energy Storage Holdings, LLC",Queens,NY,Astoria 138 kV substation,ConEd,Energy Storage,100.0,100,100,2019-10-18,Withdrawn,,1/31/20,,,,,,J,0.0,,
0927,Brunswick Energy Storage,JERA Americas Inc.,Union,NJ,Goethals Substation 345kV,ConEd,Energy Storage,100.0,100,100,2019-10-21,Withdrawn,,1/31/20,,,,,,J,0.0,,
0928,Willow Bay Energy Storage,JERA Americas Inc.,Richmond,NY,Fox Hills Substation 33kV,ConEd,Energy Storage,40.0,40,40,2019-10-21,Withdrawn,,2020-03-31 00:00:00,,,,,,J,0.0,,
0929,Morris Ridge Battery Storage,"EDF Renewables Development, Inc.",Livingston,NY,South Perry - Meyer 230 kV,NYSEG,Energy Storage,83.0,83,83,2019-10-22,Withdrawn,,2024-05-31 00:00:00,,,,,,C,0.0,,
0933,Seven Creek Energy - Squab Hollow,"Seven Creek Energy, LLC",Elk,PA,Homer City - Pierce Brook 345kV,NYSEG,Energy Storage,290.0,290,290,2019-10-31,Withdrawn,,2021-04-30 00:00:00,,,,,,A,0.0,,
0934,Astoria BESS,Saturn Energy Storage LLC,Queens,NY,Astoria West Substation 138 kV,ConEd,Energy Storage,70.0,70,68.6,2019-10-31,Withdrawn,,2020-04-30 00:00:00,,,,,,J,0.0,,
0935,Augustus Solar,SED NY Holdings LLC,Oneida,NY,Brothertown - Oriskany Falls 46kV,NYSEG,Solar,20.0,20,20,2019-11-01,Withdrawn,,2024-11-30 00:00:00,,,,,,E,0.0,,
0936,Petracca Place Energy Storage,"AE - ESS Petracca, LLC",Queens,NY,Corona 4kV,ConEd,Energy Storage,10.0,10,10,2019-11-01,Withdrawn,,2020-05-31 00:00:00,,,,,,J,0.0,,
0937,NYSD Energy Storage,"Boralex US Development, LLC",Saratoga,NY,Mechanicville 34.5 kV,NM-NG,Energy Storage,5.5,5.5,5.5,2019-11-04,Withdrawn,,2020-03-31 00:00:00,,,,,,F,0.0,,
0938,KCE NY 12,"KCE NY 12, LLC",Suffolk,NY,Moriches Substation 69kV,LIPA,Energy Storage,100.0,100,100,2019-11-04,Withdrawn,,2020-03-31 00:00:00,,,,,,K,0.0,,
0939,Far Rockaway Power Station Battery Energy Storage System (BESS),National Grid Generation LLC,Queens,NY,Far Rockaway 69kV,LIPA,Energy Storage,30.0,30,30,2019-11-05,Withdrawn,,2024-05-31 00:00:00,,,,,,K,0.0,,
0940,Glenwood Power Station Battery Energy Storage System,National Grid Generation LLC,Nassau,NY,Glenwood Substation (4YH) 138kV bus,LIPA,Energy Storage,50.0,50,50,2019-11-08,Withdrawn,,2023-03-31 00:00:00,,,,,,K,0.0,,
0941,Southampton Power Station Battery Energy Storage System (BESS),National Grid Generation LLC,Suffolk,NY,Southampton 69kV,LIPA,Energy Storage,30.0,30,30,2019-11-08,Withdrawn,,2024-05-31 00:00:00,,,,,,K,0.0,,
0942,KCE NY 21,"KCE NY 21, LLC",Suffolk,NY,Pulaski 69kV,LIPA,Energy Storage,60.0,60,60,2019-11-08,Withdrawn,,2024-05-31 00:00:00,,,,,,K,0.0,,
0943,Sithe Independence BESS,"Vistra Operations Company, LLC",Oswego,NY,Sithe Independence 345kV,NM-NG,Energy Storage,20.0,20,20,2019-11-08,Withdrawn,,2020-03-31 00:00:00,,,,,,C,0.0,,
0944,Verona Storage,Invenergy Solar Development LLC,Oneida,NY,Edic-Clay 345kV Line,NYPA,Energy Storage,100.0,100,100,2019-11-12,Withdrawn,,2020-05-31 00:00:00,,,,,,C,0.0,,
0945,Niagara Grid I,"Niagara Grid I, LLC",Erie,NY,Huntley - Praxair 115 kV Line #47,NM-NG,Energy Storage,20.0,20,20,2019-11-13,Withdrawn,,2024-06-30 00:00:00,,,,,,A,0.0,,
0946,Helmer,Dimension NY 1 LLC,Herkimer,NY,Old Forge - Raquette Lake 46 kV,NM-NG,Energy Storage,21.3,21.3,21.3,2019-11-14,Withdrawn,,2020-01-31 00:00:00,,,,,,E,0.0,,
0947,Livonia BESS,Dimension NY 1 LLC,Livingston,NY,North Lakeville 34.5kV,NM-NG,Energy Storage,11.3,11.3,11.3,2019-11-16,Withdrawn,,2022-10-31 00:00:00,,,,,,B,0.0,,
0948,Webster BESS,Dimension NY 1 LLC,Monroe,NY,34.5 kV,RG&E,Energy Storage,8.8,8.8,8.8,2019-11-18,Withdrawn,,2020-05-31 00:00:00,,,,,,B,0.0,,
0949,Port Jefferson Power Station Battery Energy Storage System (BESS),National Grid Generation LLC,Suffolk,NY,Port Jefferson 138kV,LIPA,Energy Storage,100.0,100,100,2019-11-19,Withdrawn,,2024-05-31 00:00:00,,,,,,K,0.0,,
0951,"Cayuga Grid, LLC","Cayuga Grid, LLC",Erie,NY,New Gardenville 115kV Substation,NYSEG,Energy Storage,100.0,100,100,2019-12-04,Withdrawn,,2023-04-30 00:00:00,,,,,,A,0.0,,
0952,"Catskill Grid, LLC","Catskill Grid, LLC",Greene,NY,North Catskill - Milan 115kV,CHG&E,Energy Storage,100.0,100,100,2019-12-04,Withdrawn,,2024-12-31 00:00:00,,,,,,G,0.0,,
0954,Empire Solar,"Empire Solar, LLC",Westfield,NY,South Ripley - Dunkirk 230 kV,NM-NG,Solar,157.9,157.9,150,2019-12-05,Withdrawn,,2024-05-31 00:00:00,,,,,,A,0.0,,
0955,Craillo Plaza,VESI 26 LLC,Rensselaer,NY,NGrid Rensselaer 34.5/ 13.2KV Substation,NM-NG,Energy Storage,20.0,20,20,2019-12-06,Withdrawn,,2020-02-29 00:00:00,,,,,,F,0.0,,
0957,Holbrook Energy Storage,"Holbrook Energy Storage, LLC",Suffolk,NY,Holtsville - Patchogue 69kV,LIPA,Energy Storage,76.8,76.8,76.8,2019-12-10,Withdrawn,,2025-01-31 00:00:00,,,,,,K,0.0,,
0958,EI Oceanside,Empire Offshore Wind LLC,Nassau,NY,Barrett - Valley Stream 138 kV Lines,LIPA,Wind,96.0,96,96,2019-12-10,Withdrawn,,2023-02-28 00:00:00,,,,,,K,0.0,,
0959,EI Oceanside 2,Empire Offshore Wind LLC,Nassau,NY,Barrett - Valley Stream 138 kV Lines,LIPA,Wind,1260.0,1260,1260,2019-12-11,Withdrawn,,2024-04-30 00:00:00,,,,,,K,0.0,,
0960,Cobleskill Solar,"SWEB Development USA, LLC",Schoharie,NY,Cobleskill - Schoharie 69KV,NM-NG,Solar,20.0,20,20,2019-12-12,Withdrawn,,2023-10-31 00:00:00,,,,,,F,0.0,,
0961,Bethpage Battery Energy Storage System,"Calpine Mid Atlantic Development, LLC",Nassau,NY,Grumman 69 kV,LIPA,Energy Storage,20.0,20,20,2019-12-18,Withdrawn,,2024-10-31 00:00:00,,,,,,K,0.0,,
0962,Beardslee Solar,Brookfield Power US Asset Management LLC,Herkimer,NY,St. Johnsville - Inghams 115kV,NM-NG,Solar,20.0,20,20,2019-12-19,Withdrawn,,11/30/22,,,,,,E,0.0,,
0963,Crooked Lake Storage,Invenergy Storage Development LLC,Yorktown,NY,Mohansic 13.2kV Substation,NYSEG,Energy Storage,7.0,7,7,2019-12-19,Withdrawn,,2020-04-30 00:00:00,,,,,,H,0.0,,
0964,Berry Place Storage,Invenergy Storage Development LLC,Livingston,NY,Lakeville 34.5kV substation,NM-NG,Energy Storage,10.0,10,10,2019-12-20,Withdrawn,,2020-01-31 00:00:00,,,,,,A,0.0,,
0965,Yaphank Energy Storage,"Yaphank Energy Storage, LLC",Suffolk,NY,William Floyd - Brookhaven 69kV,LIPA,Energy Storage,77.6,76.8,77.6,2019-12-21,Withdrawn,,2025-02-28 00:00:00,,,,,,K,0.0,,
0966,West Babylon Storage,"West Babylon Energy Storage, LLC",Suffolk,NY,West Babylon - Lindenhurst 69kV,LIPA,Energy Storage,40.3,40.3,40.3,2019-12-21,Withdrawn,,2024-05-31 00:00:00,,,,,,K,0.0,,
0968,Gouverneur Solar Project,SED NY Holdings LLC,St. Lawrence,NY,North Gouverneur - Battle Hill 115kV,NM-NG,Solar,20.0,20,20,2020-01-09,Withdrawn,,2020-05-31 00:00:00,,,,,,E,0.0,,
0969,Modena Energy Storage I,"esVolta, LP",Ulster,NY,Modena Substation,CHGE,Energy Storage,6.0,6,6,2020-01-09,Withdrawn,,2020-02-29 00:00:00,,,,,,G,0.0,,
0970,Modena Energy Storage II,"esVolta, LP",Ulster,NY,Modena Substation,CHGE,Energy Storage,6.0,6,6,2020-01-09,Withdrawn,,2020-02-29 00:00:00,,,,,,G,0.0,,
0972,Warner Hill Solar,"SWEB Development USA, LLC",Schoharie,NY,Middleburg Tap - Middleburg 69kV,NM-NG,Solar,20.0,20,20,2020-01-10,Withdrawn,,2023-09-30 00:00:00,,,,,,F,0.0,,
0973,Wildwood-Riverhead Energy Storage,"Wildwood Energy Storage, LLC",Suffolk,NY,Wildwood-Riverhead 138 kV,LIPA,Energy Storage,297.9,293.5,297.9,2020-01-13,Withdrawn,,2021-08-30 00:00:00,,,,,,K,0.0,,
0974,KCE NY 19,KCE NY 19 LLC,Orange,NY,Sugarloaf - Wisner 69kV,O&R,Energy Storage,80.0,80,80,2020-01-14,Withdrawn,,2024-12-31 00:00:00,,,,,,G,0.0,,
0975,Webb BESS,Dimension NY 1 LLC,Herkimer,NY,Old Forge-Raquette Lake 46 kV,NM-NG,Energy Storage,20.0,20,20,2020-01-15,Withdrawn,,2020-06-30 00:00:00,,,,,,E,0.0,,
0976,Esopus Valley Storage,Invenergy Storage Development LLC,Ulster,NY,Hurley Ave 34.5kV Substation,CHGE,Energy Storage,10.0,10,10,2020-01-16,Withdrawn,,2020-04-30 00:00:00,,,,,,G,0.0,,
0977,Dutchess BESS,Dimension NY 1 LLC,Dutchess,NY,Pawling - Haviland Hollow 46kV,NYSEG,Energy Storage,6.6,6.6,6.6,2020-01-16,Withdrawn,,2020-05-31 00:00:00,,,,,,G,0.0,,
0978,NY Hydro-Kinetic Project 1,Hydroelectric Corporation,Kings,NY,Sayreville Station 345kV,,Hydro,550.0,550,480,2020-01-18,Withdrawn,,2020-03-31 00:00:00,,,,,,,0.0,,
0980,Heritage Storage,Invenergy Storage Development LLC,Erie,NY,Erie 34.5kV Substation,NYSEG,Energy Storage,8.0,8,8,2020-01-22,Withdrawn,,2020-08-31 00:00:00,,,,,,A,0.0,,
0981,Oblong Storage,Invenergy Storage Development LLC,Dutchess,NY,Pawling 46kV Substation,NYSEG,Energy Storage,6.0,6,6,2020-01-22,Withdrawn,,9/30/20,,,,,,G,0.0,,
0982,West Babylon Power Station Battery Energy Storage System,National Grid Generation LLC,Suffolk,NY,West Babylon 69kV,LIPA,Energy Storage,50.0,50,50,2020-01-22,Withdrawn,,2024-05-31 00:00:00,,,,,,K,0.0,,
0983,Winter Drive Energy Storage,JERA Americas Inc.,Lancaster,NY,Erie Street Substation -34.5kV,NYSEG,Energy Storage,8.0,8,8,2020-01-28,Withdrawn,,2020-05-31 00:00:00,,,,,,A,0.0,,
0984,Empire Energy Storage,JERA Americas Inc.,Monroe,NY,Station 55 34.5kV,RG&E,Energy Storage,8.0,8,8,2020-01-28,Withdrawn,,2020-05-31 00:00:00,,,,,,B,0.0,,
0985,Bristol Energy Storage,JERA Americas Inc.,Ontario,NY,34.5kV line,RG&E,Energy Storage,6.0,6,6,2020-01-28,Withdrawn,,2020-05-31 00:00:00,,,,,,B,0.0,,
0986,Pawling Energy Storage,JERA Americas Inc.,Putnam,NY,46kV line ,NYSEG,Energy Storage,6.0,6,6,2020-01-29,Withdrawn,,2020-05-31 00:00:00,,,,,,G,0.0,,
0988,Lancaster BESS,Saturn Energy Storage LLC,Erie,NY,Cemetery Rd - Erie St 34.5 kV,NYSEG,Energy Storage,8.0,8,8,2020-01-30,Withdrawn,,2020-07-31 00:00:00,,,,,,A,0.0,,
0989,Pawling BESS,Saturn Energy Storage LLC,Dutchess,NY,Pawling-Corbin Rd 46 kV,NYSEG,Energy Storage,6.0,6,6,2020-01-30,Withdrawn,,2020-07-31 00:00:00,,,,,,H,0.0,,
0990,Mohansic BESS,Saturn Energy Storage LLC,Westchester County,NY,The 13.2 kV 403 (1106340) line from Mohansic Substation running along Baldwin Rd,NYSEG,Energy Storage,7.0,7,7,2020-01-30,Withdrawn,,2020-03-31 00:00:00,,,,,,H,0.0,,
0991,Bristol BESS,Saturn Energy Storage LLC,Ontario,NY,S Bristol-State Rt 28 34.5 kV,RG&E,Energy Storage,6.0,6,6,2020-01-30,Withdrawn,,2020-07-31 00:00:00,,,,,,B,0.0,,
0992,KCE NY 25,"KCE NY 25, LLC",Ontario,NY,Station 146 34.5kV ,RG&E,Energy Storage,6.0,6,6,2020-01-31,Withdrawn,,2020-06-30 00:00:00,,,,,,B,0.0,,
0993,Empire Energy Storage,VESI 30 LLC,Monroe,NY,Station 55 - Station 73 34.5kV,RG&E,Energy Storage,10.0,10,10,2020-01-31,Withdrawn,,2022-09-30 00:00:00,,,,,,B,0.0,,
0994,KCE NY 22,"KCE NY 22, LLC",Suffolk,NY,Holbrook - Sills Road 138kV,LIPA,Energy Storage,90.0,90,90,2020-02-12,Withdrawn,,2024-05-31 00:00:00,,,,,,K,0.0,,
0996,East Otto Solar Project,"SWEB Development USA, LLC",Cattaraugus,NY,Line 803 near Snake Run Road,NM-NG,Solar,20.0,20,20,2020-02-28,Withdrawn,,2020-06-30 00:00:00,,,,,,A,0.0,,
0997,"187 Finchville Turnpike, Mount Hope","212 Solar Development, LLC",Orange,NY,Cuddleback - Shoemaker 69kV,O&R,Energy Storage,20.0,20,20,2020-03-05,Withdrawn,,9/30/20,,,,,,G,0.0,,
0998,0 Highland Lake Rd - Wallkill,"212 Solar Development, LLC",Orange,NY,Cuddleback - Shoemaker 69kV,O&R,Energy Storage,20.0,20,20,2020-03-05,Withdrawn,,2020-10-31 00:00:00,,,,,,G,0.0,,
0999,Suffolk BESS,Suffolk BESS LLC,Suffolk,NY,Port Jefferson 69 kV Substation,LIPA,Energy Storage,79.7,79.7,79.7,2020-03-06,Withdrawn,,2020-09-30 00:00:00,,,,,,K,0.0,,
1001,Empire State Connector II,Empire State Connector LLC,Onondaga-NY,NY,Marcy - Rainey 345 kV,NYPA/ConEd,DC Transmission,1250.0,1250,1250,2020-03-20,Withdrawn,,2022-08-31 00:00:00,,,,,,"E, J",0.0,,
1002,2143 Mount Hope Road,"212 Solar Development, LLC",Orange,NY,Cuddleback - Shoemaker,O&R,Energy Storage,20.0,20,20,2020-04-03,Withdrawn,,2020-10-31 00:00:00,,,,,,G,0.0,,
1004,Mifflin,"Renewable Energy Aggregators, Inc.",Sullivan,NY,Coopers Corner 345 kV,NYSEG,,300.0,300,300,2020-04-13,Withdrawn,,2024-05-31 00:00:00,,,,,,E,0.0,,
1005,East End Energy Storage Center,"sPower Development Company, LLC",Suffolk,NY,Edwards Ave. 138 kV Substation,LIPA,Energy Storage,51.5,51.5,51.5,2020-04-17,Withdrawn,,2020-09-30 00:00:00,,,,,,K,0.0,,
1006,NYC Energy BNY Phase 1,NYC Energy,Kings,NY,Hudson Ave Substation,ConEd,Energy Storage,79.9,79.9,79.9,2020-04-20,Withdrawn,,2020-12-31 00:00:00,,,,,,J,0.0,,
1008,KCE NY 26,"KCE NY 26, LLC",Suffolk,NY,Jamesport - Peconic 69kV,LIPA,Energy Storage,60.0,60,60,2020-04-28,Withdrawn,,2024-05-31 00:00:00,,,,,,K,0.0,,
1010,Vineyard Wind I,"OCS-A 0522, LLC",Nassau,NY,East Garden City 345kV,NYPA,Wind,1403.0,1403,1403,2020-04-30,Withdrawn,,2024-05-31 00:00:00,,,,,,K,0.0,,
1011,Vineyard Wind II,"OCS-A 0522, LLC",Suffolk,NY,Ruland Road 138kV,LIPA,Wind,1403.0,1403,1403,2020-04-30,Withdrawn,,2024-05-31 00:00:00,,,,,,K,0.0,,
1012,Suffolk County Storage II,Suffolk County Energy Storage II,Suffolk,NY,Southold 69 kV,LIPA,Energy Storage,76.8,76.8,76.8,2020-05-04,Withdrawn,,2025-01-31 00:00:00,,,,,,K,0.0,,
1013,Barrett Ridge Energy - PARs,"Barrett Ridge Energy, LLC",Orange,NY,Sugarloaf 138 kV,O&R,AC Transmission,168.0,168,168,2020-05-05,Withdrawn,,2023-04-30 00:00:00,,,,,,G,0.0,,
1014,South Ripley BESS,ConnectGEN Chautauqua County LLC,Chautauqua,NY,South Ripley 230kV substation,NM-NG,Energy Storage,20.0,20,20,2020-05-05,Withdrawn,,5/31/21,,,,,,A,0.0,,
1016,EI Steinway 1,Beacon Wind LLC,Queens,NY,Mott Haven - Rainey 345 kV Circuits,ConEd,Wind,1300.0,1300,1300,2020-05-19,Withdrawn,,2024-09-30 00:00:00,,,,,,J,0.0,,
1017,EI Steinway 2,Beacon Wind LLC,Queens,NY,Mott Haven - Rainey 345 kV Circuits,ConEd,Wind,1300.0,1300,1300,2020-05-19,Withdrawn,,2024-09-30 00:00:00,,,,,,J,0.0,,
1018,Stone Mill Solar,Naturgy Candela DevCo LLC,Columbia,NY,Churchtown 115 kV,NYTransco,,20.0,20,20,2020-05-21,Withdrawn,,2024-04-30 00:00:00,,,,,,F,0.0,,
1019,Marshville Solar,Naturgy Candela DevCo LLC,Montgomery,NY,Marshville 69 kV,NM-NG,,20.0,20,20,2020-05-21,Withdrawn,,2023-10-31 00:00:00,,,,,,F,0.0,,
1020,EI Fort Salonga,Beacon Wind LLC,Suffolk,NY,Northport 138 kV,LIPA,Wind,1300.0,1300,1300,2020-05-21,Withdrawn,,2024-05-31 00:00:00,,,,,,K,0.0,,
1021,EI East Shoreham,Beacon Wind LLC,Suffolk,NY,Shoreham 138 kV,LIPA,Wind,1300.0,1300,1300,2020-05-27,Withdrawn,,2024-05-31 00:00:00,,,,,,K,0.0,,
1022,EI Glenwood Landing,Beacon Wind LLC,Nassau,NY,Shore Road 345 kV,LIPA,Wind,1300.0,1300,1300,2020-05-27,Withdrawn,,2024-05-31 00:00:00,,,,,,K,0.0,,
1023,KCE NY 27,"KCE NY 27, LLC",Suffolk,NY,Tiana - Quogue 69kV,LIPA,Energy Storage,50.0,50,50,2020-06-02,Withdrawn,,2024-05-31 00:00:00,,,,,,K,0.0,,
1024,Cuomo Hydro 1,"Renewable Energy Aggregators, Inc.",Westchester,NY,Millwood 345kV Substation,ConEd,Pumped Storage,300.0,300,300,2020-06-03,Withdrawn,,2021-03-31 00:00:00,,,,,,H,0.0,,
1025,Cuomo Hydro 2,"Renewable Energy Aggregators, Inc.",Westchester,NY,Dunwoodie 345kV Substation,ConEd,Pumped Storage,300.0,300,300,2020-06-03,Withdrawn,,2021-03-31 00:00:00,,,,,,I,0.0,,
1026,Bonny Hill Solar,Oriden LLC,Steuben,NY,Bath - Bath Muni 34.5 kV,NYSEG,Solar,20.0,20,20,2020-06-05,Withdrawn,,2020-09-30 00:00:00,,,,,,C,0.0,,
1027,Knickerbocker Solar,Naturgy Candela DevCo LLC,Rensselaer,NY,Schodack - Falls Park 115 kV Line #14,NM-NG,,20.0,20,20,2020-06-08,Withdrawn,,2024-05-31 00:00:00,,,,,,F,0.0,,
1028,Raquette Lake Energy Storage,Excelsior Reserve Energy,Hamilton,NY,Old Forge - Raquette Lake 46kV ,NM-NG,Energy Storage,20.0,20,20,2020-06-09,Withdrawn,,2022-06-30 00:00:00,,,,,,E,0.0,,
1029,Half Moon Solar,Naturgy Candela DevCo LLC,Rensselaer,NY,Valkin - Greenbush 115kV,NM-NG,,20.0,20,20,2020-06-11,Withdrawn,,2024-05-31 00:00:00,,,,,,F,0.0,,
1030,NY109 Solar,Boralex US Development,Fulton,NY,Stoner - Rotterdam 115kV,NM-NG,Solar,20.0,20,20,2020-06-15,Withdrawn,,2023-06-30 00:00:00,,,,,,F,0.0,,
1032,129 Round Hill Road,"212 Solar Development, LLC",Orange,NY,Blooming Grove substation,O&R,Energy Storage,20.0,20,20,2020-06-19,Withdrawn,,2020-10-31 00:00:00,,,,,,G,0.0,,
1033,"E Main Street, Wallkill","212 Solar Development, LLC",Ulster,NY,Shoemaker - E Wallkill line,O&R,Energy Storage,20.0,20,20,2020-06-19,Withdrawn,,2020-10-31 00:00:00,,,,,,G,0.0,,
1034,30-35-90 Zwart Ln - Walden,"212 Solar Development, LLC",Orange,NY,CHG&E WM Line,CHGE,Energy Storage,20.0,20,20,2020-06-19,Withdrawn,,2020-08-31 00:00:00,,,,,,G,0.0,,
1035,NY08 Solar,Easton Solar LLC,Washington,NY,Battenkill Substation 34.5kV,NM-NG,Solar,20.0,20,20,2020-06-22,Withdrawn,,2024-01-31 00:00:00,,,,,,F,0.0,,
1036,Mainesburg ESS,Juno Power Management LLC,Tioga,PA,Mainesburg - Watercure 345kV,NYSEG,Energy Storage,130.0,130,130,2020-06-22,Withdrawn,,2024-10-31 00:00:00,,,,,,C,0.0,,
1038,ELP Rotterdam Solar,ELP Rotterdam Solar LLC,Schenectady,NY,Rotterdam - Meco 115kV,NM-NG,Solar,20.0,20,20,2020-06-23,Withdrawn,,2024-03-31 00:00:00,,,,,,F,0.0,,
1039,Morris Solar,Morris Solar NY LLC,St. Lawrence,NY,Battle Hill - Balmat 115kV,NM-NG,Solar,20.0,20,20,2021-01-06,Withdrawn,,2026-06-30 00:00:00,,,,,,E,0.0,,
1040,Riverline Energy Center,"Riverline Energy Center, LLC",St. Lawrence,NY,Moses - Adirondack 230kV,NYPA,Energy Storage,200.0,200,200,2020-06-24,Withdrawn,,2024-05-31 00:00:00,,,,,,E,0.0,,
1041,Silverline Energy Center,"Silverline Energy Center, LLC",Tompkins,NY,Miliken - Etna 115 kV lines 974 and 975,NYSEG,,150.0,150,150,2020-06-25,Withdrawn,,2024-05-31 00:00:00,,,,,,C,0.0,,
1042,Fort Edward Solar Farm (NY53),Fort Edward Solar LLC,Washington,NY,Mohican - Battenkill 115kV Line #15,NM-NG,Solar,100.0,100,100,2020-06-26,Withdrawn,,2024-12-31 00:00:00,,,,,,F,0.0,,
1043,SL Portland Solar,"SL Portland, LLC",Chautauqua,NY,Dunkirk - Falconer 115kV,NM-NG,Solar,19.8,19.8,19.8,2020-06-30,Withdrawn,,2022-12-31 00:00:00,,,,,,A,0.0,,
1044,Broadway Road,Delaware River Solar,Genesee,NY,Attica - Darien Lake 34.5kV,NM-NG,Solar,19.9,19.9,19.9,2020-07-01,Withdrawn,,2020-10-31 00:00:00,,,,,,A,0.0,,
1045,NY Wind Holbrook 2 Uprate,Sunrise Wind LCC,Suffolk,NY,Holbrook 138kV,LIPA,Wind,1050.0,1050,1050,2020-07-03,Withdrawn,,2024-05-31 00:00:00,,,,,,K,0.0,,
1046,Barrett Energy Storage Center,"Island Park Energy Center, LLC",Nassau,NY,Barrett 138 kV,LIPA,Energy Storage,200.0,200.0,200,2020-07-06,Withdrawn,,2024-05-31 00:00:00,,,,,,K,0.0,,
1048,Declaration Energy Center,"Declaration Energy Center, LLC",Seneca,NY,Border City 115 kV,NYSEG,Solar,300.0,300,300,2020-07-14,Withdrawn,,2024-05-31 00:00:00,,,,,,C,0.0,,
1049,Holbrook Energy Center,"Clean Energy Generation, LLC",Suffolk,NY,Existing Holbrook (8D) 138 kV,LIPA,Energy Storage,150.0,150,150,2020-07-14,Withdrawn,,2024-05-31 00:00:00,,,,,,K,0.0,,
1050,Holtsville Energy Center,"Clean Energy Generation, LLC",Suffolk,NY,West Bus 138 kV,LIPA,Energy Storage,150.0,150,150,2020-07-14,Withdrawn,,2024-05-31 00:00:00,,,,,,K,0.0,,
1051,Transit Solar,SED NY Holding LLC,Genesee,NY,S.E Batavia - Golah 115kV,NM-NG,Solar,20.0,20,20,2020-07-21,Withdrawn,,2025-07-31 00:00:00,,,,,,B,0.0,,
1052,Madison Solar,Capital Power Solar Holdings LLC,Madison,NY,Teal-Oneida 115kV (Line#2),NM-NG,Solar,20.0,20,20,2020-07-22,Withdrawn,,2024-02-29 00:00:00,,,,,,E,0.0,,
1053,NY Kinetic Plant 1,Hydroelectric Corporation,NY,NY,Con Edison Gowanus Substation,ConEd,Hydro,144.0,141.9,144,2020-07-22,Withdrawn,,2020-08-31 00:00:00,,,,,,J,0.0,,
1054,Birdie Energy Storage,"Birdie Energy Storage, LLC",Westchester,NY,Elmsford 138 kV Substation,ConEd,Energy Storage,83.0,83,83,2020-07-23,Withdrawn,,2020-09-30 00:00:00,,,,,,I,0.0,,
1055,Addison Solar,SWEB Development USA LLC,Steuben,NY,Stony Ridge - Sullivan Park 115 kV,NYSEG,Solar,120.0,120,120,2020-07-23,Withdrawn,,2024-05-31 00:00:00,,,,,,C,0.0,,
1056,NY Wind - Shore Road,Bay State Wind,Nassau,NY,Shore Road 138kV,LIPA,Wind,1272.0,1272,1272,2020-07-27,Withdrawn,,2024-05-31 00:00:00,,,,,,K,0.0,,
1057,NY Wind - New Bridge Road,Bay State Wind,Nassau,NY,New Bridge Road 138kV,LIPA,Wind,1325.0,1325,1325,2020-07-27,Withdrawn,,2020-10-31 00:00:00,,,,,,K,0.0,,
1058,NY Wind - Pilgrim,Bay State Wind,Suffolk,NY,Pilgrim Substation 138 kV,LIPA,Wind,1276.0,1276,1276,2020-07-27,Withdrawn,,2024-05-31 00:00:00,,,,,,K,0.0,,
1059,Jaton,"ACE DEVCO NC, LLC",Oswego,NY,South Oswego - Clay 115 kV,NM-NG,Solar,16.2,16.2,16.2,2020-07-31,Withdrawn,,2024-02-29 00:00:00,,,,,,C,0.0,,
1060,Delight Farm,AES DE DEVCO NC LLC,Cayuga,NY,Union Springs - Aurora 34.5 kV,NYSEG,Solar,16.8,16.8,16.8,2020-07-31,Withdrawn,,2022-03-31 00:00:00,,,,,,C,0.0,,
1061,Teele,"ACE DEVCO NC, LLC",St. Lawrence,NY,Alcoa - N. Ogdensburg 115 kV,NM-NG,Solar,19.8,19.8,19.8,2020-07-31,Withdrawn,,2024-12-31 00:00:00,,,,,,E,0.0,,
1062,Hounsfield,AES DE DEVCO NC LLC,Jefferson,NY,West Adams - Coffeen St 115 kV,NM-NG,Solar,19.8,19.8,19.8,2020-07-31,Withdrawn,,2022-11-30 00:00:00,,,,,,E,0.0,,
1063,Morrow Farms LLC,"ACE DEVCO NC, LLC",Jefferson,NY,Thousand Island - Coffeen St 115 kV,NM-NG,Solar,19.8,19.8,19.8,2020-07-31,Withdrawn,,2022-09-30 00:00:00,,,,,,E,0.0,,
1064,K. High,AES DE DEVCO NC LLC,Wayne,NY,Station 218 - Station 181 34.5kV,RG&E,Solar,19.8,19.8,19.8,2020-07-31,Withdrawn,,2023-04-30 00:00:00,,,,,,B,0.0,,
1065,Hance Road,Delaware River Solar,Wayne,NY,Station 13A - Station 121 115kV,RG&E,Solar,19.9,19.9,19.9,2020-08-03,Withdrawn,,2020-10-31 00:00:00,,,,,,B,0.0,,
1066,NY Wind - Mott Haven,Bay State Wind,Bronx,NY,Mott Haven 345 kV,ConEd,Wind,1272.0,1272,1272,2020-08-04,Withdrawn,,2024-05-31 00:00:00,,,,,,J,0.0,,
1067,Hudson Valley Storage,"Viridity Energy Solutions, Inc.",Ulster,NY,E Kingston Substation ,CHGE,Energy Storage,20.0,20,20,2020-08-05,Withdrawn,,2020-10-31 00:00:00,,,,,,G,0.0,,
1068,Buchanan Point BESS,Juno Power Management LLC,Westchester,NY,Buchanan North Substation 345kV,ConEd,Energy Storage,300.0,300,300,2020-08-05,Withdrawn,,2024-10-31 00:00:00,,,,,,H,0.0,,
1069,Richardson Solar,AES DE DEVCO NC LLC,St. Lawrence,NY,Ogdensburg - McIntyre115 kV,NM-NG,Solar,24.0,24,22,2020-08-05,Withdrawn,,2021-02-28 00:00:00,,,,,,,0.0,,
1070,311 Douglas Road,Delaware River Solar,Tompkins,NY,Montour Falls-Coddington 115kV,NYSEG,Solar,19.9,19.9,19.9,2020-08-05,Withdrawn,,2021-02-28 00:00:00,,,,,,C,0.0,,
1071,Katrina Falls,Delaware River Solar,Sullivan,NY,Coopers Corners-Rock Tavern 345kV,NYPA,Solar,19.9,19.9,19.9,2020-08-06,Withdrawn,,2021-02-28 00:00:00,,,,,,E,0.0,,
1072,Route 318,Delaware River Solar,Seneca,NY,Hook Road - Elbridge 115 kV ,NM-NG,Solar,19.9,19.9,19.9,2020-08-06,Withdrawn,,2021-02-28 00:00:00,,,,,,C,0.0,,
1073,Forrence Orchards,AES DE DEVCO NC LLC,Clinton,NY,Hallock Hill - Kents Falls 115kV,NYSEG,Solar,19.8,19.8,19.8,2020-08-07,Withdrawn,,2021-11-30 00:00:00,,,,,,D,0.0,,
1074,Honey Ridge Solar,Honey Ridge Solar 1,Jefferson,NY,Black River 115kV Substation,NM-NG,Solar,80.0,80,80,2020-08-11,Withdrawn,,2020-10-31 00:00:00,,,,,,"C, E",0.0,,
1075,Moss Ridge Solar,Moss Ridge Solar 1,St. Lawrence,NY,"Colton - Battle Hill, 115 kV ",NM-NG,Solar,46.0,46,46,2020-08-11,Withdrawn,,2020-09-30 00:00:00,,,,,,E,0.0,,
1076,Minisink Valley Solar,"Minisink Valley Solar 1, LLC",Orange,NY,Shoemaker - Westtown 69kV,O&R,Solar,15.0,15,15,2020-08-28,Withdrawn,,2020-10-31 00:00:00,,,,,,G,0.0,,
1077,Rutland Center Solar,"Rutland Center Solar 1, LLC",Jefferson,NY,Middle Rd 115 kV,NM-NG,Solar,110.0,110,110,2020-08-14,Withdrawn,,2023-04-30 00:00:00,,,,,,E,0.0,,
1078,Cayuga Solar,"sPower Development Company, LLC",Tompkins,NY,Milliken 115 kV,NYSEG,Solar,207.0,207,207,2020-08-18,Withdrawn,,2021-01-31 00:00:00,,,,,,C,0.0,,
1081,KCE NY 28,"KCE NY 28, LLC",Suffolk,NY,Riverhead-Tuthill 69kV,LIPA,Energy Storage,45.0,45,45,2020-08-27,Withdrawn,,2024-05-31 00:00:00,,,,,,K,0.0,,
1082,"CDG Owego 2, LLC",CDG Owego 2,Tioga,NY,Line 513 - 34.5KV,NYSEG,Solar,19.6,19.6,19.6,2020-08-27,Withdrawn,,2021-02-28 00:00:00,,,,,,C,0.0,,
1083,Tremont BESS,Juno Power Management LLC,Bronx,NY,Tremont 345kV ,ConEd,Energy Storage,300.0,300,300,2020-08-28,Withdrawn,,2022-07-31 00:00:00,,,,,,J,0.0,,
1084,EGC BESS,Juno Power Management LLC,Nassau,NY,"EGC - Carle Place line #361 and EGC - Roslyn line #362, 138kV",LIPA,Energy Storage,300.0,300,300,2020-08-28,Withdrawn,,2024-05-31 00:00:00,,,,,,K,0.0,,
1085,Oyster Shore BESS,Juno Power Management LLC,Nassau,NY,Shore Road 345kV,LIPA,Energy Storage,500.0,500,500,2020-08-28,Withdrawn,,2024-05-31 00:00:00,,,,,,K,0.0,,
1086,Buchanan Point BESS II,Juno Power Management LLC,Westchester,NY,Buchanan South 345 kV,ConEd,Energy Storage,500.0,500,500,2020-08-28,Withdrawn,,2024-05-31 00:00:00,,,,,,H,0.0,,
1087,Attentive Energy,Attentive Energy LLC,Nassau & Kings,NY,East Garden City Substation 345kV,NYPA,Wind,1200.0,1200,1200,2020-08-31,Withdrawn,,2023-04-30 00:00:00,,,,,,K,0.0,,
1088,Harvest Hills Solar,ConnectGen Cayuga County LLC,Cayuga,NY,Wright Avenue - Milliken 115kV,NYSEG,,200.0,200,200,2020-09-01,Withdrawn,,2024-10-31 00:00:00,,,,,,C,0.0,,
1089,Flat Creek Solar,Flat Creek Solar NY LLC,Montgomery,NY,Edic to Princetown 345kV Line 352,NYPA,Solar,200.0,200,200,2020-09-04,Withdrawn,,2026-06-30 00:00:00,,,,,,F,0.0,,
1090,Westmorland Solar,SED NY Holding LLC,Oneida,NY,Yahnundasis - Clinton 46 kV,NM-NG,Solar,20.0,20,20,2020-09-04,Withdrawn,,2024-03-31 00:00:00,,,,,,E,0.0,,
1091,ELP Middleburgh Solar,ELP Middleburgh Solar LLC,Schoharie,NY,Middleburgh - Cobleskill 115kV,NM-NG,Solar,20.0,20,20,2020-09-08,Withdrawn,,2020-12-31 00:00:00,,,,,,F,0.0,,
1092,Hampton Corners Solar,SED NY Holding LLC,Livingston,NY,Station 128 - Station 7325 115 kV Line #923,RG&E,Solar,20.0,20,20,2020-09-04,Withdrawn,,2024-11-30 00:00:00,,,,,,B,0.0,,
1093,Clean Path NY ,"Con Edison Transmission, Inc.",Oneida,NY,Marcy - Rainey 345kV,ConEd/ NYSEG,DC Transmission,1300.0,1300,1300,2020-09-10,Withdrawn,,2021-08-30 00:00:00,,,,,,"E,J",0.0,,
1094,Chase Mills Solar,SED NY Holdings LLC,St. Lawrence,NY,"115kV Line Brady to Alcoa (5.82miles from Brady, 13.9 miles from Alcoa)",NM-NG,Solar,20.0,20,20,2020-09-14,Withdrawn,,12/31/20,,,,,,D,0.0,,
1095,Chautauqua Solar,Northland Power U.S. Projects,Chautauqua,NY,Line 123975,NM-NG,Solar,20.0,20,20,2020-09-14,Withdrawn,,2020-10-31 00:00:00,,,,,,A,0.0,,
1096,Alfred Oaks Solar,Northland Power U.S. Projects,Allegany,NY,"Andover - Palmeter 115 kV, Line 932",NYSEG,,100.0,100,100,2020-09-14,Withdrawn,,2025-01-31 00:00:00,,,,,,C,0.0,,
1097,Hicksville Storage,Juno Power Management LLC,Nassau,NY,Newbridge Road 138kV,LIPA,Energy Storage,125.0,125,125,2020-09-16,Withdrawn,,2021-03-31 00:00:00,,,,,,K,0.0,,
1098,Kingbird Solar,SED NY Holdings LLC,Chatauqua,NY,Dunkirk - Silver Creek 115 kV (Line#142),NM-NG,Solar,20.0,20,20,2020-09-16,Withdrawn,,2024-09-30 00:00:00,,,,,,A,0.0,,
1099,Canal Solar,"Brownfield Group, LLC",Madison,NY,Bouckville Substation 46kV ,NYSEG,Solar,20.0,20,20,2020-09-17,Withdrawn,,2020-10-31 00:00:00,,,,,,E,0.0,,
1100,"Hosmer Solar, LLC","Granada Solar, LLC",Rensselaer,NY,Schodack - Falls Park 115 kV,NYTransco,Solar,20.0,20,20,2020-09-28,Withdrawn,,2024-06-30 00:00:00,,,,,,F,0.0,,
1101,Chestertown BESS,Saturn Energy Storage LLC,Warren,NY,Chestertown-Warrensburg #6,NM-NG,Energy Storage,20.0,20,20,2020-10-01,Withdrawn,,2021-04-30 00:00:00,,,,,,F,0.0,,
1102,Troupsburg Solar,SWEB Development USA,Steuben,NY,Woodhull 34.5 kV,NYSEG,,20.0,20,20,2020-10-05,Withdrawn,,2024-04-30 00:00:00,,,,,,C,0.0,,
1103,Thousand Island Solar,"Cypress Creek Renewables, LLC",Jefferson,NY,Coffeen Street - Thousand Island 115 KV,NM-NG,Solar,110.0,110,110,2020-10-06,Withdrawn,,2024-09-30 00:00:00,,,,,,E,0.0,,
1104,Brockport BESS,Saturn Energy Storage LLC,Monroe,NY,Brockport - Albion 34.5 kV Line #308,NM-NG,Energy Storage,20.0,20,20,2020-10-07,Withdrawn,,2023-02-28 00:00:00,,,,,,A,0.0,,
1106,Allegany 2 Battery,Northland Power U.S. Projects,Allegany,NY,Andover - Palmeter 115 kV line,NYSEG/NM-NG,Energy Storage,10.0,10,10,2020-10-16,Withdrawn,,2021-02-28 00:00:00,,,,,,C,0.0,,
1107,Buchanan Point BESS III,Juno Power Management LLC,Westchester,NY,Buchanan 345kV,ConEd,Energy Storage,300.0,300,300,2020-10-19,Withdrawn,,4/30/22,,,,,,H,0.0,,
1108,Bangor Solar,"SWEB Development USA, LLC",Franklin,NY,Malone - Nicholville 115kV,"NYSEG, NM-NG",Solar,106.9,106.9,106.9,2020-10-26,Withdrawn,,2024-05-31 00:00:00,,,,,,D,0.0,,
1109,Worth Wind,"SWEB Development USA, LLC",Jefferson,NY,E. Watertown - Lighthouse Hill 115kV,NM-NG,Wind,92.0,92,92,2020-10-27,Withdrawn,,2024-05-31 00:00:00,,,,,,E,0.0,,
1110,Hurley BESS,Saturn Energy Storage LLC,Ulster,NY,"Hurley Ave Substation, 69 kV",CHGE,Energy Storage,20.0,20,20,2020-10-27,Withdrawn,,12/31/20,,,,,,G,0.0,,
1111,Kingston BESS,Saturn Energy Storage LLC,Ulster,NY,Boulevard Substation 69kV,CHGE,Energy Storage,20.0,20,20,2020-10-30,Withdrawn,,12/31/20,,,,,,G,0.0,,
1112,CLIES 10MW,"Caithness LI Energy Storage, LLC",Suffolk,NY,Sills Road 138kV ,LIPA,Energy Storage,10.0,10,10,2020-11-18,Withdrawn,,10/31/22,,,,,,K,0.0,,
1114,Wading River Energy Center,"Clean Energy Generation, LLC",Suffolk,NY,Wading River 138 kV,LIPA,Energy Storage,50.0,50,50,2020-11-19,Withdrawn,,2024-05-31 00:00:00,,,,,,K,0.0,,
1115,Flat Creek Solar,Flat Creek Solar NY LLC,Montgomery,NY,Edic - Princetown 345 kV Line# 352,NYPA,Solar,100.0,100,100,2020-11-23,Withdrawn,,2026-06-30 00:00:00,,,,,,F,0.0,,
1116,Blue Hill Wind,Liberty Renewables Inc.,Madison,NY,Morrisville 46 kV,NYSEG,Wind,27.0,25.4,27.0,2020-11-24,Withdrawn,,2024-07-31 00:00:00,,,,,,E,0.0,,
1118,Lyonsdale Marmon Rd,"BWBP Origination, LLC",Lewis,NY,Lyonsdale Substation,NM-NG,Solar,19.0,19,19,2020-12-04,Withdrawn,,2021-03-31 00:00:00,,,,,,E,0.0,,
1119,Fuller Storage,"Granada Solar, LLC",Orange,NY,East Walden 115kV,CHG&E,Energy Storage,20.0,20,20,2020-12-04,Withdrawn,,2024-06-30 00:00:00,,,,,,G,0.0,,
1120,Catskills Renewable Connector,"Ravenswood Development, LLC",Greene/Queens,NY,"New Scotland-Leeds 345kV, Rainey-Farragut",NGrid/ConEd,DC Transmission,1200.0,1200,1200,2020-12-11,Withdrawn,,2022-06-30 00:00:00,,,,,,"F, J",0.0,,
1121,Werner - Ravenswood,"Ravenswood Development, LLC",PJM/Queens,NY,Rainey - Farragut 345kV ,ConEd,DC Transmission,1200.0,1200,1200,2020-12-11,Withdrawn,,2022-06-30 00:00:00,,,,,,J,0.0,,
1124,Smokey Ave Wind,Liberty Renewables,Otsego,NY,Worcester - Schenevus 23 kV,,Wind,18.0,18,18,2020-12-22,Withdrawn,,2021-05-31 00:00:00,,,,,,,0.0,,
1126,Richardson,"ACE DEVCO NC, LLC",St. Lawrence,NY,N. Ogdensburg - McIntyre 115 kV line,NM-NG,Solar,19.8,19.8,19.8,2021-01-04,Withdrawn,,2023-11-30 00:00:00,,,,,,E,0.0,,
1127,CBB PARK,CBB PARK LLC,Dutchess,NY,Pleasant Valley 115 kV,CHGE,Energy Storage,50.0,50,50,2021-01-20,Withdrawn,,2021-07-31 00:00:00,,,,,,G,0.0,,
1128,Allegany 2 Battery 2,Northland Power U.S. Projects,Allegany,NY,Andover-Palmeter 115 kV Line 101990,NYSEG,Energy Storage,20.0,20,20,2021-01-21,Withdrawn,,2023-01-31 00:00:00,,,,,,C,0.0,,
1129,Phoenix,"Boundless Energy NY, LLC",Oneida-Manhattan & Bronx,NY,Edic & Marcy - W. 49 St & Farragut,"NM-NG, NYPA, ConEd",DC Transmission,2000.0,2000,2000,2021-01-21,Withdrawn,,2021-07-31 00:00:00,,,,,,"E, J",0.0,,
1131,Excelsior Connect - Edic to Rainey,"Avangrid Networks, Inc.",Oneida-Queens,NY,Edic - Rainey 345kV,"NM-NG, ConEd",DC Transmission,1310.0,1310,1310,2021-01-28,Withdrawn,,5/31/22,,,,,,"E, J",0.0,,
1132,Excelsior Connect - Edic to Farragut,"Avangrid Networks, Inc.",Oneida-Brooklyn,NY,Edic - Farragut 345kV,"NM-NG, ConEd",DC Transmission,1310.0,1310,1310,2021-01-28,Withdrawn,,2022-03-31 00:00:00,,,,,,"E, J",0.0,,
1133,Moraine Storage,"EDF Renewables Development, Inc.",Allegany,NY,Moraine Road Substation 115 kV,NYSEG,Energy Storage,5.0,5,5,2021-02-11,Withdrawn,,2024-01-31 00:00:00,,,,,,C,0.0,,
1134,Tracy Storage,EDF Renewables Development,Jefferson,NY,Thousand Island - Coffeen 115 kV Line #4,NM-NG,Energy Storage,5.0,5,5,2021-02-11,Withdrawn,,2024-01-31 00:00:00,,,,,,E,0.0,,
1135,Homer Storage,"EDF Renewables Development, Inc.",Cortland,NY,Cortland - Fenner 115kV,NM-NG,Energy Storage,5.0,5,5,2021-02-11,Withdrawn,,2023-09-30 00:00:00,,,,,,C,0.0,,
1136,Honey Ridge Solar,"Honey Ridge Solar 1, LLC",Jefferson,NY,Black River 115 kV,NM-NG,,125.0,125,125,2021-02-15,Withdrawn,,2024-09-30 00:00:00,,,,,,E,0.0,,
1137,Salt Rush Wind,Invenergy Wind Development North America LLC,Wyoming,NY,Stony Creek 230kV,NYSEG,Wind,75.0,75,75,2021-02-16,Withdrawn,,2024-07-31 00:00:00,,,,,,C,0.0,,
1138,Wintergreen Solar,Invenergy Solar Project Development LLC,Montgomery,NY,Marshville 115kV,NM-NG,Solar,75.0,75,75,2021-02-16,Withdrawn,,2024-05-31 00:00:00,,,,,,F,0.0,,
1139,Seventy-Seven Solar,Invenergy Solar Project Development LLC,Wyoming,NY,High Sheldon 230kV,NYSEG,Solar,100.0,100,100,2021-02-16,Withdrawn,,2024-05-31 00:00:00,,,,,,C,0.0,,
1140,Taproot Solar,Invenergy Solar Project Development LLC,Montgomery,NY,Edic - Princetown 345kV Line# 352,LS Power/NYPA,Solar,205.0,205,205,2021-02-16,Withdrawn,,2024-05-31 00:00:00,,,,,,F,0.0,,
1141,Twinleaf Solar,Invenergy Solar Project Development LLC,Lewis,NY,Coffeen St-Taylorville 115kV,NM-NG,Solar,75.0,75,75,2021-02-16,Withdrawn,,2024-06-30 00:00:00,,,,,,E,0.0,,
1142,Minerva BESS I,Minerva Power Connection LLC,Manhattan,NY,W49th St 345kV,ConEd,Energy Storage,300.0,300,300,2021-02-16,Withdrawn,,2024-05-31 00:00:00,,,,,,J,0.0,,
1143,Minerva BESS II,Minerva Power Connection LLC,Manhattan,NY,W 49th st 345kV,ConEd,Energy Storage,600.0,600,600,2021-02-16,Withdrawn,,6/30/21,,,,,,J,0.0,,
1144,HG-Phoenix,"Boundless Energy NY, LLC","Erie, Onondaga,NY, KIngs",NY,Gardenville and Edic/Marcy - W49th St & Farragut ,NM-NG/NYPA/ NYSEG/ConEd,DC Transmission,2000.0,2000,2000,2021-02-18,Withdrawn,,2021-12-31 00:00:00,,,,,,"A,E,J",0.0,,
1145,Oceanside Energy Storage,"EDF Renewables Development, Inc.",Nassau,NY,Barrett 138 kV,LIPA,Energy Storage,36.0,36,36,2021-02-18,Withdrawn,,2022-10-31 00:00:00,,,,,,K,0.0,,
1146,Champlain Solar,"RWE Clean Energy Development, LLC",Washington,NY,Mohican - Whitehall 115 kV Line #13,NM-NG,Solar,100.0,100,100,2021-02-19,Withdrawn,,2024-07-31 00:00:00,,,,,,F,0.0,,
1147,Wawayanda Solar,"Wawayanda Solar 1, LLC",Orange,NY,Westtown to Shoemaker 69 kV Line #11,O&R,Solar,12.6,12.6,12.6,2021-02-26,Withdrawn,,2023-10-31 00:00:00,,,,,,G,0.0,,
1149,Clean Path NY II,"Con Edison Transmission, Inc.",Delaware/Queens,NY,Fraser 345kv and Mott Haven 345 kv,NYSEG/ ConEd,,0.0,,,2021-03-12,Withdrawn,,2021-08-30 00:00:00,,,,,,"E, J",0.0,,
1150,Moss Ridge Solar,"Moss Ridge Solar 1, LLC",St. Lawrence,NY,Corning - Battle Hill 115 kV line #4,NM-NG,Solar,60.0,60,60,2021-03-16,Withdrawn,,2025-01-31 00:00:00,,,,,,E,0.0,,
1152,Harpersfield Bruce Hill Rd.,"BWC Rexmere Lakes, LLC",Delaware,NY,Axtell Rd. Substation,NYSEG,Solar,19.9,19.9,19.9,2021-03-18,Withdrawn,,2021-08-30 00:00:00,,,,,,E,0.0,,
1153,Wood Street Battery Storage,Wood Street Battery Storage LLC,Putnam,NY,Wood Street 115kV,NYSEG,Energy Storage,110.0,110,110,2021-03-22,Withdrawn,,2023-02-28 00:00:00,,,,,,H,0.0,,
1154,OYA Fort Plain Solar,OYA Solar CDG LLC,Montgomery,NY,Clinton Road substation 115 kV,NM-NG,Solar,115.0,115,115,2021-03-29,Withdrawn,,2021-07-31 00:00:00,,,,,,F,0.0,,
1155,New Scotland Interconnection,CHPE LLC,Albany,NY,New Scotland Substation,NYPA/ NM-NG,DC Transmission,500.0,500,500,2021-04-02,Withdrawn,,4/30/22,,,,,,"F, J",0.0,,
1156,Cody Road Wind Farm,"Green Power Energy, LLC",Madison,NY,Cortland - Fenner Line #3 115 kV,NM-NG,Wind,19.9,19.9,19.9,2021-04-08,Withdrawn,,1/31/25,,,,,,C,0.0,,
1157,Minerva Transmission,Minerva Power Connection LLC,Manhattan,NY,W 49th St 345kV,ConEd,DC Transmission,1200.0,1200,1200,2021-04-09,Withdrawn,,10/31/21,,,,,,J,0.0,,
1158,Gravel Road Solar,Tyre Solar Energy Center,Seneca,NY,Elbridge - Hook Rd 115kV,NM-NG/ NYSEG,Solar,125.6,125.6,125,2021-04-09,Withdrawn,,2022-01-31 00:00:00,,,,,,C,0.0,,
1159,Innisfree Storage,Innisfree Storage LLC,Suffolk,NY,Port Jefferson - Mt. Sinai 69 kV,LIPA,Energy Storage,52.5,50,52.5,2021-04-14,Withdrawn,,2024-09-30 00:00:00,,,,,,K,0.0,,
1160,Arcade Solar,"Arcade Solar, LLC",Wyoming,NY,Village of Arcade Freedom 115 kV Substation,Village of Arcade,Solar,75.0,75,75,2021-04-16,Withdrawn,,2023-12-31 00:00:00,,,,,,A,0.0,,
1161,Garnett Battery Storage,"Garnet Energy Center, LLC,",Cayuga,NY,Pannel - Clay 345 KV,NYPA,Energy Storage,20.0,20,20,2021-04-20,Withdrawn,,2022-07-31 00:00:00,,,,,,B,0.0,,
1162,Ontario Valley Solar,"Ontario Valley Solar 1, LLC",Jefferson,NY,Lyme Tap line off the Thousand Island – Coffeen 115 kV Line #4,NM-NG,,135.0,135,135,2021-04-26,Withdrawn,,2023-03-31 00:00:00,,,,,,E,0.0,,
1163,"QMB2 Energy Storage, LLC","QMB2 Energy Storage, LLC",Queens,NY,Jamaica - Valley Stream 138kV,ConEd,Energy Storage,200.0,200,200,2021-04-27,Withdrawn,,2024-05-31 00:00:00,,,,,,J,0.0,,
1164,Glenwood BESS,Juno Power Management LLC,Nassau,NY,Glenwood 4ZH 69kV,LIPA,Energy Storage,75.0,75,75,2021-05-05,Withdrawn,,2024-07-31 00:00:00,,,,,,K,0.0,,
1165,West River Solar,West River Solar,Saratoga,NY,Battenkill to Mohican 115kV line#15,NM-NG,Solar,20.0,20,20,2021-05-07,Withdrawn,,2023-06-30 00:00:00,,,,,,F,0.0,,
1167,CPNY,Clean Path NY LLC,Delaware Queens,NY,Fraser 345kV sending Rainey 345kV receiving,"NYSEG, ConEd",DC Transmission,1300.0,1300,1300,2021-05-11,Withdrawn,,2023-05-31 00:00:00,,,,,,"E,J",0.0,,
1168,CPNY-MH,Invenergy Transmission LLC,"Delaware, Bronx",NY,Fraser - Mott Haven 345kV ,NYSEG/ ConEd,DC Transmission,1300.0,1300,1300,2021-05-11,Withdrawn,,12/31/21,,,,,,"E, J",0.0,,
1169,Excelsior Battery Storage,"Excelsior Energy Center, LLC",Genesee,NY,Byron 345 kV substation,NYPA,Energy Storage,20.0,20,20,2021-05-11,Withdrawn,,2024-04-30 00:00:00,,,,,,B,0.0,,
1170,Bowline to West 49th Street,"Tier Four Connector, LLC",Rockland/NY,NY,Bowline - West 49th St 345 kV,O&R/ConEd,AC Transmission,1228.0,1228,1228,2021-05-12,Withdrawn,,2022-01-31 00:00:00,,,,,,"G, J",0.0,,
1171,ELP Stuyvesant Solar,ELP Stuyvesant Solar LLC,Columbia,NY,Valkin - Falls Park 115 kV line #19,Transco,Solar,20.0,20,20,2021-05-14,Withdrawn,,2024-01-31 00:00:00,,,,,,F,0.0,,
1172,Cowens Corners Solar,Northland Power US Projects,Cattaraugus,NY,Ellington - Randolph 34.5 kV,NYSEG,,20.0,20,20,2021-05-17,Withdrawn,,2021-08-30 00:00:00,,,,,,A,0.0,,
1173,Christmiller Solar,Northland Power US Projects,Cattaraugus,NY,Dake Hill – Machias 34.5kV,NM-NG,,20.0,20,20,2021-05-17,Withdrawn,,12/31/22,,,,,,A,0.0,,
1174,NY48 - Diamond Solar,Boralex US Development,Herkimer,NY,Porter - Valley 115kV,NM-NG,Solar,60.0,60,60,2021-05-17,Withdrawn,,2024-12-31 00:00:00,,,,,,E,0.0,,
1175,OW Ocean Winds East 1,"OW Ocean Winds East, LLC",Nassau,NY,Ruland Rd 138 kV,LIPA,Wind,1200.0,1200,1200,2021-05-18,Withdrawn,,2024-07-31 00:00:00,,,,,,K,0.0,,
1176,OW Ocean Winds East 2,"OW Ocean Winds East, LLC",Nassau,NY,Valley Stream 138 kV,LIPA,Wind,1200.0,1200,1200,2021-05-18,Withdrawn,,2024-07-31 00:00:00,,,,,,K,0.0,,
1177,Southern Tier Energy Center,"Southern Tier Energy Center, LLC",Tioga,NY,Oakdale to Watercure 345 kV L31 line,NYSEG,Energy Storage,200.0,200,200,2022-08-16,Withdrawn,,2024-05-31 00:00:00,,,,,,C,0.0,,
1178,NY115 - Newport Solar,Newport Deerfield Solar LLC,Oneida,NY,Porter - Deerfield 115 kV (Line#9),NM-NG,Solar,130.0,130,130,2021-05-19,Withdrawn,,2024-12-31 00:00:00,,,,,,E,0.0,,
1179,NY38 B Solar,"Boralex US Development, LLC",Jefferson,NY,Coffeen - West Adams 115 kV ,NM-NG,Solar,20.0,20,20,2021-05-19,Withdrawn,,2021-08-31 00:00:00,,,,,,E,0.0,,
1180,"Union Energy Center, LLC","Union Energy Center, LLC",Putnam,NY,Union Valley - Croton Falls 115 kV line #991,NYSEG,Energy Storage,116.0,116,116,2021-05-20,Withdrawn,,2024-12-31 00:00:00,,,,,,H,0.0,,
1181,Northline Energy Center,"Northline Energy Center, LLC",Clinton,NY,Pathnode-Duley 230 kV line,NYPA,Energy Storage,200.0,200,200,2021-05-20,Withdrawn,,2024-05-31 00:00:00,,,,,,D,0.0,,
1182,NY128 - Foothills Solar,Foothills Solar LLC,Fulton,NY,Mayfeild-Northville 69kV #8,NM-NG,Solar,40.0,40,40,2021-05-20,Withdrawn,,2024-12-31 00:00:00,,,,,,F,0.0,,
1185,EI Empire ESS I,Empire Offshore Wind LLC,Nassau,NY,Barrett 138 kV Substation,LIPA,Energy Storage,96.0,96,96,2021-05-21,Withdrawn,,2023-09-30 00:00:00,,,,,,K,0.0,,
1186,EI Empire ESS II,Empire Offshore Wind LLC,Nassau,NY,Barrett 138 kV Substation,LIPA,,1440.0,1440,1440,2021-05-21,Withdrawn,,6/30/21,,,,,,K,0.0,,
1187,Balcom Corners,Northland Power US Projects,Chautauqua,NY,Ellington - Frog Valley 34.5 kV ,NYSEG,,20.0,20,20,2021-05-27,Withdrawn,,2021-09-30 00:00:00,,,,,,A,0.0,,
1189,OW Ocean Winds East 3,"OW Ocean Winds East, LLC",Nassau,NY,East Garden City 345 kV,NYPA,Wind,1600.0,1600,1600,2021-05-27,Withdrawn,,2024-07-31 00:00:00,,,,,,K,0.0,,
1190,OW Ocean Winds East 4,"Bluepoint Wind, LLC.",Brooklyn,NY,Brooklyn Clean Energy Hub 345 kV,ConEd,Wind,1600.0,1600,1600,2021-05-28,Withdrawn,,2024-07-31 00:00:00,,,,,,J,0.0,,
1191,Gunns Corners Solar,Northland Power U.S. Projects,Jefferson,NY,Thousand Islands - Coffeen St. #4 115kV,NM-NG,,100.0,100,100,2021-05-31,Withdrawn,,2024-05-31 00:00:00,,,,,,E,0.0,,
1192,OW Ocean Winds East 6,"OW Ocean Winds East, LLC",Manhattan,NY,West 49th Street 345 kV,ConEd,Wind,1600.0,1600,1600,2021-06-02,Withdrawn,,2024-05-31 00:00:00,,,,,,J,0.0,,
1193,OW Ocean Winds East 5,"OW Ocean Winds East, LLC",Queens,NY,Rainey 345 kV,ConEd,Wind,1600.0,1600,1600,2021-06-02,Withdrawn,,2024-05-31 00:00:00,,,,,,J,0.0,,
1194,"Crane Brook Solar Project, LLC",Crane Brook Solar Project,Cayuga,NY,State St - Clinton Corn 115kV Line,NM-NG,Solar,130.0,130,130,2021-06-03,Withdrawn,,2025-01-31 00:00:00,,,,,,C,0.0,,
1195,Dexter Solar,"Dexter Solar, LLC",Jefferson,NY,Dexter 23 kV Substation,NM-NG,Solar,19.8,19.8,19.8,2021-06-04,Withdrawn,,2021-07-31 00:00:00,,,,,,E,0.0,,
1196,Chelsea Energy Storage,"Chelsea Road Energy Storage 1, LLC",Richmond,NY,Goethals Substation,ConEd,Energy Storage,30.4,30.4,30.4,2021-06-07,Withdrawn,,2021-08-31 00:00:00,,,,,,J,0.0,,
1197,Cold Creek Solar,Northland Power U.S. Projects,Allegany,NY,Sta 162 to Sta 180 115 kV Line #907,RG&E,,120.0,120,120,2021-06-08,Withdrawn,,2023-11-30 00:00:00,,,,,,B,0.0,,
1198,Stern Solar,"Granada Solar, LLC",Renssalear,NY,Battenkill - Schaghticoke 115kV,NM-NG,Solar,20.0,20,20,2021-06-09,Withdrawn,,2024-11-30 00:00:00,,,,,,F,0.0,,
1199,EI Steinway 1.1,Beacon Wind LLC,Queens,NY,Mott Haven - Rainey 345 kV Circuits,ConEd,Wind,200.0,200,200,2021-06-09,Withdrawn,,2024-09-30 00:00:00,,,,,,J,0.0,,
1200,EI Steinway 2.1,Beacon Wind LLC,Queens,NY,Astoria East 138 kV,ConEd,Wind,300.0,300,300,2021-06-09,Withdrawn,,2024-05-31 00:00:00,,,,,,J,0.0,,
1201,St Lawrence Data and Agricultural Center,"PetaWatt Holdings, Inc.",St. Lawrence,NY,Dennison 115kV substation,NM-NG,,200.0,200,200,2021-06-10,Withdrawn,,2021-08-31 00:00:00,,,,,,D,0.0,,
1202,Bethpage Large Battery Energy Storage Project,"Calpine Mid-Atlantic Development, LLC",Nassau,NY,Grumman 69kV substation,LIPA,Energy Storage,24.0,24,24,2021-06-11,Withdrawn,,2024-09-30 00:00:00,,,,,,K,0.0,,
1203,Suffragette Solar Energy Center,"EDF Renewables Development, Inc.",Seneca,NY,Hyatt Substation 34.5kV,NYSEG,Solar,50.0,50,50,2021-06-14,Withdrawn,,2024-05-31 00:00:00,,,,,,C,0.0,,
1204,Morrow Street Energy Storage,"Morrow Street Storage 2, LLC",Richmond,NY,Goethals Substation,ConEd,Energy Storage,38.0,38,38,2021-06-15,Withdrawn,,2021-08-31 00:00:00,,,,,,J,0.0,,
1205,Rocksdrift Energy Center,"Rocksdrift Energy Center, LLC",Herkimer,NY,Edic - Princetown 345kV Line 352,NYPA,Solar,300.0,300,300,2021-06-16,Withdrawn,,2023-11-30 00:00:00,,,,,,E,0.0,,
1206,NY Interconnection 2,NY Interconnection LLC,Queens,NY,"Rainey-Farragut 345kV line break of lines 61, 62 and 63",ConEd,Wind,1200.0,1200,1200,2021-06-18,Withdrawn,,2024-07-31 00:00:00,,,,,,J,0.0,,
1207,NY Interconnection 1,NY Interconnection LLC,NY,NY,East 13th Street-Farragut 345 kV line 45 and line 46,ConEd,DC Transmission,1200.0,1200,1200,2021-06-18,Withdrawn,,2024-05-31 00:00:00,,,,,,J,0.0,,
1208,Bluepoint Grid,"Bluepoint Grid, LLC",Suffolk,NY,W. Yaphank - Holtsville 69kV,LIPA,Energy Storage,20.0,20,20,2021-06-20,Withdrawn,,2021-11-30 00:00:00,,,,,,K,0.0,,
1209,Battoria,Equinor Wind US LLC,Queens,NY,Astoria East 138 kV,ConEd,Energy Storage,300.0,300,300,2021-06-21,Withdrawn,,2022-03-31 00:00:00,,,,,,J,0.0,,
1210,Gunns Corners Solar 2,Northland Power U.S. Projects,Jefferson,NY,Thousand Islands - Coffeen St. #4 115kV,NM-NG,,40.0,40,40,2021-06-22,Withdrawn,,2024-05-31 00:00:00,,,,,,E,0.0,,
1211,Hardscrabble Solar LLC,"Emeren US, LLC",Clinton,NY,Highfalls - Kents Falls 46 kV line L871,NYSEG,,19.9,19.9,19.9,2021-06-25,Withdrawn,,2023-05-31 00:00:00,,,,,,D,0.0,,
1212,Roosevelt Solar LLC,"EMEREN US, LLC",St. Lawrence,NY,Akwesasne Station 825 Substation 34.5kV,NM-NG,,19.9,19.9,19.9,2021-06-25,Withdrawn,,2024-12-31 00:00:00,,,,,,D,0.0,,
1214,Ancram Solar Farm,Nexus Renewables U.S. Inc.,Columbia,NY,Pulvers Corners 34.5kV,CHGE,,20.0,20,20,2021-06-30,Withdrawn,,2021-08-31 00:00:00,,,,,,G,0.0,,
1215,Blank Hill Solar LLC,Renesola Power Holdings LLC,Livingston,CT,Moraine Road 115kV,NYSEG,,19.9,19.9,19.9,2021-07-05,Withdrawn,,2021-09-30 00:00:00,,,,,,C,0.0,,
1216,Cronk Solar LLC,ReneSola Power Holdings LLC,Schuyler,NY,Bath - Montour Falls 115 kV ,NYSEG,,19.9,19.9,19.9,2021-07-08,Withdrawn,,2021-09-30 00:00:00,,,,,,C,0.0,,
1217,New Boston Solar LLC,"Emeren US, LLC",Madison,NY,Line tap between Teal to Oneida 115 kV Substations (Line #2),NM-NG,,49.9,49.9,49.9,2021-07-09,Withdrawn,,2023-04-30 00:00:00,,,,,,C,0.0,,
1218,Locke Solar Farm,Farm East LLC,Cayuga,NY,NYS-Locke 718 Substation,NYSEG,Solar,19.8,19.8,19.8,2021-07-12,Withdrawn,,2021-10-31 00:00:00,,,,,,C,0.0,,
1219,74972 Cicero,Nexamp Solar,Oneida,NY,"Clay-Teall Line No.10, 115 kV line",NM-NG,Solar,20.0,20,20,2021-07-26,Withdrawn,,2023-03-31 00:00:00,,,,,,C,0.0,,
1220,Lincoln ESC,Fresh Air Energy II,Suffolk,NY,Holbrook - Saxville 69kV,LIPA,Energy Storage,100.0,100,100,2021-07-26,Withdrawn,,2021-11-30 00:00:00,,,,,,K,0.0,,
1221,Long Island Storage Center I,"Anbaric Development Partners, LLC",Suffolk,NY,Brookhaven - 8ER 138 kV,LIPA,Energy Storage,50.0,50,50,2021-07-26,Withdrawn,,2023-10-31 00:00:00,,,,,,K,0.0,,
1222,Long Island Storage Center II,"Anbaric Development Partners, LLC",Suffolk,NY,Brookhaven - 8ER 138 kV,LIPA,Energy Storage,100.0,100,100,2021-07-26,Withdrawn,,2023-10-31 00:00:00,,,,,,K,0.0,,
1223,Moffitt ESC,Fresh Air Energy II,Suffolk,NY,Watson to Brightwaters 69kV,LIPA,Energy Storage,100.0,100,100,2021-07-28,Withdrawn,,2024-05-31 00:00:00,,,,,,K,0.0,,
1224,Sunwine Solar,Northland Power U.S. Projects,Westfield,NY,Westfield Electric 115kV ,,,50.0,50,50,2021-07-28,Withdrawn,,2021-10-31 00:00:00,,,,,,,0.0,,
1225,26338 Westmoreland,Nexamp Solar,Oneida,NY,Oneida - Walesville 115kV,NM-NG,Solar,20.0,20,20,2021-07-29,Withdrawn,,2021-09-30 00:00:00,,,,,,,0.0,,
1226,47763 Cayuta,Nexamp Solar,Schuyler,NY,Cayuta - Ridge Road 34.5kV Line #501,NYSEG,Solar,20.0,20,20,2021-08-04,Withdrawn,,2024-09-30 00:00:00,,,,,,C,0.0,,
1227,18405 Scotch Ridge,Nexamp Solar,Schenectady,NY,Rotterdam-Schoharie 69kV line#18,NM-NG,Solar,20.0,20,20,2021-08-04,Withdrawn,,2024-03-31 00:00:00,,,,,,F,0.0,,
1228,Cuba Wind Project,"SWEB Development USA, LLC",Alleghany,NY,Homer Hill - Andover 115 kV Line #157,NM-NG,Wind,86.5,86.5,86.5,2021-08-12,Withdrawn,,2024-05-31 00:00:00,,,,,,A,0.0,,
1229,"Stonewall Solar, LLC.","Stonewall Solar, LLC",Delaware,NY,Colliers-Delhi 115KV,NYSEG,Solar,145.0,145,145,2021-08-16,Withdrawn,,2024-07-31 00:00:00,,,,,,E,0.0,,
1231,Mill Point Solar II,ConnectGen Montgomery County LLC,Montgomery,NY,New Scotland-Marcy 345kV,NM-NG,,100.0,100,100,2021-08-17,Withdrawn,,2024-01-31 00:00:00,,,,,,E,0.0,,
1232,Harvest Hills Solar II,ConnectGen Cayuga County LLC,Cayuga,NY,Wright Avenue - Cayuga 115kV,NYSEG,Solar,50.0,50,50,2021-08-19,Withdrawn,,2021-10-31 00:00:00,,,,,,C,0.0,,
1233,Maplewood Energy Storage,ACE Development Company,Albany,NY,Maplewood - Menands 115kV Line #19 & Maplewood - Reynolds 115kV Line #31,NM-NG,Energy Storage,250.0,250,250,2021-08-20,Withdrawn,,2023-10-31 00:00:00,,,,,,F,0.0,,
1234,Horseblock Energy Storage,ACE Development Company,Suffolk,NY,West Yaphank 69 kV Substation,LIPA,Energy Storage,100.0,100,100,2021-08-20,Withdrawn,,2024-07-31 00:00:00,,,,,,K,0.0,,
1235,Peconic Energy Storage,ACE Development Company,Suffolk,NY,Holbrook - West Yaphank 69 kV ,LIPA,Energy Storage,100.0,100,100,2021-08-20,Withdrawn,,2022-12-31 00:00:00,,,,,,K,0.0,,
1236,Gravel Road Solar,"Gravel Road Solar, LLC",Seneca,NY,Station 127 (Hook Rd) -Elbridge and Mortimer-Elbridge 115 kV lines,NM-NG,Solar,128.0,128,128,2021-08-23,Withdrawn,,2024-12-31 00:00:00,,,,,,C,0.0,,
1238,Harvest Hills Solar 2,ConnectGen Cayuga County LLC,Cayuga County,NY,Wright Avenue - Milliken 115kV line,NYSEG,,100.0,100,100,2021-08-25,Withdrawn,,2024-07-31 00:00:00,,,,,,C,0.0,,
1239,NY Interconnection 3,NY Interconnection LLC,NY,NY,Goethals - Fresh Kills 345kV,ConEd,Energy Storage,130.3,130.3,122,2021-09-02,Withdrawn,,2024-05-31 00:00:00,,,,,,J,0.0,,
1240,Gowanus Bay Energy Storage 1,"Astoria Generating Company, L.P.",Kings,NY,Gowanus 138 kV substation (utilizing the existing feeder 42421),ConEd,Energy Storage,100.0,100,100,2021-09-03,Withdrawn,,2024-05-31 00:00:00,,,,,,J,0.0,,
1241,Gowanus Bay Energy Storage 2,"Astoria Generating Company, L.P.",Kings,NY,Feeder 42424 (Existing POI at Gowanus 138 kV),ConEd,Energy Storage,49.2,49.2,49.2,2021-09-03,Withdrawn,,2024-05-31 00:00:00,,,,,,J,0.0,,
1242,Ravenswood Energy Storage 3,"Light & Power Development, LLC",Queens,NY,Vernon 138kV,ConEd,Energy Storage,70.0,70,70,2021-09-03,Withdrawn,,2021-11-30 00:00:00,,,,,,J,0.0,,
1243,Whale Square Energy Storage 2,"Astoria Generating Company, L.P.",Kings,NY,"Greenwood 138kV substation, via Feeder 23162",ConEd,Energy Storage,95.7,95.7,95.7,2021-09-03,Withdrawn,,2024-05-31 00:00:00,,,,,,J,0.0,,
1244,Whale Square Energy Storage 3,"Astoria Generating Company, L.P.",Kings,NY,"Greenwood 138 kV substation, via Feeder 23161",ConEd,Energy Storage,49.2,49.2,49.2,2021-09-03,Withdrawn,,2024-05-31 00:00:00,,,,,,J,0.0,,
1246,Amber Solar and Storage,Hanwha Q CELLS USA,St. Lawrence County,NY,Moses - Massena MMS 1 230kV,NYPA,,232.0,232,232,2021-09-14,Withdrawn,,2023-02-28 00:00:00,,,,,,D,0.0,,
1247,Emerald Solar and Storage,Hanwha Q CELLS USA,Genesee,NY,Lapp - East Batavia 115 kV,NM-NG,Solar,174.0,174,174,2021-09-14,Withdrawn,,2022-08-31 00:00:00,,,,,,B,0.0,,
1248,Garnet Solar and Storage,Hanwha Q CELLS USA,Orleans,NY,Sour Springs 115 kV,NM-NG,Solar,174.0,174,174,2021-09-14,Withdrawn,,2022-03-31 00:00:00,,,,,,B,0.0,,
1249,Ruby Storage Project,Hanwha Q CELLS USA,Ontario,NY,Station 168 - Trelina Solar 115kV,NM-NG,Energy Storage,115.0,115,115,2021-09-14,Withdrawn,,2024-05-31 00:00:00,,,,,,C,0.0,,
1250,Sapphire Solar and Storage,Hanwha Q CELLS USA,Wyoming,NY,South Perry - Meyer 230 kV,NYSEG,,200.0,200,200,2021-09-14,Withdrawn,,2024-05-31 00:00:00,,,,,,C,0.0,,
1251,Topaz Storage Project,Hanwha Q CELLS USA,Rensselaer,NY,Knickerbocker 345 kV,Transco,Energy Storage,200.0,200,200,2021-09-14,Withdrawn,,2023-05-31 00:00:00,,,,,,F,0.0,,
1252,Hillburn Energy Storage,"Alliance Energy Storage, LLC",Rockland,NY,Hillburn,O&R,Energy Storage,10.0,10,10,2021-09-15,Withdrawn,,2021-11-30 00:00:00,,,,,,G,0.0,,
1253,Shoemaker Energy Storage,"Alliance Energy Storage, LLC",Orange,NY,Shoemaker,O&R,Energy Storage,5.5,5.5,5.5,2021-09-15,Withdrawn,,2021-11-30 00:00:00,,,,,,G,0.0,,
1254,Barrett Hempstead Battery Storage,Barrett Hempstead Battery Storage,Nassau,NY,Barrett to Long Beach 33 kV circuit No 1(33-224),LIPA,Energy Storage,40.0,40,40,2021-09-22,Withdrawn,,2025-12-31 00:00:00,,,,,,K,0.0,,
1256,Canal Southampton Battery Storage,Canal Southampton Battery Storage,Suffolk,NY,Canal Substation 138kV,LIPA,Energy Storage,100.0,100,100,2021-09-22,Withdrawn,,2025-01-31 00:00:00,,,,,,K,0.0,,
1258,Deerpark Energy Storage,Oriden LLC,Orange,NY,Deerpark 69 kV ,O&R,Energy Storage,50.0,50,50,2021-09-22,Withdrawn,,2022-02-28 00:00:00,,,,,,G,0.0,,
1259,Middletown Energy Storage,Oriden LLC,Orange,NY,Shoemaker 69 kV ,O&R,Energy Storage,50.0,50,50,2021-09-22,Withdrawn,,2021-11-30 00:00:00,,,,,,G,0.0,,
1260,St. Regis River,BW Solar Holding,St. Lawrence,NY,Dennison - Colton 115kV line #4,NM-NG,,85.0,85,85,2021-09-23,Withdrawn,,2024-05-31 00:00:00,,,,,,E,0.0,,
1261,EI Sunset Park 2,Empire Offshore Wind LLC,Kings,NY,Gowanus 345 kV,ConEd,Wind,48.0,48,48,2021-09-24,Withdrawn,,2023-02-28 00:00:00,,,,,,J,0.0,,
1262,Brunswick Energy Storage,East Coast Power LLC,Union,NJ,Goethals 345kV,ConEd,Energy Storage,165.0,150,165,2021-09-24,Withdrawn,,2022-01-31 00:00:00,,,,,,J,0.0,,
1263,Ravenswood Energy Storage 4,Ravenswood Energy Storage 4,Queens,NY,Vernon 138kV,ConEd,Energy Storage,12.0,12,12,2021-09-27,Withdrawn,,2021-11-30 00:00:00,,,,,,J,0.0,,
1264,ELP Claverack Solar II LLC,ELP Claverack Solar II LLC,Columbia,NY,Hudson - Churchtown 115kV,NYTransco/ NM-NG,,20.0,20,20,2021-09-27,Withdrawn,,2022-01-31 00:00:00,,,,,,F,0.0,,
1265,Monticello Hills Wind,Liberty Renewables Inc.,Otsego,NY,West Winfield - Richfield Springs 46 kV Line #812,NYSEG,Wind,31.5,31.5,31.5,2021-09-28,Withdrawn,,2024-11-30 00:00:00,,,,,,E,0.0,,
1266,Rust Street 21.8MW ESS,"Microgrid Networks, LLC",Queens,NY,Glendale 27kV,ConEd,Energy Storage,22.8,21.8,22.8,2021-09-28,Withdrawn,,2021-11-30 00:00:00,,,,,,J,0.0,,
1267,Rust Street 20 MW ESS Project,"Microgrid Networks, LLC",Queens,NY,Glendale 27kV,ConEd,Energy Storage,20.0,20,20,2021-09-28,Withdrawn,,2021-11-30 00:00:00,,,,,,J,0.0,,
1268,1st Avenue 20 MW ESS Project,"Microgrid Networks, LLC",Kings,NY,,ConEd,Energy Storage,20.0,20,20,2021-09-28,Withdrawn,,2021-11-30 00:00:00,,,,,,J,0.0,,
1269,The Bruckner,"174 Power Global Properties, LLC",Bronx,NY,,ConEd,Energy Storage,11.6,11.6,11.6,2021-09-28,Withdrawn,,2021-11-30 00:00:00,,,,,,J,0.0,,
1270,Hinsdale 21.8MW Bulk Storage Project,"Microgrid Networks, LLC",Kings,NY,Brownsville 27kV,ConEd,Energy Storage,21.8,21.8,21.8,2021-09-29,Withdrawn,,2021-11-30 00:00:00,,,,,,J,0.0,,
1271,Atlantic Gateway,LS Power Grid NY Corporation I,"Nassau,Suffolk,Westchester",NY,"Barrett 138 kV, Ruland Road 138 kV, Millwood ? Buchanan 345 kV lines(W97/W98), Millwood ? Pleasant Valley 345 kV lines (W80/W81)","ConEd, LIPA",AC Transmission,0.0,,,2021-10-07,Withdrawn,,2023-06-30 00:00:00,,,,,,H; K,0.0,,
1272,EI Sunset BESS,Equinor Wind US LLC,Kings,NY,Greenwood South 138 kV,ConEd,Energy Storage,100.0,100,100,2021-10-08,Withdrawn,,2023-07-31 00:00:00,,,,,,J,0.0,,
1273,Downstate Clean Powerlink,"Anbaric Development Partners,LLC","Nassau, Suffolk, Bronx, Westchester",NY,"Mott Haven, Sprainbrook, Dunwoodie, Ruland Road, Newbridge, East Garden City, Syosset, Shore Road","ConEd, LIPA",AC Transmission,0.0,,,2021-10-08,Withdrawn,,2023-11-30 00:00:00,,,,,,"I,J,K",0.0,,
1274,Propel NY Energy ? Base Solution 2,NY Power Authority / NY Transco LLC.,"Nassau, Queens, Bronx, Westchester",NY,Sprain Brook 345 kV; Tremont 345 kV; Barrett138 kV; Shore Road 138 kV; Syosset 138 kV; Ruland Rd 138 kV,"ConEd, LIPA",AC Transmission,0.0,,,2021-10-08,Withdrawn,,2023-07-31 00:00:00,,,,,,I; J; K,0.0,,
1275,Propel NY Energy ? Base Solution 4,NY Power Authority / NY Transco LLC.,"Nassau, Suffolk, Queens, Bronx",NY,Tremont 345kV; Barrett138 kV; Shore Road 138 kV; Ruland Rd 138 kV,"ConEd, LIPA",AC Transmission,0.0,,,2021-10-08,Withdrawn,,2023-07-31 00:00:00,,,,,,J; K,0.0,,
1276,Propel NY Energy ? Base Solution 1,NY Power Authority / NY Transco LLC.,"Nassau, Queens, Bronx, and Westchester",NY,Sprain Brook 345 kV; Tremont 345 kV; East Garden City 345 kV; Barrett 138 kV; East Garden City 138 kV; Shore Road 138 kV; Ruland Rd 138 kV,"LIPA, ConEd, NYPA",AC Transmission,0.0,,,2021-10-08,Withdrawn,,2023-07-31 00:00:00,,,,,,I; J; K,0.0,,
1277,Propel NY Energy ? Base Solution 3,NY Power Authority / NY Transco LLC.,"Nassau, Queens, Bronx, Westchester",NY,Sprain Brook 345 kV; Tremont 345 kV; East Garden City 345 kV; Barrett 138 kV; East Garden City 138 kV; Shore Road 138 kV; Ruland Rd 138 kV,"LIPA, ConEd, NYPA",AC Transmission,0.0,,,2021-10-09,Withdrawn,,2023-07-31 00:00:00,,,,,,I; J; K,0.0,,
1278,NY Renewable Connect - Core 1,"NextEra Energy Transmission NY, Inc","Nassau, Suffolk, Westchester",NY,"East Garden City 345 kV, Sprain Brook 345 kV, Dunwoodie 345 kV, Jamaica 138 kV, Valley Stream 138 kV","ConEd, LIPA",AC Transmission,0.0,,,2021-10-10,Withdrawn,,2023-10-31 00:00:00,,,,,,"I,J,K",0.0,,
1279,NY Renewable Connect - Core 2,"NextEra Energy Transmission NY, Inc","Nassau, Suffolk, Westchester",NY,"East Garden City, Ruland Road, Sprain Brook, Dunwoodie, Jamaica, Valley Stream, Farragut","ConEd, LIPA",AC Transmission,0.0,,,2021-10-10,Withdrawn,,2023-10-31 00:00:00,,,,,,"I,J,K",0.0,,
1280,NY Renewable Connect - Core 3,"NextEra Energy Transmission NY, Inc","Nassau, Suffolk, Westchester",NY,"East Garden City, Ruland Road, Sprain Brook, Dunwoodie, Jamaica, Valley Stream, Farragut, Northport, Pilgrim","ConEd, LIPA",AC Transmission,0.0,,,2021-10-10,Withdrawn,,2023-10-31 00:00:00,,,,,,"I,J,K",0.0,,
1281,NY Renewable Connect - Core 4,"NextEra Energy Transmission NY, Inc","Nassau, Suffolk, Westchester",NY,"East Garden City, Ruland Road, Sprain Brook, Dunwoodie, Jamaica, Valley Stream, Farragut, Northport, Pilgrim","ConEd, LIPA",AC Transmission,0.0,,,2021-10-10,Withdrawn,,2023-10-31 00:00:00,,,,,,"I,J,K",0.0,,
1282,NY Renewable Connect - Core 5,"NextEra Energy Transmission NY, Inc","Nassau, Suffolk, Westchester",NY,"East Garden City, Ruland Road, Sprain Brook, Dunwoodie, Jamaica, Valley Stream, Northport","ConEd, LIPA",AC Transmission,0.0,,,2021-10-10,Withdrawn,,2023-10-31 00:00:00,,,,,,"I,J,K",0.0,,
1283,NY Renewable Connect - Core 6,"NextEra Energy Transmission NY, Inc","Nassau, Queens, Suffolk, Westchester",NY,"East Garden City, Ruland Road, Sprain Brook, Dunwoodie, Jamaica, Valley Stream, Northport, Pilgrim","ConEd, LIPA",AC Transmission,0.0,,,2021-10-10,Withdrawn,,2023-10-31 00:00:00,,,,,,"I,J,K",0.0,,
1284,NY Renewable Connect - Core 7,"NextEra Energy Transmission NY, Inc","Nassau, Suffolk, Westchester",NY,"East Garden City, Ruland Road, Sprain Brook, Dunwoodie, Jamaica, Valley Stream, Northport, Pilgrim, Buchanan","ConEd, LIPA",AC Transmission,0.0,,,2021-10-10,Withdrawn,,2023-10-31 00:00:00,,,,,,"H,I,J,K",0.0,,
1285,NY Renewable Connect - Enhanced 1,"NextEra Energy Transmission NY, Inc","Nassau, Suffolk, Westchester",NY,"East Garden City, Ruland Road, Sprain Brook, Dunwoodie, Farragut, Holbrook, Jamaica, Valley Stream, Northport, Pilgrim, Buchanan, Barrett","ConEd, LIPA",AC Transmission,0.0,,,2021-10-10,Withdrawn,,2023-10-31 00:00:00,,,,,,"H,I,J,K",0.0,,
1286,NY Renewable Connect - Enhanced 2,"NextEra Energy Transmission NY, Inc","Nassau, Suffolk, Westchester",NY,"East Garden City, Ruland Road, Sprain Brook, Dunwoodie, Farragut, Holbrook, Jamaica, Valley Stream, Northport, Pilgrim, Buchanan, Ramapo","O&R, ConEd, LIPA",AC Transmission,0.0,,,2021-10-10,Withdrawn,,2023-10-31 00:00:00,,,,,,"G,H,I,J,K",0.0,,
1287,NY Renewable Connect - Plus 3,"NextEra Energy Transmission NY, Inc","Nassau, Suffolk, Westchester",NY,"East Garden City, Ruland Road, Sprain Brook, Dunwoodie, Jamaica, Valley Stream, Northport, Pilgrim","ConEd, LIPA",AC Transmission,0.0,,,2021-10-10,Withdrawn,,2023-10-31 00:00:00,,,,,,"I,J,K",0.0,,
1288,CPNY-X,Clean Path New York LLC,"Delaware, Queens",NY,Fraser 345 kV and Rainey 345 kV substations,"NYSEG, ConEd",DC Transmission,0.0,,,2021-11-23,Withdrawn,,2025-10-31 00:00:00,,,,,,"E,J",0.0,,
1290,Propel NY Energy ? Alternate Solution 6,NY Power Authority / NY Transco LLC.,"Nassau, Queens, Bronx, Westchester",NY,Sprain Brook 345 kV; Dunwoodie 345 kV; Tremont 345 kV; East Garden City 345 kV; Barrett 138 kV; East Garden City 138 kV; Shore Road 138 kV; Syosset 138 kV; Ruland Rd 138 kV,"LIPA, ConEd, NYPA",AC Transmission,0.0,,,2021-10-11,Withdrawn,,2023-07-31 00:00:00,,,,,,I; J; K,0.0,,
1291,Propel NY Energy ? Alternate Solution 7,NY Power Authority / NY Transco LLC.,"Nassau, Queens, Bronx, Westchester",NY,Sprain Brook 345 kV; Dunwoodie 345 kV; Tremont 345 kV; Barrett 138 kV; Shore Road 138 kV; Syosset 138 kV; Ruland Rd 138 kV; Northport 138 kV,"ConEd, LIPA",DC Transmission,0.0,,,2021-10-11,Withdrawn,,2023-07-31 00:00:00,,,,,,I; J; K,0.0,,
1292,Hemlock Hollow Wind,Liberty Renewables Inc.,Cattaraugus,NY,Homer Hill - Dugan Rd 115kV,NM-NG,Wind,87.9,87.9,87.9,2021-10-20,Withdrawn,,2024-07-31 00:00:00,,,,,,A,0.0,,
1293,White Springs Solar,ACE DevCo NC,Ontario,NY,Haley Road 34.5 kV Substation,NYSEG,Solar,20.0,20,20,2021-10-22,Withdrawn,,2023-08-31 00:00:00,,,,,,,0.0,,
1294,Moran Solar,ACE DevCo NC,Fulton,NY,Inghams - Stoner 115 kV,NM-NG,Solar,20.0,20,20,2021-10-22,Withdrawn,,2024-02-29 00:00:00,,,,,,F,0.0,,
1295,Putnam Mountain Solar,"Galehead Development, LLC",Washington,NY,Whitehall - Cedar 115 kV ,NM-NG,Solar,40.0,40,40,2021-10-26,Withdrawn,,2022-11-30 00:00:00,,,,,,F,0.0,,
1296,90662 Sing Sing Standalone Storage,Nexamp Solar,Chemung,NY,,ConEd,Energy Storage,20.0,20,20,2021-10-28,Withdrawn,,2021-11-30 00:00:00,,,,,,J,0.0,,
1297,Deerpark Energy Storage,"Algonquin Power Fund (America), Inc.",Orange,NY,Cuddebackville substation,O&R,Energy Storage,20.0,20,20,2021-10-29,Withdrawn,,2022-01-31 00:00:00,,,,,,G,0.0,,
1298,87677 Clifton Springs Standalone Storage,Nexamp Solar,Ontario,NY,,ConEd,Energy Storage,20.0,20,20,2021-10-29,Withdrawn,,2021-11-30 00:00:00,,,,,,J,0.0,,
1299,KCE NY 33,"KCE NY 33, LLC",Broome,NY,Langdon 34.5kV Substation ,NYSEG,Energy Storage,20.0,20,20,2021-10-29,Withdrawn,,2022-08-31 00:00:00,,,,,,C,0.0,,
1300,"KCE NY 25, LLC","KCE NY 25, LLC",Ontario,NY,Substation 146,RG&E,Energy Storage,6.0,6,6,2021-11-02,Withdrawn,,2021-12-31 00:00:00,,,,,,B,0.0,,
1301,Pine Barrens Storage,Pine Barrens Storage LLC,Suffolk,NY,Brookhaven 138 kV Substation,LIPA,Energy Storage,75.0,75,75,2021-11-09,Withdrawn,,2024-05-31 00:00:00,,,,,,K,0.0,,
1302,Bremen Solar,New Bremen Solar,Lewis,NY,Bremen 115 kV Substation,NM-NG,Solar,102.3,102.3,100,2021-11-10,Withdrawn,,2022-03-31 00:00:00,,,,,,E,0.0,,
1303,Agate Storage Project,Hanwha Q Cells USA,Dutchess,NY,Manchester 115 kV substation,CHG&E,Energy Storage,200.0,200,200,2021-11-12,Withdrawn,,2024-05-31 00:00:00,,,,,,G,0.0,,
1304,Coral Storage Project,Hanwha Q CELLS USA,Chemung,NY,Yawger 115 kV substation,NYSEG,Energy Storage,100.0,100,100,2021-11-12,Withdrawn,,2024-05-31 00:00:00,,,,,,C,0.0,,
1305,Crystal Storage Project,Hanwha Q CELLS USA,Seneca,NY,Border City - Elbridge 115 kV Line#10,NM-NG,Energy Storage,175.0,175,175,2021-11-12,Withdrawn,,2024-05-31 00:00:00,,,,,,C,0.0,,
1306,Opal Storage Project,Hanwha Q CELLS USA,Orange,NY,East Walden 115 kV substation,CHG&E,Energy Storage,200.0,200,200,2021-11-12,Withdrawn,,2024-05-31 00:00:00,,,,,,G,0.0,,
1307,"Riverhead Energy, LLC",Riverhead Energy,Suffolk,NY,Riverhead - Jamesport 69kV,LIPA,Energy Storage,100.0,100,100,2021-11-16,Withdrawn,,2024-05-31 00:00:00,,,,,,K,0.0,,
1309,Port Jefferson Energy Storage,"Algonquin Power Fund (America), Inc.",Suffolk,NY,Port Jefferson 69kV Substation,LIPA,Energy Storage,48.7,48.7,48.7,2021-12-07,Withdrawn,,2022-03-31 00:00:00,,,,,,K,0.0,,
1310,QMB1 Energy Storage,QMB1 Energy Storage,Nassua,NY,Ruland Rd. 138 kV,LIPA,Energy Storage,300.0,300,300,2021-12-08,Withdrawn,,2024-07-31 00:00:00,,,,,,K,0.0,,
1311,Bronx Shores Energy Storage,Bronx Shores Energy Storage,Bronx,NY,Mott Haven 138 kV,ConEd,Energy Storage,300.0,300,300,2021-12-08,Withdrawn,,2024-05-31 00:00:00,,,,,,J,0.0,,
1312,Orient Point BESS,Saturn Energy Storage LLC,Suffolk,NY,The existing 23kV line near PSEG?s 23 kV Orient substation,LIPA,Energy Storage,15.0,15,15,2021-12-10,Withdrawn,,2022-02-28 00:00:00,,,,,,K,0.0,,
1313,Queensbury BESS,Saturn Energy Storage LLC,Warren,NY,Queensbury 34.5 kV substation,NM-NG,Energy Storage,20.0,20,20,2021-12-12,Withdrawn,,2024-05-31 00:00:00,,,,,,F,0.0,,
1314,Regeneron Pharmaceutical INC,Regeneron Pharmaceuticals Inc,Rensselaer,NY,On site - connecting to electrical SWGR. Technical point of interconnection for the campus is at the primary meter at the substation,NM-NG,Solar,0.5,0.5,0.5,2021-12-15,Withdrawn,,2022-03-31 00:00:00,,,,,,F,0.0,,
1316,Bay Breeze Solar,"ACE DevCo NC, LLC",Jefferson,NY,Lyme - North Watertown 115kV Line #13,NM-NG,Solar,200.0,200,200,2021-12-20,Withdrawn,,2024-07-31 00:00:00,,,,,,E,0.0,,
1317,KCE NY 34,"KCE NY 34, LLC",Ulster,NY,13.8 kV Saugerties Substation,CHGE,Energy Storage,13.0,13,13,2021-12-21,Withdrawn,,2022-02-28 00:00:00,,,,,,G,0.0,,
1318,Saugerties Energy Storage,"Algonquin Power Fund (America), Inc.",Ulster,NY,Saugerties substation 13.8 kV,CHGE,Energy Storage,12.9,12.9,12.9,2021-12-21,Withdrawn,,2022-01-31 00:00:00,,,,,,G,0.0,,
1319,"Grateful Storage, LLC",Grateful Storage LLC,Orange,NY,Chadwick Lake - East Walden 115 kV,CHG&E,Energy Storage,100.0,100,100,2021-12-23,Withdrawn,,2023-12-31 00:00:00,,,,,,G,0.0,,
1320,"Lake Ronkonkoma Storage, LLC",Lake Ronkonkoma Storage LLC,Suffolk,NY,Ronkonkoma 138 kV substation,LIPA,Energy Storage,100.0,100,100,2021-12-23,Withdrawn,,2024-01-31 00:00:00,,,,,,K,0.0,,
1321,"Dix Hills, LLC",Dix Hills Storage LLC,Suffolk,NY,Bagatelle Rd 138 kV,LIPA,Energy Storage,100.0,100,100,2021-12-23,Withdrawn,,2024-05-31 00:00:00,,,,,,K,0.0,,
1322,"Holtsville West Storage, LLC",Holtsville West Storage LLC,Suffolk,NY,Holtsville 69 kV substation,LIPA,Energy Storage,50.0,50,50,2021-12-23,Withdrawn,,2024-07-31 00:00:00,,,,,,K,0.0,,
1323,Lincoln ESC,Fresh Air Energy II,SUFFOLK,NY,Holbrook - Bohemia 69kV,LIPA,Energy Storage,100.0,100,100,2022-01-07,Withdrawn,,2024-05-31 00:00:00,,,,,,K,0.0,,
1324,Somerset Solar Farm,AES,USA,NY,Kintigh Switchyard 345kV,NYSEG,AC Transmission,212.0,212,212,2022-01-20,Withdrawn,,2022-03-31 00:00:00,,,,,,A,0.0,,
1325,McKean County Solar CSR Phase 1,"RWE Solar Development, LLC",McKean,PA,Homer City - Pierce Brook 345 kV,NYSEG,,325.0,325,325,2022-01-20,Withdrawn,,2024-05-31 00:00:00,,,,,,A,0.0,,
1326,McKean County Solar CSR Phase 2,"RWE Solar Development, LLC",McKean,PA,Homer City - Pierce Brook 345 kV,NYSEG,,325.0,325,325,2022-01-20,Withdrawn,,2024-05-31 00:00:00,,,,,,A,0.0,,
1327,McKean County BESS,"RWE Solar Development, LLC",McKean,PA,Homer City Station - Pierce Brook 345kV,NYSEG,Energy Storage,170.0,170,170,2022-01-20,Withdrawn,,2022-04-30 00:00:00,,,,,,A,0.0,,
1328,Wayland solar,EDF renewables development inc.,Steuben,NY,Meyer - Eelpot Road 115 kV,NYSEG,Solar,120.0,120,120,2022-01-26,Withdrawn,,2024-05-31 00:00:00,,,,,,C,0.0,,
1330,AGR NY-1,Avangrid Renewables,Kings,NY,Gowanus 345 kV Substation,ConEd,Wind,1600.0,1600,1600,2022-02-17,Withdrawn,,2022-04-30 00:00:00,,,,,,J,0.0,,
1331,Solar Generation Jennison Revitalization Facility,Solar Generation,Chenango,NY,Jennison 115 kV,NYSEG,Solar,117.8,117.8,117.8,2022-02-17,Withdrawn,,2023-08-31 00:00:00,,,,,,,0.0,,
1332,AGR NY-2,Avangrid Renewables,Richmond,NY,Goethals 345 kV Substation,ConEd,Wind,1600.0,1600,1600,2022-02-17,Withdrawn,,2022-04-30 00:00:00,,,,,,J,0.0,,
1333,Newbridge-Ruland Storage,QMB 1 Energy Storage,Nassau,NY,Ruland Rd - Newbridge 138 kV,LIPA,Energy Storage,250.0,250,250,2022-02-21,Withdrawn,,2024-03-31 00:00:00,,,,,,K,0.0,,
1334,Morris Sole Solar,EDF renewables development inc.,Livingston,NY,South Perry - Meyer 230 kV,NYSEG,Solar,110.0,110,110,2022-02-23,Withdrawn,,2024-05-31 00:00:00,,,,,,C,0.0,,
1335,Hoffman Falls Wind 2,Liberty Renewables Inc.,Madison,NY,Fenner-Shippey Road 115 kV Line #3,NM-NG,Wind,102.5,102.5,102.5,2022-02-24,Withdrawn,,2024-05-31 00:00:00,,,,,,C,0.0,,
1336,Abrams Solar,"Granada Solar, LLC",St. Lawrence,NY,Alcoa - N. Ogdensburg 115 kV,NM-NG,Solar,20.0,20,20,2022-02-24,Withdrawn,,2023-08-31 00:00:00,,,,,,,0.0,,
1337,Atlantic Shores Offshore Wind Bight 1,"Atlantic Shores Offshore Wind Bight, LLC",Kings,NY,Gowanus 345 KV,ConEd,Wind,2100.0,2100,2100,2022-02-25,Withdrawn,,2024-07-31 00:00:00,,,,,,J,0.0,,
1338,Atlantic Shores Offshore Wind Bight 2,"Atlantic Shores Offshore Wind Bight, LLC",Richmond,NY,Goethals 345 kV,ConEd,Wind,2100.0,2100,2100,2022-02-25,Withdrawn,,2024-07-31 00:00:00,,,,,,J,0.0,,
1339,Atlantic Shores Offshore Wind Bight 3,"Atlantic Shores Offshore Wind Bight, LLC",Suffolk,NY,Ruland Road 138kV,LIPA,Wind,2100.0,2100,2100,2022-02-25,Withdrawn,,2022-06-30 00:00:00,,,,,,K,0.0,,
1340,Atlantic Shores Offshore Wind Bight 4,"Atlantic Shores Offshore Wind Bight, LLC",Kings,NY,Brooklyn Clean Energy Hub 345kV,ConEd,Wind,2100.0,2100,2100,2022-02-25,Withdrawn,,2024-07-31 00:00:00,,,,,,J,0.0,,
1341,Atlantic Shores Offshore Wind Bight 5,"Atlantic Shores Offshore Wind Bight, LLC",Richmond,NY,Fresh Kills 345 KV,ConEd,Wind,2100.0,2100,2100,2022-02-25,Withdrawn,,2024-07-31 00:00:00,,,,,,J,0.0,,
1342,Astoria Annex Energy Storage,Astoria Renewables LLC,Queens,NY,Astoria Annex 345 kV,NYPA,Energy Storage,500.0,500,500,2022-03-03,Withdrawn,,2024-05-31 00:00:00,,,,,,J,0.0,,
1343,Moonlight Flats Solar Power,Swift Current Energy,Clearfield,PA,Homer City - Mainesburg 345 KV,NYSEG,Solar,250.0,250,250,2022-03-04,Withdrawn,,2024-05-31 00:00:00,,,,,,C,0.0,,
1344,Fresh Kills Energy Storage,Fresh Kills Battery Storage LLC,Richmond,NY,Fresh Kills 345 kV,ConEd,Energy Storage,500.0,500,500,2022-03-08,Withdrawn,,2024-05-31 00:00:00,,,,,,J,0.0,,
1345,Goethals Energy Storage Project,Staten Island Power LLC,Richmond,NY,Goethals 345 kV,ConEd,Energy Storage,500.0,500,500,2022-03-08,Withdrawn,,2024-05-31 00:00:00,,,,,,J,0.0,,
1346,Middletown Energy Storage,"Middletown Energy Storage, LLC",Orange,NY,Tap Shoemaker-Chester 138kV line (line 27),O&R,Energy Storage,100.0,100,100,2022-03-08,Withdrawn,,2023-04-30 00:00:00,,,,,,G,0.0,,
1347,Celestine Storage,Hanwha Q CELLS USA,Steuben,NY,Bath 115 kV substation,NYSEG,Energy Storage,191.1,191.1,191.1,2022-03-11,Withdrawn,,2022-06-30 00:00:00,,,,,,C,0.0,,
1348,Daphne Storage,Hanwha Q CELLS USA,Suffolk,NY,Moriches 69 kV,LIPA,Energy Storage,45.0,45,45,2022-03-11,Withdrawn,,2024-05-31 00:00:00,,,,,,K,0.0,,
1349,Gemma Storage,Hanwha Q CELLS USA,Steuben,NY,Stoney Ridge 230 KV Substation,NYSEG,Energy Storage,190.0,190,190,2022-03-11,Withdrawn,,2024-05-31 00:00:00,,,,,,C,0.0,,
1350,Millwood Energy Storage,New Castle ESS LLC,Westchester,NY,Millwood 345 kV Substation,ConEd,Energy Storage,500.0,500,500,2022-03-11,Withdrawn,,2024-05-31 00:00:00,,,,,,H,0.0,,
1351,Sprain Brook Energy Storage,Yonkers Renewable Energy LLC,Westchester,NY,Sprain Brook 345 kV Substation,ConEd,Energy Storage,500.0,500,500,2022-03-13,Withdrawn,,2024-05-31 00:00:00,,,,,,I,0.0,,
1352,Buchanan Energy Storage - North,Peekskill BESS LLC,Westchester,NY,Buchanan North 345 kV Substation,ConEd,Energy Storage,500.0,500,500,2022-03-13,Withdrawn,,2024-05-31 00:00:00,,,,,,H,0.0,,
1353,Eastview Energy Storage Project,Central Westchester Power LLC,Westchester,NY,Eastview 138 kV Substation,ConEd,Energy Storage,400.0,400,400,2022-03-14,Withdrawn,,2024-05-31 00:00:00,,,,,,I,0.0,,
1354,Diamond Solar,Hecate Energy Diamond Solar LLC,Herkimer,NY,Edic to Gordon Rd 345 kV line,NM-NG,Solar,500.0,500,500,2022-03-18,Withdrawn,,2024-05-31 00:00:00,,,,,,E,0.0,,
1355,Rich Road Storage,"EDF Renewable Development, Inc",St. Lawrence,NY,Moses - Adirondack 230 kV,NYPA,Energy Storage,20.0,20,20,2022-03-23,Withdrawn,,2022-12-31 00:00:00,,,,,,E,0.0,,
1356,Bremen Solar,New Bremen Solar,Lewis,NY,Taylorville - Boonville 115 kV,NM-NG,Solar,100.0,100,100,2022-03-24,Withdrawn,,2023-03-31 00:00:00,,,,,,E,0.0,,
1357,Shoreham,174 Power Global Properties,Suffolk,NY,Shoreham 138 kV,LIPA,Energy Storage,100.0,100,100,2022-03-25,Withdrawn,,2023-04-30 00:00:00,,,,,,K,0.0,,
1358,West Babylon,174 Power Global Properties,Nassau,NY,West Babylon 69 kV,LIPA,Energy Storage,130.0,130,130,2022-03-25,Withdrawn,,2022-10-31 00:00:00,,,,,,K,0.0,,
1359,Columbia Storage,"EDF Renewable Development, Inc",Herkimer,NY,Edic - Fraser 345 kV,NYPA,Energy Storage,20.0,20,20,2022-03-31,Withdrawn,,2022-12-31 00:00:00,,,,,,E,0.0,,
1360,Buchanan Energy Storage-South,Peekskill BESS LLC,Westchester,NY,Buchanan South 345 kV Substation,ConEd,Energy Storage,500.0,500,500,2022-04-07,Withdrawn,,2024-05-31 00:00:00,,,,,,H,0.0,,
1361,Ditch Creek Solar,Nexamp Solar LLC,Madison,NY,Clay - Edic 345 kV,NYPA,,200.0,200,200,2022-04-12,Withdrawn,,2024-10-31 00:00:00,,,,,,C,0.0,,
1362,Fraser Storage,EDF renewables development inc.,Delaware,NY,Fraser substation 115 kV,NYSEG,Energy Storage,200.0,200,200,2022-04-12,Withdrawn,,2024-05-31 00:00:00,,,,,,E,0.0,,
1363,State Route 52,Delaware River Solar,Sullivan,NY,Liberty 34.5 kV substation,NYSEG,Solar,20.0,20,20,2022-04-14,Withdrawn,,2022-09-30 00:00:00,,,,,,E,0.0,,
1364,NY Wappingers Falls Old Hopewell Rd Storage,Bluewave Storage Origination LLC,Wappingers Falls,NY,North Chelsea - Myers Corners 69 kV,CHGE,Energy Storage,40.0,40,40,2022-04-14,Withdrawn,,2023-03-31 00:00:00,,,,,,G,0.0,,
1367,Queensboro Renewable Express Circuit C,"Queensboro Development, LLC",Queens,NY,New Ravenswood substation connecting to Rainey 345kV and Vernon 138kV,ConEd,AC Transmission,0.0,,,2022-04-15,Withdrawn,,2023-02-28 00:00:00,,,,,,J,0.0,,
1368,Hallock Ave Energy Storage,"Borrego Solar Systems, inc.",Suffolk,NY,Shoreham - Millers Place 138 kV,LIPA,Energy Storage,90.0,90,90,2022-04-19,Withdrawn,,2022-11-30 00:00:00,,,,,,K,0.0,,
1369,Community OSW Valley Stream 1,"Community Offshore Wind, LLC",Nassau,NY,Valley Stream 138kV,LIPA,Wind,1100.0,1100,1100,2022-04-20,Withdrawn,,2022-09-30 00:00:00,,,,,,K,0.0,,
1370,Community OSW Ruland Road 1,"Community Offshore Wind, LLC",Suffolk,NY,Ruland Road 138kV,LIPA,Wind,1100.0,1100,1100,2022-04-20,Withdrawn,,2024-05-31 00:00:00,,,,,,K,0.0,,
1371,Community OSW Goethals 1,"Community Offshore Wind, LLC",Staten Island,NY,Goethals 345 kV,ConEd,Wind,1100.0,1100,1100,2022-04-20,Withdrawn,,2024-05-31 00:00:00,,,,,,J,0.0,,
1372,Community OSW Brooklyn CEH 1,"Community Offshore Wind, LLC",Brooklyn,NY,Brooklyn Clean Energy Hub 345 kV,ConEd,Wind,1100.0,1100,1100,2022-04-20,Withdrawn,,2024-05-31 00:00:00,,,,,,J,0.0,,
1373,Community OSW Barrett 1,"Community Offshore Wind, LLC",Nassau,NY,Barrett 138 kV,LIPA,Wind,1100.0,1100,1100,2022-04-20,Withdrawn,,2023-08-31 00:00:00,,,,,,,0.0,,
1374,Community OSW East Garden City 1,"Community Offshore Wind, LLC",Nassau,NY,East Garden City 345 kV,NYPA,Wind,1100.0,1100,1100,2022-04-24,Withdrawn,,2024-05-31 00:00:00,,,,,,K,0.0,,
1375,Community OSW Valley Stream 2,"Community Offshore Wind, LLC",Nassau,NY,Valley Stream 138kV,LIPA,Wind,210.0,210,210,2022-04-24,Withdrawn,,2022-09-30 00:00:00,,,,,,K,0.0,,
1376,Community OSW Ruland Road 2,"Community Offshore Wind, LLC",Suffolk,NY,Ruland Road 138 kV,LIPA,Wind,210.0,210,210,2022-04-24,Withdrawn,,2023-11-30 00:00:00,,,,,,K,0.0,,
1377,Community OSW Goethals 2,"Community Offshore Wind, LLC",Staten Island,NY,Goethals 345 kV,ConEd,Wind,210.0,210,210,2022-04-24,Withdrawn,,2024-05-31 00:00:00,,,,,,J,0.0,,
1378,Community OSW Brooklyn CEH 2,"Community Offshore Wind, LLC",Brooklyn,NY,Brooklyn Clean Energy Hub 345 kV,ConEd,Wind,210.0,210,210,2022-04-24,Withdrawn,,2024-05-31 00:00:00,,,,,,J,0.0,,
1379,Community OSW Barrett 2,"Community Offshore Wind, LLC",Nassau,NY,Barrett 138 kV,LIPA,Wind,210.0,210,210,2022-04-24,Withdrawn,,2023-08-31 00:00:00,,,,,,,0.0,,
1380,Community OSW East Garden City 2,"Community Offshore Wind, LLC",Nassau,NY,East Garden City 345 kV,NYPA,Wind,210.0,210,210,2022-04-24,Withdrawn,,2024-05-31 00:00:00,,,,,,K,0.0,,
1381,NY Nassau 0 Waterbury Rd Storage A,Bluewave Storage Origination LLC,Rensselaer,NY,Nassau-Hudson #9 Line 34.5 kV,NM-NG,Energy Storage,25.2,25.2,25.2,2022-04-28,Withdrawn,,2024-02-29 00:00:00,,,,,,F,0.0,,
1382,OW Ocean Winds East 7,OW Ocean Winds East,Kings,NY,Gowanus 345 kV,ConEd,Wind,1600.0,1600,1600,2022-05-02,Withdrawn,,2024-07-31 00:00:00,,,,,,J,0.0,,
1383,NY Hudson Fairview Ave Storage,Bluewave Storage Origination LLC,Columbia,NY,Nassau - Hudson 34.5kV,NM-NG,Energy Storage,25.2,25.2,25.2,2022-05-05,Withdrawn,,2022-11-30 00:00:00,,,,,,F,0.0,,
1384,Daroga Power Dover Plains Hydrogen Production Plant,Daroga Power,Dutchess,NY,Ten Mile River,NYSEG,,0.0,,,2022-05-19,Withdrawn,,2022-08-31 00:00:00,,,,,,H,0.0,,
1385,Attentive Energy 1,Attentive Energy,Suffolk,NY,Sills Road Substation 138kV,LIPA,Wind,1310.0,1310,1310,2022-06-01,Withdrawn,,2024-05-31 00:00:00,,,,,,K,0.0,,
1386,Attentive Energy 2,Attentive Energy,Brooklyn,NY,Farragut Substation 345 kV,ConEd,Wind,1310.0,1310,1310,2022-06-01,Withdrawn,,2024-05-31 00:00:00,,,,,,J,0.0,,
1387,Glen Head Battery Energy Storage System,ClearCell Power,Nassau,NY,1 Stanco Street Substation via a dedicated feeder from the project site,LIPA,Energy Storage,20.1,20.1,20.1,2022-06-09,Withdrawn,,2022-08-31 00:00:00,,,,,,K,0.0,,
1388,Kings Spoke 1310,NY Power Authority Development & LS Power Grid NY Corporation II,Kings,NY,"The proposed POI will be located at a new 345/138 kV transmission substation in East Flatbush, Brooklyn, ~4 miles from the Greenwood substation, ~3 miles from the Bensonhurst sub, ~4 miles from the Farragut, and ~3 miles from Brownsville substation.",ConEd,,0.0,,,2022-06-09,Withdrawn,,2022-07-31 00:00:00,,,,,,J,0.0,,
1389,Kings Spoke 2620,NY Power Authority & LS Power Grid NY Corporation II,Kings,NY,"The proposed POI will be located at a new 345/138 kV transmission substation in East Flatbush, Brooklyn, ~4 miles from the Greenwood substation, ~3 miles from the Bensonhurst substation, ~4 miles from the Farragut substation and ~3 mi from the Brownsville",ConEd,,0.0,,,2022-06-09,Withdrawn,,2022-07-31 00:00:00,,,,,,J,0.0,,
1390,Ridge View Stoarge,EDF Renewable Development Inc.,Niagara,NY,Kintigh-Dysinger 345kV,NYSEG,Solar,20.0,20,20,2022-06-10,Withdrawn,,2022-12-31 00:00:00,,,,,,A,0.0,,
1391,Beck Solar,"ACE DevCo NC, LLC",Chautauqua,NY,Hartfield - Moon Road 115 kV line,NM-NG,Solar,20.0,20,20,2022-06-21,Withdrawn,,2024-01-31 00:00:00,,,,,,A,0.0,,
1392,Swift Solar,Swift Solar LLC,Herkimer,NY,Edic - Princetown 345 kV #351 line,NYPA,,300.0,300,300,2022-06-23,Withdrawn,,2024-05-31 00:00:00,,,,,,F,0.0,,
1393,Mineral Basin II Solar Power,"Mineral Basin Solar Power, LLC",Clearfield,PA,Homer City - Mainesburg 345 kV,NYSEG,Solar,222.0,222,222,2022-06-23,Withdrawn,,2024-05-31 00:00:00,,,,,,C,0.0,,
1394,NY Greenport 85 Middle Rd Storage,Bluewave Storage Origination LLC,Columbia,NY,North Catskill - Churchtown Line #5 115 kV and Lafarge- Churchtown Line #8 115 kV,NM-NG,Energy Storage,104.2,104.2,104.2,2022-06-23,Withdrawn,,2024-02-29 00:00:00,,,,,,G,0.0,,
1395,Raquette Lake Energy Storage / CAMP,Excelsior Reserve Energy,Hamilton,NY,Raquette Lake - Eagle Bay 46 kV line,NM-NG,Energy Storage,20.0,20,20,2022-06-23,Withdrawn,,2024-02-29 00:00:00,,,,,,E,0.0,,
1396,NY Interconnection 4,NY Interconnection LLC,NY,NY,Fox Hills 138 kV Substation,ConEd,Wind,900.0,900,900,2022-06-30,Withdrawn,,2024-05-31 00:00:00,,,,,,J,0.0,,
1397,Hell Gate Energy Storage,NY Power Authority,Bronx,NY,Hell Gate Bus Section 2 - 138kV,NYPA,Energy Storage,96.0,95,96,2022-07-01,Withdrawn,,2024-05-31 00:00:00,,,,,,J,0.0,,
1398,Harlem River Yards Energy Storage,NY Power Authority,Bronx,NY,Hell Gate Annex - 138kV voltage,NYPA,Energy Storage,107.0,106,107,2022-07-01,Withdrawn,,2024-05-31 00:00:00,,,,,,J,0.0,,
1399,Pouch Energy Storage,NY Power Authority,Staten Island,NY,Fox Hills 138kV Substation,ConEd,Energy Storage,52.0,51,52,2022-07-01,Withdrawn,,2024-05-31 00:00:00,,,,,,J,0.0,,
1400,Gowanus Energy Storage,NY Power Authority,Brooklyn,NY,Greenwood 138kV Substation with alternate feed connected to Gowanus Substation ~,ConEd,Energy Storage,103.0,102,103,2022-07-01,Withdrawn,,2023-03-31 00:00:00,,,,,,J,0.0,,
1401,Brentwood Energy Storage,NY Power Authority,Suffolk,NY,Brentwood Substation Bus #1 - 69kV,LIPA,Energy Storage,52.0,51,52,2022-07-01,Withdrawn,,2024-05-31 00:00:00,,,,,,K,0.0,,
1402,Flynn Energy Storage,NY Power Authority,Suffolk,NY,Holtsville 138 kV substation,LIPA,Energy Storage,160.0,160,160,2022-07-01,Withdrawn,,2024-05-31 00:00:00,,,,,,K,0.0,,
1403,Poplar 1 Energy Center,"Poplar Energy Center, LLC",Suffolk,NY,Riverhead -Tuthill 69 kV Line,LIPA,Energy Storage,60.0,60,60,2022-07-11,Withdrawn,,2024-05-31 00:00:00,,,,,,K,0.0,,
1404,Winner Solar,"Winner Solar, LLC",Clinton County,PA,Homer City - Mainesburg 345kV,NYSEG,Solar,120.0,120,120,2022-07-14,Withdrawn,,2024-09-30 00:00:00,,,,,,C,0.0,,
1405,Athens Energy Storage,Athens Energy Stoarge LLC,Greene,NY,Leeds 3-Van Wagner 345 kV Line,NM-NG,Energy Storage,300.0,300,300,2022-07-16,Withdrawn,,2024-05-31 00:00:00,,,,,,F,0.0,,
1406,North Seneca Storage,North Seneca Solar Project LLC,Seneca,NY,Farmington-Hamilton 115 kV Line Tap,NM-NG,Energy Storage,19.9,19.9,19.9,2022-07-22,Withdrawn,,2023-10-31 00:00:00,,,,,,C,0.0,,
1407,Crane Brook Storage,Crane Brook Solar Project,Cayuga,NY,State St. - Clinton Corn 115 kV,NM-NG,Energy Storage,19.9,19.9,19.9,2022-07-22,Withdrawn,,2023-07-31 00:00:00,,,,,,C,0.0,,
1408,NY Schodack 634 Knickerbocker Rd Storage,Bluewave Storage Origination LLC,Rensselaer,NY,Schodack – Valkin line 14 115 kV,NYTransco,Energy Storage,57.0,57,57,2022-07-25,Withdrawn,,2023-03-31 00:00:00,,,,,,F,0.0,,
1409,"Grateful Storage, LLC",Grateful Storage LLC,Orange,NY,Rock Tavern - Roseton 345kV,CHG&E,Energy Storage,250.0,250,250,2022-08-26,Withdrawn,,2024-07-31 00:00:00,,,,,,G,0.0,,
1410,Cayuga Solar LLC,Cayuga Solar LLC,Cayuga,NY,NYS-Locke 718 34.5 kV Substation,NYSEG,Solar,19.6,19.6,19.6,2022-07-29,Withdrawn,,2024-11-30 00:00:00,,,,,,C,0.0,,
1411,NY Johnstown 378 State Hwy 334 Storage,Bluewave Storage Origination LLC,Fulton,NY,Inghams - Meco #15 115 kV line,NM-NG,Energy Storage,62.5,62.5,62.5,2022-08-01,Withdrawn,,2023-03-31 00:00:00,,,,,,F,0.0,,
1412,Poplar 2 Energy Center,"Poplar Energy Center, LLC",Suffolk,NY,Riverhead-Tuthill 69kV,LIPA,Energy Storage,20.0,20,20,2022-08-10,Withdrawn,,2023-02-28 00:00:00,,,,,,K,0.0,,
1413,Catlin Creek Storage,"Catlin Creek Energy Storage 1, LLC",Orange County,NY,Westtown - Shoemaker 69 kV line #11,O&R,Energy Storage,70.0,70,70,2022-08-10,Withdrawn,,2024-08-31 00:00:00,,,,,,G,0.0,,
1414,Glove City Energy Center,"Glove City Energy Center, L.L.C.",Fulton,NY,Stoner to Inghams 115 kV line,NM-NG,Solar,100.0,100,100,2022-08-10,Withdrawn,,2022-09-30 00:00:00,,,,,,F,0.0,,
1415,57-77 Rust St,"Microgrid Networks, LLC",Queens,NY,Glendale 27kV,ConEd,Energy Storage,22.5,22.5,22.5,2022-08-11,Withdrawn,,2022-12-31 00:00:00,,,,,,J,0.0,,
1416,NY Mahopac 45 Margaret Rd Storage,Bluewave Storage Origination LLC,Putnam,NY,Croton Falls - Union valley 115 kV,NYSEG,Energy Storage,162.5,162.5,162.5,2022-08-15,Withdrawn,,2023-02-28 00:00:00,,,,,,H,0.0,,
1417,Russet Ridge Wind,Liberty Renewables Inc.,Livingston,NY,Eelpot Road 115kV substation,NYSEG,Wind,118.0,118,118,2022-08-19,Withdrawn,,2024-05-31 00:00:00,,,,,,C,0.0,,
1418,New Hartford Solar Farm,New Hartford Solar LLC,Oneida,NY,Line #1 115kV YAHNUNDASIS-CHADWICKS,NM-NG,,20.0,20,20,2022-08-22,Withdrawn,,2024-06-30 00:00:00,,,,,,E,0.0,,
1419,Vineyard Mid-Atlantic 1,Vineyard Mid-Atlantic,Kings,NY,Gowanus 345 kV,Coned,Wind,1350.0,1350,1350,2022-08-24,Withdrawn,,2024-05-31 00:00:00,,,,,,J,0.0,,
1420,Glove City Solar,"Glove City Energy Center, LLC",Fulton,NY,Inghams - Stoner 115kV line #9,NM-NG,Solar,100.0,100,100,2022-08-25,Withdrawn,,2024-05-31 00:00:00,,,,,,F,0.0,,
1421,Lockport Storage,Origis Development,Niagara,NY,Robinson Road 230 kV Substation,NYSEG,Energy Storage,186.2,186.2,186.2,2022-08-29,Withdrawn,,2024-05-31 00:00:00,,,,,,A,0.0,,
1422,Pivot Burnell,Pivot Energy Development LLC,Clinton,NY,Lyon Mountain - Saranac 115 kV,NYSEG,,20.0,20,20,2022-08-31,Withdrawn,,2023-04-30 00:00:00,,,,,,D,0.0,,
1423,Pivot Macvean,Pivot Energy Development LLC,Fulton,NY,Amsterdam to Ephratah 69kV,NM-NG,,19.8,19.8,19.8,2022-08-31,Withdrawn,,2023-03-31 00:00:00,,,,,,F,0.0,,
1424,Pivot Woodsmen,Pivot Energy Development LLC,Oneida,NY,Boonville - Porter 115kV line 1,NM-NG,,20.0,20,20,2022-08-31,Withdrawn,,2023-04-30 00:00:00,,,,,,E,0.0,,
1425,Pivot Woodsmen BESS,Pivot Energy Development LLC,Oneida,NY,Boonville - Porter 115kV Line 1,NM-NG,Energy Storage,19.8,19.8,19.8,2022-08-31,Withdrawn,,2023-11-30 00:00:00,,,,,,E,0.0,,
1426,Pivot Macvean BESS,Pivot Energy Development LLC,Fulton,NY,Amsterdam - Ephratah 69kV (Line#7),NM-NG,Energy Storage,19.8,19.8,19.8,2022-08-31,Withdrawn,,2023-03-31 00:00:00,,,,,,F,0.0,,
1427,Pivot Burnell BESS,Pivot Energy Development LLC,Clinton,NY,Lyon Mountain - Saranac 115kV,NYSEG,Energy Storage,20.0,20,20,2022-08-31,Withdrawn,,2023-03-31 00:00:00,,,,,,D,0.0,,
1428,Vineyard Northeast 1,Vineyard Northeast,Kings County,NY,Gowanus 345kV,ConEd,Wind,1350.0,1350,1350,2022-09-01,Withdrawn,,2024-05-31 00:00:00,,,,,,J,0.0,,
1429,NY Southold 50100 County Rd 48 Storage B,Bluewave Storage Origination LLC,Suffolk,NY,8B Peconic to 8J Southold 69kV line (69-957),LIPA,Energy Storage,45.7,45.7,45.7,2022-09-01,Withdrawn,,2023-03-31 00:00:00,,,,,,K,0.0,,
1430,Van Buren Storage,Origis Development,Chautauqua,NY,Dunkirk to Falconer 115 kV transmission,NM-NG,Energy Storage,150.0,150,150,2022-09-06,Withdrawn,,2024-05-31 00:00:00,,,,,,A,0.0,,
1431,oyster shore III,Juno Power Management,Nassau,NY,Shore road 138 kV,LIPA,Energy Storage,300.0,300,300,2022-09-06,Withdrawn,,2023-04-30 00:00:00,,,,,,K,0.0,,
1432,Cherry Valley Solar,"Cherry Valley Energy Center, L.L.C.",Montgomery,NY,Edic - Princetown 345kV Line #351,NYPA,Solar,125.0,125,125,2022-09-07,Withdrawn,,2024-05-31 00:00:00,,,,,,F,0.0,,
1433,NY Interconnection 5,NY Interconnection LLC,NY,NY,Fox Hills 138kV Substation,ConEd,Wind,150.0,150,150,2022-09-09,Withdrawn,,2024-05-31 00:00:00,,,,,,J,0.0,,
1434,NY Interconnection 6,NY Interconnection LLC,Richmond,NY,Goethals-Gowanus 345kV Line Break,ConEd,Wind,1050.0,1050,1050,2022-09-09,Withdrawn,,2024-05-31 00:00:00,,,,,,J,0.0,,
1435,Kings Spoke,New York Power Authority & LS Power Grid New York Corporation II,Kings,NY,Greenwood-Bensonhurst and Farragut-Brownsville 138 kV feeders,ConEd,AC Transmission,0.0,,,2022-09-12,Withdrawn,,2023-04-30 00:00:00,,,,,,J,0.0,,
1436,North Foothills,"North Foothills Energy Center, LLC",FRANKLIN,NY,Malone 115 kV Substation,NM-NG,Solar,100.0,100,100,2022-09-13,Withdrawn,,2024-05-31 00:00:00,,,,,,D,0.0,,
1437,North Norwich Solar,Northland Power U.S. Projects,Chenango County,NY,County Line-East Norwich Tap 115 kV NYSEG,NYSEG,,120.0,120,120,2022-09-14,Withdrawn,,2024-05-31 00:00:00,,,,,,E,0.0,,
1438,NY Interconnection 7,NY Interconnection LLC,Richmond,NY,Goethals-Gowanus 345kV line break,ConEd,Wind,270.0,270,270,2022-09-15,Withdrawn,,2024-05-31 00:00:00,,,,,,J,0.0,,
1439,East Bridge Energy Storage,"East Bridge Storage, LLC",Sullivan,NY,Coopers Corner - Shortcut Rd 115 kV,NYSEG,Energy Storage,125.0,125,125,2022-09-16,Withdrawn,,2024-03-31 00:00:00,,,,,,E,0.0,,
1440,Gloversville Storage,"Gloversville Storage, LLC",Fulton,NY,MECO 115 kV Substation,NM-NG,Energy Storage,50.0,50,50,2022-09-21,Withdrawn,,2024-03-31 00:00:00,,,,,,F,0.0,,
1441,Lyons Falls Mill Repowering Project,Northbrook Lyons Falls LLC,Lewis,NY,115kV Taylorville-Boonville Line 6 via the Lyonsdale Hydro tap,NM-NG,Hydro,11.0,11,11,2022-09-22,Withdrawn,,2023-04-30 00:00:00,,,,,,E,0.0,,
1442,Mulberry Energy Storage,"Mulberry Energy Storage 1, LLC",Saratoga,NY,Luther Forest - Eastover Road #308 115kV line,NM-NG,Energy Storage,130.0,130,130,2022-09-28,Withdrawn,,2024-04-30 00:00:00,,,,,,F,0.0,,
1443,Vineyard Mid-Atlantic 2,Vineyard Mid-Atlantic,Nassau,NY,East Garden City 345 kV Substation,NYPA,Wind,1330.0,1330,1330,2022-09-28,Withdrawn,,2024-07-31 00:00:00,,,,,,K,0.0,,
1444,Hollyhock Solar,"Hollyhock Solar, LLC",Albany,NY,"Leeds-New Scotland 115 kV, Unionville-Callanan Industries 34.5 kV",NM-NG,Solar,20.0,20,20,2022-11-15,Withdrawn,,2023-01-31 00:00:00,,,,,,F,0.0,,
1445,Friendship Solar Farm,Apalachin Solar LLC,Allegany,NY,"The POI provided in the IR was Connection to one pole of the 34 kV transmission line coming from substation 8333G (Substation address: 52 PA Ave, Friendship, NY). The line number has been identified by RGE as line # 760 34.5kV line",RG&E,,20.0,20,20,2022-09-30,Withdrawn,,2023-05-31 00:00:00,,,,,,B,0.0,,
1447,New Scotland BESS Project,Capital Region Energy Storage LLC,Albany,NY,New Scotland 345 kV Substation,NM-NG,Energy Storage,600.0,600,600,2022-10-10,Withdrawn,,2024-09-30 00:00:00,,,,,,F,0.0,,
1448,KCE NY 30,"KCE NY 30, LLC",Suffolk,NY,West Babylon 69kV substation,LIPA,Energy Storage,50.0,50,50,2022-10-11,Withdrawn,,2024-05-31 00:00:00,,,,,,K,0.0,,
1449,KCE NY 31,"KCE NY 31, LLC",Suffolk,NY,Shoreham 138 kV,LIPA,Energy Storage,50.0,50,50,2022-10-11,Withdrawn,,2024-05-31 00:00:00,,,,,,K,0.0,,
1450,Stewart Rock Energy Storage,NYG Energy LLC,Orange,NY,Rock Tavern 345KV,CHG&E,Energy Storage,150.0,150,150,2022-10-11,Withdrawn,,2023-12-31 00:00:00,,,,,,G,0.0,,
1451,Babylon Storage,"Empire Reserve Energy, LLC",Suffolk,NY,Pinelawn 69 kV station,LIPA,Energy Storage,50.0,50,50,2022-10-13,Withdrawn,,2024-05-31 00:00:00,,,,,,K,0.0,,
1452,Grass River Solar,"CS Grass River Solar, LLC",St. Lawrence County,NY,Alcoa - N. Ogdensburg 115kV line #13,NM-NG,Solar,80.0,80,80,2022-10-17,Withdrawn,,2024-05-31 00:00:00,,,,,,E,0.0,,
1453,Soper Road,Delaware River Solar,Wyoming,NY,Perry Center 34.5 kV substation,NYSEG,Solar,20.0,20,20,2022-10-25,Withdrawn,,2023-04-30 00:00:00,,,,,,C,0.0,,
1454,Short Tract Energy Storage,Ozone Renewables,Livingston,NY,RG&E Short Tract Road Substation,RG&E,Energy Storage,20.0,20,20,2022-10-25,Withdrawn,,2023-02-28 00:00:00,,,,,,B,0.0,,
1455,Vineyard Northeast 2,Vineyard Northeast LLC,Kings,NY,Farragut 345 kV Substation,ConEd,Wind,1345.0,1345,1345,2022-10-31,Withdrawn,,2024-05-31 00:00:00,,,,,,J,0.0,,
1456,NY Amsterdam 152 Persons Rd Storage,Bluewave Storage Origination LLC,Montgomery,NY,Stoner ? Rotterdam 115 kV line#12,NM-NG,Energy Storage,114.8,114.8,114.8,2022-10-31,Withdrawn,,2023-06-30 00:00:00,,,,,,F,0.0,,
1457,Jasper Storage,Hanwha Q CELLS USA Corp.,West Henrietta,NY,Henrietta (S255) 345 kV Substation,RG&E,Energy Storage,300.0,300,300,2022-11-01,Withdrawn,,2024-05-31 00:00:00,,,,,,B,0.0,,
1458,TableTop Solar II,SED NY Holdings LLC,Montgomery,NY,Clinton ERCC - Clinton Tap 115kV,NM-NG,Solar,20.0,20,20,2022-11-07,Withdrawn,,2024-05-31 00:00:00,,,,,,F,0.0,,
1459,ELP Chatham Storage,ELP Chatham Storage LLC,Columbia,NY,Chatham 34.5kV Substation,NYSEG,Energy Storage,20.0,20,20,2022-11-17,Withdrawn,,2023-01-31 00:00:00,,,,,,F,0.0,,
1460,NY Wind - Pilgrim Uprate,Bay State Wind,Suffolk County,NY,Pilgrim 138 kV,LIPA,Wind,1400.0,1400,1400,2022-11-08,Withdrawn,,2024-05-31 00:00:00,,,,,,K,0.0,,
1461,WNY STAMP,Genesee County Economic Devel.,Genesee,NY,Kintigh/Niagara - New Rochester 345kV,NYPA,,0.0, , ,2022-11-08,Withdrawn,,2022-12-31 00:00:00,,,,,,B,0.0,,
1462,Kearsarge Gloversville,Kearsarge Solar,Fulton,NY,Gloversville - Hill Street #3 69kV,NM-NG,Solar,20.0,20,20,2022-11-11,Withdrawn,,2023-11-30 00:00:00,,,,,,F,0.0,,
1463,NY Amsterdam 516 Millers Corners Rd Storage,Bluewave Storage Origination LLC,Montgomery,NY,Edic to Princetown 345 kV transmission line ? Ckt ID 1,LS Power,Energy Storage,430.0,430,430,2022-11-11,Withdrawn,,2023-06-30 00:00:00,,,,,,E,0.0,,
1464,Sage Creek Solar,EDF Renewables inc.,Oswego,NY,Edic - Fitzpatrick 345 kV,NYPA/NM-NG,Solar,250.0,250,250,2022-11-11,Withdrawn,,2023-03-31 00:00:00,,,,,,C,0.0,,
1466,NY New Paltz 540 State Rte 32 S Storage,Bluewave Storage Origination LLC,Ulster,NY,Modena-Ohioville 115 kV line,CHGE,Energy Storage,220.7,217,220.7,2022-11-15,Withdrawn,,2023-03-31 00:00:00,,,,,,G,0.0,,
1467,Homer Hill Storage,Origis Development,Cattaraugus,NY,Homer Hill 34.5 kV Substation,NM-NG,Energy Storage,54.7,54.7,54.7,2022-11-16,Withdrawn,,2024-05-31 00:00:00,,,,,,A,0.0,,
1468,NY Wind - Mott Haven Uprate,Bay State Wind,The Bronx,NY,Mott Haven 345 kV,ConEd,Wind,128.0,128,128,2022-11-16,Withdrawn,,2024-05-31 00:00:00,,,,,,J,0.0,,
1469,Commodore,YSG,Oneida County,NY,connection to a new breaker position on the 345 kV Bus (Bus #147833) at Marcy,NYPA,Energy Storage,1200.0,1200,1200,2022-11-17,Withdrawn,,2023-01-31 00:00:00,,,,,,E,0.0,,
1470,Suny Fabius - Transmission Connected Solar PV Project,ABUNDANT SOLAR POWER (US-NY-MARKHAM HOLLOW RD-001) LLC,Tully,NY,Tilden - Cortland 18 115kV,NM-NG,Solar,18.0,18,18,2022-11-18,Withdrawn,,2024-05-31 00:00:00,,,,,,C,0.0,,
1471,Crossbuck Energy Storage LLC,Crossbuck Energy Storage LLC,Greene County,NY,Coxsackie 69 kV substation,CHG&E,Energy Storage,100.0,100,100,2022-11-22,Withdrawn,,2024-09-30 00:00:00,,,,,,G,0.0,,
1472,Highland Storage,Origis Development,Ulster,NY,Marlboro 115 kV Substation,CHG&E,Energy Storage,115.1,115.1,115.1,2022-11-23,Withdrawn,,2024-05-31 00:00:00,,,,,,G,0.0,,
1473,Leeds BESS Project,Capital Region Energy Storage LLC,Greene,NY,Leeds 345 kV substation,NM-NG,Energy Storage,600.0,600,600,2022-11-28,Withdrawn,,2024-05-31 00:00:00,,,,,,F,0.0,,
1474,NY Catskill 0 Route 9W Storage,Bluewave Storage Origination LLC,Greene,NY,115 kV North Catskill-Churchtown 5 Line and Feura Bush -North Catskill 2 Line,NM-NG,Energy Storage,245.0,245,245,2022-11-29,Withdrawn,,2023-03-31 00:00:00,,,,,,G,0.0,,
1475,Upper Falls Solar,SR1 Shift NY I,Wyoming,NY,"Line 907 Substation 162, Alleghany (S1185) and Houghton Substation (S180). 115kV",RG&E,,46.0,46,46,2022-11-29,Withdrawn,,2024-05-31 00:00:00,,,,,,B,0.0,,
1476,Vineyard Mid-Atlantic 3,Vineyard Mid-Atlantic LLC,Nassau,NY,East Garden City 345 kV Substation,NYPA,Wind,1330.0,1330,1330,2022-11-30,Withdrawn,,2024-05-31 00:00:00,,,,,,K,0.0,,
1477,Nine Mile Wind Farm,Terra-Gen Development Company,Allegany,NY,Homer Hill 115kV Substation (135282),NM-NG,Wind,120.0,120,120,2022-11-30,Withdrawn,,2023-04-30 00:00:00,,,,,,A,0.0,,
1478,Mount Hope Stand Alone Storage,"Mount Hope Stand Alone Storage 1, LLC",Orange,NY,69 kV Line 13 - Cuddlebackville to Shoemaker Substation,O&R,Energy Storage,50.0,50,50,2022-11-30,Withdrawn,,2024-03-31 00:00:00,,,,,,G,0.0,,
1479,Cedar Lake Solar,"Emeren US, LLC",St. Lawrence,NY,Mine Road - Colony 34.5 kV Line 28 (ES 899),NM-NG,,8.4,8.4,8.4,2022-11-30,Withdrawn,,2024-02-29 00:00:00,,,,,,E,0.0,,
1480,Perryville Solar,Renesola Power Holdings LLC,Madison,NY,Chittenango-Rathbun 34.5kV line,NM-NG,,18.6,18.6,18.6,2022-12-01,Withdrawn,,2022-12-31 00:00:00,,,,,,C,0.0,,
1481,Rush Creek Solar,Renesola Power Holdings LLC,Onondaga,NY,Tilden Station-Cardiff/Lords Hill 34.5kV,NM-NG,,19.9,19.9,19.9,2022-12-01,Withdrawn,,2022-12-31 00:00:00,,,,,,C,0.0,,
1482,Quarry Solar,Renesola Power Holdings LLC,Madison,NY,Perryville-Whitman 34.5kV,NM-NG,,19.9,19.9,19.9,2022-12-01,Withdrawn,,2022-12-31 00:00:00,,,,,,C,0.0,,
1483,Battle Hill Solar,"Emeren US, LLC",St. Lawrence,NY,Battle Hill 115kV Substation,NM-NG,,35.0,35,35,2022-12-01,Withdrawn,,2023-06-30 00:00:00,,,,,,E,0.0,,
1485,Sandlot,Sandlot Energy LLC,Suffolk County,NY,Northport - Pilgrim 138kV Line (138-679A&B),LIPA,Energy Storage,600.0,600,600,2022-12-15,Withdrawn,,2024-05-31 00:00:00,,,,,,K,0.0,,
1486,NY Whitesboro 0 Westmoreland Rd Storage,Bluewave Storage Origination LLC,Oneida,NY,Oneida - Yahnundasis #6 115kV,NM-NG,Energy Storage,40.0,40,40,2022-12-16,Withdrawn,,2024-02-29 00:00:00,,,,,,E,0.0,,
1487,Three Rivers Energy Storage,"ACE DevCo NC, LLC",Onondaga,NY,Curtis Street - Teall 115 kV Line #13,NM-NG,Energy Storage,80.0,80,80,2022-12-22,Withdrawn,,2024-07-31 00:00:00,,,,,,C,0.0,,
1488,Speckhardt Energy Storage,"ACE DevCo NC, LLC",Rensselaer,NY,Greenbush 115 kV Substation,NM-NG,Energy Storage,100.0,100,100,2022-12-22,Withdrawn,,2024-03-31 00:00:00,,,,,,F,0.0,,
1489,Block Perch Solar,"ACE DevCo NC, LLC",Chautauqua,NY,Moons to Falconer 115 kV Line #175,NM-NG,Solar,100.0,100,100,2022-12-22,Withdrawn,,2024-09-30 00:00:00,,,,,,A,0.0,,
1490,Westtown Energy Storage,"ACE DevCo NC, LLC",Orange County,NY,Westtown 69 kV Substation,O&R,Energy Storage,100.0,100,100,2022-12-22,Withdrawn,,2024-11-30 00:00:00,,,,,,G,0.0,,
1491,Wallkill Energy Storage,"ACE DevCo NC, LLC",Ulster County,NY,Ohioville 115 kV Substation Bus 2,CHG&E,Energy Storage,100.0,100,100,2022-12-22,Withdrawn,,2023-04-30 00:00:00,,,,,,G,0.0,,
1492,Sidecar Solar,"ACE DevCo NC, LLC",Tioga,NY,115 kV South Owego Substation,NYSEG,Solar,100.0,100,100,2022-12-22,Withdrawn,,2024-05-31 00:00:00,,,,,,C,0.0,,
1493,Queensboro Renewable Express Circuit A,"Queensboro Development, LLC",Queens,NY,Rainey and Vernon Substations,ConEd,Wind,1310.0,1310,1310,2022-12-21,Withdrawn,,2024-08-01 00:00:00,,,,,,J,0.0,,
1494,Wishbone Solar,"ACE DevCo NC, LLC",Steuben,NY,Canandaigua to Stony Ridge 230 kV Line,NYSEG,Solar,200.0,200,200,2022-12-22,Withdrawn,,2024-11-30 00:00:00,,,,,,C,0.0,,
1495,Argos Solar,"ACE DevCo NC, LLC",Tompkins,NY,Etna 115 kV substation,NYSEG,Solar,150.0,150,150,2022-12-22,Withdrawn,,2024-11-30 00:00:00,,,,,,C,0.0,,
1496,Yellow Feather Energy Center,Yellow Feather Energy Center,Montgomery,NY,Inghams to Center Street 115 kV Line Tap,NM-NG,Solar,110.0,110,110,2022-12-22,Withdrawn,,2024-05-31 00:00:00,,,,,,F,0.0,,
1497,Sweet Valley Solar,Sweet Valley Energy Center,Genesee,NY,Dysinger - Station 255 (Henrietta) #1 345kV line,NYPA,Solar,200.0,200,200,2022-12-22,Withdrawn,,2024-05-31 00:00:00,,,,,,B,0.0,,
1498,Sweet Valley Storage,Sweet Valley Energy Center,Genesee,NY,Dysinger - Station 255 (Henrietta) #1 345kV line,NYPA,Energy Storage,200.0,200,200,2022-12-22,Withdrawn,,2024-05-31 00:00:00,,,,,,B,0.0,,
1499,Farmhouse BESS,RWE Solar Development,Orange,NY,Roseton 345 kV Substation,CHG&E,Energy Storage,150.0,150,150,2022-12-29,Withdrawn,,2024-05-31 00:00:00,,,,,,G,0.0,,
1500,Sullivan County Solar & BESS,RWE Solar Development,Sullivan,NY,Coopers Corner - Middletown Tap 345 kV line,NYPA,,200.0,200,200,2023-01-05,Withdrawn,,2024-05-31 00:00:00,,,,,,E,0.0,,
1501,Zulu BESS,RWE Solar Development,Orange,NY,Bethlehem Road 115 kV Substation,CHG&E,Energy Storage,150.0,150,150,2023-01-06,Withdrawn,,2024-05-31 00:00:00,,,,,,G,0.0,,
1502,Oswego Solar,Oswego Clean Energy LLC,Oswego,NY,Oswego 115 kV Substation,NM-NG,Solar,24.9,24.9,24.9,2023-01-13,Withdrawn,,2024-07-31 00:00:00,,,,,,C,0.0,,
1503,NY Wind - Pilgrim CSR,Bay State Wind,Suffolk County,NY,Pilgrim 138 kV,LIPA,,1400.0,1400,1400,2023-01-15,Withdrawn,,2024-05-31 00:00:00,,,,,,K,0.0,,
1504,NY Wind - Mott Haven CSR,Bay State Wind,The Bronx,NY,Mott Haven 345 kV,ConEd,,1400.0,1400,1400,2023-01-15,Withdrawn,,2024-05-31 00:00:00,,,,,,J,0.0,,
1505,East Setauket Energy Storage II,"East Setauket energy Storage, LLC",Suffolk,NY,Holbrook to Miller Place 138kV,LIPA,Energy Storage,300.0,300,300,2023-01-19,Withdrawn,,2024-05-31 00:00:00,,,,,,K,0.0,,
1506,Sourdough Energy Storage LLC,Sourdough Energy Storage LLC,Suffolk County,NY,Pulaski 69kV substation,LIPA,Energy Storage,100.0,100,100,2023-01-24,Withdrawn,,2024-10-31 00:00:00,,,,,,K,0.0,,
1507,Ramapo Storage Project 1,Ramapo Storage Project 1,Rockland,NY,Ramapo Substation (345kV),ConEd,Energy Storage,500.0,500,500,2023-01-31,Withdrawn,,2024-05-31 00:00:00,,,,,,G,0.0,,
1508,Robin MDS BESS,"Robin MDS BESS, LLC",Niagara,NY,Robinson Road 34.5 kV,NYSEG,Energy Storage,0.0,,,2023-01-31,Withdrawn,,2023-04-30 00:00:00,,,,,,A,0.0,,
1509,Cayuga Solar,"ACE DevCo NC, LLC",Tompkins,NY,Milliken (Cayuga) 115 kV Substation,NYSEG,Solar,100.0,100,100,2023-02-01,Withdrawn,,2023-04-30 00:00:00,,,,,,C,0.0,,
1510,Ramapo Storage Project 2,Ramapo Storage Project 2,Rockland,NY,Ramapo Substation (345kV),ConEd,Energy Storage,500.0,500,500,2023-02-02,Withdrawn,,2024-05-31 00:00:00,,,,,,G,0.0,,
1511,Palladium Storage,Palladium Storage LLC,Bronx,NY,Mott Haven 138 kV substation,ConEd,Energy Storage,255.0,255,255,2023-02-03,Withdrawn,,2024-05-31 00:00:00,,,,,,J,0.0,,
1512,Prospect Hill Road,Delaware River Solar,Orange,NY,69 kV Mongaup to Cuddebackville,O&R,Solar,20.0,20,20,2023-02-08,Withdrawn,,2023-07-31 00:00:00,,,,,,G,0.0,,
1513,Watson Storage System #1,Watson Storage LLC,Queens,NY,Glendale 27kV Substation,ConEd,Energy Storage,50.0,50,50,2023-02-08,Withdrawn,,2023-02-28 00:00:00,,,,,,J,0.0,,
1514,Watson Storage System #2,Watson Storage LLC,Queens,NY,Glendale 27kV Substation,ConEd,Energy Storage,50.0,50,50,2023-02-08,Withdrawn,,2023-02-28 00:00:00,,,,,,J,0.0,,
1515,Solaris Energy Storage,Solaris Energy Storage LLC,Kings,NY,Greenwood 138kV Substation,ConEd,Energy Storage,270.0,270,270,2023-02-09,Withdrawn,,2024-05-31 00:00:00,,,,,,J,0.0,,
1516,Fort Edward Solar Farm (NY53),Fort Edward Solar,Washington,NY,Mohican-Battenkill 115kV Line #15,NM-NG,Solar,100.0,100,100,2023-02-10,Withdrawn,,2023-02-28 00:00:00,,,,,,F,0.0,,
1517,NY115 - Newport Solar,Newport Deerfield Solar,Oneida,NY,Porter - Deerfield 115 kV (Line#9),NM-NG,Solar,130.0,130,130,2023-02-13,Withdrawn,,2023-02-28 00:00:00,,,,,,E,0.0,,
1518,Rush Solar & BESS,Hodson Energy Rush LLC,Monroe,NY,Mortimer to Golah 115kV,NM-NG,,21.0,21,21,2023-02-13,Withdrawn,,2024-05-31 00:00:00,,,,,,B,0.0,,
1519,Dayton Energy Storage Project,SATURN ENERGY STORAGE,Cattaraugus,NY,34.5 kV Dayton substation,NYSEG,Energy Storage,20.0,20,20,2023-02-13,Withdrawn,,2024-05-31 00:00:00,,,,,,A,0.0,,
1520,Nile Energy Storage Project,SATURN ENERGY STORAGE,Allegany,NY,34.5 kV Nile substation,RGE,Energy Storage,20.0,20,20,2023-02-13,Withdrawn,,2023-06-30 00:00:00,,,,,,A,0.0,,
1523,Foothills Solar,Foothills Solar,Fulton,NY,Vails Mills-Northville 69kV,NGrid,Solar,40.0,40,40,2023-02-15,Withdrawn,,2023-02-28 00:00:00,,,,,,F,0.0,,
1524,Little Falls Solar & BESS,Hodson Energy Little Falls LLC,Herkimer,NY,Inghams 115kV - Watkins Road 115kV,NM-NG,,83.2,83.2,78,2023-02-21,Withdrawn,,2024-05-31 00:00:00,,,,,,E,0.0,,
1525,ELP Clay Storage,ELP Clay Storage LLC,Onondaga,NY,115 kV Line #7 Clay-Lighthouse Hill,NM-NG,Energy Storage,165.0,165,165,2023-02-24,Withdrawn,,2024-05-31 00:00:00,,,,,,C,0.0,,
1526,OATT NYISO Tuxedo Project,Radial Power LLC (Radial Power BESS NY LLC),Orange County,NY,"55 NY 17, Tuxedo Park, NY 10987",O&R,Energy Storage,5.0,5,5,2023-02-25,Withdrawn,,2023-03-31 00:00:00,,,,,,G,0.0,,
1527,Hollyhock Solar,"Hollyhock Solar, LLC",Albany,NY,Leeds-New Scotland 115 kV,NM-NG,,0.0,,,2023-02-28,Withdrawn,,2023-04-30 00:00:00,,,,,,F,0.0,,
1528,Coopers Corner Storage Project 1,Coopers Corner Storage Project 1 LLC,Sullivan,NY,Coopers Corners 345 kV substation,NYSEG,Energy Storage,250.0,250,250,2023-03-02,Withdrawn,,2024-05-31 00:00:00,,,,,,E,0.0,,
1529,Coopers Corner Storage Project 2,Coopers Corner Storage Project 2 LLC,Sullivan,NY,Coopers Corners 345 kV Substation,NYSEG,Energy Storage,250.0,250,250,2023-03-02,Withdrawn,,2024-05-31 00:00:00,,,,,,E,0.0,,
1530,Westchester Wind,New York Power Authority,Westchester,NY,"Sprainbrook-Eastview 345kV #1N, #1S, and #2S.",ConEd,AC Transmission,0.0,,,2023-03-02,Withdrawn,,2023-05-31 00:00:00,,,,,,I,0.0,,
1531,Alden Energy Storage Project,SATURN ENERGY STORAGE,Erie,NY,34.5 kV Alden substation,NYSEG,Energy Storage,17.3,17.3,17.3,2023-03-07,Withdrawn,,2023-05-31 00:00:00,,,,,,A,0.0,,
1532,Beaver Falls Energy Storage,"Beaver Falls, LLC",Lewis,NY,Adirondack Substation 115kV,NYPA,Energy Storage,79.0,79,79,2023-03-07,Withdrawn,,2024-05-31 00:00:00,,,,,,E,0.0,,
1533,Syracuse Energy Storage,"Syracuse, LLC",Onondaga,NY,Kamine Syracuse 115 kV substation,NM-NG,Energy Storage,79.0,79,79,2023-03-07,Withdrawn,,2024-05-31 00:00:00,,,,,,C,0.0,,
1534,Westtown II Energy Storage,"ACE DevCo NC, LLC",Orange County,NY,Westtown 69 kV substation,O&R,Energy Storage,20.0,20,20,2023-03-08,Withdrawn,,2024-11-30 00:00:00,,,,,,G,0.0,,
1535,New Scotland BES 1 and 2,Eden Renewables,Albany,NY,New Scotland 345 kV Substation,NM-NG,Energy Storage,1350.0,1350,1350,2023-03-10,Withdrawn,,2024-05-31 00:00:00,,,,,,F,0.0,,
1537,Pulaski Street Storage,Nexamp Solar,Suffolk,NY,Tuthill-Riverhead 69kV Line,LIPA,Energy Storage,20.0,20,20,2023-03-28,Withdrawn,,2023-08-31 00:00:00,,,,,,,0.0,,
1538,Kenmore Energy Storage Project,SATURN ENERGY STORAGE,Erie,NY,"National Grid 115kV Line 46, 2.98 miles from Praxair (Buffalo Sewer) 115kV station and 3.21 miles from Huntley 115kV station.",NM-NG,Energy Storage,20.0,20,20,2023-03-20,Withdrawn,,2023-06-30 00:00:00,,,,,,A,0.0,,
1539,Mulberry Energy Storage Project,GSI Development Corp.,Erie,NY,34.5 kV Mulberry substation,NYSEG,Energy Storage,20.0,20,20,2023-03-30,Withdrawn,,2024-03-31 00:00:00,,,,,,F,0.0,,
1540,Cayuta Add-on,Nexamp,Schuyler,NY,"The POI will be located 1.78mi from Cayuta 34.5kV substation and 11.78mi from Ridge Road 230kV substation. Utilizes the same gen-tie line to deliver power to the POI at existing 34.5 kV pole located at 42.272362°, -76.731007°",NYSEG,Energy Storage,2.0,2,2,2023-03-20,Withdrawn,,2023-05-31 00:00:00,,,,,,C,0.0,,
1541,Stonewall Add-on,Nexamp Solar,Delaware,NY,Fraser - Colliers 115 kV,NYSEG,Energy Storage,19.7,19.7,19.7,2023-03-27,Withdrawn,,2024-09-30 00:00:00,,,,,,E,0.0,,
1542,Blue Sky Interconnect 1,"Blue Sky Interconnect, LLC.",Brooklyn,NY,Gowanus to Farragut 345 kV Line #41 and #42,ConEd,Wind,1310.0,1310,1310,2023-03-28,Withdrawn,,2023-08-31 00:00:00,,,,,,,0.0,,
1543,Blue Sky Interconnect 2,"Blue Sky Interconnect, LLC",Brooklyn,NY,Gowanus to Farragut 345 kV Line #41 and #42,ConEd,Wind,2620.0,2620,2620,2023-03-28,Withdrawn,,2023-08-31 00:00:00,,,,,,,0.0,,
1544,Sage Creek Solar,EDF renewables inc.,Oswego,NY,Edic to Fitzpatrick 345 kV line,NYPA/NM-NG,Solar,250.0,250,250,2023-03-30,Withdrawn,,2023-07-31 00:00:00,,,,,,C,0.0,,
1545,"Elevate Arthur Kill II, LLC","Elevate Arthur Kill, LLC",Richmond,NY,Fresh Kills 345 kV substation,ConEd,Energy Storage,180.0,180,180,2023-04-10,Withdrawn,,2024-05-31 00:00:00,,,,,,J,0.0,,
1546,Port Jefferson Energy Storage,"Port Jefferson Energy Storage, LLC",Suffolk,NY,Port Jefferson 138kV station,LIPA,Energy Storage,400.0,400,400,2023-04-21,Withdrawn,,2024-05-31 00:00:00,,,,,,K,0.0,,
1547,South Suffolk Energy Storage,South Suffolk Energy Storage,Suffolk,NY,Centereach 69 kV Substation,LIPA,Energy Storage,100.0,100,100,2023-04-21,Withdrawn,,2024-05-31 00:00:00,,,,,,K,0.0,,
1548,Holbrook II Energy Storage,Holbrook Energy Storage,Suffolk,NY,West Bus 138 kV Substation,LIPA,Energy Storage,400.0,400,400,2023-04-21,Withdrawn,,2024-05-31 00:00:00,,,,,,K,0.0,,
1549,Rolling Upland Wind Farm LLC,Rolling Upland Wind Farm LLC,Madison,NY,County-Brothertown Line 115kV,NYSEG,Wind,79.8,79.8,79.8,2023-04-25,Withdrawn,,2024-05-31 00:00:00,,,,,,E,0.0,,
1550,KCE NY 35,"KCE NY 35, LLC",Greene,NY,Leeds 345kV substation,NM-NG,Energy Storage,200.0,200,200,2023-04-27,Withdrawn,,2024-05-31 00:00:00,,,,,,F,0.0,,
1551,Nine Mile Wind Energy,"Terra-Gen Development Company, LLC",Allegany,NY,Homer Hill 115kV Substation,NM-NG,Wind,200.0,200,200,2023-05-04,Withdrawn,,2023-06-30 00:00:00,,,,,,A,0.0,,
1552,Kettlebail Solar,"Emeren US, LLC",Cortland,NY,Clarks Corner - Lafayette Station 345 kV,NM-NG,,250.0,250,250,2023-05-09,Withdrawn,,2024-05-31 00:00:00,,,,,,C,0.0,,
1553,KCE NY 36 LLC,"KCE NY 36, LLC",Oneida,NY,Yahnundasis substation 115kV,NM-NG,Energy Storage,150.0,150,150,2023-05-09,Withdrawn,,2024-04-30 00:00:00,,,,,,E,0.0,,
1554,Sullivan County Solar & BESS Uprate,RWE Solar Development,Sullivan,NY,Coopers Corner - Middletown Tap 345 kV line,NYPA,,60.0,60,60,2023-05-10,Withdrawn,,2024-05-31 00:00:00,,,,,,E,0.0,,
1556,Liberty BESS,North Bergen Liberty Generating,Hudson County,NJ,W49th St 345kV substation,ConEd,Energy Storage,600.0,600,600,2023-05-12,Withdrawn,,2024-05-31 00:00:00,,,,,,J,0.0,,
1557,Blue Spruce Storage,Blue Spruce Storage LLC,Bronx,NY,Hell Gate Annex 138KV Substation,NYPA,Energy Storage,245.0,245,245,2023-05-18,Withdrawn,,2024-05-31 00:00:00,,,,,,J,0.0,,
1558,Roma Storage,Roma Storage LLC,Queens,NY,Astoria East 138KV Substation,ConEd,Energy Storage,255.0,255,255,2023-05-18,Withdrawn,,2024-05-31 00:00:00,,,,,,J,0.0,,
1559,Flat Creek Storage,SED NY Holdings LLC,Montgomery,NY,Edic to Princetown 345kV Line 352,NYPA,Energy Storage,300.0,300,300,2023-05-22,Withdrawn,,2024-05-31 00:00:00,,,,,,F,0.0,,
1560,Ramadi Utility,"YSG Land Holdings, LLC",Suffolk,NY,138 KV LIPA Transmission System at LIPA Existing Sills Road Substation,LIPA,Energy Storage,140.0,136,140,2023-05-26,Withdrawn,,2023-07-31 00:00:00,,,,,,K,0.0,,
1561,Wild Ox Solar,"Wild Ox Solar Project, LLC",Yates,NY,Eelpot Rd to Flat St 115 kV,NYSEG,,131.7,131.7,131.7,2023-05-31,Withdrawn,,2024-05-31 00:00:00,,,,,,C,0.0,,
1562,"Iris Bloom Solar Project, LLC",Iris Bloom Solar Project,Chautauqua,NY,"Moon Road Sub, 115 kV",NM-NG,,151.8,151.8,151.8,2023-06-02,Withdrawn,,2024-05-31 00:00:00,,,,,,A,0.0,,
1563,Middletown Energy Storage,Middletown Energy Storage LLC,Orange,NY,Shoemaker-Chester 138kV line #27,O&R,Energy Storage,100.0,100,100,2023-06-07,Withdrawn,,2024-05-31 00:00:00,,,,,,G,0.0,,
1564,Arch Energy Storage,"Terra-Gen Development Company, LLC",Orange,NY,Rock Tavern 345kV Substation,CHGE,Energy Storage,250.0,250,250,2023-06-07,Withdrawn,,2024-07-31 00:00:00,,,,,,G,0.0,,
1565,North River,"North River Development, LLC",Sullivan and Queens,NY,Coopers Corner 345 kV substation (sending) and Rainey 345 kV substation (receiving),"NYSEG, ConEd",DC Transmission,1310.0,1310,1310,2023-06-09,Withdrawn,,2024-05-31 00:00:00,,,,,,"E, J",0.0,,
1566,Golden Knight Solar,"Golden Knight Solar, LLC",St. Lawrence,NY,Colton to Malone Line #3 115kV,NM-NG,Solar,140.0,140,140,2023-06-13,Withdrawn,,2024-05-31 00:00:00,,,,,,D,0.0,,
1567,Hera Power Link 1200,Anbaric Development Partners,Kings County,NY,Brooklyn Clean Energy Hub 345kV,ConEd,DC Transmission,0.0,0,0,2023-06-14,Withdrawn,,2023-08-31 00:00:00,,,,,,,0.0,,
1568,Hera Power Link 1500,Anbaric Development Partners,Kings County,NY,Brooklyn Clean Energy Hub 345kV,ConEd,DC Transmission,0.0,0,0,2023-06-14,Withdrawn,,2023-08-31 00:00:00,,,,,,,0.0,,
1569,Meyer XF Upgrade Proposal,Appian Way Energy Partners East LLC,Livingston,NY,"MEYER 115kV_1 BK4S, MEYER 230kV_1 BK4P",NYSEG,AC Transmission,0.0,,,2023-06-16,Withdrawn,,2023-08-31 00:00:00,,,,,,,0.0,,
1570,QMB2 Storage II,"QMB 2 Energy Storage, LLC",Queens,NY,Corona 138kV station,ConEd,Energy Storage,200.0,200,200,2023-06-20,Withdrawn,,2024-05-31 00:00:00,,,,,,J,0.0,,
1571,Marathon,Marathon Power LLC,Suffolk County,NY,Greenlawn 138kV Substation,LIPA,Energy Storage,59.0,59,59,2023-06-22,Withdrawn,,2024-05-31 00:00:00,,,,,,K,0.0,,
1572,Orchard BESS,"Empire Reserve Energy, LLC",Ulster County,NY,115 kV Modena Substation,CHGE,Energy Storage,80.0,80,80,2023-06-23,Withdrawn,,2024-05-31 00:00:00,,,,,,G,0.0,,
1573,Sugarloaf BESS,"Empire Reserve Energy, LLC",Orange County,NY,138kV Sugarloaf Substation,O&R,Energy Storage,180.0,180,180,2023-06-23,Withdrawn,,2024-05-31 00:00:00,,,,,,G,0.0,,
1574,Cassiopeia Energy Center,Mission Clean Energy,Onondaga,NY,Geres Lock 115 kV Substation,NM-NG,Energy Storage,200.0,200,200,2023-06-27,Withdrawn,,2024-05-31 00:00:00,,,,,,C,0.0,,
1575,Barrington Solar,NJR Clean Energy Ventures III Corporation,Yates,NJ,"Porter's corner to Dundee 34.5kV Line, Line #594",NYSEG,Solar,18.4,18.4,18.4,2023-06-29,Withdrawn,,2024-11-30 00:00:00,,,,,,C,0.0,,
1576,Riptide Storage,"ACE DevCo NC, LLC",Suffolk,NY,Edwards Avenue 138 kV Substation,LIPA,Energy Storage,200.0,200,200,2023-07-06,Withdrawn,,2024-09-30 00:00:00,,,,,,K,0.0,,
1577,Gillie Brook Solar,"ACE DevCo NC, LLC",Onondaga,NY,Elbridge 115 kV Substation,NM-NG,Solar,200.0,200,200,2023-07-06,Withdrawn,,2024-04-30 00:00:00,,,,,,C,0.0,,
1578,Alden Energy Storage Project,Saturn Energy Storage,Erie,NY,Alden 34.5kV,NYSEG,Energy Storage,17.1,17.1,17.1,2023-07-11,Withdrawn,,2023-10-31 00:00:00,,,,,,A,0.0,,
1579,ELP Holland Solar,ELP Holland Solar LLC,Erie,NY,"A new 34.5kV three breaker ring bus switching station, tapped on the NYSEG?s existing 34.5 kV line #520 from NYSEG?s Cobble Hill_34.5 kV to NYSEG?s Stolle Rd_34.5 kV. 10.5 miles from Cobble Hill_34.5 kV, 17 miles to Stolle Rd_34.5 kV.",NYSEG,,20.0,20,20,2023-07-13,Withdrawn,,2023-09-30 00:00:00,,,,,,A,0.0,,
1580,Alcazar Energy Storage,Terra-Gen Development Company,Ulster,NY,Hurley 345kV Substation,CHGE,Energy Storage,250.0,250,250,2023-07-17,Withdrawn,,2024-05-31 00:00:00,,,,,,G,0.0,,
1581,Mud Mill Storage,Nexamp Solar,Onondaga,NY,Bartell 13.2kV Substation,NM-NG,Energy Storage,0.0,,,2023-07-17,Withdrawn,,2023-07-31 00:00:00,,,,,,C,0.0,,
1582,Moreau Storage,Nexamp Solar,Saratoga,NY,Hudson Falls-McCrea St 17 Sub-Transmission 34.5kV line,NM-NG,Energy Storage,0.0,,,2023-07-17,Withdrawn,,2023-09-30 00:00:00,,,,,,F,0.0,,
1583,Agricola Wind 2,Liberty Renewables,Cayuga,NY,115kV line # 973 from Milliken to Wright Ave,NYSEG,Wind,79.3,79.3,79.3,2023-07-21,Withdrawn,,2024-05-31 00:00:00,,,,,,C,0.0,,
1584,PA-Hockenberry,PA-Hockenberry,Jefferson,PA,Homer City - Pierce Brook 345 kV,NYSEG,Solar,400.0,400,400,2023-07-28,Withdrawn,,2024-05-31 00:00:00,,,,,,A,0.0,,
1585,BPP NY Lansing BESS I,Bear Peak Power LLC,Tompkins,NY,Milliken 115 kV Substation,NYSEG,Energy Storage,200.0,200,200,2023-07-31,Withdrawn,,2024-05-31 00:00:00,,,,,,C,0.0,,
1586,Basecamp BESS,RWE Solar Development,Chautauqua,NY,Arkwright 115 kV Substation,NM-NG,Energy Storage,170.0,170,170,2023-07-31,Withdrawn,,2024-05-31 00:00:00,,,,,,A,0.0,,
1587,Erie Canal BESS,RWE Solar Development,Niagara,NY,Robinson Road 115 kV,NYSEG;,Energy Storage,230.0,230,230,2023-07-31,Withdrawn,,2024-05-31 00:00:00,,,,,,A,0.0,,
1588,BR Project 2,NYSERDA,Tompkins,NY,Peruville 34.5kV Substation,NYSEG,,14.5,14.5,14.5,2023-08-01,Withdrawn,,2024-05-31 00:00:00,,,,,,C,0.0,,
1589,Lighthouse Energy Storage,"Grid Connected Infrastructure, LLC",Monroe,NY,Dunkirk to Gardenville 230 kV line #74,NM-NG,Energy Storage,250.0,250,250,2023-08-07,Withdrawn,,2024-05-31 00:00:00,,,,,,A,0.0,,
1590,Icebox Energy Storage,"Grid Connected Infrastructure, LLC",Onondaga,NY,Solvay Station 57 115kV,NM-NG,Energy Storage,202.3,202.3,202.3,2023-08-07,Withdrawn,,2024-05-31 00:00:00,,,,,,C,0.0,,
1591,Cuba Solar Farm,Apalachin Solar LLC,Allegany,NY,115 kV transmission line between HOMER HILL substation and ANDOVER #157 substation,NM-NG,,20.0,20,20,2023-08-07,Withdrawn,,2024-11-30 00:00:00,,,,,,A,0.0,,
1592,EGC BESS II,Jupiter Power LLC,Nassau,NY,East Garden City 345kV bus,NYPA,Energy Storage,200.0,200,200,2023-08-16,Withdrawn,,2024-05-31 00:00:00,,,,,,K,0.0,,
1593,NY New Scotland 99 New Scotland South Rd Storage,Bluewave Origination LLC,Albany,NY,115 kV New Scotland substation,NM-NG,Energy Storage,181.4,181.4,181.4,2023-08-17,Withdrawn,,2024-05-31 00:00:00,,,,,,F,0.0,,
1594,Budbreak Solar I,"Budbreak Solar, LLC",Yates,NY,Greenidge to Montour Falls 115kV Line,NYSEG,Solar,100.0,100,100,2023-08-23,Withdrawn,,2024-05-31 00:00:00,,,,,,C,0.0,,
1595,Budbreak Solar II,"Budbreak Solar, LLC",Yates,NY,Greenidge Substation,NYSEG,Solar,100.0,100,100,2023-08-23,Withdrawn,,2023-12-31 00:00:00,,,,,,C,0.0,,
1596,Budbreak Storage I,"Budbreak Storage, LLC",Yates,NY,Greenidge to Montour 115kV Line,NYSEG,Energy Storage,100.0,100,100,2023-08-23,Withdrawn,,2024-05-31 00:00:00,,,,,,C,0.0,,
1597,Budbreak Storage II,"Budbreak Storage, LLC",Yates,NY,Greenidge to Texas Eastern 115kV Line,NYSEG,Energy Storage,100.0,100,100,2023-08-23,Withdrawn,,2024-05-31 00:00:00,,,,,,C,0.0,,
1598,Green Street Storage,Nexamp Solar,Cayuga,NY,Green Street 34.5kV,NYSEG,Energy Storage,0.0,,,2023-08-25,Withdrawn,,2023-12-31 00:00:00,,,,,,C,0.0,,
1599,Braen Energy Storage Project,Braen Energy LLC,Rockland,NY,Con Edison Ramapo Substation,ConEd,Energy Storage,500.0,500,500,2023-08-31,Withdrawn,,2023-10-31 00:00:00,,,,,,G,0.0,,
1600,NY - 74 Michigan Hill Rd - 1,Andrew van Doorn,Tioga,NY,Feeder: 4304201 34.5kv Substation: NYS-HARFORD 524,NYSEG,Solar,0.0,,,2023-08-31,Withdrawn,,2023-09-30 00:00:00,,,,,,C,0.0,,
1601,NY - 74 Michigan Hill Rd - 2,Andrew van Doorn,Tioga,NY,Feeder: 4304201 Substation: NYS-HARFORD 524,NYSEG,Solar,0.0,,,2023-08-31,Withdrawn,,2023-09-30 00:00:00,,,,,,C,0.0,,
1602,Roma Storage 2,Roma Storage LLC,Queens,NY,ConEd Vernon 138KV Substation,ConEd,Energy Storage,255.0,255,255,2023-09-05,Withdrawn,,2023-10-31 00:00:00,,,,,,J,0.0,,
1603,Blue Frost,"Blue Frost Energy Center, LLC",Montgomery,NY,Princetown - Edic 345 kV,LS Power,Energy Storage,400.0,400,400,2023-09-05,Withdrawn,,2024-05-31 00:00:00,,,,,,F,0.0,,
1604,Blue Frost,"Blue Frost Energy Center, LLC",Montgomery,NY,Marcy - New Scotland 345 kV,NM-NG,Energy Storage,400.0,400,400,2023-09-05,Withdrawn,,2024-05-31 00:00:00,,,,,,E,0.0,,
1605,Eastwater Energy Storage,"Grid Connected Infrastructure, LLC",Onondaga,NY,Mortimer 115 kV Bus,NM-NG,Energy Storage,101.1,101.1,101.1,2023-09-07,Withdrawn,,2023-11-30 00:00:00,,,,,,B,0.0,,
1606,Jericho Solar,Jericho Solar Park,Franklin,NY,NYPA's Willis Sub @115kV,NYPA,Solar,100.0,100,100,2023-09-11,Withdrawn,,2024-05-31 00:00:00,,,,,,D,0.0,,
1607,117656 North Creek Solar+Storage,North Creek Solar LLC,Herkimer,NY,Edic- Gordon Road 345 kV Line #14,NM-NG,,206.7,206.7,206.7,2023-09-14,Withdrawn,,2024-05-31 00:00:00,,,,,,"E, F",0.0,,
1608,Fresh Kills Battery Storage,Consolidated Edison,USA,NY,Fresh Kills Substation,ConEd,Energy Storage,11.6,11.6,11.6,2023-09-20,Withdrawn,,2023-09-30 00:00:00,,,,,,J,0.0,,
1609,BPP NY Somerset BESS I,Bear Peak Power,Niagara,NY,NYSEG KINTIGH 345 kV Station.,NYSEG,Energy Storage,200.0,200,200,2023-09-22,Withdrawn,,2024-05-31 00:00:00,,,,,,A,0.0,,
1610,Bluepoint Wind 1,Bluepoint Wind LLC,Brooklyn County,NY,Brooklyn Clean Energy Hub 345 kV,ConEd,Wind,1310.0,1310,1310,2023-09-26,Withdrawn,,2024-05-31 00:00:00,,,,,,J,0.0,,
1611,Bluepoint Wind 2,Bluepoint Wind LLC,Kings County,NY,Gowanus 345 kV,ConEd,Wind,1310.0,1310,1310,2023-09-26,Withdrawn,,2024-05-31 00:00:00,,,,,,J,0.0,,
1612,Bluepoint Wind 3B,Bluepoint Wind LLC,Richmond,NY,Goethals- Gowanus 345 kV underground transmission lines #25 and #26,ConEd,Wind,1310.0,1310,1310,2023-09-26,Withdrawn,,2024-02-29 00:00:00,,,,,,J,0.0,,
1613,Bluepoint Wind 4,Bluepoint Wind LLC,Nassau,NY,East Garden City 345 kV,NYPA,Wind,1381.8,1381.8,1381.1,2023-09-26,Withdrawn,,2024-05-31 00:00:00,,,,,,K,0.0,,
1614,Blue Point Wind 3A,Bluepoint Wind LLC,Richmond,NY,Goethals - Gowanus 345 kV underground transmission lines #25 and #26,ConEd,Wind,1310.0,1310,1310,2023-09-26,Withdrawn,,2024-05-31 00:00:00,,,,,,J,0.0,,
1615,KCE NY 38,KCE NY 38 LLC,Columbia,NY,Transco 115kV Churchtown substation bus,Transco,Energy Storage,250.0,250,250,2023-09-26,Withdrawn,,2024-07-31 00:00:00,,,,,,F,0.0,,
1616,Ramadi Utility,YSG Community Solar,Suffolk,NY,Sills Road 138kV Substation,LIPA,Energy Storage,140.0,140,140,2023-09-27,Withdrawn,,2024-05-31 00:00:00,,,,,,K,0.0,,
1617,POWI Project,P&M Brick LLC,Albany,NY,"345 Interconnection to Line between New Scotland and Knickerbocker 69 kV Interconnection to CHG&E 69kV Loop,","NM-NG, CHGE and NY Transco",,0.0,,,2023-09-27,Withdrawn,,2024-01-31 00:00:00,,,,,,,0.0,,
1618,Cayuta Add-on,Nexamp Solar,Schuyler,NY,"Cayuta - Ridge Road 34.5 kV line, Line#501",NYSEG,Energy Storage,2.0,2,2,2023-10-10,Withdrawn,,2024-04-30 00:00:00,,,,,,C,0.0,,
1619,Braen Energy Storage Phase 1,Braen Energy LLC,Rockland,NY,Ramapo 345 kV,ConEd,Energy Storage,500.0,500,500,2023-10-11,Withdrawn,,2024-07-31 00:00:00,,,,,,G,0.0,,
1620,Jerry Smith Storage,Nexamp Solar,Tompkins,NY,Miliken- Ludlowville 34.5kV line,NYSEG,Energy Storage,20.0,20,20,2023-10-12,Withdrawn,,2024-05-31 00:00:00,,,,,,C,0.0,,
1621,Porter Energy Storage,BPUS Generation Development LLC,Essex,NY,115kV Hague Road Substation,NM-NG,Energy Storage,50.0,50,50,2023-10-12,Withdrawn,,2024-05-31 00:00:00,,,,,,F,0.0,,
1622,Hudson Energy Storage,BPUS Generation Development LLC,Greene,NY,345kV Leeds Substation,NM-NG,Energy Storage,200.0,200,200,2023-10-17,Withdrawn,,2024-05-31 00:00:00,,,,,,F,0.0,,
1623,Altona Energy Storage,"Emeren US, LLC",Clinton,DE,46 kV bus at the NYSEG Flat Rock Substation,NYSEG,Energy Storage,19.9,19.9,19.9,2023-10-25,Withdrawn,,2024-03-31 00:00:00,,,,,,D,0.0,,
1624,Lake City Storage,"Emeren US, LLC",Clinton,NY,Lyon Mountain - Kent Falls 115 kV line,NYSEG,Energy Storage,120.0,120,120,2023-10-25,Withdrawn,,2024-05-31 00:00:00,,,,,,D,0.0,,
1625,Marble River Storage,"Emeren US, LLC",Clinton,NY,NYPA 230 kV Ryan Substation,NYPA,Energy Storage,160.0,160,160,2023-10-25,Withdrawn,,2024-05-31 00:00:00,,,,,,D,0.0,,
1626,Cross County Energy Storage,"HW Power, LLC",Westchester,NY,Eastview to Buchanan 345kV line,ConEd,Energy Storage,200.0,200,200,2023-10-25,Withdrawn,,2024-09-30 00:00:00,,,,,,"H, I",0.0,,
1628,Hera Power Link 1200,Anbaric Development Partners,Kings,NY,Brooklyn Clean Energy Hub 345 kV,ConEd,DC Transmission,1200.0,1200,1200,2023-11-02,Withdrawn,,2024-04-30 00:00:00,,,,,,J,0.0,,
1629,Hera Power Link 1500,Anbaric Development Partners,Kings,NY,Brooklyn Clean Energy Hub 345 kV,ConEd,DC Transmission,1500.0,1500,1500,2023-11-02,Withdrawn,,2024-04-30 00:00:00,,,,,,J,0.0,,
1630,Suffern Quarry Data Center,Orange & Rockland,Rockland,NY,"We anticipate a new substation being built on our site off of a transmission line tower that abuts our property. Additionally, we may need to tie in for redundancy to the Hillburn Area Substation",O&R,,0.0,,,2023-11-03,Withdrawn,,2023-12-31 00:00:00,,,,,,G,0.0,,
1631,New Scotland BESS,Eden Renewables,Albany,NY,Princetown - New Scotland 345kv Line,NM-NG,Energy Storage,1350.0,1350,1350,2023-11-03,Withdrawn,,2024-01-31 00:00:00,,,,,,F,0.0,,
1632,Shallow Seam BESS,Shallow Seam Energy Storage,Clearfield,PA,Homer City to Mainesburg 345 kV Line,NYSEG,Energy Storage,400.0,400,400,2023-11-08,Withdrawn,,2024-05-31 00:00:00,,,,,,C,0.0,,
1634,North Farm Solar LLC,North Farm Solar LLC,Clinton,NY,Plattsburgh Substation - 115kV,NYPA,Solar,19.9,19.9,19.9,2023-11-14,Withdrawn,,2024-05-31 00:00:00,,,,,,D,0.0,,
1635,Malone Energy Storage,BPUS Generation Development LLC,Franklin,NY,115kV Malone Substation,NM-NG,Energy Storage,80.0,80,80,2023-11-15,Withdrawn,,2024-05-31 00:00:00,,,,,,D,0.0,,
1636,Vail Energy Storage,BPUS Generation Development LLC,Fulton,NY,69 kV Vail Substation,NM-NG,Energy Storage,35.0,35,35,2023-11-15,Withdrawn,,2024-05-31 00:00:00,,,,,,F,0.0,,
1637,Elevate Bethlehem LLC,Elevate Bethlehem LLC,Albany,NY,Albany Steam 115 kV Substation,NM-NG,Energy Storage,120.0,120,120,2023-11-16,Withdrawn,,2024-05-31 00:00:00,,,,,,F,0.0,,
1638,Beck Storage,"ACE DevCo NC, LLC",Chautauqua,NY,159 Moon Rd to Hartfield,NM-NG,Energy Storage,85.0,85,85,2023-11-16,Withdrawn,,2024-05-31 00:00:00,,,,,,A,0.0,,
1639,Prospect Hill Road,"Genesee River Solar, LLC",Orange,NY,69 kV Mongaup to Cuddebackville,O & R,,20.0,20,20,2023-11-20,Withdrawn,,2024-04-30 00:00:00,,,,,,G,0.0,,
1640,Douglas Road Solar,"Genesee River Solar, LLC",Tompkins,NY,Line 982 between Montour Falls and Coddington Substation 115kV,NYSEG,Solar,20.0,20,20,2023-11-21,Withdrawn,,2024-05-31 00:00:00,,,,,,C,0.0,,
1641,Harlem River II,174 Power Global Properties,Queens,NY,NYPA's Hell Gate Annex 138 kV,NYPA ConEd,Energy Storage,79.9,79.9,79.9,2023-11-21,Withdrawn,,2023-12-31 00:00:00,,,,,,J,0.0,,
1642,Queensboro B,Light & Power Development,Queens,NY,Ravenswood Substation 345kV,ConEd,Wind,1310.0,1310,1310,2023-11-28,Withdrawn,,2024-05-31 00:00:00,,,,,,J,0.0,,
1643,Community OSW Brooklyn CEH 3,"Community Offshore Wind, LLC",Brooklyn,NY,345 kV Brooklyn Clean Energy Hub,ConEd,Wind,1364.5,1364.5,1310,2023-11-28,Withdrawn,,2024-05-31 00:00:00,,,,,,J,0.0,,
1644,White Springs,"ACE DevCo NC, LLC",Ontario,NY,Haley Road to AES Greenidge Substation 115 kV,NYSEG,Solar,150.0,150,150,2023-11-28,Withdrawn,,2024-11-30 00:00:00,,,,,,C,0.0,,
1645,Battle Hill Storage,"Emeren US, LLC",St. Lawrence,NY,115 kV Battle Hill Substation,NM-NG,Energy Storage,80.0,80,80,2023-11-29,Withdrawn,,2024-05-31 00:00:00,,,,,,E,0.0,,
1647,Black Cherry Wind 1,Black Cherry Wind Power,Mckean County,PA,Five Mile 345 kV to Homer City 345 kV line,NM-NG,Wind,300.0,300,300,2023-12-05,Withdrawn,,2024-05-31 00:00:00,,,,,,A,0.0,,
1648,Black Cherry Wind 2,Black Cherry Wind Power,Mckean County,PA,Five Mile - Homer City 345 kV line,NM-NG,Wind,300.0,300,300,2023-12-05,Withdrawn,,2024-05-31 00:00:00,,,,,,A,0.0,,
1649,Black Cherry Battery,Black Cherry Wind Power,Mckean County,PA,Five Mile 345 kV to Homer City 345 kV line,NM-NG,Energy Storage,400.0,400,400,2023-12-05,Withdrawn,,2024-05-31 00:00:00,,,,,,A,0.0,,
1650,Moose Creek 1,"Emeren US, LLC",Lewis,NY,Boonville Substation 115 kV,NM-NG,Energy Storage,130.0,130,130,2023-12-12,Withdrawn,,2024-03-31 00:00:00,,,,,,E,0.0,,
1651,Independence BESS,Independence BESS LLC,Oswego,NY,Independence 345kV substation,NM-NG,Energy Storage,200.0,200,200,2023-12-14,Withdrawn,,2024-02-29 00:00:00,,,,,,C,0.0,,
1652,Coopers Corner BESS,"ACE DevCo NC, LLC",Sullivan,NY,Coopers Corner 345 kV Substation,NYSEG,Energy Storage,300.0,300,300,2023-12-20,Withdrawn,,2024-08-31 00:00:00,,,,,,E,0.0,,
1653,Community OSW Barrett 3,"Community Offshore Wind, LLC",Nassau,NY,Liotta 138kV,LIPA,Wind,1310.0,1310,1310,2023-12-21,Withdrawn,,2024-05-31 00:00:00,,,,,,K,0.0,,
1654,Antelope Energy Storage Center,"Hydrostor USA Holdings, Inc , a subsidiary of Hydrostor Inc",Lewis,NY,Adirondack 345kV substation,NYPA,Energy Storage,500.0,500,500,2023-12-21,Withdrawn,,2024-05-31 00:00:00,,,,,,E,0.0,,
1655,West Laurens,"ACE DevCo NC,LLC",Ostego,NY,Marcy 345 kV to Coopers Corner 345 kV,NYPA,Solar,350.0,350,350,2023-12-21,Withdrawn,,2024-09-30 00:00:00,,,,,,E,0.0,,
1656,Chinook Energy Storage Center,"Hydrostor USA Holdings, Inc , a subsidiary of Hydrostor Inc",Lewis,NY,Chases Lake 345kV substation,NM-NG,Energy Storage,500.0,500,500,2023-12-21,Withdrawn,,2024-05-31 00:00:00,,,,,,E,0.0,,
1657,Lincoln Park,BayWa r.e. Development LLC,Ulster,NY,LINCOLN PARK-EAST KINGSTON 115 kV,CHGE,Energy Storage,150.0,150,150,2023-12-27,Withdrawn,,2024-05-31 00:00:00,,,,,,G,0.0,,
1658,North Catskill Energy Storage,BayWa r.e. Development LLC,Greene,NY,North Catskill 69 kV,CHGE,Energy Storage,100.0,100,100,2023-12-27,Withdrawn,,2024-05-31 00:00:00,,,,,,G,0.0,,
1659,Krenzer Solar,"ACE DevCo NC,LLC",Monroe,NY,Station 128 to Station 82 115 kV,RGE,Solar,150.0,150,150,2023-12-27,Withdrawn,,2024-09-30 00:00:00,,,,,,B,0.0,,
1660,Valcour Storage,"Emeren US, LLC",Clinton,NY,Patnode Substation 230 kV,NYPA,Energy Storage,150.0,150,150,2023-12-28,Withdrawn,,2024-05-31 00:00:00,,,,,,D,0.0,,
1661,Crown Point Solar,Crown Point Solar LLC,Essex,NY,115kV Line #2 between Ticonderoga substation and Republic substation,NM-NG,,20.0,20,20,2023-12-28,Withdrawn,,2024-04-30 00:00:00,,,,,,F,0.0,,
1662,Deerpark Energy Storage,Deerpark Energy Storage,Orange,NY,Cuddebackville 69 kV Substation,O&R,Energy Storage,50.0,50,50,2024-01-09,Withdrawn,,2024-05-31 00:00:00,,,,,,G,0.0,,
1663,Saugerties Energy Storage,Saugerties Energy Storage,Ulster,NY,Line tap to Cements - Saugerties 69 kV circuit,CHGE,Energy Storage,50.0,50,50,2024-01-09,Withdrawn,,2024-05-31 00:00:00,,,,,,G,0.0,,
1664,Janes Rd Storage,MN8 Energy Operating Company,Monroe,NY,Station 69 to Station 7 115 kV line tap,RG&E,Energy Storage,100.0,100,100,2024-01-10,Withdrawn,,2024-05-31 00:00:00,,,,,,B,0.0,,
1665,Buffalo Avenue Storage,MN8 Energy Operating Company,Niagra,NY,Station 184(Olin) 115 kV,NM-NG,Energy Storage,150.0,150,150,2024-01-10,Withdrawn,,2024-05-31 00:00:00,,,,,,A,0.0,,
1666,River Road Storage,MN8 Energy Operating Company,Erie,NY,Huntley 115 kV Substation,NM-NG,Energy Storage,250.0,250,250,2024-01-10,Withdrawn,,2024-05-31 00:00:00,,,,,,A,0.0,,
1668,State Route 26 Solar,"Genesee River Solar, LLC",Courtland,NY,"Line Tap of 34.5kv subtransmission line, adjacent to 115kv Line ID: 108289, connecting between NYSEG substation at Parcel ID 151.00-01-35.100 approximately 0.67 Miles to the west, and NYSEG substation Smithville Flats 144864 approximately 6.07 miles east",NYSEG,Solar,0.0,,,2024-01-17,Withdrawn,,2024-03-31 00:00:00,,,,,,C,0.0,,
1669,Keshequa Creek Solar,SR1 Shift Holdco I,Livingston,NY,Line 934 Between South Perry and Meyer 115kV,NYSEG,,20.0,20,20,2024-01-17,Withdrawn,,2024-05-31 00:00:00,,,,,,C,0.0,,
1673,VINO,Abei Energy Green XIII,Greene,NY,LAWRENCE (125110) --N.CAT 6 (125116),CHGE,Solar,0.0,,,2024-02-09,Withdrawn,,2024-03-31 00:00:00,,,,,,G,0.0,,
1674,Oakdale BESS,Eden Devco LP,Broome,NY,Oakdale 345kv Substation,NYSEG,Energy Storage,1091.0,1091,1091,2024-02-14,Withdrawn,,2024-05-31 00:00:00,,,,,,C,0.0,,
1675,HELIOS,Blue Stone Renewable XXIII,RENSSELAER,NY,(137563) EASTOVER - (137895) SCHAGHTICOKW,NM-NG,Solar,0.0,,,2024-02-16,Withdrawn,,2024-03-31 00:00:00,,,,,,F,0.0,,
1676,New Scotland BESS,Eden DevCo,Albany,NY,Princetown - New Scotland 345kv Line 361,LS Power,Energy Storage,1350.0,1350,1350,2024-02-16,Withdrawn,,2024-05-31 00:00:00,,,,,,F,0.0,,
1677,NY-5632 D Turnpike Road,Abundant Solar Power INC.,Stueben,NY,Line Tap between Bath to Benett 115 kV Substation,NYSEG,Solar,18.05,18.05,18.05,2024-02-28,Withdrawn,,2024-05-31 00:00:00,,,,,,C,0.0,,
1678,"NSF Aurelius BESS, LLC",NSF Aurelius BESS,Cayuga,NY,NYSEG Wright Ave 115 kV Substation,NYSEG,Energy Storage,100.0,100,100,2024-03-01,Withdrawn,,2024-05-31 00:00:00,,,,,,C,0.0,,
1679,Smokey Hollow Solar,SR1 Shift NY I,Wyoming,NY,"South Perry to Indeck Silver Springs Energy Center 115k, Line 101",NYSEG,,70.0,70,70,2024-03-11,Withdrawn,,2024-05-31 00:00:00,,,,,,C,0.0,,
1680,USLE West Leyden Road I LLC,USLE West Leyden Road I LLC,Oneida,NY,"Municipal Commission of Boonville 115kV bus at West Street substation, connected to the National Grid 115kV Boonville-Porter line","NM-NG, MCBoonville",,0.0,,,2024-03-29,Withdrawn,,2024-05-31 00:00:00,,,,,,E,0.0,,
1684,NY-Markham Hollow Road,Abundant Solar Power,Onondaga,NY,"Tilden Substation, Cortland 18 substation via 115kv line.",NM-NG,,0.0,,,2024-05-23,Withdrawn,,2024-05-31 00:00:00,,,,,,C,0.0,,
1685,Clean Borough Power Link #1,"energyRe Giga-Projects USA, LLC","Richmond,Kings,Queens,West Chester",NY,"Brooklyn Clean Energy Hub 345kV; Farragut 345kV; Goethals 345kV, Astoria Annex 345kV, Sprain Brook 345kV","CONED, NYPA",,0.0,,,2024-05-30,Withdrawn,,2025-08-31 00:00:00,,,,,,J,0.0,,
1686,Clean Borough Power Link #2,"energyRe Giga-Projects USA, LLC","New York, Richmond, Kings",NY,"Brooklyn Clean Energy Hub 345kV; Farragut 345kV; West 49 St - East13 St 345kV lines; Goethals 345kV,",CONED,,0.0,,,2024-05-30,Withdrawn,,2025-08-31 00:00:00,,,,,,J,0.0,,
1687,Clean Borough Power Link #3,"energyRe Giga-Projects USA, LLC","Richmond, New York, Kings, Queens",NY,"Brooklyn Clean Energy Hub 345kV; Mott Haven - Rainey 345kV lines; Rainey 345kV; Astoria West 138kV; Farragut 345kV; Astoria Annex 345kV, Goethals 345 kV","CONED, NYPA",,0.0,,,2024-05-30,Withdrawn,,2025-08-31 00:00:00,,,,,,J,0.0,,
1688,Liberty Link 1,Viridon New York Inc.,"Kings, Westchester, Richmond",NY,"Brooklyn Clean Energy Hub (BCEH) 345kV, Farragut 345kV, Sprain Brook 345kV, Goethals 345kV",Con Edison,,0.0,,,2024-05-31,Withdrawn,,2025-11-30 00:00:00,,,,,,"I, J",0.0,,
1689,Liberty Link 2,Viridon New York Inc.,"Kings, Westchester, Richmond",NY,"Brooklyn Clean Energy Hub (BCEH) 345kV, Farragut 345kV, Sprain Brook 345kV, Goethals 345kV",Con Edison,,0.0,,,2024-05-31,Withdrawn,,2025-11-30 00:00:00,,,,,,"I, J",0.0,,
1690,Liberty Link 3,Viridon New York Inc.,"Kings, New York, Richmond",NY,"Brooklyn Clean Energy Hub (BCEH) 345kV, Farragut 345kV, W49th Street 345kV - E13th Street 345 kV lines, Goethals 345kV",Con Edison,,0.0,,,2024-05-31,Withdrawn,,2025-11-30 00:00:00,,,,,,J,0.0,,
1691,Energy Link New York Solution 1,New York Transco LLC,"Kings, Westchester, Queens, Richmond",NY,"Brooklyn Clean Energy Hub 345kV; Farragut 345kV; Goethals 345kV, Astoria Annex 345kV, Sprain Brook 345kV","CONED, NYPA",,0.0,,,2024-06-13,Withdrawn,,2025-10-31 00:00:00,,,,,,"I,J",0.0,,
1692,Energy Link New York Solution 2,New York Transco LLC,"Kings, Westchester, Queens, Richmond",NY,"Brooklyn Clean Energy Hub 345 kV, Farragut 345 kV, Sprain Brook 345 kV, Astoria Annex 345 kV, Goethals 345 kV","CONED, NYPA",,0.0,,,2024-06-13,Withdrawn,,2025-10-31 00:00:00,,,,,,"I, J",0.0,,
1693,Energy Link New York Solution 3,New York Transco LLC,"Kings, Westchester, Queens, Richmond",NY,"Brooklyn Clean Energy Hub 345 kV, Farragut 345 kV, Sprain Brook 345 kV, Astoria Annex 345 kV, Goethals 345 kV, Gowanus- Goethals 345 kV lines","CONED, NYPA",,0.0,,,2024-06-13,Withdrawn,,2025-10-31 00:00:00,,,,,,"I, J",0.0,,
1694,Energy Link New York Solution 4,New York Transco LLC,"Kings, Westchester, Queens, Richmond",NY,"Brooklyn Clean Energy Hub 345 kV, Farragut 345 kV, Sprain Brook 345 kV, Astoria Annex 345 kV, Goethals 345 kV","CONED, NYPA",,0.0,,,2024-06-13,Withdrawn,,2025-10-31 00:00:00,,,,,,"I, J",0.0,,
1695,Energy Link New York Solution 5,New York Transco LLC,"Kings, Richmond, Queens, Westchester",NY,"Brooklyn Clean Energy Hub 345kV; Farragut 345kV; Goethals 345kV, Astoria Annex 345kV, Sprain Brook 345kV","CONED, NYPA",,0.0,,,2024-06-13,Withdrawn,,2025-10-31 00:00:00,,,,,,"I,J",0.0,,
1696,Energy Link New York Solution 6,New York Transco LLC,"Kings, Westchester, Queens, Richmond",NY,Brooklyn Clean Energy Hub 345kV; Farragut 345kV; Rainey 345kV; Astoria West 138kV; Mott Haven - Rainey 345kV lines; Goethals 345kV; Astoria Annex 345kV; Sprain Brook 345kV,"CONED, NYPA",,0.0,,,2024-06-13,Withdrawn,,2025-10-31 00:00:00,,,,,,"I,J",0.0,,
1697,Energy Link New York Solution 7,New York Transco LLC,Brooklyn & Staten Island,NY,"Brooklyn Clean Energy Hub 345kV; Farragut 345kV; Rainey 345kV; Astoria West 138kV; Mott Haven - Rainey 345kV lines; Goethals 345kV, Astoria Annex 345kV; Sprain Brook 345kV; Gowanus- Goethals 345kV lines","CONED, NYPA",,0.0,,,2024-06-13,Withdrawn,,2025-10-31 00:00:00,,,,,,"I,J",0.0,,
1698,Energy Link New York Solution 10,New York Transco LLC,"Kings, Westchester, Queens, Richmond",NY,"Brooklyn Clean Energy Hub 345kV, Farragut 345kV, Sprain Brook 345kV , Astoria Annex 345kV , Goethals 345kV , Mott Haven - Rainey 345kV substations, Gowanus - Goethals 345kV , Astoria West 345 kV, Rainey 345 kV","CONED, NYPA",,0.0,,,2024-06-13,Withdrawn,,2025-10-31 00:00:00,,,,,,"I, J",0.0,,
1699,Five Boro Energy Connect ? Mint,New York Power Authority & LS Power Grid New York Corporation I,"Kings,Queens,NY,Bronx,Delaware,",NY,"Brooklyn Clean Energy Hub 345kV, Farragut 345kV, Rainey 345kV, Academy 345kV, Mott Haven 345kV, Astoria Annex 345kV, Fraser 345kV","CONED, NYPA, NYSEG",,0.0,,,2024-06-13,Withdrawn,,2025-07-31 00:00:00,,,,,,"E, J",0.0,,
1700,Energy Link New York Solution 8,New York Transco LLC,"Kings,Bronx,Queens,Westchester,Richmond",NY,Brooklyn Clean Energy Hub 345kV; Mott Haven 345kV; Rainey 345kV; Gowanus 345kV; Sprain Brook 345kV ; Goethals 345 kV,CONED,,0.0,,,2024-06-15,Withdrawn,,2025-10-31 00:00:00,,,,,,"I,J",0.0,,
1701,Energy Link New York Solution 9,New York Transco LLC,"Kings,Bronx,Queens,Westchester,Richmond",NY,"Brooklyn Clean Energy Hub 345kV; Mott Haven 345kV; Rainey 345kV; Gowanus 345kV; Sprain Brook 345kV, Goethals 345 kV",CONED,,0.0,,,2024-06-15,Withdrawn,,2025-10-31 00:00:00,,,,,,"I,J",0.0,,
1702,Five Boro Energy Connect ? Sage,New York Power Authority & LS Power Grid New York Corporation I,"Kings, Queens, New York, Bronx",NY,"Brooklyn Clean Energy Hub 345 kV, Farragut 345 kV, Academy 345 kV, Astoria Annex 345 kV, Mott Haven 345 kV, Mott Haven - Rainey 345 kV Lines,","CONED, NYPA",,0.0,,,2024-06-15,Withdrawn,,2025-07-31 00:00:00,,,,,,J,0.0,,
1703,Five Boro Energy Connect - Ruby,New York Power Authority & LS Power Grid New York Corporation I,"Kings, Queens, New York, Bronx",NY,"Brooklyn Clean Energy Hub 345 kV, Farragut 345 kV, Rainey 345 kV, West 49 Street 345 kV, Mott Haven 345 kV, Astoria Annex 345 kV, Mott Haven - Rainey 345kV Lines","CONED, NYPA",,0.0,,,2024-06-15,Withdrawn,,2025-07-31 00:00:00,,,,,,J,0.0,,
1704,Five Boro Energy Connect - Rose,New York Power Authority & LS Power Grid New York Corporation I,"Kings, Queens, New York, Bronx",NY,"Brooklyn Clean Energy Hub 345 kV, Farragut 345 kV, Rainey 345 kV, West 49 Street 345 kV, Mott Haven 345 kV, Astoria Annex 345 kV, Mott Haven - Rainey 345kV Lines","CONED, NYPA",,0.0,,,2024-06-15,Withdrawn,,2025-07-31 00:00:00,,,,,,J,0.0,,
1705,Five Boro Energy Connect ? Olive,New York Power Authority & LS Power Grid New York Corporation I,Kings/Queens/NY/Bronx/Delaware,NY,"Brooklyn Clean Energy Hub 345 kV, Farragut 345 kV, Rainey 345 kV, Academy 345 kV, Mott Haven 345 kV, Astoria Annex 345kV , Fraser, Mott Haven - Rainey 345kV Lines,","CONED, NYPA, NYSEG",,0.0,,,2024-06-15,Withdrawn,,2025-07-31 00:00:00,,,,,,"E, J",0.0,,
1706,Five Boro Energy Connect ? Kelly,New York Power Authority & LS Power Grid New York Corporation I,"Kings, Queens, New York, Bronx",NY,"Brooklyn Clean Energy Hub 345kV, Farragut 345kV, Rainey 345kV, Academy 345kV, Mott Haven 345 kV, Astoria Annex 345kV, Tremont 345kV, Mott Haven - Rainey 345kV Lines,","Con Edison, NYPA",,0.0,,,2024-06-17,Withdrawn,,2025-07-31 00:00:00,,,,,,J,0.0,,
1707,Five Boro Energy Connect ? Hazel,New York Power Authority & LS Power Grid New York Corporation I,Kings/Queens/NY/Bronx/Delaware,NY,"Brooklyn Clean Energy Hub 345kV, Farragut 345kV, Rainey 345kV, Academy 345kV, Mott Haven 345kV, Astoria Annex 345kV, Fraser 345kV, Mott Haven - Rainey 345kV Lines,","Con Edison, NYPA, NYSEG",,0.0,,,2024-06-17,Withdrawn,,2025-07-31 00:00:00,,,,,,"E, J",0.0,,
1708,Five Boro Energy Connect ? Navy,New York Power Authority & LS Power Grid New York Corporation I,"Kings,Queens,Bronx,Richmond,Westchester",NY,"Brooklyn Clean Energy Hub 345kV, Farragut 345kV, Astoria Annex 345kV, Mott Haven 345kV, Rainey 345kV, Dunwoodie 345kV, Sprain Brook 345kV, Gowanus - Goethals 345kV Lines, Mott Haven - Rainey 345kV Lines, Gowanus 345 kV","Con Edison, NYPA",,0.0,,,2024-06-17,Withdrawn,,2025-07-31 00:00:00,,,,,,"I, J",0.0,,
1709,Five Boro Energy Connect ? Royal,New York Power Authority & LS Power Grid New York Corporation I,"Kings,Queens,Bronx,Richmond,Westchester,",NY,"Brooklyn Clean Energy Hub 345kV, Farragut 345kV, Rainey 345kV, Astoria Annex 345kV, Mott Haven 345kV, Tremont 345kV, W49th St 345kV, Gowanus - Goethals 345kV Lines, Mott Haven - Rainey 345kV Lines, Gowanus 345 kV","Con Edison, NYPA",,0.0,,,2024-06-17,Withdrawn,,2025-07-31 00:00:00,,,,,,J,0.0,,
1710,Five Boro Energy Connect ? Golden,New York Power Authority & LS Power Grid New York Corporation I,"Kings,Queens,NY,Bronx,Westchester,Delawa",NY,"Brooklyn Clean Energy Hub 345kV, Farragut 345kV, Rainey 345kV, Academy 345kV, Astoria Annex 345kV, Mott Haven 345kV, Dunwoodie 345kV, Fraser 345kV, Vernon 138kV, Mott Haven - Rainey 345kV Lines","Con Edison, NYPA, NYSEG,",,0.0,,,2024-06-17,Withdrawn,,2025-07-31 00:00:00,,,,,,"E, I, J",0.0,,
1711,Five Boro Energy Connect ? Honey,New York Power Authority & LS Power Grid New York Corporation I,"Kings,Queens,NY,Bronx,Delaware",NY,"Brooklyn Clean Energy Hub 345kV, Farragut 345kV, Rainey 345kV, Academy 345kV, Astoria Annex 345kV, Mott Haven 345kV, Vernon 138kV, Fraser 345kV,","Con Edison, NYPA, NYSEG,",,0.0,,,2024-06-17,Withdrawn,,2025-07-31 00:00:00,,,,,,"E, J",0.0,,
1712,Five Boro Energy Connect ? Cobalt,New York Power Authority & LS Power Grid New York Corporation I,"Kings,Queens,NY,Bronx,Richmond,Delaware",NY,"Brooklyn Clean Energy Hub 345kV, Farragut 345kV, Rainey 345kV, Academy 345kV, Astoria Annex 345kV, Mott Haven 345kV, Gowanus - Goethals 345kV Lines, Mott Haven - Rainey 345kV Lines, Fraser 345kV, Gowanus 345","Con Edison, NYPA, NYSEG",,0.0,,,2024-06-17,Withdrawn,,2025-07-31 00:00:00,,,,,,"E, J",0.0,,
1727,Wet Compression,"Empire Generating Co., LLC",Rensselaer,NY,Reynolds Road Line 5 through existing on-site infrastructure and metering.,NM-NG,,0.0,,,2025-02-18,Withdrawn,,,,,,,,F,0.0,,
,,,,NY,,,,0.0,,,,Withdrawn,,,,,,,,,,,
,,,,NY,,,,0.0,,,,Withdrawn,,,,,,,,,,,
,,,,NY,,,,0.0,,,,Withdrawn,,,,,,,,,,,
,,,,NY,,,,0.0,,,,Withdrawn,,,,,,,,,,,
,,,,NY,,,,0.0,,,,Withdrawn,,,,,,,,,,,
,,,,NY,,,,0.0,,,,Withdrawn,,,,,,,,,,,
,,,,NY,,,,0.0,,,,Withdrawn,,,,,,,,,,,
,,,,NY,,,,0.0,,,,Withdrawn,,,,,,,,,,,
,,,,NY,,,,0.0,,,,Withdrawn,,,,,,,,,,,
,,,,NY,,,,0.0,,,,Withdrawn,,,,,,,,,,,
,,,,NY,,,,0.0,,,,Withdrawn,,,,,,,,,,,
,,,,NY,,,,0.0,,,,Withdrawn,,,,,,,,,,,
,,,,NY,,,,0.0,,,,Withdrawn,,,,,,,,,,,
,,,,NY,,,,0.0,,,,Withdrawn,,,,,,,,,,,
,,,,NY,,,,0.0,,,,Withdrawn,,,,,,,,,,,
,,,,NY,,,,0.0,,,,Withdrawn,,,,,,,,,,,
,,,,NY,,,,0.0,,,,Withdrawn,,,,,,,,,,,
,,,,NY,,,,0.0,,,,Withdrawn,,,,,,,,,,,
,,,,NY,,,,0.0,,,,Withdrawn,,,,,,,,,,,
,,,,NY,,,,0.0,,,,Withdrawn,,,,,,,,,,,
,,,,NY,,,,0.0,,,,Withdrawn,,,,,,,,,,,
,,,,NY,,,,0.0,,,,Withdrawn,,,,,,,,,,,
,,,,NY,,,,0.0,,,,Withdrawn,,,,,,,,,,,
,,,,NY,,,,0.0,,,,Withdrawn,,,,,,,,,,,
,,,,NY,,,,0.0,,,,Withdrawn,,,,,,,,,,,
,,,,NY,,,,0.0,,,,Withdrawn,,,,,,,,,,,
,,,,NY,,,,0.0,,,,Withdrawn,,,,,,,,,,,
,,,,NY,,,,0.0,,,,Withdrawn,,,,,,,,,,,
,,,,NY,,,,0.0,,,,Withdrawn,,,,,,,,,,,
,,,,NY,,,,0.0,,,,Withdrawn,,,,,,,,,,,
,,,,NY,,,,0.0,,,,Withdrawn,,,,,,,,,,,
,,,,NY,,,,0.0,,,,Withdrawn,,,,,,,,,,,
,,,,NY,,,,0.0,,,,Withdrawn,,,,,,,,,,,
,,,,NY,,,,0.0,,,,Withdrawn,,,,,,,,,,,
,,,,NY,,,,0.0,,,,Withdrawn,,,,,,,,,,,
,,,,NY,,,,0.0,,,,Withdrawn,,,,,,,,,,,
,,,,NY,,,,0.0,,,,Withdrawn,,,,,,,,,,,
,,,,NY,,,,0.0,,,,Withdrawn,,,,,,,,,,,
,,,,NY,,,,0.0,,,,Withdrawn,,,,,,,,,,,
,,,,NY,,,,0.0,,,,Withdrawn,,,,,,,,,,,
,,,,NY,,,,0.0,,,,Withdrawn,,,,,,,,,,,
,,,,NY,,,,0.0,,,,Withdrawn,,,,,,,,,,,
,,,,NY,,,,0.0,,,,Withdrawn,,,,,,,,,,,
,,,,NY,,,,0.0,,,,Withdrawn,,,,,,,,,,,
,,,,NY,,,,0.0,,,,Withdrawn,,,,,,,,,,,
,,,,NY,,,,0.0,,,,Withdrawn,,,,,,,,,,,
,,,,NY,,,,0.0,,,,Withdrawn,,,,,,,,,,,
,,,,NY,,,,0.0,,,,Withdrawn,,,,,,,,,,,
,,,,NY,,,,0.0,,,,Withdrawn,,,,,,,,,,,
,,,,NY,,,,0.0,,,,Withdrawn,,,,,,,,,,,
,,,,NY,,,,0.0,,,,Withdrawn,,,,,,,,,,,
,,,,NY,,,,0.0,,,,Withdrawn,,,,,,,,,,,
,,,,NY,,,,0.0,,,,Withdrawn,,,,,,,,,,,
,,,,NY,,,,0.0,,,,Withdrawn,,,,,,,,,,,
,,,,NY,,,,0.0,,,,Withdrawn,,,,,,,,,,,
,,,,NY,,,,0.0,,,,Withdrawn,,,,,,,,,,,
,,,,NY,,,,0.0,,,,Withdrawn,,,,,,,,,,,
,,,,NY,,,,0.0,,,,Withdrawn,,,,,,,,,,,
,,,,NY,,,,0.0,,,,Withdrawn,,,,,,,,,,,
,,,,NY,,,,0.0,,,,Withdrawn,,,,,,,,,,,
,,,,NY,,,,0.0,,,,Withdrawn,,,,,,,,,,,
,,,,NY,,,,0.0,,,,Withdrawn,,,,,,,,,,,
,,,,NY,,,,0.0,,,,Withdrawn,,,,,,,,,,,
,,,,NY,,,,0.0,,,,Withdrawn,,,,,,,,,,,
,,,,NY,,,,0.0,,,,Withdrawn,,,,,,,,,,,
,,,,NY,,,,0.0,,,,Withdrawn,,,,,,,,,,,
,,,,NY,,,,0.0,,,,Withdrawn,,,,,,,,,,,
,,,,NY,,,,0.0,,,,Withdrawn,,,,,,,,,,,
,,,,NY,,,,0.0,,,,Withdrawn,,,,,,,,,,,
,,,,NY,,,,0.0,,,,Withdrawn,,,,,,,,,,,
,,,,NY,,,,0.0,,,,Withdrawn,,,,,,,,,,,
,,,,NY,,,,0.0,,,,Withdrawn,,,,,,,,,,,
,,,,NY,,,,0.0,,,,Withdrawn,,,,,,,,,,,
,,,,NY,,,,0.0,,,,Withdrawn,,,,,,,,,,,
,,,,NY,,,,0.0,,,,Withdrawn,,,,,,,,,,,
,,,,NY,,,,0.0,,,,Withdrawn,,,,,,,,,,,
,,,,NY,,,,0.0,,,,Withdrawn,,,,,,,,,,,
,,,,NY,,,,0.0,,,,Withdrawn,,,,,,,,,,,
,,,,NY,,,,0.0,,,,Withdrawn,,,,,,,,,,,
,,,,NY,,,,0.0,,,,Withdrawn,,,,,,,,,,,
,,,,NY,,,,0.0,,,,Withdrawn,,,,,,,,,,,
,,,,NY,,,,0.0,,,,Withdrawn,,,,,,,,,,,
,,,,NY,,,,0.0,,,,Withdrawn,,,,,,,,,,,
,,,,NY,,,,0.0,,,,Withdrawn,,,,,,,,,,,
,,,,NY,,,,0.0,,,,Withdrawn,,,,,,,,,,,
,,,,NY,,,,0.0,,,,Withdrawn,,,,,,,,,,,
,,,,NY,,,,0.0,,,,Withdrawn,,,,,,,,,,,
,,,,NY,,,,0.0,,,,Withdrawn,,,,,,,,,,,
,,,,NY,,,,0.0,,,,Withdrawn,,,,,,,,,,,
,,,,NY,,,,0.0,,,,Withdrawn,,,,,,,,,,,
,,,,NY,,,,0.0,,,,Withdrawn,,,,,,,,,,,
,,,,NY,,,,0.0,,,,Withdrawn,,,,,,,,,,,
,,,,NY,,,,0.0,,,,Withdrawn,,,,,,,,,,,
,,,,NY,,,,0.0,,,,Withdrawn,,,,,,,,,,,
,,,,NY,,,,0.0,,,,Withdrawn,,,,,,,,,,,
,,,,NY,,,,0.0,,,,Withdrawn,,,,,,,,,,,
,,,,NY,,,,0.0,,,,Withdrawn,,,,,,,,,,,
,,,,NY,,,,0.0,,,,Withdrawn,,,,,,,,,,,
,,,,NY,,,,0.0,,,,Withdrawn,,,,,,,,,,,
,,,,NY,,,,0.0,,,,Withdrawn,,,,,,,,,,,
,,,,NY,,,,0.0,,,,Withdrawn,,,,,,,,,,,
,,,,NY,,,,0.0,,,,Withdrawn,,,,,,,,,,,
,,,,NY,,,,0.0,,,,Withdrawn,,,,,,,,,,,
,,,,NY,,,,0.0,,,,Withdrawn,,,,,,,,,,,
,,,,NY,,,,0.0,,,,Withdrawn,,,,,,,,,,,
,,,,NY,,,,0.0,,,,Withdrawn,,,,,,,,,,,
,,,,NY,,,,0.0,,,,Withdrawn,,,,,,,,,,,
,,,,NY,,,,0.0,,,,Withdrawn,,,,,,,,,,,
,,,,NY,,,,0.0,,,,Withdrawn,,,,,,,,,,,
,,,,NY,,,,0.0,,,,Withdrawn,,,,,,,,,,,
,,,,NY,,,,0.0,,,,Withdrawn,,,,,,,,,,,
,,,,NY,,,,0.0,,,,Withdrawn,,,,,,,,,,,
,,,,NY,,,,0.0,,,,Withdrawn,,,,,,,,,,,
,,,,NY,,,,0.0,,,,Withdrawn,,,,,,,,,,,
,,,,NY,,,,0.0,,,,Withdrawn,,,,,,,,,,,
,,,,NY,,,,0.0,,,,Withdrawn,,,,,,,,,,,
,,,,NY,,,,0.0,,,,Withdrawn,,,,,,,,,,,
,,,,NY,,,,0.0,,,,Withdrawn,,,,,,,,,,,
,,,,NY,,,,0.0,,,,Withdrawn,,,,,,,,,,,
,,,,NY,,,,0.0,,,,Withdrawn,,,,,,,,,,,
,,,,NY,,,,0.0,,,,Withdrawn,,,,,,,,,,,
,,,,NY,,,,0.0,,,,Withdrawn,,,,,,,,,,,
,,,,NY,,,,0.0,,,,Withdrawn,,,,,,,,,,,
,,,,NY,,,,0.0,,,,Withdrawn,,,,,,,,,,,
,,,,NY,,,,0.0,,,,Withdrawn,,,,,,,,,,,
,,,,NY,,,,0.0,,,,Withdrawn,,,,,,,,,,,
,,,,NY,,,,0.0,,,,Withdrawn,,,,,,,,,,,
,,,,NY,,,,0.0,,,,Withdrawn,,,,,,,,,,,
,,,,NY,,,,0.0,,,,Withdrawn,,,,,,,,,,,
,,,,NY,,,,0.0,,,,Withdrawn,,,,,,,,,,,
,,,,NY,,,,0.0,,,,Withdrawn,,,,,,,,,,,
,,,,NY,,,,0.0,,,,Withdrawn,,,,,,,,,,,
,,,,NY,,,,0.0,,,,Withdrawn,,,,,,,,,,,
,,,,NY,,,,0.0,,,,Withdrawn,,,,,,,,,,,
,,,,NY,,,,0.0,,,,Withdrawn,,,,,,,,,,,
,,,,NY,,,,0.0,,,,Withdrawn,,,,,,,,,,,
,,,,NY,,,,0.0,,,,Withdrawn,,,,,,,,,,,
,,,,NY,,,,0.0,,,,Withdrawn,,,,,,,,,,,
,,,,NY,,,,0.0,,,,Withdrawn,,,,,,,,,,,
,,,,NY,,,,0.0,,,,Withdrawn,,,,,,,,,,,
,,,,NY,,,,0.0,,,,Withdrawn,,,,,,,,,,,
,,,,NY,,,,0.0,,,,Withdrawn,,,,,,,,,,,
,,,,NY,,,,0.0,,,,Withdrawn,,,,,,,,,,,
,,,,NY,,,,0.0,,,,Withdrawn,,,,,,,,,,,
,,,,NY,,,,0.0,,,,Withdrawn,,,,,,,,,,,
,,,,NY,,,,0.0,,,,Withdrawn,,,,,,,,,,,
,,,,NY,,,,0.0,,,,Withdrawn,,,,,,,,,,,
,,,,NY,,,,0.0,,,,Withdrawn,,,,,,,,,,,
,,,,NY,,,,0.0,,,,Withdrawn,,,,,,,,,,,
,,,,NY,,,,0.0,,,,Withdrawn,,,,,,,,,,,
,,,,NY,,,,0.0,,,,Withdrawn,,,,,,,,,,,
,,,,NY,,,,0.0,,,,Withdrawn,,,,,,,,,,,
,,,,NY,,,,0.0,,,,Withdrawn,,,,,,,,,,,
,,,,NY,,,,0.0,,,,Withdrawn,,,,,,,,,,,
,,,,NY,,,,0.0,,,,Withdrawn,,,,,,,,,,,
,,,,NY,,,,0.0,,,,Withdrawn,,,,,,,,,,,
,,,,NY,,,,0.0,,,,Withdrawn,,,,,,,,,,,
,,,,NY,,,,0.0,,,,Withdrawn,,,,,,,,,,,
,,,,NY,,,,0.0,,,,Withdrawn,,,,,,,,,,,
,,,,NY,,,,0.0,,,,Withdrawn,,,,,,,,,,,
,,,,NY,,,,0.0,,,,Withdrawn,,,,,,,,,,,
,,,,NY,,,,0.0,,,,Withdrawn,,,,,,,,,,,
,,,,NY,,,,0.0,,,,Withdrawn,,,,,,,,,,,
,,,,NY,,,,0.0,,,,Withdrawn,,,,,,,,,,,
,,,,NY,,,,0.0,,,,Withdrawn,,,,,,,,,,,
,,,,NY,,,,0.0,,,,Withdrawn,,,,,,,,,,,
,,,,NY,,,,0.0,,,,Withdrawn,,,,,,,,,,,
,,,,NY,,,,0.0,,,,Withdrawn,,,,,,,,,,,
,,,,NY,,,,0.0,,,,Withdrawn,,,,,,,,,,,
,,,,NY,,,,0.0,,,,Withdrawn,,,,,,,,,,,
,,,,NY,,,,0.0,,,,Withdrawn,,,,,,,,,,,
,,,,NY,,,,0.0,,,,Withdrawn,,,,,,,,,,,
,,,,NY,,,,0.0,,,,Withdrawn,,,,,,,,,,,
,,,,NY,,,,0.0,,,,Withdrawn,,,,,,,,,,,
,,,,NY,,,,0.0,,,,Withdrawn,,,,,,,,,,,
,,,,NY,,,,0.0,,,,Withdrawn,,,,,,,,,,,
,,,,NY,,,,0.0,,,,Withdrawn,,,,,,,,,,,
,,,,NY,,,,0.0,,,,Withdrawn,,,,,,,,,,,
,,,,NY,,,,0.0,,,,Withdrawn,,,,,,,,,,,
,,,,NY,,,,0.0,,,,Withdrawn,,,,,,,,,,,
,,,,NY,,,,0.0,,,,Withdrawn,,,,,,,,,,,
,,,,NY,,,,0.0,,,,Withdrawn,,,,,,,,,,,
,,,,NY,,,,0.0,,,,Withdrawn,,,,,,,,,,,
,,,,NY,,,,0.0,,,,Withdrawn,,,,,,,,,,,
,,,,NY,,,,0.0,,,,Withdrawn,,,,,,,,,,,
,,,,NY,,,,0.0,,,,Withdrawn,,,,,,,,,,,
,,,,NY,,,,0.0,,,,Withdrawn,,,,,,,,,,,
,,,,NY,,,,0.0,,,,Withdrawn,,,,,,,,,,,
,,,,NY,,,,0.0,,,,Withdrawn,,,,,,,,,,,
,,,,NY,,,,0.0,,,,Withdrawn,,,,,,,,,,,
,,,,NY,,,,0.0,,,,Withdrawn,,,,,,,,,,,
,,,,NY,,,,0.0,,,,Withdrawn,,,,,,,,,,,
,,,,NY,,,,0.0,,,,Withdrawn,,,,,,,,,,,
,,,,NY,,,,0.0,,,,Withdrawn,,,,,,,,,,,
,,,,NY,,,,0.0,,,,Withdrawn,,,,,,,,,,,
,,,,NY,,,,0.0,,,,Withdrawn,,,,,,,,,,,
,,,,NY,,,,0.0,,,,Withdrawn,,,,,,,,,,,
,,,,NY,,,,0.0,,,,Withdrawn,,,,,,,,,,,
,,,,NY,,,,0.0,,,,Withdrawn,,,,,,,,,,,
,,,,NY,,,,0.0,,,,Withdrawn,,,,,,,,,,,
,,,,NY,,,,0.0,,,,Withdrawn,,,,,,,,,,,
,,,,NY,,,,0.0,,,,Withdrawn,,,,,,,,,,,
,,,,NY,,,,0.0,,,,Withdrawn,,,,,,,,,,,
,,,,NY,,,,0.0,,,,Withdrawn,,,,,,,,,,,
,,,,NY,,,,0.0,,,,Withdrawn,,,,,,,,,,,
,,,,NY,,,,0.0,,,,Withdrawn,,,,,,,,,,,
,,,,NY,,,,0.0,,,,Withdrawn,,,,,,,,,,,
,,,,NY,,,,0.0,,,,Withdrawn,,,,,,,,,,,
,,,,NY,,,,0.0,,,,Withdrawn,,,,,,,,,,,
,,,,NY,,,,0.0,,,,Withdrawn,,,,,,,,,,,
,,,,NY,,,,0.0,,,,Withdrawn,,,,,,,,,,,
,,,,NY,,,,0.0,,,,Withdrawn,,,,,,,,,,,
,,,,NY,,,,0.0,,,,Withdrawn,,,,,,,,,,,
,,,,NY,,,,0.0,,,,Withdrawn,,,,,,,,,,,
,,,,NY,,,,0.0,,,,Withdrawn,,,,,,,,,,,
,,,,NY,,,,0.0,,,,Withdrawn,,,,,,,,,,,
,,,,NY,,,,0.0,,,,Withdrawn,,,,,,,,,,,
,,,,NY,,,,0.0,,,,Withdrawn,,,,,,,,,,,
,,,,NY,,,,0.0,,,,Withdrawn,,,,,,,,,,,
,,,,NY,,,,0.0,,,,Withdrawn,,,,,,,,,,,
,,,,NY,,,,0.0,,,,Withdrawn,,,,,,,,,,,
,,,,NY,,,,0.0,,,,Withdrawn,,,,,,,,,,,
,,,,NY,,,,0.0,,,,Withdrawn,,,,,,,,,,,
,,,,NY,,,,0.0,,,,Withdrawn,,,,,,,,,,,
,,,,NY,,,,0.0,,,,Withdrawn,,,,,,,,,,,
,,,,NY,,,,0.0,,,,Withdrawn,,,,,,,,,,,
,,,,NY,,,,0.0,,,,Withdrawn,,,,,,,,,,,
,,,,NY,,,,0.0,,,,Withdrawn,,,,,,,,,,,
,,,,NY,,,,0.0,,,,Withdrawn,,,,,,,,,,,
,,,,NY,,,,0.0,,,,Withdrawn,,,,,,,,,,,
,,,,NY,,,,0.0,,,,Withdrawn,,,,,,,,,,,
,,,,NY,,,,0.0,,,,Withdrawn,,,,,,,,,,,
,,,,NY,,,,0.0,,,,Withdrawn,,,,,,,,,,,
,,,,NY,,,,0.0,,,,Withdrawn,,,,,,,,,,,
,,,,NY,,,,0.0,,,,Withdrawn,,,,,,,,,,,
,,,,NY,,,,0.0,,,,Withdrawn,,,,,,,,,,,
,,,,NY,,,,0.0,,,,Withdrawn,,,,,,,,,,,
,,,,NY,,,,0.0,,,,Withdrawn,,,,,,,,,,,
,,,,NY,,,,0.0,,,,Withdrawn,,,,,,,,,,,
,,,,NY,,,,0.0,,,,Withdrawn,,,,,,,,,,,
,,,,NY,,,,0.0,,,,Withdrawn,,,,,,,,,,,
,,,,NY,,,,0.0,,,,Withdrawn,,,,,,,,,,,
,,,,NY,,,,0.0,,,,Withdrawn,,,,,,,,,,,
,,,,NY,,,,0.0,,,,Withdrawn,,,,,,,,,,,
,,,,NY,,,,0.0,,,,Withdrawn,,,,,,,,,,,
,,,,NY,,,,0.0,,,,Withdrawn,,,,,,,,,,,
,,,,NY,,,,0.0,,,,Withdrawn,,,,,,,,,,,
,,,,NY,,,,0.0,,,,Withdrawn,,,,,,,,,,,
,,,,NY,,,,0.0,,,,Withdrawn,,,,,,,,,,,
,,,,NY,,,,0.0,,,,Withdrawn,,,,,,,,,,,
,,,,NY,,,,0.0,,,,Withdrawn,,,,,,,,,,,
,,,,NY,,,,0.0,,,,Withdrawn,,,,,,,,,,,
,,,,NY,,,,0.0,,,,Withdrawn,,,,,,,,,,,
,,,,NY,,,,0.0,,,,Withdrawn,,,,,,,,,,,
,,,,NY,,,,0.0,,,,Withdrawn,,,,,,,,,,,
,,,,NY,,,,0.0,,,,Withdrawn,,,,,,,,,,,
,,,,NY,,,,0.0,,,,Withdrawn,,,,,,,,,,,
,,,,NY,,,,0.0,,,,Withdrawn,,,,,,,,,,,
,,,,NY,,,,0.0,,,,Withdrawn,,,,,,,,,,,
,,,,NY,,,,0.0,,,,Withdrawn,,,,,,,,,,,
,,,,NY,,,,0.0,,,,Withdrawn,,,,,,,,,,,
,,,,NY,,,,0.0,,,,Withdrawn,,,,,,,,,,,
,,,,NY,,,,0.0,,,,Withdrawn,,,,,,,,,,,
,,,,NY,,,,0.0,,,,Withdrawn,,,,,,,,,,,
,,,,NY,,,,0.0,,,,Withdrawn,,,,,,,,,,,
,,,,NY,,,,0.0,,,,Withdrawn,,,,,,,,,,,
,,,,NY,,,,0.0,,,,Withdrawn,,,,,,,,,,,
,,,,NY,,,,0.0,,,,Withdrawn,,,,,,,,,,,
,,,,NY,,,,0.0,,,,Withdrawn,,,,,,,,,,,
,,,,NY,,,,0.0,,,,Withdrawn,,,,,,,,,,,
,,,,NY,,,,0.0,,,,Withdrawn,,,,,,,,,,,
,,,,NY,,,,0.0,,,,Withdrawn,,,,,,,,,,,
,,,,NY,,,,0.0,,,,Withdrawn,,,,,,,,,,,
,,,,NY,,,,0.0,,,,Withdrawn,,,,,,,,,,,
,,,,NY,,,,0.0,,,,Withdrawn,,,,,,,,,,,
,,,,NY,,,,0.0,,,,Withdrawn,,,,,,,,,,,
,,,,NY,,,,0.0,,,,Withdrawn,,,,,,,,,,,
,,,,NY,,,,0.0,,,,Withdrawn,,,,,,,,,,,
,,,,NY,,,,0.0,,,,Withdrawn,,,,,,,,,,,
,,,,NY,,,,0.0,,,,Withdrawn,,,,,,,,,,,
,,,,NY,,,,0.0,,,,Withdrawn,,,,,,,,,,,
,,,,NY,,,,0.0,,,,Withdrawn,,,,,,,,,,,
,,,,NY,,,,0.0,,,,Withdrawn,,,,,,,,,,,
,,,,NY,,,,0.0,,,,Withdrawn,,,,,,,,,,,
,,,,NY,,,,0.0,,,,Withdrawn,,,,,,,,,,,
,,,,NY,,,,0.0,,,,Withdrawn,,,,,,,,,,,
,,,,NY,,,,0.0,,,,Withdrawn,,,,,,,,,,,
,,,,NY,,,,0.0,,,,Withdrawn,,,,,,,,,,,
,,,,NY,,,,0.0,,,,Withdrawn,,,,,,,,,,,
,,,,NY,,,,0.0,,,,Withdrawn,,,,,,,,,,,
,,,,NY,,,,0.0,,,,Withdrawn,,,,,,,,,,,
,,,,NY,,,,0.0,,,,Withdrawn,,,,,,,,,,,
,,,,NY,,,,0.0,,,,Withdrawn,,,,,,,,,,,
,,,,NY,,,,0.0,,,,Withdrawn,,,,,,,,,,,
,,,,NY,,,,0.0,,,,Withdrawn,,,,,,,,,,,
,,,,NY,,,,0.0,,,,Withdrawn,,,,,,,,,,,
,,,,NY,,,,0.0,,,,Withdrawn,,,,,,,,,,,
,,,,NY,,,,0.0,,,,Withdrawn,,,,,,,,,,,
,,,,NY,,,,0.0,,,,Withdrawn,,,,,,,,,,,
,,,,NY,,,,0.0,,,,Withdrawn,,,,,,,,,,,
,,,,NY,,,,0.0,,,,Withdrawn,,,,,,,,,,,
,,,,NY,,,,0.0,,,,Withdrawn,,,,,,,,,,,
,,,,NY,,,,0.0,,,,Withdrawn,,,,,,,,,,,
,,,,NY,,,,0.0,,,,Withdrawn,,,,,,,,,,,
,,,,NY,,,,0.0,,,,Withdrawn,,,,,,,,,,,
,,,,NY,,,,0.0,,,,Withdrawn,,,,,,,,,,,
,,,,NY,,,,0.0,,,,Withdrawn,,,,,,,,,,,
,,,,NY,,,,0.0,,,,Withdrawn,,,,,,,,,,,
,,,,NY,,,,0.0,,,,Withdrawn,,,,,,,,,,,
,,,,NY,,,,0.0,,,,Withdrawn,,,,,,,,,,,
,,,,NY,,,,0.0,,,,Withdrawn,,,,,,,,,,,
,,,,NY,,,,0.0,,,,Withdrawn,,,,,,,,,,,
,,,,NY,,,,0.0,,,,Withdrawn,,,,,,,,,,,
,,,,NY,,,,0.0,,,,Withdrawn,,,,,,,,,,,
,,,,NY,,,,0.0,,,,Withdrawn,,,,,,,,,,,
,,,,NY,,,,0.0,,,,Withdrawn,,,,,,,,,,,
,,,,NY,,,,0.0,,,,Withdrawn,,,,,,,,,,,
,,,,NY,,,,0.0,,,,Withdrawn,,,,,,,,,,,
,,,,NY,,,,0.0,,,,Withdrawn,,,,,,,,,,,
,,,,NY,,,,0.0,,,,Withdrawn,,,,,,,,,,,
,,,,NY,,,,0.0,,,,Withdrawn,,,,,,,,,,,
,,,,NY,,,,0.0,,,,Withdrawn,,,,,,,,,,,
,,,,NY,,,,0.0,,,,Withdrawn,,,,,,,,,,,
,,,,NY,,,,0.0,,,,Withdrawn,,,,,,,,,,,
,,,,NY,,,,0.0,,,,Withdrawn,,,,,,,,,,,
,,,,NY,,,,0.0,,,,Withdrawn,,,,,,,,,,,
,,,,NY,,,,0.0,,,,Withdrawn,,,,,,,,,,,
,,,,NY,,,,0.0,,,,Withdrawn,,,,,,,,,,,
,,,,NY,,,,0.0,,,,Withdrawn,,,,,,,,,,,
,,,,NY,,,,0.0,,,,Withdrawn,,,,,,,,,,,
,,,,NY,,,,0.0,,,,Withdrawn,,,,,,,,,,,
,,,,NY,,,,0.0,,,,Withdrawn,,,,,,,,,,,
,,,,NY,,,,0.0,,,,Withdrawn,,,,,,,,,,,
,,,,NY,,,,0.0,,,,Withdrawn,,,,,,,,,,,
,,,,NY,,,,0.0,,,,Withdrawn,,,,,,,,,,,
,,,,NY,,,,0.0,,,,Withdrawn,,,,,,,,,,,
,,,,NY,,,,0.0,,,,Withdrawn,,,,,,,,,,,
,,,,NY,,,,0.0,,,,Withdrawn,,,,,,,,,,,
,,,,NY,,,,0.0,,,,Withdrawn,,,,,,,,,,,
,,,,NY,,,,0.0,,,,Withdrawn,,,,,,,,,,,
,,,,NY,,,,0.0,,,,Withdrawn,,,,,,,,,,,
,,,,NY,,,,0.0,,,,Withdrawn,,,,,,,,,,,
,,,,NY,,,,0.0,,,,Withdrawn,,,,,,,,,,,
,,,,NY,,,,0.0,,,,Withdrawn,,,,,,,,,,,
,,,,NY,,,,0.0,,,,Withdrawn,,,,,,,,,,,
,,,,NY,,,,0.0,,,,Withdrawn,,,,,,,,,,,
,,,,NY,,,,0.0,,,,Withdrawn,,,,,,,,,,,
,,,,NY,,,,0.0,,,,Withdrawn,,,,,,,,,,,
,,,,NY,,,,0.0,,,,Withdrawn,,,,,,,,,,,
,,,,NY,,,,0.0,,,,Withdrawn,,,,,,,,,,,
,,,,NY,,,,0.0,,,,Withdrawn,,,,,,,,,,,
,,,,NY,,,,0.0,,,,Withdrawn,,,,,,,,,,,
,,,,NY,,,,0.0,,,,Withdrawn,,,,,,,,,,,
,,,,NY,,,,0.0,,,,Withdrawn,,,,,,,,,,,
,,,,NY,,,,0.0,,,,Withdrawn,,,,,,,,,,,
,,,,NY,,,,0.0,,,,Withdrawn,,,,,,,,,,,
,,,,NY,,,,0.0,,,,Withdrawn,,,,,,,,,,,
,,,,NY,,,,0.0,,,,Withdrawn,,,,,,,,,,,
,,,,NY,,,,0.0,,,,Withdrawn,,,,,,,,,,,
,,,,NY,,,,0.0,,,,Withdrawn,,,,,,,,,,,
,,,,NY,,,,0.0,,,,Withdrawn,,,,,,,,,,,
,,,,NY,,,,0.0,,,,Withdrawn,,,,,,,,,,,
,,,,NY,,,,0.0,,,,Withdrawn,,,,,,,,,,,
,,,,NY,,,,0.0,,,,Withdrawn,,,,,,,,,,,
,,,,NY,,,,0.0,,,,Withdrawn,,,,,,,,,,,
,,,,NY,,,,0.0,,,,Withdrawn,,,,,,,,,,,
,,,,NY,,,,0.0,,,,Withdrawn,,,,,,,,,,,
,,,,NY,,,,0.0,,,,Withdrawn,,,,,,,,,,,
,,,,NY,,,,0.0,,,,Withdrawn,,,,,,,,,,,
,,,,NY,,,,0.0,,,,Withdrawn,,,,,,,,,,,
,,,,NY,,,,0.0,,,,Withdrawn,,,,,,,,,,,
,,,,NY,,,,0.0,,,,Withdrawn,,,,,,,,,,,
,,,,NY,,,,0.0,,,,Withdrawn,,,,,,,,,,,
,,,,NY,,,,0.0,,,,Withdrawn,,,,,,,,,,,
,,,,NY,,,,0.0,,,,Withdrawn,,,,,,,,,,,
,,,,NY,,,,0.0,,,,Withdrawn,,,,,,,,,,,
,,,,NY,,,,0.0,,,,Withdrawn,,,,,,,,,,,
,,,,NY,,,,0.0,,,,Withdrawn,,,,,,,,,,,
,,,,NY,,,,0.0,,,,Withdrawn,,,,,,,,,,,
,,,,NY,,,,0.0,,,,Withdrawn,,,,,,,,,,,
,,,,NY,,,,0.0,,,,Withdrawn,,,,,,,,,,,
,,,,NY,,,,0.0,,,,Withdrawn,,,,,,,,,,,
,,,,NY,,,,0.0,,,,Withdrawn,,,,,,,,,,,
,,,,NY,,,,0.0,,,,Withdrawn,,,,,,,,,,,
,,,,NY,,,,0.0,,,,Withdrawn,,,,,,,,,,,
,,,,NY,,,,0.0,,,,Withdrawn,,,,,,,,,,,
,,,,NY,,,,0.0,,,,Withdrawn,,,,,,,,,,,
,,,,NY,,,,0.0,,,,Withdrawn,,,,,,,,,,,
,,,,NY,,,,0.0,,,,Withdrawn,,,,,,,,,,,
,,,,NY,,,,0.0,,,,Withdrawn,,,,,,,,,,,
,,,,NY,,,,0.0,,,,Withdrawn,,,,,,,,,,,
,,,,NY,,,,0.0,,,,Withdrawn,,,,,,,,,,,
,,,,NY,,,,0.0,,,,Withdrawn,,,,,,,,,,,
,,,,NY,,,,0.0,,,,Withdrawn,,,,,,,,,,,
,,,,NY,,,,0.0,,,,Withdrawn,,,,,,,,,,,
,,,,NY,,,,0.0,,,,Withdrawn,,,,,,,,,,,
,,,,NY,,,,0.0,,,,Withdrawn,,,,,,,,,,,
,,,,NY,,,,0.0,,,,Withdrawn,,,,,,,,,,,
,,,,NY,,,,0.0,,,,Withdrawn,,,,,,,,,,,
,,,,NY,,,,0.0,,,,Withdrawn,,,,,,,,,,,
,,,,NY,,,,0.0,,,,Withdrawn,,,,,,,,,,,
,,,,NY,,,,0.0,,,,Withdrawn,,,,,,,,,,,
,,,,NY,,,,0.0,,,,Withdrawn,,,,,,,,,,,
,,,,NY,,,,0.0,,,,Withdrawn,,,,,,,,,,,
,,,,NY,,,,0.0,,,,Withdrawn,,,,,,,,,,,
,,,,NY,,,,0.0,,,,Withdrawn,,,,,,,,,,,
,,,,NY,,,,0.0,,,,Withdrawn,,,,,,,,,,,
,,,,NY,,,,0.0,,,,Withdrawn,,,,,,,,,,,
,,,,NY,,,,0.0,,,,Withdrawn,,,,,,,,,,,
,,,,NY,,,,0.0,,,,Withdrawn,,,,,,,,,,,
,,,,NY,,,,0.0,,,,Withdrawn,,,,,,,,,,,
,,,,NY,,,,0.0,,,,Withdrawn,,,,,,,,,,,
,,,,NY,,,,0.0,,,,Withdrawn,,,,,,,,,,,
,,,,NY,,,,0.0,,,,Withdrawn,,,,,,,,,,,
,,,,NY,,,,0.0,,,,Withdrawn,,,,,,,,,,,
,,,,NY,,,,0.0,,,,Withdrawn,,,,,,,,,,,
,,,,NY,,,,0.0,,,,Withdrawn,,,,,,,,,,,
,,,,NY,,,,0.0,,,,Withdrawn,,,,,,,,,,,
,,,,NY,,,,0.0,,,,Withdrawn,,,,,,,,,,,
,,,,NY,,,,0.0,,,,Withdrawn,,,,,,,,,,,
,,,,NY,,,,0.0,,,,Withdrawn,,,,,,,,,,,
,,,,NY,,,,0.0,,,,Withdrawn,,,,,,,,,,,
,,,,NY,,,,0.0,,,,Withdrawn,,,,,,,,,,,
,,,,NY,,,,0.0,,,,Withdrawn,,,,,,,,,,,
,,,,NY,,,,0.0,,,,Withdrawn,,,,,,,,,,,
,,,,NY,,,,0.0,,,,Withdrawn,,,,,,,,,,,
,,,,NY,,,,0.0,,,,Withdrawn,,,,,,,,,,,
,,,,NY,,,,0.0,,,,Withdrawn,,,,,,,,,,,
,,,,NY,,,,0.0,,,,Withdrawn,,,,,,,,,,,
,,,,NY,,,,0.0,,,,Withdrawn,,,,,,,,,,,
,,,,NY,,,,0.0,,,,Withdrawn,,,,,,,,,,,
,,,,NY,,,,0.0,,,,Withdrawn,,,,,,,,,,,
,,,,NY,,,,0.0,,,,Withdrawn,,,,,,,,,,,
,,,,NY,,,,0.0,,,,Withdrawn,,,,,,,,,,,
,,,,NY,,,,0.0,,,,Withdrawn,,,,,,,,,,,
,,,,NY,,,,0.0,,,,Withdrawn,,,,,,,,,,,
,,,,NY,,,,0.0,,,,Withdrawn,,,,,,,,,,,
,,,,NY,,,,0.0,,,,Withdrawn,,,,,,,,,,,
,,,,NY,,,,0.0,,,,Withdrawn,,,,,,,,,,,
,,,,NY,,,,0.0,,,,Withdrawn,,,,,,,,,,,
,,,,NY,,,,0.0,,,,Withdrawn,,,,,,,,,,,
,,,,NY,,,,0.0,,,,Withdrawn,,,,,,,,,,,
,,,,NY,,,,0.0,,,,Withdrawn,,,,,,,,,,,
,,,,NY,,,,0.0,,,,Withdrawn,,,,,,,,,,,
,,,,NY,,,,0.0,,,,Withdrawn,,,,,,,,,,,
,,,,NY,,,,0.0,,,,Withdrawn,,,,,,,,,,,
,,,,NY,,,,0.0,,,,Withdrawn,,,,,,,,,,,
,,,,NY,,,,0.0,,,,Withdrawn,,,,,,,,,,,
,,,,NY,,,,0.0,,,,Withdrawn,,,,,,,,,,,
,,,,NY,,,,0.0,,,,Withdrawn,,,,,,,,,,,
,,,,NY,,,,0.0,,,,Withdrawn,,,,,,,,,,,
,,,,NY,,,,0.0,,,,Withdrawn,,,,,,,,,,,
,,,,NY,,,,0.0,,,,Withdrawn,,,,,,,,,,,
,,,,NY,,,,0.0,,,,Withdrawn,,,,,,,,,,,
,,,,NY,,,,0.0,,,,Withdrawn,,,,,,,,,,,
,,,,NY,,,,0.0,,,,Withdrawn,,,,,,,,,,,
,,,,NY,,,,0.0,,,,Withdrawn,,,,,,,,,,,
,,,,NY,,,,0.0,,,,Withdrawn,,,,,,,,,,,
,,,,NY,,,,0.0,,,,Withdrawn,,,,,,,,,,,
,,,,NY,,,,0.0,,,,Withdrawn,,,,,,,,,,,
,,,,NY,,,,0.0,,,,Withdrawn,,,,,,,,,,,
,,,,NY,,,,0.0,,,,Withdrawn,,,,,,,,,,,
,,,,NY,,,,0.0,,,,Withdrawn,,,,,,,,,,,
,,,,NY,,,,0.0,,,,Withdrawn,,,,,,,,,,,
,,,,NY,,,,0.0,,,,Withdrawn,,,,,,,,,,,
,,,,NY,,,,0.0,,,,Withdrawn,,,,,,,,,,,
,,,,NY,,,,0.0,,,,Withdrawn,,,,,,,,,,,
,,,,NY,,,,0.0,,,,Withdrawn,,,,,,,,,,,
,,,,NY,,,,0.0,,,,Withdrawn,,,,,,,,,,,
,,,,NY,,,,0.0,,,,Withdrawn,,,,,,,,,,,
,,,,NY,,,,0.0,,,,Withdrawn,,,,,,,,,,,
,,,,NY,,,,0.0,,,,Withdrawn,,,,,,,,,,,
,,,,NY,,,,0.0,,,,Withdrawn,,,,,,,,,,,
,,,,NY,,,,0.0,,,,Withdrawn,,,,,,,,,,,
,,,,NY,,,,0.0,,,,Withdrawn,,,,,,,,,,,
,,,,NY,,,,0.0,,,,Withdrawn,,,,,,,,,,,
,,,,NY,,,,0.0,,,,Withdrawn,,,,,,,,,,,
,,,,NY,,,,0.0,,,,Withdrawn,,,,,,,,,,,
,,,,NY,,,,0.0,,,,Withdrawn,,,,,,,,,,,
,,,,NY,,,,0.0,,,,Withdrawn,,,,,,,,,,,
,,,,NY,,,,0.0,,,,Withdrawn,,,,,,,,,,,
,,,,NY,,,,0.0,,,,Withdrawn,,,,,,,,,,,
,,,,NY,,,,0.0,,,,Withdrawn,,,,,,,,,,,
,,,,NY,,,,0.0,,,,Withdrawn,,,,,,,,,,,
,,,,NY,,,,0.0,,,,Withdrawn,,,,,,,,,,,
,,,,NY,,,,0.0,,,,Withdrawn,,,,,,,,,,,
,,,,NY,,,,0.0,,,,Withdrawn,,,,,,,,,,,
,,,,NY,,,,0.0,,,,Withdrawn,,,,,,,,,,,
,,,,NY,,,,0.0,,,,Withdrawn,,,,,,,,,,,
,,,,NY,,,,0.0,,,,Withdrawn,,,,,,,,,,,
,,,,NY,,,,0.0,,,,Withdrawn,,,,,,,,,,,
,,,,NY,,,,0.0,,,,Withdrawn,,,,,,,,,,,
,,,,NY,,,,0.0,,,,Withdrawn,,,,,,,,,,,
,,,,NY,,,,0.0,,,,Withdrawn,,,,,,,,,,,
,,,,NY,,,,0.0,,,,Withdrawn,,,,,,,,,,,
,,,,NY,,,,0.0,,,,Withdrawn,,,,,,,,,,,
,,,,NY,,,,0.0,,,,Withdrawn,,,,,,,,,,,
,,,,NY,,,,0.0,,,,Withdrawn,,,,,,,,,,,
,,,,NY,,,,0.0,,,,Withdrawn,,,,,,,,,,,
,,,,NY,,,,0.0,,,,Withdrawn,,,,,,,,,,,
,,,,NY,,,,0.0,,,,Withdrawn,,,,,,,,,,,
,,,,NY,,,,0.0,,,,Withdrawn,,,,,,,,,,,
,,,,NY,,,,0.0,,,,Withdrawn,,,,,,,,,,,
,,,,NY,,,,0.0,,,,Withdrawn,,,,,,,,,,,
,,,,NY,,,,0.0,,,,Withdrawn,,,,,,,,,,,
,,,,NY,,,,0.0,,,,Withdrawn,,,,,,,,,,,
,,,,NY,,,,0.0,,,,Withdrawn,,,,,,,,,,,
,,,,NY,,,,0.0,,,,Withdrawn,,,,,,,,,,,
,,,,NY,,,,0.0,,,,Withdrawn,,,,,,,,,,,
,,,,NY,,,,0.0,,,,Withdrawn,,,,,,,,,,,
,,,,NY,,,,0.0,,,,Withdrawn,,,,,,,,,,,
,,,,NY,,,,0.0,,,,Withdrawn,,,,,,,,,,,
,,,,NY,,,,0.0,,,,Withdrawn,,,,,,,,,,,
,,,,NY,,,,0.0,,,,Withdrawn,,,,,,,,,,,
,,,,NY,,,,0.0,,,,Withdrawn,,,,,,,,,,,
,,,,NY,,,,0.0,,,,Withdrawn,,,,,,,,,,,
,,,,NY,,,,0.0,,,,Withdrawn,,,,,,,,,,,
,,,,NY,,,,0.0,,,,Withdrawn,,,,,,,,,,,
,,,,NY,,,,0.0,,,,Withdrawn,,,,,,,,,,,
,,,,NY,,,,0.0,,,,Withdrawn,,,,,,,,,,,
,,,,NY,,,,0.0,,,,Withdrawn,,,,,,,,,,,
,,,,NY,,,,0.0,,,,Withdrawn,,,,,,,,,,,
,,,,NY,,,,0.0,,,,Withdrawn,,,,,,,,,,,
,,,,NY,,,,0.0,,,,Withdrawn,,,,,,,,,,,
,,,,NY,,,,0.0,,,,Withdrawn,,,,,,,,,,,
,,,,NY,,,,0.0,,,,Withdrawn,,,,,,,,,,,
,,,,NY,,,,0.0,,,,Withdrawn,,,,,,,,,,,
,,,,NY,,,,0.0,,,,Withdrawn,,,,,,,,,,,
,,,,NY,,,,0.0,,,,Withdrawn,,,,,,,,,,,
,,,,NY,,,,0.0,,,,Withdrawn,,,,,,,,,,,
,,,,NY,,,,0.0,,,,Withdrawn,,,,,,,,,,,
,,,,NY,,,,0.0,,,,Withdrawn,,,,,,,,,,,
,,,,NY,,,,0.0,,,,Withdrawn,,,,,,,,,,,
,,,,NY,,,,0.0,,,,Withdrawn,,,,,,,,,,,
,,,,NY,,,,0.0,,,,Withdrawn,,,,,,,,,,,
,,,,NY,,,,0.0,,,,Withdrawn,,,,,,,,,,,
,,,,NY,,,,0.0,,,,Withdrawn,,,,,,,,,,,
,,,,NY,,,,0.0,,,,Withdrawn,,,,,,,,,,,
,,,,NY,,,,0.0,,,,Withdrawn,,,,,,,,,,,
,,,,NY,,,,0.0,,,,Withdrawn,,,,,,,,,,,
,,,,NY,,,,0.0,,,,Withdrawn,,,,,,,,,,,
,,,,NY,,,,0.0,,,,Withdrawn,,,,,,,,,,,
,,,,NY,,,,0.0,,,,Withdrawn,,,,,,,,,,,
,,,,NY,,,,0.0,,,,Withdrawn,,,,,,,,,,,
,,,,NY,,,,0.0,,,,Withdrawn,,,,,,,,,,,
,,,,NY,,,,0.0,,,,Withdrawn,,,,,,,,,,,
,,,,NY,,,,0.0,,,,Withdrawn,,,,,,,,,,,
,,,,NY,,,,0.0,,,,Withdrawn,,,,,,,,,,,
,,,,NY,,,,0.0,,,,Withdrawn,,,,,,,,,,,
,,,,NY,,,,0.0,,,,Withdrawn,,,,,,,,,,,
,,,,NY,,,,0.0,,,,Withdrawn,,,,,,,,,,,
,,,,NY,,,,0.0,,,,Withdrawn,,,,,,,,,,,
,,,,NY,,,,0.0,,,,Withdrawn,,,,,,,,,,,
,,,,NY,,,,0.0,,,,Withdrawn,,,,,,,,,,,
,,,,NY,,,,0.0,,,,Withdrawn,,,,,,,,,,,
,,,,NY,,,,0.0,,,,Withdrawn,,,,,,,,,,,
,,,,NY,,,,0.0,,,,Withdrawn,,,,,,,,,,,
,,,,NY,,,,0.0,,,,Withdrawn,,,,,,,,,,,
,,,,NY,,,,0.0,,,,Withdrawn,,,,,,,,,,,
,,,,NY,,,,0.0,,,,Withdrawn,,,,,,,,,,,
,,,,NY,,,,0.0,,,,Withdrawn,,,,,,,,,,,
,,,,NY,,,,0.0,,,,Withdrawn,,,,,,,,,,,
,,,,NY,,,,0.0,,,,Withdrawn,,,,,,,,,,,
,,,,NY,,,,0.0,,,,Withdrawn,,,,,,,,,,,
,,,,NY,,,,0.0,,,,Withdrawn,,,,,,,,,,,
,,,,NY,,,,0.0,,,,Withdrawn,,,,,,,,,,,
,,,,NY,,,,0.0,,,,Withdrawn,,,,,,,,,,,
,,,,NY,,,,0.0,,,,Withdrawn,,,,,,,,,,,
,,,,NY,,,,0.0,,,,Withdrawn,,,,,,,,,,,
,,,,NY,,,,0.0,,,,Withdrawn,,,,,,,,,,,
,,,,NY,,,,0.0,,,,Withdrawn,,,,,,,,,,,
,,,,NY,,,,0.0,,,,Withdrawn,,,,,,,,,,,
,,,,NY,,,,0.0,,,,Withdrawn,,,,,,,,,,,
,,,,NY,,,,0.0,,,,Withdrawn,,,,,,,,,,,
,,,,NY,,,,0.0,,,,Withdrawn,,,,,,,,,,,
,,,,NY,,,,0.0,,,,Withdrawn,,,,,,,,,,,
,,,,NY,,,,0.0,,,,Withdrawn,,,,,,,,,,,
,,,,NY,,,,0.0,,,,Withdrawn,,,,,,,,,,,
,,,,NY,,,,0.0,,,,Withdrawn,,,,,,,,,,,
,,,,NY,,,,0.0,,,,Withdrawn,,,,,,,,,,,
,,,,NY,,,,0.0,,,,Withdrawn,,,,,,,,,,,
,,,,NY,,,,0.0,,,,Withdrawn,,,,,,,,,,,
,,,,NY,,,,0.0,,,,Withdrawn,,,,,,,,,,,
,,,,NY,,,,0.0,,,,Withdrawn,,,,,,,,,,,
,,,,NY,,,,0.0,,,,Withdrawn,,,,,,,,,,,
,,,,NY,,,,0.0,,,,Withdrawn,,,,,,,,,,,
,,,,NY,,,,0.0,,,,Withdrawn,,,,,,,,,,,
,,,,NY,,,,0.0,,,,Withdrawn,,,,,,,,,,,
,,,,NY,,,,0.0,,,,Withdrawn,,,,,,,,,,,
,,,,NY,,,,0.0,,,,Withdrawn,,,,,,,,,,,
,,,,NY,,,,0.0,,,,Withdrawn,,,,,,,,,,,
,,,,NY,,,,0.0,,,,Withdrawn,,,,,,,,,,,
,,,,NY,,,,0.0,,,,Withdrawn,,,,,,,,,,,
,,,,NY,,,,0.0,,,,Withdrawn,,,,,,,,,,,
,,,,NY,,,,0.0,,,,Withdrawn,,,,,,,,,,,
,,,,NY,,,,0.0,,,,Withdrawn,,,,,,,,,,,
,,,,NY,,,,0.0,,,,Withdrawn,,,,,,,,,,,
,,,,NY,,,,0.0,,,,Withdrawn,,,,,,,,,,,
,,,,NY,,,,0.0,,,,Withdrawn,,,,,,,,,,,
,,,,NY,,,,0.0,,,,Withdrawn,,,,,,,,,,,
,,,,NY,,,,0.0,,,,Withdrawn,,,,,,,,,,,
,,,,NY,,,,0.0,,,,Withdrawn,,,,,,,,,,,
,,,,NY,,,,0.0,,,,Withdrawn,,,,,,,,,,,
,,,,NY,,,,0.0,,,,Withdrawn,,,,,,,,,,,
,,,,NY,,,,0.0,,,,Withdrawn,,,,,,,,,,,
,,,,NY,,,,0.0,,,,Withdrawn,,,,,,,,,,,
,,,,NY,,,,0.0,,,,Withdrawn,,,,,,,,,,,
,,,,NY,,,,0.0,,,,Withdrawn,,,,,,,,,,,
,,,,NY,,,,0.0,,,,Withdrawn,,,,,,,,,,,
,,,,NY,,,,0.0,,,,Withdrawn,,,,,,,,,,,
,,,,NY,,,,0.0,,,,Withdrawn,,,,,,,,,,,
,,,,NY,,,,0.0,,,,Withdrawn,,,,,,,,,,,
,,,,NY,,,,0.0,,,,Withdrawn,,,,,,,,,,,
,,,,NY,,,,0.0,,,,Withdrawn,,,,,,,,,,,
,,,,NY,,,,0.0,,,,Withdrawn,,,,,,,,,,,
,,,,NY,,,,0.0,,,,Withdrawn,,,,,,,,,,,
,,,,NY,,,,0.0,,,,Withdrawn,,,,,,,,,,,
,,,,NY,,,,0.0,,,,Withdrawn,,,,,,,,,,,
,,,,NY,,,,0.0,,,,Withdrawn,,,,,,,,,,,
,,,,NY,,,,0.0,,,,Withdrawn,,,,,,,,,,,
,,,,NY,,,,0.0,,,,Withdrawn,,,,,,,,,,,
,,,,NY,,,,0.0,,,,Withdrawn,,,,,,,,,,,
,,,,NY,,,,0.0,,,,Withdrawn,,,,,,,,,,,
,,,,NY,,,,0.0,,,,Withdrawn,,,,,,,,,,,
,,,,NY,,,,0.0,,,,Withdrawn,,,,,,,,,,,
,,,,NY,,,,0.0,,,,Withdrawn,,,,,,,,,,,
,,,,NY,,,,0.0,,,,Withdrawn,,,,,,,,,,,
,,,,NY,,,,0.0,,,,Withdrawn,,,,,,,,,,,
,,,,NY,,,,0.0,,,,Withdrawn,,,,,,,,,,,
,,,,NY,,,,0.0,,,,Withdrawn,,,,,,,,,,,
,,,,NY,,,,0.0,,,,Withdrawn,,,,,,,,,,,
,,,,NY,,,,0.0,,,,Withdrawn,,,,,,,,,,,
,,,,NY,,,,0.0,,,,Withdrawn,,,,,,,,,,,
,,,,NY,,,,0.0,,,,Withdrawn,,,,,,,,,,,
,,,,NY,,,,0.0,,,,Withdrawn,,,,,,,,,,,
,,,,NY,,,,0.0,,,,Withdrawn,,,,,,,,,,,
,,,,NY,,,,0.0,,,,Withdrawn,,,,,,,,,,,
,,,,NY,,,,0.0,,,,Withdrawn,,,,,,,,,,,
,,,,NY,,,,0.0,,,,Withdrawn,,,,,,,,,,,
,,,,NY,,,,0.0,,,,Withdrawn,,,,,,,,,,,
,,,,NY,,,,0.0,,,,Withdrawn,,,,,,,,,,,
,,,,NY,,,,0.0,,,,Withdrawn,,,,,,,,,,,
,,,,NY,,,,0.0,,,,Withdrawn,,,,,,,,,,,
,,,,NY,,,,0.0,,,,Withdrawn,,,,,,,,,,,
,,,,NY,,,,0.0,,,,Withdrawn,,,,,,,,,,,
,,,,NY,,,,0.0,,,,Withdrawn,,,,,,,,,,,
,,,,NY,,,,0.0,,,,Withdrawn,,,,,,,,,,,
,,,,NY,,,,0.0,,,,Withdrawn,,,,,,,,,,,
,,,,NY,,,,0.0,,,,Withdrawn,,,,,,,,,,,
,,,,NY,,,,0.0,,,,Withdrawn,,,,,,,,,,,
,,,,NY,,,,0.0,,,,Withdrawn,,,,,,,,,,,
,,,,NY,,,,0.0,,,,Withdrawn,,,,,,,,,,,
,,,,NY,,,,0.0,,,,Withdrawn,,,,,,,,,,,
,,,,NY,,,,0.0,,,,Withdrawn,,,,,,,,,,,
,,,,NY,,,,0.0,,,,Withdrawn,,,,,,,,,,,
,,,,NY,,,,0.0,,,,Withdrawn,,,,,,,,,,,
,,,,NY,,,,0.0,,,,Withdrawn,,,,,,,,,,,
,,,,NY,,,,0.0,,,,Withdrawn,,,,,,,,,,,
,,,,NY,,,,0.0,,,,Withdrawn,,,,,,,,,,,
,,,,NY,,,,0.0,,,,Withdrawn,,,,,,,,,,,
,,,,NY,,,,0.0,,,,Withdrawn,,,,,,,,,,,
,,,,NY,,,,0.0,,,,Withdrawn,,,,,,,,,,,
,,,,NY,,,,0.0,,,,Withdrawn,,,,,,,,,,,
,,,,NY,,,,0.0,,,,Withdrawn,,,,,,,,,,,
,,,,NY,,,,0.0,,,,Withdrawn,,,,,,,,,,,
,,,,NY,,,,0.0,,,,Withdrawn,,,,,,,,,,,
,,,,NY,,,,0.0,,,,Withdrawn,,,,,,,,,,,
,,,,NY,,,,0.0,,,,Withdrawn,,,,,,,,,,,
,,,,NY,,,,0.0,,,,Withdrawn,,,,,,,,,,,
,,,,NY,,,,0.0,,,,Withdrawn,,,,,,,,,,,
,,,,NY,,,,0.0,,,,Withdrawn,,,,,,,,,,,
,,,,NY,,,,0.0,,,,Withdrawn,,,,,,,,,,,
,,,,NY,,,,0.0,,,,Withdrawn,,,,,,,,,,,
,,,,NY,,,,0.0,,,,Withdrawn,,,,,,,,,,,
,,,,NY,,,,0.0,,,,Withdrawn,,,,,,,,,,,
,,,,NY,,,,0.0,,,,Withdrawn,,,,,,,,,,,
,,,,NY,,,,0.0,,,,Withdrawn,,,,,,,,,,,
,,,,NY,,,,0.0,,,,Withdrawn,,,,,,,,,,,
,,,,NY,,,,0.0,,,,Withdrawn,,,,,,,,,,,
,,,,NY,,,,0.0,,,,Withdrawn,,,,,,,,,,,
,,,,NY,,,,0.0,,,,Withdrawn,,,,,,,,,,,
,,,,NY,,,,0.0,,,,Withdrawn,,,,,,,,,,,
,,,,NY,,,,0.0,,,,Withdrawn,,,,,,,,,,,
,,,,NY,,,,0.0,,,,Withdrawn,,,,,,,,,,,
,,,,NY,,,,0.0,,,,Withdrawn,,,,,,,,,,,
,,,,NY,,,,0.0,,,,Withdrawn,,,,,,,,,,,
,,,,NY,,,,0.0,,,,Withdrawn,,,,,,,,,,,
,,,,NY,,,,0.0,,,,Withdrawn,,,,,,,,,,,
,,,,NY,,,,0.0,,,,Withdrawn,,,,,,,,,,,
,,,,NY,,,,0.0,,,,Withdrawn,,,,,,,,,,,
,,,,NY,,,,0.0,,,,Withdrawn,,,,,,,,,,,
,,,,NY,,,,0.0,,,,Withdrawn,,,,,,,,,,,
,,,,NY,,,,0.0,,,,Withdrawn,,,,,,,,,,,
,,,,NY,,,,0.0,,,,Withdrawn,,,,,,,,,,,
,,,,NY,,,,0.0,,,,Withdrawn,,,,,,,,,,,
,,,,NY,,,,0.0,,,,Withdrawn,,,,,,,,,,,
,,,,NY,,,,0.0,,,,Withdrawn,,,,,,,,,,,
,,,,NY,,,,0.0,,,,Withdrawn,,,,,,,,,,,
,,,,NY,,,,0.0,,,,Withdrawn,,,,,,,,,,,
,,,,NY,,,,0.0,,,,Withdrawn,,,,,,,,,,,
,,,,NY,,,,0.0,,,,Withdrawn,,,,,,,,,,,
,,,,NY,,,,0.0,,,,Withdrawn,,,,,,,,,,,
,,,,NY,,,,0.0,,,,Withdrawn,,,,,,,,,,,
,,,,NY,,,,0.0,,,,Withdrawn,,,,,,,,,,,
,,,,NY,,,,0.0,,,,Withdrawn,,,,,,,,,,,
,,,,NY,,,,0.0,,,,Withdrawn,,,,,,,,,,,
,,,,NY,,,,0.0,,,,Withdrawn,,,,,,,,,,,
,,,,NY,,,,0.0,,,,Withdrawn,,,,,,,,,,,
,,,,NY,,,,0.0,,,,Withdrawn,,,,,,,,,,,
,,,,NY,,,,0.0,,,,Withdrawn,,,,,,,,,,,
,,,,NY,,,,0.0,,,,Withdrawn,,,,,,,,,,,
,,,,NY,,,,0.0,,,,Withdrawn,,,,,,,,,,,
,,,,NY,,,,0.0,,,,Withdrawn,,,,,,,,,,,
,,,,NY,,,,0.0,,,,Withdrawn,,,,,,,,,,,
,,,,NY,,,,0.0,,,,Withdrawn,,,,,,,,,,,
,,,,NY,,,,0.0,,,,Withdrawn,,,,,,,,,,,
,,,,NY,,,,0.0,,,,Withdrawn,,,,,,,,,,,
,,,,NY,,,,0.0,,,,Withdrawn,,,,,,,,,,,
,,,,NY,,,,0.0,,,,Withdrawn,,,,,,,,,,,
,,,,NY,,,,0.0,,,,Withdrawn,,,,,,,,,,,
,,,,NY,,,,0.0,,,,Withdrawn,,,,,,,,,,,
,,,,NY,,,,0.0,,,,Withdrawn,,,,,,,,,,,
,,,,NY,,,,0.0,,,,Withdrawn,,,,,,,,,,,
,,,,NY,,,,0.0,,,,Withdrawn,,,,,,,,,,,
,,,,NY,,,,0.0,,,,Withdrawn,,,,,,,,,,,
,,,,NY,,,,0.0,,,,Withdrawn,,,,,,,,,,,
,,,,NY,,,,0.0,,,,Withdrawn,,,,,,,,,,,
,,,,NY,,,,0.0,,,,Withdrawn,,,,,,,,,,,
,,,,NY,,,,0.0,,,,Withdrawn,,,,,,,,,,,
,,,,NY,,,,0.0,,,,Withdrawn,,,,,,,,,,,
,,,,NY,,,,0.0,,,,Withdrawn,,,,,,,,,,,
,,,,NY,,,,0.0,,,,Withdrawn,,,,,,,,,,,
,,,,NY,,,,0.0,,,,Withdrawn,,,,,,,,,,,
,,,,NY,,,,0.0,,,,Withdrawn,,,,,,,,,,,
,,,,NY,,,,0.0,,,,Withdrawn,,,,,,,,,,,
,,,,NY,,,,0.0,,,,Withdrawn,,,,,,,,,,,
,,,,NY,,,,0.0,,,,Withdrawn,,,,,,,,,,,
,,,,NY,,,,0.0,,,,Withdrawn,,,,,,,,,,,
,,,,NY,,,,0.0,,,,Withdrawn,,,,,,,,,,,
,,,,NY,,,,0.0,,,,Withdrawn,,,,,,,,,,,
,,,,NY,,,,0.0,,,,Withdrawn,,,,,,,,,,,
,,,,NY,,,,0.0,,,,Withdrawn,,,,,,,,,,,
,,,,NY,,,,0.0,,,,Withdrawn,,,,,,,,,,,
,,,,NY,,,,0.0,,,,Withdrawn,,,,,,,,,,,
,,,,NY,,,,0.0,,,,Withdrawn,,,,,,,,,,,
,,,,NY,,,,0.0,,,,Withdrawn,,,,,,,,,,,
,,,,NY,,,,0.0,,,,Withdrawn,,,,,,,,,,,
,,,,NY,,,,0.0,,,,Withdrawn,,,,,,,,,,,
,,,,NY,,,,0.0,,,,Withdrawn,,,,,,,,,,,
,,,,NY,,,,0.0,,,,Withdrawn,,,,,,,,,,,
,,,,NY,,,,0.0,,,,Withdrawn,,,,,,,,,,,
,,,,NY,,,,0.0,,,,Withdrawn,,,,,,,,,,,
,,,,NY,,,,0.0,,,,Withdrawn,,,,,,,,,,,
,,,,NY,,,,0.0,,,,Withdrawn,,,,,,,,,,,
,,,,NY,,,,0.0,,,,Withdrawn,,,,,,,,,,,
,,,,NY,,,,0.0,,,,Withdrawn,,,,,,,,,,,
,,,,NY,,,,0.0,,,,Withdrawn,,,,,,,,,,,
,,,,NY,,,,0.0,,,,Withdrawn,,,,,,,,,,,
,,,,NY,,,,0.0,,,,Withdrawn,,,,,,,,,,,
,,,,NY,,,,0.0,,,,Withdrawn,,,,,,,,,,,
,,,,NY,,,,0.0,,,,Withdrawn,,,,,,,,,,,
,,,,NY,,,,0.0,,,,Withdrawn,,,,,,,,,,,
,,,,NY,,,,0.0,,,,Withdrawn,,,,,,,,,,,
,,,,NY,,,,0.0,,,,Withdrawn,,,,,,,,,,,
,,,,NY,,,,0.0,,,,Withdrawn,,,,,,,,,,,
,,,,NY,,,,0.0,,,,Withdrawn,,,,,,,,,,,
,,,,NY,,,,0.0,,,,Withdrawn,,,,,,,,,,,
,,,,NY,,,,0.0,,,,Withdrawn,,,,,,,,,,,
,,,,NY,,,,0.0,,,,Withdrawn,,,,,,,,,,,
,,,,NY,,,,0.0,,,,Withdrawn,,,,,,,,,,,
,,,,NY,,,,0.0,,,,Withdrawn,,,,,,,,,,,
,,,,NY,,,,0.0,,,,Withdrawn,,,,,,,,,,,
,,,,NY,,,,0.0,,,,Withdrawn,,,,,,,,,,,
,,,,NY,,,,0.0,,,,Withdrawn,,,,,,,,,,,
,,,,NY,,,,0.0,,,,Withdrawn,,,,,,,,,,,
,,,,NY,,,,0.0,,,,Withdrawn,,,,,,,,,,,
,,,,NY,,,,0.0,,,,Withdrawn,,,,,,,,,,,
,,,,NY,,,,0.0,,,,Withdrawn,,,,,,,,,,,
,,,,NY,,,,0.0,,,,Withdrawn,,,,,,,,,,,
,,,,NY,,,,0.0,,,,Withdrawn,,,,,,,,,,,
,,,,NY,,,,0.0,,,,Withdrawn,,,,,,,,,,,
,,,,NY,,,,0.0,,,,Withdrawn,,,,,,,,,,,
,,,,NY,,,,0.0,,,,Withdrawn,,,,,,,,,,,
,,,,NY,,,,0.0,,,,Withdrawn,,,,,,,,,,,
,,,,NY,,,,0.0,,,,Withdrawn,,,,,,,,,,,
,,,,NY,,,,0.0,,,,Withdrawn,,,,,,,,,,,
,,,,NY,,,,0.0,,,,Withdrawn,,,,,,,,,,,
,,,,NY,,,,0.0,,,,Withdrawn,,,,,,,,,,,
,,,,NY,,,,0.0,,,,Withdrawn,,,,,,,,,,,
,,,,NY,,,,0.0,,,,Withdrawn,,,,,,,,,,,
,,,,NY,,,,0.0,,,,Withdrawn,,,,,,,,,,,
,,,,NY,,,,0.0,,,,Withdrawn,,,,,,,,,,,
,,,,NY,,,,0.0,,,,Withdrawn,,,,,,,,,,,
,,,,NY,,,,0.0,,,,Withdrawn,,,,,,,,,,,
,,,,NY,,,,0.0,,,,Withdrawn,,,,,,,,,,,
,,,,NY,,,,0.0,,,,Withdrawn,,,,,,,,,,,
,,,,NY,,,,0.0,,,,Withdrawn,,,,,,,,,,,
,,,,NY,,,,0.0,,,,Withdrawn,,,,,,,,,,,
,,,,NY,,,,0.0,,,,Withdrawn,,,,,,,,,,,
,,,,NY,,,,0.0,,,,Withdrawn,,,,,,,,,,,
,,,,NY,,,,0.0,,,,Withdrawn,,,,,,,,,,,
,,,,NY,,,,0.0,,,,Withdrawn,,,,,,,,,,,
,,,,NY,,,,0.0,,,,Withdrawn,,,,,,,,,,,
,,,,NY,,,,0.0,,,,Withdrawn,,,,,,,,,,,
,,,,NY,,,,0.0,,,,Withdrawn,,,,,,,,,,,
,,,,NY,,,,0.0,,,,Withdrawn,,,,,,,,,,,
,,,,NY,,,,0.0,,,,Withdrawn,,,,,,,,,,,
,,,,NY,,,,0.0,,,,Withdrawn,,,,,,,,,,,
,,,,NY,,,,0.0,,,,Withdrawn,,,,,,,,,,,
,,,,NY,,,,0.0,,,,Withdrawn,,,,,,,,,,,
,,,,NY,,,,0.0,,,,Withdrawn,,,,,,,,,,,
,,,,NY,,,,0.0,,,,Withdrawn,,,,,,,,,,,
,,,,NY,,,,0.0,,,,Withdrawn,,,,,,,,,,,
,,,,NY,,,,0.0,,,,Withdrawn,,,,,,,,,,,
,,,,NY,,,,0.0,,,,Withdrawn,,,,,,,,,,,
,,,,NY,,,,0.0,,,,Withdrawn,,,,,,,,,,,
,,,,NY,,,,0.0,,,,Withdrawn,,,,,,,,,,,
,,,,NY,,,,0.0,,,,Withdrawn,,,,,,,,,,,
,,,,NY,,,,0.0,,,,Withdrawn,,,,,,,,,,,
,,,,NY,,,,0.0,,,,Withdrawn,,,,,,,,,,,
,,,,NY,,,,0.0,,,,Withdrawn,,,,,,,,,,,
,,,,NY,,,,0.0,,,,Withdrawn,,,,,,,,,,,
,,,,NY,,,,0.0,,,,Withdrawn,,,,,,,,,,,
,,,,NY,,,,0.0,,,,Withdrawn,,,,,,,,,,,
,,,,NY,,,,0.0,,,,Withdrawn,,,,,,,,,,,
,,,,NY,,,,0.0,,,,Withdrawn,,,,,,,,,,,
,,,,NY,,,,0.0,,,,Withdrawn,,,,,,,,,,,
,,,,NY,,,,0.0,,,,Withdrawn,,,,,,,,,,,
,,,,NY,,,,0.0,,,,Withdrawn,,,,,,,,,,,
,,,,NY,,,,0.0,,,,Withdrawn,,,,,,,,,,,
,,,,NY,,,,0.0,,,,Withdrawn,,,,,,,,,,,
,,,,NY,,,,0.0,,,,Withdrawn,,,,,,,,,,,
,,,,NY,,,,0.0,,,,Withdrawn,,,,,,,,,,,
,,,,NY,,,,0.0,,,,Withdrawn,,,,,,,,,,,
,,,,NY,,,,0.0,,,,Withdrawn,,,,,,,,,,,
,,,,NY,,,,0.0,,,,Withdrawn,,,,,,,,,,,
,,,,NY,,,,0.0,,,,Withdrawn,,,,,,,,,,,
,,,,NY,,,,0.0,,,,Withdrawn,,,,,,,,,,,
,,,,NY,,,,0.0,,,,Withdrawn,,,,,,,,,,,
,,,,NY,,,,0.0,,,,Withdrawn,,,,,,,,,,,
,,,,NY,,,,0.0,,,,Withdrawn,,,,,,,,,,,
,,,,NY,,,,0.0,,,,Withdrawn,,,,,,,,,,,
,,,,NY,,,,0.0,,,,Withdrawn,,,,,,,,,,,
,,,,NY,,,,0.0,,,,Withdrawn,,,,,,,,,,,
,,,,NY,,,,0.0,,,,Withdrawn,,,,,,,,,,,
,,,,NY,,,,0.0,,,,Withdrawn,,,,,,,,,,,
,,,,NY,,,,0.0,,,,Withdrawn,,,,,,,,,,,
,,,,NY,,,,0.0,,,,Withdrawn,,,,,,,,,,,
,,,,NY,,,,0.0,,,,Withdrawn,,,,,,,,,,,
,,,,NY,,,,0.0,,,,Withdrawn,,,,,,,,,,,
,,,,NY,,,,0.0,,,,Withdrawn,,,,,,,,,,,
,,,,NY,,,,0.0,,,,Withdrawn,,,,,,,,,,,
,,,,NY,,,,0.0,,,,Withdrawn,,,,,,,,,,,
,,,,NY,,,,0.0,,,,Withdrawn,,,,,,,,,,,
,,,,NY,,,,0.0,,,,Withdrawn,,,,,,,,,,,
,,,,NY,,,,0.0,,,,Withdrawn,,,,,,,,,,,
,,,,NY,,,,0.0,,,,Withdrawn,,,,,,,,,,,
,,,,NY,,,,0.0,,,,Withdrawn,,,,,,,,,,,
,,,,NY,,,,0.0,,,,Withdrawn,,,,,,,,,,,
,,,,NY,,,,0.0,,,,Withdrawn,,,,,,,,,,,
,,,,NY,,,,0.0,,,,Withdrawn,,,,,,,,,,,
,,,,NY,,,,0.0,,,,Withdrawn,,,,,,,,,,,
,,,,NY,,,,0.0,,,,Withdrawn,,,,,,,,,,,
,,,,NY,,,,0.0,,,,Withdrawn,,,,,,,,,,,
,,,,NY,,,,0.0,,,,Withdrawn,,,,,,,,,,,
,,,,NY,,,,0.0,,,,Withdrawn,,,,,,,,,,,
,,,,NY,,,,0.0,,,,Withdrawn,,,,,,,,,,,
,,,,NY,,,,0.0,,,,Withdrawn,,,,,,,,,,,
,,,,NY,,,,0.0,,,,Withdrawn,,,,,,,,,,,
,,,,NY,,,,0.0,,,,Withdrawn,,,,,,,,,,,
,,,,NY,,,,0.0,,,,Withdrawn,,,,,,,,,,,
,,,,NY,,,,0.0,,,,Withdrawn,,,,,,,,,,,
,,,,NY,,,,0.0,,,,Withdrawn,,,,,,,,,,,
,,,,NY,,,,0.0,,,,Withdrawn,,,,,,,,,,,
,,,,NY,,,,0.0,,,,Withdrawn,,,,,,,,,,,
,,,,NY,,,,0.0,,,,Withdrawn,,,,,,,,,,,
,,,,NY,,,,0.0,,,,Withdrawn,,,,,,,,,,,
,,,,NY,,,,0.0,,,,Withdrawn,,,,,,,,,,,
,,,,NY,,,,0.0,,,,Withdrawn,,,,,,,,,,,
,,,,NY,,,,0.0,,,,Withdrawn,,,,,,,,,,,
,,,,NY,,,,0.0,,,,Withdrawn,,,,,,,,,,,
,,,,NY,,,,0.0,,,,Withdrawn,,,,,,,,,,,
,,,,NY,,,,0.0,,,,Withdrawn,,,,,,,,,,,
,,,,NY,,,,0.0,,,,Withdrawn,,,,,,,,,,,
,,,,NY,,,,0.0,,,,Withdrawn,,,,,,,,,,,
,,,,NY,,,,0.0,,,,Withdrawn,,,,,,,,,,,
,,,,NY,,,,0.0,,,,Withdrawn,,,,,,,,,,,
,,,,NY,,,,0.0,,,,Withdrawn,,,,,,,,,,,
,,,,NY,,,,0.0,,,,Withdrawn,,,,,,,,,,,
,,,,NY,,,,0.0,,,,Withdrawn,,,,,,,,,,,
,,,,NY,,,,0.0,,,,Withdrawn,,,,,,,,,,,
,,,,NY,,,,0.0,,,,Withdrawn,,,,,,,,,,,
,,,,NY,,,,0.0,,,,Withdrawn,,,,,,,,,,,
,,,,NY,,,,0.0,,,,Withdrawn,,,,,,,,,,,
,,,,NY,,,,0.0,,,,Withdrawn,,,,,,,,,,,
,,,,NY,,,,0.0,,,,Withdrawn,,,,,,,,,,,
,,,,NY,,,,0.0,,,,Withdrawn,,,,,,,,,,,
,,,,NY,,,,0.0,,,,Withdrawn,,,,,,,,,,,
,,,,NY,,,,0.0,,,,Withdrawn,,,,,,,,,,,
,,,,NY,,,,0.0,,,,Withdrawn,,,,,,,,,,,
,,,,NY,,,,0.0,,,,Withdrawn,,,,,,,,,,,
,,,,NY,,,,0.0,,,,Withdrawn,,,,,,,,,,,
,,,,NY,,,,0.0,,,,Withdrawn,,,,,,,,,,,
,,,,NY,,,,0.0,,,,Withdrawn,,,,,,,,,,,
,,,,NY,,,,0.0,,,,Withdrawn,,,,,,,,,,,
,,,,NY,,,,0.0,,,,Withdrawn,,,,,,,,,,,
,,,,NY,,,,0.0,,,,Withdrawn,,,,,,,,,,,
,,,,NY,,,,0.0,,,,Withdrawn,,,,,,,,,,,
,,,,NY,,,,0.0,,,,Withdrawn,,,,,,,,,,,
,,,,NY,,,,0.0,,,,Withdrawn,,,,,,,,,,,
,,,,NY,,,,0.0,,,,Withdrawn,,,,,,,,,,,
,,,,NY,,,,0.0,,,,Withdrawn,,,,,,,,,,,
,,,,NY,,,,0.0,,,,Withdrawn,,,,,,,,,,,
,,,,NY,,,,0.0,,,,Withdrawn,,,,,,,,,,,
,,,,NY,,,,0.0,,,,Withdrawn,,,,,,,,,,,
,,,,NY,,,,0.0,,,,Withdrawn,,,,,,,,,,,
,,,,NY,,,,0.0,,,,Withdrawn,,,,,,,,,,,
,,,,NY,,,,0.0,,,,Withdrawn,,,,,,,,,,,
,,,,NY,,,,0.0,,,,Withdrawn,,,,,,,,,,,
,,,,NY,,,,0.0,,,,Withdrawn,,,,,,,,,,,
,,,,NY,,,,0.0,,,,Withdrawn,,,,,,,,,,,
,,,,NY,,,,0.0,,,,Withdrawn,,,,,,,,,,,
,,,,NY,,,,0.0,,,,Withdrawn,,,,,,,,,,,
,,,,NY,,,,0.0,,,,Withdrawn,,,,,,,,,,,
,,,,NY,,,,0.0,,,,Withdrawn,,,,,,,,,,,
,,,,NY,,,,0.0,,,,Withdrawn,,,,,,,,,,,
,,,,NY,,,,0.0,,,,Withdrawn,,,,,,,,,,,
,,,,NY,,,,0.0,,,,Withdrawn,,,,,,,,,,,
,,,,NY,,,,0.0,,,,Withdrawn,,,,,,,,,,,
,,,,NY,,,,0.0,,,,Withdrawn,,,,,,,,,,,
,,,,NY,,,,0.0,,,,Withdrawn,,,,,,,,,,,
,,,,NY,,,,0.0,,,,Withdrawn,,,,,,,,,,,
,,,,NY,,,,0.0,,,,Withdrawn,,,,,,,,,,,
,,,,NY,,,,0.0,,,,Withdrawn,,,,,,,,,,,
,,,,NY,,,,0.0,,,,Withdrawn,,,,,,,,,,,
,,,,NY,,,,0.0,,,,Withdrawn,,,,,,,,,,,
,,,,NY,,,,0.0,,,,Withdrawn,,,,,,,,,,,
,,,,NY,,,,0.0,,,,Withdrawn,,,,,,,,,,,
,,,,NY,,,,0.0,,,,Withdrawn,,,,,,,,,,,
,,,,NY,,,,0.0,,,,Withdrawn,,,,,,,,,,,
,,,,NY,,,,0.0,,,,Withdrawn,,,,,,,,,,,
,,,,NY,,,,0.0,,,,Withdrawn,,,,,,,,,,,
,,,,NY,,,,0.0,,,,Withdrawn,,,,,,,,,,,
,,,,NY,,,,0.0,,,,Withdrawn,,,,,,,,,,,
,,,,NY,,,,0.0,,,,Withdrawn,,,,,,,,,,,
,,,,NY,,,,0.0,,,,Withdrawn,,,,,,,,,,,
,,,,NY,,,,0.0,,,,Withdrawn,,,,,,,,,,,
,,,,NY,,,,0.0,,,,Withdrawn,,,,,,,,,,,
,,,,NY,,,,0.0,,,,Withdrawn,,,,,,,,,,,
,,,,NY,,,,0.0,,,,Withdrawn,,,,,,,,,,,
,,,,NY,,,,0.0,,,,Withdrawn,,,,,,,,,,,
,,,,NY,,,,0.0,,,,Withdrawn,,,,,,,,,,,
,,,,NY,,,,0.0,,,,Withdrawn,,,,,,,,,,,
,,,,NY,,,,0.0,,,,Withdrawn,,,,,,,,,,,
,,,,NY,,,,0.0,,,,Withdrawn,,,,,,,,,,,
,,,,NY,,,,0.0,,,,Withdrawn,,,,,,,,,,,
,,,,NY,,,,0.0,,,,Withdrawn,,,,,,,,,,,
,,,,NY,,,,0.0,,,,Withdrawn,,,,,,,,,,,
,,,,NY,,,,0.0,,,,Withdrawn,,,,,,,,,,,
,,,,NY,,,,0.0,,,,Withdrawn,,,,,,,,,,,
,,,,NY,,,,0.0,,,,Withdrawn,,,,,,,,,,,
,,,,NY,,,,0.0,,,,Withdrawn,,,,,,,,,,,
,,,,NY,,,,0.0,,,,Withdrawn,,,,,,,,,,,
,,,,NY,,,,0.0,,,,Withdrawn,,,,,,,,,,,
,,,,NY,,,,0.0,,,,Withdrawn,,,,,,,,,,,
,,,,NY,,,,0.0,,,,Withdrawn,,,,,,,,,,,
,,,,NY,,,,0.0,,,,Withdrawn,,,,,,,,,,,
,,,,NY,,,,0.0,,,,Withdrawn,,,,,,,,,,,
,,,,NY,,,,0.0,,,,Withdrawn,,,,,,,,,,,
,,,,NY,,,,0.0,,,,Withdrawn,,,,,,,,,,,
,,,,NY,,,,0.0,,,,Withdrawn,,,,,,,,,,,
,,,,NY,,,,0.0,,,,Withdrawn,,,,,,,,,,,
,,,,NY,,,,0.0,,,,Withdrawn,,,,,,,,,,,
,,,,NY,,,,0.0,,,,Withdrawn,,,,,,,,,,,
,,,,NY,,,,0.0,,,,Withdrawn,,,,,,,,,,,
,,,,NY,,,,0.0,,,,Withdrawn,,,,,,,,,,,
,,,,NY,,,,0.0,,,,Withdrawn,,,,,,,,,,,
,,,,NY,,,,0.0,,,,Withdrawn,,,,,,,,,,,
,,,,NY,,,,0.0,,,,Withdrawn,,,,,,,,,,,
,,,,NY,,,,0.0,,,,Withdrawn,,,,,,,,,,,
,,,,NY,,,,0.0,,,,Withdrawn,,,,,,,,,,,
,,,,NY,,,,0.0,,,,Withdrawn,,,,,,,,,,,
,,,,NY,,,,0.0,,,,Withdrawn,,,,,,,,,,,
,,,,NY,,,,0.0,,,,Withdrawn,,,,,,,,,,,
,,,,NY,,,,0.0,,,,Withdrawn,,,,,,,,,,,
,,,,NY,,,,0.0,,,,Withdrawn,,,,,,,,,,,
,,,,NY,,,,0.0,,,,Withdrawn,,,,,,,,,,,
,,,,NY,,,,0.0,,,,Withdrawn,,,,,,,,,,,
,,,,NY,,,,0.0,,,,Withdrawn,,,,,,,,,,,
,,,,NY,,,,0.0,,,,Withdrawn,,,,,,,,,,,
,,,,NY,,,,0.0,,,,Withdrawn,,,,,,,,,,,
,,,,NY,,,,0.0,,,,Withdrawn,,,,,,,,,,,
,,,,NY,,,,0.0,,,,Withdrawn,,,,,,,,,,,
,,,,NY,,,,0.0,,,,Withdrawn,,,,,,,,,,,
,,,,NY,,,,0.0,,,,Withdrawn,,,,,,,,,,,
,,,,NY,,,,0.0,,,,Withdrawn,,,,,,,,,,,
,,,,NY,,,,0.0,,,,Withdrawn,,,,,,,,,,,
,,,,NY,,,,0.0,,,,Withdrawn,,,,,,,,,,,
,,,,NY,,,,0.0,,,,Withdrawn,,,,,,,,,,,
,,,,NY,,,,0.0,,,,Withdrawn,,,,,,,,,,,
,,,,NY,,,,0.0,,,,Withdrawn,,,,,,,,,,,
,,,,NY,,,,0.0,,,,Withdrawn,,,,,,,,,,,
,,,,NY,,,,0.0,,,,Withdrawn,,,,,,,,,,,
,,,,NY,,,,0.0,,,,Withdrawn,,,,,,,,,,,
,,,,NY,,,,0.0,,,,Withdrawn,,,,,,,,,,,
,,,,NY,,,,0.0,,,,Withdrawn,,,,,,,,,,,
,,,,NY,,,,0.0,,,,Withdrawn,,,,,,,,,,,
,,,,NY,,,,0.0,,,,Withdrawn,,,,,,,,,,,
,,,,NY,,,,0.0,,,,Withdrawn,,,,,,,,,,,
,,,,NY,,,,0.0,,,,Withdrawn,,,,,,,,,,,
,,,,NY,,,,0.0,,,,Withdrawn,,,,,,,,,,,
,,,,NY,,,,0.0,,,,Withdrawn,,,,,,,,,,,
,,,,NY,,,,0.0,,,,Withdrawn,,,,,,,,,,,
,,,,NY,,,,0.0,,,,Withdrawn,,,,,,,,,,,
,,,,NY,,,,0.0,,,,Withdrawn,,,,,,,,,,,
,,,,NY,,,,0.0,,,,Withdrawn,,,,,,,,,,,
,,,,NY,,,,0.0,,,,Withdrawn,,,,,,,,,,,
,,,,NY,,,,0.0,,,,Withdrawn,,,,,,,,,,,
,,,,NY,,,,0.0,,,,Withdrawn,,,,,,,,,,,
,,,,NY,,,,0.0,,,,Withdrawn,,,,,,,,,,,
,,,,NY,,,,0.0,,,,Withdrawn,,,,,,,,,,,
,,,,NY,,,,0.0,,,,Withdrawn,,,,,,,,,,,
,,,,NY,,,,0.0,,,,Withdrawn,,,,,,,,,,,
,,,,NY,,,,0.0,,,,Withdrawn,,,,,,,,,,,
,,,,NY,,,,0.0,,,,Withdrawn,,,,,,,,,,,
,,,,NY,,,,0.0,,,,Withdrawn,,,,,,,,,,,
,,,,NY,,,,0.0,,,,Withdrawn,,,,,,,,,,,
,,,,NY,,,,0.0,,,,Withdrawn,,,,,,,,,,,
,,,,NY,,,,0.0,,,,Withdrawn,,,,,,,,,,,
,,,,NY,,,,0.0,,,,Withdrawn,,,,,,,,,,,
,,,,NY,,,,0.0,,,,Withdrawn,,,,,,,,,,,
,,,,NY,,,,0.0,,,,Withdrawn,,,,,,,,,,,
,,,,NY,,,,0.0,,,,Withdrawn,,,,,,,,,,,
,,,,NY,,,,0.0,,,,Withdrawn,,,,,,,,,,,
,,,,NY,,,,0.0,,,,Withdrawn,,,,,,,,,,,
,,,,NY,,,,0.0,,,,Withdrawn,,,,,,,,,,,
,,,,NY,,,,0.0,,,,Withdrawn,,,,,,,,,,,
,,,,NY,,,,0.0,,,,Withdrawn,,,,,,,,,,,
,,,,NY,,,,0.0,,,,Withdrawn,,,,,,,,,,,
,,,,NY,,,,0.0,,,,Withdrawn,,,,,,,,,,,
,,,,NY,,,,0.0,,,,Withdrawn,,,,,,,,,,,
,,,,NY,,,,0.0,,,,Withdrawn,,,,,,,,,,,
,,,,NY,,,,0.0,,,,Withdrawn,,,,,,,,,,,
,,,,NY,,,,0.0,,,,Withdrawn,,,,,,,,,,,
,,,,NY,,,,0.0,,,,Withdrawn,,,,,,,,,,,
,,,,NY,,,,0.0,,,,Withdrawn,,,,,,,,,,,
,,,,NY,,,,0.0,,,,Withdrawn,,,,,,,,,,,
,,,,NY,,,,0.0,,,,Withdrawn,,,,,,,,,,,
,,,,NY,,,,0.0,,,,Withdrawn,,,,,,,,,,,
,,,,NY,,,,0.0,,,,Withdrawn,,,,,,,,,,,
,,,,NY,,,,0.0,,,,Withdrawn,,,,,,,,,,,
,,,,NY,,,,0.0,,,,Withdrawn,,,,,,,,,,,
,,,,NY,,,,0.0,,,,Withdrawn,,,,,,,,,,,
,,,,NY,,,,0.0,,,,Withdrawn,,,,,,,,,,,
,,,,NY,,,,0.0,,,,Withdrawn,,,,,,,,,,,
,,,,NY,,,,0.0,,,,Withdrawn,,,,,,,,,,,
,,,,NY,,,,0.0,,,,Withdrawn,,,,,,,,,,,
,,,,NY,,,,0.0,,,,Withdrawn,,,,,,,,,,,
,,,,NY,,,,0.0,,,,Withdrawn,,,,,,,,,,,
,,,,NY,,,,0.0,,,,Withdrawn,,,,,,,,,,,
,,,,NY,,,,0.0,,,,Withdrawn,,,,,,,,,,,
,,,,NY,,,,0.0,,,,Withdrawn,,,,,,,,,,,
,,,,NY,,,,0.0,,,,Withdrawn,,,,,,,,,,,
,,,,,,,,0.0,,,,Withdrawn,,,,,,,,,,,
,,,,,,,,0.0,,,,Withdrawn,,,,,,,,,,,
,,,,,,,,0.0,,,,Withdrawn,,,,,,,,,,,
,,,,,,,,0.0,,,,Withdrawn,,,,,,,,,,,
,,,,,,,,0.0,,,,Withdrawn,,,,,,,,,,,
,,,,,,,,0.0,,,,Withdrawn,,,,,,,,,,,
,,,,,,,,0.0,,,,Withdrawn,,,,,,,,,,,
,,,,,,,,0.0,,,,Withdrawn,,,,,,,,,,,
,,,,,,,,0.0,,,,Withdrawn,,,,,,,,,,,
,,,,,,,,0.0,,,,Withdrawn,,,,,,,,,,,
,,,,,,,,0.0,,,,Withdrawn,,,,,,,,,,,
,,,,,,,,0.0,,,,Withdrawn,,,,,,,,,,,
,,,,,,,,0.0,,,,Withdrawn,,,,,,,,,,,
,,,,,,,,0.0,,,,Withdrawn,,,,,,,,,,,
,,,,,,,,0.0,,,,Withdrawn,,,,,,,,,,,
,,,,,,,,0.0,,,,Withdrawn,,,,,,,,,,,
,,,,,,,,0.0,,,,Withdrawn,,,,,,,,,,,
,,,,,,,,0.0,,,,Withdrawn,,,,,,,,,,,
,,,,,,,,0.0,,,,Withdrawn,,,,,,,,,,,
,,,,,,,,0.0,,,,Withdrawn,,,,,,,,,,,
,,,,,,,,0.0,,,,Withdrawn,,,,,,,,,,,
,,,,,,,,0.0,,,,Withdrawn,,,,,,,,,,,
,,,,,,,,0.0,,,,Withdrawn,,,,,,,,,,,
,,,,,,,,0.0,,,,Withdrawn,,,,,,,,,,,
,,,,,,,,0.0,,,,Withdrawn,,,,,,,,,,,
,,,,,,,,0.0,,,,Withdrawn,,,,,,,,,,,
,,,,,,,,0.0,,,,Withdrawn,,,,,,,,,,,
,,,,,,,,0.0,,,,Withdrawn,,,,,,,,,,,
,,,,,,,,0.0,,,,Withdrawn,,,,,,,,,,,
,,,,,,,,0.0,,,,Withdrawn,,,,,,,,,,,
,,,,,,,,0.0,,,,Withdrawn,,,,,,,,,,,
,,,,,,,,0.0,,,,Withdrawn,,,,,,,,,,,
,,,,,,,,0.0,,,,Withdrawn,,,,,,,,,,,
,,,,,,,,0.0,,,,Withdrawn,,,,,,,,,,,
,,,,,,,,0.0,,,,Withdrawn,,,,,,,,,,,
,,,,,,,,0.0,,,,Withdrawn,,,,,,,,,,,
,,,,,,,,0.0,,,,Withdrawn,,,,,,,,,,,
,,,,,,,,0.0,,,,Withdrawn,,,,,,,,,,,
,,,,,,,,0.0,,,,Withdrawn,,,,,,,,,,,
,,,,,,,,0.0,,,,Withdrawn,,,,,,,,,,,
,,,,,,,,0.0,,,,Withdrawn,,,,,,,,,,,
,,,,,,,,0.0,,,,Withdrawn,,,,,,,,,,,
,,,,,,,,0.0,,,,Withdrawn,,,,,,,,,,,
,,,,,,,,0.0,,,,Withdrawn,,,,,,,,,,,
,,,,,,,,0.0,,,,Withdrawn,,,,,,,,,,,
,,,,,,,,0.0,,,,Withdrawn,,,,,,,,,,,
,,,,,,,,0.0,,,,Withdrawn,,,,,,,,,,,
,,,,,,,,0.0,,,,Withdrawn,,,,,,,,,,,
,,,,,,,,0.0,,,,Withdrawn,,,,,,,,,,,
,,,,,,,,0.0,,,,Withdrawn,,,,,,,,,,,
,,,,,,,,0.0,,,,Withdrawn,,,,,,,,,,,
,,,,,,,,0.0,,,,Withdrawn,,,,,,,,,,,
,,,,,,,,0.0,,,,Withdrawn,,,,,,,,,,,
,,,,,,,,0.0,,,,Withdrawn,,,,,,,,,,,
,,,,,,,,0.0,,,,Withdrawn,,,,,,,,,,,
,,,,,,,,0.0,,,,Withdrawn,,,,,,,,,,,
,,,,,,,,0.0,,,,Withdrawn,,,,,,,,,,,
,,,,,,,,0.0,,,,Withdrawn,,,,,,,,,,,
,,,,,,,,0.0,,,,Withdrawn,,,,,,,,,,,
,,,,,,,,0.0,,,,Withdrawn,,,,,,,,,,,
,,,,,,,,0.0,,,,Withdrawn,,,,,,,,,,,
,,,,,,,,0.0,,,,Withdrawn,,,,,,,,,,,
,,,,,,,,0.0,,,,Withdrawn,,,,,,,,,,,
,,,,,,,,0.0,,,,Withdrawn,,,,,,,,,,,
,,,,,,,,0.0,,,,Withdrawn,,,,,,,,,,,
,,,,,,,,0.0,,,,Withdrawn,,,,,,,,,,,
,,,,,,,,0.0,,,,Withdrawn,,,,,,,,,,,
,,,,,,,,0.0,,,,Withdrawn,,,,,,,,,,,
,,,,,,,,0.0,,,,Withdrawn,,,,,,,,,,,
,,,,,,,,0.0,,,,Withdrawn,,,,,,,,,,,
,,,,,,,,0.0,,,,Withdrawn,,,,,,,,,,,
,,,,,,,,0.0,,,,Withdrawn,,,,,,,,,,,
,,,,,,,,0.0,,,,Withdrawn,,,,,,,,,,,
,,,,,,,,0.0,,,,Withdrawn,,,,,,,,,,,
,,,,,,,,0.0,,,,Withdrawn,,,,,,,,,,,
,,,,,,,,0.0,,,,Withdrawn,,,,,,,,,,,
,,,,,,,,0.0,,,,Withdrawn,,,,,,,,,,,
,,,,,,,,0.0,,,,Withdrawn,,,,,,,,,,,
,,,,,,,,0.0,,,,Withdrawn,,,,,,,,,,,
,,,,,,,,0.0,,,,Withdrawn,,,,,,,,,,,
,,,,,,,,0.0,,,,Withdrawn,,,,,,,,,,,
,,,,,,,,0.0,,,,Withdrawn,,,,,,,,,,,
,,,,,,,,0.0,,,,Withdrawn,,,,,,,,,,,
,,,,,,,,0.0,,,,Withdrawn,,,,,,,,,,,
,,,,,,,,0.0,,,,Withdrawn,,,,,,,,,,,
,,,,,,,,0.0,,,,Withdrawn,,,,,,,,,,,
,,,,,,,,0.0,,,,Withdrawn,,,,,,,,,,,
,,,,,,,,0.0,,,,Withdrawn,,,,,,,,,,,
,,,,,,,,0.0,,,,Withdrawn,,,,,,,,,,,
,,,,,,,,0.0,,,,Withdrawn,,,,,,,,,,,
,,,,,,,,0.0,,,,Withdrawn,,,,,,,,,,,
,,,,,,,,0.0,,,,Withdrawn,,,,,,,,,,,
,,,,,,,,0.0,,,,Withdrawn,,,,,,,,,,,
,,,,,,,,0.0,,,,Withdrawn,,,,,,,,,,,
,,,,,,,,0.0,,,,Withdrawn,,,,,,,,,,,
,,,,,,,,0.0,,,,Withdrawn,,,,,,,,,,,
,,,,,,,,0.0,,,,Withdrawn,,,,,,,,,,,
,,,,,,,,0.0,,,,Withdrawn,,,,,,,,,,,
,,,,,,,,0.0,,,,Withdrawn,,,,,,,,,,,
,,,,,,,,0.0,,,,Withdrawn,,,,,,,,,,,
,,,,,,,,0.0,,,,Withdrawn,,,,,,,,,,,
,,,,,,,,0.0,,,,Withdrawn,,,,,,,,,,,
,,,,,,,,0.0,,,,Withdrawn,,,,,,,,,,,
,,,,,,,,0.0,,,,Withdrawn,,,,,,,,,,,
,,,,,,,,0.0,,,,Withdrawn,,,,,,,,,,,
,,,,,,,,0.0,,,,Withdrawn,,,,,,,,,,,
,,,,,,,,0.0,,,,Withdrawn,,,,,,,,,,,
,,,,,,,,0.0,,,,Withdrawn,,,,,,,,,,,
,,,,,,,,0.0,,,,Withdrawn,,,,,,,,,,,
,,,,,,,,0.0,,,,Withdrawn,,,,,,,,,,,
,,,,,,,,0.0,,,,Withdrawn,,,,,,,,,,,
,,,,,,,,0.0,,,,Withdrawn,,,,,,,,,,,
,,,,,,,,0.0,,,,Withdrawn,,,,,,,,,,,
,,,,,,,,0.0,,,,Withdrawn,,,,,,,,,,,
,,,,,,,,0.0,,,,Withdrawn,,,,,,,,,,,
,,,,,,,,0.0,,,,Withdrawn,,,,,,,,,,,
,,,,,,,,0.0,,,,Withdrawn,,,,,,,,,,,
,,,,,,,,0.0,,,,Withdrawn,,,,,,,,,,,
,,,,,,,,0.0,,,,Withdrawn,,,,,,,,,,,
,,,,,,,,0.0,,,,Withdrawn,,,,,,,,,,,
,,,,,,,,0.0,,,,Withdrawn,,,,,,,,,,,
,,,,,,,,0.0,,,,Withdrawn,,,,,,,,,,,
,,,,,,,,0.0,,,,Withdrawn,,,,,,,,,,,
,,,,,,,,0.0,,,,Withdrawn,,,,,,,,,,,
,,,,,,,,0.0,,,,Withdrawn,,,,,,,,,,,
,,,,,,,,0.0,,,,Withdrawn,,,,,,,,,,,
,,,,,,,,0.0,,,,Withdrawn,,,,,,,,,,,
,,,,,,,,0.0,,,,Withdrawn,,,,,,,,,,,
,,,,,,,,0.0,,,,Withdrawn,,,,,,,,,,,
,,,,,,,,0.0,,,,Withdrawn,,,,,,,,,,,
,,,,,,,,0.0,,,,Withdrawn,,,,,,,,,,,
,,,,,,,,0.0,,,,Withdrawn,,,,,,,,,,,
,,,,,,,,0.0,,,,Withdrawn,,,,,,,,,,,
,,,,,,,,0.0,,,,Withdrawn,,,,,,,,,,,
,,,,,,,,0.0,,,,Withdrawn,,,,,,,,,,,
,,,,,,,,0.0,,,,Withdrawn,,,,,,,,,,,
,,,,,,,,0.0,,,,Withdrawn,,,,,,,,,,,
,,,,,,,,0.0,,,,Withdrawn,,,,,,,,,,,
,,,,,,,,0.0,,,,Withdrawn,,,,,,,,,,,
,,,,,,,,0.0,,,,Withdrawn,,,,,,,,,,,
,,,,,,,,0.0,,,,Withdrawn,,,,,,,,,,,
,,,,,,,,0.0,,,,Withdrawn,,,,,,,,,,,
,,,,,,,,0.0,,,,Withdrawn,,,,,,,,,,,
,,,,,,,,0.0,,,,Withdrawn,,,,,,,,,,,
,,,,,,,,0.0,,,,Withdrawn,,,,,,,,,,,
,,,,,,,,0.0,,,,Withdrawn,,,,,,,,,,,
,,,,,,,,0.0,,,,Withdrawn,,,,,,,,,,,
,,,,,,,,0.0,,,,Withdrawn,,,,,,,,,,,
,,,,,,,,0.0,,,,Withdrawn,,,,,,,,,,,
,,,,,,,,0.0,,,,Withdrawn,,,,,,,,,,,
,,,,,,,,0.0,,,,Withdrawn,,,,,,,,,,,
,,,,,,,,0.0,,,,Withdrawn,,,,,,,,,,,
,,,,,,,,0.0,,,,Withdrawn,,,,,,,,,,,
,,,,,,,,0.0,,,,Withdrawn,,,,,,,,,,,
,,,,,,,,0.0,,,,Withdrawn,,,,,,,,,,,
,,,,,,,,0.0,,,,Withdrawn,,,,,,,,,,,
,,,,,,,,0.0,,,,Withdrawn,,,,,,,,,,,
,,,,,,,,0.0,,,,Withdrawn,,,,,,,,,,,
,,,,,,,,0.0,,,,Withdrawn,,,,,,,,,,,
,,,,,,,,0.0,,,,Withdrawn,,,,,,,,,,,
,,,,,,,,0.0,,,,Withdrawn,,,,,,,,,,,
,,,,,,,,0.0,,,,Withdrawn,,,,,,,,,,,
,,,,,,,,0.0,,,,Withdrawn,,,,,,,,,,,
,,,,,,,,0.0,,,,Withdrawn,,,,,,,,,,,
,,,,,,,,0.0,,,,Withdrawn,,,,,,,,,,,
,,,,,,,,0.0,,,,Withdrawn,,,,,,,,,,,
,,,,,,,,0.0,,,,Withdrawn,,,,,,,,,,,
,,,,,,,,0.0,,,,Withdrawn,,,,,,,,,,,
,,,,,,,,0.0,,,,Withdrawn,,,,,,,,,,,
,,,,,,,,0.0,,,,Withdrawn,,,,,,,,,,,
,,,,,,,,0.0,,,,Withdrawn,,,,,,,,,,,
,,,,,,,,0.0,,,,Withdrawn,,,,,,,,,,,
,,,,,,,,0.0,,,,Withdrawn,,,,,,,,,,,
,,,,,,,,0.0,,,,Withdrawn,,,,,,,,,,,
,,,,,,,,0.0,,,,Withdrawn,,,,,,,,,,,
,,,,,,,,0.0,,,,Withdrawn,,,,,,,,,,,
,,,,,,,,0.0,,,,Withdrawn,,,,,,,,,,,
,,,,,,,,0.0,,,,Withdrawn,,,,,,,,,,,
,,,,,,,,0.0,,,,Withdrawn,,,,,,,,,,,
,,,,,,,,0.0,,,,Withdrawn,,,,,,,,,,,
,,,,,,,,0.0,,,,Withdrawn,,,,,,,,,,,
,,,,,,,,0.0,,,,Withdrawn,,,,,,,,,,,
,,,,,,,,0.0,,,,Withdrawn,,,,,,,,,,,
,,,,,,,,0.0,,,,Withdrawn,,,,,,,,,,,
,,,,,,,,0.0,,,,Withdrawn,,,,,,,,,,,
,,,,,,,,0.0,,,,Withdrawn,,,,,,,,,,,
,,,,,,,,0.0,,,,Withdrawn,,,,,,,,,,,
,,,,,,,,0.0,,,,Withdrawn,,,,,,,,,,,
,,,,,,,,0.0,,,,Withdrawn,,,,,,,,,,,
,,,,,,,,0.0,,,,Withdrawn,,,,,,,,,,,
,,,,,,,,0.0,,,,Withdrawn,,,,,,,,,,,
,,,,,,,,0.0,,,,Withdrawn,,,,,,,,,,,
,,,,,,,,0.0,,,,Withdrawn,,,,,,,,,,,
,,,,,,,,0.0,,,,Withdrawn,,,,,,,,,,,
,,,,,,,,0.0,,,,Withdrawn,,,,,,,,,,,
,,,,,,,,0.0,,,,Withdrawn,,,,,,,,,,,
,,,,,,,,0.0,,,,Withdrawn,,,,,,,,,,,
,,,,,,,,0.0,,,,Withdrawn,,,,,,,,,,,
,,,,,,,,0.0,,,,Withdrawn,,,,,,,,,,,
,,,,,,,,0.0,,,,Withdrawn,,,,,,,,,,,
,,,,,,,,0.0,,,,Withdrawn,,,,,,,,,,,
,,,,,,,,0.0,,,,Withdrawn,,,,,,,,,,,
,,,,,,,,0.0,,,,Withdrawn,,,,,,,,,,,
,,,,,,,,0.0,,,,Withdrawn,,,,,,,,,,,
,,,,,,,,0.0,,,,Withdrawn,,,,,,,,,,,
,,,,,,,,0.0,,,,Withdrawn,,,,,,,,,,,
,,,,,,,,0.0,,,,Withdrawn,,,,,,,,,,,
,,,,,,,,0.0,,,,Withdrawn,,,,,,,,,,,
,,,,,,,,0.0,,,,Withdrawn,,,,,,,,,,,
,,,,,,,,0.0,,,,Withdrawn,,,,,,,,,,,
,,,,,,,,0.0,,,,Withdrawn,,,,,,,,,,,
,,,,,,,,0.0,,,,Withdrawn,,,,,,,,,,,
,,,,,,,,0.0,,,,Withdrawn,,,,,,,,,,,
,,,,,,,,0.0,,,,Withdrawn,,,,,,,,,,,
,,,,,,,,0.0,,,,Withdrawn,,,,,,,,,,,
,,,,,,,,0.0,,,,Withdrawn,,,,,,,,,,,
,,,,,,,,0.0,,,,Withdrawn,,,,,,,,,,,
,,,,,,,,0.0,,,,Withdrawn,,,,,,,,,,,
,,,,,,,,0.0,,,,Withdrawn,,,,,,,,,,,
,,,,,,,,0.0,,,,Withdrawn,,,,,,,,,,,
,,,,,,,,0.0,,,,Withdrawn,,,,,,,,,,,
,,,,,,,,0.0,,,,Withdrawn,,,,,,,,,,,
,,,,,,,,0.0,,,,Withdrawn,,,,,,,,,,,
,,,,,,,,0.0,,,,Withdrawn,,,,,,,,,,,
,,,,,,,,0.0,,,,Withdrawn,,,,,,,,,,,
,,,,,,,,0.0,,,,Withdrawn,,,,,,,,,,,
,,,,,,,,0.0,,,,Withdrawn,,,,,,,,,,,
,,,,,,,,0.0,,,,Withdrawn,,,,,,,,,,,
,,,,,,,,0.0,,,,Withdrawn,,,,,,,,,,,
,,,,,,,,0.0,,,,Withdrawn,,,,,,,,,,,
,,,,,,,,0.0,,,,Withdrawn,,,,,,,,,,,
,,,,,,,,0.0,,,,Withdrawn,,,,,,,,,,,
,,,,,,,,0.0,,,,Withdrawn,,,,,,,,,,,
,,,,,,,,0.0,,,,Withdrawn,,,,,,,,,,,
,,,,,,,,0.0,,,,Withdrawn,,,,,,,,,,,
,,,,,,,,0.0,,,,Withdrawn,,,,,,,,,,,
,,,,,,,,0.0,,,,Withdrawn,,,,,,,,,,,
,,,,,,,,0.0,,,,Withdrawn,,,,,,,,,,,
,,,,,,,,0.0,,,,Withdrawn,,,,,,,,,,,
,,,,,,,,0.0,,,,Withdrawn,,,,,,,,,,,
,,,,,,,,0.0,,,,Withdrawn,,,,,,,,,,,
,,,,,,,,0.0,,,,Withdrawn,,,,,,,,,,,
,,,,,,,,0.0,,,,Withdrawn,,,,,,,,,,,
,,,,,,,,0.0,,,,Withdrawn,,,,,,,,,,,
,,,,,,,,0.0,,,,Withdrawn,,,,,,,,,,,
,,,,,,,,0.0,,,,Withdrawn,,,,,,,,,,,
,,,,,,,,0.0,,,,Withdrawn,,,,,,,,,,,
,,,,,,,,0.0,,,,Withdrawn,,,,,,,,,,,
,,,,,,,,0.0,,,,Withdrawn,,,,,,,,,,,
,,,,,,,,0.0,,,,Withdrawn,,,,,,,,,,,
,,,,,,,,0.0,,,,Withdrawn,,,,,,,,,,,
,,,,,,,,0.0,,,,Withdrawn,,,,,,,,,,,
,,,,,,,,0.0,,,,Withdrawn,,,,,,,,,,,
,,,,,,,,0.0,,,,Withdrawn,,,,,,,,,,,
,,,,,,,,0.0,,,,Withdrawn,,,,,,,,,,,
,,,,,,,,0.0,,,,Withdrawn,,,,,,,,,,,
,,,,,,,,0.0,,,,Withdrawn,,,,,,,,,,,
,,,,,,,,0.0,,,,Withdrawn,,,,,,,,,,,
,,,,,,,,0.0,,,,Withdrawn,,,,,,,,,,,
,,,,,,,,0.0,,,,Withdrawn,,,,,,,,,,,
,,,,,,,,0.0,,,,Withdrawn,,,,,,,,,,,
,,,,,,,,0.0,,,,Withdrawn,,,,,,,,,,,
,,,,,,,,0.0,,,,Withdrawn,,,,,,,,,,,
,,,,,,,,0.0,,,,Withdrawn,,,,,,,,,,,
,,,,,,,,0.0,,,,Withdrawn,,,,,,,,,,,
,,,,,,,,0.0,,,,Withdrawn,,,,,,,,,,,
,,,,,,,,0.0,,,,Withdrawn,,,,,,,,,,,
,,,,,,,,0.0,,,,Withdrawn,,,,,,,,,,,
,,,,,,,,0.0,,,,Withdrawn,,,,,,,,,,,
,,,,,,,,0.0,,,,Withdrawn,,,,,,,,,,,
,,,,,,,,0.0,,,,Withdrawn,,,,,,,,,,,
,,,,,,,,0.0,,,,Withdrawn,,,,,,,,,,,
,,,,,,,,0.0,,,,Withdrawn,,,,,,,,,,,
,,,,,,,,0.0,,,,Withdrawn,,,,,,,,,,,
,,,,,,,,0.0,,,,Withdrawn,,,,,,,,,,,
,,,,,,,,0.0,,,,Withdrawn,,,,,,,,,,,
,,,,,,,,0.0,,,,Withdrawn,,,,,,,,,,,
,,,,,,,,0.0,,,,Withdrawn,,,,,,,,,,,
,,,,,,,,0.0,,,,Withdrawn,,,,,,,,,,,
,,,,,,,,0.0,,,,Withdrawn,,,,,,,,,,,
,,,,,,,,0.0,,,,Withdrawn,,,,,,,,,,,
,,,,,,,,0.0,,,,Withdrawn,,,,,,,,,,,
,,,,,,,,0.0,,,,Withdrawn,,,,,,,,,,,
,,,,,,,,0.0,,,,Withdrawn,,,,,,,,,,,
,,,,,,,,0.0,,,,Withdrawn,,,,,,,,,,,
,,,,,,,,0.0,,,,Withdrawn,,,,,,,,,,,
,,,,,,,,0.0,,,,Withdrawn,,,,,,,,,,,
0001,Middletown Station,Con Edison,Orange County,NY,Coop Corn-Rock Tav Lines,NYPA,AC Transmission,0.0,,,1989-09-15,Completed,,,,2002-03-31 00:00:00,,,2002-03-31 00:00:00,G,14.0,,
0002,Athens Gen,Athens Gen Co./ PG&E,Athens,NY,Leeds-Pl.Val. 91 Line,NM-NG,Natural Gas,1080.0,1080.0,,1998-04-27,Completed,,,,2004-05-31 00:00:00,,,2004-05-31 00:00:00,F,14.0,SRIS,
0003,Bethlehem Energy Center,PSEG Power NY,Albany,NY,Albany 115kV,NM-NG,Natural Gas,350.0,350.0,,1998-04-27,Completed,,,,2005-07-31 00:00:00,,,2005-07-31 00:00:00,F,14.0,SRIS,
0004,CT-LI DC Tie-line,"TransEnergie US, Ltd",Shoreham,NY,"Shoreham, Long Island",LIPA,DC Transmission,330.0,330.0,,1998-07-20,Completed,,,,2003-12-31 00:00:00,,,2003-12-31 00:00:00,K,14.0,"SRIS,CY01",
0011,East Coast Power-Linden,East Coast Power-Linden Venture LP,Linden,NY,Goethals,CONED,Natural Gas,20.0,20.0,,1999-03-25,Completed,,,,2002-03-31 00:00:00,,,2002-03-31 00:00:00,J,14.0,,
0017,KeySpan Ravenswood,"KeySpan Energy, Inc.",NY,NY,Vernon,CONED,Natural Gas,270.0,270.0,,1999-04-21,Completed,,,,,,,,J,14.0,"SRIS,CY01,CY02",
0018,Poletti Expansion,NYPA,Queens,NY,Astoria 138kV,CONED,Natural Gas,500.0,500.0,,1999-04-30,Completed,,,,2008-02-26 00:00:00,,,2008-02-26 00:00:00,J,14.0,"SRIS, CY01",
0025,East River Repowering,Consolidated Edison of NY,NY,NY,E. 13th St. 138kV,CONED,Natural Gas,288.0,288.0,,1999-08-10,Completed,,,,,,,,J,14.0,"SRIS, CY01",
0031,Astoria Energy - Phase 1,"SCS Energy, LLC",Queens,NY,Astoria 138kV,CONED,Natural Gas,500.0,500.0,,1999-11-16,Completed,,,,2008-02-26 00:00:00,,,2008-02-26 00:00:00,J,14.0,"SRIS, CY01",
0055,Fenner Wind Energy Fac.,"Canastota Wind Power, LLC",Madison,NY,Fenner-Whitman,NM-NG,Wind,30.0,30.0,,2000-03-14,Completed,,,,,,,,C,14.0,"SRIS,CY02",
0066,Langlois Converter,TransEnergie HQ,,Quebec,"Langlois, Quebec",NM-NG,AC Transmission,100.0,100.0,,2000-06-02,Completed,,,,,,,,,14.0,SRIS,
0069,Empire Generating,"Empire Generating Co., LLC",Rensselaer,NY,Reynolds Road 345kV,NM-NG,Natural Gas,635.0,635.0,,2000-07-14,Completed,,,,2010-09-30 00:00:00,,,2010-09-30 00:00:00,F,14.0,"SRIS, CY05",
0079,Harlem River Yards,NYPA,NY,NY,Hell Gate Substation,CONED,Combustion Turbine,79.9,79.9,,2000-12-05,Completed,,,,,,,,J,14.0,"SRIS,CY01",
0080,Hell Gate,NYPA,NY,NY,Hell Gate Substation,CONED,Combustion Turbine,79.9,79.9,,2000-12-05,Completed,,,,,,,,J,14.0,"SRIS,CY01",
0081,Vernon Blvd,NYPA,NY,NY,Vernon Substation,CONED,Combustion Turbine,79.9,79.9,,2000-12-05,Completed,,,,,,,,J,14.0,"SRIS,CY01",
0082,N First St and Grand Ave,NYPA,NY,NY,Vernon-Greenwood line,CONED,Combustion Turbine,44.0,44.0,,2000-12-05,Completed,,,,,,,,J,14.0,"SRIS,CY01",
0083,23rd St and 3rd Ave,NYPA,NY,NY,Gowanus Substation,CONED,Combustion Turbine,79.9,79.9,,2000-12-05,Completed,,,,,,,,J,14.0,"SRIS,CY01",
0084,Fox Hills,NYPA,NY,NY,Fox Hills Substation,CONED,Combustion Turbine,44.0,44.0,,2000-12-05,Completed,,,,,,,,J,14.0,"SRIS,CY01",
0085,Brentwood,NYPA,Nassau,NY,Brentwood 69 kV,LIPA,Combustion Turbine,44.0,44.0,,2000-12-05,Completed,,,,,,,,K,14.0,"SRIS,CY01",
0094,Project Neptune DC PJM-LI,"Atlantic Energy, LLC",Nassau,NY-NJ,Newbridge Road 138kV,LIPA,DC Transmission,660.0,660.0,,2001-05-22,Completed,,,,2008-10-14 00:00:00,,,2008-10-14 00:00:00,K,14.0,"SRIS, CY05",
0095,Glenwood Gas Plant,KeySpan Energy Development Corp.,Nassau,NY,Glenwood 69 kV,LIPA,Combustion Turbine,79.9,79.9,,2001-05-22,Completed,,,,,,,,K,14.0,,
0099,Rock Tavern Transformer,Central Hudson Gas & Electric,Orange,NY,Rock Tavern,CHG&E,AC Transmission,0.0,,,2001-06-28,Completed,,,,,,,,G,14.0,SRIS,
0107,Caithness Long Island,"Caithness Long Island, LLC",Suffolk,NY,Brookhaven-Holbrook or H'ville 138kV,LIPA,Natural Gas,310.0,310.0,,2001-10-09,Completed,,,,2009-11-30 00:00:00,,,2009-11-30 00:00:00,K,14.0,"SRIS, CY06",
0115,East Fishkill Transformer,Central Hudson Gas & Electric,Dutchess,NY,East Fishkill 345kV/115kV,CONED/CHG&E,AC Transmission,0.0,,,2002-04-24,Completed,,,,2013-03-31 00:00:00,,,2013-03-31 00:00:00,G,14.0,,
0121,Holtsville Emergency Gen,KeySpan Energy for LIPA,Suffolk,NY,Holtsville,LIPA,Combustion Turbine,66.0,66.0,,2002-05-31,Completed,,,,,,,,K,14.0,SRIS,
0122,Shoreham Emergency Gen,KeySpan Energy for LIPA,Suffolk,NY,Holtsville,LIPA,Combustion Turbine,66.0,66.0,,2002-05-31,Completed,,,,,,,,K,14.0,SRIS,
0123,Wading River Emergency Gen,KeySpan Energy for LIPA,Suffolk,NY,Holtsville,LIPA,Combustion Turbine,79.9,79.9,,2002-05-31,Completed,,,,,,,,K,14.0,SRIS,
0125,Linden VFT Inter-Tie,"East Coast Power, LLC",Richmond,NY-NJ,Goethals 345kV,CONED,AC Transmission,300.0,300.0,,2002-07-18,Completed,,,,2009-11-30 00:00:00,,,2009-11-30 00:00:00,J,14.0,"SRIS, CY06",
0127A,Munnsville - Phase 1,"Airtricity Munnsville Wind Farm, LLC",Madison,NY,46kV line,NYSEG,Wind,34.5,34.5,,2002-10-09,Completed,,,,2013-03-31 00:00:00,,,2013-03-31 00:00:00,E,14.0,"SRIS, CY06",
0133,Holtsville Emergency Gen,KeySpan Energy for LIPA,Suffolk,NY,Holtsville,LIPA,Combustion Turbine,66.0,66.0,,2003-05-15,Completed,,,,,,,,K,14.0,SRIS,
0135,Canandaigua Wind Farm,"UPC Wind Management, LLC",Steuben,NY,Avoca 230kV line,NYSEG,Wind,82.5,82.5,82.5,2003-05-30,Completed,,,,2009-03-02 00:00:00,,,2009-03-02 00:00:00,C,14.0,"SRIS, CY06",
0136,Rochester Transmission,Rochester Gas & Electric,Monroe,NY,RG&E System,RG&E,AC Transmission,0.0,,,2003-06-12,Completed,,,,2009-04-08 00:00:00,,,2009-04-08 00:00:00,B,14.0,SRIS,
0138,Indian Point 2 Uprate,"Entergy Nuclear Operations, Inc.",Westchester,NY,Buchanan 345kV,CONED,Nuclear,36.0,36.0,,2003-07-23,Completed,,,,2009-04-08 00:00:00,,,2009-04-08 00:00:00,H,14.0,"SRIS, CY05",
0139,Indian Point 3 Uprate,"Entergy Nuclear Operations, Inc.",Westchester,NY,Indian Point 345kV,CONED,Nuclear,38.0,38.0,,2003-07-23,Completed,,,,2009-04-08 00:00:00,,,2009-04-08 00:00:00,H,14.0,"SRIS, CY05",
0141,Flat Rock Wind Power,"Flat Rock Wind Power, LLC",Lewis,NY,Adirondack-Porter 230kV,NM-NG,Wind,321.0,321.0,,2003-08-27,Completed,,,,2008-02-26 00:00:00,,,2008-02-26 00:00:00,E,14.0,"SRIS, CY05",
0143,Ginna Uprate Project,Constellation,Wayne,NY,Ginna-115kV,RG&E,Nuclear,95.0,95.0,,2004-01-30,Completed,,,,2008-02-26 00:00:00,,,2008-02-26 00:00:00,B,14.0,"SRIS, CY05",
0144,High Sheldon Windfarm,"Sheldon Energy, LLC",Wyoming,NY,Stolle Rd-Meyer 230kV,NYSEG,Wind,112.5,112.5,112.5,2004-02-18,Completed,,,,2009-06-24 00:00:00,,,2009-06-24 00:00:00,C,14.0,"SRIS, CY06,CY07",
0145,LIPA Summer Mobile Gens,KeySpan Energy for LIPA,Suffolk,NY,Holtsville and Shoreham 138kV,LIPA,Natural Gas,96.0,96.0,,2004-03-02,Completed,,,,2008-02-26 00:00:00,,,2008-02-26 00:00:00,K,14.0,SRIS,
0146,Mott Haven Substation,Con Edison,Westchester,NY,Dunwoodie-Rainey lines,CONED,AC Transmission,0.0,,,2004-03-16,Completed,,,,2009-04-08 00:00:00,,,2009-04-08 00:00:00,J,14.0,SRIS,
0149,LIPA Wading River Em Gen,KeySpan Energy for LIPA,Suffolk,NY,Wading River,LIPA,Combustion Turbine,79.9,79.9,,2004-06-03,Completed,,,,,,,,K,14.0,SRIS,
0153,Sprain Brook-Sherman Creek,Con Edison,Westchester,NY,Sprain Brook & Sherman Creek,CONED,AC Transmission,500.0,500.0,,2004-08-13,Completed,,,,2011-03-31 00:00:00,,,2011-03-31 00:00:00,"I, J",14.0,SIS,
0156,Fairfield Wind Project,"Hardscrabble Wind Power, LLC",Herkimer,NY,Valley-Inghams 115kV,NM-NG,Wind,74.0,74.0,74.0,2004-09-28,Completed,,,,2011-02-28 00:00:00,,,2011-02-28 00:00:00,E,14.0,"SRIS, CY06",
0160A,DANC,Innovative Energy Systems Inc.,Jefferson,NY,115kV,NM-NG,Methane,6.4,6.4,6.4,2004-11-19,Completed,,,,2008-10-14 00:00:00,,,2008-10-14 00:00:00,E,14.0,,
0161,Marble River Wind Farm,"Marble River, LLC",Clinton,NY,Willis-Plattsburgh WP-1 230kV,NYPA,Wind,83.0,83.0,83.0,2004-12-07,Completed,,,,2013-03-31 00:00:00,,,2013-03-31 00:00:00,D,14.0,"SRIS, FS",
0171,Marble River II Wind Farm,"Marble River, LLC",Clinton,NY,Willis-Plattsburgh WP-2 230kV,NYPA,Wind,132.2,132.2,132.2,2005-02-08,Completed,,,,2013-03-31 00:00:00,,,2013-03-31 00:00:00,D,14.0,"SRIS, FS",
0172,Clinton Windfield,"Noble Environmental Power, LLC",Clinton,NY,Willis-Plattsburgh WP-2 230kV,NYPA,Wind,79.5,79.5,79.5,2005-02-14,Completed,,,,2008-10-14 00:00:00,,,2008-10-14 00:00:00,D,14.0,"SRIS, CY06",
0173,Bliss Windfield,"Noble Environmental Power, LLC",Wyoming,NY,Arcade Substation 115kV,Village of Arcade,Wind,72.0,72.0,72.0,2005-02-14,Completed,,,,2008-10-14 00:00:00,,,2008-10-14 00:00:00,A,14.0,"SRIS, CY06",
0174,Altona Windfield,"Noble Environmental Power, LLC",Clinton,NY,Willis-Plattsburgh WP-1 230kV,NYPA,Wind,99.0,99.0,99.0,2005-02-14,Completed,,,,2009-03-02 00:00:00,,,2009-03-02 00:00:00,D,14.0,"SRIS, CY06",
0175,Ellenburg Windfield,"Noble Environmental Power, LLC",Clinton,NY,Willis-Plattsburgh WP-2 230kV,NYPA,Wind,81.0,81.0,81.0,2005-02-14,Completed,,,,2008-10-14 00:00:00,,,2008-10-14 00:00:00,D,14.0,"SRIS, CY06",
0177,Wethersfield 230kV,"Noble Wethersfield Windpark, LLC",Wyoming,NY,Stolle-Meyer 230kV,NYSEG,Wind,126.0,126.0,126.0,2005-02-14,Completed,,,,2009-03-02 00:00:00,,,2009-03-02 00:00:00,C,14.0,"FES,SRIS,CY07",
0182,Howard Wind,"Howard Wind, LLC",Steuben,NY,Bennett-Bath 115kV,NYSEG,Wind,57.4,57.4,57.4,2005-03-21,Completed,,,,2011-12-31 00:00:00,,,2011-12-31 00:00:00,C,14.0,"FES, SRIS, CY07",
0185,Blenheim Gilboa Storage,NY Power Authority,Schoharie,NY,"Valenti Rd., Gilboa 345kV",NYPA,Pumped Storage,120.0,120.0,120.0,2005-03-29,Completed,,,,2010-06-30 00:00:00,,,2010-06-30 00:00:00,F,14.0,"SRIS, CY06",
0199,Canandaigua II,"UPC Wind Management, LLC",Steuben,NY,Meyer - Avoca 230kV,NYSEG,Wind,42.5,42.5,42.5,2005-07-26,Completed,,,,2009-04-08 00:00:00,,,2009-04-08 00:00:00,C,14.0,"SRIS, CY07",
0201A,Seneca Energy Expansion,Innovative Energy Systems,Seneca,NY,34.5kV,NYSEG,Methane,17.6,17.6,17.6,2005-09-02,Completed,,,,2008-04-22 00:00:00,,,2008-04-22 00:00:00,C,14.0,,
0201B,MM Albany Landfill,"Minnesota Methane, LLC",Albany,NY,34.5kV,NM-NG,Methane,4.0,2.0,4.0,2005-09-15,Completed,,,,2008-10-14 00:00:00,,,2008-10-14 00:00:00,F,14.0,,
0206,Hudson Transmission,Hudson Transmission Partners,NY - Bergen,NY-NJ,West 49th Street 345kV,CONED,DC Transmission,660.0,660.0,660.0,2005-12-14,Completed,,,,2013-06-30 00:00:00,,,2013-06-30 00:00:00,J,14.0,"FES, SRIS, FS",
0209A,Hyland Landfill,Casella Waste Systems,Livingston,NY,34.5kV,NYSEG,Methane,6.4,6.4,6.4,2006-02-28,Completed,,,,2008-10-14 00:00:00,,,2008-10-14 00:00:00,C,14.0,,
0211,Clinton II Windfield,"Noble Environmental Power, LLC",Clinton,NY,Willis-Plattsburgh WP-2 230kV,NYPA,Wind,21.0,21.0,21.0,2006-04-03,Completed,,,,2008-10-14 00:00:00,,,2008-10-14 00:00:00,D,14.0,"SRIS, CY07",
0212,Bliss II Windfield,"Noble Environmental Power, LLC",Wyoming,NY,Freedom Substation 115kV,Village of Arcade,Wind,28.5,28.5,28.5,2006-04-03,Completed,,,,2008-10-14 00:00:00,,,2008-10-14 00:00:00,A,14.0,"SRIS, CY07",
0214,Chateaugay Windpark,"Noble Chateaugay Windpark, LLC",Franklin-Clinton,NY,Willis-Plattsburgh 230kV,NYPA,Wind,106.5,106.5,106.5,2006-04-03,Completed,,,,2009-03-02 00:00:00,,,2009-03-02 00:00:00,D,14.0,"FES, SRIS, CY07",
0216,Nine Mile Point Uprate,"Nine Mile Point Nuclear, LLC",Oswego,NY,Scriba Station 345kV,NM-NG,Nuclear,168.0,168.0,168.0,2006-05-05,Completed,,,,2013-03-31 00:00:00,,,2013-03-31 00:00:00,C,14.0,"SRIS, FS",
0217A,Athens SPS Project,"New Athens Generating Co., LLC",Greene-W.Chester,NY,Athens - Millwood,NM-NG/CONED,AC Transmission,0.0,,,2006-06-30,Completed,,,,2009-04-08 00:00:00,,,2009-04-08 00:00:00,"F, H",14.0,SIS,
0224A,High Acres Landfill,Bio-Energy Partners,Monroe,NY,34.5,NYSEG,Methane,6.4,6.4,6.4,2006-08-25,Completed,,,,2008-12-22 00:00:00,,,2008-12-22 00:00:00,C,14.0,,
0225,Ithaca Transmission,NY State Electric & Gas,Thompkins,NY,Oakdale - Lafayette 345kV,NYSEG,AC Transmission,0.0,,,2006-09-07,Completed,,,,2011-01-31 00:00:00,,,2011-01-31 00:00:00,C,14.0,SIS,
0232,Bayonne Energy Center,"Bayonne Energy Center, LLC",Bayonne,NJ,Gowanus Substation 345kV,ConEd,Dual Fuel,500.0,500.0,500.0,2006-11-27,Completed,,,,2013-03-31 00:00:00,,,2013-03-31 00:00:00,J,14.0,"FES, SRIS, CY09",
0233,Sherman Island Uprate,"Erie Boulevard Hydro Power, LP",Warren,NY,Spier - Queensbury 115kV,NM-NG,Hydro,8.5,8.5,8.5,2006-11-27,Completed,,,,2010-02-16 00:00:00,,,2010-02-16 00:00:00,F,14.0,"SRIS,CY08",
0234,Steel Winds II,"Steel Winds, LLC",Erie,NY,Substation 11A 115kV,NM-NG,Wind,15.0,15.0,15.0,2006-12-08,Completed,,,,2012-01-31 00:00:00,,,2012-01-31 00:00:00,A,14.0,"SRIS, CY08",
0237A,Chautauqua Landfill,Chautauqua County,Chautauqua,NY,Hartfield  South Dow 34.5kV,NM-NG,Methane,6.4,6.4,6.4,2007-01-11,Completed,,,,2009-10-28 00:00:00,,,2009-10-28 00:00:00,A,14.0,"FES,SIS,FS",
0245,Fulton County Landfill,"Innovative Energy System, Inc.",Montgomary,NY,Ephratah  Amsterdam 69kV,NM-NG,Methane,3.2,3.2,3.2,2007-04-17,Completed,,,,2011-11-30 00:00:00,,,2011-11-30 00:00:00,F,14.0,"FES,SIS,CY09",
0250,Ontario,"Seneca Energy II, LLC",Ontario,NY,Haley Rd. - Hall 34.5kV,NYSEG,Methane,5.6,5.6,5.6,2007-07-02,Completed,,,,2013-03-31 00:00:00,,,2013-03-31 00:00:00,C,14.0,"FES,FS",
0251,CPV Valley Energy Center,"CPV Valley, LLC",Orange,NY,Coopers  Rock Tavern 345kV,NYPA,Dual Fuel,690.6,677.6,690.6,2007-07-05,Completed,,,,2018-03-31 00:00:00,,,2018-03-31 00:00:00,G,14.0,"FES, SRIS, FS",
0260,Stephentown,"Stephentown Regulation Services, LLC",Rensselaer,NY,Stephentown 115kV,NYSEG,Flywheel,20.0,20.0,20.0,2007-09-25,Completed,,,,2011-11-30 00:00:00,,,2011-11-30 00:00:00,F,14.0,"SIS,CY10",
0263,Stony Creek Wind Farm,"Stony Creek Wind Farm, LLC",Wyoming,NY,Stolle Rd - Meyer 230kV,NYSEG,Wind,92.8,92.8,92.8,2007-10-12,Completed,,,,2014-03-31 00:00:00,,,2014-03-31 00:00:00,C,14.0,"FES, SRIS, CY10",
0270A,Luther Forest Transmission,National Grid,Saratoga,NY,Ngrid 115kV,NM-NG,AC Transmission,0.0,,,2007-12-18,Completed,,,,2008-10-14 00:00:00,,,2008-10-14 00:00:00,F,14.0,SIS,
0284,Nanticoke Landfill,"Broome Energy Resources, LLC",Broome,NY,Nanticoke Landfill Plant 34.5kV,NYSEG,Methane,1.6,1.6,1.6,2008-03-06,Completed,,,,2013-09-30 00:00:00,,,2013-09-30 00:00:00,C,14.0,FES,
0289,Corning Valley Trans.,NY State Electric & Gas,Steuben,NY,Avoca and Hillside 230kV,NYSEG,AC Transmission,0.0,,,2008-04-01,Completed,,,,2011-09-30 00:00:00,,,2011-09-30 00:00:00,C,14.0,SIS,
0294,Ramapo-Sugarloaf,Orange & Rockland,Orange/Rockland,NY,Ramapo - Sugarloaf 138kV,O&R,AC Transmission,0.0,,,2008-04-29,Completed,,,,2015-04-30 00:00:00,,,2015-04-30 00:00:00,G,14.0,SIS,
0308,Astoria Energy II,"Astoria Energy II, LLC",Queens,NY,Astoria 345kV,NYPA,Natural Gas,617.2,576.0,617.2,2008-08-20,Completed,,,,2011-11-30 00:00:00,,,2011-11-30 00:00:00,J,14.0,SRIS,
0318,Westover Energy Storage,"AES Energy Storage, LLC",Broome,NY,Westover 115kV,NYSEG,Energy Storage,20.0,20.0,20.0,2008-12-03,Completed,,,,2010-12-31 00:00:00,,,2010-12-31 00:00:00,C,14.0,,
0326,Rochester SVC/PST Trans.,NYSEG/RG&E,Monroe,NY,Station 124 115kV,NYSEG,AC Transmission,0.0,,,2009-03-09,Completed,,,,2014-04-30 00:00:00,,,2014-04-30 00:00:00,B,14.0,SIS,
0330,Upton Solar Farms,Long Island Solar Farm LLC,Suffolk,NY,8ER Substation 69kV,LIPA,Solar,32.0,31.5,32.0,2009-04-07,Completed,,,,2011-11-30 00:00:00,,,2011-11-30 00:00:00,K,14.0,SRIS,
0331,Northeast NY Reinforcement,National Grid,Saratoga,NY,NGrid 230kV,NM-NG,AC Transmission,0.0,,,2009-04-22,Completed,,,,2019-03-31 00:00:00,,,2019-03-31 00:00:00,F,14.0,SIS,
0333,Western NY Reinforcement,National Grid,Cattaraugus,NY,NGrid 115kV,NM-NG,AC Transmission,0.0,,,2009-05-05,Completed,,,,2019-03-31 00:00:00,,,2019-03-31 00:00:00,A,14.0,SIS,
0337,Northport Norwalk Harbor,Long Island Power Authority,Suffolk,NY,Northport 138kV,LIPA,AC Transmission,0.0,,,2009-07-14,Completed,,,,2011-01-31 00:00:00,,,2011-01-31 00:00:00,K,14.0,SIS,
0339,Transmission Reinforcement,RG&E,Monroe,NY,Niagara - Kintigh 345kV,RG&E,AC Transmission,0.0,,,2009-08-17,Completed,,,,2019-04-30 00:00:00,,,2019-04-30 00:00:00,B,14.0,SIS,
0340,Brown's Race III,RG&E,Monroe,NY,Station 6 34.5 kV,RG&E,Hydro,2.0,2.0,2.0,2009-09-02,Completed,,,,2012-01-31 00:00:00,,,2012-01-31 00:00:00,B,14.0,,
0342,Albany Landfill,"Albany Energy, LLC",Albany,NY,34.5kV,NM-NG,Methane,6.4,6.4,6.4,2009-09-03,Completed,,,,2013-03-31 00:00:00,,,2013-03-31 00:00:00,F,14.0,,
0353,Chautauqua County Landfill,Chautauqua County,Chautauqua,NY,Hartfield  South Dow 34.5kV,NM-NG,Methane,3.2,3.2,3.2,2010-04-26,Completed,,,,,,,,A,14.0,,
0355,Stewarts Bridge Hydro,Brookfield Renewable Power,Saratoga,NY,Spier Falls - EJ West 115kV,NM-NG,Hydro,3.0,3.0,3.0,2010-08-03,Completed,,,,2015-04-30 00:00:00,,,2015-04-30 00:00:00,F,14.0,"SRIS, FS",
0368,Feeder 76 Ramapo to Rock Tavern,Consolidated Edison Co. of NY,"Orange, Rockland",NY,Ramapo to Rock Tavern 345 kV,ConEd/CenHud,AC Transmission,0.0,,,2011-10-13,Completed,,,,2016-05-31 00:00:00,,,2016-05-31 00:00:00,G,14.0,SIS,
0373,Coopers Corners Shunt Reactor,NY Power Authority,Sullivan,NY,Coopers Corners 345 kV,NYSEG,AC Transmission,0.0,,,2011-12-21,Completed,,,,2015-08-31 00:00:00,,,2015-08-31 00:00:00,E,14.0,SIS,
0375,Eagle Creek Hydro,"Eagle Creek Hydro, LLC",Sullivan,NY,Rio 69kV Switchyard,O&R,Hydro,0.8,0.8,0.8,2012-03-06,Completed,,,,2014-01-31 00:00:00,,,2014-01-31 00:00:00,E,14.0,,
0378,Marsh Hill Wind,Invenergy NY LLC,Steuben,NY,Jasper - Marshall Warriner 34.5kV,NYSEG,Wind,16.2,16.2,16.2,2012-03-29,Completed,,,,2014-12-31 00:00:00,,,2014-12-31 00:00:00,C,14.0,,
0380,Marcy South Reinforcement,NY Power Authority,Oneida-Sullivan,NY,Marcy/Edic-Coopers Corners 345kV,NYSEG,AC Transmission,0.0,,,2012-05-14,Completed,,,,2016-07-31 00:00:00,,,2016-07-31 00:00:00,E,14.0,SIS,
0387,Cassadaga Wind,"Cassadaga Wind, LLC",Chautauqua,NY,Dunkirk - Moon 115 kV,NM-NG,Wind,126.5,126.5,126.5,2012-07-19,Completed,,,,2020-05-31 00:00:00,,,2020-05-31 00:00:00,A,14.0,"FES, SRIS, FS",
0390,Farmers Valley Substation,Trail Co.,Cattaraugus,NY-PA,Homer City - Stolle Rd. 345kV,NM-NG/NYSEG,AC Transmission,0.0,,,2012-09-14,Completed,,,,2016-06-30 00:00:00,,,2016-06-30 00:00:00,A,14.0,SIS,
0394,Mainesburg Substation,Trail Co.,Chemung,NY-PA,Homer City - Watercure 345kV,NYSEG,AC Transmission,0.0,,,2012-10-16,Completed,,,,2015-12-31 00:00:00,,,2015-12-31 00:00:00,C,14.0,SIS,
0395,Copenhagen Wind,"Copenhagen Wind Farm, LLC",Lewis,NY,Black River-Lighthouse Hill 115kV,NM-NG,Wind,79.9,79.9,79.9,2012-11-12,Completed,,,,2019-03-31 00:00:00,,,2019-03-31 00:00:00,E,14.0,"FES, SRIS, FS",
0396,Baron Winds,"Baron Winds, LLC",Steuben,NY,Hillside - Meyer 230kV,NYSEG,Wind,238.8,238.8,238.8,2012-11-30,Completed,,,,2022-12-31 00:00:00,,,2022-12-31 00:00:00,C,15.0,"FES, SRIS, FS",
0396A,Wood Street Transformer,New York State Electric & Gas,Putnam,NY,Wood St. 345/115kV,NYSEG,AC Transmission,0.0,,,2012-12-14,Completed,,,,2025-10-31 00:00:00,,,2025-10-31 00:00:00,G,14.0,SIS,
0397,Jericho Rise Wind,"Jericho Rise Wind Farm, LLC",Franklin,NY,Willis Substation 115kV,NYPA,Wind,77.7,77.7,77.7,2012-12-21,Completed,,,,2017-02-28 00:00:00,,,2017-02-28 00:00:00,D,14.0,"SRIS, FS",
0403,Bethlehem Energy Center Uprate,PSEG Power NY,Albany,NY,Bethlehem Energy Center,NM-NG,Dual Fuel,72.0,72.0,51.2,2013-05-28,Completed,,,,2019-03-31 00:00:00,,,2019-03-31 00:00:00,F,14.0,"FES, SRIS, FS",
0421,Arkwright Summit,Arkwright Summit Wind Farm LLC,Chautauqua,NY,Dunkirk - Falconer 115 kV,NM-NG,Wind,78.4,78.4,78.4,2013-11-01,Completed,,,,2021-08-31 00:00:00,,,2021-08-31 00:00:00,A,14.0,"SRIS, FS",
0422,Eight Point Wind Energy Center,"NextEra Energy Resources, LLC",Steuben-Allegany,NY,Bennett 115kV,NYSEG,Wind,101.8,101.8,101.8,2013-11-07,Completed,,,,2021-03-31 00:00:00,,,2021-03-31 00:00:00,C,14.0,"FES, SRIS, FS",
0429,North Rockland Station,Orange & Rockland,Steuben,NY,Line Y88 345kV,ConEd,AC Transmission,0.0,,,2014-02-12,Completed,,,,10/31/2025,,,10/31/2025,G,14.0,SIS,
0430,Cedar Rapids Transmission,H.Q. Energy Services U.S. Inc.,St. Lawrence,NY,Dennison - Alcoa 115kV,NM-NG,AC Transmission,0.0,,,2014-03-05,Completed,,,,10/31/2025,,,10/31/2025,D,14.0,"SIS, FS",
0431,Greenidge Unit #4,Greenidge Generation,Yates,NY,Greenidge Substation 115kV,NYSEG,Natural Gas,106.3,106.3,106.3,2014-04-11,Completed,,,,2018-02-28 00:00:00,2021-10-01,,2018-02-28 00:00:00,C,14.0,"SIS, FS",
0432,South Perry Transformer,NY State Electric & Gas,Wyoming,NY,South Perry Substation 115kV,NYSEG,AC Transmission,0.0,,,2014-04-15,Completed,,,,2018-07-31 00:00:00,,,2018-07-31 00:00:00,B,14.0,"SRIS, FS",
0444,Cricket Valley Energy Center II,"Cricket Valley Energy Center, LLC",Dutchess,NY,Pleasant Valley - Long Mt. 345kV,ConEd,Combined Cycle,1132.0,1020.0,1132.0,2014-06-18,Completed,,,,2019-07-31 00:00:00,,,2019-07-31 00:00:00,G,14.0,SIS,
0461,East River 1 Uprate,Consolidated Edison Co. of NY,NY,NY,East River Complex,ConEd,Combustion Turbine,2.0,2.0,2.0,2014-12-01,Completed,,,,2019-12-31 00:00:00,,,2019-12-31 00:00:00,J,14.0,"SRIS, FS",
0462,East River 2 Uprate,Consolidated Edison Co. of NY,NY,NY,East River Complex,ConEd,Combustion Turbine,2.0,2.0,2.0,2014-12-01,Completed,,,,2019-12-31 00:00:00,,,2019-12-31 00:00:00,J,14.0,"SRIS, FS",
0467,Shoreham Solar,Shoreham Solar Commons LLC,Suffolk,NY,Ridge - Wildwood 69kV,LIPA,Solar,25.0,25.0,25.0,2014-12-22,Completed,,,,2019-07-31 00:00:00,,,2019-07-31 00:00:00,K,14.0,"SRIS, FS",
0477,Riverhead Solar,Riverhead Solar Farm LLC,Suffolk,NY,Edwards Substation 138kV,LIPA,Solar,20.0,20.0,20.0,2015-02-18,Completed,,,,2019-05-31 00:00:00,,,2019-05-31 00:00:00,K,14.0,"SRIS, FS",
0490,Marcy South Series Comp,NY Power Authority,Oneida-Sullivan,NY,Marcy/Edic-Coopers Corners 345kV,NYSEG/NM-NG,AC Transmission,0.0,,,2015-03-16,Completed,,,,2016-07-31 00:00:00,,,2016-07-31 00:00:00,E,14.0,"FES, SIS, FS",
0505,Ball Hill Wind,"Ball Hill Wind Energy, LLC",Chautauqua,NY,Dunkirk - Gardenville 230kV,NM-NG,Wind,103.0,103.0,103.0,2015-06-02,Completed,,,,2023-10-31 00:00:00,,,2023-10-31 00:00:00,A,14.0,"FES, SRIS, FS",
0510,Bayonne Energy Center II,Bayonne Energy Center,Hudson,NJ,Gowanus Substation 345kV,ConEd,Dual Fuel,129.4,120.4,129.4,2015-08-03,Completed,,,,2019-12-31 00:00:00,,,2019-12-31 00:00:00,J,14.0,SIS,
0513,Orangeville,Orangeville Energy Storage LLC,Wyoming,NY,Stony Creek 230kV,NYSEG,Energy Storage,20.0,20.0,20.0,2015-09-21,Completed,,,,2021-12-31 00:00:00,,,2021-12-31 00:00:00,C,14.0,"SRIS, FS",
0517,Western NY Reactors & Capacitors,National Grid,Niagara,NY,Packard - Huntley 230kV,NM-NG,AC Transmission,0.0,,,2015-10-14,Completed,2022-04-01,,,2016-06-30 00:00:00,,,2016-06-30 00:00:00,A,14.0,"SIS, FS",
0531,Number 3 Wind Energy,Number Three Wind LLC,Lewis,NY,Taylorville - Boonville 115kV,NM-NG,Wind,103.9,103.9,103.9,2016-01-11,Completed,,,,2023-07-31 00:00:00,,,2023-07-31 00:00:00,E,14.0,"FES, SRIS, FS",
0543,Segment B Knickerbocker-PV,National Grid,Albany-Dutchess,NY,Greenbush - PV 345kV,NM-NG/NYSEG/ CHGE/ConEd,AC Transmission,0.0,,,2016-05-04,Completed,,,,2022-04-30 00:00:00,,,2022-04-30 00:00:00,"F, G",15.0,SIS,
0545A,Empire State Line Alt,"NextEra Energy Transmission NY, Inc.",Niagara-Erie,NY,Dysinger - Stolle 345kV,NYPA/NYSEG,AC Transmission,0.0,,,2016-05-17,Completed,,,,2022-04-30 00:00:00,,,2022-04-30 00:00:00,A,14.0,SIS,
0546,Roaring Brook Wind,"PPM Roaring Brook, LLC",Lewis,NY,Chases Lake Substation 230kV,NM-NG,Wind,79.7,79.7,79.7,2016-05-19,Completed,,,,2022-01-31 00:00:00,,,2022-01-31 00:00:00,E,14.0,"SIS, FS",
0556,Segment A Double Circuit,"LS Power Grid NY, LLC",Oneida-Albany,NY,Edic - New Scotland 345kV,NM-NG,AC Transmission,0.0,,,2016-07-06,Completed,,,,2022-04-30 00:00:00,,,2022-04-30 00:00:00,"E, F",15.0,"SIS, FS",
0566,MA 1 & 2 Rebuild,New York Power Authority,St. Lawrence-Lewis,NY,Moses & Adirondack 230kV,NYPA,AC Transmission,0.0,,,2016-08-04,Completed,,,,2022-09-30 00:00:00,,,2022-09-30 00:00:00,"D, E",14.0,SIS,
0570,Albany County 1,Hecate Energy Albany 1 LLC,Albany,NY,Long Lane - Lafarge 115kV,NM-NG,Solar,20.0,20.0,20.0,2016-08-17,Completed,,,,2023-12-31 00:00:00,,,2023-12-31 00:00:00,F,14.0,"SIS, FS",
0579,Bluestone Wind,"Bluestone Wind, LLC",Broome,NY,Afton - Stilesville 115kV,NYSEG,Wind,111.8,111.8,111.8,2016-09-21,Completed,,,,2023-12-31 00:00:00,,,2023-12-31 00:00:00,E,14.0,"FES, SRIS, FS",
0583,Fulton,"Erie Boulevard Hydropower, LP",Oswego,NY,Fay St. 34.5kV,NM-NG,Hydro,1.3,1.3,1.3,2016-10-31,Completed,,,,2018-03-31 00:00:00,,,2018-03-31 00:00:00,C,14.0,"FES, SRIS, FS",
0598,Albany County 2,Hecate Energy Albany 2 LLC,Albany,NY,Long Lane - Lafarge 115kV,NM-NG,Solar,20.0,20.0,20.0,2017-01-10,Completed,,,,2023-12-31 00:00:00,,,2023-12-31 00:00:00,F,14.0,"SIS, FS",
0612,South Fork Wind Farm,"South Fork Wind, LLC",Suffolk,NY,East Hampton 69kV,LIPA,,96.0,96.0,96.0,2017-02-14,Completed,,,,2024-07-31 00:00:00,,,2024-07-31 00:00:00,K,14.0,"SRIS, FS",
0618,High River Solar,"High River Energy Center, LLC",Montgomery,NY,Inghams - Rotterdam 115kV,NM-NG,Solar,90.0,90.0,90.0,2017-03-27,Completed,,,,2024-07-31 00:00:00,,,2024-07-31 00:00:00,F,14.0,"SRIS, FS",
0619,East Point Solar,"East Point Energy Center, LLC",Schoharie,NY,Cobleskill - Marshville 69kV,NM-NG,Solar,50.0,50.0,50.0,2017-03-27,Completed,,,,2024-04-30 00:00:00,,,2024-04-30 00:00:00,F,14.0,"SRIS, FS",
0631,NS Power Express,CHPE LLC,Quebec - NY,NY,Astoria Annex 345kV,NYPA,DC Transmission,1000.0,1000.0,1000.0,2017-05-02,Completed,,,,2023-06-30 00:00:00,,,2023-06-30 00:00:00,J,12.0,"SRIS, FS",
0638,Pattersonville,"Pattersonville Solar Facility, LLC",Montgomery,NY,Rotterdam - Meco 115kV,NM-NG,Solar,20.0,20.0,20.0,2017-07-11,Completed,,,,2023-07-31 00:00:00,,,2023-07-31 00:00:00,F,14.0,"FES, SIS, FS",
0678,Calverton Solar Energy Center,"LI Solar Generation, LLC",Suffolk,NY,Edwards Substation 138kV,LIPA,Solar,22.9,22.9,22.9,2017-10-26,Completed,,,,2022-09-30 00:00:00,,,2022-09-30 00:00:00,K,14.0,"SIS, FS",
0682,Grissom Solar,"Grissom Solar, LLC",Montgomery,NY,Ephratah - Florida 115kV,NM-NG,Solar,20.0,20.0,20.0,2018-01-17,Completed,,,,2022-11-30 00:00:00,,,2022-11-30 00:00:00,F,14.0,FS,
0695,South Fork Wind Farm II,"South Fork Wind, LLC",Suffolk,NY,East Hampton 69kV,LIPA,,40.0,40.0,40.0,2018-02-16,Completed,,,,2024-07-31 00:00:00,,,2024-07-31 00:00:00,K,14.0,"SRIS, FS",
0696,Swinging Bridge Unit 3,"Eagle Creek Hydro Power, LLC",Orange,NY,Swing Bridge 69 kV,O&R,Hydro,1.2,1.2,1.2,2018-03-21,Completed,,,,2019-05-31 00:00:00,,,2019-05-31 00:00:00,G,14.0,"SRIS, FS",
0701,KCE NY 1,"KCE NY 1, LLC",Saratoga,NY,Luther Forest 34.5kV,NYSEG,Energy Storage,20.0,20.0,20.0,2018-03-15,Completed,,,,2019-12-31 00:00:00,,,2019-12-31 00:00:00,F,14.0,"FES, SIS, FS",
0717,Morris Ridge Solar Energy Center,"Morris Ridge Solar Energy Center, LLC",Steuben,NY,South Perry - Meyer 230kV,NYSEG,Solar,177.0,177.0,177.0,2018-06-04,Completed,2024-11-01,,,2024-09-30 00:00:00,2024-09-01,,2024-09-30 00:00:00,C,14.0,"FES, SRIS, FS",
0730,Darby Solar,"Darby Solar, LLC",Washington,NY,Mohican - Schaghticoke 115kV,NM-NG,,20.0,20.0,20.0,2018-06-11,Completed,,,,2022-11-30 00:00:00,,,2022-11-30 00:00:00,F,14.0,"FES, SIS",
0731,Branscomb Solar,"Branscomb Solar, LLC",Washington,NY,Battenkill - Eastover 115kV,NM-NG,Solar,20.0,20.0,20.0,2018-06-11,Completed,,,,2021-12-31 00:00:00,,,2021-12-31 00:00:00,F,14.0,,
0735,ELP Stillwater Solar,ELP Stillwater Solar LLC,Saratoga,NY,Luther Forest - Mohican 115kV,NM-NG,Solar,20.0,20.0,20.0,2018-06-12,Completed,,,,2023-11-30 00:00:00,,,2023-11-30 00:00:00,F,14.0,"FES, SIS, FS",
0748,Regan Solar,"Regan Solar, LLC",Montgomery,NY,Market Hill - Johnstown 69kV,NM-NG,Solar,20.0,20.0,20.0,2018-08-09,Completed,,,,2022-12-31 00:00:00,,,2022-12-31 00:00:00,F,14.0,,
0758,Sithe Independence,"Sithe/Independence Power Partners, LP",Oswego,NY,Sithe 345kV Substation,NM-NG,Combined Cycle,27.0,9.0,27.0,2018-09-06,Completed,,,,2023-12-31 00:00:00,,,2023-12-31 00:00:00,C,14.0,"SRIS, FS",
0759,KCE NY 6,"KCE NY 6, LLC",Erie,NY,Gardenville - Bethlehem Steel Wind 115kV Line #150,NM-NG,Energy Storage,20.0,20.0,20.0,2018-09-06,Completed,,,,2022-01-31 00:00:00,,,2022-01-31 00:00:00,A,14.0,SIS,
0768,Janis Solar,"Janis Solar, LLC",Cortland,NY,Willet 34.5kV,NYSEG,Solar,20.0,20.0,20.0,2018-10-01,Completed,,,,2022-11-30 00:00:00,,,2022-11-30 00:00:00,C,14.0,"FES, SIS, FS",
0769,North County Energy Storage,NY Power Authority,Franklin,NY,Willis 115kV,NYPA,Energy Storage,20.0,20.0,20.0,2018-10-05,Completed,,,,2023-09-30 00:00:00,,,2023-09-30 00:00:00,D,14.0,SIS,
0775,Puckett Solar,"Puckett Solar, LLC",Chenango,NY,Chenango Forks 34.5kV,NYSEG,Solar,20.0,20.0,20.0,2018-10-22,Completed,,,,2022-09-30 00:00:00,,,2022-09-30 00:00:00,C,14.0,"SIS, FS",
0781,Marcy South SSR Detection,NY Power Authority,Delaware,NY,Fraser - Annex 345 kV Substation,NYPA,AC Transmission,0.0,,,2018-12-03,Completed,,,,2019-09-30 00:00:00,,,2019-09-30 00:00:00,E,14.0,"SIS, FS",
0887,CH Uprate,CHPE LLC,Quebec-NY,NY,Astoria Annex 345kV,NYPA,DC Transmission,250.0,250.0,250.0,2019-06-12,Completed,,,,2023-06-30 00:00:00,,,2023-06-30 00:00:00,J,14.0,"SRIS, FS",
1125,Northern New York Priority Transmission Project (NNYPTP),New York Power Authority and National Grid,St. Lawrence-Lewis,NY,1. Moses 230 kV substation 2. Haverstock 345 kV sub (new) 3. Massena 230 kV substation 4. Adirondack 345 kV sub (new) 5. Willis 230 kV substation 6. Ryan & Patnode 230 kV substations 7. Chases Lake 345 kV sub (new) 8. Marcy 345 kV sub 9. Edic 345 kV sub,"NYPA, NM-NG",AC Transmission,0.0,,,2020-12-22,Completed,,,,2025-06-30 00:00:00,,,2025-06-30 00:00:00,"D, E",15.0,FS,
