Queue ID,Project Name,Interconnecting Entity,County,State,Interconnection Location,Transmission Owner,Generation Type,Capacity (MW),Summer Capacity (MW),Winter Capacity (MW),Queue Date,Status,Proposed Completion Date,Withdrawn Date,Withdrawal Comment,Actual Completion Date,Fuel,Technology,GIM Study Phase,Screening Study Started,Screening Study Complete,FIS Requested,FIS Approved,Economic Study Required,IA Signed,Air Permit,GHG Permit,Water Availability,Meets Planning,Meets All Planning,CDR Reporting Zone,Approved for Energization,Approved for Synchronization,Comment
15INR0064b,Harald (BearKat Wind B),"McCrae Wind Energy II, LLC",Glasscock,Texas,59903 Bearkat 345kV,,Wind - Wind Turbine,162.1,,,2013-11-27,Completed,2026-12-03,,,2020-05-12,Wind,Wind Turbine,"SS Completed, FIS Completed, IA",2013-11-27,2014-01-27,2014-04-15 00:00:00.000,2017-09-27,No,2018-05-30,Not Required,Not Required,Not Required,2018-05-30 00:00:00,2018-09-19 00:00:00,WEST,2020-02-10,2020-05-12,
16INR0049,Nazareth Solar,"TX Nazareth Solar, LLC",Castro,Texas,tap 345kV 23914 Tule Canyon - 23912 Ogallala C2,,Solar - Photovoltaic Solar,203.0,,,2014-06-19,Completed,2027-08-31,,,,Solar,Photovoltaic Solar,"SS Completed, FIS Completed, IA",2014-06-19,2014-07-25,2014-07-01 00:00:00.000,2025-07-29,No,2026-03-05,Not Required,Not Required,Not Required,2024-03-22 00:00:00,,PANHANDLE,,,
16INR0081,Mesteno Wind,"Mesteno Windpower, LLC",Starr,Texas,80355 Del Sol 345kV,,Wind - Wind Turbine,201.6,,,2014-12-30,Completed,2027-03-01,,,2019-12-12,Wind,Wind Turbine,"SS Completed, FIS Completed, IA",2014-12-30,2015-03-09,2014-12-30 00:00:00.000,2018-01-29,No,2018-04-25,Not Required,Not Required,Not Required,2018-04-25 00:00:00,2019-03-28 00:00:00,SOUTH,2019-11-26,2019-12-12,
16INR0085,Priddy Wind ,ENGIE North America,Mills,Texas,tap 345kV 1444 Brown – 3422 Killeen,,Wind - Wind Turbine,302.4,,,2015-01-14,Completed,2026-12-31,,,2021-11-19,Wind,Wind Turbine,"SS Completed, FIS Completed, IA",2015-01-14,2015-02-10,2015-03-06 00:00:00.000,2021-04-30,No,2020-08-13,Not Required,Not Required,Not Required,2021-03-29 00:00:00,2021-04-30 00:00:00,NORTH,2021-10-13,2021-11-19,
16INR0104,Big Sampson Wind ,"Big Sampson Wind Project, LLC",Crockett,Texas,tap 345kV 76015 Cedar Canyon - 7053 Noelke,,Wind - Wind Turbine,265.4,,,2015-05-11,Completed,2026-09-01,,,2025-06-16,Wind,Wind Turbine,"SS Completed, FIS Completed, IA",2015-05-11,2015-06-17,2015-05-11 00:00:00.000,2024-10-30,Yes,2019-11-08,Not Required,Not Required,Not Required,2024-10-31 00:00:00,2024-11-04 00:00:00,WEST,2025-06-04,2025-06-16,
16INR0112,Loma Pinta Wind ,Enerverse,La Salle,Texas,5705 Fowlerton 138kV,,Wind - Wind Turbine,197.01,,,2015-05-18,Completed,2026-12-31,,,,Wind,Wind Turbine,"SS Completed, FIS Started, IA",2015-05-18,2015-07-02,2015-05-18 00:00:00.000,,No,2017-12-13,Not Required,Not Required,Not Required,,,SOUTH,,,
17INR0027b,Coyote Wind,Coyote Wind,Scurry,Texas,11305 Dermott 345kV,,Wind - Wind Turbine,242.6,,,2015-04-22,Completed,2026-08-28,,,2020-11-25,Wind,Wind Turbine,"SS Completed, FIS Completed, IA",2015-04-22,2015-05-22,2015-06-11 00:00:00.000,2020-01-31,No,2016-08-09,Not Required,Not Required,Not Required,2016-08-09 00:00:00,2020-01-28 00:00:00,WEST,2020-08-24,2020-11-25,
17INR0043,Vaquero 1 Wind,Enerverse,Zapata,Texas,tap 345kV 8905 N Edinb - 8455 Lon Hill,,Wind - Wind Turbine,400.0,,,2016-04-01,Active,2027-01-15,,,,Wind,Wind Turbine,"SS Completed, FIS Started, No IA",2016-04-01,2016-05-10,2016-04-01 00:00:00.000,,,,Not Required,Not Required,Not Required,,,SOUTH,,,
17INR0052,Horse13 CallD repower,Nextera,Taylor,Texas,6216 Bluff Creek 138kV,,Wind - Wind Turbine,44.0,,,2016-10-03,Completed,2027-03-31,,,2021-03-16,Wind,Wind Turbine,"SS Completed, FIS Completed, IA",2016-10-03,2016-10-17,2016-10-03 00:00:00.000,2018-04-10,No,2019-05-22,Not Required,Not Required,Not Required,2020-04-13 00:00:00,2020-04-13 00:00:00,WEST,,2021-03-16,
17INR0053,HHGT repower Horse13+CallD,Nextera,Taylor,Texas,7046 Kendal 345kV,,Wind - Wind Turbine,44.0,,,2016-10-03,Completed,2027-03-31,,,2021-09-10,Wind,Wind Turbine,"SS Completed, FIS Completed, IA",2016-10-03,2016-10-17,2016-10-03 00:00:00.000,2017-07-06,No,2009-06-26,Not Required,Not Required,Not Required,2020-04-13 00:00:00,2020-04-13 00:00:00,WEST,,2021-09-10,
17INR0054,Capricorn I & III repower,Nextera,Sterling,Texas,180757 Capricorn Ridge 3 138kV,,Wind - Wind Turbine,32.0,,,2017-03-09,Completed,2026-06-30,,,2021-03-04,Wind,Wind Turbine,"SS Completed, FIS Completed, IA",2017-03-09,2017-04-24,2017-03-09 00:00:00.000,2018-02-26,No,2006-11-14,Not Required,Not Required,Not Required,2021-02-28 00:00:00,2021-02-28 00:00:00,WEST,,2021-03-04,
17INR0068,Sweetwater 2 repower,Leeward Energy,Nolan,Texas,71050 Bitter Creek 345kV,,Wind - Wind Turbine,7.3,,,2017-10-05,Completed,2024-11-30,,,2017-12-20,Wind,Wind Turbine,"SS Completed, FIS Completed, IA",2017-10-05,2017-10-05,2017-10-05 00:00:00.000,2017-11-10,No,2003-06-27,Not Required,Not Required,Not Required,2018-10-31 00:00:00,2018-10-31 00:00:00,WEST,,2017-12-20,
17INR0069,Trent repower,TRENT WIND FARM LLC ,Nolan,Texas,1338 Eskota 138kV,,Wind - Wind Turbine,6.4,,,2017-11-08,Completed,2026-01-01,,,2019-05-09,Wind,Wind Turbine,"SS Completed, FIS Completed, IA",2017-11-08,2017-11-28,2017-11-08 00:00:00.000,2018-03-01,No,2018-10-19,Not Required,Not Required,Not Required,2018-10-31 00:00:00,2018-10-31 00:00:00,WEST,,2019-05-09,
17INR0070,Desert Sky repower,DESERT SKY WIND FARM LLC,Pecos,Texas,two LCRA 138kV,,Wind - Wind Turbine,7.2,,,2017-11-08,Completed,2023-05-16,,,2019-09-06,Wind,Wind Turbine,"SS Completed, FIS Completed, IA",2017-11-08,2017-11-28,2017-11-08 00:00:00.000,2018-02-06,No,2018-10-18,Not Required,Not Required,Not Required,2018-10-31 00:00:00,2018-10-31 00:00:00,WEST,,2019-09-06,
18INR0009,Eagle Pines Gas,FGE Power,Cherokee,Texas,tap 345kV 3109 Stryker - 3123 Trinidad,,Gas - Combined-Cycle,1173.5,,,2015-03-30,Active,2028-10-30,,,,Gas,Combined-Cycle,"SS Completed, FIS Started, No IA",2015-03-30,2015-06-23,2015-04-29 00:00:00.000,,,,2017-02-14 00:00:00,2015-11-04 00:00:00,,,,NORTH,,,
18INR0031,Maryneal Wind,"Maryneal Windpower, LLC",Nolan,Texas,71050 Bitter Creek 345kV,,Wind - Wind Turbine,182.4,,,2016-05-26,Completed,2026-08-31,,,2021-04-23,Wind,Wind Turbine,"SS Completed, FIS Completed, IA",2016-05-26,2016-07-21,2016-07-22 00:00:00.000,2020-01-31,No,2020-01-31,Not Required,Not Required,Not Required,2020-01-31 00:00:00,2020-01-31 00:00:00,WEST,2021-01-08,2021-04-23,
18INR0064,Silver Star repower,"Silver Star I Power Partners, LLC",Eastland,Texas,1642 Flat Creek 138kV,,Wind - Wind Turbine,-7.2,,,2017-04-05,Completed,2026-09-05,,,2020-07-28,Wind,Wind Turbine,"SS Completed, FIS Completed, IA",2017-04-05,2017-05-08,2017-07-06 00:00:00.000,2018-04-26,No,2018-10-16,Not Required,Not Required,Not Required,2019-10-23 00:00:00,2019-10-23 00:00:00,NORTH,,2020-07-28,
18INR0069,Indian Mesa repower,Nextera,Pecos,Texas,76019 Indian NWP 138kV,,Wind - Wind Turbine,9.3,,,2018-05-22,Completed,2026-12-31,,,2018-11-02,Wind,Wind Turbine,"SS Completed, FIS Completed, IA",2018-05-22,2018-08-29,2018-05-22 00:00:00.000,2018-10-03,No,2018-12-04,Not Required,Not Required,Not Required,2018-10-31 00:00:00,2018-10-31 00:00:00,WEST,,2018-11-02,
18INR0073,Sweetwater 1 repower ,Leeward Energy,Nolan,Texas,71050 Bitter Creek 345kV,,Wind - Wind Turbine,3.0,,,2018-02-09,Completed,2024-11-30,,,,Wind,Wind Turbine,"SS Completed, FIS Completed, IA",2018-02-09,2018-02-09,2018-02-09 00:00:00.000,2018-12-27,No,2002-10-23,Not Required,Not Required,Not Required,,,WEST,,,
18INR0079,Woodward I repower,Nextera,Pecos,Texas,60400 Lynx 138kV,,Wind - Wind Turbine,0.0,,,2018-06-27,Completed,2026-12-31,,,2019-11-13,Wind,Wind Turbine,"SS Completed, FIS Completed, IA",2018-06-27,2018-06-27,2018-06-27 00:00:00.000,2019-01-09,No,2018-12-12,Not Required,Not Required,Not Required,2020-10-30 00:00:00,2020-10-30 00:00:00,WEST,2019-11-07,2019-11-13,
18INR0080,Woodward 2 repower,Nextera,Pecos,Texas,60400 Lynx 138kV,,Wind - Wind Turbine,0.0,,,2018-06-19,Completed,2026-12-31,,,2018-12-19,Wind,Wind Turbine,"SS Completed, FIS Completed, IA",2018-06-19,2018-06-19,2018-06-19 00:00:00.000,2018-11-27,No,2018-12-18,Not Required,Not Required,Not Required,2018-11-29 00:00:00,2018-11-29 00:00:00,WEST,,2018-12-19,
19INR0002,Grandfalls Solar,"King Mountain Solar, LLC",Upton,Texas,842 King Mountain Station 345kV,,Solar - Photovoltaic Solar,175.6,,,2016-05-24,Completed,2026-11-25,,,2026-07-15,Solar,Photovoltaic Solar,"SS Completed, FIS Completed, IA",2016-05-24,2016-06-06,2016-05-24 00:00:00.000,2025-12-17,No,2025-01-23,Not Required,Not Required,Not Required,2026-01-08 00:00:00,2026-01-26 00:00:00,WEST,2026-06-24,2026-07-15,
19INR0023,Monte Alto 2 Wind,"Monte Alto Windpower, LLC",Willacy,Texas,tap 345kV 8318 Rio Hondo - 8383 N Edinburg,,Wind - Wind Turbine,199.2,,,2016-11-04,Completed,2028-12-31,,,,Wind,Wind Turbine,"SS Completed, FIS Started, IA",2016-11-04,2017-01-10,2017-03-23 00:00:00.000,,No,2022-03-22,Not Required,Not Required,Not Required,2025-02-12 00:00:00,,COASTAL,,,
19INR0035,Norton Solar,"TAI Norton Solar, LLC",Runnels,Texas,60451 Garnet 138kV,,Solar - Photovoltaic Solar,128.48,,,2017-03-06,Completed,2025-11-24,,,2025-08-06,Solar,Photovoltaic Solar,"SS Completed, FIS Completed, IA",2017-03-06,2017-04-20,2017-11-08 00:00:00.000,2024-10-29,No,2019-06-20,Not Required,Not Required,Not Required,2019-07-12 00:00:00,2023-05-30 00:00:00,WEST,2025-07-24,2025-08-06,
19INR0041,Myrtle Solar,"Myrtle Solar, LLC ",Brazoria,Texas,42110 Angleton 138kV,,Solar - Photovoltaic Solar,321.2,,,2017-03-15,Completed,2027-06-21,,,2022-12-20,Solar,Photovoltaic Solar,"SS Completed, FIS Completed, IA",2017-03-15,2017-04-28,2017-05-09 00:00:00.000,2022-01-25,,2019-11-13,Not Required,Not Required,Not Required,2019-11-30 00:00:00,2020-05-06 00:00:00,COASTAL,2022-12-07,2022-12-20,
19INR0055,Monte Cristo II Wind,"Monte Cristo Windpower II, LLC",Hidalgo,Texas,8574 Pomelo 345kV,,Wind - Wind Turbine,233.9,,,2017-04-11,Completed,2028-12-31,,,,Wind,Wind Turbine,"SS Completed, FIS Started, IA",2017-04-11,2017-05-03,2017-07-28 00:00:00.000,,No,2025-12-19,Not Required,Not Required,Not Required,2026-06-30 00:00:00,,SOUTH,,,
19INR0075,Horseshoe Bend Solar,Clenera,Brown,Texas,1444 Brown 345kV,,Solar - Photovoltaic Solar,301.1,,,2017-06-23,Active,2028-02-20,,,,Solar,Photovoltaic Solar,"SS Completed, FIS Started, No IA",2017-06-23,2017-08-07,2018-02-09 00:00:00.000,,No,,Not Required,Not Required,Not Required,,,NORTH,,,
19INR0080,Whitehorse Wind,MESQUITE STAR SPECIAL LLC,Fisher,Texas,68001 Clayton 345kV,,Wind - Wind Turbine,418.9,,,2017-06-23,Completed,2026-12-31,,,2019-12-27,Wind,Wind Turbine,"SS Completed, FIS Completed, IA",2017-06-23,2017-08-07,2018-02-16 00:00:00.000,2019-01-22,No,2018-12-05,Not Required,Not Required,Not Required,2019-03-12 00:00:00,2019-04-02 00:00:00,WEST,2019-12-12,2019-12-27,
19INR0085,Blue Jay Solar ,"Blue Jay Solar I, LLC",Grimes,Texas,4 Iola 138kV,,Solar - Photovoltaic Solar,141.05,,,2017-05-30,Completed,2025-09-30,,,2022-06-28,Solar,Photovoltaic Solar,"SS Completed, FIS Completed, IA",2017-05-30,2017-08-11,2018-02-15 00:00:00.000,2021-04-26,No,2020-10-26,Not Required,Not Required,Not Required,2020-12-02 00:00:00,2021-04-26 00:00:00,NORTH,2021-11-11,2022-06-28,
19INR0100,Prairie Hill Wind,Prairie Hill LLC,McLennan,Texas,tap 345kV 3405 Tradinghouse - 3402 Lake Creek ,,Wind - Wind Turbine,297.2,,,2017-06-19,Completed,2027-09-30,,,2020-11-12,Wind,Wind Turbine,"SS Completed, FIS Completed, IA",2017-06-19,2017-08-11,2017-06-19 00:00:00.000,2020-04-03,No,2018-09-17,Not Required,Not Required,Not Required,2018-11-27 00:00:00,2020-04-21 00:00:00,NORTH,2020-10-19,2020-11-12,
19INR0103,Rodeo Solar,"Core Solar SPV I, LLC",Andrews,Texas,"138kV 11273 NELSON SWITCH
",,Solar - Photovoltaic Solar,200.0,,,2017-06-29,Completed,2026-11-30,,,,Solar,Photovoltaic Solar,"SS Completed, FIS Started, IA",2017-06-29,2017-08-04,2018-02-19 00:00:00.000,,,2019-08-20,Not Required,Not Required,Not Required,2021-03-10 00:00:00,2022-11-01 00:00:00,WEST,,,
19INR0110,Azalea Springs Solar ,AZALEA SPRINGS SOLAR PARK LLC ,Angelina,Texas,tap 138kV Jim English – Lufkin Chipper Mill,,Solar - Photovoltaic Solar,181.0,,,2017-07-26,Completed,2026-07-15,,,2025-02-11,Solar,Photovoltaic Solar,"SS Completed, FIS Completed, IA",2017-07-26,2017-09-15,2018-03-15 00:00:00.000,2024-04-30,No,2023-09-14,Not Required,Not Required,Not Required,2024-05-01 00:00:00,2024-05-01 00:00:00,NORTH,2025-01-29,2025-02-11,
19INR0120,Sherbino II Wind repower,Sherbino II Wind Farm LLC,Pecos,Texas,38430 TN White Baker 138kV,,Wind - Wind Turbine,-18.0,,,2017-08-18,Completed,2026-08-22,,,2020-06-09,Wind,Wind Turbine,"SS Completed, FIS Completed, IA",2017-08-18,2017-09-28,2017-09-21 00:00:00.000,2018-12-04,No,2008-02-28,Not Required,Not Required,Not Required,2019-10-28 00:00:00,2019-10-28 00:00:00,WEST,,2020-06-09,
19INR0134,Cottonwood Bayou Solar,"Cottonwood Bayou Solar, LLC",Brazoria,Texas,tap 138kV 42870 Liverpool - 43070 Petson,,Solar - Photovoltaic Solar,351.4,,,2017-09-22,Completed,2026-08-29,,,2024-05-29,Solar,Photovoltaic Solar,"SS Completed, FIS Completed, IA",2017-09-22,2017-11-17,2018-02-15 00:00:00.000,2023-04-27,No,2019-11-13,Not Required,Not Required,Not Required,2023-04-27 00:00:00,2023-04-27 00:00:00,COASTAL,2024-05-01,2024-05-29,
19INR0174,Elbow Creek repower,"Elbow Creek Wind Project, LLC",Howard,Texas,1058 Longshore 345kV,,Wind - Wind Turbine,0.0,,,2018-05-04,Completed,2027-03-31,,,2019-06-27,Wind,Wind Turbine,"SS Completed, FIS Completed, IA",2018-05-04,2018-05-18,2018-07-19 00:00:00.000,2018-09-17,No,2007-11-30,Not Required,Not Required,Not Required,2018-10-31 00:00:00,2018-10-31 00:00:00,WEST,,2019-06-27,
19INR0189,SP TX-12B Phase III,ConEd Development,Upton,Texas,76040 Castillo 138kV,,Solar - Photovoltaic Solar,40.0,,,2018-09-12,Active,2025-12-02,,,,Solar,Photovoltaic Solar,"SS Completed, FIS Started, No IA",2018-09-12,2018-10-03,,,No,,Not Required,Not Required,Not Required,,,WEST,,,
20INR0012,Lueders Solar,Innovative Solar 75,Haskell,Texas,Tap 138kV 6161 Paint Creek - 6200 Ft Phantom,,Solar - Photovoltaic Solar,40.0,,,2017-07-11,Active,2029-12-31,,,,Solar,Photovoltaic Solar,"SS Completed, FIS Started, No IA",2017-07-11,2017-08-28,2017-10-20 00:00:00.000,,No,,Not Required,Not Required,Not Required,,,WEST,,,
20INR0019,Trinity Hills Wind repower,Trinity Hills Wind Farm LLC,Young,Texas,17002 Garvey Rd 345kV,,Wind - Wind Turbine,-27.0,,,2017-07-20,Completed,2026-08-29,,,2020-05-22,Wind,Wind Turbine,"SS Completed, FIS Completed, IA",2017-07-20,2017-09-08,2017-09-21 00:00:00.000,2018-08-02,No,2018-10-17,Not Required,Not Required,Not Required,2019-10-29 00:00:00,2019-10-29 00:00:00,WEST,,2020-05-22,
20INR0029,Lutum Wind,RWE,Clay,Texas,tap 345kV 6101 Riley - 1730 W Krum,,Wind - Wind Turbine,241.5,,,2017-09-12,Active,2027-07-01,,,,Wind,Wind Turbine,"SS Completed, FIS Started, No IA",2017-09-12,2017-11-07,2018-05-08 00:00:00.000,,No,,Not Required,Not Required,Not Required,,,WEST,,,
20INR0033,WILDWIND,Wildcat Creek,Cooke,Texas,tap 345kV 1730 KrumW - 2373 Anna,,Wind - Wind Turbine,180.08,,,2017-10-18,Completed,2026-04-15,,,2021-02-10,Wind,Wind Turbine,"SS Completed, FIS Completed, IA",2017-10-18,2017-12-11,2018-06-14 00:00:00.000,2019-11-25,No,2020-02-21,Not Required,Not Required,Not Required,2020-03-23 00:00:00,2020-04-30 00:00:00,NORTH,2020-12-22,2021-02-10,
20INR0047,Siete,Apex Clean Energy,Webb,Texas,345kV 8718 Triada,,Wind - Wind Turbine,492.8,,,2018-10-23,Completed,2029-03-31,,,,Wind,Wind Turbine,"SS Completed, FIS Started, IA",2018-10-23,2018-12-11,2019-06-12 00:00:00.000,,No,2022-06-30,Not Required,Not Required,Not Required,2022-07-19 00:00:00,,SOUTH,,,
20INR0050,Castro Solar,"Castro Solar One, LLC",Castro,Texas,23912 Ogallala 345kV,,Solar - Photovoltaic Solar,224.67,,,2018-02-08,Completed,2028-09-20,,,,Solar,Photovoltaic Solar,"SS Completed, FIS Started, IA",2018-02-08,2018-04-09,2018-05-15 00:00:00.000,,No,2020-11-30,Not Required,Not Required,Not Required,,,PANHANDLE,,,
20INR0069,Danish Fields Solar,"Danish Fields Solar, LLC ",Wharton,Texas,44200 Hillje 345kV,,Solar - Photovoltaic Solar,602.8,,,2018-04-12,Completed,2026-08-29,,,2023-05-04,Solar,Photovoltaic Solar,"SS Completed, FIS Completed, IA",2018-04-12,2018-06-05,2018-08-21 00:00:00.000,2022-07-25,No,2020-02-24,Not Required,Not Required,Not Required,2022-07-28 00:00:00,2022-07-28 00:00:00,SOUTH,2023-03-27,2023-05-04,
20INR0083,Baird North Wind,"BMP Wind, LLC",Callahan,Texas,68008 Latimer 345kV,,Wind - Wind Turbine,340.0,,,2018-05-04,Completed,2026-12-31,,,2021-08-20,Wind,Wind Turbine,"SS Completed, FIS Completed, IA",2018-05-04,2018-06-12,2018-08-20 00:00:00.000,2020-10-30,No,2019-05-31,Not Required,Not Required,Not Required,2019-07-19 00:00:00,2020-10-30 00:00:00,WEST,2021-08-09,2021-08-20,
20INR0086,Arroyo Solar,"BT Cantwell Solar, LLC",Cameron,Texas,345 KV Tap #8318 Rio Hondo - #8317 La Palma,,Solar - Photovoltaic Solar,100.0,,,2018-05-09,Completed,2028-02-22,,,,Solar,Photovoltaic Solar,"SS Completed, FIS Started, IA",2018-05-09,2018-07-09,2018-10-10 00:00:00.000,,No,2021-09-28,Not Required,Not Required,Not Required,2025-08-05 00:00:00,,COASTAL,,,
20INR0091,Fagus Solar Park 1 SLF,"Excel Advantage Services, LLC dba Misae Solar Park II",Childress,Texas,60501 Tesla 345kV,,Solar - Photovoltaic Solar,166.42,,,2018-05-15,Completed,2026-05-20,,,2025-08-04,Solar,Photovoltaic Solar,"SS Completed, FIS Completed, IA",2018-05-15,2018-07-06,2018-05-15 00:00:00.000,2024-02-27,No,2019-02-21,Not Required,Not Required,Not Required,2021-01-15 00:00:00,2024-04-30 00:00:00,PANHANDLE,2025-05-29,2025-08-04,
20INR0097,El Sauz Ranch,"El Sauz Ranch Wind, LLC",Willacy,Texas,8663 EL SAUZ POI 345kV,,Wind - Wind Turbine,301.5,,,2018-06-19,Completed,2026-09-15,,,2023-02-28,Wind,Wind Turbine,"SS Completed, FIS Completed, IA",2018-06-19,2018-08-22,2019-01-31 00:00:00.000,2021-10-29,,2021-01-27,Not Required,Not Required,Not Required,2021-10-14 00:00:00,2022-01-26 00:00:00,COASTAL,2022-09-28,2023-02-28,
20INR0106,Wang Solar SLF,"BT Yixin Solar, LLC",Falls,Texas,tap 345kV 3409 LakeCr1 - 3414 TempSS,,Solar - Photovoltaic Solar,144.6,,,2018-06-14,Active,2026-03-31,,,,Solar,Photovoltaic Solar,"SS Completed, FIS Started, No IA",2018-06-14,2018-08-13,2018-08-29 00:00:00.000,,No,,Not Required,Not Required,Not Required,,,NORTH,,,
20INR0129,Foxtrot Wind,Lincoln Clean,Bee,Texas,AEP 88689 Tango 345kV station,,Wind - Wind Turbine,268.2,,,2018-07-26,Completed,2026-08-31,,,2022-03-09,Wind,Wind Turbine,"SS Completed, FIS Completed, IA",2018-07-26,2018-09-14,2018-07-26 00:00:00.000,2021-07-30,No,2020-05-05,Not Required,Not Required,Not Required,2021-07-30 00:00:00,2021-07-30 00:00:00,SOUTH,2022-02-23,2022-03-09,
20INR0143,Tri-X Solar 1 SLF,"Crane I Solar Electric, LLC",Crane,Texas,138 kV Soda Lake (#76026) ,,Solar - Photovoltaic Solar,201.5,,,2016-11-07,Completed,2028-10-30,,,,Solar,Photovoltaic Solar,"SS Completed, FIS Started, IA",2016-11-07,2016-11-08,2017-02-10 00:00:00.000,,No,2022-02-28,Not Required,Not Required,Not Required,,,WEST,,,
20INR0155,Peyton Creek Wind II,"RWE Renewables Development, LLC",Matagorda,Texas,42400 Refuge 345kV,,Wind - Wind Turbine,241.2,,,2018-08-21,Completed,2026-12-31,,,2025-02-05,Wind,Wind Turbine,"SS Completed, FIS Completed, IA",2018-08-21,2018-11-02,2019-03-14 00:00:00.000,2024-06-25,No,2026-04-29,Not Required,Not Required,Not Required,2024-06-25 00:00:00,2024-07-24 00:00:00,COASTAL,2024-12-30,2025-02-05,
20INR0162,Diamondback solar,"Diamondback Solar, LLC",Starr,Texas,80355 Del Sol 345kV,,Solar - Photovoltaic Solar,203.8,,,2018-09-13,Completed,2028-05-31,,,,Solar,Photovoltaic Solar,"SS Completed, FIS Completed, IA",2018-09-13,2018-12-06,2018-11-07 00:00:00.000,2026-06-30,No,2024-06-14,Not Required,Not Required,Not Required,2025-02-12 00:00:00,,SOUTH,,,
20INR0203,Pine Forest Solar,"Pine Forest Solar I, LLC",Hopkins,Texas,Monticello Switch – Allen Switch 345 kV Line,,Solar - Photovoltaic Solar,301.51,,,2018-10-04,Completed,2026-10-01,,,2025-07-03,Solar,Photovoltaic Solar,"SS Completed, FIS Completed, IA",2018-10-04,2018-11-20,,2024-12-18,No,2020-07-29,Not Required,Not Required,Not Required,2024-05-22 00:00:00,2025-01-28 00:00:00,NORTH,2025-06-03,2025-07-03,
20INR0205,Roseland Solar,"Enel Green Power Roseland Solar, LLC",Falls,Texas,tap 345kV 3390 Jewett - 3399 Ratsnake,,Solar - Photovoltaic Solar,254.0,,,2018-11-30,Completed,2025-11-29,,,2022-09-26,Solar,Photovoltaic Solar,"SS Completed, FIS Completed, IA",2018-11-30,2019-02-04,2019-02-04 00:00:00.000,2021-10-25,No,2020-12-10,Not Required,Not Required,Not Required,2021-08-18 00:00:00,2021-11-01 00:00:00,NORTH,2022-06-07,2022-09-26,
20INR0216,Starr Solar Ranch,Starr Solar Ranch 1 LLC,Starr,Texas,8795 Roma 138kV,,Solar - Photovoltaic Solar,136.73,,,2018-11-07,Completed,2025-08-14,,,2024-10-30,Solar,Photovoltaic Solar,"SS Completed, FIS Completed, IA",2018-11-07,2018-12-14,2018-11-07 00:00:00.000,2024-01-26,No,2020-10-01,Not Required,Not Required,Not Required,2024-01-24 00:00:00,2024-01-24 00:00:00,SOUTH,2024-10-09,2024-10-30,
20INR0236,New Hickory Solar,New Hickory Solar LLC,Jackson,Texas,OLD_HCKRY_5 bus 5323 345 kV,,Solar - Photovoltaic Solar,209.15,,,2019-01-25,Completed,2026-12-29,,,,Solar,Photovoltaic Solar,"SS Completed, FIS Completed, IA",2019-01-25,2019-04-19,2019-08-12 00:00:00.000,2024-06-30,No,2020-06-30,Not Required,Not Required,Not Required,2021-04-12 00:00:00,2025-07-31 00:00:00,SOUTH,2026-07-20,,
20INR0238,Voyager Storage,"EDF Renewables Development, Inc.",Wharton,Texas,44200 Hillje 345kV,,Other - Battery Energy Storage,50.14,,,2019-01-14,Active,2028-04-08,,,,Other,Battery Energy Storage,"SS Completed, FIS Started, No IA",2019-01-14,2019-03-19,2019-04-26 00:00:00.000,,,,Not Required,Not Required,,,,SOUTH,,,
20INR0241,Crowded Star Solar,"Jones City Solar, LLC",Jones,Texas,tap 345kV 68001 Claytonville – 68004 Phantom Hill c2 (New Substation: Open Sky 68014),,Solar - Photovoltaic Solar,218.79,,,2019-01-21,Completed,2026-08-17,,,2026-05-28,Solar,Photovoltaic Solar,"SS Completed, FIS Completed, IA",2019-01-21,2019-04-19,2019-05-22 00:00:00.000,2024-11-05,Yes,2019-12-17,Not Required,Not Required,Not Required,2021-12-01 00:00:00,2025-07-24 00:00:00,WEST,2026-04-22,2026-05-28,
20INR0242,Anson Solar 2,"Anson Solar Center 2, LLC",Jones,Texas,existing tap 345 kV 68004 Phantom Hill station ,,Solar - Photovoltaic Solar,200.9,,,2017-06-23,Completed,2026-10-01,,,2025-11-25,Solar,Photovoltaic Solar,"SS Completed, FIS Completed, IA",2017-06-23,2017-08-07,2018-02-15 00:00:00.000,2025-03-19,,2024-08-15,Not Required,Not Required,Not Required,2025-02-12 00:00:00,2025-05-22 00:00:00,WEST,2025-11-04,2025-11-25,
20INR0245,Volunteer Storage,Blackjack Storage LLC,Caldwell,Texas,7216 Lockhart 138kV,,Other - Battery Energy Storage,50.6,,,2019-01-15,Active,2028-02-29,,,,Other,Battery Energy Storage,"SS Completed, FIS Started, No IA",2019-01-15,2019-07-02,2019-03-15 00:00:00.000,,,,Not Required,Not Required,,,,SOUTH,,,
20INR0246,Ryan Energy Storage,Ryan Storage LLC,Coryell,Texas,37580 TNPancake 69kV,,Other - Battery Energy Storage,51.6,,,2019-01-15,Completed,2026-12-12,,,,Other,Battery Energy Storage,"SS Completed, FIS Completed, IA",2019-01-15,2019-04-05,2019-03-15 00:00:00.000,2025-09-16,No,2021-02-18,Not Required,Not Required,,2022-08-03 00:00:00,2026-01-27 00:00:00,NORTH,,,
20INR0247,Water Valley Wind Energy,"Water Valley Wind Energy, LLC",Tom Green,Texas,345 kV 76009 Twin Buttes to 76090 Divide Double Circuit ,,Wind - Wind Turbine,180.0,,,2019-01-15,Completed,2027-12-15,,,,Wind,Wind Turbine,"SS Completed, FIS Started, IA",2019-01-15,2019-03-29,2019-01-10 00:00:00.000,,,2025-03-17,,,Not Required,,,WEST,,,
20INR0248,DAMAZO (Second Division) SOLAR,TX Gulf Solar 1 LLC,Brazoria,Texas,Tap 138 kV SANBER_POI_8 (Bus# 43110) to WEST COLUMBIA (Bus# 43380) Ckt 60 Line,,Solar - Photovoltaic Solar,100.2,,,2019-03-28,Completed,2025-12-31,,,2024-10-17,Solar,Photovoltaic Solar,"SS Completed, FIS Completed, IA",2019-03-28,2019-06-18,2019-07-29 00:00:00.000,2022-10-28,No,2020-10-14,Not Required,Not Required,Not Required,2023-10-31 00:00:00,2023-10-31 00:00:00,COASTAL,2024-10-08,2024-10-17,
20INR0255,Renegade Project,Renegade Renewable LLC,Deaf Smith,Texas,Tap 345kV 23910 Windmill - 23906 AJ Swope,,Solar - Photovoltaic Solar,515.66,,,2019-02-26,Completed,2028-01-15,,,,Solar,Photovoltaic Solar,"SS Completed, FIS Started, IA",2019-02-26,2019-05-17,2019-02-07 00:00:00.000,,,2021-01-04,Not Required,Not Required,Not Required,2024-04-30 00:00:00,,PANHANDLE,,,
20INR0266,Tres Bahias Solar,Tres Bahias Solar Power LLC,Calhoun,Texas,8140 Joslin 138kV,,Solar - Photovoltaic Solar,195.0,,,2019-03-26,Completed,2026-08-31,,,2023-09-12,Solar,Photovoltaic Solar,"SS Completed, FIS Completed, IA",2019-03-26,2019-06-11,2019-06-03 00:00:00.000,2022-01-21,,2020-08-07,Not Required,Not Required,Not Required,2020-10-07 00:00:00,2022-12-20 00:00:00,COASTAL,2023-06-26,2023-09-12,
20INR0286,"Wise County Power Repower (CT1, CT2)",Wise County Power Company LLC,Wise,Texas,1421 Willow Creek 345kV,,Gas - Combined-Cycle,21.0,,,2019-07-25,Completed,2026-12-19,,,,Gas,Combined-Cycle,"SS Completed, FIS Completed, IA",2019-07-25,2019-10-23,2019-07-16 00:00:00.000,2019-10-23,No,2001-03-19,2020-01-21 00:00:00,Not Required,2019-12-05 00:00:00,2020-01-22 00:00:00,2020-01-27 00:00:00,NORTH,,,
21INR0006,Giddings Wind,Pioneer Natural Resources,Upton,Texas,71212 Upton 138kV,,Wind - Wind Turbine,240.0,,,2017-09-06,Active,2030-09-09,,,,Wind,Wind Turbine,"SS Completed, FIS Started, No IA",2017-09-06,2019-08-19,2020-01-15 00:00:00.000,,,,Not Required,Not Required,Not Required,,,WEST,,,
21INR0012,Air Products GCA,Air Products,Galveston,Texas,39140 TNTxCityMain 69kV  (Will be upgraded to 138kV),,Gas - Steam Turbine other than Combined-Cycle,14.0,,,2018-06-07,Completed,2025-12-31,,,2024-07-10,Gas,Steam Turbine other than Combined-Cycle,"SS Completed, FIS Completed, IA",2018-06-07,2018-08-01,,2023-03-10,,2020-08-07,Not Required,Not Required,2020-03-31 00:00:00,2023-03-13 00:00:00,2023-03-13 00:00:00,HOUSTON,2023-11-07,2024-07-10,
21INR0022,Red Holly Solar,GreenGo Energy,Dawson,Texas,tap 345kV 59900 Longdraw - 79641 Farmland,,Solar - Photovoltaic Solar,260.0,,,2018-07-11,Completed,2029-09-30,,,,Solar,Photovoltaic Solar,"SS Completed, FIS Started, IA",2018-07-11,2018-08-16,2018-07-11 00:00:00.000,,No,2020-10-19,Not Required,Not Required,Not Required,,,WEST,,,
21INR0029,Red Holly Storage 1,GreenGo Energy,Dawson,Texas,tap 345kV 59900 Longdraw - 79641 Farmland,,Other - Battery Energy Storage,50.0,,,2018-07-11,Completed,2028-05-30,,,,Other,Battery Energy Storage,"SS Completed, FIS Started, IA",2018-07-11,2018-08-16,2018-07-11 00:00:00.000,,,2020-10-19,Not Required,Not Required,,,,WEST,,,
21INR0031,Indigo Solar,"Innovative Solar 245, LLC",Fisher,Texas,tap 345 kV 68001 Claytonville – 68004 Phantom Hill Circuit 2,,Solar - Photovoltaic Solar,150.0,,,2018-09-27,Completed,2027-09-17,,,,Solar,Photovoltaic Solar,"SS Completed, FIS Started, IA",2018-09-27,2018-11-20,2019-05-15 00:00:00.000,,No,2020-09-15,Not Required,Not Required,Not Required,2025-02-12 00:00:00,,WEST,,,
21INR0033,Red Holly Storage,GreenGo Energy,Dawson,Texas,tap 345kV 59900 Longdraw - 79641 Farmland,,Other - Battery Energy Storage,50.0,,,2018-09-27,Completed,2028-05-30,,,,Other,Battery Energy Storage,"SS Completed, FIS Started, IA",2018-09-27,2018-12-18,2018-12-11 00:00:00.000,,No,2020-10-19,Not Required,Not Required,,,,WEST,,,
21INR0203,Eastbell Milam Solar ,EDP RENEWABLES NORTH AMERICA LLC,Milam,Texas,345 kV Bell County East Switch (bus# 3687) - TNP One (bus# 39950) circuit 2,,Solar - Photovoltaic Solar,244.86,,,2018-10-10,Completed,2025-10-31,,,2023-11-01,Solar,Photovoltaic Solar,"SS Completed, FIS Completed, IA",2018-10-10,2018-12-09,2019-04-23 00:00:00.000,2022-10-28,No,2022-09-02,Not Required,Not Required,Not Required,2022-11-03 00:00:00,2022-11-03 00:00:00,SOUTH,2023-10-13,2023-11-01,
21INR0207,Quantum Solar,"IP QUANTUM II, LLC",Haskell,Texas,60089 Kilby Station 345kV,,Solar - Photovoltaic Solar,321.66,,,2018-09-27,Completed,2026-09-01,,,2026-04-10,Solar,Photovoltaic Solar,"SS Completed, FIS Completed, IA",2018-09-27,2018-11-14,2018-11-07 00:00:00.000,2025-06-16,No,2023-10-26,Not Required,Not Required,Not Required,2025-08-04 00:00:00,2025-08-04 00:00:00,WEST,2026-03-06,2026-04-10,
21INR0210,Adamstown Solar,"Adams Creek Solar Project, LLC",Wilbarger,Texas,tap 345kV 1730 West Krum - 6111 Riley Ckt 2,,Solar - Photovoltaic Solar,250.88,,,2018-11-20,Completed,2027-08-31,,,,Solar,Photovoltaic Solar,"SS Completed, FIS Completed, IA",2018-11-20,2019-02-04,2019-05-16 00:00:00.000,2026-02-25,No,2024-12-04,,,Not Required,2025-12-19 00:00:00,2026-07-17 00:00:00,WEST,,,
21INR0220,Maleza Solar,Brush Solar LLC,Wharton,Texas,tap Blue – Hillje 345 kv Ckt.#27,,Solar - Photovoltaic Solar,254.94,,,2018-12-06,Completed,2028-12-31,,,,Solar,Photovoltaic Solar,"SS Completed, FIS Not Started, IA",2018-12-06,2019-01-18,,,No,2021-01-13,,,Not Required,2022-12-08 00:00:00,,SOUTH,,,
21INR0221,Samson Solar 1,Samson Solar Energy LLC,Lamar,Texas,tap both 345kV 1685 FarmersVl - 1695 Moses ckts,,Solar - Photovoltaic Solar,250.0,,,2018-11-20,Completed,2026-12-31,,,2021-08-31,Solar,Photovoltaic Solar,"SS Completed, FIS Completed, IA",2018-11-20,2019-01-04,2019-05-03 00:00:00.000,2020-06-09,No,2020-08-26,Not Required,Not Required,Not Required,2020-08-26 00:00:00,2020-10-15 00:00:00,NORTH,2021-06-30,2021-08-31,
21INR0223,Tulsita Solar,Ray Ranch Solar LLC,Goliad,Texas,Tap 138kV 8590 Tuleta - 8595 Euler,,Solar - Photovoltaic Solar,256.2,,,2018-12-05,Completed,2026-09-15,,,2024-10-30,Solar,Photovoltaic Solar,"SS Completed, FIS Completed, IA",2018-12-05,2019-02-21,2019-05-17 00:00:00.000,2024-03-01,No,2022-09-19,Not Required,Not Required,Not Required,2022-10-03 00:00:00,2024-02-02 00:00:00,SOUTH,2024-10-22,2024-10-30,
21INR0240,La Casa Wind,"LA CASA WIND, LLC",Stephens,Texas,New switching station:  138kV Graham Plant Switch - Breckenridge - Leon Switch ,,Wind - Wind Turbine,148.4,,,2018-12-28,Completed,2026-11-30,,,2025-11-14,Wind,Wind Turbine,"SS Completed, FIS Completed, IA",2018-12-28,2019-03-12,2018-12-29 00:00:00.000,2023-09-22,,2023-09-07,Not Required,Not Required,Not Required,2024-01-04 00:00:00,2024-04-29 00:00:00,NORTH,2025-10-31,2025-11-14,
21INR0247,"Anson Solar Center, Phase III","Anson Solar Center 3, LLC",Jones,Texas,tap 345kV 68000 WShack - 68001 Clayton,,Solar - Photovoltaic Solar,200.0,,,2017-06-23,Active,2028-06-01,,,,Solar,Photovoltaic Solar,"SS Completed, FIS Started, No IA",2017-06-23,2017-08-07,2018-02-15 00:00:00.000,,,,,,Not Required,,,WEST,,,
21INR0253,Ulysses Solar,BNB Tennyson Solar LLC,Coke,Texas,60072 Odysseus Substation 345 kV,,Solar - Photovoltaic Solar,151.2,,,2019-01-25,Completed,2027-03-02,,,,Solar,Photovoltaic Solar,"SS Completed, FIS Completed, IA",2019-01-25,2019-04-05,2019-05-10 00:00:00.000,2025-12-15,No,2022-10-03,Not Required,Not Required,Not Required,2022-12-05 00:00:00,2026-01-21 00:00:00,WEST,,,
21INR0258,Mercury Storage SLF,"Mercury Storage, LLC",Hill,Texas,68092 Liberty Station 345kV,,Other - Battery Energy Storage,0.0,,,2019-02-14,Active,2029-07-01,,,,Other,Battery Energy Storage,"SS Completed, FIS Started, No IA",2019-02-14,2019-05-03,2019-02-07 00:00:00.000,,,,Not Required,Not Required,,,,NORTH,,,
21INR0260,Chariot Storage,Chariot Storage LLC,Limestone,Texas,tap 69kV 99 Ben Hur - 107 Prairie Hill ,,Other - Battery Energy Storage,50.0,,,2019-03-06,Active,2028-02-29,,,,Other,Battery Energy Storage,"SS Completed, FIS Started, No IA",2019-03-06,2019-05-24,2019-02-11 00:00:00.000,,No,,Not Required,Not Required,,,,NORTH,,,
21INR0262,Grandfalls Storage SLF,King Mountain Storage LLC,Upton,Texas,tap 345kV 11028 Odessa - 76000 North McCamey ,,Other - Battery Energy Storage,175.6,,,2019-03-25,Active,2028-07-01,,,,Other,Battery Energy Storage,"SS Completed, FIS Started, No IA",2019-03-25,2019-06-17,2019-02-14 00:00:00.000,,,,,,2023-05-22 00:00:00,,,WEST,,,
21INR0263,Monarch Creek Wind,"MONARCH CREEK WIND, LLC",Throckmorton,Texas,11419 Coody Crossing Switch 345kV,,Wind - Wind Turbine,283.4,,,2019-04-25,Completed,2027-09-17,,,,Wind,Wind Turbine,"SS Completed, FIS Completed, IA",2019-04-25,2019-07-19,2019-08-05 00:00:00.000,2025-11-05,No,2020-08-24,Not Required,Not Required,Not Required,2025-12-22 00:00:00,2026-01-26 00:00:00,WEST,,,
21INR0265,Sisters Solar,Oberon Solar LLC,Ector,Texas,tapping the 345 kV line connecting Moss Switch (Bus# 1018) to Wolf Switching Station (Bus# 11010) ,,Solar - Photovoltaic Solar,100.51,,,2019-02-28,Completed,2028-09-23,,,,Solar,Photovoltaic Solar,"SS Completed, FIS Completed, IA",2019-02-28,2019-03-29,2019-02-20 00:00:00.000,2025-06-20,Yes,2025-07-01,Not Required,Not Required,Not Required,2025-09-18 00:00:00,,WEST,,,
21INR0268,Greyhound Solar,"Rockhound Solar 2, LLC dba ""Greyhound Solar""",Ector,Texas,Tap 345kV 11010 Wolf - 1018 Moss,,Solar - Photovoltaic Solar,335.45,,,2019-03-28,Completed,2026-06-30,,,2026-04-24,Solar,Photovoltaic Solar,"SS Completed, FIS Completed, IA",2019-03-28,2019-06-05,2019-03-21 00:00:00.000,2024-10-31,No,2022-01-15,Not Required,Not Required,Not Required,2024-11-04 00:00:00,2024-11-04 00:00:00,WEST,2025-11-26,2026-04-24,
21INR0294,Mountaineer Solar,Mustang Mountaineer Solar LLC,Brown,Texas,1444 Brown 345 kV,,Solar - Photovoltaic Solar,329.26,,,2019-04-16,Active,2029-09-01,,,,Solar,Photovoltaic Solar,"SS Completed, FIS Started, No IA",2019-04-16,2019-06-11,2019-12-08 00:00:00.000,,,,Not Required,Not Required,Not Required,,,NORTH,,,
21INR0324,Board Creek Wind,"Limestone Wind Project, LLC",Navarro,Texas,345kV 3386 Outlaw Switch,,Wind - Wind Turbine,299.2,,,2019-04-24,Completed,2026-10-31,,,2022-10-06,Wind,Wind Turbine,"SS Completed, FIS Completed, IA",2019-04-24,2019-07-22,2019-11-05 00:00:00.000,2022-04-26,No,2021-08-19,Not Required,Not Required,Not Required,2022-04-05 00:00:00,2022-04-21 00:00:00,NORTH,2022-09-19,2022-10-06,
21INR0334,Nightfall Solar,"BDPU SOLAR NIGHTFALL, LLC ",Uvalde,Texas,138 kV Tap 8707 Dryfrio - 8234 Uvalde (new 138 kV Meil station),,Solar - Photovoltaic Solar,180.87,,,2019-05-10,Completed,2026-12-31,,,,Solar,Photovoltaic Solar,"SS Completed, FIS Completed, IA",2019-05-10,2019-07-31,2020-01-24 00:00:00.000,2025-12-17,,2023-10-26,Not Required,Not Required,Not Required,2025-05-14 00:00:00,2026-01-29 00:00:00,SOUTH,,,
21INR0341,Space City Solar,"Apollo Solar Ranch, LLC",Wharton,Texas,44200 Hillje 345kV,,Solar - Photovoltaic Solar,366.0,,,2019-11-01,Completed,2027-06-01,,,,Solar,Photovoltaic Solar,"SS Completed, FIS Started, IA",2019-11-01,2020-03-06,2019-10-15 00:00:00.000,,,2025-12-11,Not Required,Not Required,Not Required,2021-01-11 00:00:00,,SOUTH,,,
21INR0349,Pearl Crescent Solar,"RWE Solar Development, LLC",Colorado,Texas,Rock Island (57640) 138kV,,Solar - Photovoltaic Solar,208.35,,,2019-05-31,Active,2026-12-08,,,,Solar,Photovoltaic Solar,"SS Completed, FIS Started, No IA",2019-05-31,2019-08-26,2019-09-30 00:00:00.000,,,,,,Not Required,,,SOUTH,,,
21INR0362,Oystercatcher Solar,"Oystercatcher Solar, LLC",Ellis,Texas,tap 345kV 1906 Venus - 68091 Navarro,,Solar - Photovoltaic Solar,198.43,,,2019-05-30,Completed,2027-01-29,,,,Solar,Photovoltaic Solar,"SS Completed, FIS Completed, IA",2019-05-30,2019-08-07,2019-12-20 00:00:00.000,2025-11-13,Yes,2021-08-20,Not Required,Not Required,Not Required,2026-01-09 00:00:00,2026-01-29 00:00:00,NORTH,,,
21INR0371,Pecan Prairie South,ConnectGen Operating LLC,Leon,Texas,"CTT Yellow Wolf, bus # 79007",,Solar - Photovoltaic Solar,132.98,,,2019-08-16,Completed,2027-05-01,,,,Solar,Photovoltaic Solar,"SS Completed, FIS Completed, IA",2019-08-16,2019-11-05,2019-08-22 00:00:00.000,2026-03-13,No,2021-02-21,Not Required,Not Required,Not Required,2026-04-24 00:00:00,2026-05-19 00:00:00,NORTH,,,
21INR0380,Charolais Solar,"RWE Solar Development, LLC",Matagorda,Texas,tap 345kV 44000 W A Parish - 5915 STP,,Solar - Photovoltaic Solar,261.63,,,2019-08-05,Active,2026-12-15,,,,Solar,Photovoltaic Solar,"SS Completed, FIS Started, No IA",2019-08-05,2019-10-31,2020-04-27 00:00:00.000,,Yes,,,,Not Required,,,COASTAL,,,
21INR0391,Grandslam Solar,"Grandslam Solar, L.L.C.",Atascosa,Texas,5700 Miracle Lake 138kV,,Solar - Photovoltaic Solar,121.89,,,2019-07-29,Completed,2027-10-01,,,,Solar,Photovoltaic Solar,"SS Completed, FIS Started, IA",2019-07-29,2019-10-30,2019-07-26 00:00:00.000,,,2021-01-29,Not Required,Not Required,Not Required,,,SOUTH,,,
21INR0413,Big Star Solar,"RWE Solar Development, LLC",Bastrop,Texas,Tap 345kV 9074 Lytton - 9073 Holman,,Solar - Photovoltaic Solar,203.1,,,2019-08-27,Completed,2026-09-25,,,2022-12-19,Solar,Photovoltaic Solar,"SS Completed, FIS Completed, IA",2019-08-27,2019-11-08,2019-12-20 00:00:00.000,2021-07-19,,2020-10-02,,,Not Required,2020-12-04 00:00:00,2021-07-19 00:00:00,SOUTH,2022-12-06,2022-12-19,
21INR0421,Armadillo Solar ,"Armadillo Solar Center, LLC ",Navarro,Texas,3387 Revolution 138kV,,Solar - Photovoltaic Solar,150.48,,,2019-08-28,Completed,2026-12-04,,,,Solar,Photovoltaic Solar,"SS Completed, FIS Completed, IA",2019-08-28,2019-11-22,2019-08-28 00:00:00.000,2025-10-08,No,2021-02-02,Not Required,Not Required,Not Required,2025-02-12 00:00:00,2025-10-31 00:00:00,NORTH,2026-07-27,,
21INR0428,Pecan Prairie North,CG Leon County II LLC,Leon,Texas,"CTT Yellow Wolf, bus # 79007",,Solar - Photovoltaic Solar,324.11,,,2019-09-23,Completed,2027-05-01,,,,Solar,Photovoltaic Solar,"SS Completed, FIS Completed, IA",2019-09-23,2019-12-10,2019-09-11 00:00:00.000,2026-03-13,No,2021-02-26,Not Required,Not Required,Not Required,2025-08-20 00:00:00,2026-05-19 00:00:00,NORTH,,,
21INR0444,Long Point Storage,"Long Point Storage, LLC",Brazoria,Texas,138 KV  (CEHE Sub) Tap Burke (42410) - Eagle Nest (42430)  ckt 02 ,,Other - Battery Energy Storage,100.62,,,2019-11-01,Completed,2027-12-30,,,,Other,Battery Energy Storage,"SS Completed, FIS Started, IA",2019-11-01,2020-02-05,2020-09-01 00:00:00.000,,No,2023-08-28,Not Required,Not Required,,,,COASTAL,,,
21INR0455,Independence Trail Storage,"KCE TX 16, LLC",Childress,Texas,60501 Tesla 345kV,,Other - Battery Energy Storage,100.0,,,2019-12-03,Active,2028-01-01,,,,Other,Battery Energy Storage,"SS Completed, FIS Started, No IA",2019-12-03,2020-02-24,2019-10-22 00:00:00.000,,,,Not Required,Not Required,,,,PANHANDLE,,,
21INR0456,Maleza Storage,"Brush Storage, LLC ",Wharton,Texas,tap Blue – Hillje 345 kv Ckt.#27,,Other - Battery Energy Storage,150.83,,,2019-10-31,Active,2028-12-31,,,,Other,Battery Energy Storage,"SS Completed, FIS Started, No IA",2019-10-31,2020-01-24,2020-08-18 00:00:00.000,,,,,,,,,SOUTH,,,
21INR0469,Big Star Storage,"RWE Solar Development, LLC",Bastrop,Texas,Tap 345kV 9074 Lytton - 9073 Holman ,,Other - Battery Energy Storage,80.0,,,2020-01-02,Completed,2026-09-25,,,2023-11-06,Other,Battery Energy Storage,"SS Completed, FIS Completed, IA",2020-01-02,2020-03-26,2020-08-28 00:00:00.000,2021-07-19,,2020-10-02,,,,2021-08-18 00:00:00,2021-08-18 00:00:00,SOUTH,2023-04-13,2023-11-06,
21INR0470,Pearl Crescent Storage,"RWE Solar Development, LLC",Colorado,Texas,Rock Island (57640) 138kV,,Other - Battery Energy Storage,50.26,,,2019-12-20,Active,2026-12-15,,,,Other,Battery Energy Storage,"SS Completed, FIS Started, No IA",2019-12-20,2020-03-12,2020-04-10 00:00:00.000,,,,,,,,,SOUTH,,,
21INR0483,Morrow Lake Storage,"Morrow Lake Storage, LLC",Frio,Texas,"Morrow Lake Switch 138kV (5896)
",,Other - Battery Energy Storage,201.13,,,2020-02-07,Active,2028-09-30,,,,Other,Battery Energy Storage,"SS Completed, FIS Started, No IA",2020-02-07,2020-04-30,2020-10-26 00:00:00.000,,,,,,,,,SOUTH,,,
21INR0490,Samson Solar 2,Samson Solar Energy II LLC,Lamar,Texas,345 kV TTRSW 11688,,Solar - Photovoltaic Solar,203.0,,,2020-01-13,Completed,2026-12-31,,,2024-10-14,Solar,Photovoltaic Solar,"SS Completed, FIS Completed, IA",2020-01-13,2019-01-04,2020-01-13 00:00:00.000,2020-06-09,,2020-08-27,Not Required,Not Required,Not Required,2021-04-12 00:00:00,2022-08-12 00:00:00,NORTH,2024-08-19,2024-10-14,
21INR0491,Samson Solar 3,Samson Solar Energy III LLC,Lamar,Texas,tap both 345kV 1685 FarmersVl - 1695 Moses ckts,,Solar - Photovoltaic Solar,250.0,,,2020-01-13,Completed,2026-12-31,,,2021-10-26,Solar,Photovoltaic Solar,"SS Completed, FIS Completed, IA",2020-01-13,2019-01-04,2020-01-13 00:00:00.000,2020-06-09,,2020-08-27,Not Required,Not Required,Not Required,2020-08-27 00:00:00,2020-10-15 00:00:00,NORTH,2021-06-30,2021-10-26,
21INR0492,Stockyard Grid Batt,"Stockyard Grid, LLC",Tarrant,Texas,2082 Hicks 138kV ,,Other - Battery Energy Storage,150.6,,,2020-01-13,Completed,2028-12-14,,,,Other,Battery Energy Storage,"SS Completed, FIS Completed, IA",2020-01-13,2020-03-30,2020-01-13 00:00:00.000,2022-07-14,No,2022-10-26,Not Required,Not Required,,2022-10-26 00:00:00,2022-10-26 00:00:00,NORTH,,,
21INR0505,Ramsey Storage ,Hecate Energy Ramsey Storage LLC,Wharton,Texas,44200 Hillje 345kV ,,Other - Battery Energy Storage,500.0,,,2020-05-20,Completed,2028-06-30,,,,Other,Battery Energy Storage,"SS Completed, FIS Started, IA",2020-05-20,2020-07-30,2020-12-23 00:00:00.000,,No,2022-08-11,,,,2023-08-18 00:00:00,2024-01-02 00:00:00,SOUTH,,,
21INR0509,McClure Solar,McClure Solar LLC,Palo Pinto,Texas,tap 69kV 785 Oran - 343 Morris Sheppard,,Solar - Photovoltaic Solar,105.73,,,2020-06-03,Active,2025-12-31,,,,Solar,Photovoltaic Solar,"SS Completed, FIS Started, No IA",2020-06-03,2020-08-18,2021-02-24 00:00:00.000,,No,,,,Not Required,,,NORTH,,,
21INR0520,Yellow Viking Solar,"Yellow Viking Development One, LLC",Somervell,Texas,Tap 345kV 1900 Comanche Peak - 11886 Timberview Switch,,Solar - Photovoltaic Solar,171.13,,,2020-10-23,Completed,2027-07-13,,,,Solar,Photovoltaic Solar,"SS Completed, FIS Started, IA",2020-10-23,2021-01-12,2020-08-20 00:00:00.000,,,2022-10-25,,,Not Required,,,NORTH,,,
21INR0527,Hays Energy Unit 3 Repower,"HAYS ENERGY, LLC",Hays,Texas,7043 Hays 345kV,,"Gas - Combustion (gas) Turbine, but not part of a Combined-Cycle",18.0,,,2020-10-07,Active,2027-07-01,,,,Gas,"Combustion (gas) Turbine, but not part of a Combined-Cycle","SS Completed, FIS Started, No IA",2020-10-07,2020-12-30,2021-02-05 00:00:00.000,,,,2020-11-05 00:00:00,,,,,SOUTH,,,
21INR0532,Brazos Wind Repower,"BRAZOS WIND VENTURES, LLC ",Scurry,Texas,1064 Sun 138kV,,Wind - Wind Turbine,22.4,,,2020-12-22,Active,2025-11-14,,,2023-07-01,Wind,Wind Turbine,"SS Completed, FIS Completed, No IA",2020-12-22,2021-03-10,2020-11-30 00:00:00.000,2022-04-01,,,Not Required,Not Required,Not Required,2022-08-03 00:00:00,2022-10-21 00:00:00,WEST,2023-04-25,2023-07-01,
21INR0534,Midlothian Unit 2 repower,"MIDLOTHIAN ENERGY, LLC",Ellis,Texas,1939 Midlothian ELP 345kV,,"Gas - Combustion (gas) Turbine, but not part of a Combined-Cycle",18.0,,,2021-01-25,Active,2027-06-03,,,,Gas,"Combustion (gas) Turbine, but not part of a Combined-Cycle","SS Completed, FIS Started, No IA",2021-01-25,2021-04-30,2021-02-08 00:00:00.000,,,,,,,,,NORTH,,,
21INR0538,Blue Jay Solar II ,"Blue Jay Solar I, LLC",Grimes,Texas,4 Iola 138kV,,Solar - Photovoltaic Solar,68.95,,,2021-04-13,Completed,2025-10-31,,,2021-11-19,Solar,Photovoltaic Solar,"SS Completed, FIS Completed, IA",2021-04-13,2021-04-14,,2021-04-26,No,2020-10-26,,,Not Required,2020-12-02 00:00:00,2021-04-26 00:00:00,NORTH,2021-11-11,2021-11-19,
21INR0546,Anchor Wind III,RANCHLAND WIND PROJECT LLC,Eastland,Texas,345 kV Aspire Station (68011),,Wind - Wind Turbine,16.0,,,2021-12-03,Completed,2025-12-29,,,2022-12-13,Wind,Wind Turbine,"SS Completed, FIS Completed, IA",2021-12-03,2022-03-01,,2021-04-30,No,2020-11-30,Not Required,Not Required,Not Required,2020-12-02 00:00:00,2021-04-30 00:00:00,NORTH,2021-11-29,2022-12-13,
22INR0202,Delilah Solar 1,Delilah Solar Energy LLC,Lamar,Texas,tap both 345kV 1685 FarmersVl - 1695 Moses ckts,,Solar - Photovoltaic Solar,300.0,,,2018-11-20,Completed,2026-12-31,,,2024-03-21,Solar,Photovoltaic Solar,"SS Completed, FIS Completed, IA",2018-11-20,2019-01-03,2019-05-03 00:00:00.000,2020-06-09,No,2020-12-22,Not Required,Not Required,Not Required,2021-03-23 00:00:00,2021-03-23 00:00:00,NORTH,2023-07-11,2024-03-21,
22INR0203,Delilah Solar 2,Delilah Solar Energy II LLC,Lamar,Texas,345 kV TTRSW 11688,,Solar - Photovoltaic Solar,317.58,,,2018-11-20,Completed,2026-12-31,,,2025-01-13,Solar,Photovoltaic Solar,"SS Completed, FIS Completed, IA",2018-11-20,2019-01-03,2019-05-03 00:00:00.000,2020-06-09,No,2020-12-22,Not Required,Not Required,Not Required,2021-03-23 00:00:00,2022-08-12 00:00:00,NORTH,2024-10-29,2025-01-13,
22INR0205,Sbranch Solar ,"Bernard Creek Solar, LLC",Wharton,Texas,Tap 138kV 44190 East Bernard - 44130 Caney,,Solar - Photovoltaic Solar,233.52,,,2019-01-03,Completed,2026-10-31,,,2023-11-21,Solar,Photovoltaic Solar,"SS Completed, FIS Completed, IA",2019-01-03,2019-03-13,2019-03-29 00:00:00.000,2021-07-29,No,2020-07-26,Not Required,Not Required,Not Required,2020-10-07 00:00:00,2021-07-06 00:00:00,SOUTH,2022-09-12,2023-11-21,
22INR0209,Felix North Solar,"Crescent Solar, LLC",Wilbarger,Texas,6101 Riley 345kV,,Solar - Photovoltaic Solar,200.98,,,2019-01-17,Completed,2028-12-31,,,,Solar,Photovoltaic Solar,"SS Completed, FIS Started, IA",2019-01-17,2019-04-02,2019-09-20 00:00:00.000,,Yes,2025-02-21,Not Required,Not Required,Not Required,2025-04-03 00:00:00,,WEST,,,
22INR0215,TEXAS SOLAR NOVA 3,"Texas Solar Nova 1, LLC",Kent,Texas,tap 345kV 11305 Dermott - 59904 Cottonwood,,Solar - Photovoltaic Solar,200.2,,,2019-06-24,Active,2026-01-31,,,,Solar,Photovoltaic Solar,"SS Completed, FIS Started, No IA",2019-06-24,2015-12-30,2019-06-19 00:00:00.000,,,,,,Not Required,,,WEST,,,
22INR0218,Velociraptor Solar I,"Velociraptor Solar I, LLC",Ector,Texas,#10012 METEOR 5 Substation 345kV,,Solar - Photovoltaic Solar,241.67,,,2019-05-14,Active,2029-12-01,,,,Solar,Photovoltaic Solar,"SS Completed, FIS Started, No IA",2019-05-14,2019-08-05,2019-05-10 00:00:00.000,,,,Not Required,Not Required,Not Required,,,WEST,,,
22INR0220,Lamkin Solar,"Commanche Solar, LLC",Comanche,Texas,tap 69kV 258 Hamilton - 273 Gustine,,Solar - Photovoltaic Solar,101.5,,,2019-06-24,Completed,2027-08-08,,,,Solar,Photovoltaic Solar,"SS Completed, FIS Completed, IA",2019-06-24,2019-09-18,2020-03-13 00:00:00.000,2022-07-11,,2025-03-06,Not Required,Not Required,Not Required,2025-04-23 00:00:00,,NORTH,,,
22INR0237,Dragan Solar,Hecate Comanche Solar LLC,Comanche,Texas,1440 Comanche 345kV,,Solar - Photovoltaic Solar,411.0,,,2019-11-11,Active,2027-09-15,,,,Solar,Photovoltaic Solar,"SS Completed, FIS Started, No IA",2019-11-11,2020-02-17,2019-08-23 00:00:00.000,,No,,,,Not Required,,,NORTH,,,
22INR0239,Rockefeller Storage,Mittel Rockefeller Storage LLC,Schleicher,Texas,76003 Big Hill 345kV,,Other - Battery Energy Storage,206.8,,,2019-10-31,Completed,2027-06-01,,,,Other,Battery Energy Storage,"SS Completed, FIS Started, IA",2019-10-31,2020-01-24,2020-07-21 00:00:00.000,,No,2024-09-23,Not Required,Not Required,,2025-02-12 00:00:00,,WEST,,,
22INR0244,Razorbill Solar,"RWE Solar Development, LLC",Matagorda,Texas,tap 345kV 5915 STP to 44200 Hillje 345kV Ckt 64 ,,Solar - Photovoltaic Solar,240.0,,,2020-01-02,Active,2027-12-15,,,,Solar,Photovoltaic Solar,"SS Completed, FIS Started, No IA",2020-01-02,2020-03-26,2020-09-16 00:00:00.000,,,,Not Required,Not Required,Not Required,,,COASTAL,,,
22INR0251,Shaula I Solar,"Shaula Energy Project, LLC",DeWitt,Texas,tap 345kV 5133 Elm Creek - 5915 SO TEX ckt 1,,Solar - Photovoltaic Solar,205.2,,,2019-12-03,Completed,2028-06-15,,,,Solar,Photovoltaic Solar,"SS Completed, FIS Started, IA",2019-12-03,2020-03-08,2019-11-20 00:00:00.000,,No,2022-02-16,,,Not Required,2023-03-27 00:00:00,,SOUTH,,,
22INR0257,Corazon Solar Phase II,BAYWA R.E. SOLAR PROJECTS,Webb,Texas,80219 Lobo 345kV,,Solar - Photovoltaic Solar,203.9,,,2019-12-19,Completed,2028-06-01,,,,Solar,Photovoltaic Solar,"SS Completed, FIS Started, IA",2019-12-19,2020-03-12,2019-12-04 00:00:00.000,,No,2020-08-04,Not Required,Not Required,Not Required,,,SOUTH,,,
22INR0262,Sequoia II Solar,ENBRIDGE SOLAR SEQUOIA II LLC,Callahan,Texas,68051 Reata 345kV,,Solar - Photovoltaic Solar,417.47,,,2020-01-22,Completed,2026-11-21,,,,Solar,Photovoltaic Solar,"SS Completed, FIS Completed, IA",2020-01-22,2020-04-08,2020-08-27 00:00:00.000,2026-03-16,No,2023-08-29,Not Required,Not Required,Not Required,2025-09-22 00:00:00,2026-04-28 00:00:00,WEST,,,
22INR0267,Shaula II Solar,"Shaula Energy Project II, LLC",DeWitt,Texas,tap 345kV 5133 Elm Creek - 5915 SO TEX ckt 1,,Solar - Photovoltaic Solar,205.2,,,2019-12-18,Completed,2028-06-15,,,,Solar,Photovoltaic Solar,"SS Completed, FIS Started, IA",2019-12-18,2020-03-12,2019-12-18 00:00:00.000,,No,2022-04-27,,,Not Required,2023-03-27 00:00:00,,SOUTH,,,
22INR0274,Crowded Star Solar II,"Jones City Solar II, LLC",Jones,Texas,tap 345kV 68001 Claytonville – 68004 Phantom Hill c2 (New Substation: Open Sky 68014),,Solar - Photovoltaic Solar,189.5,,,2020-03-26,Completed,2026-09-18,,,2026-07-08,Solar,Photovoltaic Solar,"SS Completed, FIS Completed, IA",2020-03-26,2020-06-05,2021-03-24 00:00:00.000,2024-11-05,No,2019-12-17,Not Required,Not Required,Not Required,2025-02-12 00:00:00,2025-07-24 00:00:00,WEST,2026-06-22,2026-07-08,
22INR0279,Clutch City Solar Phase I,"HZ Solar I, LLC",Brazoria,Texas,tap 138kV 42960 Mustang Bayou – 42100 Hudson CKT #04,,Solar - Photovoltaic Solar,200.75,,,2020-01-22,Completed,2028-07-01,,,,Solar,Photovoltaic Solar,"SS Completed, FIS Started, IA",2020-01-22,2020-04-08,2020-02-11 00:00:00.000,,No,2022-09-30,Not Required,Not Required,Not Required,,,COASTAL,,,
22INR0281,Pink Solar SLF,"Pink Solar, LLC",Hunt,Texas,971 Pruitt 138kV,,Solar - Photovoltaic Solar,152.41,,,2020-01-30,Completed,2029-07-31,,,,Solar,Photovoltaic Solar,"SS Completed, FIS Started, IA",2020-01-30,2020-04-20,2020-10-16 00:00:00.000,,,2022-08-30,Not Required,Not Required,Not Required,,,NORTH,,,
22INR0301,Fortuna Wind,"RWE Renewables Development, LLC",Jack,Texas,Tap 345kV 1429 Jacksboro -  1730 WKrum,,Wind - Wind Turbine,295.3,,,2020-03-06,Completed,2026-07-01,,,,Wind,Wind Turbine,"SS Completed, FIS Completed, IA",2020-03-06,2020-05-27,2020-11-24 00:00:00.000,2024-05-09,,2024-08-08,,,Not Required,,,NORTH,,,
22INR0314,Lan Solar SLF,"BR Solar, LLC",Lamar,Texas,Tap 345kV 1729 Valley South – 1692 Paris Switch,,Solar - Photovoltaic Solar,182.2,,,2020-05-01,Active,2028-08-26,,,,Solar,Photovoltaic Solar,"SS Completed, FIS Started, No IA",2020-05-01,2020-07-07,2021-01-04 00:00:00.000,,No,,Not Required,Not Required,Not Required,,,NORTH,,,
22INR0330,Old Aqueduct Batt,Old Aqueduct LLC,Hale,Texas,23920 Blackwater 345kV ,,Other - Battery Energy Storage,300.96,,,2020-05-01,Active,2030-03-01,,,,Other,Battery Energy Storage,"SS Completed, FIS Started, No IA",2020-05-01,2020-07-13,2020-06-29 00:00:00.000,,,,,,,,,PANHANDLE,,,
22INR0332,Brantley Branch Batt,Brantley Branch LLC,Rusk,Texas,Mt. Enterprise (Bus # 3116) – Martin Lake 345kv Line (Bus # 3100,,Other - Battery Energy Storage,302.35,,,2020-05-01,Active,2029-02-01,,,,Other,Battery Energy Storage,"SS Completed, FIS Started, No IA",2020-05-01,2020-07-15,2020-11-24 00:00:00.000,,No,,,,,,,NORTH,,,
22INR0342,Matagorda Solar,"Matagorda Solar Farm, LLC",Matagorda,Texas,5555 Shropshire 69kV ,,Solar - Photovoltaic Solar,101.0,,,2020-05-01,Completed,2027-08-25,,,,Solar,Photovoltaic Solar,"SS Completed, FIS Completed, IA",2020-05-01,2020-07-15,2020-11-05 00:00:00.000,2021-09-14,,2022-06-08,,,Not Required,2025-02-12 00:00:00,,COASTAL,,,
22INR0347,Crater BESS,BRP Crater BESS LLC,Howard,Texas,Tap 345 kV Rockhound Switch (10062) – Prong Moss Switch (10057) ckt 1,,Other - Battery Energy Storage,310.28,,,2020-05-20,Active,2029-05-01,,,,Other,Battery Energy Storage,"SS Completed, FIS Started, No IA",2020-05-20,2020-07-30,2020-04-30 00:00:00.000,,,,,,,,,WEST,,,
22INR0350,Sandow Solar,"Sandow Lakes Ranch Solar I, LLC",Milam,Texas,tap one 345kV 7040 Austrop - 13429 Sandow line,,Solar - Photovoltaic Solar,287.18,,,2020-09-11,Active,2028-06-01,,,,Solar,Photovoltaic Solar,"SS Completed, FIS Completed, No IA",2020-09-11,2021-02-08,2020-05-28 00:00:00.000,2024-07-18,,,Not Required,Not Required,Not Required,2025-11-10 00:00:00,,SOUTH,,,
22INR0357,Loma Pinta Solar,"Loma Pinta Wind Energy, LLC",La Salle,Texas,5705 Fowlerton 138kV,,Solar - Photovoltaic Solar,203.06,,,2020-06-03,Active,2028-05-31,,,,Solar,Photovoltaic Solar,"SS Completed, FIS Started, No IA",2020-06-03,2020-08-18,2020-05-28 00:00:00.000,,No,,,,Not Required,,,SOUTH,,,
22INR0363,Hayhurst Texas Solar,"Hayhurst Texas Solar, LLC",Culberson,Texas,tap 138 kV Three Mile Draw Switch – Horseshoe Springs Switch Line ,,Solar - Photovoltaic Solar,24.76,,,2020-08-21,Completed,2026-07-17,,,2023-12-12,Solar,Photovoltaic Solar,"SS Completed, FIS Completed, IA",2020-08-21,2020-11-04,2020-08-13 00:00:00.000,2023-04-26,,2021-09-09,,,Not Required,2022-04-29 00:00:00,2022-04-29 00:00:00,WEST,2023-11-10,2023-12-12,
22INR0365,Mensa BESS,BRP Mensa BESS LLC,Pecos,Texas,60718 Pecos Valley 138kV,,Other - Battery Energy Storage,308.98,,,2020-06-26,Active,2028-06-01,,,,Other,Battery Energy Storage,"SS Completed, FIS Started, No IA",2020-06-26,2020-09-14,2020-06-22 00:00:00.000,,,,Not Required,Not Required,,,,WEST,,,
22INR0374,Inertia Solar,"Inertia Solar Project, LLC",Haskell,Texas,tap 345kV 60515 Clear Crossing - 6104 Smoky Hill,,Solar - Photovoltaic Solar,202.39,,,2021-02-02,Completed,2029-03-31,,,,Solar,Photovoltaic Solar,"SS Completed, FIS Started, IA",2021-02-02,2021-02-02,2020-10-13 00:00:00.000,,,2023-05-10,Not Required,Not Required,Not Required,2021-10-08 00:00:00,,WEST,,,
22INR0382,Razorbill Storage,"RWE Solar Development, LLC",Matagorda,Texas,tap 345kV 5915 STP to 44200 Hillje 345kV Ckt 64,,Other - Battery Energy Storage,120.0,,,2020-08-04,Active,2027-12-15,,,,Other,Battery Energy Storage,"SS Completed, FIS Started, No IA",2020-08-04,2020-10-28,2021-06-11 00:00:00.000,,,,Not Required,Not Required,,,,COASTAL,,,
22INR0383,BRP Musca BESS,BRP Musca BESS LLC ,Reagan,Texas,60361 Santa Rita 138kV,,Other - Battery Energy Storage,100.51,,,2020-07-24,Active,2027-12-01,,,,Other,Battery Energy Storage,"SS Completed, FIS Started, No IA",2020-07-24,2020-10-08,2020-08-13 00:00:00.000,,No,,,,,,,WEST,,,
22INR0385,BRP Pictor BESS,BRP Pictor BESS LLC,Crane,Texas,60400 Lynx 138kV,,Other - Battery Energy Storage,201.07,,,2020-07-24,Active,2025-11-01,,,,Other,Battery Energy Storage,"SS Completed, FIS Started, No IA",2020-07-24,2020-10-08,2020-08-13 00:00:00.000,,No,,,,,,,WEST,,,
22INR0386,BRP Octans BESS,BRP OCTANS BESS LLC ,Pecos,Texas,6671 Tombstone 138kV,,Other - Battery Energy Storage,129.57,,,2020-07-24,Active,2029-12-01,,,,Other,Battery Energy Storage,"SS Completed, FIS Started, No IA",2020-07-24,2020-10-08,2020-08-13 00:00:00.000,,No,,,,,,,WEST,,,
22INR0387,Val Vista Grid BESS 1,"Val Vista Grid, LLC",Hidalgo,Texas,Tap 345kV 8383 North Edinburg - 80137 Stewart Road,,Other - Battery Energy Storage,209.32,,,2020-08-04,Completed,2029-03-30,,,,Other,Battery Energy Storage,"SS Completed, FIS Started, IA",2020-08-04,2020-10-16,2020-07-21 00:00:00.000,,Yes,2025-12-31,,,,,,SOUTH,,,
22INR0392,Kalina Solar,Aurora Solar LLC,San Patricio,Texas,8606 Goddard 345kV ,,Solar - Photovoltaic Solar,120.0,,,2020-08-04,Active,2029-05-31,,,,Solar,Photovoltaic Solar,"SS Completed, FIS Started, No IA",2020-08-04,2020-10-28,2021-03-29 00:00:00.000,,No,,Not Required,Not Required,Not Required,,,COASTAL,,,
22INR0400,Dragan Storage,Hecate Grid Dragan Storage LLC,Comanche,Texas,1440 Comanche 345kV,,Other - Battery Energy Storage,408.3,,,2020-08-21,Active,2030-03-31,,,,Other,Battery Energy Storage,"SS Completed, FIS Started, No IA",2020-08-21,2020-11-04,2020-08-13 00:00:00.000,,,,,,,,,NORTH,,,
22INR0401,Eval Storage,Hecate Grid East Valley Storage LLC,Cameron,Texas,80229 Cavazos 138kV ,,Other - Battery Energy Storage,251.85,,,2020-10-23,Completed,2029-04-30,,,,Other,Battery Energy Storage,"SS Completed, FIS Started, IA",2020-10-23,2021-01-12,2020-11-03 00:00:00.000,,No,2022-02-03,Not Required,Not Required,,2025-02-14 00:00:00,,COASTAL,,,
22INR0402,Frye Storage,Hecate Energy Frye Storage LLC,Swisher,Texas,new 345kV sub Kress connecting both 23912 Ogallala - 23914 Tule Canyon circuits,,Other - Battery Energy Storage,503.85,,,2020-09-02,Active,2028-12-01,,,,Other,Battery Energy Storage,"SS Completed, FIS Started, No IA",2020-09-02,2020-11-19,2020-08-17 00:00:00.000,,No,,,,,,,PANHANDLE,,,
22INR0423,Quela BESS,BRP Quela BESS LLC,Bexar,Texas,Tap 138kV 5110 J.T. Deely - 5294 Martinez ,,Other - Battery Energy Storage,301.41,,,2020-09-25,Active,2027-12-01,,,,Other,Battery Energy Storage,"SS Completed, FIS Started, No IA",2020-09-25,2020-12-16,2020-09-15 00:00:00.000,,No,,,,,,,SOUTH,,,
22INR0425,MAKALU SOLAR,Abei Energy Green X LLC,Hunt,Texas,Tap 138kV 977 Pruitt - 971 Greenville ,,Solar - Photovoltaic Solar,50.16,,,2021-01-21,Active,2028-07-24,,,,Solar,Photovoltaic Solar,"SS Completed, FIS Started, No IA",2021-01-21,2021-01-28,2021-08-10 00:00:00.000,,No,,,,Not Required,,,NORTH,,,
22INR0426,LUBIO SOLAR,BDPU Solar Lubio LLC,Kaufman,Texas,tap 138kV 2727 Crandall - 2724 Kaufman Northwest,,Solar - Photovoltaic Solar,54.71,,,2020-10-07,Completed,2028-04-20,,,,Solar,Photovoltaic Solar,"SS Completed, FIS Started, IA",2020-10-07,2020-12-28,2021-06-28 00:00:00.000,,,2024-11-08,,,Not Required,,,NORTH,,,
22INR0427,BRP Kabru BESS ,BRP Kabru BESS LLC,Andrews,Texas,1159 Andrew North - 11284 Blackbird 138kV,,Other - Battery Energy Storage,202.45,,,2020-10-07,Active,2028-12-01,,,,Other,Battery Energy Storage,"SS Completed, FIS Started, No IA",2020-10-07,2020-12-28,2020-09-22 00:00:00.000,,No,,,,,,,WEST,,,
22INR0437,TORMES SOLAR,BDPU SOLAR TORMES LLC,Navarro,Texas,tap 345kV 1906 Venus - 68091 Navarro,,Solar - Photovoltaic Solar,356.6,,,2020-10-23,Completed,2027-03-31,,,,Solar,Photovoltaic Solar,"SS Completed, FIS Completed, IA",2020-10-23,2021-01-12,2021-07-19 00:00:00.000,2026-06-23,,2024-04-10,,,Not Required,2025-02-13 00:00:00,2026-07-31 00:00:00,NORTH,,,
22INR0443,Bowstring BESS,"Longbow Energy Storage, LLC",San Patricio,Texas,138kV 8961 WHITEPT4A - 8418 RINCON4A,,Other - Battery Energy Storage,155.0,,,2020-11-18,Completed,2028-09-18,,,,Other,Battery Energy Storage,"SS Completed, FIS Completed, IA",2020-11-18,2021-02-09,2021-03-24 00:00:00.000,2023-05-30,,2025-09-09,Not Required,Not Required,2025-09-23 00:00:00,,,COASTAL,,,
22INR0454,Wallace Solar,"Delaware Ranch Solar, LLC",Culberson,Texas,Delaware River SW (11112),,Solar - Photovoltaic Solar,36.0,,,2020-12-22,Completed,2027-05-14,,,,Solar,Photovoltaic Solar,"SS Completed, FIS Completed, IA",2020-12-22,2021-03-10,2020-12-17 00:00:00.000,2026-03-18,No,2022-02-07,Not Required,Not Required,Not Required,2026-03-18 00:00:00,2026-04-22 00:00:00,WEST,,,
22INR0455,Blue Sky Sol,Blue Sky Solar LLC,Crockett,Texas,6562 Friends Ranch 138kV,,Solar - Photovoltaic Solar,101.2,,,2020-12-03,Completed,2027-12-31,,,,Solar,Photovoltaic Solar,"SS Completed, FIS Started, IA",2020-12-03,2021-02-16,2020-11-10 00:00:00.000,,No,2022-02-01,Not Required,Not Required,Not Required,2022-02-07 00:00:00,2023-07-31 00:00:00,WEST,,,
22INR0457,Anson BAT,Anson II Storage LLC,Jones,Texas,tap 345 kV 68004 Phantom Hill station ,,Other - Battery Energy Storage,153.55,,,2020-12-03,Completed,2027-12-01,,,,Other,Battery Energy Storage,"SS Completed, FIS Completed, IA",2020-12-03,2021-02-19,2022-02-23 00:00:00.000,2025-03-19,,2024-08-15,,,,2025-02-12 00:00:00,,WEST,,,
22INR0462,Old Aqueduct Solar,Old Aqueduct Solar ,Hale,Texas,23920 Blackwater 345kV,,Solar - Photovoltaic Solar,511.63,,,2020-12-03,Active,2028-06-01,,,,Solar,Photovoltaic Solar,"SS Completed, FIS Started, No IA",2020-12-03,2021-02-19,2021-06-29 00:00:00.000,,,,,,Not Required,,,PANHANDLE,,,
22INR0467,Bird Dog Energy Storage,VESI 37 LLC,Live Oak,Texas,5669 Argenta 69kV,,Other - Battery Energy Storage,60.4,,,2021-02-04,Completed,2026-10-23,,,2026-08-28,Other,Battery Energy Storage,"SS Completed, FIS Completed, IA",2021-02-04,2021-04-19,2022-05-19 00:00:00.000,2025-06-18,,2024-02-16,Not Required,Not Required,,2024-02-16 00:00:00,2025-08-07 00:00:00,SOUTH,2026-08-05,2026-08-28,
22INR0469,Harper Energy Storage,VESI 31 LLC,Cameron,Texas,Tap 138kV 8314 La Palma - 80229 Villa Cavazos,,Other - Battery Energy Storage,82.42,,,2021-12-03,Active,2028-09-15,,,,Other,Battery Energy Storage,"SS Completed, FIS Started, No IA",2021-12-03,2022-03-01,2022-01-27 00:00:00.000,,,,,,,,,COASTAL,,,
22INR0473,TAIN SOLAR,Abei Energy Green VII LLC,Caldwell,Texas,tap 138kV 7216 Lockhart - 7224 Luling City,,Solar - Photovoltaic Solar,37.54,,,2020-12-03,Active,2027-10-27,,,,Solar,Photovoltaic Solar,"SS Completed, FIS Started, No IA",2020-12-03,2021-02-17,2021-10-20 00:00:00.000,,,,,,Not Required,,,SOUTH,,,
22INR0480,Pachanga Wind ,Pachanga Wind LLC ,Cameron,Texas,tap 345kV 5966 Palmito - 80137 Stewart Rd,,Wind - Wind Turbine,300.0,,,2021-02-09,Active,2030-04-08,,,,Wind,Wind Turbine,"SS Completed, FIS Started, No IA",2021-02-09,2021-05-06,2021-04-05 00:00:00.000,,,,,,Not Required,,,COASTAL,,,
22INR0488,Venture Hill Storage,"KCE TX 24, LLC",Travis,Texas,7336 Gilleland Creek 138kV,,Other - Battery Energy Storage,70.44,,,2021-02-09,Active,2026-12-01,,,,Other,Battery Energy Storage,"SS Completed, FIS Started, No IA",2021-02-09,2021-05-06,2020-12-29 00:00:00.000,,,,,,,,,SOUTH,,,
22INR0497,TEXPO,"Oklaunion Power Station, LLC",Wilbarger,Texas,6101 Riley 345 kV ,,Gas - Steam Turbine other than Combined-Cycle,680.0,,,2021-03-16,Active,2027-10-31,,,,Gas,Steam Turbine other than Combined-Cycle,"SS Completed, FIS Started, No IA",2021-03-16,2021-05-28,2021-11-23 00:00:00.000,,No,,Not Required,Not Required,2022-05-02 00:00:00,,,WEST,,,
22INR0499,Aquilla Lake 3 Wind,Aquilla Lake 3 Wind,Hill,Texas,tap 345 kV 68040 Kopperl to 68091 Navarro,,Wind - Wind Turbine,297.4,,,2021-03-08,Completed,2026-11-20,,,2026-07-14,Wind,Wind Turbine,"SS Completed, FIS Completed, IA",2021-03-08,2021-05-28,2021-02-18 00:00:00.000,2025-09-10,Yes,2024-01-24,Not Required,,Not Required,2025-09-10 00:00:00,2025-09-10 00:00:00,NORTH,2026-07-02,2026-07-14,
22INR0503,Tidwell Prairie II Batt,Tidwell Prairie IIA LLC,Robertson,Texas,Tap 345kV 3400 Twin Oak - 39950 TNP One,,Other - Battery Energy Storage,203.62,,,2021-03-16,Completed,2026-10-26,,,,Other,Battery Energy Storage,"SS Completed, FIS Completed, IA",2021-03-16,2021-05-28,2021-02-17 00:00:00.000,2025-06-16,No,2025-01-13,,,,2025-08-01 00:00:00,2025-08-01 00:00:00,NORTH,,,
22INR0504,Barton Branch IA,Barton Branch IA LLC,Robertson,Texas,Tap 345kV 3400 Twin Oak - 39950 TNP One,,Other - Battery Energy Storage,203.62,,,2021-03-16,Completed,2026-10-01,,,,Other,Battery Energy Storage,"SS Completed, FIS Completed, IA",2021-03-16,2021-05-28,2021-02-17 00:00:00.000,2025-06-16,No,2025-06-18,,,,2025-08-01 00:00:00,2025-08-01 00:00:00,NORTH,,,
22INR0506,Roseland Solar II,"Enel Green Power Roseland Solar, LLC",Falls,Texas,tap 345kV 3390 Jewett - 3399 Ratsnake,,Solar - Photovoltaic Solar,254.0,,,2021-10-05,Completed,2025-11-29,,,2022-09-26,Solar,Photovoltaic Solar,"SS Completed, FIS Completed, IA",2021-10-05,2019-02-04,,2021-10-25,,2020-12-10,Not Required,Not Required,Not Required,2021-10-26 00:00:00,2021-10-26 00:00:00,NORTH,2022-06-07,2022-09-26,
22INR0514,Wang Storage SLF,"BT Yixin Solar, LLC",Falls,Texas,tap 345kV 3409 LakeCr1 - 3414 TempSS,,Other - Battery Energy Storage,0.0,,,2022-11-07,Active,2026-03-31,,,,Other,Battery Energy Storage,"SS Completed, FIS Started, No IA",2022-11-07,2023-02-03,2022-09-23 00:00:00.000,,No,,,,,,,NORTH,,,
22INR0517,Lane City Wind,"RWE Clean Energy, LLC",Wharton,Texas,"44040 Bailey 345kV 
",,Wind - Wind Turbine,199.5,,,2021-04-26,Completed,2026-12-31,,,2025-07-28,Wind,Wind Turbine,"SS Completed, FIS Completed, IA",2021-04-26,2021-07-28,2021-04-26 00:00:00.000,2024-07-18,No,2022-05-13,Not Required,Not Required,Not Required,2024-08-01 00:00:00,2024-08-01 00:00:00,SOUTH,2025-06-12,2025-07-28,
22INR0523,Midlothian 4 repower,"MIDLOTHIAN ENERGY, LLC",Ellis,Texas,1940 Midlothian ANP 345kV,,"Gas - Combustion (gas) Turbine, but not part of a Combined-Cycle",18.0,,,2021-04-26,Active,2027-06-03,,,,Gas,"Combustion (gas) Turbine, but not part of a Combined-Cycle","SS Completed, FIS Started, No IA",2021-04-26,2021-07-28,2021-04-21 00:00:00.000,,,,,,,,,NORTH,,,
22INR0541,ALWEST BESS,Castleman Power,Anderson,Texas,3114 Paltalco 138kV,,Other - Battery Energy Storage,208.63,,,2021-08-24,Active,2028-04-19,,,,Other,Battery Energy Storage,"SS Completed, FIS Started, No IA",2021-08-24,2021-11-15,2021-06-03 00:00:00.000,,,,,,,,,NORTH,,,
22INR0543,Midlothian Unit 3 repower,"MIDLOTHIAN ENERGY, LLC",Ellis,Texas,1940 Midlothian ELP 345kV,,"Gas - Combustion (gas) Turbine, but not part of a Combined-Cycle",18.0,,,2021-05-24,Active,2027-06-03,,,,Gas,"Combustion (gas) Turbine, but not part of a Combined-Cycle","SS Completed, FIS Started, No IA",2021-05-24,2021-08-06,2021-05-11 00:00:00.000,,,,,,,,,NORTH,,,
22INR0546,Enchanted Rock NEWPP,"Generate ER-NG, LLC",Harris,Texas,40475 Deusen 138kV,,"Gas - Internal Combustion Engine, eg. Reciprocating",30.0,,,2021-11-10,Completed,2026-02-28,,,,Gas,"Internal Combustion Engine, eg. Reciprocating","SS Completed, FIS Completed, IA",2021-11-10,2022-01-17,2022-07-13 00:00:00.000,2024-04-19,No,2024-04-30,2024-04-25 00:00:00,Not Required,2024-04-30 00:00:00,2024-05-01 00:00:00,2024-05-01 00:00:00,HOUSTON,,,
22INR0552,Sowers Storage,Sowers Energy Storage LLC,Kaufman,Texas,6894 Rose Hill_RC Sub 138 kV,,Other - Battery Energy Storage,208.89,,,2021-08-18,Completed,2027-07-01,,,,Other,Battery Energy Storage,"SS Completed, FIS Started, IA",2021-08-18,2021-11-05,2021-08-18 00:00:00.000,,No,2022-04-22,Not Required,Not Required,,2022-12-05 00:00:00,,NORTH,,,
22INR0558,Callisto II Energy Center,Callisto II Energy Center LLC,Harris,Texas,47150 HO Clarke 138kV,,Other - Battery Energy Storage,203.2,,,2021-10-07,Completed,2026-10-01,,,,Other,Battery Energy Storage,"SS Completed, FIS Completed, IA",2021-10-07,2021-12-08,2021-09-29 00:00:00.000,2025-08-21,No,2023-12-11,Not Required,Not Required,2025-10-22 00:00:00,2025-02-12 00:00:00,2025-09-11 00:00:00,HOUSTON,,,
22INR0559,Honeycomb Solar SLF,"Honeycomb Solar, LLC",Bee,Texas,69 kV Tynan Substation (#8107),,Solar - Photovoltaic Solar,61.4,,,2021-11-16,Completed,2026-12-29,,,,Solar,Photovoltaic Solar,"SS Completed, FIS Completed, IA",2021-11-16,2022-01-17,2021-11-02 00:00:00.000,2025-03-28,No,2023-05-01,Not Required,Not Required,Not Required,2025-02-14 00:00:00,2025-07-25 00:00:00,SOUTH,,,
22INR0586,Hays Energy Unit 2 Repower,"HAYS ENERGY, LLC",Hays,Texas,7043 Haysen 345kV,,"Gas - Combustion (gas) Turbine, but not part of a Combined-Cycle",18.0,,,2022-02-21,Active,2027-07-01,,,,Gas,"Combustion (gas) Turbine, but not part of a Combined-Cycle","SS Completed, FIS Started, No IA",2022-02-21,2022-05-21,2022-11-15 00:00:00.000,,,,,,,,,SOUTH,,,
22INR0605,Camino Santiago Solar,"Camino Solar Project, LLC",Milam,Texas,345 kV Herndon Switch Substation (#3804),,Solar - Photovoltaic Solar,196.3,,,2022-09-02,Completed,2027-09-01,,,,Solar,Photovoltaic Solar,"SS Completed, FIS Started, IA",2022-09-02,2022-11-30,2023-01-05 00:00:00.000,,No,2024-12-06,Not Required,,Not Required,2025-06-11 00:00:00,,SOUTH,,,
23INR0006,Sierra Madre Solar,Sierra Madre Solar LLC,Zapata,Texas,tap 345kV 80307 Del Sol - 80225 Cenizo,,Solar - Photovoltaic Solar,255.15,,,2020-01-22,Active,2027-12-01,,,,Solar,Photovoltaic Solar,"SS Completed, FIS Started, No IA",2020-01-22,2020-04-08,2020-10-05 00:00:00.000,,No,,,,Not Required,,,SOUTH,,,
23INR0008,Harley Hand Solar ,HECTATE ENERGY HARLEY HAND SOLAR LLC,Nolan,Texas,11420 Sweetwater East 345kV,,Solar - Photovoltaic Solar,505.5,,,2019-12-16,Active,2029-04-07,,,,Solar,Photovoltaic Solar,"SS Completed, FIS Started, No IA",2019-12-16,2020-03-11,2019-12-06 00:00:00.000,,No,,Not Required,Not Required,Not Required,,,WEST,,,
23INR0009,Shaula III Solar,"Shaula Energy Project III, LLC",DeWitt,Texas,tap 345kV 5133 Elm Creek - 5915 SO TEX ckt 1,,Solar - Photovoltaic Solar,205.2,,,2019-12-18,Active,2025-12-24,,,,Solar,Photovoltaic Solar,"SS Completed, FIS Started, No IA",2019-12-18,2020-03-11,2019-12-18 00:00:00.000,,,,,,Not Required,,,SOUTH,,,
23INR0015,Scarlet Solar,"Innovative Solar 416, LLC",Castro,Texas,tap 345kV 23912 Ogallala - 23910 Windmill,,Solar - Photovoltaic Solar,180.0,,,2019-12-11,Active,2025-08-26,,,,Solar,Photovoltaic Solar,"SS Completed, FIS Started, No IA",2019-12-11,2020-03-06,2020-08-31 00:00:00.000,,,,,,Not Required,,,PANHANDLE,,,
23INR0026,Baker Branch Solar ,"Mockingbird Solar Center, LLC",Lamar,Texas,tap 345kV 1692 Paris - 1690 Valley,,Solar - Photovoltaic Solar,469.42,,,2020-03-26,Completed,2026-09-30,,,2024-04-10,Solar,Photovoltaic Solar,"SS Completed, FIS Completed, IA",2020-03-26,2020-06-04,2020-03-05 00:00:00.000,2023-10-30,,2022-02-14,Not Required,Not Required,Not Required,2023-10-03 00:00:00,2023-10-30 00:00:00,NORTH,2024-04-01,2024-04-10,
23INR0027,Clear Fork Creek Solar,Clear Fork Creek Solar LLC,Wilson,Texas,Tap 345KV 5133 Elm Creek - 5323 Old Hickory,,Solar - Photovoltaic Solar,602.02,,,2020-05-01,Completed,2027-04-29,,,,Solar,Photovoltaic Solar,"SS Completed, FIS Completed, IA",2020-05-01,2020-07-13,2020-08-17 00:00:00.000,2026-06-17,No,2021-11-23,Not Required,Not Required,Not Required,2021-11-29 00:00:00,2026-07-28 00:00:00,SOUTH,,,
23INR0029,Cedar Bayou 5 (TEF - Due Diligence),NRG Cedar Bayou 5 LLC,Chambers,Texas,40000 Cedar Bayou 345kV,,"Gas - Combustion (gas) Turbine, but not part of a Combined-Cycle",697.0,,,2020-03-26,Completed,2027-12-15,,,,Gas,"Combustion (gas) Turbine, but not part of a Combined-Cycle","SS Completed, FIS Completed, IA",2020-03-26,2020-06-04,2020-03-18 00:00:00.000,2025-05-30,No,2022-01-10,2021-03-17 00:00:00,2021-03-17 00:00:00,2024-06-07 00:00:00,2025-02-12 00:00:00,,HOUSTON,,,
23INR0031,Solace Solar,"IP QUANTUM, LLC.",Haskell,Texas,tap 345kV 1430 Graham - 1048 Tonkawas,,Solar - Photovoltaic Solar,321.64,,,2020-04-22,Completed,2026-09-01,,,2026-03-03,Solar,Photovoltaic Solar,"SS Completed, FIS Completed, IA",2020-04-22,2020-07-09,2020-04-03 00:00:00.000,2023-10-26,No,2024-01-30,Not Required,Not Required,Not Required,2024-06-07 00:00:00,2025-07-25 00:00:00,WEST,2026-01-30,2026-03-03,
23INR0040,Dori BQ Solar,"Sunnyside Energy, LLC",Harris,Texas,tap 138kV 47210 Holmes – 42680 Garden Villas ,,Solar - Photovoltaic Solar,50.42,,,2020-06-09,Completed,2027-08-30,,,,Solar,Photovoltaic Solar,"SS Completed, FIS Started, IA",2020-06-09,2020-08-18,2021-01-29 00:00:00.000,,No,2022-12-01,Not Required,Not Required,Not Required,,,HOUSTON,,,
23INR0045,Caney Creek Solar,HEP Aquamarine Holdings LLC,Van Zandt,Texas,Tap 138kV 6829 Glen Pine - 6833 Explorer,,Solar - Photovoltaic Solar,121.04,,,2020-09-25,Completed,2027-06-21,,,,Solar,Photovoltaic Solar,"SS Completed, FIS Started, IA",2020-09-25,2020-12-16,2021-02-22 00:00:00.000,,No,2021-12-29,Not Required,Not Required,Not Required,2021-12-13 00:00:00,,NORTH,,,
23INR0047,Charger Solar,"AP Solar 4, LLC",Refugio,Texas,tap 345kV 8249 Angstrom – 5915 STP,,Solar - Photovoltaic Solar,397.15,,,2020-06-19,Completed,2026-09-18,,,2026-07-17,Solar,Photovoltaic Solar,"SS Completed, FIS Completed, IA",2020-06-19,2020-09-08,2020-06-07 00:00:00.000,2025-09-22,No,2021-06-05,Not Required,Not Required,Not Required,2022-04-04 00:00:00,2025-07-24 00:00:00,COASTAL,2026-06-30,2026-07-17,
23INR0054,Tanglewood Solar,"Brazoria Solar, LLC",Brazoria,Texas,345kV Seabreeze Substation,,Solar - Photovoltaic Solar,250.96,,,2020-07-10,Completed,2026-09-30,,,2025-08-20,Solar,Photovoltaic Solar,"SS Completed, FIS Completed, IA",2020-07-10,2020-09-28,2020-11-24 00:00:00.000,2024-06-03,Yes,2022-11-01,Not Required,Not Required,Not Required,2023-02-10 00:00:00,2024-11-07 00:00:00,COASTAL,2025-08-05,2025-08-20,
23INR0055,Tabor Solar ,Quanah Solar LLC,Hardeman,Texas,Tap 345kV 60504 Tesla - 61001 Jim Treece,,Solar - Photovoltaic Solar,506.4,,,2020-09-02,Active,2027-04-16,,,,Solar,Photovoltaic Solar,"SS Completed, FIS Started, No IA",2020-09-02,2020-11-19,2020-07-07 00:00:00.000,,No,,,,Not Required,,,WEST,,,
23INR0056,Caliche Mound Solar ,Tierra Blanco Solar LLC,Deaf Smith,Texas,tap 345kV 23906 AJSwope -  23910 Windmill,,Solar - Photovoltaic Solar,406.6,,,2020-07-24,Completed,2027-10-26,,,,Solar,Photovoltaic Solar,"SS Completed, FIS Started, IA",2020-07-24,2020-09-08,2020-07-07 00:00:00.000,,,2023-10-12,,,Not Required,2025-02-12 00:00:00,,PANHANDLE,,,
23INR0057,Duffy Solar,Duffy Project Co LLC,Matagorda,Texas,Tap 345kV WAP to STP CKT39 (PTI# 5915-44000 CKT 39),,Solar - Photovoltaic Solar,502.46,,,2020-09-11,Completed,2027-12-31,,,,Solar,Photovoltaic Solar,"SS Completed, FIS Started, IA",2020-09-11,2020-11-19,2021-02-04 00:00:00.000,,Yes,2023-04-12,,,Not Required,2023-05-24 00:00:00,,COASTAL,,,
23INR0058,Erin Solar,Erin Solar LLC,Wharton,Texas,44040 Bailey 345 kV,,Solar - Photovoltaic Solar,208.34,,,2020-07-24,Completed,2029-12-31,,,,Solar,Photovoltaic Solar,"SS Completed, FIS Started, IA",2020-07-24,2020-10-08,2021-01-26 00:00:00.000,,No,2023-03-22,Not Required,Not Required,Not Required,,,SOUTH,,,
23INR0059,Briggs Solar,"IP Quantum III, LLC",Haskell,Texas,tap 345kV 60515 Clear Crossing - 60507 Pendulo,,Solar - Photovoltaic Solar,323.7,,,2020-08-04,Completed,2028-04-15,,,,Solar,Photovoltaic Solar,"SS Completed, FIS Started, IA",2020-08-04,2020-10-28,2021-03-04 00:00:00.000,,,2025-03-15,Not Required,Not Required,Not Required,2025-03-24 00:00:00,,WEST,,,
23INR0061,Noria Solar DCC,Noria Hondo Solar LLC,Nueces,Texas,85000 Nelson Sharpe 345kV  ,,Solar - Photovoltaic Solar,145.0,,,2020-08-04,Completed,2028-04-21,,,,Solar,Photovoltaic Solar,"SS Completed, FIS Started, IA",2020-08-04,2020-10-28,2021-03-10 00:00:00.000,,,2022-10-12,,,Not Required,2025-02-12 00:00:00,,COASTAL,,,
23INR0062,Noria Storage,Noria Hondo Solar LLC,Nueces,Texas,85000 Nelson Sharpe 345kV ,,Other - Battery Energy Storage,75.0,,,2020-08-04,Completed,2028-04-21,,,,Other,Battery Energy Storage,"SS Completed, FIS Started, IA",2020-08-04,2020-10-28,2021-03-30 00:00:00.000,,,2022-10-12,Not Required,Not Required,,2023-04-12 00:00:00,,COASTAL,,,
23INR0066,Accalia Point Solar,Accalia Point Solar LLC,Cameron,Texas,Tap 345kV 8383 North Edingburg – 79501 Kingfisher,,Solar - Photovoltaic Solar,190.5,,,2020-10-23,Active,2029-05-31,,,,Solar,Photovoltaic Solar,"SS Completed, FIS Started, No IA",2020-10-23,2021-01-12,2021-01-27 00:00:00.000,,No,,,,Not Required,,,COASTAL,,,
23INR0070,Chillingham Solar,Chillingham Solar LLC,Bell,Texas,3687 Bell County East 345kV,,Solar - Photovoltaic Solar,352.39,,,2020-08-04,Completed,2026-10-31,,,2024-09-04,Solar,Photovoltaic Solar,"SS Completed, FIS Completed, IA",2020-08-04,2020-10-28,2020-08-26 00:00:00.000,2024-01-26,No,2022-02-04,Not Required,Not Required,Not Required,2024-01-30 00:00:00,2024-01-30 00:00:00,NORTH,2024-08-19,2024-09-04,
23INR0071,BRP Volans BESS,BRP Volans BESS LLC,Winkler,Texas,11189 Quarry Field SW -  1074 Wink 138kV,,Other - Battery Energy Storage,206.88,,,2020-08-04,Active,2027-12-01,,,,Other,Battery Energy Storage,"SS Completed, FIS Started, No IA",2020-08-04,2020-10-28,2020-08-24 00:00:00.000,,No,,,,,,,WEST,,,
23INR0074,BRP Ampato BESS,BRP Ampato BESS LLC,Crane,Texas,10002 NS Crane Switch 138kV,,Other - Battery Energy Storage,121.56,,,2020-08-04,Active,2027-12-01,,,,Other,Battery Energy Storage,"SS Completed, FIS Started, No IA",2020-08-04,2020-10-28,2020-08-24 00:00:00.000,,,,,,,,,WEST,,,
23INR0075,BRP Rhine BESS,BRP Rhine BESS LLC,Ward,Texas,Tap 345kV 11188  QUARRYFLD - 11010 WOLF,,Other - Battery Energy Storage,206.89,,,2020-08-04,Active,2028-12-01,,,,Other,Battery Energy Storage,"SS Completed, FIS Started, No IA",2020-08-04,2020-11-02,2020-09-17 00:00:00.000,,,,,,,,,WEST,,,
23INR0077,Cachena Storage SLF,Clear Fork Creek Solar LLC,Wilson,Texas,Tap 345KV 5133 Elmcreek - 5323 Old Hickory,,Other - Battery Energy Storage,0.0,,,2020-08-21,Active,2027-04-29,,,,Other,Battery Energy Storage,"SS Completed, FIS Started, No IA",2020-08-21,2020-10-16,2020-08-17 00:00:00.000,,,,Not Required,Not Required,,,,SOUTH,,,
23INR0078,Shaw Solar,"Rio Lago Solar, LLC",Bandera,Texas,Tap 138kV 7146 Verde Creek - 7438 Bandera,,Solar - Photovoltaic Solar,124.65,,,2020-10-23,Completed,2026-10-16,,,2026-07-31,Solar,Photovoltaic Solar,"SS Completed, FIS Completed, IA",2020-10-23,2021-01-12,2021-05-11 00:00:00.000,2025-03-12,No,2023-02-17,Not Required,Not Required,Not Required,2025-03-26 00:00:00,2025-04-30 00:00:00,SOUTH,2026-06-04,2026-07-31,
23INR0080,Soda Lake Solar 2 SLF,"Crane II Solar Electric, LLC",Crane,Texas,138 kV Soda Lake (#76026) ,,Solar - Photovoltaic Solar,201.74,,,2020-09-11,Completed,2028-10-30,,,,Solar,Photovoltaic Solar,"SS Completed, FIS Started, IA",2020-09-11,2020-11-30,2020-08-24 00:00:00.000,,,2022-03-23,,,Not Required,,,WEST,,,
23INR0086,Hanson Solar,"Hanson Solar, LLC",Coleman,Texas,tap 345kV 1444 Brown - 11406 Central Bluff,,Solar - Photovoltaic Solar,398.83,,,2020-10-23,Completed,2027-08-17,,,,Solar,Photovoltaic Solar,"SS Completed, FIS Completed, IA",2020-10-23,2021-02-02,2021-03-25 00:00:00.000,2026-03-26,,2023-09-20,Not Required,Not Required,Not Required,2025-02-12 00:00:00,2026-07-29 00:00:00,WEST,,,
23INR0087,Kinenos Solar,"Encino del Sol Energy, LLC",Brooks,Texas,tap 345kV 8905 North Edinburg - 8455 Lon Hill,,Solar - Photovoltaic Solar,203.17,,,2020-12-22,Active,2029-12-31,,,,Solar,Photovoltaic Solar,"SS Completed, FIS Started, No IA",2020-12-22,2021-03-10,2020-12-03 00:00:00.000,,No,,,,Not Required,,,SOUTH,,,
23INR0088,Nockenut Springs Solar 1,"Pecan Springs Energy, LLC",Guadalupe,Texas,tap 345kV 5133 Elm Creek - 5915 STP ckt 1,,Solar - Photovoltaic Solar,203.17,,,2020-09-25,Completed,2029-06-05,,,,Solar,Photovoltaic Solar,"SS Completed, FIS Completed, IA",2020-09-25,2020-12-16,2020-09-11 00:00:00.000,2025-07-07,Yes,2023-11-17,,,Not Required,,,SOUTH,,,
23INR0089,Donegal Solar,HE-Cottonwood Solar LLC,Dickens,Texas,59904 Cottonwood 345kV,,Solar - Photovoltaic Solar,201.57,,,2020-10-07,Completed,2028-11-01,,,,Solar,Photovoltaic Solar,"SS Completed, FIS Started, IA",2020-10-07,2020-12-28,2020-09-11 00:00:00.000,,,2022-07-25,Not Required,Not Required,Not Required,2025-05-14 00:00:00,,PANHANDLE,,,
23INR0090,Iguala Solar,Iguala Solar LLC,Victoria,Texas,AEP South Texas Project (#5915) to Static (#8676) 345kV line,,Solar - Photovoltaic Solar,250.0,,,2020-10-07,Completed,2029-02-01,,,,Solar,Photovoltaic Solar,"SS Completed, FIS Started, IA",2020-10-07,2020-12-28,2021-06-07 00:00:00.000,,Yes,2025-07-29,,,Not Required,,,SOUTH,,,
23INR0091,Cascade Solar,"Cascade Solar Energy, LLC",Brazoria,Texas,43180 SAVANAH 345 kV,,Solar - Photovoltaic Solar,171.0,,,2021-02-09,Completed,2028-01-15,,,,Solar,Photovoltaic Solar,"SS Completed, FIS Completed, IA",2021-02-09,2021-05-06,2021-04-28 00:00:00.000,2025-09-02,No,2023-04-17,Not Required,Not Required,Not Required,2023-12-07 00:00:00,2025-10-31 00:00:00,COASTAL,,,
23INR0094,BRP Pyxis BESS,BRP Pyxis BESS LLC,Ward,Texas,tap 138kV 1009 Yucca - 11197 Sand Tank Pod ,,Other - Battery Energy Storage,206.87,,,2020-09-25,Active,2028-12-01,,,,Other,Battery Energy Storage,"SS Completed, FIS Started, No IA",2020-09-25,2020-12-16,2020-09-11 00:00:00.000,,,,,,,,,WEST,,,
23INR0104,BRP Kamet BESS,BRP Kamet BESS LLC,Andrews,Texas,Andrews North – McKenzie Draw Switch 138 kV,,Other - Battery Energy Storage,202.46,,,2020-10-07,Active,2025-12-01,,,,Other,Battery Energy Storage,"SS Completed, FIS Started, No IA",2020-10-07,2020-12-30,2020-09-23 00:00:00.000,,No,,,,,,,WEST,,,
23INR0111,PHOTON SOLAR 3 SLF,"GulfStar Power, LLC",Wharton,Texas,44880 Waterh_POI_5 345kV,,Solar - Photovoltaic Solar,109.99,,,2020-10-23,Completed,2026-05-11,,,2024-10-02,Solar,Photovoltaic Solar,"SS Completed, FIS Completed, IA",2020-10-23,2021-02-02,2020-11-24 00:00:00.000,2022-11-28,No,2021-10-01,Not Required,Not Required,Not Required,2021-11-05 00:00:00,2023-01-27 00:00:00,SOUTH,2024-05-17,2024-10-02,
23INR0116,Cantaloupe Solar,"Saragosa Del Sol Energy, LLC",Reeves,Texas,60716 Saragosa 138kV,,Solar - Photovoltaic Solar,307.0,,,2020-12-22,Completed,2028-07-01,,,,Solar,Photovoltaic Solar,"SS Completed, FIS Started, IA",2020-12-22,2021-03-09,2020-12-01 00:00:00.000,,,2024-04-23,Not Required,Not Required,Not Required,2025-05-28 00:00:00,,WEST,,,
23INR0123,Vaca Storage,"Long Mount Storage, LLC",Calhoun,Texas,138kV 8723 Cangrejo,,Other - Battery Energy Storage,101.0,,,2021-03-26,Active,2029-07-01,,,,Other,Battery Energy Storage,"SS Completed, FIS Started, No IA",2021-03-26,2021-06-14,2022-05-11 00:00:00.000,,No,,Not Required,Not Required,,,,COASTAL,,,
23INR0126,Sigma Storage,"AES Distributed Energy, Inc",Harris,Texas,40460 Deepwater 138kV ,,Other - Battery Energy Storage,408.4,,,2021-05-11,Active,2029-10-01,,,,Other,Battery Energy Storage,"SS Completed, FIS Started, No IA",2021-05-11,2021-07-30,2022-02-04 00:00:00.000,,No,,,,,,,HOUSTON,,,
23INR0127,Beacon Storage,"AES Distributed Energy, Inc",Harris,Texas,40450 Deepwater 345kV,,Other - Battery Energy Storage,408.7,,,2021-05-05,Active,2029-10-01,,,,Other,Battery Energy Storage,"SS Completed, FIS Started, No IA",2021-05-05,2021-07-27,2022-02-28 00:00:00.000,,No,,,,,,,HOUSTON,,,
23INR0135,Elbus BESS,BRP Elbus BESS LLC ,Caldwell,Texas,9075 Lytton 138kV,,Other - Battery Energy Storage,200.99,,,2020-12-03,Active,2028-06-01,,,,Other,Battery Energy Storage,"SS Completed, FIS Started, No IA",2020-12-03,2021-02-18,2020-11-25 00:00:00.000,,,,,,,,,SOUTH,,,
23INR0137,Diran BESS,BRP Diran BESS LLC,Wharton,Texas,43190 South Lane City 138kV,,Other - Battery Energy Storage,103.0,,,2020-12-03,Completed,2028-01-31,,,,Other,Battery Energy Storage,"SS Completed, FIS Completed, IA",2020-12-03,2021-02-18,2020-11-25 00:00:00.000,2025-10-03,No,2025-01-07,Not Required,Not Required,,2025-07-21 00:00:00,,SOUTH,,,
23INR0140,Seine BESS,BRP Seine BESS LLC,Foard,Texas,60500 Edith Clarke 345kV,,Other - Battery Energy Storage,308.88,,,2020-12-03,Completed,2027-10-01,,,,Other,Battery Energy Storage,"SS Completed, FIS Started, IA",2020-12-03,2021-02-19,2020-11-27 00:00:00.000,,No,2024-12-01,Not Required,Not Required,,2026-03-24 00:00:00,,WEST,,,
23INR0143,Sepik BESS,BRP Sepik BESS LLC,Mitchell,Texas,tap 138kV 11342 Loraine South – 10050 Ranger Camp,,Other - Battery Energy Storage,204.96,,,2020-12-22,Active,2028-03-01,,,,Other,Battery Energy Storage,"SS Completed, FIS Started, No IA",2020-12-22,2021-03-15,2020-12-01 00:00:00.000,,,,,,,,,WEST,,,
23INR0150,Cradle Solar,Cradle Solar LLC,Brazoria,Texas,tap 345kV 42500 Dow - 43035 Oasis ckt 18,,Solar - Photovoltaic Solar,200.85,,,2021-02-04,Completed,2027-09-17,,,,Solar,Photovoltaic Solar,"SS Completed, FIS Completed, IA",2021-02-04,2021-04-21,2021-03-15 00:00:00.000,2025-03-14,No,2023-03-15,,,Not Required,2025-02-12 00:00:00,2025-04-30 00:00:00,COASTAL,,,
23INR0163,Ringtail Ridge Storage,"KCE TX 26, LLC",Kendall,Texas,7150 Kendall 138kV,,Other - Battery Energy Storage,100.57,,,2021-01-25,Active,2028-05-23,,,,Other,Battery Energy Storage,"SS Completed, FIS Started, No IA",2021-01-25,2021-04-16,2020-12-29 00:00:00.000,,,,,,,,,SOUTH,,,
23INR0164,Steppe Reserve Storage,"KCE TX 25, LLC",Dimmit,Texas,8283 Asherton 138 kV ,,Other - Battery Energy Storage,51.9,,,2021-01-25,Active,2028-01-01,,,,Other,Battery Energy Storage,"SS Completed, FIS Started, No IA",2021-01-25,2021-04-16,2020-12-29 00:00:00.000,,,,,,,,,SOUTH,,,
23INR0168,Charolais Storage,"RWE Solar Development, LLC",Matagorda,Texas,tap 345kV 44000 W A Parish - 5915 STP,,Other - Battery Energy Storage,150.0,,,2021-02-09,Active,2026-12-15,,,,Other,Battery Energy Storage,"SS Completed, FIS Started, No IA",2021-02-09,2021-05-06,2021-06-11 00:00:00.000,,,,,,,,,COASTAL,,,
23INR0171,Goodalta Solar,GoodAlta Power Center LLC,Navarro,Texas,tap 138kV 3127 Trinidad - 212 Winkler,,Solar - Photovoltaic Solar,221.36,,,2021-01-25,Active,2027-09-20,,,,Solar,Photovoltaic Solar,"SS Completed, FIS Completed, No IA",2021-01-25,2021-04-12,2021-01-07 00:00:00.000,2026-02-17,No,,,,Not Required,,,NORTH,,,
23INR0174,Campsey Wind,"RWE Clean Energy Development, LLC",Jack,Texas,tap 345kV 1458 Cobb - 1429 Jacksboro,,Wind - Wind Turbine,238.3,,,2021-02-09,Active,2028-06-01,,,,Wind,Wind Turbine,"SS Completed, FIS Completed, No IA",2021-02-09,2021-05-06,2021-09-01 00:00:00.000,2025-05-21,No,,,,Not Required,,,NORTH,,,
23INR0180,Jackalope Solar,"Peacock Energy Project, LLC",San Patricio,Texas,8173 Gibbs 138kV,,Solar - Photovoltaic Solar,155.68,,,2021-02-09,Completed,2026-02-05,,,2024-09-19,Solar,Photovoltaic Solar,"SS Completed, FIS Completed, IA",2021-02-09,2021-05-06,2021-02-02 00:00:00.000,2021-11-18,,2021-09-30,Not Required,Not Required,Not Required,2021-10-18 00:00:00,2022-10-24 00:00:00,COASTAL,2024-07-30,2024-09-19,
23INR0181,Starling Storage,"Starling Storage, LLC",Gonzales,Texas,tap 138kV 7224 Luling - 7245 Gonzales,,Other - Battery Energy Storage,63.6,,,2021-01-25,Completed,2027-05-15,,,,Other,Battery Energy Storage,"SS Completed, FIS Completed, IA",2021-01-25,2021-04-16,2021-10-07 00:00:00.000,2023-07-31,No,2023-08-03,Not Required,Not Required,,2025-02-12 00:00:00,,SOUTH,,,
23INR0183,Pradera Storage,"Pradera Storage, LLC",Webb,Texas,tap 345 kV Lobo 80219 - Fowlerton 5709 ckt #2,,Other - Battery Energy Storage,153.11,,,2021-01-25,Active,2029-06-23,,,,Other,Battery Energy Storage,"SS Completed, FIS Started, No IA",2021-01-25,2021-04-16,2021-10-13 00:00:00.000,,,,,,,,,SOUTH,,,
23INR0194,Pequin Energy Storage,"Pequin Energy Storage, LLC",Brazoria,Texas,39500 TN West Columbia 138kV,,Other - Battery Energy Storage,103.4,,,2021-01-25,Active,2027-09-13,,,,Other,Battery Energy Storage,"SS Completed, FIS Started, No IA",2021-01-25,2021-04-16,2021-06-14 00:00:00.000,,,,,,,,,COASTAL,,,
23INR0200,Paradiso BESS,VESI 13,Atascosa,Texas,8203 Pleasanton 138kV,,Other - Battery Energy Storage,102.3,,,2021-03-01,Completed,2028-03-15,,,,Other,Battery Energy Storage,"SS Completed, FIS Started, IA",2021-03-01,2021-05-13,2021-08-20 00:00:00.000,,No,2025-04-18,Not Required,Not Required,,,,SOUTH,,,
23INR0202,Erath County Solar,"Erath County Solar, LLC",Erath,Texas,tap 345kV 68020 Romney1E - 68030 KopperlW,,Solar - Photovoltaic Solar,207.4,,,2021-03-08,Completed,2029-01-31,,,,Solar,Photovoltaic Solar,"SS Completed, FIS Started, IA",2021-03-08,2021-05-28,2021-03-06 00:00:00.000,,Yes,2023-06-01,,,Not Required,2025-02-12 00:00:00,,NORTH,,,
23INR0204,GALVANIC BESS,CED Development Inc,Kinney,Texas,8252 Bracketville 138kV,,Other - Battery Energy Storage,100.0,,,2021-02-09,Active,2027-12-30,,,,Other,Battery Energy Storage,"SS Completed, FIS Started, No IA",2021-02-09,2021-05-06,2022-05-13 00:00:00.000,,,,,,,,,SOUTH,,,
23INR0205,SUNSETTER BESS,CED Development Inc.,Uvalde,Texas,5885 Downie 138kV,,Other - Battery Energy Storage,100.0,,,2021-02-09,Active,2027-11-30,,,,Other,Battery Energy Storage,"SS Completed, FIS Started, No IA",2021-02-09,2021-05-06,2022-05-13 00:00:00.000,,,,,,,,,SOUTH,,,
23INR0206,PEREGRINE BESS,CED Development Inc.,Goliad,Texas,tap 345kV 8624 Grissom - 8164 Coleto Creek  ,,Other - Battery Energy Storage,150.0,,,2021-02-10,Active,2027-07-01,,,,Other,Battery Energy Storage,"SS Completed, FIS Started, No IA",2021-02-10,2021-05-06,2022-05-13 00:00:00.000,,,,,,,,,SOUTH,,,
23INR0207,El Patrimonio Solar,"Heritage Solar, LLC",Bexar,Texas,tap 138kV 5429 Trumbo - 5260 Leon Creek ,,Solar - Photovoltaic Solar,152.32,,,2021-03-16,Completed,2027-04-29,,,,Solar,Photovoltaic Solar,"SS Completed, FIS Completed, IA",2021-03-16,2021-05-28,2021-11-23 00:00:00.000,2024-10-17,No,2023-12-11,Not Required,Not Required,Not Required,2026-05-01 00:00:00,2026-05-01 00:00:00,SOUTH,,,
23INR0209,Outpost Storage,Hecate Energy Outpost Storage LLC,Webb,Texas,345kv Avanzada7A (80235),,Other - Battery Energy Storage,508.1,,,2021-03-01,Active,2028-03-01,,,,Other,Battery Energy Storage,"SS Completed, FIS Started, No IA",2021-03-01,2021-05-13,2021-02-15 00:00:00.000,,,,,,,,,SOUTH,,,
23INR0214,Harley Hand Storage,Hecate Energy Harley Hand Storage LLC ,Nolan,Texas,11420 Sweetwater East 345kV,,Other - Battery Energy Storage,503.4,,,2021-03-01,Active,2029-04-07,,,,Other,Battery Energy Storage,"SS Completed, FIS Started, No IA",2021-03-01,2021-05-13,2022-03-22 00:00:00.000,,,,Not Required,Not Required,,,,WEST,,,
23INR0215,Big River Solar,Rio Grande River Solar LLC,Zapata,Texas,tap 138kV 8299 Zapata - 8957 Lopeno4A,,Solar - Photovoltaic Solar,104.35,,,2021-05-04,Active,2028-12-31,,,,Solar,Photovoltaic Solar,"SS Completed, FIS Started, No IA",2021-05-04,2021-07-27,2021-04-15 00:00:00.000,,,,,,Not Required,,,SOUTH,,,
23INR0216,Venus Mill Storage,"AIH Texas Acquisitions, LLC",Ellis,Texas,138 kV Tap #442 Rail Port - #1905 Griffith,,Other - Battery Energy Storage,100.8,,,2022-03-14,Completed,2027-12-31,,,,Other,Battery Energy Storage,"SS Completed, FIS Started, IA",2022-03-14,2022-06-09,2022-03-04 00:00:00.000,,No,2025-12-24,Not Required,Not Required,,,,NORTH,,,
23INR0222,Sunbelt Solar,Rose Hill Solar LLC,Kaufman,Texas,tap 138kV 6902 Talty - 6801 Patton,,Solar - Photovoltaic Solar,81.5,,,2021-03-16,Active,2026-12-31,,,,Solar,Photovoltaic Solar,"SS Completed, FIS Started, No IA",2021-03-16,2021-05-28,2021-09-30 00:00:00.000,,,,,,Not Required,,,NORTH,,,
23INR0224,Morning Glory Solar,"Armadillo Solar, LLC",Tom Green,Texas,tap 345kV 7077 Amos Creek - 76009 Twin Buttes,,Solar - Photovoltaic Solar,122.4,,,2021-06-16,Active,2028-11-30,,,,Solar,Photovoltaic Solar,"SS Completed, FIS Started, No IA",2021-06-16,2021-09-07,2022-05-17 00:00:00.000,,,,,,Not Required,,,WEST,,,
23INR0225,MRG GOODY SOLAR,"MRG GOODY SOLAR PROJECT, LLC",Lamar,Texas,Tap 138 kV Toco Switch (#1700) – Paris Switch (#1693) ,,Solar - Photovoltaic Solar,170.82,,,2021-03-16,Completed,2026-08-28,,,2026-03-27,Solar,Photovoltaic Solar,"SS Completed, FIS Completed, IA",2021-03-16,2021-06-11,2022-03-22 00:00:00.000,2025-06-17,No,2023-11-07,Not Required,Not Required,Not Required,2025-02-12 00:00:00,2025-07-31 00:00:00,NORTH,2026-02-06,2026-03-27,
23INR0227,Maleza Solar II,"Brush Solar, LLC",Wharton,Texas,tap Blue – Hillje 345 kv Ckt.#27,,Solar - Photovoltaic Solar,254.94,,,2021-04-06,Active,2028-12-31,,,,Solar,Photovoltaic Solar,"SS Completed, FIS Started, No IA",2021-04-06,2021-06-24,2021-05-19 00:00:00.000,,,,,,Not Required,,,SOUTH,,,
23INR0228,Hiru Solar,Hecate Energy Hazel LLC,Clay,Texas,Tap 345kV 6111 Riley - 1730 West Krum ckt 1,,Solar - Photovoltaic Solar,603.7,,,2021-04-21,Active,2029-04-01,,,,Solar,Photovoltaic Solar,"SS Completed, FIS Started, No IA",2021-04-21,2021-07-14,2021-08-30 00:00:00.000,,No,,Not Required,Not Required,Not Required,,,WEST,,,
23INR0229,CH Solterra LLC,CH Solterra LLC,Hopkins,Texas,Tap 138kV 11796 White Oak POI - 11797 Brinker POI,,Solar - Photovoltaic Solar,143.0,,,2021-03-19,Active,2027-05-31,,,,Solar,Photovoltaic Solar,"SS Completed, FIS Started, No IA",2021-03-19,2021-06-11,2021-03-18 00:00:00.000,,No,,Not Required,Not Required,Not Required,,,NORTH,,,
23INR0231,Hoke Solar,"Hoke Solar Project, LLC",Gonzales,Texas,tap 138kV 7595 Deer Creek - 7621 Nixon,,Solar - Photovoltaic Solar,95.29,,,2021-04-22,Completed,2027-07-05,,,,Solar,Photovoltaic Solar,"SS Completed, FIS Completed, IA",2021-04-22,2021-07-14,2021-04-22 00:00:00.000,2026-07-17,No,2022-04-25,Not Required,Not Required,Not Required,2025-09-08 00:00:00,2026-07-27 00:00:00,SOUTH,,,
23INR0232,Hoke Storage,"Hoke Solar Project, LLC ",Gonzales,Texas,tap 138kV 7595 Deer Creek - 7621 Nixon,,Other - Battery Energy Storage,33.17,,,2021-04-22,Completed,2027-07-05,,,,Other,Battery Energy Storage,"SS Completed, FIS Completed, IA",2021-04-22,2021-07-14,2021-04-22 00:00:00.000,2026-07-17,No,2022-04-25,Not Required,Not Required,2026-04-20 00:00:00,2026-03-25 00:00:00,2026-07-27 00:00:00,SOUTH,,,
23INR0233,Earthwise Solar,Quanah Solar 2,Hardeman,Texas,Tap 345kV 60504 Tesla - 61001 Jim Treece,,Solar - Photovoltaic Solar,370.5,,,2022-03-14,Active,2028-12-31,,,,Solar,Photovoltaic Solar,"SS Completed, FIS Started, No IA",2022-03-14,2022-06-09,2022-02-25 00:00:00.000,,,,Not Required,Not Required,Not Required,,,WEST,,,
23INR0235,Hoyte Solar,Milano Solar LLC,Milam,Texas,(3707) Cannon Switch 138kV,,Solar - Photovoltaic Solar,206.75,,,2021-04-01,Completed,2027-04-15,,,,Solar,Photovoltaic Solar,"SS Completed, FIS Completed, IA",2021-04-01,2021-07-02,2021-03-25 00:00:00.000,2026-03-16,No,2022-10-14,Not Required,Not Required,Not Required,2025-02-13 00:00:00,2026-05-01 00:00:00,SOUTH,,,
23INR0237,Big River BESS,Rio Grande River Solar LLC,Zapata,Texas,tap 138kV 8299 Zapata - 8957 Lopeno4A,,Other - Battery Energy Storage,51.26,,,2021-05-04,Active,2028-12-31,,,,Other,Battery Energy Storage,"SS Completed, FIS Started, No IA",2021-05-04,2021-07-27,2021-04-15 00:00:00.000,,,,,,,,,SOUTH,,,
23INR0244,Tiger Solar,"Vaca Del Sol, LLC",Jones,Texas,68004 PHANTOM HILL 345KV ,,Solar - Photovoltaic Solar,250.9,,,2021-04-29,Completed,2027-06-30,,,,Solar,Photovoltaic Solar,"SS Completed, FIS Completed, IA",2021-04-29,2021-07-22,2021-04-29 00:00:00.000,2025-12-15,Yes,2024-10-30,Not Required,Not Required,Not Required,2025-02-12 00:00:00,2026-01-30 00:00:00,WEST,,,
23INR0248,Limewood Storage ,Limewood Bell Renewables LLC,Bell,Texas,3420 Temple Pecan Creek 138kV,,Other - Battery Energy Storage,50.0,,,2021-04-30,Completed,2028-12-29,,,,Other,Battery Energy Storage,"SS Completed, FIS Started, IA",2021-04-30,2021-07-22,2021-10-06 00:00:00.000,,No,2023-02-22,Not Required,Not Required,,2025-05-22 00:00:00,,NORTH,,,
23INR0249,Limewood Solar ,"Limewood Bell Renewables, LLC",Bell,Texas,3420 Temple Pecan Creek 138kV,,Solar - Photovoltaic Solar,204.6,,,2021-04-30,Completed,2026-12-29,,,,Solar,Photovoltaic Solar,"SS Completed, FIS Completed, IA",2021-04-30,2021-07-22,2021-10-06 00:00:00.000,2025-03-14,No,2023-02-22,Not Required,Not Required,Not Required,2025-02-13 00:00:00,2025-05-01 00:00:00,NORTH,2026-08-10,,
23INR0273,Poco Trail Solar,"Eastern Trail Solar Center, LLC",Wilbarger,Texas,"Tap 345kV 6101 Riley - 1422 Bowman
Byrd Road Switch",,Solar - Photovoltaic Solar,438.75,,,2021-09-14,Active,2029-04-02,,,,Solar,Photovoltaic Solar,"SS Completed, FIS Started, No IA",2021-09-14,2021-11-30,2021-07-12 00:00:00.000,,No,,Not Required,Not Required,Not Required,,,WEST,,,
23INR0278,Tucana BESS,BRP Tucana BESS LLC,Andrews,Texas,1157 Andrews County South 138kV,,Other - Battery Energy Storage,201.3,,,2021-06-03,Active,2028-03-01,,,,Other,Battery Energy Storage,"SS Completed, FIS Completed, No IA",2021-06-03,2021-08-19,2021-05-10 00:00:00.000,2025-06-18,No,,,,,,,WEST,,,
23INR0279,Trivor BESS,BRP Trivor BESS LLC,Andrews,Texas,1272 Fullerton 138kV,,Other - Battery Energy Storage,205.46,,,2021-06-03,Active,2028-03-01,,,,Other,Battery Energy Storage,"SS Completed, FIS Started, No IA",2021-06-03,2022-03-15,2021-05-10 00:00:00.000,,No,,,,,,,WEST,,,
23INR0283,Kota Battery ,"Kota Storage, LLC",Carson,Texas,23900 Alibates 345kV,,Other - Battery Energy Storage,200.8,,,2021-06-07,Active,2028-10-31,,,,Other,Battery Energy Storage,"SS Completed, FIS Started, No IA",2021-06-07,2021-08-27,2021-06-02 00:00:00.000,,,,,,,,,PANHANDLE,,,
23INR0284,Las Moras Battery ,"Las Moras Storage, LLC",Kinney,Texas,8252 Brackett 138kV,,Other - Battery Energy Storage,101.0,,,2021-06-07,Active,2029-07-01,,,,Other,Battery Energy Storage,"SS Completed, FIS Started, No IA",2021-06-07,2021-08-27,2021-06-02 00:00:00.000,,No,,,,,,,SOUTH,,,
23INR0286,Dry Creek Solar I,OAK HILL SOLAR LLC,Rusk,Texas,"tap 345kV 3100 Martin Lake - 3105 Elkton
(Dorsett 345kV Switching Station)",,Solar - Photovoltaic Solar,201.06,,,2021-08-18,Completed,2026-01-31,,,2025-05-19,Solar,Photovoltaic Solar,"SS Completed, FIS Completed, IA",2021-08-18,2021-11-05,2022-03-30 00:00:00.000,2024-06-12,No,2023-11-02,Not Required,Not Required,Not Required,2024-10-29 00:00:00,2024-10-29 00:00:00,NORTH,2025-05-08,2025-05-19,
23INR0289,Skull Creek Solar,"Skull Creek Solar, LLC",Anderson,Texas,"Tap 138kV 3281 Tennessee Colony - 3499 Blackfoot
Massey Lake Switch in TSP’s Pin Oak Switch - Long Lake Substation",,Solar - Photovoltaic Solar,136.98,,,2021-05-28,Completed,2027-07-30,,,,Solar,Photovoltaic Solar,"SS Completed, FIS Started, IA",2021-05-28,2021-08-19,2021-12-16 00:00:00.000,,No,2024-05-20,Not Required,Not Required,Not Required,,,NORTH,,,
23INR0290,Zeya BESS,BRP Zeya BESS LLC,Galveston,Texas,38740 Heights 138kV,,Other - Battery Energy Storage,255.33,,,2021-05-31,Completed,2027-12-01,,,,Other,Battery Energy Storage,"SS Completed, FIS Started, IA",2021-05-31,2022-03-09,2021-05-20 00:00:00.000,,No,2023-01-20,Not Required,Not Required,,2025-02-12 00:00:00,,HOUSTON,,,
23INR0300,Holzer Solar,"Greater Bryant G Solar, LLC",Midland,Texas,11165 Sloan Switch 138kV,,Solar - Photovoltaic Solar,17.7,,,2021-06-17,Completed,2026-11-16,,,2026-07-02,Solar,Photovoltaic Solar,"SS Completed, FIS Completed, IA",2021-06-17,2021-09-01,2021-06-16 00:00:00.000,2025-04-09,No,2022-07-18,Not Required,Not Required,Not Required,2025-06-18 00:00:00,2025-10-10 00:00:00,WEST,2026-06-11,2026-07-02,
23INR0308,Fowler Ranch Storage,"Crane BESS, LLC",Crane,Texas,76025 Castle Mountain 138kV,,Other - Battery Energy Storage,26.07,,,2021-06-21,Active,2027-06-30,,,,Other,Battery Energy Storage,"SS Completed, FIS Started, No IA",2021-06-21,2021-09-07,2022-05-18 00:00:00.000,,,,,,,,,WEST,,,
23INR0310,Dunkel BESS,Momentum Energy Storage Partners,Lubbock,Texas,59156 Yellow House Canyon 115kV,,Other - Battery Energy Storage,226.4,,,2022-06-27,Active,2027-11-02,,,,Other,Battery Energy Storage,"SS Completed, FIS Started, No IA",2022-06-27,2022-09-22,2022-06-20 00:00:00.000,,,,,,,,,PANHANDLE,,,
23INR0312,Hofbrau BESS,Momentum Hofbrau LLC,Tom Green,Texas,6442 Redcreek 138kV,,Other - Battery Energy Storage,180.72,,,2021-09-22,Active,2028-07-01,,,,Other,Battery Energy Storage,"SS Completed, FIS Started, No IA",2021-09-22,2021-12-09,2021-09-22 00:00:00.000,,No,,,,,,,WEST,,,
23INR0318,Marcelina Storage ,"Marcelina Solar, LLC ",Wilson,Texas,Tap 345 kV 5133 Elm Creek - 5901 San Miguel,,Other - Battery Energy Storage,203.21,,,2021-08-09,Active,2026-12-18,,,,Other,Battery Energy Storage,"SS Completed, FIS Completed, No IA",2021-08-09,2021-10-29,2022-04-22 00:00:00.000,2024-01-23,,,,,,,,SOUTH,,,
23INR0324,Lumberjack Storage,EDP Renewables North America LLC,Cherokee,Texas,138 kV Tap 3110 Stryker Creek -  3147 Troup ,,Other - Battery Energy Storage,50.94,,,2021-08-12,Completed,2029-11-01,,,,Other,Battery Energy Storage,"SS Completed, FIS Started, IA",2021-08-12,2021-10-29,2022-04-06 00:00:00.000,,No,2024-03-20,Not Required,Not Required,,,,NORTH,,,
23INR0330,BRP Snowdon BESS,BRP SNOWDON BESS LLC,Briscoe,Texas,23914 Tule Canyon Substation 345kV ,,Other - Battery Energy Storage,410.94,,,2021-09-15,Active,2028-12-01,,,,Other,Battery Energy Storage,"SS Completed, FIS Started, No IA",2021-09-15,2021-11-29,2021-09-08 00:00:00.000,,,,,,,,,PANHANDLE,,,
23INR0331,Orange Grove BESS,"Talitha Energy Project, LLC",Jim Wells,Texas,5660 Orange Grove Switching Station 138 kV,,Other - Battery Energy Storage,61.39,,,2021-07-15,Completed,2027-04-30,,,,Other,Battery Energy Storage,"SS Completed, FIS Started, IA",2021-07-15,2021-09-28,2021-07-15 00:00:00.000,,No,2022-11-30,Not Required,Not Required,,2023-04-04 00:00:00,,SOUTH,,,
23INR0334,Liberty Senate Energy Storage 1,Senate Solar LLC,Jack,Texas,1445 Burwick 345kV,,Other - Battery Energy Storage,207.4,,,2021-10-05,Active,2027-10-27,,,,Other,Battery Energy Storage,"SS Completed, FIS Started, No IA",2021-10-05,2021-12-08,2021-10-03 00:00:00.000,,No,,Not Required,Not Required,,,,NORTH,,,
23INR0342,Brizo BESS,BRP Brizo BESS LLC,Victoria,Texas,138 kV Loop 463 Substation (#5680),,Other - Battery Energy Storage,144.22,,,2021-10-05,Completed,2027-09-01,,,,Other,Battery Energy Storage,"SS Completed, FIS Started, IA",2021-10-05,2021-12-22,2021-09-24 00:00:00.000,,,2025-03-27,Not Required,Not Required,,,,SOUTH,,,
23INR0344,Hermes Solar,"Bell 1 Solar, LLC",Bell,Texas,Tap 345kV 3687 Bell County East Switch -  39950 TNP One Plant Ckt 2,,Solar - Photovoltaic Solar,100.36,,,2021-09-21,Completed,2026-06-12,,,2026-04-17,Solar,Photovoltaic Solar,"SS Completed, FIS Completed, IA",2021-09-21,2021-12-09,2022-06-01 00:00:00.000,2024-04-19,No,2023-11-08,,,Not Required,2025-01-31 00:00:00,2025-01-31 00:00:00,NORTH,2026-02-23,2026-04-17,
23INR0349,Tokio Solar,"Gransolar Texas Eight, LLC",McLennan,Texas,Tap 138kV 3592 Waco Atco - 170 Cotton Belt,,Solar - Photovoltaic Solar,170.45,,,2021-08-12,Completed,2027-08-25,,,,Solar,Photovoltaic Solar,"SS Completed, FIS Started, IA",2021-08-12,2021-11-01,2022-04-14 00:00:00.000,,,2023-11-06,Not Required,Not Required,Not Required,2023-11-17 00:00:00,,NORTH,,,
23INR0354,Bordertown BESS,Bordertown BESS LLC,Starr,Texas,8796 Roma 138kV,,Other - Battery Energy Storage,100.0,,,2021-09-01,Completed,2028-12-01,,,,Other,Battery Energy Storage,"SS Completed, FIS Started, IA",2021-09-01,2021-11-22,2021-08-19 00:00:00.000,,No,2022-10-12,Not Required,Not Required,2025-04-03 00:00:00,2025-02-13 00:00:00,,SOUTH,,,
23INR0359,Crios BESS,BRP Crios BESS LLC,Comanche,Texas,Tap 138 kV 1649 HASSE_P8 - 1684 SABANA_8,,Other - Battery Energy Storage,205.46,,,2021-10-18,Active,2028-03-01,,,,Other,Battery Energy Storage,"SS Completed, FIS Started, No IA",2021-10-18,2022-01-07,2021-09-30 00:00:00.000,,,,,,,,,NORTH,,,
23INR0361,Third Coast BESS,Third Coast BESS LLC,Jackson,Texas,8125 Lolita substation 138kV,,Other - Battery Energy Storage,102.82,,,2021-08-24,Completed,2028-12-15,,,,Other,Battery Energy Storage,"SS Completed, FIS Completed, IA",2021-08-24,2021-11-16,2021-09-01 00:00:00.000,2024-12-02,No,2023-05-17,Not Required,Not Required,,2025-01-29 00:00:00,2025-01-29 00:00:00,SOUTH,,,
23INR0367,Fewell Solar,Fewell Solar LLC,Limestone,Texas,Tap 138kV 3597 Groesbeck - 3634 Groesbeck Main,,Solar - Photovoltaic Solar,203.5,,,2021-08-19,Completed,2028-05-15,,,,Solar,Photovoltaic Solar,"SS Completed, FIS Completed, IA",2021-08-19,2021-11-05,2022-02-17 00:00:00.000,2023-04-17,No,2023-08-18,Not Required,Not Required,Not Required,2023-08-28 00:00:00,,NORTH,,,
23INR0368,Rocking X Solar,7100 Tin Top LLC,Parker,Texas,"Tap the 345 kV Parker Switch (bus#1436) – Comanche Peak SES (bus#1900) Double-Circuit line, Circuit 1.",,Solar - Photovoltaic Solar,602.2,,,2023-10-04,Active,2027-09-20,,,,Solar,Photovoltaic Solar,"SS Completed, FIS Started, No IA",2023-10-04,2023-12-19,2023-09-06 00:00:00.000,,No,,Not Required,Not Required,Not Required,,,NORTH,,,
23INR0376,Cascade Storage,Oyster Creek LLC,Brazoria,Texas,345kV Oasis (43035) – Seabreeze circuit 27,,Other - Battery Energy Storage,250.0,,,2021-09-09,Active,2028-06-01,,,,Other,Battery Energy Storage,"SS Completed, FIS Started, No IA",2021-09-09,2021-11-29,2021-09-09 00:00:00.000,,,,,,,,,COASTAL,,,
23INR0382,Outer Loop BESS,Black Mountain Energy Storage II,Harris,Texas,40700 Greens Bayou 345kV,,Other - Battery Energy Storage,201.2,,,2021-09-29,Active,2027-12-06,,,,Other,Battery Energy Storage,"SS Completed, FIS Started, No IA",2021-09-29,2021-12-06,2022-04-19 00:00:00.000,,No,,,,,,,HOUSTON,,,
23INR0392,Honeycomb Storage SLF,"Honeycomb BESS, LLC",Bee,Texas,69 kV Tynan Substation (#8107),,Other - Battery Energy Storage,0.0,,,2021-11-16,Completed,2027-05-11,,,,Other,Battery Energy Storage,"SS Completed, FIS Completed, IA",2021-11-16,2022-01-17,2021-11-02 00:00:00.000,2025-03-28,No,2023-05-01,Not Required,Not Required,,2025-02-14 00:00:00,2025-07-25 00:00:00,SOUTH,,,
23INR0409,Sunbelt Storage,Rose Hill Solar LLC,Kaufman,Texas,"Tap 138kV 6902 Talty - 6894 Rose Hill

",,Other - Battery Energy Storage,52.0,,,2021-11-12,Active,2026-12-31,,,,Other,Battery Energy Storage,"SS Completed, FIS Started, No IA",2021-11-12,2022-02-08,2021-11-09 00:00:00.000,,,,,,,,,NORTH,,,
23INR0421,Bee Branch IA,Bee Branch IA LLCBee Branch IA LLC,Robertson,Texas,Tap TNP ONE 39950 and Twin Oak 3400,,Other - Battery Energy Storage,203.75,,,2021-11-15,Completed,2027-06-01,,,,Other,Battery Energy Storage,"SS Completed, FIS Completed, IA",2021-11-15,2022-02-11,2021-11-09 00:00:00.000,2026-06-11,No,2026-03-13,,,,2026-03-17 00:00:00,2026-08-03 00:00:00,NORTH,,,
23INR0425,Coneflower Storage Project,Coneflower Storage Project LLC,Chambers,Texas,40855 JORDON 138 kV ,,Other - Battery Energy Storage,170.85,,,2021-12-20,Completed,2028-02-28,,,,Other,Battery Energy Storage,"SS Completed, FIS Completed, IA",2021-12-20,2022-03-11,2022-07-06 00:00:00.000,2026-03-19,No,2024-03-25,Not Required,Not Required,,2024-04-11 00:00:00,,HOUSTON,,,
23INR0439,Lumen Farm Solar SLF,"Neches Solar, LLC",Anderson,Texas,Tap 138kV 3325 Blackburn Switch – 3272 Palestine ,,Solar - Photovoltaic Solar,201.04,,,2022-01-06,Active,2028-09-30,,,,Solar,Photovoltaic Solar,"SS Completed, FIS Started, No IA",2022-01-06,2022-03-31,2021-12-29 00:00:00.000,,No,,,,Not Required,,,NORTH,,,
23INR0441,Bug Tussle Wind Project ,"Bug Tussle Wind, LLC",Lamar,Texas,Tap 1729 Valley South and 1692 Paris,,Wind - Wind Turbine,396.8,,,2022-01-13,Completed,2028-09-18,,,,Wind,Wind Turbine,"SS Completed, FIS Started, IA",2022-01-13,2022-04-11,2022-08-16 00:00:00.000,,No,2024-07-10,,,Not Required,,,NORTH,,,
23INR0455,Bessie Storage,"Bessie Energy Storage, LLC",Starr,Texas,Charly Egner Substation Tap 345kV 80355 Del Sol - 80368 LV4 Bridge,,Other - Battery Energy Storage,210.8,,,2022-02-21,Active,2029-09-28,,,,Other,Battery Energy Storage,"SS Completed, FIS Started, No IA",2022-02-21,2022-05-19,2022-02-07 00:00:00.000,,No,,Not Required,Not Required,,,,SOUTH,,,
23INR0456,Bronze Quinta Storage,"KCE TX 28, LLC",Hidalgo,Texas,S_MCALLN 8371 (S. McAllen 138kV Substation),,Other - Battery Energy Storage,103.51,,,2022-01-13,Active,2028-01-01,,,,Other,Battery Energy Storage,"SS Completed, FIS Started, No IA",2022-01-13,2022-04-11,2022-01-11 00:00:00.000,,,,Not Required,Not Required,,,,SOUTH,,,
23INR0462,Palladium Storage,Palladium Energy Storage LLC,Hidalgo,Texas,Tap 138 kV 8656 Luna - 8033 Pantera ,,Other - Battery Energy Storage,156.33,,,2022-02-28,Active,2028-06-30,,,,Other,Battery Energy Storage,"SS Completed, FIS Started, No IA",2022-02-28,2022-05-27,2022-01-21 00:00:00.000,,,,,,,,,SOUTH,,,
23INR0464,Sloan Storage,Sloan Energy Storage LLC,Henderson,Texas,3179 Pauline 138kV,,Other - Battery Energy Storage,200.9,,,2022-02-21,Active,2026-03-27,,,,Other,Battery Energy Storage,"SS Completed, FIS Started, No IA",2022-02-21,2022-05-21,2022-06-29 00:00:00.000,,,,Not Required,Not Required,,,,NORTH,,,
23INR0466,Shoshana Storage ,Shoshana Storage Project LLC,Matagorda,Texas,Tap STP – Refuge ckt 27 ,,Other - Battery Energy Storage,221.0,,,2022-03-30,Active,2028-05-30,,,,Other,Battery Energy Storage,"SS Completed, FIS Started, No IA",2022-03-30,2022-06-26,2022-05-16 00:00:00.000,,Yes,,,,,,,COASTAL,,,
23INR0467,Lavender Storage Project,Lavender Storage Project LLC,Bexar,Texas,Tap 138kV Deely (bus 5110) - Laredo (bus 5255),,Other - Battery Energy Storage,231.9,,,2022-02-28,Completed,2029-09-13,,,,Other,Battery Energy Storage,"SS Completed, FIS Started, IA",2022-02-28,2022-05-27,2022-10-21 00:00:00.000,,No,2025-06-23,,,,,,SOUTH,,,
23INR0468,Petunia Storage Project,Petunia Storage Project LLC,Milam,Texas,138kV Tap 3675 Rogers - 3485 Tin Roof Pod,,Other - Battery Energy Storage,231.86,,,2022-03-12,Active,2028-06-30,,,,Other,Battery Energy Storage,"SS Completed, FIS Started, No IA",2022-03-12,2022-06-02,2022-04-01 00:00:00.000,,No,,Not Required,Not Required,,,,SOUTH,,,
23INR0469,Big Elm Storage,"Big Elm Storage, LLC",Bell,Texas,3404 Belfalls 345kV ,,Other - Battery Energy Storage,120.0,,,2022-04-18,Completed,2028-12-15,,,,Other,Battery Energy Storage,"SS Completed, FIS Completed, IA",2022-04-18,2022-07-08,2022-10-11 00:00:00.000,2024-02-19,No,2024-05-10,,,,2024-05-15 00:00:00,,NORTH,,,
23INR0471,Ophelia Solar,Ophelia Solar,Ector,Texas,Tap 138 kV Raceway Switch #18663 - Shin Oak POD #11128 ,,Solar - Photovoltaic Solar,110.5,,,2022-09-02,Active,2028-09-19,,,,Solar,Photovoltaic Solar,"SS Completed, FIS Started, No IA",2022-09-02,2022-11-29,2022-08-01 00:00:00.000,,,,,,Not Required,,,WEST,,,
23INR0473,Sepanta Solar,BREG - Belgian Renewable Energy Group,Nolan,Texas,"10198 ESKOTA_9 138kV

 (PSS/E BUS #10198, Station Name: ESKOTA_8, kV: 138 kV)
Property is adjacent (West) to the Oncor Sweetwater Eskota Switch #10198.  POI would simply be on the other side of the fence of the switch.",,Solar - Photovoltaic Solar,218.0,,,2022-10-18,Active,2029-09-18,,,,Solar,Photovoltaic Solar,"SS Completed, FIS Started, No IA",2022-10-18,2023-01-13,2022-11-15 00:00:00.000,,No,,,,Not Required,,,WEST,,,
23INR0474,AP Greenport,AP Greenport ,Travis,Texas,Austrop – Lost Pines 345 kV transmission line (Bus #7040 – 9041),,Other - Battery Energy Storage,100.45,,,2022-06-10,Active,2027-11-19,,,,Other,Battery Energy Storage,"SS Completed, FIS Completed, No IA",2022-06-10,2022-09-06,2022-06-24 00:00:00.000,2023-09-29,No,,,,,,,SOUTH,,,
23INR0478,Rhoda Storage,"Milam Energy, LLC",Milam,Texas,Tap 138kV 32 Robertson - 64  Milano,,Other - Battery Energy Storage,141.23,,,2022-04-18,Completed,2028-08-01,,,,Other,Battery Energy Storage,"SS Completed, FIS Started, IA",2022-04-18,2022-07-15,2022-03-18 00:00:00.000,,,2025-12-31,Not Required,Not Required,,,,SOUTH,,,
23INR0479,Taormina Storage,Taormina Storage Project LLC,Bexar,Texas,Tap 138kV VH Braunig (5025) to Valley Road 138kV (5465),,Other - Battery Energy Storage,231.86,,,2022-04-18,Completed,2029-05-26,,,,Other,Battery Energy Storage,"SS Completed, FIS Started, IA",2022-04-18,2022-07-15,2022-10-26 00:00:00.000,,No,2025-04-14,Not Required,Not Required,,2025-06-20 00:00:00,,SOUTH,,,
23INR0480,Camellia Storage,Camellia Storage Project LLC,Hidalgo,Texas,"Tap 138 kV 8358
NORTH MERCEDES -
8327 HARLINGEN 138 kV",,Other - Battery Energy Storage,90.76,,,2022-07-05,Active,2028-06-30,,,,Other,Battery Energy Storage,"SS Completed, FIS Started, No IA",2022-07-05,2022-10-01,2022-07-06 00:00:00.000,,,,Not Required,Not Required,,,,SOUTH,,,
23INR0485,Hacienda Storage,Galveston Energy Storage LLC,Galveston,Texas,38745 Attwater 138kV,,Other - Battery Energy Storage,205.8,,,2022-05-10,Active,2027-12-01,,,,Other,Battery Energy Storage,"SS Completed, FIS Started, No IA",2022-05-10,2022-08-06,2022-04-04 00:00:00.000,,,,,,,,,HOUSTON,,,
23INR0486,Lamar Unit 1 Repower,"La Frontera Holdings, LLC",Lamar,Texas,1692 Paris Switch Station 345kV,,Gas - Combined-Cycle,66.0,,,2022-06-02,Active,2027-12-18,,,,Gas,Combined-Cycle,"SS Completed, FIS Started, No IA",2022-06-02,2022-08-30,2023-05-15 20:24:38.999,,,,,,,,,NORTH,,,
23INR0487,Brightside Solar Alt POI,"Brightside Solar, LLC",Live Oak,Texas,8156 Charter Substation 138kV,,Solar - Photovoltaic Solar,50.0,,,2022-05-16,Completed,2026-08-14,,,,Solar,Photovoltaic Solar,"SS Completed, FIS Not Started, IA",2022-05-16,2022-08-05,,,,2020-06-11,,,Not Required,,,SOUTH,,,
23INR0494,Cartwheel BESS 1," Cartwheel BESS, LLC",Hopkins,Texas,Tap 345kV 1697 Sulphur Springs Switch –  2464 Cash Switch,,Other - Battery Energy Storage,154.2,,,2022-06-02,Completed,2026-12-31,,,2025-09-10,Other,Battery Energy Storage,"SS Completed, FIS Completed, IA",2022-06-02,2022-08-30,2022-05-10 00:00:00.000,2024-04-12,,2023-11-10,,,,2024-11-04 00:00:00,2024-11-04 00:00:00,NORTH,2025-06-26,2025-09-10,
23INR0495,Cartwheel BESS 2,RWE Renewables,Hopkins,Texas,Tap 345kV 1697 Sulphur Springs Switch –  2464 Cash Switch,,Other - Battery Energy Storage,156.91,,,2022-06-02,Active,2028-06-15,,,,Other,Battery Energy Storage,"SS Completed, FIS Started, No IA",2022-06-02,2022-08-30,2022-05-10 00:00:00.000,,,,,,,,,NORTH,,,
23INR0501,Soda Lake BESS 1,"Mendoza Trail BESS, LLC",Crane,Texas,138kV Soda Lake Substation (#76026),,Other - Battery Energy Storage,203.87,,,2022-09-02,Completed,2026-08-15,,,2025-11-05,Other,Battery Energy Storage,"SS Completed, FIS Completed, IA",2022-09-02,2022-11-29,2022-08-09 00:00:00.000,2024-10-22,,2018-08-20,Not Required,Not Required,,2024-11-01 00:00:00,2024-11-01 00:00:00,WEST,2025-09-02,2025-11-05,
23INR0502,Adelite Storage,Adelite Storage Project LLC,Milam,Texas,Tap 138kV Thorndale North (bus #3659) – Rookie Switch (bus #3701) ,,Other - Battery Energy Storage,231.88,,,2022-06-27,Completed,2027-06-28,,,,Other,Battery Energy Storage,"SS Completed, FIS Completed, IA",2022-06-27,2022-09-22,2022-09-09 00:00:00.000,2024-05-01,No,2024-08-27,,,,,,SOUTH,,,
23INR0503,Ardesia Storage,Ardesia Storage Project LLC,Caldwell,Texas,Tap 138kV 7325 Mendoza - 7216 Lockhart ,,Other - Battery Energy Storage,100.0,,,2022-06-10,Active,2030-03-29,,,,Other,Battery Energy Storage,"SS Completed, FIS Started, No IA",2022-06-10,2022-09-06,2022-07-22 00:00:00.000,,,,,,,,,SOUTH,,,
23INR0538,Roadrunner Crossing BESS SLF,Roadrunner Crossing BESS,Eastland,Texas,68051 Reata 354kV,,Other - Battery Energy Storage,0.0,,,2022-11-15,Completed,2026-08-30,,,2025-12-10,Other,Battery Energy Storage,"SS Completed, FIS Completed, IA",2022-11-15,2023-02-10,2022-10-28 00:00:00.000,2025-03-18,,2025-02-15,Not Required,Not Required,2025-04-25 00:00:00,2025-04-28 00:00:00,2025-05-30 00:00:00,NORTH,2025-11-14,2025-12-10,
23INR0561,Cascabel Wind 2,"Vaquero Wind Energy, LLC",Zapata,Texas,345 kV Rapido Substation (New ETT Substation) tapping the existing 345 kV Line from CENIZO7C (#80225) to DELSOL7C (#80307).,,Wind - Wind Turbine,197.75,,,2023-03-13,Completed,2027-12-01,,,,Wind,Wind Turbine,"SS Completed, FIS Started, IA",2023-03-13,2023-06-09,2023-02-15 00:00:00.000,,,2025-05-23,Not Required,,Not Required,2025-09-24 00:00:00,,SOUTH,,,
23INR0637,Goodnight Wind II,"FGE Goodnight II, LLC",Armstrong,Texas,tap 345kV 23900 Alibates - 23914 Tule Canyon CKT2,,Wind - Wind Turbine,261.1,,,2023-04-19,Completed,2027-06-06,,,,Wind,Wind Turbine,"SS Completed, FIS Completed, IA",2023-04-19,2023-04-19,2023-05-01 00:00:00.000,2026-06-15,No,2019-08-18,Not Required,Not Required,Not Required,2023-05-01 00:00:00,2023-05-01 00:00:00,PANHANDLE,,,
23INR0794,Invictus Energy Storage,GSA Land Holdings,Coleman,Texas,6390 FIREROCK4A 138kV,,Other - Battery Energy Storage,140.53,,,2024-01-03,Active,2028-05-31,,,,Other,Battery Energy Storage,"SS Completed, FIS Started, No IA",2024-01-03,2024-03-28,2024-06-11 00:00:00.000,,,,,,,,,WEST,,,
24INR0003,Stem Solar,"Innovative Solar 134, LLC",Swisher,Texas,tap 345kV 23914 Tule Canyon - 23912 Ogallala,,Solar - Photovoltaic Solar,200.0,,,2020-02-04,Active,2025-08-26,,,,Solar,Photovoltaic Solar,"SS Completed, FIS Started, No IA",2020-02-04,2020-04-27,2020-10-22 00:00:00.000,,,,,,Not Required,,,PANHANDLE,,,
24INR0007,Nockenut Springs Solar 2,"Pecan Springs Energy, LLC",Guadalupe,Texas,tap 345kV 5133 Elm Creek - 5915 STP ckt 1,,Solar - Photovoltaic Solar,203.26,,,2020-09-25,Completed,2029-06-05,,,,Solar,Photovoltaic Solar,"SS Completed, FIS Started, IA",2020-09-25,2020-12-16,2020-09-11 00:00:00.000,,Yes,2023-11-17,,,Not Required,,,SOUTH,,,
24INR0011,Pinnington Storage,Hecate Energy Longhorn Storage LLC,Jack,Texas,tap both 345kV 1430 Graham - 1436 Parker 345kV lines,,Other - Battery Energy Storage,502.67,,,2020-12-03,Active,2029-04-20,,,,Other,Battery Energy Storage,"SS Completed, FIS Started, No IA",2020-12-03,2021-02-17,2020-11-10 00:00:00.000,,,,,,,,,NORTH,,,
24INR0020,Percy Farm Solar,"Percy Farm Solar 1, LLC",Matagorda,Texas,Tap 345kV 8123 Blessing - 5915 STP,,Solar - Photovoltaic Solar,198.63,,,2021-03-16,Active,2029-05-31,,,,Solar,Photovoltaic Solar,"SS Completed, FIS Started, No IA",2021-03-16,2021-06-11,2021-07-21 00:00:00.000,,No,,Not Required,Not Required,Not Required,,,COASTAL,,,
24INR0023,Compadre Solar,"Hill Solar I, LLC",Hill,Texas,tap 345kV 68090 Sam Switch - 1907 Venus,,Solar - Photovoltaic Solar,405.7,,,2021-03-16,Completed,2026-07-31,,,2024-11-13,Solar,Photovoltaic Solar,"SS Completed, FIS Completed, IA",2021-03-16,2021-05-28,2021-03-08 00:00:00.000,2024-01-31,No,2022-11-12,Not Required,Not Required,Not Required,2024-02-01 00:00:00,2024-02-01 00:00:00,NORTH,2024-10-30,2024-11-13,
24INR0031,Stoneridge Solar,"Stoneridge Solar, LLC",Milam,Texas,"Tap 345 kV 13429 SANDOW SWITCH - 7040 AUSTROP
Beulah Switch to tap above line",,Solar - Photovoltaic Solar,201.6,,,2021-10-08,Completed,2026-12-31,,,2025-04-01,Solar,Photovoltaic Solar,"SS Completed, FIS Completed, IA",2021-10-08,2022-01-03,2022-01-31 00:00:00.000,2024-05-21,No,2023-05-15,Not Required,Not Required,Not Required,2024-07-18 00:00:00,2024-07-18 00:00:00,SOUTH,2025-01-10,2025-04-01,
24INR0038,Jaguar Solar,PP Jaguar Solar LLC,McLennan,Texas,Tap 345kV 13405 Tradinghouse SES - 68090 Sam Switch,,Solar - Photovoltaic Solar,300.87,,,2021-03-18,Completed,2027-12-11,,,,Solar,Photovoltaic Solar,"SS Completed, FIS Started, IA",2021-03-18,2021-06-11,2021-07-15 00:00:00.000,,,2022-09-12,,,Not Required,2023-08-25 00:00:00,2024-01-23 00:00:00,NORTH,,,
24INR0040,Rosebud Solar SLF,"Rosebud Solar, LLC",Falls,Texas,Tap 69kV 67 BAGGINS - 69 BARCLAY,,Solar - Photovoltaic Solar,130.0,,,2021-04-13,Active,2028-01-15,,,,Solar,Photovoltaic Solar,"SS Completed, FIS Completed, No IA",2021-04-13,2021-07-06,2022-01-10 00:00:00.000,2025-10-20,,,,,Not Required,,,NORTH,,,
24INR0041,Rock N' Roll Solar SLF,"Rock N’ Roll Solar, LLC",Brazoria,Texas,tap 138kV 44600 Rosharon - 44531 Winmil ,,Solar - Photovoltaic Solar,151.97,,,2021-05-10,Active,2027-08-30,,,,Solar,Photovoltaic Solar,"SS Completed, FIS Started, No IA",2021-05-10,2021-07-30,2022-01-20 00:00:00.000,,No,,Not Required,Not Required,Not Required,,,COASTAL,,,
24INR0042,Yaupon Solar SLF,"Yaupon Solar, LLC",Milam,Texas,Tap 345 kV Gibson Switch (3706) – TNP One (39950),,Solar - Photovoltaic Solar,200.78,,,2021-03-30,Completed,2026-11-18,,,2026-08-13,Solar,Photovoltaic Solar,"SS Completed, FIS Completed, IA",2021-03-30,2021-06-17,2021-11-23 00:00:00.000,2025-09-16,No,2023-09-28,,,Not Required,2025-09-08 00:00:00,2025-10-24 00:00:00,SOUTH,2026-05-27,2026-08-13,
24INR0058,Briggs Storage,"IP Quantum III, LLC",Haskell,Texas,tap 345kV 60515 Clear Crossing - 60507 Pendulo,,Other - Battery Energy Storage,336.0,,,2021-05-31,Completed,2028-04-15,,,,Other,Battery Energy Storage,"SS Completed, FIS Started, IA",2021-05-31,2021-08-18,2022-03-04 00:00:00.000,,,2025-03-15,Not Required,Not Required,,2025-03-24 00:00:00,,WEST,,,
24INR0059,Cuchillas Solar,"Gransolar Texas Two, LLC",Webb,Texas,80219 Lobo 345kV,,Solar - Photovoltaic Solar,305.6,,,2021-06-02,Completed,2028-12-15,,,,Solar,Photovoltaic Solar,"SS Completed, FIS Completed, IA",2021-06-02,2021-08-18,2022-02-11 00:00:00.000,2025-05-27,No,2023-06-20,,,Not Required,2025-02-13 00:00:00,,SOUTH,,,
24INR0065,Keys Hollow Solar Phase II SLF,"Keys Hollow Solar, LLC",Goliad,Texas,345kV Tap 8164 Coleto Creek - 8673  RAPTOR7A,,Solar - Photovoltaic Solar,200.85,,,2021-06-17,Completed,2028-03-10,,,,Solar,Photovoltaic Solar,"SS Completed, FIS Started, IA",2021-06-17,2021-09-01,2021-07-29 00:00:00.000,,No,2024-10-29,Not Required,Not Required,Not Required,,,SOUTH,,,
24INR0066,Keys Hollow Storage Phase II SLF,"Keys Hollow Solar, LLC",Goliad,Texas,345kV Tap 8164 Coleto Creek - 8673  RAPTOR7A,,Other - Battery Energy Storage,0.0,,,2021-06-17,Completed,2028-03-10,,,,Other,Battery Energy Storage,"SS Completed, FIS Started, IA",2021-06-17,2021-09-01,2022-01-10 00:00:00.000,,No,2024-10-29,Not Required,Not Required,,,,SOUTH,,,
24INR0067,KEYS HOLLOW SOLAR SLF,"Keys Hollow Solar, LLC",Goliad,Texas,TAP 345 KV LINE FROM COLETO 8164 - RAPTOR7A 8673,,Solar - Photovoltaic Solar,200.85,,,2021-06-17,Completed,2028-03-10,,,,Solar,Photovoltaic Solar,"SS Completed, FIS Started, IA",2021-06-17,2021-09-01,2022-03-04 00:00:00.000,,No,2024-10-29,,,Not Required,,,SOUTH,,,
24INR0068,KEYS HOLLOW STORAGE SLF,"Keys Hollow Solar, LLC",Goliad,Texas,TAP 345 KV LINE FROM COLETO 8164 - RAPTOR7A 8673,,Other - Battery Energy Storage,0.0,,,2021-06-17,Completed,2028-03-10,,,,Other,Battery Energy Storage,"SS Completed, FIS Started, IA",2021-06-17,2021-09-01,2022-03-04 00:00:00.000,,No,2024-10-29,,,,,,SOUTH,,,
24INR0069,Triple B Solar Alt#2,Triple B Solar LLC,Lampasas,Texas,Tap 138kV 7066 Adamsville - 7064 Lampasas,,Solar - Photovoltaic Solar,150.0,,,2021-06-10,Active,2028-07-01,,,,Solar,Photovoltaic Solar,"SS Completed, FIS Started, No IA",2021-06-10,2021-09-01,2021-11-15 00:00:00.000,,,,,,Not Required,,,NORTH,,,
24INR0070,Sypert Branch Solar Project,Sypert Branch Solar LLC,Milam,Texas,Tap 345kV #3751 Scooter Switch - #3687 Bell County East Switch Ckt 2,,Solar - Photovoltaic Solar,261.15,,,2021-09-21,Completed,2026-04-30,,,2025-12-12,Solar,Photovoltaic Solar,"SS Completed, FIS Completed, IA",2021-09-21,2021-12-06,2022-04-28 00:00:00.000,2024-10-31,No,2023-10-12,Not Required,Not Required,Not Required,2023-10-18 00:00:00,2025-04-17 00:00:00,SOUTH,2025-12-10,2025-12-12,
24INR0073,Hyacinth Storage,"Hyacinth Storage, LLC",Harris,Texas,46500 Tomball 345 kV,,Other - Battery Energy Storage,103.05,,,2021-07-02,Active,2030-12-25,,,,Other,Battery Energy Storage,"SS Completed, FIS Started, No IA",2021-07-02,2021-09-22,2022-03-21 00:00:00.000,,,,,,,,,HOUSTON,,,
24INR0075,Blue Bird Solar ,Gigawatt Solar LLC,Johnson,Texas,tap 345kV 1880 Rocky Creek - 1898 Mitchell Bend Switch ,,Solar - Photovoltaic Solar,425.97,,,2021-11-10,Completed,2028-12-15,,,,Solar,Photovoltaic Solar,"SS Completed, FIS Started, IA",2021-11-10,2022-02-07,2021-07-30 00:00:00.000,,Yes,2024-01-18,,,Not Required,,,NORTH,,,
24INR0077,Quarter Ranch Solar,Gransolar Texas Three LLC,Zapata,Texas,80223 Cenizo Substation 345kV,,Solar - Photovoltaic Solar,154.12,,,2021-07-13,Active,2028-10-15,,,,Solar,Photovoltaic Solar,"SS Completed, FIS Started, No IA",2021-07-13,2021-09-28,2022-03-23 00:00:00.000,,No,,,,Not Required,,,SOUTH,,,
24INR0081,SANJAC BESS,Castleman Power,Harris,Texas,40270 Riverside 138kV,,Other - Battery Energy Storage,202.37,,,2021-07-08,Active,2027-04-04,,,,Other,Battery Energy Storage,"SS Completed, FIS Started, No IA",2021-07-08,2021-09-28,2021-07-08 00:00:00.000,,,,,,,,,HOUSTON,,,
24INR0086,Pisgah Ridge Solar 2,"Pisgah Ridge Solar 2, LLC",Navarro,Texas,Tap 345kV 68091 Navarro - 46020 Limestone,,Solar - Photovoltaic Solar,101.89,,,2021-07-14,Active,2029-03-31,,,,Solar,Photovoltaic Solar,"SS Completed, FIS Started, No IA",2021-07-14,2021-10-07,2021-08-25 00:00:00.000,,No,,Not Required,Not Required,Not Required,,,NORTH,,,
24INR0087,Pisgah Ridge Storage 3,"Pisgah Ridge 3, LLC",Navarro,Texas,Tap 345kV 68091 Navarro - 46020 Limestone,,Other - Battery Energy Storage,101.36,,,2021-07-14,Active,2029-03-31,,,,Other,Battery Energy Storage,"SS Completed, FIS Started, No IA",2021-07-14,2021-10-07,2021-08-25 00:00:00.000,,No,,Not Required,Not Required,,,,NORTH,,,
24INR0094,Dovetail Solar 1,Hecate Energy Dovetail Solar 1 LLC,Jack,Texas,Tap 345 KV 1421 Willow Creek - 60515 Clear Crossing Ckt 2,,Solar - Photovoltaic Solar,666.1,,,2021-09-21,Active,2028-04-12,,,,Solar,Photovoltaic Solar,"SS Completed, FIS Started, No IA",2021-09-21,2021-12-09,2022-06-06 00:00:00.000,,,,Not Required,Not Required,Not Required,,,NORTH,,,
24INR0095,Dovetail Solar 2,Hecate Energy Dovetail Solar 2 LLC,Jack,Texas,Tap 345 KV 1421 Willow Creek - 60515 Clear Crossing,,Solar - Photovoltaic Solar,666.1,,,2021-10-26,Active,2029-04-20,,,,Solar,Photovoltaic Solar,"SS Completed, FIS Started, No IA",2021-10-26,2022-01-21,2022-07-15 00:00:00.000,,,,,,Not Required,,,NORTH,,,
24INR0097,Dovetail Solar 3,Hecate Energy Dovetail Solar Holdings LLC,Jack,Texas,Tap 345kV 1421 Willow Creek – 11523 THOMPRIC,,Solar - Photovoltaic Solar,666.1,,,2021-12-13,Active,2029-04-20,,,,Solar,Photovoltaic Solar,"SS Completed, FIS Started, No IA",2021-12-13,2022-02-08,2022-08-06 00:00:00.000,,,,,,Not Required,,,NORTH,,,
24INR0098,Dovetail Storage,Hecate Energy Dovetail Storage LLC,Jack,Texas,Tap 345 KV 1421 Willow Creek-60515 Clear Crossing CKT#2,,Other - Battery Energy Storage,508.7,,,2021-09-28,Active,2028-04-12,,,,Other,Battery Energy Storage,"SS Completed, FIS Started, No IA",2021-09-28,2021-12-03,2022-05-31 00:00:00.000,,,,,,,,,NORTH,,,
24INR0102,Val Vista Grid BESS 2,"Val Vista Grid, LLC",Hidalgo,Texas,Tap 345kV 8383 North Edinburg - 80137 Stewart Road,,Other - Battery Energy Storage,210.56,,,2021-10-01,Completed,2029-03-30,,,,Other,Battery Energy Storage,"SS Completed, FIS Started, IA",2021-10-01,2021-12-09,2021-10-01 00:00:00.000,,Yes,2025-12-31,Not Required,Not Required,,,,SOUTH,,,
24INR0104,Braswell Solar,"Gransolar Texas Nine, LLC",McLennan,Texas,Tap 69kV 147 Lorena - 3580 Eddy Substation (Will be converted to 138kV line before 3/14/25 per TSP),,Solar - Photovoltaic Solar,42.6,,,2021-08-30,Active,2028-03-15,,,,Solar,Photovoltaic Solar,"SS Completed, FIS Started, No IA",2021-08-30,2021-11-18,2022-04-08 00:00:00.000,,No,,Not Required,Not Required,Not Required,,,NORTH,,,
24INR0106,Payne Battlecreek,"Gransolar Texas Ten, LLC",Hill,Texas,tap 138kV 213 Haney - 3515 Hubbard,,Solar - Photovoltaic Solar,84.99,,,2021-08-12,Completed,2027-08-25,,,,Solar,Photovoltaic Solar,"SS Completed, FIS Started, IA",2021-08-12,2021-10-29,2022-03-10 00:00:00.000,,No,2024-02-23,Not Required,Not Required,Not Required,,,NORTH,,,
24INR0108,Louisa Energy Storage,VESI 49 LLC,Bexar,Texas,138 kV Helotes (#5200),,Other - Battery Energy Storage,102.77,,,2021-11-16,Completed,2029-03-12,,,,Other,Battery Energy Storage,"SS Completed, FIS Started, IA",2021-11-16,2022-01-17,2021-11-08 00:00:00.000,,No,2025-02-27,Not Required,Not Required,,,,SOUTH,,,
24INR0115,Aster Solar,Aster Solar,Guadalupe,Texas,7042 Zorn 345kV,,Solar - Photovoltaic Solar,160.5,,,2021-09-21,Active,2029-06-01,,,,Solar,Photovoltaic Solar,"SS Completed, FIS Started, No IA",2021-09-21,2021-12-09,2022-05-24 00:00:00.000,,No,,,,Not Required,,,SOUTH,,,
24INR0117,Utley Solar,"Palmera Solar Development, LLC",Freestone,Texas,Tap 345kV 3381 Big Brown Switch - 3391 Jewett,,Solar - Photovoltaic Solar,221.78,,,2021-09-07,Completed,2028-05-11,,,,Solar,Photovoltaic Solar,"SS Completed, FIS Started, IA",2021-09-07,2021-11-29,2022-03-09 00:00:00.000,,,2025-12-18,,,Not Required,,,NORTH,,,
24INR0118,Possum Kingdom Solar,"PK Solar, LLC",Jack,Texas,Tap 345kV 1421 Willow Creek Switch – 11523 Thomas Price,,Solar - Photovoltaic Solar,262.22,,,2021-09-13,Completed,2027-10-29,,,,Solar,Photovoltaic Solar,"SS Completed, FIS Completed, IA",2021-09-13,2021-11-29,2022-05-23 00:00:00.000,2025-03-18,No,2025-07-25,Not Required,Not Required,Not Required,2026-06-09 00:00:00,,NORTH,,,
24INR0120,Eytcheson Ranches Solar,"Gransolar Texas Fourteen, LLC",Navarro,Texas,Tap 69kV 186 Navarro Mills – 107 Prairie Hill,,Solar - Photovoltaic Solar,76.42,,,2021-09-14,Active,2028-01-01,,,,Solar,Photovoltaic Solar,"SS Completed, FIS Started, No IA",2021-09-14,2021-11-29,2022-05-26 00:00:00.000,,No,,,,Not Required,,,NORTH,,,
24INR0121,PHOTO BESS 1,CED Development Inc.,Uvalde,Texas,5885 Downie 138kV,,Other - Battery Energy Storage,75.0,,,2021-10-29,Active,2027-09-01,,,,Other,Battery Energy Storage,"SS Completed, FIS Started, No IA",2021-10-29,2021-12-08,2022-05-13 00:00:00.000,,,,,,,,,SOUTH,,,
24INR0122,PHOTO BESS 2,CED Development Inc.,Uvalde,Texas,5885 Downie 138kV,,Other - Battery Energy Storage,150.0,,,2021-10-29,Active,2027-09-01,,,,Other,Battery Energy Storage,"SS Completed, FIS Started, No IA",2021-10-29,2021-12-08,2022-05-13 00:00:00.000,,,,,,,,,SOUTH,,,
24INR0124,High Noon Solar,"High Noon Solar Project, LLC",Hill,Texas,Tap 138kV 445 Yates - 444 Covington,,Solar - Photovoltaic Solar,182.0,,,2021-11-03,Completed,2028-05-09,,,,Solar,Photovoltaic Solar,"SS Completed, FIS Started, IA",2021-11-03,2021-12-29,2021-11-02 00:00:00.000,,,2024-05-03,Not Required,Not Required,Not Required,2025-02-12 00:00:00,,NORTH,,,
24INR0125,Grasshopper Solar,Grasshopper Solar LLC,Haskell,Texas,Smoky Hill 345kV Sub (Bus #6104) Locational coordinates : 33.34414; 99.624637,,Solar - Photovoltaic Solar,407.68,,,2021-09-28,Active,2028-10-01,,,,Solar,Photovoltaic Solar,"SS Completed, FIS Started, No IA",2021-09-28,2021-12-09,2021-09-22 00:00:00.000,,,,,,Not Required,,,WEST,,,
24INR0126,High Noon Storage,"High Noon Solar Project, LLC",Hill,Texas,Tap 138kV 445 Yates - 444 Covington,,Other - Battery Energy Storage,94.0,,,2021-11-03,Completed,2028-05-09,,,,Other,Battery Energy Storage,"SS Completed, FIS Started, IA",2021-11-03,2021-12-29,2021-11-02 00:00:00.000,,,2024-05-08,Not Required,Not Required,,2025-02-12 00:00:00,,NORTH,,,
24INR0127,Naduah Solar,"Gransolar Texas Fifteen, LLC",Limestone,Texas,"Tap 69kV Ben Hur (99) - Prairie Hill (107) 
",,Solar - Photovoltaic Solar,77.6,,,2021-09-27,Active,2027-10-15,,,,Solar,Photovoltaic Solar,"SS Completed, FIS Started, No IA",2021-09-27,2021-12-09,2022-06-06 00:00:00.000,,No,,,,Not Required,,,NORTH,,,
24INR0131,Zelus BESS,BRP Zelus BESS LLC,Zapata,Texas,the 138 kV Zapata Substation (#8299; AEP),,Other - Battery Energy Storage,201.03,,,2021-12-20,Active,2027-12-01,,,,Other,Battery Energy Storage,"SS Completed, FIS Started, No IA",2021-12-20,2022-03-16,2021-12-03 00:00:00.000,,,,,,,,,SOUTH,,,
24INR0134,BRP Hemera BESS,BRP Hemera BESS LLC,Deaf Smith,Texas,"345 kV Deaf Smith Substation (#23908, Oncor)",,Other - Battery Energy Storage,206.96,,,2021-12-29,Active,2029-12-01,,,,Other,Battery Energy Storage,"SS Completed, FIS Started, No IA",2021-12-29,2022-03-25,2021-12-14 00:00:00.000,,,,,,,,,PANHANDLE,,,
24INR0135,BRP Mekong BESS,BRP Mekong BESS LLC,Robertson,Texas,Tap 345 kV line from Twin Oak Switch (#3400) to TPN One Plant Switchyard (#39950) ,,Other - Battery Energy Storage,409.88,,,2021-12-20,Active,2027-12-01,,,,Other,Battery Energy Storage,"SS Completed, FIS Started, No IA",2021-12-20,2022-03-16,2021-12-03 00:00:00.000,,,,,,,,,NORTH,,,
24INR0136,Eagle Springs Storage,Eagle Springs BESS LLC,Delta,Texas,Tap Lake Creek Substation (#6835) – Enloe Switching station (#6834) 138 kV Line,,Other - Battery Energy Storage,33.94,,,2021-10-18,Completed,2027-02-23,,,,Other,Battery Energy Storage,"SS Completed, FIS Completed, IA",2021-10-18,2022-01-12,2022-06-13 00:00:00.000,2025-09-17,No,2024-04-17,Not Required,Not Required,,2025-10-30 00:00:00,2025-10-30 00:00:00,NORTH,,,
24INR0137,Eagle Springs Solar,"Eagle Springs Solar, LLC",Delta,Texas,Tap Lake Creek Substation (#6835) – Enloe Switching station (#6834) 138 kV Line,,Solar - Photovoltaic Solar,77.21,,,2021-10-18,Completed,2027-02-23,,,,Solar,Photovoltaic Solar,"SS Completed, FIS Completed, IA",2021-10-18,2022-01-12,2022-06-13 00:00:00.000,2025-09-17,No,2024-04-17,Not Required,Not Required,Not Required,2025-10-30 00:00:00,2025-10-30 00:00:00,NORTH,,,
24INR0142,De Los Santos,BRP De Los Santos BESS LLC,Maverick,Texas,78016 Sunglow Substation 138kV,,Other - Battery Energy Storage,200.97,,,2022-05-10,Active,2027-12-01,,,,Other,Battery Energy Storage,"SS Completed, FIS Started, No IA",2022-05-10,2022-08-05,2022-04-18 00:00:00.000,,,,Not Required,Not Required,,,,SOUTH,,,
24INR0145,Calpine Guadalupe Peakers,"Guadalupe Peaking Energy Center, LLC",Guadalupe,Texas,7044 Marion 345kV,,"Gas - Combustion (gas) Turbine, but not part of a Combined-Cycle",450.0,,,2021-11-15,Active,2030-05-30,,,,Gas,"Combustion (gas) Turbine, but not part of a Combined-Cycle","SS Completed, FIS Started, No IA",2021-11-15,2022-02-11,2021-10-18 00:00:00.000,,,,,,,,,SOUTH,,,
24INR0150,Lupinus Solar 1,"Lupinus Solar, LLC",Franklin,Texas,"Tap 345 kV 11699 Woodard Switch - 1695 Monticello SES 
",,Solar - Photovoltaic Solar,162.31,,,2021-12-08,Completed,2027-09-13,,,,Solar,Photovoltaic Solar,"SS Completed, FIS Started, IA",2021-12-08,2022-03-04,2022-05-11 00:00:00.000,,No,2025-06-26,,,Not Required,2025-08-05 00:00:00,,NORTH,,,
24INR0153,Lupinus Storage 1,"Lupinus Solar, LLC",Franklin,Texas,Tap 345 kV 11699 Woodard Switch - 1695 Monticello SES ,,Other - Battery Energy Storage,84.01,,,2021-12-13,Active,2027-09-13,,,,Other,Battery Energy Storage,"SS Completed, FIS Started, No IA",2021-12-13,2022-03-10,2022-05-11 00:00:00.000,,No,,,,,2025-09-22 00:00:00,,NORTH,,,
24INR0154,Lupinus Solar 2,"Lupinus Solar 2, LLC",Franklin,Texas,Hagansport Switch (old Monticello Tap bus# 1794),,Solar - Photovoltaic Solar,242.31,,,2021-12-13,Completed,2027-04-03,,,,Solar,Photovoltaic Solar,"SS Completed, FIS Completed, IA",2021-12-13,2022-03-10,2022-05-11 00:00:00.000,2026-03-17,No,2025-03-04,Not Required,Not Required,Not Required,2026-04-22 00:00:00,2026-04-22 00:00:00,NORTH,,,
24INR0155,Lupinus Storage 2,"Lupinus Solar 2, LLC",Franklin,Texas,Hagansport Switch (old Monticello Tap bus# 1794),,Other - Battery Energy Storage,124.55,,,2021-12-13,Completed,2027-04-03,,,,Other,Battery Energy Storage,"SS Completed, FIS Completed, IA",2021-12-13,2022-03-10,2022-05-11 00:00:00.000,2026-03-17,No,2025-03-04,Not Required,Not Required,,2026-04-22 00:00:00,2026-04-22 00:00:00,NORTH,,,
24INR0156,Moonstone Solar Project,"Moon Stone Solar Farm, LLC",Wilson,Texas,Tap 138kV Eagle Creek (5132) to Floresville (5155),,Solar - Photovoltaic Solar,174.97,,,2021-10-27,Completed,2029-03-31,,,,Solar,Photovoltaic Solar,"SS Completed, FIS Completed, IA",2021-10-27,2022-01-24,2022-06-07 00:00:00.000,2024-01-18,,2025-02-17,,,Not Required,,,SOUTH,,,
24INR0157,Merope BESS,BRP Merope BESS LLC,Comanche,Texas,345 kV Corn Trail Switch Substation (#11441),,Other - Battery Energy Storage,402.44,,,2021-12-20,Active,2028-03-01,,,,Other,Battery Energy Storage,"SS Completed, FIS Started, No IA",2021-12-20,2022-03-16,2021-12-03 00:00:00.000,,No,,,,,,,NORTH,,,
24INR0160,Huisache Solar,"Huisache Solar, LLC",Wilson,Texas,Tapping the Elm Creek to Shaula circuit 1,,Solar - Photovoltaic Solar,125.59,,,2021-12-03,Completed,2029-06-30,,,,Solar,Photovoltaic Solar,"SS Completed, FIS Started, IA",2021-12-03,2022-03-01,2022-06-22 00:00:00.000,,,2025-08-12,Not Required,Not Required,Not Required,,,SOUTH,,,
24INR0161,Miranda Solar Project,"Miranda Solar Project, LLC",McMullen,Texas,Tap 345kV 5709 Fowlerton - 5901 San Miguel Ckt 1,,Solar - Photovoltaic Solar,261.43,,,2021-11-03,Completed,2027-12-06,,,,Solar,Photovoltaic Solar,"SS Completed, FIS Completed, IA",2021-11-03,2022-01-07,2022-06-22 00:00:00.000,2024-09-03,,2024-07-16,Not Required,,Not Required,,,SOUTH,,,
24INR0167,OCI SunRoper,OCI SunRoper LLC,Wharton,Texas,tap138kV #43190 South Lane City to #42985 Dyann  CKT#60,,Solar - Photovoltaic Solar,265.1,,,2021-11-24,Completed,2027-10-01,,,,Solar,Photovoltaic Solar,"SS Completed, FIS Completed, IA",2021-11-24,2022-02-19,2021-11-23 00:00:00.000,2026-04-17,No,2025-07-10,Not Required,Not Required,Not Required,2026-04-17 00:00:00,,SOUTH,,,
24INR0168,Tejano Storage,"Tejano Storage, LLC",Victoria,Texas,Tap 138kV 8125 Lolita - 8172 Victoria ,,Other - Battery Energy Storage,152.31,,,2022-03-30,Active,2029-07-01,,,,Other,Battery Energy Storage,"SS Completed, FIS Started, No IA",2022-03-30,2022-06-26,2022-04-18 00:00:00.000,,No,,,,,,,SOUTH,,,
24INR0169,Yaupon Storage SLF,"Yaupon Solar, LLC",Milam,Texas,to Tap 345 kV Gibson Switch (3706) – TNP One (39950),,Other - Battery Energy Storage,0.0,,,2021-11-10,Completed,2028-07-01,,,,Other,Battery Energy Storage,"SS Completed, FIS Started, IA",2021-11-10,2022-02-08,2022-01-10 00:00:00.000,,,2023-09-28,,,,2025-02-12 00:00:00,,SOUTH,,,
24INR0172,Smith Lake Solar DC,Smith Lake Solar,Grimes,Texas,TAP 345 KV  44645 SINGLETON - 44900 ZENITH Ckt #99,,Solar - Photovoltaic Solar,402.0,,,2022-02-07,Completed,2028-12-29,,,,Solar,Photovoltaic Solar,"SS Completed, FIS Started, IA",2022-02-07,2022-05-06,2022-11-02 00:00:00.000,,Yes,2025-12-30,,,Not Required,,,NORTH,,,
24INR0174,Solar Star North Herty Storage,"Solar Star North Herty Storage, LLC",Angelina,Texas,3307 Redland Switch 138 kV,,Other - Battery Energy Storage,125.9,,,2022-02-21,Active,2027-08-25,,,,Other,Battery Energy Storage,"SS Completed, FIS Started, No IA",2022-02-21,2022-05-21,2022-08-15 00:00:00.000,,,,,,,,,NORTH,,,
24INR0178,Cumulus Grid BESS,"Cumulus Grid, LLC",Ellis,Texas,1906 Venus Switch Substation 345kV,,Other - Battery Energy Storage,210.74,,,2022-03-14,Completed,2028-01-01,,,,Other,Battery Energy Storage,"SS Completed, FIS Completed, IA",2022-03-14,2022-04-18,2022-10-18 00:00:00.000,2025-01-27,,2025-06-03,Not Required,Not Required,,2026-03-24 00:00:00,,NORTH,,,
24INR0184,Slate Solar Project,Ignis TX Solar Three LLC,Zapata,Texas,Tap 138kV 8646 Rio Bravo - 8985 San Ygancio,,Solar - Photovoltaic Solar,104.89,,,2021-12-20,Active,2027-10-30,,,,Solar,Photovoltaic Solar,"SS Completed, FIS Started, No IA",2021-12-20,2022-03-10,2022-07-13 00:00:00.000,,No,,,,Not Required,,,SOUTH,,,
24INR0186,Rowdy Creek Solar,Rowdy Creek Solar LLC,Lamar,Texas,Woodfin Switch (#1465) 345kV,,Solar - Photovoltaic Solar,351.78,,,2022-01-28,Completed,2027-12-29,,,,Solar,Photovoltaic Solar,"SS Completed, FIS Started, IA",2022-01-28,2022-04-27,2022-01-25 00:00:00.000,,No,2025-05-02,,,Not Required,2025-07-29 00:00:00,,NORTH,,,
24INR0188,Tehuacana Creek Solar,Tehuacana Creek Solar LLC,Navarro,Texas,Tap 345kV 3381 Big Brown – 68091 Navarro circuit ,,Solar - Photovoltaic Solar,505.43,,,2021-12-20,Completed,2027-05-18,,,,Solar,Photovoltaic Solar,"SS Completed, FIS Completed, IA",2021-12-20,2022-03-10,2021-12-09 00:00:00.000,2026-06-16,No,2024-11-25,Not Required,Not Required,Not Required,2025-02-12 00:00:00,2026-04-23 00:00:00,NORTH,,,
24INR0196,Dori BQ BESS,Sunnyside Energy LLC,Harris,Texas,138kV line Holmes (#47210) - Garden Villas (#42680); CNP,,Other - Battery Energy Storage,154.0,,,2022-02-07,Completed,2027-08-30,,,,Other,Battery Energy Storage,"SS Completed, FIS Started, IA",2022-02-07,2022-05-06,2022-01-19 00:00:00.000,,No,2023-05-31,Not Required,Not Required,,,,HOUSTON,,,
24INR0198,Two Forks BESS,Two Forks LLC,Cooke,Texas,684 SPRING 138kV,,Other - Battery Energy Storage,309.8,,,2022-01-28,Completed,2028-09-30,,,,Other,Battery Energy Storage,"SS Completed, FIS Started, IA",2022-01-28,2022-04-26,2022-10-13 00:00:00.000,,No,2024-05-03,Not Required,Not Required,,2024-05-06 00:00:00,,NORTH,,,
24INR0200,White Tail Solar,Mule Deer Solar LLC,Deaf Smith,Texas,Tap 345kV Windmill (23910) – AJ Swope (23906),,Solar - Photovoltaic Solar,226.8,,,2022-02-07,Active,2027-09-21,,,,Solar,Photovoltaic Solar,"SS Completed, FIS Started, No IA",2022-02-07,2022-05-07,2022-10-21 00:00:00.000,,,,,,Not Required,,,PANHANDLE,,,
24INR0201,Short Creek Solar,"Wichita Solar I, LLC",Wichita,Texas,Tap 345kV 6101 Riley - 1425 Fisher Road Switch Ckt 1,,Solar - Photovoltaic Solar,627.81,,,2022-01-20,Completed,2027-12-17,,,,Solar,Photovoltaic Solar,"SS Completed, FIS Started, IA",2022-01-20,2022-04-18,2022-10-12 00:00:00.000,,,2024-10-02,Not Required,,Not Required,2025-02-12 00:00:00,,WEST,,,
24INR0205,Wensowitch Solar,Greenalia Solar Power Wensowitch LLC,Navarro,Texas,Tapping 138 kV line Telico (192) to Montfort Switch (3454),,Solar - Photovoltaic Solar,146.08,,,2022-01-07,Active,2028-09-18,,,,Solar,Photovoltaic Solar,"SS Completed, FIS Completed, No IA",2022-01-07,2022-04-01,2022-07-25 00:00:00.000,2026-01-09,,,Not Required,Not Required,Not Required,,,NORTH,,,
24INR0206,Glasgow Solar,Glasgow Solar LLC,Navarro,Texas,Tap 345kV #2466 Big Onion  - #68091 Navarro,,Solar - Photovoltaic Solar,203.5,,,2022-02-07,Completed,2028-03-16,,,,Solar,Photovoltaic Solar,"SS Completed, FIS Started, IA",2022-02-07,2022-05-07,2022-01-12 00:00:00.000,,No,2023-11-08,Not Required,Not Required,Not Required,2025-02-12 00:00:00,,NORTH,,,
24INR0207,Glasgow Storage,Glasgow Solar LLC,Navarro,Texas,Tap 345kV #2466 Big Onion  - #68091 Navarro,,Other - Battery Energy Storage,101.0,,,2022-02-21,Completed,2028-03-16,,,,Other,Battery Energy Storage,"SS Completed, FIS Started, IA",2022-02-21,2022-05-07,2022-02-02 00:00:00.000,,,2023-11-08,Not Required,Not Required,,2025-02-12 00:00:00,,NORTH,,,
24INR0208,Eastbell Milam Solar II,Cattlemen Solar Park II LLC,Milam,Texas,345 kV Bell County East Switch (bus# 3687) - TNP One (bus# 39950) circuit 2,,Solar - Photovoltaic Solar,150.6,,,2022-03-07,Completed,2026-07-15,,,2024-11-20,Solar,Photovoltaic Solar,"SS Completed, FIS Completed, IA",2022-03-07,2022-06-02,2022-02-03 00:00:00.000,2024-02-01,,2023-10-25,,,Not Required,2024-02-01 00:00:00,2024-02-01 00:00:00,SOUTH,2024-09-13,2024-11-20,
24INR0210,Raven Storage,"Raven Storage, LLC",Wharton,Texas,Tap 138kV 44740 Wallis - 44190 East Bernard CKT#65,,Other - Battery Energy Storage,103.53,,,2022-01-28,Completed,2027-02-01,,,,Other,Battery Energy Storage,"SS Completed, FIS Completed, IA",2022-01-28,2022-04-26,2022-10-18 00:00:00.000,2025-09-16,No,2024-06-04,Not Required,Not Required,,2025-10-28 00:00:00,2025-10-29 00:00:00,SOUTH,,,
24INR0234,Rock N' Roll Storage SLF,"Rock N’ Roll Solar, LLC",Brazoria,Texas,tap 138kV 44600 Rosharon - 44531 Winmil,,Other - Battery Energy Storage,0.0,,,2022-02-28,Active,2028-08-01,,,,Other,Battery Energy Storage,"SS Completed, FIS Started, No IA",2022-02-28,2022-05-27,2022-02-11 00:00:00.000,,No,,Not Required,Not Required,,,,COASTAL,,,
24INR0235,Rock N' Roll Storage Two,"Rock N’ Roll Solar, LLC",Brazoria,Texas,tap 138kV 44600 Rosharon - 44531 Winmil,,Other - Battery Energy Storage,206.0,,,2022-02-28,Active,2027-08-30,,,,Other,Battery Energy Storage,"SS Completed, FIS Started, No IA",2022-02-28,2022-05-27,2022-02-11 00:00:00.000,,No,,Not Required,Not Required,,,,COASTAL,,,
24INR0238,Appaloosa Run BESS,"APPALOOSA RUN STORAGE, LLC",Upton,Texas,New Palouse 138kV (#60278),,Other - Battery Energy Storage,103.0,,,2022-03-07,Active,2026-08-30,,,,Other,Battery Energy Storage,"SS Completed, FIS Started, No IA",2022-03-07,2022-06-02,2022-03-01 00:00:00.000,,,,,,2024-02-09 00:00:00,,,WEST,,,
24INR0239,Trojan BESS SLF,Trojan BESS,Cooke,Texas,11735 Cedar Elm Switch 345kV,,Other - Battery Energy Storage,0.0,,,2022-06-02,Active,2029-07-01,,,,Other,Battery Energy Storage,"SS Completed, FIS Started, No IA",2022-06-02,2022-08-30,2022-04-19 00:00:00.000,,,,,,,,,NORTH,,,
24INR0256,Kennedy Solar,Kennedy Bypass Solar LLC,Navarro,Texas,Tap 345kV 68040 Kopprl Capacitor Yard - 68091 Navarro,,Solar - Photovoltaic Solar,101.5,,,2022-03-07,Active,2028-12-31,,,,Solar,Photovoltaic Solar,"SS Completed, FIS Started, No IA",2022-03-07,2022-06-02,2022-06-29 00:00:00.000,,,,,,Not Required,,,NORTH,,,
24INR0258,Zeissel Solar,"ZSS Power, LLC ",Knox,Texas,#60094 Joule 345kV,,Solar - Photovoltaic Solar,451.52,,,2022-02-28,Completed,2028-06-30,,,,Solar,Photovoltaic Solar,"SS Completed, FIS Started, IA",2022-02-28,2022-05-27,2022-04-25 00:00:00.000,,,2024-02-24,Not Required,Not Required,Not Required,2025-02-12 00:00:00,,WEST,,,
24INR0262,Lan Battery SLF,"BR Solar, LLC",Lamar,Texas,Tap 345kV 1729 Valley South – 1692 Paris Switch,,Other - Battery Energy Storage,0.0,,,2022-06-10,Active,2028-08-26,,,,Other,Battery Energy Storage,"SS Completed, FIS Started, No IA",2022-06-10,2022-09-06,2022-04-27 00:00:00.000,,No,,,,,,,NORTH,,,
24INR0269,Bar Candela Solar SLF,Bar Candela Solar Project LLC,Freestone,Texas,Long Lake Sub (Bus 3280) – Long Lake Tap Switch (Bus 3279),,Solar - Photovoltaic Solar,200.3,,,2022-03-21,Completed,2027-12-31,,,,Solar,Photovoltaic Solar,"SS Completed, FIS Completed, IA",2022-03-21,2022-06-13,2022-12-06 00:00:00.000,2024-02-09,No,2025-05-06,,,Not Required,,,NORTH,,,
24INR0271,Bar Candela Storage SLF,Bar Candela Storage Project LLC,Freestone,Texas,Long Lake Sub (Bus 3280) – Long Lake Tap Switch (Bus 3279),,Other - Battery Energy Storage,0.0,,,2022-03-21,Completed,2027-12-31,,,,Other,Battery Energy Storage,"SS Completed, FIS Completed, IA",2022-03-21,2022-06-13,2022-12-05 00:00:00.000,2024-02-09,No,2025-05-06,Not Required,Not Required,,,,NORTH,,,
24INR0274,Bufflehead BESS,"Boxcar Energy Storage, LLC",Collin,Texas,2475 Lavon Switch 138kV,,Other - Battery Energy Storage,153.77,,,2022-03-07,Completed,2027-02-15,,,,Other,Battery Energy Storage,"SS Completed, FIS Completed, IA",2022-03-07,2022-06-02,2022-02-28 00:00:00.000,2026-02-27,,2024-04-10,Not Required,Not Required,,2026-04-27 00:00:00,2026-04-27 00:00:00,NORTH,,,
24INR0275,Picadillo BESS,Black Mountain Energy Storage II,Martin,Texas,23837 Buffalo 138kV,,Other - Battery Energy Storage,100.83,,,2022-03-07,Completed,2028-05-15,,,,Other,Battery Energy Storage,"SS Completed, FIS Completed, IA",2022-03-07,2022-06-02,2022-02-28 00:00:00.000,2023-06-13,,2024-01-23,Not Required,Not Required,2025-10-02 00:00:00,,,WEST,,,
24INR0281,Red Egret BESS,Red Egret LLC,Galveston,Texas,38820 FREEWAY PARK 138KV,,Other - Battery Energy Storage,310.58,,,2022-03-14,Completed,2027-11-17,,,,Other,Battery Energy Storage,"SS Completed, FIS Completed, IA",2022-03-14,2022-06-09,2022-10-13 00:00:00.000,2025-08-21,No,2023-06-07,Not Required,Not Required,,2023-08-08 00:00:00,2024-08-13 00:00:00,HOUSTON,,,
24INR0282,Royal River BESS,Royal River LLC,Brazoria,Texas,Tap 138kV 42110 Angleton - 43381 West Columbia,,Other - Battery Energy Storage,310.7,,,2022-03-30,Completed,2028-06-30,,,,Other,Battery Energy Storage,"SS Completed, FIS Completed, IA",2022-03-30,2022-06-27,2022-12-19 00:00:00.000,2025-10-09,No,2023-12-15,Not Required,Not Required,,2026-07-15 00:00:00,2026-07-28 00:00:00,COASTAL,,,
24INR0285,APV Plumwood Storage,APV Lonestar Energy LLC,Chambers,Texas,Tap 138kV 40171 Baytown - 40015Cedar Bayou Plant,,Other - Battery Energy Storage,200.82,,,2022-03-30,Completed,2029-10-01,,,,Other,Battery Energy Storage,"SS Completed, FIS Started, IA",2022-03-30,2022-06-26,2022-03-22 00:00:00.000,,No,2024-09-03,Not Required,Not Required,,,,HOUSTON,,,
24INR0287,Rockridge Solar,"Magnolia Solar Development, LLC",Guadalupe,Texas,7225 Hickory Forest 138kV,,Solar - Photovoltaic Solar,211.2,,,2022-04-18,Completed,2028-06-27,,,,Solar,Photovoltaic Solar,"SS Completed, FIS Started, IA",2022-04-18,2022-07-12,2022-08-03 00:00:00.000,,,2025-03-14,Not Required,Not Required,Not Required,,,SOUTH,,,
24INR0289,Ratcliff Solar,Greenalia Solar Power Ratcliff,Freestone,Texas,Tap 138kV 3279 Long Lake Tap Switch - 3280 Long Lake,,Solar - Photovoltaic Solar,85.74,,,2022-06-27,Active,2029-04-07,,,,Solar,Photovoltaic Solar,"SS Completed, FIS Started, No IA",2022-06-27,2022-09-23,2022-08-17 00:00:00.000,,,,,,Not Required,,,NORTH,,,
24INR0291,Rubicon Alpha Wind,"Throckmorton Wind, LLC",Haskell,Texas,60507 pendulo7A 345kV,,Wind - Wind Turbine,222.6,,,2022-05-10,Completed,2027-07-31,,,,Wind,Wind Turbine,"SS Completed, FIS Completed, IA",2022-05-10,2022-08-06,2022-04-15 00:00:00.000,2026-03-13,,2024-05-08,Not Required,Not Required,Not Required,2025-02-13 00:00:00,2026-04-30 00:00:00,WEST,,,
24INR0298,Leighton Solar,Lavender Solar LLC,Limestone,Texas,98 Fernleaf 138 kV,,Solar - Photovoltaic Solar,181.0,,,2022-05-11,Completed,2027-12-06,,,,Solar,Photovoltaic Solar,"SS Completed, FIS Started, IA",2022-05-11,2022-08-05,2022-03-16 00:00:00.000,,No,2024-05-28,Not Required,Not Required,Not Required,2025-02-13 00:00:00,,NORTH,,,
24INR0302,Pintail Pass BESS,"Pintail Pass BESS, LLC",San Patricio,Texas,8249 ANGSTROM 345KV,,Other - Battery Energy Storage,207.25,,,2022-04-18,Completed,2026-08-31,,,2026-03-25,Other,Battery Energy Storage,"SS Completed, FIS Completed, IA",2022-04-18,2022-06-16,2022-04-07 00:00:00.000,2024-10-15,No,2023-05-16,,,,2024-11-01 00:00:00,2024-11-01 00:00:00,COASTAL,2026-02-10,2026-03-25,
24INR0303,Erika Solar,"Erika Solar, LLC",Kaufman,Texas,Tap 345kV ELKTON 5 (#3105 ) to Tricrn1 5 (#2432),,Solar - Photovoltaic Solar,200.5,,,2022-07-25,Completed,2026-11-25,,,2026-08-27,Solar,Photovoltaic Solar,"SS Completed, FIS Completed, IA",2022-07-25,2022-10-18,2022-07-06 00:00:00.000,2025-09-15,No,2023-10-12,Not Required,Not Required,Not Required,2025-09-15 00:00:00,2025-10-30 00:00:00,NORTH,2026-08-14,2026-08-27,
24INR0305,MRG Goody Storage,MRG Goody Solar Project LLC,Lamar,Texas,Tap 138 kV Toco Switch (#1700) – Paris Switch (#1693) ,,Other - Battery Energy Storage,52.29,,,2022-05-10,Completed,2026-08-28,,,2026-03-27,Other,Battery Energy Storage,"SS Completed, FIS Completed, IA",2022-05-10,2022-08-05,2022-04-11 00:00:00.000,2025-06-17,No,2023-11-07,Not Required,Not Required,,2025-02-12 00:00:00,2025-07-31 00:00:00,NORTH,2026-02-06,2026-03-27,
24INR0306,Arroyo Storage,"BT Cantwell Solar, LLC",Cameron,Texas,Tap 345kV 8318 Rio Hondo - 8317 La Palma (New Gulch Substation ),,Other - Battery Energy Storage,183.76,,,2022-05-10,Completed,2026-10-23,,,2026-06-25,Other,Battery Energy Storage,"SS Completed, FIS Completed, IA",2022-05-10,2022-08-05,2022-04-26 00:00:00.000,2024-04-30,,2022-08-10,,,,2024-06-24 00:00:00,2024-06-24 00:00:00,COASTAL,2025-12-08,2026-06-25,
24INR0308,Forts Trail Solar,"JC Central Bluff, LLC",Taylor,Texas,11406 Central Bluff Switch 345kV,,Solar - Photovoltaic Solar,200.81,,,2022-06-02,Active,2029-03-02,,,,Solar,Photovoltaic Solar,"SS Completed, FIS Started, No IA",2022-06-02,2022-08-30,2022-06-03 00:00:00.000,,No,,Not Required,Not Required,Not Required,,,WEST,,,
24INR0313,Backbone Creek BESS,Backbone Creek BESS LLC,Burnet,Texas,7351 STARCKE 138kV,,Other - Battery Energy Storage,124.1,,,2022-04-18,Completed,2026-12-01,,,,Other,Battery Energy Storage,"SS Completed, FIS Completed, IA",2022-04-18,2022-07-08,2022-04-27 00:00:00.000,2025-09-08,No,2023-12-22,,,,2023-12-22 00:00:00,2025-10-29 00:00:00,SOUTH,,,
24INR0319,Burro Loco Energy Storage,VESI,Cameron,Texas,8626 Resaca 69kV,,Other - Battery Energy Storage,25.14,,,2022-07-18,Active,2028-09-15,,,,Other,Battery Energy Storage,"SS Completed, FIS Started, No IA",2022-07-18,2022-10-14,2022-07-08 00:00:00.000,,,,Not Required,Not Required,,,,COASTAL,,,
24INR0326,Blarney Solar,Blarney Solar Project LLC,Hopkins,Texas,138 kV Ridgeway Switch,,Solar - Photovoltaic Solar,81.46,,,2022-07-05,Completed,2027-10-01,,,,Solar,Photovoltaic Solar,"SS Completed, FIS Started, IA",2022-07-05,2022-10-01,2022-04-21 00:00:00.000,,No,2024-04-22,,,Not Required,,,NORTH,,,
24INR0331,Chisme Storage,"Blue Heron Solar, LLC",Brown,Texas,Tap 345 kV 1444 BROWN SWITCH - 3424 BUCKHORN SWITCH,,Other - Battery Energy Storage,150.7,,,2023-01-17,Active,2027-04-13,,,,Other,Battery Energy Storage,"SS Completed, FIS Completed, No IA",2023-01-17,2023-04-14,2023-01-11 00:00:00.000,2026-06-23,No,,Not Required,Not Required,2025-09-15 00:00:00,2025-09-15 00:00:00,2026-07-31 00:00:00,NORTH,,,
24INR0333,Chisme Solar,"Blue Heron Solar, LLC",Brown,Texas,Tap 345 kV 1444 BROWN SWITCH - 3424 BUCKHORN SWITCH,,Solar - Photovoltaic Solar,147.0,,,2023-01-17,Active,2027-04-13,,,,Solar,Photovoltaic Solar,"SS Completed, FIS Completed, No IA",2023-01-17,2023-04-14,2023-01-11 00:00:00.000,2026-06-23,,,Not Required,Not Required,Not Required,2025-09-16 00:00:00,2026-07-31 00:00:00,NORTH,,,
24INR0337,Eldora Solar,Eldora Energy LLC,Matagorda,Texas,Tap 345 kV 5915 South Texas Project – 44200 Hillje Ckt 1,,Solar - Photovoltaic Solar,200.94,,,2022-06-10,Completed,2028-07-02,,,,Solar,Photovoltaic Solar,"SS Completed, FIS Started, IA",2022-06-10,2022-09-06,2022-06-01 00:00:00.000,,,2023-11-15,Not Required,Not Required,Not Required,2023-12-18 00:00:00,,COASTAL,,,
24INR0338,Eldora BESS,Eldora Energy LLC,Matagorda,Texas,345 kV South Texas Project (Bus# 5915) – Hillje (Bus# 44200) Transmission Line Ckt 1,,Other - Battery Energy Storage,201.31,,,2022-06-10,Completed,2028-07-02,,,,Other,Battery Energy Storage,"SS Completed, FIS Completed, IA",2022-06-10,2022-09-06,2022-06-01 00:00:00.000,2023-12-18,,2023-11-15,Not Required,Not Required,,2023-12-18 00:00:00,,COASTAL,,,
24INR0339,Mystic Springs Renewable Energy Solar SLF,Mystic Spring Renewable Energy LLC,Kaufman,Texas,Tap 345 kV Royse Switch (2478) – Poetry Switch (2485),,Solar - Photovoltaic Solar,258.83,,,2022-05-10,Completed,2028-03-31,,,,Solar,Photovoltaic Solar,"SS Completed, FIS Completed, IA",2022-05-10,2022-08-06,2022-11-28 00:00:00.000,2025-04-17,No,2025-10-30,,,Not Required,,,NORTH,,,
24INR0340,Mystic Springs Renewable Energy Storage SLF,Mystic Spring Renewable Energy LLC ,Kaufman,Texas,Tap 345 kV Royse Switch (2478) – Poetry Switch (2485),,Other - Battery Energy Storage,0.0,,,2022-05-10,Active,2028-03-31,,,,Other,Battery Energy Storage,"SS Completed, FIS Completed, No IA",2022-05-10,2022-08-06,2022-11-28 00:00:00.000,2025-04-17,No,,,,,,,NORTH,,,
24INR0341,Forts Trail BESS,"JC Central Bluff, LLC",Taylor,Texas,11406 Central Bluff Switch 345kV,,Other - Battery Energy Storage,208.82,,,2022-06-02,Active,2029-03-02,,,,Other,Battery Energy Storage,"SS Completed, FIS Started, No IA",2022-06-02,2022-08-30,2022-06-03 00:00:00.000,,No,,Not Required,Not Required,,,,WEST,,,
24INR0355,Anatole Renewable Energy Storage,Anatole Renewable Energy LLC,Henderson,Texas,(Bus# 6951) Eustace Southeast 138kV Substation (owned by Rayburn Electric Cooperative),,Other - Battery Energy Storage,207.82,,,2022-06-02,Completed,2027-06-30,,,,Other,Battery Energy Storage,"SS Completed, FIS Completed, IA",2022-06-02,2022-08-30,2022-12-02 00:00:00.000,2024-01-22,No,2024-05-10,Not Required,,,2025-02-12 00:00:00,,NORTH,,,
24INR0356,Cibeles Solar,"Elawan Cibeles Solar, LLC",McLennan,Texas,3379 Tiger Creek Switch (TIGERCREEK_5) 345 kV Substation,,Solar - Photovoltaic Solar,252.3,,,2022-05-16,Completed,2028-08-15,,,,Solar,Photovoltaic Solar,"SS Completed, FIS Started, IA",2022-05-16,2022-08-13,2023-01-13 00:00:00.000,,No,2025-02-25,Not Required,Not Required,Not Required,2026-03-24 00:00:00,,NORTH,,,
24INR0365,Hermes Storage,Bell 1 Storage LLC,Bell,Texas,Tap 345kV 3687 Bell County East Switch -  39950 TNP One Plant Ckt 2,,Other - Battery Energy Storage,100.42,,,2022-07-18,Completed,2026-08-18,,,2026-04-17,Other,Battery Energy Storage,"SS Completed, FIS Completed, IA",2022-07-18,2022-10-12,2022-06-30 00:00:00.000,2024-04-19,No,2023-11-08,,,,2025-01-31 00:00:00,2025-01-31 00:00:00,NORTH,2026-03-03,2026-04-17,
24INR0372,GIGA AUSTIN SOLAR,GIGA TEXAS ENERGY LLC,Travis,Texas,7047 HORNSBY Substation 138kV,,Solar - Photovoltaic Solar,-53.3,,,2022-07-18,Active,2027-03-14,,,,Solar,Photovoltaic Solar,"SS Completed, FIS Started, No IA",2022-07-18,2022-10-14,2022-07-26 00:00:00.000,,,,,,Not Required,,,SOUTH,,,
24INR0375,Possum Kingdom BESS,"PK Solar, LLC",Jack,Texas,Tap 345kV 1421 Willow Creek – 11523 Thomas Price,,Other - Battery Energy Storage,200.86,,,2022-09-02,Completed,2027-10-29,,,,Other,Battery Energy Storage,"SS Completed, FIS Completed, IA",2022-09-02,2022-11-29,2023-05-25 00:00:00.000,2025-03-18,No,2025-07-30,Not Required,Not Required,,2026-06-09 00:00:00,,NORTH,,,
24INR0376,Huisache BESS,"Huisache Solar, LLC",Wilson,Texas,Tapping the Elm Creek to Shaula circuit 1,,Other - Battery Energy Storage,100.67,,,2022-08-05,Completed,2029-06-30,,,,Other,Battery Energy Storage,"SS Completed, FIS Started, IA",2022-08-05,2022-11-01,2022-11-07 00:00:00.000,,,2025-08-12,,,,,,SOUTH,,,
24INR0378,Solara BESS 1,CED Development Inc.,Jones,Texas,60387 Hendrick 138kV ,,Other - Battery Energy Storage,150.0,,,2022-07-05,Active,2027-11-30,,,,Other,Battery Energy Storage,"SS Completed, FIS Started, No IA",2022-07-05,2022-10-01,2022-07-26 00:00:00.000,,,,,,,,,WEST,,,
24INR0379,Solara BESS 2,CED Development Inc.,Jones,Texas,60387 Hendrick 138kV,,Other - Battery Energy Storage,150.0,,,2022-07-05,Active,2027-11-30,,,,Other,Battery Energy Storage,"SS Completed, FIS Started, No IA",2022-07-05,2022-10-01,2022-07-26 00:00:00.000,,,,,,,,,WEST,,,
24INR0380,Photo BESS 3,CED Development Inc.,Uvalde,Texas,5885 Downie Substation 138kV,,Other - Battery Energy Storage,100.0,,,2022-07-25,Active,2027-09-01,,,,Other,Battery Energy Storage,"SS Completed, FIS Started, No IA",2022-07-25,2022-10-21,2022-07-26 00:00:00.000,,,,,,,,,SOUTH,,,
24INR0381,Alexandrite Storage,"Johnson Energy Storage, LLC",Cameron,Texas,8359 Santa Rosa (S_SNROSA4A) 138kV,,Other - Battery Energy Storage,203.0,,,2022-06-27,Active,2026-12-10,,,,Other,Battery Energy Storage,"SS Completed, FIS Started, No IA",2022-06-27,2022-09-22,2022-06-15 00:00:00.000,,,,,,,,,COASTAL,,,
24INR0383,Soda Lake BESS 2 SLF,"Crane II Solar Electric, LLC",Crane,Texas,138 kV Soda Lake (#76026) ,,Other - Battery Energy Storage,205.35,,,2022-09-02,Active,2028-10-30,,,,Other,Battery Energy Storage,"SS Completed, FIS Started, No IA",2022-09-02,2022-11-29,2022-08-09 00:00:00.000,,,,,,,,,WEST,,,
24INR0386,Black & Gold Energy Storage,"Black & Gold Energy Storage, LLC",Menard,Texas,6364 Yellow Jacket Sub 138kV,,Other - Battery Energy Storage,203.8,,,2022-07-18,Completed,2027-07-30,,,,Other,Battery Energy Storage,"SS Completed, FIS Started, IA",2022-07-18,2022-10-14,2022-08-30 00:00:00.000,,No,2024-08-14,Not Required,Not Required,,2025-02-13 00:00:00,,WEST,,,
24INR0387,PaleAle BESS,"Momentum Energy Storage Partners,LLC",Hays,Texas,"Tap 138 kV Bus 7506 L_CEDAVA8_1Y - Bus 7507 L_FRIEND8_1Y 
 ",,Other - Battery Energy Storage,75.38,,,2022-07-18,Active,2027-04-15,,,,Other,Battery Energy Storage,"SS Completed, FIS Completed, No IA",2022-07-18,2022-10-14,2022-12-06 00:00:00.000,2026-04-13,No,,,,,,,SOUTH,,,
24INR0391,Kennedy Storage,Kennedy Bypass Solar LLC,Navarro,Texas,Tap 345kV 68040 Kopprl Capacitor Yard - 68091 Navarro,,Other - Battery Energy Storage,25.3,,,2022-07-18,Active,2028-12-31,,,,Other,Battery Energy Storage,"SS Completed, FIS Started, No IA",2022-07-18,2022-10-12,2022-07-06 00:00:00.000,,,,,,,,,NORTH,,,
24INR0392,Riverwalk BESS,"RWE Solar Developement, LLC",Bexar,Texas,5294 Martinez Substation 138kV ,,Other - Battery Energy Storage,120.0,,,2022-07-18,Completed,2027-10-01,,,,Other,Battery Energy Storage,"SS Completed, FIS Started, IA",2022-07-18,2022-10-14,2022-07-11 00:00:00.000,,No,2026-08-18,Not Required,Not Required,,,,SOUTH,,,
24INR0393,ELECTRODE BESS ,CED Development Inc.,Upton,Texas,76040 Castillo 138kV,,Other - Battery Energy Storage,150.0,,,2022-07-25,Active,2027-12-31,,,,Other,Battery Energy Storage,"SS Completed, FIS Started, No IA",2022-07-25,2022-10-21,2022-07-12 00:00:00.000,,,,Not Required,Not Required,,,,WEST,,,
24INR0394,CATHODE BESS,CED Development Inc.,Upton,Texas,"76635 King Mountain 138kV

",,Other - Battery Energy Storage,150.0,,,2022-08-05,Active,2027-12-31,,,,Other,Battery Energy Storage,"SS Completed, FIS Started, No IA",2022-08-05,2022-11-01,2022-07-12 00:00:00.000,,,,,,,,,WEST,,,
24INR0399,Buzios Solar,"Roaring Springs Solar, LLC",Motley,Texas,Tap between Cottonwood (#59904) and White River (#23922),,Solar - Photovoltaic Solar,252.0,,,2022-09-15,Completed,2026-07-31,,,2025-10-01,Solar,Photovoltaic Solar,"SS Completed, FIS Completed, IA",2022-09-15,2022-12-13,2022-08-04 00:00:00.000,2025-03-10,No,2023-11-06,Not Required,Not Required,Not Required,2025-02-11 00:00:00,2025-04-30 00:00:00,PANHANDLE,2025-08-27,2025-10-01,
24INR0404,Tres Rios Ranch Solar,LectricWind LLC,Upton,Texas,76008 Twelvemile 345kV,,Solar - Photovoltaic Solar,508.0,,,2022-08-05,Completed,2027-12-31,,,,Solar,Photovoltaic Solar,"SS Completed, FIS Started, IA",2022-08-05,2022-11-01,2023-04-26 19:05:28.999,,,2025-12-30,,,Not Required,,,WEST,,,
24INR0405,Crowned Heron BESS,RWE Renewables,Fort Bend,Texas,WA Parish 345 kV Bus #44000,,Other - Battery Energy Storage,154.2,,,2022-07-18,Completed,2026-10-02,,,2026-01-21,Other,Battery Energy Storage,"SS Completed, FIS Completed, IA",2022-07-18,2022-10-14,2022-07-12 00:00:00.000,2023-05-17,,2023-06-26,Not Required,Not Required,,2024-05-01 00:00:00,2024-05-01 00:00:00,HOUSTON,2025-12-08,2026-01-21,
24INR0407,Mercury Solar III,Mercury Solar,Hill,Texas,68092 Liberty Station 345kV,,Solar - Photovoltaic Solar,203.5,,,2022-08-16,Completed,2029-04-01,,,,Solar,Photovoltaic Solar,"SS Completed, FIS Started, IA",2022-08-16,2022-11-11,2022-08-03 00:00:00.000,,Yes,2025-12-12,,,Not Required,,,NORTH,,,
24INR0410,NRG Greens Bayou 6 (TEF-Due Diligence),NRG Greens Bayou 6 LLC,Harris,Texas,"Position 1/0 PSSE 40710, Greens Bayou Substation, 138 kV",,"Gas - Combustion (gas) Turbine, but not part of a Combined-Cycle",445.0,,,2022-08-16,Completed,2028-05-01,,,,Gas,"Combustion (gas) Turbine, but not part of a Combined-Cycle","SS Completed, FIS Completed, IA",2022-08-16,2022-11-11,2022-07-21 00:00:00.000,2025-08-14,,2025-02-07,2023-09-15 00:00:00,2023-09-15 00:00:00,2024-06-26 00:00:00,2026-07-01 00:00:00,2026-08-24 00:00:00,HOUSTON,,,
24INR0412,Camino Ranch Solar SLF,Camino Ranch Solar Project LLC,Houston,Texas,Tap to Jim English (#3351) – Flat Branch (#3345) 138kV,,Solar - Photovoltaic Solar,296.42,,,2022-10-06,Completed,2028-12-09,,,,Solar,Photovoltaic Solar,"SS Completed, FIS Completed, IA",2022-10-06,2023-01-03,2023-06-22 00:00:00.000,2026-05-08,No,2025-12-31,,,Not Required,,,NORTH,,,
24INR0413,Furay Battery Energy Storage System,"Blue Topaz 1, LLC",Harris,Texas,"Tap 138kV 45660 Jonte substation – 46332 Scenic Woods

Tapping both radial lines.",,Other - Battery Energy Storage,304.0,,,2022-09-02,Active,2028-09-30,,,,Other,Battery Energy Storage,"SS Completed, FIS Started, No IA",2022-09-02,2022-11-29,2022-09-01 00:00:00.000,,No,,Not Required,Not Required,,,,HOUSTON,,,
24INR0419,High Plains Storage,"ROBP Holdings, LLC",Harris,Texas,45880 Hockley 138kV,,Other - Battery Energy Storage,157.7,,,2022-09-02,Active,2028-05-30,,,,Other,Battery Energy Storage,"SS Completed, FIS Started, No IA",2022-09-02,2022-11-29,2022-08-18 00:00:00.000,,,,Not Required,Not Required,,,,HOUSTON,,,
24INR0420,Camino Ranch Storage SLF,"Camino Solar Ranch, LLC",Houston,Texas,Tap to Jim English (#3351) – Flat Branch (#3345) 138kV,,Other - Battery Energy Storage,298.06,,,2022-10-18,Completed,2028-12-09,,,,Other,Battery Energy Storage,"SS Completed, FIS Completed, IA",2022-10-18,2023-01-03,2023-06-22 00:00:00.000,2026-05-08,No,2025-12-31,,,,,,NORTH,,,
24INR0422,Hollow Branch Creek Solar ,Hollow Branch Creek Solar LLC,Leon,Texas,Tap 345kV 3390 Jewett - 44645 Singleton,,Solar - Photovoltaic Solar,460.0,,,2022-09-02,Completed,2028-06-30,,,,Solar,Photovoltaic Solar,"SS Completed, FIS Started, IA",2022-09-02,2022-11-29,2022-08-15 00:00:00.000,,Yes,2024-10-22,Not Required,Not Required,Not Required,2025-09-22 00:00:00,,NORTH,,,
24INR0424,Cascabel Wind 1,"Vaquero Wind Energy, LLC",Zapata,Texas,345 kV Rapido Substation (New ETT Substation) tapping the existing 345 kV Line from CENIZO7C (#80225) to DELSOL7C (#80307),,Wind - Wind Turbine,197.75,,,2023-03-13,Completed,2027-12-01,,,,Wind,Wind Turbine,"SS Completed, FIS Started, IA",2023-03-13,2023-06-09,2023-02-15 00:00:00.000,,,2025-05-23,Not Required,,Not Required,2025-09-24 00:00:00,,SOUTH,,,
24INR0425,Two Brothers ESS,"BRP Blue Topaz 2, LLC",Victoria,Texas,8911 BLKBYU4A 138kV,,Other - Battery Energy Storage,154.65,,,2022-09-15,Completed,2028-02-29,,,,Other,Battery Energy Storage,"SS Completed, FIS Started, IA",2022-09-15,2022-12-13,2022-09-14 00:00:00.000,,No,2024-04-22,Not Required,Not Required,,2025-02-13 00:00:00,,SOUTH,,,
24INR0427,CPS AvR CT1 Rotor Replacement,CPS Energy,Bexar,Texas,5475 Braunig 345kV,,Gas - Combined-Cycle,11.3,,,2022-10-24,Active,2026-08-07,,,2023-12-04,Gas,Combined-Cycle,"SS Completed, FIS Completed, No IA",2022-10-24,2023-01-20,2022-09-20 00:00:00.000,2023-04-18,,,2018-06-01 00:00:00,,2023-04-21 00:00:00,2023-04-18 00:00:00,2023-04-18 00:00:00,SOUTH,,2023-12-04,
24INR0440,Starling Solar,"Starling Solar, LLC",Gonzales,Texas,"138-kV Birdhouse (7255)
Starling Solar Phase II is a an addition of 42.24MW to the 23INR0035 (solar) filed in 2020. 23INR0181 (storage) was filed in 2021. ",,Solar - Photovoltaic Solar,144.6,,,2022-10-06,Completed,2028-01-28,,,,Solar,Photovoltaic Solar,"SS Completed, FIS Started, IA",2022-10-06,2022-12-28,2023-06-16 00:00:00.000,,No,2026-02-17,,,Not Required,,,SOUTH,,,
24INR0442,Midnight Sun Energy Storage,"Midnight Sun Energy Storage, LLC",Crockett,Texas,6601 Rio Pecos 138kV,,Other - Battery Energy Storage,523.86,,,2022-12-07,Completed,2028-06-29,,,,Other,Battery Energy Storage,"SS Completed, FIS Started, IA",2022-12-07,2023-03-04,2022-11-18 00:00:00.000,,No,2025-07-14,,,,2025-07-29 00:00:00,,WEST,,,
24INR0444,Hiru Storage,Hecate Energy Hazel LLC,Clay,Texas,Tap 345kV 6111 Riley - 1730 West Krum ckt 1,,Other - Battery Energy Storage,503.6,,,2022-11-15,Active,2029-04-01,,,,Other,Battery Energy Storage,"SS Completed, FIS Started, No IA",2022-11-15,2023-02-10,2023-08-19 00:07:49.000,,,,,,,,,WEST,,,
24INR0445,PSE Flores TX Storage,PureSky Development Inc,Starr,Texas,TAP 138KV 8793 RIO GRANDE CITY - 8798 LAGRULLA,,Other - Battery Energy Storage,200.0,,,2022-12-15,Active,2028-06-30,,,,Other,Battery Energy Storage,"SS Completed, FIS Started, No IA",2022-12-15,2023-03-13,2023-09-19 00:00:00.000,,,,Not Required,Not Required,,,,SOUTH,,,
24INR0446,PSE Gongora Hill TX Storage,PureSky Development Inc,Starr,Texas,Tap 138kV 8796 Roma – 7870 Escobares,,Other - Battery Energy Storage,200.0,,,2023-02-27,Active,2028-06-30,,,,Other,Battery Energy Storage,"SS Completed, FIS Started, No IA",2023-02-27,2023-03-13,2022-11-22 00:00:00.000,,,,Not Required,Not Required,,,,SOUTH,,,
24INR0447,PSE Chihuahua TX Storage,PureSky Development Inc,Hidalgo,Texas,Tap 138kV 8392 Bates – 8394 Liston,,Other - Battery Energy Storage,200.0,,,2022-12-07,Active,2028-06-30,,,,Other,Battery Energy Storage,"SS Completed, FIS Completed, No IA",2022-12-07,2023-03-06,2023-09-15 00:00:00.000,2025-10-16,No,,Not Required,Not Required,,,,SOUTH,,,
24INR0448,PSE Minnesota TX Storage,PureSky Development Inc,Hidalgo,Texas,Tap 138kV 8372 North Pharr – 8906 North Alamo,,Other - Battery Energy Storage,94.0,,,2022-11-15,Active,2028-06-30,,,,Other,Battery Energy Storage,"SS Completed, FIS Started, No IA",2022-11-15,2023-02-09,2023-08-09 00:00:00.000,,,,Not Required,Not Required,,,,SOUTH,,,
24INR0449,PSE Richardson TX Storage,PureSky Development Inc.,Hidalgo,Texas,TAP 138KV 8374 SOUTH EAST EDINBURG - 8029 CLOSNER,,Other - Battery Energy Storage,100.0,,,2022-12-07,Active,2028-06-30,,,,Other,Battery Energy Storage,"SS Completed, FIS Completed, No IA",2022-12-07,2023-03-06,2023-09-15 00:00:00.000,2026-02-17,,,Not Required,Not Required,,,,SOUTH,,,
24INR0450,Lumen Farm BESS SLF,"Neches Solar, LLC",Anderson,Texas,Tap 138kV 3325 Blackburn Switch – 3272 Palestine ,,Other - Battery Energy Storage,0.0,,,2022-11-15,Active,2028-09-30,,,,Other,Battery Energy Storage,"SS Completed, FIS Started, No IA",2022-11-15,2023-02-09,2022-10-28 00:00:00.000,,No,,,,,,,NORTH,,,
24INR0452,Longfellow Solar I,"CENTURY GAS PROCESSING, LLC",Pecos,Texas,38431 TNCENTRY1_1 138 KV ,,Solar - Photovoltaic Solar,178.2,,,2022-11-07,Completed,2028-12-31,,,,Solar,Photovoltaic Solar,"SS Completed, FIS Started, IA",2022-11-07,2023-02-03,2023-04-17 00:00:00.000,,No,2025-04-15,,,Not Required,,,WEST,,,
24INR0453,Longfellow BESS I,"CENTURY GAS PROCESSING, LLC",Pecos,Texas,38432 TNCENTRY1_1 138 KV ,,Other - Battery Energy Storage,54.99,,,2022-11-07,Completed,2026-11-30,,,,Other,Battery Energy Storage,"SS Completed, FIS Completed, IA",2022-11-07,2023-02-03,2023-04-12 00:00:00.000,2025-12-17,,2025-04-15,Not Required,Not Required,,2025-04-29 00:00:00,2026-01-29 00:00:00,WEST,,,
24INR0454,Longfellow Solar II,"CENTURY GAS PROCESSING, LLC",Pecos,Texas,38432 TNCENTRY2_1 138 KV ,,Solar - Photovoltaic Solar,207.36,,,2022-11-07,Completed,2028-12-31,,,,Solar,Photovoltaic Solar,"SS Completed, FIS Started, IA",2022-11-07,2023-02-03,2023-04-13 00:00:00.000,,No,2025-04-15,,,Not Required,,,WEST,,,
24INR0455,Longfellow BESS II,"CENTURY GAS PROCESSING, LLC",Pecos,Texas,38432 TNCENTRY2_1 138 KV ,,Other - Battery Energy Storage,105.75,,,2022-11-07,Completed,2026-11-30,,,,Other,Battery Energy Storage,"SS Completed, FIS Completed, IA",2022-11-07,2023-02-03,2023-04-12 00:00:00.000,2025-12-17,,2025-04-15,Not Required,Not Required,,2025-04-29 00:00:00,2026-01-29 00:00:00,WEST,,,
24INR0459,Exodus BESS,Exodus Solar LLC,Caldwell,Texas,Tap 345kV 7040 Austrop – 7042 Zorn,,Other - Battery Energy Storage,201.36,,,2023-07-10,Active,2027-12-01,,,,Other,Battery Energy Storage,"SS Completed, FIS Started, No IA",2023-07-10,2023-10-05,2023-06-30 00:00:00.000,,,,,,,,,SOUTH,,,
24INR0461, Augie BESS,"BRP Blue Topaz 5, LLC",Waller,Texas,46560 Waller 138kV,,Other - Battery Energy Storage,200.81,,,2023-01-23,Active,2027-12-17,,,,Other,Battery Energy Storage,"SS Completed, FIS Completed, No IA",2023-01-23,2023-04-22,2023-01-18 00:00:00.000,2024-01-24,No,,,,,,,HOUSTON,,,
24INR0472,Amador Storage,"BT Amador Storage, LLC",Van Zandt,Texas,6833 Explorer Switching Station 138kV,,Other - Battery Energy Storage,102.41,,,2022-11-23,Completed,2027-01-21,,,,Other,Battery Energy Storage,"SS Completed, FIS Completed, IA",2022-11-23,2023-02-17,2022-11-18 00:00:00.000,2024-12-18,No,2023-11-02,,,,2025-02-03 00:00:00,2025-02-03 00:00:00,NORTH,,,
24INR0485,Rutile BESS,"Rutile BESS, LLC",Runnels,Texas, Tap 138kV 6340 BALLINGER - 60399 WEISS,,Other - Battery Energy Storage,100.65,,,2023-01-23,Completed,2028-03-31,,,,Other,Battery Energy Storage,"SS Completed, FIS Completed, IA",2023-01-23,2023-04-22,2023-04-19 00:00:00.000,2025-10-20,No,2025-07-17,,,,2025-08-05 00:00:00,,WEST,,,
24INR0488,Forts Trail BESS 2,"JC Central Bluff, LLC",Taylor,Texas,11406 Central Bluff Switch 345 kV,,Other - Battery Energy Storage,205.54,,,2023-02-20,Active,2029-03-02,,,,Other,Battery Energy Storage,"SS Completed, FIS Started, No IA",2023-02-20,2023-05-20,2023-02-01 00:00:00.000,,No,,Not Required,Not Required,,,,WEST,,,
24INR0491,Gunnar BESS,Gunnar Reliability Project LLC,Hidalgo,Texas,8029 CLOSNER4A 138kV,,Other - Battery Energy Storage,154.75,,,2023-02-09,Completed,2026-12-02,,,,Other,Battery Energy Storage,"SS Completed, FIS Completed, IA",2023-02-09,2023-05-05,2023-01-30 00:00:00.000,2025-09-11,No,2023-09-22,Not Required,Not Required,,2024-05-06 00:00:00,2025-10-29 00:00:00,SOUTH,2026-08-28,,
24INR0493,Crowned Heron BESS 2,RWE Renewables,Fort Bend,Texas,WA Parish 345 kV Bus #44000,,Other - Battery Energy Storage,154.2,,,2022-11-23,Completed,2026-10-02,,,2026-04-06,Other,Battery Energy Storage,"SS Completed, FIS Completed, IA",2022-11-23,2023-02-17,2022-11-15 00:00:00.000,2024-01-28,No,2024-08-20,,,,2024-10-10 00:00:00,2024-11-04 00:00:00,HOUSTON,2026-01-27,2026-04-06,
24INR0494,Hana Springs BESS,Black Mountain Energy Storage II LLC,Lampasas,Texas,7064 LAMPASAS 138KV,,Other - Battery Energy Storage,100.8,,,2022-11-23,Active,2028-05-15,,,,Other,Battery Energy Storage,"SS Completed, FIS Started, No IA",2022-11-23,2023-02-17,2022-11-18 00:00:00.000,,,,Not Required,Not Required,2025-10-02 00:00:00,,,NORTH,,,
24INR0496,Indigo Storage,"Innovative Solar 245, LLC",Fisher,Texas,tap 345 kV 68001 Claytonville – 68004 Phantom Hill Circuit 2,,Other - Battery Energy Storage,60.0,,,2022-12-15,Completed,2027-09-17,,,,Other,Battery Energy Storage,"SS Completed, FIS Started, IA",2022-12-15,2023-03-13,2023-08-28 00:00:00.000,,No,2026-03-27,,,,,,WEST,,,
24INR0500,Claire BESS,"BRP Blue Topaz 3, LLC",Harris,Texas,40011 Cedar Bayou 138kV,,Other - Battery Energy Storage,406.01,,,2023-02-09,Active,2027-12-17,,,,Other,Battery Energy Storage,"SS Completed, FIS Started, No IA",2023-02-09,2023-05-08,2023-01-30 00:00:00.000,,,,,,,,,HOUSTON,,,
24INR0505,Corralitos Wind 1,"Vaquero Wind Energy, LLC",Zapata,Texas,Tap 345kV 80225 CENIZO7C - 80307 DELSOL7C (New ETT Tiempo Substation),,Wind - Wind Turbine,196.1,,,2023-01-30,Completed,2027-12-01,,,,Wind,Wind Turbine,"SS Completed, FIS Started, IA",2023-01-30,2023-04-28,2023-01-19 00:00:00.000,,,2025-06-19,,,Not Required,,,SOUTH,,,
24INR0506,Corralitos Wind 2,"Vaquero Wind Energy, LLC",Zapata,Texas,Tap 345kV 80225 CENIZO7C - 80307 DELSOL7C (New ETT Tiempo Substation),,Wind - Wind Turbine,195.4,,,2023-01-30,Completed,2027-12-31,,,,Wind,Wind Turbine,"SS Completed, FIS Started, IA",2023-01-30,2023-04-28,2023-01-19 00:00:00.000,,,2025-06-19,,,Not Required,,,SOUTH,,,
24INR0508,White Oak King Wind ,"KSK Wind Farm 1, LLC",King,Texas,345 kV Gauss ( Bus # 60701),,Wind - Wind Turbine,606.5,,,2023-03-09,Active,2030-08-31,,,,Wind,Wind Turbine,"SS Completed, FIS Started, No IA",2023-03-09,2023-06-05,2023-02-07 00:00:00.000,,No,,,,Not Required,,,WEST,,,
24INR0514,Rogers Draw BESS,"ROGERS DRAW ENERGY STORAGE, LLC",Gillespie,Texas,7751 Headwaters substation 138kV,,Other - Battery Energy Storage,148.61,,,2023-01-03,Completed,2030-07-31,,,,Other,Battery Energy Storage,"SS Completed, FIS Completed, IA",2023-01-03,2023-03-30,2023-01-09 00:00:00.000,2025-09-10,No,2024-02-28,Not Required,Not Required,,2025-10-28 00:00:00,2025-10-28 00:00:00,SOUTH,,,
24INR0516,French Riviera Storage,Arana Creek Battery Storage LLC,Kleberg,Texas,5646 Riviera Substation 69kV ,,Other - Battery Energy Storage,75.0,,,2023-02-09,Active,2028-05-01,,,,Other,Battery Energy Storage,"SS Completed, FIS Started, No IA",2023-02-09,2023-05-05,2023-01-21 00:00:00.000,,,,,,,,,COASTAL,,,
24INR0519,Roost Energy Storage,Bluff Creek Energy Storage LLC,Scurry,Texas,the Knapp Sub (bus# 1310) – Union Switch (bus# 18555),,Other - Battery Energy Storage,102.36,,,2023-01-30,Active,2028-09-30,,,,Other,Battery Energy Storage,"SS Completed, FIS Started, No IA",2023-01-30,2023-04-28,2023-01-21 00:00:00.000,,No,,,,,,,WEST,,,
24INR0528,Blanquilla BESS,Blanquilla BESS LLC,Nueces,Texas,"Tap 138kV 8452 LON_HILL4A - 8441 NUECES_B4A
",,Other - Battery Energy Storage,200.78,,,2023-02-09,Completed,2028-05-19,,,,Other,Battery Energy Storage,"SS Completed, FIS Started, IA",2023-02-09,2023-05-08,2023-03-07 00:00:00.000,,,2024-09-05,,,,2025-02-13 00:00:00,2025-07-31 00:00:00,COASTAL,,,
24INR0530,Southside Energy,"Southside Energy, LLC",Brazoria,Texas,Tap 138kV 42960 Mustang Bayou - 42100 HUDSON ckt 4,,Other - Battery Energy Storage,101.2,,,2023-02-27,Active,2028-12-31,,,,Other,Battery Energy Storage,"SS Completed, FIS Started, No IA",2023-02-27,2023-05-26,2023-10-24 00:00:00.000,,,,,,,,,COASTAL,,,
24INR0532,Timber Cove Solar SLF,"Freestone Solar, LLC",Freestone,Texas,Tap 138 kV 212 Winkler - 3510 Pin Oak ,,Solar - Photovoltaic Solar,100.5,,,2023-05-22,Active,2027-06-01,,,,Solar,Photovoltaic Solar,"SS Completed, FIS Started, No IA",2023-05-22,2023-08-17,2023-05-17 00:00:00.000,,,,,,Not Required,,,NORTH,,,
24INR0534,Lyford Energy,"Lyford Energy, LLC",Willacy,Texas,5745 E Raymondville 138kV ,,Other - Battery Energy Storage,101.2,,,2023-03-08,Active,2027-09-02,,,,Other,Battery Energy Storage,"SS Completed, FIS Started, No IA",2023-03-08,2023-06-05,2023-10-24 00:00:00.000,,,,,,,,,COASTAL,,,
24INR0538,FLIFER Solar I,FLIFER LLC,Ward,Texas,Tap 138 kV Yucca Drive Switch (bus# 1009) – Sand Tank (bus# 11197),,Solar - Photovoltaic Solar,84.0,,,2023-03-08,Active,2027-04-15,,,,Solar,Photovoltaic Solar,"SS Completed, FIS Started, No IA",2023-03-08,2023-06-01,2023-04-26 00:00:00.000,,,,,,Not Required,,,WEST,,,
24INR0541,Kinney County Energy,"Kinney County Energy,  LLC",Kinney,Texas,Tap 138kV 8252 Brackett4A - 78255  L_PINTCR8_1Y ,,Other - Battery Energy Storage,101.2,,,2023-03-27,Active,2027-05-15,,,,Other,Battery Energy Storage,"SS Completed, FIS Started, No IA",2023-03-27,2023-06-19,2023-10-24 15:45:16.000,,,,,,,,,SOUTH,,,
24INR0543,Thomas Cameron BESS,Thomas Cameron BESS LLC,Lampasas,Texas,Tap 345kV 3424 BUCKHORN SWITCH - 3422 KILLEEN SWITCH,,Other - Battery Energy Storage,205.5,,,2023-06-07,Completed,2029-04-28,,,,Other,Battery Energy Storage,"SS Completed, FIS Completed, IA",2023-06-07,2023-09-01,2023-06-02 00:00:00.000,2024-07-23,Yes,2024-10-30,Not Required,Not Required,,2025-09-12 00:00:00,,NORTH,,,
24INR0544,Wetzel BESS,"Brown ESS, LLC",Brown,Texas,Tap 138kV 1654 Zephyr – 1655 Brownwood Switch,,Other - Battery Energy Storage,185.57,,,2023-03-27,Active,2028-09-09,,,,Other,Battery Energy Storage,"SS Completed, FIS Started, No IA",2023-03-27,2023-06-20,2023-03-15 00:00:00.000,,No,,,,,,,NORTH,,,
24INR0555,Shaula I BESS,Shaula Energy Project LLC,DeWitt,Texas,5380 Shaula 345kV,,Other - Battery Energy Storage,205.77,,,2023-07-10,Active,2028-06-01,,,,Other,Battery Energy Storage,"SS Completed, FIS Started, No IA",2023-07-10,2023-10-05,2023-07-03 00:00:00.000,,,,,,,,,SOUTH,,,
24INR0567,Wolf Hollow III,Wolf Hollow II Power LLC,Hood,Texas,1877 Mitchell Bend 345KV,,"Gas - Combustion (gas) Turbine, but not part of a Combined-Cycle",306.32,,,2023-06-07,Active,2027-05-31,,,,Gas,"Combustion (gas) Turbine, but not part of a Combined-Cycle","SS Completed, FIS Started, No IA",2023-06-07,2023-09-01,2023-05-30 00:00:00.000,,,,,,,,,NORTH,,,
24INR0569,Hadrian Energy Storage,"Hadrian Energy Storage, LLC",Wharton,Texas,Line Tap 138kV #43012 NEWGLF60T3_8 - #43190 S_LANE_B138,,Other - Battery Energy Storage,101.2,,,2023-05-15,Active,2028-12-31,,,,Other,Battery Energy Storage,"SS Completed, FIS Completed, No IA",2023-05-15,2023-08-11,2023-10-24 00:00:00.000,2025-02-12,,,,,,,,SOUTH,,,
24INR0570,Marcus Energy Storage,"Marcus Energy Storage, LLC",Brazoria,Texas,Tap 138kV 39500 West Columbia Main - 110505 Sweeny Co-Gen LP Ckt 1,,Other - Battery Energy Storage,201.04,,,2023-06-07,Active,2027-09-01,,,,Other,Battery Energy Storage,"SS Completed, FIS Completed, No IA",2023-06-07,2023-09-01,2023-10-24 00:00:00.000,2024-09-30,,,,,,,,COASTAL,,,
24INR0572,Megacharge BESS,SMT Harlingen III LLC,Cameron,Texas,8320 WEST HARLINGEN 69kV ,,Other - Battery Energy Storage,110.0,,,2023-06-28,Active,2028-07-01,,,,Other,Battery Energy Storage,"SS Completed, FIS Started, No IA",2023-06-28,2023-09-20,2023-06-26 00:00:00.000,,,,,,,,,COASTAL,,,
24INR0576,Boling Generation (TEF-Due Diligience),Boling Generation,Wharton,Texas,43340 Gulftie 138kV,,"Gas - Combustion (gas) Turbine, but not part of a Combined-Cycle",400.0,,,2023-12-04,Active,2028-12-16,,,,Gas,"Combustion (gas) Turbine, but not part of a Combined-Cycle","SS Completed, FIS Completed, No IA",2023-12-04,2024-03-01,2023-11-02 00:00:00.000,2025-08-20,No,,,,,,,SOUTH,,,
24INR0578,Panther Creek 1 Repower,"Panther Creek Wind Farm I&II, LLC",Glasscock,Texas,1058 Longshore 345kV,,Wind - Wind Turbine,11.0,,,2023-06-28,Active,2026-12-31,,,2024-10-02,Wind,Wind Turbine,"SS Completed, FIS Completed, No IA",2023-06-28,2023-09-21,2023-06-21 00:00:00.000,2024-05-03,,,Not Required,Not Required,Not Required,2024-06-21 00:00:00,2024-06-21 00:00:00,WEST,,2024-10-02,
24INR0582,Panther Creek 2 Repower,"Panther Creek Wind Farm I&II, LLC",Glasscock,Texas,Longshore 345kV [Bus# 1058],,Wind - Wind Turbine,8.0,,,2023-06-28,Active,2026-12-31,,,2024-10-02,Wind,Wind Turbine,"SS Completed, FIS Completed, No IA",2023-06-28,2023-09-21,2023-06-27 00:00:00.000,2024-05-03,,,Not Required,Not Required,Not Required,2024-06-21 00:00:00,2024-06-21 00:00:00,WEST,,2024-10-02,
24INR0584,Kegans BESS (Houston IV BESS),SMT Houston IV LLC,Harris,Texas,44140 CLODINE 138kV,,Other - Battery Energy Storage,164.6,,,2023-07-10,Completed,2026-09-05,,,2026-06-08,Other,Battery Energy Storage,"SS Completed, FIS Completed, IA",2023-07-10,2023-10-05,2023-06-27 00:00:00.000,2025-07-01,No,2024-11-07,Not Required,,2025-09-18 00:00:00,2025-02-12 00:00:00,2025-10-28 00:00:00,HOUSTON,2026-05-06,2026-06-08,
24INR0605,TEXAS GULF SULPHUR REPOWER,"Wharton County Generation, LLC",Wharton,Texas,43340 Gulftie 138 kV,,"Gas - Combustion (gas) Turbine, but not part of a Combined-Cycle",16.1,,,2023-07-31,Completed,2025-03-27,,,2025-02-17,Gas,"Combustion (gas) Turbine, but not part of a Combined-Cycle","SS Completed, FIS Completed, IA",2023-07-31,2023-10-27,2023-07-27 00:00:00.000,2024-02-01,,2022-03-01,2025-06-03 00:00:00,,2024-01-30 00:00:00,2024-01-31 00:00:00,2024-01-31 00:00:00,SOUTH,,2025-02-17,
24INR0617,Serrano Storage,"Maverick ESS, LLC",Maverick,Texas,8267 GANSO Substation 138kV,,Other - Battery Energy Storage,185.59,,,2023-09-23,Active,2027-12-01,,,,Other,Battery Energy Storage,"SS Completed, FIS Started, No IA",2023-09-23,2023-12-20,2023-08-31 00:00:00.000,,,,Not Required,Not Required,,,,SOUTH,,,
24INR0627,Champion Wind Repower,"Champion Wind Farm, LLC",Nolan,Texas,Bus# 1048 - Tonkawa,,Wind - Wind Turbine,0.31,,,2023-09-25,Completed,2026-12-31,,,2025-01-13,Wind,Wind Turbine,"SS Completed, FIS Completed, IA",2023-09-25,2023-12-21,2023-09-13 00:00:00.000,2024-04-26,,2007-01-19,Not Required,Not Required,Not Required,2024-07-29 00:00:00,2024-07-30 00:00:00,WEST,,2025-01-13,
24INR0763,Team Ranch Storage,"BAF Storage, LLC",Tarrant,Texas,"1869 Benbrook Switch 345kV
",,Other - Battery Energy Storage,307.2,,,2024-06-13,Active,2027-03-01,,,,Other,Battery Energy Storage,"SS Completed, FIS Started, No IA",2024-06-13,2024-08-07,2024-06-05 00:00:00.000,,,,,,,,,NORTH,,,
25INR0002,Barcelona TxHSR TPSS HN-4,"Texas Central Rail Holdings, LLC",Harris,Texas,tap 138kV 45885 HocklyC - 46220 Peters,,Other - Other,50.0,,,2019-01-30,Active,2028-07-15,,,,Other,Other,"SS Completed, FIS Started, No IA",2019-01-30,2019-04-17,2019-08-09 00:00:00.000,,No,,Not Required,Not Required,,,,HOUSTON,,,
25INR0005,Tokyo TxHSR TPSS EW-1,"Texas Central Rail Holdings, LLC",Ellis,Texas,tap 138kV 2241 Ennis W - 2321 Waxahachie,,Other - Other,50.0,,,2019-01-30,Active,2028-07-15,,,,Other,Other,"SS Completed, FIS Started, No IA",2019-01-30,2019-04-17,2019-08-09 00:00:00.000,,,,Not Required,Not Required,,,,NORTH,,,
25INR0006,Atlanta TxHSR TPSS DS-1,"Texas Central Rail Holdings, LLC",Dallas,Texas,tap 138kV 2429 Watermill E - 3083 Wilmer,,Other - Other,50.0,,,2019-01-30,Active,2028-07-15,,,,Other,Other,"SS Completed, FIS Started, No IA",2019-01-30,2019-04-17,2019-08-09 00:00:00.000,,,,Not Required,Not Required,,,,NORTH,,,
25INR0008,BasRanch (TEF - Due Diligence),"CPV Basin Ranch, LLC",Ward,Texas,tap 345kV Riverton Switch - Sand Lake Switch,,Gas - Combined-Cycle,1350.0,,,2020-08-04,Completed,2028-12-01,,,,Gas,Combined-Cycle,"SS Completed, FIS Completed, IA",2020-08-04,2020-11-02,2021-10-28 00:00:00.000,2025-05-05,Yes,2025-07-16,2024-11-25 00:00:00,2024-11-25 00:00:00,2025-09-05 00:00:00,2025-09-08 00:00:00,,WEST,,,
25INR0010,Nockenut Springs Solar 3,"Pecan Springs Energy, LLC",Gonzales,Texas,tap 345kV 5133 Elm Creek - 5915 STP ckt 1,,Solar - Photovoltaic Solar,201.4,,,2020-09-25,Active,2029-06-05,,,,Solar,Photovoltaic Solar,"SS Completed, FIS Started, No IA",2020-09-25,2020-12-16,2020-09-11 00:00:00.000,,,,,,Not Required,,,SOUTH,,,
25INR0018,Yellow Cat Wind,Yellow Cat Wind LLC,Navarro,Texas,Tap 345kV 1906 Venus - 68091 Navarro,,Wind - Wind Turbine,262.0,,,2021-08-17,Completed,2027-03-05,,,,Wind,Wind Turbine,"SS Completed, FIS Completed, IA",2021-08-17,2021-11-05,2022-03-07 00:00:00.000,2025-12-09,No,2024-07-09,Not Required,Not Required,Not Required,2025-02-12 00:00:00,2026-01-27 00:00:00,NORTH,,,
25INR0021,Findley Solar,Adon Texas Sixteen LLC,Limestone,Texas,Tap 69kV #107 Prairie Hill - #99 Ben Hur ,,Solar - Photovoltaic Solar,50.34,,,2021-10-05,Active,2028-01-01,,,,Solar,Photovoltaic Solar,"SS Completed, FIS Started, No IA",2021-10-05,2021-12-10,2022-05-24 00:00:00.000,,No,,,,Not Required,,,NORTH,,,
25INR0029,Whistle Solar,"Gransolar Texas Nineteen, LLC",Navarro,Texas,Tap 138kV 213 Haney – 3478 Navarro ,,Solar - Photovoltaic Solar,56.3,,,2021-11-23,Active,2028-05-15,,,,Solar,Photovoltaic Solar,"SS Completed, FIS Started, No IA",2021-11-23,2022-02-18,2022-08-05 00:00:00.000,,,,,,Not Required,,,NORTH,,,
25INR0039,Borderland ESC,"FRESH AIR ENERGY II, LLC",Hidalgo,Texas,tap 138kV 8380 NEDIN4A – 8632 NMCALLEN4C,,Other - Battery Energy Storage,200.0,,,2022-02-21,Active,2028-11-30,,,,Other,Battery Energy Storage,"SS Completed, FIS Started, No IA",2022-02-21,2022-05-22,2022-02-08 00:00:00.000,,,,,,,,,SOUTH,,,
25INR0040,McMEXICO STORAGE,"FRESH AIR ENERGY II, LLC",Hidalgo,Texas,8644 Trade Zone 138kV,,Other - Battery Energy Storage,201.9,,,2022-02-28,Active,2028-11-30,,,,Other,Battery Energy Storage,"SS Completed, FIS Started, No IA",2022-02-28,2022-05-27,2022-02-15 00:00:00.000,,No,,Not Required,Not Required,,,,SOUTH,,,
25INR0045,Smith Lake Storage DC,Smith Lake Solar,Grimes,Texas,Tap 345kV 44645 Singleton - 44900 Zenith Ckt #99,,Other - Battery Energy Storage,65.0,,,2022-03-07,Completed,2028-12-28,,,,Other,Battery Energy Storage,"SS Completed, FIS Started, IA",2022-03-07,2022-05-06,2022-11-02 00:00:00.000,,Yes,2025-12-30,,,,,,NORTH,,,
25INR0046,Blue Skies BESS,ACTX BESS Project LLC,Hill,Texas,68090 SAM SW 345kV,,Other - Battery Energy Storage,306.26,,,2022-05-10,Completed,2028-04-01,,,,Other,Battery Energy Storage,"SS Completed, FIS Started, IA",2022-05-10,2022-08-06,2022-04-15 00:00:00.000,,,2024-06-20,,,,2025-02-12 00:00:00,,NORTH,,,
25INR0052,SanPat Solar II,"CGRP 04, LLC",San Patricio,Texas,Tap 345kV 8249 Angstrom – 8659 Naismith,,Solar - Photovoltaic Solar,256.23,,,2022-02-28,Completed,2027-07-22,,,,Solar,Photovoltaic Solar,"SS Completed, FIS Completed, IA",2022-02-28,2022-05-27,2022-07-15 00:00:00.000,2026-07-09,Yes,2023-10-18,,,Not Required,2025-02-13 00:00:00,2026-08-03 00:00:00,COASTAL,,,
25INR0055,Three W Solar,Three W Solar LLC,Hill,Texas,tap 138kV 3522 Hillboro1_8 - 237 Blanton CKT 1,,Solar - Photovoltaic Solar,110.89,,,2022-03-07,Completed,2026-09-04,,,2026-03-19,Solar,Photovoltaic Solar,"SS Completed, FIS Completed, IA",2022-03-07,2022-06-02,2022-02-28 00:00:00.000,2025-06-18,No,2023-03-28,Not Required,Not Required,Not Required,2025-07-31 00:00:00,2025-07-31 00:00:00,NORTH,2026-02-13,2026-03-19,
25INR0057,Sombrero Solar,Aurora Solar LLC,Schleicher,Texas,Tap 345kV 76003 Big Hill - 60708 Orsted,,Solar - Photovoltaic Solar,351.85,,,2022-03-30,Active,2028-05-31,,,,Solar,Photovoltaic Solar,"SS Completed, FIS Started, No IA",2022-03-30,2022-06-26,2023-01-03 00:00:00.000,,Yes,,Not Required,Not Required,Not Required,,,WEST,,,
25INR0060,Argenta Solar,"Charter Oak Solar, LLC",Bee,Texas,Tap 345kV 8689 Tango - 8606 Goddard,,Solar - Photovoltaic Solar,310.0,,,2022-06-27,Completed,2028-06-30,,,,Solar,Photovoltaic Solar,"SS Completed, FIS Started, IA",2022-06-27,2022-09-21,2022-07-14 00:00:00.000,,,2024-04-05,Not Required,Not Required,Not Required,2025-02-12 00:00:00,,SOUTH,,,
25INR0061,Argenta Storage,"Charter Oak Storage, LLC",Bee,Texas,Tap 345kV 8689 Tango - 8606 Goddard,,Other - Battery Energy Storage,192.0,,,2022-06-27,Completed,2028-06-30,,,,Other,Battery Energy Storage,"SS Completed, FIS Started, IA",2022-06-27,2022-09-21,2022-07-13 00:00:00.000,,No,2024-04-05,Not Required,Not Required,,2025-02-12 00:00:00,,SOUTH,,,
25INR0071,Albatross BESS,"Albatross Solar, LLC",McLennan,Texas,From Bus #165 Windsor Switch To Bus #161 McGregor,,Other - Battery Energy Storage,50.4,,,2022-05-16,Active,2028-12-30,,,,Other,Battery Energy Storage,"SS Completed, FIS Completed, No IA",2022-05-16,2022-08-13,2022-10-25 00:00:00.000,2025-10-30,No,,,,,,,NORTH,,,
25INR0076,Violet Storage,VIOLET STORAGE,Nueces,Texas,McKenzie Road (8858) 138 kV Substation,,Other - Battery Energy Storage,151.0,,,2022-05-10,Active,2029-07-01,,,,Other,Battery Energy Storage,"SS Completed, FIS Started, No IA",2022-05-10,2022-08-06,2022-04-14 00:00:00.000,,No,,,,,,,COASTAL,,,
25INR0078,Peregrine BESS 2,CED Development Inc.,Goliad,Texas,8673 RAPTOR7A 345kV,,Other - Battery Energy Storage,150.0,,,2022-08-05,Active,2027-07-01,,,,Other,Battery Energy Storage,"SS Completed, FIS Started, No IA",2022-08-05,2022-11-01,2022-08-02 00:00:00.000,,,,,,,,,SOUTH,,,
25INR0080,Meitner Solar,"IP Meitner, LLC ",Gray,Texas,345 kV Gray (Bus# 79000),,Solar - Photovoltaic Solar,702.64,,,2022-08-05,Completed,2028-06-08,,,,Solar,Photovoltaic Solar,"SS Completed, FIS Started, IA",2022-08-05,2022-11-01,2022-07-27 00:00:00.000,,Yes,2024-01-31,,,Not Required,,,PANHANDLE,,,
25INR0081,SanPat Solar I,Padre Solar LLC,San Patricio,Texas,Tap 345kV 8249 Angstrom – 8659 Naismith,,Solar - Photovoltaic Solar,308.88,,,2022-07-18,Completed,2027-07-08,,,,Solar,Photovoltaic Solar,"SS Completed, FIS Completed, IA",2022-07-18,2022-10-12,2022-07-15 00:00:00.000,2026-07-09,Yes,2023-10-18,,,Not Required,2025-02-13 00:00:00,2026-08-03 00:00:00,COASTAL,,,
25INR0082,Reis Solar ,Greenalia Solar Power Reis LLC,Atascosa,Texas,Tapping into 138 kV line (5689) Choke Canyon AEP to (5902) San Miguel Gen,,Solar - Photovoltaic Solar,105.48,,,2022-06-02,Active,2027-08-03,,,,Solar,Photovoltaic Solar,"SS Completed, FIS Started, No IA",2022-06-02,2022-08-29,2022-09-09 00:00:00.000,,,,,,Not Required,,,SOUTH,,,
25INR0097,Soleil Solar,"Soleil Solar, LLC",Clay,Texas,Tap 345 kV 1730 Krum West Switch - 6111 Riley ckt 2,,Solar - Photovoltaic Solar,451.69,,,2022-09-02,Completed,2028-12-28,,,,Solar,Photovoltaic Solar,"SS Completed, FIS Started, IA",2022-09-02,2022-11-29,2022-08-26 00:00:00.000,,,2025-05-09,,,Not Required,,,WEST,,,
25INR0100,Goldeneye BESS,Black Mountain Energy Storage II,Bell,Texas,3423 KILLEEN Switch 138 KV ,,Other - Battery Energy Storage,201.6,,,2022-06-10,Completed,2028-05-15,,,,Other,Battery Energy Storage,"SS Completed, FIS Completed, IA",2022-06-10,2022-09-06,2022-07-13 00:00:00.000,2023-08-18,No,2024-02-26,Not Required,Not Required,2025-10-02 00:00:00,,,NORTH,,,
25INR0101,Drake BESS,Mallard Energy Storage LLC,Collin,Texas, #833 Wylie Switch 138kV,,Other - Battery Energy Storage,257.3,,,2022-06-02,Completed,2027-01-29,,,,Other,Battery Energy Storage,"SS Completed, FIS Completed, IA",2022-06-02,2022-08-29,2022-06-17 00:00:00.000,2025-06-18,No,2025-05-06,Not Required,Not Required,,2025-07-16 00:00:00,2025-07-17 00:00:00,NORTH,,,
25INR0102,Austin Bayou Solar,"Austin Bayou Solar, LLC",Brazoria,Texas,Tap 345 kV Savana 43180 to Seabreeze 43020 - Ckt 27,,Solar - Photovoltaic Solar,502.48,,,2022-06-27,Completed,2027-06-01,,,,Solar,Photovoltaic Solar,"SS Completed, FIS Started, IA",2022-06-27,2022-09-21,2022-07-26 00:00:00.000,,No,2023-11-15,,,Not Required,2025-02-12 00:00:00,,COASTAL,,,
25INR0103,Elio BESS,Elio Energy LLC,Brazoria,Texas,Tap 138kV 42980 Nash - 44010 Wa Parish circuit 02,,Other - Battery Energy Storage,317.2,,,2022-07-05,Completed,2028-08-05,,,,Other,Battery Energy Storage,"SS Completed, FIS Completed, IA",2022-07-05,2022-10-01,2023-05-15 00:00:00.000,2024-10-31,,2024-09-15,Not Required,Not Required,,2025-02-12 00:00:00,,COASTAL,,,
25INR0106,Luthor Solar,TREX US Luthor LLC,Howard,Texas,Tap 138kV 23831 Luther Station – 10032 Little Luther ,,Solar - Photovoltaic Solar,101.0,,,2022-06-27,Active,2027-09-25,,,,Solar,Photovoltaic Solar,"SS Completed, FIS Started, No IA",2022-06-27,2022-09-21,2023-04-28 00:00:00.000,,,,,,Not Required,,,WEST,,,
25INR0112,August Draw Solar,"August Draw Solar Holdings, LLC",Reeves,Texas,Tap 138kV 60207 Verhalen – 60808 Hoefs Road,,Solar - Photovoltaic Solar,250.0,,,2022-09-15,Completed,2028-06-27,,,,Solar,Photovoltaic Solar,"SS Completed, FIS Started, IA",2022-09-15,2022-12-13,2023-06-09 00:00:00.000,,No,2025-09-12,Not Required,Not Required,Not Required,2025-09-25 00:00:00,,WEST,,,
25INR0122,Vial BESS,Gransolar Texas Eleven LLC,Hill,Texas,Chatt(234) - Pecan Street (3352) 138kV,,Other - Battery Energy Storage,135.18,,,2022-07-05,Completed,2027-09-15,,,,Other,Battery Energy Storage,"SS Completed, FIS Completed, IA",2022-07-05,2022-10-01,2023-03-29 00:00:00.000,2025-05-30,No,2025-08-04,Not Required,Not Required,2025-08-18 00:00:00,2025-08-28 00:00:00,,NORTH,,,
25INR0129,Demeter Solar,"Demeter Solar, LLC",Caldwell,Texas,Tap 138kV 7224 LULING - 7216 LOCKHART,,Solar - Photovoltaic Solar,88.0,,,2022-08-05,Active,2029-06-01,,,,Solar,Photovoltaic Solar,"SS Completed, FIS Started, No IA",2022-08-05,2022-11-01,2023-03-10 00:00:00.000,,,,,,Not Required,,,SOUTH,,,
25INR0130,Demeter Storage,"Demeter Solar, LLC",Caldwell,Texas,Tap 138kV 7224 LULING - 7216 Lockhart,,Other - Battery Energy Storage,65.0,,,2022-08-05,Active,2029-06-01,,,,Other,Battery Energy Storage,"SS Completed, FIS Started, No IA",2022-08-05,2022-11-01,2023-03-10 00:00:00.000,,,,,,,,,SOUTH,,,
25INR0131,SOSA Storage,"Sosa Energy Center, LLC",Madison,Texas,Tap 138kV 25 North Zulch - 47 Hilltop Lakes,,Other - Battery Energy Storage,154.63,,,2022-07-25,Completed,2027-07-20,,,,Other,Battery Energy Storage,"SS Completed, FIS Completed, IA",2022-07-25,2022-10-20,2022-07-21 00:00:00.000,2026-07-13,No,2023-12-05,Not Required,Not Required,,2025-02-13 00:00:00,,NORTH,,,
25INR0133,Rose Quartz BESS,"Rose Quartz BESS, LLC",Dimmit,Texas,Tap 138kV 8283 Asherton - 8613 Bigwells,,Other - Battery Energy Storage,101.41,,,2022-09-02,Completed,2026-12-01,,,,Other,Battery Energy Storage,"SS Completed, FIS Completed, IA",2022-09-02,2022-11-30,2022-10-14 00:00:00.000,2025-04-23,No,2026-07-28,Not Required,Not Required,,,,SOUTH,,,
25INR0135,Hayrick BESS,Gransolar Texas Five LLC,Coke,Texas,6351 Nicole 138kV,,Other - Battery Energy Storage,113.9,,,2022-08-16,Active,2028-03-15,,,,Other,Battery Energy Storage,"SS Completed, FIS Completed, No IA",2022-08-16,2022-11-11,2023-05-18 00:00:00.000,2025-12-15,No,,,,,,,WEST,,,
25INR0138,Champaign BESS,"Champaign BESS, LLC",Glasscock,Texas,"Tap 138kV Shaw POD (18664) – Desert Wind Sub (11222)
new station Potterson Lake Switch",,Other - Battery Energy Storage,201.13,,,2022-09-21,Completed,2028-03-31,,,,Other,Battery Energy Storage,"SS Completed, FIS Completed, IA",2022-09-21,2022-12-19,2022-12-29 00:00:00.000,2024-08-13,No,2025-07-31,,,,,,WEST,,,
25INR0139,Dolce BESS,"Dolce BESS, LLC",Mitchell,Texas,Tap 138kV 1189 BARBER_LK1_8 - 19520 CHINAGRVX2_8,,Other - Battery Energy Storage,100.65,,,2022-09-27,Active,2029-01-31,,,,Other,Battery Energy Storage,"SS Completed, FIS Completed, No IA",2022-09-27,2022-12-21,2023-03-28 00:00:00.000,2026-02-26,No,,,,,,,WEST,,,
25INR0140,Seragio BESS,"Seragio BESS, LLC",Ector,Texas,11140 ECTRCNTYN_8 138kV,,Other - Battery Energy Storage,201.13,,,2022-09-15,Active,2028-04-30,,,,Other,Battery Energy Storage,"SS Completed, FIS Completed, No IA",2022-09-15,2022-12-13,2022-12-29 00:00:00.000,2026-04-14,No,,,,,,,WEST,,,
25INR0142,Sagewood BESS,"Sagewood BESS, LLC",Glasscock,Texas,tap McDonald Road Switch (1333) – Pastores Switch (10121) ckt 1,,Other - Battery Energy Storage,100.57,,,2022-09-21,Active,2028-03-31,,,,Other,Battery Energy Storage,"SS Completed, FIS Started, No IA",2022-09-21,2022-12-19,2022-12-29 00:00:00.000,,No,,,,,,,WEST,,,
25INR0143,Ariji BESS,"Ariji BESS, LLC",Howard,Texas,Tap 138kV 1394 GTTYVTAP_8 - 1322 BIGSPRIG_8,,Other - Battery Energy Storage,100.32,,,2022-09-15,Completed,2029-03-31,,,,Other,Battery Energy Storage,"SS Completed, FIS Completed, IA",2022-09-15,2022-12-13,2023-06-09 00:00:00.000,2025-03-03,,2025-08-01,,,,2026-03-24 00:00:00,,WEST,,,
25INR0144,Jasper BESS,"Jasper BESS, LLC",Midland,Texas,Tap 138kV 71230 Pleasant Farms - 1236 Pegasus South ,,Other - Battery Energy Storage,201.13,,,2022-09-21,Completed,2028-10-11,,,,Other,Battery Energy Storage,"SS Completed, FIS Completed, IA",2022-09-21,2022-12-19,2023-03-28 00:00:00.000,2026-04-21,,2026-07-27,,,,,,WEST,,,
25INR0146,Blue Heron BESS,"Blue Heron BESS, LLC",Reeves,Texas,Tap 138kV MANSON (1094) - Riverton (11083),,Other - Battery Energy Storage,201.13,,,2022-10-24,Completed,2028-10-11,,,,Other,Battery Energy Storage,"SS Completed, FIS Started, IA",2022-10-24,2023-01-20,2023-04-10 00:00:00.000,,No,2026-07-27,,,,,,WEST,,,
25INR0154,Nymphaea Solar,"Nymphaea Solar, LLC",Wichita,Texas,Tap 345kV 1730 Krum West Swtich - 6111 Riley7B,,Solar - Photovoltaic Solar,120.9,,,2022-09-21,Completed,2028-07-01,,,,Solar,Photovoltaic Solar,"SS Completed, FIS Started, IA",2022-09-21,2022-12-19,2022-12-23 00:00:00.000,,No,2026-05-18,Not Required,,Not Required,2026-06-04 00:00:00,,WEST,,,
25INR0155,Nymphaea Storage,"Nymphaea Solar, LLC",Wichita,Texas,Tap 345kV 1730 Krum West Swtich - 6111 Riley7B,,Other - Battery Energy Storage,61.0,,,2022-09-21,Completed,2028-07-01,,,,Other,Battery Energy Storage,"SS Completed, FIS Started, IA",2022-09-21,2022-12-19,2022-12-23 00:00:00.000,,No,2026-05-18,Not Required,,,2026-06-04 00:00:00,,WEST,,,
25INR0164,Star Dairy Solar,Star Dairy Solar LLC,Lamar,Texas,Tap 345kV 1692 PARIS_SW1_5 -- 11699 WOODARD_5,,Solar - Photovoltaic Solar,115.61,,,2022-11-23,Completed,2027-07-12,,,,Solar,Photovoltaic Solar,"SS Completed, FIS Started, IA",2022-11-23,2023-02-17,2022-11-09 00:00:00.000,,No,2024-12-09,Not Required,Not Required,Not Required,,,NORTH,,,
25INR0165,Timberlakes Solar,Donegalsol ,Dickens,Texas,59904 Cottonwood 345kV,,Solar - Photovoltaic Solar,200.71,,,2022-11-07,Active,2028-11-15,,,,Solar,Photovoltaic Solar,"SS Completed, FIS Started, No IA",2022-11-07,2023-02-03,2022-09-02 00:00:00.000,,,,,,Not Required,,,PANHANDLE,,,
25INR0166,Compadre Solar II,"Hill Solar II, LLC",Hill,Texas,Tap 345kV 68090 Sam Switch – 3389 Fort Smith,,Solar - Photovoltaic Solar,201.4,,,2022-09-15,Completed,2026-10-01,,,2026-07-16,Solar,Photovoltaic Solar,"SS Completed, FIS Completed, IA",2022-09-15,2022-12-13,2023-03-07 00:00:00.000,2025-06-16,,2024-12-24,,,Not Required,2025-03-04 00:00:00,2025-12-16 00:00:00,NORTH,2026-04-27,2026-07-16,
25INR0168,Piedra Solar,"Piedra Solar, LLC",Freestone,Texas,Tap 345-kV line Navarro (68091) – Limestone (46020)) ,,Solar - Photovoltaic Solar,281.7,,,2022-09-02,Completed,2027-01-15,,,2026-08-26,Solar,Photovoltaic Solar,"SS Completed, FIS Completed, IA",2022-09-02,2022-11-30,2023-03-07 00:00:00.000,2025-09-17,No,2024-07-02,Not Required,,Not Required,2025-09-17 00:00:00,2025-10-30 00:00:00,NORTH,2026-07-27,2026-08-26,
25INR0169,Piedra BESS,"Piedra Solar, LLC",Freestone,Texas,Tap 345-kV line Navarro (68091) – Limestone (46020),,Other - Battery Energy Storage,103.65,,,2022-09-02,Completed,2027-12-01,,,,Other,Battery Energy Storage,"SS Completed, FIS Completed, IA",2022-09-02,2022-11-30,2023-03-07 00:00:00.000,2025-09-18,,2024-07-02,Not Required,,2025-09-19 00:00:00,2025-09-18 00:00:00,,NORTH,,,
25INR0170,Pinewood Solar,"Brazoria Solar II, LLC",Brazoria,Texas,43020 Seabreeze 345kV,,Solar - Photovoltaic Solar,150.68,,,2022-09-02,Completed,2028-02-29,,,,Solar,Photovoltaic Solar,"SS Completed, FIS Started, IA",2022-09-02,2022-11-30,2023-06-20 00:00:00.000,,,2025-05-08,,,Not Required,,,COASTAL,,,
25INR0172,Wolf Spring Solar,"Wolf Spring Solar, LLC",Dickens,Texas,Tap 345kV 59904 Cotton Wood - 23922 White River Ckt 1,,Solar - Photovoltaic Solar,195.8,,,2022-12-07,Completed,2028-08-25,,,,Solar,Photovoltaic Solar,"SS Completed, FIS Completed, IA",2022-12-07,2023-03-06,2022-11-30 00:00:00.000,2026-01-09,No,2024-08-14,Not Required,Not Required,Not Required,,,PANHANDLE,,,
25INR0173,Wolf Spring Storage,"Wolf Spring Solar, LLC",Dickens,Texas,Tap 345kV 59904 Cotton Wood - 23922 White River Ckt 1,,Other - Battery Energy Storage,202.7,,,2022-12-15,Completed,2028-08-25,,,,Other,Battery Energy Storage,"SS Completed, FIS Completed, IA",2022-12-15,2023-03-13,2022-12-07 00:00:00.000,2026-01-09,No,2024-08-14,Not Required,Not Required,2025-09-15 00:00:00,,,PANHANDLE,,,
25INR0174,Concho Pearl Solar,"Concho Pearl Solar, LLC",Concho,Texas,Tap 345kV 76009 Twin Buttes - 7077 Amos Creek ,,Solar - Photovoltaic Solar,171.9,,,2022-12-07,Completed,2028-01-09,,,,Solar,Photovoltaic Solar,"SS Completed, FIS Started, IA",2022-12-07,2023-03-06,2022-11-30 00:00:00.000,,,2024-07-22,Not Required,Not Required,Not Required,,,WEST,,,
25INR0175,Concho Pearl Storage,"Concho Pearl Solar, LLC",Concho,Texas,Tap 345kV 76009 Twin Buttes - 7077 Amos Creek ,,Other - Battery Energy Storage,162.4,,,2022-12-15,Completed,2028-01-09,,,,Other,Battery Energy Storage,"SS Completed, FIS Started, IA",2022-12-15,2023-03-13,2022-12-07 00:00:00.000,,,2024-07-22,Not Required,Not Required,2025-09-15 00:00:00,,,WEST,,,
25INR0176,Masava Storage,"Savannah Oaks Solar Project, LLC",Madison,Texas,tap 345 kV 46020 Limestone Plant - 967 Gibbons Creek ckt 18,,Other - Battery Energy Storage,257.04,,,2022-09-02,Active,2028-09-30,,,,Other,Battery Energy Storage,"SS Completed, FIS Started, No IA",2022-09-02,2022-11-30,2022-08-17 00:00:00.000,,,,,,,,,NORTH,,,
25INR0177,Triangle Ranch Alpha,Triangle Ranch Wind,Cottle,Texas,Edith Clark 345 kV (#60500),,Wind - Wind Turbine,301.74,,,2022-10-06,Active,2029-07-01,,,,Wind,Wind Turbine,"SS Completed, FIS Started, No IA",2022-10-06,2022-12-29,2022-09-15 00:00:00.000,,,,,,Not Required,,,WEST,,,
25INR0178,Triangle Ranch Bravo,Triangle Ranch Wind,Cottle,Texas,Edith Clark 345 kV (#60500) ,,Wind - Wind Turbine,200.22,,,2022-10-06,Active,2028-07-01,,,,Wind,Wind Turbine,"SS Completed, FIS Started, No IA",2022-10-06,2022-12-29,2022-09-15 00:00:00.000,,,,,,Not Required,,,WEST,,,
25INR0184,Legato BESS,"Legato Storage, LLC",Wise,Texas,138kV #608 Crafton Substation - #620 Bowie Substation,,Other - Battery Energy Storage,202.65,,,2022-09-27,Active,2028-04-24,,,,Other,Battery Energy Storage,"SS Completed, FIS Completed, No IA",2022-09-27,2022-12-21,2023-02-09 01:22:37.000,2024-09-12,No,,,,,,,NORTH,,,
25INR0186,Moonlight Sonata BESS,"Samsung Solar Energy 2, LLC",Colorado,Texas,Altair (78118) – Nada (78103) 138KV,,Other - Battery Energy Storage,201.08,,,2022-09-27,Active,2028-07-01,,,,Other,Battery Energy Storage,"SS Completed, FIS Started, No IA",2022-09-27,2022-12-22,2023-06-20 00:00:00.000,,,,,,,,,SOUTH,,,
25INR0189,Staccato BESS,"Staccato Storage, LLC",Fayette,Texas,138kV WARDA #7312. ,,Other - Battery Energy Storage,201.8,,,2022-11-07,Completed,2027-05-28,,,,Other,Battery Energy Storage,"SS Completed, FIS Completed, IA",2022-11-07,2023-02-03,2022-12-15 00:00:00.000,2026-03-11,No,2024-08-27,Not Required,Not Required,,2026-05-01 00:00:00,2026-05-01 00:00:00,SOUTH,,,
25INR0190,Fortissimo BESS,"Fortissimo BESS, LCC",Montague,Texas,741 Dyemound 138kV,,Other - Battery Energy Storage,202.65,,,2022-10-18,Active,2028-04-24,,,,Other,Battery Energy Storage,"SS Completed, FIS Completed, No IA",2022-10-18,2023-01-13,2023-02-09 01:31:22.999,2024-09-12,No,,,,,,,NORTH,,,
25INR0192,Palmvalley Storage,Palm Valley BESS LLC,Hidalgo,Texas,Frontera (#8980),,Other - Battery Energy Storage,100.0,,,2022-09-27,Active,2027-05-01,,,,Other,Battery Energy Storage,"SS Completed, FIS Started, No IA",2022-09-27,2022-12-21,2022-09-16 00:00:00.000,,,,,,,,,SOUTH,,,
25INR0193,Nockenut Springs Solar 4,"Pecan Springs Energy, LLC",Gonzales,Texas,The 345 kV Elm Creek - South Texas Project Line (Bus #5133 - #5915),,Solar - Photovoltaic Solar,201.15,,,2022-09-15,Active,2029-06-05,,,,Solar,Photovoltaic Solar,"SS Completed, FIS Started, No IA",2022-09-15,2022-12-13,2022-08-31 00:00:00.000,,,,,,Not Required,,,SOUTH,,,
25INR0194,Photo Solar 1,CED Development Inc.,Uvalde,Texas,5885 Downie 138kV,,Solar - Photovoltaic Solar,150.0,,,2022-09-15,Active,2028-05-31,,,,Solar,Photovoltaic Solar,"SS Completed, FIS Started, No IA",2022-09-15,2022-12-13,2022-09-15 00:00:00.000,,,,,,Not Required,,,SOUTH,,,
25INR0195,Photo Solar 2,CED Development Inc.,Uvalde,Texas,5885 Downie 138kV,,Solar - Photovoltaic Solar,300.0,,,2022-09-15,Active,2028-05-31,,,,Solar,Photovoltaic Solar,"SS Completed, FIS Started, No IA",2022-09-15,2022-12-13,2022-09-15 00:00:00.000,,,,,,Not Required,,,SOUTH,,,
25INR0196,Inadale Solar,"Inadale Solar, LLC",Scurry,Texas,Tap 345 kV TONKAWAW_5 (11048) – SCURCNTYS_5 (11318) Circuit #2,,Solar - Photovoltaic Solar,281.03,,,2023-02-20,Active,2029-03-02,,,,Solar,Photovoltaic Solar,"SS Completed, FIS Completed, No IA",2023-02-20,2023-05-19,2023-02-08 00:00:00.000,2026-08-03,No,,,,Not Required,,,WEST,,,
25INR0197,Inadale BESS,"Inadale BESS, LLC",Scurry,Texas,Tap 345 kV TONKAWAW_5 (11048) – SCURCNTYS_5 (11318) Circuit #2,,Other - Battery Energy Storage,287.16,,,2023-02-20,Active,2029-03-02,,,,Other,Battery Energy Storage,"SS Completed, FIS Started, No IA",2023-02-20,2023-05-19,2023-02-16 00:00:00.000,,No,,,,,,,WEST,,,
25INR0199,Bonham Solar SLF,J&J Solar Ranch LLC,Limestone,Texas,TAP 138 kV MEXIA_2_1_8 3632 - GROES_SE1_8 3634,,Solar - Photovoltaic Solar,138.4,,,2022-11-15,Completed,2027-04-06,,,,Solar,Photovoltaic Solar,"SS Completed, FIS Completed, IA",2022-11-15,2023-02-09,2022-10-31 00:00:00.000,2026-06-26,No,2024-08-07,Not Required,Not Required,Not Required,2025-05-09 00:00:00,2026-07-20 00:00:00,NORTH,,,
25INR0202,East West BESS,"East West Energy Storage, LLC ",Kerr,Texas,7750 LCRA MOUNTAIN HOME SUB,,Other - Battery Energy Storage,122.6,,,2022-10-06,Completed,2028-03-17,,,,Other,Battery Energy Storage,"SS Completed, FIS Started, IA",2022-10-06,2022-12-29,2022-09-27 00:00:00.000,,,2024-07-12,Not Required,Not Required,,,,SOUTH,,,
25INR0204,Cedar Range Solar,"Cedar Range, LLC",Hopkins,Texas,“Sweet Tea” 345 kV switchyard that taps the Allen Switch – Stouts Creek 345 kV Line,,Solar - Photovoltaic Solar,150.64,,,2022-09-21,Completed,2027-09-17,,,,Solar,Photovoltaic Solar,"SS Completed, FIS Started, IA",2022-09-21,2022-12-19,2022-11-03 00:00:00.000,,,2025-07-02,,,Not Required,,,NORTH,,,
25INR0207,Shadow Ranch Solar,LectricWind LLC,Upton,Texas,842 King Mountain 345kV,,Solar - Photovoltaic Solar,807.61,,,2022-09-27,Active,2030-06-01,,,,Solar,Photovoltaic Solar,"SS Completed, FIS Started, No IA",2022-09-27,2023-01-12,2023-07-11 00:00:00.000,,,,,,Not Required,,,WEST,,,
25INR0214,Burgos Solar,"Twin Oaks Solar, LLC",Milam,Texas,3701 Rookie Switch 138 kV,,Solar - Photovoltaic Solar,105.52,,,2022-10-18,Active,2027-11-22,,,,Solar,Photovoltaic Solar,"SS Completed, FIS Completed, No IA",2022-10-18,2023-01-13,2023-03-03 00:00:00.000,2026-05-14,,,,,Not Required,,,SOUTH,,,
25INR0216,Blue Sky Storage SLF," UKA North America, LLC",Crockett,Texas,138 kV Friend Ranch (Bus# 6562),,Other - Battery Energy Storage,0.0,,,2022-10-24,Active,2028-06-30,,,,Other,Battery Energy Storage,"SS Completed, FIS Started, No IA",2022-10-24,2023-01-22,2022-10-14 00:00:00.000,,,,,,,,,WEST,,,
25INR0220,Hector Solar,"Hector Solar, LLC",Navarro,Texas,Haney (213) - Hubbard_8 (3515) 138kV Line,,Solar - Photovoltaic Solar,81.59,,,2022-10-24,Active,2028-10-08,,,,Solar,Photovoltaic Solar,"SS Completed, FIS Started, No IA",2022-10-24,2023-01-20,,,No,,,,Not Required,,,NORTH,,,
25INR0221,Hector Storage,"Hector Solar, LLC",Navarro,Texas,Haney (213) - Hubbard_8 (3515) 138kV Line,,Other - Battery Energy Storage,42.69,,,2022-10-24,Active,2028-10-08,,,,Other,Battery Energy Storage,"SS Completed, FIS Started, No IA",2022-10-24,2023-01-20,2023-01-02 00:00:00.000,,No,,,,,,,NORTH,,,
25INR0225,Lucy Solar,Concho County Solar 1 LLC,Concho,Texas,Tap 345kV 7077 Amos Creek - 6444 San Angelo Red Creek and 7077 Amos Creek - 76009 Twin Buttes,,Solar - Photovoltaic Solar,352.21,,,2023-06-28,Completed,2027-06-30,,,,Solar,Photovoltaic Solar,"SS Completed, FIS Completed, IA",2023-06-28,2023-09-20,2023-06-08 00:00:00.000,2026-06-08,Yes,2024-05-29,Not Required,Not Required,Not Required,2026-07-15 00:00:00,2026-07-15 00:00:00,WEST,,,
25INR0227,SERENGETI SOLAR,Abei Energy Green XIV LLC,Delta,Texas,Tap 138kV Enloe Tap (bus# 11806) – Delta sub (bus# 1802),,Solar - Photovoltaic Solar,76.18,,,2022-12-07,Completed,2028-09-18,,,,Solar,Photovoltaic Solar,"SS Completed, FIS Completed, IA",2022-12-07,2023-03-06,2022-11-18 00:00:00.000,2026-04-03,No,2025-12-30,,,Not Required,,,NORTH,,,
25INR0229,OCI Cobb Creek Solar,Hillsboro Solar Project LLC,Hill,Texas,tap 345kV 1907 Venus - 68090 Sam Sw,,Solar - Photovoltaic Solar,203.1,,,2022-11-15,Completed,2027-12-31,,,,Solar,Photovoltaic Solar,"SS Completed, FIS Completed, IA",2022-11-15,2023-02-09,2022-11-09 00:00:00.000,2024-05-06,No,2024-07-24,Not Required,Not Required,Not Required,2025-06-11 00:00:00,,NORTH,,,
25INR0230,Great Rock BESS,Great Rock Storage LLC,Leon,Texas,Tap 345kV 46020 Limestone - 967 Gibbon Creek Ckt 18,,Other - Battery Energy Storage,300.9,,,2022-11-07,Completed,2027-12-20,,,,Other,Battery Energy Storage,"SS Completed, FIS Started, IA",2022-11-07,2023-02-04,2022-10-19 00:00:00.000,,No,2024-08-23,,,,,,NORTH,,,
25INR0231,Apache Hill BESS,APACHE HILL ENERGY CENTER,Hood,Texas,363 Hood 138kV,,Other - Battery Energy Storage,201.15,,,2022-11-07,Completed,2026-10-31,,,,Other,Battery Energy Storage,"SS Completed, FIS Completed, IA",2022-11-07,2023-02-03,2022-10-25 00:00:00.000,2026-03-10,No,2024-06-26,Not Required,Not Required,,2024-07-17 00:00:00,2026-05-01 00:00:00,NORTH,,,
25INR0232,Isaac Solar,Industrial Bravo Project LLC,Matagorda,Texas,8114 Conoco 138kV ,,Solar - Photovoltaic Solar,50.73,,,2022-11-07,Completed,2027-04-15,,,,Solar,Photovoltaic Solar,"SS Completed, FIS Completed, IA",2022-11-07,2023-02-03,2022-10-27 00:00:00.000,2025-12-18,No,2023-10-18,Not Required,Not Required,Not Required,2023-10-31 00:00:00,2026-01-29 00:00:00,COASTAL,,,
25INR0233,OCI Cobb Creek ESS,Hillsboro Solar Project LLC,Hill,Texas,tap 345kV 1907 Venus - 68090 Sam Sw,,Other - Battery Energy Storage,201.6,,,2022-12-07,Completed,2028-12-31,,,,Other,Battery Energy Storage,"SS Completed, FIS Completed, IA",2022-12-07,2023-03-04,2022-11-23 00:00:00.000,2024-05-06,No,2024-07-24,Not Required,,,2025-06-11 00:00:00,,NORTH,,,
25INR0235,Austin Bayou Storage I,"Austin Bayou Solar, LLC",Brazoria,Texas,Tap 345 kV Savana 43180 to Seabreeze 43020 - Ckt 27,,Other - Battery Energy Storage,150.68,,,2023-03-08,Completed,2027-06-01,,,,Other,Battery Energy Storage,"SS Completed, FIS Started, IA",2023-03-08,2023-06-05,2023-02-23 00:00:00.000,,,2025-02-14,Not Required,Not Required,,,,COASTAL,,,
25INR0236,Austin Bayou Storage II,"Austin Bayou Solar, LLC",Brazoria,Texas,Tap to CKT#27 from Savana (Bus# 43180) to Oasis (Bus# 43035) – 345 kV Line,,Other - Battery Energy Storage,156.6,,,2023-03-08,Completed,2027-06-01,,,,Other,Battery Energy Storage,"SS Completed, FIS Started, IA",2023-03-08,2023-06-05,2023-02-23 00:00:00.000,,,2025-02-14,Not Required,Not Required,,,,COASTAL,,,
25INR0237,Austin Bayou Storage III,"Austin Bayou Solar, LLC",Brazoria,Texas,Tap 345 kV Savana 43180 to Seabreeze 43020 - Ckt 27,,Other - Battery Energy Storage,156.6,,,2023-03-08,Completed,2027-06-01,,,,Other,Battery Energy Storage,"SS Completed, FIS Started, IA",2023-03-08,2023-06-05,2023-02-23 00:00:00.000,,,2025-02-14,Not Required,Not Required,,,,COASTAL,,,
25INR0238,Little Ridge Storage,TX BESS B LLC,Collin,Texas,Tap 138kV Swindell (812) - Olinger (818),,Other - Battery Energy Storage,252.0,,,2023-05-15,Active,2027-09-01,,,,Other,Battery Energy Storage,"SS Completed, FIS Started, No IA",2023-05-15,2023-08-11,2023-04-25 00:00:00.000,,,,,,,,,NORTH,,,
25INR0239,Big Five Storage,TX BESS 3 LLC,Hidalgo,Texas,"Tap 138kV (5784) Redgtss - (8380) Nedina 
",,Other - Battery Energy Storage,102.18,,,2023-05-26,Active,2028-01-15,,,,Other,Battery Energy Storage,"SS Completed, FIS Started, No IA",2023-05-26,2023-08-17,2023-05-22 00:00:00.000,,,,,,,,,SOUTH,,,
25INR0241,Halcon Storage,TX BESS A LLC,Starr,Texas,"Tap 138kV 8957 Central Lopeno - 80106 Falcon Dam
",,Other - Battery Energy Storage,132.65,,,2023-05-22,Active,2028-05-15,,,,Other,Battery Energy Storage,"SS Completed, FIS Started, No IA",2023-05-22,2023-08-17,2023-04-24 00:00:00.000,,,,,,,,,SOUTH,,,
25INR0242,Pato Blanco Storage,"TX BESS 4, LLC",Fort Bend,Texas,Tap 138 kV 44010 W A Parish - 42980 NASH___S02_8,,Other - Battery Energy Storage,71.34,,,2023-05-15,Active,2028-12-15,,,,Other,Battery Energy Storage,"SS Completed, FIS Completed, No IA",2023-05-15,2023-08-11,2023-04-24 00:00:00.000,2025-09-12,,,,,,,,HOUSTON,,,
25INR0246,VALDIVIAN SOLAR,Abei Energy Green III LLC,Hunt,Texas,138kV 1816 Commerce Switch - 1809 Wolf City ,,Solar - Photovoltaic Solar,74.9,,,2023-02-27,Active,2028-09-22,,,,Solar,Photovoltaic Solar,"SS Completed, FIS Started, No IA",2023-02-27,2023-05-26,2023-02-22 00:00:00.000,,,,,,Not Required,,,NORTH,,,
25INR0247,Bluebonnet Prairie Wind,"Bluebonnet Prairie Wind, LLC",Navarro,Texas,Tap 138kV 200 CHATFIELD - 3454 MONTFTSS__8,,Wind - Wind Turbine,180.0,,,2022-12-07,Completed,2028-07-15,,,,Wind,Wind Turbine,"SS Completed, FIS Started, IA",2022-12-07,2023-03-06,2022-11-23 00:00:00.000,,No,2025-07-03,,,Not Required,,,NORTH,,,
25INR0248,Strawberry Acres Storage,"Strawberry Acres Energy Center, LLC",Wilson,Texas,5132 Eagle Creek Substation 138kV ,,Other - Battery Energy Storage,156.73,,,2022-11-23,Active,2028-09-30,,,,Other,Battery Energy Storage,"SS Completed, FIS Completed, No IA",2022-11-23,2023-02-17,2022-11-15 00:00:00.000,2025-10-27,No,,,,,,,SOUTH,,,
25INR0253,Whiskey BESS,Whiskey BESS LLC,Van Zandt,Texas,6828 Canton Tap 138 kV ,,Other - Battery Energy Storage,153.72,,,2022-12-07,Completed,2027-07-31,,,,Other,Battery Energy Storage,"SS Completed, FIS Completed, IA",2022-12-07,2023-03-06,2023-05-02 00:00:00.000,2024-06-03,,2025-03-28,Not Required,Not Required,,,,NORTH,,,
25INR0262,Shepard Energy Storage,Shepard Energy Storage LLC,Galveston,Texas,# 38900 Hidden Lakes - # 42015 PHR 138 KV ,,Other - Battery Energy Storage,256.79,,,2022-12-15,Completed,2028-06-30,,,,Other,Battery Energy Storage,"SS Completed, FIS Completed, IA",2022-12-15,2023-03-11,2022-12-09 00:00:00.000,2026-03-19,No,2024-01-17,Not Required,Not Required,,2025-02-12 00:00:00,,HOUSTON,,,
25INR0266,East Blackland Battery Storage SLF,"DERIVA ENERGY STORAGE, LLC",Travis,Texas,7337 Kimbro 138kV,,Other - Battery Energy Storage,75.0,,,2022-11-23,Active,2028-05-27,,,,Other,Battery Energy Storage,"SS Completed, FIS Started, No IA",2022-11-23,2023-02-17,2022-11-22 00:00:00.000,,,,,,,,,SOUTH,,,
25INR0270,Harryoung Solar,Gransolar Texas Four LLC,Cameron,Texas,"Tap 8319 Rio Hondo - SOUTH SANTA ROSA: 8359, 138kV",,Solar - Photovoltaic Solar,190.01,,,2022-11-23,Active,2028-05-15,,,,Solar,Photovoltaic Solar,"SS Completed, FIS Started, No IA",2022-11-23,2023-02-17,2023-08-14 00:00:00.000,,,,Not Required,Not Required,Not Required,,,COASTAL,,,
25INR0271,City Breeze BESS,City Breeze BESS LLC,Matagorda,Texas,8111 MAGILL4A 138KV,,Other - Battery Energy Storage,143.1,,,2022-12-15,Completed,2027-03-18,,,,Other,Battery Energy Storage,"SS Completed, FIS Completed, IA",2022-12-15,2023-03-11,2022-12-06 00:00:00.000,2026-06-02,No,2024-05-15,Not Required,Not Required,,2024-05-25 00:00:00,2026-07-30 00:00:00,COASTAL,,,
25INR0280,Nockenut Springs Solar 5,"Pecan Springs Energy, LLC",Gonzales,Texas,Tap 345 kV 5133 Elm Creek - 5915 South Texas Project,,Solar - Photovoltaic Solar,201.15,,,2023-02-09,Active,2029-06-05,,,,Solar,Photovoltaic Solar,"SS Completed, FIS Started, No IA",2023-02-09,2023-05-08,2023-01-27 00:00:00.000,,,,,,Not Required,,,SOUTH,,,
25INR0281,Cosper Solar,Gransolar Texas Twenty LLC,Bell,Texas,"Tap 138kV 115 Ding Dong - 3630 Copperas Cove Tu
",,Solar - Photovoltaic Solar,148.16,,,2023-01-03,Completed,2027-11-12,,,,Solar,Photovoltaic Solar,"SS Completed, FIS Completed, IA",2023-01-03,2023-03-30,2023-05-26 00:00:00.000,2024-11-01,,2025-07-31,Not Required,Not Required,Not Required,2025-08-18 00:00:00,,NORTH,,,
25INR0282,Hornet Solar II SLF,Hornet Solar II LLC,Swisher,Texas,Ozark Trail Switch 345kV substation (Bus #23901),,Solar - Photovoltaic Solar,201.49,,,2023-01-03,Completed,2028-07-31,,,,Solar,Photovoltaic Solar,"SS Completed, FIS Started, IA",2023-01-03,2023-03-29,2022-12-20 00:00:00.000,,No,2024-08-21,,,Not Required,2025-02-12 00:00:00,,PANHANDLE,,,
25INR0283,Hornet Storage II SLF,Hornet Storage II LLC,Swisher,Texas,Ozark Trail Switch 345kV substation (Bus # 23901),,Other - Battery Energy Storage,0.0,,,2023-01-03,Completed,2028-07-31,,,,Other,Battery Energy Storage,"SS Completed, FIS Started, IA",2023-01-03,2023-03-29,2022-12-20 00:00:00.000,,No,2024-08-21,,,,2025-02-12 00:00:00,,PANHANDLE,,,
25INR0286,Savannah Oaks Solar,Savannah Oaks Solar Project LLC,Madison,Texas,Tap 345kV 46020 Limestone Plant - 967 Gibbons Creek,,Solar - Photovoltaic Solar,201.19,,,2023-01-03,Active,2028-09-30,,,,Solar,Photovoltaic Solar,"SS Completed, FIS Started, No IA",2023-01-03,2023-03-30,2022-12-02 00:00:00.000,,,,,,Not Required,,,NORTH,,,
25INR0287,Hide Town Energy Storage,Hide Town Energy Storage LLC,Scurry,Texas,"18555 Union Switch 138 kV
",,Other - Battery Energy Storage,102.76,,,2023-01-17,Active,2029-10-11,,,,Other,Battery Energy Storage,"SS Completed, FIS Started, No IA",2023-01-17,2023-04-14,2024-08-28 00:00:00.000,,,,,,,,,WEST,,,
25INR0288,Buffalo Prairie Storage,"Buffalo Meadow Energy Center, LLC",Robertson,Texas,Tap 345kV 975 Jack Creek - 3400 Twin Oak,,Other - Battery Energy Storage,308.03,,,2023-01-03,Active,2028-09-30,,,,Other,Battery Energy Storage,"SS Completed, FIS Started, No IA",2023-01-03,2023-03-29,2022-12-02 00:00:00.000,,,,,,,,,NORTH,,,
25INR0293,TOCE BESS 1,"TOCE BESS 1, LLC",Wharton,Texas,138 kV Danevang Switching Station (Bus# 5546),,Other - Battery Energy Storage,205.2,,,2023-10-13,Completed,2028-05-31,,,,Other,Battery Energy Storage,"SS Completed, FIS Completed, IA",2023-10-13,2024-01-10,2023-09-22 00:00:00.000,2024-11-07,,2024-12-30,Not Required,Not Required,,,,SOUTH,,,
25INR0297,RIVERBEND SOLAR SLF,"Riverbend Renewables, LLC",Falls,Texas,"TAP 345 KV  LINE  FROM TRADINGHOUSE (#3405) TO TEMPLE PECAN CREEK (#3412) SUBSTATIONS
",,Solar - Photovoltaic Solar,301.6,,,2023-03-08,Active,2027-12-31,,,,Solar,Photovoltaic Solar,"SS Completed, FIS Started, No IA",2023-03-08,2023-06-05,2023-03-03 00:00:00.000,,,,,,Not Required,,,NORTH,,,
25INR0301,Van Zandt Energy Storage ,"Rocky Mountain Energy Holdings, LLC",Ector,Texas,1027 Odessa EHV Switch 138 kV,,Other - Battery Energy Storage,256.0,,,2023-06-07,Completed,2027-05-15,,,,Other,Battery Energy Storage,"SS Completed, FIS Completed, IA",2023-06-07,2023-09-01,2023-04-05 00:00:00.000,2024-11-18,No,2025-03-03,,,,,,WEST,,,
25INR0304,Flying Kite Solar,FLYING KITE SOLAR LLC,Zavala,Texas,Tap the 138 kV La Pryor (#8008) - Poblano (#8009),,Solar - Photovoltaic Solar,80.38,,,2023-04-07,Completed,2027-12-30,,,,Solar,Photovoltaic Solar,"SS Completed, FIS Started, IA",2023-04-07,2023-07-05,2023-03-17 00:00:00.000,,,2024-10-02,,,Not Required,,,SOUTH,,,
25INR0306,Red Top Solar I,"Cat Red Top Solar, LLC",Young,Texas,Tap 138kV 1431 Graham SES - Short Grass 11525,,Solar - Photovoltaic Solar,200.59,,,2023-01-17,Active,2029-04-20,,,,Solar,Photovoltaic Solar,"SS Completed, FIS Completed, No IA",2023-01-17,2023-04-14,2023-10-12 00:00:00.000,2026-01-07,,,Not Required,Not Required,Not Required,,,WEST,,,
25INR0310,IEP Blackhawk,"IEP Texas Verde II, llc",Galveston,Texas,38740 Heights Substation 138kV ,,Other - Battery Energy Storage,100.0,,,2023-04-07,Active,2026-12-01,,,,Other,Battery Energy Storage,"SS Completed, FIS Started, No IA",2023-04-07,2023-07-05,2023-03-08 00:00:00.000,,,,,,,,,HOUSTON,,,
25INR0311,RIVERBEND STORAGE SLF,"Riverbend Renewables, LLC",Falls,Texas,TAP 345 KV LINE FROM TRADINGHOUSE (#3405) TO TEMPLE PECAN CREEK (#3412) SUBSTATIONS,,Other - Battery Energy Storage,0.0,,,2023-03-08,Active,2027-12-31,,,,Other,Battery Energy Storage,"SS Completed, FIS Completed, No IA",2023-03-08,2023-06-05,2023-03-03 00:00:00.000,2024-07-23,,,,,,,,NORTH,,,
25INR0319,Northington Solar,"Northington Solar, LLC",Wharton,Texas,The 138 kV El Campo (#8102) - Pulsar (#8192) Line; AEP. ,,Solar - Photovoltaic Solar,125.9,,,2023-02-20,Completed,2028-03-14,,,,Solar,Photovoltaic Solar,"SS Completed, FIS Started, IA",2023-02-20,2023-05-19,2023-02-02 00:00:00.000,,No,2024-10-02,Not Required,,Not Required,2025-02-12 00:00:00,,SOUTH,,,
25INR0321,El Molino Solar SLF,"El Molino Solar, LLC",Webb,Texas,Tap 138kV 80439 LaQuinta - 8297 Bruni 8297,,Solar - Photovoltaic Solar,201.32,,,2023-01-17,Active,2029-09-01,,,,Solar,Photovoltaic Solar,"SS Completed, FIS Started, No IA",2023-01-17,2023-04-14,2023-03-31 00:00:00.000,,No,,,,Not Required,,,SOUTH,,,
25INR0322,El Molino Storage SLF,"El Molino Solar, LLC",Webb,Texas,Tap 138kV 80439 LaQuinta - 8297 Bruni 8297,,Other - Battery Energy Storage,0.0,,,2023-01-17,Active,2029-09-01,,,,Other,Battery Energy Storage,"SS Completed, FIS Started, No IA",2023-01-17,2023-04-14,2023-01-13 00:00:00.000,,No,,,,,,,SOUTH,,,
25INR0329,Lynx Energy Storage,"Corpus Battery Storage, LLC",Nueces,Texas,138KV Tap 8921 Terra Verde - 8518 Kingsville,,Other - Battery Energy Storage,125.3,,,2023-03-08,Completed,2026-05-01,,,2026-04-07,Other,Battery Energy Storage,"SS Completed, FIS Completed, IA",2023-03-08,2023-06-01,2023-03-01 00:00:00.000,2025-08-22,No,2024-04-09,Not Required,Not Required,,2025-02-12 00:00:00,2025-10-23 00:00:00,COASTAL,2026-03-19,2026-04-07,
25INR0330,Clutch City Solar Phase II,"HZ SOLAR I, LLC",Brazoria,Texas,tap 138kV 42960 Mustang Bayou – 42100 Hudson CKT#04,,Solar - Photovoltaic Solar,251.27,,,2023-02-20,Completed,2028-07-01,,,,Solar,Photovoltaic Solar,"SS Completed, FIS Started, IA",2023-02-20,2023-05-20,2023-02-10 00:00:00.000,,,2025-02-11,,,Not Required,,,COASTAL,,,
25INR0331,Buffalo Meadow Solar,"Buffalo Meadow Energy Center, LLC",Robertson,Texas,Tap Jack Creek (975) - Twin Oak (3400) 345kV line,,Solar - Photovoltaic Solar,251.27,,,2023-02-27,Active,2028-09-30,,,,Solar,Photovoltaic Solar,"SS Completed, FIS Started, No IA",2023-02-27,2023-05-26,2023-01-27 00:00:00.000,,,,,,Not Required,,,NORTH,,,
25INR0334,Star Dairy Storage,Star Dairy Storage,Lamar,Texas,Tap 345kV 1692 PARIS_SW1_5 -- 11699 WOODARD_5,,Other - Battery Energy Storage,205.24,,,2023-04-19,Completed,2027-07-12,,,,Other,Battery Energy Storage,"SS Completed, FIS Started, IA",2023-04-19,2023-07-14,2023-04-11 00:00:00.000,,No,2024-12-09,Not Required,Not Required,,,,NORTH,,,
25INR0337,Butcherbird Solar,"Butcherbird Solar, LLC",Bell,Texas,Tap 138 kV - Bell County #133 to Bartlett Switch #114,,Solar - Photovoltaic Solar,116.0,,,2023-12-18,Active,2029-01-31,,,,Solar,Photovoltaic Solar,"SS Completed, FIS Completed, No IA",2023-12-18,2024-03-15,2023-12-06 00:00:00.000,2025-12-02,,,Not Required,Not Required,Not Required,,,NORTH,,,
25INR0338,Les Energy Storage,"Rocky Mountain Energy Development, LLC",Howard,Texas,Tap 138 kV 1326 Stanton East – 11324 Leatherwood Pod,,Other - Battery Energy Storage,205.13,,,2023-02-09,Active,2028-04-30,,,,Other,Battery Energy Storage,"SS Completed, FIS Completed, No IA",2023-02-09,2023-05-05,2023-02-17 00:00:00.000,2025-06-09,,,,,,,,WEST,,,
25INR0339,Fort Concho Energy storage  ,"Rocky Mountain Energy Development, LLC",Tom Green,Texas,Tap 138 kV #76320 Schkade -  #76011 Twin Buttes Line; LCRA,,Other - Battery Energy Storage,251.15,,,2023-01-30,Active,2028-12-31,,,,Other,Battery Energy Storage,"SS Completed, FIS Started, No IA",2023-01-30,2023-04-28,2023-02-17 00:00:00.000,,,,,,,,,WEST,,,
25INR0341,Rosebud Storage SLF,"Rosebud Storage, LLC",Falls,Texas,Tap 69 kV 67 BAGGINS - 69 BARCLAY,,Other - Battery Energy Storage,0.0,,,2023-03-09,Active,2028-01-15,,,,Other,Battery Energy Storage,"SS Completed, FIS Completed, No IA",2023-03-09,2023-06-05,2023-12-04 00:00:00.000,2025-10-20,,,,,,,,NORTH,,,
25INR0342,Nickel Spruce Solar,Nickel Spruce Solar LLC,Leon,Texas,Tap 138kV 6735 Pleasant Springs Switching Station - 6736 Middl,,Solar - Photovoltaic Solar,150.0,,,2023-01-30,Active,2027-12-15,,,,Solar,Photovoltaic Solar,"SS Completed, FIS Started, No IA",2023-01-30,2023-04-28,2023-10-31 17:42:30.999,,,,,,Not Required,,,NORTH,,,
25INR0346,Cado Storage,"Cado Storage, LLC",Bexar,Texas,Tap 138 kV Line from Braunig East (#5030) to Highland Hills (#5205) Ckt. 1,,Other - Battery Energy Storage,205.51,,,2023-03-13,Active,2030-06-08,,,,Other,Battery Energy Storage,"SS Completed, FIS Completed, No IA",2023-03-13,2023-06-09,2023-03-07 00:00:00.000,2026-08-03,No,,,,,,,SOUTH,,,
25INR0347,Cadet Storage,"TX BESS 5, LLC",Brazos,Texas,Tap 69kV 32864 BRYN_ATK69 to 32873 BRYN SHADY,,Other - Battery Energy Storage,104.42,,,2023-05-22,Active,2029-07-28,,,,Other,Battery Energy Storage,"SS Completed, FIS Started, No IA",2023-05-22,2023-08-18,2023-04-24 00:00:00.000,,,,,,,,,NORTH,,,
25INR0353,Marshall Spring Solar,"Marshall Springs Solar, LLC",Gillespie,Texas,"New POI station between 7132 L_GILLES8_1Y - 7126 L_FERGUS8_1Y 138kV line and 7132 L_GILLES8_1Y - 7128 L_HORSBA8_1Y 138kV line, then loop in both lines into the new POI station.",,Solar - Photovoltaic Solar,150.0,,,2023-02-20,Completed,2028-12-20,,,,Solar,Photovoltaic Solar,"SS Completed, FIS Started, IA",2023-02-20,2023-05-18,2023-09-27 00:00:00.000,,,2025-12-26,,,Not Required,,,SOUTH,,,
25INR0354,Marshall Spring Storage,"Marshall Springs Storage, LLC",Gillespie,Texas,"New POI station between 7132 L_GILLES8_1Y - 7126 L_FERGUS8_1Y 138kV line and 7132 L_GILLES8_1Y - 7128 L_HORSBA8_1Y 138kV line, then loop in both lines into the new POI station.",,Other - Battery Energy Storage,150.0,,,2023-02-20,Completed,2028-12-20,,,,Other,Battery Energy Storage,"SS Completed, FIS Started, IA",2023-02-20,2023-05-18,2023-09-27 00:00:00.000,,,2025-12-26,,,,,,SOUTH,,,
25INR0368,Echols Grove Solar,"Echols Grove, LLC",Lamar,Texas,Tap 138kV Hawk Hollow Switch (#11768) and Lamar Blossom Switch (#11770),,Solar - Photovoltaic Solar,201.56,,,2023-04-07,Completed,2028-01-28,,,,Solar,Photovoltaic Solar,"SS Completed, FIS Completed, IA",2023-04-07,2023-07-05,2023-03-22 00:00:00.000,2026-06-18,No,2024-07-06,Not Required,Not Required,Not Required,2026-07-08 00:00:00,,NORTH,,,
25INR0370,Willis Storage,Majewski Storage LLC,Rains,Texas,tap 138kV Emory North 3171 to Liberty POD 1723,,Other - Battery Energy Storage,176.13,,,2023-03-27,Completed,2028-05-31,,,,Other,Battery Energy Storage,"SS Completed, FIS Completed, IA",2023-03-27,2023-06-24,2023-03-13 00:00:00.000,2024-11-08,,2025-04-07,,,,2025-07-07 00:00:00,,NORTH,,,
25INR0371,McMurtre Storage,"BT McMurtre Storage, LLC",Hunt,Texas,tap 138kV 1819 Commerce South - 1815 Cumby Tap,,Other - Battery Energy Storage,176.13,,,2023-03-13,Completed,2027-12-31,,,,Other,Battery Energy Storage,"SS Completed, FIS Completed, IA",2023-03-13,2023-06-09,2023-03-06 00:00:00.000,2024-07-08,,2025-09-17,,,,,,NORTH,,,
25INR0372,Elan BESS,"Elan BESS, LLC",Fort Bend,Texas,42380 Needville 138kV,,Other - Battery Energy Storage,202.65,,,2023-03-08,Active,2026-12-31,,,,Other,Battery Energy Storage,"SS Completed, FIS Completed, No IA",2023-03-08,2023-06-05,2023-02-15 00:00:00.000,2024-03-21,,,,,,,,HOUSTON,,,
25INR0375,NavBoot BESS,Navboot BESS LLC,Nueces,Texas,8858 MCKENZIE4A 138kV,,Other - Battery Energy Storage,303.7,,,2023-03-13,Completed,2027-11-11,,,,Other,Battery Energy Storage,"SS Completed, FIS Started, IA",2023-03-13,2023-06-09,2023-03-10 00:00:00.000,,No,2025-10-20,,,,,,COASTAL,,,
25INR0376,Hawkins BESS,"BRP BLUE TOPAZ 7, LLC",Hidalgo,Texas,85005 ELGATO4A 138 kV,,Other - Battery Energy Storage,150.43,,,2023-05-03,Active,2028-01-16,,,,Other,Battery Energy Storage,"SS Completed, FIS Started, No IA",2023-05-03,2023-07-28,2023-04-19 00:00:00.000,,,,,,,,,SOUTH,,,
25INR0377,Proteus Vernon Solar SLF,Vernon Solar and Storage LLC (a Delaware LLC),Wilbarger,Texas,6060 Vernon 138kV,,Solar - Photovoltaic Solar,75.0,,,2023-03-27,Active,2029-02-18,,,,Solar,Photovoltaic Solar,"SS Completed, FIS Started, No IA",2023-03-27,2023-06-19,2023-07-03 00:00:00.000,,,,,,Not Required,,,WEST,,,
25INR0378,Second Division Storage,"Mound Creek Storage, LLC",Brazoria,Texas,Tap 138 kV SANBER_POI_8 (Bus# 43110) to WEST COLUMBIA (Bus# 43380) Ckt 60 Line,,Other - Battery Energy Storage,0.0,,,2023-04-19,Active,2025-12-31,,,,Other,Battery Energy Storage,"SS Completed, FIS Started, No IA",2023-04-19,2023-07-13,2023-03-15 00:00:00.000,,,,,,,,,COASTAL,,,
25INR0379,Starr Storage ,"Falcon Lake Storage, LLC",Starr,Texas,8795 Roma 138kV,,Other - Battery Energy Storage,0.0,,,2023-06-28,Active,2028-03-29,,,,Other,Battery Energy Storage,"SS Completed, FIS Started, No IA",2023-06-28,2023-09-22,2023-03-08 00:00:00.000,,,,,,,,,SOUTH,,,
25INR0382,HappyDogSolar,Rosula Solar LLC,Milam,Texas,Tap 345kV 3704 Hog Creek Switch – 3687 Bell County East Switch,,Solar - Photovoltaic Solar,85.54,,,2023-06-07,Completed,2027-08-04,,,,Solar,Photovoltaic Solar,"SS Completed, FIS Completed, IA",2023-06-07,2023-09-01,2023-05-25 00:00:00.000,2025-01-07,No,2024-12-16,,,Not Required,,,SOUTH,,,
25INR0384,Zorro BESS ,ZORRO BESS LLC,Van Zandt,Texas,138 kV Ben Wheeler (Bus# 6852),,Other - Battery Energy Storage,153.69,,,2023-03-27,Completed,2027-08-31,,,,Other,Battery Energy Storage,"SS Completed, FIS Completed, IA",2023-03-27,2023-06-19,2023-06-02 00:00:00.000,2024-05-21,No,2025-03-28,Not Required,Not Required,,,,NORTH,,,
25INR0385,Bobcat Cameron BESS,"Bobcat BESS, LLC",Cameron,Texas,5764 East Rio Hondo Substation 138kV,,Other - Battery Energy Storage,200.78,,,2023-04-19,Active,2027-12-31,,,,Other,Battery Energy Storage,"SS Completed, FIS Started, No IA",2023-04-19,2023-07-14,2023-04-11 00:00:00.000,,,,,,,,,COASTAL,,,
25INR0389,Stoneridge BESS,"Stoneridge Solar, LLC",Milam,Texas,Tap 345 kV 13429 SANDOW SWITCH - 7040 AUSTROP CKT 2,,Other - Battery Energy Storage,101.9,,,2023-03-13,Completed,2026-12-31,,,2025-07-10,Other,Battery Energy Storage,"SS Completed, FIS Completed, IA",2023-03-13,2023-06-09,2023-03-09 00:00:00.000,2024-09-06,No,2024-04-19,Not Required,Not Required,,2025-01-28 00:00:00,2025-01-28 00:00:00,SOUTH,2025-06-26,2025-07-10,
25INR0391,Purple Sage BESS 1,"Purple Sage, LLC",Collin,Texas,Anna 345 kV Bus# 2373.,,Other - Battery Energy Storage,156.0,,,2023-03-08,Completed,2028-02-12,,,,Other,Battery Energy Storage,"SS Completed, FIS Completed, IA",2023-03-08,2023-06-05,2023-03-07 00:00:00.000,2024-03-20,No,2024-10-11,Not Required,Not Required,,2025-02-13 00:00:00,,NORTH,,,
25INR0392,Purple Sage BESS 2,"Purple Sage, LLC",Collin,Texas,Anna 345 kV Bus# 2373,,Other - Battery Energy Storage,156.0,,,2023-03-08,Completed,2028-02-12,,,,Other,Battery Energy Storage,"SS Completed, FIS Completed, IA",2023-03-08,2023-06-05,2023-03-07 00:00:00.000,2024-03-20,No,2024-10-11,Not Required,Not Required,,2025-02-13 00:00:00,,NORTH,,,
25INR0394,Orchard Ray BESS,Pettus BESS,Bee,Texas,8590 Tuleta 138kV,,Other - Battery Energy Storage,51.85,,,2023-06-07,Active,2027-05-01,,,,Other,Battery Energy Storage,"SS Completed, FIS Started, No IA",2023-06-07,2023-09-01,2023-05-31 00:00:00.000,,No,,,,,,,SOUTH,,,
25INR0395,Hinkell BESS,Reveille BESS,La Salle,Texas,8612 Reveille 138kV,,Other - Battery Energy Storage,78.05,,,2023-08-21,Active,2027-07-01,,,,Other,Battery Energy Storage,"SS Completed, FIS Started, No IA",2023-08-21,2023-11-17,2023-08-14 00:00:00.000,,No,,,,,,,SOUTH,,,
25INR0396,Stewart Grady BESS,Grady BESS,Martin,Texas,Tap 138kV 11368 Expanse Switch – 23841 Sale Ranch,,Other - Battery Energy Storage,150.5,,,2023-05-26,Active,2029-04-17,,,,Other,Battery Energy Storage,"SS Completed, FIS Started, No IA",2023-05-26,2023-08-22,2023-05-01 00:00:00.000,,No,,,,,,,WEST,,,
25INR0400,Maldives Solar,Maldives Solar LLC,Scurry,Texas,Galvani 345 kV station (Bus #59912),,Solar - Photovoltaic Solar,184.0,,,2023-07-18,Completed,2028-09-25,,,,Solar,Photovoltaic Solar,"SS Completed, FIS Started, IA",2023-07-18,2023-10-15,2023-07-05 00:00:00.000,,Yes,2023-12-01,,,Not Required,2024-07-17 00:00:00,,WEST,,,
25INR0401,WOE Gyp King Wind,"KSK Wind Farm 1, LLC",King,Texas,Tap 138kV 33798 GYP_18 – 6088 BENJ4A,,Wind - Wind Turbine,304.29,,,2023-04-19,Active,2030-08-31,,,,Wind,Wind Turbine,"SS Completed, FIS Started, No IA",2023-04-19,2023-07-12,2023-04-17 00:00:00.000,,,,,,Not Required,,,WEST,,,
25INR0402,Driet BESS,Driet BESS LLC,Colorado,Texas,7254 WEIMAR8 138kV,,Other - Battery Energy Storage,150.52,,,2023-06-07,Completed,2028-06-20,,,,Other,Battery Energy Storage,"SS Completed, FIS Started, IA",2023-06-07,2023-09-01,2023-05-31 00:00:00.000,,,2025-12-23,,,,,,SOUTH,,,
25INR0405,Pledgor BESS,Pledgor BESS,Matagorda,Texas,Tap Gulftie (43340) – Pledger (43120) circuit 60,,Other - Battery Energy Storage,100.33,,,2023-05-03,Active,2028-04-06,,,,Other,Battery Energy Storage,"SS Completed, FIS Completed, No IA",2023-05-03,2023-07-31,2023-04-25 00:00:00.000,2024-08-27,No,,,,,,,COASTAL,,,
25INR0414,Rogers Creek BESS,Dialville BESS,Cherokee,Texas,Tap 138 KV DailVille (3160) - Neches Pump (3296),,Other - Battery Energy Storage,100.33,,,2023-05-15,Active,2029-04-17,,,,Other,Battery Energy Storage,"SS Completed, FIS Started, No IA",2023-05-15,2023-08-11,2023-05-03 00:00:00.000,,No,,,,,,,NORTH,,,
25INR0416,Proteus Vernon Storage SLF,Vernon Solar and Storage LLC (a Delaware LLC),Wilbarger,Texas,6060 Vernon 138kV,,Other - Battery Energy Storage,0.0,,,2023-03-27,Active,2029-02-18,,,,Other,Battery Energy Storage,"SS Completed, FIS Started, No IA",2023-03-27,2023-06-19,2023-07-03 00:00:00.000,,,,,,,,,WEST,,,
25INR0417,Mesa View Storage,"Mesa View Storage, LLC",Upton,Texas,Tap 345 kV KINGMTSW (#842) to NORTMC (#76000),,Other - Battery Energy Storage,254.88,,,2023-04-19,Completed,2027-07-15,,,,Other,Battery Energy Storage,"SS Completed, FIS Completed, IA",2023-04-19,2023-07-12,2023-04-12 00:00:00.000,2026-06-11,No,2024-09-09,Not Required,Not Required,,2026-07-29 00:00:00,2026-07-29 00:00:00,WEST,,,
25INR0420,Houston BESS,SMT Houston,Harris,Texas,Tap 138 kV LAUDER (#46002) - RITTENHOUSE (#46282) ckt 95,,Other - Battery Energy Storage,227.9,,,2023-04-07,Active,2028-01-01,,,,Other,Battery Energy Storage,"SS Completed, FIS Completed, No IA",2023-04-07,2023-07-03,2023-03-28 00:00:00.000,2024-04-04,,,,,,,,HOUSTON,,,
25INR0421,Aldrin 138 BESS,Aldrin Energy Storage LLC,Brazoria,Texas,(Bus: 39015) North Alvin TNMP 138kV,,Other - Battery Energy Storage,207.0,,,2023-05-15,Completed,2028-03-01,,,,Other,Battery Energy Storage,"SS Completed, FIS Completed, IA",2023-05-15,2023-08-11,2023-05-04 00:00:00.000,2025-08-22,No,2024-04-18,Not Required,Not Required,,2024-05-06 00:00:00,,COASTAL,,,
25INR0422,Waterloo Solar 1,"Waterloo Solar 1, LLC",Bastrop,Texas,Tap 345-kV 7040 Austrop to 7042 Zorn ,,Solar - Photovoltaic Solar,200.64,,,2023-04-19,Completed,2027-12-01,,,,Solar,Photovoltaic Solar,"SS Completed, FIS Started, IA",2023-04-19,2023-07-12,2023-03-30 00:00:00.000,,,2024-09-04,,,Not Required,,,SOUTH,,,
25INR0425,Aldrin 345 BESS,Aldrin Energy Storage LLC,Brazoria,Texas,(Bus: 43030) Meadow 345kV substation,,Other - Battery Energy Storage,362.0,,,2023-05-15,Completed,2028-03-01,,,,Other,Battery Energy Storage,"SS Completed, FIS Completed, IA",2023-05-15,2023-08-11,2023-05-05 00:00:00.000,2025-04-21,No,2024-06-15,Not Required,Not Required,,2025-02-12 00:00:00,,COASTAL,,,
25INR0430,Hackberry Creek Solar,Hackberry Creek Solar LLC,Mitchell,Texas,tap 345kV 10053 Cattleman Switch  - 1058 Longshore Switch ,,Solar - Photovoltaic Solar,175.51,,,2023-07-31,Completed,2028-01-01,,,,Solar,Photovoltaic Solar,"SS Completed, FIS Completed, IA",2023-07-31,2023-10-27,2023-07-19 00:00:00.000,2025-10-22,,2025-12-02,,,Not Required,2026-03-17 00:00:00,,WEST,,,
25INR0432,Brotherton Storage,"BT Brotherton Storage, LLC",Anderson,Texas,6937 Tucker Sub 138kV ,,Other - Battery Energy Storage,176.13,,,2023-04-19,Completed,2027-05-01,,,,Other,Battery Energy Storage,"SS Completed, FIS Started, IA",2023-04-19,2023-07-13,2023-04-12 00:00:00.000,,No,2024-08-06,,,,2025-09-15 00:00:00,,NORTH,,,
25INR0434,Bluegill BESS,"Bluegill BESS, LLC",Harris,Texas,Tap 138 kV 40130 Atascocita - 40690 East Gate,,Other - Battery Energy Storage,251.0,,,2023-06-28,Active,2027-10-31,,,,Other,Battery Energy Storage,"SS Completed, FIS Started, No IA",2023-06-28,2023-09-21,2023-05-18 00:00:00.000,,No,,,,,,,HOUSTON,,,
25INR0439,Stephens Ranch Wind Repower ,"Stephens Ranch Wind Energy, LLC",Borden,Texas,59900 Long Draw 345 kV ,,Wind - Wind Turbine,12.4,,,2023-06-28,Active,2027-11-01,,,,Wind,Wind Turbine,"SS Completed, FIS Started, No IA",2023-06-28,2023-09-20,2023-05-15 00:00:00.000,,,,,,Not Required,,,WEST,,,
25INR0440,Bronc Rodeo Solar Project,Energiekontor US Texas SP 16 LLC,Falls,Texas,Tap 138 kV Line from Temple Pecan Creek (#3420) to the Cow Bayou Switch (#3385),,Solar - Photovoltaic Solar,105.7,,,2023-05-03,Active,2029-04-16,,,,Solar,Photovoltaic Solar,"SS Completed, FIS Started, No IA",2023-05-03,2023-07-28,2023-09-12 00:00:00.000,,,,Not Required,Not Required,Not Required,,,NORTH,,,
25INR0441,Dios BESS,"Dios BESS, LLC",Jackson,Texas,8117 GANADO138kV,,Other - Battery Energy Storage,201.08,,,2023-05-15,Completed,2027-12-31,,,,Other,Battery Energy Storage,"SS Completed, FIS Completed, IA",2023-05-15,2023-08-11,2023-05-08 00:00:00.000,2025-12-02,,2025-04-03,Not Required,Not Required,,2025-09-08 00:00:00,,SOUTH,,,
25INR0442,Happy Dog Storage,Rosula Storage LLC,Milam,Texas,Tap 345kV 3704 Hog Creek Switch – 3687 Bell County East Switch,,Other - Battery Energy Storage,104.52,,,2023-06-07,Completed,2027-08-04,,,,Other,Battery Energy Storage,"SS Completed, FIS Started, IA",2023-06-07,2023-09-01,2023-06-02 00:00:00.000,,No,2024-12-16,,,,,,SOUTH,,,
25INR0446,Guitar BESS,Guitar BESS LLC,Callahan,Texas,Tap 138kV 6275 ABEAST4A - 6670 PUTN4C,,Other - Battery Energy Storage,204.79,,,2023-05-15,Active,2027-12-31,,,,Other,Battery Energy Storage,"SS Completed, FIS Started, No IA",2023-05-15,2023-08-11,2024-04-03 00:00:00.000,,,,,,,,,WEST,,,
25INR0447,Waterloo BESS 1,"Waterloo BESS, LLC",Bastrop,Texas,Tap 345-kV 7040 Austrop to 7042 Zorn ,,Other - Battery Energy Storage,120.0,,,2023-05-15,Completed,2027-12-01,,,,Other,Battery Energy Storage,"SS Completed, FIS Started, IA",2023-05-15,2023-08-11,2023-05-03 00:00:00.000,,,2024-09-04,Not Required,Not Required,,,,SOUTH,,,
25INR0451,Tres Rios Ranch BESS,LectricWind LLC,Upton,Texas,76008 Twelvemile 345kV,,Other - Battery Energy Storage,290.0,,,2023-05-26,Completed,2027-12-31,,,,Other,Battery Energy Storage,"SS Completed, FIS Started, IA",2023-05-26,2023-08-22,2023-05-23 00:00:00.000,,,2025-12-30,,,,,,WEST,,,
25INR0458,Surfside Energy Storage,"Rocky Mountain Energy Holdings, LLC",Brazoria,Texas,Tap 138kV 42110 Angleton – 43150 Riwood ckt 82,,Other - Battery Energy Storage,50.34,,,2023-07-19,Active,2028-12-31,,,,Other,Battery Energy Storage,"SS Completed, FIS Started, No IA",2023-07-19,2023-10-10,2024-02-28 00:00:00.000,,,,Not Required,Not Required,,,,COASTAL,,,
25INR0460,Acker BESS,Ogallala BESS LLC,Castro,Texas,23912 Ogallala 345 kV,,Other - Battery Energy Storage,301.04,,,2023-06-07,Completed,2029-04-17,,,,Other,Battery Energy Storage,"SS Completed, FIS Started, IA",2023-06-07,2023-09-01,2023-05-09 00:00:00.000,,,2025-04-21,Not Required,Not Required,,,,PANHANDLE,,,
25INR0466,Yooperlite Storage,"BT Yooperlite Storage, LLC",Wise,Texas,Tap 138 kV 580 Westbrook Switch - 588 Willow,,Other - Battery Energy Storage,175.65,,,2023-06-28,Active,2028-05-31,,,,Other,Battery Energy Storage,"SS Completed, FIS Completed, No IA",2023-06-28,2023-09-20,2023-06-06 00:00:00.000,2025-05-19,No,,,,,,,NORTH,,,
25INR0473,Crowded Star I BESS,"Jones City Solar II, LLC",Jones,Texas,68014 Open Sky ,,Other - Battery Energy Storage,202.69,,,2023-08-21,Completed,2027-07-09,,,,Other,Battery Energy Storage,"SS Completed, FIS Completed, IA",2023-08-21,2023-11-02,2023-08-09 00:00:00.000,2025-11-10,,2025-12-01,,,,,,WEST,,,
25INR0474,Solheim Solar,"Solheim Solar, LLC",Bosque,Texas,Meridian (Bus# 315) - Glen Rose (Bus #319) 69 kV,,Solar - Photovoltaic Solar,108.68,,,2023-08-14,Active,2027-11-01,,,,Solar,Photovoltaic Solar,"SS Completed, FIS Completed, No IA",2023-08-14,2023-11-10,2024-03-21 00:00:00.000,2026-03-06,No,,,,Not Required,,,NORTH,,,
25INR0480,Bell Creek BESS ,"BELL CREEK BESS, LLC",Brazoria,Texas,Tap 138kV 39500 West Colombia - 39703 FM524,,Other - Battery Energy Storage,200.9,,,2023-06-28,Completed,2027-10-30,,,,Other,Battery Energy Storage,"SS Completed, FIS Completed, IA",2023-06-28,2023-09-21,2023-11-17 00:00:00.000,2024-05-16,,2024-11-14,,,,,,COASTAL,,,
25INR0482,Vault Solar,PPM THR Solar,Palo Pinto,Texas,Tap #331 Rwmiller - #320 Jaybird 138kV ,,Solar - Photovoltaic Solar,108.5,,,2023-06-28,Completed,2027-12-31,,,,Solar,Photovoltaic Solar,"SS Completed, FIS Completed, IA",2023-06-28,2023-09-20,2023-06-16 00:00:00.000,2024-12-02,No,2026-06-30,,,Not Required,,,NORTH,,,
25INR0489,Ranchero BESS,"Ranchero Battery Facility, LLC",Crockett,Texas,7053 Noelke 345 kV,,Other - Battery Energy Storage,150.0,,,2023-06-28,Active,2028-04-30,,,,Other,Battery Energy Storage,"SS Completed, FIS Started, No IA",2023-06-28,2023-09-22,2024-04-03 00:00:00.000,,,,,,,,,WEST,,,
25INR0491,Tarim BESS,BRP Tarim BESS LLC,Karnes,Texas,5727 Pawnee Switching Substation 138kV,,Other - Battery Energy Storage,201.0,,,2024-11-19,Active,2027-12-01,,,,Other,Battery Energy Storage,"SS Completed, FIS Started, No IA",2024-11-19,2025-02-14,2024-10-10 00:00:00.000,,,,,,,,,SOUTH,,,
25INR0492,Blue Summit Energy Storage,"NextEra Energy Interconnection Holdings, LLC   ",Wilbarger,Texas,61001 JIM TREECE 345kV,,Other - Battery Energy Storage,100.0,,,2023-10-20,Completed,2026-07-31,,,2026-02-03,Other,Battery Energy Storage,"SS Completed, FIS Completed, IA",2023-10-20,2024-01-16,2023-10-18 00:00:00.000,2025-05-08,No,2012-02-22,Not Required,Not Required,2023-10-26 00:00:00,2025-02-13 00:00:00,2025-07-28 00:00:00,WEST,2025-12-17,2026-02-03,
25INR0493,PHOTON SOLAR 1 2 SLF,"GulfStar Power, LLC",Wharton,Texas,44880 Waterh_POI_5 345kV,,Solar - Photovoltaic Solar,235.66,,,2024-09-02,Completed,2026-05-11,,,2024-10-31,Solar,Photovoltaic Solar,"SS Completed, FIS Completed, IA",2024-09-02,2021-02-02,2024-08-28 00:00:00.000,2022-11-28,,2021-10-01,,,Not Required,2021-11-05 00:00:00,2021-11-05 00:00:00,SOUTH,2024-10-15,2024-10-31,
25INR0494,Willow Beach Wind,"Capital Wind, LLC",Brazoria,Texas,Tap 138 kV Bus# 42100 HUD_8 – Bus# 42960 MUSTNG_S04_8 138kV CKT# 4,,Wind - Wind Turbine,202.33,,,2023-10-13,Completed,2027-10-01,,,,Wind,Wind Turbine,"SS Completed, FIS Completed, IA",2023-10-13,2024-01-10,2023-09-20 00:00:00.000,2024-11-18,,2025-06-16,,,Not Required,,,COASTAL,,,
25INR0495,Dolomite Storage,"BT Wilson Storage, LLC",Ellis,Texas,218 Rockett 69kV,,Other - Battery Energy Storage,125.7,,,2023-09-08,Active,2026-12-01,,,,Other,Battery Energy Storage,"SS Completed, FIS Started, No IA",2023-09-08,2023-12-04,2023-08-22 00:00:00.000,,No,,Not Required,Not Required,,,,NORTH,,,
25INR0497,Stegall Solar,"BT Martin Solar, LLC",Robertson,Texas,Elliott (Bus #53) to Franklin (Bus #57) 69kV Transmission Line,,Solar - Photovoltaic Solar,81.57,,,2023-08-21,Active,2027-05-30,,,,Solar,Photovoltaic Solar,"SS Completed, FIS Completed, No IA",2023-08-21,2023-11-06,2023-08-02 00:00:00.000,2025-08-06,No,,,,Not Required,,,NORTH,,,
25INR0498,Stegall Storage,"BT Martin Solar, LLC",Robertson,Texas,Tap connection to a new switching station on the Elliott (Bus #53) - Franklin (Bus #57) 69 kV Transmission Line ,,Other - Battery Energy Storage,50.47,,,2023-08-21,Active,2027-05-30,,,,Other,Battery Energy Storage,"SS Completed, FIS Completed, No IA",2023-08-21,2023-11-06,2023-08-15 00:00:00.000,2025-08-06,No,,,,,,,NORTH,,,
25INR0501,Longday Solar SLF,Longday Solar,Kinney,Texas,Tap138 kV 8252 Brackettville - 8260 Escondido,,Solar - Photovoltaic Solar,200.8,,,2023-07-31,Active,2027-12-15,,,,Solar,Photovoltaic Solar,"SS Completed, FIS Started, No IA",2023-07-31,2023-10-27,2023-07-20 00:00:00.000,,No,,Not Required,Not Required,Not Required,,,SOUTH,,,
25INR0502,Longday BESS SLF,Longday Solar,Kinney,Texas,Tap 138 kV 8252 Brackettville - 8260 Escondido,,Other - Battery Energy Storage,0.0,,,2023-07-31,Active,2027-12-15,,,,Other,Battery Energy Storage,"SS Completed, FIS Started, No IA",2023-07-31,2023-10-27,2023-07-20 00:00:00.000,,No,,,,,,,SOUTH,,,
25INR0504,Lazy Frog Solar SLF,"Lazy Frog Solar, LLC",Franklin,Texas,11688 Thorn Tree Switch 345kV,,Solar - Photovoltaic Solar,100.4,,,2023-09-22,Active,2028-04-17,,,,Solar,Photovoltaic Solar,"SS Completed, FIS Completed, No IA",2023-09-22,2023-12-14,2024-05-10 00:00:00.000,2025-10-28,No,,,,Not Required,,,NORTH,,,
25INR0505,Mud Cat Solar SLF,"Mud Cat Solar, LLC",Lamar,Texas,Tap 138KV 11768 Hawk Hollow – 1768 Deport,,Solar - Photovoltaic Solar,100.5,,,2023-10-20,Active,2028-09-18,,,,Solar,Photovoltaic Solar,"SS Completed, FIS Started, No IA",2023-10-20,2024-01-16,2024-05-14 00:00:00.000,,No,,,,Not Required,,,NORTH,,,
25INR0506,Lazy Frog Storage SLF,"Lazy Frog Solar, LLC",Franklin,Texas,11688 Thorn Tree Switch 345kV,,Other - Battery Energy Storage,0.0,,,2023-09-22,Active,2028-04-17,,,,Other,Battery Energy Storage,"SS Completed, FIS Completed, No IA",2023-09-22,2023-12-14,2024-05-10 00:00:00.000,2025-10-28,No,,,,,,,NORTH,,,
25INR0507,Mud Cat Storage SLF,"Mud Cat Solar, LLC",Lamar,Texas,11768 Hawk Hollow – 1768 Deport 138kV,,Other - Battery Energy Storage,0.0,,,2023-10-20,Active,2028-09-18,,,,Other,Battery Energy Storage,"SS Completed, FIS Started, No IA",2023-10-20,2024-01-16,2024-05-14 00:00:00.000,,No,,,,,,,NORTH,,,
25INR0512,Monument Hill Solar,"RWE Solar Development, LLC",Fayette,Texas,Tap 345kV 7055 Fayette - 9074 Lytton Springs ,,Solar - Photovoltaic Solar,200.0,,,2023-10-13,Completed,2029-06-30,,,,Solar,Photovoltaic Solar,"SS Completed, FIS Started, IA",2023-10-13,2024-01-10,2023-08-23 00:00:00.000,,,2025-12-22,,,Not Required,,,SOUTH,,,
25INR0513,Kahla Storage,"BT Kahla Storage, LLC",Leon,Texas,Tap 345kV 46020 Limestone 967 Gibbons Creek Circuit 50,,Other - Battery Energy Storage,200.9,,,2023-08-21,Active,2028-12-29,,,,Other,Battery Energy Storage,"SS Completed, FIS Started, No IA",2023-08-21,2023-11-17,2023-08-15 00:00:00.000,,No,,,,,,,NORTH,,,
25INR0515,Fagus Storage SLF,Greenalia Energy Storage MISAE II LLC,Childress,Texas,60501 Tesla 345kV,,Other - Battery Energy Storage,0.0,,,2023-10-25,Active,2026-09-01,,,,Other,Battery Energy Storage,"SS Completed, FIS Started, No IA",2023-10-25,2024-01-22,2023-09-22 00:00:00.000,,,,,,,,,PANHANDLE,,,
25INR0528,Indigo Storage 2,"Innovative Solar 245, LLC",Fisher,Texas,tap 345 kV 68001 Claytonville – 68004 Phantom Hill Circuit 2,,Other - Battery Energy Storage,60.0,,,2023-09-22,Completed,2027-09-17,,,,Other,Battery Energy Storage,"SS Completed, FIS Started, IA",2023-09-22,2023-12-20,2024-06-06 00:00:00.000,,No,2026-03-27,,,,,,WEST,,,
25INR0529,Indigo Storage 3,"Innovative Solar 245, LLC",Fisher,Texas,tap 345 kV 68001 Claytonville – 68004 Phantom Hill Circuit 2,,Other - Battery Energy Storage,60.0,,,2023-11-14,Completed,2027-09-17,,,,Other,Battery Energy Storage,"SS Completed, FIS Started, IA",2023-11-14,2024-02-09,2024-06-06 00:00:00.000,,No,2026-03-27,,,,,,WEST,,,
25INR0530,Indigo Storage 4,"Innovative Solar 245, LLC",Fisher,Texas,tap 345 kV 68001 Claytonville – 68004 Phantom Hill Circuit 2,,Other - Battery Energy Storage,60.0,,,2023-10-25,Completed,2027-09-17,,,,Other,Battery Energy Storage,"SS Completed, FIS Started, IA",2023-10-25,2024-01-22,2024-06-06 00:00:00.000,,No,2026-03-27,,,,,,WEST,,,
25INR0531,CPS Energy AvR1CT2 Rotor Replacement,CPS Energy,Bexar,Texas,5475 Braunig 345kV,,Gas - Combined-Cycle,23.2,,,2023-10-13,Active,2026-08-07,,,2024-11-22,Gas,Combined-Cycle,"SS Completed, FIS Completed, No IA",2023-10-13,2024-01-10,2024-01-26 00:00:00.000,2024-04-25,,,2028-03-20 00:00:00,,2024-04-01 00:00:00,2024-04-01 00:00:00,2024-04-25 00:00:00,SOUTH,,2024-11-22,
25INR0542,Hynes Bay Energy Storage,"Hynes Bay Energy Storage, LLC",Wharton,Texas,Tap 138kV 5546 DANEVANG SW - 8121 BLESSING,,Other - Battery Energy Storage,101.2,,,2023-10-25,Active,2027-12-31,,,,Other,Battery Energy Storage,"SS Completed, FIS Started, No IA",2023-10-25,2024-01-22,2023-10-16 00:00:00.000,,,,Not Required,Not Required,,,,SOUTH,,,
25INR0545,Blue Creek Energy Storage,"Blue Creek Energy Storage, LLC",Wharton,Texas,Tap 138kV 42985 DYANN_POI8 - 43190 S_LANE_B138 Ckt 60,,Other - Battery Energy Storage,101.2,,,2023-10-13,Active,2028-12-31,,,,Other,Battery Energy Storage,"SS Completed, FIS Started, No IA",2023-10-13,2024-01-10,2023-10-11 00:00:00.000,,No,,Not Required,Not Required,,,,SOUTH,,,
25INR0546,VISOL 1 SOLAR,"VISOL 1 SOLAR, LLC",Val Verde,Texas,Tap 138kV 8683 Comstock - 60389 Corral,,Solar - Photovoltaic Solar,94.78,,,2023-10-25,Active,2028-06-30,,,,Solar,Photovoltaic Solar,"SS Completed, FIS Started, No IA",2023-10-25,2024-01-22,2024-01-24 00:00:00.000,,No,,Not Required,Not Required,Not Required,,,WEST,,,
25INR0547,Indigo solar 2,Indigo Solar 2,Fisher,Texas,Tap 345KV 68001 Clayton 345KV -68000 WShack Ckt 2,,Solar - Photovoltaic Solar,180.0,,,2023-10-04,Active,2027-07-15,,,,Solar,Photovoltaic Solar,"SS Completed, FIS Started, No IA",2023-10-04,2023-12-22,2024-08-13 00:00:00.000,,,,,,Not Required,,,WEST,,,
25INR0550,Friendswood Energy Storage,Friendswood Energy Storage LLC,Brazoria,Texas,TAP 138kV 39010 HASTINGS - 38980 FRIENDSWOOD,,Other - Battery Energy Storage,105.08,,,2024-02-02,Active,2027-09-30,,,,Other,Battery Energy Storage,"SS Completed, FIS Completed, No IA",2024-02-02,2024-04-29,2024-01-17 00:00:00.000,2025-12-11,,,,,,,,COASTAL,,,
25INR0552,HarryoungBESS,Gransolar Texas Four LLC,Cameron,Texas,8319 Rio Hondo sub 138kV,,Other - Battery Energy Storage,190.01,,,2023-10-04,Active,2028-05-15,,,,Other,Battery Energy Storage,"SS Completed, FIS Started, No IA",2023-10-04,2023-12-19,2023-09-19 00:00:00.000,,,,Not Required,Not Required,,,,COASTAL,,,
25INR0554,Dan Kearney BESS,Dan Kearney BESS LLC,Brazoria,Texas,"39703 TNFM524 138kV
",,Other - Battery Energy Storage,204.38,,,2024-01-11,Completed,2027-10-01,,,,Other,Battery Energy Storage,"SS Completed, FIS Started, IA",2024-01-11,2024-04-08,2024-01-03 00:00:00.000,,No,2024-10-18,,,,,,COASTAL,,,
25INR0555,Stargazer Solar,Stargazer Solar LLC,Brazoria,Texas,44010 WA Parish - 42980 Nash 138 kV Ckt 02,,Solar - Photovoltaic Solar,157.7,,,2023-10-30,Active,2027-02-01,,,,Solar,Photovoltaic Solar,"SS Completed, FIS Completed, No IA",2023-10-30,2024-01-26,2023-10-23 00:00:00.000,2026-03-27,,,Not Required,Not Required,Not Required,,,COASTAL,,,
25INR0556,Stargazer BESS,Stargazer Solar LLC,Brazoria,Texas,44010 WA Parish - 42980 Nash 138 kV ckt 02,,Other - Battery Energy Storage,104.5,,,2023-10-30,Active,2027-02-01,,,,Other,Battery Energy Storage,"SS Completed, FIS Completed, No IA",2023-10-30,2024-01-26,2023-10-23 00:00:00.000,2026-03-27,,,Not Required,Not Required,,,,COASTAL,,,
25INR0557,McCamey's Castle Battery,"Castle Storage, LLC",Upton,Texas,76597 Robbins Switch 138 kV,,Other - Battery Energy Storage,409.6,,,2023-10-13,Completed,2028-03-30,,,,Other,Battery Energy Storage,"SS Completed, FIS Started, IA",2023-10-13,2024-01-10,2023-10-09 00:00:00.000,,,2025-03-20,Not Required,Not Required,,2025-03-20 00:00:00,,WEST,,,
25INR0558,Ayass BESS,"Harvick BESS, LLC",Throckmorton,Texas,6206 Bush Knob 69kV,,Other - Battery Energy Storage,51.28,,,2023-12-04,Active,2028-12-30,,,,Other,Battery Energy Storage,"SS Completed, FIS Started, No IA",2023-12-04,2024-03-01,2023-11-15 00:00:00.000,,,,,,,,,WEST,,,
25INR0566,Copano Bay Energy Storage,"Copano Bay Energy Storage, LLC",Brazoria,Texas,Tap 138kV 42980 Nash - 44010 WA Parish Ckt 2,,Other - Battery Energy Storage,201.04,,,2023-10-25,Active,2027-12-31,,,,Other,Battery Energy Storage,"SS Completed, FIS Started, No IA",2023-10-25,2024-01-22,2023-10-17 00:00:00.000,,,,Not Required,Not Required,,,,COASTAL,,,
25INR0578,Forest Creek Wind Repower,"Forest Creek Wind Farm, LLC",Glasscock,Texas,Mcdonald 138 kV (Bus #: 1333),,Wind - Wind Turbine,125.1,,,2024-01-11,Completed,2026-12-31,,,2025-08-27,Wind,Wind Turbine,"SS Completed, FIS Completed, IA",2024-01-11,2024-04-05,2023-12-08 00:00:00.000,2024-12-10,,2005-11-17,,,Not Required,2025-01-24 00:00:00,2025-01-24 00:00:00,WEST,2025-07-28,2025-08-27,
25INR0579,Albatross BESS 2,"Albatross Solar, LLC",McLennan,Texas,Tap 138kV 165 Windsor Switch - 161 McGregor,,Other - Battery Energy Storage,159.6,,,2024-02-27,Active,2028-12-30,,,,Other,Battery Energy Storage,"SS Completed, FIS Completed, No IA",2024-02-27,2024-05-22,2024-01-03 00:00:00.000,2025-10-30,No,,,,,,,NORTH,,,
25INR0582,Maleza Storage II,"Brush Storage, LLC",Wharton,Texas,"44220 Julia 345kV
",,Other - Battery Energy Storage,256.1,,,2024-02-27,Active,2028-12-31,,,,Other,Battery Energy Storage,"SS Completed, FIS Started, No IA",2024-02-27,2024-05-24,2024-02-20 00:00:00.000,,No,,,,,,,SOUTH,,,
25INR0583,Shannon Wind Repower,"Shannon Wind, LLC",Archer,Texas,1458 Cobb Switching Station 345 kV,,Wind - Wind Turbine,18.52,,,2024-02-27,Active,2027-09-15,,,,Wind,Wind Turbine,"SS Completed, FIS Started, No IA",2024-02-27,2024-05-31,2024-01-29 00:00:00.000,,,,,,Not Required,,,WEST,,,
25INR0586,Zeus Armstrong Solar,"Armstrong Solar, LLC",Armstrong,Texas,Tap 345KV  23900 AlLIBATES -23914 TULECNYN ,,Solar - Photovoltaic Solar,503.56,,,2024-05-20,Active,2028-04-17,,,,Solar,Photovoltaic Solar,"SS Completed, FIS Started, No IA",2024-05-20,2024-06-19,2024-07-22 00:00:00.000,,,,,,Not Required,,,PANHANDLE,,,
25INR0587,Zeus Armstrong BESS,"Armstrong BESS, LLC",Armstrong,Texas,Tap 345KV 23900 ALIBATES - 23914 TULECNYN CKT1 & CKT2,,Other - Battery Energy Storage,1043.08,,,2024-03-22,Active,2028-04-17,,,,Other,Battery Energy Storage,"SS Completed, FIS Started, No IA",2024-03-22,2024-06-19,2024-08-08 00:00:00.000,,,,,,,,,PANHANDLE,,,
25INR0588,Zeus Mitchell Solar,"Mitchell Solar, LLC",Mitchell,Texas,Tap 345 kV 10049 Ranger Camp - 10057 Prong Moss CKT #01 and #02,,Solar - Photovoltaic Solar,804.71,,,2024-03-22,Active,2029-04-17,,,,Solar,Photovoltaic Solar,"SS Completed, FIS Started, No IA",2024-03-22,2024-06-19,2025-03-28 00:00:00.000,,,,,,Not Required,,,WEST,,,
25INR0589,Zeus Mitchell BESS,Mitchell BESS,Mitchell,Texas,Tap 345 kV 10049 Ranger Camp - 10057 Prong Moss CKT #01 and #02,,Other - Battery Energy Storage,1042.94,,,2024-05-20,Active,2029-04-17,,,,Other,Battery Energy Storage,"SS Completed, FIS Started, No IA",2024-05-20,2024-06-19,2025-03-28 00:00:00.000,,,,,,,,,WEST,,,
25INR0590,Zeus Rusk Solar,"Rusk Solar, LLC",Rusk,Texas, Tap 345kV 3109 Stryker to 3100 Martin Lake,,Solar - Photovoltaic Solar,26.8,,,2024-03-22,Active,2027-09-01,,,,Solar,Photovoltaic Solar,"SS Completed, FIS Started, No IA",2024-03-22,2024-06-19,2024-12-16 00:00:00.000,,,,,,Not Required,,,NORTH,,,
25INR0591,Zeus Rusk BESS,"Rusk BESS, LLC",Rusk,Texas, Tap 345kV 3109 Stryker to 3100 Martin Lake,,Other - Battery Energy Storage,208.8,,,2024-04-09,Active,2027-09-01,,,,Other,Battery Energy Storage,"SS Completed, FIS Started, No IA",2024-04-09,2024-06-19,2024-12-16 00:00:00.000,,,,,,,,,NORTH,,,
25INR0606,Proteus Thornton Ranch Solar SLF,"Thornton Ranch Solar, LLC",Ward,Texas,37990 TNSTAGHORN1 138kV,,Solar - Photovoltaic Solar,180.0,,,2024-02-26,Active,2028-11-20,,,,Solar,Photovoltaic Solar,"SS Completed, FIS Started, No IA",2024-02-26,2024-05-20,2024-02-12 00:00:00.000,,No,,Not Required,Not Required,Not Required,,,WEST,,,
25INR0607,Proteus Thornton Ranch Storage SLF,"Thornton Ranch Solar, LLC",Ward,Texas,37990 TNSTAGHORN1 138kV,,Other - Battery Energy Storage,0.0,,,2024-03-22,Active,2028-11-20,,,,Other,Battery Energy Storage,"SS Completed, FIS Started, No IA",2024-03-22,2024-06-19,2024-03-11 00:00:00.000,,No,,,,,,,WEST,,,
25INR0608,Proteus London-Leigh Solar SLF,"London Leigh Solar, LLC",Glasscock,Texas,345kV Bernoulli (bus # 59907) ,,Solar - Photovoltaic Solar,600.0,,,2024-03-22,Active,2028-09-30,,,,Solar,Photovoltaic Solar,"SS Completed, FIS Started, No IA",2024-03-22,2024-06-19,2024-02-19 00:00:00.000,,Yes,,,,Not Required,,,WEST,,,
25INR0609,Proteus London-Leigh Storage SLF,"London Leigh Solar, LLC",Glasscock,Texas,Bernoulli (bus # 59907) ,,Other - Battery Energy Storage,0.0,,,2024-02-27,Active,2028-09-30,,,,Other,Battery Energy Storage,"SS Completed, FIS Started, No IA",2024-02-27,2024-04-19,2023-12-22 00:00:00.000,,Yes,,,,,,,WEST,,,
25INR0610,Adam Bryant BESS,Adam Bryant BESS LLC,Medina,Texas,Tap 138kV 5225 HONDO – 5819 HONDO CREEK,,Other - Battery Energy Storage,99.52,,,2024-02-26,Active,2027-12-01,,,,Other,Battery Energy Storage,"SS Completed, FIS Started, No IA",2024-02-26,2024-05-24,2024-04-12 00:00:00.000,,,,,,,,,SOUTH,,,
25INR0611,Odessa Energy Storage,"Odessa Energy Storage LLC,",Howard,Texas,"1058 LONGSHORE 345kV
",,Other - Battery Energy Storage,202.8,,,2024-02-02,Active,2029-05-01,,,,Other,Battery Energy Storage,"SS Completed, FIS Started, No IA",2024-02-02,2024-04-29,2024-01-17 00:00:00.000,,,,Not Required,Not Required,,,,WEST,,,
25INR0616,Bobcat Bluff Storage SLF,Cub Storage LLC,Archer,Texas,1475 Windthorst 138 kV,,Other - Battery Energy Storage,0.0,,,2024-02-27,Completed,2027-04-15,,,,Other,Battery Energy Storage,"SS Completed, FIS Completed, IA",2024-02-27,2024-05-25,2024-06-12 00:00:00.000,2026-06-17,No,2026-01-12,,,,2026-07-31 00:00:00,,WEST,,,
25INR0621,Anagram Solar,Anagram Solar,Live Oak,Texas,8156 Charter 138 kV ,,Solar - Photovoltaic Solar,130.56,,,2024-04-09,Active,2027-12-31,,,,Solar,Photovoltaic Solar,"SS Completed, FIS Started, No IA",2024-04-09,2024-07-05,2025-01-02 00:00:00.000,,,,,,Not Required,,,SOUTH,,,
25INR0622,Turkey Creek Solar SLF,Greenray Solar Corporation,Kinney,Texas,7425 ODLASW 138kV,,Solar - Photovoltaic Solar,180.9,,,2024-02-26,Active,2027-10-26,,,,Solar,Photovoltaic Solar,"SS Completed, FIS Started, No IA",2024-02-26,2024-05-24,2024-08-23 00:00:00.000,,,,,,Not Required,,,SOUTH,,,
25INR0623,Turkey Creek Battery Energy Storage System SLF,Greenray Solar Corporation,Kinney,Texas,7425 ODLASW 138 kV,,Other - Battery Energy Storage,0.0,,,2024-03-29,Active,2027-10-26,,,,Other,Battery Energy Storage,"SS Completed, FIS Started, No IA",2024-03-29,2024-05-24,2024-09-13 00:00:00.000,,,,,,,,,SOUTH,,,
25INR0628,Wichita Falls Energy Storage,Wichita Falls Energy Storage LLC,Archer,Texas,Tap 345kV 1422 Bowman - 1458 Cobb Switch,,Other - Battery Energy Storage,202.0,,,2024-02-26,Active,2028-08-01,,,,Other,Battery Energy Storage,"SS Completed, FIS Started, No IA",2024-02-26,2024-05-25,2024-02-14 00:00:00.000,,,,Not Required,Not Required,,,,WEST,,,
25INR0629,Midland Energy Storage ,Midland Energy Storage LLC,Howard,Texas,Tap 345kV 10057 Prong Moss Switch - 10062 Rockhound Switch CKT 1,,Other - Battery Energy Storage,204.7,,,2024-07-01,Active,2029-06-09,,,,Other,Battery Energy Storage,"SS Completed, FIS Started, No IA",2024-07-01,2024-09-26,2024-03-26 00:00:00.000,,,,,,,,,WEST,,,
25INR0632,Jenna Eco-Electric Solar,"Clean Energy Holdings, LLC",Fisher,Texas,Tap 345 kV 1048 Tonkawa Switch - 1430 Graham SES ,,Solar - Photovoltaic Solar,576.3,,,2024-05-20,Active,2029-04-16,,,,Solar,Photovoltaic Solar,"SS Completed, FIS Completed, No IA",2024-05-20,2024-08-13,2024-05-17 00:00:00.000,2026-04-02,Yes,,,,Not Required,,,WEST,,,
25INR0653,Southfork Energy Storage,"Southfork Energy Storage, LLC",Kimble,Texas,"tap 345kV 60709 Oersted - 60616 Edison
CKT 1",,Other - Battery Energy Storage,306.4,,,2024-07-22,Active,2028-11-30,,,,Other,Battery Energy Storage,"SS Completed, FIS Started, No IA",2024-07-22,2024-10-08,2024-06-13 00:00:00.000,,Yes,,,,,,,SOUTH,,,
25INR0656,Gilleys Energy Storage,"Gilleys Energy Storage, LLC",Wise,Texas,Tap 345 kV 1730 West Krum - 6111 Riley CKT 2,,Other - Battery Energy Storage,306.4,,,2024-06-03,Active,2028-04-21,,,,Other,Battery Energy Storage,"SS Completed, FIS Completed, No IA",2024-06-03,2024-08-27,2024-05-06 00:00:00.000,2026-01-05,No,,,,,,,NORTH,,,
25INR0657,O'Bannion Energy Storage,"O'Bannion Energy Storage, LLC",Jack,Texas,1506 Long Hollow Switch 345 kV,,Other - Battery Energy Storage,306.4,,,2024-05-09,Completed,2028-04-21,,,,Other,Battery Energy Storage,"SS Completed, FIS Completed, IA",2024-05-09,2024-08-05,2024-05-01 00:00:00.000,2025-05-02,,2025-12-05,Not Required,,2026-01-12 00:00:00,2026-03-25 00:00:00,,NORTH,,,
25INR0660,Wooderson Energy Storage,"Wooderson Energy Storage, LLC",Jack,Texas,Tap 345 kV 11418 TECUMSEH- 1421 Willow Creek,,Other - Battery Energy Storage,306.4,,,2024-05-09,Active,2028-09-30,,,,Other,Battery Energy Storage,"SS Completed, FIS Started, No IA",2024-05-09,2024-08-05,2024-04-18 00:00:00.000,,,,,,,,,NORTH,,,
25INR0661,McCrae Energy Storage,"McCrae Energy Storage, LLC",Erath,Texas,Tap 345 kV 1900 COMCHPKW_5 - 1440 COMCHESS1_5  ,,Other - Battery Energy Storage,306.35,,,2024-05-20,Completed,2028-09-25,,,,Other,Battery Energy Storage,"SS Completed, FIS Completed, IA",2024-05-20,2024-08-13,2024-05-01 00:00:00.000,2026-02-17,No,2025-12-30,,,,,,NORTH,,,
25INR0666,GIBSON BRANCH BESS,Gibson Branch BESS LLC,Lampasas,Texas,7064 Lampasas Substation 138kV,,Other - Battery Energy Storage,142.9,,,2024-05-20,Active,2028-01-15,,,,Other,Battery Energy Storage,"SS Completed, FIS Started, No IA",2024-05-20,2024-08-14,2024-04-24 00:00:00.000,,,,,,,,,NORTH,,,
25INR0672,Fagus Solar Park 2 SLF,"Excel Advantage Services, LLC dba Misae Solar Park II",Childress,Texas,60501 Tesla  345 kV ,,Solar - Photovoltaic Solar,166.57,,,2024-06-03,Completed,2026-05-20,,,2025-07-07,Solar,Photovoltaic Solar,"SS Completed, FIS Completed, IA",2024-06-03,2018-07-06,2024-05-30 00:00:00.000,2024-02-27,No,2019-02-21,,,Not Required,2024-12-19 00:00:00,2024-12-19 00:00:00,PANHANDLE,2025-05-29,2025-07-07,
25INR0673,PHOTON SOLAR 4 SLF,"GulfStar Power, LLC",Wharton,Texas,44880 Waterh_POI_5 345kV,,Solar - Photovoltaic Solar,105.98,,,2024-09-04,Active,2026-05-11,,,2024-11-04,Solar,Photovoltaic Solar,"SS Completed, FIS Completed, No IA",2024-09-04,2021-02-02,2024-08-21 00:00:00.000,2022-11-28,,,Not Required,Not Required,Not Required,2021-11-05 00:00:00,2023-01-27 00:00:00,SOUTH,2024-06-25,2024-11-04,
25INR0688,Giga Texas Data Center ,"Giga Texas Energy, LLC",Travis,Texas,"HORNSBY Substation POIB# 7047 

Site will be connected behind the meter at Medium Voltage  24.9 kV with non export controls

GSU TRANSFORMER
80/106/133MVA
345kV DELTA PRIMARY
24.9kV WYE-G SECONDARY
Z=XX%, 65DEG C RISE",,Other - Battery Energy Storage,133.0,,,2024-08-27,Completed,2025-12-15,,,,Other,Battery Energy Storage,"SS Completed, FIS Completed, IA",2024-08-27,2024-11-25,2024-07-30 00:00:00.000,2025-03-17,,2025-04-30,Not Required,Not Required,,,,SOUTH,,,
25INR0693,Leon BESS,Leon BESS,Leon,Texas,Tab 138kv 3355  Grapeland_Magnolia - 3357 Pleasant_Springs.,,Other - Battery Energy Storage,153.7,,,2024-11-26,Active,2028-02-16,,,,Other,Battery Energy Storage,"SS Completed, FIS Started, No IA",2024-11-26,2025-02-18,2024-11-18 00:00:00.000,,No,,,,,,,NORTH,,,
25INR0694,Hays Energy Unit 1 Repower,"HAYS ENERGY, LLC",Hays,Texas,7043 Hays Energy 345kV,,"Gas - Combustion (gas) Turbine, but not part of a Combined-Cycle",18.0,,,2024-10-18,Active,2027-07-01,,,,Gas,"Combustion (gas) Turbine, but not part of a Combined-Cycle","SS Completed, FIS Started, No IA",2024-10-18,2025-01-15,2026-01-06 00:00:00.000,,,,,,,,,SOUTH,,,
25INR0695,Hays Energy Unit 4 Repower,"HAYS ENERGY, LLC",Hays,Texas,7043 Hays Energy 345kV,,"Gas - Combustion (gas) Turbine, but not part of a Combined-Cycle",18.0,,,2024-10-29,Active,2027-07-01,,,,Gas,"Combustion (gas) Turbine, but not part of a Combined-Cycle","SS Completed, FIS Started, No IA",2024-10-29,2025-01-15,2026-01-06 00:00:00.000,,No,,,,,,,SOUTH,,,
25INR0706,Bocanova Power II,Bocanova Power II LLC,Brazoria,Texas,39030 TNMP Alvin 138kV ,,Other - Battery Energy Storage,150.46,,,2024-10-10,Completed,2026-08-31,,,2026-06-12,Other,Battery Energy Storage,"SS Completed, FIS Completed, IA",2024-10-10,2025-01-07,2024-10-01 00:00:00.000,2025-03-07,No,2025-08-19,Not Required,Not Required,,2025-09-15 00:00:00,2025-10-31 00:00:00,COASTAL,2026-05-27,2026-06-12,
25INR0853,Tango Lily BESS,Lightsource Renewable Energy Development LLC,Tom Green,Texas,Tap 138kV 60008 TRIBUTE4A - 6442 REDCREEK4A,,Other - Battery Energy Storage,200.95,,,2026-01-26,Active,2029-12-22,,,,Other,Battery Energy Storage,"SS Completed, FIS Started, No IA",2026-01-26,2026-04-17,2026-01-20 00:00:00.000,,No,,Not Required,Not Required,,,,WEST,,,
26INR0001,Turin TxHSR TPSS HN-6,"Texas Central Rail Holdings, LLC",Grimes,Texas,8 Crutchfield 138kV,,Other - Other,50.0,,,2019-09-27,Active,2028-07-15,,,,Other,Other,"SS Completed, FIS Started, No IA",2019-09-27,2021-04-28,2019-09-27 00:00:00.000,,,,,,,,,NORTH,,,
26INR0004,GRIMES SOLAR,CG Grimes County LLC,Grimes,Texas,40600 Roans Prairie 345kV ,,Solar - Photovoltaic Solar,153.45,,,2022-03-14,Active,2026-02-15,,,,Solar,Photovoltaic Solar,"SS Completed, FIS Started, No IA",2022-03-14,2022-06-03,2022-03-07 00:00:00.000,,,,,,Not Required,,,NORTH,,,
26INR0008,Puerto Del Sol 1,"PUERTO DEL SOL, LLC",Cameron,Texas,Tap 345kV 79500 Palmito - 79501 King Fisher Ckt 1,,Solar - Photovoltaic Solar,213.8,,,2022-05-16,Active,2026-12-31,,,,Solar,Photovoltaic Solar,"SS Completed, FIS Started, No IA",2022-05-16,2022-08-13,2023-01-13 16:05:18.999,,,,Not Required,Not Required,Not Required,,,COASTAL,,,
26INR0019,HyFuels Green Lake Solar,HyFuels Green Lake Solar LLC,Calhoun,Texas,Dokmai 138kV Substation (bus #80090),,Solar - Photovoltaic Solar,347.0,,,2022-09-27,Active,2027-12-01,,,,Solar,Photovoltaic Solar,"SS Completed, FIS Started, No IA",2022-09-27,2022-12-22,2023-06-13 00:00:00.000,,,,,,Not Required,,,COASTAL,,,
26INR0021,Crossroads Wind,HyFuels Green Lake Wind LLC,Victoria,Texas,80090 Dokmai 138 KV,,Wind - Wind Turbine,276.8,,,2022-09-27,Completed,2027-09-30,,,,Wind,Wind Turbine,"SS Completed, FIS Completed, IA",2022-09-27,2022-12-22,2023-06-16 00:00:00.000,2026-05-28,,2024-07-24,Not Required,Not Required,Not Required,2025-09-10 00:00:00,,SOUTH,,,
26INR0024,Becerra Creek Storage 1,"Bordas Renewable Energy, LLC",Webb,Texas,345 kV Cenizo Substation (#80220),,Other - Battery Energy Storage,125.62,,,2022-09-21,Active,2027-12-01,,,,Other,Battery Energy Storage,"SS Completed, FIS Started, No IA",2022-09-21,2022-12-19,2022-09-07 00:00:00.000,,,,,,,,,SOUTH,,,
26INR0028,HyFuels Calhoun Solar,HyFuels Green Lake Solar LLC,Victoria,Texas,Tap 345kV 8715 RADIANT7A - 8728 COBRA7A,,Solar - Photovoltaic Solar,301.82,,,2022-10-18,Active,2028-10-07,,,,Solar,Photovoltaic Solar,"SS Completed, FIS Started, No IA",2022-10-18,2023-01-15,2023-07-07 00:00:00.000,,Yes,,,,Not Required,,,SOUTH,,,
26INR0033,Fairway Storage,Fairway Storage LLC,Freestone,Texas,Tap 138kV 3503 FAIRWPOD_8 - 196 FAIRFIELD,,Other - Battery Energy Storage,120.3,,,2022-11-07,Completed,2027-09-24,,,,Other,Battery Energy Storage,"SS Completed, FIS Started, IA",2022-11-07,2023-02-04,2023-02-15 00:00:00.000,,No,2025-08-11,Not Required,,,2026-03-09 00:00:00,,NORTH,,,
26INR0034,Bracero Pecan Storage,Bracero Pecan Storage LLC,Reeves,Texas,60716 SARAGOSA 138kV,,Other - Battery Energy Storage,238.21,,,2022-11-07,Completed,2027-07-01,,,,Other,Battery Energy Storage,"SS Completed, FIS Started, IA",2022-11-07,2023-02-04,2023-07-10 00:00:00.000,,,2024-06-27,,,,2025-02-12 00:00:00,,WEST,,,
26INR0045,LUND STORAGE CENTER 1,"Lund Storage Center 1, LLC",Bastrop,Texas,"TAP 138 KV LINE AND CREATE NEW BUS BETWEEN
KIMBRO (7337) AND ELGIN SWITCH (3650)",,Other - Battery Energy Storage,407.55,,,2023-01-17,Active,2029-10-31,,,,Other,Battery Energy Storage,"SS Completed, FIS Started, No IA",2023-01-17,2023-04-14,2023-05-16 00:00:00.000,,,,,,,,,SOUTH,,,
26INR0068,Charro Creek Solar 1 SLF,Charro Creek Solar LLC,Karnes,Texas,Tap 345kV 5725 PAWNEESW5 - 8164 COLETO7A,,Solar - Photovoltaic Solar,203.0,,,2023-01-30,Active,2029-12-31,,,,Solar,Photovoltaic Solar,"SS Completed, FIS Started, No IA",2023-01-30,2023-04-28,2023-02-10 00:00:00.000,,,,,,Not Required,,,SOUTH,,,
26INR0069,Charro Creek Storage 1 SLF,Charro Creek Solar LLC,Karnes,Texas,Tap 345kV 5725 PAWNEESW5 - 8164 COLETO7A,,Other - Battery Energy Storage,0.0,,,2023-03-08,Active,2029-12-31,,,,Other,Battery Energy Storage,"SS Completed, FIS Started, No IA",2023-03-08,2023-04-28,2023-02-15 00:00:00.000,,,,,,,,,SOUTH,,,
26INR0070,Charro Creek Solar 2 SLF,Charro Creek Solar LLC,Karnes,Texas,Tap 345kV 5725 PAWNEESW5 - 8164 COLETO7A,,Solar - Photovoltaic Solar,203.0,,,2023-03-08,Active,2029-12-31,,,,Solar,Photovoltaic Solar,"SS Completed, FIS Started, No IA",2023-03-08,2023-06-01,2023-02-15 00:00:00.000,,,,,,Not Required,,,SOUTH,,,
26INR0071,Charro Creek Storage 2 SLF,Charro Creek Solar LLC,Karnes,Texas,Tap 345kV 5725 PAWNEESW5 - 8164 COLETO7A,,Other - Battery Energy Storage,0.0,,,2023-03-08,Active,2029-12-31,,,,Other,Battery Energy Storage,"SS Completed, FIS Started, No IA",2023-03-08,2023-06-01,2023-02-15 00:00:00.000,,,,,,,,,SOUTH,,,
26INR0072,Charro Creek Solar 3 SLF,Charro Creek Solar LLC,Karnes,Texas,Tap on PAWNEESW5 (#5725) - COLETO7A (#8164) Line,,Solar - Photovoltaic Solar,203.0,,,2023-03-08,Active,2029-12-31,,,,Solar,Photovoltaic Solar,"SS Completed, FIS Started, No IA",2023-03-08,2023-06-01,2023-02-15 00:00:00.000,,,,,,Not Required,,,SOUTH,,,
26INR0073,Charro Creek Storage 3 SLF,Charro Creek Solar LLC,Karnes,Texas,Tap 345kV 5725 PAWNEESW5 - 8164 COLETO7A,,Other - Battery Energy Storage,0.0,,,2023-01-30,Active,2029-12-31,,,,Other,Battery Energy Storage,"SS Completed, FIS Started, No IA",2023-01-30,2023-04-28,2023-02-10 00:00:00.000,,,,,,,,,SOUTH,,,
26INR0074,Anila Solar,Alina Energy LLC,Wilson,Texas,Tap 345kV 5133 Elm Creek - 5901 San Miguel Gen Ckt 1,,Solar - Photovoltaic Solar,200.8,,,2023-01-30,Completed,2028-09-30,,,,Solar,Photovoltaic Solar,"SS Completed, FIS Completed, IA",2023-01-30,2023-04-28,2023-01-20 00:00:00.000,2024-07-10,,2025-03-06,Not Required,Not Required,Not Required,2026-03-04 00:00:00,,SOUTH,,,
26INR0077,Anila BESS,Alina Energy LLC,Wilson,Texas,Tap of 345 kV Elm Creek (Bus# 5133) - San Miguel Gen (Bus# 5901) Transmission Line Ckt 1,,Other - Battery Energy Storage,209.0,,,2023-02-20,Completed,2028-09-30,,,,Other,Battery Energy Storage,"SS Completed, FIS Completed, IA",2023-02-20,2023-05-20,2023-05-25 00:00:00.000,2024-07-10,,2025-03-06,Not Required,Not Required,,2026-03-04 00:00:00,,SOUTH,,,
26INR0082,Amerada Solar,"Amerada Solar, LLC",Freestone,Texas,Tap 345kV 3133 RICHLND2_5 - 3381 BIGBRNW_5,,Solar - Photovoltaic Solar,301.57,,,2023-05-15,Active,2028-12-30,,,,Solar,Photovoltaic Solar,"SS Completed, FIS Started, No IA",2023-05-15,2023-08-11,2023-04-28 00:00:00.000,,,,,,Not Required,,,NORTH,,,
26INR0083,Zeppelin Energy Storage,ZEPPELIN ENERGY STORAGE LLC,Tom Green,Texas,6464 San Angelo North,,Other - Battery Energy Storage,163.93,,,2023-01-30,Active,2028-05-31,,,,Other,Battery Energy Storage,"SS Completed, FIS Started, No IA",2023-01-30,2023-04-28,2023-02-17 19:02:06.000,,,,,,,,,WEST,,,
26INR0084,Amerada Storage,"Amerada Solar, LLC",Freestone,Texas,Tap 345kV 3133 RICHLND2_5 - 3381 BIGBRNW_5,,Other - Battery Energy Storage,150.78,,,2023-05-15,Active,2028-07-21,,,,Other,Battery Energy Storage,"SS Completed, FIS Started, No IA",2023-05-15,2023-08-11,2023-04-28 00:00:00.000,,,,,,,,,NORTH,,,
26INR0086,Solarville Solar SLF,"Ville Solar, LLC",Kaufman,Texas,"Tap 345kV  #3123 Trinidad Switch – #2432 Tri Corner.
",,Solar - Photovoltaic Solar,402.86,,,2024-05-20,Active,2029-07-01,,,,Solar,Photovoltaic Solar,"SS Completed, FIS Started, No IA",2024-05-20,2024-08-15,2025-02-05 00:00:00.000,,,,,,Not Required,,,NORTH,,,
26INR0088,La Salle Solar,La Salle Solar LLC,La Salle,Texas,"Tap 345kV LOBO7A (#80219) - FOWLERTONSW5 (#5709)
(Cuernos 345 kV New Station)
",,Solar - Photovoltaic Solar,512.6,,,2023-04-19,Completed,2028-09-13,,,,Solar,Photovoltaic Solar,"SS Completed, FIS Started, IA",2023-04-19,2023-07-14,2023-04-03 00:00:00.000,,No,2025-11-03,,,Not Required,,,SOUTH,,,
26INR0089,Crescent C BESS,OCI La Salle ESS LLC,La Salle,Texas,Tap 345kV LOBO7A (#80219) - FOWLERTONSW5 (#5709) CKT#2,,Other - Battery Energy Storage,508.34,,,2023-04-07,Active,2028-02-12,,,,Other,Battery Energy Storage,"SS Completed, FIS Started, No IA",2023-04-07,2023-07-03,2023-03-15 00:00:00.000,,Yes,,,,,,,SOUTH,,,
26INR0098,Douie Solar,Buffalo Spring Solar LLC,Freestone,Texas,Tap 138 kV 3501 Sea way Teague - 3394 Jewett,,Solar - Photovoltaic Solar,221.2,,,2023-05-15,Completed,2028-04-18,,,,Solar,Photovoltaic Solar,"SS Completed, FIS Completed, IA",2023-05-15,2023-08-11,2023-05-12 00:00:00.000,2025-07-07,,2026-03-08,Not Required,Not Required,Not Required,2026-04-13 00:00:00,,NORTH,,,
26INR0107,Freedom Falcon BESS,"Falcon BESS, LLC",Zapata,Texas,Tap 345kV #80224 Tiempo - #80227 Rapido,,Other - Battery Energy Storage,501.9,,,2023-06-28,Active,2028-08-11,,,,Other,Battery Energy Storage,"SS Completed, FIS Started, No IA",2023-06-28,2023-09-22,2023-06-14 00:00:00.000,,Yes,,,,,,,SOUTH,,,
26INR0110,Western Flats Solar,Hecate Energy Point Mountain Solar Facility 1 LLC,Crane,Texas,Tap 138 kV 76615 Crane -76635 King Mountain; POI is 7.85 miles from Crane.,,Solar - Photovoltaic Solar,410.2,,,2023-04-07,Active,2028-11-01,,,,Solar,Photovoltaic Solar,"SS Completed, FIS Started, No IA",2023-04-07,2023-07-05,2023-09-11 00:00:00.000,,,,,,Not Required,,,WEST,,,
26INR0111,Graphic Packaging Gas,Graphic Packaging International,McLennan,Texas,Tap 138kV 3446 Peppervine Switch - 3544 Castleman Substation,,"Gas - Combustion (gas) Turbine, but not part of a Combined-Cycle",43.36,,,2024-01-11,Completed,2027-02-15,,,,Gas,"Combustion (gas) Turbine, but not part of a Combined-Cycle","SS Completed, FIS Completed, IA",2024-01-11,2024-03-19,2024-01-05 00:00:00.000,2024-12-03,,2026-07-30,2023-07-27 00:00:00,Not Required,2026-06-23 00:00:00,2026-08-17 00:00:00,2026-08-17 00:00:00,NORTH,,,
26INR0112,Lemma Solar,Greening USA Corp.,Knox,Texas,6088 Benjamin AEP 138kV ,,Solar - Photovoltaic Solar,100.61,,,2023-04-07,Active,2028-07-01,,,,Solar,Photovoltaic Solar,"SS Completed, FIS Started, No IA",2023-04-07,2023-07-05,2023-05-17 00:00:00.000,,,,,,Not Required,,,WEST,,,
26INR0113,Meitner Wind,"IP Meitner, LLC",Gray,Texas,79000 Gray Substation 345kV,,Wind - Wind Turbine,709.0,,,2023-07-18,Completed,2028-05-24,,,,Wind,Wind Turbine,"SS Completed, FIS Started, IA",2023-07-18,2023-10-15,2023-06-29 00:00:00.000,,,2024-04-19,,,Not Required,,,PANHANDLE,,,
26INR0116,Falcon Zapata Storage 138,"Falcon BESS, LLC",Zapata,Texas,Tap 138kV 8299 Zapata - 8957 Lopeno,,Other - Battery Energy Storage,200.79,,,2023-05-15,Completed,2028-03-11,,,,Other,Battery Energy Storage,"SS Completed, FIS Started, IA",2023-05-15,2023-08-11,2023-05-08 00:00:00.000,,No,2026-02-03,,,,2026-03-27 00:00:00,,SOUTH,,,
26INR0117,Oyster Creek Solar I SLF,"Oyster Creek Solar 1, LLC",Brazoria,Texas,Tap 138kV 42110 Angleton - 42050 Clute,,Solar - Photovoltaic Solar,0.0,,,2023-06-28,Active,2029-04-01,,,,Solar,Photovoltaic Solar,"SS Completed, FIS Started, No IA",2023-06-28,2023-09-22,2023-06-15 00:00:00.000,,No,,,,Not Required,,,COASTAL,,,
26INR0118,Oyster Creek Storage I SLF,"Oyster Creek Solar 1, LLC",Brazoria,Texas,Tap 138kV 42110 Angleton - 42050 Clute,,Other - Battery Energy Storage,0.0,,,2023-06-28,Active,2029-04-01,,,,Other,Battery Energy Storage,"SS Completed, FIS Started, No IA",2023-06-28,2023-09-22,2023-06-20 00:00:00.000,,No,,,,,,,COASTAL,,,
26INR0120,Bramble Energy Center,"Bramble Energy Center, LLC",Zavala,Texas,8236 West Batesville 138kV,,Other - Battery Energy Storage,225.1,,,2023-09-08,Active,2028-12-22,,,,Other,Battery Energy Storage,"SS Completed, FIS Started, No IA",2023-09-08,2023-12-04,2023-08-15 00:00:00.000,,,,Not Required,Not Required,,,,SOUTH,,,
26INR0121,Pioneer Hutt Solar (Alternative POI),NextEra Energy Interconnection Holdings LLC   ,Midland,Texas,"TAP 345kV 11028 Odessa Ehv - 59901 Grelton (West C)
",,Solar - Photovoltaic Solar,116.0,,,2023-06-28,Active,2028-07-01,,,,Solar,Photovoltaic Solar,"SS Completed, FIS Started, No IA",2023-06-28,2023-09-22,2023-06-12 00:00:00.000,,,,,,Not Required,,,WEST,,,
26INR0130,Elm Flats Solar SLF,"Orca Falls Solar, LLC",Navarro,Texas,Tap 138kV 3472 BRIAR_CRK_8 – 3467 POWELL1_8,,Solar - Photovoltaic Solar,125.84,,,2024-07-30,Completed,2027-09-30,,,,Solar,Photovoltaic Solar,"SS Completed, FIS Started, IA",2024-07-30,2023-09-01,2023-06-13 00:00:00.000,,,2025-11-21,,,Not Required,,,NORTH,,,
26INR0131,Elm Flats Storage SLF,"Orca Falls Solar, LLC",Navarro,Texas,Tap 138kV 3472 BRIAR_CRK_8 – 3467 POWELL1_8,,Other - Battery Energy Storage,0.0,,,2023-06-07,Completed,2027-09-30,,,,Other,Battery Energy Storage,"SS Completed, FIS Started, IA",2023-06-07,2023-09-01,2023-05-22 00:00:00.000,,,2025-11-21,Not Required,Not Required,,,,NORTH,,,
26INR0134,Myers Solar,"BT Myers Solar, LLC",Bee,Texas,8629 Baez 69 kV,,Solar - Photovoltaic Solar,101.59,,,2023-06-28,Active,2028-05-22,,,,Solar,Photovoltaic Solar,"SS Completed, FIS Started, No IA",2023-06-28,2023-09-20,2023-06-01 00:00:00.000,,,,,,Not Required,,,SOUTH,,,
26INR0135,Myers Storage,"BT Myers Solar, LLC",Bee,Texas,8629 Baez 69 kV,,Other - Battery Energy Storage,75.96,,,2023-06-28,Active,2028-05-22,,,,Other,Battery Energy Storage,"SS Completed, FIS Started, No IA",2023-06-28,2023-09-20,2023-06-01 00:00:00.000,,,,,,,,,SOUTH,,,
26INR0143,Santa Garcias Solar,Oxy Renewable Energy LLC,Kleberg,Texas,Tap 138kV 8515 Alazan - 8458 Barney Davis,,Solar - Photovoltaic Solar,265.0,,,2023-06-28,Completed,2029-05-30,,,,Solar,Photovoltaic Solar,"SS Completed, FIS Started, IA",2023-06-28,2023-09-22,2023-06-07 00:00:00.000,,No,2025-12-31,,,Not Required,,,COASTAL,,,
26INR0144,Wittig Solar,Greenalia Solar Power Wittig LLC,Wharton,Texas,138 kV Gulftie (#43340) – San Bernard (#43110),,Solar - Photovoltaic Solar,106.9,,,2024-02-27,Active,2028-10-30,,,,Solar,Photovoltaic Solar,"SS Completed, FIS Started, No IA",2024-02-27,2024-05-24,2024-01-18 00:00:00.000,,No,,Not Required,Not Required,Not Required,,,SOUTH,,,
26INR0146,DMF Sagerton Solar SLF,Double Mountain Fork LLC,Haskell,Texas,Tap 138kV 6158 Aspermont – 6161 Paint Creek,,Solar - Photovoltaic Solar,125.5,,,2023-07-31,Active,2028-12-15,,,,Solar,Photovoltaic Solar,"SS Completed, FIS Started, No IA",2023-07-31,2023-10-27,2023-07-24 00:00:00.000,,,,,,Not Required,,,WEST,,,
26INR0147,Seven Springs Solar,"Hancock Springs, LLC",Lampasas,Texas,Tap 7061 COPPERAS COVE 7260 Kempner 138kV,,Solar - Photovoltaic Solar,145.0,,,2023-09-22,Completed,2028-05-26,,,,Solar,Photovoltaic Solar,"SS Completed, FIS Started, IA",2023-09-22,2023-12-14,2023-09-05 00:00:00.000,,,2025-08-28,Not Required,Not Required,Not Required,,,NORTH,,,
26INR0148,DMF Sagerton Storage SLF,Double Mountain Fork LLC,Haskell,Texas,Tap 138kV 6158 Aspermont – 6161 Paint Creek,,Other - Battery Energy Storage,0.0,,,2023-07-31,Active,2028-12-15,,,,Other,Battery Energy Storage,"SS Completed, FIS Started, No IA",2023-07-31,2023-10-27,2023-07-20 00:00:00.000,,,,,,,,,WEST,,,
26INR0150,Proving Ground Solar,Lantana Solar LLC,Schleicher,Texas,Tap 138 kV Live Oak (6500) - Santiago (6490),,Solar - Photovoltaic Solar,82.1,,,2023-07-10,Active,2028-06-30,,,,Solar,Photovoltaic Solar,"SS Completed, FIS Started, No IA",2023-07-10,2023-10-05,2024-01-26 16:36:16.000,,,,Not Required,Not Required,Not Required,,,WEST,,,
26INR0155,Ross Solar," S&S Renewables, LLC",Refugio,Texas,tap 345kV 8249 Angstrom – 8676 Static,,Solar - Photovoltaic Solar,1025.57,,,2023-07-31,Completed,2027-07-31,,,,Solar,Photovoltaic Solar,"SS Completed, FIS Started, IA",2023-07-31,2023-10-27,2023-07-18 00:00:00.000,,Yes,2024-06-27,,,Not Required,,,COASTAL,,,
26INR0156,Ross Storage," S&S Renewables, LLC",Refugio,Texas,tap the 345 kV Angstrom (#8249) – Static (#8676) line; AEP,,Other - Battery Energy Storage,510.99,,,2023-08-14,Completed,2027-07-31,,,,Other,Battery Energy Storage,"SS Completed, FIS Started, IA",2023-08-14,2023-11-03,2023-07-27 00:00:00.000,,Yes,2024-06-27,,,,,,COASTAL,,,
26INR0159,Proving Ground BESS,Lantana Solar LLC,Schleicher,Texas,"Tap 138kV 6500 Live Oak - 6490 Santiago
",,Other - Battery Energy Storage,51.4,,,2023-07-10,Active,2028-06-30,,,,Other,Battery Energy Storage,"SS Completed, FIS Started, No IA",2023-07-10,2023-10-05,2024-01-26 16:41:11.000,,,,,,,,,WEST,,,
26INR0161,Timberline Solar,"Timberline Renewables, LLC",Nacogdoches,Texas,Tap 345 kV 3119 Nacogdoches SE - 3116 Mt Enterprise,,Solar - Photovoltaic Solar,201.0,,,2023-08-14,Active,2029-10-05,,,,Solar,Photovoltaic Solar,"SS Completed, FIS Started, No IA",2023-08-14,2023-11-10,2023-08-02 00:00:00.000,,Yes,,Not Required,Not Required,Not Required,,,NORTH,,,
26INR0162,Timberline Storage,"Timberline Renewables, LLC",Nacogdoches,Texas,Tap 345 kV 3119 Nacogdoches SE - 3116 Mt Enterprise,,Other - Battery Energy Storage,100.5,,,2023-08-14,Active,2029-10-05,,,,Other,Battery Energy Storage,"SS Completed, FIS Started, No IA",2023-08-14,2023-11-10,2023-08-04 00:00:00.000,,Yes,,,,,,,NORTH,,,
26INR0171,Lazy U Solar 1,Lazy U Solar 1,Hardeman,Texas,Tap 345kV 60505 EDITHCLA7B - 60501 TESLA7A ckt2,,Solar - Photovoltaic Solar,252.0,,,2023-08-21,Active,2029-06-30,,,,Solar,Photovoltaic Solar,"SS Completed, FIS Started, No IA",2023-08-21,2023-11-02,2023-08-09 00:00:00.000,,Yes,,,,Not Required,,,WEST,,,
26INR0172,Lazy U Solar 2,Lazy U Solar 2,Hardeman,Texas,Tap 345kV 60505 EDITHCLA7B - 60501 TESLA7A CKT2,,Solar - Photovoltaic Solar,252.0,,,2023-08-21,Active,2029-06-30,,,,Solar,Photovoltaic Solar,"SS Completed, FIS Started, No IA",2023-08-21,2023-11-02,2023-08-15 00:00:00.000,,Yes,,,,Not Required,,,WEST,,,
26INR0173,Juniper Ridge BESS 1,Lazy U ESS 1,Hardeman,Texas,Tap EDITHCLA7B [60505] -- TESLA7A [60501] 345kV ckt2,,Other - Battery Energy Storage,251.5,,,2023-09-08,Active,2029-06-30,,,,Other,Battery Energy Storage,"SS Completed, FIS Started, No IA",2023-09-08,2023-12-04,2023-08-16 00:00:00.000,,Yes,,,,,,,WEST,,,
26INR0174,Juniper Ridge BESS 2,Lazy U ESS 2,Hardeman,Texas,Tap EDITHCLA7B [60505] -- TESLA7A [60501] ckt2,,Other - Battery Energy Storage,251.5,,,2023-08-21,Active,2029-06-30,,,,Other,Battery Energy Storage,"SS Completed, FIS Started, No IA",2023-08-21,2023-11-02,2023-08-16 00:00:00.000,,Yes,,,,,,,WEST,,,
26INR0176,Dionysus Solar,"Dionysus Solar, LLC",Houston,Texas,Tap 138kV 6733 Mustang Prairie - 6732 Latexo,,Solar - Photovoltaic Solar,153.26,,,2023-06-28,Completed,2027-03-11,,,,Solar,Photovoltaic Solar,"SS Completed, FIS Started, IA",2023-06-28,2023-09-22,2023-06-05 00:00:00.000,,,2026-07-31,,,Not Required,,,NORTH,,,
26INR0177,Dionysus Storage,"Dionysus Solar, LLC",Houston,Texas,Tap 138kV 6733 Mustang Prairie - 6732 Latexo,,Other - Battery Energy Storage,77.28,,,2023-06-28,Completed,2027-03-11,,,,Other,Battery Energy Storage,"SS Completed, FIS Started, IA",2023-06-28,2023-09-22,2023-06-05 00:00:00.000,,,2026-07-31,,,,,,NORTH,,,
26INR0179,SunShiner ESS,SunShiner ESS LLC,Zavala,Texas,8008 La Pryor4A,,Other - Battery Energy Storage,200.0,,,2023-09-25,Active,2029-05-11,,,,Other,Battery Energy Storage,"SS Completed, FIS Started, No IA",2023-09-25,2023-12-21,2023-09-20 00:00:00.000,,No,,,,,,,SOUTH,,,
26INR0180,Cape Rich BESS,Cape Rich BESS,Navarro,Texas,3387 Revolution Switch 138kV,,Other - Battery Energy Storage,150.52,,,2023-07-10,Completed,2030-04-18,,,,Other,Battery Energy Storage,"SS Completed, FIS Completed, IA",2023-07-10,2023-10-06,2023-07-03 00:00:00.000,2024-06-26,No,2025-02-03,Not Required,Not Required,,,,NORTH,,,
26INR0181,Solar Star Frontier BESS,"Solar Star Frontier BESS, LLC",Cameron,Texas,8656 Luna 138kV,,Other - Battery Energy Storage,101.02,,,2023-06-28,Active,2029-02-27,,,,Other,Battery Energy Storage,"SS Completed, FIS Started, No IA",2023-06-28,2023-09-22,2023-12-18 00:00:00.000,,No,,Not Required,Not Required,,,,COASTAL,,,
26INR0184,Arc Energy Storage,"Paris Energy Storage, LLC",Lamar,Texas,Tap 138kV 1693 Paris Switch - 11806 ENLOE T8 ,,Other - Battery Energy Storage,204.5,,,2023-07-31,Active,2028-06-30,,,,Other,Battery Energy Storage,"SS Completed, FIS Completed, No IA",2023-07-31,2023-10-27,2023-07-25 00:00:00.000,2025-05-02,,,,,,,,NORTH,,,
26INR0185,Beitel Energy Storage,"Brazos Energy Storage, LLC",Jack,Texas,579 Jack County 138kV,,Other - Battery Energy Storage,200.6,,,2023-08-14,Active,2027-12-31,,,,Other,Battery Energy Storage,"SS Completed, FIS Started, No IA",2023-08-14,2023-11-10,2023-08-02 00:00:00.000,,,,Not Required,Not Required,,,,NORTH,,,
26INR0188,Western Flats Storage,Hecate Energy Point Mountain Solar Facility 1 LLC,Crane,Texas,Tap 138 kV 76615 Crane -76635 King Mountain,,Other - Battery Energy Storage,410.7,,,2024-04-09,Active,2028-11-01,,,,Other,Battery Energy Storage,"SS Completed, FIS Started, No IA",2024-04-09,2024-07-05,2025-01-07 00:00:00.000,,,,,,,,,WEST,,,
26INR0189,Skipjack Energy Storage,Skipper Energy Storage LLC,Brazoria,Texas,Tap 138 42980 Nash - 44010 W A Parish ckt #2,,Other - Battery Energy Storage,150.6,,,2023-07-31,Completed,2028-02-28,,,,Other,Battery Energy Storage,"SS Completed, FIS Started, IA",2023-07-31,2023-10-27,2023-07-29 00:00:00.000,,,2024-08-13,,,,2025-02-24 00:00:00,,COASTAL,,,
26INR0194,Motif BESS II,"Motif Storage, LLC ",Bandera,Texas,7440 Tarpley 138kV,,Other - Battery Energy Storage,201.13,,,2024-11-19,Active,2029-02-19,,,,Other,Battery Energy Storage,"SS Completed, FIS Started, No IA",2024-11-19,2025-02-18,2024-10-29 00:00:00.000,,,,,,,,,SOUTH,,,
26INR0195,Realitos Storage SLF,Mesquite Creek LLC,Duval,Texas,Bruni (#8297) – Crestonio (#8695) 138 kV line; AEP,,Other - Battery Energy Storage,0.0,,,2023-09-07,Active,2028-12-15,,,,Other,Battery Energy Storage,"SS Completed, FIS Started, No IA",2023-09-07,2023-12-05,2023-08-02 00:00:00.000,,No,,Not Required,Not Required,,,,SOUTH,,,
26INR0196,Realitos  Solar SLF,Mesquite Creek LLC,Duval,Texas,Bruni (#8297) – Crestonio (#8695) 138 kV line; AEP,,Solar - Photovoltaic Solar,150.49,,,2023-09-07,Active,2028-12-15,,,,Solar,Photovoltaic Solar,"SS Completed, FIS Started, No IA",2023-09-07,2023-12-05,2023-07-20 00:00:00.000,,No,,Not Required,Not Required,Not Required,,,SOUTH,,,
26INR0200,Vaughn Energy Storage,"Vaughn Battery Storage, LLC",Grimes,Texas,13 Keith 138kV,,Other - Battery Energy Storage,200.6,,,2023-08-21,Active,2027-12-31,,,,Other,Battery Energy Storage,"SS Completed, FIS Completed, No IA",2023-08-21,2023-11-17,2023-08-20 00:00:00.000,2025-12-19,,,,,,,,NORTH,,,
26INR0201,Rock Rose BESS,Rock Rose Energy Storage LLC,Fort Bend,Texas,44070 Whaley 345 kV,,Other - Battery Energy Storage,208.5,,,2023-09-22,Completed,2027-03-19,,,,Other,Battery Energy Storage,"SS Completed, FIS Completed, IA",2023-09-22,2023-12-14,2023-09-08 00:00:00.000,2026-03-18,No,2024-06-15,Not Required,Not Required,2025-11-12 00:00:00,2025-11-13 00:00:00,2026-05-26 00:00:00,HOUSTON,,,
26INR0211,Titus Low Carbon Ventures Solar 1,"Vaquero Solar, LLC",San Patricio,Texas,Tap 345kV 8249 Angstrom - 8624 Grissom ,,Solar - Photovoltaic Solar,338.04,,,2023-10-13,Completed,2028-10-16,,,,Solar,Photovoltaic Solar,"SS Completed, FIS Started, IA",2023-10-13,2024-01-10,2023-09-21 00:00:00.000,,Yes,2026-05-26,,,Not Required,,,COASTAL,,,
26INR0215,JackGard BESS,Jackgard BESS,Jack,Texas,1429 Jacksboro 345kV,,Other - Battery Energy Storage,200.59,,,2023-08-14,Active,2028-04-17,,,,Other,Battery Energy Storage,"SS Completed, FIS Completed, No IA",2023-08-14,2023-11-02,2023-07-31 00:00:00.000,2024-11-15,No,,,,,,,NORTH,,,
26INR0218,Fort Chadbourne Cattle BESS,Fort Chadbourne BESS,Coke,Texas,6324 Fort Chadbourne 138 kv ,,Other - Battery Energy Storage,50.23,,,2023-08-21,Active,2027-06-29,,,,Other,Battery Energy Storage,"SS Completed, FIS Started, No IA",2023-08-21,2023-11-06,2023-07-31 00:00:00.000,,,,,,,,,WEST,,,
26INR0219,Mountain Springs BESS,Mountain Springs BESS,Cooke,Texas,704 Mountain Springs 138 kV,,Other - Battery Energy Storage,150.52,,,2023-10-04,Active,2029-04-01,,,,Other,Battery Energy Storage,"SS Completed, FIS Completed, No IA",2023-10-04,2023-12-30,2023-09-21 00:00:00.000,2025-06-05,No,,,,,,,NORTH,,,
26INR0222,GOTHAM BESS,AEU BATTERY PROJECT IV LLC ,Nueces,Texas,5640 DRISCOLLSUB9 69kV,,Other - Battery Energy Storage,151.2,,,2023-07-31,Active,2027-03-17,,,,Other,Battery Energy Storage,"SS Completed, FIS Started, No IA",2023-07-31,2023-10-27,2024-06-17 00:00:00.000,,,,,,,,,COASTAL,,,
26INR0226,First Capitol BESS,"First Capitol BESS, LLC",Brazoria,Texas,Tap 138kV West Columbia Main (39500) - Sweeny Cogen (110505),,Other - Battery Energy Storage,257.48,,,2023-10-04,Completed,2027-11-01,,,,Other,Battery Energy Storage,"SS Completed, FIS Started, IA",2023-10-04,2023-12-14,2023-09-22 00:00:00.000,,No,2025-05-15,Not Required,Not Required,,2025-02-12 00:00:00,,COASTAL,,,
26INR0228,Santa Monica Solar,Karol Solar IV,Navarro,Texas,Tap 345 KV 68091 NAVARRO - 3381 BIGBRNW_5 Ckt 2,,Solar - Photovoltaic Solar,105.85,,,2023-09-07,Active,2028-09-20,,,,Solar,Photovoltaic Solar,"SS Completed, FIS Completed, No IA",2023-09-07,2023-12-04,2024-09-24 00:00:00.000,2026-08-12,No,,,,Not Required,,,NORTH,,,
26INR0229,Pamplona Solar,Karol Solar III,Austin,Texas,"Tap 138 kV 44740 WALLIS_S65_8  - 44700 GEBHRT_X65B8 Ckt#65

",,Solar - Photovoltaic Solar,42.38,,,2023-08-14,Active,2028-10-17,,,,Solar,Photovoltaic Solar,"SS Completed, FIS Completed, No IA",2023-08-14,2023-11-03,2024-06-18 00:00:00.000,2025-07-25,,,,,Not Required,,,SOUTH,,,
26INR0231,Energy City BESS,Energy City BESS LLC,Midland,Texas,Tap 138kV AQUEDUCT SUB(#1172) - Mockingbird North Tap(#11299) ,,Other - Battery Energy Storage,204.9,,,2023-10-04,Active,2029-05-07,,,,Other,Battery Energy Storage,"SS Completed, FIS Started, No IA",2023-10-04,2023-12-30,2023-09-25 00:00:00.000,,,,,,,,,WEST,,,
26INR0238,Clapton Solar,Clapton Solar,Mills,Texas,Tap 345 kV 3424 Buckhorn Switch - 1444 Brown Switch,,Solar - Photovoltaic Solar,200.99,,,2024-03-22,Active,2028-08-09,,,,Solar,Photovoltaic Solar,"SS Completed, FIS Started, No IA",2024-03-22,2024-06-19,2024-02-13 00:00:00.000,,,,,,Not Required,,,NORTH,,,
26INR0241,Sol Marina SLF Energy Center ,"Sol Marina Energy Center, LLC",Ellis,Texas,Tap 345kV Stainback Switch (bus# 2217) – Big Onion Switch (bus# 2466),,Solar - Photovoltaic Solar,171.09,,,2023-10-25,Completed,2027-10-29,,,,Solar,Photovoltaic Solar,"SS Completed, FIS Started, IA",2023-10-25,2024-01-22,2023-09-07 00:00:00.000,,No,2025-04-25,Not Required,Not Required,Not Required,2025-07-29 00:00:00,,NORTH,,,
26INR0243,Caladium BESS,"Caladium Storage, LLC",Waller,Texas,57664 Sunnyside 69kV,,Other - Battery Energy Storage,201.28,,,2024-11-19,Active,2027-11-30,,,,Other,Battery Energy Storage,"SS Completed, FIS Started, No IA",2024-11-19,2025-02-18,2024-10-29 00:00:00.000,,,,,,,,,HOUSTON,,,
26INR0247,Jane Storage Energy Center,"NMRE Holdings, LLC",Martin,Texas,59901 Grelton 345 kV ,,Other - Battery Energy Storage,240.6,,,2023-09-08,Active,2030-11-01,,,,Other,Battery Energy Storage,"SS Completed, FIS Started, No IA",2023-09-08,2023-12-01,2023-08-28 00:00:00.000,,,,Not Required,Not Required,,,,WEST,,,
26INR0250,Duffy BESS,Duffy Energy Storage LLC,Matagorda,Texas,Tap 345kV WAP to STP CKT39 (PTI# 5915-44000 CKT 39),,Other - Battery Energy Storage,241.05,,,2023-08-21,Completed,2026-12-31,,,,Other,Battery Energy Storage,"SS Completed, FIS Completed, IA",2023-08-21,2023-11-17,2023-08-08 00:00:00.000,2026-03-03,No,2025-07-28,,,,2025-08-04 00:00:00,2026-04-27 00:00:00,COASTAL,,,
26INR0252,Neutron Storage,"Elawan Neutron Storage, LLC",McLennan,Texas,Tap 345kV 13405 Trading House - 68090 Sam Switch,,Other - Battery Energy Storage,104.5,,,2023-09-08,Completed,2028-04-29,,,,Other,Battery Energy Storage,"SS Completed, FIS Completed, IA",2023-09-08,2023-12-01,2023-08-21 00:00:00.000,2025-05-16,No,2025-12-05,Not Required,Not Required,,,,NORTH,,,
26INR0253,Goldfinch Solar,"BT DJ4M Solar, LLC",Van Zandt,Texas,Tap Connection Bus 2485 Poetry Switch to 3103 Shamburger Switch,,Solar - Photovoltaic Solar,150.77,,,2023-09-22,Active,2029-03-31,,,,Solar,Photovoltaic Solar,"SS Completed, FIS Started, No IA",2023-09-22,2023-12-14,2023-09-15 00:00:00.000,,No,,Not Required,Not Required,Not Required,,,NORTH,,,
26INR0254,Goldfinch Storage,"BT DJ4M Solar, LLC",Van Zandt,Texas,Tap Connection Bus 2485 Poetry Switch – 3223 Shamburger Switch ,,Other - Battery Energy Storage,100.44,,,2023-10-04,Active,2030-03-31,,,,Other,Battery Energy Storage,"SS Completed, FIS Started, No IA",2023-10-04,2023-12-14,2023-09-20 00:00:00.000,,,,Not Required,Not Required,,,,NORTH,,,
26INR0255,Operation Sunshine,"Duck Creek Solar, LLC",Concho,Texas, 7077 Amos Creek 345kV,,Solar - Photovoltaic Solar,603.2,,,2023-11-14,Completed,2029-04-01,,,,Solar,Photovoltaic Solar,"SS Completed, FIS Started, IA",2023-11-14,2024-02-09,2023-09-27 00:00:00.000,,,2025-08-27,,,Not Required,2025-09-11 00:00:00,,WEST,,,
26INR0256,Camino Ranch Solar 2 SLF,Camino Ranch Solar Project LLC,Houston,Texas,Tap to Jim English (#3351) – Flat Branch (#3345) 138kV,,Solar - Photovoltaic Solar,237.21,,,2024-02-27,Completed,2028-12-09,,,,Solar,Photovoltaic Solar,"SS Completed, FIS Completed, IA",2024-02-27,2024-05-24,2024-01-10 00:00:00.000,2026-05-08,No,2025-12-31,,,Not Required,,,NORTH,,,
26INR0257,Camino Ranch Storage 2 SLF,Camino Ranch Solar LLC,Houston,Texas,Tap to Jim English (#3351) – Flat Branch (#3345) 138kV,,Other - Battery Energy Storage,238.45,,,2024-02-02,Completed,2028-12-09,,,,Other,Battery Energy Storage,"SS Completed, FIS Completed, IA",2024-02-02,2024-04-29,2023-10-12 00:00:00.000,2026-05-08,No,2025-12-31,,,,,,NORTH,,,
26INR0258,Running Iron Solar,"Running Iron Solar, LLC",Matagorda,Texas,Tap 138kV Conoco 8138 - Black Cat 80124,,Solar - Photovoltaic Solar,204.74,,,2023-10-25,Active,2028-10-16,,,,Solar,Photovoltaic Solar,"SS Completed, FIS Started, No IA",2023-10-25,2024-01-22,2023-10-19 00:00:00.000,,No,,,,Not Required,,,COASTAL,,,
26INR0259,Cottontail Energy Center,"Cottontail Energy Center, LLC",Colorado,Texas,7258 Glidden Substation 138kV,,Other - Battery Energy Storage,200.85,,,2023-10-25,Active,2027-10-19,,,,Other,Battery Energy Storage,"SS Completed, FIS Started, No IA",2023-10-25,2024-01-22,2023-10-17 00:00:00.000,,,,,,,,,SOUTH,,,
26INR0260,Evans Creek Energy Storage,Evans Creek Energy Storage LLC,Val Verde,Texas,Comstock 138kV Substation (PSSE Bus #8683),,Other - Battery Energy Storage,102.96,,,2023-10-25,Active,2028-04-01,,,,Other,Battery Energy Storage,"SS Completed, FIS Started, No IA",2023-10-25,2024-01-22,2023-10-19 00:00:00.000,,No,,,,,,,WEST,,,
26INR0261,Bastrop Peaking Generators (TEF-Due Diligence),"MPH Bastrop Peakers, LLC",Bastrop,Texas,7048 L_GARFIE5_1Y 345kV,,"Gas - Combustion (gas) Turbine, but not part of a Combined-Cycle",1104.0,,,2024-02-02,Completed,2027-12-07,,,,Gas,"Combustion (gas) Turbine, but not part of a Combined-Cycle","SS Completed, FIS Started, IA",2024-02-02,2024-05-01,2024-03-15 00:00:00.000,,,2025-12-19,,,,,,SOUTH,,,
26INR0269,Moccasin Solar,Swenson Solar LLC,Stonewall,Texas,Tapping the 345 kV Line from Kirchhoff (Bus# 60707) to Clear Crossing (Bus# 60515),,Solar - Photovoltaic Solar,603.59,,,2023-09-07,Completed,2027-07-06,,,,Solar,Photovoltaic Solar,"SS Completed, FIS Completed, IA",2023-09-07,2023-12-06,2023-09-01 00:00:00.000,2026-01-08,Yes,2024-09-04,Not Required,Not Required,Not Required,2025-02-12 00:00:00,2026-04-21 00:00:00,WEST,,,
26INR0273,Momentum Hazy Jane BESS,"MOMENTUM HAZY JANE, LLC",Ector,Texas,Tap 138kV 1102 Judkins - 1110 Edward,,Other - Battery Energy Storage,125.5,,,2023-11-14,Active,2028-02-26,,,,Other,Battery Energy Storage,"SS Completed, FIS Started, No IA",2023-11-14,2024-02-09,2024-08-08 00:00:00.000,,,,,,,,,WEST,,,
26INR0280,Pethrus BESS,"Pethrus BESS, LLC",Wichita,Texas,Tap Wichita Falls Switch (#1464) – North Star (#1467) 138 kV Line,,Other - Battery Energy Storage,174.08,,,2023-09-23,Active,2029-03-03,,,,Other,Battery Energy Storage,"SS Completed, FIS Completed, No IA",2023-09-23,2023-12-20,2023-08-30 00:00:00.000,2025-03-18,No,,Not Required,Not Required,,,,WEST,,,
26INR0285,Hill Valley BESS,"Hill Valley BESS, LLC",Grimes,Texas,345 kV Singleton (#44645),,Other - Battery Energy Storage,245.8,,,2023-12-04,Completed,2028-07-15,,,,Other,Battery Energy Storage,"SS Completed, FIS Completed, IA",2023-12-04,2024-03-01,2023-11-10 00:00:00.000,2024-12-03,,2026-04-21,,,,,,NORTH,,,
26INR0287,Firebird BESS,"TX BESS 6, LLC",Ector,Texas,Tap 138kV #1099 Southwestern Portland Tap - #1052 Rexall,,Other - Battery Energy Storage,102.65,,,2023-11-14,Active,2029-06-29,,,,Other,Battery Energy Storage,"SS Completed, FIS Started, No IA",2023-11-14,2024-02-09,2023-10-31 00:00:00.000,,,,Not Required,Not Required,,,,WEST,,,
26INR0290,Cold Creek Solar 2,Cold Creek Solar and Storage LLC,Schleicher,Texas,Tap 345kV line Big Hill (#76003) - Twin Buttes (#76009),,Solar - Photovoltaic Solar,431.87,,,2023-12-18,Completed,2028-05-28,,,,Solar,Photovoltaic Solar,"SS Completed, FIS Started, IA",2023-12-18,2024-03-01,2023-11-07 00:00:00.000,,,2025-04-23,,,Not Required,,,WEST,,,
26INR0291,Cold Creek Storage 2,Cold Creek Solar and Storage LLC,Schleicher,Texas,Tap 345kV line Big Hill (#76003) - Twin Buttes (#76009),,Other - Battery Energy Storage,171.75,,,2023-12-04,Completed,2028-05-28,,,,Other,Battery Energy Storage,"SS Completed, FIS Started, IA",2023-12-04,2024-03-01,2023-11-02 00:00:00.000,,,2025-04-23,Not Required,Not Required,,,,WEST,,,
26INR0294,Longleaf Power Station ,"WattBridge Texas Holdings, LLC",Angelina,Texas,Redland Substation (# 3321),,"Gas - Combustion (gas) Turbine, but not part of a Combined-Cycle",600.0,,,2023-10-13,Active,2029-03-31,,,,Gas,"Combustion (gas) Turbine, but not part of a Combined-Cycle","SS Completed, FIS Started, No IA",2023-10-13,2024-01-09,2023-10-04 00:00:00.000,,No,,Not Required,Not Required,,,,NORTH,,,
26INR0295,Trinity Hills BESS SLF,"Phoenix Battery Storage, LLC ",Archer,Texas,To the 345 kV Garvey Road Switch (#17002),,Other - Battery Energy Storage,94.0,,,2023-11-30,Active,2028-01-24,,,,Other,Battery Energy Storage,"SS Completed, FIS Started, No IA",2023-11-30,2024-02-26,2023-11-03 00:00:00.000,,No,,,,,,,WEST,,,
26INR0296,Sherbino II BESS SLF,"Phoenix Battery Storage, LLC",Pecos,Texas,38430 TNMP White baker Switching Station 138kV,,Other - Battery Energy Storage,77.37,,,2023-11-30,Completed,2027-04-19,,,,Other,Battery Energy Storage,"SS Completed, FIS Completed, IA",2023-11-30,2024-02-27,2023-11-16 00:00:00.000,2025-04-23,,2024-08-01,,,,2025-02-12 00:00:00,2025-05-14 00:00:00,WEST,,,
26INR0297,Buzzi Maryneal Wind Project,Buzzi Unicem USA,Nolan,Texas,1413 SWEETCRK-9 ,,Wind - Wind Turbine,18.0,,,2023-10-25,Active,2026-01-02,,,,Wind,Wind Turbine,"SS Completed, FIS Started, No IA",2023-10-25,2024-01-22,2023-10-16 00:00:00.000,,No,,Not Required,Not Required,Not Required,,,WEST,,,
26INR0300,Whitewright Solar 2,"SunWR, LLC",Grayson,Texas,Tap 345kV 1729 Valley South – Anna Switch 2373,,Solar - Photovoltaic Solar,301.69,,,2023-12-18,Active,2028-05-02,,,,Solar,Photovoltaic Solar,"SS Completed, FIS Started, No IA",2023-12-18,2024-03-15,2023-11-07 00:00:00.000,,,,,,Not Required,,,NORTH,,,
26INR0301,Bhalu Storage,"Bhalu Storage, LLC",Howard,Texas,Tap 138kV Bulldog (#23833) – Elbow (#23834) ,,Other - Battery Energy Storage,205.5,,,2023-10-30,Active,2028-04-21,,,,Other,Battery Energy Storage,"SS Completed, FIS Started, No IA",2023-10-30,2024-01-26,2023-10-23 00:00:00.000,,No,,Not Required,Not Required,,,,WEST,,,
26INR0302,Young County Energy Storage,Young County Energy Storage LLC,Young,Texas,"TAP 138 KV BUS AND CREAT NEW BUS BETWEEN MURRAY (792) AND GRAHAM SES (1431)
COUNTY : YOUNG
",,Other - Battery Energy Storage,104.5,,,2024-02-27,Active,2028-08-01,,,,Other,Battery Energy Storage,"SS Completed, FIS Completed, No IA",2024-02-27,2024-05-20,2024-02-12 00:00:00.000,2026-07-13,,,Not Required,Not Required,,,,WEST,,,
26INR0304,JUNIPERUSSS,BLUE STONE RENEWABLE XXI LLC,Hopkins,Texas,TAP CASHSW_T5 (2464) -SULSP_SS1_5 (1697),,Solar - Photovoltaic Solar,80.33,,,2024-01-11,Active,2029-07-09,,,,Solar,Photovoltaic Solar,"SS Completed, FIS Started, No IA",2024-01-11,2024-04-08,2024-01-04 00:00:00.000,,,,Not Required,Not Required,Not Required,,,NORTH,,,
26INR0306,Nautilus Heavy Storage,"Nautilus Heavy Storage, LLC",San Patricio,Texas,8422 Dupont 138kV ,,Other - Battery Energy Storage,256.24,,,2023-12-20,Active,2030-01-30,,,,Other,Battery Energy Storage,"SS Completed, FIS Started, No IA",2023-12-20,2024-03-15,2023-12-01 00:00:00.000,,No,,,,,,,COASTAL,,,
26INR0309,Solace Storage,"IP Quantum BESS, LLC",Haskell,Texas,tap 345kV 1430 Graham - 1048 Tonkawas,,Other - Battery Energy Storage,321.79,,,2024-03-22,Completed,2026-09-01,,,2026-03-03,Other,Battery Energy Storage,"SS Completed, FIS Completed, IA",2024-03-22,2024-06-19,2024-02-22 00:00:00.000,2025-06-09,No,2025-03-21,Not Required,Not Required,,2025-07-24 00:00:00,2025-07-24 00:00:00,WEST,2026-01-30,2026-03-03,
26INR0310,Quantum Storage,"IP Quantum II BESS, LLC",Haskell,Texas,60089 Kilby Switching Station 345kV,,Other - Battery Energy Storage,321.75,,,2024-03-22,Completed,2026-09-01,,,2026-04-10,Other,Battery Energy Storage,"SS Completed, FIS Completed, IA",2024-03-22,2024-06-19,2024-02-22 00:00:00.000,2025-06-16,No,2023-10-26,Not Required,Not Required,,2025-08-04 00:00:00,2025-08-04 00:00:00,WEST,2026-03-26,2026-04-10,
26INR0311,Senator Aggreko Solar,Senator Aggreko Solar LLC,Maverick,Texas,138 kV Sunglow Substation (#78016),,Solar - Photovoltaic Solar,251.0,,,2024-02-02,Completed,2029-03-31,,,,Solar,Photovoltaic Solar,"SS Completed, FIS Started, IA",2024-02-02,2024-04-29,2023-10-18 00:00:00.000,,,2025-12-31,,,Not Required,,,SOUTH,,,
26INR0312,Senator Aggreko Storage,Senator Aggreko Storage LLC,Maverick,Texas,138 kV Sunglow Substation (#78016),,Other - Battery Energy Storage,153.1,,,2023-11-14,Completed,2029-03-31,,,,Other,Battery Energy Storage,"SS Completed, FIS Started, IA",2023-11-14,2024-01-08,2023-10-25 00:00:00.000,,,2025-12-31,,,,,,SOUTH,,,
26INR0313,Edens Solar,"Hill PV, LLC",Hill,Texas,Tap 69kV 3532 Itasca - 3523 Hillsboro,,Solar - Photovoltaic Solar,70.75,,,2023-10-25,Active,2028-04-09,,,,Solar,Photovoltaic Solar,"SS Completed, FIS Started, No IA",2023-10-25,2024-01-22,2023-10-20 00:00:00.000,,,,,,Not Required,,,NORTH,,,
26INR0314,Brazos River BESS,Brazos River BESS LLC,Brazoria,Texas,Tap 138kV 39530 West Colombia LOCAL TNP - 39560 ANGLETON TNP,,Other - Battery Energy Storage,180.36,,,2023-10-04,Completed,2027-10-30,,,,Other,Battery Energy Storage,"SS Completed, FIS Completed, IA",2023-10-04,2024-01-01,2024-05-24 00:00:00.000,2024-11-04,,2025-05-24,Not Required,Not Required,,,,COASTAL,,,
26INR0317,Pinnacle Point Energy Storage,"GCI Pinnacle Point, LLC",Harris,Texas,Tap Highlands (Bus # 40812) - HANEY ( BUS # 40790) 138 kV,,Other - Battery Energy Storage,101.3,,,2023-11-14,Active,2029-07-10,,,,Other,Battery Energy Storage,"SS Completed, FIS Completed, No IA",2023-11-14,2024-01-08,2023-11-08 00:00:00.000,2025-11-10,Yes,,Not Required,Not Required,,,,HOUSTON,,,
26INR0318,Sandford Solar,"BT Sandford Solar, LLC",Wise,Texas,Tap 345kV Bird Dog (Bus #11736) - Jacksboro (Bus #1429) ,,Solar - Photovoltaic Solar,126.18,,,2024-01-03,Active,2029-01-30,,,,Solar,Photovoltaic Solar,"SS Completed, FIS Started, No IA",2024-01-03,2024-03-29,2023-12-12 00:00:00.000,,No,,Not Required,Not Required,Not Required,,,NORTH,,,
26INR0319,Sandford Storage,"BT Sandford Solar, LLC",Wise,Texas,Tap 345kV Bird Dog (Bus #11736) - Jacksboro (Bus #1429) ,,Other - Battery Energy Storage,100.93,,,2024-01-03,Active,2029-01-30,,,,Other,Battery Energy Storage,"SS Completed, FIS Started, No IA",2024-01-03,2024-03-29,2023-12-12 00:00:00.000,,No,,Not Required,Not Required,,,,NORTH,,,
26INR0324,Misty Hollow BESS,"Clear Fork BESS, LLC",Grimes,Texas,345 kV Singleton (#44645),,Other - Battery Energy Storage,245.8,,,2023-12-20,Completed,2028-07-15,,,,Other,Battery Energy Storage,"SS Completed, FIS Completed, IA",2023-12-20,2024-03-15,2023-12-06 00:00:00.000,2025-03-04,,2025-12-04,Not Required,Not Required,,,,NORTH,,,
26INR0327,Sleepy Hollow BESS,"Sleepy Hollow BESS, LLC",Throckmorton,Texas,Tap 138 kV 792 Murray - 6169 Paint Creek ,,Other - Battery Energy Storage,123.1,,,2023-11-30,Active,2028-02-22,,,,Other,Battery Energy Storage,"SS Completed, FIS Completed, No IA",2023-11-30,2024-02-27,2023-11-15 00:00:00.000,2025-07-21,,,Not Required,Not Required,,,,WEST,,,
26INR0328,Yorktown BESS,Navitas Energy LLC,DeWitt,Texas,(#78575) LCRA Yorktown 138 kV,,Other - Battery Energy Storage,150.49,,,2023-10-25,Active,2028-12-16,,,,Other,Battery Energy Storage,"SS Completed, FIS Started, No IA",2023-10-25,2024-01-22,2023-10-10 00:00:00.000,,,,,,,,,SOUTH,,,
26INR0329,Pianissimo BESS II,"Pianissimo Storage, LLC",Wise,Texas,Tap 138kV 685 LEO - 587 GREENWOOD,,Other - Battery Energy Storage,202.0,,,2024-11-19,Active,2027-12-31,,,,Other,Battery Energy Storage,"SS Completed, FIS Started, No IA",2024-11-19,2025-02-18,2024-10-29 00:00:00.000,,,,,,,,,NORTH,,,
26INR0330,Alamo City BESS,ALAMO CITY ESS LLC ,Bexar,Texas,Tap 138kV 5294 Martinez - 5110 JT Deely,,Other - Battery Energy Storage,128.2,,,2024-02-27,Completed,2027-09-21,,,,Other,Battery Energy Storage,"SS Completed, FIS Completed, IA",2024-02-27,2024-05-24,2024-02-13 00:00:00.000,2026-08-21,No,2025-05-22,Not Required,Not Required,2026-08-21 00:00:00,,,SOUTH,,,
26INR0331,RUSH ESS,OCI Solar Power LLC,Bexar,Texas,Tap 345 kV 5231 HOWARD_5 – 5400 SPRUCE,,Other - Battery Energy Storage,201.27,,,2023-11-30,Active,2031-02-08,,,,Other,Battery Energy Storage,"SS Completed, FIS Started, No IA",2023-11-30,2024-01-16,2024-02-12 00:00:00.000,,,,,,,,,SOUTH,,,
26INR0333,VERTUS ENERGY STORAGE,VERTUS ENERGY STORAGE LLC,Galveston,Texas,"Bus Name: TnMainland1,
Bus Number: 38830,

",,Other - Battery Energy Storage,207.3,,,2023-10-13,Completed,2026-07-06,,,2026-01-30,Other,Battery Energy Storage,"SS Completed, FIS Completed, IA",2023-10-13,2024-01-10,2023-10-10 00:00:00.000,2024-09-09,No,2025-01-08,,,,2025-02-14 00:00:00,2025-04-16 00:00:00,HOUSTON,2025-12-16,2026-01-30,
26INR0340,SOUTHERN SELECT ENERGY STORAGE,SOUTHERN SELECT ENERGY STORAGE LLC,Galveston,Texas,"Bus Name: TNHEIGHTS_1
Bus Number: 38740
",,Other - Battery Energy Storage,204.85,,,2023-10-25,Completed,2027-05-24,,,,Other,Battery Energy Storage,"SS Completed, FIS Completed, IA",2023-10-25,2024-01-22,2023-10-12 00:00:00.000,2026-04-20,,2025-05-09,Not Required,Not Required,,2026-07-31 00:00:00,2026-07-31 00:00:00,HOUSTON,,,
26INR0343,Stinger Energy Storage,Stinger Energy Storage LLC,Harris,Texas,Tap Atascocita 138kV Substation (Bus # 40130) - Lake Houston (Bus #40820),,Other - Battery Energy Storage,200.8,,,2023-11-14,Active,2028-03-01,,,,Other,Battery Energy Storage,"SS Completed, FIS Started, No IA",2023-11-14,2024-01-08,2023-11-02 00:00:00.000,,,,,,,,,HOUSTON,,,
26INR0345,NET Power Demonstration plant,NET Power LLC,Harris,Texas,42360 Mirage POI 8 138kV,,"Gas - Combustion (gas) Turbine, but not part of a Combined-Cycle",25.5,,,2023-12-20,Active,2027-08-21,,,,Gas,"Combustion (gas) Turbine, but not part of a Combined-Cycle","SS Completed, FIS Completed, No IA",2023-12-20,2024-03-08,2024-09-03 00:00:00.000,2025-07-10,,,,,,,,HOUSTON,,,
26INR0347,Midfield PV Project SLF," HQC Solar Holdings 1, LLC",Matagorda,Texas,Tap 138kV 8121 Blessing - 8125 Lolita,,Solar - Photovoltaic Solar,150.0,,,2023-12-04,Active,2028-07-01,,,,Solar,Photovoltaic Solar,"SS Completed, FIS Started, No IA",2023-12-04,2024-02-27,2023-11-28 00:00:00.000,,,,,,Not Required,,,COASTAL,,,
26INR0355,Pleiades Storage,"Pleiades Storage, LLC",Glasscock,Texas,Tap 138kV Einstein 23852 - 10043 St. Lawrence,,Other - Battery Energy Storage,205.5,,,2024-03-22,Active,2029-09-22,,,,Other,Battery Energy Storage,"SS Completed, FIS Completed, No IA",2024-03-22,2024-06-19,2024-02-23 00:00:00.000,2025-01-17,No,,,,,,,WEST,,,
26INR0356,Saluga Ranch Storage,"Saluga Ranch Energy, LLC",Dimmit,Texas,Asherton 8283 - Big wells 8613 -138 kV ,,Other - Battery Energy Storage,125.4,,,2024-02-02,Active,2027-08-25,,,,Other,Battery Energy Storage,"SS Completed, FIS Started, No IA",2024-02-02,2024-04-29,2024-01-08 00:00:00.000,,,,,,,,,SOUTH,,,
26INR0357,Operation Sunshine Storage,"Duck Creek Storage, LLC",Concho,Texas, 7077 Amos Creek 345kV,,Other - Battery Energy Storage,409.8,,,2024-02-02,Completed,2029-04-01,,,,Other,Battery Energy Storage,"SS Completed, FIS Started, IA",2024-02-02,2024-02-09,2024-01-18 00:00:00.000,,,2025-08-27,Not Required,Not Required,,2025-09-11 00:00:00,,WEST,,,
26INR0359,Uva Creek Solar,"Grape Creek Solar, LLC",Borden,Texas,Muleshoe #59922 345 KV,,Solar - Photovoltaic Solar,302.16,,,2024-02-27,Completed,2028-08-25,,,,Solar,Photovoltaic Solar,"SS Completed, FIS Started, IA",2024-02-27,2024-05-20,2024-02-06 00:00:00.000,,,2024-10-30,Not Required,Not Required,Not Required,2026-04-07 00:00:00,,WEST,,,
26INR0362,Midfield BESS Project SLF,"HQC Solar Holdings 1, LLC",Matagorda,Texas,Tap 138kV 8121 Blessing - 8125 Lolita,,Other - Battery Energy Storage,0.0,,,2024-05-20,Active,2028-07-01,,,,Other,Battery Energy Storage,"SS Completed, FIS Started, No IA",2024-05-20,2024-07-22,2024-05-07 00:00:00.000,,,,,,,,,COASTAL,,,
26INR0363,Saint Charles Energy Storage,"RSN STORAGE 001, LLC",Houston,Texas,"TAP 138kV 3345 FLATBRA_8 - 3351 JIM_ENG_8 
",,Other - Battery Energy Storage,202.7,,,2024-02-27,Active,2029-04-16,,,,Other,Battery Energy Storage,"SS Completed, FIS Started, No IA",2024-02-27,2024-05-24,2024-11-20 00:00:00.000,,No,,,,,,,NORTH,,,
26INR0364,Pollo Pinto Solar,"TX Palo Pinto SB 6, LLC",Palo Pinto,Texas,Tap 138kV 331 RWMILLER - 320 JAYBIRD,,Solar - Photovoltaic Solar,100.57,,,2024-02-27,Active,2029-02-24,,,,Solar,Photovoltaic Solar,"SS Completed, FIS Completed, No IA",2024-02-27,2024-05-20,2024-02-26 00:00:00.000,2026-04-01,,,,,Not Required,,,NORTH,,,
26INR0365,BLACK BEAR SOLAR,"ESCONDIDO DRAW RESOURCES, LLC",Crockett,Texas,#6564 ILLN4A 138 KV,,Solar - Photovoltaic Solar,102.9,,,2023-12-04,Active,2028-06-01,,,,Solar,Photovoltaic Solar,"SS Completed, FIS Started, No IA",2023-12-04,2024-03-04,2024-05-17 00:00:00.000,,No,,,,Not Required,,,WEST,,,
26INR0366,BLACK BEAR BESS,"ESCONDIDO DRAW RESOURCES, LLC",Crockett,Texas,"#6564 ILLN4A 138kV
",,Other - Battery Energy Storage,51.2,,,2023-12-04,Active,2028-06-01,,,,Other,Battery Energy Storage,"SS Completed, FIS Started, No IA",2023-12-04,2024-03-04,2024-05-17 00:00:00.000,,No,,,,,,,WEST,,,
26INR0370,Central Power Station,Hydra-Gen Energy Unlimited ,Grimes,Texas,967 Gibbons Creek 345kV ,,"Gas - Combustion (gas) Turbine, but not part of a Combined-Cycle",750.0,,,2024-03-22,Active,2027-05-01,,,,Gas,"Combustion (gas) Turbine, but not part of a Combined-Cycle","SS Completed, FIS Started, No IA",2024-03-22,2024-06-19,2025-01-14 00:00:00.000,,,,,,,,,NORTH,,,
26INR0374,Cobra Clean Energy Center,Cobra Clean Energy Center LLC,Brazoria,Texas,looped on circuit 04 between Mustang Bayou (#42960) and Hudson (#42100),,Other - Battery Energy Storage,100.4,,,2024-02-02,Active,2027-10-08,,,,Other,Battery Energy Storage,"SS Completed, FIS Started, No IA",2024-02-02,2024-05-01,2024-07-02 00:00:00.000,,No,,,,,,,COASTAL,,,
26INR0375,Avalon BESS,"Avalon BESS, LLC",Fort Bend,Texas,Tapping the 345 kV Line from Smithers (Bus# 44650) to Bellaire (Bus# 47000).,,Other - Battery Energy Storage,522.12,,,2023-12-20,Completed,2026-12-01,,,,Other,Battery Energy Storage,"SS Completed, FIS Completed, IA",2023-12-20,2024-03-08,2023-11-30 00:00:00.000,2024-05-20,Yes,2024-12-17,Not Required,Not Required,,,,HOUSTON,,,
26INR0376,Blackcat Storage,"Matagorda ESS, LLC",Matagorda,Texas,138kV Blackcat Substation (#80124),,Other - Battery Energy Storage,200.59,,,2024-01-11,Active,2027-12-31,,,,Other,Battery Energy Storage,"SS Completed, FIS Started, No IA",2024-01-11,2024-04-08,2023-11-30 00:00:00.000,,No,,Not Required,Not Required,,,,COASTAL,,,
26INR0380,Pepper Solar Farm,Pepper Solar Farm LLC,McLennan,Texas,Tap 345kV 3405 THOUSE__5  - 3406 ELM_MOTT_5,,Solar - Photovoltaic Solar,120.72,,,2024-02-27,Completed,2027-09-20,,,,Solar,Photovoltaic Solar,"SS Completed, FIS Completed, IA",2024-02-27,2024-05-20,2024-02-22 00:00:00.000,2026-08-17,No,2025-06-23,,,Not Required,2025-08-11 00:00:00,,NORTH,,,
26INR0385,Nanulak BESS,"Nanulak BESS, L.L.C. ",Reeves,Texas,38113 TNCOYOTSPG1 138kV,,Other - Battery Energy Storage,181.54,,,2024-03-22,Completed,2027-03-15,,,,Other,Battery Energy Storage,"SS Completed, FIS Completed, IA",2024-03-22,2024-06-19,2025-03-06 00:00:00.000,2026-06-06,,2025-11-19,,,,,,WEST,,,
26INR0386,Zeus Spade Wind ,"Spade Wind, LLC",Mitchell,Texas,Tap 345 kV 1030 Morgan Creek to 76030 Gasconades Creek,,Wind - Wind Turbine,987.3,,,2024-03-29,Active,2028-03-20,,,,Wind,Wind Turbine,"SS Completed, FIS Started, No IA",2024-03-29,2024-06-25,2025-01-07 00:00:00.000,,,,,,Not Required,,,WEST,,,
26INR0387,Zeus Spade BESS,Spade BESS,Mitchell,Texas,Tap 345 kV 1030 Morgan Creek to 76030 Gasconades Creek,,Other - Battery Energy Storage,446.3,,,2024-03-29,Active,2028-03-20,,,,Other,Battery Energy Storage,"SS Completed, FIS Started, No IA",2024-03-29,2024-06-25,2025-01-24 00:00:00.000,,,,,,,,,WEST,,,
26INR0388,Aggie Solar Project SLF,reNRG TX 8 LLC,Reeves,Texas,"POI: COYOTE SPRINGS SUBSTATION - 138KV
BUS NUMBER : 38113
COUNTY : REEVES
POI LOCATION: 31.396675, -103.6252777
",,Solar - Photovoltaic Solar,103.7,,,2024-02-02,Active,2027-11-30,,,,Solar,Photovoltaic Solar,"SS Completed, FIS Completed, No IA",2024-02-02,2024-04-29,2023-12-08 00:00:00.000,2025-07-03,,,Not Required,Not Required,Not Required,,,WEST,,,
26INR0389,AGGIE STORAGE PROJECT SLF,reNRG TX 8 LLC,Reeves,Texas,"POI: COYOTE SPRINGS SUBSTATION - 138KV
BUS NUMBER: 38113
POI LOCATION: 31.396675, -103.6252777
COUNTY: REEVES",,Other - Battery Energy Storage,0.0,,,2024-02-02,Active,2027-11-30,,,,Other,Battery Energy Storage,"SS Completed, FIS Completed, No IA",2024-02-02,2024-04-29,2023-12-08 00:00:00.000,2025-07-03,,,Not Required,Not Required,,,,WEST,,,
26INR0391,Jumping Cactus Storage,"Dove Wing Energy Center, LLC",Duval,Texas,138 kV Zenaida Bus# 80043 ,,Other - Battery Energy Storage,125.32,,,2024-01-11,Active,2029-09-30,,,,Other,Battery Energy Storage,"SS Completed, FIS Started, No IA",2024-01-11,2024-03-19,2023-12-19 00:00:00.000,,,,,,,,,SOUTH,,,
26INR0393,Dove Wing Storage,"Dove Wing Energy Center, LLC",Duval,Texas,138 kV Zenaida Bus# 80043,,Other - Battery Energy Storage,122.21,,,2024-02-07,Active,2029-09-30,,,,Other,Battery Energy Storage,"SS Completed, FIS Started, No IA",2024-02-07,2024-04-29,2024-01-05 00:00:00.000,,,,,,,,,SOUTH,,,
26INR0394,Timber Cove Storage SLF,"Freestone Solar, LLC",Freestone,Texas,Tap 138 kV 212 Winkler - 3510 Pin Oak,,Other - Battery Energy Storage,0.0,,,2024-01-11,Active,2027-06-01,,,,Other,Battery Energy Storage,"SS Completed, FIS Started, No IA",2024-01-11,2024-04-08,2023-12-18 00:00:00.000,,,,,,,,,NORTH,,,
26INR0396,Kodiak AGR1,"Hunt Energy Network, LLC",Reeves,Texas,38113 TNCOYOTSPG1,,Fuel Oil - Other,132.0,,,2024-02-27,Active,2027-06-15,,,,Fuel Oil,Other,"SS Completed, FIS Started, No IA",2024-02-27,2024-05-28,2024-09-10 00:00:00.000,,,,,,,,,WEST,,,
26INR0402,HILLBORO BESS,Abei Energy Green XI LLC ,Hill,Texas,Tap 138kV Ash Creek Switch (Bus #3473) – Revolution Switch (Bus #3387),,Other - Battery Energy Storage,130.9,,,2024-02-27,Active,2028-09-21,,,,Other,Battery Energy Storage,"SS Completed, FIS Started, No IA",2024-02-27,2024-05-24,2024-11-14 00:00:00.000,,,,,,,,,NORTH,,,
26INR0408,Liatris Flexible Gas,Stone Creek Peaker LLC,Brazoria,Texas,Tap 138 kV (42980) Nash - (44010) WA Parish CKT02,,"Gas - Combustion (gas) Turbine, but not part of a Combined-Cycle",204.71,,,2024-03-22,Completed,2029-02-01,,,,Gas,"Combustion (gas) Turbine, but not part of a Combined-Cycle","SS Completed, FIS Started, IA",2024-03-22,2024-06-19,2024-03-06 00:00:00.000,,No,2025-11-01,2024-05-22 00:00:00,2024-05-22 00:00:00,2026-02-18 00:00:00,2026-02-18 00:00:00,,COASTAL,,,
26INR0409,Lucky 7 Solar,Lucky 7 Solar Farm LLC,Hopkins,Texas,Tap 345kV 2621 Sandy Ranch Switch - 2464 CASH SWITCH ,,Solar - Photovoltaic Solar,101.35,,,2024-03-22,Completed,2027-09-20,,,,Solar,Photovoltaic Solar,"SS Completed, FIS Completed, IA",2024-03-22,2024-06-19,2024-02-29 00:00:00.000,2026-08-28,No,2025-08-13,Not Required,,Not Required,,,NORTH,,,
26INR0410,Prost ESS,Prost ESS LLC,Austin,Texas,Tap 138kV L_PISEK_8_1Y (#7296) - L_WELCOM8_1Y(#7577),,Other - Battery Energy Storage,202.7,,,2024-02-27,Active,2028-09-08,,,,Other,Battery Energy Storage,"SS Completed, FIS Started, No IA",2024-02-27,2024-05-20,2024-02-12 00:00:00.000,,,,,,,,,SOUTH,,,
26INR0411,Tex-Bar ESS,Tex-Bar ESS LLC,Madison,Texas,Tap 345kV JEWETT_S5 (#3390) -- SINGLETON (#44645),,Other - Battery Energy Storage,201.5,,,2024-03-22,Completed,2029-09-08,,,,Other,Battery Energy Storage,"SS Completed, FIS Completed, IA",2024-03-22,2024-06-19,2024-02-26 00:00:00.000,2024-09-26,Yes,2025-12-26,,,,,,NORTH,,,
26INR0412,BumbleBee Solar,BumbleBee Solar Farm LLC,Bee,Texas,Tap 345kV 5725 PawneeSW5 - 8689 Tango,,Solar - Photovoltaic Solar,200.86,,,2024-02-27,Active,2027-07-01,,,,Solar,Photovoltaic Solar,"SS Completed, FIS Started, No IA",2024-02-27,2024-05-24,2024-02-26 00:00:00.000,,,,,,Not Required,,,SOUTH,,,
26INR0417,GAMAY ENERGY STORAGE,GAMAY ENERGY STORAGE LLC,Brazoria,Texas,"Tap 138 kV Line from TNFM524 (39703) to West Columbia Main (39500), in Brazoria County.",,Other - Battery Energy Storage,418.6,,,2024-02-07,Completed,2028-01-01,,,,Other,Battery Energy Storage,"SS Completed, FIS Started, IA",2024-02-07,2024-04-30,2024-01-26 00:00:00.000,,,2025-05-27,Not Required,Not Required,,,,COASTAL,,,
26INR0418,TE Smith Storage 2,"Smith II Battery Storage, LLC",Rockwall,Texas,2478 Royse 345kV,,Other - Battery Energy Storage,125.32,,,2024-04-15,Active,2027-08-16,,,,Other,Battery Energy Storage,"SS Completed, FIS Started, No IA",2024-04-15,2024-07-12,2024-11-21 00:00:00.000,,No,,,,,,,NORTH,,,
26INR0419,Lone Bow Solar,Greenalia Solar Power Lone Bow LLC,Val Verde,Texas,Tap 138 kV 8683 Comstock - 60389 Corral,,Solar - Photovoltaic Solar,277.46,,,2026-05-11,Active,2030-06-15,,,,Solar,Photovoltaic Solar,"SS Completed, FIS Started, No IA",2026-05-11,2026-08-06,2026-02-02 00:00:00.000,,,,,,Not Required,,,WEST,,,
26INR0420,Whitetail BESS,"Hunt Energy Network, LLC",Mitchell,Texas,tap Salt Mine (#23846) to Bulldog (#23833) 138kV,,Other - Battery Energy Storage,180.0,,,2024-02-27,Active,2029-06-08,,,,Other,Battery Energy Storage,"SS Completed, FIS Started, No IA",2024-02-27,2024-05-24,2025-03-06 00:00:00.000,,,,,,,,,WEST,,,
26INR0422,PowerVault BESS,SMT Elm Mott BESS,McLennan,Texas,Tap 345kV 3406 Elm Mott - 3405 Tradinghouse Ses,,Other - Battery Energy Storage,254.8,,,2024-03-22,Active,2028-07-01,,,,Other,Battery Energy Storage,"SS Completed, FIS Started, No IA",2024-03-22,2024-06-19,2024-04-02 00:00:00.000,,,,,,,,,NORTH,,,
26INR0425,Twinwood Solar 1,"Twinwood PV1, LLC",Waller,Texas,Tap 138kV 44750 FULSHR_S25_8 - 44860 TWINWD_S25_8,,Solar - Photovoltaic Solar,358.06,,,2024-03-22,Completed,2029-02-01,,,,Solar,Photovoltaic Solar,"SS Completed, FIS Started, IA",2024-03-22,2024-06-19,2024-07-20 00:00:00.000,,,2025-11-07,,,Not Required,2026-05-26 00:00:00,,HOUSTON,,,
26INR0426,Maderagemela BESS1,"Twinwood ES1, LLC",Waller,Texas,Tap 138kV 44750 FULSHR_S25_8 to 44860 TWINWD_S25_8,,Other - Battery Energy Storage,153.96,,,2024-02-27,Completed,2029-02-01,,,,Other,Battery Energy Storage,"SS Completed, FIS Started, IA",2024-02-27,2024-05-24,2024-07-20 00:00:00.000,,,2025-11-07,,,,2026-05-26 00:00:00,,HOUSTON,,,
26INR0427,BremRaek BESS,BremRaek BESS,Austin,Texas,7271 LCRA New Bremen 138 kV ,,Other - Battery Energy Storage,200.6,,,2024-03-22,Active,2027-11-14,,,,Other,Battery Energy Storage,"SS Completed, FIS Started, No IA",2024-03-22,2024-06-19,2024-02-28 00:00:00.000,,,,,,,,,SOUTH,,,
26INR0428,Diamond Cowboy Storage,"Diamond B Storage, LLC",San Patricio,Texas,Tap 345kV 8249 Angstrom - 8624 Grissom,,Other - Battery Energy Storage,103.5,,,2024-04-15,Completed,2028-10-16,,,,Other,Battery Energy Storage,"SS Completed, FIS Started, IA",2024-04-15,2024-07-12,2024-04-16 00:00:00.000,,Yes,2026-05-26,,,,,,COASTAL,,,
26INR0429,Post Trail Energy,"Post Trail Energy, LLC",Matagorda,Texas,Tap 138kV Conoco 8138 - Black Cat 80124,,Other - Battery Energy Storage,103.5,,,2024-09-10,Active,2028-10-16,,,,Other,Battery Energy Storage,"SS Completed, FIS Started, No IA",2024-09-10,2024-12-08,2024-08-26 00:00:00.000,,No,,,,,,,COASTAL,,,
26INR0430,Clapton Storage ,Clapton BESS,Mills,Texas,Tap 345 kV 3424 Buckhorn Switch - 1444 Brown Switch,,Other - Battery Energy Storage,208.91,,,2024-03-22,Active,2028-08-09,,,,Other,Battery Energy Storage,"SS Completed, FIS Started, No IA",2024-03-22,2024-06-19,2024-02-13 00:00:00.000,,,,,,,,,NORTH,,,
26INR0431,Big Rooter West Solar,"Big Rooter West, LLC",Robertson,Texas,39950# TNTNP_ONE_3  345 KV ,,Solar - Photovoltaic Solar,403.2,,,2024-03-22,Completed,2028-05-31,,,,Solar,Photovoltaic Solar,"SS Completed, FIS Started, IA",2024-03-22,2024-06-19,2024-03-22 00:00:00.000,,,2025-02-18,Not Required,Not Required,Not Required,,,NORTH,,,
26INR0432,Big Rooter West Storage,"Big Rooter West, LLC",Robertson,Texas,39950# TNTNP_ONE_3  345 KV ,,Other - Battery Energy Storage,201.08,,,2024-03-22,Active,2028-12-01,,,,Other,Battery Energy Storage,"SS Completed, FIS Started, No IA",2024-03-22,2024-06-19,2024-03-22 00:00:00.000,,,,Not Required,Not Required,,,,NORTH,,,
26INR0440,Hamby Solar,Abilene GCE LLC,Jones,Texas, 6245 ABILENE ROBERTSON PRISON 138 KV ,,Solar - Photovoltaic Solar,205.8,,,2024-03-22,Completed,2028-06-27,,,,Solar,Photovoltaic Solar,"SS Completed, FIS Started, IA",2024-03-22,2024-06-19,2024-03-20 00:00:00.000,,,2025-12-31,Not Required,Not Required,Not Required,2026-04-01 00:00:00,,WEST,,,
26INR0442,Donna BESS,Donna Solar LLC,Hidalgo,Texas,Tap 345 kV 80137 Stewart Road - 8383 North Edinburg,,Other - Battery Energy Storage,53.91,,,2024-03-22,Active,2029-02-22,,,,Other,Battery Energy Storage,"SS Completed, FIS Started, No IA",2024-03-22,2024-06-19,2024-11-06 00:00:00.000,,Yes,,Not Required,Not Required,,,,SOUTH,,,
26INR0443,Sullivan Solar ,Sullivan Solar LLC,Hidalgo,Texas,Tap 138kV 8798 La Grulla - 8355 Goodwin ,,Solar - Photovoltaic Solar,170.68,,,2024-03-22,Active,2029-02-25,,,,Solar,Photovoltaic Solar,"SS Completed, FIS Started, No IA",2024-03-22,2024-06-19,2024-11-06 00:00:00.000,,,,,,Not Required,,,SOUTH,,,
26INR0444,Sullivan BESS ,Sullivan Solar LLC,Hidalgo,Texas,Tap 138kV 8798 La Grulla - 8355 Goodwin ,,Other - Battery Energy Storage,72.19,,,2024-03-22,Active,2029-02-25,,,,Other,Battery Energy Storage,"SS Completed, FIS Started, No IA",2024-03-22,2024-06-19,2024-11-06 00:00:00.000,,,,,,,,,SOUTH,,,
26INR0445,Sword Solar ,Hidalgo Solar LLC,Starr,Texas,Tap 138 kV 8394 Liston - 8392 Bates ,,Solar - Photovoltaic Solar,137.18,,,2024-03-22,Active,2029-02-22,,,,Solar,Photovoltaic Solar,"SS Completed, FIS Started, No IA",2024-03-22,2024-06-19,2024-11-12 00:00:00.000,,No,,,,Not Required,,,SOUTH,,,
26INR0446,Sword BESS ,Hidalgo Solar LLC,Starr,Texas,Tap 138 kV 8394 Liston - 8392 Bates ,,Other - Battery Energy Storage,40.1,,,2024-03-22,Active,2029-02-22,,,,Other,Battery Energy Storage,"SS Completed, FIS Started, No IA",2024-03-22,2024-06-19,2024-11-12 00:00:00.000,,No,,,,,,,SOUTH,,,
26INR0447,Honey Mesquite Wind Farm,"Honey Mesquite Wind Farm , LLC",Glasscock,Texas,59902 Sand Bluff 345kV,,Wind - Wind Turbine,173.95,,,2024-03-22,Completed,2026-12-30,,,2026-08-20,Wind,Wind Turbine,"SS Completed, FIS Completed, IA",2024-03-22,2024-06-19,2024-03-11 00:00:00.000,2025-09-11,No,2024-09-10,Not Required,Not Required,Not Required,2025-02-12 00:00:00,2025-10-20 00:00:00,WEST,2026-08-03,2026-08-20,
26INR0452,Cannibal Draw Solar,"Cannibal Draw Solar, LLC",Glasscock,Texas,Sand_Bluff 345 kV (59902),,Solar - Photovoltaic Solar,149.5,,,2024-07-01,Completed,2028-04-10,,,,Solar,Photovoltaic Solar,"SS Completed, FIS Started, IA",2024-07-01,2024-09-27,2024-06-10 00:00:00.000,,No,2025-01-17,Not Required,Not Required,Not Required,2025-02-12 00:00:00,,WEST,,,
26INR0453,Cannibal Draw Storage,"Cannibal Draw Solar, LLC",Glasscock,Texas,Sand_Bluff 345 kV (59902),,Other - Battery Energy Storage,98.6,,,2024-07-01,Completed,2028-04-10,,,,Other,Battery Energy Storage,"SS Completed, FIS Started, IA",2024-07-01,2024-09-27,2024-06-10 00:00:00.000,,No,2025-01-17,Not Required,Not Required,2025-09-15 00:00:00,2025-02-12 00:00:00,,WEST,,,
26INR0454,Dove Creek Solar,"Dove Creek Solar, LLC",Tom Green,Texas,Tap at Big Hill - Twin Buttes 345 kV line (76003 / 76009),,Solar - Photovoltaic Solar,163.6,,,2024-07-22,Active,2028-07-01,,,,Solar,Photovoltaic Solar,"SS Completed, FIS Started, No IA",2024-07-22,2024-10-08,2024-06-25 00:00:00.000,,,,Not Required,Not Required,Not Required,,,WEST,,,
26INR0455,Dove Creek Storage,"Dove Creek Solar, LLC",Tom Green,Texas,Tap at Big Hill - Twin Buttes 345 kV line (76003 / 76009),,Other - Battery Energy Storage,162.5,,,2024-07-22,Active,2028-07-01,,,,Other,Battery Energy Storage,"SS Completed, FIS Started, No IA",2024-07-22,2024-10-08,2024-06-25 00:00:00.000,,,,Not Required,,2025-09-15 00:00:00,,,WEST,,,
26INR0460,Lightning Ridge Energy Storage,Lightning Ridge Storage LLC,Jack,Texas,Tap #1429 Jacksboro Substation 345kV,,Other - Battery Energy Storage,204.7,,,2024-03-29,Active,2028-03-21,,,,Other,Battery Energy Storage,"SS Completed, FIS Completed, No IA",2024-03-29,2024-06-25,2024-03-27 00:00:00.000,2025-11-24,No,,,,,,,NORTH,,,
26INR0461,Rio Hondo BESS,SBESS TX25 LLC,Cameron,Texas,Tap 138kV #80309 Las Pulgas - #8319 Rio Hondo,,Other - Battery Energy Storage,200.78,,,2024-05-09,Active,2028-06-30,,,,Other,Battery Energy Storage,"SS Completed, FIS Started, No IA",2024-05-09,2024-08-05,2024-04-18 00:00:00.000,,No,,,,,,,COASTAL,,,
26INR0464,Ceres BESS,"Ceres BESS, LLC",Hunt,Texas,Tap 138 kV 6883 QUINLAN NORTH SS - 6860 UNION VALLEY SS,,Other - Battery Energy Storage,202.7,,,2024-10-29,Active,2028-08-10,,,,Other,Battery Energy Storage,"SS Completed, FIS Started, No IA",2024-10-29,2025-01-14,2024-10-24 00:00:00.000,,No,,,,,,,NORTH,,,
26INR0465,Lavita BESS,"Lavita BESS, LLC",Bell,Texas,Tap 345kV Temple Pecan Creek (3412) - Temple Switch (3414) 345kV ckt 2,,Other - Battery Energy Storage,606.0,,,2024-12-19,Active,2028-07-01,,,,Other,Battery Energy Storage,"SS Completed, FIS Started, No IA",2024-12-19,2025-02-20,2024-12-16 00:00:00.000,,,,,,,,,NORTH,,,
26INR0466,Symphony BESS,"Symphony BESS, LLC",Austin,Texas,46220 PETERS,,Other - Battery Energy Storage,612.0,,,2025-02-14,Active,2028-07-01,,,,Other,Battery Energy Storage,"SS Completed, FIS Started, No IA",2025-02-14,2025-04-22,2025-01-28 00:00:00.000,,,,,,,,,SOUTH,,,
26INR0467,Basketflower Storage,"Basketflower Solar, LLC",Eastland,Texas,Tap 138kV Risingstar (285) - Nimrod (289),,Other - Battery Energy Storage,92.0,,,2024-10-29,Active,2027-12-31,,,,Other,Battery Energy Storage,"SS Completed, FIS Completed, No IA",2024-10-29,2025-01-14,2024-10-25 00:00:00.000,2026-03-26,No,,,,,,,NORTH,,,
26INR0468,Basketflower Solar,"Basketflower Solar, LLC",Eastland,Texas,Tap 138kV Risingstar (285) - Nimrod (289),,Solar - Photovoltaic Solar,183.0,,,2024-10-29,Active,2027-12-31,,,,Solar,Photovoltaic Solar,"SS Completed, FIS Completed, No IA",2024-10-29,2025-01-14,2024-10-24 00:00:00.000,2026-03-26,No,,,,Not Required,,,NORTH,,,
26INR0469,Roxton Storage,"Roxton Solar, LLC",Lamar,Texas,Tap 138 KV Bois Pump (1835) - Brookston (1833),,Other - Battery Energy Storage,102.0,,,2024-11-26,Active,2028-07-21,,,,Other,Battery Energy Storage,"SS Completed, FIS Completed, No IA",2024-11-26,2025-02-03,2024-11-05 00:00:00.000,2026-03-10,,,,,,,,NORTH,,,
26INR0470,Roxton Solar,"Roxton Solar, LLC",Lamar,Texas,Tap 138 KV Bois Pump (1835) - Brookston (1833),,Solar - Photovoltaic Solar,116.8,,,2024-11-26,Active,2028-07-21,,,,Solar,Photovoltaic Solar,"SS Completed, FIS Completed, No IA",2024-11-26,2025-02-03,2024-11-05 00:00:00.000,2026-03-10,No,,,,Not Required,,,NORTH,,,
26INR0472,Bologna BESS,MALONEY BESS LLC,Wichita,Texas,Tap 138kV #1450 Pleasant Valley Switch - #1492 Wichita Falls Riverbend,,Other - Battery Energy Storage,202.56,,,2024-03-29,Active,2028-04-19,,,,Other,Battery Energy Storage,"SS Completed, FIS Completed, No IA",2024-03-29,2024-06-25,2024-03-20 00:00:00.000,2025-03-25,No,,,,,,,WEST,,,
26INR0474,Sorghum BESS,"Blue Creek BESS, LLC",Wharton,Texas,#44060 Blue Substation 345kV,,Other - Battery Energy Storage,208.9,,,2024-04-15,Completed,2027-12-01,,,,Other,Battery Energy Storage,"SS Completed, FIS Completed, IA",2024-04-15,2024-07-05,2024-04-18 00:00:00.000,2024-11-13,No,2025-01-08,Not Required,Not Required,,,,SOUTH,,,
26INR0485,Prospector Energy Storage,Prospector Storage LLC,Howard,Texas,Natural Dam 138kV Substation (23836),,Other - Battery Energy Storage,204.6,,,2024-08-16,Active,2026-09-30,,,,Other,Battery Energy Storage,"SS Completed, FIS Started, No IA",2024-08-16,2024-11-01,2024-06-27 00:00:00.000,,,,,,,,,WEST,,,
26INR0487,Anglin BESS,Fort Worth BESS LLC,Tarrant,Texas,"1883 EVRSW 138kV
",,Other - Battery Energy Storage,206.0,,,2024-05-09,Active,2028-09-30,,,,Other,Battery Energy Storage,"SS Completed, FIS Started, No IA",2024-05-09,2024-08-06,2024-11-11 00:00:00.000,,,,,,,,,NORTH,,,
26INR0496,Hardeman BESS,Quanah BESS LLC,Hardeman,Texas,6050 PAUL 138kV,,Other - Battery Energy Storage,104.0,,,2024-05-09,Active,2028-06-30,,,,Other,Battery Energy Storage,"SS Completed, FIS Started, No IA",2024-05-09,2024-08-05,2024-11-11 00:00:00.000,,No,,,,,,,WEST,,,
26INR0497,Rosharon BESS,Rosharon BESS LLC,Brazoria,Texas,138 kV 42570 Archer (ACH) ,,Other - Battery Energy Storage,120.0,,,2024-04-09,Active,2028-06-30,,,,Other,Battery Energy Storage,"SS Completed, FIS Completed, No IA",2024-04-09,2024-07-05,2024-12-27 00:00:00.000,2026-01-14,Yes,,,,,,,COASTAL,,,
26INR0498,Buckaroo BESS,Weatherford BESS LLC,Parker,Texas,Tap 138kV BROCK(487) – STHBROCKSW(489),,Other - Battery Energy Storage,120.0,,,2024-05-09,Active,2027-12-08,,,,Other,Battery Energy Storage,"SS Completed, FIS Started, No IA",2024-05-09,2024-08-05,2024-11-11 00:00:00.000,,,,,,,,,NORTH,,,
26INR0499,Mineral Springs BESS,Burnet County LLC,Burnet,Texas,7065 DOBVI 138kV,,Other - Battery Energy Storage,104.0,,,2024-06-03,Active,2027-11-02,,,,Other,Battery Energy Storage,"SS Completed, FIS Started, No IA",2024-06-03,2024-08-30,2024-10-21 00:00:00.000,,,,,,,,,SOUTH,,,
26INR0500,Shackleford BESS,Shackelford County BESS LLC,Shackelford,Texas,1442 CFRSW 345kV,,Other - Battery Energy Storage,206.5,,,2024-12-19,Active,2028-09-23,,,,Other,Battery Energy Storage,"SS Completed, FIS Started, No IA",2024-12-19,2025-03-17,2025-01-31 00:00:00.000,,,,,,,,,WEST,,,
26INR0501,Rolling Plains BESS,Haskell County BESS LLC,Haskell,Texas,6104 SMOKY HILL 345kV,,Other - Battery Energy Storage,120.0,,,2024-08-16,Active,2028-06-30,,,,Other,Battery Energy Storage,"SS Completed, FIS Started, No IA",2024-08-16,2024-09-13,2024-10-21 00:00:00.000,,No,,,,,,,WEST,,,
26INR0502,Fudge Ranch BESS,Crandall BESS LLC,Kaufman,Texas,<6902><TALTY_RC><138kV>,,Other - Battery Energy Storage,104.0,,,2024-04-15,Active,2027-06-30,,,,Other,Battery Energy Storage,"SS Completed, FIS Started, No IA",2024-04-15,2024-07-11,2024-11-11 00:00:00.000,,,,,,,,,NORTH,,,
26INR0503,Rex Storage,"Rex BESS, LLC",Harris,Texas,Tap 138 kV 48096 El Dorado - 43610 Scarsdale CKT 92,,Other - Battery Energy Storage,256.4,,,2024-06-13,Active,2027-09-15,,,,Other,Battery Energy Storage,"SS Completed, FIS Started, No IA",2024-06-13,2024-08-07,2024-06-04 00:00:00.000,,,,,,,,,HOUSTON,,,
26INR0505,Goldhill Energy Storage,Goldhill Energy Storage LLC,Victoria,Texas,Tap 138kV 8154 VISTRON4B – 8189 TUNGSTEN4A,,Other - Battery Energy Storage,200.58,,,2024-04-15,Active,2028-09-30,,,,Other,Battery Energy Storage,"SS Completed, FIS Started, No IA",2024-04-15,2024-07-05,2024-04-15 00:00:00.000,,,,,,,,,SOUTH,,,
26INR0507,Los Vientos IB Repower,"Los Vientos Windpower IB, LLC",Willacy,Texas,#8319 RIOHONDO 138 kV,,Wind - Wind Turbine,184.8,,,2024-07-22,Active,2029-03-01,,,,Wind,Wind Turbine,"SS Completed, FIS Started, No IA",2024-07-22,2024-10-07,2024-07-12 00:00:00.000,,,,,,Not Required,,,COASTAL,,,
26INR0511,Little Star Solar,"RWE Clean Energy Development, LLC",Bastrop,Texas,#9043 CISTERN 345kV,,Solar - Photovoltaic Solar,61.6,,,2024-07-01,Active,2027-12-31,,,,Solar,Photovoltaic Solar,"SS Completed, FIS Started, No IA",2024-07-01,2024-09-23,2024-06-12 00:00:00.000,,,,,,Not Required,,,SOUTH,,,
26INR0514,Techne BESS,"Techne BESS, LLC",Bastrop,Texas,7560 RED ROCK 138kV,,Other - Battery Energy Storage,202.7,,,2024-09-10,Active,2028-12-31,,,,Other,Battery Energy Storage,"SS Completed, FIS Started, No IA",2024-09-10,2024-12-08,2024-09-05 00:00:00.000,,,,,,,,,SOUTH,,,
26INR0515,Rio Grand Valley Element Fuels Power,"Element H2Gen, LLC",Cameron,Texas,Tap 138kV 59450 Waterport Substation - 5789 Southmost Sub,,Hydrogen - Other,79.63,,,2024-06-13,Active,2028-12-05,,,,Hydrogen,Other,"SS Completed, FIS Started, No IA",2024-06-13,2024-09-10,2025-03-03 00:00:00.000,,,,,,,,,COASTAL,,,
26INR0519,Sky Global West Houston,"Sky Global Power Two, LLC",Austin,Texas,tap 138kV 44700 Gebhardt - 44740 Wallis circuit 65,,"Gas - Internal Combustion Engine, eg. Reciprocating",324.58,,,2024-07-01,Completed,2027-06-01,,,,Gas,"Internal Combustion Engine, eg. Reciprocating","SS Completed, FIS Completed, IA",2024-07-01,2024-10-04,2024-06-04 00:00:00.000,2025-03-12,Yes,2025-03-25,,,,,,SOUTH,,,
26INR0521,Millers Branch Solar III,Miller's Branch Solar LLC,Haskell,Texas,Tap 345kV 60703 Gauss - 60514 Clear Crossing (60712 QUASAR),,Solar - Photovoltaic Solar,133.0,,,2024-08-16,Completed,2026-10-01,,,2026-07-10,Solar,Photovoltaic Solar,"SS Completed, FIS Completed, IA",2024-08-16,2024-11-04,2025-01-30 00:00:00.000,2024-12-09,,2021-06-14,Not Required,Not Required,Not Required,2025-05-14 00:00:00,2026-01-27 00:00:00,WEST,2026-05-26,2026-07-10,
26INR0523,Demeter Storage 2," Demeter Solar, LLC",Caldwell,Texas,Tap 138kV 7224 LULING - 7216 Lockhart,,Other - Battery Energy Storage,138.0,,,2024-10-01,Active,2029-06-01,,,,Other,Battery Energy Storage,"SS Completed, FIS Started, No IA",2024-10-01,2024-12-30,2024-09-19 00:00:00.000,,,,,,,,,SOUTH,,,
26INR0524,Fagus Solar Park 3 SLF,"Greenalia Solar Power Misae III, LLC",Childress,Texas,60501 Tesla 345 kV ,,Solar - Photovoltaic Solar,169.59,,,2024-06-03,Completed,2027-06-28,,,,Solar,Photovoltaic Solar,"SS Completed, FIS Completed, IA",2024-06-03,2018-07-06,2024-05-30 00:00:00.000,2026-06-23,No,2019-02-21,Not Required,Not Required,Not Required,2024-12-19 00:00:00,,PANHANDLE,,,
26INR0525,Bypass BESS II,Bypass BESS II LLC,Fort Bend,Texas,44000 Wa Parish 345 kV,,Other - Battery Energy Storage,205.86,,,2024-11-19,Active,2028-04-30,,,,Other,Battery Energy Storage,"SS Completed, FIS Started, No IA",2024-11-19,2025-02-18,2024-10-23 00:00:00.000,,Yes,,,,,,,HOUSTON,,,
26INR0527,Mandolin Solar SLF,"Mandolin Energy Center I, LLC",Starr,Texas,Tap 345kV 80355 Del Sol - 80227 Rapido ,,Solar - Photovoltaic Solar,300.0,,,2024-07-22,Active,2029-06-15,,,,Solar,Photovoltaic Solar,"SS Completed, FIS Started, No IA",2024-07-22,2024-10-17,2024-06-24 00:00:00.000,,,,,,Not Required,,,SOUTH,,,
26INR0528,Mandolin Storage SLF,"Mandolin Energy Center I, LLC",Starr,Texas,Tap 345kV 80355 Del Sol - 80227 Rapido ,,Other - Battery Energy Storage,0.0,,,2024-07-22,Active,2029-06-15,,,,Other,Battery Energy Storage,"SS Completed, FIS Started, No IA",2024-07-22,2024-10-17,2024-06-24 00:00:00.000,,,,,,,,,SOUTH,,,
26INR0529,Electric E - West Texas Generation,Electric E Power Marketing,Loving,Texas,#11166 ENPOD 138kV,,"Gas - Combustion (gas) Turbine, but not part of a Combined-Cycle",43.64,,,2024-10-18,Active,2028-04-09,,,,Gas,"Combustion (gas) Turbine, but not part of a Combined-Cycle","SS Completed, FIS Started, No IA",2024-10-18,2025-01-10,2024-10-10 00:00:00.000,,,,,,,,,WEST,,,
26INR0531,West Munday Wind,"Lake Creek Wind, LLC",Knox,Texas,Tap 345kV 60703 Gauss7D – 60712 Quasar,,Wind - Wind Turbine,351.91,,,2024-11-19,Completed,2029-08-31,,,,Wind,Wind Turbine,"SS Completed, FIS Started, IA",2024-11-19,2025-02-20,2024-11-05 00:00:00.000,,No,2025-07-21,,,Not Required,2026-06-15 00:00:00,,WEST,,,
26INR0537,Comanche Creek generating station,Longfellow Power LLC,Pecos,Texas,TNCENTRY1_1 [138 kV] ( 38431),,"Gas - Internal Combustion Engine, eg. Reciprocating",107.0,,,2024-07-01,Active,2027-12-31,,,,Gas,"Internal Combustion Engine, eg. Reciprocating","SS Completed, FIS Started, No IA",2024-07-01,2024-09-23,2024-06-18 00:00:00.000,,,,,,,,,WEST,,,
26INR0544,Signal Hill BESS I,Signal Hill Generating LLC,Wichita,Texas,138kV Wichita Falls Cogen (Bus #1498),,Other - Battery Energy Storage,122.78,,,2024-09-04,Active,2030-07-31,,,,Other,Battery Energy Storage,"SS Completed, FIS Started, No IA",2024-09-04,2024-12-03,2024-08-06 00:00:00.000,,No,,,,,,,WEST,,,
26INR0545,Knight Airport BESS I,Airport Storage I LLC,Harris,Texas,Tap 138kV 48126 Gulfgate - 48199 Knight 06 and 42680 Garden Villas - 42770 Ashville 06,,Other - Battery Energy Storage,522.46,,,2024-08-16,Active,2027-10-15,,,,Other,Battery Energy Storage,"SS Completed, FIS Started, No IA",2024-08-16,2024-11-13,2024-08-08 00:00:00.000,,,,,,,,,HOUSTON,,,
26INR0546,Hobby BESS I,Airport Storage II LLC,Harris,Texas,Double Tap 138kV 42680 Garden Villas – 48250 Hall & 42680 Garden Villas – 48013 Chocolate Bayou,,Other - Battery Energy Storage,602.56,,,2024-09-04,Active,2027-10-15,,,,Other,Battery Energy Storage,"SS Completed, FIS Completed, No IA",2024-09-04,2024-12-03,2024-08-15 00:00:00.000,2026-01-20,,,,,,,,HOUSTON,,,
26INR0548,Burnet Bay Storage,"TOCE TX BESS 4, LLC",Harris,Texas,tap 138kV 40390 Crosby - 40790 Haney,,Other - Battery Energy Storage,207.83,,,2024-09-10,Active,2029-06-01,,,,Other,Battery Energy Storage,"SS Completed, FIS Completed, No IA",2024-09-10,2024-12-08,2024-08-29 00:00:00.000,2026-02-17,No,,,,,,,HOUSTON,,,
26INR0550,Grand Mesa BESS,PERRY GREEN POWER LLC,Pecos,Texas,76582 MESA VIEW SWITCH 138kV,,Other - Battery Energy Storage,253.28,,,2024-08-16,Active,2027-09-28,,,,Other,Battery Energy Storage,"SS Completed, FIS Started, No IA",2024-08-16,2024-11-13,2024-08-01 00:00:00.000,,,,,,,,,WEST,,,
26INR0551,Hastings Park BESS,"Brazos Roots BESS, LLC",Brazoria,Texas,39010 138kV HASTINGS,,Other - Battery Energy Storage,256.34,,,2024-08-16,Completed,2027-09-15,,,,Other,Battery Energy Storage,"SS Completed, FIS Completed, IA",2024-08-16,2024-11-01,2024-08-09 00:00:00.000,2025-03-21,,2025-08-13,,,,,,COASTAL,,,
26INR0555,Desert Palm BESS,"Desert Palm BESS, LLC",Dimmit,Texas,78280 Bevo Substation 138 kV,,Other - Battery Energy Storage,201.3,,,2024-08-16,Completed,2028-09-01,,,,Other,Battery Energy Storage,"SS Completed, FIS Started, IA",2024-08-16,2024-11-13,2024-08-08 00:00:00.000,,,2026-07-24,,,,,,SOUTH,,,
26INR0556,Wintergarden BESS,Wintergarden BESS LLC,Dimmit,Texas,"8970 Catarina 138 kV 

",,Other - Battery Energy Storage,201.2,,,2024-08-16,Active,2028-06-30,,,,Other,Battery Energy Storage,"SS Completed, FIS Started, No IA",2024-08-16,2024-10-08,2024-08-07 00:00:00.000,,No,,,,,,,SOUTH,,,
26INR0559,Georgia-Lynn BESS,Georgia Lynn BESS LLC,Victoria,Texas,80064 CHOCBAYU4A 138 kV,,Other - Battery Energy Storage,108.7,,,2024-07-30,Active,2028-02-20,,,,Other,Battery Energy Storage,"SS Completed, FIS Started, No IA",2024-07-30,2024-10-28,2024-07-25 00:00:00.000,,,,,,,,,SOUTH,,,
26INR0560,Fort Worth Power Core Bastrop Gas Plant,Fort Worth Power Core LLC,Bastrop,Texas,Tap 345kV 7042 ZORN - 7040 AUSTROP,,Gas - Combined-Cycle,506.38,,,2025-05-27,Active,2029-09-28,,,,Gas,Combined-Cycle,"SS Completed, FIS Started, No IA",2025-05-27,2025-08-22,2025-04-30 00:00:00.000,,,,2024-12-20 00:00:00,,2025-11-19 00:00:00,,,SOUTH,,,
26INR0573,Cummins BESS,"RWE Solar Development, LLC",Glasscock,Texas,"1333 MCDONALD 138kV
",,Other - Battery Energy Storage,200.89,,,2024-10-01,Active,2028-06-30,,,,Other,Battery Energy Storage,"SS Completed, FIS Started, No IA",2024-10-01,2024-11-12,2024-09-16 00:00:00.000,,,,,,,,,WEST,,,
26INR0589,Goat Mountain BESS,Clearway Energy Group LLC,Sterling,Texas,"76030-Gasconades Creek 345 kV
",,Other - Battery Energy Storage,201.1,,,2025-01-28,Active,2028-06-01,,,,Other,Battery Energy Storage,"SS Completed, FIS Started, No IA",2025-01-28,2025-04-08,2025-01-17 00:00:00.000,,,,,,,,,WEST,,,
26INR0590,Callisto ID Energy Center,Tempus Power management LLC,Harris,Texas,47150 (H_O_C__B138) 138kV,,Other - Battery Energy Storage,100.0,,,2024-10-01,Active,2028-06-01,,,,Other,Battery Energy Storage,"SS Completed, FIS Started, No IA",2024-10-01,2024-11-13,2024-09-10 00:00:00.000,,,,,,,,,HOUSTON,,,
26INR0597,Electric E - West Texas Generation 2,Electric E Power Marketing,Midland,Texas,#18664 SHAWPD 138kV,,"Gas - Combustion (gas) Turbine, but not part of a Combined-Cycle",0.0,,,2024-12-19,Active,2028-09-19,,,,Gas,"Combustion (gas) Turbine, but not part of a Combined-Cycle","SS Completed, FIS Started, No IA",2024-12-19,2025-02-20,2024-11-06 00:00:00.000,,,,,,,,,WEST,,,
26INR0599,Coda BESS ,"Coda BESS, LLC",San Patricio,Texas,(#80258) Mayo 138kV,,Other - Battery Energy Storage,202.0,,,2025-01-28,Active,2028-07-31,,,,Other,Battery Energy Storage,"SS Completed, FIS Started, No IA",2025-01-28,2025-04-08,2025-01-17 00:00:00.000,,,,,,,,,COASTAL,,,
26INR0600,Crocus Solar,"Crocus Solar, LLC",Stephens,Texas,Tap 138 kV Gunsolas Creek Sub (1660) – Breckenridge Tap (1613),,Solar - Photovoltaic Solar,102.0,,,2025-01-28,Completed,2028-07-01,,,,Solar,Photovoltaic Solar,"SS Completed, FIS Started, IA",2025-01-28,2025-04-08,2025-01-27 00:00:00.000,,No,2026-08-04,,,Not Required,,,NORTH,,,
26INR0601,Crocus Storage,"Crocus Solar, LLC",Stephens,Texas,Tap 138 kV Gunsolas Creek Sub (1660) – Breckenridge Tap (1613),,Other - Battery Energy Storage,51.0,,,2025-01-28,Completed,2028-07-01,,,,Other,Battery Energy Storage,"SS Completed, FIS Started, IA",2025-01-28,2025-04-08,2025-01-27 00:00:00.000,,No,2026-08-04,,,,,,NORTH,,,
26INR0602,Damia Storage ,"Damia Solar, LLC",Eastland,Texas,Tap 138kV 6317 Cisco - 3545 MTNBRANCH_8 ,,Other - Battery Energy Storage,153.0,,,2025-04-01,Active,2028-07-01,,,,Other,Battery Energy Storage,"SS Completed, FIS Started, No IA",2025-04-01,2025-06-25,2025-03-18 00:00:00.000,,No,,,,,,,NORTH,,,
26INR0603,Damia Solar ,"Damia Solar, LLC",Eastland,Texas,Tap 138kV 6317 Cisco - 3545 MTNBRANCH_8 ,,Solar - Photovoltaic Solar,306.0,,,2025-04-01,Active,2028-07-01,,,,Solar,Photovoltaic Solar,"SS Completed, FIS Started, No IA",2025-04-01,2025-06-25,2025-03-18 00:00:00.000,,No,,,,Not Required,,,NORTH,,,
26INR0605,White Bright BESS,"VLN, LLC",Grayson,Texas,Tap 345kV 1729 Valley South – Anna Switch 2373,,Other - Battery Energy Storage,313.69,,,2025-03-21,Active,2029-04-16,,,,Other,Battery Energy Storage,"SS Completed, FIS Started, No IA",2025-03-21,2025-06-17,2024-11-13 00:00:00.000,,,,,,,,,NORTH,,,
26INR0609,Scorpius Solar,Ben Milam Solar 4,Milam,Texas,3377 LTPSW 345KV,,Solar - Photovoltaic Solar,600.0,,,2024-12-16,Active,2029-06-14,,,,Solar,Photovoltaic Solar,"SS Completed, FIS Started, No IA",2024-12-16,2025-03-03,2024-11-20 00:00:00.000,,,,,,Not Required,,,SOUTH,,,
26INR0611,Goat Mountain BESS 2,Clearway Energy Group LLC,Sterling,Texas,76030-Gasconades Creek 345 kV,,Other - Battery Energy Storage,100.7,,,2025-01-28,Active,2028-06-01,,,,Other,Battery Energy Storage,"SS Completed, FIS Started, No IA",2025-01-28,2025-04-08,2025-01-17 00:00:00.000,,,,,,,,,WEST,,,
26INR0612,Clay County Yang Storage,"DM-CCY, LLC",Clay,Texas, 1458 Cobb Switching Station 345 kV,,Other - Battery Energy Storage,307.27,,,2024-12-26,Active,2029-04-16,,,,Other,Battery Energy Storage,"SS Completed, FIS Started, No IA",2024-12-26,2025-03-19,2024-12-20 00:00:00.000,,,,,,,,,WEST,,,
26INR0613,Wichita County Mawson Storage,"DM-WCM, LLC",Wichita,Texas,Tap 345kV Fisher Road Switch (#1425) – Riley (#6101) Line,,Other - Battery Energy Storage,153.62,,,2024-12-19,Active,2029-04-16,,,,Other,Battery Energy Storage,"SS Completed, FIS Started, No IA",2024-12-19,2025-02-20,2024-12-13 00:00:00.000,,,,,,,,,WEST,,,
26INR0614,Bell County Leifester Storage,"DM-BCRCML, LLC",Bell,Texas,Tap 138kV 3428 Killeen South – 13628 Founders Trail Sub,,Other - Battery Energy Storage,204.82,,,2024-11-19,Active,2029-09-17,,,,Other,Battery Energy Storage,"SS Completed, FIS Started, No IA",2024-11-19,2025-02-18,2024-11-14 00:00:00.000,,,,,,,,,NORTH,,,
26INR0615,Bell County Morgan Storage,"DM-BCTRM, LLC",Bell,Texas,To Tap 138 kV Trimmier Substation (Bus# 136),,Other - Battery Energy Storage,256.27,,,2024-11-19,Active,2029-12-30,,,,Other,Battery Energy Storage,"SS Completed, FIS Started, No IA",2024-11-19,2025-02-18,2024-11-14 00:00:00.000,,,,,,,,,NORTH,,,
26INR0616,Blanco County Behrends Storage,"DM-BCB, LLC",Blanco,Texas,#70482 Blanco Substation 138 kV - currently being upgraded,,Other - Battery Energy Storage,153.62,,,2024-12-19,Active,2029-12-30,,,,Other,Battery Energy Storage,"SS Completed, FIS Started, No IA",2024-12-19,2025-03-17,2024-12-13 00:00:00.000,,,,,,,,,SOUTH,,,
26INR0617,Knox County Moore Storage,"DM-KCM, LLC",Knox,Texas,6110 Munday East Substation 138kV,,Other - Battery Energy Storage,77.0,,,2024-12-19,Active,2028-06-30,,,,Other,Battery Energy Storage,"SS Completed, FIS Started, No IA",2024-12-19,2025-02-20,2024-12-13 00:00:00.000,,No,,,,,,,WEST,,,
26INR0618,Taylor County Paul Storage,"DM-TCP, LLC",Taylor,Texas,6260 Abilene South Substation 138kV,,Other - Battery Energy Storage,204.9,,,2024-12-19,Active,2029-12-30,,,,Other,Battery Energy Storage,"SS Completed, FIS Completed, No IA",2024-12-19,2025-02-20,2024-12-05 00:00:00.000,2026-04-09,No,,,,,,,WEST,,,
26INR0619,Bonham Storage SLF,J&J Solar Ranch LLC,Limestone,Texas,Tap 138kV 3632 Mexia_Main - 3634 Groesbeck_Main,,Other - Battery Energy Storage,104.92,,,2025-01-28,Active,2027-07-01,,,,Other,Battery Energy Storage,"SS Completed, FIS Started, No IA",2025-01-28,2025-04-15,2025-01-16 00:00:00.000,,,,,,,,,NORTH,,,
26INR0621,Juno 3 Solar,Juno Solar 3,Borden,Texas,#59916 Buck Canyon 345kV,,Solar - Photovoltaic Solar,500.0,,,2025-03-24,Completed,2027-11-30,,,,Solar,Photovoltaic Solar,"SS Completed, FIS Started, IA",2025-03-24,2025-06-09,2025-03-18 00:00:00.000,,Yes,2025-07-01,,,Not Required,,,WEST,,,
26INR0622,Buffalo Gap 1 Wind Repower,"Buffalo Gap Wind Farm, LLC",Taylor,Texas,6216 Bluff Creek Substation 138kV,,Wind - Wind Turbine,120.23,,,2025-01-28,Completed,2027-02-01,,,,Wind,Wind Turbine,"SS Completed, FIS Completed, IA",2025-01-28,2025-04-15,2025-01-10 00:00:00.000,2026-03-17,No,2005-02-28,Not Required,Not Required,Not Required,2026-03-25 00:00:00,2026-05-05 00:00:00,WEST,,,
26INR0625,Buffalo Gap 2 Wind Repower,"Buffalo Gap Wind Farm 2, LLC",Nolan,Texas,6216 Bluff Creek 138 kV,,Wind - Wind Turbine,231.49,,,2024-12-19,Completed,2027-02-01,,,,Wind,Wind Turbine,"SS Completed, FIS Completed, IA",2024-12-19,2025-02-20,2024-11-26 00:00:00.000,2026-03-17,No,2005-02-28,Not Required,Not Required,Not Required,2026-03-25 00:00:00,2026-05-05 00:00:00,WEST,,,
26INR0626,Buffalo Gap 3 Wind Repower,"Buffalo Gap Wind Farm 3, LLC",Taylor,Texas,6216 Bluff_Creek 138kV,,Wind - Wind Turbine,168.45,,,2024-12-03,Completed,2027-02-01,,,,Wind,Wind Turbine,"SS Completed, FIS Completed, IA",2024-12-03,2025-02-18,2024-11-20 00:00:00.000,2026-03-17,No,2005-02-28,,,Not Required,2026-03-25 00:00:00,2026-05-05 00:00:00,WEST,,,
26INR0630,Betel Storage I,BETEL STORAGE I,Milam,Texas,3377 Little Pond Switch ( LTPSW) 345,,Other - Battery Energy Storage,500.0,,,2025-01-28,Active,2026-08-12,,,,Other,Battery Energy Storage,"SS Completed, FIS Started, No IA",2025-01-28,2025-04-15,2025-01-22 00:00:00.000,,,,,,,,,SOUTH,,,
26INR0632,Dempsey Solar SLF,Dempsey Solar LLC,Leon,Texas,Tap 138 KV Ridge (#37)-Robertson (#32) line; BEPC,,Solar - Photovoltaic Solar,245.34,,,2025-02-25,Active,2028-09-08,,,,Solar,Photovoltaic Solar,"SS Completed, FIS Started, No IA",2025-02-25,2025-05-20,2025-03-20 00:00:00.000,,,,,,Not Required,,,NORTH,,,
26INR0633,Betel Storage II,BETEL STORAGE II,Milam,Texas,3377 Little Pond 345,,Other - Battery Energy Storage,500.0,,,2025-01-28,Active,2026-12-17,,,,Other,Battery Energy Storage,"SS Completed, FIS Started, No IA",2025-01-28,2025-04-15,2025-01-22 00:00:00.000,,,,,,,,,SOUTH,,,
26INR0635,Aquila Solar,Ben Milam Solar 5,Milam,Texas,3706 Gibson Switch 345kV,,Solar - Photovoltaic Solar,500.0,,,2025-11-18,Active,2026-11-12,,,,Solar,Photovoltaic Solar,"SS Completed, FIS Started, No IA",2025-11-18,2026-01-19,2025-11-17 00:00:00.000,,No,,,,Not Required,,,SOUTH,,,
26INR0636,Lyra Storage,JUNO BESS I,Borden,Texas,345kV MULESHOE (#59922),,Other - Battery Energy Storage,500.0,,,2025-05-27,Completed,2026-11-12,,,,Other,Battery Energy Storage,"SS Completed, FIS Started, IA",2025-05-27,2025-08-23,2025-05-12 00:00:00.000,,,2025-08-13,,,,,,WEST,,,
26INR0640,Amberjack2 BESS,"Hunt Energy Network, LLC",Cameron,Texas,79501 KINGFISHER 345KV,,Other - Battery Energy Storage,180.0,,,2025-01-28,Active,2028-04-03,,,,Other,Battery Energy Storage,"SS Completed, FIS Started, No IA",2025-01-28,2025-05-03,2025-01-06 00:00:00.000,,,,,,,,,COASTAL,,,
26INR0647,Wake Wind Energy Repower,WAKE WIND ENERGY,Crosby,Texas,59904 Cottonwood 345,,Wind - Wind Turbine,252.5,,,2025-04-21,Completed,2027-05-10,,,,Wind,Wind Turbine,"SS Completed, FIS Completed, IA",2025-04-21,2025-07-15,2025-04-17 00:00:00.000,2026-06-16,,2014-02-28,,,Not Required,2026-08-03 00:00:00,2026-08-03 00:00:00,PANHANDLE,,,
26INR0654,Great Hambino BESS,"Atascosa BESS, LLC",Atascosa,Texas,#5700 Miracle Lake Substation 138kV ,,Other - Battery Energy Storage,122.98,,,2025-09-11,Active,2027-10-01,,,,Other,Battery Energy Storage,"SS Completed, FIS Started, No IA",2025-09-11,2025-11-12,2025-09-10 00:00:00.000,,,,,,,,,SOUTH,,,
26INR0664,Coleto Creek - Fuel Change Only,COLETO CREEK POWER LLC,Goliad,Texas,8162 Coleto Creek 138kV,,Gas - Steam Turbine other than Combined-Cycle,655.0,,,2025-04-21,Active,2026-12-15,,,,Gas,Steam Turbine other than Combined-Cycle,"SS Completed, FIS Started, No IA",2025-04-21,2025-07-19,2025-05-21 00:00:00.000,,,,,,,,,SOUTH,,,
26INR0685,Exergy Energy West Texas Natural Gas Reciprocating Power I,August Partners LLC,Reeves,Texas,38095 TNJACKRBT1 138kV,,"Gas - Internal Combustion Engine, eg. Reciprocating",400.0,,,2025-07-22,Active,2027-05-01,,,,Gas,"Internal Combustion Engine, eg. Reciprocating","SS Completed, FIS Started, No IA",2025-07-22,2025-10-09,,,,,,,,,,WEST,,,
26INR0686,Zeus Mitchell BESS II,"Zeus Mitchell BESS II, LLC",Mitchell,Texas,Tap 345 kV 10049 Ranger Camp - 10057 Prong Moss CKT #01 and #02,,Other - Battery Energy Storage,1042.94,,,2025-06-19,Active,2027-05-01,,,,Other,Battery Energy Storage,"SS Completed, FIS Started, No IA",2025-06-19,2025-09-16,2025-05-20 00:00:00.000,,,,,,,,,WEST,,,
26INR0700,Key City Battery Storage SLF,Key City Battery Storage LLC,Taylor,Texas,6235 Abilene Mulberry Creek 345,,Other - Battery Energy Storage,1.9,,,2025-07-07,Active,2029-03-31,,,,Other,Battery Energy Storage,"SS Completed, FIS Started, No IA",2025-07-07,2025-09-30,2026-03-31 00:00:00.000,,,,,,,,,WEST,,,
26INR0701,Key City Solar SLF,Key City Solar LLC,Taylor,Texas,6235 Abilene Mulberry Creek 345,,Solar - Photovoltaic Solar,989.1,,,2025-07-07,Active,2029-03-31,,,,Solar,Photovoltaic Solar,"SS Completed, FIS Started, No IA",2025-07-07,2025-09-30,2026-03-31 00:00:00.000,,,,,,Not Required,,,WEST,,,
26INR0715,Tierra Bonita BESS SLF,Greasewood II BESS LLC,Pecos,Texas,860 GIRVINSW 345kV ,,Other - Battery Energy Storage,0.0,,,2026-01-26,Active,2029-06-01,,,,Other,Battery Energy Storage,"SS Completed, FIS Started, No IA",2026-01-26,2026-04-17,2026-01-16 00:00:00.000,,No,,,,,,,WEST,,,
26INR0718,PHOTON SOLAR REPOWERING,"GulfStar Power, LLC",Wharton,Texas,44880 Waterh_POI_5 345kV,,Solar - Photovoltaic Solar,0.0,,,2025-10-13,Completed,2027-08-17,,,,Solar,Photovoltaic Solar,"SS Completed, FIS Started, IA",2025-10-13,2025-12-23,2025-10-02 00:00:00.000,,No,2021-02-25,,,Not Required,,,SOUTH,,,
26INR0724,Monahans Power Gas,Liberty Power Innovations LLC,Ward,Texas,"11117 PECOSTRAIL_8 138kV

",,"Gas - Internal Combustion Engine, eg. Reciprocating",18.2,,,2025-09-22,Active,2030-04-16,,,,Gas,"Internal Combustion Engine, eg. Reciprocating","SS Completed, FIS Started, No IA",2025-09-22,2025-12-02,2026-05-26 00:00:00.000,,,,,,,,,WEST,,,
26INR0725,PHOTON BESS REPOWERING,"GulfStar Power, LLC",Wharton,Texas,44880 Waterh_POI_5 345kV,,Other - Battery Energy Storage,305.48,,,2025-11-05,Active,2027-08-17,,,,Other,Battery Energy Storage,"SS Completed, FIS Started, No IA",2025-11-05,2025-12-23,2025-10-07 00:00:00.000,,No,,,,,,,SOUTH,,,
26INR0726,Roadrunner Crossing Wind (Uprate),"Roadrunner Wind, LLC",Eastland,Texas,68051 Reata 345kV,,Wind - Wind Turbine,7.32,,,2025-12-23,Active,2027-06-30,,,,Wind,Wind Turbine,"SS Completed, FIS Completed, No IA",2025-12-23,2026-02-05,2025-12-10 00:00:00.000,2026-06-09,No,,Not Required,Not Required,Not Required,2026-07-30 00:00:00,2026-07-30 00:00:00,NORTH,,,
27INR0002,Puerto Del Sol 2,"PUERTO DEL SOL, LLC",Cameron,Texas,Tap 345kV 79500 Palmito - 79501 King Fisher Ckt 1,,Solar - Photovoltaic Solar,213.8,,,2022-05-16,Active,2027-12-31,,,,Solar,Photovoltaic Solar,"SS Completed, FIS Started, No IA",2022-05-16,2022-08-13,2023-01-30 17:14:19.000,,,,,,Not Required,,,COASTAL,,,
27INR0003,Becerra Creek Storage 2,"Bordas Renewable Energy, LLC",Webb,Texas,345 kV Cenizo Substation (#80220),,Other - Battery Energy Storage,125.62,,,2022-09-21,Active,2027-12-01,,,,Other,Battery Energy Storage,"SS Completed, FIS Started, No IA",2022-09-21,2022-12-19,2022-09-07 00:00:00.000,,,,,,,,,SOUTH,,,
27INR0004,Dundee West Wind,"Felix 2, LLC",Wilbarger,Texas,345 kV Riley Substation (#6101); AEP,,Wind - Wind Turbine,146.49,,,2023-01-03,Completed,2027-12-31,,,,Wind,Wind Turbine,"SS Completed, FIS Started, IA",2023-01-03,2023-03-30,2022-12-28 00:00:00.000,,Yes,2025-02-21,Not Required,,Not Required,2025-04-03 00:00:00,,WEST,,,
27INR0005,Dundee East A Wind,"Felix 2, LLC",Baylor,Texas,345 kV Riley Substation  (#6101); AEP,,Wind - Wind Turbine,524.0,,,2023-01-03,Completed,2027-12-31,,,,Wind,Wind Turbine,"SS Completed, FIS Started, IA",2023-01-03,2023-03-30,2022-12-22 00:00:00.000,,Yes,2025-02-21,Not Required,,Not Required,2025-04-03 00:00:00,,WEST,,,
27INR0007,Felix East Solar,"Felix 1, LLC",Wilbarger,Texas,The 345 kV Riley Substation (#6101); AEP,,Solar - Photovoltaic Solar,200.92,,,2023-01-03,Completed,2028-12-31,,,,Solar,Photovoltaic Solar,"SS Completed, FIS Started, IA",2023-01-03,2023-03-30,2022-12-22 00:00:00.000,,Yes,2025-02-21,Not Required,,Not Required,2025-04-03 00:00:00,,WEST,,,
27INR0009,Felix Storage,"Felix 1, LLC",Wilbarger,Texas,The 345 kV Riley Substation (#6101); AEP,,Other - Battery Energy Storage,100.54,,,2023-01-03,Active,2027-07-31,,,,Other,Battery Energy Storage,"SS Completed, FIS Started, No IA",2023-01-03,2023-03-30,2022-12-22 00:00:00.000,,No,,,,,,,WEST,,,
27INR0011,Dundee East B Wind,"Felix 2, LLC",Baylor,Texas,345 kV Riley Substation (#6101); AEP,,Wind - Wind Turbine,261.45,,,2023-01-17,Completed,2027-12-31,,,,Wind,Wind Turbine,"SS Completed, FIS Started, IA",2023-01-17,2023-04-14,2023-01-03 00:00:00.000,,Yes,2025-02-21,Not Required,,Not Required,2025-04-03 00:00:00,,WEST,,,
27INR0012,Felix West Solar,"Felix 1, LLC",Wilbarger,Texas,6101 Riley 345 kV ,,Solar - Photovoltaic Solar,200.95,,,2023-01-17,Completed,2028-12-31,,,,Solar,Photovoltaic Solar,"SS Completed, FIS Started, IA",2023-01-17,2023-04-14,2023-01-03 00:00:00.000,,Yes,2025-02-21,Not Required,,Not Required,2025-04-03 00:00:00,,WEST,,,
27INR0014,Kit Fox Storage,"Kit Fox Storage, LLC",Henderson,Texas,Walton Switch (6899) 138KV,,Other - Battery Energy Storage,153.6,,,2023-03-13,Active,2029-07-01,,,,Other,Battery Energy Storage,"SS Completed, FIS Started, No IA",2023-03-13,2023-06-09,2023-03-10 00:00:00.000,,No,,,,,,,NORTH,,,
27INR0022,Panhandle Flagship Solar 1,Panhandle Solar Group Operating Company LLC,Carson,Texas,345 kV Railhead Substation (RAILHEAD #79005),,Solar - Photovoltaic Solar,439.4,,,2023-03-13,Completed,2031-06-30,,,,Solar,Photovoltaic Solar,"SS Completed, FIS Started, IA",2023-03-13,2023-06-09,2023-02-23 00:00:00.000,,Yes,2025-08-28,,,Not Required,,,PANHANDLE,,,
27INR0023,Panhandle Flagship Solar 2,Panhandle Solar Group Operating Company LLC,Hutchinson,Texas,"345 kV Railhead Substation (RAILHEAD #79005).
Station 2 (27INR0023) connects to Station 1 (27INR0022 & 27INR0025) via a 4.9 mile internal tie line. Station 1 (27INR0022 & 27INR0025) connects to POIB via 22.5 mile tie-line",,Solar - Photovoltaic Solar,304.4,,,2023-03-13,Completed,2031-06-30,,,,Solar,Photovoltaic Solar,"SS Completed, FIS Started, IA",2023-03-13,2023-06-09,2023-02-23 00:00:00.000,,Yes,2025-08-28,,,Not Required,,,PANHANDLE,,,
27INR0024,Panhandle Flagship Solar 3,Panhandle Solar Group Operating Company LLC,Hutchinson,Texas,345 kV Railhead Substation (RAILHEAD #79005).Station 3 (27INR0024) connects to Station 2 (27INR0023) via a 4.4 mile internal tie line. Station 2 connects to Station 1 (27INR0022 & 27INR0025) via a 4.9 mile internal tie line. Station 1 connects to POI,,Solar - Photovoltaic Solar,260.3,,,2023-03-13,Completed,2031-06-30,,,,Solar,Photovoltaic Solar,"SS Completed, FIS Started, IA",2023-03-13,2023-06-09,2023-02-23 00:00:00.000,,Yes,2025-08-28,,,Not Required,,,PANHANDLE,,,
27INR0025,Panhandle Flagship Storage,Panhandle Solar Group Operating Company LLC,Carson,Texas,345 kV Railhead Substation (RAILHEAD #79005),,Other - Battery Energy Storage,371.7,,,2023-03-13,Completed,2031-06-30,,,,Other,Battery Energy Storage,"SS Completed, FIS Started, IA",2023-03-13,2023-06-09,2023-02-23 00:00:00.000,,Yes,2025-08-28,,,2026-01-30 00:00:00,,,PANHANDLE,,,
27INR0029,Short Creek BESS,"Wichita Solar I, LLC",Wichita,Texas,Tap 345kV 6101 Riley - 1425 Fisher Road Switch Ckt 1,,Other - Battery Energy Storage,155.66,,,2023-04-19,Active,2028-07-01,,,,Other,Battery Energy Storage,"SS Completed, FIS Started, No IA",2023-04-19,2023-07-14,2023-04-12 00:00:00.000,,,,Not Required,Not Required,,2026-05-07 00:00:00,,WEST,,,
27INR0040,Solar Star Rhome Storage,Solar Star Rhome Storage,Wise,Texas,576 RHOME 138kV,,Other - Battery Energy Storage,226.24,,,2023-04-19,Active,2029-09-27,,,,Other,Battery Energy Storage,"SS Completed, FIS Completed, No IA",2023-04-19,2023-07-12,2023-08-04 00:00:00.000,2025-07-21,,,,,,,,NORTH,,,
27INR0047,Sunscape Renewable Energy Solar SLF,Sunscape Renewable Energy LLC,Nueces,Texas,Bus# 8455 Lon C Hill to Bus# 80078 Reforzar 345 kV Line,,Solar - Photovoltaic Solar,522.75,,,2023-06-28,Completed,2028-10-31,,,,Solar,Photovoltaic Solar,"SS Completed, FIS Started, IA",2023-06-28,2023-09-20,2023-05-30 00:00:00.000,,Yes,2024-07-18,,,Not Required,2025-08-10 00:00:00,,COASTAL,,,
27INR0048,Sunscape Renewable Energy Storage SLF,Sunscape Renewable Energy LLC,Nueces,Texas,Tap 345kV 8455 Lon C Hill -- 80078 Reforzar,,Other - Battery Energy Storage,0.0,,,2023-06-28,Completed,2028-10-31,,,,Other,Battery Energy Storage,"SS Completed, FIS Started, IA",2023-06-28,2023-09-20,2023-06-06 00:00:00.000,,Yes,2024-07-18,,,,2025-08-10 00:00:00,,COASTAL,,,
27INR0049,Darkwood Solar,"Mustang Creek Solar, LLC",Comanche,Texas,Tap 345KV 1900 Comanche Peak to 1440 Comanche SS ,,Solar - Photovoltaic Solar,152.02,,,2023-06-28,Completed,2027-09-20,,,,Solar,Photovoltaic Solar,"SS Completed, FIS Started, IA",2023-06-28,2023-09-01,2023-11-09 00:00:00.000,,,2025-11-05,,,Not Required,,,NORTH,,,
27INR0050,Darkwood BESS,"Mustang Creek Solar, LLC",Comanche,Texas,Tap 345KV 1900 Comanche Peak - 1440 Comanche Switch,,Other - Battery Energy Storage,150.5,,,2023-06-07,Completed,2028-07-01,,,,Other,Battery Energy Storage,"SS Completed, FIS Completed, IA",2023-06-07,2023-09-01,2023-10-31 00:00:00.000,2025-07-29,,2025-11-05,,,,,,NORTH,,,
27INR0056,Laurel Wind Energy Center,"LAUREL ENERGY CENTER, LLC",Pecos,Texas,"Tap Solstice to Bakersfield (Bus# 60404 -76002) 345kV Ckt 2 and
Tap Solstice to Bakersfield (Bus# 60404 -76002) 345kV Ckt 1",,Wind - Wind Turbine,306.6,,,2023-06-28,Completed,2027-12-31,,,,Wind,Wind Turbine,"SS Completed, FIS Started, IA",2023-06-28,2023-09-22,2023-06-08 00:00:00.000,,,2024-10-25,Not Required,Not Required,Not Required,2025-09-15 00:00:00,,WEST,,,
27INR0061,Hecate Energy Orem Wind,Hecate Energy LLC,Brazoria,Texas,42530 Jones Creek 345kV,,Wind - Wind Turbine,1542.0,,,2023-06-28,Active,2030-06-01,,,,Wind,Wind Turbine,"SS Completed, FIS Started, No IA",2023-06-28,2023-09-22,2024-06-14 21:30:56.000,,,,,,Not Required,,,COASTAL,,,
27INR0063,Supra Wind  ,"NextEra Energy Interconnection Holdings, LLC   ",Hardeman,Texas,"Tap #6101 Riley 7A to #60505 Edithcla 7B 345kV
",,Wind - Wind Turbine,205.86,,,2023-07-10,Active,2027-12-23,,,,Wind,Wind Turbine,"SS Completed, FIS Started, No IA",2023-07-10,2023-10-05,2023-06-29 00:00:00.000,,,,,,Not Required,,,WEST,,,
27INR0071,Sandow Lakes Energy Station,"SL Energy Power Plant I, LLC",Milam,Texas,#13430 Sandow Switch 138kV,,"Gas - Combustion (gas) Turbine, but not part of a Combined-Cycle",1291.6,,,2024-03-22,Active,2028-04-01,,,,Gas,"Combustion (gas) Turbine, but not part of a Combined-Cycle","SS Completed, FIS Started, No IA",2024-03-22,2024-06-19,2024-11-22 00:00:00.000,,,,,,,,,SOUTH,,,
27INR0074,Desert Hill Solar,NextEra Energy Interconnection Holdings,Culberson,Texas,Tap 138kV El Capitan (#10179) - Black River (#1096).,,Solar - Photovoltaic Solar,250.5,,,2024-01-11,Active,2030-07-01,,,,Solar,Photovoltaic Solar,"SS Completed, FIS Started, No IA",2024-01-11,2024-04-05,2026-04-02 00:00:00.000,,,,,,Not Required,,,WEST,,,
27INR0076,Bob Creek Wind,"NextEra Energy Interconnection Holdings, LLC   ",Sterling,Texas,59902 Sand Bluff 345kV,,Wind - Wind Turbine,240.0,,,2024-01-11,Completed,2028-07-01,,,,Wind,Wind Turbine,"SS Completed, FIS Started, IA",2024-01-11,2024-04-08,2024-01-09 00:00:00.000,,No,2025-06-06,Not Required,Not Required,Not Required,2025-09-08 00:00:00,,WEST,,,
27INR0077,Cuchillas BESS,Gransolar Texas Two,Webb,Texas,80219 Lobo 345kV,,Other - Battery Energy Storage,306.94,,,2023-09-26,Active,2028-12-15,,,,Other,Battery Energy Storage,"SS Completed, FIS Started, No IA",2023-09-26,2023-12-20,2023-08-17 00:00:00.000,,,,,,,,,SOUTH,,,
27INR0082,Orbit Energy Storage,"GCI Orbit Energy Storage, LLC",Bexar,Texas,Tap 345 kV Calaveras Power Station (BUS #5400) to VON_ROSE (BUS #5475),,Other - Battery Energy Storage,501.94,,,2023-11-30,Active,2027-06-01,,,,Other,Battery Energy Storage,"SS Completed, FIS Started, No IA",2023-11-30,2024-02-29,2023-09-27 00:00:00.000,,,,,,,,,SOUTH,,,
27INR0083,Spinner Energy Storage,"GCI Wolf Energy Storage, LLC",Bee,Texas,8196 Poesta Substation 138kV,,Other - Battery Energy Storage,125.63,,,2023-10-13,Active,2029-07-10,,,,Other,Battery Energy Storage,"SS Completed, FIS Completed, No IA",2023-10-13,2024-01-09,2023-09-27 00:00:00.000,2026-01-23,,,,,,,,SOUTH,,,
27INR0084,Aegle Power,Aegle Power LLC ,Cameron,Texas,(#79501) Kingfisher 345 kV,,Gas - Combined-Cycle,1536.4,,,2024-07-22,Active,2027-07-30,,,,Gas,Combined-Cycle,"SS Completed, FIS Started, No IA",2024-07-22,2024-10-17,2024-07-03 00:00:00.000,,,,,,,,,COASTAL,,,
27INR0085,Eagle Claw Energy Center,"Eagle Claw Energy Center, LLC",Grimes,Texas,Singleton (Bus #44645) - Zenith (Bus #44900) Circuit #99 345 kV ,,Other - Battery Energy Storage,204.58,,,2023-10-13,Completed,2028-03-31,,,,Other,Battery Energy Storage,"SS Completed, FIS Completed, IA",2023-10-13,2024-01-10,2023-10-06 00:00:00.000,2024-10-30,Yes,2025-09-15,Not Required,Not Required,,2026-03-24 00:00:00,,NORTH,,,
27INR0091,Oak Tree Energy Storage,"Live Oak Energy Storage, LLC",Lavaca,Texas,Tap Shaula (#5380) – South Texas (#5915) ,,Other - Battery Energy Storage,310.2,,,2023-12-04,Active,2030-09-20,,,,Other,Battery Energy Storage,"SS Completed, FIS Started, No IA",2023-12-04,2024-02-21,2023-11-21 00:00:00.000,,,,,,,,,SOUTH,,,
27INR0092,Pecan BESS,Gransolar Texas Three LLC,Leon,Texas,(PSSE BUS# 47) HILTOPLKS8 138kV ,,Other - Battery Energy Storage,157.12,,,2023-10-25,Active,2028-12-31,,,,Other,Battery Energy Storage,"SS Completed, FIS Completed, No IA",2023-10-25,2024-01-22,2023-10-12 00:00:00.000,2025-07-29,,,,,,,,NORTH,,,
27INR0093,Guadalupe Battery Storage Project ,"Guadalupe Power Partners, LP  ",Guadalupe,Texas,# 7044 Marion 345kV,,Other - Battery Energy Storage,210.5,,,2023-11-14,Active,2030-05-30,,,,Other,Battery Energy Storage,"SS Completed, FIS Started, No IA",2023-11-14,2024-02-08,2024-10-22 00:00:00.000,,,,,,,,,SOUTH,,,
27INR0095,Bulldog Power (TEF - Due Diligence) ,Bulldog Power LLC,Brazoria,Texas,39703 TNMP FM524 Substation 138kV,,"Gas - Combustion (gas) Turbine, but not part of a Combined-Cycle",311.0,,,2023-11-14,Active,2027-12-18,,,,Gas,"Combustion (gas) Turbine, but not part of a Combined-Cycle","SS Completed, FIS Completed, No IA",2023-11-14,2024-02-08,2023-11-08 00:00:00.000,2026-03-20,No,,,,,,,COASTAL,,,
27INR0096,Rubicon Power BESS,Rubicon Power LLC,Brazoria,Texas,39703 TNMP FM524 138kV,,Other - Battery Energy Storage,301.38,,,2023-11-14,Active,2027-12-31,,,,Other,Battery Energy Storage,"SS Completed, FIS Started, No IA",2023-11-14,2024-02-08,2023-11-08 00:00:00.000,,No,,,,,,,COASTAL,,,
27INR0097,JUNIPERUS BESS,BLUE STONE RENEWABLE XXI LLC,Hopkins,Texas,TAP CASHSW_T5 (2464) -SULSP_SS1_5 (1697),,Other - Battery Energy Storage,169.6,,,2023-10-30,Active,2029-07-09,,,,Other,Battery Energy Storage,"SS Completed, FIS Started, No IA",2023-10-30,2024-01-26,2024-07-24 00:00:00.000,,,,,,,,,NORTH,,,
27INR0102,Cottonseed Energy Storage,Cottonseed Energy Storage LLC,Wharton,Texas,South Lane City and PSEE # is 43190,,Other - Battery Energy Storage,207.6,,,2023-11-14,Active,2027-04-20,,,,Other,Battery Energy Storage,"SS Completed, FIS Completed, No IA",2023-11-14,2024-01-08,2023-11-02 00:00:00.000,2024-08-23,,,,,,,,SOUTH,,,
27INR0105,Starlight Solar ,Mills Tx Solar LLC,Mills,Texas,tap the 138 kV Goldthwaite (#7070) – San Saba Switch (#77074) ,,Solar - Photovoltaic Solar,130.72,,,2024-02-27,Completed,2030-05-09,,,,Solar,Photovoltaic Solar,"SS Completed, FIS Started, IA",2024-02-27,2024-05-22,2024-02-08 00:00:00.000,,,2025-12-31,Not Required,Not Required,Not Required,,,NORTH,,,
27INR0107,Starlight Storage ,Mills Tx Solar LLC,Mills,Texas,Tap 138kV 7070 Goldthwaite – 77074 San Saba Switch,,Other - Battery Energy Storage,104.66,,,2024-02-27,Completed,2030-05-09,,,,Other,Battery Energy Storage,"SS Completed, FIS Started, IA",2024-02-27,2024-05-22,2024-02-08 00:00:00.000,,,2025-12-31,Not Required,Not Required,,,,NORTH,,,
27INR0108,Paint Rock Wind,"Paint Rock Wind, LLC",Concho,Texas,Amos Creek (7077) – Bow Wood (76006),,Wind - Wind Turbine,379.18,,,2024-01-03,Active,2028-10-01,,,,Wind,Wind Turbine,"SS Completed, FIS Started, No IA",2024-01-03,2024-03-29,2023-12-11 00:00:00.000,,,,Not Required,Not Required,Not Required,,,WEST,,,
27INR0109,Two Barbaras BESS,Two Barbaras BESS,Montgomery,Texas,Tap 138 kV Pinehurst (#46240) – Mill Creek (#44850) Line,,Other - Battery Energy Storage,217.16,,,2024-03-22,Completed,2029-01-04,,,,Other,Battery Energy Storage,"SS Completed, FIS Started, IA",2024-03-22,2024-06-19,2024-03-14 00:00:00.000,,No,2025-10-01,,,,,,HOUSTON,,,
27INR0111,Malachite Solar,Malachite Solar LLC,Wharton,Texas,The 345 kV Hillje (#44200) – Holman (#9073) Line; AEN. ,,Solar - Photovoltaic Solar,184.55,,,2024-02-27,Completed,2032-04-30,,,,Solar,Photovoltaic Solar,"SS Completed, FIS Completed, IA",2024-02-27,2024-05-22,2024-01-25 00:00:00.000,2025-11-04,Yes,2025-12-26,,,Not Required,,,SOUTH,,,
27INR0112,Malachite BESS,Malachite Storage LLC,Wharton,Texas,Tap 345 kV 44200 Hillje – 9073 Holman ,,Other - Battery Energy Storage,191.12,,,2024-05-20,Completed,2032-04-30,,,,Other,Battery Energy Storage,"SS Completed, FIS Completed, IA",2024-05-20,2024-07-22,2024-05-15 00:00:00.000,2025-11-04,Yes,2025-12-26,,,,,,SOUTH,,,
27INR0115,Diamante BESS,BESS DIAMANTE LLC,Grimes,Texas,40600 ROANS__POI_5 345kV,,Other - Battery Energy Storage,513.68,,,2024-02-27,Active,2028-11-01,,,,Other,Battery Energy Storage,"SS Completed, FIS Completed, No IA",2024-02-27,2024-05-24,2024-11-21 00:00:00.000,2025-10-09,No,,,,,,,NORTH,,,
27INR0117,Roble BESS,Flexen USA LLC,Guadalupe,Texas,"7180 L_ZORN__8_1Y 138kV
",,Other - Battery Energy Storage,154.3,,,2024-08-16,Active,2028-12-01,,,,Other,Battery Energy Storage,"SS Completed, FIS Started, No IA",2024-08-16,2024-11-14,2025-06-02 00:00:00.000,,,,,,,,,SOUTH,,,
27INR0118,Grapefruit Solar,Grapefruit Solar LLC,Hidalgo,Texas,North Edinburg (Bus #8905) - Reforzar (Bus # 80078) 345kV,,Solar - Photovoltaic Solar,291.4,,,2024-02-27,Completed,2028-12-31,,,,Solar,Photovoltaic Solar,"SS Completed, FIS Completed, IA",2024-02-27,2024-05-22,2024-01-26 00:00:00.000,2026-08-31,No,2025-04-10,Not Required,Not Required,Not Required,2025-08-04 00:00:00,,SOUTH,,,
27INR0120,Solar Star Bay City Storage ,Solar Star Bay City Storage,Matagorda,Texas,Tap 138kV Conoco (#8138) – Black Cat (#80124),,Other - Battery Energy Storage,206.27,,,2023-12-20,Active,2029-02-27,,,,Other,Battery Energy Storage,"SS Completed, FIS Started, No IA",2023-12-20,2024-03-11,2024-11-25 00:00:00.000,,,,,,,,,COASTAL,,,
27INR0124,RedSun Solar,Redsun Solar Project LLC,Burnet,Texas,Tap 138kV 7100 Burnet - 7529 Bertram,,Solar - Photovoltaic Solar,82.55,,,2023-12-04,Completed,2028-08-28,,,,Solar,Photovoltaic Solar,"SS Completed, FIS Completed, IA",2023-12-04,2024-03-01,2023-11-28 00:00:00.000,2025-07-29,No,2025-09-25,,,Not Required,,,SOUTH,,,
27INR0125,RedSun BESS,Redsun Solar Project LLC,Burnet,Texas,Existing Line from Substation Name: Burnet (PSSE#7100) to Substation Name: Bertram (PSSE#7520),,Other - Battery Energy Storage,84.04,,,2023-12-04,Active,2028-08-28,,,,Other,Battery Energy Storage,"SS Completed, FIS Completed, No IA",2023-12-04,2024-03-01,2023-11-21 00:00:00.000,2025-07-29,No,,,,,,,SOUTH,,,
27INR0126,Corvus Solar,"Corvus Solar, LLC",Webb,Texas,Tap 345kV Cenzio (#80219) - Lobo (#80220),,Solar - Photovoltaic Solar,201.5,,,2024-02-07,Completed,2028-11-12,,,,Solar,Photovoltaic Solar,"SS Completed, FIS Completed, IA",2024-02-07,2024-04-30,2024-01-16 00:00:00.000,2026-08-31,No,2025-07-31,Not Required,Not Required,Not Required,2025-08-04 00:00:00,,SOUTH,,,
27INR0127,Bigway Solar I,"NextEra Energy Interconnection Holdings, LLC",King,Texas,Tap 345kV 59904 Cottonwood - 60500 Edith Clarke Ckt #2,,Solar - Photovoltaic Solar,195.2,,,2024-01-11,Completed,2027-12-31,,,,Solar,Photovoltaic Solar,"SS Completed, FIS Started, IA",2024-01-11,2024-03-15,2024-02-28 00:00:00.000,,,2025-02-15,Not Required,Not Required,Not Required,2025-03-19 00:00:00,,WEST,,,
27INR0128,Bigway Solar II,"NextEra Energy Interconnection Holdings, LLC",King,Texas,Tap 345KV #59904 Cottonwood - #60500 Edith Clarke Ckt #2,,Solar - Photovoltaic Solar,206.0,,,2023-12-20,Completed,2027-12-31,,,,Solar,Photovoltaic Solar,"SS Completed, FIS Started, IA",2023-12-20,2024-03-15,2024-02-28 00:00:00.000,,No,2025-02-15,Not Required,Not Required,Not Required,2025-03-19 00:00:00,,WEST,,,
27INR0132,Palo Verde Wind,"RWE Clean Energy Development, LLC",San Patricio,Texas,Tap 345kV 8624 Grissom – 8455 Lon C Hill,,Wind - Wind Turbine,297.5,,,2024-04-09,Completed,2029-07-22,,,,Wind,Wind Turbine,"SS Completed, FIS Started, IA",2024-04-09,2024-07-05,2024-04-01 00:00:00.000,,Yes,2025-12-19,,,Not Required,,,COASTAL,,,
27INR0139,Gatsby Energy Storage,Gatsby Energy Storage LLC,Pecos,Texas,Fort Lancaster 138 kV Substation (PSSE Bus #76579),,Other - Battery Energy Storage,103.36,,,2024-02-07,Active,2030-12-31,,,,Other,Battery Energy Storage,"SS Completed, FIS Started, No IA",2024-02-07,2024-04-29,2023-12-07 00:00:00.000,,,,,,,,,WEST,,,
27INR0140,Kingsmill Wind SLF,"Kingsmill Wind, LLC",Carson,Texas,79005 Railhead 345kV,,Wind - Wind Turbine,606.3,,,2024-01-11,Completed,2029-09-01,,,,Wind,Wind Turbine,"SS Completed, FIS Started, IA",2024-01-11,2024-04-08,2024-10-08 00:00:00.000,,,2025-12-18,,,Not Required,,,PANHANDLE,,,
27INR0141,Bluefox Solar 1,Industrial November Project LLC,Matagorda,Texas,#8754 Zoisite 345kV,,Solar - Photovoltaic Solar,402.6,,,2024-03-22,Active,2029-05-31,,,,Solar,Photovoltaic Solar,"SS Completed, FIS Started, No IA",2024-03-22,2024-06-19,2024-02-21 00:00:00.000,,Yes,,,,Not Required,,,COASTAL,,,
27INR0142,UNICORN BESS,Unicorn Energies,Fort Bend,Texas,Tap 138 kV Wa Parish (#44015) - Crabb River Road Line (#44170) Line; CNP,,Other - Battery Energy Storage,278.98,,,2024-01-11,Active,2027-09-01,,,,Other,Battery Energy Storage,"SS Completed, FIS Started, No IA",2024-01-11,2024-04-05,2024-01-05 00:00:00.000,,,,,,,,,HOUSTON,,,
27INR0143,Ogalalla Storage,Hecate Energy Ogalalla Solar LLC,Castro,Texas,23912 OGALLALA_5 345kV,,Other - Battery Energy Storage,251.6,,,2024-01-03,Active,2028-04-15,,,,Other,Battery Energy Storage,"SS Completed, FIS Started, No IA",2024-01-03,2024-03-25,2024-04-19 00:00:00.000,,,,,,,,,PANHANDLE,,,
27INR0144,Angel City Solar,"Angel City Energy Center, LLC",Goliad,Texas,"Coleto Creek (# 8164) AEP – Pawnee (#5725) STEC, 25.9 miles from Coleto Creek, 28.2 miles from Pawnee Sub. POI co-ordinates: 28.755, -97.583",,Solar - Photovoltaic Solar,221.02,,,2024-02-07,Active,2029-09-30,,,,Solar,Photovoltaic Solar,"SS Completed, FIS Started, No IA",2024-02-07,2024-04-30,2024-01-23 00:00:00.000,,,,,,Not Required,,,SOUTH,,,
27INR0145,Steelhead Energy Storage,"GRS BESS TEXAS SEVEN, LLC",Fannin,Texas,Tap 1593 BONHAM_P8 to Allens Creek 1835 138kV,,Other - Battery Energy Storage,192.1,,,2024-02-07,Active,2029-04-30,,,,Other,Battery Energy Storage,"SS Completed, FIS Started, No IA",2024-02-07,2024-04-29,2024-01-04 00:00:00.000,,,,Not Required,Not Required,,,,NORTH,,,
27INR0146,Larrea Solar,Greasewood IV LLC,Pecos,Texas,Tap 345kV 76002 Bakerfield - 60404 Solstice CKT#1,,Solar - Photovoltaic Solar,231.6,,,2024-01-03,Active,2027-09-18,,,,Solar,Photovoltaic Solar,"SS Completed, FIS Started, No IA",2024-01-03,2024-03-29,2024-06-05 00:00:00.000,,,,,,Not Required,,,WEST,,,
27INR0147,Paloma Energy Center,"Harrison Street Development, LLC",Colorado,Texas,Tap 138 kV 57640 Rock Island - 57639 Sheridan,,Solar - Photovoltaic Solar,193.8,,,2024-02-07,Active,2027-12-31,,,,Solar,Photovoltaic Solar,"SS Completed, FIS Started, No IA",2024-02-07,2024-05-01,2024-01-09 00:00:00.000,,,,Not Required,Not Required,Not Required,,,SOUTH,,,
27INR0148,Paloma Energy Center BESS,"Harrison Street Development, LLC",Colorado,Texas,Tap 138kV 57640 Rock Island - 57639 Sheridan,,Other - Battery Energy Storage,53.6,,,2024-02-07,Active,2027-12-31,,,,Other,Battery Energy Storage,"SS Completed, FIS Started, No IA",2024-02-07,2024-05-01,2024-01-22 00:00:00.000,,,,,,,,,SOUTH,,,
27INR0149,Diablo Campo Storage,"Diablo Campo Energy Center, LLC",Goliad,Texas,The Coleto Greek (#8164) to Pawnee Switching Station (#5725) ; LCRA,,Other - Battery Energy Storage,313.54,,,2024-02-07,Active,2029-09-30,,,,Other,Battery Energy Storage,"SS Completed, FIS Started, No IA",2024-02-07,2024-04-29,2024-01-23 00:00:00.000,,,,,,,,,SOUTH,,,
27INR0150,Cielo Vista Solar,"Cielo Vista Solar, LLC",Duval,Texas,Tap 345kV Bus #5901 Miguel5 - Bus #80079 Cruce7A Ckt 1,,Solar - Photovoltaic Solar,503.34,,,2025-04-21,Active,2029-03-30,,,,Solar,Photovoltaic Solar,"SS Completed, FIS Started, No IA",2025-04-21,2025-07-18,2025-04-14 00:00:00.000,,,,,,Not Required,,,SOUTH,,,
27INR0151,Coyote Den Storage,"Coyote Den Energy Center, LLC",Karnes,Texas,The Kenedy Switching Station #2 (#8186) to Rosata POD  (#8153) Line ; AEP,,Other - Battery Energy Storage,156.93,,,2024-02-07,Active,2030-09-30,,,,Other,Battery Energy Storage,"SS Completed, FIS Started, No IA",2024-02-07,2024-04-29,2024-01-09 00:00:00.000,,,,,,,,,SOUTH,,,
27INR0152,New Shepherd Solar,"New Shepherd Energy Center, LLC",Karnes,Texas,"the Kenedy Switching Station #2 (#8186) – Rosata POD (#8153) line, AEP.",,Solar - Photovoltaic Solar,150.84,,,2024-01-11,Active,2030-09-30,,,,Solar,Photovoltaic Solar,"SS Completed, FIS Started, No IA",2024-01-11,2024-04-05,2023-12-19 00:00:00.000,,,,,,Not Required,,,SOUTH,,,
27INR0169,Marcos Solar SLF,GRS BESS Texas Eight,Victoria,Texas,To the 138 kV line from EDNA (#8118) to VICTORIA4A (#8172),,Solar - Photovoltaic Solar,216.11,,,2024-01-11,Active,2028-08-15,,,,Solar,Photovoltaic Solar,"SS Completed, FIS Started, No IA",2024-01-11,2024-04-08,2023-12-28 00:00:00.000,,,,,,Not Required,,,SOUTH,,,
27INR0170,Marcos BESS,GRS BESS Texas Eight LLC,Victoria,Texas,To the 138 kV line from EDNA (#8118) to VICTORIA4A (#8172),,Other - Battery Energy Storage,115.88,,,2024-02-07,Active,2027-08-15,,,,Other,Battery Energy Storage,"SS Completed, FIS Started, No IA",2024-02-07,2024-04-30,2024-01-16 00:00:00.000,,,,,,,,,SOUTH,,,
27INR0173,Trenno BESS,"JSB1, LLC",Johnson,Texas,Tap 138kV 2281 Godley - 2888 Carmichael,,Other - Battery Energy Storage,202.56,,,2024-02-07,Completed,2027-09-13,,,,Other,Battery Energy Storage,"SS Completed, FIS Started, IA",2024-02-07,2024-04-30,2024-03-19 00:00:00.000,,No,2025-08-18,Not Required,Not Required,2026-08-11 00:00:00,,,NORTH,,,
27INR0180,Otter BESS,"GRS BESS TEXAS TEN, LLC",Bexar,Texas,5378 SHEPHERD RD 138kV,,Other - Battery Energy Storage,157.12,,,2024-02-27,Active,2029-09-15,,,,Other,Battery Energy Storage,"SS Completed, FIS Started, No IA",2024-02-27,2024-05-20,2024-02-05 00:00:00.000,,,,,,,,,SOUTH,,,
27INR0181,Elk Unit 4 ,"Golden Spread Electric Cooperative, Inc.",Hale,Texas,141607 AEEC_5,,"Gas - Combustion (gas) Turbine, but not part of a Combined-Cycle",210.0,,,2024-04-09,Completed,2027-02-28,,,,Gas,"Combustion (gas) Turbine, but not part of a Combined-Cycle","SS Completed, FIS Completed, IA",2024-04-09,2024-07-05,2024-03-19 00:00:00.000,2025-07-16,,2025-12-30,2025-08-14 00:00:00,2025-08-14 00:00:00,2026-07-29 00:00:00,2026-07-29 00:00:00,2026-07-29 00:00:00,PANHANDLE,,,
27INR0186,Silver Dollar Solar,"Silver Dollar Solar Project, LLC",Freestone,Texas,Tap 345 kV Big Brown 3380 to Navarro 68091 ckt#2,,Solar - Photovoltaic Solar,301.9,,,2024-06-03,Active,2028-04-28,,,,Solar,Photovoltaic Solar,"SS Completed, FIS Started, No IA",2024-06-03,2024-08-29,2024-05-13 00:00:00.000,,,,,,Not Required,,,NORTH,,,
27INR0187,Silver Dollar Storage,"Silver Dollar Solar Project, LLC",Freestone,Texas,Tap 345 kV Big Brown 3380 to Navarro 68091 ckt#2,,Other - Battery Energy Storage,153.1,,,2024-06-03,Active,2028-04-28,,,,Other,Battery Energy Storage,"SS Completed, FIS Started, No IA",2024-06-03,2024-08-29,2024-05-13 00:00:00.000,,,,,,,,,NORTH,,,
27INR0190,Millsing BESS,Millsing BESS,Grimes,Texas,44645 CNP Singleton 345kV ,,Other - Battery Energy Storage,501.6,,,2024-02-27,Active,2028-10-15,,,,Other,Battery Energy Storage,"SS Completed, FIS Completed, No IA",2024-02-27,2024-05-24,2024-02-05 00:00:00.000,2024-10-08,,,,,,,,NORTH,,,
27INR0192,Cedar Draw Solar,Cedar Draw Solar LLC,Scurry,Texas,60011 Nebula7A 345kV ,,Solar - Photovoltaic Solar,451.4,,,2024-03-22,Active,2027-12-31,,,,Solar,Photovoltaic Solar,"SS Completed, FIS Started, No IA",2024-03-22,2024-06-19,2024-03-01 00:00:00.000,,,,,,Not Required,,,WEST,,,
27INR0193,Cedar Draw BESS,Cedar Draw Solar LLC,Scurry,Texas,60011 Nebula7A 345kV ,,Other - Battery Energy Storage,225.7,,,2024-03-22,Active,2027-12-31,,,,Other,Battery Energy Storage,"SS Completed, FIS Started, No IA",2024-03-22,2024-06-19,2024-02-20 00:00:00.000,,,,,,,,,WEST,,,
27INR0195,CORUSCANT BESS,AEU Battery Project III LLC,Dickens,Texas,Tap 345kV 59904 COTTONWOOD - 60500 EDITHCLA7A,,Other - Battery Energy Storage,417.79,,,2024-02-27,Active,2027-04-18,,,,Other,Battery Energy Storage,"SS Completed, FIS Started, No IA",2024-02-27,2024-05-20,2024-02-06 00:00:00.000,,Yes,,,,,,,PANHANDLE,,,
27INR0196,Houston County BESS,"Houston ESS, LLC",Houston,Texas,Tap ETEC 138kV #6733 Mustang Prairie to #6732 Latexo Sub,,Other - Battery Energy Storage,125.4,,,2024-02-27,Active,2029-12-31,,,,Other,Battery Energy Storage,"SS Completed, FIS Started, No IA",2024-02-27,2024-05-20,2024-01-31 00:00:00.000,,,,Not Required,Not Required,,,,NORTH,,,
27INR0198,Musgravite Solar,"BT Thompson Solar, LLC",Henderson,Texas,Tap 138 kV (6855) Coffee - (6849) New York.,,Solar - Photovoltaic Solar,100.6,,,2024-03-22,Completed,2027-11-01,,,,Solar,Photovoltaic Solar,"SS Completed, FIS Completed, IA",2024-03-22,2024-06-19,2024-03-06 00:00:00.000,2025-10-06,No,2025-05-20,,,Not Required,,,NORTH,,,
27INR0203,Dunlay Solar,"Medina PV, LLC",Medina,Texas,Tap 138kV 5813 PearsonSW - 5225 Hondo,,Solar - Photovoltaic Solar,150.5,,,2024-03-22,Active,2030-12-31,,,,Solar,Photovoltaic Solar,"SS Completed, FIS Started, No IA",2024-03-22,2024-06-19,2024-03-12 00:00:00.000,,,,,,Not Required,,,SOUTH,,,
27INR0205,Donna Solar,Donna Solar LLC,Hidalgo,Texas,Tap 345 kV (80137) Stewart Road - (8383) North Edinburg CKT ID#01,,Solar - Photovoltaic Solar,168.13,,,2024-03-22,Active,2029-02-22,,,,Solar,Photovoltaic Solar,"SS Completed, FIS Started, No IA",2024-03-22,2024-06-19,2024-11-06 00:00:00.000,,Yes,,,,Not Required,,,SOUTH,,,
27INR0206,Chacon Creek,Cattlemen BESS LLC,Medina,Texas,(#8962)  LYTLE4A 138KV,,Other - Battery Energy Storage,188.95,,,2024-03-22,Active,2027-10-31,,,,Other,Battery Energy Storage,"SS Completed, FIS Started, No IA",2024-03-22,2024-06-19,2024-03-14 00:00:00.000,,No,,,,,,,SOUTH,,,
27INR0207,Wander Waters BESS,Wander Waters BESS LLC,Wilbarger,Texas,61001 JIMTREEC7A 345kV,,Other - Battery Energy Storage,303.5,,,2024-03-22,Active,2027-10-31,,,,Other,Battery Energy Storage,"SS Completed, FIS Completed, No IA",2024-03-22,2024-06-19,2024-03-12 00:00:00.000,2025-11-14,,,,,,,,WEST,,,
27INR0208,Sugarloaf BESS,Sugarloaf Clean Energy LLC,Dimmit,Texas,(#80481) PILONCIL4 138KV,,Other - Battery Energy Storage,100.6,,,2024-03-22,Active,2028-01-31,,,,Other,Battery Energy Storage,"SS Completed, FIS Started, No IA",2024-03-22,2024-06-19,2024-03-11 00:00:00.000,,No,,,,,,,SOUTH,,,
27INR0209,Goby Energy Center,Goby Energy Center,Brazoria,Texas,Tap 138kV line 44390 Karsten -  44721 Thompsons ,,Other - Battery Energy Storage,200.65,,,2024-05-20,Active,2027-09-30,,,,Other,Battery Energy Storage,"SS Completed, FIS Started, No IA",2024-05-20,2024-08-15,2024-05-07 00:00:00.000,,,,,,,,,COASTAL,,,
27INR0216,Champs Elysees BESS,"Champs Elysees Renewables, LLC",Milam,Texas,Tap 345 kV 3377 Little Pond Switch - 3704 Hog Creek Switch,,Other - Battery Energy Storage,256.1,,,2024-08-16,Active,2027-12-15,,,,Other,Battery Energy Storage,"SS Completed, FIS Started, No IA",2024-08-16,2024-10-08,2024-07-26 00:00:00.000,,,,,,,,,SOUTH,,,
27INR0217,Journey Solar,"Journey Solar, LLC",Haskell,Texas,Tap 138kV Paint Creek 6161 - Aspermont 6158 ,,Solar - Photovoltaic Solar,124.7,,,2024-03-29,Active,2027-09-14,,,,Solar,Photovoltaic Solar,"SS Completed, FIS Started, No IA",2024-03-29,2024-06-19,2024-03-14 00:00:00.000,,,,,,Not Required,,,WEST,,,
27INR0218,Themisto Solar,"Themisto Solar, LLC",Nolan,Texas,Tap 345kV Champion Creek #1414 – Sweetwater East #11420,,Solar - Photovoltaic Solar,301.4,,,2024-02-26,Active,2029-06-30,,,,Solar,Photovoltaic Solar,"SS Completed, FIS Started, No IA",2024-02-26,2024-05-24,2024-02-13 00:00:00.000,,No,,,,Not Required,,,WEST,,,
27INR0219,Galaxy Solar,"Galaxy Solar, LLC",Ellis,Texas,Stainback Switch (bus #2217) - Elrod Switch (bus #3159),,Solar - Photovoltaic Solar,177.32,,,2024-03-22,Active,2028-10-30,,,,Solar,Photovoltaic Solar,"SS Completed, FIS Started, No IA",2024-03-22,2024-06-19,2024-08-16 00:00:00.000,,No,,,,Not Required,,,NORTH,,,
27INR0220,Galaxy Storage,"Galaxy Solar, LLC",Ellis,Texas,"Stainback Switch (bus #2217) - Elrod Switch (bus #3159)
",,Other - Battery Energy Storage,155.0,,,2024-03-22,Active,2028-10-30,,,,Other,Battery Energy Storage,"SS Completed, FIS Started, No IA",2024-03-22,2024-06-19,2024-08-16 00:00:00.000,,No,,,,,,,NORTH,,,
27INR0222,Fierce River BESS,Rio Grande Solar LLC,Starr,Texas,Tapping the 345 kV Line from Del Sol (Bus# 80355) to Frontera (Bus# 80119) ckt 1,,Other - Battery Energy Storage,284.49,,,2024-03-22,Active,2029-02-22,,,,Other,Battery Energy Storage,"SS Completed, FIS Started, No IA",2024-03-22,2024-06-19,2024-11-12 00:00:00.000,,No,,,,,,,SOUTH,,,
27INR0224,Leopard BESS,"Bobcat Energy Center, LLC",Victoria,Texas,8721 Beecher 138 kV  ,,Other - Battery Energy Storage,264.24,,,2024-05-09,Completed,2029-02-28,,,,Other,Battery Energy Storage,"SS Completed, FIS Started, IA",2024-05-09,2024-08-05,2024-04-05 00:00:00.000,,No,2025-06-09,Not Required,Not Required,2025-08-08 00:00:00,2025-08-08 00:00:00,,SOUTH,,,
27INR0226,Sunlit Pines Solar SLF,Sunlit Pines Energy Center LLC,Nacogdoches,Texas,Tap 138 kV 3342 Bayou Loco - 3341 Central Angelina County,,Solar - Photovoltaic Solar,206.71,,,2024-03-29,Active,2028-09-12,,,,Solar,Photovoltaic Solar,"SS Completed, FIS Started, No IA",2024-03-29,2024-06-24,2024-03-29 00:00:00.000,,,,,,Not Required,,,NORTH,,,
27INR0227,PALO VERDE BESS,"RWE Clean Energy Development, LLC",San Patricio,Texas,Tap 345kV 8624 Grissom – 8455 Lon C Hill,,Other - Battery Energy Storage,150.0,,,2024-04-15,Active,2029-07-22,,,,Other,Battery Energy Storage,"SS Completed, FIS Started, No IA",2024-04-15,2024-07-05,2024-04-01 00:00:00.000,,Yes,,,,,,,COASTAL,,,
27INR0228,Sunlit Pines BESS SLF,Sunlit Pines BESS LLC,Nacogdoches,Texas,Tap 138 kV 3342 Bayou Loco - 3341 Central Angelina County,,Other - Battery Energy Storage,208.12,,,2024-04-09,Active,2028-09-12,,,,Other,Battery Energy Storage,"SS Completed, FIS Started, No IA",2024-04-09,2024-06-24,2024-03-29 00:00:00.000,,,,,,,,,NORTH,,,
27INR0231,Easy Battery Energy Storage Center,"Easy Wind Energy Center, LLC ",Schleicher,Texas,Tap 345 kV 76003 Big Hill to 76005 Schneeman Draw,,Other - Battery Energy Storage,200.0,,,2024-03-29,Active,2029-06-15,,,,Other,Battery Energy Storage,"SS Completed, FIS Started, No IA",2024-03-29,2024-06-19,2024-03-20 00:00:00.000,,,,,,,,,WEST,,,
27INR0232,Anawa La Solar,Anawa La Solar LLC,Hidalgo,Texas,TAP 138 KV 8394 LISTON - 8392 BATES ,,Solar - Photovoltaic Solar,93.3,,,2024-03-29,Active,2027-08-31,,,,Solar,Photovoltaic Solar,"SS Completed, FIS Started, No IA",2024-03-29,2024-06-19,2024-04-15 00:00:00.000,,No,,,,Not Required,,,SOUTH,,,
27INR0233,Anawa La BESS,Anawa La Solar LLC,Hidalgo,Texas,Tap 138KV 8394 Liston- 8392 Bates ,,Other - Battery Energy Storage,103.7,,,2024-03-22,Active,2027-08-31,,,,Other,Battery Energy Storage,"SS Completed, FIS Started, No IA",2024-03-22,2024-06-19,2024-04-15 00:00:00.000,,No,,,,,,,SOUTH,,,
27INR0234,Lima Solar Project,"Industrial Lima Project, LLC   ",Grayson,Texas,Tap 138 kV Haggerty Switch (12677) to Van Al (1754) 138kV,,Solar - Photovoltaic Solar,101.3,,,2024-05-09,Active,2029-03-01,,,,Solar,Photovoltaic Solar,"SS Completed, FIS Started, No IA",2024-05-09,2024-08-05,2024-04-17 00:00:00.000,,,,,,Not Required,,,NORTH,,,
27INR0236,Atticus Energy Storage,Atticus Energy Storage,Sutton,Texas,Tap 69 KV 6570 Bond Road - 6513 Sonora ,,Other - Battery Energy Storage,102.98,,,2024-03-29,Active,2030-01-26,,,,Other,Battery Energy Storage,"SS Completed, FIS Started, No IA",2024-03-29,2024-06-25,2024-03-29 00:00:00.000,,,,,,,,,WEST,,,
27INR0241,Callan Solar,"Menard PV, LLC",Menard,Texas,Tap 69kV 60386 Heartland to 6363 Yellow Jacket,,Solar - Photovoltaic Solar,90.97,,,2024-06-13,Active,2028-09-01,,,,Solar,Photovoltaic Solar,"SS Completed, FIS Started, No IA",2024-06-13,2024-08-07,2024-06-04 00:00:00.000,,No,,,,Not Required,,,WEST,,,
27INR0242,Stonewall Solar,"Stonewall PV, LLC",Stonewall,Texas,Tap 69kV #755 BEPC Aspermont - #6156 AEP Aspermont,,Solar - Photovoltaic Solar,60.2,,,2024-05-09,Active,2029-01-15,,,,Solar,Photovoltaic Solar,"SS Completed, FIS Completed, No IA",2024-05-09,2024-08-05,2024-05-01 00:00:00.000,2026-03-13,No,,,,Not Required,,,WEST,,,
27INR0245,Pez Rojo BESS,"Pez Rojo BESS, LLC",Harris,Texas,Tap 138 kV #40260 Chamon  - #40912 King,,Other - Battery Energy Storage,217.23,,,2024-07-01,Completed,2029-02-01,,,,Other,Battery Energy Storage,"SS Completed, FIS Started, IA",2024-07-01,2024-09-23,2024-06-14 00:00:00.000,,No,2026-05-01,,,,,,HOUSTON,,,
27INR0246,Easy Wind Energy Center,"Easy Wind Energy Center, LLC",Schleicher,Texas,Tap 345kV #76003 Big Hill - #76005 Schneeman Draw circuit #1,,Wind - Wind Turbine,241.13,,,2024-05-20,Active,2029-06-15,,,,Wind,Wind Turbine,"SS Completed, FIS Started, No IA",2024-05-20,2024-08-16,2024-05-02 00:00:00.000,,No,,,,Not Required,,,WEST,,,
27INR0247,Sun Angel ESS,Sun Angel ESS LLC,Angelina,Texas,Tap 138kV LUFKINE East (#3326) - HERTY TAP (#3318),,Other - Battery Energy Storage,201.54,,,2024-06-13,Active,2028-09-21,,,,Other,Battery Energy Storage,"SS Completed, FIS Started, No IA",2024-06-13,2024-08-07,2024-06-11 00:00:00.000,,No,,,,,,,NORTH,,,
27INR0248,Double A Solar SLF,"Double A Solar, LLC",Goliad,Texas,Tap 69kV 5678 Schroeder - 5675 Big Oak,,Solar - Photovoltaic Solar,132.6,,,2024-06-13,Active,2028-05-31,,,,Solar,Photovoltaic Solar,"SS Completed, FIS Started, No IA",2024-06-13,2024-08-07,2024-05-30 00:00:00.000,,,,,,Not Required,,,SOUTH,,,
27INR0249,Raghorn Solar SLF,Raghorn Solar LLC,Jim Wells,Texas,Tap 69kV #5654 San Diego - #5658 Orange Grove,,Solar - Photovoltaic Solar,91.9,,,2024-05-20,Active,2028-05-31,,,,Solar,Photovoltaic Solar,"SS Completed, FIS Started, No IA",2024-05-20,2024-08-16,2024-05-16 00:00:00.000,,,,,,Not Required,,,SOUTH,,,
27INR0251,Sayle Solar SLF,Sayle Solar LLC,Jackson,Texas,Tap 69kV #5522 Edna - #5518 El Toro SW,,Solar - Photovoltaic Solar,122.4,,,2024-06-03,Active,2028-05-31,,,,Solar,Photovoltaic Solar,"SS Completed, FIS Started, No IA",2024-06-03,2024-08-30,2024-05-22 00:00:00.000,,,,,,Not Required,,,SOUTH,,,
27INR0252,Parula Energy Center ,Parula Energy Center,Austin,Texas,7287 Bellville North 138kV,,Other - Battery Energy Storage,250.95,,,2024-05-20,Active,2027-09-30,,,,Other,Battery Energy Storage,"SS Completed, FIS Started, No IA",2024-05-20,2024-08-15,2024-05-09 00:00:00.000,,,,,,,,,SOUTH,,,
27INR0253,Old Victory Energy Center,Nova Clean Energy LLC,Maverick,Texas,8692 MAVERICK4A 138kV,,Other - Battery Energy Storage,202.5,,,2024-05-09,Active,2030-06-01,,,,Other,Battery Energy Storage,"SS Completed, FIS Started, No IA",2024-05-09,2024-08-05,2024-04-25 00:00:00.000,,,,,,,,,SOUTH,,,
27INR0255,New Minglewood Energy Center,Nova Clean Energy LLC,Ward,Texas,#11098 Sand Lake Switch Station (SANDLAKE_5) 345kV,,Other - Battery Energy Storage,208.3,,,2024-05-09,Active,2029-09-29,,,,Other,Battery Energy Storage,"SS Completed, FIS Started, No IA",2024-05-09,2024-08-05,2024-04-29 00:00:00.000,,No,,,,,,,WEST,,,
27INR0257,Double A Storage SLF,"Double A Storage, LLC",Goliad,Texas,Tap 69kV 5678 Schroeder - 5675 Big Oak,,Other - Battery Energy Storage,0.0,,,2024-06-13,Active,2028-05-31,,,,Other,Battery Energy Storage,"SS Completed, FIS Started, No IA",2024-06-13,2024-08-07,2024-05-30 00:00:00.000,,,,,,,,,SOUTH,,,
27INR0259,Raghorn Storage SLF,Raghorn Storage LLC,Jim Wells,Texas,Tap 69kV #5654 San Diego - #5658 Orange Grove,,Other - Battery Energy Storage,0.0,,,2024-05-20,Active,2028-05-31,,,,Other,Battery Energy Storage,"SS Completed, FIS Started, No IA",2024-05-20,2024-08-16,2024-05-16 00:00:00.000,,,,,,,,,SOUTH,,,
27INR0260,Sayle Storage SLF,Sayle Storage LLC,Jackson,Texas,Tap 69kV #5522 Edna - #5518 El Toro SW,,Other - Battery Energy Storage,122.3,,,2024-06-03,Active,2028-05-31,,,,Other,Battery Energy Storage,"SS Completed, FIS Started, No IA",2024-06-03,2024-08-30,2024-05-22 00:00:00.000,,,,,,,,,SOUTH,,,
27INR0261,Tipperary Solar,Tippsol ,Schleicher,Texas,6498 Live Oak AEP 69kV,,Solar - Photovoltaic Solar,60.16,,,2024-06-13,Active,2028-03-15,,,,Solar,Photovoltaic Solar,"SS Completed, FIS Started, No IA",2024-06-13,2024-09-10,2024-05-17 00:00:00.000,,,,,,Not Required,,,WEST,,,
27INR0272,EMPower Odessa (TEF - Due Diligence) ,"EMPOWER USA, LLC",Ector,Texas,Tap 138 kV 1110 EDWARDS TAP - 1102 JUDKINS,,"Gas - Internal Combustion Engine, eg. Reciprocating",122.8,,,2024-07-22,Completed,2028-03-09,,,,Gas,"Internal Combustion Engine, eg. Reciprocating","SS Completed, FIS Started, IA",2024-07-22,2024-10-17,2024-07-03 00:00:00.000,,,2026-03-13,2025-10-15 00:00:00,Not Required,2026-05-15 00:00:00,2026-06-30 00:00:00,,WEST,,,
27INR0274,Flying Kite Bess,"Flying Kite BESS, LLC",Zavala,Texas,Tap the 138 kV La Pryor (#8008) - Poblano (#8009),,Other - Battery Energy Storage,104.93,,,2024-07-30,Active,2027-12-30,,,,Other,Battery Energy Storage,"SS Completed, FIS Started, No IA",2024-07-30,2024-10-28,2024-07-22 00:00:00.000,,,,,,,,,SOUTH,,,
27INR0279,Red Hollow Renewable Energy BESS SLF,Red Hollow Renewable Energy LLC,Archer,Texas,Tap 345kV 1422 Bowman - 17002 Garvey Road ,,Other - Battery Energy Storage,0.0,,,2024-06-13,Active,2029-04-19,,,,Other,Battery Energy Storage,"SS Completed, FIS Started, No IA",2024-06-13,2025-08-04,2024-06-04 00:00:00.000,,,,,,,,,WEST,,,
27INR0285,Rain Lily Storage 1,"Rain Lily Storage One, LLC",Hood,Texas,Tap 138kV #350 ABBYBEND - #363 HOOD,,Other - Battery Energy Storage,105.6,,,2025-02-25,Active,2028-10-15,,,,Other,Battery Energy Storage,"SS Completed, FIS Started, No IA",2025-02-25,2025-05-13,2025-01-10 00:00:00.000,,,,,,,,,NORTH,,,
27INR0288,Rain Lily Solar 1,Rain Lily Solar 1 LLC,Hood,Texas,Tap 138kV #350 ABBYBEND - #363 HOOD,,Solar - Photovoltaic Solar,147.76,,,2025-02-25,Active,2028-10-15,,,,Solar,Photovoltaic Solar,"SS Completed, FIS Started, No IA",2025-02-25,2025-05-13,2025-01-10 00:00:00.000,,,,,,Not Required,,,NORTH,,,
27INR0290,Drill Baby Drill BESS,SBESS TX8 LLC,Midland,Texas,23859 SALTFLAT 138KV,,Other - Battery Energy Storage,204.31,,,2024-09-04,Active,2028-10-11,,,,Other,Battery Energy Storage,"SS Completed, FIS Started, No IA",2024-09-04,2024-11-20,2025-05-07 00:00:00.000,,,,,,,,,WEST,,,
27INR0291,Nouveau BESS,"RamZ BESS, LLC",Brown,Texas,1444 Brown Switch - 3348 Russell Gap 345 kV Line,,Other - Battery Energy Storage,256.1,,,2024-08-16,Active,2027-12-15,,,,Other,Battery Energy Storage,"SS Completed, FIS Started, No IA",2024-08-16,2024-01-08,2024-07-31 00:00:00.000,,,,,,,,,NORTH,,,
27INR0292,Donelson Solar SLF,Donelson Solar ,Red River,Texas,"Tap the 69 kV Bagwell (#1785) - Clarksville (#11784) line, ONCOR",,Solar - Photovoltaic Solar,75.44,,,2025-03-24,Active,2028-10-17,,,,Solar,Photovoltaic Solar,"SS Completed, FIS Started, No IA",2025-03-24,2025-06-09,2025-03-04 00:00:00.000,,,,,,Not Required,,,NORTH,,,
27INR0293,Donelson Storage SLF,Donelson Storage,Red River,Texas,"Tap the 69 kV Bagwell (#1785) - Clarksville (#11784) line, ONCOR",,Other - Battery Energy Storage,0.0,,,2025-03-24,Active,2028-10-17,,,,Other,Battery Energy Storage,"SS Completed, FIS Started, No IA",2025-03-24,2025-06-09,2025-03-04 00:00:00.000,,,,,,,,,NORTH,,,
27INR0294,Bernice Energy Storage,Bernice Energy Storage LLC,Bexar,Texas,5135 ELMENDORF 138kV ,,Other - Battery Energy Storage,402.8,,,2024-09-04,Active,2029-02-15,,,,Other,Battery Energy Storage,"SS Completed, FIS Started, No IA",2024-09-04,2024-12-02,2024-08-12 00:00:00.000,,,,,,,,,SOUTH,,,
27INR0297,Tolivar Power Plant (TEF- Due Diligence),"Pecos Power Plant, LLC",Reeves,Texas,Tap 138 KV 38045 IH20-38043 COWPEN ,,"Gas - Internal Combustion Engine, eg. Reciprocating",224.5,,,2024-07-01,Completed,2027-06-11,,,,Gas,"Internal Combustion Engine, eg. Reciprocating","SS Completed, FIS Completed, IA",2024-07-01,2025-11-19,2024-06-14 00:00:00.000,2025-06-23,No,2025-07-01,2024-12-12 00:00:00,Not Required,2025-03-25 00:00:00,2025-08-04 00:00:00,2026-06-16 00:00:00,WEST,,,
27INR0298,Symank Solar,"BT Symank Solar, LLC",Bosque,Texas,Tap 69 kV 37470 TNOLSEN - 37520 TNSYCAMORE,,Solar - Photovoltaic Solar,66.55,,,2024-11-19,Active,2027-12-15,,,,Solar,Photovoltaic Solar,"SS Completed, FIS Started, No IA",2024-11-19,2025-02-14,2024-11-11 00:00:00.000,,No,,,,Not Required,,,NORTH,,,
27INR0301,Hondo Arroyo Solar,"Hondo Creek Solar, LLC",Medina,Texas,Tap 138 kV 5225 Hondo - 5813 Pearson ,,Solar - Photovoltaic Solar,60.4,,,2024-06-13,Active,2028-07-01,,,,Solar,Photovoltaic Solar,"SS Completed, FIS Started, No IA",2024-06-13,2024-09-10,2024-06-06 00:00:00.000,,,,Not Required,Not Required,Not Required,,,SOUTH,,,
27INR0305,Kurtz Solar SLF,"Kurtz Solar, LLC",Atascosa,Texas,Tap 69kV #8206 Charlotte - #8607 Jourdanton,,Solar - Photovoltaic Solar,101.9,,,2024-09-04,Active,2029-05-31,,,,Solar,Photovoltaic Solar,"SS Completed, FIS Started, No IA",2024-09-04,2024-12-02,2024-08-05 00:00:00.000,,No,,,,Not Required,,,SOUTH,,,
27INR0306,Kurtz Storage SLF,"Kurtz Storage, LLC",Atascosa,Texas,Tap 69kV #8206 Charlotte - #8607 Jourdanton,,Other - Battery Energy Storage,0.0,,,2024-09-04,Active,2029-05-31,,,,Other,Battery Energy Storage,"SS Completed, FIS Started, No IA",2024-09-04,2024-12-02,2024-08-26 00:00:00.000,,No,,,,,,,SOUTH,,,
27INR0307,Beaverhead Solar SLF,"Beaverhead Solar, LLC",Jim Wells,Texas,Direct to Sub 69kv #5653 Ben Bolt.,,Solar - Photovoltaic Solar,61.5,,,2024-08-16,Active,2029-05-11,,,,Solar,Photovoltaic Solar,"SS Completed, FIS Started, No IA",2024-08-16,2024-10-07,2024-08-05 00:00:00.000,,,,,,Not Required,,,SOUTH,,,
27INR0308,Beaverhead Storage SLF,"Beaverhead Solar, LLC",Jim Wells,Texas,"Direct to Sub 69kv #5653 Ben Bolt.
",,Other - Battery Energy Storage,61.5,,,2024-08-16,Active,2029-05-11,,,,Other,Battery Energy Storage,"SS Completed, FIS Started, No IA",2024-08-16,2024-10-07,2024-08-05 00:00:00.000,,,,,,,,,SOUTH,,,
27INR0309,Tall Saddle Solar,"Tall Saddle Solar, LLC",Kenedy,Texas,80076 AJO SUBSTATION 345kV,,Solar - Photovoltaic Solar,252.3,,,2024-07-01,Active,2029-10-15,,,,Solar,Photovoltaic Solar,"SS Completed, FIS Started, No IA",2024-07-01,2024-09-26,2025-03-25 00:00:00.000,,No,,,,Not Required,,,COASTAL,,,
27INR0310,Tall Saddle Wind,"Tall Saddle Wind, LLC",Kenedy,Texas,80076 AJO SUBSTATION 345kV,,Wind - Wind Turbine,522.8,,,2024-07-01,Active,2029-10-15,,,,Wind,Wind Turbine,"SS Completed, FIS Started, No IA",2024-07-01,2024-09-26,2025-03-25 00:00:00.000,,No,,,,Not Required,,,COASTAL,,,
27INR0312,HILLBORO WIND,Abei Energy Green XI LLC,Hill,Texas,Tap 138kV Ash Creek Switch (Bus #3473) – Revolution Switch (Bus #3387),,Wind - Wind Turbine,33.2,,,2024-07-01,Active,2028-09-21,,,,Wind,Wind Turbine,"SS Completed, FIS Started, No IA",2024-07-01,2024-09-24,2024-11-19 00:00:00.000,,,,,,Not Required,,,NORTH,,,
27INR0313,Spindletop Solar,Banita Creek Solar LLC ,Nacogdoches,Texas,Tap Stryker [3109] - Lufkin [3117] 345 kV line,,Solar - Photovoltaic Solar,286.4,,,2024-07-30,Completed,2027-12-29,,,,Solar,Photovoltaic Solar,"SS Completed, FIS Started, IA",2024-07-30,2024-10-25,2024-07-26 00:00:00.000,,No,2025-12-29,,,Not Required,2026-03-25 00:00:00,,NORTH,,,
27INR0315,Old Roman Energy Center,Nova Clean Energy LLC,Reagan,Texas,23868 STILES 138 KV,,Other - Battery Energy Storage,207.34,,,2024-10-01,Active,2029-07-26,,,,Other,Battery Energy Storage,"SS Completed, FIS Started, No IA",2024-10-01,2024-11-13,2024-08-30 00:00:00.000,,,,,,,,,WEST,,,
27INR0316,Avant Prairie BESS ,Avant Prairie ESS LLC,Freestone,Texas,Tap 345kV BIGBRNE (#3380) - JEWETT (#3390) CKT 1,,Other - Battery Energy Storage,201.72,,,2024-09-04,Active,2029-04-16,,,,Other,Battery Energy Storage,"SS Completed, FIS Started, No IA",2024-09-04,2024-12-02,2024-09-02 00:00:00.000,,,,,,,,,NORTH,,,
27INR0317,Edgewood BESS 1,Tempus Power management LLC,Van Zandt,Texas,Tap Edgewood 138kV bus(3181) to CANTNSW_8 (3174),,Other - Battery Energy Storage,102.1,,,2024-11-21,Active,2028-03-01,,,,Other,Battery Energy Storage,"SS Completed, FIS Started, No IA",2024-11-21,2025-02-18,2024-11-05 00:00:00.000,,,,,,,,,NORTH,,,
27INR0321,Rock Island Generating (TEF -Due Diligence),Kerrville Public Utility Board Public Facility Corporation,Colorado,Texas,57640 Rock Island 138 kV,,"Gas - Internal Combustion Engine, eg. Reciprocating",121.8,,,2024-07-22,Completed,2027-06-01,,,,Gas,"Internal Combustion Engine, eg. Reciprocating","SS Completed, FIS Completed, IA",2024-07-22,2024-10-08,2024-07-11 00:00:00.000,2025-03-21,,2025-03-17,2024-08-01 00:00:00,Not Required,2025-05-05 00:00:00,2025-08-04 00:00:00,,SOUTH,,,
27INR0323,Prairie Blossom Storage,"Prairie Blossom Storage, LLC",Howard,Texas,Tap 138kV #1322 Big Spring Switch – #1366 Big Spring CRMWD,,Other - Battery Energy Storage,122.5,,,2024-12-19,Active,2029-05-08,,,,Other,Battery Energy Storage,"SS Completed, FIS Started, No IA",2024-12-19,2025-02-03,2024-10-07 00:00:00.000,,,,Not Required,Not Required,2025-09-15 00:00:00,,,WEST,,,
27INR0324,LONE STAR INDUSTRIAL PARK GAS POWER PROJECT  ,"LONE STAR INDUSTRIAL PARK, LLC",Morris,Texas,1795 Monticello SES 138kV,,"Gas - Internal Combustion Engine, eg. Reciprocating",166.0,,,2024-09-04,Active,2028-05-11,,,,Gas,"Internal Combustion Engine, eg. Reciprocating","SS Completed, FIS Started, No IA",2024-09-04,2024-12-02,2024-08-28 00:00:00.000,,,,,,,,,NORTH,,,
27INR0325,Calf Creek Storage,"Coyote Ridge Storage, LLC",Howard,Texas,Buffalo 138 kV Substation #23837,,Other - Battery Energy Storage,103.3,,,2025-11-24,Active,2030-04-01,,,,Other,Battery Energy Storage,"SS Completed, FIS Started, No IA",2025-11-24,2026-01-14,2025-11-18 00:00:00.000,,,,,,,,,WEST,,,
27INR0327,Sunflower Valley Storage,"Sunflower Valley Storage, LLC",Mitchell,Texas, 1414 Champion Creek Substation 345 kV,,Other - Battery Energy Storage,205.7,,,2025-04-25,Active,2029-04-17,,,,Other,Battery Energy Storage,"SS Completed, FIS Started, No IA",2025-04-25,2025-07-22,2025-04-08 00:00:00.000,,,,Not Required,Not Required,2025-09-15 00:00:00,,,WEST,,,
27INR0330,Wild Horse Desert Solar ,"Wild Horse Desert Solar, LLC",Dimmit,Texas,Tap 138kV 8613 Big Well - 8212 Dilley Switch,,Solar - Photovoltaic Solar,120.0,,,2024-12-19,Active,2028-07-01,,,,Solar,Photovoltaic Solar,"SS Completed, FIS Started, No IA",2024-12-19,2025-02-20,2024-12-06 00:00:00.000,,No,,Not Required,Not Required,Not Required,,,SOUTH,,,
27INR0331,Wild Horse Desert Storage,"Wild Horse Desert Solar, LLC",Dimmit,Texas,Tap 138kV 8613 Big Well - 8212 Dilley Switch,,Other - Battery Energy Storage,90.3,,,2024-12-19,Active,2028-07-01,,,,Other,Battery Energy Storage,"SS Completed, FIS Started, No IA",2024-12-19,2025-02-20,2024-12-06 00:00:00.000,,No,,Not Required,Not Required,2025-09-15 00:00:00,,,SOUTH,,,
27INR0332,White Wing Solar,"White Wing Solar, LLC",Wilbarger,Texas,"Tap 345 kV (#60504) Tesla - (#6111) Riley
",,Solar - Photovoltaic Solar,127.4,,,2025-08-13,Active,2028-07-01,,,,Solar,Photovoltaic Solar,"SS Completed, FIS Started, No IA",2025-08-13,2025-10-13,2025-08-01 00:00:00.000,,Yes,,Not Required,Not Required,Not Required,,,WEST,,,
27INR0333,White Wing Storage,"White Wing Solar, LLC",Wilbarger,Texas,"Tap 345 kV (#60504) Tesla - (#6111) Riley
",,Other - Battery Energy Storage,130.4,,,2025-08-13,Active,2028-07-01,,,,Other,Battery Energy Storage,"SS Completed, FIS Started, No IA",2025-08-13,2025-10-13,2025-08-01 00:00:00.000,,,,Not Required,Not Required,2026-01-12 00:00:00,,,WEST,,,
27INR0334,Buffalo Jump Wind,"BOULEVARD ASSOCIATES, LLC",Culberson,Texas,1097 Culberson 345 KV,,Wind - Wind Turbine,740.0,,,2025-11-05,Active,2029-07-01,,,,Wind,Wind Turbine,"SS Completed, FIS Started, No IA",2025-11-05,2025-12-07,2025-10-29 00:00:00.000,,,,,,Not Required,,,WEST,,,
27INR0337,Jalisco Cogen ,"HEP Power Generation, LLC",Nueces,Texas,8475  JAVELINA4A 138 KV,,Gas - Combined-Cycle,167.8,,,2024-08-16,Active,2029-05-31,,,,Gas,Combined-Cycle,"SS Completed, FIS Started, No IA",2024-08-16,2024-11-05,2025-05-01 00:00:00.000,,No,,,,,,,COASTAL,,,
27INR0338,Billie Storage,Weslaco Storage LLC,Hidalgo,Texas,Tap 138kV 8357 North Weslaco – 8358 North Mercedes,,Other - Battery Energy Storage,83.75,,,2024-07-30,Active,2029-09-02,,,,Other,Battery Energy Storage,"SS Completed, FIS Started, No IA",2024-07-30,2024-10-27,,,,,,,,,,SOUTH,,,
27INR0342,Dorsey Road BESS,Horizon Energy Storage Greenfield Project Holdings LLC,Bexar,Texas,Tap 138 kV Chavanea (5085) - Palo Alto (5330). ,,Other - Battery Energy Storage,150.39,,,2025-03-06,Active,2029-08-31,,,,Other,Battery Energy Storage,"SS Completed, FIS Started, No IA",2025-03-06,2025-06-03,2025-02-05 00:00:00.000,,,,,,,,,SOUTH,,,
27INR0348,Johnson Grass Solar,"Johnson Grass Solar ,LLC",Mitchell,Texas,Tap 138kV (#11395) Navigation - (#10054) Cattlemen ,,Solar - Photovoltaic Solar,195.8,,,2024-10-01,Active,2028-04-19,,,,Solar,Photovoltaic Solar,"SS Completed, FIS Started, No IA",2024-10-01,2024-12-09,2024-09-30 00:00:00.000,,,,Not Required,Not Required,Not Required,,,WEST,,,
27INR0350,Saddle Horn Station BESS SLF,Saddle Horn Station BESS LLC,Comanche,Texas,"tap 138kV 1650 COMANCHE_T8  - 290SHILOHC  
",,Other - Battery Energy Storage,177.41,,,2024-09-04,Active,2028-09-11,,,,Other,Battery Energy Storage,"SS Completed, FIS Completed, No IA",2024-09-04,2024-11-13,2024-08-28 00:00:00.000,2026-07-17,No,,,,,,,NORTH,,,
27INR0351,Saddle Horn Station Solar SLF,Saddle Horn Station LLC,Comanche,Texas,1650 COMANCHE_T8 - 290 SHILOHC 138 kV Line,,Solar - Photovoltaic Solar,174.64,,,2024-09-04,Active,2028-09-11,,,,Solar,Photovoltaic Solar,"SS Completed, FIS Completed, No IA",2024-09-04,2024-11-13,2024-09-03 00:00:00.000,2026-07-17,No,,,,Not Required,,,NORTH,,,
27INR0354,Cebocell BESS,"Cebocell, LLC",Smith,Texas,3137 BlackFork 138 KV,,Other - Battery Energy Storage,200.87,,,2024-09-04,Active,2028-10-31,,,,Other,Battery Energy Storage,"SS Completed, FIS Started, No IA",2024-09-04,2024-11-13,2024-08-13 00:00:00.000,,,,,,,,,NORTH,,,
27INR0355,Gardner Draw Solar,"RWE Clean Energy Development, LLC",Glasscock,Texas,59902 Sand Bluff 345kV ,,Solar - Photovoltaic Solar,309.5,,,2024-10-01,Completed,2027-12-31,,,,Solar,Photovoltaic Solar,"SS Completed, FIS Started, IA",2024-10-01,2024-12-30,2024-09-25 00:00:00.000,,,2025-08-07,,,Not Required,,,WEST,,,
27INR0362,Hamlet Solar SLF,"Hamlet Solar, LLC",Frio,Texas,Tap 138kV #5895 PEARSALL - #5827 MOORE,,Solar - Photovoltaic Solar,201.0,,,2024-11-19,Active,2029-09-04,,,,Solar,Photovoltaic Solar,"SS Completed, FIS Started, No IA",2024-11-19,2025-02-14,2024-11-04 00:00:00.000,,,,,,Not Required,,,SOUTH,,,
27INR0363,Hamlet Storage SLF,"Hamlet Solar, LLC",Frio,Texas,Tap 138kV #5895 PEARSALL -#5827 MOORE,,Other - Battery Energy Storage,201.0,,,2024-11-19,Active,2029-09-04,,,,Other,Battery Energy Storage,"SS Completed, FIS Started, No IA",2024-11-19,2025-02-14,2024-11-04 00:00:00.000,,,,,,,,,SOUTH,,,
27INR0364,Cashel BESS,TIPPSOL LLC,Schleicher,Texas,6500 Live Oak AEP 138kV,,Other - Battery Energy Storage,150.44,,,2024-10-29,Active,2028-03-15,,,,Other,Battery Energy Storage,"SS Completed, FIS Started, No IA",2024-10-29,2025-01-26,2024-10-22 00:00:00.000,,,,,,,,,WEST,,,
27INR0365,Comanche BESS,ENERGOS BESS,Comanche,Texas,#1440 Comanche Switching Station 345kV,,Other - Battery Energy Storage,614.4,,,2024-12-06,Completed,2029-05-07,,,,Other,Battery Energy Storage,"SS Completed, FIS Completed, IA",2024-12-06,2025-02-18,2024-11-05 00:00:00.000,2026-02-10,No,2026-03-20,,,,,,NORTH,,,
27INR0367,Goat Mountain Wind-Repower,Goat Wind LLC,Sterling,Texas,76030 Gasconades Creek 345kV,,Wind - Wind Turbine,303.2,,,2025-01-13,Completed,2027-03-01,,,,Wind,Wind Turbine,"SS Completed, FIS Completed, IA",2025-01-13,2025-04-07,2024-12-13 00:00:00.000,2026-01-09,No,2026-02-20,2026-06-15 00:00:00,Not Required,Not Required,2026-06-18 00:00:00,2026-07-15 00:00:00,WEST,,,
27INR0371,Feather Dalea BESS,"RWE Clean Energy Development, LLC",Glasscock,Texas,"59902 Sand_Bluff 345kV
",,Other - Battery Energy Storage,200.0,,,2024-10-01,Active,2027-07-02,,,,Other,Battery Energy Storage,"SS Completed, FIS Started, No IA",2024-10-01,2024-12-09,2024-09-24 00:00:00.000,,,,,,,,,WEST,,,
27INR0372,Abeja Solar Farm,Abeja Solar Farm LLC,Bee,Texas,Tap 345kV 8012 PALADIO7A - 8689 TANGO7A,,Solar - Photovoltaic Solar,200.84,,,2024-12-19,Completed,2028-09-08,,,,Solar,Photovoltaic Solar,"SS Completed, FIS Started, IA",2024-12-19,2025-02-20,2024-12-09 00:00:00.000,,Yes,2025-12-16,,,Not Required,,,SOUTH,,,
27INR0373,Velado Solar SLF,"Velado Solar, LLC",Dimmit,Texas,Tap 138kV 78281 Dimmit - 8274 Conoco Chittam ,,Solar - Photovoltaic Solar,115.2,,,2024-11-19,Active,2028-09-14,,,,Solar,Photovoltaic Solar,"SS Completed, FIS Started, No IA",2024-11-19,2025-02-14,2024-11-07 00:00:00.000,,,,,,Not Required,,,SOUTH,,,
27INR0374,Velado Storage SLF,"Velado Solar, LLC",Dimmit,Texas,Tap 138kv 78281 Dimmit - 8274 Conoco Chittam.,,Other - Battery Energy Storage,115.2,,,2024-11-19,Active,2028-09-14,,,,Other,Battery Energy Storage,"SS Completed, FIS Started, No IA",2024-11-19,2025-02-14,2024-11-05 00:00:00.000,,,,,,,,,SOUTH,,,
27INR0375,Buck Ranch Solar SLF,"Buck Ranch Solar, LLC",Live Oak,Texas,5690 WEST GEORGE WEST SUB 69kV,,Solar - Photovoltaic Solar,40.8,,,2024-12-19,Active,2028-08-02,,,,Solar,Photovoltaic Solar,"SS Completed, FIS Started, No IA",2024-12-19,2025-02-03,2024-12-16 00:00:00.000,,,,,,Not Required,,,SOUTH,,,
27INR0376,Buck Ranch Storage SLF,"Buck Ranch Solar, LLC",Live Oak,Texas,5690 WEST GEORGE WEST SUB 69kV,,Other - Battery Energy Storage,40.8,,,2025-01-28,Active,2028-08-09,,,,Other,Battery Energy Storage,"SS Completed, FIS Started, No IA",2025-01-28,2025-04-15,2024-12-16 00:00:00.000,,,,,,,,,SOUTH,,,
27INR0379,Scrap Iron Solar,Energiekontor US Texas SP 15 LLC,Grimes,Texas,Tap 138kV (#9) Bedias - (#25) North Zulch,,Solar - Photovoltaic Solar,110.77,,,2024-09-10,Active,2028-09-01,,,,Solar,Photovoltaic Solar,"SS Completed, FIS Started, No IA",2024-09-10,2024-12-06,2025-04-23 00:00:00.000,,,,,,Not Required,,,NORTH,,,
27INR0380,La Mancha Solar SLF,"La Mancha Solar, LLC",Zavala,Texas,Tap 69kV 5836 NBatesville  - 5822 Leona ,,Solar - Photovoltaic Solar,40.9,,,2024-11-19,Active,2028-10-10,,,,Solar,Photovoltaic Solar,"SS Completed, FIS Started, No IA",2024-11-19,2025-02-14,2024-11-07 00:00:00.000,,,,,,Not Required,,,SOUTH,,,
27INR0381,La Mancha Storage SLF,"La Mancha Storage, LLC",Zavala,Texas,Tap 69kV 5836 NBatesville - 5822 Leona ,,Other - Battery Energy Storage,40.9,,,2024-11-19,Active,2028-10-10,,,,Other,Battery Energy Storage,"SS Completed, FIS Started, No IA",2024-11-19,2025-02-14,2024-11-07 00:00:00.000,,,,,,,,,SOUTH,,,
27INR0382,Calico BESS,Nova Clean Energy LLC,Victoria,Texas,Tap 138 kV 8723 CANGREJO4A - 8721 BEECHER4A,,Other - Battery Energy Storage,204.9,,,2025-04-29,Active,2028-06-01,,,,Other,Battery Energy Storage,"SS Completed, FIS Started, No IA",2025-04-29,2025-07-26,2025-03-14 00:00:00.000,,,,,,,,,SOUTH,,,
27INR0383,Windjammer Windpower,"Windjammer Windpower, LLC",Glasscock,Texas,tap 345kV 59902 Sand Bluff Wind Farm  - 59907 Bernoulli ,,Wind - Wind Turbine,244.06,,,2024-09-10,Completed,2028-12-31,,,,Wind,Wind Turbine,"SS Completed, FIS Started, IA",2024-09-10,2024-12-06,2024-12-12 00:00:00.000,,Yes,2025-12-03,Not Required,Not Required,Not Required,2026-01-06 00:00:00,,WEST,,,
27INR0384,Straight Spur Wind,ENGIE IR Holdings LLC,Andrews,Texas,Tap 345 kV 23876 Clear Fork -11157 Gardenale Switch ,,Wind - Wind Turbine,247.4,,,2024-12-19,Active,2029-04-01,,,,Wind,Wind Turbine,"SS Completed, FIS Started, No IA",2024-12-19,2025-02-03,2024-12-06 00:00:00.000,,,,,,Not Required,,,WEST,,,
27INR0385,Straight Spur Solar,ENGIE IR Holdings LLC,Andrews,Texas,Tap 345 kV ClearFork (Bus #23876) to Gardenale Switch (Bus #11157),,Solar - Photovoltaic Solar,251.8,,,2024-11-21,Active,2029-04-01,,,,Solar,Photovoltaic Solar,"SS Completed, FIS Started, No IA",2024-11-21,2025-02-18,2024-11-08 00:00:00.000,,,,,,Not Required,,,WEST,,,
27INR0386,Straight Spur Storage,ENGIE IR Holdings LLC,Andrews,Texas,"Tap 345kV ClearFork( Bus # 23876) to Gardenale Switch (Bus # 11157)
",,Other - Battery Energy Storage,306.2,,,2024-11-19,Active,2029-04-01,,,,Other,Battery Energy Storage,"SS Completed, FIS Started, No IA",2024-11-19,2025-02-18,2024-11-08 00:00:00.000,,,,,,,,,WEST,,,
27INR0389,Sugaree Solar ,Sugaree Solar LLC,Maverick,Texas,138kV Escondido (8260) to Brackettville (8252),,Solar - Photovoltaic Solar,251.4,,,2024-10-10,Completed,2028-09-21,,,,Solar,Photovoltaic Solar,"SS Completed, FIS Started, IA",2024-10-10,2024-12-09,2024-10-08 00:00:00.000,,No,2025-09-29,Not Required,Not Required,Not Required,2026-01-08 00:00:00,,SOUTH,,,
27INR0390,Diamond Sage Solar 1,"DGC Renewables, LLC",Webb,Texas,"tap 345kV 80219 LOBO7A - 5709 FOWLER
TONSW5 CKT2",,Solar - Photovoltaic Solar,213.96,,,2025-01-28,Active,2028-10-01,,,,Solar,Photovoltaic Solar,"SS Completed, FIS Started, No IA",2025-01-28,2025-04-15,2025-01-27 00:00:00.000,,Yes,,,,Not Required,,,SOUTH,,,
27INR0392,Cernan BESS,Cernan BESS LLC,Wharton,Texas,Hillje 345kV (#44200),,Other - Battery Energy Storage,10.04,,,2025-02-14,Completed,2027-10-01,,,,Other,Battery Energy Storage,"SS Completed, FIS Completed, IA",2025-02-14,2025-04-22,2025-01-30 00:00:00.000,2025-10-31,No,2025-12-30,,,,,,SOUTH,,,
27INR0393,Ferdinand Grid BESS II,Coval Infrastructure DevCo LLC,Bexar,Texas,5260 Leon Creek 138kV,,Other - Battery Energy Storage,208.12,,,2024-12-19,Active,2027-12-01,,,,Other,Battery Energy Storage,"SS Completed, FIS Started, No IA",2024-12-19,2025-03-04,2024-12-03 00:00:00.000,,,,,,,,,SOUTH,,,
27INR0395,Diamond Sage Solar 2,"DGC Renewables, LLC",Webb,Texas,Tap 345kV LOBO7A (80219) - FOWLERTONSW5 (5709),,Solar - Photovoltaic Solar,213.96,,,2025-01-28,Active,2028-10-01,,,,Solar,Photovoltaic Solar,"SS Completed, FIS Started, No IA",2025-01-28,2025-04-21,2025-01-27 00:00:00.000,,Yes,,,,Not Required,,,SOUTH,,,
27INR0396,Bluewind BESS,"Bluewind Energy Center, LLC",Atascosa,Texas,5713 Oaks Substation 138kV,,Other - Battery Energy Storage,246.5,,,2025-04-25,Active,2029-07-02,,,,Other,Battery Energy Storage,"SS Completed, FIS Started, No IA",2025-04-25,2025-07-22,2025-05-15 00:00:00.000,,,,,,,,,SOUTH,,,
27INR0398,Bravo BESS,Bravo BESS LLC,Webb,Texas,Tap 345kV 80220 CENIZO7A - 80224 TIEMPO7A,,Other - Battery Energy Storage,207.38,,,2024-11-26,Active,2027-12-12,,,,Other,Battery Energy Storage,"SS Completed, FIS Started, No IA",2024-11-26,2025-02-18,2024-11-21 00:00:00.000,,No,,,,,,,SOUTH,,,
27INR0399,Resaca Oasis Storage,"Resaca Oasis Storage, LLC",Cameron,Texas,# 79601 Stillman Substation 138 kV,,Other - Battery Energy Storage,200.7,,,2024-12-12,Completed,2028-09-20,,,,Other,Battery Energy Storage,"SS Completed, FIS Completed, IA",2024-12-12,2025-03-03,2024-11-22 00:00:00.000,2025-10-10,No,2025-05-22,Not Required,Not Required,2025-09-15 00:00:00,2025-06-03 00:00:00,,COASTAL,,,
27INR0400,Reforzar BESS 1,Tempus Power management LLC,Brooks,Texas,345 kV 80078 Reforzar,,Other - Battery Energy Storage,207.6,,,2024-12-19,Active,2028-04-13,,,,Other,Battery Energy Storage,"SS Completed, FIS Completed, No IA",2024-12-19,2025-03-17,2024-11-05 00:00:00.000,2026-06-18,No,,,,,,,SOUTH,,,
27INR0401,Reforzar Bess 2,Tempus Power management LLC,Brooks,Texas,345 kV 80078 Reforzar,,Other - Battery Energy Storage,207.6,,,2024-12-19,Active,2028-04-13,,,,Other,Battery Energy Storage,"SS Completed, FIS Started, No IA",2024-12-19,2025-03-17,2024-10-10 00:00:00.000,,No,,,,,,,SOUTH,,,
27INR0409,Baker Branch BESS,"Mockingbird Storage Center, LLC",Lamar,Texas,Pacific Switch  (PACSW)  345 kV Bus 11683,,Other - Battery Energy Storage,287.22,,,2025-06-19,Active,2029-12-31,,,,Other,Battery Energy Storage,"SS Completed, FIS Started, No IA",2025-06-19,2025-09-11,2025-06-10 00:00:00.000,,No,,,,,,,NORTH,,,
27INR0412,Spinosa BESS,"Spinosa Energy Center, LLC",Wichita,Texas,Tap 138 kV Wichita Falls Cogen (#1498) – Pleasant Valley Switch (#1450),,Other - Battery Energy Storage,201.2,,,2025-04-29,Active,2030-05-08,,,,Other,Battery Energy Storage,"SS Completed, FIS Started, No IA",2025-04-29,2025-07-23,2025-04-29 00:00:00.000,,,,,,,,,WEST,,,
27INR0413,Edgewood BESS 2,Tempus Power management LLC,Van Zandt,Texas,Tap Edgewood 138kV bus(3181) to 3174,,Other - Battery Energy Storage,102.1,,,2025-01-28,Active,2028-03-01,,,,Other,Battery Energy Storage,"SS Completed, FIS Started, No IA",2025-01-28,2025-04-21,2025-01-14 00:00:00.000,,,,,,,,,NORTH,,,
27INR0414,Diamond Sage BESS 1,"DGC Renewables, LLC",Webb,Texas,"tap 345kV 80219 LOBO7A - 5709 FOWLERTONSW5 CKT2
",,Other - Battery Energy Storage,103.5,,,2025-01-28,Active,2028-10-01,,,,Other,Battery Energy Storage,"SS Completed, FIS Started, No IA",2025-01-28,2025-04-15,2025-01-27 00:00:00.000,,Yes,,,,,,,SOUTH,,,
27INR0417,Bluebonnet Trail Solar,Bluebonnet trail solar LLC,Ellis,Texas,Tap 345 kV (#2427) WATMLL_W5 - (#2466) BIGONION_5 ,,Solar - Photovoltaic Solar,150.9,,,2024-12-19,Active,2028-09-19,,,,Solar,Photovoltaic Solar,"SS Completed, FIS Completed, No IA",2024-12-19,2025-03-17,2024-12-13 00:00:00.000,2026-07-30,Yes,,,,Not Required,,,NORTH,,,
27INR0418,Pioneer Path Energy Storage 1,Tempus Power management LLC,Robertson,Texas,Tap 345kV 39950 TNP ONE PLANT - 3400 TWIN OAK Ckt 2,,Other - Battery Energy Storage,102.14,,,2025-02-03,Active,2027-12-01,,,,Other,Battery Energy Storage,"SS Completed, FIS Started, No IA",2025-02-03,2025-03-21,2025-01-13 00:00:00.000,,,,,,,,,NORTH,,,
27INR0421,M-Bar Solar I,"M-Bar Energy I, LLC",Ector,Texas,1141 Holt Switch Substation 138kV,,Solar - Photovoltaic Solar,30.21,,,2024-12-19,Active,2028-09-18,,,,Solar,Photovoltaic Solar,"SS Completed, FIS Completed, No IA",2024-12-19,2025-03-17,2024-12-13 00:00:00.000,2026-08-25,No,,,,Not Required,,,WEST,,,
27INR0422,M-Bar BESS I,"M-Bar Energy I, LLC",Ector,Texas,1141 Holt Switch Substation 138 kV ,,Other - Battery Energy Storage,82.1,,,2024-12-19,Active,2028-09-18,,,,Other,Battery Energy Storage,"SS Completed, FIS Started, No IA",2024-12-19,2025-03-17,2024-12-13 00:00:00.000,,No,,,,,,,WEST,,,
27INR0423,Pioneer Path Energy Storage 2,Tempus Power management LLC,Robertson,Texas,Tap 345kV 39950 TNP ONE PLANT - 3400 TWIN OAK Ckt 2,,Other - Battery Energy Storage,102.14,,,2025-02-03,Active,2027-12-01,,,,Other,Battery Energy Storage,"SS Completed, FIS Started, No IA",2025-02-03,2025-03-21,2025-01-13 00:00:00.000,,,,,,,,,NORTH,,,
27INR0424,Pioneer Path Energy Storage 3,Tempus Power management LLC,Robertson,Texas,Tap 345kV 39950 TNP ONE PLANT - 3400 TWIN OAK Ckt 2,,Other - Battery Energy Storage,102.14,,,2025-02-03,Active,2027-12-01,,,,Other,Battery Energy Storage,"SS Completed, FIS Started, No IA",2025-02-03,2025-03-21,2025-01-13 00:00:00.000,,,,,,,,,NORTH,,,
27INR0425,Pioneer Path Energy Storage 4,Tempus Power management LLC,Robertson,Texas,Tap 345kV 39950 TNP ONE PLANT - 3400 TWIN OAK Ckt 2,,Other - Battery Energy Storage,102.14,,,2025-02-03,Active,2027-12-01,,,,Other,Battery Energy Storage,"SS Completed, FIS Started, No IA",2025-02-03,2025-03-21,2025-01-13 00:00:00.000,,,,,,,,,NORTH,,,
27INR0426,Prairie Horizon Energy Storage 1,Tempus Power management LLC,Robertson,Texas,Tap 345kV 39950 TNP ONE PLANT - 3400 TWIN OAK Ckt 2,,Other - Battery Energy Storage,102.14,,,2025-02-03,Active,2027-12-01,,,,Other,Battery Energy Storage,"SS Completed, FIS Started, No IA",2025-02-03,2025-03-21,2025-01-13 00:00:00.000,,,,,,,,,NORTH,,,
27INR0427,Prairie Horizon Energy Storage 2,Tempus Power management LLC,Robertson,Texas,Tap 345kV 39950 TNP ONE PLANT - 3400 TWIN OAK Ckt 2,,Other - Battery Energy Storage,102.14,,,2025-02-03,Active,2027-12-01,,,,Other,Battery Energy Storage,"SS Completed, FIS Started, No IA",2025-02-03,2025-03-21,2025-01-13 00:00:00.000,,,,,,,,,NORTH,,,
27INR0428,Prairie Horizon Energy Storage 3,Tempus Power management LLC,Robertson,Texas,Tap 345kV 39950 TNP ONE PLANT - 3400 TWIN OAK Ckt 2,,Other - Battery Energy Storage,102.14,,,2025-02-03,Active,2027-12-01,,,,Other,Battery Energy Storage,"SS Completed, FIS Started, No IA",2025-02-03,2025-03-21,2025-01-13 00:00:00.000,,,,,,,,,NORTH,,,
27INR0429,Prairie Horizon Energy Storage 4,Tempus Power management LLC,Robertson,Texas,Tap 345kV 39950 TNP ONE PLANT - 3400 TWIN OAK Ckt 2,,Other - Battery Energy Storage,102.14,,,2025-02-03,Active,2027-12-01,,,,Other,Battery Energy Storage,"SS Completed, FIS Started, No IA",2025-02-03,2025-03-21,2025-01-13 00:00:00.000,,,,,,,,,NORTH,,,
27INR0432,Coyote Ridge BESS,Grenergy USA,Brown,Texas,292 Holder 138 kV,,Other - Battery Energy Storage,111.06,,,2025-01-28,Active,2027-10-06,,,,Other,Battery Energy Storage,"SS Completed, FIS Started, No IA",2025-01-28,2025-04-17,2025-01-15 00:00:00.000,,,,,,,,,NORTH,,,
27INR0434,Lyra Solar,Juno Solar 4,Borden,Texas,345kV MULESHOE (#59922),,Solar - Photovoltaic Solar,500.0,,,2025-03-24,Completed,2027-09-15,,,,Solar,Photovoltaic Solar,"SS Completed, FIS Started, IA",2025-03-24,2025-06-09,2025-03-20 00:00:00.000,,No,2025-07-01,,,Not Required,,,WEST,,,
27INR0435,Clairemont Solar 1,Clairemont Solar LLC,Kent,Texas,59908 Novaprime 345kV,,Solar - Photovoltaic Solar,251.75,,,2025-01-28,Completed,2029-02-13,,,,Solar,Photovoltaic Solar,"SS Completed, FIS Completed, IA",2025-01-28,2025-04-17,2025-01-21 00:00:00.000,2026-08-13,No,2025-11-24,Not Required,Not Required,Not Required,2026-01-15 00:00:00,,WEST,,,
27INR0436,Coati Energy Storage,PowerPulse LLC,Harris,Texas,"Bus # 40830, Humble, 138 kV",,Other - Battery Energy Storage,202.8,,,2024-12-19,Active,2029-06-15,,,,Other,Battery Energy Storage,"SS Completed, FIS Started, No IA",2024-12-19,2025-03-17,2025-05-21 00:00:00.000,,,,,,,,,HOUSTON,,,
27INR0437,Hondo Arroyo Storage,"Hondo Creek Solar, LLC",Medina,Texas,Tap 138 kV 5225 Hondo - 5813 Pearson,,Other - Battery Energy Storage,100.7,,,2024-12-19,Active,2028-07-01,,,,Other,Battery Energy Storage,"SS Completed, FIS Started, No IA",2024-12-19,2025-03-17,2024-12-06 00:00:00.000,,,,Not Required,Not Required,2025-09-15 00:00:00,,,SOUTH,,,
27INR0438,Wisdom Solar SLF,Wisdom Green Energy LLC,Pecos,Texas,Tap 138 kV #38455 HOLIDAY SUB TNP -  #38450 SOAPTREE TNP,,Solar - Photovoltaic Solar,299.37,,,2025-02-12,Active,2027-10-06,,,,Solar,Photovoltaic Solar,"SS Completed, FIS Completed, No IA",2025-02-12,2025-04-18,2025-02-05 00:00:00.000,2025-10-09,No,,,,Not Required,,,WEST,,,
27INR0440,Wisdom BESS SLF,Wisdom Green Energy LLC,Pecos,Texas,Tap 138 kV #38455 HOLIDAY SUB TNP - 138 kV #38450 SOAPTREE TNP,,Other - Battery Energy Storage,102.88,,,2025-02-12,Active,2027-10-06,,,,Other,Battery Energy Storage,"SS Completed, FIS Completed, No IA",2025-02-12,2025-04-18,2025-02-21 00:00:00.000,2025-10-09,No,,,,,,,WEST,,,
27INR0441,Pavo Creek Storage ,"Pavo Creek Storage, LLC",Milam,Texas,Tap #3659 Thorndale North - #3701 Rookie Switch 138 kV,,Other - Battery Energy Storage,154.2,,,2025-02-25,Active,2028-09-21,,,,Other,Battery Energy Storage,"SS Completed, FIS Started, No IA",2025-02-25,2025-05-13,2025-02-20 00:00:00.000,,,,Not Required,Not Required,2025-09-15 00:00:00,,,SOUTH,,,
27INR0443,Serenity Wind ,"Serenity Wind, LLC",Armstrong,Texas,23931 MIDPOINT SWITCH 345 kV ,,Wind - Wind Turbine,473.0,,,2025-03-24,Active,2028-09-18,,,,Wind,Wind Turbine,"SS Completed, FIS Started, No IA",2025-03-24,2025-06-09,2025-03-07 00:00:00.000,,No,,,,Not Required,,,PANHANDLE,,,
27INR0444,Diamond Sage BESS 2,"DGC Renewables, LLC",Webb,Texas,Tap 345kV LOBO7A (80219) - FOWLERTONSW5 (5709),,Other - Battery Energy Storage,103.5,,,2025-01-28,Active,2028-10-01,,,,Other,Battery Energy Storage,"SS Completed, FIS Started, No IA",2025-01-28,2025-04-21,2025-01-27 00:00:00.000,,Yes,,,,,,,SOUTH,,,
27INR0445,Moon Chapel Wind,"Orsted Onshore Development North America, LLC",Tom Green,Texas,Tap 345kV 76090  Divide  - 76009 Twin Buttes Ckt 1,,Wind - Wind Turbine,379.2,,,2025-02-14,Active,2028-10-01,,,,Wind,Wind Turbine,"SS Completed, FIS Started, No IA",2025-02-14,2025-05-12,2025-02-07 00:00:00.000,,No,,,,Not Required,,,WEST,,,
27INR0447,Jay Flat BESS,Jay Flat BESS LLC,Kent,Texas,59908 Novaprime 345kV,,Other - Battery Energy Storage,259.36,,,2025-01-28,Active,2029-02-13,,,,Other,Battery Energy Storage,"SS Completed, FIS Started, No IA",2025-01-28,2025-04-17,2025-01-21 00:00:00.000,,,,,,,,,WEST,,,
27INR0449,Gulf Prairie Solar,Gulf Prairie Energy LLC,Brazoria,Texas,"(CEHESub) looped either 1) on 138 kV circuit 82 between RIWOOD (#43150) and Angleton (#42110), or 2) on 345 kV circuit 18 between DOW (#42500) and Huizache (#46640)",,Solar - Photovoltaic Solar,202.17,,,2025-06-19,Active,2028-12-01,,,,Solar,Photovoltaic Solar,"SS Completed, FIS Started, No IA",2025-06-19,2025-09-16,2025-01-22 00:00:00.000,,,,,,Not Required,,,COASTAL,,,
27INR0451,Dairyland Storage,ENGIE IR Holdings LLC,Hopkins,Texas,To 345 kV Birthright Station (#11684),,Other - Battery Energy Storage,301.8,,,2025-04-21,Active,2029-04-30,,,,Other,Battery Energy Storage,"SS Completed, FIS Started, No IA",2025-04-21,2025-07-18,2025-02-04 00:00:00.000,,,,,,,,,NORTH,,,
27INR0452,Moccasin Storage,ENGIE IR Holdings LLC,Jones,Texas,Tap 345kV #60707 Kirchhoff -  #60515 Clear Crossing CKT-1,,Other - Battery Energy Storage,603.08,,,2025-01-28,Active,2028-07-01,,,,Other,Battery Energy Storage,"SS Completed, FIS Started, No IA",2025-01-28,2025-04-17,2025-01-15 00:00:00.000,,,,,,,,,WEST,,,
27INR0453,Roboman Solar,"Roboman Solar, LLC",Coke,Texas,Tap 345 kV (#76009) Twin Buttes  – (#76090) Divide  Ckt 1,,Solar - Photovoltaic Solar,272.6,,,2025-07-07,Active,2029-07-01,,,,Solar,Photovoltaic Solar,"SS Completed, FIS Started, No IA",2025-07-07,2025-09-30,2025-06-26 00:00:00.000,,,,Not Required,Not Required,Not Required,,,WEST,,,
27INR0455,Yellow Leaf Solar,Lightsource Renewable Energy Development LLC,Kaufman,Texas,Tap 138kV Crandall (#2727) – Kaufman Northwest (#2724) ,,Solar - Photovoltaic Solar,103.19,,,2025-04-25,Active,2028-09-25,,,,Solar,Photovoltaic Solar,"SS Completed, FIS Started, No IA",2025-04-25,2025-07-22,2025-03-14 00:00:00.000,,,,,,Not Required,,,NORTH,,,
27INR0456,Yellow Leaf BESS,Lightsource Renewable Energy Development LLC,Kaufman,Texas,Tap 138kV Crandall (#2727) – Kaufman Northwest (#2724),,Other - Battery Energy Storage,103.1,,,2025-04-25,Active,2028-09-25,,,,Other,Battery Energy Storage,"SS Completed, FIS Started, No IA",2025-04-25,2025-07-22,2025-03-14 00:00:00.000,,,,,,,,,NORTH,,,
27INR0457,watermelon 1 energy storage,Tempus power management LLC,Dallas,Texas,Tap on 2427 WATMLL_W5   345.00 - 2432 TRICRN1_5   345.00 345kV line ckt 1. ,,Other - Battery Energy Storage,102.1,,,2025-01-13,Active,2029-03-01,,,,Other,Battery Energy Storage,"SS Completed, FIS Started, No IA",2025-01-13,2025-04-08,2025-01-06 00:00:00.000,,,,Not Required,Not Required,,,,NORTH,,,
27INR0458,watermelon 2 energy storage,Tempus power management LLC,Dallas,Texas,Tap on 2427 WATMLL_W5 345.00 - 2432 TRICRN1_5 345.00 345kV line ckt 1. ,,Other - Battery Energy Storage,102.1,,,2025-01-13,Active,2029-03-01,,,,Other,Battery Energy Storage,"SS Completed, FIS Started, No IA",2025-01-13,2025-04-08,2025-01-06 00:00:00.000,,,,Not Required,Not Required,,,,NORTH,,,
27INR0459,watermelon 3 energy storage,Tempus power management LLC,Dallas,Texas,Tap on 2427 WATMLL_W5 345.00 - 2432 TRICRN1_5 345.00 345kV line ckt 1. 1.6 miles from 2427 WATMLL_W5,,Other - Battery Energy Storage,102.1,,,2025-01-13,Active,2029-03-01,,,,Other,Battery Energy Storage,"SS Completed, FIS Started, No IA",2025-01-13,2025-04-08,2025-01-06 00:00:00.000,,,,Not Required,Not Required,,,,NORTH,,,
27INR0460,watermelon 4 energy storage,Tempus power management LLC,Dallas,Texas,Tap on 2427 WATMLL_W5 345.00 - 2432 TRICRN1_5 345.00 345kV line ckt 1. ,,Other - Battery Energy Storage,102.1,,,2025-01-13,Active,2029-03-01,,,,Other,Battery Energy Storage,"SS Completed, FIS Started, No IA",2025-01-13,2025-04-08,2025-01-06 00:00:00.000,,,,Not Required,Not Required,,,,NORTH,,,
27INR0461,Fermata BESS,"Fermata BESS, LLC",Hunt,Texas,Tap 345kV 2464# CASHSW_T5 – 2461# ROYSE_N5,,Other - Battery Energy Storage,204.0,,,2025-02-25,Active,2028-07-01,,,,Other,Battery Energy Storage,"SS Completed, FIS Started, No IA",2025-02-25,2025-05-20,2025-02-21 00:00:00.000,,Yes,,,,,,,NORTH,,,
27INR0465,Althea Storage,Sugaree Solar LLC,Maverick,Texas,Tap Escondido (8260) - Brackettville (8252),,Other - Battery Energy Storage,251.3,,,2025-02-12,Completed,2028-09-21,,,,Other,Battery Energy Storage,"SS Completed, FIS Started, IA",2025-02-12,2025-04-22,2024-12-30 00:00:00.000,,,2025-09-29,Not Required,Not Required,,2026-01-08 00:00:00,,SOUTH,,,
27INR0466,Wolfram Storage,"Nova Clean Energy, LLC",Calhoun,Texas,Dokmai 138kV Substation (bus #80090),,Other - Battery Energy Storage,206.6,,,2025-05-19,Active,2027-12-01,,,,Other,Battery Energy Storage,"SS Completed, FIS Started, No IA",2025-05-19,2025-08-15,2025-05-02 00:00:00.000,,,,,,,,,COASTAL,,,
27INR0469,Kickstart Energy Storage I,Kickstart Infrastructure LLC,Ellis,Texas,Tap 345 kV 1907 Venus Switch - 3383 BYNUM_5,,Other - Battery Energy Storage,1.44,,,2025-03-24,Active,2029-09-30,,,,Other,Battery Energy Storage,"SS Completed, FIS Started, No IA",2025-03-24,2025-06-09,2025-03-12 00:00:00.000,,,,,,,,,NORTH,,,
27INR0470,Kickstart Energy Storage II,Kickstart Infrastructure LLC,Ellis,Texas,Tap 345 kV 1907 Venus Switch - 3383 BYNUM_5,,Other - Battery Energy Storage,1.44,,,2025-03-24,Active,2029-09-30,,,,Other,Battery Energy Storage,"SS Completed, FIS Started, No IA",2025-03-24,2025-06-09,2025-03-12 00:00:00.000,,,,,,,,,NORTH,,,
27INR0471,Kickstart Energy Storage III,Kickstart Infrastructure LLC,Ellis,Texas,Tap 345 kV #1906 VENUS_S5  to #68091 NAVARRO ,,Other - Battery Energy Storage,1.44,,,2025-03-24,Active,2029-09-30,,,,Other,Battery Energy Storage,"SS Completed, FIS Started, No IA",2025-03-24,2025-06-09,2025-03-10 00:00:00.000,,,,,,,,,NORTH,,,
27INR0472,Kickstart Energy Storage IV,Kickstart Infrastructure LLC,Ellis,Texas,Tap 345 kV #1906 VENUS_S5  to #68091 NAVARRO ,,Other - Battery Energy Storage,1.44,,,2025-03-24,Active,2029-09-30,,,,Other,Battery Energy Storage,"SS Completed, FIS Started, No IA",2025-03-24,2025-06-09,2025-03-10 00:00:00.000,,,,,,,,,NORTH,,,
27INR0474,Fivemile Wind,180 Wind LLC,Dawson,Texas,Tap 138kV Lamesa 138kv (10008) to Jim Payne 138kV (18880) ,,Wind - Wind Turbine,282.3,,,2025-04-25,Active,2029-09-23,,,,Wind,Wind Turbine,"SS Completed, FIS Started, No IA",2025-04-25,2025-07-22,2025-04-25 00:00:00.000,,,,,,Not Required,,,WEST,,,
27INR0478,Metro BESS,Metro BESS LLC,Caldwell,Texas,138 kV LYTTON8 (9075),,Other - Battery Energy Storage,200.71,,,2025-02-25,Active,2030-12-07,,,,Other,Battery Energy Storage,"SS Completed, FIS Started, No IA",2025-02-25,2025-05-20,2025-02-24 00:00:00.000,,,,,,,,,SOUTH,,,
27INR0480,Borden Dino Solar,"Borden Dino Solar, LLC",Borden,Texas,59905 FARADAY 345KV,,Solar - Photovoltaic Solar,120.47,,,2025-04-01,Active,2028-07-01,,,,Solar,Photovoltaic Solar,"SS Completed, FIS Started, No IA",2025-04-01,2025-06-09,2025-03-06 00:00:00.000,,,,,,Not Required,,,WEST,,,
27INR0481,Borden Dino BESS,"Borden Dino Solar, LLC",Borden,Texas,59905 FARADAY 345KV,,Other - Battery Energy Storage,60.26,,,2025-04-01,Active,2028-07-01,,,,Other,Battery Energy Storage,"SS Completed, FIS Started, No IA",2025-04-01,2025-06-09,2025-03-06 00:00:00.000,,,,,,,,,WEST,,,
27INR0485,Blackland Prairie 1 Energy Storage,Balcones Ridge Resiliency LLC,Travis,Texas,9328 Austrop 138kV,,Other - Battery Energy Storage,102.1,,,2025-03-24,Completed,2027-12-01,,,,Other,Battery Energy Storage,"SS Completed, FIS Started, IA",2025-03-24,2025-06-09,2025-02-24 00:00:00.000,,,2026-04-10,,,,,,SOUTH,,,
27INR0486,Blackland Prairie 2 Energy Storage,Balcones Ridge Resiliency II LLC,Travis,Texas,9328 Austrop 138kV,,Other - Battery Energy Storage,102.1,,,2025-03-24,Active,2027-12-01,,,,Other,Battery Energy Storage,"SS Completed, FIS Started, No IA",2025-03-24,2025-06-09,2025-02-24 00:00:00.000,,,,,,,,,SOUTH,,,
27INR0487,Blackland Prairie 3 Energy Storage,Balcones Ridge Resiliency III LLC,Travis,Texas,9328 Austrop 138kV,,Other - Battery Energy Storage,102.1,,,2025-03-24,Active,2027-12-01,,,,Other,Battery Energy Storage,"SS Completed, FIS Started, No IA",2025-03-24,2025-06-09,2025-02-24 00:00:00.000,,,,,,,,,SOUTH,,,
27INR0488,Dry Creek Solar II,Oak Hill Solar II LLC,Rusk,Texas,Dorsett 345 kV Switching Station(tap 345 kV 3100 Martin Lake - 3105 Elkton),,Solar - Photovoltaic Solar,202.27,,,2025-06-19,Active,2028-02-01,,,,Solar,Photovoltaic Solar,"SS Completed, FIS Started, No IA",2025-06-19,2025-09-16,2025-06-02 00:00:00.000,,No,,,,Not Required,,,NORTH,,,
27INR0489,Power Lane II Gas - Alternate,GEUS,Hunt,Texas,Tap 138kV Caddo Mills Explorer (11832) – Scatter Branch Sub (1818) Line via (future) GEUS_STM Substation,,"Gas - Internal Combustion Engine, eg. Reciprocating",104.39,,,2025-06-03,Active,2027-06-01,,,,Gas,"Internal Combustion Engine, eg. Reciprocating","SS Completed, FIS Started, No IA",2025-06-03,2025-08-29,2025-05-28 00:00:00.000,,,,,,,,,NORTH,,,
27INR0492,Gulf Gateway Solar One,"Gulf Gateway Solar, LLC",San Patricio,Texas,Tap 345 kV 8249 Angstrom - 8624 Grissom ,,Solar - Photovoltaic Solar,301.4,,,2025-04-21,Active,2029-12-01,,,,Solar,Photovoltaic Solar,"SS Completed, FIS Started, No IA",2025-04-21,2025-07-19,2025-04-03 00:00:00.000,,,,,,Not Required,,,COASTAL,,,
27INR0493,Velociraptor BESS I,"Velociraptor BESS I, LLC",Ector,Texas,10012 METEOR_5 Substation 345kV,,Other - Battery Energy Storage,246.0,,,2025-05-27,Active,2029-12-01,,,,Other,Battery Energy Storage,"SS Completed, FIS Started, No IA",2025-05-27,2025-08-23,2025-05-07 00:00:00.000,,,,,,,,,WEST,,,
27INR0494,Obbligato BESS,"Obbligato BESS, LLC",Milam,Texas,Tap 138kV 120# TALBRTRIDG – 3683# MINERVA1_8,,Other - Battery Energy Storage,200.71,,,2025-06-19,Active,2029-02-28,,,,Other,Battery Energy Storage,"SS Completed, FIS Started, No IA",2025-06-19,2025-09-10,2025-06-09 00:00:00.000,,,,,,,,,SOUTH,,,
27INR0497,Black Mountain Somervell Gas Combined,Fort Worth Power Core LLC,Somervell,Texas,Dinosaur Switch (#15208),,Gas - Combined-Cycle,495.3,,,2025-04-21,Active,2029-09-28,,,,Gas,Combined-Cycle,"SS Completed, FIS Started, No IA",2025-04-21,2025-07-19,2025-04-16 00:00:00.000,,,,,,,,,NORTH,,,
27INR0498,Infrakey Waco Data Park Gas 2,Infrakey Capital LLC,McLennan,Texas,"252 BOSQUESW8 138kV
(Brazos Connection)",,"Gas - Combustion (gas) Turbine, but not part of a Combined-Cycle",0.0,,,2025-04-21,Active,2030-06-01,,,,Gas,"Combustion (gas) Turbine, but not part of a Combined-Cycle","SS Completed, FIS Started, No IA",2025-04-21,2025-07-19,2026-01-14 00:00:00.000,,,,,,,,,NORTH,,,
27INR0499,Draco Solar,Draco Solar LLC,Borden,Texas,Tap Long Draw (59900) – Faraday (59905) CKT 1 and LONGDRAW (59900) - GALVANI(59912) CKT 2,,Solar - Photovoltaic Solar,500.0,,,2025-04-21,Active,2027-08-19,,,,Solar,Photovoltaic Solar,"SS Completed, FIS Started, No IA",2025-04-21,2025-07-19,2025-04-01 00:00:00.000,,,,,,Not Required,,,WEST,,,
27INR0500,Antila Solar,Antila Solar LLC,Borden,Texas,#59916 Buck Canyon 345kV,,Solar - Photovoltaic Solar,500.0,,,2025-04-21,Completed,2027-11-30,,,,Solar,Photovoltaic Solar,"SS Completed, FIS Started, IA",2025-04-21,2025-07-19,2025-04-02 00:00:00.000,,Yes,2025-08-13,,,Not Required,,,WEST,,,
27INR0501,Mesquite Creek Windpower Repower,Mesquite Creek Wind LLC,Dawson,Texas,<59900><Long Draw><345>,,Wind - Wind Turbine,212.91,,,2025-04-29,Active,2027-12-31,,,,Wind,Wind Turbine,"SS Completed, FIS Started, No IA",2025-04-29,2025-07-26,2025-04-28 00:00:00.000,,No,,,,Not Required,,,WEST,,,
27INR0503,Dog Star Solar I,Dog Star Solar LLC,Taylor,Texas,Bluff Creek (Bus #60040) to Mulberry Creek (Bus #6235) 345 kV,,Solar - Photovoltaic Solar,499.01,,,2025-07-07,Active,2027-12-31,,,,Solar,Photovoltaic Solar,"SS Completed, FIS Started, No IA",2025-07-07,2025-09-16,2025-06-20 00:00:00.000,,Yes,,,,Not Required,,,WEST,,,
27INR0504,Dog Star Solar II,Dog Star Solar LLC,Taylor,Texas,Bluff Creek (Bus #60040) to Mulberry Creek (Bus #6235) 345 kV,,Solar - Photovoltaic Solar,499.01,,,2025-07-02,Active,2027-12-31,,,,Solar,Photovoltaic Solar,"SS Completed, FIS Started, No IA",2025-07-02,2025-09-19,2025-06-20 00:00:00.000,,Yes,,,,Not Required,,,WEST,,,
27INR0510,Pecos Wind,"Midnight Energy Center, LLC",Pecos,Texas,Tap 345 kV 60404 Solstice (SOLSTICE7A) – 76002 Bakersfield (L_BAKERS5_1Y),,Wind - Wind Turbine,193.8,,,2025-07-07,Completed,2028-05-30,,,,Wind,Wind Turbine,"SS Completed, FIS Not Started, IA",2025-07-07,2025-09-30,,,,2026-03-18,,,Not Required,,,WEST,,,
27INR0512,Silver Hills Windpower,"Silver Hills Windpower, LLC",Howard,Texas,10066 Prong Moss Switch 138kV,,Wind - Wind Turbine,54.05,,,2025-04-21,Active,2029-06-01,,,,Wind,Wind Turbine,"SS Completed, FIS Started, No IA",2025-04-21,2025-07-19,,,,,,,Not Required,,,WEST,,,
27INR0524,Portland Storage SLF,Convergent Energy Solutions LLC,San Patricio,Texas,"8566 HOT IRON 4A 138 kV
8569 HOT IRON 4B 138 kV

(2) POIs will be used for this project because there are (2) 138 kV lines supplying the ArcelorMittal plant. Project physical connection will be 13.8 kV bus at ArcelorMittal.
",,Other - Battery Energy Storage,0.0,,,2025-07-29,Active,2028-01-03,,,,Other,Battery Energy Storage,"SS Completed, FIS Started, No IA",2025-07-29,2025-10-06,2025-07-18 00:00:00.000,,,,,,,,,COASTAL,,,
27INR0529,Zeus Scurry Solar,"Scurry Solar, LLC",Scurry,Texas,MHOS 345 kV Substation (#59911),,Solar - Photovoltaic Solar,503.54,,,2025-06-03,Active,2028-10-01,,,,Solar,Photovoltaic Solar,"SS Completed, FIS Started, No IA",2025-06-03,2025-08-29,2025-05-29 00:00:00.000,,,,,,Not Required,,,WEST,,,
27INR0531,Erika BESS,"Erika Solar, LLC",Kaufman,Texas,Tap 345kV ELKTON 5 (#3105 ) to Tricrn1 5 (#2432),,Other - Battery Energy Storage,100.0,,,2025-06-19,Active,2029-07-01,,,,Other,Battery Energy Storage,"SS Completed, FIS Started, No IA",2025-06-19,2025-09-17,2025-06-06 00:00:00.000,,,,,,,,,NORTH,,,
27INR0535,Zeus Scurry BESS,Zeus Scurry BESS,Scurry,Texas,MHOS 345 kV Substation (#59911),,Other - Battery Energy Storage,1043.07,,,2025-06-05,Active,2028-10-01,,,,Other,Battery Energy Storage,"SS Completed, FIS Started, No IA",2025-06-05,2025-08-29,2025-06-04 00:00:00.000,,,,,,,,,WEST,,,
27INR0536,Siete Wind,"Siete Wind, LLC",Webb,Texas,345kV 8718 Triada,,Wind - Wind Turbine,492.8,,,2025-07-07,Active,2028-01-03,,,,Wind,Wind Turbine,"SS Completed, FIS Started, No IA",2025-07-07,2025-09-25,2025-06-24 00:00:00.000,,,,,,Not Required,,,SOUTH,,,
27INR0554,Texas Sun Solar,Pigg Grounds LLC,Jackson,Texas,Cordele Substation ; Bus no. 5524,,Solar - Photovoltaic Solar,71.7,,,2025-09-22,Active,2027-12-18,,,,Solar,Photovoltaic Solar,"SS Completed, FIS Started, No IA",2025-09-22,2025-11-19,2025-09-01 00:00:00.000,,,,,,Not Required,,,SOUTH,,,
27INR0555,Montezuma Storage,Montezuma Storage LLC,Colorado,Texas,L_GLIDDE8_1Y; Bus number - 7258 138KV,,Other - Battery Energy Storage,183.88,,,2025-09-22,Active,2030-10-16,,,,Other,Battery Energy Storage,"SS Completed, FIS Started, No IA",2025-09-22,2025-12-02,2025-09-04 00:00:00.000,,,,Not Required,Not Required,,,,SOUTH,,,
27INR0556,Gulf Gateway Storage One ,"Gulf Gateway Storage, LLC",San Patricio,Texas,Tap 345 kV 8249 Angstrom - 8624 Grissom ,,Other - Battery Energy Storage,301.4,,,2025-08-26,Active,2029-12-01,,,,Other,Battery Energy Storage,"SS Completed, FIS Started, No IA",2025-08-26,2025-11-18,2025-08-21 00:00:00.000,,,,,,,,,COASTAL,,,
27INR0557,STP Unit2 High Pressure Turbine Upgrade,"Constellation South Texas, LLC",Matagorda,Texas,5915 SO_TEX__345A 345 kV,,Nuclear - Steam Turbine other than Combined-Cycle,1336.52,,,2026-04-30,Active,2027-04-23,,,,Nuclear,Steam Turbine other than Combined-Cycle,"SS Completed, FIS Started, No IA",2026-04-30,2026-07-24,2026-04-29 00:00:00.000,,,,,,,,,COASTAL,,,
27INR0562,Frizzle BESS,"Frizzle BESS, L.L.C. ",Ward,Texas,"#38143, TNSLVRLEAF1, 138kV",,Other - Battery Energy Storage,180.9,,,2025-09-11,Active,2027-10-18,,,,Other,Battery Energy Storage,"SS Completed, FIS Started, No IA",2025-09-11,2025-11-11,2025-09-10 00:00:00.000,,,,Not Required,Not Required,,,,WEST,,,
27INR0570,Sisters Solar - Phase 2,"Oberon Solar IV, LLC",Ector,Texas,10009 McGee 345 kV,,Solar - Photovoltaic Solar,201.51,,,2026-07-22,Active,2028-09-23,,,,Solar,Photovoltaic Solar,"SS Started, FIS Started, No IA",2026-07-22,,2026-07-22 00:00:00.000,,,,,,Not Required,,,WEST,,,
27INR0571,Nabla Energy Storage I,Nabla Park LLC,Parker,Texas,Double Tap 345kV Parker (1436) - Benbrook (1873 & 1869) DCKT,,Other - Battery Energy Storage,750.0,,,2025-11-05,Active,2029-09-17,,,,Other,Battery Energy Storage,"SS Completed, FIS Started, No IA",2025-11-05,2026-01-12,2025-10-30 00:00:00.000,,,,Not Required,Not Required,,,,NORTH,,,
27INR0572,Kilby1 Part 1 Small Block Simple Cycle,Energy Forge One LLC,Reeves,Texas,#60404 Solstice Substation 345 kV,,"Gas - Combustion (gas) Turbine, but not part of a Combined-Cycle",371.0,,,2025-10-21,Active,2027-11-04,,,,Gas,"Combustion (gas) Turbine, but not part of a Combined-Cycle","SS Completed, FIS Started, No IA",2025-10-21,2026-01-06,2025-10-16 00:00:00.000,,,,,,,,,WEST,,,
27INR0575,Trailblazer Natural Gas Generation Plant,Trailblazer Infrastructure LLC,Nolan,Texas,11420 Sweetwater East Switch 345 kV,,"Gas - Combustion (gas) Turbine, but not part of a Combined-Cycle",1026.0,,,2026-05-11,Active,2027-12-12,,,,Gas,"Combustion (gas) Turbine, but not part of a Combined-Cycle","SS Completed, FIS Started, No IA",2026-05-11,2026-08-06,2026-04-30 00:00:00.000,,,,,,,,,WEST,,,
27INR0576,Trailblazer BESS,Trailblazer Infrastructure LLC,Nolan,Texas,11420 Sweetwater East Switch 345 kV,,Other - Battery Energy Storage,261.97,,,2026-03-18,Active,2027-12-12,,,,Other,Battery Energy Storage,"SS Completed, FIS Started, No IA",2026-03-18,2026-06-15,2026-03-11 00:00:00.000,,No,,,,,,,WEST,,,
27INR0578,Trailblazer Solar,Trailblazer Infrastructure LLC,Nolan,Texas,#11420 Sweetwater East Switch 345 kV,,Solar - Photovoltaic Solar,323.02,,,2026-03-18,Active,2027-12-12,,,,Solar,Photovoltaic Solar,"SS Completed, FIS Started, No IA",2026-03-18,2026-06-15,2026-03-11 00:00:00.000,,No,,,,Not Required,,,WEST,,,
27INR0581,Limitless Energy Hub I,Limitless Energy Hub I LLC,Wilbarger,Texas,Tap 345kV 6101 RILEY7A - 60505 EDITHCLA7B.,,Gas - Combined-Cycle,1238.25,,,2025-11-05,Completed,2028-12-01,,,,Gas,Combined-Cycle,"SS Completed, FIS Started, IA",2025-11-05,2026-01-12,2025-10-31 00:00:00.000,,,2025-12-31,,,,,,WEST,,,
27INR0582,Limitless Energy Hub II,Limitless Energy Hub II LLC,Wilbarger,Texas,Tap 345kV 6101 RILEY7A - 60505 EDITHCLA7B.,,Gas - Combined-Cycle,1238.25,,,2025-11-05,Completed,2028-12-01,,,,Gas,Combined-Cycle,"SS Completed, FIS Started, IA",2025-11-05,2026-01-12,2025-10-31 00:00:00.000,,,2025-12-31,,,,,,WEST,,,
27INR0584,Lytton Springs Solar,SMT Lytton Springs LLC,Caldwell,Texas,Lytton Springs (#9074) – Fayette Plant (#7055) 345 kV Line,,Solar - Photovoltaic Solar,55.3,,,2025-12-02,Active,2028-12-01,,,,Solar,Photovoltaic Solar,"SS Completed, FIS Started, No IA",2025-12-02,2026-01-19,2025-11-26 00:00:00.000,,,,Not Required,Not Required,Not Required,,,SOUTH,,,
27INR0585,Lytton Springs BESS,SMT Lytton Springs LLC,Caldwell,Texas,Lytton Springs (#9074) – Fayette Plant (#7055) 345 kV Line,,Other - Battery Energy Storage,76.4,,,2025-12-02,Active,2028-12-01,,,,Other,Battery Energy Storage,"SS Completed, FIS Started, No IA",2025-12-02,2026-01-19,2025-11-26 00:00:00.000,,,,Not Required,Not Required,,,,SOUTH,,,
27INR0593,Pecan Ridge,Luminous Energy Renewables LLC,McCulloch,Texas,60386 HEARTLAN2A 69kV,,Other - Battery Energy Storage,150.79,,,2025-12-17,Active,2027-06-30,,,,Other,Battery Energy Storage,"SS Completed, FIS Started, No IA",2025-12-17,2026-01-13,2025-11-26 00:00:00.000,,,,,,,,,SOUTH,,,
27INR0606,Big Watt Mustang Power,Big Watt Power Mustang LLC,Williamson,Texas,Tapping the 138 kV line from Taylor (Bus#3658) to Thorndale North (Bus#3659),,Gas - Combined-Cycle,448.98,,,2026-03-16,Active,2027-09-01,,,,Gas,Combined-Cycle,"SS Completed, FIS Started, No IA",2026-03-16,2026-06-05,2026-03-02 00:00:00.000,,,,,,,,,SOUTH,,,
27INR0607,Prairie Phoenix Wind,Prairie Hill Wind Project LLC,McLennan,Texas,"3403 Lake Hall 345kV
",,Wind - Wind Turbine,297.25,,,2026-02-25,Active,2028-08-24,,,,Wind,Wind Turbine,"SS Completed, FIS Started, No IA",2026-02-25,2026-05-01,2026-02-13 00:00:00.000,,No,,,,Not Required,,,NORTH,,,
27INR0618,Prairie Point Energy Storage I,Prairie Point LLC,Wise,Texas,RAMHORNH_5 - 31875,,Other - Battery Energy Storage,1000.0,,,2026-05-13,Active,2027-12-31,,,,Other,Battery Energy Storage,"SS Completed, FIS Started, No IA",2026-05-13,2026-08-07,2026-04-30 00:00:00.000,,,,,,,,,NORTH,,,
27INR0619,Prairie Point Energy Storage II,Prairie Point LLC,Wise,Texas,RAMHORNH_5 - 31875,,Other - Battery Energy Storage,1000.0,,,2026-05-13,Active,2027-12-31,,,,Other,Battery Energy Storage,"SS Completed, FIS Started, No IA",2026-05-13,2026-08-07,2026-04-30 00:00:00.000,,,,,,,,,NORTH,,,
27INR0620,st gall IIIA Storage,Tempus Power Management LLC,Pecos,Texas,38355 LEON_CRK 138kV,,Other - Battery Energy Storage,200.69,,,2026-04-22,Active,2028-06-01,,,,Other,Battery Energy Storage,"SS Completed, FIS Started, No IA",2026-04-22,2026-07-07,2026-03-17 00:00:00.000,,,,Not Required,Not Required,,,,WEST,,,
27INR0621,st gall IIIB Storage,Tempus Power Management LLC,Pecos,Texas,38355 LEON_CRK 138kV,,Other - Battery Energy Storage,200.69,,,2026-04-22,Active,2028-06-01,,,,Other,Battery Energy Storage,"SS Completed, FIS Started, No IA",2026-04-22,2026-07-07,2026-03-17 00:00:00.000,,,,Not Required,Not Required,,,,WEST,,,
27INR0623,Helion Solar,Helion Solar LLC,Scurry,Texas,59912 GALVANI 345,,Solar - Photovoltaic Solar,100.0,,,2026-05-15,Active,2027-10-22,,,,Solar,Photovoltaic Solar,"SS Completed, FIS Started, No IA",2026-05-15,2026-08-12,2026-05-14 00:00:00.000,,,,,,Not Required,,,WEST,,,
27INR0624,Helion BESS,Helion BESS,Scurry,Texas,59912 GALVANI 345,,Other - Battery Energy Storage,100.0,,,2026-05-15,Active,2027-09-16,,,,Other,Battery Energy Storage,"SS Completed, FIS Started, No IA",2026-05-15,2026-08-12,2026-05-14 00:00:00.000,,,,,,,,,WEST,,,
27INR0625,Hornet Energy Storage SLF,Hornet Energy Storage LLC,Swisher,Texas,23901 OZARKTRAIL_5 345kV,,Other - Battery Energy Storage,0.0,,,2026-04-22,Active,2028-09-30,,,,Other,Battery Energy Storage,"SS Completed, FIS Started, No IA",2026-04-22,2026-07-08,2026-04-09 00:00:00.000,,,,,,,,,PANHANDLE,,,
27INR0627,Redbird BESS ,"Redbird BESS, LLC ",Fort Bend,Texas,44090 Cedar Creek 345kV,,Other - Battery Energy Storage,100.0,,,2026-05-13,Active,2029-03-01,,,,Other,Battery Energy Storage,"SS Completed, FIS Started, No IA",2026-05-13,2026-08-07,2026-07-22 00:00:00.000,,,,,,,,,HOUSTON,,,
27INR0631,Power Lane II - Gas,GEUS,Hunt,Texas,GREENV_IN_8 (977) via (future) GEUS_STM Substation,,"Gas - Internal Combustion Engine, eg. Reciprocating",104.5,,,2026-08-17,Active,2027-08-15,,,,Gas,"Internal Combustion Engine, eg. Reciprocating","SS Started, FIS Started, No IA",2026-08-17,,2026-08-17 00:00:00.000,,,,,,,,,NORTH,,,
27INR0646,Files BESS SLF,Files BESS,Hill,Texas,Tap 345kV Bus1#152333 FILES Solar - BUS2#3389 Fort Smith Switch,,Other - Battery Energy Storage,34.0,,,2026-07-22,Active,2027-12-31,,,,Other,Battery Energy Storage,"SS Started, FIS Started, No IA",2026-07-22,,2026-07-03 00:00:00.000,,,,,,,,,NORTH,,,
27INR0651,Three Canes Gas P1,"CleanAI, LLC",Freestone,Texas,#3344 Tarantula Switching Station,,"Gas - Internal Combustion Engine, eg. Reciprocating",0.0,,,2026-07-06,Active,2027-11-30,,,,Gas,"Internal Combustion Engine, eg. Reciprocating","SS Started, FIS Started, No IA",2026-07-06,,2026-06-26 00:00:00.000,,,,,,,,,NORTH,,,
27INR0652,Three Canes Gas P2,"CleanAI, LLC",Freestone,Texas,Tap on the 345 kV Outlaw Switch (bus #3386) to Limestone Plant Station (bus #46020) Transmission Line,,"Gas - Internal Combustion Engine, eg. Reciprocating",0.0,,,2026-07-06,Active,2027-11-30,,,,Gas,"Internal Combustion Engine, eg. Reciprocating","SS Started, FIS Started, No IA",2026-07-06,,2026-06-26 00:00:00.000,,,,,,,,,NORTH,,,
27INR0653,Rock House Draw Gas,Longfellow Power LLC,Pecos,Texas,38431 TNCENTRY1_1 138 KV,,"Gas - Internal Combustion Engine, eg. Reciprocating",523.0,,,2026-06-25,Active,2027-11-29,,,,Gas,"Internal Combustion Engine, eg. Reciprocating","SS Started, FIS Started, No IA",2026-06-25,,2026-06-25 00:00:00.000,,,,,,,,,WEST,,,
28INR0005,Tetris Solar,NextEra Energy Interconnection Holdings LLC   ,Zapata,Texas,"TAP 345kV 80307 Del Sol 7C - 80225 Cenizo 7C
",,Solar - Photovoltaic Solar,359.0,,,2023-07-28,Active,2029-07-01,,,,Solar,Photovoltaic Solar,"SS Completed, FIS Started, No IA",2023-07-28,2023-10-23,2023-07-21 00:00:00.000,,,,,,Not Required,,,SOUTH,,,
28INR0008,Oriole Solar,Rolling Plains Solar,Knox,Texas,Tap 345kV 6076 Foxtail - 60791 Perigee ,,Solar - Photovoltaic Solar,503.91,,,2023-05-15,Completed,2028-12-29,,,,Solar,Photovoltaic Solar,"SS Completed, FIS Started, IA",2023-05-15,2023-08-11,2023-05-09 00:00:00.000,,No,2025-12-08,,,Not Required,,,WEST,,,
28INR0009,Oriole BES,Rolling Plains Solar,Knox,Texas,Tap 345kV 6076 Foxtail - 60791 Perigee,,Other - Battery Energy Storage,150.39,,,2023-05-15,Completed,2028-12-29,,,,Other,Battery Energy Storage,"SS Completed, FIS Started, IA",2023-05-15,2023-08-11,2023-05-09 00:00:00.000,,No,2025-12-08,,,,,,WEST,,,
28INR0013,Varadero Solar,"NextEra Energy Interconnection Holdings, LLC   ",Limestone,Texas,#68092 Liberty Station 345kV,,Solar - Photovoltaic Solar,206.0,,,2023-07-10,Completed,2029-04-01,,,,Solar,Photovoltaic Solar,"SS Completed, FIS Started, IA",2023-07-10,2023-10-03,2023-07-05 00:00:00.000,,Yes,2025-12-12,,,Not Required,2026-04-20 00:00:00,,NORTH,,,
28INR0017,Sitges Wind,"NextEra Energy Interconnection Holdings, LLC   ",Motley,Texas,Tap 345kV 59904 Cottonwood–60500 Edith Clarke,,Wind - Wind Turbine,600.0,,,2024-03-22,Active,2030-03-31,,,,Wind,Wind Turbine,"SS Completed, FIS Started, No IA",2024-03-22,2024-06-19,2024-02-29 00:00:00.000,,Yes,,,,Not Required,,,PANHANDLE,,,
28INR0020,Caracara Energy Storage Center,"FRESH AIR ENERGY II, LLC",Bexar,Texas,Tap 138kV 5055 Cagnon - 5346 Potranco ,,Other - Battery Energy Storage,203.0,,,2024-05-09,Active,2028-08-01,,,,Other,Battery Energy Storage,"SS Completed, FIS Started, No IA",2024-05-09,2024-08-05,2024-08-05 17:55:55.999,,,,,,,,,SOUTH,,,
28INR0023,Silverton Solar,"NextEra Energy Interconnection Holdings, LLC",Briscoe,Texas,Tap 345kV 23914 Tule Canyon - 79001 Cross_W1,,Solar - Photovoltaic Solar,410.0,,,2023-12-04,Active,2029-07-01,,,,Solar,Photovoltaic Solar,"SS Completed, FIS Started, No IA",2023-12-04,2024-03-01,2024-03-18 21:53:38.000,,,,,,Not Required,,,PANHANDLE,,,
28INR0024,Padua Grid BESS Unit 3,"Padua Grid 3, LLC",Bexar,Texas,Tap #5395 O.W Sommer 138kV,,Other - Battery Energy Storage,201.35,,,2024-03-22,Completed,2026-05-15,,,2026-06-22,Other,Battery Energy Storage,"SS Completed, FIS Completed, IA",2024-03-22,2024-06-19,2024-03-01 00:00:00.000,2025-06-20,No,2025-03-07,Not Required,Not Required,,2025-06-20 00:00:00,2025-07-17 00:00:00,SOUTH,2026-06-12,2026-06-22,
28INR0029,Old Fiddler Energy Storage,Old Fiddler Energy Storage LLC,Henderson,Texas,3233 Foggle Switch 138 kV,,Other - Battery Energy Storage,224.55,,,2024-01-11,Active,2029-04-16,,,,Other,Battery Energy Storage,"SS Completed, FIS Started, No IA",2024-01-11,2024-04-08,,,,,,,,,,NORTH,,,
28INR0030,Brela BESS LLC,Brela BESS LLC,Wharton,Texas,44040 Bailey SW 345 kV,,Other - Battery Energy Storage,251.3,,,2024-01-11,Active,2028-05-29,,,,Other,Battery Energy Storage,"SS Completed, FIS Started, No IA",2024-01-11,2024-04-08,2024-06-13 08:58:20.000,,,,,,,,,SOUTH,,,
28INR0037,Bullring Wind 1,"Halcon Wind, LLC",Starr,Texas,Tap 345 kV  80355 DelSol7A - 80079 Cruce Ckt 1,,Wind - Wind Turbine,303.5,,,2024-05-09,Completed,2028-06-30,,,,Wind,Wind Turbine,"SS Completed, FIS Started, IA",2024-05-09,2024-08-05,2024-04-30 00:00:00.000,,Yes,2025-11-03,Not Required,Not Required,Not Required,2026-01-30 00:00:00,,SOUTH,,,
28INR0038,Bullring Wind 2,"Halcon Wind, LLC",Starr,Texas,Tap 345 kV 80355 DelSol7A - 80079 Cruce Ckt 1,,Wind - Wind Turbine,303.8,,,2024-05-09,Completed,2028-06-30,,,,Wind,Wind Turbine,"SS Completed, FIS Started, IA",2024-05-09,2024-08-05,2024-04-30 00:00:00.000,,Yes,2025-11-03,Not Required,Not Required,Not Required,2026-01-30 00:00:00,,SOUTH,,,
28INR0039,Bullring Wind 3,"Halcon Wind, LLC",Starr,Texas,Tap 345 kV 80355 DelSol7A - 80079 Cruce Ckt 1,,Wind - Wind Turbine,190.4,,,2024-05-09,Completed,2028-06-30,,,,Wind,Wind Turbine,"SS Completed, FIS Started, IA",2024-05-09,2024-08-05,2024-04-29 00:00:00.000,,Yes,2025-11-03,Not Required,Not Required,Not Required,2026-01-30 00:00:00,,SOUTH,,,
28INR0040,Black Hawk Solar,"ACE DevCo NC, LLC",Duval,Texas,San Miguel (5901) - Cruce (80079) double circuit transmission line. Requesting interconnection to both lines on the double circuit. This is a planned double circuit with ISD of 2027. ,,Solar - Photovoltaic Solar,251.34,,,2024-02-27,Active,2030-12-31,,,,Solar,Photovoltaic Solar,"SS Completed, FIS Started, No IA",2024-02-27,2024-05-24,2024-11-21 00:00:00.000,,,,,,Not Required,,,SOUTH,,,
28INR0043,Muy Grande Solar,"ACE DevCo NC, LLC",Starr,Texas,Tap 345kV 80079 Cruce - 80355 Del Sol,,Solar - Photovoltaic Solar,502.69,,,2024-01-11,Active,2029-05-15,,,,Solar,Photovoltaic Solar,"SS Completed, FIS Started, No IA",2024-01-11,2024-04-09,,,,,,,Not Required,,,SOUTH,,,
28INR0048,Findley BESS,Adon Texas Sixteen LLC,Limestone,Texas,Tap 69kV #107 Prairie Hill - #99 Ben Hur ,,Other - Battery Energy Storage,51.74,,,2024-02-07,Active,2028-01-01,,,,Other,Battery Energy Storage,"SS Completed, FIS Completed, No IA",2024-02-07,2024-04-30,2024-01-16 00:00:00.000,2026-01-21,No,,Not Required,Not Required,,,,NORTH,,,
28INR0055,Freestone Battery Storage Project ,"Freestone Power Generation, LLC",Freestone,Texas,3134 RICHLAND CHAMBERS 345kV (PSS/E Bus Name: RICHLND1_5),,Other - Battery Energy Storage,210.5,,,2024-02-07,Active,2028-12-16,,,,Other,Battery Energy Storage,"SS Completed, FIS Started, No IA",2024-02-07,2024-04-30,2025-01-17 21:59:37.000,,,,,,,,,NORTH,,,
28INR0057,Windecker,Windecker Energy LLC,Upton,Texas,10058 Catclaw Switch 138kV,,Wind - Wind Turbine,419.7,,,2024-03-29,Active,2028-04-17,,,,Wind,Wind Turbine,"SS Completed, FIS Started, No IA",2024-03-29,2024-06-19,2024-03-14 00:00:00.000,,,,,,Not Required,,,WEST,,,
28INR0059,Verily Solar (FKA Cuello De Cuero Solar),"Verily Solar, LLC",Brooks,Texas,80078 Reforzar Switch Station 345kV,,Solar - Photovoltaic Solar,261.0,,,2024-03-22,Active,2029-07-01,,,,Solar,Photovoltaic Solar,"SS Completed, FIS Started, No IA",2024-03-22,2024-06-19,2024-03-06 00:00:00.000,,,,,,Not Required,,,SOUTH,,,
28INR0061,Sunrose Renewable Energy Solar SLF,Sunrose Renewable Energy LLC,Austin,Texas,Tap 138kV #44740 WALLIS - #44700 GEBHRT ,,Solar - Photovoltaic Solar,309.88,,,2024-04-09,Active,2029-07-04,,,,Solar,Photovoltaic Solar,"SS Completed, FIS Completed, No IA",2024-04-09,2024-07-05,2024-03-29 00:00:00.000,2025-09-11,No,,,,Not Required,,,SOUTH,,,
28INR0063,Bluefox Solar 2,Industrial November Project LLC,Matagorda,Texas,#8754 Zoisite 345kV,,Solar - Photovoltaic Solar,401.8,,,2024-03-22,Active,2030-01-17,,,,Solar,Photovoltaic Solar,"SS Completed, FIS Started, No IA",2024-03-22,2024-06-19,2024-02-21 00:00:00.000,,Yes,,,,Not Required,,,COASTAL,,,
28INR0064,Bluefox Solar 3,Industrial November Project LLC,Matagorda,Texas,#8754 Zoisite 345kV,,Solar - Photovoltaic Solar,201.8,,,2024-03-22,Active,2030-04-18,,,,Solar,Photovoltaic Solar,"SS Completed, FIS Started, No IA",2024-03-22,2024-06-19,2024-02-21 00:00:00.000,,Yes,,,,Not Required,,,COASTAL,,,
28INR0066,Sunrose Renewable Energy Storage SLF,Sunrose Renewable Energy LLC,Austin,Texas,Tap 138kV 44740 WALLIS - 44700 GEBHRT,,Other - Battery Energy Storage,0.0,,,2024-04-15,Active,2029-07-04,,,,Other,Battery Energy Storage,"SS Completed, FIS Completed, No IA",2024-04-15,2024-07-05,2024-04-12 00:00:00.000,2025-09-11,No,,,,,,,SOUTH,,,
28INR0067,Indigo Solar 3,Indigo solar 3,Fisher,Texas,"Tap Line Segment Tankawa  (Bus #1048) to Graham (Bus #1430)
",,Solar - Photovoltaic Solar,800.0,,,2024-10-29,Active,2028-11-01,,,,Solar,Photovoltaic Solar,"SS Completed, FIS Started, No IA",2024-10-29,2025-01-25,2025-07-15 00:00:00.000,,,,,,Not Required,,,WEST,,,
28INR0068,Alpujarra Solar,Greening USA Corp.,Wharton,Texas,5521 GALOW 138 KV,,Solar - Photovoltaic Solar,112.5,,,2024-09-04,Active,2028-05-01,,,,Solar,Photovoltaic Solar,"SS Completed, FIS Started, No IA",2024-09-04,2024-11-27,2024-08-12 00:00:00.000,,,,,,Not Required,,,SOUTH,,,
28INR0072,Mirando Valley Wind,ACE DevCo NC LLC,Jim Hogg,Texas,Tap 345kV  80220 Cenizo - 80079 Cruce Ckt-1,,Wind - Wind Turbine,478.74,,,2024-08-16,Completed,2028-07-06,,,,Wind,Wind Turbine,"SS Completed, FIS Started, IA",2024-08-16,2024-11-12,2024-06-05 00:00:00.000,,,2025-12-31,,,Not Required,2026-03-25 00:00:00,,SOUTH,,,
28INR0073,Daystar Solar ,"Choate Solar, LLC",Karnes,Texas,5728 Choate 138kV,,Solar - Photovoltaic Solar,150.0,,,2024-04-15,Active,2028-09-15,,,,Solar,Photovoltaic Solar,"SS Completed, FIS Completed, No IA",2024-04-15,2024-07-05,2024-04-09 00:00:00.000,2026-01-13,,,,,Not Required,,,SOUTH,,,
28INR0074,Massey Storage,"Massey Storage, LLC",Harris,Texas,Tap 138kV  Chevron_NewSub(#99300) and Cedar Bayou Tap(#48065) circuit 84,,Other - Battery Energy Storage,102.86,,,2024-07-30,Active,2028-01-03,,,,Other,Battery Energy Storage,"SS Completed, FIS Completed, No IA",2024-07-30,2024-10-25,2024-07-23 00:00:00.000,2025-12-12,No,,,,,,,HOUSTON,,,
28INR0075,Wild Paw Storage,"Wild Paw Energy Center, LLC",Henderson,Texas,Tap 345kV 3124 Trinidad - 3130 Forest Grove,,Other - Battery Energy Storage,313.2,,,2024-05-09,Active,2028-09-30,,,,Other,Battery Energy Storage,"SS Completed, FIS Started, No IA",2024-05-09,2024-08-05,2024-05-07 00:00:00.000,,Yes,,,,,,,NORTH,,,
28INR0080,Turtle Rock Storage,"Turtle Rock Energy Center, LLC",Freestone,Texas,Tap 138 kV 13501 Clayhill to 13681 Reed,,Other - Battery Energy Storage,135.59,,,2024-05-09,Active,2028-07-02,,,,Other,Battery Energy Storage,"SS Completed, FIS Started, No IA",2024-05-09,2024-08-05,2024-05-08 00:00:00.000,,,,,,,,,NORTH,,,
28INR0086,West Royal Natural Gas (TEF-Due Diligence) ,Invenergy Energy Transition Development LLC,Upton,Texas,Tap 345kV 76000 L_NORTMC5_1Y - 18668 ROCKDRAW_5,,"Gas - Combustion (gas) Turbine, but not part of a Combined-Cycle",888.0,,,2024-06-13,Active,2030-06-01,,,,Gas,"Combustion (gas) Turbine, but not part of a Combined-Cycle","SS Completed, FIS Started, No IA",2024-06-13,2024-09-10,2024-12-17 00:00:00.000,,,,,,,,,WEST,,,
28INR0087,North Royal Thermal (TEF- Due Diligence),Invenergy Energy Transition Development LLC,Lamar,Texas,Tap 345kV 1695 MOSES_5 - 11699 WOODARD_5 ,,"Gas - Combustion (gas) Turbine, but not part of a Combined-Cycle",479.0,,,2024-06-13,Active,2030-08-01,,,,Gas,"Combustion (gas) Turbine, but not part of a Combined-Cycle","SS Completed, FIS Started, No IA",2024-06-13,2024-09-10,2024-12-17 00:00:00.000,,,,,,,,,NORTH,,,
28INR0088,Red Hollow Renewable Energy Solar SLF,Red Hollow Renewable Energy LLC,Archer,Texas,Tap 345kV (Bus# 1422) Bowman - (Bus# 17002) Garvey Road ,,Solar - Photovoltaic Solar,308.61,,,2024-07-01,Active,2029-04-19,,,,Solar,Photovoltaic Solar,"SS Completed, FIS Started, No IA",2024-07-01,2024-10-04,2024-06-04 00:00:00.000,,,,,,Not Required,,,WEST,,,
28INR0089,EmberYork ,EmberYork Energy Center,Austin,Texas,TAP 138kV WALLIS 44740 - GERBHRT 44700,,"Gas - Combustion (gas) Turbine, but not part of a Combined-Cycle",900.0,,,2024-08-29,Completed,2028-01-01,,,,Gas,"Combustion (gas) Turbine, but not part of a Combined-Cycle","SS Completed, FIS Completed, IA",2024-08-29,2024-08-29,2024-12-11 00:00:00.000,2025-07-14,Yes,2025-12-12,,,,,,SOUTH,,,
28INR0090,EmberGreen ,EmberGreen Energy Center,Wharton,Texas,Tap 138kV 48050 Caney - 44150 Hungerford,,"Gas - Combustion (gas) Turbine, but not part of a Combined-Cycle",1036.0,,,2024-06-13,Completed,2028-01-01,,,,Gas,"Combustion (gas) Turbine, but not part of a Combined-Cycle","SS Completed, FIS Completed, IA",2024-06-13,2024-09-10,2024-12-18 00:00:00.000,2026-04-21,Yes,2026-08-04,,,,,,SOUTH,,,
28INR0094,Pham BESS,"ASB1, LLC",Anderson,Texas,Tap 138kV 3281 TENNCLNY_8 - 3499 BLACKFTAP_8,,Other - Battery Energy Storage,132.98,,,2024-06-13,Completed,2028-09-18,,,,Other,Battery Energy Storage,"SS Completed, FIS Not Started, IA",2024-06-13,2024-09-10,,,,2026-07-31,Not Required,Not Required,2026-08-11 00:00:00,2026-08-11 00:00:00,,NORTH,,,
28INR0100,Digital Ranch Gas ,MCV 1 LLC,Ellis,Texas,#1906 Venus Switch 345 kV,,"Gas - Internal Combustion Engine, eg. Reciprocating",378.0,,,2026-07-06,Active,2027-12-01,,,,Gas,"Internal Combustion Engine, eg. Reciprocating","SS Started, FIS Started, No IA",2026-07-06,,2026-06-26 00:00:00.000,,,,,,,,,NORTH,,,
28INR0101,Vazlon Solar SLF ,Vazlon Energy LLC,La Salle,Texas,8619 Encinal - 8627 Lemay Box Bay 138kV line,,Solar - Photovoltaic Solar,211.41,,,2024-10-01,Active,2028-06-30,,,,Solar,Photovoltaic Solar,"SS Completed, FIS Started, No IA",2024-10-01,2024-12-16,2024-09-06 00:00:00.000,,No,,,,Not Required,,,SOUTH,,,
28INR0104,Vazlon BESS SLF ,Vazlon Energy LLC,La Salle,Texas,8619 Encinal - 8627 Lemay Box Bay 138kV line,,Other - Battery Energy Storage,0.0,,,2024-10-01,Active,2028-06-30,,,,Other,Battery Energy Storage,"SS Completed, FIS Started, No IA",2024-10-01,2024-12-16,2024-09-06 00:00:00.000,,No,,,,,,,SOUTH,,,
28INR0105,Vast Sands Power I (TEF -Due Diligence),Permian Power I LLC,Ward,Texas,Tap 345kV 11010 Wolf Switch - 11188 Quarry Field Switch Ckt 2 ,,"Gas - Combustion (gas) Turbine, but not part of a Combined-Cycle",440.0,,,2024-07-22,Completed,2028-05-01,,,,Gas,"Combustion (gas) Turbine, but not part of a Combined-Cycle","SS Completed, FIS Started, IA",2024-07-22,2024-10-08,2024-07-05 00:00:00.000,,,2025-10-31,2026-01-12 00:00:00,2026-02-10 00:00:00,2026-04-12 00:00:00,2026-02-10 00:00:00,,WEST,,,
28INR0108,RAYBURN ENERGY STATION II Gas (TEF-Due Diligence),"Rayburn Country Electric Cooperative, Inc.",Grayson,Texas,Double Tap 138 kV Haggerty (12677) - Progress Park (#12678) & Haggerty - Winding Oaks Switch,,"Gas - Combustion (gas) Turbine, but not part of a Combined-Cycle",570.0,,,2025-01-13,Completed,2028-02-26,,,,Gas,"Combustion (gas) Turbine, but not part of a Combined-Cycle","SS Completed, FIS Started, IA",2025-01-13,2025-04-08,2025-01-02 00:00:00.000,,Yes,2025-12-22,2026-03-31 00:00:00,2026-03-31 00:00:00,2026-06-02 00:00:00,2026-06-02 00:00:00,2026-08-25 00:00:00,NORTH,,,
28INR0109,Vast Sands Power II (TEF-Due Diligence),Permian Power I LLC,Ward,Texas,Tap 345kV 11010 Wolf Switch - 11188 Quarry Field Switch Ckt 2 ,,"Gas - Combustion (gas) Turbine, but not part of a Combined-Cycle",440.0,,,2024-07-22,Completed,2028-06-30,,,,Gas,"Combustion (gas) Turbine, but not part of a Combined-Cycle","SS Completed, FIS Started, IA",2024-07-22,2024-10-08,2024-07-03 00:00:00.000,,,2025-10-31,2026-01-12 00:00:00,2025-09-24 00:00:00,2026-04-12 00:00:00,2026-04-21 00:00:00,,WEST,,,
28INR0110,Biggs BESS,"Biggs Battery Facility, LLC",McCulloch,Texas,76006 Bow Wood 345 kV,,Other - Battery Energy Storage,200.0,,,2024-07-22,Active,2028-11-15,,,,Other,Battery Energy Storage,"SS Completed, FIS Started, No IA",2024-07-22,2024-10-18,2025-04-21 00:00:00.000,,,,,,,,,SOUTH,,,
28INR0111,Biggs Solar,"Biggs Solar Farm, LLC",McCulloch,Texas,#76006 Bow Wood 345 kV,,Solar - Photovoltaic Solar,400.0,,,2024-07-22,Active,2028-11-15,,,,Solar,Photovoltaic Solar,"SS Completed, FIS Started, No IA",2024-07-22,2024-10-18,2025-04-21 00:00:00.000,,,,,,Not Required,,,SOUTH,,,
28INR0113,Axis Ridge Wind,"Axis Ridge Wind, LLC",Sutton,Texas,60210 Friess Ranch 138KV,,Wind - Wind Turbine,392.0,,,2024-11-19,Active,2030-03-19,,,,Wind,Wind Turbine,"SS Completed, FIS Started, No IA",2024-11-19,2025-02-03,2024-11-07 00:00:00.000,,,,,,Not Required,,,WEST,,,
28INR0114,Elk Ridge Solar ,"Boulevard Associates, LLC",Pecos,Texas,AEP Solstice Substation #60404,,Solar - Photovoltaic Solar,503.0,,,2025-11-05,Active,2030-07-01,,,,Solar,Photovoltaic Solar,"SS Completed, FIS Started, No IA",2025-11-05,2026-01-12,2025-09-26 00:00:00.000,,No,,,,Not Required,,,WEST,,,
28INR0116,Salazar BESS,Salazar Energy Storage LLC,Tarrant,Texas,2068 Rosen Heights 138kV,,Other - Battery Energy Storage,127.82,,,2024-10-01,Active,2028-07-11,,,,Other,Battery Energy Storage,"SS Completed, FIS Started, No IA",2024-10-01,2024-12-09,2024-08-27 00:00:00.000,,,,,,,,,NORTH,,,
28INR0118,Copperleaf Energy Storage,"Copperleaf Energy Storage, LLC",Wichita,Texas,Tap 345kV Fisher Road Switch (#1425) – Riley (#6101) ,,Other - Battery Energy Storage,305.63,,,2024-11-19,Active,2029-04-18,,,,Other,Battery Energy Storage,"SS Completed, FIS Started, No IA",2024-11-19,2025-02-18,2024-10-16 00:00:00.000,,,,,,,,,WEST,,,
28INR0119,Rabbit Hollow Energy Storage,"Rabbit Hollow Energy Storage, LLC",Mitchell,Texas,1190 Barber Lake Switch 138kV,,Other - Battery Energy Storage,341.8,,,2024-12-19,Active,2029-12-31,,,,Other,Battery Energy Storage,"SS Completed, FIS Started, No IA",2024-12-19,2025-03-18,2024-12-01 00:00:00.000,,No,,,,,,,WEST,,,
28INR0121,Jalisco Peaker,"HEP Power Generation, LLC",Nueces,Texas,"8475 JAVELINA4A 138kV
",,"Gas - Combustion (gas) Turbine, but not part of a Combined-Cycle",183.6,,,2024-08-16,Active,2029-05-31,,,,Gas,"Combustion (gas) Turbine, but not part of a Combined-Cycle","SS Completed, FIS Started, No IA",2024-08-16,2024-11-04,2025-05-01 00:00:00.000,,No,,,,,,,COASTAL,,,
28INR0124,Silverbell Storage,"Silverbell Energy Center, LLC",Red River,Texas,Tap 138kV Rivercrest SES 1780 - Deport REA 1768,,Other - Battery Energy Storage,129.18,,,2024-08-16,Active,2028-09-30,,,,Other,Battery Energy Storage,"SS Completed, FIS Started, No IA",2024-08-16,2024-10-07,2024-07-31 00:00:00.000,,,,,,,,,NORTH,,,
28INR0125,Silverbell Solar,"Silverbell Energy Center, LLC",Red River,Texas,Tap 138kV Rivercrest SES 1780 - Deport REA 1768,,Solar - Photovoltaic Solar,125.59,,,2024-08-16,Active,2028-09-30,,,,Solar,Photovoltaic Solar,"SS Completed, FIS Started, No IA",2024-08-16,2024-10-07,2024-07-31 00:00:00.000,,,,,,Not Required,,,NORTH,,,
28INR0127,Half Moon Solar,"NextEra Energy Interconnection Holdings, LLC",Starr,Texas,#80231 Pronto 345kV,,Solar - Photovoltaic Solar,512.5,,,2025-01-13,Completed,2029-07-01,,,,Solar,Photovoltaic Solar,"SS Completed, FIS Started, IA",2025-01-13,2025-04-08,2024-12-23 00:00:00.000,,,2025-09-08,Not Required,Not Required,Not Required,2025-09-15 00:00:00,,SOUTH,,,
28INR0147,Fallstone Solar SLF,"Fallstone Solar, LLC",Falls,Texas,Tap 69kV 3588 Groesbeck - 3637 Otto Junction ,,Solar - Photovoltaic Solar,60.55,,,2024-12-19,Active,2028-09-21,,,,Solar,Photovoltaic Solar,"SS Completed, FIS Started, No IA",2024-12-19,2025-03-18,2024-12-04 00:00:00.000,,,,,,Not Required,,,NORTH,,,
28INR0148,Sonora High Noon BESS,"Sonora High Noon, LLC",Sutton,Texas,60412 CARVER 138kV,,Other - Battery Energy Storage,204.08,,,2024-09-04,Active,2028-07-01,,,,Other,Battery Energy Storage,"SS Completed, FIS Started, No IA",2024-09-04,2024-11-27,2024-09-03 00:00:00.000,,,,,,,,,WEST,,,
28INR0149,Fallstone Storage SLF,"Fallstone Solar, LLC",Falls,Texas,Tap 69kV 3588 Groesbeck - 3637 Otto Junction ,,Other - Battery Energy Storage,0.0,,,2024-12-19,Active,2028-09-21,,,,Other,Battery Energy Storage,"SS Completed, FIS Started, No IA",2024-12-19,2025-03-18,2024-12-04 00:00:00.000,,,,,,,,,NORTH,,,
28INR0150,South Tripoint BESS,"South Triangle Energy, LLC",Fayette,Texas,7286 L_FAYETT8_1Y 138kV,,Other - Battery Energy Storage,204.5,,,2024-12-19,Active,2030-05-30,,,,Other,Battery Energy Storage,"SS Completed, FIS Started, No IA",2024-12-19,2025-03-12,,,,,,,,,,SOUTH,,,
28INR0151,Chimney Creek Solar,"Chimney Creek Energy, LLC",Shackelford,Texas,Tap 345 kV 68000 West Shackelford – 60515 Clear Crossing Ckt 1,,Solar - Photovoltaic Solar,203.88,,,2025-02-14,Active,2030-05-30,,,,Solar,Photovoltaic Solar,"SS Completed, FIS Started, No IA",2025-02-14,2025-05-12,,,,,,,Not Required,,,WEST,,,
28INR0154,Pamela Heights I,Pamela heights I Energy Center LLC,Harris,Texas,#47150 HOC 138kV,,Other - Battery Energy Storage,101.65,,,2024-09-10,Completed,2026-12-18,,,,Other,Battery Energy Storage,"SS Completed, FIS Completed, IA",2024-09-10,2024-12-03,2024-09-09 00:00:00.000,2025-08-15,No,2025-10-07,Not Required,Not Required,2025-10-22 00:00:00,2025-10-28 00:00:00,2025-10-28 00:00:00,HOUSTON,,,
28INR0155,Coke BESS,"Coke ESS, LLC",Coke,Texas,76090 Divide Switchyard 345kV,,Other - Battery Energy Storage,220.3,,,2024-10-01,Active,2028-04-10,,,,Other,Battery Energy Storage,"SS Completed, FIS Started, No IA",2024-10-01,2024-12-09,2024-09-27 00:00:00.000,,,,,,,,,WEST,,,
28INR0156,Chimney Rock BESS,"Taylor ESS, LLC",Taylor,Texas,Tap 138kV 76317 MOORE - 76318 BUTMAN,,Other - Battery Energy Storage,156.0,,,2025-02-14,Active,2028-04-10,,,,Other,Battery Energy Storage,"SS Completed, FIS Started, No IA",2025-02-14,2025-05-12,2024-12-17 00:00:00.000,,,,,,,,,WEST,,,
28INR0157,Axtell BESS,PP Axtell BESS LLC,McLennan,Texas,345 kV Tiger Creek Switch (#3379),,Other - Battery Energy Storage,306.94,,,2024-10-01,Active,2029-04-16,,,,Other,Battery Energy Storage,"SS Completed, FIS Started, No IA",2024-10-01,2024-12-09,2026-05-01 00:00:00.000,,,,,,,,,NORTH,,,
28INR0160,Neal Solar,CH Neal Solar LLC,Wharton,Texas,tap of 138kV 8750 CHARMERP4A - 8127 South Lane City,,Solar - Photovoltaic Solar,146.6,,,2025-05-27,Active,2029-04-03,,,,Solar,Photovoltaic Solar,"SS Completed, FIS Started, No IA",2025-05-27,2025-08-23,2025-05-14 00:00:00.000,,,,,,Not Required,,,SOUTH,,,
28INR0166,Brookesmith Storage,Brookesmith Storage LLC,Brown,Texas,Tap Brown Switch #1444 – Russell Gap Switch #3348,,Other - Battery Energy Storage,351.0,,,2025-04-01,Active,2029-05-07,,,,Other,Battery Energy Storage,"SS Completed, FIS Started, No IA",2025-04-01,2025-06-25,2025-05-21 00:00:00.000,,,,,,,,,NORTH,,,
28INR0168,Guajillo Wind,Guajillo Wind LLC,Duval,Texas,Tap 345 kV 80079 Cruce - 5901 San Miguel CKT 01,,Wind - Wind Turbine,199.9,,,2024-12-19,Active,2028-09-01,,,,Wind,Wind Turbine,"SS Completed, FIS Started, No IA",2024-12-19,2025-03-18,2024-12-10 00:00:00.000,,,,,,Not Required,,,SOUTH,,,
28INR0169,Sanders Hollow Energy Center,"Sanders Hollow Energy Center, LLC",Dickens,Texas,Tap 345 kV 59904 Cottonwood (W_CW_345) - 60500 Edith Clarke (EDITHCLA7A) CKT 01,,Wind - Wind Turbine,292.6,,,2024-10-29,Completed,2029-06-23,,,,Wind,Wind Turbine,"SS Completed, FIS Not Started, IA",2024-10-29,2025-01-27,,,,2026-06-09,,,Not Required,,,PANHANDLE,,,
28INR0175,Mobee Springs BESS,"Mobee Springs, LLC",Refugio,Texas,#8805 BONIVIEW2A 69kV ,,Other - Battery Energy Storage,100.61,,,2025-06-05,Active,2028-03-31,,,,Other,Battery Energy Storage,"SS Completed, FIS Started, No IA",2025-06-05,2025-09-02,2025-05-09 00:00:00.000,,,,,,,,,COASTAL,,,
28INR0176,Gail Mountain Solar,"Gail Mountain Solar, LLC",Borden,Texas,Muleshoe (Bus #59922) 345 kV,,Solar - Photovoltaic Solar,244.4,,,2024-10-29,Completed,2028-08-25,,,,Solar,Photovoltaic Solar,"SS Completed, FIS Started, IA",2024-10-29,2025-01-14,2024-10-11 00:00:00.000,,No,2025-12-30,Not Required,Not Required,Not Required,2026-03-24 00:00:00,,WEST,,,
28INR0177,Sisters Solar II,"Oberon Solar III, LLC ",Ector,Texas,tap 345kV 11010  Wolf Switching Station - 10012 Meteor ,,Solar - Photovoltaic Solar,205.54,,,2024-10-21,Active,2028-12-15,,,,Solar,Photovoltaic Solar,"SS Completed, FIS Completed, No IA",2024-10-21,2025-01-10,2024-10-18 00:00:00.000,2026-03-27,No,,,,Not Required,,,WEST,,,
28INR0179,Sunburst Solar,"Indigo Solar, LLC",San Patricio,Texas,KATOEN (Bus#8579),,Solar - Photovoltaic Solar,301.6,,,2024-10-10,Active,2029-03-16,,,,Solar,Photovoltaic Solar,"SS Completed, FIS Started, No IA",2024-10-10,2025-01-07,2024-10-23 00:00:00.000,,,,,,Not Required,,,COASTAL,,,
28INR0180,Green Ocelot Solar,Ocelot Solar LLC,Kenedy,Texas,Tap 345kV 80076 Ajo  - 8601 Cebolla ,,Solar - Photovoltaic Solar,357.0,,,2025-01-28,Active,2028-11-17,,,,Solar,Photovoltaic Solar,"SS Completed, FIS Started, No IA",2025-01-28,2025-04-18,2025-01-28 00:00:00.000,,Yes,,,,Not Required,,,COASTAL,,,
28INR0181,Sunburst BESS,"Indigo Solar, LLC",San Patricio,Texas,KATOEN (Bus#8579),,Other - Battery Energy Storage,256.3,,,2024-10-10,Active,2029-03-16,,,,Other,Battery Energy Storage,"SS Completed, FIS Started, No IA",2024-10-10,2025-01-07,2024-10-23 00:00:00.000,,,,,,,,,COASTAL,,,
28INR0182,Ponferrada Solar,Karol Solar VI,Navarro,Texas,"Tap 138 KV  3456 CORSWEST1_8 - 3457 CORS_MOBT_8

",,Solar - Photovoltaic Solar,148.87,,,2024-10-01,Active,2029-04-06,,,,Solar,Photovoltaic Solar,"SS Completed, FIS Started, No IA",2024-10-01,2024-12-18,2025-04-15 00:00:00.000,,,,,,Not Required,,,NORTH,,,
28INR0185,San Gabriel Solar,San Gabriel Solar LLC,Milam,Texas,Tap 138 kV 3750 Vosslake - 3749 Buckholts,,Solar - Photovoltaic Solar,255.0,,,2025-01-28,Completed,2028-07-01,,,,Solar,Photovoltaic Solar,"SS Completed, FIS Completed, IA",2025-01-28,2025-04-17,2025-01-08 00:00:00.000,2026-07-20,No,2026-08-06,Not Required,Not Required,Not Required,,,SOUTH,,,
28INR0186,Saddlehorn Energy Storage,"Saddlehorn Energy Storage, LLC",Austin,Texas,Tap 138kV 7287 Bellville North - 7291 Highway 36,,Other - Battery Energy Storage,256.8,,,2024-11-26,Active,2028-11-01,,,,Other,Battery Energy Storage,"SS Completed, FIS Started, No IA",2024-11-26,2025-02-18,2024-12-03 00:00:00.000,,No,,,,,,,SOUTH,,,
28INR0188,Ashra Solar SLF,"Ashra Solar, LLC",Uvalde,Texas,Tap 69kV bus#5823 UVALDE Switch (UVALDESW9) to bus#5820 UVALDE SUB (UVALDESUB9),,Solar - Photovoltaic Solar,40.25,,,2025-04-25,Active,2028-06-14,,,,Solar,Photovoltaic Solar,"SS Completed, FIS Started, No IA",2025-04-25,2025-07-22,2025-03-31 00:00:00.000,,,,,,Not Required,,,SOUTH,,,
28INR0189,Green Ocelot Storage,Ocelot Solar LLC,Kenedy,Texas,Tap 345kV 80076 Ajo 80076 - 8601 Cebolla ,,Other - Battery Energy Storage,178.5,,,2025-01-28,Active,2028-11-17,,,,Other,Battery Energy Storage,"SS Completed, FIS Started, No IA",2025-01-28,2025-04-18,2025-01-28 00:00:00.000,,Yes,,,,,,,COASTAL,,,
28INR0190,Ashra Storage SLF,"Ashra Solar, LLC",Uvalde,Texas,Tap 69kV 5823 UVALDE Switch - 5820 UVALDE SUB,,Other - Battery Energy Storage,1.62,,,2025-04-25,Active,2028-06-14,,,,Other,Battery Energy Storage,"SS Completed, FIS Started, No IA",2025-04-25,2025-07-22,2025-03-31 00:00:00.000,,,,,,,,,SOUTH,,,
28INR0191,San Gabriel Storage,San Gabriel Solar LLC,Milam,Texas,Tap 138 kV 3750 Vosslake - 3749 Buckholts,,Other - Battery Energy Storage,127.5,,,2025-01-28,Completed,2028-07-01,,,,Other,Battery Energy Storage,"SS Completed, FIS Completed, IA",2025-01-28,2025-04-17,2025-01-08 00:00:00.000,2026-07-20,No,2026-08-06,Not Required,Not Required,,,,SOUTH,,,
28INR0195,Star Grass Renewable Energy Solar SLF,Star Grass Renewable Energy LLC,Eastland,Texas,Tap 138kV 6310 Putnam - 3378 Carbon_8 ,,Solar - Photovoltaic Solar,150.0,,,2025-02-14,Active,2029-09-14,,,,Solar,Photovoltaic Solar,"SS Completed, FIS Started, No IA",2025-02-14,2025-05-12,2024-12-30 00:00:00.000,,,,,,Not Required,,,NORTH,,,
28INR0197,Star Grass Renewable Energy Storage SLF,Star Grass Renewable Energy LLC,Eastland,Texas,Tap 138kV 6310 Putnam - 3378 Carbon_8,,Other - Battery Energy Storage,0.0,,,2025-02-14,Active,2029-09-14,,,,Other,Battery Energy Storage,"SS Completed, FIS Started, No IA",2025-02-14,2025-05-12,2024-12-30 00:00:00.000,,,,,,,,,NORTH,,,
28INR0198,Winters Glow Solar,"Winters Glow Solar, LLC",Runnels,Texas,"tap 345kV 1444 BROWN SWITCH  - 11406 CENTRAL BLUFF 

",,Solar - Photovoltaic Solar,301.6,,,2024-10-29,Active,2029-04-17,,,,Solar,Photovoltaic Solar,"SS Completed, FIS Started, No IA",2024-10-29,2024-01-06,2024-10-16 00:00:00.000,,,,,,Not Required,,,WEST,,,
28INR0199,Winters Glow Storage,"Winters Glow Storage, LLC",Runnels,Texas,tap 345kV 1444 BROWN SWITCH  - 11406 CENTRAL BLUFF ,,Other - Battery Energy Storage,155.2,,,2024-10-29,Active,2029-04-17,,,,Other,Battery Energy Storage,"SS Completed, FIS Started, No IA",2024-10-29,2024-01-06,2024-10-21 00:00:00.000,,,,,,,,,WEST,,,
28INR0202,Fluvanna Max BESS SLF,Fluvanna Max Solar LLC,Scurry,Texas,"11305 DERMOTT 345 kV
",,Other - Battery Energy Storage,51.8,,,2024-12-19,Active,2029-09-14,,,,Other,Battery Energy Storage,"SS Completed, FIS Started, No IA",2024-12-19,2025-03-10,2024-11-11 00:00:00.000,,No,,,,,,,WEST,,,
28INR0205,Gypsum Plains Solar,"Gypsum Plains Solar, LLC",Ector,Texas,Tap 345kv line Wolf BUS# 11010 - Reiter BUS#18544,,Solar - Photovoltaic Solar,503.12,,,2025-06-05,Active,2029-06-21,,,,Solar,Photovoltaic Solar,"SS Completed, FIS Started, No IA",2025-06-05,2025-09-02,2025-05-29 00:00:00.000,,,,,,Not Required,,,WEST,,,
28INR0206,Wagon Timber Solar,"Wagon Timber Solar, LLC",Knox,Texas,"6110 Munday East 138kV
",,Solar - Photovoltaic Solar,172.1,,,2024-12-19,Active,2029-09-03,,,,Solar,Photovoltaic Solar,"SS Completed, FIS Started, No IA",2024-12-19,2025-03-10,2024-11-15 00:00:00.000,,No,,,,Not Required,,,WEST,,,
28INR0207,Wagon Timber Storage,"Wagon Timber Storage, LLC",Knox,Texas,6110 Munday East 138kV,,Other - Battery Energy Storage,53.49,,,2025-01-13,Active,2029-09-03,,,,Other,Battery Energy Storage,"SS Completed, FIS Started, No IA",2025-01-13,2025-04-08,2024-12-05 00:00:00.000,,No,,,,,,,WEST,,,
28INR0208,Strawberry Dunes Solar SLF,Strawberry Dunes LLC,Atascosa,Texas,Tap 138kV ROSSVILLESB8 (5718) to OAKSSW8 (5713),,Solar - Photovoltaic Solar,101.1,,,2025-02-14,Active,2028-06-30,,,,Solar,Photovoltaic Solar,"SS Completed, FIS Started, No IA",2025-02-14,2025-05-12,2025-02-11 00:00:00.000,,,,,,Not Required,,,SOUTH,,,
28INR0209,Strawberry Dunes BESS SLF,Strawberry Dunes LLC,Atascosa,Texas,Tap 138kV ROSSVILLESB8 (5718)  to OAKSSW8 (5713),,Other - Battery Energy Storage,0.0,,,2025-02-14,Active,2028-06-30,,,,Other,Battery Energy Storage,"SS Completed, FIS Started, No IA",2025-02-14,2025-05-12,2025-02-11 00:00:00.000,,,,,,,,,SOUTH,,,
28INR0212,Badger Solar,"174 Power Global Properties, LLC",Upton,Texas,Tap 345kV 59903 Bearkat - 76000 L_NORTMC5_1Y,,Solar - Photovoltaic Solar,301.83,,,2025-02-12,Active,2029-05-25,,,,Solar,Photovoltaic Solar,"SS Completed, FIS Started, No IA",2025-02-12,2025-04-22,2024-11-27 00:00:00.000,,,,,,Not Required,,,WEST,,,
28INR0213,Badger BESS,"Greasewood BESS, LLC",Upton,Texas,Tap 345kV 59903 Bearkat - 76000 L_NORTMC5_1Y,,Other - Battery Energy Storage,154.12,,,2025-02-12,Active,2029-05-25,,,,Other,Battery Energy Storage,"SS Completed, FIS Started, No IA",2025-02-12,2025-04-22,2024-11-27 00:00:00.000,,,,,,,,,WEST,,,
28INR0215,Complex Serenity Wind,"Serenity Wind, LLC",Armstrong,Texas,Double tap 345 kV Alibates (bus# 23900) to Tule Canyon (bus# 23914) and Tule Canyon (bus# 23914) to Midpoint Switch (bus# 23931),,Wind - Wind Turbine,971.0,,,2025-06-05,Active,2029-04-16,,,,Wind,Wind Turbine,"SS Completed, FIS Started, No IA",2025-06-05,2025-09-02,2025-04-30 00:00:00.000,,,,,,Not Required,,,PANHANDLE,,,
28INR0217,Gypsum Plains Storage ,"Gypsum Plains Solar, LLC",Ector,Texas,Tap 345kv 11010 Wolf - 18544 Reiter ,,Other - Battery Energy Storage,211.14,,,2025-01-31,Active,2029-06-21,,,,Other,Battery Energy Storage,"SS Completed, FIS Started, No IA",2025-01-31,2025-04-18,2025-01-24 00:00:00.000,,,,,,,,,WEST,,,
28INR0219,Neptune Gas Generation Plant,BPX Production Company,Reeves,Texas,11200 Longpast_T8 138kv,,"Gas - Internal Combustion Engine, eg. Reciprocating",113.77,,,2024-12-19,Active,2028-03-15,,,,Gas,"Internal Combustion Engine, eg. Reciprocating","SS Completed, FIS Started, No IA",2024-12-19,2025-04-18,2025-10-15 00:00:00.000,,,,,,,,,WEST,,,
28INR0221,Rio Star Energy Storage,"Rio Star Energy Storage, LLC",Wichita,Texas,Tap 1464 Wichita Falls South Switch – 1474 Scotland 138 kV,,Other - Battery Energy Storage,142.58,,,2025-02-14,Active,2029-04-20,,,,Other,Battery Energy Storage,"SS Completed, FIS Started, No IA",2025-02-14,2025-05-12,2025-02-04 00:00:00.000,,No,,,,,,,WEST,,,
28INR0223,Bayou Creek Solar,Bayou Creek Solar LLC,San Patricio,Texas,8606 Goddard 345kV,,Solar - Photovoltaic Solar,255.47,,,2024-12-19,Completed,2028-09-25,,,,Solar,Photovoltaic Solar,"SS Completed, FIS Started, IA",2024-12-19,2025-03-24,2025-09-17 00:00:00.000,,,2026-06-02,,,Not Required,,,COASTAL,,,
28INR0226,Pamplona Storage,Karol Solar V,Austin,Texas,Tap 138 kV 44740 WALLIS_S65_8 - 44700 GEBHRT_X65B8 Ckt#65,,Other - Battery Energy Storage,153.88,,,2024-12-19,Active,2028-10-17,,,,Other,Battery Energy Storage,"SS Completed, FIS Completed, No IA",2024-12-19,2025-03-18,2025-06-25 00:00:00.000,2025-08-26,,,,,,,,SOUTH,,,
28INR0227,GPlains Solar,"Gypsum Plains Solar, LLC",Ector,Texas,Tap 138kV #1013 WOLFSS_8 - #1103 SANDHLTA_8,,Solar - Photovoltaic Solar,151.29,,,2025-04-21,Active,2029-06-21,,,,Solar,Photovoltaic Solar,"SS Completed, FIS Started, No IA",2025-04-21,2025-07-19,2025-04-08 00:00:00.000,,,,,,Not Required,,,WEST,,,
28INR0228,GPlains Storage,"Gypsum Plains Solar, LLC",Ector,Texas,Tap 138kV WOLFSS_8 (1013) - SANDHLTA_8 (1103) ,,Other - Battery Energy Storage,51.27,,,2025-04-21,Active,2029-06-21,,,,Other,Battery Energy Storage,"SS Completed, FIS Started, No IA",2025-04-21,2025-07-19,2025-04-11 00:00:00.000,,,,,,,,,WEST,,,
28INR0229,Allthorn Solar,"ALLTHORN SOLAR, LLC",Duval,Texas,Tap 138 kV BRUNI4A (#8297) - CRESTONI4A (#8695) ,,Solar - Photovoltaic Solar,231.5,,,2025-02-14,Active,2029-01-15,,,,Solar,Photovoltaic Solar,"SS Completed, FIS Started, No IA",2025-02-14,2025-05-13,2025-02-03 00:00:00.000,,,,,,Not Required,,,SOUTH,,,
28INR0230,Allthorn BESS,"ALLTHORN SOLAR, LLC",Duval,Texas,Tap 138 kV BRUNI44A (#8297) - CRESTONI4A (#8695) ,,Other - Battery Energy Storage,205.2,,,2025-02-14,Active,2029-01-15,,,,Other,Battery Energy Storage,"SS Completed, FIS Started, No IA",2025-02-14,2025-05-13,2025-02-03 00:00:00.000,,,,,,,,,SOUTH,,,
28INR0238,Dempsey Storage SLF,Dempsey Storage LLC,Leon,Texas,Tap the 138 KV Ridge (#37)-Robertson (#32) line; BEPC,,Other - Battery Energy Storage,0.0,,,2025-02-25,Active,2028-09-08,,,,Other,Battery Energy Storage,"SS Completed, FIS Started, No IA",2025-02-25,2025-05-20,2025-03-20 00:00:00.000,,,,,,,,,NORTH,,,
28INR0242,Ciervo Wind,"RWE Clean Energy Development, LLC   ",Jim Hogg,Texas,Tap 345 kV 80355 DelSol7A - 80079 Cruce CKT 2,,Wind - Wind Turbine,301.5,,,2024-12-19,Active,2028-12-31,,,,Wind,Wind Turbine,"SS Completed, FIS Started, No IA",2024-12-19,2025-02-25,2024-12-16 00:00:00.000,,No,,,,Not Required,,,SOUTH,,,
28INR0245,Hittson Creek Solar,174 Power Global Properties,Callahan,Texas,Tapping the two 345 kV Lines: Sam Line Reactor (Bus# 68005) - Reata (Bus# 68051) and Latimer (Bus# 68008) - Reata (Bus# 68051).,,Solar - Photovoltaic Solar,402.93,,,2024-12-19,Active,2028-12-15,,,,Solar,Photovoltaic Solar,"SS Completed, FIS Started, No IA",2024-12-19,2025-03-18,2024-12-18 00:00:00.000,,,,,,Not Required,,,WEST,,,
28INR0246,Hittson Creek BESS,174 Power Global Properties,Callahan,Texas,Tapping the two 345 kV Lines: Sam Line Reactor (Bus# 68005) - Reata (Bus# 68051) and Latimer (Bus# 68008) - Reata (Bus# 68051).,,Other - Battery Energy Storage,205.38,,,2024-12-19,Active,2028-12-15,,,,Other,Battery Energy Storage,"SS Completed, FIS Started, No IA",2024-12-19,2025-03-18,2024-12-18 00:00:00.000,,,,,,,,,WEST,,,
28INR0247,Eligius BESS,Eligius Storage LLC,Hidalgo,Texas,"tap 138kV Liston (#8394) – JL Bates (#8392) line, AEP",,Other - Battery Energy Storage,174.66,,,2025-02-25,Active,2028-11-28,,,,Other,Battery Energy Storage,"SS Completed, FIS Started, No IA",2025-02-25,2025-05-20,2025-02-18 00:00:00.000,,No,,,,,,,SOUTH,,,
28INR0250,Mojo Solar,Power Synergy,Wilson,Texas,Tap 345 kV 5133 Elm Creek - 5901 San Miguel  CKT 1 & 2,,Solar - Photovoltaic Solar,527.94,,,2025-03-03,Active,2028-06-30,,,,Solar,Photovoltaic Solar,"SS Completed, FIS Started, No IA",2025-03-03,2025-05-19,2025-02-12 00:00:00.000,,,,,,Not Required,,,SOUTH,,,
28INR0253,Stonewall BESS,"Stonewall ESS, LLC",Stonewall,Texas,"tap 138kV 6150 SPUR4A  - 6158 ASPM4A 
",,Other - Battery Energy Storage,135.0,,,2025-02-25,Active,2028-12-29,,,,Other,Battery Energy Storage,"SS Completed, FIS Started, No IA",2025-02-25,2025-05-20,2025-02-06 00:00:00.000,,,,,,,,,WEST,,,
28INR0254,Summerhill BESS,"Taylor ESS, LLC",Taylor,Texas,Tap 138kv 6228 ABNTHWST4A - 6288 MULBERRY4D ,,Other - Battery Energy Storage,143.0,,,2025-02-14,Active,2028-12-15,,,,Other,Battery Energy Storage,"SS Completed, FIS Started, No IA",2025-02-14,2025-05-13,2025-02-06 00:00:00.000,,,,,,,,,WEST,,,
28INR0255,watermelon 5 energy storage,Tempus power management LLC,Dallas,Texas,Tap on 2427 WATMLL_W5 345.00 - 2432 TRICRN1_5 345.00 345kV line ckt 1.,,Other - Battery Energy Storage,102.1,,,2025-02-14,Active,2029-03-01,,,,Other,Battery Energy Storage,"SS Completed, FIS Started, No IA",2025-02-14,2025-05-12,2025-02-06 00:00:00.000,,,,Not Required,Not Required,,,,NORTH,,,
28INR0256,watermelon 6 energy storage,Tempus power management LLC,Dallas,Texas,Tap on 2427 WATMLL_W5 345.00 - 2432 TRICRN1_5 345.00 345kV line ckt 1.,,Other - Battery Energy Storage,102.1,,,2025-02-14,Active,2029-03-01,,,,Other,Battery Energy Storage,"SS Completed, FIS Started, No IA",2025-02-14,2025-05-12,2025-02-06 00:00:00.000,,,,Not Required,Not Required,,,,NORTH,,,
28INR0257,watermelon 7 energy storage,Tempus power management LLC,Dallas,Texas,Tap on 2427 WATMLL_W5 345.00 - 2432 TRICRN1_5 345.00 345kV line ckt 1.,,Other - Battery Energy Storage,102.1,,,2025-02-14,Active,2029-03-01,,,,Other,Battery Energy Storage,"SS Completed, FIS Started, No IA",2025-02-14,2025-05-12,2025-02-06 00:00:00.000,,,,Not Required,Not Required,,,,NORTH,,,
28INR0258,watermelon 8 energy storage,Tempus power management LLC,Dallas,Texas,Tap on 2427 WATMLL_W5 345.00 - 2432 TRICRN1_5 345.00 345kV line ckt 1.,,Other - Battery Energy Storage,102.1,,,2025-02-14,Active,2029-03-01,,,,Other,Battery Energy Storage,"SS Completed, FIS Started, No IA",2025-02-14,2025-05-12,2025-02-06 00:00:00.000,,,,Not Required,Not Required,,,,NORTH,,,
28INR0260,Rio Vista Solar,"Rio Vista Solar, LLC",Pecos,Texas,Tap 138kV #60393 PigCreek4A – #60385 Solstice4A,,Solar - Photovoltaic Solar,553.66,,,2025-06-19,Active,2030-09-02,,,,Solar,Photovoltaic Solar,"SS Completed, FIS Started, No IA",2025-06-19,2025-09-17,2025-01-21 00:00:00.000,,,,,,Not Required,,,WEST,,,
28INR0261,Rio Vista Storage,"Rio Vista Storage, LLC",Pecos,Texas,Tap 138kV #60393 Pigcreek4A – #60385 Solstice4A,,Other - Battery Energy Storage,103.37,,,2025-06-19,Active,2030-09-02,,,,Other,Battery Energy Storage,"SS Completed, FIS Started, No IA",2025-06-19,2025-09-17,2025-01-21 00:00:00.000,,,,,,,,,WEST,,,
28INR0262,Pasture Rose Wind,"Pasture Rose, LLC",Falls,Texas,"TAP 345KV BUS 3721 STRANGER SW - 3711 BALE_S5
",,Wind - Wind Turbine,198.7,,,2025-03-24,Active,2029-06-07,,,,Wind,Wind Turbine,"SS Completed, FIS Started, No IA",2025-03-24,2025-06-09,2025-04-01 00:00:00.000,,,,,,Not Required,,,NORTH,,,
28INR0265,Agricola BESS,Agricola BESS LLC,Austin,Texas,Tap 138kV GEBHARDT (#44700) - Wallis (#44740),,Other - Battery Energy Storage,205.2,,,2025-03-24,Active,2029-05-31,,,,Other,Battery Energy Storage,"SS Completed, FIS Started, No IA",2025-03-24,2025-06-09,2025-02-12 00:00:00.000,,No,,,,,,,SOUTH,,,
28INR0267,Soluce Cotton Solar,"CTPB1, LLC",Cottle,Texas,Tap 345kV 59904 COTTONWOOD - 60500 EDITH CLARKE ,,Solar - Photovoltaic Solar,202.91,,,2025-02-14,Active,2029-08-13,,,,Solar,Photovoltaic Solar,"SS Completed, FIS Started, No IA",2025-02-14,2025-05-12,,,Yes,,,,Not Required,,,WEST,,,
28INR0268,Soluce Cotton Storage,"CTPB1,LLC",Cottle,Texas,Tap 345kV 59904 COTTONWOOD - 60500 EDITH CLARKE ,,Other - Battery Energy Storage,201.54,,,2025-02-14,Active,2029-08-13,,,,Other,Battery Energy Storage,"SS Completed, FIS Started, No IA",2025-02-14,2025-05-12,,,Yes,,,,,,,WEST,,,
28INR0269,Soluce Bravo Solar,"BNPB1, LLC",Brown,Texas,"tap 345kV 1444 BROWN  - 11441 CORN TRAIL SW CKT2
",,Solar - Photovoltaic Solar,80.82,,,2025-01-13,Active,2029-09-17,,,,Solar,Photovoltaic Solar,"SS Completed, FIS Started, No IA",2025-01-13,2025-04-08,,,,,,,Not Required,,,NORTH,,,
28INR0270,Soluce Bravo Storage,"BNPB1, LLC",Brown,Texas,"tap 345kV 1444 BROWN  - 11441 CORN TRAIL SW CKT2
",,Other - Battery Energy Storage,302.62,,,2025-01-13,Active,2029-09-17,,,,Other,Battery Energy Storage,"SS Completed, FIS Started, No IA",2025-01-13,2025-04-08,,,,,,,,,,NORTH,,,
28INR0271,Three Ranches Solar,Three Ranches Energy LLC,Brewster,Texas,TAP 138kV #6680 Alamitto Creek - #60444 Hayter Ranch,,Solar - Photovoltaic Solar,125.53,,,2025-02-14,Active,2029-12-01,,,,Solar,Photovoltaic Solar,"SS Completed, FIS Started, No IA",2025-02-14,2025-05-12,2025-01-22 00:00:00.000,,,,,,Not Required,,,WEST,,,
28INR0277,Aurora Energy Storage,"Aurora Energy Storage, LLC",Lampasas,Texas,Tap 345kV --- KILL_SS_5 (3422) --- BUCK_H_5 (3424),,Other - Battery Energy Storage,306.2,,,2025-02-14,Active,2028-09-26,,,,Other,Battery Energy Storage,"SS Completed, FIS Completed, No IA",2025-02-14,2025-05-13,2025-02-05 00:00:00.000,2026-05-04,,,,,,,,NORTH,,,
28INR0278,Spur Energy Storage,"Spur Energy Storage, LLC",Wise,Texas,Tap 345kV (1429) JACKSBRO_5 - (11736) BIRDDOG_5,,Other - Battery Energy Storage,612.62,,,2025-02-25,Active,2029-09-15,,,,Other,Battery Energy Storage,"SS Completed, FIS Started, No IA",2025-02-25,2025-05-20,2025-01-30 00:00:00.000,,,,,,,,,NORTH,,,
28INR0280,Live Oak Wind II,ENGIE IR Holdings LLC,Schleicher,Texas,#76003 Big Hill 345kV,,Wind - Wind Turbine,302.63,,,2025-03-24,Active,2028-09-29,,,,Wind,Wind Turbine,"SS Completed, FIS Started, No IA",2025-03-24,2025-06-09,2025-03-19 00:00:00.000,,No,,Not Required,Not Required,Not Required,,,WEST,,,
28INR0286,2 Cedar Wind,"SunWR, LLC",Fannin,Texas,Tap 345kV 1729 Valley South – Anna Switch 2373,,Wind - Wind Turbine,180.0,,,2025-07-07,Active,2028-05-02,,,,Wind,Wind Turbine,"SS Completed, FIS Started, No IA",2025-07-07,2025-09-30,2026-03-26 00:00:00.000,,,,,,Not Required,,,NORTH,,,
28INR0288,Outrider BESS,"Sanders Hollow Energy Center, LLC",Dickens,Texas,Tap 345 kV 59904 Cottonwood (W_CW_345) - 60500 Edith Clarke (EDITHCLA7A) CKT. Approximately distance from the POI to Cottonwood Substation is 11.13 miles and to Edith Clarke Substation 77.6 miles. ,,Other - Battery Energy Storage,302.0,,,2025-06-05,Completed,2029-06-26,,,,Other,Battery Energy Storage,"SS Completed, FIS Started, IA",2025-06-05,2025-08-29,2025-09-03 00:00:00.000,,,2026-06-09,,,,,,PANHANDLE,,,
28INR0290,Field Marshal Storage,Field Marshal Storage LLC,Erath,Texas,Dublin (1636) - Fullhouse (1652) 138kV,,Other - Battery Energy Storage,150.8,,,2025-03-24,Active,2029-05-07,,,,Other,Battery Energy Storage,"SS Completed, FIS Started, No IA",2025-03-24,2025-06-09,2025-03-20 00:00:00.000,,,,,,,,,NORTH,,,
28INR0292,Wildflower Storage,Wildflower Storage LLC,Navarro,Texas,Drane switch #3295,,Other - Battery Energy Storage,359.1,,,2025-06-05,Active,2028-09-30,,,,Other,Battery Energy Storage,"SS Completed, FIS Started, No IA",2025-06-05,2025-09-02,2025-05-15 00:00:00.000,,,,,,,,,NORTH,,,
28INR0294,Infrakey Waco Data Park Gas 1,Infrakey Capital LLC,McLennan,Texas,Tap 345kV 246 BOSQUESW5 – 3406 ELM_MOTT__5,,"Gas - Combustion (gas) Turbine, but not part of a Combined-Cycle",180.0,,,2025-04-21,Active,2030-06-01,,,,Gas,"Combustion (gas) Turbine, but not part of a Combined-Cycle","SS Completed, FIS Started, No IA",2025-04-21,2025-07-19,2026-01-14 00:00:00.000,,,,,,,,,NORTH,,,
28INR0295,Margay Energy Storage,PowerPulse LLC,Brazoria,Texas,Tap 138kV 42750 Mykawa - 48353 Telephone Ckt 06,,Other - Battery Energy Storage,101.3,,,2025-02-25,Completed,2029-04-10,,,,Other,Battery Energy Storage,"SS Completed, FIS Completed, IA",2025-02-25,2025-05-20,2025-02-24 00:00:00.000,2025-11-13,,2025-12-26,,,,,,COASTAL,,,
28INR0297,Magnet Solar,HyFuels Big Spring Solar LLC,Borden,Texas,Faraday Substation 345kV - Bus #59905 ,,Solar - Photovoltaic Solar,503.09,,,2025-04-21,Completed,2028-10-06,,,,Solar,Photovoltaic Solar,"SS Completed, FIS Started, IA",2025-04-21,2025-07-19,2025-04-24 00:00:00.000,,No,2025-12-11,,,Not Required,,,WEST,,,
28INR0298,Magnet Storage,HyFuels Big Spring LLC,Borden,Texas,Faraday 345 kV Substation (#59905),,Other - Battery Energy Storage,426.7,,,2025-07-29,Active,2029-07-15,,,,Other,Battery Energy Storage,"SS Completed, FIS Started, No IA",2025-07-29,2025-10-22,2025-08-22 00:00:00.000,,,,,,,,,WEST,,,
28INR0299,Moon Stone BESS,Moon Stone Battery Facility LLC,Wilson,Texas,Tap 138kV Eagle Creek (5132) to Floresville (5155),,Other - Battery Energy Storage,200.8,,,2025-02-14,Active,2029-03-31,,,,Other,Battery Energy Storage,"SS Completed, FIS Started, No IA",2025-02-14,2025-05-14,,,,,,,,,,SOUTH,,,
28INR0301,Carpet Tech Solar One,CT Solar One,Kent,Texas,#59911 MHOS 345 kV,,Solar - Photovoltaic Solar,110.7,,,2025-07-07,Active,2029-06-01,,,,Solar,Photovoltaic Solar,"SS Completed, FIS Started, No IA",2025-07-07,2025-10-01,2025-06-26 00:00:00.000,,,,,,Not Required,,,WEST,,,
28INR0303,Kuy Creek Solar 1 SLF,Kuy Creek Solar 1 LLC,Goliad,Texas,Tap Coleto Creek (Bus # 8162) - Victoria (Bus# 8172) 138 kV CKT 1,,Solar - Photovoltaic Solar,234.87,,,2025-04-21,Active,2029-03-20,,,,Solar,Photovoltaic Solar,"SS Completed, FIS Started, No IA",2025-04-21,2025-06-18,2025-03-03 00:00:00.000,,Yes,,,,Not Required,,,SOUTH,,,
28INR0304,Kuy Creek Storage 1 SLF,Kuy Creek Storage 1 LLC,Goliad,Texas,Tap - Coleto Creek (Bus # 8162) - Victoria (Bus# 8172) 138 kV CKT 1,,Other - Battery Energy Storage,151.46,,,2025-03-24,Active,2029-03-20,,,,Other,Battery Energy Storage,"SS Completed, FIS Started, No IA",2025-03-24,2025-06-18,2025-03-03 00:00:00.000,,Yes,,,,,,,SOUTH,,,
28INR0305,Iron Cowboy Solar,Vaquero II Solar LLC,San Patricio,Texas,Bus #8920 Haisley 4A 138 kV,,Solar - Photovoltaic Solar,144.59,,,2025-06-05,Completed,2028-12-29,,,,Solar,Photovoltaic Solar,"SS Completed, FIS Started, IA",2025-06-05,2025-09-02,2025-05-16 00:00:00.000,,,2026-08-10,,,Not Required,,,COASTAL,,,
28INR0306,Iron Cowboy Storage,Vaquero II Storage LLC,San Patricio,Texas,Bus #8920 Haisley 4A 138 kV,,Other - Battery Energy Storage,63.27,,,2025-06-05,Completed,2028-12-29,,,,Other,Battery Energy Storage,"SS Completed, FIS Started, IA",2025-06-05,2025-09-02,2025-05-16 00:00:00.000,,,2026-08-10,,,,,,COASTAL,,,
28INR0307,Prairie Power Wind,"Prairie Power Wind, LLC",Mitchell,Texas,"Tap 345 kV Longshore Switch (Bus# 1058) to Cattleman Switch (Bus# 10053) CKT 4
",,Wind - Wind Turbine,302.9,,,2025-06-05,Active,2029-04-17,,,,Wind,Wind Turbine,"SS Completed, FIS Started, No IA",2025-06-05,2025-09-02,2025-05-27 00:00:00.000,,,,,,Not Required,,,WEST,,,
28INR0317,Falcon Solar,"Falcon Energy Project, LLC",Zapata,Texas,Tap 345kV #80225 Cenizo7C to #80307 Del Sol7C,,Solar - Photovoltaic Solar,501.96,,,2025-10-28,Active,2029-12-01,,,,Solar,Photovoltaic Solar,"SS Completed, FIS Started, No IA",2025-10-28,2026-01-12,,,,,Not Required,Not Required,Not Required,,,SOUTH,,,
28INR0321,Altair Energy Storage ,Altair Energy Storage,Colorado,Texas,Tap on 138 kV ALTAIR (bus# 78118) to STAFFORD HILL (bus# 78520),,Other - Battery Energy Storage,201.76,,,2025-04-21,Active,2030-03-31,,,,Other,Battery Energy Storage,"SS Completed, FIS Started, No IA",2025-04-21,2025-07-19,2025-03-31 00:00:00.000,,,,,,,,,SOUTH,,,
28INR0322,Velociraptor Solar II,"Velociraptor Solar II, LLC",Ector,Texas,Tap Wolf (#11010) - Reiter Switch (#18544) Ckt1 345KV,,Solar - Photovoltaic Solar,241.81,,,2025-05-27,Active,2029-12-01,,,,Solar,Photovoltaic Solar,"SS Completed, FIS Started, No IA",2025-05-27,2025-08-23,2025-05-12 00:00:00.000,,,,,,Not Required,,,WEST,,,
28INR0323,Velociraptor BESS II,"Velociraptor BESS II, LLC",Ector,Texas,Tap Wolf (#11010) - Reiter Switch (#18544) Ckt1 345KV,,Other - Battery Energy Storage,246.12,,,2025-05-27,Active,2029-12-01,,,,Other,Battery Energy Storage,"SS Completed, FIS Started, No IA",2025-05-27,2025-08-23,2025-05-07 00:00:00.000,,,,,,,,,WEST,,,
28INR0324,Barkley Creek Solar,"174 Power Global Properties, LLC",Lampasas,Texas,Tap 345 kV Line from Russel Gap Switch (Bus# 3348) - Killeen Switch (Bus# 3422),,Solar - Photovoltaic Solar,312.37,,,2025-08-26,Active,2029-10-15,,,,Solar,Photovoltaic Solar,"SS Completed, FIS Started, No IA",2025-08-26,2025-09-30,2025-08-19 00:00:00.000,,,,,,Not Required,,,NORTH,,,
28INR0325,Cielo Vista Power Gas Plant,"Cielo Vista Power, LLC",Duval,Texas,Tap 345kV Bus #5901 Miguel5 - Bus #80079 Cruce7A Ckt 1,,"Gas - Internal Combustion Engine, eg. Reciprocating",343.8,,,2025-08-18,Active,2028-06-30,,,,Gas,"Internal Combustion Engine, eg. Reciprocating","SS Completed, FIS Started, No IA",2025-08-18,2025-10-13,2025-08-13 00:00:00.000,,,,,,,,,SOUTH,,,
28INR0327,18-BRAVO BESS,"Scout Energy Management, LLC",Hunt,Texas,138 kV Commerce Switch Substation. Bus no. #1816,,Other - Battery Energy Storage,407.0,,,2025-04-01,Active,2028-02-01,,,,Other,Battery Energy Storage,"SS Completed, FIS Started, No IA",2025-04-01,2025-06-25,2025-03-26 00:00:00.000,,,,,,,,,NORTH,,,
28INR0328,18-ALPHA BESS,"SCOUT ENERGY MANAGEMENT, LLC",Cooke,Texas,"To the 138 kV Valley View Substation, ( Bus No.691)",,Other - Battery Energy Storage,307.4,,,2025-04-21,Active,2028-02-01,,,,Other,Battery Energy Storage,"SS Completed, FIS Started, No IA",2025-04-21,2025-07-19,2025-04-04 00:00:00.000,,,,,,,,,NORTH,,,
28INR0332,Reunion Solar,"Reunion Solar, LLC",Wilbarger,Texas,Tap 345kV #60504 Tesla Road to #6111 Riley,,Solar - Photovoltaic Solar,600.9,,,2025-03-24,Active,2028-07-01,,,,Solar,Photovoltaic Solar,"SS Completed, FIS Started, No IA",2025-03-24,2025-06-19,2025-09-11 00:00:00.000,,,,,,Not Required,,,WEST,,,
28INR0333,Reunion Storage,"Reunion Solar, LLC",Wilbarger,Texas,Tap 345kV #60504 Tesla Road to #6111 Riley,,Other - Battery Energy Storage,200.3,,,2025-03-24,Active,2028-07-01,,,,Other,Battery Energy Storage,"SS Completed, FIS Started, No IA",2025-03-24,2025-06-19,2025-09-11 00:00:00.000,,,,,,,,,WEST,,,
28INR0335,Oak Valley Solar,Oak Valley Solar LLC,Navarro,Texas,68091 (Navarro) (345),,Solar - Photovoltaic Solar,251.3,,,2025-04-01,Active,2029-09-28,,,,Solar,Photovoltaic Solar,"SS Completed, FIS Started, No IA",2025-04-01,2025-06-25,2025-03-19 00:00:00.000,,Yes,,,,Not Required,,,NORTH,,,
28INR0337,Barrosos Creek Wind 3,"Cascabel Wind Energy, LLC",Zapata,Texas,#80227 Rapido 345 kV,,Wind - Wind Turbine,197.75,,,2025-08-18,Active,2028-05-31,,,,Wind,Wind Turbine,"SS Completed, FIS Started, No IA",2025-08-18,2025-10-13,2025-07-30 00:00:00.000,,No,,,,Not Required,,,SOUTH,,,
28INR0338,Barrosos Creek Wind 4,"Cascabel Wind Energy, LLC",Zapata,Texas,#80227 Rapido 345 kV,,Wind - Wind Turbine,197.75,,,2025-08-18,Active,2028-05-31,,,,Wind,Wind Turbine,"SS Completed, FIS Started, No IA",2025-08-18,2025-10-13,2025-07-30 00:00:00.000,,No,,,,Not Required,,,SOUTH,,,
28INR0339,Corralitos Wind 3,"Las Crestas Wind Energy, LLC",Zapata,Texas,ETT 345 kV Tiempo #80224 Substation (Tap on 345kV 80225 CENIZO7C - 80307 DELSOL7C),,Wind - Wind Turbine,196.1,,,2025-06-13,Active,2028-05-31,,,,Wind,Wind Turbine,"SS Completed, FIS Started, No IA",2025-06-13,2025-09-11,2025-06-24 00:00:00.000,,,,,,Not Required,,,SOUTH,,,
28INR0340,Corralitos Wind 4,"Las Crestas Wind Energy, LLC",Zapata,Texas,ETT 345 kV Tiempo #80224 Substation  (Tap on 345kV 80225 CENIZO7C - 80307 DELSOL7C) ,,Wind - Wind Turbine,195.4,,,2025-06-13,Active,2028-05-31,,,,Wind,Wind Turbine,"SS Completed, FIS Started, No IA",2025-06-13,2025-09-11,2025-06-24 00:00:00.000,,,,,,Not Required,,,SOUTH,,,
28INR0341,Bastion BESS,BESS BASTION LLC,Matagorda,Texas,Blessing Substation 138 kV (ID 8121),,Other - Battery Energy Storage,154.3,,,2025-07-07,Active,2028-11-01,,,,Other,Battery Energy Storage,"SS Completed, FIS Started, No IA",2025-07-07,2025-10-01,2025-06-19 00:00:00.000,,No,,,,,,,COASTAL,,,
28INR0343,Amphion Solar Phase 2,"Amphion Solar, LLC",Atascosa,Texas,TAP 345KV (#5709) Fowlerton - (#5901) SAN MIGUEL LINE Ckt-2,,Solar - Photovoltaic Solar,205.9,,,2025-04-21,Active,2029-05-15,,,,Solar,Photovoltaic Solar,"SS Completed, FIS Started, No IA",2025-04-21,2025-07-19,2025-04-09 00:00:00.000,,,,,,Not Required,,,SOUTH,,,
28INR0344,Amphion Solar Phase 3,"Amphion Solar, LLC",Atascosa,Texas,TAP 345KV (#5709) Fowlerton - (#5901) SAN MIGUEL LINE Ckt-2,,Solar - Photovoltaic Solar,115.4,,,2025-04-21,Active,2029-11-15,,,,Solar,Photovoltaic Solar,"SS Completed, FIS Started, No IA",2025-04-21,2025-07-19,2025-04-09 00:00:00.000,,,,,,Not Required,,,SOUTH,,,
28INR0348,Ringtail Energy Storage,PowerPulse LLC,Archer,Texas,"Bus # 1446, Lake Wichita, 138 kV ",,Other - Battery Energy Storage,203.8,,,2025-04-25,Active,2028-12-15,,,,Other,Battery Energy Storage,"SS Completed, FIS Started, No IA",2025-04-25,2025-07-22,2025-04-23 00:00:00.000,,,,,,,,,WEST,,,
28INR0349,Jaguarundi Energy Storage,PowerPulse LLC,Nolan,Texas,"Bus # 1339, Eskota 138kV",,Other - Battery Energy Storage,152.02,,,2025-06-05,Active,2029-11-10,,,,Other,Battery Energy Storage,"SS Completed, FIS Started, No IA",2025-06-05,2025-09-02,2025-06-02 00:00:00.000,,,,,,,,,WEST,,,
28INR0355,Galaxy I Solar,"Galaxy Solar, LLC",Ellis,Texas,"Stainback Switch (bus #2217) - Elrod Switch (bus #3159)
",,Solar - Photovoltaic Solar,99.42,,,2025-04-21,Active,2028-10-30,,,,Solar,Photovoltaic Solar,"SS Completed, FIS Started, No IA",2025-04-21,2025-07-19,2025-07-16 00:00:00.000,,No,,,,Not Required,,,NORTH,,,
28INR0356,Arpeggio BESS,"Arpeggio BESS, LLC",Victoria,Texas,#80064 Chocolate Bayou 138kV ,,Other - Battery Energy Storage,200.71,,,2025-06-19,Active,2029-09-30,,,,Other,Battery Energy Storage,"SS Completed, FIS Started, No IA",2025-06-19,2025-09-17,2025-06-18 00:00:00.000,,,,,,,,,SOUTH,,,
28INR0358,Cherry Sage Solar 1 SLF,Cherry Sage Solar 1 LLC ,Concho,Texas,(#60423) TREADWELL  138kV.,,Solar - Photovoltaic Solar,142.51,,,2025-04-25,Active,2029-02-23,,,,Solar,Photovoltaic Solar,"SS Completed, FIS Started, No IA",2025-04-25,2025-07-23,2025-04-22 00:00:00.000,,No,,,,Not Required,,,WEST,,,
28INR0363,Finch Storage,"Finch Storage, LLC",McLennan,Texas,165 WINDSORSW 138kV,,Other - Battery Energy Storage,201.3,,,2025-06-05,Active,2028-09-30,,,,Other,Battery Energy Storage,"SS Completed, FIS Started, No IA",2025-06-05,2025-09-02,2025-04-28 00:00:00.000,,,,,,,,,NORTH,,,
28INR0375,Barranca Wind 1,"Barranca Wind Energy, LLC",Jim Hogg,Texas,Tap the 345 kV CENIZO (#80225) - DELSOL (#80307) line ,,Wind - Wind Turbine,300.9,,,2025-07-29,Active,2028-06-01,,,,Wind,Wind Turbine,"SS Completed, FIS Started, No IA",2025-07-29,2025-10-06,2025-07-09 00:00:00.000,,,,,,Not Required,,,SOUTH,,,
28INR0376,Barranca Wind 2,"Barranca Wind Energy, LLC",Jim Hogg,Texas,Tap the 345 kV CENIZO7C (#80225) - DELSOL7C (#80307) line.,,Wind - Wind Turbine,298.6,,,2025-07-29,Active,2028-06-01,,,,Wind,Wind Turbine,"SS Completed, FIS Started, No IA",2025-07-29,2025-10-06,2025-07-09 00:00:00.000,,,,,,Not Required,,,SOUTH,,,
28INR0377,Wichita Creek Solar,"Wichita Creek Solar, LLC",Wichita,Texas,Tap 345 kV 6111 RILEY - 1730 KRUM WEST Ckt 1,,Solar - Photovoltaic Solar,3.43,,,2026-06-17,Active,2028-10-04,,,,Solar,Photovoltaic Solar,"SS Started, FIS Started, No IA",2026-06-17,,2026-06-12 00:00:00.000,,No,,,,Not Required,,,WEST,,,
28INR0378,Wichita Creek Storage,"Wichita Creek Storage, LLC",Wichita,Texas,Tap 345 kV 6111 RILEY - 1730 KRUM WEST Ckt 1,,Other - Battery Energy Storage,300.0,,,2026-08-21,Active,2028-10-04,,,,Other,Battery Energy Storage,"SS Started, FIS Started, No IA",2026-08-21,,2026-08-13 00:00:00.000,,No,,,,,,,WEST,,,
28INR0385,Galaxy Solar 2,"Galaxy Solar 2, LLC",Ellis,Texas,3/4-Breaker Ring Bus at 345kV Venus Switch (#1907) BKR 4920 - Navarro Switch (LST) (#68091) BKR 3B3134/3B3127,,Solar - Photovoltaic Solar,301.64,,,2025-06-19,Active,2029-10-30,,,,Solar,Photovoltaic Solar,"SS Completed, FIS Started, No IA",2025-06-19,2025-09-17,2025-09-03 00:00:00.000,,,,,,Not Required,,,NORTH,,,
28INR0386,Sagebrush Wind,"ACE DevCo NC, LLC",Nolan,Texas,"TAP 345KV 11420 SWEETWATER EAST - 11406 CENTRAL BLUFF CKT2
",,Wind - Wind Turbine,200.5,,,2025-07-29,Active,2029-12-01,,,,Wind,Wind Turbine,"SS Completed, FIS Started, No IA",2025-07-29,2025-10-06,2025-07-28 00:00:00.000,,,,,,Not Required,,,WEST,,,
28INR0387,Galaxy Storage 2,"Galaxy Solar 2, LLC",Ellis,Texas,3/4-Breaker Ring Bus at 345kV Venus Switch (#1907) BKR 4920 - Navarro Switch (LST) (#68091) BKR 3B3134/3B3127,,Other - Battery Energy Storage,201.87,,,2025-06-19,Active,2029-10-30,,,,Other,Battery Energy Storage,"SS Completed, FIS Started, No IA",2025-06-19,2025-09-17,2025-09-03 00:00:00.000,,,,,,,,,NORTH,,,
28INR0389,Tri-X BESS 1 SLF,"Crane I Solar Electric, LLC",Crane,Texas,138 kV Soda Lake (#76026) ,,Other - Battery Energy Storage,205.3,,,2025-08-18,Active,2028-10-30,,,,Other,Battery Energy Storage,"SS Completed, FIS Started, No IA",2025-08-18,2025-11-10,2025-08-06 00:00:00.000,,,,,,,,,WEST,,,
28INR0390,Horsepower BESS,"Horsepower BESS, LLC",Bexar,Texas,"POI is 138 kV Howard Substation (Bus# 5230) (SSWG bus name: HOWARD), NMMS station code: S1",,Other - Battery Energy Storage,257.5,,,2025-12-17,Active,2028-01-31,,,,Other,Battery Energy Storage,"SS Completed, FIS Started, No IA",2025-12-17,2026-02-23,2025-11-24 00:00:00.000,,,,,,,,,SOUTH,,,
28INR0391,Ruedrich BESS,Ruedrich BESS,Guadalupe,Texas,LINE TAP OF CIBOLO (7608) AND McQUEENEY (7606),,Other - Battery Energy Storage,200.58,,,2025-06-19,Active,2028-11-09,,,,Other,Battery Energy Storage,"SS Completed, FIS Started, No IA",2025-06-19,2025-09-17,2025-06-12 00:00:00.000,,,,,,,,,SOUTH,,,
28INR0392,Devine Mary BESS,Devine Mary BESS,Medina,Texas,5813 PEARSONSW8 138 kV,,Other - Battery Energy Storage,200.58,,,2025-07-07,Active,2028-11-21,,,,Other,Battery Energy Storage,"SS Completed, FIS Started, No IA",2025-07-07,2025-10-01,2025-06-19 00:00:00.000,,,,,,,,,SOUTH,,,
28INR0394,Treehouse Solar ,"Treehouse Solar, LLC",Grimes,Texas,Tap the 345 kV Jewett (#3390) - Singleton (#44645) line,,Solar - Photovoltaic Solar,281.77,,,2025-07-29,Active,2028-11-13,,,,Solar,Photovoltaic Solar,"SS Completed, FIS Started, No IA",2025-07-29,2025-10-26,2025-09-03 00:00:00.000,,Yes,,,,Not Required,,,NORTH,,,
28INR0395,Treehouse Storage,"Treehouse Solar, LLC",Grimes,Texas,"Tap the 345 kV Jewett (#3390) - Singleton (#44645) line, ONCOR
",,Other - Battery Energy Storage,209.21,,,2025-07-29,Active,2028-11-13,,,,Other,Battery Energy Storage,"SS Completed, FIS Started, No IA",2025-07-29,2025-10-26,2025-09-03 00:00:00.000,,Yes,,,,,,,NORTH,,,
28INR0397,Ouroboros Grid BESS 1,Ouroboros Grid BESS Unit 1,Cameron,Texas,"POIB: #88337 Chalybe 345 kV  
(expansion of the #8735 Chalybe 138 kV – to be connected by double circuit line to #79500 Palmito 345 kV)",,Other - Battery Energy Storage,200.82,,,2025-07-29,Active,2028-06-01,,,,Other,Battery Energy Storage,"SS Completed, FIS Started, No IA",2025-07-29,2025-10-22,,,,,,,,,,COASTAL,,,
28INR0398,Ouroboros Grid BESS 2,Ouroboros Grid BESS Unit 2,Cameron,Texas,88337 Chalybe 345 kV,,Other - Battery Energy Storage,200.81,,,2025-07-29,Active,2028-06-01,,,,Other,Battery Energy Storage,"SS Completed, FIS Started, No IA",2025-07-29,2025-10-22,,,,,,,,,,COASTAL,,,
28INR0403,Ouroboros Grid BESS 3,Ouroboros Grid BESS Unit 3,Cameron,Texas,88337 Chalybe 345 kV,,Other - Battery Energy Storage,200.72,,,2025-07-29,Active,2028-06-01,,,,Other,Battery Energy Storage,"SS Completed, FIS Started, No IA",2025-07-29,2025-10-22,,,,,,,,,,COASTAL,,,
28INR0404,Penelope Solar,Ash Creek Project LLC,Hill,Texas,New sub in the 234 Chatt - 3473 Ash Creek 138kV line,,Solar - Photovoltaic Solar,97.8,,,2025-07-21,Active,2029-09-24,,,,Solar,Photovoltaic Solar,"SS Completed, FIS Started, No IA",2025-07-21,2025-10-02,2026-01-28 00:00:00.000,,,,Not Required,Not Required,Not Required,,,NORTH,,,
28INR0408,Max 4 Wind,"Lake Creek Wind, LLC",Haskell,Texas,Tap 345 kV Gauss7D (Bus# 60703) to Quasar7A (Bus# 60712) Transmission Line,,Wind - Wind Turbine,352.6,,,2025-07-29,Active,2029-08-31,,,,Wind,Wind Turbine,"SS Completed, FIS Started, No IA",2025-07-29,2025-10-06,2025-07-16 00:00:00.000,,,,,,Not Required,,,WEST,,,
28INR0411,Black Creek BESS,Francitas Renewables LLC,Frio,Texas,New tap between line Bigfoot4A (8221) - MooreSw8 (5827),,Other - Battery Energy Storage,120.0,,,2025-07-29,Active,2029-03-20,,,,Other,Battery Energy Storage,"SS Completed, FIS Started, No IA",2025-07-29,2025-10-13,2026-04-09 00:00:00.000,,,,,,,,,SOUTH,,,
28INR0412,Yellow Leaf II BESS,Yellow Leaf Energy Storage LLC,Kaufman,Texas,Tap 138kV 2727 CRANDALL1_8 - 2724 KAUFMN_8,,Other - Battery Energy Storage,205.74,,,2025-07-22,Active,2028-09-25,,,,Other,Battery Energy Storage,"SS Completed, FIS Started, No IA",2025-07-22,2025-10-09,2025-07-18 00:00:00.000,,No,,,,,,,NORTH,,,
28INR0413,Tolivar Power Plant Phase 2,"Pecos Power Plant, LLC",Reeves,Texas,Tap 138 KV 38055 Saltdraw-38043 COWPEN ,,"Gas - Internal Combustion Engine, eg. Reciprocating",224.5,,,2025-07-29,Completed,2027-09-29,,,,Gas,"Internal Combustion Engine, eg. Reciprocating","SS Completed, FIS Completed, IA",2025-07-29,2025-10-13,2025-07-07 00:00:00.000,2026-02-25,No,2026-04-14,2026-03-27 00:00:00,2026-03-27 00:00:00,2026-06-17 00:00:00,2026-05-04 00:00:00,,WEST,,,
28INR0415,Alkali Creek Wind,"Alkali Creek Wind, LLC",Fisher,Texas,"Tap 345 kV BUS #1048 Tonkawa -
BUS #11050  Dusty Road",,Wind - Wind Turbine,474.4,,,2025-08-18,Active,2028-12-01,,,,Wind,Wind Turbine,"SS Completed, FIS Started, No IA",2025-08-18,2025-11-10,2025-07-31 00:00:00.000,,,,,,Not Required,,,WEST,,,
28INR0419,PRI Solar,"BHER Power Resources, Inc.",Howard,Texas,The 345 kV Falcon Seaboard (#1025) substation; Oncor,,Solar - Photovoltaic Solar,63.84,,,2025-07-29,Active,2027-01-31,,,,Solar,Photovoltaic Solar,"SS Completed, FIS Started, No IA",2025-07-29,2025-10-22,2025-07-29 00:00:00.000,,,,,,Not Required,,,WEST,,,
28INR0422,Prairie Branch Solar,"Prairie Branch Energy, LLC",Montague,Texas,Tap 345kV #1730 Krum West - #6111 Riley Ckt 1,,Solar - Photovoltaic Solar,301.23,,,2025-09-09,Active,2029-12-01,,,,Solar,Photovoltaic Solar,"SS Completed, FIS Started, No IA",2025-09-09,2025-11-14,2025-08-28 00:00:00.000,,,,Not Required,Not Required,Not Required,,,NORTH,,,
28INR0423,Prairie Branch BESS,"Prairie Branch Energy, LLC",Montague,Texas,Tap 345kV #1730 Krum West - #6111 Riley Ckt 1,,Other - Battery Energy Storage,310.17,,,2025-09-09,Active,2029-12-01,,,,Other,Battery Energy Storage,"SS Completed, FIS Started, No IA",2025-09-09,2025-11-14,2025-08-18 00:00:00.000,,,,Not Required,Not Required,,,,NORTH,,,
28INR0427,Ouroboros Grid BESS 4,Ouroboros Grid BESS Unit 4,Cameron,Texas,79500 Palmito 345kV,,Other - Battery Energy Storage,201.14,,,2025-08-18,Active,2029-06-01,,,,Other,Battery Energy Storage,"SS Completed, FIS Started, No IA",2025-08-18,2025-11-21,,,,,,,,,,COASTAL,,,
28INR0428,Ouroboros Grid BESS 5,Ouroboros Grid BESS Unit 5,Cameron,Texas,79500 Palmito 345KV,,Other - Battery Energy Storage,200.96,,,2025-08-18,Active,2029-06-01,,,,Other,Battery Energy Storage,"SS Completed, FIS Started, No IA",2025-08-18,2025-11-21,,,,,,,,,,COASTAL,,,
28INR0429,Ouroboros Grid BESS 6,Ouroboros Grid BESS Unit 6,Cameron,Texas,79500 Palmito 345KV,,Other - Battery Energy Storage,200.94,,,2025-08-18,Active,2029-06-01,,,,Other,Battery Energy Storage,"SS Completed, FIS Started, No IA",2025-08-18,2025-11-21,,,,,,,,,,COASTAL,,,
28INR0431,Solarville Wind SLF,"Ville Solar, LLC",Kaufman,Texas,Tap 345 kV (#2432)Tri Corner - (#3105) Elkton ,,Wind - Wind Turbine,0.0,,,2025-11-18,Active,2028-09-19,,,,Wind,Wind Turbine,"SS Completed, FIS Started, No IA",2025-11-18,2026-01-19,2025-11-12 00:00:00.000,,,,,,Not Required,,,NORTH,,,
28INR0432,Solarville BESS SLF,"Ville Solar, LLC",Kaufman,Texas,Tap 345 kV (#2432)Tri Corner - (#3105) Elkton ,,Other - Battery Energy Storage,0.0,,,2025-11-18,Active,2028-09-19,,,,Other,Battery Energy Storage,"SS Completed, FIS Started, No IA",2025-11-18,2026-01-19,2025-11-07 00:00:00.000,,,,,,,,,NORTH,,,
28INR0433,Blue Spring Solar,"Flat Creek Solar, LLC",Haskell,Texas,#60515 Clear Crossing 345 kV,,Solar - Photovoltaic Solar,301.0,,,2025-10-03,Active,2028-10-28,,,,Solar,Photovoltaic Solar,"SS Completed, FIS Started, No IA",2025-10-03,2025-11-14,2025-09-22 00:00:00.000,,,,Not Required,Not Required,Not Required,,,WEST,,,
28INR0434,Viento Bravo Wind,"Webb Wind, LLC",Jim Hogg,Texas,Tap 345kV 80220 Cenizo - 80079 Cruce Ckt-1,,Wind - Wind Turbine,366.51,,,2025-10-03,Completed,2028-07-06,,,,Wind,Wind Turbine,"SS Completed, FIS Started, IA",2025-10-03,2025-11-14,2025-09-23 00:00:00.000,,,2025-12-31,,,Not Required,2026-03-25 00:00:00,,SOUTH,,,
28INR0436,Englehardt BESS,Comal BESS LLC,Comal,Texas,River Oaks (7173),,Other - Battery Energy Storage,200.51,,,2025-09-22,Active,2027-09-01,,,,Other,Battery Energy Storage,"SS Completed, FIS Started, No IA",2025-09-22,2025-12-02,2025-09-19 00:00:00.000,,,,,,,,,SOUTH,,,
28INR0437,Barbara BESS,Barbara BESS LLC,Nueces,Texas,LINE TAP OF WESTSIDE (8485) AND WEIL TRACT (8482) 138 KV TRANSMISSION LINE,,Other - Battery Energy Storage,200.51,,,2025-09-22,Active,2028-05-02,,,,Other,Battery Energy Storage,"SS Completed, FIS Started, No IA",2025-09-22,2025-12-02,2025-10-01 00:00:00.000,,,,,,,,,COASTAL,,,
28INR0438,Moss Rock Storage,Invenergy Storage Development LLC,Mills,Texas,#7070 Goldthwaite 138kV,,Other - Battery Energy Storage,157.12,,,2025-09-22,Active,2029-12-31,,,,Other,Battery Energy Storage,"SS Completed, FIS Started, No IA",2025-09-22,2025-12-02,,,,,,,,,,NORTH,,,
28INR0442,Zunkerville BESS,"Zunkerville Energy, LLC",Karnes,Texas,345kV BUS #5725 PAWNEE SWITCHING STATION,,Other - Battery Energy Storage,206.74,,,2025-09-22,Active,2029-12-01,,,,Other,Battery Energy Storage,"SS Completed, FIS Started, No IA",2025-09-22,2025-12-03,2025-09-05 00:00:00.000,,No,,,,,,,SOUTH,,,
28INR0443,Zunkerville Solar ,"Zunkerville Energy, LLC",Karnes,Texas, #5725 PAWNEE SWITCHING STATION 345kV,,Solar - Photovoltaic Solar,200.67,,,2025-12-02,Active,2029-12-01,,,,Solar,Photovoltaic Solar,"SS Completed, FIS Started, No IA",2025-12-02,2026-01-19,2025-11-25 00:00:00.000,,No,,,,Not Required,,,SOUTH,,,
28INR0446,"Vista Bluff Wind I ""Alternate POI""","Vista Bluff Windpower, LLC",Upton,Texas,"tap 345 kV (76000) North McCamey -  (59903) Bearkat 
(Benedum 345 kV station that LCRA will build part of 24RPG024).",,Wind - Wind Turbine,290.4,,,2025-09-22,Active,2029-12-31,,,,Wind,Wind Turbine,"SS Completed, FIS Started, No IA",2025-09-22,2025-12-12,2025-09-22 00:00:00.000,,,,,,Not Required,,,WEST,,,
28INR0447,"Vista Bluff Wind II ""Alternate POI""","Vista Bluff Windpower, LLC",Upton,Texas,"tap 345 kV (76000) North McCamey -  (59903) Bearkat 
(Benedum 345 kV station that LCRA will build part of 24RPG024).",,Wind - Wind Turbine,290.4,,,2025-09-22,Active,2029-12-31,,,,Wind,Wind Turbine,"SS Completed, FIS Started, No IA",2025-09-22,2025-12-12,2025-09-22 00:00:00.000,,,,,,Not Required,,,WEST,,,
28INR0448,Gulf Prairie BESS,Gulf Prairie Energy LLC,Brazoria,Texas,"(CEHESub) looped either 1) on 138 kV circuit 82 between RIWOOD (#43150) and Angleton (#42110), or 2) on 345 kV circuit 18 between DOW (#42500) and Huizache (#46640)",,Other - Battery Energy Storage,207.78,,,2025-09-22,Active,2028-12-01,,,,Other,Battery Energy Storage,"SS Completed, FIS Started, No IA",2025-09-22,2025-12-12,2025-09-03 00:00:00.000,,,,,,,,,COASTAL,,,
28INR0452,Neal Battery ,CH Neal Battery LLC,Wharton,Texas,tap of 138kV 8750 CHARMERP4A - 8127 South Lane City,,Other - Battery Energy Storage,120.52,,,2025-10-21,Active,2029-04-03,,,,Other,Battery Energy Storage,"SS Completed, FIS Started, No IA",2025-10-21,2026-01-06,2025-10-14 00:00:00.000,,,,,,,,,SOUTH,,,
28INR0454,Oakley BESS,Oakley BESS LLC,Denton,Texas,Tap 138 kV 612 BLUHORSE– 684 SPRING,,Other - Battery Energy Storage,200.96,,,2025-10-06,Active,2028-09-08,,,,Other,Battery Energy Storage,"SS Completed, FIS Started, No IA",2025-10-06,2025-11-16,2025-10-01 00:00:00.000,,,,,,,,,NORTH,,,
28INR0457,Kilby1 Part 2 Tier1 BESS,Energy Forge One LLC,Reeves,Texas,#60404 Solstice Substation 345 kV,,Other - Battery Energy Storage,330.0,,,2026-01-26,Active,2028-01-21,,,,Other,Battery Energy Storage,"SS Completed, FIS Started, No IA",2026-01-26,2026-03-12,2026-01-23 00:00:00.000,,No,,,,,,,WEST,,,
28INR0459,Kilby1 Part 4 Large Block Simple Cycle,Energy Forge One LLC,Reeves,Texas,#60404 Solstice Substation 345 kV,,"Gas - Combustion (gas) Turbine, but not part of a Combined-Cycle",950.0,,,2025-11-18,Active,2028-04-20,,,,Gas,"Combustion (gas) Turbine, but not part of a Combined-Cycle","SS Completed, FIS Started, No IA",2025-11-18,2026-02-04,2025-11-06 00:00:00.000,,No,,,,,,,WEST,,,
28INR0461,Dilley Solar ,AETS Development Holdings LLC,Frio,Texas,Tap 138 kV 8212 DILLEY SWITCH AEP - 8613 BIG WELLS ,,Solar - Photovoltaic Solar,200.7,,,2025-12-23,Active,2028-06-30,,,,Solar,Photovoltaic Solar,"SS Completed, FIS Started, No IA",2025-12-23,2026-03-23,2025-12-19 00:00:00.000,,,,,,Not Required,,,SOUTH,,,
28INR0462,Senterfitt Solar ,AETS Development Holdings LLC,Lampasas,Texas,Tap 138 kV 7080 Lometa - 7064 Lampasas ,,Solar - Photovoltaic Solar,68.39,,,2026-03-11,Active,2029-07-03,,,,Solar,Photovoltaic Solar,"SS Completed, FIS Started, No IA",2026-03-11,2026-06-05,2026-03-11 00:00:00.000,,,,Not Required,Not Required,Not Required,,,NORTH,,,
28INR0463,Mutz Solar ,AETS Development Holdings LLC,Atascosa,Texas,Tap 69 kV 5693 San Miguel Tap - 5698 North Calliham Sub,,Solar - Photovoltaic Solar,72.82,,,2026-01-13,Active,2028-06-30,,,,Solar,Photovoltaic Solar,"SS Completed, FIS Started, No IA",2026-01-13,2026-02-09,2026-01-06 00:00:00.000,,No,,,,Not Required,,,SOUTH,,,
28INR0464,Grayback Solar,"Grayback Solar, LLC",Wilbarger,Texas,Tap 345kV 6101 RILEY7A - 60505 EDITHCLA7B,,Solar - Photovoltaic Solar,221.81,,,2025-11-05,Active,2029-09-01,,,,Solar,Photovoltaic Solar,"SS Completed, FIS Started, No IA",2025-11-05,2026-01-12,2025-10-14 00:00:00.000,,No,,,,Not Required,,,WEST,,,
28INR0465,Valcrest BESS,Flexen USA LLC,Galveston,Texas,tap 138 kV 43500 WEBSTR_B138A - 48403 W_GALV01TP_8,,Other - Battery Energy Storage,154.25,,,2025-12-17,Active,2028-12-31,,,,Other,Battery Energy Storage,"SS Completed, FIS Started, No IA",2025-12-17,2026-02-05,2025-12-02 00:00:00.000,,No,,,,,,,HOUSTON,,,
28INR0466,Nabla Energy Storage II,Nabla Park LLC,Parker,Texas,Double Tap 345kV Parker (1436) - Benbrook (1873 & 1869) DCKT,,Other - Battery Energy Storage,750.0,,,2025-11-05,Active,2029-09-17,,,,Other,Battery Energy Storage,"SS Completed, FIS Started, No IA",2025-11-05,2026-01-12,2025-10-30 00:00:00.000,,,,Not Required,Not Required,,,,NORTH,,,
28INR0467,Main Horn Solar,Main Horn Solar LLC,Navarro,Texas,3387 Revolution 138 KV,,Solar - Photovoltaic Solar,100.43,,,2026-01-13,Active,2029-09-17,,,,Solar,Photovoltaic Solar,"SS Completed, FIS Started, No IA",2026-01-13,2026-02-09,2025-12-29 00:00:00.000,,No,,,,Not Required,,,NORTH,,,
28INR0468,Glass Mountain Wind 2,"Glass Mountain Wind, LLC",Reeves,Texas,Tap 345 kV 60404 SOLSTICE - 11098 SANDLAKE_5 ,,Wind - Wind Turbine,519.2,,,2026-01-13,Active,2028-12-31,,,,Wind,Wind Turbine,"SS Completed, FIS Started, No IA",2026-01-13,2026-04-07,2025-12-31 00:00:00.000,,No,,,,Not Required,,,WEST,,,
28INR0469,Paintbrush PV1,Renew Development HoldCo LLC,Coleman,Texas,Tap 345kV 1444 Brown Switch – 60040 Bluff Creek Switch & 1444 Brown Switch – 11406 Central Bluff Switch,,Solar - Photovoltaic Solar,251.5,,,2025-12-02,Active,2030-05-15,,,,Solar,Photovoltaic Solar,"SS Completed, FIS Started, No IA",2025-12-02,2026-01-19,2025-11-13 00:00:00.000,,,,,,Not Required,,,WEST,,,
28INR0470,Paintbrush PV2,Renew Development HoldCo LLC,Coleman,Texas,Tap 345kV 1444 Brown Switch – 60040 Bluff Creek Switch & 1444 Brown Switch – 11406 Central Bluff Switch,,Solar - Photovoltaic Solar,251.5,,,2025-12-02,Active,2030-05-15,,,,Solar,Photovoltaic Solar,"SS Completed, FIS Started, No IA",2025-12-02,2026-01-19,2025-11-13 00:00:00.000,,,,,,Not Required,,,WEST,,,
28INR0472,Seven Angels Energy Storage I,Seven Angels Infrastructure LLC,Hill,Texas,68090 Sam Switch Bus 345kV,,Other - Battery Energy Storage,514.0,,,2025-11-05,Active,2028-12-31,,,,Other,Battery Energy Storage,"SS Completed, FIS Started, No IA",2025-11-05,2026-01-12,2025-11-04 00:00:00.000,,No,,,,,,,NORTH,,,
28INR0473,Seven Angels Energy Storage II,Seven Angels Infrastructure LLC,Hill,Texas,68090 Sam Switch Bus 345kV,,Other - Battery Energy Storage,514.0,,,2025-11-05,Active,2028-12-31,,,,Other,Battery Energy Storage,"SS Completed, FIS Started, No IA",2025-11-05,2026-01-12,2025-11-04 00:00:00.000,,No,,,,,,,NORTH,,,
28INR0474,Mission Station Energy Storage I,Mission Station LLC,Bexar,Texas,Tap 345kV (Bus #5400) SPRUCE – (Bus #5475) VON_ROSE Ckt 1;,,Other - Battery Energy Storage,375.0,,,2026-02-10,Active,2030-05-31,,,,Other,Battery Energy Storage,"SS Completed, FIS Started, No IA",2026-02-10,2026-05-08,2026-02-04 00:00:00.000,,No,,,,,,,SOUTH,,,
28INR0475,Mission Station Energy Storage II,Mission Station LLC,Bexar,Texas,Tap 345kV (Bus #5400) SPRUCE – (Bus #5231) HOWARD_5 Ckt 1,,Other - Battery Energy Storage,375.0,,,2026-02-10,Active,2030-05-31,,,,Other,Battery Energy Storage,"SS Completed, FIS Started, No IA",2026-02-10,2026-05-08,2026-02-04 00:00:00.000,,No,,,,,,,SOUTH,,,
28INR0476,Pease River Solar,Pease River Solar LLC,Foard,Texas,Tap 345kV 6101 RILEY7A - 60505 EDITHCLA7B,,Solar - Photovoltaic Solar,276.35,,,2025-12-02,Active,2029-06-30,,,,Solar,Photovoltaic Solar,"SS Completed, FIS Started, No IA",2025-12-02,2025-12-15,2025-11-17 00:00:00.000,,Yes,,Not Required,Not Required,Not Required,,,WEST,,,
28INR0478,Alkali Creek Wind 2,"Alkali Creek Wind, LLC",Fisher,Texas,Tap 345 kV BUS #1048 Tonkawa - BUS #11050 Dusty Road,,Wind - Wind Turbine,250.3,,,2025-12-17,Active,2028-12-01,,,,Wind,Wind Turbine,"SS Completed, FIS Started, No IA",2025-12-17,2026-02-23,2025-11-20 00:00:00.000,,,,,,Not Required,,,WEST,,,
28INR0482,Falcon II Solar ,Falcon Energy Project ,Zapata,Texas,8004 Revilla 138 kV,,Solar - Photovoltaic Solar,100.32,,,2026-03-29,Active,2032-02-16,,,,Solar,Photovoltaic Solar,"SS Completed, FIS Started, No IA",2026-03-29,2026-06-17,2026-03-20 00:00:00.000,,,,,,Not Required,,,SOUTH,,,
28INR0483,Falcon II BESS,Falcon Energy Project ,Zapata,Texas,8004 Revilla 138 kV,,Other - Battery Energy Storage,103.3,,,2026-03-29,Active,2032-02-16,,,,Other,Battery Energy Storage,"SS Completed, FIS Started, No IA",2026-03-29,2026-06-17,2026-03-16 00:00:00.000,,,,,,,,,SOUTH,,,
28INR0484,"Pathfinder Energy Storage, LLC","Pathfinder Energy Storage, LLC",San Patricio,Texas,8437 Rincon 138kV,,Other - Battery Energy Storage,201.16,,,2026-01-26,Active,2029-12-28,,,,Other,Battery Energy Storage,"SS Completed, FIS Started, No IA",2026-01-26,2026-04-17,2026-01-23 00:00:00.000,,No,,,,,,,COASTAL,,,
28INR0485,Sparta BESS,Sparta Storage Center,Bee,Texas,88690 SPTPOI7A 345kV,,Other - Battery Energy Storage,250.95,,,2026-01-26,Active,2029-12-31,,,,Other,Battery Energy Storage,"SS Completed, FIS Started, No IA",2026-01-26,2026-04-24,,,No,,,,,,,SOUTH,,,
28INR0486,Spectra Solar,SE DC Devco,Scurry,Texas,59912 Galvani 345KV,,Solar - Photovoltaic Solar,1200.0,,,2025-12-23,Completed,2028-11-16,,,,Solar,Photovoltaic Solar,"SS Completed, FIS Started, IA",2025-12-23,2026-03-23,2025-12-19 00:00:00.000,,,2025-12-29,,,Not Required,,,WEST,,,
28INR0490,Vertus Energy Storage 2,Vertus Energy Storage 2 LLC,Galveston,Texas,38830 TNMAINLAND1 138 KV,,Other - Battery Energy Storage,204.93,,,2026-01-26,Active,2028-02-15,,,,Other,Battery Energy Storage,"SS Completed, FIS Started, No IA",2026-01-26,2026-04-17,2026-01-21 00:00:00.000,,No,,,,,,,HOUSTON,,,
28INR0494,Wilson Gas Plant,Misae Gas Power,Wilson,Texas,"Tap 345 kV 5133 ELMCREEK -  5901 MIGUEL5  CKT 1
Tap 345 kV 5133 ELMCREEK  -  5901 MIGUEL5  CKT 2",,"Gas - Internal Combustion Engine, eg. Reciprocating",402.88,,,2026-03-10,Active,2028-06-30,,,,Gas,"Internal Combustion Engine, eg. Reciprocating","SS Completed, FIS Started, No IA",2026-03-10,2026-06-04,2026-03-24 00:00:00.000,,,,,,,,,SOUTH,,,
28INR0496,Blue Kite,"RWE Clean Energy Development, LLC",San Patricio,Texas,<Bus#8956> <WHITEPOINT> <345KV>,,"Gas - Combustion (gas) Turbine, but not part of a Combined-Cycle",370.08,,,2026-03-10,Active,2030-08-29,,,,Gas,"Combustion (gas) Turbine, but not part of a Combined-Cycle","SS Completed, FIS Started, No IA",2026-03-10,2026-06-04,2026-03-06 00:00:00.000,,,,,,,,,COASTAL,,,
28INR0497,Cielo Vista Power II,"Cielo Vista Power II, LLC",Duval,Texas,"TAP 345 kV BUS # 5901 MIGUEL5 - BUS #80280
CRUCE SM 7A Ckt-1",,"Gas - Internal Combustion Engine, eg. Reciprocating",350.38,,,2026-07-06,Active,2028-12-29,,,,Gas,"Internal Combustion Engine, eg. Reciprocating","SS Started, FIS Started, No IA",2026-07-06,,2026-07-01 00:00:00.000,,,,,,,,,SOUTH,,,
28INR0498,Old Aqueduct BESS II,Tempus Power Management LLC,Hale,Texas,23920 BLKWTRDR_5 345kV,,Other - Battery Energy Storage,300.96,,,2026-03-10,Active,2030-03-01,,,,Other,Battery Energy Storage,"SS Completed, FIS Started, No IA",2026-03-10,2026-06-04,2026-03-05 00:00:00.000,,,,,,,,,PANHANDLE,,,
28INR0499,Alpha Digital Campus Combined-cycle and Co-located Load,PowerBridge LLC,Reeves,Texas,38044 TNCOWPEN__3 345kV,,Gas - Combined-Cycle,58.26,,,2026-04-28,Active,2027-12-31,,,,Gas,Combined-Cycle,"SS Completed, FIS Started, No IA",2026-04-28,2026-07-09,2026-04-15 00:00:00.000,,,,,,,,,WEST,,,
28INR0503,Rancho Grande Solar,"Bordas Renewable Energy, LLC",Zapata,Texas,345 kV Tiempo Substation #80224,,Solar - Photovoltaic Solar,251.58,,,2026-04-02,Active,2028-05-09,,,,Solar,Photovoltaic Solar,"SS Completed, FIS Started, No IA",2026-04-02,2026-06-30,2026-03-27 00:00:00.000,,,,,,Not Required,,,SOUTH,,,
28INR0504,Sweetwater 5 Repower,Sweetwater Wind 5 LLC,Nolan,Texas,Bitter Creek Substation,,Wind - Wind Turbine,79.1,,,2026-04-22,Active,2029-02-01,,,,Wind,Wind Turbine,"SS Completed, FIS Started, No IA",2026-04-22,2026-07-08,2026-04-13 00:00:00.000,,,,,,Not Required,,,WEST,,,
28INR0509,Thunder Bird 2 Gas,"Kalnin Ventures, LLC",Jack,Texas,Tap Double circuit line between Jacksbro_5 (1429) to Willowck_5 (1421) and Jacksbro_5 (1429) to Hendrch_5 (1443),,Gas - Combined-Cycle,1273.8,,,2026-05-26,Active,2031-06-14,,,,Gas,Combined-Cycle,"SS Completed, FIS Started, No IA",2026-05-26,2026-08-21,2026-07-07 00:00:00.000,,,,,,,,,NORTH,,,
28INR0514,Young Road Solar,reNRG TX 5 LLC,Baylor,Texas,The POI B is TAP 69 KV LINE AND CREATE NEW BUS BETWEENWESTOVER (784) AND LAKE KEMP SWITCH (782) 69 KV SUB STATIONS.,,Solar - Photovoltaic Solar,101.7,,,2026-05-11,Active,2028-04-30,,,,Solar,Photovoltaic Solar,"SS Completed, FIS Started, No IA",2026-05-11,2026-08-07,2026-05-01 00:00:00.000,,,,,,Not Required,,,WEST,,,
28INR0524,Anawa La Gas,Anawa La Solar LLC,Hidalgo,Texas,Liston 138 KV to Bates 138 KV,,Gas - Combined-Cycle,1220.0,,,2026-06-24,Active,2028-12-30,,,,Gas,Combined-Cycle,"SS Started, FIS Started, No IA",2026-06-24,,2026-06-10 00:00:00.000,,,,,,,,,SOUTH,,,
28INR0529,Victory Ellis–BESS,"Victory Ellis, LLC",Ellis,Texas,Tap 345kV Nimbus (2249) – Big Onion (2466) & Stainback (2217) – Elrod Switch (3159) DCKT,,Other - Battery Energy Storage,452.99,,,2026-07-10,Active,2030-09-28,,,,Other,Battery Energy Storage,"SS Completed, FIS Started, No IA",2026-07-10,2026-08-18,2026-06-26 00:00:00.000,,,,,,,,,NORTH,,,
28INR0530,Wickson Creek Gas,"Wickson Creek Center, LLC",Brazos,Texas,Jack Creek Station 345 kV (#975),,"Gas - Combustion (gas) Turbine, but not part of a Combined-Cycle",1022.08,,,2026-06-12,Active,2028-10-01,,,,Gas,"Combustion (gas) Turbine, but not part of a Combined-Cycle","SS Started, FIS Started, No IA",2026-06-12,,2026-06-04 00:00:00.000,,,,,,,,,NORTH,,,
28INR0531,Crape Myrtle Solar,Crape Myrtle Solar LLC,Ellis,Texas,Tap 345 kV 2255 OLDCNTRY_5 - 3376 NOTUS_5,,Solar - Photovoltaic Solar,140.69,,,2026-07-06,Active,2030-04-15,,,,Solar,Photovoltaic Solar,"SS Started, FIS Started, No IA",2026-07-06,,2026-06-17 00:00:00.000,,,,,,Not Required,,,NORTH,,,
28INR0532,Alpha Power Phase 1,"Palomino Alpha, LLC",Guadalupe,Texas,345kV 7042 Zorn Substation,,"Gas - Combustion (gas) Turbine, but not part of a Combined-Cycle",400.1,,,2026-07-10,Active,2028-12-31,,,,Gas,"Combustion (gas) Turbine, but not part of a Combined-Cycle","SS Started, FIS Started, No IA",2026-07-10,,2026-07-01 00:00:00.000,,,,,,,,,SOUTH,,,
28INR0535,Daisy Solar,Daisy Solar LLC,Foard,Texas,Tap 345kV 6101 RILEY7A - 60505 EDITHCLA7B,,Solar - Photovoltaic Solar,200.92,,,2026-07-06,Active,2029-06-30,,,,Solar,Photovoltaic Solar,"SS Started, FIS Started, No IA",2026-07-06,,2026-06-30 00:00:00.000,,,,Not Required,Not Required,Not Required,,,WEST,,,
29INR0003,Aurelius Solar,"IP Roman, LLC",Deaf Smith,Texas,23908 Deaf Smith station 345 kV,,Solar - Photovoltaic Solar,1124.24,,,2023-07-18,Completed,2028-06-30,,,,Solar,Photovoltaic Solar,"SS Completed, FIS Completed, IA",2023-07-18,2023-10-15,2023-07-13 00:00:00.000,2025-09-22,Yes,2025-10-09,,,Not Required,2026-03-17 00:00:00,,PANHANDLE,,,
29INR0004,Aurelius Wind,"IP Roman Wind, LLC",Deaf Smith,Texas,23908 Deaf Smith station 345 kV,,Wind - Wind Turbine,621.6,,,2023-08-14,Completed,2028-06-30,,,,Wind,Wind Turbine,"SS Completed, FIS Completed, IA",2023-08-14,2023-11-06,2023-08-07 00:00:00.000,2025-09-22,Yes,2025-10-09,,,Not Required,2026-03-17 00:00:00,,PANHANDLE,,,
29INR0009,Aurelius 2 Solar,"IP Roman, LLC",Deaf Smith,Texas,23908 Deaf Smith station 345 kV. This INR has a 600 MW PUN load at the medium voltage side of the MPTs for a total of 1800 MW PUN load (refer to the substation SLD).,,Solar - Photovoltaic Solar,445.4,,,2023-12-04,Completed,2028-09-30,,,,Solar,Photovoltaic Solar,"SS Completed, FIS Started, IA",2023-12-04,2024-03-01,2023-11-30 00:00:00.000,,,2026-07-10,,,Not Required,2026-07-13 00:00:00,,PANHANDLE,,,
29INR0010, Aurelius 2 Wind,"IP Roman Wind II, LLC",Deaf Smith,Texas,23908 Deaf Smith station 345kV,,Wind - Wind Turbine,621.6,,,2023-12-04,Active,2028-09-30,,,,Wind,Wind Turbine,"SS Completed, FIS Started, No IA",2023-12-04,2024-03-01,2023-11-30 00:00:00.000,,,,,,Not Required,,,PANHANDLE,,,
29INR0011, Aurelius 3 Solar,"IP Roman III, LLC",Deaf Smith,Texas,23908 Deaf Smith station 345 kV. This INR has a 600 MW PUN load at the medium voltage side of the MPTs for a total of 1800 MW PUN load (refer to the substation SLD).,,Solar - Photovoltaic Solar,445.4,,,2023-12-04,Active,2029-03-31,,,,Solar,Photovoltaic Solar,"SS Completed, FIS Started, No IA",2023-12-04,2024-03-01,2023-11-30 00:00:00.000,,,,,,Not Required,,,PANHANDLE,,,
29INR0012, Aurelius 3 Wind,"IP Roman III, LLC",Deaf Smith,Texas,23908 Deaf Smith station 345kV,,Wind - Wind Turbine,705.0,,,2023-12-04,Active,2029-03-31,,,,Wind,Wind Turbine,"SS Completed, FIS Started, No IA",2023-12-04,2024-03-01,2023-11-30 00:00:00.000,,,,,,Not Required,,,PANHANDLE,,,
29INR0013,Cattle Drive Solar,"Cattle Drive Solar, LLC",Crane,Texas,76000 North McCamey 345kV,,Solar - Photovoltaic Solar,307.0,,,2024-06-13,Completed,2029-03-21,,,,Solar,Photovoltaic Solar,"SS Completed, FIS Started, IA",2024-06-13,2024-09-10,2024-06-13 00:00:00.000,,,2025-12-29,,,Not Required,,,WEST,,,
29INR0015,Funston Solar,Funston Solar LLC,Jones,Texas,tap 345 kV 68000 West Shackelford – 68004 Phantom Hill Circuit 2,,Solar - Photovoltaic Solar,351.1,,,2024-02-27,Completed,2027-07-01,,,,Solar,Photovoltaic Solar,"SS Completed, FIS Completed, IA",2024-02-27,2024-05-26,2024-03-19 00:00:00.000,2025-12-17,Yes,2024-10-23,Not Required,Not Required,Not Required,2025-09-15 00:00:00,2026-01-28 00:00:00,WEST,,,
29INR0017,Big Rooter East Solar,"Big Rooter East, LLC",Robertson,Texas,39950 TNP One Plant 345 kV,,Solar - Photovoltaic Solar,554.7,,,2024-03-22,Completed,2029-05-31,,,,Solar,Photovoltaic Solar,"SS Completed, FIS Started, IA",2024-03-22,2024-06-19,2024-03-22 00:00:00.000,,,2025-06-01,,,Not Required,,,NORTH,,,
29INR0018,Big Rooter East Storage,"Big Rooter East, LLC",Robertson,Texas,39950 TNP One Plant 345 kV,,Other - Battery Energy Storage,201.03,,,2024-03-22,Completed,2029-12-31,,,,Other,Battery Energy Storage,"SS Completed, FIS Started, IA",2024-03-22,2024-06-19,2024-03-22 00:00:00.000,,,2025-06-01,Not Required,Not Required,,,,NORTH,,,
29INR0019,Infinium Solar,"Jackalope Flats Solar, LLC",Howard,Texas,#1058 Longshore Switch - #18548 Prairieland Switch 345kV Ckt 1,,Solar - Photovoltaic Solar,401.6,,,2024-08-16,Active,2029-07-01,,,,Solar,Photovoltaic Solar,"SS Completed, FIS Started, No IA",2024-08-16,2024-10-07,2024-07-18 00:00:00.000,,,,,,Not Required,,,WEST,,,
29INR0021,Buzios BESS SLF,"Buzios Energy Storage, LLC",Motley,Texas,Tap 345kV 59904 Cottonwood - 23922 White River Ckt 2,,Other - Battery Energy Storage,0.0,,,2025-04-08,Active,2029-07-01,,,,Other,Battery Energy Storage,"SS Completed, FIS Started, No IA",2025-04-08,2025-07-01,2025-01-23 00:00:00.000,,,,,,,,,PANHANDLE,,,
29INR0025,Skyrider Wind,"NextEra Energy Interconnection Holdings, LLC",Pecos,Texas,138kV #38365 TNPINION,,Wind - Wind Turbine,370.0,,,2024-11-19,Completed,2028-07-01,,,,Wind,Wind Turbine,"SS Completed, FIS Started, IA",2024-11-19,2025-02-18,2024-10-29 00:00:00.000,,No,2025-12-23,Not Required,,Not Required,2026-03-30 00:00:00,,WEST,,,
29INR0026,Skeeter Solar,"Mesquite Solar, LLC",Jones,Texas,345 kV SWEETWATER EAST (11420) - LONG CREEK (1435),,Solar - Photovoltaic Solar,251.0,,,2024-06-03,Active,2029-06-30,,,,Solar,Photovoltaic Solar,"SS Completed, FIS Started, No IA",2024-06-03,2024-08-29,2024-05-30 00:00:00.000,,Yes,,,,Not Required,,,WEST,,,
29INR0030,Commodus Solar,"IP Blackwell, LLC",Briscoe,Texas,Tap 345kV 23914 Tule Canyon - 23900 Alibates,,Solar - Photovoltaic Solar,502.1,,,2024-07-22,Active,2029-07-30,,,,Solar,Photovoltaic Solar,"SS Completed, FIS Started, No IA",2024-07-22,2024-10-17,2024-07-11 00:00:00.000,,,,,,Not Required,,,PANHANDLE,,,
29INR0031,Commodus Wind,"IP Blackwell, LLC",Briscoe,Texas,"tap 345kV 23914 Tule Canyon - 23900 Alibates
",,Wind - Wind Turbine,641.4,,,2024-07-22,Active,2029-07-30,,,,Wind,Wind Turbine,"SS Completed, FIS Started, No IA",2024-07-22,2024-10-17,2024-07-11 00:00:00.000,,,,,,Not Required,,,PANHANDLE,,,
29INR0032,Commodus 2 Solar,"IP Blackwell II, LLC",Swisher,Texas,Tapping the 345 kV Double-Circuit Line from Tule Canyon (Bus# 23914) to Alibates (Bus# 23900),,Solar - Photovoltaic Solar,502.1,,,2025-03-03,Active,2029-07-30,,,,Solar,Photovoltaic Solar,"SS Completed, FIS Started, No IA",2025-03-03,2025-06-03,2025-02-18 00:00:00.000,,,,,,Not Required,,,PANHANDLE,,,
29INR0033,Commodus 2 Wind,"IP Blackwell II, LLC",Swisher,Texas,Tapping the 345 kV Double-Circuit Line from Tule Canyon (Bus# 23914) to Alibates (Bus# 23900),,Wind - Wind Turbine,641.48,,,2025-03-03,Active,2029-07-30,,,,Wind,Wind Turbine,"SS Completed, FIS Started, No IA",2025-03-03,2025-06-03,2025-02-18 00:00:00.000,,,,,,Not Required,,,PANHANDLE,,,
29INR0034,Cavell Solar,"IP Cavell, LLC ",Castro,Texas,"Tap 345kV 23910 Windmill - 23912 Ogallala Ckt 1
",,Solar - Photovoltaic Solar,502.1,,,2024-07-22,Active,2029-07-30,,,,Solar,Photovoltaic Solar,"SS Completed, FIS Started, No IA",2024-07-22,2024-10-17,2024-06-28 00:00:00.000,,No,,,,Not Required,,,PANHANDLE,,,
29INR0035,Cavell Wind,"IP Cavell, LLC ",Castro,Texas,tap 345kV 23910 Windmill - 23912 Ogallala Ckt 1,,Wind - Wind Turbine,641.2,,,2024-07-22,Active,2029-07-30,,,,Wind,Wind Turbine,"SS Completed, FIS Started, No IA",2024-07-22,2024-10-17,2024-07-03 00:00:00.000,,No,,,,Not Required,,,PANHANDLE,,,
29INR0040,Gusty Windpower,"Gusty Windpower, LLC",Glasscock,Texas,Tap 345kV 59903 Bearkat - 1058 Longshore_5; Anemone 345 kV Station  ,,Wind - Wind Turbine,248.9,,,2024-07-30,Completed,2028-12-31,,,,Wind,Wind Turbine,"SS Completed, FIS Started, IA",2024-07-30,2024-10-27,2024-08-20 00:00:00.000,,No,2025-12-03,Not Required,Not Required,Not Required,2026-03-25 00:00:00,,WEST,,,
29INR0041,Homestead Power (TEF-Due Diligence) ,Homestead Power LLC,Austin,Texas,138 kV New Bremen #7271,,"Gas - Combustion (gas) Turbine, but not part of a Combined-Cycle",260.3,,,2024-07-30,Active,2029-12-15,,,,Gas,"Combustion (gas) Turbine, but not part of a Combined-Cycle","SS Completed, FIS Started, No IA",2024-07-30,2024-10-27,2024-07-29 00:00:00.000,,,,,,,,,SOUTH,,,
29INR0042,Slager Lake Wind,"NextEra Energy Resources Interconnection Holdings, LLC",Reagan,Texas,Tap 345kV 59903 Bearkat – 76000 NORTMC5_1Y; Badger 345 kV Station,,Wind - Wind Turbine,310.2,,,2025-09-09,Completed,2029-07-01,,,,Wind,Wind Turbine,"SS Completed, FIS Started, IA",2025-09-09,2025-11-16,2025-09-03 00:00:00.000,,,2025-12-23,Not Required,Not Required,Not Required,,,WEST,,,
29INR0050,Amphion Solar Phase 1,"Amphion Solar, LLC",Atascosa,Texas,TAP 345KV (#5709) Fowlerton - (#5901) SAN MIGUEL LINE Ckt FOWRTN_SMIGL2,,Solar - Photovoltaic Solar,180.6,,,2024-10-10,Active,2028-09-01,,,,Solar,Photovoltaic Solar,"SS Completed, FIS Started, No IA",2024-10-10,2025-01-07,2024-10-10 00:00:00.000,,,,,,Not Required,,,SOUTH,,,
29INR0056,Palomino Solar,Palomino Renewables,Hopkins,Texas,Tap 345kV 1695 Monticello - 1697 Sulphur Springs,,Solar - Photovoltaic Solar,301.2,,,2024-10-18,Active,2028-12-31,,,,Solar,Photovoltaic Solar,"SS Completed, FIS Started, No IA",2024-10-18,2025-01-13,2025-04-09 00:00:00.000,,,,,,Not Required,,,NORTH,,,
29INR0057,Palomino Storage,Palomino Renewables,Hopkins,Texas,Tap 345kV 1695 Monticello - 1697 Sulphur Springs,,Other - Battery Energy Storage,155.1,,,2024-11-19,Active,2029-05-01,,,,Other,Battery Energy Storage,"SS Completed, FIS Started, No IA",2024-11-19,2025-01-13,2025-04-09 00:00:00.000,,,,,,,,,NORTH,,,
29INR0058,Brahman Renewables Solar,Brahman Renewables,Milam,Texas,Tap Voss Lake switch #3751 – Badger Switch #3761 345 kV,,Solar - Photovoltaic Solar,100.6,,,2024-10-29,Active,2029-05-01,,,,Solar,Photovoltaic Solar,"SS Completed, FIS Started, No IA",2024-10-29,2025-01-25,2025-04-09 00:00:00.000,,,,,,Not Required,,,SOUTH,,,
29INR0059,Brahman Renewables Storage,Brahman Renewables,Milam,Texas,Tap Voss Lake switch #3751 – Badger Switch #3761 345 kV,,Other - Battery Energy Storage,203.1,,,2024-10-29,Active,2029-05-01,,,,Other,Battery Energy Storage,"SS Completed, FIS Started, No IA",2024-10-29,2025-01-25,2025-04-09 00:00:00.000,,,,,,,,,SOUTH,,,
29INR0063,Columbine Wind,Wilson Wind LLC,Gonzales,Texas,"TAP 345KV BUS #5380 SHAULA- BUS #5133 ELM CREEK 
",,Wind - Wind Turbine,295.0,,,2025-02-25,Active,2029-09-01,,,,Wind,Wind Turbine,"SS Completed, FIS Started, No IA",2025-02-25,2025-05-20,2025-02-18 00:00:00.000,,,,,,Not Required,,,SOUTH,,,
29INR0065,Cash Mills Storage Center,Mills Storage Center,Mills,Texas,Tap Line between Evant (bus#7068) and Goldthwaite (Bus# 7070),,Other - Battery Energy Storage,200.66,,,2024-11-26,Active,2029-06-01,,,,Other,Battery Energy Storage,"SS Completed, FIS Started, No IA",2024-11-26,2025-02-18,2025-03-19 00:00:00.000,,,,,,,,,NORTH,,,
29INR0068,Gregory Power Development SLF,Gregory Power Partners LLC,San Patricio,Texas,8580 Resnick 138kV,,Gas - Combined-Cycle,469.9,,,2024-11-19,Active,2028-12-19,,,,Gas,Combined-Cycle,"SS Completed, FIS Started, No IA",2024-11-19,2025-02-20,2025-03-26 00:00:00.000,,No,,2025-12-15 00:00:00,2025-12-15 00:00:00,2026-07-15 00:00:00,,,COASTAL,,,
29INR0073,Oasis wind,"NextEra Energy Interconnection Holdings, LLC",Crockett,Texas,6562 Friend Ranch Station 138kV,,Wind - Wind Turbine,300.0,,,2026-07-22,Active,2030-07-01,,,,Wind,Wind Turbine,"SS Started, FIS Started, No IA",2026-07-22,,2026-07-16 00:00:00.000,,,,,,Not Required,,,WEST,,,
29INR0077,Fluvanna Max Solar SLF,Fluvanna Max Solar LLC,Scurry,Texas,"11305 DERMOTT 345 kV
",,Solar - Photovoltaic Solar,152.7,,,2024-12-19,Active,2029-09-14,,,,Solar,Photovoltaic Solar,"SS Completed, FIS Started, No IA",2024-12-19,2025-03-18,2024-11-11 00:00:00.000,,No,,,,Not Required,,,WEST,,,
29INR0082,Peach Creek Solar,AEUG Peach Creek Solar LLC,Wharton,Texas,44040 Bailey 345 kV ,,Solar - Photovoltaic Solar,300.0,,,2024-12-19,Active,2029-09-30,,,,Solar,Photovoltaic Solar,"SS Completed, FIS Started, No IA",2024-12-19,2025-04-08,2025-12-05 00:00:00.000,,,,,,Not Required,,,SOUTH,,,
29INR0084,Jolly Rock Storage Center,Jolly Rock Storage Center LLC,Young,Texas,"Tap 138kV 1431 GRAHAM Plant Switch - 11525 Short Grass Circuit 1.
",,Other - Battery Energy Storage,208.57,,,2024-12-19,Active,2029-05-16,,,,Other,Battery Energy Storage,"SS Completed, FIS Started, No IA",2024-12-19,2025-03-18,2025-04-23 00:00:00.000,,,,,,,,,WEST,,,
29INR0085,Firefly Fields Solar,Firefly Fields Energy Center LLC,Colorado,Texas,Tap 138 kV <57640> <Rock Island> - <7258> <Glidden>,,Solar - Photovoltaic Solar,100.52,,,2025-01-13,Active,2028-09-30,,,,Solar,Photovoltaic Solar,"SS Completed, FIS Started, No IA",2025-01-13,2025-04-08,2024-12-09 00:00:00.000,,,,,,Not Required,,,SOUTH,,,
29INR0103,Meitner 2 Wind,"IP Meitner, LLC",Gray,Texas,79000 Gray Substation 345kV,,Wind - Wind Turbine,709.1,,,2025-06-05,Active,2028-06-30,,,,Wind,Wind Turbine,"SS Completed, FIS Started, No IA",2025-06-05,2025-09-02,2025-04-18 00:00:00.000,,,,,,Not Required,,,PANHANDLE,,,
29INR0105,Falls County Storage,Aurora Solar LLC,Falls,Texas,3711 BALSW 345kV,,Other - Battery Energy Storage,60.0,,,2025-04-29,Active,2029-10-01,,,,Other,Battery Energy Storage,"SS Completed, FIS Started, No IA",2025-04-29,2025-07-26,2026-01-14 00:00:00.000,,,,,,,,,NORTH,,,
29INR0106,Kalina Storage,Aurora Solar LLC,San Patricio,Texas,8606 GODDARD 345kV,,Other - Battery Energy Storage,104.56,,,2025-04-21,Active,2029-12-01,,,,Other,Battery Energy Storage,"SS Completed, FIS Started, No IA",2025-04-21,2025-07-19,2026-01-15 00:00:00.000,,No,,Not Required,Not Required,,,,COASTAL,,,
29INR0107,7L Solar SLF,"7L Solar, LLC",Dimmit,Texas,Tap 69kV 5870 Brundage - 5868 Big Wells,,Solar - Photovoltaic Solar,71.6,,,2025-09-22,Active,2029-11-13,,,,Solar,Photovoltaic Solar,"SS Completed, FIS Started, No IA",2025-09-22,2025-12-12,2025-09-12 00:00:00.000,,,,,,Not Required,,,SOUTH,,,
29INR0108,7L Storage SLF,"7L Solar, LLC",Dimmit,Texas,Tap 69kV 5870 Brundage - 5868 Big Wells,,Other - Battery Energy Storage,0.0,,,2025-09-22,Active,2029-11-13,,,,Other,Battery Energy Storage,"SS Completed, FIS Started, No IA",2025-09-22,2025-12-12,2025-09-12 00:00:00.000,,,,,,,,,SOUTH,,,
29INR0115,Cielo Vista Storage,"Cielo Vista Storage, LLC",Duval,Texas,Tap 345kV Bus #5901 Miguel5 - Bus #80079 Cruce7A Ckt 1,,Other - Battery Energy Storage,310.8,,,2025-04-21,Active,2029-03-30,,,,Other,Battery Energy Storage,"SS Completed, FIS Started, No IA",2025-04-21,2025-07-18,2025-03-25 00:00:00.000,,,,,,,,,SOUTH,,,
29INR0119,Simsboro Storage,Simsboro Storage LLC,Freestone,Texas,Tap Outlaw (3386) – Limestone (46020),,Other - Battery Energy Storage,301.6,,,2025-06-11,Active,2029-03-31,,,,Other,Battery Energy Storage,"SS Completed, FIS Started, No IA",2025-06-11,2025-09-04,2025-05-21 00:00:00.000,,,,,,,,,NORTH,,,
29INR0120,MilamStation Power Secured Gas Generation,"LCC-TX8, LLC",Milam,Texas,Little Pond Switch (Bus #3377) – Hog Creek Switch (Bus #3704) 345 kV Line,,Gas - Combined-Cycle,846.0,,,2025-03-24,Active,2029-09-25,,,,Gas,Combined-Cycle,"SS Completed, FIS Started, No IA",2025-03-24,2025-06-19,2025-12-12 00:00:00.000,,No,,,,,,,SOUTH,,,
29INR0123,Firefly Fields Storage,Firefly Fields Energy Center LLC,Colorado,Texas,Tap 138 kV 57640 Rock Island to 7258 Glidden,,Other - Battery Energy Storage,156.52,,,2025-03-24,Active,2028-09-30,,,,Other,Battery Energy Storage,"SS Completed, FIS Started, No IA",2025-03-24,2025-06-19,2025-03-19 00:00:00.000,,,,,,,,,SOUTH,,,
29INR0124,Apricot Sun Solar,"Apricot Sun Energy Center, LLC",Duval,Texas,Tap 80079 (Cruce) - 5901 (San Miguel) 345 kV Ckt 1,,Solar - Photovoltaic Solar,200.84,,,2025-04-01,Active,2029-09-30,,,,Solar,Photovoltaic Solar,"SS Completed, FIS Started, No IA",2025-04-01,2025-06-25,2025-03-30 00:00:00.000,,,,,,Not Required,,,SOUTH,,,
29INR0125,Apricot Sun Storage,"Apricot Sun Energy Center, LLC",Duval,Texas,Tap 80079 (Cruce) - 5901 (San Miguel) 345 kV Ckt 1,,Other - Battery Energy Storage,200.84,,,2025-04-01,Active,2029-09-30,,,,Other,Battery Energy Storage,"SS Completed, FIS Started, No IA",2025-04-01,2025-06-25,2025-03-30 00:00:00.000,,,,,,,,,SOUTH,,,
29INR0131,Caesar Solar,"Caesar Solar, LLC",Borden,Texas,59916 Buck Canyon 345 kV,,Solar - Photovoltaic Solar,181.6,,,2025-07-29,Active,2029-11-26,,,,Solar,Photovoltaic Solar,"SS Completed, FIS Started, No IA",2025-07-29,2025-10-22,2025-07-07 00:00:00.000,,No,,,,Not Required,,,WEST,,,
29INR0132,Caesar Storage,"Caesar Solar, LLC",Borden,Texas,59916 Buck Canyon 345 kV,,Other - Battery Energy Storage,205.5,,,2025-07-29,Active,2029-11-26,,,,Other,Battery Energy Storage,"SS Completed, FIS Started, No IA",2025-07-29,2025-10-22,2025-07-07 00:00:00.000,,,,,,,,,WEST,,,
29INR0139,Trail Ranch Solar 1,Aurora Solar LLC,Concho,Texas,Tap 345KV  #6444 Red Creek  - #7077 AMOS Creek ,,Solar - Photovoltaic Solar,301.9,,,2025-11-18,Active,2029-12-01,,,,Solar,Photovoltaic Solar,"SS Completed, FIS Started, No IA",2025-11-18,2026-01-19,2026-07-16 00:00:00.000,,,,,,Not Required,,,WEST,,,
29INR0145,Elysium Energy Center BESS,Adapture Solar Development,Fort Bend,Texas,44030 Arcola 138 kV,,Other - Battery Energy Storage,100.0,,,2025-04-21,Active,2030-01-17,,,,Other,Battery Energy Storage,"SS Completed, FIS Started, No IA",2025-04-21,2025-07-19,,,,,,,,,,HOUSTON,,,
29INR0146,Estrella Dorada Wind,"Estrella Dorada Wind Farm, LLC",Duval,Texas,Tap 345 kV 80079 Cruce - 5901 San Miguel Ckt 2,,Wind - Wind Turbine,306.0,,,2025-07-21,Active,2029-07-13,,,,Wind,Wind Turbine,"SS Completed, FIS Started, No IA",2025-07-21,2025-09-30,2025-07-17 00:00:00.000,,,,,,Not Required,,,SOUTH,,,
29INR0147,Selenite Springs Solar,"Selenite Springs Solar, LLC",Pecos,Texas,Tap 138kV 38355 Leon Creek Switching Station - 38308 Woodhouse Switching Station,,Solar - Photovoltaic Solar,253.0,,,2025-04-21,Completed,2028-08-30,,,,Solar,Photovoltaic Solar,"SS Completed, FIS Started, IA",2025-04-21,2025-07-19,2025-04-18 00:00:00.000,,No,2025-12-24,Not Required,Not Required,Not Required,2026-03-24 00:00:00,,WEST,,,
29INR0148,Big Field Solar,Big Field Solar Energy LLC,Foard,Texas,Tap 345kV 6101 RILEY7A - 60505 EDITHCLA7B ,,Solar - Photovoltaic Solar,506.17,,,2025-06-11,Active,2029-12-31,,,,Solar,Photovoltaic Solar,"SS Completed, FIS Started, No IA",2025-06-11,2025-09-04,,,Yes,,,,Not Required,,,WEST,,,
29INR0150,Jewett Energy Center 1 Gas,Jewett Energy Center LLC,Freestone,Texas,Tap #3391 JEWETT_N5 - #46020 LMEST_POI_5 and Tap #3390 JEWETT_S5 - #46020 LMEST_POI_5,,Gas - Combined-Cycle,1274.0,,,2025-10-21,Completed,2029-11-01,,,,Gas,Combined-Cycle,"SS Completed, FIS Started, IA",2025-10-21,2025-11-19,2025-10-14 00:00:00.000,,,2026-07-15,,,,,,NORTH,,,
29INR0152,Ranger BESS,Nova Clean Energy LLC,Medina,Texas,"SSWG Bus name: CSTROVILESB8 , Bus# : 5804
Planning Bus long name: CSTROVILESB8, 138 kV",,Other - Battery Energy Storage,155.2,,,2025-06-12,Active,2029-04-29,,,,Other,Battery Energy Storage,"SS Completed, FIS Started, No IA",2025-06-12,2025-09-04,2025-05-15 00:00:00.000,,,,,,,,,SOUTH,,,
29INR0154,Las Mujeres Solar,"Las Mujeres Solar, LLC",Jim Hogg,Texas,Cruces 7A (Bus #80079),,Solar - Photovoltaic Solar,684.33,,,2026-05-13,Active,2029-12-01,,,,Solar,Photovoltaic Solar,"SS Completed, FIS Started, No IA",2026-05-13,2026-08-06,2026-05-13 00:00:00.000,,,,,,Not Required,,,SOUTH,,,
29INR0158,NRG Prairie Energy Center ,NRG Prairie Energy Center LLC,Hill,Texas,Tap #1907 Venus Switch – #3389 Fort Smith Switch 345 kV,,Gas - Combined-Cycle,1253.0,,,2026-04-02,Active,2030-12-31,,,,Gas,Combined-Cycle,"SS Completed, FIS Started, No IA",2026-04-02,2026-06-30,2026-03-25 00:00:00.000,,,,,,,,,NORTH,,,
29INR0160,Cazadores Solar,OCI Energy LLC,Duval,Texas,Tap 345 kV (80079) CRUCE7A – (5901) MIGUEL5 CKT 2,,Solar - Photovoltaic Solar,301.62,,,2025-07-07,Active,2029-04-10,,,,Solar,Photovoltaic Solar,"SS Completed, FIS Started, No IA",2025-07-07,2025-10-01,2025-06-20 00:00:00.000,,,,,,Not Required,,,SOUTH,,,
29INR0162,Wolf Bone North Energy Center (OLD),NRG Wolf Bone Energy Center LLC,Reeves,Texas,"Tap 345 kV 60404 SOLTICE7A - 18669 TOYAHCRK_5 Ckt 1
Tap 345 kV 60404 SOLTICE7A - 18669 TOYAHCRK_5 Ckt 2",,Gas - Combined-Cycle,1204.0,,,2025-10-21,Active,2029-11-01,,,,Gas,Combined-Cycle,"SS Completed, FIS Started, No IA",2025-10-21,2026-01-06,2025-09-19 00:00:00.000,,,,,,,,,WEST,,,
29INR0166,LOST PINES GAS RECIP,LCRA,Bastrop,Texas,(#170174) LOST PINES 345 kV,,"Gas - Internal Combustion Engine, eg. Reciprocating",113.02,,,2025-07-07,Completed,2033-06-01,,,,Gas,"Internal Combustion Engine, eg. Reciprocating","SS Completed, FIS Started, IA",2025-07-07,2025-09-30,2025-07-02 00:00:00.000,,Yes,2025-12-26,,,,,,SOUTH,,,
29INR0167,Big Watt Power Austin-1,Big Watt Power Austin-1 LLC,Caldwell,Texas,Tapping the 345 kV Double circuit Line: Zorn (Bus# 7042) - Lytton Springs (Bus# 9074) and Zorn (Bus# 7042) -  Austrop (Bus# 7040).,,Gas - Combined-Cycle,448.98,,,2025-10-03,Active,2028-11-01,,,,Gas,Combined-Cycle,"SS Completed, FIS Started, No IA",2025-10-03,2025-11-14,2025-09-26 00:00:00.000,,,,,,,,,SOUTH,,,
29INR0169,Falcon BESS,"Falcon Energy Project, LLC",Zapata,Texas,Tap 345kV #80225 CENIZO to #80307 DEL SOL,,Other - Battery Energy Storage,516.72,,,2025-09-09,Active,2029-12-01,,,,Other,Battery Energy Storage,"SS Completed, FIS Started, No IA",2025-09-09,2025-10-28,2025-08-28 00:00:00.000,,,,,,,,,SOUTH,,,
29INR0170,Three Ranches BESS,Three Ranches Energy LLC,Brewster,Texas,TAP 138kV #6680 Alamitto Creek - #60444 Hayter Ranch,,Other - Battery Energy Storage,103.37,,,2025-08-21,Active,2029-12-01,,,,Other,Battery Energy Storage,"SS Completed, FIS Started, No IA",2025-08-21,2025-11-10,2025-08-29 00:00:00.000,,,,,,,,,WEST,,,
29INR0171,Sweetheart Solar,"Sweetheart Energy, LLC",Young,Texas,Tap 345kV #1430 GRAHAM SES - # 17002 GARVEY ROAD SWITCH,,Solar - Photovoltaic Solar,301.14,,,2025-08-26,Active,2029-12-01,,,,Solar,Photovoltaic Solar,"SS Completed, FIS Started, No IA",2025-08-26,2025-11-18,2025-08-11 00:00:00.000,,,,,,Not Required,,,WEST,,,
29INR0172,Sweetheart BESS,"Sweetheart Energy, LLC",Young,Texas,Tap 345kV #1430 GRAHAM SES - # 17002 GARVEY ROAD SWITCH,,Other - Battery Energy Storage,310.16,,,2025-08-26,Active,2029-12-01,,,,Other,Battery Energy Storage,"SS Completed, FIS Started, No IA",2025-08-26,2025-11-18,2025-08-11 00:00:00.000,,,,,,,,,WEST,,,
29INR0173,Howard Road BESS,Project Fast Flow LLC,Bexar,Texas,5231 HOWARD RD 345 kV,,Other - Battery Energy Storage,617.63,,,2025-07-29,Active,2028-04-01,,,,Other,Battery Energy Storage,"SS Completed, FIS Started, No IA",2025-07-29,2025-10-26,2025-07-16 00:00:00.000,,,,,,,,,SOUTH,,,
29INR0174,Palisade BESS,Flexen USA LLC,Brazoria,Texas,Hoffman (42810) - Lake Jackson (42880) 138 kV line ,,Other - Battery Energy Storage,153.5,,,2025-09-23,Active,2029-10-01,,,,Other,Battery Energy Storage,"SS Completed, FIS Started, No IA",2025-09-23,2025-12-23,2025-09-23 00:00:00.000,,No,,,,,,,COASTAL,,,
29INR0175,Black Mountain Hale Gas,Fort Worth Power Core LLC,Hale,Texas,345 kV Blackwater Draw Switch (#23920),,Gas - Combined-Cycle,990.6,,,2025-08-27,Active,2030-04-16,,,,Gas,Combined-Cycle,"SS Completed, FIS Started, No IA",2025-08-27,2025-11-18,2025-08-28 00:00:00.000,,,,,,,,,PANHANDLE,,,
29INR0176,SCHNEIDER GAS RICE,LCRA,Caldwell,Texas,Double Tap 345kV #7042 Zorn - #7040 Austrop and #7042 Zorn - #9074 Lytton Springs,,"Gas - Internal Combustion Engine, eg. Reciprocating",113.02,,,2025-07-29,Completed,2030-12-17,,,,Gas,"Internal Combustion Engine, eg. Reciprocating","SS Completed, FIS Started, IA",2025-07-29,2025-10-26,2025-07-25 00:00:00.000,,,2025-12-19,,,,,,SOUTH,,,
29INR0177,Rattlesnake Gap Wind SLF,ET Fuels US Inc. ,Howard,Texas,10119 Tributary Switch 138 kV,,Wind - Wind Turbine,200.0,,,2025-09-22,Active,2029-06-01,,,,Wind,Wind Turbine,"SS Completed, FIS Started, No IA",2025-09-22,2025-12-12,2025-09-12 00:00:00.000,,No,,,,Not Required,,,WEST,,,
29INR0178,Rattlesnake Gap Solar SLF,ET Fuels US Inc. ,Howard,Texas,10119 Tributary Switch 138 kV,,Solar - Photovoltaic Solar,0.0,,,2025-09-22,Active,2029-06-01,,,,Solar,Photovoltaic Solar,"SS Completed, FIS Started, No IA",2025-09-22,2025-12-12,2025-09-15 00:00:00.000,,No,,,,Not Required,,,WEST,,,
29INR0179,Rattlesnake Gap Storage SLF,ET Fuels US Inc. ,Howard,Texas,10119 Tributary Switch 138 kV,,Other - Battery Energy Storage,0.0,,,2025-09-22,Active,2029-06-01,,,,Other,Battery Energy Storage,"SS Completed, FIS Started, No IA",2025-09-22,2025-12-12,2025-09-15 00:00:00.000,,No,,,,,,,WEST,,,
29INR0181,Pecos Flats Solar,"Glass Mountain Solar, LLC",Pecos,Texas,60404 SOLSTICE 345 kV,,Solar - Photovoltaic Solar,302.38,,,2025-09-22,Active,2029-10-20,,,,Solar,Photovoltaic Solar,"SS Completed, FIS Started, No IA",2025-09-22,2025-12-15,2025-09-05 00:00:00.000,,,,,,Not Required,,,WEST,,,
29INR0182,Pecos Flats Solar II,"Glass Mountain Solar, LLC",Pecos,Texas,Tap 345 kV 60404 SOLSTICE - 11098 SANDLAKE_5 ,,Solar - Photovoltaic Solar,301.5,,,2025-09-22,Active,2029-02-05,,,,Solar,Photovoltaic Solar,"SS Completed, FIS Started, No IA",2025-09-22,2025-12-15,2025-09-05 00:00:00.000,,,,,,Not Required,,,WEST,,,
29INR0183,Pecos Flats Solar III,"Glass Mountain Solar, LLC",Pecos,Texas,Tap 345 kV 60404 SOLSTICE - 11098 SANDLAKE_5 ,,Solar - Photovoltaic Solar,301.5,,,2025-09-22,Active,2029-02-05,,,,Solar,Photovoltaic Solar,"SS Completed, FIS Started, No IA",2025-09-22,2025-12-15,2025-09-05 00:00:00.000,,,,,,Not Required,,,WEST,,,
29INR0184,Gridline Solar,Big Lake Ranch LLC,Crockett,Texas,76005 Schneeman Draw LCRA,,Solar - Photovoltaic Solar,400.0,,,2025-08-18,Active,2029-07-01,,,,Solar,Photovoltaic Solar,"SS Completed, FIS Started, No IA",2025-08-18,2025-11-10,2025-07-31 00:00:00.000,,,,,,Not Required,,,WEST,,,
29INR0185,Roan Solar Phase 1,"Roan Solar, LLC",Sterling,Texas,Divide (#76090) to Sand Bluff Wind Farm (#59902) 345 kV,,Solar - Photovoltaic Solar,205.9,,,2025-10-21,Active,2029-04-30,,,,Solar,Photovoltaic Solar,"SS Completed, FIS Started, No IA",2025-10-21,2025-12-12,2025-10-14 00:00:00.000,,,,,,Not Required,,,WEST,,,
29INR0187,Roan Solar Phase 2,"Roan Solar, LLC",Sterling,Texas,Divide (#76090) to Sand Bluff Wind Farm (#59902) 345 kV,,Solar - Photovoltaic Solar,205.9,,,2025-10-21,Active,2029-12-15,,,,Solar,Photovoltaic Solar,"SS Completed, FIS Started, No IA",2025-10-21,2025-12-12,2025-10-14 00:00:00.000,,,,,,Not Required,,,WEST,,,
29INR0188,Star Of Texas Solar,"BOULEVARD ASSOCIATES, LLC",Pecos,Texas,60152 Fort Stockton Switch 345kV,,Solar - Photovoltaic Solar,415.0,,,2025-08-18,Active,2029-07-01,,,,Solar,Photovoltaic Solar,"SS Completed, FIS Started, No IA",2025-08-18,2025-11-10,2025-08-12 00:00:00.000,,,,,,Not Required,,,WEST,,,
29INR0189,Project Alpha Solar,SGE Alpha Energy LLC,Hopkins,Texas,138 kV COOPER LAKE PUMP TAP bus# 1822 ---- 138 KV #1814 SULPHUR SPRINGS,,Solar - Photovoltaic Solar,121.95,,,2025-09-09,Active,2029-09-24,,,,Solar,Photovoltaic Solar,"SS Completed, FIS Started, No IA",2025-09-09,2025-12-11,2026-01-28 00:00:00.000,,,,,,Not Required,,,NORTH,,,
29INR0191,Black Mountain Fannin Gas,Black Mountain Power LLC,Fannin,Texas,345 KV #1729 Valley South,,Gas - Combined-Cycle,990.59,,,2026-06-04,Active,2030-04-26,,,,Gas,Combined-Cycle,"SS Completed, FIS Started, No IA",2026-06-04,2026-08-28,2026-05-14 00:00:00.000,,,,,,,,,NORTH,,,
29INR0192,Spurland Solar I,Spurland Solar I,Dickens,Texas,"59908 Nova Prime 345 345kV
",,Solar - Photovoltaic Solar,302.1,,,2025-11-05,Completed,2028-12-30,,,,Solar,Photovoltaic Solar,"SS Completed, FIS Started, IA",2025-11-05,2026-01-12,2025-10-23 00:00:00.000,,,2026-08-06,,,Not Required,2026-08-27 00:00:00,,PANHANDLE,,,
29INR0194,Glass Mountain Wind 1,"Glass Mountain Wind, LLC",Reeves,Texas,Tap 345 kV 60404 SOLSTICE - 11098 SANDLAKE_5 ,,Wind - Wind Turbine,511.5,,,2026-01-13,Active,2028-12-31,,,,Wind,Wind Turbine,"SS Completed, FIS Started, No IA",2026-01-13,2026-04-07,2026-01-09 00:00:00.000,,,,,,Not Required,,,WEST,,,
29INR0195,Spurland Solar II,Spurland Solar II,Dickens,Texas,59908 Nova Prime 345 345kV,,Solar - Photovoltaic Solar,201.6,,,2025-11-05,Completed,2028-12-30,,,,Solar,Photovoltaic Solar,"SS Completed, FIS Started, IA",2025-11-05,2026-01-12,2025-10-23 00:00:00.000,,,2026-08-06,,,Not Required,,,PANHANDLE,,,
29INR0196,Two Step Solar,"Two Step Solar, LLC",Ellis,Texas,Tap 345kV 1907 Venus - 68091 Navarro,,Solar - Photovoltaic Solar,401.62,,,2025-12-17,Active,2029-09-17,,,,Solar,Photovoltaic Solar,"SS Completed, FIS Started, No IA",2025-12-17,2026-02-04,2025-11-12 00:00:00.000,,No,,,,Not Required,,,NORTH,,,
29INR0197,Zora Solar,"Zora Solar, LLC",Wharton,Texas,46650 Athena 138 kV,,Solar - Photovoltaic Solar,250.8,,,2026-05-13,Active,2029-10-15,,,,Solar,Photovoltaic Solar,"SS Completed, FIS Started, No IA",2026-05-13,2026-08-10,2026-05-12 00:00:00.000,,,,,,Not Required,,,SOUTH,,,
29INR0198,Velveteen Solar I,"Velveteen Solar, LLC",Baylor,Texas,Tap into 6076 FOXTAIL- 6100 OKLAUNION ,,Solar - Photovoltaic Solar,502.2,,,2025-12-23,Active,2029-10-15,,,,Solar,Photovoltaic Solar,"SS Completed, FIS Started, No IA",2025-12-23,2026-03-23,2025-12-19 00:00:00.000,,,,,,Not Required,,,WEST,,,
29INR0199,Kilby1 Part 6 Large Block Combined Cycle,Energy Forge One LLC,Reeves,Texas,#60404 Solstice Substation 345 kV,,Gas - Combined-Cycle,1056.0,,,2026-02-25,Active,2029-07-19,,,,Gas,Combined-Cycle,"SS Completed, FIS Started, No IA",2026-02-25,2026-05-22,2026-02-16 00:00:00.000,,,,,,,,,WEST,,,
29INR0203,Miller Bend Energy Solar,"Miller Bend Energy, LLC",Young,Texas,Tap 345kV (Bus1#1430) Graham SES to (Bus2#11050) Dusty Road,,Solar - Photovoltaic Solar,531.84,,,2025-12-17,Active,2029-12-01,,,,Solar,Photovoltaic Solar,"SS Completed, FIS Started, No IA",2025-12-17,2026-02-04,2025-11-25 00:00:00.000,,No,,,,Not Required,,,WEST,,,
29INR0204,Miller Bend Energy BESS,"Miller Bend Energy , LLC",Young,Texas,Tap 345kV (Bus1#1430) Graham SES to (Bus2#11050) Dusty Road ,,Other - Battery Energy Storage,547.65,,,2025-12-17,Active,2029-12-01,,,,Other,Battery Energy Storage,"SS Completed, FIS Started, No IA",2025-12-17,2026-02-05,2025-11-25 00:00:00.000,,No,,,,,,,WEST,,,
29INR0206,Riviera Gas,BKV-BPP Power ,Bell,Texas,Tap #3414 Temple Switch - #3780 Tower Switch 345kV DCKT Line,,Gas - Combined-Cycle,636.9,,,2025-11-05,Active,2030-06-14,,,,Gas,Combined-Cycle,"SS Completed, FIS Started, No IA",2025-11-05,2026-01-19,2025-10-30 00:00:00.000,,,,,,,,,NORTH,,,
29INR0207,Alila BESS II,"Electra Energy Project, LLC",San Patricio,Texas,8249 Angstrom 345kV,,Other - Battery Energy Storage,205.71,,,2026-01-13,Active,2029-01-25,,,,Other,Battery Energy Storage,"SS Completed, FIS Started, No IA",2026-01-13,2026-04-06,2025-12-12 00:00:00.000,,,,,,,,,COASTAL,,,
29INR0210,Sawtooth Solar,"Sawtooth Solar, LLC",Runnels,Texas,Tap to the 345kV Odysseus (Bus#60072) to Bluff Creek (Bus #60040) line,,Solar - Photovoltaic Solar,201.36,,,2025-11-24,Active,2030-08-01,,,,Solar,Photovoltaic Solar,"SS Completed, FIS Started, No IA",2025-11-24,2025-12-15,2025-11-18 00:00:00.000,,Yes,,Not Required,Not Required,Not Required,,,WEST,,,
29INR0211,Enfinity Juniper Storage,EG Juniper LLC,Guadalupe,Texas,Hickory Forest (7225),,Other - Battery Energy Storage,261.08,,,2026-02-05,Active,2029-12-18,,,,Other,Battery Energy Storage,"SS Completed, FIS Started, No IA",2026-02-05,2026-05-01,2026-02-05 00:00:00.000,,No,,,,,,,SOUTH,,,
29INR0212,Rosenix Solar,"Rosenix Solar, LLC",Mitchell,Texas,Cattleman (#10053)  – Gasconades (#76030) ,,Solar - Photovoltaic Solar,510.0,,,2026-07-08,Active,2029-12-31,,,,Solar,Photovoltaic Solar,"SS Started, FIS Started, No IA",2026-07-08,,2026-07-01 00:00:00.000,,,,,,Not Required,,,WEST,,,
29INR0213,Rosenix Storage,"Rosenix Solar, LLC",Mitchell,Texas,MORGAN CREEK (#1030) - GASCONADES (#76030),,Other - Battery Energy Storage,250.0,,,2026-07-22,Active,2029-12-31,,,,Other,Battery Energy Storage,"SS Started, FIS Started, No IA",2026-07-22,,2026-07-10 00:00:00.000,,,,,,,,,WEST,,,
29INR0214,Amphion Storage,"Amphion Solar, LLC",Atascosa,Texas,TAP 345KV (#5709) Fowlerton - (#5901) SAN MIGUEL LINE Ckt-2,,Other - Battery Energy Storage,200.0,,,2026-02-10,Active,2029-05-15,,,,Other,Battery Energy Storage,"SS Completed, FIS Started, No IA",2026-02-10,2026-03-26,2026-01-29 00:00:00.000,,No,,,,,,,SOUTH,,,
29INR0217,Kickstart Energy Storage V,Kickstart Infrastructure LLC,Ellis,Texas,345 KV Venus 1906 to Fort Smith 3389,,Other - Battery Energy Storage,999.0,,,2025-11-24,Active,2029-12-31,,,,Other,Battery Energy Storage,"SS Completed, FIS Started, No IA",2025-11-24,2026-01-19,2025-11-21 00:00:00.000,,,,,,,,,NORTH,,,
29INR0218,Kickstart Energy Storage VI,Kickstart Infrastructure LLC,Ellis,Texas,345 KV Venus 1907 to Navarro 68091,,Other - Battery Energy Storage,1026.2,,,2025-12-17,Active,2029-12-31,,,,Other,Battery Energy Storage,"SS Completed, FIS Started, No IA",2025-12-17,2026-02-23,2025-11-21 00:00:00.000,,,,,,,,,NORTH,,,
29INR0219,Cenizo Solar,Cenizo Energy Center LLC,Webb,Texas,Tap 345 kV 80220 Cenizo - 80079 Cruce Ckt 2,,Solar - Photovoltaic Solar,301.39,,,2025-11-24,Active,2029-12-31,,,,Solar,Photovoltaic Solar,"SS Completed, FIS Started, No IA",2025-11-24,2025-12-19,2025-11-20 00:00:00.000,,No,,,,Not Required,,,SOUTH,,,
29INR0220, Paintbrush PV3,Renew Development HoldCo LLC,Coleman,Texas,Tap 345kV 1444 Brown Switch – 60040 Bluff Creek Switch & 1444 Brown Switch – 11406 Central Bluff Switch,,Solar - Photovoltaic Solar,251.5,,,2025-12-02,Active,2030-10-15,,,,Solar,Photovoltaic Solar,"SS Completed, FIS Started, No IA",2025-12-02,2026-01-19,2025-11-13 00:00:00.000,,,,,,Not Required,,,WEST,,,
29INR0221, Paintbrush PV4,Renew Development HoldCo LLC,Coleman,Texas,Tap 345kV 1444 Brown Switch – 60040 Bluff Creek Switch & 1444 Brown Switch – 11406 Central Bluff Switch,,Solar - Photovoltaic Solar,251.5,,,2025-12-02,Active,2030-10-15,,,,Solar,Photovoltaic Solar,"SS Completed, FIS Started, No IA",2025-12-02,2026-01-19,2025-11-13 00:00:00.000,,,,,,Not Required,,,WEST,,,
29INR0222,Paintbrush BESS1,Renew Development HoldCo LLC,Coleman,Texas,Tap 345kV 1444 Brown Switch – 60040 Bluff Creek Switch & 1444 Brown Switch – 11406 Central Bluff Switch,,Other - Battery Energy Storage,201.31,,,2026-01-13,Active,2030-10-15,,,,Other,Battery Energy Storage,"SS Completed, FIS Started, No IA",2026-01-13,2026-04-07,2025-12-10 00:00:00.000,,No,,,,,,,WEST,,,
29INR0223,Mandolin Solar II SLF,"Mandolin Energy Center II, LLC",Starr,Texas,Tap 345kV 80355 Del Sol - 80227 Rapido,,Solar - Photovoltaic Solar,304.4,,,2026-07-23,Active,2029-06-15,,,,Solar,Photovoltaic Solar,"SS Completed, FIS Started, No IA",2026-07-23,2026-08-18,2026-06-17 00:00:00.000,,,,,,Not Required,,,SOUTH,,,
29INR0225,Velveteen Solar II,"Velveteen Solar II, LLC",Baylor,Texas,Tap into 6076 FOXTAIL- 6100 OKLAUNION ,,Solar - Photovoltaic Solar,300.9,,,2025-12-23,Active,2029-12-15,,,,Solar,Photovoltaic Solar,"SS Completed, FIS Started, No IA",2025-12-23,2026-03-23,2025-12-19 00:00:00.000,,,,,,Not Required,,,WEST,,,
29INR0226,Velveteen Solar III,"Velveteen Solar III, LLC",Baylor,Texas,Tap into 6076 FOXTAIL- 6100 OKLAUNION,,Solar - Photovoltaic Solar,200.7,,,2026-01-13,Active,2029-12-15,,,,Solar,Photovoltaic Solar,"SS Completed, FIS Started, No IA",2026-01-13,2026-04-07,2025-12-09 00:00:00.000,,No,,,,Not Required,,,WEST,,,
29INR0227,San Patricio Energy Center BESS,Ferrovial Energy US 1 ,San Patricio,Texas,8606 Goddard 345kV,,Other - Battery Energy Storage,300.84,,,2026-01-13,Active,2029-03-31,,,,Other,Battery Energy Storage,"SS Completed, FIS Started, No IA",2026-01-13,2026-04-07,2025-12-31 00:00:00.000,,No,,,,,,,COASTAL,,,
29INR0229,Brazos Energy Center 1,Ferrovial Energy US 1 ,McLennan,Texas,Tap <345><3791><POSSUMTROT_5 >-<3403> <LAKE_HALL_5>,,Other - Battery Energy Storage,300.6,,,2026-01-13,Active,2029-09-18,,,,Other,Battery Energy Storage,"SS Completed, FIS Started, No IA",2026-01-13,2026-04-07,2025-12-17 00:00:00.000,,No,,,,,,,NORTH,,,
29INR0230,Brazos Energy Center 2,Ferrovial Energy US 1,McLennan,Texas,Tap <345><3791><POSSUMTROT_5 >-<3403> <LAKE_HALL_5>,,Other - Battery Energy Storage,300.6,,,2026-01-13,Active,2029-09-18,,,,Other,Battery Energy Storage,"SS Completed, FIS Started, No IA",2026-01-13,2026-04-07,2025-12-17 00:00:00.000,,No,,,,,,,NORTH,,,
29INR0231,Tango Lily Solar,Lightsource Renewable Energy Development LLC,Tom Green,Texas,Tap 138kV 60008 TRIBUTE4A - 6442 REDCREEK4A,,Solar - Photovoltaic Solar,200.95,,,2026-01-26,Active,2029-12-21,,,,Solar,Photovoltaic Solar,"SS Completed, FIS Started, No IA",2026-01-26,2026-04-17,2025-12-19 00:00:00.000,,No,,Not Required,Not Required,Not Required,,,WEST,,,
29INR0242,Enfinity Redbud Storage,EG Redbud LLC,Comal,Texas,345kV Hays Energy (7043) - 345kV Bergheim (7770),,Other - Battery Energy Storage,516.05,,,2026-02-10,Active,2029-12-18,,,,Other,Battery Energy Storage,"SS Completed, FIS Started, No IA",2026-02-10,2026-05-08,2026-02-06 00:00:00.000,,No,,,,,,,SOUTH,,,
29INR0243,Oak Belt Solar,"Oak Belt Solar, LLC",Victoria,Texas,Tap 138kV (Bus #5506) FURHMANSB8 - (Bus #5584) VANDERBLTSW8,,Solar - Photovoltaic Solar,181.0,,,2025-12-23,Active,2029-10-15,,,,Solar,Photovoltaic Solar,"SS Completed, FIS Started, No IA",2025-12-23,2026-02-05,2025-12-17 00:00:00.000,,,,Not Required,Not Required,Not Required,,,SOUTH,,,
29INR0244,Oak Belt Storage,"Oak Belt Storage, LLC",Victoria,Texas,Tap 138kV (Bus #5506) FURHMANSB8 - (Bus #5584) VANDERBLTSW8,,Other - Battery Energy Storage,209.7,,,2025-12-23,Active,2029-10-15,,,,Other,Battery Energy Storage,"SS Completed, FIS Started, No IA",2025-12-23,2026-02-05,2025-12-17 00:00:00.000,,,,Not Required,Not Required,,,,SOUTH,,,
29INR0245,Texas Deepwater BESS,TDWP Partners LLC,Harris,Texas,#40881 Parkes Substation 138 kV,,Other - Battery Energy Storage,313.29,,,2026-02-13,Active,2029-03-05,,,,Other,Battery Energy Storage,"SS Completed, FIS Started, No IA",2026-02-13,2026-05-13,2026-02-10 00:00:00.000,,No,,,,,,,HOUSTON,,,
29INR0248,Blue Energy Center - Port of Victoria Phase 1b – CCGT,"Brother 1, LLC",Victoria,Texas,Tap <345kV> <#80286> <DULCE7A> - <#8676> <STATIC7A>,,Gas - Combined-Cycle,1110.0,,,2026-01-26,Active,2031-10-17,,,,Gas,Combined-Cycle,"SS Completed, FIS Started, No IA",2026-01-26,2026-04-24,2026-01-20 00:00:00.000,,No,,,,,,,SOUTH,,,
29INR0249,Lightcycle Energy Storage,Lightcycle Energy Storage LLC,Fayette,Texas,9073 HOLMAN 345 kV,,Other - Battery Energy Storage,409.69,,,2026-01-13,Active,2030-03-01,,,,Other,Battery Energy Storage,"SS Completed, FIS Started, No IA",2026-01-13,2026-04-06,2026-01-09 00:00:00.000,,No,,Not Required,Not Required,,,,SOUTH,,,
29INR0250,Slash Pine Storage,EG Slash Pine LLC,Kaufman,Texas,1698 Sulphur Springs Switch and 3174 Canton Switch 138 kV,,Other - Battery Energy Storage,200.0,,,2026-01-13,Active,2029-09-17,,,,Other,Battery Energy Storage,"SS Completed, FIS Started, No IA",2026-01-13,2026-04-07,2025-12-22 00:00:00.000,,No,,,,,,,NORTH,,,
29INR0251,Sugarberry Solar SLF,EG Sugarberry LLC,Kinney,Texas,78255 Pinto Creek 138 kV,,Solar - Photovoltaic Solar,125.0,,,2026-02-13,Active,2029-12-18,,,,Solar,Photovoltaic Solar,"SS Completed, FIS Started, No IA",2026-02-13,2026-05-13,2026-02-12 00:00:00.000,,,,,,Not Required,,,SOUTH,,,
29INR0252,Sugarberry Storage SLF,EG Sugarberry LLC,Kinney,Texas,78255 Pinto Creek 138 kV,,Other - Battery Energy Storage,0.0,,,2026-04-02,Active,2029-12-18,,,,Other,Battery Energy Storage,"SS Completed, FIS Started, No IA",2026-04-02,2026-05-13,2026-03-26 00:00:00.000,,,,,,,,,SOUTH,,,
29INR0255,Los Toros Energy Center Solar SLF,"Los Toros Energy Center, LLC",Dawson,Texas,Tap 1167 Mustang_8 to 11206 Dillion_P8 138 kV,,Solar - Photovoltaic Solar,401.56,,,2026-02-25,Active,2030-03-31,,,,Solar,Photovoltaic Solar,"SS Completed, FIS Started, No IA",2026-02-25,2026-05-22,2026-02-20 00:00:00.000,,,,Not Required,Not Required,Not Required,,,WEST,,,
29INR0264,Victory Ellis  – Gas,"Victory Ellis, LLC",Ellis,Texas,Tap 345kV Nimbus (2249) – Big Onion (2466) & Stainback (2217) – Elrod Switch (3159) DCKT,,"Gas - Combustion (gas) Turbine, but not part of a Combined-Cycle",465.92,,,2026-07-08,Active,2030-09-28,,,,Gas,"Combustion (gas) Turbine, but not part of a Combined-Cycle","SS Completed, FIS Started, No IA",2026-07-08,2026-08-18,2026-04-24 00:00:00.000,,,,,,,,,NORTH,,,
29INR0267,Enfinity White Oak BESS,EG White Oak LLC,Borden,Texas,Tap 138kV Key (1307) to 138kV Gail (1308),,Other - Battery Energy Storage,200.0,,,2026-02-25,Active,2029-09-17,,,,Other,Battery Energy Storage,"SS Completed, FIS Started, No IA",2026-02-25,2026-05-21,2026-02-17 00:00:00.000,,,,,,,,,WEST,,,
29INR0271,Los Toros Energy Center Storage SLF,"Los Toros Energy Center, LLC",Dawson,Texas,Tap 1167 Mustang_8 to 11206 Dillion_P8 138 kV,,Other - Battery Energy Storage,0.0,,,2026-02-26,Active,2030-03-31,,,,Other,Battery Energy Storage,"SS Completed, FIS Started, No IA",2026-02-26,2026-05-22,2026-02-25 00:00:00.000,,,,Not Required,Not Required,,,,WEST,,,
29INR0274,Richardson McClung Ranch Solar,"Rising Star Energy Center, LLC",Eastland,Texas,33285 Rising Star 138 kV,,Solar - Photovoltaic Solar,251.95,,,2026-01-28,Active,2029-11-30,,,,Solar,Photovoltaic Solar,"SS Completed, FIS Started, No IA",2026-01-28,2026-02-09,2026-05-06 00:00:00.000,,No,,,,Not Required,,,NORTH,,,
29INR0275,Richardson McClung Ranch BESS,"Rising Star Energy Center, LLC",Eastland,Texas,33285 Rising Star 138 kV,,Other - Battery Energy Storage,205.49,,,2026-01-26,Active,2029-11-30,,,,Other,Battery Energy Storage,"SS Completed, FIS Started, No IA",2026-01-26,2026-02-09,2026-05-06 00:00:00.000,,No,,,,,,,NORTH,,,
29INR0279,Tierra Loma Solar,"Tierra Loma Solar, LLC",Crane,Texas,Tap 345 kV #18668 ROCK DRAW - #76000 NORTH MCCAMEY ckt 1,,Solar - Photovoltaic Solar,250.0,,,2026-02-19,Active,2029-09-01,,,,Solar,Photovoltaic Solar,"SS Completed, FIS Started, No IA",2026-02-19,2026-05-15,2026-02-18 00:00:00.000,,No,,,,Not Required,,,WEST,,,
29INR0280,Tierra Loma Storage,"Tierra Loma Solar, LLC",Crane,Texas,Tap 345 kV #18668 ROCK DRAW - #76000 NORTH MCCAMEY ckt 1,,Other - Battery Energy Storage,200.0,,,2026-02-19,Active,2029-09-01,,,,Other,Battery Energy Storage,"SS Completed, FIS Started, No IA",2026-02-19,2026-05-15,2026-02-18 00:00:00.000,,No,,,,,,,WEST,,,
29INR0287,Valentine Energy Center,"Valentine Energy Center, LLC",Pecos,Texas,60400 Lynx 138kV,,"Gas - Internal Combustion Engine, eg. Reciprocating",162.3,,,2026-02-10,Active,2031-02-28,,,,Gas,"Internal Combustion Engine, eg. Reciprocating","SS Completed, FIS Started, No IA",2026-02-10,2026-03-26,2026-02-09 00:00:00.000,,,,,,,,,WEST,,,
29INR0291, Enfinity Post Oak Solar SLF,EG White Oak LLC,Borden,Texas,345kV Muleshoe (59922),,Solar - Photovoltaic Solar,500.0,,,2026-03-30,Active,2029-12-18,,,,Solar,Photovoltaic Solar,"SS Completed, FIS Started, No IA",2026-03-30,2026-06-25,2026-03-27 00:00:00.000,,,,,,Not Required,,,WEST,,,
29INR0292,Enfinity Post Oak Storage SLF,EG White Oak LLC,Borden,Texas,"345kV Muleshoe (59922)
Transmission line",,Other - Battery Energy Storage,0.0,,,2026-03-30,Active,2029-12-18,,,,Other,Battery Energy Storage,"SS Completed, FIS Started, No IA",2026-03-30,2026-06-25,2026-03-27 00:00:00.000,,,,,,,,,WEST,,,
29INR0293,Pink Storage SLF,"Pink Solar, LLC",Hunt,Texas,971 Pruitt 138kV,,Other - Battery Energy Storage,0.0,,,2026-02-26,Active,2029-07-31,,,,Other,Battery Energy Storage,"SS Completed, FIS Started, No IA",2026-02-26,2026-05-25,2026-02-24 00:00:00.000,,,,,,,,,NORTH,,,
29INR0294,Spurland Solar III,"Spurland Solar III, LLC",Kent,Texas,Nova Prime Substation,,Solar - Photovoltaic Solar,323.2,,,2026-08-21,Active,2029-12-29,,,,Solar,Photovoltaic Solar,"SS Started, FIS Started, No IA",2026-08-21,,2026-08-13 00:00:00.000,,,,,,Not Required,,,WEST,,,
29INR0298,BM Freestone Energy Center,Black Mountain Energy Storage II,Freestone,Texas,Loop Big Brown E to Navarro Ckt 1(PTI#3380-68091) and Big Brown W to Tarantulla Ckt 1 (PTI#3381-3344) at  31.813367° -96.147730°,,Gas - Combined-Cycle,990.6,,,2026-02-25,Active,2029-09-20,,,,Gas,Combined-Cycle,"SS Completed, FIS Started, No IA",2026-02-25,2026-05-21,2026-02-11 00:00:00.000,,,,,,,,,NORTH,,,
29INR0305,Flurry Gas 1,NET Power Canaveral LLC,Midland,Texas,Tap 345 kV 1185 Midland County Northwest Switch (bus #1185) – Midland East (bus #1021) 345 kV Line Ckt 01,,Gas - Combined-Cycle,109.8,,,2026-02-25,Active,2029-04-16,,,,Gas,Combined-Cycle,"SS Completed, FIS Started, No IA",2026-02-25,2026-05-22,2026-02-17 00:00:00.000,,,,,,,,,WEST,,,
29INR0318,Nockenut Springs Storage 1,"Pecan Springs Energy, LLC",Wilson,Texas,"Tap the 345 kV Elm Creek (#5133) - Shaula (#5380) Line, CPS",,Other - Battery Energy Storage,209.36,,,2026-04-22,Active,2029-06-05,,,,Other,Battery Energy Storage,"SS Completed, FIS Started, No IA",2026-04-22,2026-07-08,2026-04-01 00:00:00.000,,,,,,,,,SOUTH,,,
29INR0319,Nockenut Springs Storage 2,"Pecan Springs Energy, LLC",Wilson,Texas,"Tap the 345 kV Elm Creek (#5133) - Shaula (#5380) Line, CPS",,Other - Battery Energy Storage,209.38,,,2026-04-22,Active,2029-06-05,,,,Other,Battery Energy Storage,"SS Completed, FIS Started, No IA",2026-04-22,2026-07-08,2026-04-01 00:00:00.000,,,,,,,,,SOUTH,,,
29INR0320,Nockenut Springs Storage 3,"Pecan Springs Energy, LLC",Wilson,Texas,"Tap the 345 kV Elm Creek (#5133) - Shaula (#5380) Line, CPS",,Other - Battery Energy Storage,209.38,,,2026-04-22,Active,2029-06-05,,,,Other,Battery Energy Storage,"SS Completed, FIS Started, No IA",2026-04-22,2026-07-08,2026-04-01 00:00:00.000,,,,,,,,,SOUTH,,,
29INR0324,Ashtrom Marigold BESS SLF,Marigold BESS LLC,Pecos,Texas,860 GIRVINSW 345kV,,Other - Battery Energy Storage,153.9,,,2026-07-08,Active,2029-04-26,,,,Other,Battery Energy Storage,"SS Started, FIS Started, No IA",2026-07-08,,2026-07-07 00:00:00.000,,,,,,,,,WEST,,,
29INR0325,Sweetwater 4 Repower,Sweetwater Wind 4 LLC,Nolan,Texas,<71050> <L_BITTCR5_1Y> <345kV>,,Wind - Wind Turbine,421.2,,,2026-04-22,Active,2029-02-01,,,,Wind,Wind Turbine,"SS Completed, FIS Started, No IA",2026-04-22,2026-07-08,2026-04-13 00:00:00.000,,,,,,Not Required,,,WEST,,,
29INR0326,Montgomery Ranch 2 Wind,"RWE Clean Energy Development, LLC",Foard,Texas,60059 Penumbra 345-kV,,Wind - Wind Turbine,301.5,,,2026-05-11,Active,2030-06-02,,,,Wind,Wind Turbine,"SS Completed, FIS Started, No IA",2026-05-11,2026-08-07,2026-05-08 00:00:00.000,,,,,,Not Required,,,WEST,,,
29INR0328,Moon Chapel Solar,"Orsted Onshore Development North America, LLC",Tom Green,Texas,Tap 345kV 76090 Divide – 76009 Twin Buttes Ckt 1,,Solar - Photovoltaic Solar,402.01,,,2026-04-22,Active,2029-12-31,,,,Solar,Photovoltaic Solar,"SS Completed, FIS Started, No IA",2026-04-22,2026-07-07,,,,,,,Not Required,,,WEST,,,
29INR0332,White Star Energy Storage,"White Star Energy Storage, LLC",Karnes,Texas,Milton Substation 78583 L_MILTON8_1Y,,Other - Battery Energy Storage,201.2,,,2026-05-13,Active,2029-12-31,,,,Other,Battery Energy Storage,"SS Completed, FIS Started, No IA",2026-05-13,2026-08-07,2026-05-05 00:00:00.000,,,,,,,,,SOUTH,,,
29INR0333,Tyler Rose Power Plant 1,"ProEnergy Services, LLC",Grimes,Texas,Tap 345 kV Circuit 18 (#44920) Mission - (#967) Gibbons Creek,,"Gas - Combustion (gas) Turbine, but not part of a Combined-Cycle",597.36,,,2026-05-13,Active,2029-07-01,,,,Gas,"Combustion (gas) Turbine, but not part of a Combined-Cycle","SS Completed, FIS Started, No IA",2026-05-13,2026-08-06,2026-05-13 00:00:00.000,,,,,,,,,NORTH,,,
29INR0336,Tyler Rose Power Plant 2," ProEnergy Services, LLC",Grimes,Texas,Tap 345 kV Circuit 18 (#44920) Mission - (#967) Gibbons Creek,,"Gas - Combustion (gas) Turbine, but not part of a Combined-Cycle",398.24,,,2026-05-13,Active,2029-12-01,,,,Gas,"Combustion (gas) Turbine, but not part of a Combined-Cycle","SS Completed, FIS Started, No IA",2026-05-13,2026-08-07,2026-05-13 00:00:00.000,,,,,,,,,NORTH,,,
29INR0340,Bobcat Generating Station,"Critical Grid Solutions Bobcat, LLC",Caldwell,Texas,"Between (7042) ZORN & (9074) LYTTON SPRINGS Substations on ONCOR 345kV.
",,"Gas - Internal Combustion Engine, eg. Reciprocating",450.0,,,2026-06-24,Active,2029-11-01,,,,Gas,"Internal Combustion Engine, eg. Reciprocating","SS Started, FIS Started, No IA",2026-06-24,,2026-06-22 00:00:00.000,,,,,,,,,SOUTH,,,
29INR0341,Pampa Natural Gas ,IP Meitner Gas,Roberts,Texas,CTT Ghost Town (#79008),,"Gas - Internal Combustion Engine, eg. Reciprocating",250.7,,,2026-06-24,Active,2030-01-01,,,,Gas,"Internal Combustion Engine, eg. Reciprocating","SS Started, FIS Started, No IA",2026-06-24,,2026-06-17 00:00:00.000,,,,,,,,,PANHANDLE,,,
29INR0347,Glass Mountain BB Solar 1,"Glass Mountain Solar, LLC",Pecos,Texas,Tap 345kV 60404 Solstice to 38441 Bottlebrush  ,,Solar - Photovoltaic Solar,302.66,,,2026-06-11,Active,2029-03-01,,,,Solar,Photovoltaic Solar,"SS Completed, FIS Started, No IA",2026-06-11,2026-08-28,2026-05-29 00:00:00.000,,,,,,Not Required,,,WEST,,,
29INR0348,Glass Mountain BB Solar 2,"Glass Mountain Solar II, LLC",Pecos,Texas,Tap 345kV 60404 Solstice to 38441 Bottlebrush,,Solar - Photovoltaic Solar,302.66,,,2026-06-11,Active,2029-03-01,,,,Solar,Photovoltaic Solar,"SS Completed, FIS Started, No IA",2026-06-11,2026-08-28,2026-05-29 00:00:00.000,,,,,,Not Required,,,WEST,,,
29INR0349,Glass Mountain BB Solar 5,"Glass Mountain Solar V, LLC",Pecos,Texas,Tap 345kV 60404 Solstice to 38441 Bottlebrush,,Solar - Photovoltaic Solar,302.61,,,2026-06-11,Active,2029-10-01,,,,Solar,Photovoltaic Solar,"SS Completed, FIS Started, No IA",2026-06-11,2026-08-28,2026-05-29 00:00:00.000,,,,,,Not Required,,,WEST,,,
29INR0356,Enfinity Cedar,EG Cedar LLC,Irion,Texas,138kV Newton T.Busby Substation (60356),,Other - Battery Energy Storage,150.0,,,2026-07-06,Active,2030-07-17,,,,Other,Battery Energy Storage,"SS Started, FIS Started, No IA",2026-07-06,,2026-06-12 00:00:00.000,,,,,,,,,WEST,,,
29INR0357,Glass Mountain BB Solar 3,"Glass Mountain Solar III, LLC",Pecos,Texas,Tap 345kV 60404 Solstice to 38441 Bottlebrush,,Solar - Photovoltaic Solar,302.61,,,2026-06-11,Active,2029-10-01,,,,Solar,Photovoltaic Solar,"SS Completed, FIS Started, No IA",2026-06-11,2026-08-28,2026-05-29 00:00:00.000,,,,,,Not Required,,,WEST,,,
29INR0358,Glass Mountain BB Solar 4,"Glass Mountain Solar IV, LLC",Pecos,Texas,Tap 345kV 60404 Solstice to 38441 Bottlebrush,,Solar - Photovoltaic Solar,302.61,,,2026-06-11,Active,2029-10-01,,,,Solar,Photovoltaic Solar,"SS Completed, FIS Started, No IA",2026-06-11,2026-08-28,2026-05-29 00:00:00.000,,,,,,Not Required,,,WEST,,,
29INR0360,Trumpet Solar,NextEra Energy Resources Interconnection Holdings LLC ,Reeves,Texas,tap 345kV 18723 Drylake_5 – 38125 TNFaulkner3,,Solar - Photovoltaic Solar,455.0,,,2026-06-17,Active,2029-07-01,,,,Solar,Photovoltaic Solar,"SS Started, FIS Started, No IA",2026-06-17,,2026-06-17 00:00:00.000,,,,,,Not Required,,,WEST,,,
29INR0361,Aurelius 3 Natural Gas,"IP Roman III Gas, LLC",Deaf Smith,Texas,23908 Deaf Smith station 345 kV,,"Gas - Internal Combustion Engine, eg. Reciprocating",1275.0,,,2026-06-29,Active,2029-06-30,,,,Gas,"Internal Combustion Engine, eg. Reciprocating","SS Started, FIS Started, No IA",2026-06-29,,2026-06-25 00:00:00.000,,,,,,,,,PANHANDLE,,,
29INR0363,Alpha Power Phase 2,"Palomino Alpha, LLC",Guadalupe,Texas,345kV 7042 Zorn Substation,,"Gas - Combustion (gas) Turbine, but not part of a Combined-Cycle",400.1,,,2026-07-10,Active,2029-12-31,,,,Gas,"Combustion (gas) Turbine, but not part of a Combined-Cycle","SS Started, FIS Started, No IA",2026-07-10,,2026-07-01 00:00:00.000,,,,,,,,,SOUTH,,,
29INR0365,Silver Sky Solar,Lightsource Renewable Energy Development LLC,Tom Green,Texas,6444 Red Creek 345kV,,Solar - Photovoltaic Solar,401.9,,,2026-08-17,Active,2029-12-13,,,,Solar,Photovoltaic Solar,"SS Started, FIS Started, No IA",2026-08-17,,2026-08-12 00:00:00.000,,,,,,Not Required,,,WEST,,,
29INR0376,Silver Sky BESS,Lightsource Renewable Energy Development LLC,Tom Green,Texas,6444 Red Creek 345kV,,Other - Battery Energy Storage,201.1,,,2026-08-17,Active,2029-12-13,,,,Other,Battery Energy Storage,"SS Started, FIS Started, No IA",2026-08-17,,2026-08-12 00:00:00.000,,,,,,,,,WEST,,,
30INR0002,Southeast Oklahoma Pumped Storage,"Apex Energy Solutions, LLC",Lamar,Texas,1692 Paris Switch 345kV,,Water - Other,1232.0,,,2022-08-05,Active,2030-01-01,,,,Water,Other,"SS Completed, FIS Started, No IA",2022-08-05,2022-11-01,2023-03-10 00:00:00.000,,,,,,,,,NORTH,,,
30INR0003,Hecate Energy Jamaica Wind,Hecate Energy LLC,Galveston,Texas,42000 P. H. Robinson 345kV,,Wind - Wind Turbine,1029.39,,,2023-06-28,Active,2030-06-01,,,,Wind,Wind Turbine,"SS Completed, FIS Started, No IA",2023-06-28,2023-09-25,2024-06-14 18:19:07.999,,,,,,Not Required,,,HOUSTON,,,
30INR0004,Hecate Energy Arkansas Wind,Hecate Energy Gulf Wind LLC,San Patricio,Texas,8659 Naismith 345kV,,Wind - Wind Turbine,1029.39,,,2023-06-28,Active,2030-06-01,,,,Wind,Wind Turbine,"SS Completed, FIS Started, No IA",2023-06-28,2023-09-22,2024-04-03 15:06:24.999,,,,,,Not Required,,,COASTAL,,,
30INR0005,Woodland Energy Storage,"Woodland Energy Storage, LLC",Bosque,Texas,68040 Kopperl Substation 345kV,,Other - Battery Energy Storage,207.6,,,2023-12-18,Active,2030-10-01,,,,Other,Battery Energy Storage,"SS Completed, FIS Started, No IA",2023-12-18,2024-03-15,2023-10-23 00:00:00.000,,,,,,,,,NORTH,,,
30INR0018,Big Canyon Wind,"Longfellow Wind, LLC",Pecos,Texas,38441 Bottlebrush 345kV,,Wind - Wind Turbine,1500.0,,,2025-01-13,Completed,2030-07-01,,,,Wind,Wind Turbine,"SS Completed, FIS Started, IA",2025-01-13,2025-04-08,2025-01-08 00:00:00.000,,Yes,2025-12-24,,,Not Required,2026-03-25 00:00:00,,WEST,,,
30INR0020,Willow Oak Gas ,Willow Oak Energy LLC,Jefferson,Texas,40850 Jordan ,,Gas - Combined-Cycle,1350.0,,,2025-09-09,Active,2030-01-01,,,,Gas,Combined-Cycle,"SS Completed, FIS Started, No IA",2025-09-09,2025-12-11,2026-06-03 00:00:00.000,,,,,,,,,HOUSTON,,,
30INR0031,Caldwell County Energy Center,"Caldwell County Energy Center, LLC",Caldwell,Texas,#7051 Misty Substation 345kV,,Gas - Combined-Cycle,1500.0,,,2025-02-03,Active,2030-04-30,,,,Gas,Combined-Cycle,"SS Completed, FIS Started, No IA",2025-02-03,2025-05-03,2025-10-29 00:00:00.000,,No,,,,,,,SOUTH,,,
30INR0037,Solgen Solar,Lampasas Hybrid Energy LLC,Lampasas,Texas,7066 Adamsville 138kV,,Solar - Photovoltaic Solar,160.2,,,2025-04-25,Active,2029-08-30,,,,Solar,Photovoltaic Solar,"SS Completed, FIS Started, No IA",2025-04-25,2025-07-23,2025-11-25 00:00:00.000,,,,,,Not Required,,,NORTH,,,
30INR0038,Solgen Storage,Lampasas Hybrid Energy LLC,Lampasas,Texas,7066 Adamsville 138kV,,Other - Battery Energy Storage,150.3,,,2025-04-25,Active,2029-08-30,,,,Other,Battery Energy Storage,"SS Completed, FIS Started, No IA",2025-04-25,2025-07-23,2025-11-25 00:00:00.000,,,,,,,,,NORTH,,,
30INR0041,Bell Song Solar,"Bell Song Solar, LLC",Jim Hogg,Texas,Tap 345 kV #80079 CRUCE7A  - #80355 DELSOL7A  ckt 1,,Solar - Photovoltaic Solar,167.6,,,2025-06-12,Active,2029-09-15,,,,Solar,Photovoltaic Solar,"SS Completed, FIS Started, No IA",2025-06-12,2025-09-04,2025-05-22 00:00:00.000,,Yes,,,,Not Required,,,SOUTH,,,
30INR0042,La Morena Energy Center BESS,Adapture Solar Development,Zapata,Texas,Tap 345 kV  80225 CENIZO7C -   80307 DELSOL7C ,,Other - Battery Energy Storage,250.0,,,2025-06-12,Active,2029-05-07,,,,Other,Battery Energy Storage,"SS Completed, FIS Started, No IA",2025-06-12,2025-09-04,,,Yes,,,,,,,SOUTH,,,
30INR0043,La Morena Energy Center Solar,Adapture Solar Development,Zapata,Texas,Tap 345 kV (80225) CENIZO7C - (80307) DELSOL7C,,Solar - Photovoltaic Solar,250.0,,,2025-06-12,Active,2029-05-07,,,,Solar,Photovoltaic Solar,"SS Completed, FIS Started, No IA",2025-06-12,2025-09-04,,,Yes,,,,Not Required,,,SOUTH,,,
30INR0045,Radiant Plains Energy Center BESS,Adapture Solar Development,Colorado,Texas,Tap 138-kV Weimar (7254) to Schulenburg (7252),,Other - Battery Energy Storage,100.0,,,2025-06-12,Active,2029-12-27,,,,Other,Battery Energy Storage,"SS Completed, FIS Started, No IA",2025-06-12,2025-09-04,,,,,,,,,,SOUTH,,,
30INR0049,Bell Song Solar 2,"Bell Song Solar, LLC 2",Jim Hogg,Texas,Tap 345kV (#80079) CRUCE7A - (#80355) DELSOL7A ckt 1,,Solar - Photovoltaic Solar,167.6,,,2025-06-12,Active,2030-03-16,,,,Solar,Photovoltaic Solar,"SS Completed, FIS Started, No IA",2025-06-12,2025-09-05,2025-06-06 00:00:00.000,,Yes,,,,Not Required,,,SOUTH,,,
30INR0051,Sim Gideon Combined Cycle,LCRA,Bastrop,Texas,(#7310) SIM GIDEON 138 kV,,Gas - Combined-Cycle,880.0,,,2025-06-19,Completed,2030-12-15,,,,Gas,Combined-Cycle,"SS Completed, FIS Started, IA",2025-06-19,2025-09-17,2025-06-13 00:00:00.000,,,2025-12-19,,,,,,SOUTH,,,
30INR0052,Lost Pines Power Park,LCRA,Bastrop,Texas,(#170174) LOST PINES 345 kV,,Gas - Combined-Cycle,880.0,,,2025-06-19,Completed,2033-06-01,,,,Gas,Combined-Cycle,"SS Completed, FIS Started, IA",2025-06-19,2025-09-17,2025-06-11 00:00:00.000,,Yes,2025-12-26,,,,,,SOUTH,,,
30INR0053,MRR Solar,"BOULEVARD ASSOCIATES, LLC",Pecos,Texas,Solstice Substation #60384 -AEP,,Solar - Photovoltaic Solar,500.0,,,2025-07-29,Active,2030-07-01,,,,Solar,Photovoltaic Solar,"SS Completed, FIS Started, No IA",2025-07-29,2025-10-26,2025-07-18 00:00:00.000,,Yes,,,,Not Required,,,WEST,,,
30INR0054,SCHNEIDER COMBINED CYCLE,LCRA,Caldwell,Texas,"Double Tap 345kV #7042 Zorn - #7040 Austrop and #7042 Zorn - #9074 Lytton Springs
",,Gas - Combined-Cycle,880.0,,,2025-07-29,Completed,2032-04-13,,,,Gas,Combined-Cycle,"SS Completed, FIS Started, IA",2025-07-29,2025-10-26,2025-07-25 00:00:00.000,,,2025-12-19,,,,,,SOUTH,,,
30INR0058,Springfield Solar,"BOULEVARD ASSOCIATES, LLC",Pecos,Texas,Tap Leon Creek (#38355) to Woodhouse Station (#38308) 138kV line,,Solar - Photovoltaic Solar,400.0,,,2025-09-09,Completed,2028-08-30,,,,Solar,Photovoltaic Solar,"SS Completed, FIS Started, IA",2025-09-09,2025-10-15,2025-09-08 00:00:00.000,,No,2025-12-24,Not Required,Not Required,Not Required,2026-03-24 00:00:00,,WEST,,,
30INR0071,Prairie Ridge (Gas - CC),"Tenaska Power Generation, LLC",Franklin,Texas,Tap 345 kV 11699 Woodard – 1695 Monticello,,Gas - Combined-Cycle,1660.4,,,2025-12-01,Active,2032-06-01,,,,Gas,Combined-Cycle,"SS Completed, FIS Started, No IA",2025-12-01,2026-01-19,2025-11-26 00:00:00.000,,No,,,,,,,NORTH,,,
30INR0073,Bulldog Power II,Bulldog Power II LLC,Brazoria,Texas,39703 TNMP FM524 Substation 138kV,,"Gas - Combustion (gas) Turbine, but not part of a Combined-Cycle",311.0,,,2025-12-16,Active,2030-09-30,,,,Gas,"Combustion (gas) Turbine, but not part of a Combined-Cycle","SS Completed, FIS Started, No IA",2025-12-16,2026-02-04,2025-12-12 00:00:00.000,,No,,,,,,,COASTAL,,,
30INR0076,Zuma Solar,"Zuma Solar, LLC",Runnels,Texas,Tap 345kV 11263 Fisk Switch  -  11406 Central Bluff Switch ,,Solar - Photovoltaic Solar,201.37,,,2026-04-02,Active,2030-09-09,,,,Solar,Photovoltaic Solar,"SS Completed, FIS Started, No IA",2026-04-02,2026-06-30,2026-03-26 00:00:00.000,,,,Not Required,Not Required,Not Required,,,WEST,,,
30INR0077,Moon Hammer,Moon Hammer LLC,Wheeler,Texas,tap 345 kV line between Tesla & Grey,,"Gas - Combustion (gas) Turbine, but not part of a Combined-Cycle",1300.0,,,2026-01-13,Completed,2030-11-30,,,,Gas,"Combustion (gas) Turbine, but not part of a Combined-Cycle","SS Completed, FIS Started, IA",2026-01-13,2026-02-17,2025-12-10 00:00:00.000,,,2025-12-19,,,,,,PANHANDLE,,,
30INR0080,Indigo Quill Gas,"RWE Clean Energy Development, LLC",Glasscock,Texas,59902 SAND_BLUFF 345KV,,"Gas - Combustion (gas) Turbine, but not part of a Combined-Cycle",370.08,,,2026-03-10,Active,2028-12-29,,,,Gas,"Combustion (gas) Turbine, but not part of a Combined-Cycle","SS Completed, FIS Started, No IA",2026-03-10,2026-06-04,2026-03-04 00:00:00.000,,No,,,,,,,WEST,,,
30INR0083,Gravitas I Solar," S&S Renewables, LLC",Pecos,Texas,Tap 345kV Solstice (60404) - Bakersfield (76002) Double circuit line ,,Solar - Photovoltaic Solar,1124.75,,,2026-03-24,Active,2030-06-30,,,,Solar,Photovoltaic Solar,"SS Completed, FIS Started, No IA",2026-03-24,2026-06-19,2026-03-18 00:00:00.000,,,,,,Not Required,,,WEST,,,
30INR0084,Gravitas I Natural Gas,"S&S Renewables, LLC",Pecos,Texas,Tap 345kV Solstice (60404) - Bakersfield (76002) Double circuit line,,"Gas - Internal Combustion Engine, eg. Reciprocating",1247.04,,,2026-03-24,Active,2030-06-30,,,,Gas,"Internal Combustion Engine, eg. Reciprocating","SS Completed, FIS Started, No IA",2026-03-24,2026-06-19,2026-03-18 00:00:00.000,,,,,,,,,WEST,,,
30INR0085,Gravitas I Wind," S&S Renewables, LLC",Pecos,Texas,Tap 345kV Solstice (60404) - Bakersfield (76002) Double circuit line,,Wind - Wind Turbine,636.54,,,2026-03-24,Active,2030-06-30,,,,Wind,Wind Turbine,"SS Completed, FIS Started, No IA",2026-03-24,2026-06-19,2026-03-18 00:00:00.000,,,,,,Not Required,,,WEST,,,
30INR0086,Permian I Wind,"S&S Renewables, LLC",Pecos,Texas,Tap TNMP White Baker (38435)–Bottlebrush(38441) 345-kV double-circuit,,Wind - Wind Turbine,636.54,,,2026-01-26,Active,2030-06-30,,,,Wind,Wind Turbine,"SS Completed, FIS Started, No IA",2026-01-26,2026-02-17,2026-01-20 00:00:00.000,,No,,,,Not Required,,,WEST,,,
30INR0088,Mistflower Energy Center Solar,Mistflower Energy Center LLC,Runnels,Texas,Tap 345kV 60072 ODYSSEUS7A– 60040 BLF_CRK7A,,Solar - Photovoltaic Solar,401.62,,,2026-02-25,Active,2030-06-01,,,,Solar,Photovoltaic Solar,"SS Completed, FIS Started, No IA",2026-02-25,2026-03-23,2026-02-19 00:00:00.000,,Yes,,,,Not Required,,,WEST,,,
30INR0089,Mistflower Energy Center Storage,Mistflower Energy Center LLC,Runnels,Texas,"Tap 345kV 60072 Odysseus – 60040 Bluff Creek
",,Other - Battery Energy Storage,312.85,,,2026-02-25,Active,2030-06-01,,,,Other,Battery Energy Storage,"SS Completed, FIS Started, No IA",2026-02-25,2026-03-23,2026-03-12 00:00:00.000,,Yes,,,,,,,WEST,,,
30INR0091,BM Great Rock Energy Center,Black Mountain Energy Storage II,Leon,Texas,Tap <345kV> <967> <GIBN_CREK_5> - <46020> <LIMEST_POI_5> Ckt<18> and  <345kV> <79007> < YELLOW WOLF> - <46020> <LIMEST_POI_5> Ckt<50>,,Gas - Combined-Cycle,1981.2,,,2026-03-03,Active,2029-05-15,,,,Gas,Combined-Cycle,"SS Completed, FIS Started, No IA",2026-03-03,2026-05-25,2026-02-19 00:00:00.000,,,,,,,,,NORTH,,,
30INR0092,Wallflower Solar ,"Wallflower Solar, LLC",Zapata,Texas,Tap the 345 kV Cenizo (#80225) - Del Sol (#80307) line.,,Solar - Photovoltaic Solar,201.15,,,2026-03-10,Active,2029-12-30,,,,Solar,Photovoltaic Solar,"SS Completed, FIS Started, No IA",2026-03-10,2026-06-04,2026-03-05 00:00:00.000,,Yes,,Not Required,Not Required,Not Required,,,SOUTH,,,
30INR0093,Wallflower Energy Storage,Wallflower Energy Storage,Zapata,Texas,Tap the 345 kV Cenizo (#80225) - Del Sol (#80307) line,,Other - Battery Energy Storage,209.16,,,2026-02-25,Active,2029-12-30,,,,Other,Battery Energy Storage,"SS Completed, FIS Started, No IA",2026-02-25,2026-05-21,2026-02-19 00:00:00.000,,Yes,,Not Required,Not Required,,,,SOUTH,,,
30INR0099,Quadspring BESS,"Quadspring BESS, LLC",Loving,Texas,138 kV ANDRANCHT_8(#1081) - Loving_8(#1092),,Other - Battery Energy Storage,200.7,,,2026-06-12,Active,2030-06-30,,,,Other,Battery Energy Storage,"SS Started, FIS Started, No IA",2026-06-12,,2026-06-08 00:00:00.000,,,,,,,,,WEST,,,
30INR0100,Pentarise BESS,"Pentarise BESS, LLC",Pecos,Texas,138 kV Pig Creek (#60393),,Other - Battery Energy Storage,150.6,,,2026-06-12,Active,2030-06-30,,,,Other,Battery Energy Storage,"SS Started, FIS Started, No IA",2026-06-12,,2026-06-08 00:00:00.000,,,,,,,,,WEST,,,
30INR0105,The Giant Arc-II,"Powering Knowledge, LLC",Pecos,Texas,Bus #60404 SOLSTICE CKT 02,,"Gas - Internal Combustion Engine, eg. Reciprocating",1300.0,,,2026-04-22,Active,2030-04-11,,,,Gas,"Internal Combustion Engine, eg. Reciprocating","SS Completed, FIS Started, No IA",2026-04-22,2026-07-09,2026-04-10 00:00:00.000,,,,,,,,,WEST,,,
30INR0110,Thunder Bird 1 Gas,"Kalnin Ventures, LLC",Jack,Texas,Tap Double circuit line between Jacksbro_5 (1429) to Willowck_5 (1421) and Jacksbro_5 (1429) to Hendrch_5 (1443),,Gas - Combined-Cycle,1272.8,,,2026-07-08,Active,2030-06-14,,,,Gas,Combined-Cycle,"SS Started, FIS Started, No IA",2026-07-08,,2026-07-07 00:00:00.000,,,,,,,,,NORTH,,,
30INR0111,Tradition BESS, Horizon Energy Storage Greenfield Project Holdings LLC,Burleson,Texas,"32878 Greens Prairie 138kV
 ",,Other - Battery Energy Storage,150.36,,,2026-05-26,Active,2030-04-30,,,,Other,Battery Energy Storage,"SS Completed, FIS Started, No IA",2026-05-26,2026-08-21,2026-07-17 00:00:00.000,,,,,,,,,SOUTH,,,
30INR0112,Short River BESS, Horizon Energy Storage Greenfield Project Holdings LLC,Comal,Texas,7456 LOP3378 138kV,,Other - Battery Energy Storage,150.36,,,2026-07-08,Active,2030-04-30,,,,Other,Battery Energy Storage,"SS Started, FIS Started, No IA",2026-07-08,,2026-07-07 00:00:00.000,,,,,,,,,SOUTH,,,
30INR0113,The Giant Arc I,"Powering Knowledge, LLC",Pecos,Texas,Bus #60404 SOLSTICE CKT 01,,"Gas - Internal Combustion Engine, eg. Reciprocating",1300.0,,,2026-05-08,Active,2030-04-08,,,,Gas,"Internal Combustion Engine, eg. Reciprocating","SS Completed, FIS Started, No IA",2026-05-08,2026-07-09,2026-04-29 00:00:00.000,,,,,,,,,WEST,,,
30INR0114,Longleaf II Power Station,"WattBridge Texas Holdings, LLC",Angelina,Texas,3321 Redland 345 kV ,,"Gas - Combustion (gas) Turbine, but not part of a Combined-Cycle",600.0,,,2026-05-11,Active,2030-07-01,,,,Gas,"Combustion (gas) Turbine, but not part of a Combined-Cycle","SS Completed, FIS Started, No IA",2026-05-11,2026-08-07,2026-04-20 00:00:00.000,,,,,,,,,NORTH,,,
30INR0131,Pecos Flats Wind I,"Pecos Flats Wind, LLC",Pecos,Texas,Tap Bottlebrush (38441) to White Baker (38435) 345kV Line (TNMP),,Wind - Wind Turbine,506.9,,,2026-07-22,Active,2030-06-29,,,,Wind,Wind Turbine,"SS Started, FIS Started, No IA",2026-07-22,,2026-07-07 00:00:00.000,,,,,,Not Required,,,WEST,,,
30INR0132,Pecos Flats Wind II,"Pecos Flats Wind II, LLC",Pecos,Texas,Tap 345kV 38441 Bottlebrush to 38435 White Baker 345kV line (TNMP),,Wind - Wind Turbine,507.9,,,2026-07-22,Active,2030-06-29,,,,Wind,Wind Turbine,"SS Started, FIS Started, No IA",2026-07-22,,2026-07-07 00:00:00.000,,,,Not Required,Not Required,Not Required,,,WEST,,,
30INR0135,Blue Sage Wind,"CPV Blue Sage Wind, LLC",Andrews,Texas,BUS #11270 - DOGHOUSE_5 - THE DOGHOUSE 345kV SUBSTATION,,Wind - Wind Turbine,394.11,,,2026-07-22,Active,2030-04-04,,,,Wind,Wind Turbine,"SS Started, FIS Started, No IA",2026-07-22,,2026-07-21 00:00:00.000,,,,,,Not Required,,,WEST,,,
30INR0140,Enfinity Primrose,EG Primrose LLC,Montague,Texas,(741) DYEMOUND Substation 138kV ,,Other - Battery Energy Storage,200.0,,,2026-07-22,Active,2030-07-17,,,,Other,Battery Energy Storage,"SS Started, FIS Started, No IA",2026-07-22,,2026-07-14 00:00:00.000,,,,,,,,,NORTH,,,
30INR0141,Jackrabbit Flats Solar,Jackrabbit Flats Solar LLC,Ector,Texas,Tap 345 kV 1185 Midland County NW - 1018 Moss,,Solar - Photovoltaic Solar,401.33,,,2026-07-22,Active,2030-06-29,,,,Solar,Photovoltaic Solar,"SS Started, FIS Started, No IA",2026-07-22,,2026-07-16 00:00:00.000,,,,,,Not Required,,,WEST,,,
30INR0143,Alpha Power Phase 3,"Palomino Alpha, LLC",Guadalupe,Texas,345kV 7042 Zorn Substation,,"Gas - Combustion (gas) Turbine, but not part of a Combined-Cycle",400.1,,,2026-07-10,Active,2030-12-31,,,,Gas,"Combustion (gas) Turbine, but not part of a Combined-Cycle","SS Started, FIS Started, No IA",2026-07-10,,2026-07-01 00:00:00.000,,,,,,,,,SOUTH,,,
30INR0146,Hackberry Draw Solar,"Orsted Onshore Development North America, LLC",Jones,Texas,"Tap 345 kV (68000) West Shackleford - (60515) Clear Crossing Ckt 2
",,Solar - Photovoltaic Solar,652.96,,,2026-08-03,Active,2030-04-30,,,,Solar,Photovoltaic Solar,"SS Started, FIS Started, No IA",2026-08-03,,2026-07-15 00:00:00.000,,,,,,Not Required,,,WEST,,,
30INR0158,Capshaw Solar,"NextEra Energy Resources Interconnection Holding, LLC",Reeves,Texas,POIB: Tapping Drylake_5 (#18723) – TNFaulkner3 (#38125) 345 kV ,,Solar - Photovoltaic Solar,450.0,,,2026-08-25,Active,2030-07-01,,,,Solar,Photovoltaic Solar,"SS Started, FIS Started, No IA",2026-08-25,,2026-08-20 00:00:00.000,,,,,,Not Required,,,WEST,,,
31INR0009,Bell Song Solar 3,"Bell Song Solar, LLC 3",Jim Hogg,Texas,Tap 345 kV #80079 CRUCE7A  - #80355 DELSOL7A  ckt 1,,Solar - Photovoltaic Solar,167.6,,,2025-06-19,Active,2030-08-31,,,,Solar,Photovoltaic Solar,"SS Completed, FIS Started, No IA",2025-06-19,2025-09-17,2025-06-13 00:00:00.000,,Yes,,,,Not Required,,,SOUTH,,,
31INR0010,LOST PINES GAS RECIP PHASE 2,LCRA,Bastrop,Texas,(#170174) LOST PINES 345 kV,,"Gas - Internal Combustion Engine, eg. Reciprocating",113.02,,,2025-07-07,Completed,2033-06-01,,,,Gas,"Internal Combustion Engine, eg. Reciprocating","SS Completed, FIS Started, IA",2025-07-07,2025-09-30,2025-07-02 00:00:00.000,,Yes,2025-12-26,,,,,,SOUTH,,,
31INR0011,SIM GIDEON GAS RICE,LCRA,Bastrop,Texas,(#7310) SIM GIDEON 138 kV,,"Gas - Internal Combustion Engine, eg. Reciprocating",226.03,,,2025-07-29,Completed,2031-05-10,,,,Gas,"Internal Combustion Engine, eg. Reciprocating","SS Completed, FIS Started, IA",2025-07-29,2025-10-26,2025-07-08 00:00:00.000,,,2025-12-19,,,,,,SOUTH,,,
31INR0013,SCHNEIDER GAS RICE PHASE 2,LCRA,Caldwell,Texas,"Double Tap 345kV #7042 Zorn - #7040 Austrop and #7042 Zorn - #9074 Lytton Springs
",,"Gas - Internal Combustion Engine, eg. Reciprocating",113.02,,,2025-07-29,Completed,2030-12-17,,,,Gas,"Internal Combustion Engine, eg. Reciprocating","SS Completed, FIS Started, IA",2025-07-29,2025-10-26,2025-07-25 00:00:00.000,,,2025-12-19,,,,,,SOUTH,,,
31INR0018,Permian I Solar,"S&S Renewables, LLC",Pecos,Texas,Tap TNMP White Baker (38435)–Bottlebrush(38441) 345-kV double-circuit,,Solar - Photovoltaic Solar,1125.73,,,2026-01-13,Active,2030-06-30,,,,Solar,Photovoltaic Solar,"SS Completed, FIS Started, No IA",2026-01-13,2026-02-17,2025-12-29 00:00:00.000,,No,,,,Not Required,,,WEST,,,
31INR0019,Permian I Natural Gas,"S&S Renewables, LLC",Pecos,Texas,"Tap TNMP White Baker (38435)–Bottlebrush(38441) 345-kV double-circuit
",,"Gas - Internal Combustion Engine, eg. Reciprocating",1246.95,,,2026-01-13,Active,2030-06-30,,,,Gas,"Internal Combustion Engine, eg. Reciprocating","SS Completed, FIS Started, No IA",2026-01-13,2026-02-17,2025-12-29 00:00:00.000,,,,,,,,,WEST,,,
31INR0021,Mule Deer Run Gas II,"Anderson Energy Center, LLC",Anderson,Texas,#3308 Pin Oak 345KV,,Gas - Combined-Cycle,1263.0,,,2026-06-04,Active,2032-07-01,,,,Gas,Combined-Cycle,"SS Completed, FIS Started, No IA",2026-06-04,2026-08-21,2026-06-01 00:00:00.000,,,,,,,,,NORTH,,,
31INR0022,Mule Deer Run Gas III,"Anderson Energy Center, LLC",Anderson,Texas,#3308 Pin Oak 345KV,,Gas - Combined-Cycle,1263.0,,,2026-06-04,Active,2032-07-01,,,,Gas,Combined-Cycle,"SS Completed, FIS Started, No IA",2026-06-04,2026-08-21,2026-06-01 00:00:00.000,,,,,,,,,NORTH,,,
31INR0025,Alpha Power Phase 4,"Palomino Alpha, LLC",Guadalupe,Texas,345kV 7042 Zorn Substation,,"Gas - Combustion (gas) Turbine, but not part of a Combined-Cycle",400.1,,,2026-07-10,Active,2031-12-31,,,,Gas,"Combustion (gas) Turbine, but not part of a Combined-Cycle","SS Started, FIS Started, No IA",2026-07-10,,2026-07-01 00:00:00.000,,,,,,,,,SOUTH,,,
32INR0002,Radiant Plains Energy Center  Solar,Adapture Solar Development,Colorado,Texas,Tap 138-kV Weimar (7254) to Schulenburg (7252),,Solar - Photovoltaic Solar,100.0,,,2025-06-12,Active,2029-12-27,,,,Solar,Photovoltaic Solar,"SS Completed, FIS Started, No IA",2025-06-12,2025-09-04,,,,,,,Not Required,,,SOUTH,,,
32INR0003,Mule Deer Run Gas,"Anderson Energy Center, LLC",Anderson,Texas,#3308 Pin Oak 345KV,,Gas - Combined-Cycle,1263.0,,,2025-11-18,Active,2031-07-01,,,,Gas,Combined-Cycle,"SS Completed, FIS Started, No IA",2025-11-18,2026-01-19,2025-11-06 00:00:00.000,,,,,,,,,NORTH,,,
32INR0006,H&C WILBARGER POWER I,H&C WILBARGER POWER I,Wilbarger,Texas,Tap 345kV 6101 RILEY7A - 60505 EDITHCLA7B,,Gas - Combined-Cycle,1025.55,,,2026-08-11,Active,2032-02-27,,,,Gas,Combined-Cycle,"SS Started, FIS Started, No IA",2026-08-11,,2026-08-06 00:00:00.000,,,,,,,,,WEST,,,
32INR0007,Alpha Power Phase 5,"Palomino Alpha, LLC",Guadalupe,Texas,345kV 7042 Zorn Substation,,"Gas - Combustion (gas) Turbine, but not part of a Combined-Cycle",400.1,,,2026-07-10,Active,2032-12-31,,,,Gas,"Combustion (gas) Turbine, but not part of a Combined-Cycle","SS Started, FIS Started, No IA",2026-07-10,,2026-07-01 00:00:00.000,,,,,,,,,SOUTH,,,
32INR0008,H&C WILBARGER POWER II,H&C WILBARGER POWER I,Wilbarger,Texas,Tap 345kV 6101 RILEY7A - 60505 EDITHCLA7B,,Gas - Combined-Cycle,1025.55,,,2026-08-11,Active,2032-02-27,,,,Gas,Combined-Cycle,"SS Started, FIS Started, No IA",2026-08-11,,2026-08-07 00:00:00.000,,,,,,,,,WEST,,,
33INR0005,Bullock Gas,"Bullock Data Center, LLC",Hill,Texas,BULLOCK 345 KV STATION (Bus# 68096),,Gas - Combined-Cycle,1400.0,,,2026-06-12,Active,2032-07-01,,,,Gas,Combined-Cycle,"SS Completed, FIS Started, No IA",2026-06-12,2026-07-29,2026-05-22 00:00:00.000,,,,,,,,,NORTH,,,
33INR0006,Liberty Thermal Energy Center,"Liberty Data Center I, LLC",Hill,Texas,LIBERTY 345 KV STATION (Bus# 68092),,Gas - Combined-Cycle,1400.0,,,2026-06-12,Active,2032-07-01,,,,Gas,Combined-Cycle,"SS Completed, FIS Started, No IA",2026-06-12,2026-07-29,2026-06-08 00:00:00.000,,,,,,,,,NORTH,,,
