iso,to_top,fuel,queue_year,County,State,capacity_mw,y,p,cycle
CAISO,PGAE,wind,2004.0,SOLANO,CA,150.0,1,0.4063024232132898,CAISO:2004
CAISO,SCE,steam,2004.0,CHURCHILL,NV,10.0,1,0.6382352941176471,CAISO:2004
CAISO,PGAE,gas,2004.0,HUMBOLDT,CA,146.4,1,0.6309225452439408,CAISO:2004
CAISO,PGAE,wind,2004.0,SOLANO,CA,200.0,1,0.4010825153966199,CAISO:2004
CAISO,PGAE,gas,2004.0,ALAMEDA,CA,354.0,1,0.6148815355499228,CAISO:2004
CAISO,SCE,gas,2004.0,RIVERSIDE,CA,810.0,1,0.4715511690003603,CAISO:2004
CAISO,PGAE,gas,2004.0,FRESNO,CA,0.55,1,1.0,CAISO:2004
CAISO,PGAE,gas,2004.0,FRESNO,CA,401.0,1,0.6102193353544016,CAISO:2004
CAISO,SDGE,wind,2004.0,SAN DIEGO,CA,117.0,0,0.4108027429611224,CAISO:2004
CAISO,SDGE,wind,2004.0,SAN DIEGO,CA,36.0,0,0.47190049542363743,CAISO:2004
CAISO,SDGE,gas,2004.0,SAN DIEGO,CA,650.0,0,0.48777937331694937,CAISO:2004
CAISO,PGAE,gas,2004.0,SAN FRANCISCO,CA,145.1,0,0.6310842142668365,CAISO:2004
CAISO,PGAE,wind,2004.0,LAKE/SONOMA,CA,201.0,0,0.4009919453540471,CAISO:2004
CAISO,PGAE,gas,2004.0,SAN FRANCISCO,CA,48.7,0,0.6382352941176471,CAISO:2004
CAISO,SCE,wind,2004.0,KERN,CA,201.0,0,0.4009919453540471,CAISO:2004
CAISO,SCE,wind,2004.0,KERN,CA,300.0,0,0.3937131378499955,CAISO:2004
CAISO,PGAE,gas,2004.0,FRESNO,CA,49.9,0,0.6382352941176471,CAISO:2004
CAISO,PGAE,gas,2004.0,STANISLAUS,CA,99.9,0,0.6378395952968223,CAISO:2004
CAISO,PGAE,gas,2004.0,SAN JOAQUIN,CA,74.9,0,0.6382352941176471,CAISO:2004
CAISO,PGAE,gas,2004.0,ALAMEDA,CA,118.0,0,0.6348284914106397,CAISO:2004
CAISO,SCE,gas,2004.0,KERN,CA,157.0,0,0.6296551850967151,CAISO:2004
CAISO,PGAE,gas,2004.0,FRESNO,CA,300.0,0,0.6178928941849642,CAISO:2004
CAISO,PGAE,gas,2004.0,SAN JOAQUIN,CA,168.7,0,0.628351469727438,CAISO:2004
CAISO,PGAE,gas,2004.0,MADERA,CA,126.5,0,0.6335693835023617,CAISO:2004
CAISO,PGAE,gas,2004.0,CONTRA COSTA,CA,531.0,0,0.5026863120088658,CAISO:2004
CAISO,PGAE,gas,2004.0,FRESNO,CA,200.6,0,0.625207875786334,CAISO:2004
CAISO,PGAE,gas,2004.0,CONTRA COSTA,CA,590.0,0,0.4949197775717419,CAISO:2004
CAISO,PGAE,gas,2004.0,PLACER,CA,116.8,0,0.6350134574479114,CAISO:2004
ISONE,OTHER,wind,2004.0,Sullivan,NH,24.0,1,0.6079457575392075,ISONE:2004
ISONE,NAN,unmapped,2004.0,Cheshire,NH,,0,0.3328145876834689,ISONE:2004
ISONE,ISO-NE,unmapped,2004.0,Fairfield,CT,,1,0.7720589137922251,ISONE:2004
ISONE,ISO-NE,unmapped,2004.0,Fairfield,CT,322.5,0,0.6585879137830126,ISONE:2004
ISONE,NAN,unknown,2004.0,New Haven,CT,,0,0.0,ISONE:2004
ISONE,NAN,unknown,2004.0,Caledonia,VT,,0,0.0,ISONE:2004
ISONE,NAN,unknown,2004.0,Somerset,ME,,0,0.0,ISONE:2004
ISONE,ISO-NE,gas,2004.0,New London,CT,,1,0.6844305204409717,ISONE:2004
ISONE,NAN,unmapped,2004.0,Fairfield,CT,,1,0.3328145876834689,ISONE:2004
ISONE,NAN,unknown,2004.0,Strafford,NH,,1,0.0,ISONE:2004
ISONE,NAN,unknown,2004.0,Fairfield,CT,,0,0.0,ISONE:2004
NYISO,NM-NG,wind,2004.0,Madison,NY,31.5,0,0.4012875523441954,NYISO:2004
NYISO,LIPA,unknown,2004.0,,NY,79.9,0,0.038458688351018705,NYISO:2004
NYISO,NM-NG,wind,2004.0,Ostego,NY,70.0,0,0.34570186923627744,NYISO:2004
NYISO,CONED,transmission,2004.0,NY,NY,0.0,0,0.5969541451843294,NYISO:2004
NYISO,NYSEG,wind,2004.0,Delaware,NY,99.0,0,0.11303835915327898,NYISO:2004
NYISO,LIPA,transmission,2004.0,Suffolk,NY,0.0,0,0.7611409978486933,NYISO:2004
NYISO,NYSEG,wind,2004.0,Steuben,NY,148.5,0,0.10648462902569103,NYISO:2004
NYISO,NM-NG,wind,2004.0,Herkimer,NY,100.0,0,0.32249392098152996,NYISO:2004
NYISO,NM-NG,wind,2004.0,Montgomery,NY,100.0,0,0.32249392098152996,NYISO:2004
NYISO,NYSEG,unknown,2004.0,Clinton,NY,150.0,0,0.0,NYISO:2004
NYISO,NYPA,wind,2004.0,Franklin,NY,79.2,0,0.30173700014480376,NYISO:2004
NYISO,NYSEG,wind,2004.0,Niagara,NY,70.0,0,0.23593397428482957,NYISO:2004
NYISO,OTHER,nuclear,2004.0,Wayne,NY,95.0,1,0.5895813868812142,NYISO:2004
NYISO,NYSEG,wind,2004.0,Wyoming,NY,112.5,1,0.11097453887637006,NYISO:2004
NYISO,LIPA,gas,2004.0,Suffolk,NY,96.0,1,0.5873383286917743,NYISO:2004
NYISO,CONED,transmission,2004.0,Westchester,NY,0.0,1,0.5969541451843294,NYISO:2004
NYISO,LIPA,gas,2004.0,Suffolk,NY,79.9,1,0.5906506202018792,NYISO:2004
NYISO,CONED,transmission,2004.0,Westchester,NY,500.0,1,0.15011119552345323,NYISO:2004
NYISO,NM-NG,wind,2004.0,Herkimer,NY,74.0,1,0.34158172686342386,NYISO:2004
NYISO,NM-NG,gas,2004.0,Jefferson,NY,6.4,1,0.6382352941176471,NYISO:2004
NYISO,NYPA,wind,2004.0,Clinton,NY,83.0,1,0.29812890187718055,NYISO:2004
CAISO,PGAE,gas,2005.0,COLUSA,CA,715.0,1,0.43220026350461127,CAISO:2005
CAISO,SCE,gas,2005.0,LOS ANGELES,CA,500.5,1,0.4337387250430728,CAISO:2005
CAISO,PGAE,gas,2005.0,ALAMEDA,CA,245.0,1,0.4337387250430728,CAISO:2005
CAISO,PGAE,gas,2005.0,SAN MATEO,CA,12.6,1,0.47490702911086524,CAISO:2005
CAISO,SCE,wind,2005.0,KERN,CA,141.3,1,0.42214452214452225,CAISO:2005
CAISO,PGAE,wind,2005.0,SHASTA,CA,102.0,1,0.4206060606060606,CAISO:2005
CAISO,PGAE,steam,2005.0,MADERA,CA,10.5,1,0.5466666666666666,CAISO:2005
CAISO,PGAE,steam,2005.0,MERCED,CA,10.5,1,0.5466666666666666,CAISO:2005
CAISO,SCE,solar,2005.0,KERN,CA,100.0,1,0.5333333333333334,CAISO:2005
CAISO,SCE,gas,2005.0,CLARK,NV,634.0,0,0.4337387250430728,CAISO:2005
CAISO,SCE,steam,2005.0,MINERAL,NV,62.0,0,0.5699275362318841,CAISO:2005
CAISO,PGAE,gas,2005.0,KINGS,CA,97.2,0,0.4354778554778555,CAISO:2005
CAISO,PGAE,gas,2005.0,KERN,CA,94.0,0,0.4354778554778555,CAISO:2005
CAISO,PGAE,gas,2005.0,HUMBOLDT,CA,166.5,0,0.4337387250430728,CAISO:2005
CAISO,PGAE,gas,2005.0,CONTRA COSTA,CA,158.0,0,0.4337387250430728,CAISO:2005
CAISO,PGAE,gas,2005.0,HUMBOLDT,CA,147.0,0,0.4337387250430728,CAISO:2005
CAISO,SCE,gas,2005.0,LOS ANGELES,CA,424.8,0,0.4337387250430728,CAISO:2005
CAISO,SCE,solar,2005.0,SAN BERNARDINO,CA,850.0,0,0.43360506063405574,CAISO:2005
CAISO,SCE,gas,2005.0,SAN BERNARDINO,CA,527.0,0,0.4337387250430728,CAISO:2005
CAISO,SCE,gas,2005.0,CLARK,NV,591.0,0,0.4337387250430728,CAISO:2005
CAISO,SCE,wind,2005.0,KERN,CA,300.0,0,0.41262071262071254,CAISO:2005
CAISO,SDGE,solar,2005.0,IMPERIAL,CA,300.0,0,0.4948717948717949,CAISO:2005
CAISO,SCE,gas,2005.0,LOS ANGELES,CA,610.0,0,0.4337387250430728,CAISO:2005
CAISO,PGAE,steam,2005.0,HUMBOLDT,CA,6.8,0,0.5716666666666667,CAISO:2005
CAISO,SCE,wind,2005.0,SAN BERNARDINO,CA,60.0,0,0.42214452214452225,CAISO:2005
CAISO,SCE,wind,2005.0,KERN,CA,120.0,0,0.42214452214452225,CAISO:2005
ISONE,NAN,wind,2005.0,Windham,VT,,0,0.18131250107769029,ISONE:2005
ISONE,ISO-NE,gas,2005.0,Middlesex,MA,,0,0.6625,ISONE:2005
ISONE,ISO-NE,gas,2005.0,New Haven,CT,,1,0.6625,ISONE:2005
ISONE,ISO-NE,gas,2005.0,Middlesex,MA,99.0,0,0.6625,ISONE:2005
ISONE,ISO-NE,wind,2005.0,Franklin,ME,65.5,1,0.5699275362318841,ISONE:2005
ISONE,ISO-NE,wind,2005.0,Franklin,ME,65.0,1,0.5699275362318841,ISONE:2005
ISONE,ISO-NE,hydro,2005.0,Oxford,ME,0.0,1,0.9375,ISONE:2005
ISONE,ISO-NE,unmapped,2005.0,Somerset,ME,,0,0.8108877453344021,ISONE:2005
ISONE,ISO-NE,unmapped,2005.0,Hampden,MA,55.0,0,0.8291666666666668,ISONE:2005
ISONE,ISO-NE,wind,2005.0,Bennington,VT,,0,0.5699275362318841,ISONE:2005
ISONE,NAN,unmapped,2005.0,Orleans,VT,,0,0.43220026350461127,ISONE:2005
ISONE,NAN,wind,2005.0,Bennington,VT,,0,0.18131250107769029,ISONE:2005
ISONE,ISO-NE,wind,2005.0,Franklin,ME,,0,0.5699275362318841,ISONE:2005
ISONE,NAN,wind,2005.0,Caledonia,VT,,0,0.18131250107769029,ISONE:2005
ISONE,ISO-NE,unmapped,2005.0,Penobscot,ME,,1,0.8108877453344021,ISONE:2005
ISONE,NAN,unmapped,2005.0,Litchfield,CT,,0,0.43220026350461127,ISONE:2005
NYISO,NYSEG,wind,2005.0,Steuben,NY,100.0,0,0.3141372133278462,NYISO:2005
NYISO,LIPA,wind,2005.0,Suffolk,NY,140.0,0,0.41108225108225105,NYISO:2005
NYISO,NM-NG,wind,2005.0,Genesee,NY,500.0,0,0.29695361086439,NYISO:2005
NYISO,NM-NG,wind,2005.0,Jefferson,NY,75.9,0,0.41262071262071254,NYISO:2005
NYISO,NM-NG,wind,2005.0,Jefferson,NY,80.0,0,0.41204717513159855,NYISO:2005
NYISO,NYSEG,wind,2005.0,Wyoming,NY,120.0,0,0.30895881375728723,NYISO:2005
NYISO,NM-NG,wind,2005.0,Genesee,NY,79.8,0,0.4122550798205621,NYISO:2005
NYISO,NM-NG,wind,2005.0,Cattaraugus,NY,90.0,0,0.4022573667597393,NYISO:2005
NYISO,OTHER,wind,2005.0,Wyoming,NY,129.0,0,0.42214452214452225,NYISO:2005
NYISO,OTHER,wind,2005.0,Cattaraugus,NY,100.5,0,0.42214452214452225,NYISO:2005
NYISO,NYSEG,wind,2005.0,Franklin,NY,102.0,0,0.3100540208930252,NYISO:2005
NYISO,NYSEG,wind,2005.0,Wyoming,NY,165.0,0,0.3068086949938018,NYISO:2005
NYISO,NM-NG,wind,2005.0,Madison,NY,10.0,0,0.4351361772257739,NYISO:2005
NYISO,NM-NG,wind,2005.0,Cattaraugus,NY,69.3,0,0.41262071262071254,NYISO:2005
NYISO,OTHER,wind,2005.0,Wyoming,NY,165.0,0,0.41262071262071254,NYISO:2005
NYISO,OTHER,wind,2005.0,Onondaga,NY,75.9,0,0.42214452214452225,NYISO:2005
NYISO,NM-NG,wind,2005.0,Herkimer,NY,80.0,0,0.41204717513159855,NYISO:2005
NYISO,NYPA,wind,2005.0,Clinton,NY,109.5,0,0.35108225108225105,NYISO:2005
NYISO,NYSEG,wind,2005.0,Wyoming,NY,96.0,0,0.3232128265801387,NYISO:2005
NYISO,NM-NG,wind,2005.0,Jefferson,NY,126.0,0,0.38534798534798537,NYISO:2005
NYISO,NM-NG,wind,2005.0,Jefferson,NY,66.0,0,0.41262071262071254,NYISO:2005
NYISO,OTHER,transmission,2005.0,Oneida-Orange,NY,1200.0,0,0.42214452214452225,NYISO:2005
NYISO,NYSEG,wind,2005.0,Livingston,NY,75.0,0,0.3758904099793673,NYISO:2005
NYISO,NYSEG,wind,2005.0,Wyoming,NY,60.0,0,0.3958750499348244,NYISO:2005
NYISO,CONED,steam,2005.0,NY,NY,300.0,0,0.41262071262071254,NYISO:2005
NYISO,CONED,transmission,2005.0,Richmond,NY,200.0,0,0.28534798534798533,NYISO:2005
NYISO,NM-NG,wind,2005.0,Lewis,NY,79.9,0,0.41215106322863215,NYISO:2005
NYISO,NM-NG,wind,2005.0,Lewis,NY,78.0,0,0.41262071262071254,NYISO:2005
NYISO,NM-NG,wind,2005.0,Chautauqua,NY,79.8,0,0.4122550798205621,NYISO:2005
NYISO,CONED,gas,2005.0,NY-NJ,NY,915.0,0,0.3838095238095238,NYISO:2005
NYISO,CONED,gas,2005.0,Queens,NY,200.0,0,0.42214452214452225,NYISO:2005
NYISO,CONED,gas,2005.0,NY-NJ,NY,130.0,0,0.42214452214452225,NYISO:2005
NYISO,NYSEG,wind,2005.0,Genesee,NY,478.5,0,0.1638079293405851,NYISO:2005
NYISO,NYSEG,wind,2005.0,Steuben,NY,150.0,0,0.307452702328855,NYISO:2005
NYISO,NYSEG,wind,2005.0,Clinton,NY,19.5,0,0.4083039012540281,NYISO:2005
NYISO,NYPA,wind,2005.0,Clinton,NY,132.2,1,0.35108225108225105,NYISO:2005
NYISO,NYPA,wind,2005.0,Clinton,NY,79.5,1,0.40444088530851124,NYISO:2005
NYISO,OTHER,wind,2005.0,Wyoming,NY,72.0,1,0.4226697080601106,NYISO:2005
NYISO,NYPA,wind,2005.0,Clinton,NY,99.0,1,0.35719919919771165,NYISO:2005
NYISO,NYPA,wind,2005.0,Clinton,NY,81.0,1,0.400420015322177,NYISO:2005
NYISO,NYSEG,wind,2005.0,Wyoming,NY,126.0,1,0.3086297207212866,NYISO:2005
NYISO,NYSEG,wind,2005.0,Steuben,NY,57.4,1,0.3998343536216443,NYISO:2005
NYISO,NYPA,hydro,2005.0,Schoharie,NY,120.0,1,0.4948717948717949,NYISO:2005
NYISO,NYSEG,wind,2005.0,Steuben,NY,42.5,1,0.40318806960532,NYISO:2005
NYISO,NYSEG,gas,2005.0,Seneca,NY,17.6,1,0.4337387250430728,NYISO:2005
NYISO,NM-NG,gas,2005.0,Albany,NY,4.0,1,0.5265973147394281,NYISO:2005
NYISO,CONED,transmission,2005.0,NY - Bergen,NY-NJ,660.0,1,0.2774281069849952,NYISO:2005
CAISO,SCE,wind,2006.0,KERN,CA,220.0,1,0.32995402298850574,CAISO:2006
CAISO,SCE,wind,2006.0,KERN,CA,550.0,1,0.29400223763938704,CAISO:2006
CAISO,PGAE,steam,2006.0,SAN LUIS OBISPO,CA,37.0,1,0.49699487516057184,CAISO:2006
CAISO,PGAE,steam,2006.0,SAN LUIS OBISPO,CA,45.0,1,0.4899695034964397,CAISO:2006
CAISO,PGAE,wind,2006.0,SOLANO,CA,128.0,1,0.32995402298850574,CAISO:2006
CAISO,SCE,wind,2006.0,KERN,CA,500.0,1,0.2996637211492156,CAISO:2006
CAISO,SDGE,gas,2006.0,SAN DIEGO,CA,49.0,1,0.5021025641025642,CAISO:2006
CAISO,SCE,steam,2006.0,SAN BERNARDINO,CA,250.0,1,0.44245718825120195,CAISO:2006
CAISO,SCE,steam,2006.0,SAN BERNARDINO,CA,132.0,1,0.4718605413406518,CAISO:2006
CAISO,SCE,wind,2006.0,KERN,CA,162.0,1,0.3339139162584964,CAISO:2006
CAISO,SDGE,gas,2006.0,SAN DIEGO,CA,211.0,1,0.4606495726495726,CAISO:2006
CAISO,SCE,solar_storage,2006.0,RIVERSIDE,CA,250.0,1,0.32995402298850574,CAISO:2006
CAISO,SCE,solar_storage,2006.0,RIVERSIDE,CA,300.0,1,0.31836260558922336,CAISO:2006
CAISO,SDGE,wind,2006.0,BAJA CALIFORNIA,MX,256.0,1,0.2672623712309205,CAISO:2006
CAISO,SCE,wind,2006.0,KERN,CA,33.1,0,0.38746737782923896,CAISO:2006
CAISO,SCE,wind,2006.0,KERN,CA,34.0,0,0.3865094575307274,CAISO:2006
CAISO,PGAE,steam,2006.0,SAN LUIS OBISPO,CA,28.0,0,0.5405641025641026,CAISO:2006
CAISO,SCE,gas,2006.0,LOS ANGELES,CA,613.5,0,0.3639576056780726,CAISO:2006
CAISO,SCE,gas,2006.0,SAN BERNARDINO,CA,570.0,0,0.3684295504000972,CAISO:2006
CAISO,SDGE,gas,2006.0,SAN DIEGO,CA,93.0,0,0.4842594835236961,CAISO:2006
CAISO,SCE,gas,2006.0,LOS ANGELES,CA,570.0,0,0.3684295504000972,CAISO:2006
CAISO,SCE,wind,2006.0,KERN,CA,180.0,0,0.32995402298850574,CAISO:2006
CAISO,SCE,wind,2006.0,KERN,CA,160.0,0,0.3346658926462195,CAISO:2006
CAISO,PGAE,gas,2006.0,KERN,CA,100.0,0,0.47307656002621634,CAISO:2006
CAISO,PGAE,wind,2006.0,MONTEREY,CA,210.0,0,0.2550418384270083,CAISO:2006
CAISO,PGAE,wind,2006.0,KERN,CA,100.0,0,0.33130191884709853,CAISO:2006
CAISO,SDGE,steam,2006.0,SAN DIEGO,CA,27.0,0,0.5405641025641026,CAISO:2006
CAISO,SCE,gas,2006.0,LOS ANGELES,CA,304.0,0,0.40344825189963435,CAISO:2006
CAISO,PGAE,wind,2006.0,HUMBOLDT,CA,100.0,0,0.33130191884709853,CAISO:2006
CAISO,SCE,steam,2006.0,SAN BERNARDINO,CA,635.0,0,0.40773180076628346,CAISO:2006
CAISO,SDGE,solar_storage,2006.0,SAN DIEGO,CA,100.0,0,0.32995402298850574,CAISO:2006
CAISO,PGAE,wind,2006.0,SOLANO,CA,128.0,0,0.32995402298850574,CAISO:2006
CAISO,PGAE,steam,2006.0,KERN,CA,300.0,0,0.40773180076628346,CAISO:2006
CAISO,SCE,solar,2006.0,SAN BERNARDINO,CA,550.0,0,0.40773180076628346,CAISO:2006
CAISO,SCE,solar,2006.0,SAN BERNARDINO,CA,1400.0,0,0.32995402298850574,CAISO:2006
CAISO,PGAE,steam,2006.0,KERN,CA,16.0,0,0.5405641025641026,CAISO:2006
CAISO,SDGE,wind,2006.0,SAN DIEGO,CA,300.0,0,0.26416311992940306,CAISO:2006
CAISO,PGAE,wind,2006.0,SOLANO,CA,30.0,0,0.3828717948717949,CAISO:2006
CAISO,SCE,wind,2006.0,SAN BERNARDINO,CA,150.0,0,0.33857167365217455,CAISO:2006
CAISO,SCE,wind,2006.0,SAN BERNARDINO,CA,150.0,0,0.33857167365217455,CAISO:2006
CAISO,SCE,wind,2006.0,SAN BERNARDINO,CA,50.0,0,0.3828717948717949,CAISO:2006
CAISO,PGAE,wind,2006.0,HUMBOLDT,CA,70.0,0,0.35276883635825407,CAISO:2006
CAISO,SCE,gas,2006.0,MOHAVE,AZ,550.0,0,0.3706012354672453,CAISO:2006
CAISO,SCE,solar,2006.0,SAN BERNARDINO,CA,1200.0,0,0.32995402298850574,CAISO:2006
CAISO,SDGE,gas,2006.0,ORANGE,CA,99.0,0,0.48242242857047657,CAISO:2006
CAISO,SDGE,gas,2006.0,SAN DIEGO,CA,99.0,0,0.48242242857047657,CAISO:2006
CAISO,SCE,wind,2006.0,CLARK,NV,1500.0,0,0.18125839238922775,CAISO:2006
CAISO,PGAE,steam,2006.0,CONTRA COSTA,CA,27.2,0,0.5405641025641026,CAISO:2006
CAISO,PGAE,gas,2006.0,FRESNO,CA,600.0,0,0.333545641830512,CAISO:2006
CAISO,SCE,wind,2006.0,SAN BERNARDINO,CA,400.0,0,0.30884291187739465,CAISO:2006
CAISO,SCE,steam,2006.0,SAN BERNARDINO,CA,565.0,0,0.40773180076628346,CAISO:2006
CAISO,SCE,wind,2006.0,SAN BERNARDINO,CA,140.0,0,0.3427451765684715,CAISO:2006
CAISO,SCE,gas,2006.0,KERN,CA,200.0,0,0.4669478193508162,CAISO:2006
CAISO,SCE,wind,2006.0,SAN BERNARDINO,CA,60.0,0,0.3828717948717949,CAISO:2006
CAISO,SCE,gas,2006.0,SAN BERNARDINO,CA,300.0,0,0.40951438644757776,CAISO:2006
CAISO,SCE,gas,2006.0,SAN BERNARDINO,CA,698.0,0,0.3561099392508492,CAISO:2006
CAISO,SCE,steam,2006.0,INYO,CA,75.0,0,0.4906836456918258,CAISO:2006
CAISO,SCE,gas,2006.0,SAN BERNARDINO,CA,504.0,0,0.3759110889416201,CAISO:2006
CAISO,SCE,steam,2006.0,SAN BERNARDINO,CA,80.0,0,0.4883407249505263,CAISO:2006
CAISO,SCE,steam,2006.0,SAN BERNARDINO,CA,80.0,0,0.4883407249505263,CAISO:2006
CAISO,SCE,steam,2006.0,SAN BERNARDINO,CA,320.0,0,0.4274742167709368,CAISO:2006
CAISO,SCE,gas,2006.0,CLARK,NV,591.0,0,0.3662296628147019,CAISO:2006
CAISO,SCE,steam,2006.0,CHURCH,NV,90.0,0,0.48406015143096803,CAISO:2006
CAISO,SCE,wind,2006.0,KERN,CA,362.0,0,0.30969743085139656,CAISO:2006
CAISO,SDGE,gas,2006.0,SAN DIEGO,CA,47.4,0,0.5021025641025642,CAISO:2006
CAISO,SCE,gas,2006.0,SAN BERNARDINO,CA,510.0,0,0.3751916792347723,CAISO:2006
CAISO,PGAE,wind,2006.0,SANTA BARBARA,CA,105.0,0,0.32995402298850574,CAISO:2006
CAISO,SCE,wind,2006.0,KERN,CA,100.0,0,0.3630669218537368,CAISO:2006
CAISO,SCE,solar,2006.0,KERN,CA,250.0,0,0.44245718825120195,CAISO:2006
CAISO,PGAE,gas,2006.0,ALAMEDA,CA,300.0,0,0.3756634985423762,CAISO:2006
CAISO,SCE,wind,2006.0,SAN BERNARDINO,CA,201.0,0,0.32995402298850574,CAISO:2006
CAISO,SCE,wind,2006.0,KERN,CA,100.0,0,0.3630669218537368,CAISO:2006
CAISO,SCE,wind,2006.0,KERN,CA,100.0,0,0.3630669218537368,CAISO:2006
CAISO,SCE,wind,2006.0,KERN,CA,100.0,0,0.3630669218537368,CAISO:2006
CAISO,SCE,steam,2006.0,SAN BERNARDINO,CA,220.0,0,0.45021034927254966,CAISO:2006
ISONE,NAN,gas,2006.0,Fairfield,CT,,0,0.27873346588039183,ISONE:2006
ISONE,NAN,gas,2006.0,Litchfield,CT,,0,0.27873346588039183,ISONE:2006
ISONE,NAN,gas,2006.0,Fairfield,CT,,0,0.27873346588039183,ISONE:2006
ISONE,ISO-NE,unmapped,2006.0,Litchfield,CT,26.0,0,0.6521671284079019,ISONE:2006
ISONE,NAN,gas,2006.0,Hampden,MA,156.0,0,0.19899930102534355,ISONE:2006
ISONE,ISO-NE,gas,2006.0,Litchfield,CT,39.0,0,0.6935164835164835,ISONE:2006
ISONE,ISO-NE,gas,2006.0,New Haven,CT,39.0,0,0.6935164835164835,ISONE:2006
ISONE,ISO-NE,gas,2006.0,New London,CT,39.0,0,0.6935164835164835,ISONE:2006
ISONE,ISO-NE,biomass,2006.0,Essex,MA,,1,0.5242857142857142,ISONE:2006
ISONE,NAN,gas,2006.0,Plymouth,MA,,0,0.27873346588039183,ISONE:2006
ISONE,NAN,gas,2006.0,Fairfield,CT,28.9,0,0.3199540229885057,ISONE:2006
ISONE,ISO-NE,hydro,2006.0,New Haven,CT,6.5,0,0.7835164835164836,ISONE:2006
ISONE,ISO-NE,unmapped,2006.0,New Haven,CT,78.0,0,0.5742857142857142,ISONE:2006
ISONE,ISO-NE,wind,2006.0,Penobscot,ME,60.0,1,0.48689856762131145,ISONE:2006
ISONE,ISO-NE,wind,2006.0,Penobscot,ME,27.8,1,0.5213333333333333,ISONE:2006
ISONE,ISO-NE,gas,2006.0,Middlesex,MA,,0,0.5827231007792495,ISONE:2006
ISONE,ISO-NE,unmapped,2006.0,New London,CT,70.0,1,0.5742857142857142,ISONE:2006
ISONE,ISO-NE,gas,2006.0,Fairfield,CT,0.0,0,0.8644451977675389,ISONE:2006
ISONE,ISO-NE,unknown,2006.0,,CT,0.0,0,0.2139834722424657,ISONE:2006
ISONE,NAN,unknown,2006.0,,CT,,0,0.003278688524590164,ISONE:2006
ISONE,NAN,unknown,2006.0,,CT,,0,0.003278688524590164,ISONE:2006
ISONE,ISO-NE,unmapped,2006.0,Penobscot,ME,,1,0.5541059167926784,ISONE:2006
ISONE,ISO-NE,gas,2006.0,Plymouth,MA,332.0,0,0.49459815443576877,ISONE:2006
ISONE,ISO-NE,gas,2006.0,Worcester,MA,190.0,0,0.5599999999999999,ISONE:2006
ISONE,ISO-NE,wind,2006.0,Coos,NH,145.5,0,0.4252926291806693,ISONE:2006
ISONE,ISO-NE,gas,2006.0,Fairfield,CT,175.0,0,0.5599999999999999,ISONE:2006
ISONE,ISO-NE,gas,2006.0,Hampden,MA,280.0,0,0.5255136184933861,ISONE:2006
ISONE,NAN,wind,2006.0,Rutland,VT,60.0,0,0.06767599165721637,ISONE:2006
ISONE,ISO-NE,wind,2006.0,Caledonia,VT,40.0,1,0.5110979474605436,ISONE:2006
ISONE,ISO-NE,gas,2006.0,Norfolk,MA,108.0,1,0.5708605980490387,ISONE:2006
ISONE,ISO-NE,gas,2006.0,Middlesex,MA,0.0,0,0.8644451977675389,ISONE:2006
ISONE,NAN,unmapped,2006.0,Windsor,VT,,0,0.2366206896551724,ISONE:2006
ISONE,NAN,unknown,2006.0,,VT,,0,0.003278688524590164,ISONE:2006
ISONE,OTHER,wind,2006.0,,,,0,0.5315507702584308,ISONE:2006
ISONE,OTHER,wind,2006.0,,,,0,0.5315507702584308,ISONE:2006
ISONE,NAN,gas,2006.0,New Haven,CT,16.0,0,0.32788228750712606,ISONE:2006
ISONE,ISO-NE,wind,2006.0,Coos,NH,94.5,1,0.4328717948717949,ISONE:2006
ISONE,ISO-NE,gas,2006.0,Rockingham,NH,563.0,0,0.47153846153846146,ISONE:2006
ISONE,NAN,gas,2006.0,Providence,RI,320.0,0,0.17435293195290816,ISONE:2006
ISONE,OTHER,unmapped,2006.0,Middlesex,MA,18.0,0,0.6935164835164835,ISONE:2006
ISONE,ISO-NE,hydro,2006.0,Windham,VT,,1,0.5683916310783926,ISONE:2006
ISONE,ISO-NE,gas,2006.0,Middlesex,CT,215.0,1,0.5594251471010869,ISONE:2006
ISONE,ISO-NE,gas,2006.0,New Haven,CT,196.8,1,0.5599999999999999,ISONE:2006
ISONE,ISO-NE,gas,2006.0,New London,CT,223.0,0,0.5572100188515912,ISONE:2006
ISONE,ISO-NE,gas,2006.0,Middlesex,CT,107.5,0,0.5717030252426952,ISONE:2006
ISONE,NAN,gas,2006.0,,CT,,0,0.27873346588039183,ISONE:2006
ISONE,ISO-NE,gas,2006.0,Middlesex,CT,82.2,0,0.6077309243852017,ISONE:2006
ISONE,NAN,gas,2006.0,Fairfield,CT,,0,0.27873346588039183,ISONE:2006
ISONE,NAN,gas,2006.0,Fairfield,CT,,0,0.27873346588039183,ISONE:2006
ISONE,ISO-NE,gas,2006.0,Fairfield,CT,325.0,0,0.4958921794221762,ISONE:2006
ISONE,OTHER,gas,2006.0,Middlesex,CT,,1,0.5935164835164836,ISONE:2006
ISONE,ISO-NE,gas,2006.0,Middlesex,MA,311.0,0,0.4985657446297713,ISONE:2006
ISONE,NAN,unmapped,2006.0,Bristol,MA,,1,0.2366206896551724,ISONE:2006
ISONE,ISO-NE,unmapped,2006.0,Essex,MA,,1,0.5541059167926784,ISONE:2006
ISONE,ISO-NE,gas,2006.0,Middlesex,MA,160.0,0,0.5599999999999999,ISONE:2006
ISONE,NAN,gas,2006.0,Fairfield,CT,,1,0.27873346588039183,ISONE:2006
ISONE,NAN,gas,2006.0,Fairfield,CT,14.4,0,0.32982078006570326,ISONE:2006
ISONE,NAN,unmapped,2006.0,Suffolk,MA,,0,0.2366206896551724,ISONE:2006
ISONE,NAN,gas,2006.0,Fairfield,CT,,0,0.27873346588039183,ISONE:2006
ISONE,OTHER,gas,2006.0,Suffolk,MA,,1,0.5935164835164836,ISONE:2006
ISONE,NGRID,biomass,2006.0,Worcester,MA,,1,0.5621309125327189,ISONE:2006
ISONE,ISO-NE,unmapped,2006.0,Windham,CT,37.5,1,0.5779693674317166,ISONE:2006
ISONE,ISO-NE,unknown,2006.0,,CT,,0,0.003278688524590164,ISONE:2006
ISONE,ISO-NE,hydro,2006.0,Grafton,NH,8.3,1,0.7835164835164836,ISONE:2006
ISONE,ISO-NE,hydro,2006.0,Grafton,NH,8.4,1,0.7835164835164836,ISONE:2006
ISONE,ISO-NE,hydro,2006.0,Grafton,NH,8.3,1,0.7835164835164836,ISONE:2006
ISONE,ISO-NE,hydro,2006.0,Grafton,NH,-17.0,1,0.9692307692307693,ISONE:2006
ISONE,ISO-NE,unmapped,2006.0,Suffolk,MA,,0,0.5541059167926784,ISONE:2006
ISONE,ISO-NE,unmapped,2006.0,New Haven,CT,,1,0.5541059167926784,ISONE:2006
ISONE,ISO-NE,wind,2006.0,Windham,CT,,0,0.4328717948717949,ISONE:2006
ISONE,NAN,unmapped,2006.0,Windsor,VT,,0,0.2366206896551724,ISONE:2006
ISONE,NAN,biomass,2006.0,Providence,RI,,0,0.27995402298850575,ISONE:2006
NYISO,NM-NG,wind,2006.0,Jefferson,NY,209.3,0,0.13198491213606417,NYISO:2006
NYISO,NYSEG,steam,2006.0,Otsego,NY,36.0,0,0.473552539330235,NYISO:2006
NYISO,LIPA,gas,2006.0,Nassau,NY,100.0,0,0.4798803418803418,NYISO:2006
NYISO,NM-NG,transmission,2006.0,Niagara,NY,150.0,0,0.22116210808297793,NYISO:2006
NYISO,NYPA,wind,2006.0,Clinton,NY,21.0,0,0.49918479221927503,NYISO:2006
NYISO,NYPA,wind,2006.0,Franklin-Clinton,NY,120.0,0,0.41609835864932715,NYISO:2006
NYISO,NYSEG,wind,2006.0,Tioga,PA,90.0,0,0.19050804435313823,NYISO:2006
NYISO,NYSEG,wind,2006.0,Tioga - Bradford,PA,150.0,0,0.18418280174247764,NYISO:2006
NYISO,NM-NG,gas,2006.0,Niagara,NY,752.0,0,0.21832054823106994,NYISO:2006
NYISO,NYSEG,wind,2006.0,Bradford,PA,175.0,0,0.17506501981278416,NYISO:2006
NYISO,NYSEG,wind,2006.0,Bradford,PA,75.0,0,0.26377234837690855,NYISO:2006
NYISO,NM-NG,wind,2006.0,Chautauqua,NY,90.0,0,0.20510085469581102,NYISO:2006
NYISO,NM-NG,wind,2006.0,Chautauqua,NY,99.0,0,0.19840759207068123,NYISO:2006
NYISO,CONED,gas,2006.0,Queens,NY,90.0,0,0.3319096392878997,NYISO:2006
NYISO,NYSEG,gas,2006.0,Chemung,NY,6.4,0,0.5021025641025642,NYISO:2006
NYISO,NM-NG,biomass,2006.0,Rotterdam,NY,9.3,0,0.46624647266480873,NYISO:2006
NYISO,NM-NG,gas,2006.0,Herkimer,NY,2.2,0,0.5326275946275946,NYISO:2006
NYISO,CONED,gas,2006.0,NY-NJ,NY,1200.0,0,0.07898246850406479,NYISO:2006
NYISO,NM-NG,wind,2006.0,Orleans,NY,120.0,0,0.18487919702877692,NYISO:2006
NYISO,NM-NG,biomass,2006.0,Cattaraugus,NY,7.0,0,0.4826641191279256,NYISO:2006
NYISO,NYSEG,unknown,2006.0,Chenango,NY,536.0,0,0.003278688524590164,NYISO:2006
NYISO,NYSEG,unknown,2006.0,Niagara,NY,706.0,0,0.003278688524590164,NYISO:2006
NYISO,NAN,gas,2006.0,,NY,30.0,0,0.1,NYISO:2006
NYISO,NYSEG,gas,2006.0,Seneca,NY,6.4,0,0.5021025641025642,NYISO:2006
NYISO,NYSEG,wind,2006.0,Tioga - Bradford,PA,120.0,0,0.18888888888888888,NYISO:2006
NYISO,NYSEG,wind,2006.0,Tioga - Schuyler,NY,150.0,0,0.18418280174247764,NYISO:2006
NYISO,NYSEG,gas,2006.0,Livingston,NY,6.4,1,0.5021025641025642,NYISO:2006
NYISO,NYPA,wind,2006.0,Clinton,NY,21.0,1,0.49918479221927503,NYISO:2006
NYISO,OTHER,wind,2006.0,Wyoming,NY,28.5,1,0.4798803418803418,NYISO:2006
NYISO,NYPA,wind,2006.0,Franklin-Clinton,NY,106.5,1,0.4183418803418803,NYISO:2006
NYISO,NM-NG,nuclear,2006.0,Oswego,NY,168.0,1,0.26862068965517244,NYISO:2006
NYISO,OTHER,transmission,2006.0,Greene-W.Chester,NY,0.0,1,0.5673828842215348,NYISO:2006
NYISO,NYSEG,gas,2006.0,Monroe,NY,6.4,1,0.5021025641025642,NYISO:2006
NYISO,NYSEG,transmission,2006.0,Thompkins,NY,0.0,1,0.5548498168498168,NYISO:2006
NYISO,CONED,unmapped,2006.0,Bayonne,NJ,500.0,1,0.10083050380844767,NYISO:2006
NYISO,NM-NG,hydro,2006.0,Warren,NY,8.5,1,0.5248256014794013,NYISO:2006
NYISO,NM-NG,wind,2006.0,Erie,NY,15.0,1,0.2851014262791284,NYISO:2006
CAISO,SCE,steam,2007.0,SAN BERNARDINO,CA,126.0,1,0.13243667679837892,CAISO:2007
CAISO,SCE,solar,2007.0,SAN BERNARDINO,CA,300.0,1,0.17115054398613375,CAISO:2007
CAISO,PGAE,solar,2007.0,SAN LUIS OBISPO,CA,210.0,1,0.2461498453631215,CAISO:2007
CAISO,SCE,wind,2007.0,KERN,CA,198.0,1,0.13098921748579612,CAISO:2007
CAISO,SDGE,gas,2007.0,SAN DIEGO,CA,105.8,1,0.18194671461261852,CAISO:2007
CAISO,SCE,hybrid_multi,2007.0,RIVERSIDE,CA,500.0,1,0.1436811740849014,CAISO:2007
CAISO,PGAE,solar,2007.0,SAN LUIS OBISPO,CA,190.0,1,0.38823069525268583,CAISO:2007
CAISO,SDGE,gas,2007.0,SAN DIEGO,CA,99.0,1,0.18194671461261852,CAISO:2007
CAISO,SCE,steam,2007.0,SAN BERNARDINO,CA,132.0,1,0.13243667679837892,CAISO:2007
CAISO,PGAE,solar,2007.0,SAN LUIS OBISPO,CA,250.0,1,0.23741465476296147,CAISO:2007
CAISO,PGAE,solar,2007.0,SAN LUIS OBISPO,CA,150.0,1,0.42704857968015864,CAISO:2007
CAISO,SCE,steam,2007.0,LOS ANGELES,CA,25.96,1,0.18194671461261852,CAISO:2007
CAISO,PGAE,solar,2007.0,FRESNO,CA,5.0,1,0.6389661319073083,CAISO:2007
CAISO,PGAE,gas,2007.0,SAN JOAQUIN,CA,280.0,1,0.13243667679837892,CAISO:2007
CAISO,SDGE,gas,2007.0,SAN DIEGO,CA,54.0,1,0.18194671461261852,CAISO:2007
CAISO,SCE,gas,2007.0,LOS ANGELES,CA,220.0,0,0.13243667679837892,CAISO:2007
CAISO,SDGE,wind,2007.0,BAJA CALIFORNIA,MX,1000.0,0,0.06462965925451927,CAISO:2007
CAISO,SCE,steam,2007.0,SAN BERNARDINO,CA,400.0,0,0.06462965925451927,CAISO:2007
CAISO,SCE,gas,2007.0,RIVERSIDE,CA,700.0,0,0.06888181232589216,CAISO:2007
CAISO,SDGE,wind,2007.0,BAJA CALIFORNIA,MX,1000.0,0,0.06462965925451927,CAISO:2007
CAISO,SDGE,steam,2007.0,IMPERIAL,CA,211.6,0,0.15558897243107767,CAISO:2007
CAISO,SCE,solar,2007.0,KERN,CA,150.0,0,0.1998122102265439,CAISO:2007
CAISO,PGAE,wind,2007.0,SOLANO,CA,500.0,0,0.11796299258785262,CAISO:2007
CAISO,PGAE,gas,2007.0,SAN JOAQUIN,CA,508.0,0,0.12910334346504557,CAISO:2007
CAISO,SDGE,gas,2007.0,SAN DIEGO,CA,49.9,0,0.18194671461261852,CAISO:2007
CAISO,SCE,wind,2007.0,RIVERSIDE,CA,30.0,0,0.14432073476939342,CAISO:2007
CAISO,SCE,wind,2007.0,KERN,CA,650.0,0,0.0404461426437944,CAISO:2007
CAISO,SDGE,gas,2007.0,ORANGE,CA,49.9,0,0.18194671461261852,CAISO:2007
CAISO,PGAE,wind,2007.0,CONTRA COSTA,CA,100.0,0,0.14432073476939342,CAISO:2007
CAISO,PGAE,wind,2007.0,MERCED,CA,100.0,0,0.14432073476939342,CAISO:2007
CAISO,SDGE,wind,2007.0,MEXICALI/ENSENADA/TECATE,MX,500.0,0,0.11796299258785262,CAISO:2007
CAISO,SDGE,wind,2007.0,MEXICALI/ENSENADA/TECATE,MX,500.0,0,0.11796299258785262,CAISO:2007
CAISO,SCE,steam,2007.0,RIVERSIDE,CA,300.0,0,0.06462965925451927,CAISO:2007
CAISO,SCE,gas,2007.0,SAN BERNARDINO,CA,564.0,0,0.07910334346504558,CAISO:2007
CAISO,SCE,gas,2007.0,SAN BERNARDINO,CA,400.0,0,0.0925200517273028,CAISO:2007
CAISO,SCE,solar,2007.0,KERN,CA,500.0,0,0.14432073476939342,CAISO:2007
CAISO,SDGE,wind,2007.0,BAJA CALIFORNIA,MX,300.0,0,0.11796299258785262,CAISO:2007
CAISO,PGAE,steam,2007.0,SONOMA,CA,32.0,0,0.18194671461261852,CAISO:2007
CAISO,SCE,steam,2007.0,MINERAL,NV,150.0,0,0.13243667679837892,CAISO:2007
CAISO,PGAE,gas,2007.0,SAN JOAQUIN,CA,211.0,0,0.170062656641604,CAISO:2007
CAISO,PGAE,steam,2007.0,SONOMA,CA,50.0,0,0.18194671461261852,CAISO:2007
CAISO,SDGE,gas,2007.0,SAN DIEGO,CA,330.0,0,0.13243667679837892,CAISO:2007
CAISO,SDGE,gas,2007.0,SAN DIEGO,CA,315.0,0,0.13243667679837892,CAISO:2007
CAISO,SDGE,gas,2007.0,SAN DIEGO,CA,315.0,0,0.13243667679837892,CAISO:2007
CAISO,SCE,gas,2007.0,KERN,CA,725.0,0,0.06462965925451927,CAISO:2007
CAISO,PGAE,gas,2007.0,MADERA,CA,210.0,0,0.170062656641604,CAISO:2007
CAISO,SDGE,gas,2007.0,SAN DIEGO,CA,315.0,0,0.13243667679837892,CAISO:2007
CAISO,SDGE,gas,2007.0,SAN DIEGO,CA,400.0,0,0.13243667679837892,CAISO:2007
CAISO,PGAE,gas,2007.0,SAN JOAQUIN,CA,50.0,0,0.18194671461261852,CAISO:2007
CAISO,SCE,gas,2007.0,RIVERSIDE,CA,200.0,0,0.13243667679837892,CAISO:2007
CAISO,SCE,wind,2007.0,SAN BERNARDINO,CA,198.65,0,0.13048145519421617,CAISO:2007
CAISO,SCE,wind,2007.0,SAN BERNARDINO,CA,198.65,0,0.13048145519421617,CAISO:2007
CAISO,SCE,wind,2007.0,SAN BERNARDINO,CA,149.4,0,0.13243667679837892,CAISO:2007
CAISO,SCE,steam,2007.0,CLARK,NV,5.0,0,0.22033292691187428,CAISO:2007
CAISO,SCE,gas,2007.0,LOS ANGELES,CA,200.0,0,0.13243667679837892,CAISO:2007
CAISO,SCE,gas,2007.0,LOS ANGELES,CA,557.3,0,0.07910334346504558,CAISO:2007
CAISO,PGAE,solar,2007.0,ALAMEDA,CA,2.0,0,0.6757894736842105,CAISO:2007
CAISO,SDGE,wind,2007.0,BAJA CALIFORNIA,MX,400.0,0,0.11796299258785262,CAISO:2007
CAISO,SCE,solar,2007.0,RIVERSIDE,CA,500.0,0,0.14432073476939342,CAISO:2007
CAISO,PGAE,wind,2007.0,LASSEN,CA,201.0,0,0.13243667679837892,CAISO:2007
CAISO,PGAE,wind,2007.0,HUMBOLDT,CA,50.0,0,0.18194671461261852,CAISO:2007
CAISO,SCE,wind,2007.0,SAN BERNARDINO,CA,180.0,0,0.13243667679837892,CAISO:2007
CAISO,SCE,wind,2007.0,SAN BERNARDINO,CA,49.25,0,0.14432073476939342,CAISO:2007
CAISO,SDGE,wind,2007.0,BAJA CALIFORNIA,MX,420.0,0,0.11796299258785262,CAISO:2007
CAISO,SDGE,gas,2007.0,SAN DIEGO,CA,98.8,0,0.18194671461261852,CAISO:2007
CAISO,SDGE,gas,2007.0,SAN DIEGO,CA,98.8,0,0.18194671461261852,CAISO:2007
CAISO,SDGE,gas,2007.0,SAN DIEGO,CA,98.8,0,0.18194671461261852,CAISO:2007
CAISO,SCE,solar,2007.0,RIVERSIDE,CA,50.0,0,0.42704857968015864,CAISO:2007
CAISO,SCE,solar,2007.0,SAN BERNARDINO,CA,450.0,0,0.14432073476939342,CAISO:2007
CAISO,SCE,solar,2007.0,SAN BERNARDINO,CA,450.0,0,0.14432073476939342,CAISO:2007
CAISO,SCE,wind,2007.0,SAN BERNARDINO,CA,170.0,0,0.13243667679837892,CAISO:2007
CAISO,SDGE,unmapped,2007.0,SAN DIEGO,CA,99.0,0,0.28895334158492053,CAISO:2007
CAISO,SCE,gas,2007.0,RIVERSIDE,CA,640.0,0,0.07910334346504558,CAISO:2007
CAISO,SDGE,gas,2007.0,SAN DIEGO,CA,620.0,0,0.11462965925451926,CAISO:2007
CAISO,PGAE,wind,2007.0,MARIN,CA,175.0,0,0.14432073476939342,CAISO:2007
CAISO,PGAE,gas,2007.0,ALAMEDA,CA,630.0,0,0.1021214073582204,CAISO:2007
CAISO,SCE,solar,2007.0,SAN BERNARDINO,CA,1000.0,0,0.14432073476939342,CAISO:2007
CAISO,SCE,solar,2007.0,SAN BERNARDINO,CA,1000.0,0,0.14432073476939342,CAISO:2007
CAISO,SCE,wind,2007.0,RIVERSIDE,CA,50.0,0,0.14432073476939342,CAISO:2007
CAISO,SDGE,unmapped,2007.0,SAN DIEGO,CA,99.0,0,0.28895334158492053,CAISO:2007
CAISO,SCE,steam,2007.0,CLARK,NV,400.0,0,0.06462965925451927,CAISO:2007
CAISO,PGAE,gas,2007.0,CONTRA COSTA,CA,630.0,0,0.1021214073582204,CAISO:2007
CAISO,PGAE,gas,2007.0,SAN JOAQUIN,CA,630.0,0,0.1021214073582204,CAISO:2007
CAISO,SCE,gas,2007.0,CLARK,NV,634.0,0,0.07910334346504558,CAISO:2007
CAISO,PGAE,solar,2007.0,SAN LUIS OBISPO,CA,45.0,0,0.42704857968015864,CAISO:2007
CAISO,SCE,steam,2007.0,SAN BERNARDINO,CA,400.0,0,0.06462965925451927,CAISO:2007
CAISO,SCE,steam,2007.0,SAN BERNARDINO,CA,400.0,0,0.06462965925451927,CAISO:2007
CAISO,SCE,wind,2007.0,SAN BERNARDINO,CA,429.0,0,0.07540818249815834,CAISO:2007
CAISO,SCE,wind,2007.0,KERN/INYO,CA,120.0,0,0.13243667679837892,CAISO:2007
CAISO,SCE,wind,2007.0,RIVERSIDE,CA,228.0,0,0.11796299258785262,CAISO:2007
CAISO,SCE,wind,2007.0,KERN,CA,120.0,0,0.13243667679837892,CAISO:2007
CAISO,PGAE,gas,2007.0,MADERA,CA,67.0,0,0.18194671461261852,CAISO:2007
CAISO,PGAE,gas,2007.0,SAN JOAQUIN,CA,67.0,0,0.18194671461261852,CAISO:2007
CAISO,PGAE,wind,2007.0,MONTEREY,CA,105.0,0,0.14432073476939342,CAISO:2007
CAISO,PGAE,wind,2007.0,LAKE/COLUSA,CA,66.2,0,0.14432073476939342,CAISO:2007
CAISO,SCE,solar,2007.0,RIVERSIDE,CA,200.0,0,0.19848441674643139,CAISO:2007
CAISO,PGAE,wind,2007.0,SANTA BARBARA,CA,40.0,0,0.18194671461261852,CAISO:2007
CAISO,PGAE,gas,2007.0,KINGS,CA,600.0,0,0.12305703877532714,CAISO:2007
CAISO,SCE,steam,2007.0,KERN,CA,250.0,0,0.0878647762433361,CAISO:2007
CAISO,PGAE,solar,2007.0,FRESNO,CA,30.0,0,0.42704857968015864,CAISO:2007
CAISO,PGAE,gas,2007.0,SOLANO,CA,575.0,0,0.12910334346504557,CAISO:2007
CAISO,PGAE,gas,2007.0,CONTRA COSTA,CA,651.0,0,0.08805053309106416,CAISO:2007
CAISO,PGAE,gas,2007.0,SUTTER,CA,345.0,0,0.13243667679837892,CAISO:2007
CAISO,PGAE,gas,2007.0,SAN JOAQUIN,CA,260.0,0,0.170062656641604,CAISO:2007
CAISO,SCE,gas,2007.0,LOS ANGELES,CA,104.0,0,0.13243667679837892,CAISO:2007
CAISO,PGAE,unmapped,2007.0,SOLANO,CA,390.6,0,0.2046575184516291,CAISO:2007
CAISO,SCE,gas,2007.0,CLARK,NV,634.0,0,0.07910334346504558,CAISO:2007
CAISO,SCE,wind,2007.0,SAN BERNARDINO,CA,300.0,0,0.11343248551308598,CAISO:2007
CAISO,SCE,solar,2007.0,RIVERSIDE,CA,25.0,0,0.42704857968015864,CAISO:2007
CAISO,PGAE,gas,2007.0,SUTTER,CA,325.0,0,0.13243667679837892,CAISO:2007
CAISO,PGAE,unmapped,2007.0,SAN JOAQUIN,CA,371.3,0,0.20837623892798735,CAISO:2007
CAISO,SCE,solar,2007.0,RIVERSIDE,CA,700.0,0,0.14432073476939342,CAISO:2007
CAISO,SCE,solar,2007.0,SAN BERNARDINO,CA,400.0,0,0.15004449594620478,CAISO:2007
CAISO,PGAE,gas,2007.0,KINGS,CA,99.0,0,0.18194671461261852,CAISO:2007
CAISO,PGAE,gas,2007.0,SOLANO,CA,630.0,0,0.1021214073582204,CAISO:2007
CAISO,PGAE,gas,2007.0,CONTRA COSTA,CA,650.0,0,0.08871023133102977,CAISO:2007
CAISO,SCE,wind,2007.0,SAN BERNARDINO,CA,75.0,0,0.14432073476939342,CAISO:2007
CAISO,PGAE,hydro,2007.0,HUMBOLDT,CA,40.0,0,0.5238906849433166,CAISO:2007
CAISO,PGAE,hydro,2007.0,MENDOCINO,CA,40.0,0,0.5238906849433166,CAISO:2007
CAISO,PGAE,gas,2007.0,SAN JOAQUIN,CA,500.0,0,0.12910334346504557,CAISO:2007
CAISO,PGAE,steam,2007.0,MADERA,CA,29.0,0,0.18194671461261852,CAISO:2007
CAISO,PGAE,steam,2007.0,FRESNO,CA,106.8,0,0.170062656641604,CAISO:2007
CAISO,PGAE,unmapped,2007.0,MENDOCINO,CA,115.0,0,0.24119113472121737,CAISO:2007
CAISO,SCE,wind,2007.0,SAN BERNARDINO,CA,150.0,0,0.13243667679837892,CAISO:2007
CAISO,SDGE,steam,2007.0,IMPERIAL,CA,375.0,0,0.15225563909774437,CAISO:2007
CAISO,SCE,steam,2007.0,KERN,CA,231.0,0,0.11462965925451926,CAISO:2007
CAISO,PGAE,solar,2007.0,SAN LUIS OBISPO,CA,375.0,0,0.22033292691187428,CAISO:2007
CAISO,SCE,steam,2007.0,SAN BERNARDINO,CA,375.0,0,0.06462965925451927,CAISO:2007
CAISO,SCE,steam,2007.0,SAN BERNARDINO,CA,750.0,0,0.06462965925451927,CAISO:2007
CAISO,SCE,steam,2007.0,SAN BERNARDINO,CA,250.0,0,0.0878647762433361,CAISO:2007
CAISO,SCE,steam,2007.0,KERN,CA,250.0,0,0.0878647762433361,CAISO:2007
ISONE,ISO-NE,gas,2007.0,New Haven,CT,38.0,0,0.2894505739706978,ISONE:2007
ISONE,NAN,gas,2007.0,New London,CT,94.0,0,0.05357142857142857,ISONE:2007
ISONE,NAN,gas,2007.0,Fairfield,CT,35.0,0,0.05357142857142857,ISONE:2007
ISONE,ISO-NE,biomass,2007.0,Worcester,MA,1.6,0,0.7392380631371863,ISONE:2007
ISONE,NAN,gas,2007.0,Newport,RI,285.0,0,0.039097744360902256,ISONE:2007
ISONE,ISO-NE,gas,2007.0,Hampden,MA,353.0,0,0.16142599792728815,ISONE:2007
ISONE,NAN,gas,2007.0,New Haven,CT,,0,0.05357142857142857,ISONE:2007
ISONE,NAN,gas,2007.0,New London,CT,,0,0.05357142857142857,ISONE:2007
ISONE,NAN,biomass,2007.0,Washington,VT,4.8,1,0.16142599792728815,ISONE:2007
ISONE,NGRID,biomass,2007.0,Providence,RI,27.9,1,0.6805513784461154,ISONE:2007
ISONE,NAN,gas,2007.0,Hartford,CT,,0,0.05357142857142857,ISONE:2007
ISONE,ISO-NE,unmapped,2007.0,Bristol,MA,30.0,1,0.4897052212841687,ISONE:2007
ISONE,NAN,unmapped,2007.0,Colchester,VT,,1,0.05357142857142857,ISONE:2007
ISONE,ISO-NE,unmapped,2007.0,Coos,NH,29.5,0,0.4897052212841687,ISONE:2007
ISONE,NAN,unmapped,2007.0,Coos,NH,,0,0.05357142857142857,ISONE:2007
ISONE,ISO-NE,wind,2007.0,Penobscot,ME,27.0,1,0.2736826626042954,ISONE:2007
ISONE,ISO-NE,hydro,2007.0,Berkshire,MA,43.0,0,0.647218045112782,ISONE:2007
ISONE,ISO-NE,hydro,2007.0,Berkshire,MA,43.0,0,0.647218045112782,ISONE:2007
ISONE,NAN,unknown,2007.0,,ME,,0,0.0,ISONE:2007
ISONE,NAN,gas,2007.0,Rockingham,NH,904.0,0,0.035498722753295464,ISONE:2007
ISONE,NAN,wind,2007.0,,,53.4,0,0.042915319583040436,ISONE:2007
ISONE,NAN,gas,2007.0,Windham,CT,161.0,0,0.05357142857142857,ISONE:2007
ISONE,ISO-NE,gas,2007.0,Franklin,VT,21.0,1,0.343421736305913,ISONE:2007
ISONE,ISO-NE,gas,2007.0,Franklin,VT,21.0,1,0.343421736305913,ISONE:2007
ISONE,NAN,unmapped,2007.0,Berkshire,MA,0.0,0,0.21582261129965272,ISONE:2007
ISONE,NAN,gas,2007.0,New Haven,CT,,0,0.05357142857142857,ISONE:2007
ISONE,ISO-NE,gas,2007.0,New Haven,CT,510.0,0,0.16142599792728815,ISONE:2007
ISONE,ISO-NE,wind,2007.0,Penobscot,ME,34.9,0,0.27033292691187427,ISONE:2007
ISONE,OTHER,unmapped,2007.0,Grafton,NH,16.5,1,0.6612730733394512,ISONE:2007
ISONE,ISO-NE,gas,2007.0,Middlesex,MA,74.0,1,0.2894505739706978,ISONE:2007
ISONE,NAN,unmapped,2007.0,Berkshire,MA,62.0,0,0.059696146870592104,ISONE:2007
ISONE,ISO-NE,hydro,2007.0,Franklin,MA,0.0,1,0.8871596920540895,ISONE:2007
ISONE,ISO-NE,gas,2007.0,Bristol,MA,244.0,0,0.16142599792728815,ISONE:2007
ISONE,ISO-NE,wind,2007.0,Oxford,ME,50.0,0,0.19316478685013289,ISONE:2007
ISONE,NAN,gas,2007.0,Norfolk,MA,578.0,0,0.039097744360902256,ISONE:2007
ISONE,NAN,unmapped,2007.0,Coos,NH,,0,0.05357142857142857,ISONE:2007
ISONE,NAN,unmapped,2007.0,Coos,NH,,0,0.05357142857142857,ISONE:2007
ISONE,NAN,gas,2007.0,Worcester,MA,159.0,0,0.05357142857142857,ISONE:2007
ISONE,NAN,gas,2007.0,Worcester,MA,159.0,0,0.05357142857142857,ISONE:2007
ISONE,NAN,unmapped,2007.0,Hillsborough,NH,45.0,0,0.08481378415292776,ISONE:2007
ISONE,NAN,gas,2007.0,Bristol,MA,,0,0.05357142857142857,ISONE:2007
ISONE,OTHER,gas,2007.0,Suffolk,MA,,1,0.3284601035295772,ISONE:2007
ISONE,NAN,unmapped,2007.0,Hampden,MA,,1,0.05357142857142857,ISONE:2007
ISONE,NAN,gas,2007.0,Norfolk,MA,,0,0.05357142857142857,ISONE:2007
ISONE,ISO-NE,gas,2007.0,New Haven,CT,452.0,0,0.16142599792728815,ISONE:2007
ISONE,OTHER,gas,2007.0,Litchfield,CT,,1,0.3284601035295772,ISONE:2007
ISONE,OTHER,gas,2007.0,Litchfield,CT,4.0,1,0.6162770562770563,ISONE:2007
ISONE,OTHER,gas,2007.0,Litchfield,CT,,1,0.3284601035295772,ISONE:2007
ISONE,NAN,gas,2007.0,Penobscot,ME,,0,0.05357142857142857,ISONE:2007
ISONE,NAN,gas,2007.0,Hartford,CT,,0,0.05357142857142857,ISONE:2007
ISONE,NAN,biomass,2007.0,Coos,NH,6.3,0,0.16142599792728815,ISONE:2007
ISONE,NAN,gas,2007.0,Windham,CT,250.0,0,0.039097744360902256,ISONE:2007
ISONE,NAN,gas,2007.0,Providence,RI,0.0,0,0.14954193995627366,ISONE:2007
ISONE,NAN,wind,2007.0,Coos,NH,34.0,0,0.05357142857142857,ISONE:2007
ISONE,ISO-NE,gas,2007.0,New Haven,CT,95.7,1,0.27033292691187427,ISONE:2007
ISONE,NAN,unmapped,2007.0,Coos,NH,,0,0.05357142857142857,ISONE:2007
ISONE,ISO-NE,wind,2007.0,Oxford,ME,50.6,1,0.1923042110207803,ISONE:2007
ISONE,ISO-NE,hydro,2007.0,Franklin,MA,25.0,1,0.6498945036593958,ISONE:2007
ISONE,ISO-NE,hydro,2007.0,Franklin,MA,25.0,1,0.6498945036593958,ISONE:2007
ISONE,ISO-NE,hydro,2007.0,Franklin,MA,25.0,1,0.6498945036593958,ISONE:2007
ISONE,OTHER,gas,2007.0,Hampshire,MA,10.4,1,0.5817854217854218,ISONE:2007
ISONE,ISO-NE,hydro,2007.0,Franklin,MA,25.0,1,0.6498945036593958,ISONE:2007
ISONE,ISO-NE,gas,2007.0,Bristol,MA,24.0,1,0.3409657254858493,ISONE:2007
ISONE,NAN,gas,2007.0,New Haven,CT,,0,0.05357142857142857,ISONE:2007
ISONE,ISO-NE,gas,2007.0,New Haven,CT,60.0,0,0.2894505739706978,ISONE:2007
ISONE,ISO-NE,unmapped,2007.0,Essex,MA,,1,0.41206687388714275,ISONE:2007
NYISO,NM-NG,wind,2007.0,Cattaraugus,NY,72.5,0,0.09243107769423559,NYISO:2007
NYISO,NM-NG,wind,2007.0,Genesee,NY,75.0,0,0.09243107769423559,NYISO:2007
NYISO,NYSEG,wind,2007.0,Yates,NY,100.0,0,0.039097744360902256,NYISO:2007
NYISO,NM-NG,gas,2007.0,Niagara,NY,6.4,0,0.14432073476939342,NYISO:2007
NYISO,NM-NG,wind,2007.0,Cattaraugus-PA,NY,100.0,0,0.09243107769423559,NYISO:2007
NYISO,NYSEG,wind,2007.0,Franklin,NY,19.5,0,0.13243667679837892,NYISO:2007
NYISO,NYSEG,hydro,2007.0,Monroe,NY,6.0,0,0.45994331652226395,NYISO:2007
NYISO,CONED,gas,2007.0,Queens,NY,230.0,0,0.054703990600752664,NYISO:2007
NYISO,NYSEG,unknown,2007.0,Chenango,NY,650.0,0,0.0,NYISO:2007
NYISO,NM-NG,wind,2007.0,Jefferson,NY,250.0,0,0.039097744360902256,NYISO:2007
NYISO,OTHER,gas,2007.0,Monroe,NY,325.0,0,0.13243667679837892,NYISO:2007
NYISO,NYSEG,unknown,2007.0,Monroe,NY,300.0,0,0.0,NYISO:2007
NYISO,CONED,unmapped,2007.0,Bayonne,NJ,250.0,0,0.11243667679837892,NYISO:2007
NYISO,CONED,transmission,2007.0,NY,NY,350.0,0,0.1001282806616121,NYISO:2007
NYISO,NYPA,transmission,2007.0,Clinton,NY,0.0,0,0.6664124040990212,NYISO:2007
NYISO,NM-NG,wind,2007.0,Cahatauqua,NY,124.2,0,0.09243107769423559,NYISO:2007
NYISO,CONED,gas,2007.0,NY-NJ,NY,550.0,0,0.039097744360902256,NYISO:2007
NYISO,NYSEG,wind,2007.0,Niagara,NY,70.5,0,0.059143044276080435,NYISO:2007
NYISO,OTHER,hydro,2007.0,Monroe,NY,2.0,0,0.8047619047619048,NYISO:2007
NYISO,NM-NG,wind,2007.0,Chautauqua,NY,124.8,0,0.09243107769423559,NYISO:2007
NYISO,NYSEG,gas,2007.0,Delaware,NY,1.0,0,0.22978552083417586,NYISO:2007
NYISO,CONED,gas,2007.0,Kings,NY,108.0,0,0.07383906243113826,NYISO:2007
NYISO,NM-NG,wind,2007.0,Schoharie,NY,70.0,0,0.09243107769423559,NYISO:2007
NYISO,OTHER,hydro,2007.0,Monroe,NY,2.8,0,0.763644814643223,NYISO:2007
NYISO,CONED,transmission,2007.0,Westchester-Queens,NY,1100.0,0,0.039097744360902256,NYISO:2007
NYISO,NYPA,gas,2007.0,Queens,NY,290.0,0,0.20157780815675555,NYISO:2007
NYISO,CONED,wind,2007.0,NY,NY,600.0,0,0.039097744360902256,NYISO:2007
NYISO,CONED,gas,2007.0,NY,NY,800.0,0,0.039097744360902256,NYISO:2007
NYISO,NM-NG,gas,2007.0,Madison,NY,2.0,0,0.2041048567364357,NYISO:2007
NYISO,NYPA,wind,2007.0,Jefferson,NY,244.8,0,0.11243667679837892,NYISO:2007
NYISO,NM-NG,wind,2007.0,Chautauqua,NY,124.8,0,0.09243107769423559,NYISO:2007
NYISO,NYPA,gas,2007.0,Queens,NY,1080.0,0,0.11243667679837892,NYISO:2007
NYISO,LIPA,wind,2007.0,Suffolk,NY,299.0,0,0.13243667679837892,NYISO:2007
NYISO,NM-NG,gas,2007.0,Chautauqua,NY,6.4,1,0.14432073476939342,NYISO:2007
NYISO,NM-NG,gas,2007.0,Montgomary,NY,3.2,1,0.1664788768932106,NYISO:2007
NYISO,NYSEG,gas,2007.0,Ontario,NY,5.6,1,0.16038147879743564,NYISO:2007
NYISO,NYPA,unmapped,2007.0,Orange,NY,690.6,1,0.21868307131465028,NYISO:2007
NYISO,NYSEG,unmapped,2007.0,Rensselaer,NY,20.0,1,0.23238531110384658,NYISO:2007
NYISO,NYSEG,wind,2007.0,Wyoming,NY,92.8,1,0.039097744360902256,NYISO:2007
NYISO,NM-NG,transmission,2007.0,Saratoga,NY,0.0,1,0.3719298245614035,NYISO:2007
CAISO,SCE,solar_storage,2008.0,RIVERSIDE,CA,485.0,1,0.3100983483653533,CAISO:2008
CAISO,PGAE,solar,2008.0,TULARE,CA,50.0,1,0.22749071520500092,CAISO:2008
CAISO,PGAE,gas,2008.0,CONTRA COSTA,CA,100.0,1,0.1220990990990991,CAISO:2008
CAISO,PGAE,gas,2008.0,ALAMEDA,CA,195.9,1,0.10619000819000819,CAISO:2008
CAISO,SDGE,solar,2008.0,SAN DIEGO,CA,25.75,1,0.2626258503401361,CAISO:2008
CAISO,PGAE,solar,2008.0,TULARE,CA,20.0,1,0.2510333269819648,CAISO:2008
CAISO,SCE,solar_storage,2008.0,RIVERSIDE,CA,457.0,1,0.3100983483653533,CAISO:2008
CAISO,SCE,solar,2008.0,KERN,CA,310.0,1,0.11376576576576576,CAISO:2008
CAISO,SCE,solar,2008.0,KERN,CA,276.0,1,0.11502566552862929,CAISO:2008
CAISO,SCE,solar,2008.0,LOS ANGELES,CA,250.0,1,0.1220990990990991,CAISO:2008
CAISO,SCE,solar_storage,2008.0,RIVERSIDE,CA,49.5,1,0.37034190524756566,CAISO:2008
CAISO,SDGE,solar,2008.0,IMPERIAL,CA,100.0,1,0.15453153153153154,CAISO:2008
CAISO,SDGE,solar,2008.0,IMPERIAL,CA,125.0,1,0.15453153153153154,CAISO:2008
CAISO,SCE,hybrid_multi,2008.0,CLARK,NV,230.0,1,0.37872579934574546,CAISO:2008
CAISO,SDGE,solar,2008.0,YUMA,AZ,290.0,1,0.1386224406224406,CAISO:2008
CAISO,PGAE,steam,2008.0,,,0.0,1,0.3435906642106103,CAISO:2008
CAISO,PGAE,solar,2008.0,TULARE,CA,20.0,1,0.2510333269819648,CAISO:2008
CAISO,PGAE,unmapped,2008.0,FRESNO,CA,5.2,0,0.4382907015457862,CAISO:2008
CAISO,SCE,steam,2008.0,SAN BERNARDINO,CA,300.0,0,0.052306773825107664,CAISO:2008
CAISO,SCE,steam,2008.0,LOS ANGELES,CA,33.0,0,0.12103921568627451,CAISO:2008
CAISO,SCE,steam,2008.0,CLARK,NV,140.0,0,0.1051301247771836,CAISO:2008
CAISO,PGAE,gas,2008.0,KINGS,CA,27.0,0,0.22749071520500092,CAISO:2008
CAISO,PGAE,gas,2008.0,KERN,CA,400.0,0,0.10128063987638065,CAISO:2008
CAISO,SCE,solar,2008.0,SAN BERNARDINO,CA,500.0,0,0.1051301247771836,CAISO:2008
CAISO,SCE,solar,2008.0,SAN BERNARDINO,CA,200.0,0,0.1220990990990991,CAISO:2008
CAISO,SDGE,wind,2008.0,BAJA CALIFORNIA,MX,500.0,0,0.08333333333333333,CAISO:2008
CAISO,PGAE,gas,2008.0,CONTRA COSTA,CA,611.0,0,0.08333333333333333,CAISO:2008
CAISO,PGAE,gas,2008.0,SAN JOAQUIN,CA,200.0,0,0.10619000819000819,CAISO:2008
CAISO,SCE,solar,2008.0,LOS ANGELES,CA,100.0,0,0.1756853776853777,CAISO:2008
CAISO,SCE,solar,2008.0,LOS ANGELES,CA,100.0,0,0.1756853776853777,CAISO:2008
CAISO,SCE,solar,2008.0,LOS ANGELES,CA,100.0,0,0.1756853776853777,CAISO:2008
CAISO,SCE,solar,2008.0,LOS ANGELES,CA,100.0,0,0.1756853776853777,CAISO:2008
CAISO,SCE,solar,2008.0,LOS ANGELES,CA,100.0,0,0.1756853776853777,CAISO:2008
CAISO,SCE,solar,2008.0,LOS ANGELES,CA,100.0,0,0.1756853776853777,CAISO:2008
CAISO,SCE,solar,2008.0,LOS ANGELES,CA,100.0,0,0.1756853776853777,CAISO:2008
CAISO,SCE,solar,2008.0,LOS ANGELES,CA,100.0,0,0.1756853776853777,CAISO:2008
CAISO,SCE,solar,2008.0,LOS ANGELES,CA,100.0,0,0.1756853776853777,CAISO:2008
CAISO,SCE,solar,2008.0,LOS ANGELES,CA,100.0,0,0.1756853776853777,CAISO:2008
CAISO,SCE,solar,2008.0,LOS ANGELES,CA,100.0,0,0.1756853776853777,CAISO:2008
CAISO,SCE,solar,2008.0,KERN,CA,100.0,0,0.1756853776853777,CAISO:2008
CAISO,SCE,solar,2008.0,LOS ANGELES,CA,100.0,0,0.1756853776853777,CAISO:2008
CAISO,PGAE,wind,2008.0,PLUMAS,CA,100.0,0,0.1051301247771836,CAISO:2008
CAISO,PGAE,gas,2008.0,CONTRA COSTA,CA,611.0,0,0.08333333333333333,CAISO:2008
CAISO,SCE,solar,2008.0,KERN,CA,100.0,0,0.1756853776853777,CAISO:2008
CAISO,SCE,solar,2008.0,SAN BERNARDINO,CA,250.0,0,0.1220990990990991,CAISO:2008
CAISO,SCE,solar,2008.0,KERN,CA,100.0,0,0.1756853776853777,CAISO:2008
CAISO,SCE,solar,2008.0,KERN,CA,100.0,0,0.1756853776853777,CAISO:2008
CAISO,SCE,solar,2008.0,KERN,CA,100.0,0,0.1756853776853777,CAISO:2008
CAISO,SCE,solar,2008.0,KERN,CA,100.0,0,0.1756853776853777,CAISO:2008
CAISO,SCE,steam,2008.0,KERN,CA,264.0,0,0.06193908222284648,CAISO:2008
CAISO,SCE,steam,2008.0,LOS ANGELES,CA,33.0,0,0.12103921568627451,CAISO:2008
CAISO,SCE,steam,2008.0,KERN,CA,231.0,0,0.06527797952619749,CAISO:2008
CAISO,SCE,steam,2008.0,KERN,CA,264.0,0,0.06193908222284648,CAISO:2008
CAISO,SCE,steam,2008.0,SAN BERNARDINO,CA,33.0,0,0.12103921568627451,CAISO:2008
CAISO,PGAE,unmapped,2008.0,ALAMEDA,CA,99.0,0,0.22749071520500092,CAISO:2008
CAISO,SDGE,solar,2008.0,SAN DIEGO,CA,75.0,0,0.1756853776853777,CAISO:2008
CAISO,PGAE,gas,2008.0,FRESNO,CA,10.0,0,0.22749071520500092,CAISO:2008
CAISO,PGAE,gas,2008.0,SAN FRANCISCO,CA,50.0,0,0.1756853776853777,CAISO:2008
CAISO,PGAE,gas,2008.0,MERCED,CA,525.0,0,0.0853180793887395,CAISO:2008
CAISO,SCE,solar,2008.0,LOS ANGELES,CA,40.0,0,0.22749071520500092,CAISO:2008
CAISO,SCE,solar,2008.0,LOS ANGELES,CA,40.0,0,0.22749071520500092,CAISO:2008
CAISO,SCE,solar,2008.0,LOS ANGELES,CA,40.0,0,0.22749071520500092,CAISO:2008
CAISO,SCE,solar,2008.0,LOS ANGELES,CA,30.0,0,0.22749071520500092,CAISO:2008
CAISO,SCE,solar,2008.0,LOS ANGELES,CA,50.0,0,0.22749071520500092,CAISO:2008
CAISO,SCE,solar,2008.0,SAN BERNARDINO,CA,80.0,0,0.22749071520500092,CAISO:2008
CAISO,PGAE,gas,2008.0,YOLO,CA,49.0,0,0.1756853776853777,CAISO:2008
CAISO,PGAE,gas,2008.0,STANISLAUS,CA,49.0,0,0.1756853776853777,CAISO:2008
CAISO,PGAE,gas,2008.0,FRESNO,CA,49.0,0,0.1756853776853777,CAISO:2008
CAISO,PGAE,gas,2008.0,FRESNO,CA,49.0,0,0.1756853776853777,CAISO:2008
CAISO,PGAE,solar,2008.0,SAN LUIS OBISPO,CA,100.0,0,0.1756853776853777,CAISO:2008
CAISO,PGAE,solar,2008.0,KERN,CA,100.0,0,0.1756853776853777,CAISO:2008
CAISO,PGAE,solar,2008.0,KERN,CA,100.0,0,0.1756853776853777,CAISO:2008
CAISO,SCE,solar,2008.0,SAN BERNARDINO,CA,350.0,0,0.11376576576576576,CAISO:2008
CAISO,PGAE,gas,2008.0,COLUSA,CA,200.0,0,0.10619000819000819,CAISO:2008
CAISO,SCE,steam,2008.0,RIVERSIDE,CA,200.0,0,0.07116185479276535,CAISO:2008
CAISO,SCE,steam,2008.0,RIVERSIDE,CA,300.0,0,0.052306773825107664,CAISO:2008
CAISO,SCE,solar,2008.0,KERN,CA,700.0,0,0.10157456922162804,CAISO:2008
CAISO,SCE,solar,2008.0,KERN,CA,700.0,0,0.10157456922162804,CAISO:2008
CAISO,PGAE,unmapped,2008.0,ALAMEDA,CA,115.5,0,0.22749071520500092,CAISO:2008
CAISO,PGAE,solar,2008.0,SANTA BARBARA,CA,50.0,0,0.22749071520500092,CAISO:2008
CAISO,SDGE,gas,2008.0,SAN DIEGO,CA,150.0,0,0.1386224406224406,CAISO:2008
CAISO,SCE,hydro,2008.0,RIVERSIDE,CA,1300.0,0,0.12103921568627451,CAISO:2008
CAISO,PGAE,gas,2008.0,SOLANO,CA,390.4,0,0.10157456922162804,CAISO:2008
CAISO,PGAE,gas,2008.0,FRESNO,CA,337.5,0,0.10157456922162804,CAISO:2008
CAISO,PGAE,solar,2008.0,KINGS,CA,20.0,0,0.2510333269819648,CAISO:2008
CAISO,PGAE,gas,2008.0,SAN JOAQUIN,CA,315.0,0,0.1051301247771836,CAISO:2008
CAISO,PGAE,gas,2008.0,GLENN,CA,49.0,0,0.1756853776853777,CAISO:2008
CAISO,PGAE,steam,2008.0,KERN,CA,49.9,0,0.11270588235294117,CAISO:2008
CAISO,SCE,steam,2008.0,SAN BERNARDINO,CA,612.0,0,0.05196078431372549,CAISO:2008
CAISO,PGAE,gas,2008.0,ALAMEDA ,CA,600.0,0,0.08333333333333333,CAISO:2008
CAISO,PGAE,gas,2008.0,SUTTER,CA,600.0,0,0.08333333333333333,CAISO:2008
CAISO,SCE,steam,2008.0,SAN BERNARDINO,CA,145.0,0,0.07375757575757576,CAISO:2008
CAISO,SCE,steam,2008.0,CLARK,NV,240.0,0,0.06432245938791696,CAISO:2008
CAISO,SCE,steam,2008.0,SAN BERNARDINO,CA,290.0,0,0.05477162916307141,CAISO:2008
CAISO,SCE,gas,2008.0,LOS ANGELES,CA,85.0,0,0.1220990990990991,CAISO:2008
CAISO,SCE,steam,2008.0,SAN BERNARDINO,CA,900.0,0,0.051840360210030224,CAISO:2008
CAISO,SCE,steam,2008.0,SAN BERNARDINO,CA,600.0,0,0.05196078431372549,CAISO:2008
CAISO,SDGE,steam,2008.0,IMPERIAL,CA,600.0,0,0.08333333333333333,CAISO:2008
CAISO,SCE,steam,2008.0,LA PAZ,AZ,900.0,0,0.051840360210030224,CAISO:2008
CAISO,SCE,steam,2008.0,LA PAZ/MARICOPA,AZ,900.0,0,0.051840360210030224,CAISO:2008
CAISO,SCE,steam,2008.0,MARICOPA,AZ,900.0,0,0.051840360210030224,CAISO:2008
CAISO,SDGE,steam,2008.0,MARICOPA,AZ,300.0,0,0.09248366013071894,CAISO:2008
CAISO,SCE,steam,2008.0,INYO,CA,15.0,0,0.19505828277256848,CAISO:2008
CAISO,SCE,steam,2008.0,INYO,CA,15.0,0,0.19505828277256848,CAISO:2008
CAISO,SCE,steam,2008.0,INYO,CA,15.0,0,0.19505828277256848,CAISO:2008
CAISO,SCE,steam,2008.0,CHURCHILL,NV,60.7,0,0.11270588235294117,CAISO:2008
CAISO,SCE,steam,2008.0,CHURCHILL,NV,52.5,0,0.12103921568627451,CAISO:2008
CAISO,SCE,steam,2008.0,CHURCHILL,NV,60.7,0,0.11270588235294117,CAISO:2008
CAISO,SCE,steam,2008.0,CHURCHILL,NV,52.5,0,0.12103921568627451,CAISO:2008
CAISO,SCE,steam,2008.0,CHURCHILL,NV,60.7,0,0.11270588235294117,CAISO:2008
CAISO,SCE,steam,2008.0,CHURCHILL,NV,60.7,0,0.11270588235294117,CAISO:2008
CAISO,SCE,solar,2008.0,KERN,CA,700.0,0,0.10157456922162804,CAISO:2008
CAISO,SCE,steam,2008.0,LOS ANGELES,CA,49.85,0,0.12103921568627451,CAISO:2008
CAISO,PGAE,gas,2008.0,KERN,CA,600.0,0,0.08333333333333333,CAISO:2008
CAISO,PGAE,solar,2008.0,KERN,CA,30.0,0,0.22749071520500092,CAISO:2008
CAISO,PGAE,gas,2008.0,KERN,CA,450.0,0,0.09605359473580223,CAISO:2008
CAISO,SDGE,steam,2008.0,IMPERIAL ,CA,450.0,0,0.08333333333333333,CAISO:2008
CAISO,SDGE,wind,2008.0,SAN DIEGO,CA,130.0,0,0.10193810944212514,CAISO:2008
CAISO,SCE,wind,2008.0,KERN,CA,150.0,0,0.0702020202020202,CAISO:2008
CAISO,SCE,steam,2008.0,RIVERSIDE,CA,49.5,0,0.12103921568627451,CAISO:2008
CAISO,SCE,steam,2008.0,RIVERSIDE,CA,49.5,0,0.12103921568627451,CAISO:2008
CAISO,SCE,steam,2008.0,SAN BERNARDINO,CA,280.0,0,0.057322685522668816,CAISO:2008
CAISO,SDGE,steam,2008.0,IMPERIAL,CA,280.0,0,0.09248366013071894,CAISO:2008
CAISO,SCE,steam,2008.0,RIVERSIDE,CA,280.0,0,0.057322685522668816,CAISO:2008
CAISO,SCE,steam,2008.0,RIVERSIDE,CA,280.0,0,0.057322685522668816,CAISO:2008
CAISO,PGAE,wind,2008.0,CONTRA COSTA,CA,14.0,0,0.22749071520500092,CAISO:2008
CAISO,PGAE,gas,2008.0,SAN JOAQUIN,CA,400.0,0,0.10128063987638065,CAISO:2008
CAISO,PGAE,gas,2008.0,FRESNO,CA,188.0,0,0.10619000819000819,CAISO:2008
CAISO,SDGE,steam,2008.0,SAN DIEGO,CA,49.5,0,0.1386224406224406,CAISO:2008
CAISO,SCE,steam,2008.0,RIVERSIDE,CA,49.5,0,0.12103921568627451,CAISO:2008
CAISO,SCE,steam,2008.0,RIVERSIDE,CA,49.5,0,0.12103921568627451,CAISO:2008
CAISO,SCE,steam,2008.0,SAN BERNARDINO,CA,250.0,0,0.06330175315090256,CAISO:2008
CAISO,SCE,steam,2008.0,RIVERSIDE ,CA,250.0,0,0.06330175315090256,CAISO:2008
CAISO,SCE,steam,2008.0,CLARK,NV,250.0,0,0.06330175315090256,CAISO:2008
CAISO,SCE,steam,2008.0,KERN,CA,250.0,0,0.06330175315090256,CAISO:2008
CAISO,SCE,steam,2008.0, SAN BERNARDINO,CA,250.0,0,0.06330175315090256,CAISO:2008
CAISO,SCE,steam,2008.0,KERN,CA,250.0,0,0.06330175315090256,CAISO:2008
CAISO,SCE,steam,2008.0,RIVERSIDE,CA,150.0,0,0.07375757575757576,CAISO:2008
CAISO,SCE,steam,2008.0,RIVERSIDE,CA,250.0,0,0.06330175315090256,CAISO:2008
CAISO,SCE,steam,2008.0, SAN BERNARDINO,CA,250.0,0,0.06330175315090256,CAISO:2008
CAISO,SCE,steam,2008.0, SAN BERNARDINO,CA,500.0,0,0.05196078431372549,CAISO:2008
CAISO,SCE,steam,2008.0,LA PAZ,AZ,250.0,0,0.06330175315090256,CAISO:2008
CAISO,SCE,steam,2008.0,MARICOPA,AZ,250.0,0,0.06330175315090256,CAISO:2008
CAISO,PGAE,wind,2008.0,SHASTA,CA,350.0,0,0.05196078431372549,CAISO:2008
CAISO,SCE,wind,2008.0,KERN,CA,500.0,0,0.05196078431372549,CAISO:2008
CAISO,SCE,steam,2008.0,RIVERSIDE ,CA,500.0,0,0.05196078431372549,CAISO:2008
CAISO,SCE,steam,2008.0,KERN,CA,500.0,0,0.05196078431372549,CAISO:2008
CAISO,PGAE,steam,2008.0,LAKE,CA,50.0,0,0.11270588235294117,CAISO:2008
CAISO,SDGE,gas,2008.0,SAN DIEGO,CA,49.0,0,0.15453153153153154,CAISO:2008
CAISO,SDGE,gas,2008.0,SAN DIEGO,CA,49.0,0,0.15453153153153154,CAISO:2008
CAISO,SDGE,gas,2008.0,SAN DIEGO,CA,49.0,0,0.15453153153153154,CAISO:2008
CAISO,SDGE,gas,2008.0,ORANGE,CA,49.0,0,0.15453153153153154,CAISO:2008
CAISO,SDGE,gas,2008.0,SAN DIEGO,CA,49.0,0,0.15453153153153154,CAISO:2008
CAISO,SDGE,gas,2008.0,SAN DIEGO,CA,49.0,0,0.15453153153153154,CAISO:2008
CAISO,SCE,steam,2008.0,RIVERSIDE,CA,250.0,0,0.06330175315090256,CAISO:2008
CAISO,SCE,wind,2008.0,LOS ANGELES/KERN,CA,1150.0,0,0.013216278241945689,CAISO:2008
CAISO,SCE,steam,2008.0,SAN BERNARDINO,CA,1150.0,0,0.014998938114566207,CAISO:2008
CAISO,PGAE,gas,2008.0,SOLANO,CA,730.0,0,0.08333333333333333,CAISO:2008
CAISO,SCE,steam,2008.0,LA PAZ,AZ,250.0,0,0.06330175315090256,CAISO:2008
CAISO,SDGE,steam,2008.0,IMPERIAL ,CA,84.0,0,0.10619000819000819,CAISO:2008
CAISO,SCE,steam,2008.0,LOS ANGELES,CA,141.0,0,0.09312882753483792,CAISO:2008
CAISO,SCE,steam,2008.0,LOS ANGELES,CA,840.0,0,0.05196078431372549,CAISO:2008
CAISO,SCE,solar,2008.0,RIVERSIDE ,CA,55.0,0,0.22749071520500092,CAISO:2008
CAISO,SCE,solar,2008.0,RIVERSIDE,CA,50.0,0,0.22749071520500092,CAISO:2008
CAISO,SDGE,solar,2008.0,SAN DIEGO,CA,50.0,0,0.21625749556843948,CAISO:2008
CAISO,SCE,solar,2008.0,KERN,CA,40.0,0,0.22749071520500092,CAISO:2008
CAISO,SCE,solar,2008.0,SAN BERNARDINO,CA,40.0,0,0.22749071520500092,CAISO:2008
CAISO,SDGE,solar,2008.0,SAN DIEGO,CA,58.8,0,0.1756853776853777,CAISO:2008
CAISO,SDGE,solar,2008.0,SAN DIEGO ,CA,58.8,0,0.1756853776853777,CAISO:2008
CAISO,SCE,solar,2008.0,KERN,CA,40.0,0,0.22749071520500092,CAISO:2008
CAISO,SCE,solar,2008.0,KERN,CA,40.0,0,0.22749071520500092,CAISO:2008
CAISO,SCE,solar,2008.0,RIVERSIDE,CA,100.0,0,0.1756853776853777,CAISO:2008
CAISO,PGAE,steam,2008.0,AMADOR,CA,16.3,0,0.1566860906468651,CAISO:2008
CAISO,PGAE,solar,2008.0,KINGS,CA,20.0,0,0.2510333269819648,CAISO:2008
CAISO,PGAE,solar,2008.0,KINGS,CA,20.0,0,0.2510333269819648,CAISO:2008
CAISO,SCE,solar,2008.0,SAN BERNARDINO,CA,19.9,0,0.22749071520500092,CAISO:2008
CAISO,SCE,wind,2008.0,RIVERSIDE,CA,20.0,0,0.14219306184012065,CAISO:2008
CAISO,PGAE,unmapped,2008.0,MARIN,CA,9.9,0,0.43790947281513315,CAISO:2008
ISONE,ISO-NE,unknown,2008.0,Somerset,ME,0.0,1,0.048039215686274506,ISONE:2008
ISONE,ISO-NE,wind,2008.0,Franklin,ME,33.0,1,0.25297621256237923,ISONE:2008
ISONE,NAN,gas,2008.0,Worcester,MA,187.5,0,0.04448764611512116,ISONE:2008
ISONE,ISO-NE,gas,2008.0,Penobscot,ME,35.0,0,0.44570693142121715,ISONE:2008
ISONE,ISO-NE,unmapped,2008.0,Rockingham,NH,13.0,1,0.656828391734052,ISONE:2008
ISONE,NAN,unknown,2008.0,,MA,0.0,0,0.003076923076923077,ISONE:2008
ISONE,NAN,unmapped,2008.0,Franklin,MA,49.7,0,0.11786392387693023,ISONE:2008
ISONE,NAN,gas,2008.0,Windham,CT,45.0,1,0.048039215686274506,ISONE:2008
ISONE,NAN,wind,2008.0,Rutland,VT,85.0,0,0.010755312346771937,ISONE:2008
ISONE,NAN,wind,2008.0,Coos,NH,180.0,0,0.006053332672026708,ISONE:2008
ISONE,NAN,unmapped,2008.0,Windsor,VT,30.0,0,0.1386224406224406,ISONE:2008
ISONE,NAN,unknown,2008.0,,MA,0.0,0,0.003076923076923077,ISONE:2008
ISONE,NAN,gas,2008.0,Fairfield,CT,695.0,0,0.004861423895582082,ISONE:2008
ISONE,NAN,gas,2008.0,Dutchess,NY,1002.0,0,0.003076923076923077,ISONE:2008
ISONE,ISO-NE,wind,2008.0,Bennington,VT,30.0,0,0.2782686085557019,ISONE:2008
ISONE,NAN,unknown,2008.0,,,0.0,0,0.003076923076923077,ISONE:2008
ISONE,NAN,unknown,2008.0,Aroostoock,ME,0.0,0,0.003076923076923077,ISONE:2008
ISONE,ISO-NE,gas,2008.0,Chittenden,VT,29.5,0,0.4758526193017906,ISONE:2008
ISONE,ISO-NE,unmapped,2008.0,Hampden,MA,36.7,0,0.5976447182646643,ISONE:2008
ISONE,NAN,wind,2008.0,Franklin,ME,64.0,0,0.012524265948097971,ISONE:2008
ISONE,NAN,wind,2008.0,Aroostoock,ME,0.0,0,0.13353970685809013,ISONE:2008
ISONE,NAN,wind,2008.0,Aroostoock,ME,0.0,0,0.13353970685809013,ISONE:2008
ISONE,NAN,wind,2008.0,Aroostoock,ME,128.0,0,0.00819334315234442,ISONE:2008
ISONE,ISO-NE,wind,2008.0,Aroostoock,ME,135.5,1,0.1386224406224406,ISONE:2008
ISONE,NAN,wind,2008.0,Somerset,ME,85.0,0,0.010755312346771937,ISONE:2008
ISONE,NAN,unknown,2008.0,,,0.0,0,0.003076923076923077,ISONE:2008
ISONE,NAN,unknown,2008.0,,,0.0,0,0.003076923076923077,ISONE:2008
ISONE,NAN,unknown,2008.0,Aroostoock,ME,0.0,0,0.003076923076923077,ISONE:2008
ISONE,NAN,unknown,2008.0,,,0.0,0,0.003076923076923077,ISONE:2008
ISONE,NAN,hydro,2008.0,Wiscasset,ME,1000.0,0,0.03444947209653092,ISONE:2008
ISONE,OTHER,hydro,2008.0,Hampden,MA,1.28,1,0.7820001169562281,ISONE:2008
ISONE,NAN,wind,2008.0,Orleans,VT,8.5,0,0.08333333333333333,ISONE:2008
ISONE,NAN,gas,2008.0,Fairfield,CT,175.0,0,0.044921190164042564,ISONE:2008
ISONE,NAN,wind,2008.0,Orleans,VT,34.0,0,0.04780827208291697,ISONE:2008
ISONE,OTHER,gas,2008.0,Suffolk,MA,12.5,0,0.5214542420741881,ISONE:2008
ISONE,NAN,biomass,2008.0,,NH,0.8,0,0.260571796286082,ISONE:2008
ISONE,NAN,unmapped,2008.0,Grafton,NH,10.0,0,0.14619819819819818,ISONE:2008
ISONE,NAN,wind,2008.0,Washington,RI,385.0,0,0.003076923076923077,ISONE:2008
ISONE,NGRID,biomass,2008.0,Providence,RI,6.0,0,0.6763522012578617,ISONE:2008
ISONE,NAN,gas,2008.0,,ME,221.6,0,0.012064451277060724,ISONE:2008
ISONE,NAN,wind,2008.0,,RI,0.0,0,0.13353970685809013,ISONE:2008
ISONE,NAN,wind,2008.0,,RI,450.0,0,0.003076923076923077,ISONE:2008
ISONE,NAN,gas,2008.0,Norfolk,MA,27.0,0,0.08385633018615721,ISONE:2008
ISONE,NAN,gas,2008.0,Providence,RI,27.0,0,0.08385633018615721,ISONE:2008
ISONE,NAN,unmapped,2008.0,Merrimack,NH,4.65,1,0.1756853776853777,ISONE:2008
ISONE,OTHER,wind,2008.0,,ME,150.0,0,0.32125160133159103,ISONE:2008
ISONE,OTHER,wind,2008.0,,ME,250.0,0,0.26441441441441443,ISONE:2008
ISONE,NAN,unmapped,2008.0,Merrimack,NH,20.0,0,0.1386224406224406,ISONE:2008
ISONE,NAN,wind,2008.0,Grafton,NH,2.0,0,0.0970990990990991,ISONE:2008
ISONE,NAN,wind,2008.0,Grafton,NH,50.0,0,0.014056914330796847,ISONE:2008
ISONE,NAN,wind,2008.0,Berkshire,MA,12.5,0,0.08333333333333333,ISONE:2008
ISONE,NAN,wind,2008.0,Penobscot,ME,19.5,0,0.048039215686274506,ISONE:2008
ISONE,NAN,unmapped,2008.0,Fairfield,CT,269.0,0,0.048039215686274506,ISONE:2008
ISONE,OTHER,gas,2008.0,New London,CT,13.2,1,0.5214542420741881,ISONE:2008
ISONE,ISO-NE,unmapped,2008.0,Coos,NH,58.7,1,0.595392466012412,ISONE:2008
ISONE,NAN,gas,2008.0,Hartford,CT,5.0,1,0.12953153153153152,ISONE:2008
ISONE,ISO-NE,wind,2008.0,Washington,ME,2.2,1,0.5214542420741881,ISONE:2008
ISONE,ISO-NE,gas,2008.0,New Haven,CT,129.6,1,0.22274774774774775,ISONE:2008
ISONE,NAN,unmapped,2008.0,Orleans,VT,10.3,0,0.14619819819819818,ISONE:2008
ISONE,NAN,hydro,2008.0,Orleans,VT,0.0,0,0.2957069314212172,ISONE:2008
ISONE,NAN,gas,2008.0,Worcester,MA,77.0,0,0.048039215686274506,ISONE:2008
ISONE,ISO-NE,wind,2008.0,Washington,ME,24.0,1,0.293901593901594,ISONE:2008
ISONE,ISO-NE,wind,2008.0,Somerset,ME,117.0,0,0.1386224406224406,ISONE:2008
ISONE,ISO-NE,unmapped,2008.0,Bristol,MA,6.0,1,0.657416389344732,ISONE:2008
ISONE,NAN,unmapped,2008.0,Cheshire,NH,20.0,0,0.1386224406224406,ISONE:2008
NYISO,CONED,gas,2008.0,NY-NJ,NY,100.0,0,0.11682564917859035,NYISO:2008
NYISO,NYSEG,wind,2008.0,Cayuga,NY,120.0,0,0.0490990990990991,NYISO:2008
NYISO,NM-NG,nuclear,2008.0,Oswego,NY,1660.0,0,0.13333333333333336,NYISO:2008
NYISO,NYPA,hydro,2008.0,Niagara,NY,1000.0,0,0.2646258503401361,NYISO:2008
NYISO,NYPA,hydro,2008.0,St. Lawrence,NY,1000.0,0,0.2646258503401361,NYISO:2008
NYISO,NYPA,hydro,2008.0,St. Lawrence,NY,1000.0,0,0.2646258503401361,NYISO:2008
NYISO,OTHER,hydro,2008.0,Rockland,NY,1000.0,0,0.15453153153153154,NYISO:2008
NYISO,NM-NG,wind,2008.0,Chautauqua,NY,101.2,0,0.09354354354354354,NYISO:2008
NYISO,NYPA,hydro,2008.0,Queens,NY,1000.0,0,0.2646258503401361,NYISO:2008
NYISO,NM-NG,wind,2008.0,Cattaraugus,NY,79.2,0,0.0970990990990991,NYISO:2008
NYISO,NYSEG,wind,2008.0,Cattaraugus,NY,199.5,0,0.0490990990990991,NYISO:2008
NYISO,NM-NG,wind,2008.0,Chautauqua,NY,73.5,0,0.0970990990990991,NYISO:2008
NYISO,NYPA,wind,2008.0,Franklin,NY,120.0,0,0.12768537768537772,NYISO:2008
NYISO,NM-NG,transmission,2008.0,Niagara,NY,0.0,0,0.44795918367346943,NYISO:2008
NYISO,LIPA,wind,2008.0,Suffolk,NY,440.0,0,0.08439321674615792,NYISO:2008
NYISO,LIPA,wind,2008.0,Suffolk,NY,220.0,0,0.12953153153153152,NYISO:2008
NYISO,LIPA,wind,2008.0,Suffolk,NY,280.0,0,0.12953153153153152,NYISO:2008
NYISO,CONED,transmission,2008.0,NY-NJ,NY,800.0,0,0.09521433806437642,NYISO:2008
NYISO,NYSEG,wind,2008.0,Clinton-Ellenburg,NY,100.5,0,0.0490990990990991,NYISO:2008
NYISO,NM-NG,wind,2008.0,Cattaraugus,NY,19.9,0,0.1386224406224406,NYISO:2008
NYISO,NYSEG,wind,2008.0,Livingston,NY,57.0,0,0.08782468687438594,NYISO:2008
NYISO,NM-NG,hydro,2008.0,Jefferson,NY,14.4,0,0.2957069314212172,NYISO:2008
NYISO,NYSEG,unknown,2008.0,Onondaga,NY,3.0,0,0.003076923076923077,NYISO:2008
NYISO,NM-NG,wind,2008.0,Monroe,NY,80.0,0,0.0970990990990991,NYISO:2008
NYISO,NM-NG,wind,2008.0,Orleans,NY,120.0,0,0.09354354354354354,NYISO:2008
NYISO,NYSEG,gas,2008.0,Tioga,NY,700.0,0,0.0490990990990991,NYISO:2008
NYISO,OTHER,transmission,2008.0,NY,NY,2000.0,0,0.12953153153153152,NYISO:2008
NYISO,NYPA,transmission,2008.0,Quebec - NY,NY,1000.0,0,0.15453153153153154,NYISO:2008
NYISO,OTHER,transmission,2008.0,Onondaga/NY,NY,2000.0,0,0.12953153153153152,NYISO:2008
NYISO,CONED,transmission,2008.0,NJ-Kings,NY,550.0,0,0.0970990990990991,NYISO:2008
NYISO,CONED,gas,2008.0,Dutchess,NY,650.0,0,0.04650641294224778,NYISO:2008
NYISO,CONED,gas,2008.0,Dutchess,NY,1136.0,0,0.04298291972249248,NYISO:2008
NYISO,NM-NG,wind,2008.0,Schenectady,NY,79.2,0,0.0970990990990991,NYISO:2008
NYISO,NM-NG,wind,2008.0,St. Lawrence,NY,150.0,0,0.08333333333333333,NYISO:2008
NYISO,NM-NG,hydro,2008.0,Oswego,NY,1000.0,0,0.12531651799559332,NYISO:2008
NYISO,NM-NG,biomass,2008.0,Onondaga,NY,47.0,0,0.260571796286082,NYISO:2008
NYISO,NM-NG,wind,2008.0,Chautauqua,NY,124.8,0,0.09354354354354354,NYISO:2008
NYISO,CONED,transmission,2008.0,Wsch'r/Bkln/Qns ,NY,1100.0,0,0.09320431013364253,NYISO:2008
NYISO,NYSEG,storage,2008.0,Onondaga,NY,20.0,0,0.40277433767999804,NYISO:2008
NYISO,NYSEG,storage,2008.0,Niagara,NY,20.0,0,0.40277433767999804,NYISO:2008
NYISO,NYSEG,gas,2008.0,Broome,NY,1.6,1,0.36262585034013606,NYISO:2008
NYISO,NYSEG,transmission,2008.0,Steuben,NY,0.0,1,0.48097805159799767,NYISO:2008
NYISO,OTHER,transmission,2008.0,Orange/Rockland,NY,0.0,1,0.57545339089717,NYISO:2008
NYISO,NYPA,gas,2008.0,Queens,NY,617.2,1,0.10653153153153154,NYISO:2008
NYISO,NYSEG,storage,2008.0,Broome,NY,20.0,1,0.40277433767999804,NYISO:2008
CAISO,PGAE,unmapped,2009.0,BUTTE,CA,4.0,1,0.3305844155844156,CAISO:2009
CAISO,PGAE,solar,2009.0,KINGS,CA,20.0,1,0.15088522588522588,CAISO:2009
CAISO,PGAE,solar,2009.0,TULARE,CA,20.0,1,0.15088522588522588,CAISO:2009
CAISO,PGAE,steam,2009.0,AMADOR,CA,18.4,1,0.09396798853320594,CAISO:2009
CAISO,PGAE,solar,2009.0,TULARE,CA,20.0,1,0.15088522588522588,CAISO:2009
CAISO,PGAE,solar,2009.0,SAN FRANCISCO,CA,20.0,1,0.15088522588522588,CAISO:2009
CAISO,PGAE,hydro,2009.0,TUOLUMNE,CA,7.2,1,0.26150793650793647,CAISO:2009
CAISO,SCE,solar,2009.0,CLARK,NV,20.0,1,0.15088522588522588,CAISO:2009
CAISO,SDGE,solar,2009.0,CLARK,NV,155.0,1,0.13478132978132978,CAISO:2009
CAISO,SDGE,gas,2009.0,SAN DIEGO,CA,49.9,1,0.13478132978132978,CAISO:2009
CAISO,SDGE,solar,2009.0,IMPERIAL,CA,130.0,1,0.13478132978132978,CAISO:2009
CAISO,PGAE,solar,2009.0,KERN,CA,20.0,1,0.15088522588522588,CAISO:2009
CAISO,PGAE,solar,2009.0,FRESNO,CA,20.0,1,0.15088522588522588,CAISO:2009
CAISO,PGAE,solar,2009.0,KINGS,CA,20.0,1,0.15088522588522588,CAISO:2009
CAISO,PGAE,solar,2009.0,FRESNO,CA,20.0,1,0.15088522588522588,CAISO:2009
CAISO,SDGE,solar,2009.0,SAN DIEGO,CA,20.0,0,0.1471911421911422,CAISO:2009
CAISO,SCE,solar,2009.0,KERN,CA,10.0,0,0.15088522588522588,CAISO:2009
CAISO,SCE,wind,2009.0,KERN,CA,20.0,0,0.07647651679403518,CAISO:2009
CAISO,SCE,solar,2009.0,KERN,CA,20.0,0,0.15088522588522588,CAISO:2009
CAISO,PGAE,solar,2009.0,KERN,CA,600.0,0,0.06852343308865047,CAISO:2009
CAISO,SCE,steam,2009.0,CLARK,NV,92.0,0,0.03151515151515151,CAISO:2009
CAISO,PGAE,wind,2009.0,SOLANO,CA,98.9,0,0.06852343308865047,CAISO:2009
CAISO,SCE,steam,2009.0,SAN DIEGO,CA,48.0,0,0.03151515151515151,CAISO:2009
CAISO,SCE,solar,2009.0,SAN BERNARDINO,CA,230.0,0,0.06852343308865047,CAISO:2009
CAISO,SCE,solar,2009.0,KERN,CA,350.0,0,0.06852343308865047,CAISO:2009
CAISO,SCE,solar,2009.0,KERN,CA,150.0,0,0.06852343308865047,CAISO:2009
CAISO,SDGE,steam,2009.0,YUMA,AZ,960.0,0,0.03151515151515151,CAISO:2009
CAISO,SCE,steam,2009.0,SAN BERNARDINO,CA,6.0,0,0.11448080904602645,CAISO:2009
CAISO,SCE,steam,2009.0,SAN BERNARDINO,CA,20.0,0,0.06852343308865047,CAISO:2009
CAISO,SCE,steam,2009.0,SAN BERNARDINO,CA,40.0,0,0.06293360928009754,CAISO:2009
CAISO,SCE,steam,2009.0,LINCOLN,NV,960.0,0,0.023181818181818182,CAISO:2009
CAISO,SDGE,solar,2009.0,YUMA,AZ,750.0,0,0.0788961038961039,CAISO:2009
CAISO,SCE,wind,2009.0,KERN,CA,688.0,0,0.03151515151515151,CAISO:2009
CAISO,SCE,hybrid_multi,2009.0,KERN,CA,1100.0,0,0.20817460317460315,CAISO:2009
CAISO,PGAE,gas,2009.0,CONTRA COSTA,CA,131.0,0,0.06852343308865047,CAISO:2009
CAISO,PGAE,gas,2009.0,FRESNO,CA,58.3,0,0.10874958374958374,CAISO:2009
CAISO,SCE,steam,2009.0,KERN,CA,92.6,0,0.03151515151515151,CAISO:2009
CAISO,SCE,solar,2009.0,LOS ANGELES,CA,2.0,0,0.2178571428571429,CAISO:2009
CAISO,SCE,solar,2009.0,LOS ANGELES,CA,141.0,0,0.07354391805783725,CAISO:2009
CAISO,SDGE,gas,2009.0,SAN DIEGO,CA,190.0,0,0.10492784992784991,CAISO:2009
CAISO,PGAE,solar,2009.0,KERN,CA,20.0,0,0.15088522588522588,CAISO:2009
CAISO,SCE,solar,2009.0,KERN,CA,20.0,0,0.15088522588522588,CAISO:2009
CAISO,SDGE,solar,2009.0,SAN DIEGO,CA,20.0,0,0.1471911421911422,CAISO:2009
CAISO,PGAE,solar,2009.0,KERN,CA,20.0,0,0.15088522588522588,CAISO:2009
CAISO,PGAE,solar,2009.0,KERN,CA,20.0,0,0.15088522588522588,CAISO:2009
CAISO,PGAE,solar,2009.0,KERN,CA,20.0,0,0.15088522588522588,CAISO:2009
CAISO,SCE,solar,2009.0,KERN,CA,20.0,0,0.15088522588522588,CAISO:2009
CAISO,PGAE,solar,2009.0,KINGS,CA,20.0,0,0.15088522588522588,CAISO:2009
CAISO,SCE,solar,2009.0,KERN,CA,19.9,0,0.15088522588522588,CAISO:2009
CAISO,SCE,solar,2009.0,SAN BERNARDINO,CA,20.0,0,0.15088522588522588,CAISO:2009
CAISO,PGAE,solar,2009.0,KERN,CA,20.0,0,0.15088522588522588,CAISO:2009
CAISO,SCE,solar,2009.0,INYO,CA,20.0,0,0.15088522588522588,CAISO:2009
CAISO,PGAE,solar,2009.0,SOLANO,CA,20.0,0,0.15088522588522588,CAISO:2009
CAISO,PGAE,unmapped,2009.0,FRESNO,CA,14.5,0,0.2562820512820513,CAISO:2009
CAISO,PGAE,solar,2009.0,TULARE,CA,20.0,0,0.15088522588522588,CAISO:2009
CAISO,PGAE,solar,2009.0,TULARE,CA,16.0,0,0.15088522588522588,CAISO:2009
CAISO,SCE,solar,2009.0,LOS ANGELES,CA,20.0,0,0.15088522588522588,CAISO:2009
CAISO,PGAE,solar,2009.0,KERN,CA,20.0,0,0.15088522588522588,CAISO:2009
CAISO,PGAE,solar,2009.0,SAN BENITO,CA,20.0,0,0.15088522588522588,CAISO:2009
CAISO,PGAE,solar,2009.0,MERCED,CA,20.0,0,0.15088522588522588,CAISO:2009
CAISO,SCE,wind,2009.0,KERN,CA,19.5,0,0.07786409242930983,CAISO:2009
CAISO,PGAE,solar,2009.0,FRESNO,CA,20.0,0,0.15088522588522588,CAISO:2009
CAISO,SCE,solar,2009.0,LOS ANGELES,CA,20.0,0,0.15088522588522588,CAISO:2009
ISONE,NAN,unknown,2009.0,,ME,,0,0.01818181818181818,ISONE:2009
ISONE,NAN,hydro,2009.0,Oxford,ME,1.3,1,0.1381146631146631,ISONE:2009
ISONE,NAN,gas,2009.0,Fairfield,CT,0.0,0,0.152003552003552,ISONE:2009
ISONE,NAN,unmapped,2009.0,New London,CT,29.0,0,0.08222943722943724,ISONE:2009
ISONE,NAN,gas,2009.0,Hartford,CT,0.0,1,0.152003552003552,ISONE:2009
ISONE,NAN,wind,2009.0,Hancock,ME,46.8,0,0.05542819499341238,ISONE:2009
ISONE,ISO-NE,wind,2009.0,Hancock,ME,34.485,1,0.18603174603174605,ISONE:2009
ISONE,OTHER,gas,2009.0,Penobscot,ME,9.5,1,0.5441452233067139,ISONE:2009
ISONE,NAN,hydro,2009.0,Hampden,MA,0.667,1,0.1381146631146631,ISONE:2009
ISONE,NAN,unknown,2009.0,Aroostook,ME,,0,0.01818181818181818,ISONE:2009
ISONE,NAN,gas,2009.0,Plymouth,MA,410.0,0,0.023181818181818182,ISONE:2009
ISONE,NAN,unknown,2009.0,Colchester,VT,,0,0.01818181818181818,ISONE:2009
ISONE,NAN,hydro,2009.0,Androscoggin,ME,0.569,1,0.1381146631146631,ISONE:2009
ISONE,NAN,hydro,2009.0,Androscoggin,ME,0.975,1,0.1381146631146631,ISONE:2009
ISONE,NAN,unmapped,2009.0,Cheshire,NH,20.0,0,0.10826118326118325,ISONE:2009
ISONE,ISO-NE,wind,2009.0,Orleans,VT,61.5,1,0.14446386946386944,ISONE:2009
ISONE,ISO-NE,wind,2009.0,Franklin,ME,33.0,0,0.18603174603174605,ISONE:2009
ISONE,NAN,hydro,2009.0,Lewiston,ME,0.975,0,0.1381146631146631,ISONE:2009
ISONE,NAN,wind,2009.0,Washington,RI,28.8,0,0.05542819499341238,ISONE:2009
ISONE,NAN,wind,2009.0,Franklin,ME,45.0,0,0.05542819499341238,ISONE:2009
ISONE,ISO-NE,unmapped,2009.0,Essex,VT,9.125,0,0.6261742088139604,ISONE:2009
ISONE,NAN,hydro,2009.0,Hampden,MA,3.35,0,0.1381146631146631,ISONE:2009
ISONE,NAN,hydro,2009.0,Hampden,MA,0.5,0,0.1381146631146631,ISONE:2009
ISONE,NAN,wind,2009.0,Grafton/Merrimack,NH,66.0,0,0.04709486166007905,ISONE:2009
ISONE,NAN,wind,2009.0,Grafton/Merrimack,NH,0.0,0,0.1381146631146631,ISONE:2009
ISONE,NAN,unmapped,2009.0,Dukes,MA,10.0,0,0.10826118326118325,ISONE:2009
ISONE,NAN,unmapped,2009.0,Cumberland,ME,4.9,0,0.152003552003552,ISONE:2009
ISONE,NAN,unmapped,2009.0,Cumberland,ME,7.6,0,0.11760184260184259,ISONE:2009
ISONE,NAN,unknown,2009.0,Androscoggin,ME,9.5,0,0.020962775489546608,ISONE:2009
ISONE,NAN,wind,2009.0,Aroostook,ME,0.0,0,0.1381146631146631,ISONE:2009
ISONE,ISO-NE,wind,2009.0,Penobscot,ME,3.9,1,0.4956318310298526,ISONE:2009
ISONE,ISO-NE,wind,2009.0,Oxford,ME,19.25,1,0.2244155844155844,ISONE:2009
ISONE,ISO-NE,unmapped,2009.0,Rockingham,NH,0.0,1,0.6923179421631165,ISONE:2009
ISONE,NAN,unknown,2009.0,Oxford,ME,1.5,0,0.023181818181818182,ISONE:2009
ISONE,NAN,wind,2009.0,Aroostook,ME,201.6,0,0.023181818181818182,ISONE:2009
ISONE,ISO-NE,unmapped,2009.0,Essex,MA,0.0,1,0.6923179421631165,ISONE:2009
ISONE,NAN,wind,2009.0,Chittenden,VT,12.0,0,0.05542819499341238,ISONE:2009
ISONE,NAN,unmapped,2009.0,Windsor,VT,30.0,0,0.08222943722943724,ISONE:2009
ISONE,NAN,gas,2009.0,Plymouth,MA,898.0,0,0.023181818181818182,ISONE:2009
ISONE,NAN,wind,2009.0,Washington,RI,20.0,0,0.05542819499341238,ISONE:2009
ISONE,NAN,hydro,2009.0,Penobscot,ME,0.0,1,0.1381146631146631,ISONE:2009
ISONE,NAN,unmapped,2009.0,Penobscot,ME,0.0,1,0.21613053613053612,ISONE:2009
ISONE,NAN,unmapped,2009.0,Berkshire,MA,49.7,0,0.06913419913419913,ISONE:2009
ISONE,ISO-NE,unmapped,2009.0,Merrimack,NH,17.175,1,0.6261742088139604,ISONE:2009
ISONE,ISO-NE,wind,2009.0,Oxford,ME,18.0,1,0.2244155844155844,ISONE:2009
ISONE,ISO-NE,wind,2009.0,Oxford,ME,18.0,0,0.2244155844155844,ISONE:2009
ISONE,OTHER,gas,2009.0,New Haven,CT,17.6,1,0.5441452233067139,ISONE:2009
ISONE,OTHER,gas,2009.0,Fairfield,CT,10.265,1,0.5441452233067139,ISONE:2009
ISONE,OTHER,gas,2009.0,New Haven,CT,9.0,0,0.5441452233067139,ISONE:2009
NYISO,NM-NG,gas,2009.0,Monroe,NY,6.4,0,0.13478132978132978,NYISO:2009
NYISO,NYSEG,wind,2009.0,Madison,NY,59.9,0,0.0658008658008658,NYISO:2009
NYISO,OTHER,hydro,2009.0,Westchester,NY,1000.0,0,0.10874958374958374,NYISO:2009
NYISO,NYSEG,gas,2009.0,Cayuga,NY,2.0,0,0.20900932400932398,NYISO:2009
NYISO,NM-NG,gas,2009.0,Wyoming,NY,2.0,0,0.15723443223443223,NYISO:2009
NYISO,LIPA,wind,2009.0,NY-Suffolk,NY,700.0,0,0.05542819499341238,NYISO:2009
NYISO,NYSEG,gas,2009.0,Steuben,NY,4.8,0,0.13672161172161174,NYISO:2009
NYISO,NYSEG,wind,2009.0,Madison,NY,8.3,0,0.10492784992784991,NYISO:2009
NYISO,NYPA,nuclear,2009.0,Oswego,NY,112.0,0,0.4732578567543566,NYISO:2009
NYISO,OTHER,wind,2009.0,Onieda,NY,46.0,0,0.13478132978132978,NYISO:2009
NYISO,NM-NG,wind,2009.0,Cattaraugus,NY,150.7,0,0.06852343308865047,NYISO:2009
NYISO,NYSEG,wind,2009.0,Thompkins,NY,50.0,0,0.0658008658008658,NYISO:2009
NYISO,OTHER,hydro,2009.0,Monroe,NY,6.3,0,0.3470415874889522,NYISO:2009
NYISO,LIPA,steam,2009.0,Nassau,NY,39.0,0,0.06852343308865047,NYISO:2009
NYISO,NYPA,transmission,2009.0,Clinton,NY,600.0,0,0.15088522588522588,NYISO:2009
NYISO,NYPA,transmission,2009.0,Clinton,NY,600.0,0,0.15088522588522588,NYISO:2009
NYISO,NM-NG,gas,2009.0,Herkimer,NY,2.3,0,0.15723443223443223,NYISO:2009
NYISO,NM-NG,unmapped,2009.0,Schenectady,NY,20.0,0,0.15723443223443223,NYISO:2009
NYISO,NYSEG,wind,2009.0,Delaware,NY,50.4,0,0.0658008658008658,NYISO:2009
NYISO,OTHER,gas,2009.0,Allegany,NY,0.8,0,0.3795238095238095,NYISO:2009
NYISO,OTHER,unmapped,2009.0,Orange,NY,22.5,0,0.3795238095238095,NYISO:2009
NYISO,NYSEG,transmission,2009.0,Monroe,NY,0.0,1,0.4482608695652174,NYISO:2009
NYISO,LIPA,solar,2009.0,Suffolk,NY,32.0,1,0.1453456264901959,NYISO:2009
NYISO,NM-NG,transmission,2009.0,Saratoga,NY,0.0,1,0.24344155844155843,NYISO:2009
NYISO,NM-NG,transmission,2009.0,Cattaraugus,NY,0.0,1,0.24344155844155843,NYISO:2009
NYISO,LIPA,transmission,2009.0,Suffolk,NY,0.0,1,0.5057142857142857,NYISO:2009
NYISO,OTHER,transmission,2009.0,Monroe,NY,0.0,1,0.5475510204081633,NYISO:2009
NYISO,OTHER,hydro,2009.0,Monroe,NY,2.0,1,0.494927536231884,NYISO:2009
NYISO,NM-NG,gas,2009.0,Albany,NY,6.4,1,0.13478132978132978,NYISO:2009
CAISO,PGAE,solar,2010.0,KINGS,CA,20.0,1,0.164114010989011,CAISO:2010
CAISO,PGAE,solar,2010.0,TULARE,CA,19.75,1,0.164114010989011,CAISO:2010
CAISO,PGAE,solar,2010.0,KINGS,CA,19.75,1,0.164114010989011,CAISO:2010
CAISO,PGAE,solar,2010.0,KERN,CA,60.0,1,0.12995352781100872,CAISO:2010
CAISO,PGAE,gas,2010.0,ALAMEDA,CA,25.0,1,0.12995352781100872,CAISO:2010
CAISO,SDGE,gas,2010.0,SAN DIEGO,CA,308.0,1,0.0945795424370746,CAISO:2010
CAISO,SCE,solar_storage,2010.0,RIVERSIDE,CA,224.0,1,0.2298422851628176,CAISO:2010
CAISO,PGAE,solar,2010.0,MERCED,CA,110.0,1,0.1284829395757146,CAISO:2010
CAISO,PGAE,solar,2010.0,KINGS,CA,100.0,1,0.1284829395757146,CAISO:2010
CAISO,SDGE,solar,2010.0,IMPERIAL,CA,147.0,1,0.14301782329664486,CAISO:2010
CAISO,SCE,solar,2010.0,KERN,CA,145.44,1,0.07038981911691651,CAISO:2010
CAISO,PGAE,solar,2010.0,FRESNO,CA,60.0,1,0.12995352781100872,CAISO:2010
CAISO,SDGE,solar,2010.0,IMPERIAL,CA,150.0,1,0.14301782329664486,CAISO:2010
CAISO,PGAE,solar,2010.0,KERN,CA,20.0,1,0.164114010989011,CAISO:2010
CAISO,PGAE,solar,2010.0,KERN,CA,20.0,1,0.164114010989011,CAISO:2010
CAISO,PGAE,solar,2010.0,KERN,CA,20.0,1,0.164114010989011,CAISO:2010
CAISO,PGAE,solar,2010.0,FRESNO,CA,19.0,1,0.164114010989011,CAISO:2010
CAISO,PGAE,solar,2010.0,FRESNO,CA,18.5,1,0.164114010989011,CAISO:2010
CAISO,PGAE,solar,2010.0,FRESNO,CA,18.0,1,0.164114010989011,CAISO:2010
CAISO,PGAE,solar,2010.0,KINGS,CA,20.0,1,0.164114010989011,CAISO:2010
CAISO,PGAE,solar,2010.0,KINGS,CA,20.0,1,0.164114010989011,CAISO:2010
CAISO,SCE,solar_storage,2010.0,RIVERSIDE,CA,150.0,1,0.27555669137064487,CAISO:2010
CAISO,SCE,solar,2010.0,KERN,CA,100.0,1,0.07038981911691651,CAISO:2010
CAISO,SDGE,solar,2010.0,IMPERIAL,CA,45.0,1,0.164114010989011,CAISO:2010
CAISO,PGAE,steam,2010.0,,,27.15,1,0.07741596290776617,CAISO:2010
CAISO,SDGE,solar,2010.0,MARICOPA,AZ,165.0,1,0.14301782329664486,CAISO:2010
CAISO,PGAE,solar_storage,2010.0,KINGS,CA,100.0,1,0.3898965910267545,CAISO:2010
CAISO,PGAE,solar_storage,2010.0,FRESNO,CA,200.0,1,0.3296927146927147,CAISO:2010
CAISO,PGAE,solar,2010.0,MADERA,CA,20.0,1,0.164114010989011,CAISO:2010
CAISO,SDGE,solar,2010.0,SAN DIEGO,CA,20.0,1,0.23983841843161127,CAISO:2010
CAISO,PGAE,solar,2010.0,KINGS,CA,20.0,1,0.164114010989011,CAISO:2010
CAISO,SCE,solar,2010.0,LOS ANGELES,CA,20.0,1,0.12995352781100872,CAISO:2010
CAISO,PGAE,solar,2010.0,KERN,CA,20.0,1,0.164114010989011,CAISO:2010
CAISO,SCE,solar,2010.0,LOS ANGELES,CA,10.0,1,0.13438516175083937,CAISO:2010
CAISO,PGAE,solar,2010.0,KERN,CA,20.0,1,0.164114010989011,CAISO:2010
CAISO,SCE,solar,2010.0,LOS ANGELES,CA,20.0,1,0.12995352781100872,CAISO:2010
CAISO,SCE,solar,2010.0,LOS ANGELES,CA,20.0,1,0.12995352781100872,CAISO:2010
CAISO,SCE,solar,2010.0,LOS ANGELES,CA,20.0,1,0.12995352781100872,CAISO:2010
CAISO,PGAE,solar,2010.0,FRESNO,CA,20.0,0,0.164114010989011,CAISO:2010
CAISO,SCE,solar,2010.0,LOS ANGELES,CA,20.0,0,0.12995352781100872,CAISO:2010
CAISO,SCE,solar,2010.0,LOS ANGELES,CA,20.0,0,0.12995352781100872,CAISO:2010
CAISO,PGAE,solar,2010.0,FRESNO,CA,20.0,0,0.164114010989011,CAISO:2010
CAISO,PGAE,solar,2010.0,FRESNO,CA,20.0,0,0.164114010989011,CAISO:2010
CAISO,PGAE,solar,2010.0,KERN,CA,20.0,0,0.164114010989011,CAISO:2010
CAISO,PGAE,solar,2010.0,KERN,CA,20.0,0,0.164114010989011,CAISO:2010
CAISO,SCE,solar,2010.0,LOS ANGELES,CA,15.0,0,0.13438516175083937,CAISO:2010
CAISO,SCE,solar,2010.0,LOS ANGELES,CA,20.0,0,0.12995352781100872,CAISO:2010
CAISO,PGAE,solar,2010.0,MERCED,CA,20.0,0,0.164114010989011,CAISO:2010
CAISO,PGAE,solar,2010.0,MERCED,CA,20.0,0,0.164114010989011,CAISO:2010
CAISO,PGAE,solar,2010.0,KERN,CA,20.0,0,0.164114010989011,CAISO:2010
CAISO,SCE,solar_storage,2010.0,SAN BERNARDINO,CA,60.0,0,0.3796927146927147,CAISO:2010
CAISO,PGAE,solar,2010.0,SAN BENITO,NV,400.0,0,0.0945795424370746,CAISO:2010
CAISO,PGAE,wind,2010.0,SHASTA,CA,138.0,0,0.07038981911691651,CAISO:2010
CAISO,SDGE,wind,2010.0,SAN DIEGO,CA,92.0,0,0.094930536081768,CAISO:2010
CAISO,PGAE,wind,2010.0,MENDOCINO,CA,126.0,0,0.07038981911691651,CAISO:2010
CAISO,PGAE,solar,2010.0,MERCED,CA,100.0,0,0.1284829395757146,CAISO:2010
CAISO,SDGE,solar,2010.0,IMPERIAL,CA,200.0,0,0.14301782329664486,CAISO:2010
CAISO,SCE,solar,2010.0,SAN BERNARDINO,CA,420.0,0,0.06281406154115894,CAISO:2010
CAISO,SCE,solar,2010.0,LOS ANGELES,CA,22.0,0,0.12995352781100872,CAISO:2010
CAISO,SCE,solar,2010.0,LOS ANGELES,CA,23.0,0,0.12995352781100872,CAISO:2010
CAISO,SDGE,unmapped,2010.0,SAN DIEGO,CA,100.0,0,0.14448841153193898,CAISO:2010
CAISO,SCE,solar,2010.0,KERN,CA,21.0,0,0.12995352781100872,CAISO:2010
CAISO,SCE,hydro,2010.0,RIVERSIDE,CA,1400.0,0,0.06064316172594184,CAISO:2010
CAISO,PGAE,gas,2010.0,SUTTER,CA,600.0,0,0.06281406154115894,CAISO:2010
CAISO,PGAE,wind,2010.0,SHASTA/TRINITY,CA,102.0,0,0.07038981911691651,CAISO:2010
CAISO,SCE,solar,2010.0,KERN,CA,450.0,0,0.06281406154115894,CAISO:2010
CAISO,SCE,solar,2010.0,RIVERSIDE,CA,110.0,0,0.07038981911691651,CAISO:2010
CAISO,SCE,solar,2010.0,KERN,CA,50.0,0,0.10160568622792429,CAISO:2010
CAISO,PGAE,unmapped,2010.0,SOLANO,CA,9.6,0,0.239114010989011,CAISO:2010
CAISO,SCE,solar,2010.0,SAN BERNARDINO,CA,70.0,0,0.10013509799263016,CAISO:2010
CAISO,PGAE,solar,2010.0,MADERA,CA,220.0,0,0.10013509799263016,CAISO:2010
CAISO,SCE,solar,2010.0,RIVERSIDE,CA,170.0,0,0.07038981911691651,CAISO:2010
CAISO,SCE,solar,2010.0,KERN,CA,500.0,0,0.06281406154115894,CAISO:2010
CAISO,SDGE,wind,2010.0,SAN DIEGO,CA,57.5,0,0.10013509799263016,CAISO:2010
CAISO,SCE,solar,2010.0,LOS ANGELES,CA,150.0,0,0.07038981911691651,CAISO:2010
CAISO,SCE,wind,2010.0,LOS ANGELES,CA,150.0,0,0.06281406154115894,CAISO:2010
CAISO,PGAE,steam,2010.0,SONOMA,CA,42.0,0,0.07186040735221062,CAISO:2010
CAISO,PGAE,steam,2010.0,FRESNO,CA,106.8,0,0.06281406154115894,CAISO:2010
CAISO,SCE,solar,2010.0,RIVERSIDE,CA,1.0,0,0.21104383555041445,CAISO:2010
CAISO,SCE,solar,2010.0,SAN BERNARDINO,CA,1.0,0,0.21104383555041445,CAISO:2010
CAISO,SDGE,solar,2010.0,SAN DIEGO,CA,40.0,0,0.164114010989011,CAISO:2010
CAISO,PGAE,solar,2010.0,KINGS,CA,250.0,0,0.10013509799263016,CAISO:2010
CAISO,SCE,solar,2010.0,MOJAVE,AZ,310.0,0,0.06281406154115894,CAISO:2010
CAISO,PGAE,solar,2010.0,MERCED,CA,20.0,0,0.164114010989011,CAISO:2010
CAISO,PGAE,solar,2010.0,KINGS,CA,15.0,0,0.164114010989011,CAISO:2010
CAISO,PGAE,solar,2010.0,KINGS,CA,20.0,0,0.164114010989011,CAISO:2010
CAISO,PGAE,solar,2010.0,MADERA,CA,15.0,0,0.164114010989011,CAISO:2010
CAISO,PGAE,solar,2010.0,KINGS,CA,17.75,0,0.164114010989011,CAISO:2010
CAISO,PGAE,solar,2010.0,SAN JOAQUIN,CA,20.0,0,0.164114010989011,CAISO:2010
CAISO,PGAE,solar,2010.0,MERCED,CA,20.0,0,0.164114010989011,CAISO:2010
CAISO,PGAE,solar,2010.0,KINGS,CA,10.0,0,0.17771050221708115,CAISO:2010
CAISO,SCE,solar,2010.0,KERN,CA,146.0,0,0.07038981911691651,CAISO:2010
CAISO,SDGE,gas,2010.0,IMPERIAL ,CA,600.0,0,0.06281406154115894,CAISO:2010
CAISO,SCE,steam,2010.0,CLARK,NV,600.0,0,0.03008678881388621,CAISO:2010
CAISO,PGAE,solar,2010.0,FRESNO,CA,20.0,0,0.164114010989011,CAISO:2010
CAISO,PGAE,solar,2010.0,FRESNO,CA,20.0,0,0.164114010989011,CAISO:2010
CAISO,PGAE,solar,2010.0,FRESNO,CA,13.0,0,0.164114010989011,CAISO:2010
CAISO,PGAE,solar,2010.0,FRESNO,CA,20.0,0,0.164114010989011,CAISO:2010
CAISO,SCE,wind,2010.0,KERN,CA,20.0,0,0.07038981911691651,CAISO:2010
CAISO,PGAE,solar,2010.0,FRESNO,CA,20.0,0,0.164114010989011,CAISO:2010
CAISO,SCE,solar,2010.0,KERN,CA,20.0,0,0.12995352781100872,CAISO:2010
CAISO,SCE,solar,2010.0,KERN,CA,20.0,0,0.12995352781100872,CAISO:2010
CAISO,SCE,solar,2010.0,RIVERSIDE,CA,20.0,0,0.12995352781100872,CAISO:2010
CAISO,PGAE,solar,2010.0,SAN JOAQUIN,CA,20.0,0,0.164114010989011,CAISO:2010
CAISO,SCE,solar,2010.0,LOS ANGELES,CA,20.0,0,0.12995352781100872,CAISO:2010
CAISO,SCE,solar,2010.0,RIVERSIDE,CA,20.0,0,0.12995352781100872,CAISO:2010
CAISO,PGAE,solar,2010.0,TULARE,CA,19.7,0,0.164114010989011,CAISO:2010
CAISO,SCE,solar,2010.0,MONO,CA,19.993,0,0.12995352781100872,CAISO:2010
CAISO,PGAE,solar,2010.0,FRESNO,CA,20.0,0,0.164114010989011,CAISO:2010
CAISO,PGAE,solar,2010.0,FRESNO,CA,20.0,0,0.164114010989011,CAISO:2010
CAISO,PGAE,solar,2010.0,FRESNO,CA,10.0,0,0.17771050221708115,CAISO:2010
CAISO,SCE,solar,2010.0,LOS ANGELES,CA,14.0,0,0.13438516175083937,CAISO:2010
CAISO,PGAE,solar,2010.0,KERN,CA,20.0,0,0.164114010989011,CAISO:2010
CAISO,SDGE,solar,2010.0,IMPERIAL,CA,20.0,0,0.23983841843161127,CAISO:2010
CAISO,PGAE,solar,2010.0,KERN,CA,10.0,0,0.17771050221708115,CAISO:2010
CAISO,SCE,solar,2010.0,KERN,CA,20.0,0,0.12995352781100872,CAISO:2010
CAISO,SDGE,solar,2010.0,SAN DIEGO,CA,10.4,0,0.24437716888374786,CAISO:2010
CAISO,PGAE,solar,2010.0,KERN,CA,20.0,0,0.164114010989011,CAISO:2010
CAISO,PGAE,solar,2010.0,KINGS,CA,20.0,0,0.164114010989011,CAISO:2010
CAISO,SCE,solar,2010.0,LOS ANGELES,CA,20.0,0,0.12995352781100872,CAISO:2010
CAISO,PGAE,solar,2010.0,STANISLAUS,CA,20.0,0,0.164114010989011,CAISO:2010
CAISO,SCE,solar,2010.0,KERN,CA,4.9,0,0.2010187728937729,CAISO:2010
CAISO,PGAE,solar,2010.0,FRESNO,CA,20.0,0,0.164114010989011,CAISO:2010
CAISO,PGAE,solar,2010.0,STANISLAUS,CA,20.0,0,0.164114010989011,CAISO:2010
CAISO,PGAE,solar,2010.0,FRESNO,CA,20.0,0,0.164114010989011,CAISO:2010
CAISO,PGAE,solar,2010.0,KINGS,CA,20.0,0,0.164114010989011,CAISO:2010
CAISO,PGAE,solar,2010.0,MERCED,CA,20.0,0,0.164114010989011,CAISO:2010
CAISO,PGAE,solar,2010.0,FRESNO,CA,10.0,0,0.17771050221708115,CAISO:2010
CAISO,PGAE,solar,2010.0,FRESNO,CA,12.0,0,0.16503753027769769,CAISO:2010
CAISO,SCE,solar,2010.0,LOS ANGELES,CA,20.0,0,0.12995352781100872,CAISO:2010
CAISO,SCE,solar,2010.0,KERN,CA,20.0,0,0.12995352781100872,CAISO:2010
CAISO,PGAE,solar,2010.0,FRESNO,CA,20.0,0,0.164114010989011,CAISO:2010
CAISO,PGAE,solar,2010.0,MERCED,CA,20.0,0,0.164114010989011,CAISO:2010
CAISO,PGAE,steam,2010.0,KERN,CA,11.2,0,0.09312477516830257,CAISO:2010
CAISO,PGAE,solar,2010.0,GLENN,CA,20.0,0,0.164114010989011,CAISO:2010
CAISO,PGAE,wind,2010.0,FRESNO,CA,149.5,0,0.07038981911691651,CAISO:2010
CAISO,PGAE,solar,2010.0,KERN,CA,300.0,0,0.09823140292915077,CAISO:2010
CAISO,SCE,wind,2010.0,LOS ANGELES,CA,200.1,0,0.03338194827373741,CAISO:2010
CAISO,SCE,steam,2010.0,LOS ANGELES,CA,260.0,0,0.03008678881388621,CAISO:2010
CAISO,SCE,steam,2010.0,RIVERSIDE,CA,750.0,0,0.03008678881388621,CAISO:2010
CAISO,SCE,steam,2010.0,INYO,CA,95.0,0,0.039177697904795306,CAISO:2010
CAISO,SCE,solar,2010.0,RIVERSIDE,CA,500.0,0,0.06281406154115894,CAISO:2010
CAISO,SCE,solar,2010.0,INYO,CA,50.0,0,0.10160568622792429,CAISO:2010
CAISO,SCE,solar,2010.0,RIVERSIDE,CA,170.0,0,0.07038981911691651,CAISO:2010
CAISO,SCE,solar,2010.0,CLARK,NV,300.0,0,0.06281406154115894,CAISO:2010
CAISO,SCE,steam,2010.0,CHURCHILL,NV,5.6,0,0.08574929624109952,CAISO:2010
CAISO,SCE,steam,2010.0,YUMA,AZ,1000.0,0,0.03008678881388621,CAISO:2010
CAISO,SDGE,hybrid_multi,2010.0,SAN DIEGO,CA,86.0,0,0.4447239320528455,CAISO:2010
CAISO,SDGE,solar,2010.0,IMPERIAL,CA,200.0,0,0.14301782329664486,CAISO:2010
CAISO,SDGE,wind,2010.0,IMPERIAL,CA,16.1,0,0.14448841153193898,CAISO:2010
CAISO,SDGE,solar,2010.0,YUMA,AZ,238.0,0,0.14301782329664486,CAISO:2010
CAISO,SCE,steam,2010.0,CHURCHILL/PERSHING,CA,364.2,0,0.03008678881388621,CAISO:2010
CAISO,SCE,solar,2010.0,RIVERSIDE,CA,200.0,0,0.07038981911691651,CAISO:2010
CAISO,SCE,solar,2010.0,CLARK,NV,242.0,0,0.06334451171147623,CAISO:2010
CAISO,SDGE,wind,2010.0,BAJA CALIFORNIA,MX,300.0,0,0.06281406154115894,CAISO:2010
CAISO,SDGE,wind,2010.0,BAJA CALIFORNIA,MX,540.0,0,0.06281406154115894,CAISO:2010
CAISO,PGAE,solar,2010.0,KINGS,CA,150.0,0,0.1284829395757146,CAISO:2010
CAISO,PGAE,solar,2010.0,FRESNO,CA,200.0,0,0.10013509799263016,CAISO:2010
CAISO,PGAE,solar,2010.0,PLACER,CA,220.0,0,0.10013509799263016,CAISO:2010
CAISO,PGAE,solar,2010.0,KINGS,CA,600.0,0,0.07038981911691651,CAISO:2010
CAISO,PGAE,solar,2010.0,FRESNO,CA,200.0,0,0.10013509799263016,CAISO:2010
CAISO,PGAE,solar,2010.0,FRESNO,CA,1.0,0,0.39853339959441897,CAISO:2010
CAISO,PGAE,solar,2010.0,FRESNO,CA,289.0,0,0.09997975630567521,CAISO:2010
CAISO,PGAE,hybrid_multi,2010.0,FRESNO,CA,289.0,0,0.3296927146927147,CAISO:2010
CAISO,PGAE,hybrid_multi,2010.0,FRESNO,CA,289.0,0,0.3296927146927147,CAISO:2010
CAISO,PGAE,hybrid_multi,2010.0,FRESNO,CA,169.0,0,0.3296927146927147,CAISO:2010
CAISO,PGAE,solar,2010.0,YOLO,CA,20.0,0,0.164114010989011,CAISO:2010
CAISO,SCE,solar,2010.0,KERN/LOS ANGELES,CA,480.0,0,0.06281406154115894,CAISO:2010
CAISO,SCE,solar,2010.0,KERN,CA,80.0,0,0.0945795424370746,CAISO:2010
CAISO,SCE,solar,2010.0,FRESNO,CA,320.0,0,0.06281406154115894,CAISO:2010
CAISO,SDGE,solar,2010.0,IMPERIAL,CA,500.0,0,0.10831028010776919,CAISO:2010
CAISO,SDGE,solar,2010.0,IMPERIAL,CA,250.0,0,0.14301782329664486,CAISO:2010
CAISO,PGAE,solar,2010.0,KINGS,CA,80.0,0,0.1284829395757146,CAISO:2010
CAISO,SCE,solar,2010.0,KERN,CA,150.0,0,0.07038981911691651,CAISO:2010
CAISO,PGAE,solar,2010.0,MONTEREY,CA,20.0,0,0.164114010989011,CAISO:2010
CAISO,PGAE,solar,2010.0,KERN,CA,20.0,0,0.164114010989011,CAISO:2010
CAISO,PGAE,solar,2010.0,FRESNO,CA,8.0,0,0.17771050221708115,CAISO:2010
CAISO,PGAE,solar,2010.0,FRESNO,CA,20.0,0,0.164114010989011,CAISO:2010
CAISO,PGAE,solar,2010.0,FRESNO,CA,20.0,0,0.164114010989011,CAISO:2010
CAISO,PGAE,solar,2010.0,FRESNO,CA,11.75,0,0.16653887974854625,CAISO:2010
CAISO,PGAE,solar,2010.0,SOLANO,CA,14.0,0,0.164114010989011,CAISO:2010
CAISO,PGAE,solar,2010.0,FRESNO,CA,20.0,0,0.164114010989011,CAISO:2010
CAISO,SCE,solar,2010.0,LOS ANGELES,CA,20.0,0,0.12995352781100872,CAISO:2010
CAISO,PGAE,solar,2010.0,KINGS,CA,20.0,0,0.164114010989011,CAISO:2010
CAISO,SCE,solar,2010.0,RIVERSIDE,CA,20.0,0,0.12995352781100872,CAISO:2010
CAISO,PGAE,solar,2010.0,YUBA,CA,15.0,0,0.164114010989011,CAISO:2010
CAISO,PGAE,solar,2010.0,FRESNO,CA,20.0,0,0.164114010989011,CAISO:2010
CAISO,PGAE,solar,2010.0,KINGS,CA,20.0,0,0.164114010989011,CAISO:2010
CAISO,PGAE,solar,2010.0,KERN,CA,20.0,0,0.164114010989011,CAISO:2010
CAISO,SCE,solar,2010.0,KERN,CA,20.0,0,0.12995352781100872,CAISO:2010
CAISO,PGAE,solar,2010.0,SANTA BARBARA,CA,20.0,0,0.164114010989011,CAISO:2010
CAISO,PGAE,solar,2010.0,FRESNO,CA,20.0,0,0.164114010989011,CAISO:2010
CAISO,PGAE,solar,2010.0,FRESNO,CA,20.0,0,0.164114010989011,CAISO:2010
CAISO,PGAE,solar,2010.0,KERN,CA,20.0,0,0.164114010989011,CAISO:2010
CAISO,PGAE,solar,2010.0,KINGS/KERN,CA,20.0,0,0.164114010989011,CAISO:2010
CAISO,SDGE,solar,2010.0,SAN DIEGO,CA,20.0,0,0.23983841843161127,CAISO:2010
CAISO,SCE,solar,2010.0,KERN,CA,20.0,0,0.12995352781100872,CAISO:2010
CAISO,PGAE,solar_storage,2010.0,YOLO,CA,12.0,0,0.5788119288119288,CAISO:2010
CAISO,SCE,solar,2010.0,LOS ANGELES,CA,20.0,0,0.12995352781100872,CAISO:2010
CAISO,SCE,solar,2010.0,LOS ANGELES,CA,20.0,0,0.12995352781100872,CAISO:2010
CAISO,PGAE,solar,2010.0,FRESNO,CA,20.0,0,0.164114010989011,CAISO:2010
CAISO,PGAE,solar,2010.0,KERN,CA,20.0,0,0.164114010989011,CAISO:2010
CAISO,PGAE,solar,2010.0,KERN,CA,10.0,0,0.17771050221708115,CAISO:2010
CAISO,PGAE,solar,2010.0,BUTTE,CA,20.0,0,0.164114010989011,CAISO:2010
CAISO,SCE,solar,2010.0,LOS ANGELES,CA,20.0,0,0.12995352781100872,CAISO:2010
CAISO,SCE,solar,2010.0,KERN,CA,20.0,0,0.12995352781100872,CAISO:2010
CAISO,SCE,solar,2010.0,LOS ANGELES,CA,20.0,0,0.12995352781100872,CAISO:2010
CAISO,SCE,solar,2010.0,LOS ANGELES,CA,20.0,0,0.12995352781100872,CAISO:2010
ISONE,ISO-NE,wind,2010.0,Plymouth,MA,9.9,0,0.42523809523809525,ISONE:2010
ISONE,NAN,wind,2010.0,Barnstable,MA,14.9,0,0.06281406154115894,ISONE:2010
ISONE,NAN,unmapped,2010.0,Essex,MA,8.0,1,0.11720576125500885,ISONE:2010
ISONE,NAN,hydro,2010.0,Androscoggin,ME,4.4,1,0.16264342275371688,ISONE:2010
ISONE,ISO-NE,wind,2010.0,Somerset,ME,96.9,0,0.164114010989011,ISONE:2010
ISONE,NAN,wind,2010.0,Washington,ME,92.25,0,0.05372315245024985,ISONE:2010
ISONE,ISO-NE,wind,2010.0,Penobscot,ME,9.0,1,0.43079249471479664,ISONE:2010
ISONE,OTHER,unknown,2010.0,,NH,,0,0.05372315245024985,ISONE:2010
ISONE,ISO-NE,unmapped,2010.0,Hancock,ME,25.0,1,0.5019301847775574,ISONE:2010
ISONE,ISO-NE,unmapped,2010.0,Coos,NH,9.0,1,0.5587037037037038,ISONE:2010
ISONE,ISO-NE,wind,2010.0,Grafton,NH,48.0,1,0.164114010989011,ISONE:2010
ISONE,NAN,gas,2010.0,Hampden,MA,5.0,1,0.11165020569945332,ISONE:2010
ISONE,NAN,unmapped,2010.0,Plymouth,MA,0.0,0,0.16937716888374782,ISONE:2010
ISONE,ISO-NE,gas,2010.0,Providence,RI,12.0,1,0.4837037037037037,ISONE:2010
ISONE,NAN,unknown,2010.0,,MA,0.0,0,0.03008678881388621,ISONE:2010
ISONE,NAN,unmapped,2010.0,Bennington,VT,33.0,0,0.09284846992560539,ISONE:2010
ISONE,NAN,gas,2010.0,Providence,RI,0.0,0,0.1474494572364755,ISONE:2010
ISONE,NAN,wind,2010.0,Hillsborough,NH,0.0,0,0.1474494572364755,ISONE:2010
ISONE,ISO-NE,gas,2010.0,Franklin,ME,26.0,1,0.3650548245614035,ISONE:2010
ISONE,NAN,gas,2010.0,Providence,RI,0.0,1,0.1474494572364755,ISONE:2010
ISONE,NAN,unmapped,2010.0,Hancock,ME,18.1,0,0.11165020569945332,ISONE:2010
ISONE,NAN,wind,2010.0,Hampden,MA,30.0,0,0.06281406154115894,ISONE:2010
ISONE,ISO-NE,wind,2010.0,Somerset,ME,184.8,1,0.14892004547176962,ISONE:2010
ISONE,ISO-NE,gas,2010.0,Providence,RI,66.0,1,0.2010187728937729,ISONE:2010
ISONE,NAN,gas,2010.0,Middlesex,MA,7.5,1,0.09901117637690528,ISONE:2010
ISONE,NAN,gas,2010.0,New Haven,CT,7.5,1,0.09901117637690528,ISONE:2010
ISONE,ISO-NE,unmapped,2010.0,Rutland,VT,33.0,0,0.4837037037037037,ISONE:2010
ISONE,ISO-NE,wind,2010.0,Chittenden,VT,10.0,1,0.42523809523809525,ISONE:2010
ISONE,ISO-NE,wind,2010.0,Worcester,MA,2.5,0,0.4837037037037037,ISONE:2010
ISONE,ISO-NE,wind,2010.0,Worcester,MA,27.5,0,0.17771050221708115,ISONE:2010
ISONE,ISO-NE,wind,2010.0,Penobscot/Washington,ME,48.0,0,0.164114010989011,ISONE:2010
ISONE,NAN,solar,2010.0,Hampden,MA,19.92,0,0.11165020569945332,ISONE:2010
ISONE,NAN,wind,2010.0,Washington,RI,535.5,0,0.03008678881388621,ISONE:2010
ISONE,NAN,unknown,2010.0,,ME,,0,0.023529411764705882,ISONE:2010
ISONE,NAN,unknown,2010.0,,ME,,0,0.023529411764705882,ISONE:2010
ISONE,NAN,wind,2010.0,Oxford,ME,2.0,1,0.11165020569945332,ISONE:2010
ISONE,NAN,wind,2010.0,Oxford,ME,2.0,0,0.11165020569945332,ISONE:2010
NYISO,NM-NG,wind,2010.0,Chautauqua,NY,810.0,0,0.05372315245024985,NYISO:2010
NYISO,CONED,transmission,2010.0,Richmond,NY,15.0,0,0.19227166276346605,NYISO:2010
NYISO,NAN,gas,2010.0,Oneida,NY,3.2,0,0.05372315245024985,NYISO:2010
NYISO,NM-NG,wind,2010.0,St. Lawrence,NY,100.0,0,0.07038981911691651,NYISO:2010
NYISO,NYPA,wind,2010.0,Jefferson,NY,249.4,0,0.07791287577040794,NYISO:2010
NYISO,OTHER,transmission,2010.0,Albany-Westchester,NY,1000.0,0,0.15124620910374126,NYISO:2010
NYISO,OTHER,transmission,2010.0,"Greene, Westchester",NY,1000.0,0,0.15124620910374126,NYISO:2010
NYISO,NYSEG,wind,2010.0,Schuyler,NY,122.4,0,0.05372315245024985,NYISO:2010
NYISO,NM-NG,gas,2010.0,Chautauqua,NY,3.2,1,0.15968237704918034,NYISO:2010
NYISO,NM-NG,hydro,2010.0,Saratoga,NY,3.0,1,0.24622710622710625,NYISO:2010
CAISO,PGAE,solar,2011.0,FRESNO,CA,20.0,1,0.17118118596379467,CAISO:2011
CAISO,PGAE,solar,2011.0,CONTRA COSTA,CA,20.0,1,0.17118118596379467,CAISO:2011
CAISO,PGAE,solar,2011.0,KERN,CA,20.0,1,0.17118118596379467,CAISO:2011
CAISO,PGAE,wind,2011.0,ALAMEDA,CA,36.0,1,0.03851029761189565,CAISO:2011
CAISO,PGAE,solar,2011.0,MADERA,CA,50.0,1,0.1400016987843075,CAISO:2011
CAISO,SCE,solar,2011.0,KERN,CA,175.0,1,0.02674559172954271,CAISO:2011
CAISO,PGAE,solar,2011.0,KERN,CA,15.0,1,0.17118118596379467,CAISO:2011
CAISO,SCE,solar,2011.0,LOS ANGELES,CA,20.0,1,0.10749864628125498,CAISO:2011
CAISO,SCE,solar,2011.0,KERN,CA,20.0,1,0.10749864628125498,CAISO:2011
CAISO,SCE,solar,2011.0,KERN,CA,20.0,1,0.10749864628125498,CAISO:2011
CAISO,PGAE,solar,2011.0,SAN BENITO,CA,140.0,1,0.07699083776484045,CAISO:2011
CAISO,SDGE,solar,2011.0,IMPERIAL,CA,100.0,1,0.15384785263046133,CAISO:2011
CAISO,SDGE,solar,2011.0,CLARK,NV,92.0,1,0.15384785263046133,CAISO:2011
CAISO,PGAE,wind,2011.0,CONTRA COSTA,CA,3.1,1,0.16523938244895744,CAISO:2011
CAISO,PGAE,solar,2011.0,FRESNO,CA,5.0,0,0.2926332529698259,CAISO:2011
CAISO,PGAE,solar,2011.0,CONTRA COSTA,CA,5.0,0,0.2926332529698259,CAISO:2011
CAISO,SDGE,solar,2011.0,IMPERIAL,CA,150.0,0,0.1400016987843075,CAISO:2011
CAISO,PGAE,solar,2011.0,FRESNO,CA,118.0,0,0.08390890269151138,CAISO:2011
CAISO,SCE,wind,2011.0,KERN,CA,502.0,0,0.0,CAISO:2011
CAISO,SCE,solar,2011.0,KERN,CA,51.2,0,0.07966866865261965,CAISO:2011
CAISO,SDGE,solar,2011.0,MARICOPA,AZ,250.0,0,0.08835334713595584,CAISO:2011
CAISO,PGAE,solar,2011.0,KERN,CA,20.0,0,0.17118118596379467,CAISO:2011
CAISO,PGAE,solar,2011.0,SAN JOAQUIN,CA,100.0,0,0.08390890269151138,CAISO:2011
CAISO,SDGE,solar,2011.0,SAN DIEGO,CA,30.0,0,0.18341305191674456,CAISO:2011
CAISO,SDGE,steam,2011.0,IMPERIAL,CA,470.0,0,0.02674559172954271,CAISO:2011
CAISO,PGAE,solar,2011.0,KERN,CA,1000.0,0,0.02674559172954271,CAISO:2011
CAISO,SCE,hybrid_multi,2011.0,KERN,CA,483.0,0,0.07506019847111575,CAISO:2011
CAISO,PGAE,solar,2011.0,FRESNO,CA,1.25,0,0.4113272213670909,CAISO:2011
CAISO,PGAE,solar,2011.0,FRESNO,CA,14.0,0,0.17118118596379467,CAISO:2011
CAISO,PGAE,solar,2011.0,FRESNO,CA,7.0,0,0.24098880949250207,CAISO:2011
CAISO,SDGE,solar,2011.0,IMPERIAL,CA,45.0,0,0.17118118596379467,CAISO:2011
CAISO,SCE,solar,2011.0,RIVERSIDE,CA,48.0,0,0.07966866865261965,CAISO:2011
CAISO,PGAE,solar,2011.0,KINGS,CA,19.2,0,0.17118118596379467,CAISO:2011
CAISO,SCE,wind,2011.0,LINCOLN,NM,1700.0,0,0.0,CAISO:2011
CAISO,SDGE,gas,2011.0,SAN DIEGO,CA,300.0,0,0.04982251480646579,CAISO:2011
CAISO,PGAE,solar,2011.0,SOLANO,CA,3.0,0,0.3484424732649515,CAISO:2011
CAISO,SCE,steam,2011.0,MINERAL,NV,27.0,0,0.06366866865261964,CAISO:2011
CAISO,SCE,solar,2011.0,LOS ANGELES,CA,38.0,0,0.07966866865261965,CAISO:2011
CAISO,SCE,solar,2011.0,RIVERSIDE,CA,200.0,0,0.02674559172954271,CAISO:2011
CAISO,SCE,steam,2011.0,CHURCHILL,NV,38.0,0,0.05125761630708488,CAISO:2011
CAISO,PGAE,wind,2011.0,YOLO,CA,301.35,0,0.02550335570469799,CAISO:2011
CAISO,SCE,hydro,2011.0,RIVERSIDE,CA,1400.0,0,0.02550335570469799,CAISO:2011
CAISO,SCE,steam,2011.0,CHURCHILL,NV,38.0,0,0.05125761630708488,CAISO:2011
CAISO,SDGE,solar,2011.0,SAN DIEGO,CA,45.0,0,0.17118118596379467,CAISO:2011
CAISO,SCE,solar,2011.0,KERN,CA,20.0,0,0.10749864628125498,CAISO:2011
CAISO,SDGE,solar,2011.0,SAN DIEGO,CA,28.0,0,0.18341305191674456,CAISO:2011
CAISO,SCE,gas,2011.0,LOS ANGELES,CA,435.0,0,0.02550335570469799,CAISO:2011
CAISO,PGAE,solar,2011.0,FRESNO,CA,100.0,0,0.08390890269151138,CAISO:2011
CAISO,SCE,solar,2011.0,SAN BERNARDINO,CA,240.0,0,0.02674559172954271,CAISO:2011
CAISO,PGAE,solar,2011.0,FRESNO,CA,17.9,0,0.17118118596379467,CAISO:2011
CAISO,PGAE,solar,2011.0,STANISLAUS,CA,70.0,0,0.08835334713595584,CAISO:2011
CAISO,PGAE,wind,2011.0,ALAMEDA,CA,50.0,0,0.03851029761189565,CAISO:2011
CAISO,PGAE,solar,2011.0,SOLANO,CA,3.0,0,0.3484424732649515,CAISO:2011
CAISO,PGAE,solar,2011.0,TULARE,CA,120.0,0,0.08390890269151138,CAISO:2011
CAISO,SCE,gas,2011.0,LOS ANGELES,CA,28.0,0,0.07506019847111575,CAISO:2011
CAISO,SDGE,solar,2011.0,IMPERIAL,CA,400.0,0,0.07057556935817806,CAISO:2011
CAISO,OTHER,solar,2011.0,NYE,NV,540.0,0,0.08602281492307068,CAISO:2011
CAISO,PGAE,solar,2011.0,KINGS,CA,13.5,0,0.17118118596379467,CAISO:2011
CAISO,SCE,solar,2011.0,RIVERSIDE,CA,100.0,0,0.05015714100756914,CAISO:2011
CAISO,PGAE,solar,2011.0,KINGS,CA,20.0,0,0.17118118596379467,CAISO:2011
CAISO,PGAE,solar,2011.0,KINGS,CA,20.0,0,0.17118118596379467,CAISO:2011
CAISO,PGAE,solar,2011.0,SOLANO,CA,3.0,0,0.3484424732649515,CAISO:2011
CAISO,PGAE,wind,2011.0,ALAMEDA,CA,299.0,0,0.02550335570469799,CAISO:2011
CAISO,SCE,wind,2011.0,KERN,CA,299.0,0,0.0,CAISO:2011
CAISO,PGAE,solar,2011.0,KINGS,CA,500.0,0,0.03851029761189565,CAISO:2011
CAISO,PGAE,solar,2011.0,FRESNO,CA,90.0,0,0.08835334713595584,CAISO:2011
CAISO,PGAE,solar,2011.0,KERN,CA,150.0,0,0.07057556935817806,CAISO:2011
CAISO,PGAE,solar,2011.0,KERN,CA,150.0,0,0.07057556935817806,CAISO:2011
CAISO,PGAE,solar,2011.0,KINGS,CA,20.0,0,0.17118118596379467,CAISO:2011
CAISO,PGAE,solar,2011.0,FRESNO,CA,75.0,0,0.08835334713595584,CAISO:2011
CAISO,SCE,solar,2011.0,RIVERSIDE,CA,500.0,0,0.02674559172954271,CAISO:2011
CAISO,PGAE,solar,2011.0,FRESNO,CA,75.0,0,0.08835334713595584,CAISO:2011
CAISO,SCE,solar,2011.0,KERN,CA,200.0,0,0.02674559172954271,CAISO:2011
CAISO,PGAE,wind,2011.0,MONTEREY,CA,150.0,0,0.02627343643686512,CAISO:2011
CAISO,PGAE,wind,2011.0,SOLANO,CA,250.0,0,0.02550335570469799,CAISO:2011
CAISO,SDGE,solar,2011.0,IMPERIAL ,CA,200.0,0,0.08835334713595584,CAISO:2011
CAISO,SCE,solar,2011.0,RIVERSIDE,CA,150.0,0,0.02674559172954271,CAISO:2011
CAISO,SDGE,gas,2011.0,SAN DIEGO,CA,4.7,0,0.2488030690577631,CAISO:2011
CAISO,SDGE,gas,2011.0,SAN DIEGO,CA,20.0,0,0.16523938244895744,CAISO:2011
CAISO,OTHER,steam,2011.0,CLARK,NV,270.0,0,0.04982251480646579,CAISO:2011
CAISO,SCE,wind,2011.0,PLATTE,WY,3000.0,0,0.0,CAISO:2011
CAISO,PGAE,solar,2011.0,YOLO,CA,20.0,0,0.17118118596379467,CAISO:2011
CAISO,PGAE,solar,2011.0,KERN,CA,100.0,0,0.08390890269151138,CAISO:2011
CAISO,PGAE,solar,2011.0,FRESNO,CA,20.0,0,0.17118118596379467,CAISO:2011
CAISO,PGAE,solar,2011.0,KERN,CA,20.0,0,0.17118118596379467,CAISO:2011
CAISO,PGAE,solar,2011.0,KERN,CA,20.0,0,0.17118118596379467,CAISO:2011
CAISO,PGAE,solar,2011.0,KERN,CA,5.0,0,0.2926332529698259,CAISO:2011
CAISO,SCE,solar,2011.0,KERN,CA,20.0,0,0.10749864628125498,CAISO:2011
CAISO,PGAE,solar,2011.0,FRESNO,CA,5.0,0,0.2926332529698259,CAISO:2011
CAISO,PGAE,solar,2011.0,KINGS,CA,12.0,0,0.17118118596379467,CAISO:2011
CAISO,PGAE,solar,2011.0,FRESNO,CA,3.0,0,0.3484424732649515,CAISO:2011
CAISO,SCE,solar,2011.0,RIVERSIDE,CA,300.0,0,0.02674559172954271,CAISO:2011
CAISO,PGAE,solar,2011.0,FRESNO,CA,20.0,0,0.17118118596379467,CAISO:2011
CAISO,SDGE,solar,2011.0,SAN DIEGO,CA,60.0,0,0.17118118596379467,CAISO:2011
CAISO,PGAE,solar,2011.0,FRESNO,CA,20.0,0,0.17118118596379467,CAISO:2011
CAISO,SCE,solar,2011.0,KERN,CA,19.98,0,0.10749864628125498,CAISO:2011
CAISO,PGAE,solar,2011.0,FRESNO,CA,20.0,0,0.17118118596379467,CAISO:2011
CAISO,PGAE,solar,2011.0,KERN,CA,20.0,0,0.17118118596379467,CAISO:2011
CAISO,SCE,solar,2011.0,KERN,CA,20.0,0,0.10749864628125498,CAISO:2011
CAISO,PGAE,solar,2011.0,CONTRA COSTA,CA,70.0,0,0.08835334713595584,CAISO:2011
CAISO,PGAE,solar,2011.0,FRESNO,CA,20.0,0,0.17118118596379467,CAISO:2011
CAISO,SDGE,wind,2011.0,ENSENADA,MX,508.0,0,0.02550335570469799,CAISO:2011
CAISO,PGAE,solar,2011.0,STANISLAUS,CA,30.0,0,0.17118118596379467,CAISO:2011
CAISO,SDGE,solar,2011.0,IMPERIAL,CA,150.0,0,0.1400016987843075,CAISO:2011
CAISO,SCE,wind,2011.0,KERN,CA,400.0,0,0.0,CAISO:2011
CAISO,SDGE,steam,2011.0,IMPERIAL,CA,1080.0,0,0.0,CAISO:2011
CAISO,SCE,solar,2011.0,LOS ANGELES,CA,14.0,0,0.13222350943308442,CAISO:2011
CAISO,PGAE,solar,2011.0,SAN JOAQUIN,CA,100.0,0,0.08390890269151138,CAISO:2011
CAISO,PGAE,solar,2011.0,GLENN,CA,18.0,0,0.17118118596379467,CAISO:2011
CAISO,SCE,steam,2011.0,CHURCHILL,NV,38.0,0,0.05125761630708488,CAISO:2011
CAISO,PGAE,solar,2011.0,KINGS,CA,25.0,0,0.17118118596379467,CAISO:2011
CAISO,SCE,gas,2011.0,KERN,CA,400.0,0,0.02550335570469799,CAISO:2011
CAISO,PGAE,solar,2011.0,YOLO,CA,30.0,0,0.17118118596379467,CAISO:2011
CAISO,SDGE,solar,2011.0,SAN DIEGO,CA,0.1,0,0.5961132932098183,CAISO:2011
CAISO,SCE,solar,2011.0,SAN BERNARDINO,CA,100.0,0,0.05015714100756914,CAISO:2011
CAISO,SCE,solar,2011.0,SAN BERNARDINO,CA,200.0,0,0.02674559172954271,CAISO:2011
CAISO,PGAE,solar,2011.0,SAN JOAQUIN,CA,50.0,0,0.1400016987843075,CAISO:2011
CAISO,SCE,solar,2011.0,KERN,CA,16.0,0,0.11889017609975108,CAISO:2011
CAISO,SCE,solar,2011.0,KERN,CA,80.0,0,0.061587220688818736,CAISO:2011
CAISO,PGAE,solar,2011.0,KERN,CA,8.0,0,0.24098880949250207,CAISO:2011
CAISO,SCE,solar,2011.0,LOS ANGELES,CA,100.0,0,0.05015714100756914,CAISO:2011
CAISO,SDGE,solar,2011.0,SAN DIEGO,CA,71.88,0,0.17118118596379467,CAISO:2011
CAISO,SCE,solar,2011.0,KERN,CA,45.0,0,0.07966866865261965,CAISO:2011
CAISO,SCE,solar,2011.0,LOS ANGELES,CA,150.0,0,0.02674559172954271,CAISO:2011
CAISO,SCE,wind,2011.0,SAN BERNARDINO,CA,200.0,0,0.0,CAISO:2011
CAISO,SCE,solar,2011.0,KERN,CA,75.0,0,0.0658225148064658,CAISO:2011
CAISO,SDGE,solar,2011.0,SAN DIEGO,CA,45.0,0,0.17118118596379467,CAISO:2011
CAISO,SCE,solar,2011.0,RIVERSIDE,CA,0.5,0,0.2521340891071244,CAISO:2011
CAISO,SCE,solar,2011.0,RIVERSIDE,CA,221.0,0,0.02674559172954271,CAISO:2011
CAISO,PGAE,solar,2011.0,FRESNO,CA,0.1,0,0.4505079689349352,CAISO:2011
CAISO,PGAE,solar,2011.0,FRESNO,CA,0.1,0,0.4505079689349352,CAISO:2011
CAISO,PGAE,solar,2011.0,BUTTE,CA,75.0,0,0.08835334713595584,CAISO:2011
CAISO,SDGE,wind,2011.0,IMPERIAL,CA,150.0,0,0.02674559172954271,CAISO:2011
CAISO,PGAE,steam,2011.0,KERN,CA,1080.0,0,0.0,CAISO:2011
CAISO,PGAE,steam,2011.0,KERN,CA,540.0,0,0.0,CAISO:2011
CAISO,PGAE,solar,2011.0,FRESNO,CA,0.1,0,0.4505079689349352,CAISO:2011
CAISO,PGAE,solar,2011.0,FRESNO,CA,0.1,0,0.4505079689349352,CAISO:2011
CAISO,SCE,solar,2011.0,MARICOPA,AZ,300.0,0,0.02674559172954271,CAISO:2011
CAISO,SCE,solar,2011.0,MARICOPA,AZ,700.0,0,0.026148872045321903,CAISO:2011
CAISO,PGAE,solar,2011.0,FRESNO,CA,0.1,0,0.4505079689349352,CAISO:2011
CAISO,PGAE,solar,2011.0,FRESNO,CA,100.0,0,0.08390890269151138,CAISO:2011
CAISO,PGAE,solar,2011.0,FRESNO,CA,20.0,0,0.17118118596379467,CAISO:2011
CAISO,PGAE,solar,2011.0,FRESNO,CA,20.0,0,0.17118118596379467,CAISO:2011
CAISO,PGAE,solar,2011.0,FRESNO,CA,20.0,0,0.17118118596379467,CAISO:2011
CAISO,PGAE,solar,2011.0,FRESNO,CA,0.1,0,0.4505079689349352,CAISO:2011
CAISO,PGAE,solar,2011.0,FRESNO,CA,0.1,0,0.4505079689349352,CAISO:2011
CAISO,PGAE,solar,2011.0,FRESNO,CA,0.1,0,0.4505079689349352,CAISO:2011
CAISO,PGAE,solar,2011.0,TULARE,CA,20.0,0,0.17118118596379467,CAISO:2011
CAISO,PGAE,solar,2011.0,MERCED,CA,20.0,0,0.17118118596379467,CAISO:2011
CAISO,PGAE,solar,2011.0,KINGS,CA,250.0,0,0.04274559172954271,CAISO:2011
CAISO,PGAE,solar,2011.0,FRESNO,CA,0.1,0,0.4505079689349352,CAISO:2011
CAISO,PGAE,solar,2011.0,MADERA,CA,60.0,0,0.10404485539206468,CAISO:2011
CAISO,PGAE,solar,2011.0,KINGS,CA,110.0,0,0.08390890269151138,CAISO:2011
CAISO,PGAE,solar,2011.0,FRESNO,CA,0.1,0,0.4505079689349352,CAISO:2011
CAISO,PGAE,solar,2011.0,FRESNO,CA,20.0,0,0.17118118596379467,CAISO:2011
CAISO,PGAE,solar,2011.0,FRESNO,CA,20.0,0,0.17118118596379467,CAISO:2011
CAISO,PGAE,solar,2011.0,KERN,CA,20.0,0,0.17118118596379467,CAISO:2011
CAISO,PGAE,solar,2011.0,SAN JOAQUIN,CA,100.0,0,0.08390890269151138,CAISO:2011
CAISO,PGAE,solar,2011.0,KERN,CA,50.0,0,0.1400016987843075,CAISO:2011
CAISO,PGAE,solar,2011.0,SOLANO,CA,80.0,0,0.08835334713595584,CAISO:2011
CAISO,SCE,steam,2011.0,RIVERSIDE,CA,270.0,0,0.0,CAISO:2011
CAISO,PGAE,solar,2011.0,STANISLAUS,CA,75.0,0,0.08835334713595584,CAISO:2011
CAISO,PGAE,solar,2011.0,FRESNO,CA,20.0,0,0.17118118596379467,CAISO:2011
CAISO,SCE,gas,2011.0,KERN,CA,49.0,0,0.06366866865261964,CAISO:2011
CAISO,PGAE,solar,2011.0,KINGS,CA,800.0,0,0.02674559172954271,CAISO:2011
CAISO,SDGE,steam,2011.0,YUMA,AZ,150.0,0,0.04982251480646579,CAISO:2011
CAISO,SDGE,solar,2011.0,SAN DIEGO,CA,20.0,0,0.2127178392844729,CAISO:2011
CAISO,SCE,solar,2011.0,IMPERIAL,CA,100.0,0,0.05015714100756914,CAISO:2011
CAISO,SCE,solar,2011.0,RIVERSIDE,CA,300.0,0,0.02674559172954271,CAISO:2011
CAISO,SDGE,steam,2011.0,YUMA,AZ,250.0,0,0.02674559172954271,CAISO:2011
CAISO,SCE,steam,2011.0,SAN BERNARDINO,CA,540.0,0,0.0,CAISO:2011
CAISO,SCE,solar,2011.0,KERN,CA,35.3,0,0.07966866865261965,CAISO:2011
CAISO,SCE,solar,2011.0,KERN,CA,20.0,0,0.10749864628125498,CAISO:2011
CAISO,SCE,solar,2011.0,KERN,CA,15.0,0,0.11889017609975108,CAISO:2011
CAISO,SDGE,solar,2011.0,IMPERIAL,CA,510.0,0,0.07057556935817806,CAISO:2011
CAISO,SCE,solar,2011.0,SAN BERNARDINO,CA,20.0,0,0.10749864628125498,CAISO:2011
CAISO,SDGE,solar,2011.0,IMPERIAL,CA,20.0,0,0.2127178392844729,CAISO:2011
CAISO,SCE,solar,2011.0,KERN,CA,100.0,0,0.05015714100756914,CAISO:2011
CAISO,SCE,solar,2011.0,LOS ANGELES,CA,25.0,0,0.09860975739236609,CAISO:2011
CAISO,SCE,steam,2011.0,CHURCHILL,NV,70.0,0,0.024242429616340083,CAISO:2011
CAISO,SCE,solar,2011.0,KERN,CA,25.0,0,0.09860975739236609,CAISO:2011
CAISO,SCE,solar,2011.0,KERN,CA,20.0,0,0.10749864628125498,CAISO:2011
CAISO,SCE,solar,2011.0,RIVERSIDE,CA,37.0,0,0.07966866865261965,CAISO:2011
CAISO,SCE,solar,2011.0,TULARE,CA,150.0,0,0.02674559172954271,CAISO:2011
CAISO,SCE,solar,2011.0,RIVERSIDE,CA,21.0,0,0.09860975739236609,CAISO:2011
CAISO,PGAE,solar,2011.0,SAN JOAQUIN,CA,5.0,0,0.2926332529698259,CAISO:2011
CAISO,PGAE,solar,2011.0,KINGS,CA,5.0,0,0.2926332529698259,CAISO:2011
CAISO,PGAE,solar,2011.0,KINGS,CA,7.8,0,0.24098880949250207,CAISO:2011
CAISO,PGAE,solar,2011.0,FRESNO,CA,19.9,0,0.17118118596379467,CAISO:2011
CAISO,PGAE,solar,2011.0,KINGS,CA,13.4,0,0.17118118596379467,CAISO:2011
CAISO,PGAE,wind,2011.0,HUMBOLDT,CA,72.0,0,0.02674559172954271,CAISO:2011
CAISO,PGAE,wind,2011.0,SISKIYOU/MODOC,CA,132.0,0,0.026620927074176442,CAISO:2011
CAISO,PGAE,wind,2011.0,NAPA,CA,301.0,0,0.02550335570469799,CAISO:2011
CAISO,PGAE,solar,2011.0,FRESNO,CA,23.0,0,0.17118118596379467,CAISO:2011
CAISO,PGAE,gas,2011.0,KERN,CA,300.0,0,0.02674559172954271,CAISO:2011
CAISO,SCE,solar,2011.0,RIVERSIDE,CA,80.0,0,0.061587220688818736,CAISO:2011
CAISO,PGAE,solar,2011.0,KERN,CA,75.0,0,0.08835334713595584,CAISO:2011
CAISO,SCE,solar,2011.0,MARICOPA,AZ,200.0,0,0.02674559172954271,CAISO:2011
CAISO,SCE,solar,2011.0,RIVERSIDE,CA,500.0,0,0.02674559172954271,CAISO:2011
CAISO,SDGE,solar,2011.0,IMPERIAL,CA,60.0,0,0.17118118596379467,CAISO:2011
CAISO,PGAE,solar,2011.0,SANTA BARBARA,CA,5.0,0,0.2926332529698259,CAISO:2011
CAISO,PGAE,solar_storage,2011.0,KERN,CA,137.85,0,0.4102193686463349,CAISO:2011
ISONE,ISO-NE,gas,2011.0,New Haven,CT,745.0,1,0.13784785263046134,ISONE:2011
ISONE,NAN,wind,2011.0,Franklin,ME,198.0,0,0.02550335570469799,ISONE:2011
ISONE,NAN,wind,2011.0,Oxford,ME,79.86,0,0.02674559172954271,ISONE:2011
ISONE,CMP,wind,2011.0,Lincoln,ME,11.9,0,0.2754334436252496,ISONE:2011
ISONE,NAN,unknown,2011.0,,MA,,0,0.0,ISONE:2011
ISONE,NAN,unknown,2011.0,,MA,,0,0.0,ISONE:2011
ISONE,ISO-NE,solar,2011.0,Hampden,MA,4.92,0,0.6619696969696969,ISONE:2011
ISONE,ISO-NE,solar,2011.0,Hampden,MA,4.92,0,0.6619696969696969,ISONE:2011
ISONE,NAN,unknown,2011.0,,MA,0.0,0,0.00017977192000530093,ISONE:2011
ISONE,NGRID,solar,2011.0,Worcester,MA,9.75,1,0.6544300144300144,ISONE:2011
ISONE,ISO-NE,gas,2011.0,Hartford,CT,0.0,1,0.7066666666666667,ISONE:2011
ISONE,NAN,wind,2011.0,Merrimack/Grafton,NH,80.0,0,0.02674559172954271,ISONE:2011
ISONE,ISO-NE,unmapped,2011.0,Bristol,MA,0.0,0,0.7066666666666667,ISONE:2011
ISONE,ISO-NE,unmapped,2011.0,Bristol,MA,0.0,1,0.7066666666666667,ISONE:2011
ISONE,NAN,gas,2011.0,Hampden,MA,0.0,0,0.19146160467117967,ISONE:2011
ISONE,ISO-NE,hydro,2011.0,York,ME,1.083,1,0.7066666666666667,ISONE:2011
ISONE,ISO-NE,hydro,2011.0,York,ME,1.083,1,0.7066666666666667,ISONE:2011
ISONE,ISO-NE,wind,2011.0,Hillsborough,NH,33.0,0,0.29399388803375753,ISONE:2011
ISONE,ISO-NE,hydro,2011.0,New Haven,CT,0.0,1,0.8479693486590036,ISONE:2011
ISONE,NAN,gas,2011.0,Fairfield,CT,745.0,0,0.025792988738617628,ISONE:2011
ISONE,ISO-NE,wind,2011.0,Hillsborough,NH,16.1,0,0.3113272213670909,ISONE:2011
ISONE,NAN,wind,2011.0,Hillsborough,NH,10.0,0,0.02674559172954271,ISONE:2011
ISONE,ISO-NE,wind,2011.0,Orleans,VT,3.075,1,0.5076118326118326,ISONE:2011
ISONE,ISO-NE,hydro,2011.0,Somerset,ME,4.3,1,0.676111111111111,ISONE:2011
ISONE,ISO-NE,hydro,2011.0,Somerset,ME,0.0,1,0.8479693486590036,ISONE:2011
ISONE,ISO-NE,hydro,2011.0,Somerset,ME,2.5,1,0.6983333333333333,ISONE:2011
ISONE,NAN,unmapped,2011.0,Fairfield,CT,5.0,1,0.12527642405903278,ISONE:2011
ISONE,NAN,solar,2011.0,Hampden,MA,4.92,0,0.13425810904071772,ISONE:2011
ISONE,NAN,solar,2011.0,Bristol,MA,6.0,0,0.10568668046928917,ISONE:2011
ISONE,OTHER,hydro,2011.0,Penobscot,ME,0.183,1,0.7738888888888888,ISONE:2011
ISONE,ISO-NE,wind,2011.0,West Rutland,VT,20.0,0,0.3113272213670909,ISONE:2011
ISONE,NAN,hydro,2011.0,Franklin,MA,0.0,1,0.32419903538187583,ISONE:2011
ISONE,NAN,hydro,2011.0,Hampden,MA,0.0,1,0.32419903538187583,ISONE:2011
ISONE,NAN,hydro,2011.0,Hampden,MA,0.0,1,0.32419903538187583,ISONE:2011
ISONE,ISO-NE,hydro,2011.0,Franklin and Berkshire,MA,0.0,1,0.8479693486590036,ISONE:2011
ISONE,ISO-NE,hydro,2011.0,Franklin and Bershire,MA,0.0,1,0.8479693486590036,ISONE:2011
ISONE,NAN,hydro,2011.0,Penobscot,ME,3.858,0,0.16607971858341122,ISONE:2011
ISONE,OTHER,hydro,2011.0,Penobscot,ME,2.5,1,0.7338888888888888,ISONE:2011
ISONE,OTHER,hydro,2011.0,Penobscot,ME,0.6,1,0.7338888888888888,ISONE:2011
ISONE,NAN,hydro,2011.0,Penobscot,ME,2.274,0,0.1971697459922242,ISONE:2011
ISONE,ISO-NE,wind,2011.0,Penobscot,ME,39.975,1,0.29399388803375753,ISONE:2011
ISONE,ISO-NE,gas,2011.0,Berkshire,MA,0.0,1,0.7066666666666667,ISONE:2011
ISONE,NAN,unknown,2011.0,,,,0,0.0,ISONE:2011
ISONE,NAN,gas,2011.0,Berkshire,MA,20.2,0,0.054575569358178054,ISONE:2011
NYISO,CONED,unmapped,2011.0,Queens,NY,444.0,0,0.02550335570469799,NYISO:2011
NYISO,NYSEG,wind,2011.0,Ostego,NY,19.8,0,0.12888437936767957,NYISO:2011
NYISO,LIPA,wind,2011.0,NY - Suffolk,NY,500.0,0,0.02674559172954271,NYISO:2011
NYISO,NYSEG,wind,2011.0,Delaware,NY,18.0,0,0.13132196022221598,NYISO:2011
NYISO,OTHER,transmission,2011.0,Queens,NY,0.0,0,0.6763231552760883,NYISO:2011
NYISO,NYSEG,wind,2011.0,Schuyler,NY,150.6,0,0.02550335570469799,NYISO:2011
NYISO,CONED,transmission,2011.0,Rockland,NY,0.0,0,0.37886849865110733,NYISO:2011
NYISO,CONED,gas,2011.0,Bronx,NY,192.8,0,0.02550335570469799,NYISO:2011
NYISO,NM-NG,wind,2011.0,Otsego,NY,18.0,0,0.11955725433986304,NYISO:2011
NYISO,NYSEG,wind,2011.0,Delaware,NY,18.0,0,0.13132196022221598,NYISO:2011
NYISO,NM-NG,wind,2011.0,Herkimer,NY,33.0,0,0.07425810904071774,NYISO:2011
NYISO,OTHER,transmission,2011.0,"Orange, Rockland",NY,0.0,1,0.6763231552760883,NYISO:2011
NYISO,NYSEG,transmission,2011.0,Sullivan,NY,0.0,1,0.5461471861471862,NYISO:2011
CAISO,PGAE,solar_storage,2012.0,MONTEREY,CA,280.0,1,0.22515866012040822,CAISO:2012
CAISO,PGAE,solar,2012.0,KERN,CA,10.0,1,0.1431794629001289,CAISO:2012
CAISO,PGAE,solar,2012.0,KERN,CA,15.0,1,0.13611518353155466,CAISO:2012
CAISO,SCE,solar,2012.0,SAN BERNARDINO,CA,25.0,1,0.09299318255098263,CAISO:2012
CAISO,SCE,gas,2012.0,KERN,CA,50.0,1,0.0639948482946639,CAISO:2012
CAISO,PGAE,wind,2012.0,LASSEN,CA,51.0,0,0.0653801561730119,CAISO:2012
CAISO,PGAE,hydro,2012.0,TEHAMA,CA,1.35,0,0.43169744610977184,CAISO:2012
CAISO,OTHER,solar,2012.0,NYE,NV,180.0,0,0.06689669132291245,CAISO:2012
CAISO,SCE,solar,2012.0,RIVERSIDE,CA,500.0,0,0.024203821656050957,CAISO:2012
CAISO,PGAE,solar,2012.0,TULARE,CA,120.0,0,0.05439669132291245,CAISO:2012
CAISO,PGAE,gas,2012.0,SAN JOAQUIN,CA,11.0,0,0.1372104135265106,CAISO:2012
CAISO,OTHER,solar,2012.0,NYE,NV,250.0,0,0.06689669132291245,CAISO:2012
CAISO,PGAE,steam,2012.0,SAN JOAQUIN,CA,15.0,0,0.09299318255098263,CAISO:2012
CAISO,SCE,solar,2012.0,CLARK,NV,300.0,0,0.024203821656050957,CAISO:2012
CAISO,SCE,solar,2012.0,SAN BERNARDINO,CA,100.0,0,0.0538222773979329,CAISO:2012
CAISO,SCE,steam,2012.0,CLARK,NV,540.0,0,0.0,CAISO:2012
CAISO,SCE,solar,2012.0,KERN,CA,50.0,0,0.06689669132291245,CAISO:2012
CAISO,SCE,solar,2012.0,CLARK,NV,180.0,0,0.05295328480558823,CAISO:2012
CAISO,SCE,solar,2012.0,SAN BERNARDINO,CA,140.0,0,0.05346376829274822,CAISO:2012
CAISO,SCE,gas,2012.0,ORANGE,CA,938.61,0,0.024203821656050957,CAISO:2012
CAISO,PGAE,gas,2012.0,YUBA ,CA,310.0,0,0.02447380041292862,CAISO:2012
CAISO,SDGE,solar,2012.0,SAN DIEGO,CA,15.0,0,0.16173018753781004,CAISO:2012
CAISO,SDGE,solar,2012.0,SAN DIEGO,CA,100.0,0,0.07905650603049785,CAISO:2012
CAISO,SCE,solar_storage,2012.0,SAN BERNARDINO,CA,200.0,0,0.1829432812476945,CAISO:2012
CAISO,PGAE,gas,2012.0,KERN,CA,45.0,0,0.10515299725856804,CAISO:2012
CAISO,PGAE,wind,2012.0,YOLO,CA,100.0,0,0.03521415928782832,CAISO:2012
CAISO,SCE,solar,2012.0,RIVERSIDE,CA,150.0,0,0.053390140817597645,CAISO:2012
CAISO,SCE,solar,2012.0,LOS ANGELES,CA,387.0,0,0.024203821656050957,CAISO:2012
CAISO,SCE,solar,2012.0,RIVERSIDE,CA,150.0,0,0.053390140817597645,CAISO:2012
CAISO,PGAE,solar,2012.0,KERN,CA,80.0,0,0.05439669132291245,CAISO:2012
CAISO,SCE,solar,2012.0,SAN BERNARDINO,CA,100.0,0,0.0538222773979329,CAISO:2012
CAISO,PGAE,solar,2012.0,FRESNO,CA,80.0,0,0.05439669132291245,CAISO:2012
CAISO,OTHER,hybrid_multi,2012.0,NYE,NV,210.0,0,0.26514920632936934,CAISO:2012
CAISO,PGAE,steam,2012.0,LASSEN,CA,20.0,0,0.09299318255098263,CAISO:2012
CAISO,SCE,solar,2012.0,KERN,CA,150.0,0,0.053390140817597645,CAISO:2012
CAISO,SCE,solar,2012.0,RIVERSIDE,CA,150.0,0,0.053390140817597645,CAISO:2012
CAISO,OTHER,solar,2012.0,NYE,NV,20.0,0,0.1431794629001289,CAISO:2012
CAISO,OTHER,solar,2012.0,NYE,NV,20.0,0,0.1431794629001289,CAISO:2012
CAISO,PGAE,solar,2012.0,KINGS,CA,20.0,0,0.12569685227159028,CAISO:2012
CAISO,PGAE,solar,2012.0,KINGS,CA,20.0,0,0.12569685227159028,CAISO:2012
CAISO,PGAE,solar,2012.0,FRESNO,CA,200.0,0,0.054100973097271556,CAISO:2012
CAISO,SDGE,solar,2012.0,IMPERIAL,CA,75.0,0,0.09602620300019482,CAISO:2012
CAISO,SCE,solar,2012.0,KERN,CA,75.0,0,0.06662786301006215,CAISO:2012
CAISO,PGAE,solar,2012.0,TULARE,CA,40.0,0,0.06696751375353124,CAISO:2012
CAISO,SCE,gas,2012.0,KERN,CA,291.0,0,0.036703821656050954,CAISO:2012
CAISO,SCE,gas,2012.0,SAN BERNARDINO,CA,402.0,0,0.024203821656050957,CAISO:2012
CAISO,PGAE,wind,2012.0,MERCED,CA,150.0,0,0.024203821656050957,CAISO:2012
CAISO,SCE,storage,2012.0,KERN,CA,20.0,0,0.26853752847078766,CAISO:2012
CAISO,SCE,gas,2012.0,KERN,CA,550.0,0,0.024203821656050957,CAISO:2012
CAISO,SCE,solar,2012.0,KERN,CA,45.0,0,0.06689669132291245,CAISO:2012
CAISO,PGAE,wind,2012.0,SOLANO,CA,175.0,0,0.024203821656050957,CAISO:2012
CAISO,SCE,hybrid_multi,2012.0,CLARK,NV,250.0,0,0.12212269422826498,CAISO:2012
CAISO,SCE,hybrid_multi,2012.0,CLARK,NV,250.0,0,0.12212269422826498,CAISO:2012
CAISO,SCE,hybrid_multi,2012.0,CLARK,NV,300.0,0,0.10515299725856804,CAISO:2012
CAISO,SCE,hybrid_multi,2012.0,CLARK,NV,300.0,0,0.10515299725856804,CAISO:2012
CAISO,PGAE,other,2012.0,KERN,CA,49.0,0,0.22177360819135475,CAISO:2012
CAISO,PGAE,other,2012.0,MERCED,CA,49.0,0,0.22177360819135475,CAISO:2012
CAISO,PGAE,other,2012.0,YOLO,CA,49.0,0,0.22177360819135475,CAISO:2012
CAISO,PGAE,solar,2012.0,FRESNO,CA,20.0,0,0.12569685227159028,CAISO:2012
CAISO,PGAE,other,2012.0,KINGS,CA,49.0,0,0.22177360819135475,CAISO:2012
CAISO,SCE,unmapped,2012.0,KERN,CA,300.0,0,0.04642604387827318,CAISO:2012
CAISO,SCE,gas,2012.0,LOS ANGELES,CA,1902.86,0,0.009092201471105137,CAISO:2012
CAISO,SDGE,solar,2012.0,HYDER,AZ,238.0,0,0.05439669132291245,CAISO:2012
CAISO,SCE,gas,2012.0,LOS ANGELES,CA,475.71,0,0.024203821656050957,CAISO:2012
CAISO,SCE,solar,2012.0,KERN,CA,250.0,0,0.05277525022747953,CAISO:2012
ISONE,NAN,wind,2012.0,Penobscot,ME,0.075,1,0.13696828277590528,ISONE:2012
ISONE,NAN,hydro,2012.0,Windham,CT,0.31,1,0.24604989501547406,ISONE:2012
ISONE,NAN,wind,2012.0,Washington,ME,19.8,0,0.02558313200087854,ISONE:2012
ISONE,ISO-NE,wind,2012.0,Washington,ME,90.0,0,0.16373807992586906,ISONE:2012
ISONE,NAN,wind,2012.0,Franklin,ME,1.2,0,0.09330913490623109,ISONE:2012
ISONE,ISO-NE,gas,2012.0,Bristol,MA,5.0,1,0.41691186286859183,ISONE:2012
ISONE,ISO-NE,wind,2012.0,Hancock,ME,51.0,1,0.16628476922977403,ISONE:2012
ISONE,OTHER,wind,2012.0,Berkshire,MA,4.6,1,0.3908800616303144,ISONE:2012
ISONE,NAN,solar,2012.0,Windham,VT,2.18,0,0.1372104135265106,ISONE:2012
ISONE,OTHER,gas,2012.0,Fairfield,CT,5.6,1,0.4954913923286016,ISONE:2012
ISONE,OTHER,gas,2012.0,Fairfield,CT,5.6,1,0.4954913923286016,ISONE:2012
ISONE,OTHER,gas,2012.0,Fairfield,CT,4.15,1,0.5003036708269022,ISONE:2012
ISONE,NAN,wind,2012.0,Somerset,ME,84.0,0,0.02558313200087854,ISONE:2012
ISONE,NAN,wind,2012.0,Coos,NH,2.7,0,0.06854723014432633,ISONE:2012
ISONE,ISO-NE,hydro,2012.0,Somerset,ME,0.0,1,0.7480952380952381,ISONE:2012
ISONE,ISO-NE,hydro,2012.0,Somerset,ME,0.0,1,0.7480952380952381,ISONE:2012
ISONE,ISO-NE,hydro,2012.0,Somerset,ME,1.6,1,0.6755422937208095,ISONE:2012
ISONE,ISO-NE,wind,2012.0,Grafton,NH,50.82,0,0.16628476922977403,ISONE:2012
ISONE,NAN,solar,2012.0,Fairfield,CT,5.04,0,0.11362074265498076,ISONE:2012
ISONE,NAN,gas,2012.0,Fairfield,CT,680.0,0,0.02558313200087854,ISONE:2012
ISONE,NGRID,gas,2012.0,Essex,MA,715.6,1,0.13975710283041556,ISONE:2012
ISONE,NAN,gas,2012.0,New Haven,CT,13.5,0,0.07633943793653412,ISONE:2012
ISONE,ISO-NE,gas,2012.0,York,ME,9.5,1,0.3535142079717778,ISONE:2012
ISONE,NAN,wind,2012.0,Calendonia and Essex,VT,60.0,0,0.02558313200087854,ISONE:2012
NYISO,NYPA,gas,2012.0,Wawayanda,NY,820.0,0,0.04215145416319837,NYISO:2012
NYISO,NYSEG,wind,2012.0,Steuben,NY,32.0,0,0.036901065319977604,NYISO:2012
NYISO,NAN,wind,2012.0,,NY,0.0,0,0.024203821656050957,NYISO:2012
NYISO,NM-NG,gas,2012.0,Monroe,NY,3.2,0,0.19175710283041555,NYISO:2012
NYISO,NYSEG,gas,2012.0,Seneca,NY,6.4,0,0.15439124917187896,NYISO:2012
NYISO,NYSEG,wind,2012.0,Steuben-Schuyler,NY,79.9,0,0.024203821656050957,NYISO:2012
NYISO,CONED,gas,2012.0,Kings,NY,95.5,0,0.024203821656050957,NYISO:2012
NYISO,OTHER,gas,2012.0,Rockland,NY,814.0,0,0.024203821656050957,NYISO:2012
NYISO,OTHER,transmission,2012.0,Columbia-Dutchess,NY,0.0,0,0.5162251125091302,NYISO:2012
NYISO,OTHER,transmission,2012.0,Alb.-Col.-Dutch.,NY,0.0,0,0.5162251125091302,NYISO:2012
NYISO,NYPA,transmission,2012.0,Clinton,NY,400.0,0,0.1892104135265106,NYISO:2012
NYISO,NM-NG,solar,2012.0,Jefferson,NY,17.0,0,0.12574806863990384,NYISO:2012
NYISO,NM-NG,steam,2012.0,Oneida,NY,0.9,0,0.10762732889244604,NYISO:2012
NYISO,OTHER,transmission,2012.0,Oneida-Delaware,NY,0.0,0,0.5162251125091302,NYISO:2012
NYISO,OTHER,transmission,2012.0,Oswego,NY,0.0,0,0.5162251125091302,NYISO:2012
NYISO,CONED,unmapped,2012.0,Queens,NY,94.2,0,0.048863636363636366,NYISO:2012
NYISO,OTHER,hydro,2012.0,Sullivan,NY,0.8,1,0.5577355042843836,NYISO:2012
NYISO,NYSEG,wind,2012.0,Steuben,NY,16.2,1,0.104671099377086,NYISO:2012
NYISO,NYSEG,transmission,2012.0,Oneida-Sullivan,NY,0.0,1,0.5057094401127703,NYISO:2012
NYISO,NM-NG,wind,2012.0,Chautauqua,NY,126.5,1,0.024203821656050957,NYISO:2012
NYISO,OTHER,transmission,2012.0,Cattaraugus,NY-PA,0.0,1,0.5162251125091302,NYISO:2012
NYISO,NYSEG,transmission,2012.0,Chemung,NY-PA,0.0,1,0.5057094401127703,NYISO:2012
NYISO,NM-NG,wind,2012.0,Lewis,NY,79.9,1,0.024203821656050957,NYISO:2012
NYISO,NYSEG,wind,2012.0,Steuben,NY,238.8,1,0.024203821656050957,NYISO:2012
NYISO,NYSEG,transmission,2012.0,Putnam,NY,0.0,1,0.5057094401127703,NYISO:2012
NYISO,NYPA,wind,2012.0,Franklin,NY,77.7,1,0.12212269422826498,NYISO:2012
CAISO,PGAE,gas,2013.0,SAN JOAQUIN,CA,24.0,1,0.11894536299925154,CAISO:2013
CAISO,PGAE,solar_storage,2013.0,KERN,CA,100.0,1,0.26711212277655233,CAISO:2013
CAISO,SDGE,solar,2013.0,MARICOPA,AZ,100.81,1,0.060971000083612316,CAISO:2013
CAISO,PGAE,solar_storage,2013.0,FRESNO,CA,150.0,1,0.2528655474340865,CAISO:2013
CAISO,PGAE,gas,2013.0,CONTRA COSTA,CA,72.0,1,0.06611764152164448,CAISO:2013
CAISO,PGAE,solar,2013.0,KINGS,CA,13.5,1,0.12615013006317352,CAISO:2013
CAISO,SDGE,gas,2013.0,SAN DIEGO,CA,35.0,1,0.12493198507283013,CAISO:2013
CAISO,SCE,solar_storage,2013.0,KERN,CA,200.0,1,0.23168355134798085,CAISO:2013
CAISO,OTHER,solar,2013.0,NYE,NV,50.0,1,0.09037393442782297,CAISO:2013
CAISO,SCE,solar,2013.0,LOS ANGELES,CA,9.5,1,0.09636055650140156,CAISO:2013
CAISO,PGAE,solar,2013.0,KERN,CA,50.0,0,0.05044468429413864,CAISO:2013
CAISO,SDGE,solar,2013.0,SAN DIEGO,CA,20.0,0,0.1321367521367521,CAISO:2013
CAISO,PGAE,solar,2013.0,TULARE,CA,120.0,0,0.04962063021014806,CAISO:2013
CAISO,SDGE,solar,2013.0,SAN DIEGO,CA,20.0,0,0.1321367521367521,CAISO:2013
CAISO,SDGE,solar,2013.0,SAN DIEGO,CA,20.0,0,0.1321367521367521,CAISO:2013
CAISO,SCE,solar,2013.0,SAN BERNARDINO,CA,200.0,0,0.029139072847682117,CAISO:2013
CAISO,PGAE,solar,2013.0,ALAMEDA,CA,20.0,0,0.07627637168037464,CAISO:2013
CAISO,PGAE,gas,2013.0,,,48.3,0,0.07627637168037464,CAISO:2013
CAISO,PGAE,wind,2013.0,SOLANO,CA,65.0,0,0.029139072847682117,CAISO:2013
CAISO,SDGE,unmapped,2013.0,SAN DIEGO,CA,205.0,0,0.08522729298979079,CAISO:2013
CAISO,SDGE,gas,2013.0,SAN DIEGO,CA,49.9,0,0.10651928666013173,CAISO:2013
CAISO,SDGE,solar,2013.0,SAN DIEGO,CA,30.0,0,0.11372405372405373,CAISO:2013
CAISO,SCE,gas,2013.0,ORANGE,CA,59.32,0,0.040387674801721465,CAISO:2013
CAISO,SDGE,solar,2013.0,BAJA CALIFORNIA,MX,200.62,0,0.050147804014589514,CAISO:2013
CAISO,PGAE,hydro,2013.0,PLACER,CA,15.5,0,0.21053835053835052,CAISO:2013
CAISO,PGAE,other,2013.0,KERN,CA,47.82,0,0.22807081807081805,CAISO:2013
CAISO,PGAE,other,2013.0,KERN,CA,47.82,0,0.22807081807081805,CAISO:2013
CAISO,SCE,solar,2013.0,KERN,CA,33.0,0,0.06073699220180632,CAISO:2013
CAISO,SDGE,gas,2013.0,SAN DIEGO,CA,110.0,0,0.09037393442782297,CAISO:2013
CAISO,SCE,solar,2013.0,RIVERSIDE,CA,150.0,0,0.04885738270683705,CAISO:2013
CAISO,SCE,solar,2013.0,CLARK,NV,150.0,0,0.04885738270683705,CAISO:2013
CAISO,PGAE,wind,2013.0,KINGS,CA,150.0,0,0.029139072847682117,CAISO:2013
CAISO,PGAE,solar,2013.0,STANISLAUS,CA,20.0,0,0.07627637168037464,CAISO:2013
CAISO,PGAE,wind,2013.0,BUTTE,CA,60.0,0,0.029139072847682117,CAISO:2013
CAISO,SCE,gas,2013.0,VENTURA,CA,778.0,0,0.029139072847682117,CAISO:2013
CAISO,SDGE,gas,2013.0,SAN DIEGO,CA,99.0,0,0.09037393442782297,CAISO:2013
CAISO,SDGE,gas,2013.0,SAN DIEGO,CA,99.0,0,0.09037393442782297,CAISO:2013
CAISO,SDGE,gas,2013.0,SAN DIEGO,CA,200.0,0,0.060853628017011385,CAISO:2013
CAISO,SCE,gas,2013.0,VENTURA,CA,200.0,0,0.029139072847682117,CAISO:2013
CAISO,SDGE,gas,2013.0,SAN DIEGO,CA,49.9,0,0.10651928666013173,CAISO:2013
CAISO,SCE,gas,2013.0,LOS ANGELES,CA,200.0,0,0.029139072847682117,CAISO:2013
CAISO,SDGE,gas,2013.0,IMPERIAL,CA,344.0,0,0.060093937652923465,CAISO:2013
CAISO,SDGE,solar,2013.0,IMPERIAL,CA,150.0,0,0.060971000083612316,CAISO:2013
CAISO,SCE,solar,2013.0,KERN,CA,245.0,0,0.029139072847682117,CAISO:2013
CAISO,PGAE,solar,2013.0,SAN LUIS OBISPO,CA,20.0,0,0.07627637168037464,CAISO:2013
CAISO,PGAE,solar,2013.0,KERN,CA,20.0,0,0.07627637168037464,CAISO:2013
CAISO,PGAE,solar,2013.0,SAN JOAQUIN,CA,20.0,0,0.07627637168037464,CAISO:2013
CAISO,SCE,gas,2013.0,LOS ANGELES,CA,910.0,0,0.029139072847682117,CAISO:2013
CAISO,SCE,gas,2013.0,LOS ANGELES,CA,1047.0,0,0.029139072847682117,CAISO:2013
CAISO,PGAE,solar,2013.0,SUTTER,CA,20.0,0,0.07627637168037464,CAISO:2013
CAISO,PGAE,solar,2013.0,KINGS,CA,150.0,0,0.04930916968663469,CAISO:2013
CAISO,PGAE,solar,2013.0,KERN,CA,150.0,0,0.04930916968663469,CAISO:2013
CAISO,PGAE,solar,2013.0,SONOMA,CA,16.0,0,0.10773743165047511,CAISO:2013
CAISO,SDGE,steam,2013.0,MARICOPA,AZ,300.0,0,0.0,CAISO:2013
CAISO,PGAE,wind,2013.0,KERN,CA,250.0,0,0.029139072847682117,CAISO:2013
CAISO,PGAE,gas,2013.0,KERN,CA,300.0,0,0.029139072847682117,CAISO:2013
CAISO,PGAE,solar,2013.0,KINGS,CA,20.0,0,0.07627637168037464,CAISO:2013
CAISO,SCE,gas,2013.0,KERN,CA,86.0,0,0.039872658159792185,CAISO:2013
ISONE,NAN,wind,2013.0,Lincoln,ME,12.0,0,0.030726374434983706,ISONE:2013
ISONE,NAN,unknown,2013.0,Middlesex,MA,,0,0.0,ISONE:2013
ISONE,NAN,unknown,2013.0,Addison,VT,,0,0.0,ISONE:2013
ISONE,NAN,unknown,2013.0,Rutland,VT,,0,0.0,ISONE:2013
ISONE,NAN,unknown,2013.0,Windsor,VT,,0,0.0,ISONE:2013
ISONE,NAN,hydro,2013.0,Hampden,MA,0.1,0,0.24336853303296255,ISONE:2013
ISONE,NAN,wind,2013.0,Merrimack/Grafton,NH,74.29,0,0.030726374434983706,ISONE:2013
ISONE,NAN,wind,2013.0,Aroostook,ME,0.0,0,0.1504020391114233,ISONE:2013
ISONE,NAN,wind,2013.0,Grafton,NH,0.0,0,0.1504020391114233,ISONE:2013
ISONE,ISO-NE,wind,2013.0,Hancock,ME,72.6,1,0.19234092214619675,ISONE:2013
ISONE,NAN,wind,2013.0,Franklin,ME,33.0,0,0.030726374434983706,ISONE:2013
ISONE,NAN,unmapped,2013.0,Windsor,VT,37.0,0,0.04639933166248956,ISONE:2013
ISONE,ISO-NE,wind,2013.0,Aroostook,ME,250.0,0,0.1504020391114233,ISONE:2013
ISONE,NAN,wind,2013.0,Coos,NH,18.0,0,0.030726374434983706,ISONE:2013
ISONE,ISO-NE,wind,2013.0,Coos,NH,8.55,1,0.24336853303296255,ISONE:2013
ISONE,ISO-NE,gas,2013.0,Rockingham,NH,21.2,1,0.2705769298759198,ISONE:2013
ISONE,NAN,unknown,2013.0,Penobscot,ME,,0,0.0,ISONE:2013
ISONE,ISO-NE,gas,2013.0,Fairfield,CT,509.6,1,0.18464861445388905,ISONE:2013
ISONE,NAN,gas,2013.0,Essex,MA,10.9,1,0.07497076023391813,ISONE:2013
ISONE,NAN,wind,2013.0,Peneobscot/Washington,ME,0.0,0,0.1504020391114233,ISONE:2013
ISONE,NAN,gas,2013.0,Norfolk,MA,207.7,0,0.030726374434983706,ISONE:2013
ISONE,NAN,gas,2013.0,Middlesex,MA,207.7,0,0.030726374434983706,ISONE:2013
ISONE,NAN,wind,2013.0,Franklin,ME,1.2,1,0.09922705314009661,ISONE:2013
ISONE,NAN,wind,2013.0,Oxford,ME,3.55,1,0.05655806182121972,ISONE:2013
ISONE,NGRID,wind,2013.0,Washington,RI,29.0,1,0.3658672599270318,ISONE:2013
ISONE,ISO-NE,gas,2013.0,Suffolk,MA,14.15,1,0.405665114067532,ISONE:2013
NYISO,NYSEG,wind,2013.0,Thompkins,NY,12.5,0,0.14002346298146112,NYISO:2013
NYISO,OTHER,transmission,2013.0,Oneida-Bronx,NY,1000.0,0,0.047740368824575205,NYISO:2013
NYISO,CONED,gas,2013.0,Linden,NJ,208.0,0,0.036831380539989814,NYISO:2013
NYISO,LIPA,unmapped,2013.0,Suffolk,NY,632.0,0,0.10090756355756907,NYISO:2013
NYISO,OTHER,transmission,2013.0,Oneida-Dutchess,NY,0.0,0,0.5052584239081442,NYISO:2013
NYISO,NM-NG,transmission,2013.0,Schenectady,NY,0.0,0,0.48054202620645564,NYISO:2013
NYISO,NYSEG,transmission,2013.0,Broome-Delaware,NY,0.0,0,0.5124071336957448,NYISO:2013
NYISO,OTHER,transmission,2013.0,Oneida-Dutchess,NY,0.0,0,0.5052584239081442,NYISO:2013
NYISO,NM-NG,transmission,2013.0,Oneida-Dutchess,NY,0.0,0,0.48054202620645564,NYISO:2013
NYISO,NM-NG,transmission,2013.0,Oneida-Dutchess,NY,0.0,0,0.48054202620645564,NYISO:2013
NYISO,NM-NG,transmission,2013.0,Oneida-Dutchess,NY,0.0,0,0.48054202620645564,NYISO:2013
NYISO,NM-NG,transmission,2013.0,Oneida-Dutchess,NY,0.0,0,0.48054202620645564,NYISO:2013
NYISO,CONED,transmission,2013.0,NY,NY,400.0,0,0.036831380539989814,NYISO:2013
NYISO,NYSEG,transmission,2013.0,Broome-Delaware,NY,0.0,0,0.5124071336957448,NYISO:2013
NYISO,NM-NG,transmission,2013.0,Oneida-Dutchess,NY,0.0,0,0.48054202620645564,NYISO:2013
NYISO,OTHER,transmission,2013.0,Albany-Dutchess,NY,0.0,0,0.5052584239081442,NYISO:2013
NYISO,OTHER,transmission,2013.0,Albany-Dutchess,NY,1000.0,0,0.047740368824575205,NYISO:2013
NYISO,OTHER,transmission,2013.0,Oneida-Dutchess,NY,0.0,0,0.5052584239081442,NYISO:2013
NYISO,OTHER,transmission,2013.0,Oneida-Dutchess,NY,0.0,0,0.5052584239081442,NYISO:2013
NYISO,OTHER,transmission,2013.0,Oneida-Dutchess,NY,0.0,0,0.5052584239081442,NYISO:2013
NYISO,OTHER,transmission,2013.0,Oneida-Dutchess,NY,0.0,0,0.5052584239081442,NYISO:2013
NYISO,OTHER,transmission,2013.0,Oneida-Dutchess,NY,0.0,0,0.5052584239081442,NYISO:2013
NYISO,OTHER,transmission,2013.0,Greene-Westchester,NY,0.0,0,0.5052584239081442,NYISO:2013
NYISO,OTHER,wind,2013.0,"Chenango, Madison",NY,100.3,0,0.0473208910295003,NYISO:2013
NYISO,OTHER,transmission,2013.0,Albany-Dutchess,NY,0.0,0,0.5052584239081442,NYISO:2013
NYISO,NM-NG,unmapped,2013.0,Albany,NY,72.0,1,0.11190519331931656,NYISO:2013
NYISO,NM-NG,wind,2013.0,Chautauqua,NY,78.4,1,0.036831380539989814,NYISO:2013
NYISO,NYSEG,wind,2013.0,Steuben-Allegany,NY,101.8,1,0.036831380539989814,NYISO:2013
CAISO,PGAE,steam,2014.0,MERCED,CA,0.5,1,0.1134168638672218,CAISO:2014
CAISO,PGAE,wind,2014.0,SAN JOAQUIN,CA,44.8,1,0.04767970882620564,CAISO:2014
CAISO,PGAE,steam,2014.0,CONTRA COSTA,CA,0.0,1,0.1134168638672218,CAISO:2014
CAISO,PGAE,storage,2014.0,FRESNO,CA,20.0,1,0.16715995795798946,CAISO:2014
CAISO,PGAE,solar,2014.0,FRESNO,CA,200.0,1,0.04767970882620564,CAISO:2014
CAISO,PGAE,solar,2014.0,KINGS,CA,150.0,1,0.04767970882620564,CAISO:2014
CAISO,SDGE,solar,2014.0,MARICOPA,AZ,127.0,1,0.04779358472897091,CAISO:2014
CAISO,SDGE,storage,2014.0,SAN DIEGO,CA,49.7,1,0.17155993985114276,CAISO:2014
CAISO,SDGE,storage,2014.0,SAN DIEGO,CA,50.0,1,0.17155993985114276,CAISO:2014
CAISO,SDGE,solar,2014.0,MARICOPA,AZ,152.0,1,0.04767970882620564,CAISO:2014
CAISO,SDGE,gas,2014.0,SAN DIEGO,CA,10.0,1,0.16211549540669828,CAISO:2014
CAISO,SDGE,storage,2014.0,SAN DIEGO,CA,20.0,1,0.31555098744857835,CAISO:2014
CAISO,SCE,storage,2014.0,KERN,CA,50.0,1,0.11534032964419076,CAISO:2014
CAISO,SCE,solar,2014.0,KERN,CA,5.0,0,0.10400916507826923,CAISO:2014
CAISO,SCE,steam,2014.0,CHURCHILL,NV,5.0,0,0.0706305284983368,CAISO:2014
CAISO,PGAE,storage,2014.0,SANTA CLARA,CA,20.0,0,0.16715995795798946,CAISO:2014
CAISO,PGAE,gas,2014.0,CONTRA COSTA,CA,309.0,0,0.02857142857142857,CAISO:2014
CAISO,PGAE,storage,2014.0,CONTRA COSTA,CA,20.0,0,0.16715995795798946,CAISO:2014
CAISO,PGAE,storage,2014.0,ALAMEDA,CA,30.0,0,0.16489327318447605,CAISO:2014
CAISO,PGAE,storage,2014.0,SANTA CLARA,CA,20.0,0,0.16715995795798946,CAISO:2014
CAISO,PGAE,hydro,2014.0,PLACER,CA,15.5,0,0.18259677350613923,CAISO:2014
CAISO,PGAE,storage,2014.0,SAN JOAQUIN,CA,10.0,0,0.2788843207819117,CAISO:2014
CAISO,PGAE,storage,2014.0,PLACER,CA,20.0,0,0.16715995795798946,CAISO:2014
CAISO,PGAE,storage,2014.0,ALAMEDA,CA,50.0,0,0.16157048837434948,CAISO:2014
CAISO,PGAE,storage,2014.0,SAN MATEO,CA,50.0,0,0.16157048837434948,CAISO:2014
CAISO,PGAE,storage,2014.0,EL DORADO,CA,40.0,0,0.16157048837434948,CAISO:2014
CAISO,PGAE,wind,2014.0,SOLANO,CA,50.0,0,0.04767970882620564,CAISO:2014
CAISO,PGAE,steam,2014.0,SAN JOAQUIN,CA,5.0,0,0.07172508513163135,CAISO:2014
CAISO,PGAE,storage,2014.0,ALAMEDA,CA,30.0,0,0.16489327318447605,CAISO:2014
CAISO,PGAE,storage,2014.0,SANTA CLARA,CA,20.0,0,0.16715995795798946,CAISO:2014
CAISO,PGAE,storage,2014.0,SAN JOAQUIN,CA,30.0,0,0.16489327318447605,CAISO:2014
CAISO,PGAE,storage,2014.0,SOLANO,CA,15.0,0,0.26966359120567757,CAISO:2014
CAISO,PGAE,storage,2014.0,SAN JOAQUIN,CA,25.0,0,0.16489327318447605,CAISO:2014
CAISO,PGAE,solar_storage,2014.0,FRESNO,CA,20.0,0,0.5303407930899098,CAISO:2014
CAISO,PGAE,solar,2014.0,FRESNO,CA,20.0,0,0.07681299126296974,CAISO:2014
CAISO,PGAE,solar,2014.0,KERN,CA,20.0,0,0.07681299126296974,CAISO:2014
CAISO,PGAE,solar,2014.0,KINGS,CA,20.0,0,0.07681299126296974,CAISO:2014
CAISO,PGAE,solar,2014.0,KERN,CA,20.0,0,0.07681299126296974,CAISO:2014
CAISO,PGAE,steam,2014.0,KERN,CA,300.0,0,0.0,CAISO:2014
CAISO,PGAE,solar,2014.0,KERN,CA,60.0,0,0.04767970882620564,CAISO:2014
CAISO,PGAE,solar,2014.0,KERN,CA,20.0,0,0.07681299126296974,CAISO:2014
CAISO,SDGE,solar_storage,2014.0,IMPERIAL,CA,20.0,0,0.6051111111111112,CAISO:2014
CAISO,SDGE,solar,2014.0,SAN DIEGO,CA,20.0,0,0.15511624000833643,CAISO:2014
CAISO,SDGE,solar,2014.0,SAN DIEGO,CA,20.0,0,0.15511624000833643,CAISO:2014
CAISO,SDGE,hybrid_multi,2014.0,SAN DIEGO,CA,508.0,0,0.10581652012038126,CAISO:2014
CAISO,SDGE,storage,2014.0,SAN DIEGO,CA,10.0,0,0.3330615359717851,CAISO:2014
CAISO,SDGE,solar,2014.0,SAN DIEGO,CA,20.0,0,0.15511624000833643,CAISO:2014
CAISO,SDGE,solar,2014.0,SAN DIEGO,CA,20.0,0,0.15511624000833643,CAISO:2014
CAISO,SDGE,solar_storage,2014.0,SAN DIEGO,CA,120.0,0,0.48501650953033193,CAISO:2014
CAISO,SDGE,solar,2014.0,SAN DIEGO,CA,20.0,0,0.15511624000833643,CAISO:2014
CAISO,SDGE,storage,2014.0,SAN DIEGO,CA,150.0,0,0.1578940177861142,CAISO:2014
CAISO,SDGE,hybrid_multi,2014.0,SAN DIEGO,CA,444.0,0,0.10581652012038126,CAISO:2014
CAISO,SDGE,hybrid_multi,2014.0,SAN DIEGO,CA,538.0,0,0.10581652012038126,CAISO:2014
CAISO,SDGE,gas,2014.0,SAN DIEGO,CA,35.0,0,0.14734543529579322,CAISO:2014
CAISO,SDGE,storage,2014.0,SAN DIEGO,CA,20.0,0,0.31555098744857835,CAISO:2014
CAISO,SDGE,wind,2014.0,SAN DIEGO,CA,160.0,0,0.04767970882620564,CAISO:2014
CAISO,SDGE,solar,2014.0,SAN DIEGO,CA,20.0,0,0.15511624000833643,CAISO:2014
CAISO,OTHER,solar,2014.0,NYE,NV,50.0,0,0.10492181675793506,CAISO:2014
CAISO,OTHER,solar,2014.0,NYE,NV,50.0,0,0.10492181675793506,CAISO:2014
CAISO,OTHER,solar,2014.0,NYE,NV,100.0,0,0.06818718188842324,CAISO:2014
CAISO,OTHER,solar,2014.0,NYE,NV,65.0,0,0.07771099141223274,CAISO:2014
CAISO,SCE,solar,2014.0,CLARK,NV,250.0,0,0.02857142857142857,CAISO:2014
CAISO,SCE,solar,2014.0,RIVERSIDE,CA,250.0,0,0.02857142857142857,CAISO:2014
CAISO,SCE,solar,2014.0,RIVERSIDE,CA,150.0,0,0.02857142857142857,CAISO:2014
CAISO,SCE,solar,2014.0,RIVERSIDE,CA,100.0,0,0.04767970882620564,CAISO:2014
CAISO,SCE,gas,2014.0,VENTURA,CA,305.0,0,0.02857142857142857,CAISO:2014
CAISO,SCE,storage,2014.0,KERN,CA,50.0,0,0.11534032964419076,CAISO:2014
CAISO,SCE,storage,2014.0,LOS ANGELES,CA,300.0,0,0.09290939080500422,CAISO:2014
CAISO,SCE,storage,2014.0,ORANGE,CA,118.0,0,0.09330089900571105,CAISO:2014
CAISO,SCE,gas,2014.0,ORANGE,CA,378.0,0,0.02857142857142857,CAISO:2014
CAISO,SCE,hybrid_multi,2014.0,ORANGE,CA,625.4,0,0.044108280254777074,CAISO:2014
CAISO,SCE,storage,2014.0,ORANGE,CA,118.0,0,0.09330089900571105,CAISO:2014
CAISO,SCE,gas,2014.0,ORANGE,CA,378.0,0,0.02857142857142857,CAISO:2014
CAISO,SCE,hybrid_multi,2014.0,ORANGE,CA,625.4,0,0.044108280254777074,CAISO:2014
CAISO,SCE,gas,2014.0,ORANGE,CA,220.0,0,0.02857142857142857,CAISO:2014
CAISO,SCE,hybrid_multi,2014.0,SAN BERNARDINO,CA,910.0,0,0.04205909992690822,CAISO:2014
CAISO,SCE,gas,2014.0,ORANGE,CA,700.0,0,0.02857142857142857,CAISO:2014
CAISO,SCE,hybrid_multi,2014.0,RIVERSIDE,CA,910.0,0,0.04205909992690822,CAISO:2014
CAISO,SCE,solar,2014.0,SAN BERNARDINO,CA,89.95,0,0.04767970882620564,CAISO:2014
CAISO,SDGE,storage,2014.0,IMPERIAL,CA,2.0,0,0.45610739621561935,CAISO:2014
CAISO,PGAE,solar,2014.0,FRESNO,CA,1.5,0,0.16489327318447605,CAISO:2014
CAISO,PGAE,solar,2014.0,FRESNO,CA,49.0,0,0.04786104838526842,CAISO:2014
CAISO,SDGE,storage,2014.0,SAN DIEGO,CA,5.0,0,0.3979586837796141,CAISO:2014
ISONE,NAN,wind,2014.0,Windham,VT,73.5,0,0.030031282586027108,ISONE:2014
ISONE,NAN,gas,2014.0,Dutchess,NY,1020.0,1,0.030031282586027108,ISONE:2014
ISONE,NAN,wind,2014.0,Hancock,ME,250.0,0,0.02857142857142857,ISONE:2014
ISONE,NAN,gas,2014.0,Hampden,MA,837.0,0,0.030031282586027108,ISONE:2014
ISONE,ISO-NE,gas,2014.0,Rockingham,NH,27.9,1,0.30235914171376294,ISONE:2014
ISONE,NAN,hydro,2014.0,Somerset,ME,0.0,1,0.2843413688673969,ISONE:2014
ISONE,NAN,hydro,2014.0,Rutland,VT,1.318,0,0.21620510197978987,ISONE:2014
ISONE,ISO-NE,gas,2014.0,Rockingham,NH,41.0,1,0.29958136393598517,ISONE:2014
ISONE,NAN,unknown,2014.0,Suffolk,MA,,0,0.0,ISONE:2014
ISONE,NAN,gas,2014.0,Rockingham,NH,33.0,0,0.03955509210983663,ISONE:2014
ISONE,NAN,wind,2014.0,Washington,ME,9.6,0,0.030031282586027108,ISONE:2014
ISONE,ISO-NE,wind,2014.0,Bennington,VT,30.0,1,0.2490801861053876,ISONE:2014
ISONE,NAN,wind,2014.0,Penobscot/Washington,ME,52.8,0,0.030031282586027108,ISONE:2014
ISONE,NAN,unknown,2014.0,Berkshire,MA,,0,0.0,ISONE:2014
ISONE,NAN,gas,2014.0,Middlesex,MA,0.0,0,0.19071891461452803,ISONE:2014
ISONE,NAN,unknown,2014.0,Norfolk,MA,0.0,0,0.0,ISONE:2014
ISONE,ISO-NE,gas,2014.0,Hampden,MA,22.0,0,0.3203407930899097,ISONE:2014
ISONE,NAN,wind,2014.0,Aroostook,ME,600.6,0,0.02857142857142857,ISONE:2014
ISONE,NAN,wind,2014.0,Aroostook,ME,600.6,0,0.02857142857142857,ISONE:2014
ISONE,ISO-NE,gas,2014.0,Fairfield,CT,84.0,1,0.29958136393598517,ISONE:2014
ISONE,ISO-NE,gas,2014.0,Providence,RI,27.0,1,0.30235914171376294,ISONE:2014
ISONE,NAN,gas,2014.0,Hampden,MA,0.0,1,0.19071891461452803,ISONE:2014
ISONE,NAN,unknown,2014.0,Aroostook,ME,,0,0.0,ISONE:2014
ISONE,NAN,unknown,2014.0,Addison,VT,,0,0.0,ISONE:2014
ISONE,NAN,unknown,2014.0,Suffolk,MA,,0,0.0,ISONE:2014
ISONE,NAN,unknown,2014.0,Franklin,VT,,0,0.0,ISONE:2014
ISONE,NAN,wind,2014.0,Aroostook,ME,104.0,0,0.030031282586027108,ISONE:2014
ISONE,NAN,wind,2014.0,Aroostook,ME,104.0,0,0.030031282586027108,ISONE:2014
ISONE,NAN,wind,2014.0,Aroostook,ME,104.0,0,0.030031282586027108,ISONE:2014
ISONE,NAN,wind,2014.0,Aroostook,ME,104.0,0,0.030031282586027108,ISONE:2014
ISONE,NAN,wind,2014.0,Aroostook,ME,104.0,0,0.030031282586027108,ISONE:2014
ISONE,NAN,unknown,2014.0,Chittenden,VT,,0,0.0,ISONE:2014
ISONE,NAN,unknown,2014.0,Middlesex,MA,,0,0.0,ISONE:2014
ISONE,NAN,unknown,2014.0,Windsor,VT,,0,0.0,ISONE:2014
ISONE,NAN,wind,2014.0,Somerset,ME,0.8,0,0.0869106736867297,ISONE:2014
ISONE,NAN,wind,2014.0,Lincoln,ME,10.0,0,0.030031282586027108,ISONE:2014
ISONE,NAN,wind,2014.0,Somerset,ME,85.0,0,0.030031282586027108,ISONE:2014
ISONE,NAN,gas,2014.0,Fairfield,CT,100.0,0,0.030031282586027108,ISONE:2014
ISONE,NAN,unmapped,2014.0,Fairfield,CT,245.0,0,0.030031282586027108,ISONE:2014
ISONE,ISO-NE,gas,2014.0,Barnstable,MA,333.0,1,0.21035631085742884,ISONE:2014
ISONE,NAN,gas,2014.0,New London,CT,5.6,0,0.09023345849685627,ISONE:2014
ISONE,NAN,wind,2014.0,Penobscot,ME,0.0,1,0.13162060105830076,ISONE:2014
ISONE,NAN,gas,2014.0,Chittenden,VT,47.5,0,0.030031282586027108,ISONE:2014
ISONE,NAN,gas,2014.0,Norfolk,MA,103.5,0,0.030031282586027108,ISONE:2014
ISONE,ISO-NE,gas,2014.0,Norfolk,MA,207.7,1,0.2285404344035585,ISONE:2014
ISONE,NAN,gas,2014.0,Plymouth,MA,0.0,0,0.19071891461452803,ISONE:2014
ISONE,ISO-NE,gas,2014.0,Hampden,MA,387.9,0,0.1936896441907622,ISONE:2014
ISONE,NGRID,hydro,2014.0,Berkshire,MA,0.2,1,0.7584541062801933,ISONE:2014
ISONE,ISO-NE,gas,2014.0,New Haven,CT,100.0,1,0.2988094969308253,ISONE:2014
ISONE,NAN,gas,2014.0,Essex,MA,478.0,0,0.030031282586027108,ISONE:2014
ISONE,ISO-NE,gas,2014.0,Norfolk,MA,-21.2,0,0.6506763285024154,ISONE:2014
ISONE,ISO-NE,wind,2014.0,Coos,NH,3.5,1,0.36244444444444446,ISONE:2014
ISONE,ISO-NE,gas,2014.0,Fairfield,CT,0.0,0,0.6506763285024154,ISONE:2014
ISONE,NAN,wind,2014.0,Washington,ME,103.5,0,0.030031282586027108,ISONE:2014
ISONE,NAN,unknown,2014.0,Aroostook,ME,,0,0.0,ISONE:2014
ISONE,NAN,gas,2014.0,Suffolk,MA,1.7,1,0.1529786841125227,ISONE:2014
ISONE,NAN,unknown,2014.0,Aroostook,ME,,0,0.0,ISONE:2014
ISONE,NAN,unknown,2014.0,Coos,NH,0.0,0,0.0,ISONE:2014
ISONE,NAN,unknown,2014.0,Coos,NH,,0,0.0,ISONE:2014
NYISO,LIPA,gas,2014.0,Nassau,NY,295.0,0,0.10397868411252269,NYISO:2014
NYISO,LIPA,gas,2014.0,Nassau,NY,262.0,0,0.10397868411252269,NYISO:2014
NYISO,LIPA,solar,2014.0,Suffolk,NY,20.0,0,0.18259677350613923,NYISO:2014
NYISO,LIPA,solar,2014.0,Suffolk,NY,20.0,0,0.18259677350613923,NYISO:2014
NYISO,LIPA,solar,2014.0,Suffolk,NY,20.0,0,0.18259677350613923,NYISO:2014
NYISO,LIPA,solar,2014.0,Suffolk,NY,20.0,0,0.18259677350613923,NYISO:2014
NYISO,LIPA,solar,2014.0,Suffolk,NY,20.0,0,0.18259677350613923,NYISO:2014
NYISO,LIPA,solar,2014.0,Suffolk,NY,20.0,0,0.18259677350613923,NYISO:2014
NYISO,LIPA,transmission,2014.0,Nassau,NY,0.0,0,0.46887228832831085,NYISO:2014
NYISO,NM-NG,gas,2014.0,Chautauqua,NY,88.0,0,0.10362662887863028,NYISO:2014
NYISO,LIPA,solar,2014.0,Suffolk,NY,60.0,0,0.14280736267626504,NYISO:2014
NYISO,LIPA,solar,2014.0,Suffolk,NY,24.0,0,0.18259677350613923,NYISO:2014
NYISO,LIPA,solar,2014.0,Suffolk,NY,16.0,0,0.185374551283917,NYISO:2014
NYISO,NYSEG,wind,2014.0,Niagara,NY,201.3,0,0.02857142857142857,NYISO:2014
NYISO,OTHER,solar,2014.0,Ulster,NY,2.0,0,0.2221168864207476,NYISO:2014
NYISO,LIPA,solar,2014.0,Suffolk,NY,20.0,0,0.18259677350613923,NYISO:2014
NYISO,NM-NG,transmission,2014.0,,NY,600.0,0,0.05058977719528178,NYISO:2014
NYISO,NM-NG,wind,2014.0,Madison,NY,72.6,0,0.047619047619047616,NYISO:2014
NYISO,OTHER,solar,2014.0,Greene,NY,20.0,0,0.1493417387516333,NYISO:2014
NYISO,NYSEG,solar,2014.0,Ontario,NY,20.0,0,0.14280736267626504,NYISO:2014
NYISO,NYSEG,solar,2014.0,Columbia,NY,10.0,0,0.16508622498293246,NYISO:2014
NYISO,NM-NG,solar,2014.0,Columbia,NY,20.0,0,0.12670018686146114,NYISO:2014
NYISO,NM-NG,solar,2014.0,Herkimer,NY,20.0,0,0.12670018686146114,NYISO:2014
NYISO,NYSEG,solar,2014.0,Sullivan,NY,19.9,0,0.14280736267626504,NYISO:2014
NYISO,NYSEG,solar,2014.0,Steuben,NY,0.7,0,0.22431400485887404,NYISO:2014
NYISO,NYSEG,wind,2014.0,,NY,19.8,0,0.12988365368991991,NYISO:2014
NYISO,NYPA,transmission,2014.0,Quebec-NY,NY,1000.0,0,0.0764942943253707,NYISO:2014
NYISO,NYSEG,solar,2014.0,Wyoming,NY,2.0,0,0.185374551283917,NYISO:2014
NYISO,NYSEG,solar,2014.0,Thompkins,NY,5.0,0,0.18259677350613923,NYISO:2014
NYISO,LIPA,unknown,2014.0,Suffolk,NY,19.9,0,0.0,NYISO:2014
NYISO,LIPA,unknown,2014.0,Suffolk,NY,19.9,0,0.0,NYISO:2014
NYISO,CONED,transmission,2014.0,NY,NY,675.0,0,0.02857142857142857,NYISO:2014
NYISO,NM-NG,wind,2014.0,Cattaraugus,NY,132.0,0,0.047619047619047616,NYISO:2014
NYISO,NM-NG,wind,2014.0,Oswego,NY,110.4,0,0.047619047619047616,NYISO:2014
NYISO,CONED,transmission,2014.0,Steuben,NY,0.0,1,0.22989504548831913,NYISO:2014
NYISO,NM-NG,transmission,2014.0,St. Lawrence,NY,0.0,1,0.260578424882286,NYISO:2014
NYISO,NYSEG,gas,2014.0,Yates,NY,106.3,1,0.10503406299431035,NYISO:2014
NYISO,NYSEG,transmission,2014.0,Wyoming,NY,0.0,1,0.3226634346125018,NYISO:2014
NYISO,CONED,gas,2014.0,Dutchess,NY,1132.0,1,0.02857142857142857,NYISO:2014
NYISO,CONED,gas,2014.0,NY,NY,2.0,1,0.1992634401728059,NYISO:2014
NYISO,CONED,gas,2014.0,NY,NY,2.0,1,0.1992634401728059,NYISO:2014
NYISO,LIPA,solar,2014.0,Suffolk,NY,25.0,1,0.18259677350613923,NYISO:2014
CAISO,PGAE,storage,2015.0,LAKE,CA,13.0,1,0.2239731918137234,CAISO:2015
CAISO,PGAE,solar,2015.0,STANISLAUS,CA,40.0,1,0.0835605685179952,CAISO:2015
CAISO,PGAE,storage,2015.0,SAN JOAQUIN,CA,132.0,1,0.12525252525252525,CAISO:2015
CAISO,PGAE,storage,2015.0,CONTRA COSTA,CA,200.0,1,0.1121589498100003,CAISO:2015
CAISO,PGAE,storage,2015.0,TUOLUMNE,CA,10.0,1,0.22564229969585603,CAISO:2015
CAISO,PGAE,solar,2015.0,KINGS,CA,250.0,1,0.03858858858858859,CAISO:2015
CAISO,PGAE,solar_storage,2015.0,KINGS,CA,150.0,1,0.36194553656575656,CAISO:2015
CAISO,PGAE,solar,2015.0,KINGS,CA,19.88,1,0.10523451702118258,CAISO:2015
CAISO,PGAE,solar_storage,2015.0,KINGS,CA,250.0,1,0.23819910105723813,CAISO:2015
CAISO,PGAE,storage,2015.0,TULARE,CA,10.0,1,0.22564229969585603,CAISO:2015
CAISO,PGAE,solar_storage,2015.0,KINGS,CA,300.0,1,0.23701927981414098,CAISO:2015
CAISO,SDGE,storage,2015.0,IMPERIAL,CA,200.0,1,0.16569696969696973,CAISO:2015
CAISO,SDGE,storage,2015.0,SAN DIEGO,CA,250.0,1,0.15819407114815748,CAISO:2015
CAISO,SDGE,solar_storage,2015.0,YUMA,AZ,500.0,1,0.331127045223811,CAISO:2015
CAISO,SDGE,solar,2015.0,MARICOPA,AZ,150.0,1,0.07539730321187274,CAISO:2015
CAISO,SDGE,storage,2015.0,SAN DIEGO,CA,119.0,1,0.190566534914361,CAISO:2015
CAISO,SCE,storage,2015.0,RIVERSIDE,CA,350.0,1,0.06349254130711084,CAISO:2015
CAISO,SCE,solar_storage,2015.0,RIVERSIDE,CA,400.0,1,0.18902954271229175,CAISO:2015
CAISO,SCE,solar_storage,2015.0,RIVERSIDE,CA,150.0,1,0.23701927981414098,CAISO:2015
CAISO,SCE,solar_storage,2015.0,RIVERSIDE,CA,200.0,1,0.23701927981414098,CAISO:2015
CAISO,SCE,solar_storage,2015.0,KERN,CA,101.7,1,0.23701927981414098,CAISO:2015
CAISO,SCE,solar_storage,2015.0,KERN,CA,150.0,1,0.23701927981414098,CAISO:2015
CAISO,SCE,storage,2015.0,KERN,CA,75.0,1,0.11040965463826653,CAISO:2015
CAISO,PGAE,storage,2015.0,YOLO,CA,25.0,0,0.20588744588744592,CAISO:2015
CAISO,OTHER,solar,2015.0,NYE,NV,5.0,0,0.1510779869815353,CAISO:2015
CAISO,PGAE,wind,2015.0,SOLANO,CA,1.84,0,0.13946829026793445,CAISO:2015
CAISO,PGAE,storage,2015.0,CONTRA COSTA,CA,103.0,0,0.12525252525252525,CAISO:2015
CAISO,PGAE,storage,2015.0,SAN MATEO,CA,412.0,0,0.10313131313131314,CAISO:2015
CAISO,PGAE,storage,2015.0,SAN MATEO,CA,20.0,0,0.20588744588744592,CAISO:2015
CAISO,PGAE,storage,2015.0,CONTRA COSTA,CA,20.0,0,0.20588744588744592,CAISO:2015
CAISO,PGAE,steam,2015.0,SONOMA,CA,74.0,0,0.02777777777777778,CAISO:2015
CAISO,PGAE,storage,2015.0,CONTRA COSTA,CA,20.0,0,0.20588744588744592,CAISO:2015
CAISO,PGAE,wind,2015.0,SHASTA,CA,200.0,0,0.04494949494949495,CAISO:2015
CAISO,PGAE,storage,2015.0,SONOMA,CA,10.0,0,0.22564229969585603,CAISO:2015
CAISO,PGAE,storage,2015.0,SUTTER,CA,64.0,0,0.16569696969696973,CAISO:2015
CAISO,PGAE,storage,2015.0,ALAMEDA,CA,153.0,0,0.12484853210788968,CAISO:2015
CAISO,PGAE,storage,2015.0,MENDOCINO,CA,10.0,0,0.22564229969585603,CAISO:2015
CAISO,PGAE,wind,2015.0,ALAMEDA,CA,52.5,0,0.06466397980335954,CAISO:2015
CAISO,PGAE,storage,2015.0,EL DORADO,CA,10.0,0,0.22564229969585603,CAISO:2015
CAISO,PGAE,solar,2015.0,STANISLAUS,CA,300.0,0,0.03858858858858859,CAISO:2015
CAISO,PGAE,solar,2015.0,FRESNO,CA,60.0,0,0.07539730321187274,CAISO:2015
CAISO,PGAE,solar_storage,2015.0,KINGS,CA,19.75,0,0.4828960913872791,CAISO:2015
CAISO,PGAE,solar,2015.0,MERCED,CA,81.8,0,0.07539730321187274,CAISO:2015
CAISO,PGAE,storage,2015.0,FRESNO,CA,50.0,0,0.17175682407770476,CAISO:2015
CAISO,PGAE,solar,2015.0,FRESNO,CA,247.0,0,0.03858858858858859,CAISO:2015
CAISO,PGAE,solar,2015.0,FRESNO,CA,50.0,0,0.07539730321187274,CAISO:2015
CAISO,PGAE,storage,2015.0,KINGS,CA,25.0,0,0.20588744588744592,CAISO:2015
CAISO,PGAE,storage,2015.0,FRESNO,CA,19.94,0,0.20588744588744592,CAISO:2015
CAISO,PGAE,storage,2015.0,FRESNO,CA,20.0,0,0.20588744588744592,CAISO:2015
CAISO,PGAE,storage,2015.0,FRESNO,CA,10.0,0,0.22564229969585603,CAISO:2015
CAISO,PGAE,solar,2015.0,MERCED,CA,50.0,0,0.07539730321187274,CAISO:2015
CAISO,PGAE,solar,2015.0,FRESNO,CA,40.0,0,0.0835605685179952,CAISO:2015
CAISO,PGAE,solar,2015.0,KINGS,CA,20.0,0,0.10521408018223358,CAISO:2015
CAISO,PGAE,solar,2015.0,KINGS,CA,50.0,0,0.07539730321187274,CAISO:2015
CAISO,PGAE,solar,2015.0,MERCED,CA,50.0,0,0.07539730321187274,CAISO:2015
CAISO,PGAE,solar_storage,2015.0,KERN,CA,80.0,0,0.3622256486105745,CAISO:2015
CAISO,PGAE,storage,2015.0,KERN,CA,206.0,0,0.11055696667412611,CAISO:2015
CAISO,PGAE,solar,2015.0,KINGS,CA,120.0,0,0.06766506766506766,CAISO:2015
CAISO,PGAE,solar,2015.0,KERN,CA,200.0,0,0.05576030576030576,CAISO:2015
CAISO,PGAE,solar_storage,2015.0,TULARE,CA,20.0,0,0.4828960913872791,CAISO:2015
CAISO,PGAE,solar,2015.0,KERN,CA,80.0,0,0.07539730321187274,CAISO:2015
CAISO,PGAE,solar,2015.0,KERN,CA,21.7,0,0.104936476855196,CAISO:2015
CAISO,PGAE,solar,2015.0,KERN,CA,20.0,0,0.10521408018223358,CAISO:2015
CAISO,PGAE,solar,2015.0,KERN,CA,100.0,0,0.07539730321187274,CAISO:2015
CAISO,PGAE,solar,2015.0,KERN,CA,20.0,0,0.10521408018223358,CAISO:2015
CAISO,PGAE,other,2015.0,SAN LUIS OBISPO,CA,650.0,0,0.1223088023088023,CAISO:2015
CAISO,PGAE,solar,2015.0,KERN,CA,200.0,0,0.05576030576030576,CAISO:2015
CAISO,PGAE,solar_storage,2015.0,KERN,CA,77.5,0,0.3670437771383702,CAISO:2015
CAISO,PGAE,storage,2015.0,SANTA BARBARA,CA,42.0,0,0.20247129681912296,CAISO:2015
CAISO,PGAE,solar_storage,2015.0,KERN,CA,50.0,0,0.4169875533724793,CAISO:2015
CAISO,PGAE,solar,2015.0,KINGS,CA,21.7,0,0.104936476855196,CAISO:2015
CAISO,PGAE,solar,2015.0,KERN,CA,20.0,0,0.10521408018223358,CAISO:2015
CAISO,PGAE,solar_storage,2015.0,KERN,CA,180.5,0,0.32873672554145095,CAISO:2015
CAISO,PGAE,storage,2015.0,TULARE,CA,10.0,0,0.22564229969585603,CAISO:2015
CAISO,PGAE,solar,2015.0,KERN,CA,100.0,0,0.07539730321187274,CAISO:2015
CAISO,PGAE,storage,2015.0,KERN,CA,20.0,0,0.20588744588744592,CAISO:2015
CAISO,SDGE,storage,2015.0,SAN DIEGO,CA,20.0,0,0.26425291209344365,CAISO:2015
CAISO,SDGE,solar_storage,2015.0,SAN DIEGO,CA,84.0,0,0.42179795005296333,CAISO:2015
CAISO,SDGE,storage,2015.0,SAN DIEGO,CA,40.0,0,0.21580992650760095,CAISO:2015
CAISO,SDGE,storage,2015.0,SAN DIEGO,CA,110.0,0,0.19373695790903164,CAISO:2015
CAISO,SDGE,solar_storage,2015.0,SAN DIEGO,CA,84.0,0,0.42179795005296333,CAISO:2015
CAISO,SDGE,solar_storage,2015.0,SAN DIEGO,CA,60.25,0,0.4828960913872791,CAISO:2015
CAISO,SDGE,storage,2015.0,SAN DIEGO,CA,25.0,0,0.25912470696523854,CAISO:2015
CAISO,SDGE,storage,2015.0,SAN DIEGO,CA,100.0,0,0.19918441239321324,CAISO:2015
CAISO,SDGE,gas,2015.0,SAN DIEGO,CA,507.4,0,0.07076526857983811,CAISO:2015
CAISO,SDGE,storage,2015.0,SAN DIEGO ,CA,30.0,0,0.2519766552820206,CAISO:2015
CAISO,SDGE,storage,2015.0,SAN DIEGO,CA,50.0,0,0.20588744588744592,CAISO:2015
CAISO,SDGE,storage,2015.0,SAN DIEGO,CA,200.0,0,0.16569696969696973,CAISO:2015
CAISO,SDGE,storage,2015.0,SAN DIEGO,CA,5.0,0,0.2756117840004154,CAISO:2015
CAISO,SDGE,solar_storage,2015.0,SAN DIEGO,CA,37.0,0,0.49925972775091554,CAISO:2015
CAISO,SDGE,solar,2015.0,YUMA,AZ,200.0,0,0.07539730321187274,CAISO:2015
CAISO,SDGE,gas,2015.0,SAN DIEGO,CA,110.0,0,0.12580213900211917,CAISO:2015
CAISO,SDGE,hybrid_multi,2015.0,SAN DIEGO,CA,523.0,0,0.10896798026200094,CAISO:2015
CAISO,SDGE,storage,2015.0,SAN DIEGO,CA,20.0,0,0.26425291209344365,CAISO:2015
CAISO,SDGE,storage,2015.0,SAN DIEGO,CA,25.0,0,0.25912470696523854,CAISO:2015
CAISO,SDGE,steam,2015.0,MARICOPA,AZ,300.0,0,0.016666666666666666,CAISO:2015
CAISO,SCE,storage,2015.0,RIVERSIDE,CA,1408.0,0,0.035209713024282566,CAISO:2015
CAISO,SCE,gas,2015.0,RIVERSIDE,CA,600.0,0,0.04494949494949495,CAISO:2015
CAISO,SCE,gas,2015.0,RIVERSIDE,CA,49.0,0,0.07493779493779493,CAISO:2015
CAISO,SCE,storage,2015.0,RIVERSIDE,CA,400.0,0,0.06349254130711084,CAISO:2015
CAISO,SCE,solar,2015.0,RIVERSIDE,CA,108.8,0,0.02777777777777778,CAISO:2015
CAISO,SCE,storage,2015.0,SAN BERNARDINO,CA,140.0,0,0.10313131313131314,CAISO:2015
CAISO,SCE,solar_storage,2015.0,SAN BERNARDINO,CA,167.55,0,0.23701927981414098,CAISO:2015
CAISO,SCE,solar_storage,2015.0,SAN BERNARDINO,CA,66.7,0,0.3216658162860363,CAISO:2015
CAISO,SCE,solar,2015.0,SAN BERNARDINO,CA,150.0,0,0.02777777777777778,CAISO:2015
CAISO,SCE,storage,2015.0,LOS ANGELES,CA,412.0,0,0.06349254130711084,CAISO:2015
CAISO,SCE,storage,2015.0,TULARE,CA,412.0,0,0.06349254130711084,CAISO:2015
CAISO,SCE,solar,2015.0,KERN,CA,100.0,0,0.04494949494949495,CAISO:2015
CAISO,SCE,storage,2015.0,KERN,CA,5.98,0,0.2140507111935684,CAISO:2015
CAISO,SCE,gas,2015.0,LOS ANGELES,CA,130.0,0,0.06303303303303304,CAISO:2015
CAISO,SCE,solar,2015.0,CLARK,NV,400.0,0,0.016666666666666666,CAISO:2015
CAISO,OTHER,solar,2015.0,CLARK,NV,100.0,0,0.08873063654520608,CAISO:2015
CAISO,OTHER,solar_storage,2015.0,IMPERIAL,CA,103.0,0,0.45772126621245396,CAISO:2015
CAISO,PGAE,steam,2015.0,SONOMA,CA,35.0,0,0.05576030576030576,CAISO:2015
CAISO,PGAE,solar_storage,2015.0,KERN,CA,150.0,0,0.36194553656575656,CAISO:2015
ISONE,NAN,unknown,2015.0,Middlesex,MA,900.0,0,0.016666666666666666,ISONE:2015
ISONE,NAN,unknown,2015.0,Berkshire,MA,0.0,0,0.016666666666666666,ISONE:2015
ISONE,ISO-NE,solar,2015.0,York,ME,50.0,1,0.26206448738238175,ISONE:2015
ISONE,NAN,solar,2015.0,Worcester,MA,3.11,0,0.11736076573253854,ISONE:2015
ISONE,NAN,solar,2015.0,Worcester,MA,2.66,0,0.11736076573253854,ISONE:2015
ISONE,NAN,gas,2015.0,Worcester,MA,1020.0,0,0.029292929292929294,ISONE:2015
ISONE,NAN,gas,2015.0,Cheshire,NH,570.1,0,0.046464646464646465,ISONE:2015
ISONE,ISO-NE,solar,2015.0,Somerset,ME,152.0,0,0.1763472841856305,ISONE:2015
ISONE,ISO-NE,hybrid_multi,2015.0,Frqanklin,ME,25.08,0,0.4560758361171854,ISONE:2015
ISONE,ISO-NE,hybrid_multi,2015.0,Franklin,ME,52.26,0,0.37266895636846026,ISONE:2015
ISONE,ISO-NE,storage,2015.0,Cumberland,ME,16.2,1,0.49925972775091554,ISONE:2015
ISONE,ISO-NE,wind,2015.0,Franklin,ME,216.41,0,0.17466006809218468,ISONE:2015
ISONE,ISO-NE,wind,2015.0,Franklin,ME,245.38,0,0.1696037171936163,ISONE:2015
ISONE,NAN,wind,2015.0,Franklin,ME,113.0,0,0.046464646464646465,ISONE:2015
ISONE,ISO-NE,unknown,2015.0,Somerset/Androscoggin,ME,850.0,0,0.016666666666666666,ISONE:2015
ISONE,NAN,gas,2015.0,Middlesex,MA,0.0,1,0.22073849946473373,ISONE:2015
ISONE,NAN,unknown,2015.0,Plymouth,MA,1200.0,0,0.016666666666666666,ISONE:2015
ISONE,NAN,solar,2015.0,Rockingham,NH,10.0,0,0.06564213564213564,ISONE:2015
ISONE,NAN,solar,2015.0,Franklin,VT,196.0,0,0.01818181818181818,ISONE:2015
ISONE,NAN,solar,2015.0,Rutland,VT,19.9,0,0.046464646464646465,ISONE:2015
ISONE,ISO-NE,solar,2015.0,Windsor,VT,19.9,1,0.336427721047941,ISONE:2015
ISONE,NAN,solar,2015.0,Franklin,VT,19.9,0,0.046464646464646465,ISONE:2015
ISONE,NAN,solar,2015.0,Rutland,VT,20.0,0,0.046464646464646465,ISONE:2015
ISONE,NAN,solar,2015.0,Orleans,VT,20.0,0,0.046464646464646465,ISONE:2015
ISONE,NAN,solar,2015.0,Franklin,VT,20.0,0,0.046464646464646465,ISONE:2015
ISONE,NAN,solar,2015.0,Orange,VT,20.0,0,0.046464646464646465,ISONE:2015
ISONE,NAN,solar,2015.0,Windsor,VT,20.0,0,0.046464646464646465,ISONE:2015
ISONE,NAN,solar,2015.0,Franklin,VT,20.0,0,0.046464646464646465,ISONE:2015
ISONE,ISO-NE,solar,2015.0,Franklin,ME,78.4,1,0.26206448738238175,ISONE:2015
ISONE,NAN,wind,2015.0,Somerset,ME,79.2,0,0.046464646464646465,ISONE:2015
ISONE,NAN,wind,2015.0,Oxford,ME,39.6,0,0.046464646464646465,ISONE:2015
ISONE,NGRID,biomass,2015.0,Worcester,MA,1.6,0,0.562332506203474,ISONE:2015
ISONE,NAN,solar,2015.0,Franklin,ME,19.9,0,0.046464646464646465,ISONE:2015
ISONE,ISO-NE,solar,2015.0,Hartford,CT,19.9,1,0.336427721047941,ISONE:2015
ISONE,NAN,solar,2015.0,Windsor,VT,19.9,0,0.046464646464646465,ISONE:2015
ISONE,NAN,solar,2015.0,Franklin,VT,19.9,0,0.046464646464646465,ISONE:2015
ISONE,NAN,gas,2015.0,Newport,RI,870.0,0,0.046464646464646465,ISONE:2015
ISONE,NAN,gas,2015.0,Plymouth,MA,870.0,0,0.046464646464646465,ISONE:2015
ISONE,NAN,wind,2015.0,Penobscot,ME,2.93,0,0.07431654166919696,ISONE:2015
ISONE,NAN,gas,2015.0,Norfolk,MA,1.393,1,0.15968123657346128,ISONE:2015
ISONE,NAN,hydro,2015.0,Rutland,VT,3.241,1,0.22242571555817953,ISONE:2015
ISONE,NAN,gas,2015.0,Providence,RI,0.0,1,0.22073849946473373,ISONE:2015
ISONE,ISO-NE,wind,2015.0,Hillsborough,NH,28.4,1,0.31682639214428654,ISONE:2015
ISONE,NAN,gas,2015.0,Norfolk,MA,97.0,0,0.053737373737373736,ISONE:2015
ISONE,NAN,gas,2015.0,Hampden,MA,431.0,0,0.046464646464646465,ISONE:2015
ISONE,ISO-NE,gas,2015.0,New Haven,CT,55.5,1,0.336427721047941,ISONE:2015
ISONE,NAN,wind,2015.0,Franklin,MA,0.0,1,0.1456464800182528,ISONE:2015
ISONE,NAN,gas,2015.0,Newport,RI,119.4,0,0.053737373737373736,ISONE:2015
ISONE,NAN,gas,2015.0,Middlesex,MA,11.965,0,0.11851643851643852,ISONE:2015
ISONE,NAN,wind,2015.0,Orleans,VT,4.98,0,0.06608658008658008,ISONE:2015
ISONE,OTHER,wind,2015.0,Hampden,MA,4.98,1,0.4339632850631685,ISONE:2015
ISONE,ISO-NE,gas,2015.0,Windham,CT,49.836,1,0.336427721047941,ISONE:2015
ISONE,ISO-NE,gas,2015.0,New Haven,CT,16.606,1,0.376707833092759,ISONE:2015
ISONE,ISO-NE,gas,2015.0,New Haven,CT,16.606,1,0.376707833092759,ISONE:2015
ISONE,NAN,wind,2015.0,Franklin,VT,17.4,0,0.053737373737373736,ISONE:2015
ISONE,NAN,gas,2015.0,Penobscot,ME,29.999,0,0.05418181818181818,ISONE:2015
ISONE,ISO-NE,gas,2015.0,Fairfield,CT,18.0,0,0.3706924247249533,ISONE:2015
ISONE,NAN,gas,2015.0,Worcester,MA,0.0,0,0.22073849946473373,ISONE:2015
ISONE,ISO-NE,gas,2015.0,Worcester,MA,30.0,0,0.3365218735819135,ISONE:2015
ISONE,ISO-NE,gas,2015.0,Worcester,MA,30.0,1,0.3365218735819135,ISONE:2015
ISONE,ISO-NE,gas,2015.0,Worcester,MA,40.583,0,0.336427721047941,ISONE:2015
ISONE,ISO-NE,gas,2015.0,Newport,RI,21.5,1,0.336707833092759,ISONE:2015
ISONE,NAN,gas,2015.0,Providence,RI,0.0,0,0.22073849946473373,ISONE:2015
ISONE,NAN,gas,2015.0,Providence,RI,226.5,0,0.046464646464646465,ISONE:2015
ISONE,NAN,unmapped,2015.0,Windham,CT,0.0,1,0.1947695022960064,ISONE:2015
ISONE,NAN,gas,2015.0,Fairfield,CT,109.799,0,0.053737373737373736,ISONE:2015
ISONE,NAN,gas,2015.0,Fairfield,CT,109.799,0,0.053737373737373736,ISONE:2015
ISONE,NAN,unknown,2015.0,Rockingham,NH,1200.0,0,0.016666666666666666,ISONE:2015
ISONE,NAN,unknown,2015.0,Suffolk,MA,1000.0,0,0.016666666666666666,ISONE:2015
ISONE,NAN,unknown,2015.0,Middlesex,MA,1000.0,0,0.016666666666666666,ISONE:2015
ISONE,NAN,unknown,2015.0,Addison,VT,425.0,0,0.016666666666666666,ISONE:2015
ISONE,NAN,unknown,2015.0,Franklin,VT,425.0,0,0.016666666666666666,ISONE:2015
ISONE,NAN,unknown,2015.0,Aroostook,ME,350.0,0,0.016666666666666666,ISONE:2015
ISONE,NAN,unknown,2015.0,Coos,NH,,0,0.016666666666666666,ISONE:2015
ISONE,NAN,unknown,2015.0,Middlesex,MA,1200.0,0,0.016666666666666666,ISONE:2015
ISONE,NAN,unknown,2015.0,Barnstable,MA,1000.0,0,0.016666666666666666,ISONE:2015
ISONE,NAN,unknown,2015.0,Plymouth,MA,1000.0,0,0.016666666666666666,ISONE:2015
ISONE,NAN,unknown,2015.0,Middlesex,MA,1100.0,0,0.016666666666666666,ISONE:2015
ISONE,ISO-NE,unknown,2015.0,Berkshire,MA,600.0,0,0.016666666666666666,ISONE:2015
ISONE,NAN,unknown,2015.0,Aroostook,ME,75.0,0,0.016666666666666666,ISONE:2015
ISONE,ISO-NE,unknown,2015.0,Suffolk,MA,1000.0,0,0.016666666666666666,ISONE:2015
ISONE,NAN,unknown,2015.0,Windsor,VT,1000.0,0,0.016666666666666666,ISONE:2015
ISONE,NAN,unknown,2015.0,Addison,VT,1000.0,0,0.016666666666666666,ISONE:2015
ISONE,NAN,unknown,2015.0,Rutland,VT,1000.0,0,0.016666666666666666,ISONE:2015
ISONE,NAN,unknown,2015.0,Aroostook,ME,200.0,0,0.016666666666666666,ISONE:2015
ISONE,NAN,unknown,2015.0,Aroostook,ME,0.0,0,0.016666666666666666,ISONE:2015
ISONE,ISO-NE,unknown,2015.0,Windsor,VT,1000.0,0,0.016666666666666666,ISONE:2015
ISONE,NAN,unknown,2015.0,Penobscot,ME,,0,0.016666666666666666,ISONE:2015
ISONE,ISO-NE,unknown,2015.0,Rockingham,NH,1090.0,0,0.016666666666666666,ISONE:2015
ISONE,ISO-NE,unknown,2015.0,Colchester,VT,400.0,0,0.016666666666666666,ISONE:2015
ISONE,ISO-NE,gas,2015.0,New Haven,CT,62.9,0,0.336427721047941,ISONE:2015
ISONE,ISO-NE,hydro,2015.0,Penobscot,ME,0.0,1,0.6363083097683289,ISONE:2015
ISONE,NAN,unknown,2015.0,Rockingham,NH,,0,0.016666666666666666,ISONE:2015
ISONE,NAN,unknown,2015.0,Suffolk,MA,,0,0.016666666666666666,ISONE:2015
ISONE,NAN,unknown,2015.0,Middlesex,MA,,0,0.016666666666666666,ISONE:2015
ISONE,ISO-NE,gas,2015.0,Providence,RI,238.0,0,0.3160928107554816,ISONE:2015
ISONE,NAN,gas,2015.0,Norfolk,MA,0.0,1,0.22073849946473373,ISONE:2015
ISONE,NAN,gas,2015.0,Middlesex,MA,1.88,1,0.15968123657346128,ISONE:2015
ISONE,ISO-NE,gas,2015.0,Providence,RI,1030.0,0,0.1696037171936163,ISONE:2015
MISO,ITC MIDWEST,gas,2015.0,Wayne County,MI,235.0,0,0.1262486740632436,MISO:2015
MISO,NORTHERN STATES POWER COMPANY,wind,2015.0,Dodge County,MN,170.0,0,0.09700610369323485,MISO:2015
MISO,OTHER,wind,2015.0,Clark County,SD,200.0,0,0.09863805333572775,MISO:2015
MISO,ENTERGY,gas,2015.0,Clark County,AR,42.7,0,0.18504640973632663,MISO:2015
MISO,ITC MIDWEST,storage,2015.0,Mower County,MN,20.0,0,0.34065699156865625,MISO:2015
NYISO,OTHER,transmission,2015.0,Oneida-Dutchess,NY,0.0,0,0.30371286497513705,NYISO:2015
NYISO,OTHER,transmission,2015.0,Columbia-Rensselaer,NY,0.0,0,0.30371286497513705,NYISO:2015
NYISO,OTHER,transmission,2015.0,Oneida-Albany,NY,0.0,0,0.30371286497513705,NYISO:2015
NYISO,OTHER,transmission,2015.0,Rensselaer-Dutchess,NY,0.0,0,0.30371286497513705,NYISO:2015
NYISO,LIPA,solar,2015.0,Suffolk,NY,10.0,0,0.15738050798993866,NYISO:2015
NYISO,NYPA,wind,2015.0,Franklin-Clinton,NY,200.0,0,0.12473352254809209,NYISO:2015
NYISO,NM-NG,wind,2015.0,Washington,NY,20.0,0,0.12350761855311906,NYISO:2015
NYISO,OTHER,transmission,2015.0,Oneida-Delaware,NY,0.0,0,0.30371286497513705,NYISO:2015
NYISO,OTHER,transmission,2015.0,Dutchess,NY,0.0,0,0.30371286497513705,NYISO:2015
NYISO,OTHER,transmission,2015.0,Oneida-Dutchess,NY,0.0,0,0.30371286497513705,NYISO:2015
NYISO,OTHER,transmission,2015.0,Oneida-Dutchess,NY,0.0,0,0.30371286497513705,NYISO:2015
NYISO,OTHER,transmission,2015.0,Greene-Dutchess,NY,0.0,0,0.30371286497513705,NYISO:2015
NYISO,OTHER,transmission,2015.0,Oneida-Dutchess,NY,0.0,0,0.30371286497513705,NYISO:2015
NYISO,OTHER,transmission,2015.0,Albany-Dutchess,NY,0.0,0,0.30371286497513705,NYISO:2015
NYISO,OTHER,transmission,2015.0,Oneida-Dutchess,NY,0.0,0,0.30371286497513705,NYISO:2015
NYISO,OTHER,transmission,2015.0,Columbia-Dutchess,NY,0.0,0,0.30371286497513705,NYISO:2015
NYISO,LIPA,storage,2015.0,Suffolk,NY,20.0,0,0.33623519337805047,NYISO:2015
NYISO,LIPA,storage,2015.0,Nassau,NY,20.0,0,0.33623519337805047,NYISO:2015
NYISO,LIPA,storage,2015.0,Suffolk,NY,20.0,0,0.33623519337805047,NYISO:2015
NYISO,LIPA,storage,2015.0,Suffolk,NY,20.0,0,0.33623519337805047,NYISO:2015
NYISO,LIPA,storage,2015.0,Suffolk,NY,19.6,0,0.33623519337805047,NYISO:2015
NYISO,LIPA,other,2015.0,Suffolk,NY,19.6,0,0.39774066513196943,NYISO:2015
NYISO,LIPA,other,2015.0,Suffolk,NY,19.6,0,0.39774066513196943,NYISO:2015
NYISO,NM-NG,wind,2015.0,Genesee,NY,79.8,0,0.06555555555555556,NYISO:2015
NYISO,NYSEG,gas,2015.0,Clinton,PA,504.0,0,0.0768108108108108,NYISO:2015
NYISO,NYPA,wind,2015.0,Clinton,NY,303.6,0,0.0887155727155727,NYISO:2015
NYISO,NYSEG,gas,2015.0,Tioga,PA,550.0,0,0.0768108108108108,NYISO:2015
NYISO,NM-NG,solar,2015.0,Schoharie,NY,19.6,0,0.1145335541886553,NYISO:2015
NYISO,NM-NG,solar,2015.0,Rensselaer,NY,2.0,0,0.17067931588518978,NYISO:2015
NYISO,NM-NG,solar,2015.0,Schenectady,NY,2.0,0,0.17067931588518978,NYISO:2015
NYISO,OTHER,unknown,2015.0,Dutchess,NY,18.3,0,0.016666666666666666,NYISO:2015
NYISO,OTHER,unknown,2015.0,Dutchess,NY,18.3,0,0.016666666666666666,NYISO:2015
NYISO,OTHER,unknown,2015.0,Dutchess,NY,18.3,0,0.016666666666666666,NYISO:2015
NYISO,OTHER,transmission,2015.0,Greene-Ulster,NY,0.0,0,0.30371286497513705,NYISO:2015
NYISO,OTHER,transmission,2015.0,Onondaga,NY,1000.0,0,0.06820530890298332,NYISO:2015
NYISO,NM-NG,hydro,2015.0,Washington,NY,14.8,0,0.2640740931509348,NYISO:2015
NYISO,NM-NG,other,2015.0,Greene,NY,18.2,0,0.25662060871779546,NYISO:2015
NYISO,OTHER,unknown,2015.0,Greene,NY,18.2,0,0.016666666666666666,NYISO:2015
NYISO,NM-NG,gas,2015.0,St. Lawrence,NY,90.1,0,0.13465600316824713,NYISO:2015
NYISO,NM-NG,hydro,2015.0,Lewis,NY,2.5,0,0.3584747697370418,NYISO:2015
NYISO,NM-NG,wind,2015.0,Rensselaer,NY,120.0,0,0.05828282828282828,NYISO:2015
NYISO,CONED,gas,2015.0,NY,NY,1000.0,0,0.052222222222222225,NYISO:2015
NYISO,CONED,gas,2015.0,Union,NJ,234.4,0,0.10509652509652509,NYISO:2015
NYISO,CONED,transmission,2015.0,Rockland,NY,0.0,0,0.31774105689706705,NYISO:2015
NYISO,NYSEG,wind,2015.0,Madison,NY,72.6,0,0.0887155727155727,NYISO:2015
NYISO,NYPA,wind,2015.0,Clinton,NY,449.0,0,0.0768108108108108,NYISO:2015
NYISO,NM-NG,steam,2015.0,Chautauqua,NY,75.0,0,0.05828282828282828,NYISO:2015
NYISO,NM-NG,steam,2015.0,Chautauqua,NY,370.0,0,0.03,NYISO:2015
NYISO,OTHER,transmission,2015.0,Niagara,NY,0.0,0,0.30371286497513705,NYISO:2015
NYISO,NM-NG,wind,2015.0,St. Lawrence,NY,100.0,0,0.06555555555555556,NYISO:2015
NYISO,NM-NG,wind,2015.0,Jefferson,NY,250.0,0,0.05828282828282828,NYISO:2015
NYISO,NM-NG,transmission,2015.0,Niagara-Erie,NY,0.0,0,0.3293081227943643,NYISO:2015
NYISO,NM-NG,transmission,2015.0,Niagara-Erie,NY,0.0,0,0.3293081227943643,NYISO:2015
NYISO,LIPA,solar,2015.0,Suffolk,NY,20.0,1,0.14939077088808947,NYISO:2015
NYISO,OTHER,transmission,2015.0,Oneida-Sullivan,NY,0.0,1,0.30371286497513705,NYISO:2015
NYISO,NM-NG,wind,2015.0,Chautauqua,NY,103.0,1,0.06555555555555556,NYISO:2015
NYISO,CONED,unmapped,2015.0,Hudson,NJ,129.4,1,0.11700128700128701,NYISO:2015
NYISO,NYSEG,storage,2015.0,Wyoming,NY,20.0,1,0.24987704172578123,NYISO:2015
NYISO,NM-NG,transmission,2015.0,Niagara,NY,0.0,1,0.3293081227943643,NYISO:2015
CAISO,PGAE,solar_storage,2016.0,STANISLAUS,CA,300.0,1,0.2596336254838279,CAISO:2016
CAISO,PGAE,solar,2016.0,KERN,CA,50.0,1,0.10322887712422928,CAISO:2016
CAISO,PGAE,storage,2016.0,SAN JOAQUIN,CA,25.0,1,0.20404916092877512,CAISO:2016
CAISO,PGAE,storage,2016.0,ALAMEDA,CA,400.0,1,0.19706343149992525,CAISO:2016
CAISO,PGAE,unmapped,2016.0,TUOLUMNE,CA,7.5,1,0.14522441009821035,CAISO:2016
CAISO,SDGE,solar_storage,2016.0,MARICOPA,AZ,52.5,1,0.4010374143581605,CAISO:2016
CAISO,SDGE,storage,2016.0,SAN DIEGO,CA,20.0,1,0.22192176107704822,CAISO:2016
CAISO,SCE,storage,2016.0,RIVERSIDE,CA,400.0,1,0.19706343149992525,CAISO:2016
CAISO,SCE,solar_storage,2016.0,RIVERSIDE,CA,213.5,1,0.24175550031435247,CAISO:2016
CAISO,SCE,storage,2016.0,SAN BERNARDINO,CA,113.5,1,0.19837290633881183,CAISO:2016
CAISO,SCE,solar_storage,2016.0,SAN BERNARDINO,CA,182.0,1,0.24692176107704822,CAISO:2016
CAISO,SCE,solar_storage,2016.0,KERN,CA,250.0,1,0.22192176107704822,CAISO:2016
CAISO,SCE,solar_storage,2016.0,KERN,CA,300.0,1,0.22192176107704822,CAISO:2016
CAISO,SCE,storage,2016.0,KERN,CA,179.0,1,0.19837290633881183,CAISO:2016
CAISO,SCE,solar_storage,2016.0,KERN,CA,40.0,1,0.39058849794949174,CAISO:2016
CAISO,SCE,solar_storage,2016.0,KERN,CA,110.0,1,0.39058849794949174,CAISO:2016
CAISO,SCE,solar_storage,2016.0,KERN,CA,105.2,1,0.39058849794949174,CAISO:2016
CAISO,OTHER,solar_storage,2016.0,CLARK,NV,250.0,1,0.2761606148889824,CAISO:2016
CAISO,PGAE,solar,2016.0,KINGS,CA,153.3,0,0.07458366628591599,CAISO:2016
CAISO,PGAE,solar_storage,2016.0,FRESNO,CA,60.0,0,0.39058849794949174,CAISO:2016
CAISO,PGAE,solar,2016.0,FRESNO,CA,102.0,0,0.07458366628591599,CAISO:2016
CAISO,PGAE,solar,2016.0,FRESNO,CA,42.1,0,0.10322887712422928,CAISO:2016
CAISO,PGAE,storage,2016.0,FRESNO,CA,50.83,0,0.19968869581249604,CAISO:2016
CAISO,PGAE,solar,2016.0,FRESNO,CA,60.85,0,0.10322887712422928,CAISO:2016
CAISO,PGAE,solar_storage,2016.0,FRESNO,CA,152.2,0,0.2758177800120779,CAISO:2016
CAISO,PGAE,solar,2016.0,FRESNO,CA,1043.0705,0,0.05420452171998822,CAISO:2016
CAISO,PGAE,solar,2016.0,FRESNO,CA,1042.4945,0,0.054233233354056595,CAISO:2016
CAISO,PGAE,storage,2016.0,MADERA,CA,50.5,0,0.19968869581249604,CAISO:2016
CAISO,PGAE,solar,2016.0,FRESNO,CA,51.0,0,0.10322887712422928,CAISO:2016
CAISO,PGAE,solar_storage,2016.0,FRESNO,CA,85.0,0,0.39058849794949174,CAISO:2016
CAISO,PGAE,solar,2016.0,FRESNO,CA,105.3,0,0.07458366628591599,CAISO:2016
CAISO,PGAE,solar_storage,2016.0,FRESNO,CA,80.77,0,0.39058849794949174,CAISO:2016
CAISO,PGAE,solar,2016.0,FRESNO,CA,61.0,0,0.10322887712422928,CAISO:2016
CAISO,PGAE,solar,2016.0,MERCED,CA,26.5,0,0.1387175668382711,CAISO:2016
CAISO,PGAE,solar,2016.0,KINGS,CA,20.22,0,0.1387175668382711,CAISO:2016
CAISO,PGAE,solar,2016.0,FRESNO,CA,307.624,0,0.05436825617821093,CAISO:2016
CAISO,PGAE,storage,2016.0,FRESNO,CA,30.6,0,0.19968869581249604,CAISO:2016
CAISO,PGAE,hybrid_multi,2016.0,MERCED,CA,200.0,0,0.09116234390821029,CAISO:2016
CAISO,PGAE,solar,2016.0,FRESNO,CA,40.53,0,0.10322887712422928,CAISO:2016
CAISO,PGAE,solar,2016.0,FRESNO,CA,105.3,0,0.07458366628591599,CAISO:2016
CAISO,PGAE,solar,2016.0,FRESNO,CA,202.922,0,0.06281896040356305,CAISO:2016
CAISO,PGAE,solar,2016.0,MADERA,CA,101.97,0,0.07458366628591599,CAISO:2016
CAISO,PGAE,solar,2016.0,FRESNO,CA,42.1,0,0.10322887712422928,CAISO:2016
CAISO,PGAE,solar,2016.0,FRESNO,CA,71.08,0,0.10322887712422928,CAISO:2016
CAISO,PGAE,solar,2016.0,FRESNO,CA,20.2,0,0.1387175668382711,CAISO:2016
CAISO,PGAE,solar,2016.0,KERN,CA,158.135,0,0.07184149310022174,CAISO:2016
CAISO,PGAE,solar,2016.0,KERN,CA,40.9,0,0.10322887712422928,CAISO:2016
CAISO,PGAE,solar,2016.0,KERN,CA,91.74,0,0.07756677279876938,CAISO:2016
CAISO,PGAE,solar,2016.0,KERN,CA,20.29,0,0.1387175668382711,CAISO:2016
CAISO,PGAE,solar,2016.0,KERN,CA,229.16,0,0.06120012344640722,CAISO:2016
CAISO,PGAE,solar,2016.0,KERN,CA,203.635,0,0.06281896040356305,CAISO:2016
CAISO,PGAE,solar,2016.0,KERN,CA,157.735,0,0.07342485341614728,CAISO:2016
CAISO,PGAE,solar,2016.0,KERN,CA,101.0,0,0.07458366628591599,CAISO:2016
CAISO,PGAE,solar,2016.0,KERN,CA,50.75,0,0.10322887712422928,CAISO:2016
CAISO,PGAE,solar,2016.0,KINGS,CA,21.1925,0,0.1387175668382711,CAISO:2016
CAISO,PGAE,storage,2016.0,EL DORADO,CA,50.5,0,0.19968869581249604,CAISO:2016
CAISO,PGAE,wind,2016.0,YOLO,CA,158.4,0,0.06281896040356305,CAISO:2016
CAISO,PGAE,solar_storage,2016.0,ALAMEDA,CA,38.5,0,0.39058849794949174,CAISO:2016
CAISO,PGAE,wind,2016.0,HUMBOLDT,CA,125.0,0,0.06281896040356305,CAISO:2016
CAISO,PGAE,storage,2016.0,SANTA CLARA,CA,414.0,0,0.19706343149992525,CAISO:2016
CAISO,PGAE,solar,2016.0,TEHAMA,CA,252.15,0,0.05667240176346209,CAISO:2016
CAISO,PGAE,solar,2016.0,STANISLAUS,CA,40.64,0,0.10322887712422928,CAISO:2016
CAISO,PGAE,storage,2016.0,SHASTA,CA,110.0,0,0.19968869581249604,CAISO:2016
CAISO,PGAE,solar_storage,2016.0,LASSEN,CA,46.018,0,0.39058849794949174,CAISO:2016
CAISO,PGAE,solar,2016.0,BUTTE,CA,20.226,0,0.1387175668382711,CAISO:2016
CAISO,PGAE,storage,2016.0,SAN MATEO,CA,20.23,0,0.20404916092877512,CAISO:2016
CAISO,PGAE,solar,2016.0,STANISLAUS,CA,101.908,0,0.07458366628591599,CAISO:2016
CAISO,PGAE,unmapped,2016.0,PLUMAS,CA,24.0,0,0.14134283115084192,CAISO:2016
CAISO,PGAE,wind,2016.0,LAKE,CA,140.9,0,0.06281896040356305,CAISO:2016
CAISO,SDGE,solar,2016.0,YUMA,AZ,203.48,0,0.10322887712422928,CAISO:2016
CAISO,SDGE,solar,2016.0,IMPERIAL,CA,726.41,0,0.07458366628591599,CAISO:2016
CAISO,SDGE,wind,2016.0,SAN DIEGO,CA,207.9,0,0.09436825617821094,CAISO:2016
CAISO,SDGE,solar,2016.0,YUMA,AZ,203.48,0,0.10322887712422928,CAISO:2016
CAISO,SDGE,storage,2016.0,SAN DIEGO,CA,101.0,0,0.19968869581249604,CAISO:2016
CAISO,SDGE,storage,2016.0,SAN DIEGO,CA,201.2,0,0.19968869581249604,CAISO:2016
CAISO,SDGE,storage,2016.0,SAN DIEGO,CA,20.0,0,0.22192176107704822,CAISO:2016
CAISO,SDGE,solar,2016.0,YUMA,AZ,400.0,0,0.07842267557384168,CAISO:2016
CAISO,OTHER,solar,2016.0,MARICOPA,AZ,306.87,0,0.07458366628591599,CAISO:2016
CAISO,SCE,solar,2016.0,RIVERSIDE,CA,153.45,0,0.06281896040356305,CAISO:2016
CAISO,OTHER,solar,2016.0,MARICOPA,AZ,515.126,0,0.05436825617821093,CAISO:2016
CAISO,SCE,wind,2016.0,RIVERSIDE,CA,150.0,0,0.05105425452121011,CAISO:2016
CAISO,SCE,solar,2016.0,RIVERSIDE,CA,60.0,0,0.06281896040356305,CAISO:2016
CAISO,SCE,solar,2016.0,RIVERSIDE,CA,118.5,0,0.06281896040356305,CAISO:2016
CAISO,SCE,storage,2016.0,LOS ANGELES,CA,201.5,0,0.19706343149992525,CAISO:2016
CAISO,SCE,solar,2016.0,SAN BERNADINO,CA,70.736,0,0.06281896040356305,CAISO:2016
CAISO,SCE,solar_storage,2016.0,SAN BERNARDINO,CA,100.0,0,0.39058849794949174,CAISO:2016
CAISO,SCE,solar,2016.0,SAN BERNARDINO,CA,203.86,0,0.05105425452121011,CAISO:2016
CAISO,SCE,solar,2016.0,SAN BERNARDINO,CA,300.0,0,0.05105425452121011,CAISO:2016
CAISO,SCE,solar,2016.0,SAN BERNARDINO,CA,210.94,0,0.05105425452121011,CAISO:2016
CAISO,SCE,solar,2016.0,SAN BERNARDINO,CA,81.2,0,0.06281896040356305,CAISO:2016
CAISO,SCE,solar,2016.0,INYO,CA,206.5,0,0.05105425452121011,CAISO:2016
CAISO,SCE,solar,2016.0,INYO,CA,78.2,0,0.06281896040356305,CAISO:2016
CAISO,SCE,solar_storage,2016.0,KERN,CA,500.0,0,0.22192176107704822,CAISO:2016
CAISO,SCE,solar_storage,2016.0,SAN BERNARDINO,CA,161.05,0,0.2687851919911883,CAISO:2016
CAISO,SCE,storage,2016.0,KERN,CA,402.0,0,0.19706343149992525,CAISO:2016
CAISO,SCE,solar,2016.0,KERN,CA,250.0,0,0.05105425452121011,CAISO:2016
CAISO,SCE,solar,2016.0,KERN,CA,700.0,0,0.04260355029585799,CAISO:2016
CAISO,SCE,solar,2016.0,KERN,CA,400.0,0,0.04260355029585799,CAISO:2016
CAISO,SCE,solar,2016.0,KERN,CA,82.0,0,0.06281896040356305,CAISO:2016
CAISO,SCE,solar,2016.0,KERN,CA,312.22,0,0.05105425452121011,CAISO:2016
CAISO,SCE,storage,2016.0,LOS ANGELES,CA,120.0,0,0.19837290633881183,CAISO:2016
CAISO,SCE,solar_storage,2016.0,KERN,CA,300.0,0,0.22192176107704822,CAISO:2016
CAISO,SCE,solar_storage,2016.0,KERN,CA,205.15,0,0.24692176107704822,CAISO:2016
CAISO,SCE,wind,2016.0,KERN,CA,277.6,0,0.05105425452121011,CAISO:2016
CAISO,SCE,hybrid_multi,2016.0,VENTURA,CA,312.0,0,0.06997197134848956,CAISO:2016
CAISO,SCE,solar,2016.0,CLARK,NV,375.0,0,0.044034855024666766,CAISO:2016
CAISO,SCE,solar,2016.0,MOHAVE,AZ,514.843,0,0.04260355029585799,CAISO:2016
CAISO,SCE,solar_storage,2016.0,CLARK,NV,256.8,0,0.22192176107704822,CAISO:2016
CAISO,OTHER,solar,2016.0,CLARK,NV,152.67,0,0.10322887712422928,CAISO:2016
CAISO,OTHER,solar,2016.0,NYE,NV,86.45,0,0.10322887712422928,CAISO:2016
CAISO,OTHER,solar,2016.0,CLARK,NV,66.02,0,0.10322887712422928,CAISO:2016
CAISO,OTHER,solar,2016.0,NYE,NV,714.042,0,0.05436825617821093,CAISO:2016
CAISO,OTHER,solar,2016.0,NYE,NV,203.307,0,0.10143530140602448,CAISO:2016
CAISO,OTHER,solar,2016.0,NYE,NV,204.96,0,0.10106201792941713,CAISO:2016
ISONE,NAN,unknown,2016.0,Grafton,NH,1200.0,0,0.04260355029585799,ISONE:2016
ISONE,NAN,wind,2016.0,Aroostook,ME,376.2,0,0.04505006447228658,ISONE:2016
ISONE,NAN,unknown,2016.0,Bristol,MA,1600.0,0,0.04260355029585799,ISONE:2016
ISONE,ISO-NE,wind,2016.0,,MA,800.0,1,0.14134283115084192,ISONE:2016
ISONE,ISO-NE,solar,2016.0,York,ME,150.0,0,0.18658166725378594,ISONE:2016
ISONE,OTHER,gas,2016.0,Middlesex,MA,43.0,1,0.40691976729933693,ISONE:2016
ISONE,NAN,wind,2016.0,Somerset,ME,93.6,0,0.052370043994894325,ISONE:2016
ISONE,ISO-NE,solar,2016.0,Washington,ME,75.0,0,0.2801015854811551,ISONE:2016
ISONE,NAN,unknown,2016.0,Berkshire,MA,,0,0.04260355029585799,ISONE:2016
ISONE,ISO-NE,wind,2016.0,,MA,800.0,0,0.14134283115084192,ISONE:2016
ISONE,NGRID,gas,2016.0,Essex,MA,61.851,1,0.40691976729933693,ISONE:2016
ISONE,NAN,solar,2016.0,Windsor,VT,19.9,0,0.10872554131992981,ISONE:2016
ISONE,NAN,solar,2016.0,Cheshire,NH,78.4,0,0.052370043994894325,ISONE:2016
ISONE,NAN,solar,2016.0,Franklin,ME,78.4,0,0.052370043994894325,ISONE:2016
ISONE,NAN,solar,2016.0,Windham,CT,63.0,0,0.052370043994894325,ISONE:2016
ISONE,NAN,hydro,2016.0,Penobscot,ME,0.0,1,0.3485739026376828,ISONE:2016
ISONE,ISO-NE,gas,2016.0,Fairfield,CT,102.0,0,0.40691976729933693,ISONE:2016
ISONE,NAN,unmapped,2016.0,Franklin,ME,75.0,0,0.08785873370893614,ISONE:2016
ISONE,NAN,unmapped,2016.0,New Haven,CT,23.52,0,0.11597389543719969,ISONE:2016
ISONE,NAN,gas,2016.0,Bristol,MA,68.01,0,0.11266493525932372,ISONE:2016
ISONE,NAN,wind,2016.0,Oxford,ME,0.0,1,0.12573911598056328,ISONE:2016
ISONE,NAN,hydro,2016.0,Chittenden,VT,1.59,1,0.3485739026376828,ISONE:2016
ISONE,NAN,solar,2016.0,York,ME,0.0,1,0.14795273827158495,ISONE:2016
ISONE,NAN,gas,2016.0,Windham,CT,0.0,1,0.17123370936685917,ISONE:2016
ISONE,NAN,gas,2016.0,Rockingham,NH,0.0,1,0.17123370936685917,ISONE:2016
ISONE,ISO-NE,hydro,2016.0,Grafton,NH,4.6,1,0.502005993790798,ISONE:2016
ISONE,NAN,gas,2016.0,Providence,RI,40.0,0,0.11397441009821034,ISONE:2016
ISONE,NAN,gas,2016.0,Providence,RI,21.077,0,0.12573911598056328,ISONE:2016
ISONE,NAN,solar,2016.0,Cheshire,NH,65.0,0,0.052370043994894325,ISONE:2016
ISONE,ISO-NE,gas,2016.0,Windham,CT,563.0,0,0.20878874471260772,ISONE:2016
ISONE,NAN,hydro,2016.0,Oxford/Franklin/Androscoggin,ME,28.325,0,0.13009958109684236,ISONE:2016
ISONE,NAN,gas,2016.0,Windham,CT,1120.0,0,0.05105425452121011,ISONE:2016
ISONE,ISO-NE,gas,2016.0,Fairfield,CT,0.0,1,0.4769911355046836,ISONE:2016
ISONE,NAN,wind,2016.0,Franklin,ME,0.0,0,0.12573911598056328,ISONE:2016
ISONE,NAN,wind,2016.0,Franklin,ME,0.0,0,0.12573911598056328,ISONE:2016
ISONE,ISO-NE,hydro,2016.0,Berkshire,MA,66.0,1,0.40691976729933693,ISONE:2016
ISONE,NAN,unknown,2016.0,Cumberland,ME,400.0,0,0.04260355029585799,ISONE:2016
ISONE,NAN,unknown,2016.0,Somerset and Penobscot,ME,1200.0,0,0.04260355029585799,ISONE:2016
ISONE,NAN,unknown,2016.0,Somerset,ME,550.0,0,0.04260355029585799,ISONE:2016
ISONE,ISO-NE,solar,2016.0,Windham,CT,49.0,1,0.29222074480596893,ISONE:2016
ISONE,NAN,solar,2016.0,Cheshire,NH,98.0,0,0.052370043994894325,ISONE:2016
ISONE,ISO-NE,unmapped,2016.0,Sullivan,NH,3.363,1,0.45081117001426907,ISONE:2016
MISO,ENTERGY,wind,2016.0,Crittenden County,AR,100.05,0,0.05105425452121011,MISO:2016
MISO,ENTERGY,solar,2016.0,Concordia Parish,LA,35.0,0,0.09727259063920182,MISO:2016
MISO,ENTERGY,solar,2016.0,Carroll County,MS,100.0,1,0.052370043994894325,MISO:2016
MISO,OTHER,unknown,2016.0,Rapides Parish,LA,52.0,0,0.04260355029585799,MISO:2016
MISO,ITC MIDWEST,unknown,2016.0,Macomb County,MI,1.6,1,0.04260355029585799,MISO:2016
MISO,OTHER,solar,2016.0,Stearns County,MN,50.0,0,0.12049024720228277,MISO:2016
MISO,OTHER,wind,2016.0,"McHenry County,McLean County,Ward County",ND,200.0,0,0.05105425452121011,MISO:2016
MISO,OTHER,wind,2016.0,Franklin County,IA,99.0,0,0.11134914578563952,MISO:2016
MISO,METC,solar,2016.0,Muskegon County,MI,147.4,0,0.05374140717702899,MISO:2016
MISO,AMERICAN TRANSMISSION CO. LLC,wind,2016.0,Manitowoc County,WI,100.8,0,0.08654294423525193,MISO:2016
MISO,ENTERGY,solar,2016.0,Ashley County,AR,100.0,1,0.052370043994894325,MISO:2016
MISO,ENTERGY,solar,2016.0,West Baton Rouge Parish,LA,50.0,1,0.08818975944027432,MISO:2016
MISO,OTHER,wind,2016.0,"Emmons County,Logan County",ND,51.0,0,0.11134914578563952,MISO:2016
MISO,ENTERGY,solar,2016.0,Orleans Parish,LA,20.0,0,0.12442964114167668,MISO:2016
MISO,OTHER,wind,2016.0,Plymouth County,IA,200.0,1,0.05105425452121011,MISO:2016
MISO,OTHER,solar,2016.0,Stoddard County,MO,100.0,0,0.08859097949694279,MISO:2016
MISO,OTHER,wind,2016.0,Audrain County,MO,100.05,0,0.11134914578563952,MISO:2016
MISO,OTHER,solar,2016.0,Spencer County,IN,70.0,1,0.08894095142763486,MISO:2016
MISO,METC,storage,2016.0,Gratiot County,MI,20.0,0,0.21380029215049454,MISO:2016
MISO,OTHER,solar,2016.0,Breckinridge County,KY,100.0,0,0.08859097949694279,MISO:2016
MISO,OTHER,wind,2016.0,Deuel County,SD,200.0,0,0.05105425452121011,MISO:2016
MISO,OTHER,wind,2016.0,"Morgan County,Sangamon County",IL,303.6,1,0.05105425452121011,MISO:2016
MISO,OTHER,wind,2016.0,Montgomery County,IN,303.6,0,0.05105425452121011,MISO:2016
MISO,ITC MIDWEST,wind,2016.0,Franklin County,IA,99.0,0,0.05105425452121011,MISO:2016
MISO,OTHER,wind,2016.0,Sheridan County,ND,200.0,0,0.05105425452121011,MISO:2016
MISO,ITC MIDWEST,wind,2016.0,Tuscola County,MI,100.0,1,0.05105425452121011,MISO:2016
MISO,AMEREN ILLINOIS,wind,2016.0,Logan County,IL,202.4,1,0.05193002460318626,MISO:2016
MISO,OTHER,wind,2016.0,Barnes County,ND,300.0,0,0.05105425452121011,MISO:2016
MISO,AMERICAN TRANSMISSION CO. LLC,gas,2016.0,Marquette County,MI,128.1,1,0.12573911598056328,MISO:2016
MISO,AMERICAN TRANSMISSION CO. LLC,gas,2016.0,Baraga County,MI,54.9,1,0.1375038218629162,MISO:2016
MISO,OTHER,wind,2016.0,Renville County,MN,102.0,0,0.11134914578563952,MISO:2016
MISO,OTHER,gas,2016.0,Posey County,IN,847.0,0,0.1074097518462456,MISO:2016
MISO,AMERICAN TRANSMISSION CO. LLC,wind,2016.0,Green County,WI,60.0,0,0.08785873370893614,MISO:2016
MISO,OTHER,wind,2016.0,Atchison County,MO,150.0,0,0.0758604560715977,MISO:2016
MISO,OTHER,solar,2016.0,Greene County,MS,100.0,0,0.08859097949694279,MISO:2016
MISO,OTHER,solar,2016.0,Meade County,KY,200.0,1,0.07764274886848524,MISO:2016
MISO,AMERICAN TRANSMISSION CO. LLC,gas,2016.0,Rock County,WI,30.0,1,0.14134283115084192,MISO:2016
MISO,ITC MIDWEST,wind,2016.0,Faribault County,MN,200.0,0,0.05105425452121011,MISO:2016
MISO,AMERICAN TRANSMISSION CO. LLC,wind,2016.0,Iowa County,WI,200.0,0,0.053421593348633514,MISO:2016
MISO,METC,solar,2016.0,Calhoun County,MI,200.0,1,0.052370043994894325,MISO:2016
MISO,OTHER,wind,2016.0,Palo Alto County,IA,200.0,0,0.05105425452121011,MISO:2016
MISO,ITC MIDWEST,wind,2016.0,Story County,IA,12.0,0,0.11266493525932372,MISO:2016
MISO,OTHER,solar,2016.0,Fillmore County,MN,49.98,1,0.12049024720228277,MISO:2016
MISO,NORTHERN STATES POWER COMPANY,solar,2016.0,Renville County,MN,33.0,0,0.09867206538410092,MISO:2016
MISO,AMEREN ILLINOIS,gas,2016.0,Ford County,IL,57.1,1,0.13308513590648868,MISO:2016
MISO,ITC MIDWEST,wind,2016.0,Franklin County,IA,200.0,0,0.05105425452121011,MISO:2016
MISO,OTHER,wind,2016.0,"Codington County,Deuel County",SD,200.0,0,0.05105425452121011,MISO:2016
MISO,NORTHERN STATES POWER COMPANY,wind,2016.0,Nobles County,MN,100.0,0,0.05105425452121011,MISO:2016
MISO,METC,wind,2016.0,Isabella County,MI,200.1,1,0.0533590898947461,MISO:2016
MISO,OTHER,wind,2016.0,Oliver County,ND,3.84,0,0.13009958109684236,MISO:2016
MISO,NORTHERN STATES POWER COMPANY,wind,2016.0,Lyon County,MN,200.0,0,0.05105425452121011,MISO:2016
MISO,METC,wind,2016.0,Isabella County,MI,200.1,1,0.0533590898947461,MISO:2016
MISO,NORTHERN STATES POWER COMPANY,solar,2016.0,Renville County,MN,90.0,0,0.052370043994894325,MISO:2016
MISO,OTHER,wind,2016.0,"Jasper County,Pulaski County",IN,200.0,0,0.05105425452121011,MISO:2016
MISO,OTHER,wind,2016.0,"Emmons County,Logan County",ND,51.0,0,0.11134914578563952,MISO:2016
MISO,ENTERGY,solar,2016.0,Lafayette Parish,LA,20.0,0,0.12442964114167668,MISO:2016
MISO,AMERICAN TRANSMISSION CO. LLC,wind,2016.0,Baraga County,MI,130.0,0,0.08654294423525193,MISO:2016
MISO,OTHER,solar,2016.0,Spencer County,IN,70.0,1,0.08894095142763486,MISO:2016
MISO,ITC MIDWEST,wind,2016.0,Hancock County,IA,12.0,0,0.11266493525932372,MISO:2016
NYISO,OTHER,transmission,2016.0,Niagara-Erie,NY,0.0,0,0.20930603041702422,NYISO:2016
NYISO,OTHER,wind,2016.0,Allegany,NY,100.0,0,0.0758604560715977,NYISO:2016
NYISO,LIPA,transmission,2016.0,Nassau,NY,275.0,0,0.136188032389232,NYISO:2016
NYISO,NM-NG,solar,2016.0,Washington,NY,20.0,0,0.1387175668382711,NYISO:2016
NYISO,LIPA,transmission,2016.0,Suffolk,NY,275.0,0,0.136188032389232,NYISO:2016
NYISO,OTHER,transmission,2016.0,Oneida-Albany,NY,0.0,0,0.20930603041702422,NYISO:2016
NYISO,OTHER,transmission,2016.0,Albany-Dutchess,NY,0.0,0,0.20930603041702422,NYISO:2016
NYISO,OTHER,transmission,2016.0,Albany-Dutchess,NY,0.0,0,0.20930603041702422,NYISO:2016
NYISO,OTHER,transmission,2016.0,Oneida-Dutchess,NY,1000.0,0,0.0758604560715977,NYISO:2016
NYISO,OTHER,transmission,2016.0,Oneida-Dutchess,NY,1000.0,0,0.0758604560715977,NYISO:2016
NYISO,NM-NG,transmission,2016.0,Oneida-Albany,NY,0.0,0,0.2841754067917759,NYISO:2016
NYISO,OTHER,wind,2016.0,Cattaraugus,NY,100.5,0,0.0758604560715977,NYISO:2016
NYISO,NM-NG,solar,2016.0,Onondaga,NY,20.0,0,0.1387175668382711,NYISO:2016
NYISO,OTHER,transmission,2016.0,Niagara-Erie,NY,0.0,0,0.20930603041702422,NYISO:2016
NYISO,OTHER,transmission,2016.0,Niagara-Erie,NY,0.0,0,0.20930603041702422,NYISO:2016
NYISO,OTHER,transmission,2016.0,Niagara-Erie,NY,0.0,0,0.20930603041702422,NYISO:2016
NYISO,OTHER,transmission,2016.0,Niagara-Erie,NY,0.0,0,0.20930603041702422,NYISO:2016
NYISO,NM-NG,solar,2016.0,Monroe,NY,20.0,0,0.1387175668382711,NYISO:2016
NYISO,NM-NG,solar,2016.0,Monroe,NY,20.0,0,0.1387175668382711,NYISO:2016
NYISO,NM-NG,solar,2016.0,Monroe,NY,20.0,0,0.1387175668382711,NYISO:2016
NYISO,NM-NG,unknown,2016.0,,NY,0.0,0,0.04260355029585799,NYISO:2016
NYISO,NM-NG,transmission,2016.0,Oneida-Albany,NY,0.0,0,0.2841754067917759,NYISO:2016
NYISO,NM-NG,transmission,2016.0,Oneida-Albany,NY,0.0,0,0.2841754067917759,NYISO:2016
NYISO,OTHER,transmission,2016.0,Oneida-Albany,NY,0.0,0,0.20930603041702422,NYISO:2016
NYISO,OTHER,transmission,2016.0,Oneida-Albany,NY,0.0,0,0.20930603041702422,NYISO:2016
NYISO,NM-NG,wind,2016.0,Lewis,NY,100.0,0,0.12299791577797796,NYISO:2016
NYISO,CONED,steam,2016.0,NY,NY,385.0,0,0.05105425452121011,NYISO:2016
NYISO,NM-NG,solar,2016.0,Columbia-Dutchess,NY,20.0,0,0.1387175668382711,NYISO:2016
NYISO,NM-NG,solar,2016.0,Herkimer,NY,20.0,0,0.1387175668382711,NYISO:2016
NYISO,NM-NG,solar,2016.0,Montgomery,NY,20.0,0,0.1387175668382711,NYISO:2016
NYISO,NM-NG,solar,2016.0,Montgomery,NY,20.0,0,0.1387175668382711,NYISO:2016
NYISO,NYSEG,solar,2016.0,Delaware,NY,20.0,0,0.1400270416771577,NYISO:2016
NYISO,OTHER,solar,2016.0,Greene,NY,50.0,0,0.09198562707022973,NYISO:2016
NYISO,NM-NG,wind,2016.0,Jefferson-Oswego,NY,450.0,0,0.05105425452121011,NYISO:2016
NYISO,CONED,steam,2016.0,NY,NY,385.0,0,0.05105425452121011,NYISO:2016
NYISO,OTHER,solar,2016.0,Greene,NY,20.0,0,0.14668918207727277,NYISO:2016
NYISO,NM-NG,solar,2016.0,Schoharie,NY,20.0,0,0.1387175668382711,NYISO:2016
NYISO,NM-NG,solar,2016.0,Schoharie,NY,20.0,0,0.1387175668382711,NYISO:2016
NYISO,NM-NG,solar,2016.0,Livingston,NY,20.0,0,0.1387175668382711,NYISO:2016
NYISO,NYSEG,solar,2016.0,Steuben,NY,20.0,0,0.1400270416771577,NYISO:2016
NYISO,OTHER,transmission,2016.0,Niagara-Erie,NY,0.0,0,0.20930603041702422,NYISO:2016
NYISO,NM-NG,solar,2016.0,Lewis,NY,15.0,0,0.1387175668382711,NYISO:2016
NYISO,NYSEG,solar,2016.0,Wyoming,NY,20.0,0,0.1400270416771577,NYISO:2016
NYISO,NYSEG,solar,2016.0,Wyoming,NY,20.0,0,0.1400270416771577,NYISO:2016
NYISO,NM-NG,storage,2016.0,Cattaraugus,NY,100.0,0,0.20357045028473886,NYISO:2016
NYISO,NM-NG,wind,2016.0,Lewis,NY,103.9,1,0.12102669336490364,NYISO:2016
NYISO,OTHER,transmission,2016.0,Albany-Dutchess,NY,0.0,1,0.20930603041702422,NYISO:2016
NYISO,OTHER,transmission,2016.0,Niagara-Erie,NY,0.0,1,0.20930603041702422,NYISO:2016
NYISO,NM-NG,wind,2016.0,Lewis,NY,79.7,1,0.12311385166799246,NYISO:2016
NYISO,NM-NG,transmission,2016.0,Oneida-Albany,NY,0.0,1,0.2841754067917759,NYISO:2016
NYISO,NYPA,transmission,2016.0,St. Lawrence-Lewis,NY,0.0,1,0.39058849794949174,NYISO:2016
NYISO,NM-NG,solar,2016.0,Albany,NY,20.0,1,0.1387175668382711,NYISO:2016
NYISO,NYSEG,wind,2016.0,Broome,NY,111.8,1,0.12311385166799246,NYISO:2016
NYISO,NM-NG,hydro,2016.0,Oswego,NY,1.3,1,0.39058849794949174,NYISO:2016
CAISO,SDGE,gas,2017.0,USA,CA,18.0,1,0.19964882197461958,CAISO:2017
CAISO,PGAE,solar_storage,2017.0,STANISLAUS,CA,20.0,1,0.38436288735452645,CAISO:2017
CAISO,PGAE,storage,2017.0,LAKE,CA,25.0,1,0.2239084104496996,CAISO:2017
CAISO,PGAE,storage,2017.0,MONTEREY,CA,182.5,1,0.2239084104496996,CAISO:2017
CAISO,PGAE,solar_storage,2017.0,KERN,CA,100.0,1,0.34185960820929606,CAISO:2017
CAISO,PGAE,solar,2017.0,KERN,CA,200.0,1,0.07107071612543434,CAISO:2017
CAISO,SCE,gas,2017.0,SAN BERNARDINO,CA,38.0,1,0.13279672082022304,CAISO:2017
CAISO,SCE,solar_storage,2017.0,SAN BERNARDINO,CA,100.0,1,0.38436288735452645,CAISO:2017
CAISO,SCE,solar_storage,2017.0,KERN,CA,500.0,1,0.290855477333355,CAISO:2017
CAISO,SDGE,storage,2017.0,SAN DIEGO,CA,30.0,1,0.2258462094927618,CAISO:2017
CAISO,PGAE,storage,2017.0,CONTRA COSTA,CA,39.673,0,0.2239084104496996,CAISO:2017
CAISO,PGAE,solar_storage,2017.0,ALAMEDA,CA,37.7,0,0.38436288735452645,CAISO:2017
CAISO,PGAE,storage,2017.0,CALAVERAS,CA,100.0,0,0.2239084104496996,CAISO:2017
CAISO,PGAE,wind,2017.0,ALAMEDA,CA,150.0,0,0.06515310196917384,CAISO:2017
CAISO,PGAE,hydro,2017.0,MARIPOSA,CA,110.0,0,0.17095517008874803,CAISO:2017
CAISO,PGAE,storage,2017.0,SAN JOAQUIN,CA,60.0,0,0.2239084104496996,CAISO:2017
CAISO,PGAE,wind,2017.0,YOLO,CA,150.0,0,0.06515310196917384,CAISO:2017
CAISO,PGAE,wind,2017.0,YOLO,CA,100.0,0,0.08476364409366043,CAISO:2017
CAISO,PGAE,storage,2017.0,SAN MATEO,CA,20.0,0,0.2239084104496996,CAISO:2017
CAISO,PGAE,storage,2017.0,ALAMEDA,CA,100.0,0,0.2239084104496996,CAISO:2017
CAISO,PGAE,solar,2017.0,PLACER,CA,19.74,0,0.1451554193617019,CAISO:2017
CAISO,PGAE,solar,2017.0,ALAMEDA,CA,100.0,0,0.08758141687290097,CAISO:2017
CAISO,PGAE,solar,2017.0,TEHAMA,CA,350.0,0,0.05756796265028839,CAISO:2017
CAISO,PGAE,storage,2017.0,YUBA,CA,50.0,0,0.2239084104496996,CAISO:2017
CAISO,PGAE,storage,2017.0,ALAMEDA,CA,300.0,0,0.19810865972265349,CAISO:2017
CAISO,PGAE,storage,2017.0,CONTRA COSTA,CA,91.3,0,0.2239084104496996,CAISO:2017
CAISO,PGAE,solar,2017.0,FRESNO,CA,150.0,0,0.0794633874868897,CAISO:2017
CAISO,PGAE,solar,2017.0,FRESNO,CA,50.0,0,0.10493957796308018,CAISO:2017
CAISO,PGAE,solar_storage,2017.0,FRESNO,CA,20.0,0,0.38436288735452645,CAISO:2017
CAISO,PGAE,solar,2017.0,FRESNO,CA,70.0,0,0.09832303660969673,CAISO:2017
CAISO,PGAE,solar,2017.0,MERCED,CA,200.0,0,0.07107071612543434,CAISO:2017
CAISO,PGAE,solar_storage,2017.0,KERN,CA,75.0,0,0.38436288735452645,CAISO:2017
CAISO,PGAE,solar_storage,2017.0,FRESNO,CA,400.0,0,0.24474750273914184,CAISO:2017
CAISO,PGAE,solar_storage,2017.0,STANISLAUS,CA,101.44,0,0.3121299142124755,CAISO:2017
CAISO,PGAE,solar_storage,2017.0,MERCED / FRESNO,CA,40.2,0,0.38436288735452645,CAISO:2017
CAISO,PGAE,solar,2017.0,MERCED,CA,101.423,0,0.08604659843965157,CAISO:2017
CAISO,PGAE,solar_storage,2017.0,MADERA,CA,102.0,0,0.30068108340573446,CAISO:2017
CAISO,PGAE,solar_storage,2017.0,FRESNO,CA,150.0,0,0.29974750273914186,CAISO:2017
CAISO,PGAE,storage,2017.0,CONTRA COSTA,CA,81.11,0,0.2239084104496996,CAISO:2017
CAISO,PGAE,solar,2017.0,MERCED,CA,206.37,0,0.0691142684181686,CAISO:2017
CAISO,PGAE,solar_storage,2017.0,FRESNO,CA,76.56,0,0.38436288735452645,CAISO:2017
CAISO,PGAE,solar,2017.0,MERCED,CA,200.0,0,0.07107071612543434,CAISO:2017
CAISO,PGAE,solar,2017.0,FRESNO,CA,40.0,0,0.10493957796308018,CAISO:2017
CAISO,PGAE,solar,2017.0,KERN,CA,76.12,0,0.09832303660969673,CAISO:2017
CAISO,PGAE,solar_storage,2017.0,KERN,CA,200.0,0,0.256890359881999,CAISO:2017
CAISO,PGAE,solar,2017.0,MERCED,CA,102.29,0,0.08512188960188768,CAISO:2017
CAISO,PGAE,solar,2017.0,SANTA BARBARA,CA,30.42,0,0.13085892177716082,CAISO:2017
CAISO,PGAE,solar,2017.0,KERN,CA,16.345,0,0.1451554193617019,CAISO:2017
CAISO,OTHER,solar,2017.0,INYO,CA,266.5,0,0.07887859216525227,CAISO:2017
CAISO,OTHER,solar,2017.0,NYE,NV,69.26,0,0.13085892177716082,CAISO:2017
CAISO,OTHER,solar_storage,2017.0,MARICOPA,AZ,450.0,0,0.29974750273914186,CAISO:2017
CAISO,OTHER,solar_storage,2017.0,MARICOPA,AZ,150.0,0,0.38436288735452645,CAISO:2017
CAISO,SCE,solar_storage,2017.0,RIVERSIDE,CA,675.0,0,0.290855477333355,CAISO:2017
CAISO,SCE,solar,2017.0,RIVERSIDE,CA,150.0,0,0.07465541855851257,CAISO:2017
CAISO,SCE,storage,2017.0,RIVERSIDE,CA,200.0,0,0.19810865972265349,CAISO:2017
CAISO,SCE,wind,2017.0,RIVERSIDE,CA,150.0,0,0.09340544610086249,CAISO:2017
CAISO,SCE,solar,2017.0,SAN BERNADINO,CA,100.0,0,0.10880009824774908,CAISO:2017
CAISO,SCE,storage,2017.0,LOS ANGELES,CA,80.0,0,0.2258462094927618,CAISO:2017
CAISO,SCE,solar,2017.0,SAN BERNARDINO,CA,100.0,0,0.10880009824774908,CAISO:2017
CAISO,SCE,wind,2017.0,LOS ANGELES,CA,100.0,0,0.09768898713663796,CAISO:2017
CAISO,SCE,solar_storage,2017.0,TULARE,CA,99.0,0,0.38436288735452645,CAISO:2017
CAISO,SCE,solar,2017.0,KERN,CA,400.0,0,0.05466157022945199,CAISO:2017
CAISO,SCE,solar_storage,2017.0,KERN,CA,200.0,0,0.38436288735452645,CAISO:2017
CAISO,SCE,wind,2017.0,KERN,CA,37.4,0,0.10880009824774908,CAISO:2017
CAISO,SCE,solar,2017.0,KERN,CA,250.0,0,0.06515310196917384,CAISO:2017
CAISO,SCE,solar_storage,2017.0,LOS ANGELES,CA,90.0,0,0.38436288735452645,CAISO:2017
CAISO,SCE,hybrid_multi,2017.0,VENTURA,CA,312.0,0,0.06835227637577859,CAISO:2017
CAISO,SCE,wind,2017.0,KERN,CA,275.0,0,0.08734415955043107,CAISO:2017
CAISO,SDGE,solar_storage,2017.0,MARICOPA,AZ,125.0,0,0.38436288735452645,CAISO:2017
CAISO,SDGE,storage,2017.0,SAN DIEGO,CA,10.0,0,0.29974750273914186,CAISO:2017
CAISO,SDGE,wind,2017.0,SAN DIEGO,CA,400.0,0,0.06961930822522876,CAISO:2017
CAISO,SDGE,storage,2017.0,SAN DIEGO,CA,40.0,0,0.2258462094927618,CAISO:2017
CAISO,SDGE,storage,2017.0,SAN DIEGO,CA,10.0,0,0.29974750273914186,CAISO:2017
CAISO,SDGE,solar,2017.0,MARICOPA,AZ,150.0,0,0.10493957796308018,CAISO:2017
CAISO,SDGE,solar,2017.0,IMPERIAL,CA,150.0,0,0.10493957796308018,CAISO:2017
CAISO,SDGE,solar_storage,2017.0,IMPERIAL,CA,425.0,0,0.29974750273914186,CAISO:2017
CAISO,PGAE,gas,2017.0,FRESNO,CA,15.6,0,0.17095517008874803,CAISO:2017
ISONE,NAN,wind,2017.0,,MA,400.0,0,0.056965782122905026,ISONE:2017
ISONE,NAN,hybrid_multi,2017.0,,MA,75.0,0,0.07319296265028839,ISONE:2017
ISONE,NGRID,solar,2017.0,Worcester,MA,8.04,1,0.5165926747835365,ISONE:2017
ISONE,NGRID,solar,2017.0,Worcester,MA,5.97,1,0.5685138144419547,ISONE:2017
ISONE,NGRID,wind,2017.0,Providence,RI,21.0,1,0.4048307357995927,ISONE:2017
ISONE,NGRID,solar,2017.0,Washington,RI,6.12,0,0.5648649555760917,ISONE:2017
ISONE,NGRID,solar,2017.0,Washington,RI,7.0,0,0.5445878228469481,ISONE:2017
ISONE,NGRID,solar,2017.0,Washington,RI,13.875,1,0.4968728348856559,ISONE:2017
ISONE,NGRID,solar,2017.0,Providence,RI,16.25,1,0.4968728348856559,ISONE:2017
ISONE,NGRID,solar,2017.0,Kent,RI,31.34,1,0.4257442628657051,ISONE:2017
ISONE,NAN,storage,2017.0,Bristol,MA,100.0,0,0.19810865972265349,ISONE:2017
ISONE,ISO-NE,storage,2017.0,Middlesex,MA,100.0,0,0.3861291917023525,ISONE:2017
ISONE,NAN,storage,2017.0,Worcester,MA,50.0,0,0.2239084104496996,ISONE:2017
ISONE,NAN,storage,2017.0,Barnstable,MA,150.0,0,0.19810865972265349,ISONE:2017
ISONE,ISO-NE,solar,2017.0,Berkshire,MA,19.98,0,0.3852327327153512,ISONE:2017
ISONE,NAN,solar,2017.0,Coos,NH,20.0,0,0.11331398713663796,ISONE:2017
ISONE,NAN,solar,2017.0,Grafton,NH,20.0,0,0.11331398713663796,ISONE:2017
ISONE,NAN,solar,2017.0,Grafton,NH,20.0,0,0.11331398713663796,ISONE:2017
ISONE,NAN,solar_storage,2017.0,Worcester,MA,20.005,0,0.3861291917023525,ISONE:2017
ISONE,ISO-NE,solar,2017.0,Grafton,NH,20.0,0,0.3852327327153512,ISONE:2017
ISONE,ISO-NE,solar,2017.0,Hillsborough,NH,20.0,0,0.3852327327153512,ISONE:2017
ISONE,NAN,solar,2017.0,Grafton,NH,20.0,0,0.11331398713663796,ISONE:2017
ISONE,NAN,solar,2017.0,Grafton,NH,20.0,0,0.11331398713663796,ISONE:2017
ISONE,ISO-NE,solar,2017.0,Sullivan,NH,20.0,0,0.3852327327153512,ISONE:2017
ISONE,NAN,solar,2017.0,New London,CT,22.0,0,0.11331398713663796,ISONE:2017
ISONE,NAN,wind,2017.0,Franklin,VT,20.0,0,0.11331398713663796,ISONE:2017
ISONE,NAN,wind,2017.0,Aroostook,ME,630.0,0,0.05245189323401613,ISONE:2017
ISONE,NAN,solar,2017.0,Hartford,CT,26.0,0,0.11331398713663796,ISONE:2017
ISONE,ISO-NE,solar,2017.0,Somerset,ME,110.0,1,0.23156281772468149,ISONE:2017
ISONE,NAN,wind,2017.0,,MA,288.0,0,0.06749209791237872,ISONE:2017
ISONE,NAN,unknown,2017.0,Windsor,VT,,0,0.041340782122905026,ISONE:2017
ISONE,NAN,solar,2017.0,Somerset,ME,0.0,0,0.15283922805976252,ISONE:2017
ISONE,NAN,hybrid_multi,2017.0,Franklin,ME,0.0,0,0.17095517008874803,ISONE:2017
ISONE,NAN,hybrid_multi,2017.0,Franklin,ME,0.0,0,0.17095517008874803,ISONE:2017
ISONE,NAN,wind,2017.0,Franklin,ME,0.0,0,0.14399271337733452,ISONE:2017
ISONE,NAN,wind,2017.0,Franklin,ME,0.0,0,0.14399271337733452,ISONE:2017
ISONE,NAN,wind,2017.0,Franklin,ME,150.0,0,0.07410863926576217,ISONE:2017
ISONE,NAN,unknown,2017.0,Franklin,ME,450.0,0,0.041340782122905026,ISONE:2017
ISONE,ISO-NE,solar,2017.0,Windham,VT,20.0,0,0.3852327327153512,ISONE:2017
ISONE,NAN,unknown,2017.0,Lewiston,ME,540.0,0,0.041340782122905026,ISONE:2017
ISONE,NAN,unknown,2017.0,Lewiston,ME,200.0,0,0.041340782122905026,ISONE:2017
ISONE,NAN,unknown,2017.0,Hancock,ME,,0,0.041340782122905026,ISONE:2017
ISONE,NAN,wind,2017.0,Hancock,ME,0.0,0,0.14399271337733452,ISONE:2017
ISONE,ISO-NE,wind,2017.0,Oxford,ME,15.3,1,0.3852327327153512,ISONE:2017
ISONE,NAN,wind,2017.0,Aroostook,ME,0.0,0,0.14399271337733452,ISONE:2017
ISONE,NAN,wind,2017.0,Aroostook,ME,0.0,0,0.14399271337733452,ISONE:2017
ISONE,NAN,unknown,2017.0,Lewiston,ME,460.0,0,0.041340782122905026,ISONE:2017
ISONE,ISO-NE,unknown,2017.0,Berkshire,MA,600.0,0,0.05245189323401613,ISONE:2017
ISONE,NAN,unknown,2017.0,Colchester,VT,0.0,0,0.05245189323401613,ISONE:2017
ISONE,ISO-NE,wind,2017.0,Penobscot,ME,20.0,1,0.3852327327153512,ISONE:2017
ISONE,NAN,gas,2017.0,Middlesex,CT,0.0,0,0.31273501289213584,ISONE:2017
ISONE,ISO-NE,gas,2017.0,Middlesex,CT,23.0,0,0.4006173480999665,ISONE:2017
ISONE,NAN,solar,2017.0,Franklin,VT,20.1,0,0.11331398713663796,ISONE:2017
ISONE,NAN,solar,2017.0,Orange,VT,20.1,0,0.11331398713663796,ISONE:2017
ISONE,NAN,solar,2017.0,Franklin,VT,20.1,0,0.11331398713663796,ISONE:2017
ISONE,NAN,solar,2017.0,New Haven,CT,0.0,0,0.15283922805976252,ISONE:2017
ISONE,NAN,gas,2017.0,Norfolk,MA,34.85,0,0.11331398713663796,ISONE:2017
ISONE,NAN,wind,2017.0,Oxford,ME,65.55,0,0.11037281066604972,ISONE:2017
ISONE,NAN,unknown,2017.0,Plymouth,MA,1000.0,0,0.041340782122905026,ISONE:2017
ISONE,ISO-NE,unknown,2017.0,Androscoggin,ME,1200.0,1,0.05245189323401613,ISONE:2017
ISONE,NAN,solar,2017.0,Franklin,ME,0.0,0,0.15283922805976252,ISONE:2017
ISONE,NAN,hybrid_multi,2017.0,Franklin,ME,0.0,0,0.17095517008874803,ISONE:2017
ISONE,NAN,hybrid_multi,2017.0,Franklin,ME,0.0,0,0.17095517008874803,ISONE:2017
ISONE,NAN,wind,2017.0,Franklin,ME,0.0,0,0.14399271337733452,ISONE:2017
ISONE,NAN,wind,2017.0,Franklin,ME,0.0,0,0.14399271337733452,ISONE:2017
ISONE,NAN,wind,2017.0,Penobscot,ME,0.0,1,0.14399271337733452,ISONE:2017
ISONE,ISO-NE,hybrid_multi,2017.0,,MA,880.0,0,0.2239084104496996,ISONE:2017
ISONE,NAN,gas,2017.0,Coos,NH,8.0,0,0.14399271337733452,ISONE:2017
ISONE,NAN,unmapped,2017.0,Hartford,CT,2.153,0,0.16691988424568185,ISONE:2017
ISONE,NAN,solar,2017.0,New Haven,CT,20.0,0,0.11331398713663796,ISONE:2017
ISONE,NAN,solar,2017.0,Cheshire,NH,30.0,0,0.11331398713663796,ISONE:2017
MISO,OTHER,wind,2017.0,"Dodge County,Steele County",MN,200.0,0,0.16837908024292134,MISO:2017
MISO,ITC MIDWEST,wind,2017.0,Sanilac County,MI,200.0,0,0.2117916791174767,MISO:2017
MISO,ENTERGY,solar,2017.0,Franklin Parish,LA,50.0,0,0.3279719380075411,MISO:2017
MISO,OTHER,wind,2017.0,"Grand Forks County,Nelson County",ND,400.0,0,0.16644128119985915,MISO:2017
MISO,ENTERGY,solar,2017.0,Phillips County,AR,100.0,1,0.256890359881999,MISO:2017
MISO,ITC MIDWEST,wind,2017.0,Cerro Gordo County,IA,150.0,0,0.2546488219746196,MISO:2017
MISO,OTHER,wind,2017.0,Clinton County,IN,200.0,0,0.16837908024292134,MISO:2017
MISO,AMEREN ILLINOIS,wind,2017.0,Douglas County,IL,102.0,0,0.290855477333355,MISO:2017
MISO,ENTERGY,solar,2017.0,Morehouse Parish,LA,150.0,1,0.23585547733335493,MISO:2017
MISO,ENTERGY,solar,2017.0,St. Helena Parish,LA,50.0,0,0.3279719380075411,MISO:2017
MISO,METC,wind,2017.0,"Berrien County,Van Buren County",MI,200.0,0,0.2117916791174767,MISO:2017
MISO,ENTERGY,solar,2017.0,Polk County,TX,100.0,0,0.256890359881999,MISO:2017
MISO,ENTERGY,solar,2017.0,Chicot County,AR,150.0,0,0.23585547733335493,MISO:2017
MISO,ENTERGY,solar,2017.0,West Baton Rouge Parish,LA,50.0,0,0.3279719380075411,MISO:2017
MISO,ITC MIDWEST,wind,2017.0,Tuscola County,MI,49.0,1,0.38436288735452645,MISO:2017
MISO,ITC MIDWEST,wind,2017.0,"Jackson County,Martin County",MN,105.0,0,0.2832129338963843,MISO:2017
MISO,ITC MIDWEST,gas,2017.0,St. Clair County,MI,1175.0,1,0.28084620949276184,MISO:2017
MISO,METC,wind,2017.0,Gratiot County,MI,12.5,1,0.4125873226229258,MISO:2017
MISO,AMERICAN TRANSMISSION CO. LLC,solar,2017.0,Jefferson County,WI,149.0,1,0.23585547733335493,MISO:2017
MISO,OTHER,wind,2017.0,White County,IN,200.1,1,0.16837908024292134,MISO:2017
MISO,OTHER,wind,2017.0,Morgan County,IL,150.0,0,0.17289296913181024,MISO:2017
MISO,OTHER,solar,2017.0,Shelby County,IN,199.0,1,0.19771102293155737,MISO:2017
MISO,OTHER,solar,2017.0,Cass County,ND,60.0,0,0.24474750273914184,MISO:2017
MISO,AMEREN ILLINOIS,wind,2017.0,McLean County,IL,100.0,1,0.290855477333355,MISO:2017
MISO,AMERICAN TRANSMISSION CO. LLC,wind,2017.0,Marathon County,WI,99.9,0,0.290855477333355,MISO:2017
MISO,OTHER,solar,2017.0,Warren County,MO,139.0,1,0.20601088906274878,MISO:2017
MISO,OTHER,wind,2017.0,White County,IN,200.1,1,0.16837908024292134,MISO:2017
MISO,ITC MIDWEST,wind,2017.0,Kossuth County,IA,200.0,1,0.2117916791174767,MISO:2017
MISO,AMERICAN TRANSMISSION CO. LLC,wind,2017.0,Lafayette County,WI,99.9,0,0.290855477333355,MISO:2017
MISO,OTHER,wind,2017.0,Humboldt County,IA,150.0,0,0.17289296913181024,MISO:2017
MISO,ENTERGY,solar,2017.0,Lonoke County,AR,100.0,0,0.256890359881999,MISO:2017
MISO,OTHER,solar,2017.0,Sullivan County,IN,250.0,1,0.19771102293155737,MISO:2017
MISO,OTHER,solar,2017.0,"Sullivan County,Vigo County",IN,245.0,0,0.19771102293155737,MISO:2017
MISO,METC,solar,2017.0,Calhoun County,MI,149.0,1,0.23585547733335493,MISO:2017
MISO,AMEREN ILLINOIS,solar,2017.0,Randolph County,IL,99.0,1,0.256890359881999,MISO:2017
MISO,ITC MIDWEST,solar,2017.0,Clark County,MO,50.0,0,0.3279719380075411,MISO:2017
MISO,OTHER,wind,2017.0,Gibson County,IN,200.0,0,0.16837908024292134,MISO:2017
MISO,AMERICAN TRANSMISSION CO. LLC,wind,2017.0,Green County,WI,99.9,0,0.290855477333355,MISO:2017
MISO,METC,solar,2017.0,Cheboygan County,MI,100.0,0,0.256890359881999,MISO:2017
MISO,OTHER,wind,2017.0,"Fountain County,Montgomery County,Tippecanoe County",IN,300.0,0,0.16837908024292134,MISO:2017
MISO,OTHER,wind,2017.0,Montgomery County,IN,151.8,0,0.17289296913181024,MISO:2017
MISO,AMERICAN TRANSMISSION CO. LLC,wind,2017.0,Lafayette County,WI,41.4,0,0.38436288735452645,MISO:2017
MISO,METC,gas,2017.0,Saginaw County,MI,725.0,0,0.3754708619487396,MISO:2017
MISO,AMERICAN TRANSMISSION CO. LLC,gas,2017.0,Ozaukee County,WI,48.0,1,0.4125873226229258,MISO:2017
MISO,OTHER,gas,2017.0,Audubon County,IA,145.5,0,0.38436288735452645,MISO:2017
MISO,OTHER,wind,2017.0,Knox County,IL,300.0,1,0.16837908024292134,MISO:2017
MISO,AMEREN ILLINOIS,solar,2017.0,Christian County,IL,250.0,0,0.23414607562395323,MISO:2017
MISO,METC,solar,2017.0,Ottawa County,MI,99.0,0,0.256890359881999,MISO:2017
MISO,OTHER,wind,2017.0,Gibson County,IN,200.0,0,0.16837908024292134,MISO:2017
MISO,METC,gas,2017.0,Van Buren County,MI,1217.0,0,0.28084620949276184,MISO:2017
MISO,OTHER,solar,2017.0,Palo Alto County,IA,250.0,1,0.19771102293155737,MISO:2017
MISO,AMEREN ILLINOIS,wind,2017.0,Morgan County,IL,200.0,0,0.2117916791174767,MISO:2017
MISO,ENTERGY,wind,2017.0,Tunica County,MS,200.0,1,0.2117916791174767,MISO:2017
MISO,OTHER,solar,2017.0,Jasper County,IN,90.0,1,0.23385399751363276,MISO:2017
MISO,AMERICAN TRANSMISSION CO. LLC,wind,2017.0,Baraga County,MI,70.0,0,0.3754708619487396,MISO:2017
MISO,METC,wind,2017.0,Eaton County,MI,100.05,0,0.290855477333355,MISO:2017
MISO,ITC MIDWEST,solar,2017.0,Lapeer County,MI,100.0,0,0.256890359881999,MISO:2017
MISO,ENTERGY,solar,2017.0,Madison County,MS,100.0,1,0.256890359881999,MISO:2017
MISO,AMEREN ILLINOIS,solar,2017.0,Clay County,IL,275.0,1,0.2258462094927618,MISO:2017
MISO,ENTERGY,solar,2017.0,Phillips County,AR,100.0,1,0.256890359881999,MISO:2017
MISO,ITC MIDWEST,wind,2017.0,Faribault County,MN,200.0,0,0.2117916791174767,MISO:2017
MISO,ITC MIDWEST,solar,2017.0,Washtenaw County,MI,100.0,0,0.256890359881999,MISO:2017
MISO,AMEREN ILLINOIS,wind,2017.0,Ford County,IL,120.0,1,0.2546488219746196,MISO:2017
MISO,OTHER,wind,2017.0,Christian County,IL,250.0,0,0.16837908024292134,MISO:2017
MISO,AMEREN ILLINOIS,solar,2017.0,Jasper County,IL,45.0,0,0.3279719380075411,MISO:2017
MISO,NORTHERN STATES POWER COMPANY,wind,2017.0,Clark County,WI,99.9,0,0.290855477333355,MISO:2017
MISO,METC,solar,2017.0,Hillsdale County,MI,140.0,0,0.23585547733335493,MISO:2017
MISO,AMERICAN TRANSMISSION CO. LLC,solar,2017.0,Kenosha County,WI,200.0,1,0.23585547733335493,MISO:2017
MISO,AMERICAN TRANSMISSION CO. LLC,solar,2017.0,Delta County,MI,125.0,0,0.23585547733335493,MISO:2017
MISO,OTHER,solar,2017.0,Sherburne County,MN,49.98,0,0.24474750273914184,MISO:2017
MISO,AMEREN ILLINOIS,solar,2017.0,McLean County,IL,100.0,0,0.256890359881999,MISO:2017
MISO,AMEREN ILLINOIS,wind,2017.0,Macon County,IL,200.0,0,0.2117916791174767,MISO:2017
MISO,METC,solar,2017.0,Lenawee County,MI,150.0,1,0.23585547733335493,MISO:2017
MISO,AMERICAN TRANSMISSION CO. LLC,solar,2017.0,Rock County,WI,250.0,1,0.23414607562395323,MISO:2017
MISO,ENTERGY,solar,2017.0,Ouachita Parish,LA,100.0,0,0.256890359881999,MISO:2017
MISO,ENTERGY,solar,2017.0,Polk County,TX,200.0,0,0.23585547733335493,MISO:2017
MISO,AMEREN ILLINOIS,solar,2017.0,Montgomery County,IL,15.0,0,0.4125873226229258,MISO:2017
MISO,OTHER,wind,2017.0,Palo Alto County,IA,50.0,0,0.26465808981521277,MISO:2017
MISO,OTHER,wind,2017.0,Wright County,IA,38.0,0,0.26465808981521277,MISO:2017
MISO,OTHER,wind,2017.0,Grand Forks County,ND,190.0,0,0.16920362637203273,MISO:2017
MISO,OTHER,solar,2017.0,McIntosh County,ND,25.0,0,0.256890359881999,MISO:2017
MISO,OTHER,wind,2017.0,Pulaski County,IN,80.0,0,0.18503582627466736,MISO:2017
MISO,OTHER,wind,2017.0,Henry County,IN,50.0,0,0.26465808981521277,MISO:2017
MISO,ITC MIDWEST,wind,2017.0,Hardin County,IA,200.0,0,0.2117916791174767,MISO:2017
MISO,AMERICAN TRANSMISSION CO. LLC,wind,2017.0,"Grant County,Iowa County",WI,100.0,1,0.290855477333355,MISO:2017
MISO,AMEREN ILLINOIS,solar,2017.0,White County,IL,149.0,1,0.23585547733335493,MISO:2017
MISO,AMEREN ILLINOIS,solar,2017.0,Randolph County,IL,30.0,0,0.4125873226229258,MISO:2017
MISO,METC,wind,2017.0,Muskegon County,MI,100.0,0,0.290855477333355,MISO:2017
MISO,OTHER,wind,2017.0,Howard County,IA,100.0,1,0.1827006090070546,MISO:2017
MISO,NORTHERN STATES POWER COMPANY,wind,2017.0,Ward County,ND,150.0,0,0.2546488219746196,MISO:2017
MISO,ENTERGY,unknown,2017.0,Concordia Parish,LA,37.2,1,0.0907250181205798,MISO:2017
MISO,AMERICAN TRANSMISSION CO. LLC,solar,2017.0,"Grant County,Iowa County",WI,200.0,1,0.23585547733335493,MISO:2017
MISO,AMERICAN TRANSMISSION CO. LLC,solar,2017.0,"Grant County,Iowa County",WI,100.0,1,0.256890359881999,MISO:2017
MISO,ITC MIDWEST,wind,2017.0,Worth County,IA,64.0,0,0.3754708619487396,MISO:2017
MISO,METC,gas,2017.0,Calhoun County,MI,535.0,0,0.3754708619487396,MISO:2017
MISO,NORTHERN STATES POWER COMPANY,solar,2017.0,Murray County,MN,150.0,1,0.23585547733335493,MISO:2017
MISO,ITC MIDWEST,wind,2017.0,"Faribault County,Freeborn County",MN,100.0,0,0.290855477333355,MISO:2017
MISO,OTHER,wind,2017.0,Crawford County,IA,150.0,0,0.17289296913181024,MISO:2017
MISO,AMERICAN TRANSMISSION CO. LLC,wind,2017.0,"Delta County,Schoolcraft County",MI,79.99,1,0.3754708619487396,MISO:2017
MISO,ENTERGY,solar,2017.0,Monroe County,AR,200.0,1,0.23585547733335493,MISO:2017
MISO,ENTERGY,solar,2017.0,Jackson County,AR,180.0,1,0.23585547733335493,MISO:2017
MISO,ITC MIDWEST,other,2017.0,Cottonwood County,MN,2.0,0,0.6184110162806841,MISO:2017
MISO,ENTERGY,solar,2017.0,Liberty County,TX,78.0,0,0.256890359881999,MISO:2017
MISO,ENTERGY,solar,2017.0,Livingston Parish,LA,200.0,0,0.23585547733335493,MISO:2017
MISO,AMEREN ILLINOIS,solar,2017.0,Pulaski County,IL,100.0,0,0.256890359881999,MISO:2017
MISO,ENTERGY,solar,2017.0,Hinds County,MS,150.0,0,0.23585547733335493,MISO:2017
MISO,OTHER,wind,2017.0,Day County,SD,200.0,0,0.16837908024292134,MISO:2017
MISO,ENTERGY,solar,2017.0,Montgomery County,TX,150.0,0,0.23585547733335493,MISO:2017
MISO,ENTERGY,solar,2017.0,Ashley County,AR,99.96,0,0.256890359881999,MISO:2017
MISO,NORTHERN STATES POWER COMPANY,wind,2017.0,Redwood County,MN,200.0,0,0.2117916791174767,MISO:2017
MISO,ENTERGY,solar,2017.0,Crittenden County,AR,200.0,1,0.23585547733335493,MISO:2017
MISO,ENTERGY,solar,2017.0,Chicot County,AR,100.0,0,0.256890359881999,MISO:2017
MISO,ENTERGY,solar,2017.0,Tallahatchie County,MS,100.0,1,0.256890359881999,MISO:2017
MISO,OTHER,wind,2017.0,Sioux County,IA,38.0,0,0.26465808981521277,MISO:2017
MISO,ENTERGY,solar,2017.0,Liberty County,TX,100.0,0,0.256890359881999,MISO:2017
MISO,OTHER,solar,2017.0,Henry County,IN,100.0,1,0.20965808981521272,MISO:2017
MISO,OTHER,solar,2017.0,White County,IN,200.0,1,0.19771102293155737,MISO:2017
MISO,NORTHERN STATES POWER COMPANY,solar,2017.0,Saint Croix County,WI,101.28,1,0.256890359881999,MISO:2017
MISO,ENTERGY,solar,2017.0,New Madrid County,MO,200.0,1,0.23585547733335493,MISO:2017
MISO,AMERICAN TRANSMISSION CO. LLC,solar,2017.0,Grant County,WI,200.0,1,0.23585547733335493,MISO:2017
MISO,ENTERGY,wind,2017.0,Carroll County,AR,180.0,0,0.2117916791174767,MISO:2017
MISO,METC,wind,2017.0,Ottawa County,MI,150.0,0,0.2546488219746196,MISO:2017
MISO,ENTERGY,solar,2017.0,Tangipahoa Parish,LA,100.0,1,0.256890359881999,MISO:2017
MISO,METC,wind,2017.0,Ionia County,MI,146.7,0,0.2546488219746196,MISO:2017
MISO,OTHER,solar,2017.0,Christian County,IL,100.0,1,0.20965808981521272,MISO:2017
MISO,METC,gas,2017.0,Manistee County,MI,30.0,0,0.41918694867321066,MISO:2017
MISO,OTHER,wind,2017.0,Burleigh County,ND,100.0,0,0.1827006090070546,MISO:2017
MISO,OTHER,wind,2017.0,Grant County,SD,200.0,0,0.16837908024292134,MISO:2017
MISO,ENTERGY,solar,2017.0,Craighead County,AR,107.0,0,0.256890359881999,MISO:2017
MISO,OTHER,solar,2017.0,Coles County,IL,200.0,1,0.19771102293155737,MISO:2017
MISO,ENTERGY,solar,2017.0,Poinsett County,AR,100.0,0,0.256890359881999,MISO:2017
MISO,ENTERGY,solar,2017.0,Washington County,MS,200.0,0,0.23585547733335493,MISO:2017
MISO,OTHER,solar,2017.0,Hubbard County,MN,200.0,0,0.19771102293155737,MISO:2017
MISO,ENTERGY,storage,2017.0,Montgomery County,TX,50.0,0,0.4000734688388018,MISO:2017
MISO,METC,gas,2017.0,Calhoun County,MI,535.0,0,0.3754708619487396,MISO:2017
MISO,ENTERGY,solar,2017.0,Ashley County,AR,100.0,0,0.256890359881999,MISO:2017
MISO,ENTERGY,storage,2017.0,Monroe County,AR,50.0,0,0.4000734688388018,MISO:2017
MISO,NORTHERN STATES POWER COMPANY,solar,2017.0,Pipestone County,MN,40.0,0,0.3279719380075411,MISO:2017
MISO,METC,solar,2017.0,Shiawassee County,MI,50.0,0,0.3279719380075411,MISO:2017
MISO,ENTERGY,solar,2017.0,Liberty County,TX,100.0,0,0.256890359881999,MISO:2017
MISO,NORTHERN STATES POWER COMPANY,wind,2017.0,Lincoln County,MN,200.0,0,0.2117916791174767,MISO:2017
MISO,NORTHERN STATES POWER COMPANY,solar,2017.0,Cass County,ND,200.0,0,0.23585547733335493,MISO:2017
MISO,METC,wind,2017.0,Allegan County,MI,200.0,0,0.2117916791174767,MISO:2017
MISO,NORTHERN STATES POWER COMPANY,wind,2017.0,Lincoln County,MN,110.0,1,0.26684111596202464,MISO:2017
MISO,OTHER,wind,2017.0,Morton County,ND,100.0,0,0.1827006090070546,MISO:2017
MISO,ENTERGY,solar,2017.0,Orange County,TX,100.0,0,0.256890359881999,MISO:2017
MISO,OTHER,wind,2017.0,Morton County,ND,100.0,0,0.1827006090070546,MISO:2017
MISO,NORTHERN STATES POWER COMPANY,wind,2017.0,"Meeker County,Renville County",MN,400.0,0,0.17122305743301913,MISO:2017
MISO,OTHER,wind,2017.0,Burleigh County,ND,298.0,0,0.16837908024292134,MISO:2017
MISO,AMEREN ILLINOIS,wind,2017.0,Marshall County,IL,100.0,1,0.290855477333355,MISO:2017
MISO,OTHER,wind,2017.0,"Codington County,Deuel County",SD,200.0,1,0.16837908024292134,MISO:2017
MISO,ITC MIDWEST,wind,2017.0,Jackson County,MN,200.0,0,0.2117916791174767,MISO:2017
MISO,METC,solar,2017.0,Shiawassee County,MI,239.0,1,0.23414607562395323,MISO:2017
MISO,AMERICAN TRANSMISSION CO. LLC,gas,2017.0,Douglas County,WI,561.5,1,0.3754708619487396,MISO:2017
MISO,ITC MIDWEST,solar,2017.0,Washtenaw County,MI,189.0,1,0.23585547733335493,MISO:2017
MISO,OTHER,solar,2017.0,Pierce County,WI,74.0,0,0.23585547733335493,MISO:2017
MISO,OTHER,solar,2017.0,Decatur County,IN,119.0,0,0.20965808981521272,MISO:2017
MISO,OTHER,solar,2017.0,Vanderburgh County,IN,80.0,0,0.23585547733335493,MISO:2017
MISO,OTHER,wind,2017.0,Murray County,MN,200.0,0,0.16837908024292134,MISO:2017
MISO,OTHER,solar,2017.0,Gallatin County,IL,69.0,0,0.23585547733335493,MISO:2017
MISO,AMEREN ILLINOIS,solar,2017.0,Washington County,IL,70.0,0,0.2719079612939943,MISO:2017
MISO,AMEREN ILLINOIS,solar,2017.0,White County,IL,250.0,1,0.23414607562395323,MISO:2017
MISO,OTHER,gas,2017.0,Vermillion County,IN,1244.0,0,0.16837908024292134,MISO:2017
MISO,OTHER,wind,2017.0,Oliver County,ND,300.0,0,0.16837908024292134,MISO:2017
MISO,OTHER,wind,2017.0,Montgomery County,IN,200.0,0,0.16837908024292134,MISO:2017
MISO,METC,solar,2017.0,Calhoun County,MI,124.95,1,0.23585547733335493,MISO:2017
MISO,ENTERGY,wind,2017.0,Jefferson Davis Parish,LA,200.0,0,0.2117916791174767,MISO:2017
MISO,AMERICAN TRANSMISSION CO. LLC,solar,2017.0,Marquette County,MI,99.96,0,0.256890359881999,MISO:2017
MISO,ENTERGY,solar,2017.0,Orleans Parish,LA,20.0,0,0.4125873226229258,MISO:2017
MISO,OTHER,wind,2017.0,Cottonwood County,MN,200.0,0,0.16837908024292134,MISO:2017
MISO,NORTHERN STATES POWER COMPANY,wind,2017.0,Cass County,ND,200.0,0,0.2117916791174767,MISO:2017
MISO,NORTHERN STATES POWER COMPANY,solar,2017.0,Lyon County,MN,32.5,0,0.4125873226229258,MISO:2017
MISO,AMEREN ILLINOIS,wind,2017.0,Knox County,IL,75.0,0,0.3754708619487396,MISO:2017
MISO,OTHER,gas,2017.0,George County,MS,25.0,1,0.38436288735452645,MISO:2017
MISO,NORTHERN STATES POWER COMPANY,gas,2017.0,Dakota County,MN,220.0,0,0.38436288735452645,MISO:2017
MISO,ITC MIDWEST,solar,2017.0,St. Clair County,MI,79.97,0,0.256890359881999,MISO:2017
MISO,AMERICAN TRANSMISSION CO. LLC,solar,2017.0,Manitowoc County,WI,150.0,1,0.23585547733335493,MISO:2017
MISO,AMEREN ILLINOIS,solar,2017.0,Cass County,IL,149.94,1,0.23585547733335493,MISO:2017
MISO,AMERICAN TRANSMISSION CO. LLC,solar,2017.0,Richland County,WI,49.98,1,0.3279719380075411,MISO:2017
MISO,METC,wind,2017.0,Presque Isle County,MI,100.0,0,0.290855477333355,MISO:2017
MISO,ENTERGY,solar,2017.0,White County,AR,100.0,1,0.256890359881999,MISO:2017
MISO,ENTERGY,solar,2017.0,Woodruff County,AR,45.0,0,0.3279719380075411,MISO:2017
MISO,ENTERGY,solar,2017.0,Lonoke County,AR,33.0,0,0.4125873226229258,MISO:2017
MISO,AMERICAN TRANSMISSION CO. LLC,solar,2017.0,Walworth County,WI,124.0,0,0.23585547733335493,MISO:2017
MISO,ENTERGY,solar,2017.0,Bradley County,AR,140.0,0,0.23585547733335493,MISO:2017
MISO,OTHER,wind,2017.0,Nelson County,ND,150.0,0,0.17289296913181024,MISO:2017
MISO,NORTHERN STATES POWER COMPANY,wind,2017.0,Pipestone County,MN,300.0,0,0.19964882197461958,MISO:2017
MISO,AMERICAN TRANSMISSION CO. LLC,solar,2017.0,Walworth County,WI,74.97,0,0.256890359881999,MISO:2017
MISO,AMEREN ILLINOIS,solar,2017.0,Fayette County,IL,99.0,1,0.256890359881999,MISO:2017
NYISO,OTHER,solar,2017.0,Greene,NY,20.0,0,0.14832533917087362,NYISO:2017
NYISO,NGRID,solar,2017.0,Genesee,NY,20.0,0,0.17925503621993946,NYISO:2017
NYISO,NM-NG,solar,2017.0,Washington,NY,20.0,0,0.16227671834045632,NYISO:2017
NYISO,NGRID,gas,2017.0,Madison,NY,4.0,0,0.38436288735452645,NYISO:2017
NYISO,NYPA,solar,2017.0,Franklin,NY,50.0,0,0.17095517008874803,NYISO:2017
NYISO,LIPA,solar,2017.0,Suffolk,NY,7.5,0,0.17289296913181024,NYISO:2017
NYISO,NYSEG,solar,2017.0,Columbia,NY,20.0,0,0.17095517008874803,NYISO:2017
NYISO,NYSEG,solar,2017.0,Columbia,NY,20.0,0,0.17095517008874803,NYISO:2017
NYISO,NYSEG,solar,2017.0,Columbia,NY,10.0,0,0.17925503621993946,NYISO:2017
NYISO,OTHER,transmission,2017.0,Oneida-NY,NY,1000.0,0,0.05462678617970016,NYISO:2017
NYISO,NM-NG,transmission,2017.0,Oneida-Albany,NY,0.0,0,0.38436288735452645,NYISO:2017
NYISO,OTHER,transmission,2017.0,Oneida-Albany,NY,0.0,0,0.20139030405960295,NYISO:2017
NYISO,NM-NG,solar,2017.0,Livingston,NY,20.0,0,0.16227671834045632,NYISO:2017
NYISO,NM-NG,solar,2017.0,Franklin,NY,20.0,0,0.16227671834045632,NYISO:2017
NYISO,NM-NG,solar,2017.0,Herkimer,NY,20.0,0,0.16227671834045632,NYISO:2017
NYISO,NYSEG,solar,2017.0,Cortland,NY,20.0,0,0.17095517008874803,NYISO:2017
NYISO,OTHER,transmission,2017.0,Albany-Westchester,NY,1000.0,0,0.05462678617970016,NYISO:2017
NYISO,NM-NG,solar,2017.0,Herkimer,NY,20.0,0,0.16227671834045632,NYISO:2017
NYISO,OTHER,solar,2017.0,Ulster,NY,20.0,0,0.14832533917087362,NYISO:2017
NYISO,NM-NG,solar,2017.0,St. Lawrence,NY,20.0,0,0.16227671834045632,NYISO:2017
NYISO,NYSEG,solar,2017.0,Chenango,NY,20.0,0,0.17095517008874803,NYISO:2017
NYISO,NM-NG,solar,2017.0,Franklin,NY,150.0,0,0.14832533917087362,NYISO:2017
NYISO,NYSEG,solar,2017.0,Sullivan,NY,20.0,0,0.17095517008874803,NYISO:2017
NYISO,NM-NG,unknown,2017.0,Saratoga,NY,20.0,0,0.041340782122905026,NYISO:2017
NYISO,NM-NG,solar,2017.0,,NY,20.0,0,0.16227671834045632,NYISO:2017
NYISO,NYSEG,solar,2017.0,Steuben,NY,20.0,0,0.17095517008874803,NYISO:2017
NYISO,NYSEG,solar,2017.0,Wyoming,NY,24.9,0,0.17095517008874803,NYISO:2017
NYISO,NYSEG,solar,2017.0,Lansing,NY,20.0,0,0.17095517008874803,NYISO:2017
NYISO,NM-NG,transmission,2017.0,Rensselaer,NY,0.0,0,0.38436288735452645,NYISO:2017
NYISO,NYSEG,solar,2017.0,,NY,20.0,0,0.17095517008874803,NYISO:2017
NYISO,NM-NG,storage,2017.0,Madison,NY,20.0,0,0.29974750273914186,NYISO:2017
NYISO,OTHER,solar,2017.0,Orange,NY,20.0,0,0.14832533917087362,NYISO:2017
NYISO,OTHER,solar,2017.0,Ulster,NY,25.0,0,0.14832533917087362,NYISO:2017
NYISO,NYSEG,solar,2017.0,Tioga,NY,20.0,0,0.17095517008874803,NYISO:2017
NYISO,NM-NG,solar,2017.0,Fulton,NY,20.0,0,0.16227671834045632,NYISO:2017
NYISO,OTHER,transmission,2017.0,Broome-Onondaga,NY,0.0,0,0.20139030405960295,NYISO:2017
NYISO,OTHER,transmission,2017.0,Chenango - Oneida,NY,0.0,0,0.20139030405960295,NYISO:2017
NYISO,OTHER,transmission,2017.0,Steuben - Otsego,NY,0.0,0,0.20139030405960295,NYISO:2017
NYISO,NM-NG,solar,2017.0,Montgomery,NY,20.0,0,0.16227671834045632,NYISO:2017
NYISO,NM-NG,solar,2017.0,Jefferson,NY,20.0,0,0.16227671834045632,NYISO:2017
NYISO,NM-NG,solar,2017.0,Jefferson,NY,20.0,0,0.16227671834045632,NYISO:2017
NYISO,NM-NG,solar,2017.0,Jefferson,NY,20.0,0,0.16227671834045632,NYISO:2017
NYISO,LIPA,other,2017.0,Suffolk,NY,13.9,0,0.17095517008874803,NYISO:2017
NYISO,LIPA,other,2017.0,Suffolk,NY,18.5,0,0.17095517008874803,NYISO:2017
NYISO,LIPA,other,2017.0,Suffolk,NY,7.4,0,0.17095517008874803,NYISO:2017
NYISO,NYSEG,solar,2017.0,Monroe,NY,19.9,0,0.17095517008874803,NYISO:2017
NYISO,NYSEG,solar,2017.0,Clinton,NY,20.0,0,0.17095517008874803,NYISO:2017
NYISO,NYSEG,transmission,2017.0,Clinton,PA,0.0,0,0.38436288735452645,NYISO:2017
NYISO,NM-NG,wind,2017.0,Madison,NY,20.0,0,0.14832533917087362,NYISO:2017
NYISO,NM-NG,wind,2017.0,Genesee,NY,20.0,0,0.14832533917087362,NYISO:2017
NYISO,NM-NG,wind,2017.0,Genesee,NY,20.0,0,0.14832533917087362,NYISO:2017
NYISO,NM-NG,solar,2017.0,Fulton,NY,19.8,0,0.16270038869695064,NYISO:2017
NYISO,NYSEG,solar,2017.0,Erie,NY,11.3,0,0.17095517008874803,NYISO:2017
NYISO,NM-NG,solar,2017.0,Niagara Falls,NY,7.4,0,0.1809644379293412,NYISO:2017
NYISO,NM-NG,solar,2017.0,Erie,NY,18.0,0,0.17095517008874803,NYISO:2017
NYISO,NM-NG,solar,2017.0,Chautauqua,NY,80.0,0,0.14832533917087362,NYISO:2017
NYISO,OTHER,solar,2017.0,York,NY,10.8,0,0.15665867250420695,NYISO:2017
NYISO,NM-NG,solar,2017.0,Cattaraugus,NY,20.0,0,0.16227671834045632,NYISO:2017
NYISO,NM-NG,solar,2017.0,Allagany,NY,20.0,0,0.16227671834045632,NYISO:2017
NYISO,NM-NG,unknown,2017.0,Machias,NY,20.0,0,0.041340782122905026,NYISO:2017
NYISO,NM-NG,unknown,2017.0,Cattaraugus,NY,20.0,0,0.041340782122905026,NYISO:2017
NYISO,CONED,gas,2017.0,NY,NY,1172.0,0,0.10106964974650949,NYISO:2017
NYISO,NM-NG,solar,2017.0,Clay,NY,20.0,0,0.16227671834045632,NYISO:2017
NYISO,CONED,gas,2017.0,Union,NJ,32.0,0,0.15923607554762126,NYISO:2017
NYISO,CONED,gas,2017.0,NY,NY,30.2,0,0.18967941196629748,NYISO:2017
NYISO,CONED,gas,2017.0,NY,NY,72.4,0,0.1470932184047641,NYISO:2017
NYISO,CONED,storage,2017.0,Queens,NY,10.0,0,0.36546159410814644,NYISO:2017
NYISO,CONED,storage,2017.0,Queens,NY,10.0,0,0.36546159410814644,NYISO:2017
NYISO,NYSEG,solar,2017.0,Chenango,NY,20.0,0,0.17095517008874803,NYISO:2017
NYISO,NYSEG,solar,2017.0,Broome,NY,20.0,0,0.17095517008874803,NYISO:2017
NYISO,CONED,transmission,2017.0,Kings,NY,1200.0,0,0.0902853360210193,NYISO:2017
NYISO,LIPA,transmission,2017.0,Suffolk,NY,1200.0,0,0.10530935629139489,NYISO:2017
NYISO,NM-NG,solar,2017.0,Albany,NY,20.0,1,0.16227671834045632,NYISO:2017
NYISO,LIPA,unknown,2017.0,Suffolk,NY,96.0,1,0.041340782122905026,NYISO:2017
NYISO,NM-NG,solar,2017.0,Montgomery,NY,90.0,1,0.14832533917087362,NYISO:2017
NYISO,NM-NG,solar,2017.0,Schoharie,NY,50.0,1,0.15665867250420695,NYISO:2017
NYISO,NYPA,transmission,2017.0,Quebec - NY,NY,1000.0,1,0.16644128119985915,NYISO:2017
NYISO,NM-NG,solar,2017.0,Montgomery,NY,20.0,1,0.16227671834045632,NYISO:2017
NYISO,LIPA,solar,2017.0,Suffolk,NY,22.9,1,0.17095517008874803,NYISO:2017
CAISO,SCE,wind,2018.0,,,4.96,1,0.15799153352179052,CAISO:2018
CAISO,SCE,wind,2018.0,KERN,CA,3.7,1,0.15799153352179052,CAISO:2018
CAISO,PGAE,solar_storage,2018.0,TULARE,CA,40.0,1,0.487408201420528,CAISO:2018
CAISO,PGAE,storage,2018.0,SANTA CLARA,CA,75.0,1,0.1964738134622312,CAISO:2018
CAISO,PGAE,storage,2018.0,SAN LUIS OBISPO,CA,99.7,1,0.1964738134622312,CAISO:2018
CAISO,PGAE,storage,2018.0,MONTEREY,CA,400.0,1,0.17902719828731067,CAISO:2018
CAISO,PGAE,gas,2018.0,FRESNO,CA,427.0,1,0.11779302235553742,CAISO:2018
CAISO,PGAE,solar_storage,2018.0,KERN,CA,60.0,1,0.43769852213564703,CAISO:2018
CAISO,SCE,solar_storage,2018.0,TULARE,CA,300.0,1,0.3786589819179265,CAISO:2018
CAISO,SCE,solar_storage,2018.0,RIVERSIDE,CA,150.0,1,0.4468904749794557,CAISO:2018
CAISO,OTHER,solar_storage,2018.0,LA PAZ,AZ,500.0,1,0.3367234980469588,CAISO:2018
CAISO,SDGE,storage,2018.0,IMPERIAL,CA,350.0,1,0.1964738134622312,CAISO:2018
CAISO,PGAE,solar,2018.0,KERN,CA,0.0,0,0.22550607152674731,CAISO:2018
CAISO,PGAE,storage,2018.0,CONTRA COSTA,CA,200.0,0,0.1964738134622312,CAISO:2018
CAISO,PGAE,storage,2018.0,SUTTER,CA,50.0,0,0.1964738134622312,CAISO:2018
CAISO,PGAE,solar,2018.0,FRESNO,CA,100.0,0,0.10563624757222215,CAISO:2018
CAISO,PGAE,solar_storage,2018.0,COLUSA,CA,500.0,0,0.3220183569179265,CAISO:2018
CAISO,PGAE,storage,2018.0,SAN JOAQUIN,CA,148.84,0,0.1964738134622312,CAISO:2018
CAISO,PGAE,storage,2018.0,SANTA BARBARA,CA,30.8,0,0.1964738134622312,CAISO:2018
CAISO,PGAE,storage,2018.0,SAN MATEO,CA,40.0,0,0.1964738134622312,CAISO:2018
CAISO,PGAE,solar,2018.0,STANISLAUS,CA,200.0,0,0.08053141040441895,CAISO:2018
CAISO,PGAE,solar,2018.0,STANISLAUS,CA,200.0,0,0.08053141040441895,CAISO:2018
CAISO,PGAE,storage,2018.0,ALAMEDA,CA,65.0,0,0.1964738134622312,CAISO:2018
CAISO,PGAE,storage,2018.0,CONTRA COSTA,CA,20.0,0,0.1964738134622312,CAISO:2018
CAISO,PGAE,storage,2018.0,ALAMEDA,CA,40.0,0,0.1964738134622312,CAISO:2018
CAISO,PGAE,storage,2018.0,SUTTER,CA,45.0,0,0.1964738134622312,CAISO:2018
CAISO,PGAE,solar,2018.0,ALAMEDA,CA,150.0,0,0.08288435158088954,CAISO:2018
CAISO,PGAE,storage,2018.0,SUTTER,CA,74.3513,0,0.1964738134622312,CAISO:2018
CAISO,PGAE,storage,2018.0,SAN JOAQUIN,CA,50.0,0,0.1964738134622312,CAISO:2018
CAISO,PGAE,solar_storage,2018.0,FRESNO,CA,1000.0,0,0.2970183569179265,CAISO:2018
CAISO,PGAE,storage,2018.0,ALAMEDA,CA,40.0,0,0.1964738134622312,CAISO:2018
CAISO,PGAE,solar_storage,2018.0,FRESNO,CA,200.0,0,0.3367234980469588,CAISO:2018
CAISO,PGAE,solar_storage,2018.0,CONTRA COSTA,CA,100.0,0,0.4239270471859918,CAISO:2018
CAISO,PGAE,wind,2018.0,,CA,2005.8,0,0.0534326875310482,CAISO:2018
CAISO,PGAE,wind,2018.0,MERCED,CA,58.63,0,0.08053141040441895,CAISO:2018
CAISO,PGAE,storage,2018.0,SOLANO,CA,200.0,0,0.1964738134622312,CAISO:2018
CAISO,PGAE,solar_storage,2018.0,FRESNO,CA,150.0,0,0.37816363755795834,CAISO:2018
CAISO,PGAE,solar_storage,2018.0,FRESNO,CA,80.0,0,0.4239270471859918,CAISO:2018
CAISO,PGAE,storage,2018.0,FRESNO,CA,300.0,0,0.1964738134622312,CAISO:2018
CAISO,PGAE,storage,2018.0,MADERA,CA,50.0,0,0.1964738134622312,CAISO:2018
CAISO,PGAE,solar_storage,2018.0,FRESNO,CA,500.0,0,0.3220183569179265,CAISO:2018
CAISO,PGAE,solar_storage,2018.0,FRESNO,CA,50.3,0,0.4593668785582722,CAISO:2018
CAISO,PGAE,solar_storage,2018.0,FRESNO,CA,200.0,0,0.3367234980469588,CAISO:2018
CAISO,PGAE,storage,2018.0,MONTEREY,CA,500.0,0,0.17863808219052807,CAISO:2018
CAISO,PGAE,storage,2018.0,MONTEREY,CA,500.0,0,0.17863808219052807,CAISO:2018
CAISO,PGAE,solar_storage,2018.0,FRESNO,CA,300.0,0,0.3367234980469588,CAISO:2018
CAISO,PGAE,solar,2018.0,FRESNO,CA,100.0,0,0.10563624757222215,CAISO:2018
CAISO,PGAE,storage,2018.0,SAN LUIS OBISPO,CA,100.0,0,0.1964738134622312,CAISO:2018
CAISO,PGAE,wind,2018.0,HUMBOLDT,CA,156.0,0,0.0753779431819862,CAISO:2018
CAISO,PGAE,storage,2018.0,SOLANO,CA,150.0,0,0.1964738134622312,CAISO:2018
CAISO,PGAE,wind,2018.0,SAN LUIS OBISPO,CA,559.3,0,0.07214441132285095,CAISO:2018
CAISO,PGAE,solar_storage,2018.0,COLUSA,CA,500.0,0,0.3220183569179265,CAISO:2018
CAISO,PGAE,solar,2018.0,KINGS,CA,40.0,0,0.11866792178036693,CAISO:2018
CAISO,PGAE,solar,2018.0,TULARE,CA,100.0,0,0.10563624757222215,CAISO:2018
CAISO,PGAE,solar_storage,2018.0,KERN,CA,125.0,0,0.38199156331502404,CAISO:2018
CAISO,PGAE,storage,2018.0,KERN,CA,100.0,0,0.1964738134622312,CAISO:2018
CAISO,PGAE,storage,2018.0,ALAMEDA,CA,300.0,0,0.1964738134622312,CAISO:2018
CAISO,PGAE,storage,2018.0,SONOMA,CA,100.0,0,0.1964738134622312,CAISO:2018
CAISO,PGAE,solar_storage,2018.0,MERCED/FRESNO,CA,99.995,0,0.4239270471859918,CAISO:2018
CAISO,PGAE,solar_storage,2018.0,KERN,CA,200.0,0,0.3367234980469588,CAISO:2018
CAISO,SCE,storage,2018.0,SAN BERNARDINO,CA,500.0,0,0.15637379535221763,CAISO:2018
CAISO,SCE,solar_storage,2018.0,KERN,CA,250.0,0,0.38330877940621855,CAISO:2018
CAISO,SCE,solar_storage,2018.0,LOS ANGELES,CA,37.5,0,0.49535561861456323,CAISO:2018
CAISO,SCE,solar,2018.0,KERN,CA,100.0,0,0.08053141040441895,CAISO:2018
CAISO,SCE,solar_storage,2018.0,KERN,CA,74.9,0,0.49535561861456323,CAISO:2018
CAISO,SCE,solar_storage,2018.0,KERN,CA,175.0,0,0.4277218489654217,CAISO:2018
CAISO,SCE,storage,2018.0,VENTURA,CA,100.0,0,0.1964738134622312,CAISO:2018
CAISO,SCE,solar,2018.0,KERN,CA,200.0,0,0.08053141040441895,CAISO:2018
CAISO,SCE,wind,2018.0,SAN BERNARDINO,CA,199.0,0,0.0753779431819862,CAISO:2018
CAISO,SCE,storage,2018.0,SAN BERNARDINO,CA,200.0,0,0.17521901192573952,CAISO:2018
CAISO,SCE,solar_storage,2018.0,RIVERSIDE,CA,900.0,0,0.3117234980469588,CAISO:2018
CAISO,SCE,solar_storage,2018.0,CLARK,NV,600.0,0,0.3117234980469588,CAISO:2018
CAISO,SCE,storage,2018.0,RIVERSIDE,CA,1400.0,0,0.11779302235553742,CAISO:2018
CAISO,SCE,solar_storage,2018.0,RIVERSIDE,CA,150.0,0,0.4468904749794557,CAISO:2018
CAISO,SCE,solar,2018.0,RIVERSIDE,CA,79.0,0,0.13819197717039944,CAISO:2018
CAISO,OTHER,solar_storage,2018.0,MARICOPA,AZ,500.0,0,0.3367234980469588,CAISO:2018
CAISO,SDGE,storage,2018.0,SAN DIEGO,CA,500.0,0,0.1964738134622312,CAISO:2018
CAISO,PGAE,wind,2018.0,MERCED,CA,117.405,0,0.0753779431819862,CAISO:2018
CAISO,PGAE,steam,2018.0,YUBA,CA,3.0,0,0.15799153352179052,CAISO:2018
CAISO,PGAE,solar_storage,2018.0,STANISLAUS,CA,40.0,0,0.487408201420528,CAISO:2018
ISONE,ISO-NE,storage,2018.0,Windham,CT,200.0,0,0.5103556186145631,ISONE:2018
ISONE,NAN,wind,2018.0,,MA,860.0,0,0.061485144143265134,ISONE:2018
ISONE,NAN,wind,2018.0,,MA,400.0,0,0.0753779431819862,ISONE:2018
ISONE,NAN,unknown,2018.0,,MA,,0,0.044296550036701736,ISONE:2018
ISONE,NAN,solar,2018.0,Worcester,MA,4.875,1,0.17242180912853672,ISONE:2018
ISONE,NGRID,solar,2018.0,Franklin,MA,14.97,1,0.5981459396119128,ISONE:2018
ISONE,NAN,solar,2018.0,Worcester,MA,9.0,0,0.14194351974547142,ISONE:2018
ISONE,NGRID,solar,2018.0,Hampshire,MA,13.272,0,0.5981459396119128,ISONE:2018
ISONE,NGRID,solar,2018.0,Hampden,MA,12.448,0,0.5981459396119128,ISONE:2018
ISONE,NGRID,solar,2018.0,Worcester,MA,2.5,0,0.5981459396119128,ISONE:2018
ISONE,NGRID,solar,2018.0,Hampden,MA,18.095,0,0.5981459396119128,ISONE:2018
ISONE,NGRID,solar,2018.0,Worcester,MA,8.7,1,0.5981459396119128,ISONE:2018
ISONE,NGRID,solar,2018.0,Worcester,MA,13.38,0,0.5981459396119128,ISONE:2018
ISONE,NGRID,solar,2018.0,Worcester,MA,6.0,0,0.5981459396119128,ISONE:2018
ISONE,NAN,solar,2018.0,Worcester,MA,2.592,1,0.17521901192573952,ISONE:2018
ISONE,NGRID,solar,2018.0,Worcester,MA,13.675,0,0.5981459396119128,ISONE:2018
ISONE,NGRID,solar,2018.0,Hampshire,MA,3.0,1,0.5981459396119128,ISONE:2018
ISONE,NGRID,solar,2018.0,Worcester,MA,3.9,0,0.5981459396119128,ISONE:2018
ISONE,NGRID,solar,2018.0,Worcester,MA,7.98,0,0.5981459396119128,ISONE:2018
ISONE,NGRID,solar,2018.0,Worcester,MA,24.73,1,0.5669641519253567,ISONE:2018
ISONE,NGRID,solar,2018.0,Worcester,MA,3.276,1,0.5981459396119128,ISONE:2018
ISONE,NGRID,solar,2018.0,Hampden,MA,8.0,1,0.5981459396119128,ISONE:2018
ISONE,NGRID,solar,2018.0,Worcester,MA,12.398,0,0.5981459396119128,ISONE:2018
ISONE,ISO-NE,wind,2018.0,,MA,827.0,0,0.21117895459126346,ISONE:2018
ISONE,NGRID,solar,2018.0,Middletown,RI,10.99,0,0.5981459396119128,ISONE:2018
ISONE,NAN,solar,2018.0,Windham,CT,5.0,0,0.17242180912853672,ISONE:2018
ISONE,ISO-NE,solar,2018.0,York,ME,50.0,0,0.46688622170179545,ISONE:2018
ISONE,ISO-NE,unmapped,2018.0,Hartford,CT,2.08,0,0.5981459396119128,ISONE:2018
ISONE,NAN,solar,2018.0,Cheshire,NH,14.0,0,0.14194351974547142,ISONE:2018
ISONE,NAN,solar,2018.0,Somerset,ME,19.8,0,0.14194351974547142,ISONE:2018
ISONE,ISO-NE,solar,2018.0,Sullivan,NH,10.0,0,0.5103556186145631,ISONE:2018
ISONE,NAN,solar,2018.0,Androscoggin,ME,15.0,0,0.14194351974547142,ISONE:2018
ISONE,NGRID,solar,2018.0,Worcester,MA,8.125,0,0.5981459396119128,ISONE:2018
ISONE,NAN,solar,2018.0,Hartford,CT,50.0,0,0.10575110253034696,ISONE:2018
ISONE,NGRID,solar,2018.0,North Kingstown,RI,56.496,0,0.5636889519478965,ISONE:2018
ISONE,NGRID,solar,2018.0,North Kingstown,RI,10.0,0,0.5981459396119128,ISONE:2018
ISONE,NGRID,solar,2018.0,North Kingstown,RI,40.0,0,0.5636889519478965,ISONE:2018
ISONE,ISO-NE,wind,2018.0,,CT,805.0,0,0.21117895459126346,ISONE:2018
ISONE,NAN,wind,2018.0,,CT,805.0,0,0.0618833917564003,ISONE:2018
ISONE,NAN,solar,2018.0,Coos,NH,15.0,0,0.14194351974547142,ISONE:2018
ISONE,NGRID,gas,2018.0,Newport,RI,6.268,0,0.6338637011690904,ISONE:2018
ISONE,ISO-NE,solar,2018.0,New London,CT,19.9,0,0.48740671350507414,ISONE:2018
ISONE,ISO-NE,solar,2018.0,Windham,CT,19.9,0,0.48740671350507414,ISONE:2018
ISONE,ISO-NE,solar,2018.0,York,ME,19.9,0,0.48740671350507414,ISONE:2018
ISONE,ISO-NE,solar,2018.0,Belknap,NH,19.9,0,0.48740671350507414,ISONE:2018
ISONE,ISO-NE,gas,2018.0,New Haven,CT,45.0,1,0.5103556186145631,ISONE:2018
ISONE,NAN,unknown,2018.0,Addison,VT,400.0,0,0.044296550036701736,ISONE:2018
ISONE,NAN,wind,2018.0,,RI,352.0,0,0.0753779431819862,ISONE:2018
ISONE,NGRID,hybrid_multi,2018.0,Middlesex,MA,0.0,0,0.7814482272168412,ISONE:2018
ISONE,NGRID,solar_storage,2018.0,Worcester,MA,9.98,1,0.8043943892681469,ISONE:2018
ISONE,NGRID,solar_storage,2018.0,Norfolk,MA,5.4,1,0.9714285714285715,ISONE:2018
ISONE,NAN,solar,2018.0,North Kingstown,RI,30.0,0,0.13959057856900084,ISONE:2018
ISONE,NAN,solar,2018.0,North Kingstown,RI,10.0,0,0.14194351974547142,ISONE:2018
ISONE,NAN,solar,2018.0,Kennebec,ME,20.0,0,0.14194351974547142,ISONE:2018
ISONE,NGRID,solar,2018.0,Washington,RI,8.0,0,0.5981459396119128,ISONE:2018
ISONE,NGRID,solar,2018.0,Plymouth,MA,4.95,1,0.5981459396119128,ISONE:2018
ISONE,NGRID,hybrid_multi,2018.0,Middlesex,MA,7.81,1,0.6338637011690904,ISONE:2018
ISONE,NAN,storage,2018.0,Penobscot,ME,19.01,0,0.1964738134622312,ISONE:2018
ISONE,NAN,solar,2018.0,Rockingham,NH,10.0,0,0.14194351974547142,ISONE:2018
ISONE,NAN,wind,2018.0,Berkshire,MA,7.5,0,0.13959057856900084,ISONE:2018
ISONE,NAN,solar_storage,2018.0,Hampshire,MA,1.32,1,0.5551751765789265,ISONE:2018
ISONE,NAN,solar,2018.0,Fairfield,ME,20.0,0,0.14194351974547142,ISONE:2018
ISONE,NGRID,solar,2018.0,Washington,RI,5.2,0,0.5981459396119128,ISONE:2018
ISONE,NGRID,solar,2018.0,Providence,RI,10.0,0,0.5981459396119128,ISONE:2018
ISONE,NGRID,solar,2018.0,Providence,RI,10.0,1,0.5981459396119128,ISONE:2018
ISONE,ISO-NE,solar,2018.0,Rutland,VT,15.0,0,0.49940671350507415,ISONE:2018
ISONE,NAN,solar,2018.0,Rutland,VT,22.5,0,0.14194351974547142,ISONE:2018
ISONE,NAN,storage,2018.0,Middlesex,MA,150.0,0,0.15777239675081903,ISONE:2018
ISONE,ISO-NE,wind,2018.0,Washington,ME,126.0,1,0.3307480951281459,ISONE:2018
ISONE,NAN,gas,2018.0,New Haven,CT,0.0,1,0.2971072583286748,ISONE:2018
ISONE,ISO-NE,gas,2018.0,Providence,RI,73.204,1,0.48740671350507414,ISONE:2018
ISONE,NAN,solar,2018.0,Somerset,ME,20.0,0,0.14194351974547142,ISONE:2018
ISONE,NAN,solar,2018.0,Kennebec,ME,20.0,0,0.14194351974547142,ISONE:2018
ISONE,NAN,wind,2018.0,Somerset,ME,0.0,1,0.17242180912853672,ISONE:2018
ISONE,ISO-NE,solar,2018.0,Cheshire,NH,30.0,0,0.48740671350507414,ISONE:2018
ISONE,NAN,solar,2018.0,Franklin,VT,20.0,0,0.14194351974547142,ISONE:2018
ISONE,NAN,storage,2018.0,Bristol,MA,102.85,0,0.17521901192573952,ISONE:2018
ISONE,ISO-NE,solar,2018.0,Orange,VT,20.0,0,0.48740671350507414,ISONE:2018
ISONE,NAN,solar,2018.0,Franklin,VT,20.0,0,0.14194351974547142,ISONE:2018
ISONE,NAN,solar,2018.0,Franklin,ME,150.0,0,0.0753779431819862,ISONE:2018
ISONE,NAN,hybrid_multi,2018.0,Franklin,ME,24.3,0,0.09731462718763573,ISONE:2018
ISONE,NAN,hybrid_multi,2018.0,Franklin,ME,24.4,0,0.09731462718763573,ISONE:2018
ISONE,NAN,wind,2018.0,Franklin,ME,214.3,0,0.0753779431819862,ISONE:2018
ISONE,NAN,wind,2018.0,Franklin,ME,241.2,0,0.0753779431819862,ISONE:2018
ISONE,NAN,wind,2018.0,Franklin,ME,150.0,0,0.0753779431819862,ISONE:2018
ISONE,NAN,unknown,2018.0,Franklin,ME,450.0,0,0.044296550036701736,ISONE:2018
ISONE,NAN,unknown,2018.0,Lewiston,ME,540.0,0,0.044296550036701736,ISONE:2018
ISONE,NAN,unknown,2018.0,Lewiston,ME,200.0,0,0.044296550036701736,ISONE:2018
ISONE,NAN,unknown,2018.0,Lewiston,ME,460.0,0,0.044296550036701736,ISONE:2018
ISONE,NAN,wind,2018.0,Somerset,ME,89.7,0,0.0753779431819862,ISONE:2018
ISONE,NAN,unknown,2018.0,Cumberland,ME,400.0,0,0.044296550036701736,ISONE:2018
ISONE,NAN,unknown,2018.0,Somerset and Penobscot,ME,1200.0,0,0.044296550036701736,ISONE:2018
ISONE,NAN,unknown,2018.0,Somerset,ME,550.0,0,0.044296550036701736,ISONE:2018
ISONE,NAN,wind,2018.0,Aroostook,ME,600.6,0,0.0618833917564003,ISONE:2018
ISONE,NAN,wind,2018.0,Aroostook,ME,600.6,0,0.0618833917564003,ISONE:2018
ISONE,NAN,wind,2018.0,Aroostook,ME,103.5,0,0.0753779431819862,ISONE:2018
ISONE,NAN,wind,2018.0,Aroostook,ME,103.5,0,0.0753779431819862,ISONE:2018
ISONE,NAN,wind,2018.0,Aroostook,ME,103.5,0,0.0753779431819862,ISONE:2018
ISONE,NAN,wind,2018.0,Aroostook,ME,103.5,0,0.0753779431819862,ISONE:2018
ISONE,NAN,wind,2018.0,Aroostook,ME,103.5,0,0.0753779431819862,ISONE:2018
ISONE,NAN,hydro,2018.0,Windham,VT,2.9,1,0.423843333223384,ISONE:2018
ISONE,ISO-NE,solar,2018.0,Cheshire,NH,49.5,0,0.46688622170179545,ISONE:2018
ISONE,ISO-NE,storage,2018.0,Plymouth,MA,150.0,1,0.5103556186145631,ISONE:2018
ISONE,ISO-NE,solar,2018.0,New Haven,CT,14.97,1,0.49940671350507415,ISONE:2018
ISONE,ISO-NE,gas,2018.0,Windham,CT,672.0,0,0.4071844912828519,ISONE:2018
ISONE,NAN,storage,2018.0,Barnstable,MA,142.8,0,0.15777239675081903,ISONE:2018
ISONE,NAN,solar,2018.0,Hartford,CT,24.6,0,0.14194351974547142,ISONE:2018
ISONE,NAN,solar,2018.0,Hartford,CT,26.4,0,0.14194351974547142,ISONE:2018
ISONE,OTHER,solar,2018.0,New London,CT,15.0,1,0.5384397000919204,ISONE:2018
ISONE,NAN,solar,2018.0,Hartford,CT,19.92,0,0.14194351974547142,ISONE:2018
ISONE,NAN,solar,2018.0,New London,CT,6.0,0,0.17242180912853672,ISONE:2018
ISONE,NAN,storage,2018.0,Hartford,CT,20.0,0,0.1964738134622312,ISONE:2018
ISONE,OTHER,solar,2018.0,New London,CT,17.73,1,0.5035999080548635,ISONE:2018
ISONE,OTHER,solar,2018.0,New London,CT,20.0,1,0.49940671350507415,ISONE:2018
ISONE,OTHER,solar,2018.0,Windham,CT,20.0,0,0.49940671350507415,ISONE:2018
ISONE,OTHER,solar,2018.0,Hartford,CT,26.4,1,0.48740671350507414,ISONE:2018
ISONE,OTHER,solar,2018.0,Windham,CT,20.0,0,0.49940671350507415,ISONE:2018
ISONE,OTHER,solar,2018.0,New London,CT,9.99,1,0.5636889519478965,ISONE:2018
ISONE,OTHER,solar,2018.0,Litchfield,CT,19.8,1,0.49940671350507415,ISONE:2018
ISONE,NAN,unmapped,2018.0,Hartford,CT,14.8,0,0.15939013492039195,ISONE:2018
ISONE,OTHER,solar,2018.0,Litchfield,CT,20.0,0,0.49940671350507415,ISONE:2018
ISONE,NAN,solar,2018.0,Windham,CT,7.5,0,0.15939013492039195,ISONE:2018
ISONE,NAN,unmapped,2018.0,New Haven,CT,0.0,0,0.3135635669056648,ISONE:2018
ISONE,NAN,gas,2018.0,Providence,RI,0.0,0,0.2971072583286748,ISONE:2018
ISONE,NAN,solar,2018.0,Bristol,MA,1.904,1,0.17521901192573952,ISONE:2018
ISONE,OTHER,solar,2018.0,Plymouth,MA,6.75,1,0.5890441432047272,ISONE:2018
ISONE,OTHER,solar,2018.0,Plymouth,MA,9.5,1,0.5636889519478965,ISONE:2018
MISO,OTHER,solar,2018.0,Polk County,TX,150.0,1,0.28881261125717816,MISO:2018
MISO,OTHER,solar,2018.0,Stoddard County,MO,225.0,1,0.28881261125717816,MISO:2018
MISO,OTHER,solar,2018.0,Cottonwood County,MN,130.0,0,0.2900421194538995,MISO:2018
MISO,METC,solar,2018.0,Branch County,MI,80.0,0,0.43509032956935056,MISO:2018
MISO,METC,solar,2018.0,Jackson County,MI,80.0,0,0.43509032956935056,MISO:2018
MISO,OTHER,storage,2018.0,Warren County,MO,50.0,0,0.5194574150217488,MISO:2018
MISO,AMERICAN TRANSMISSION CO. LLC,solar,2018.0,Walworth County,WI,200.0,0,0.5448126062785794,MISO:2018
MISO,AMERICAN TRANSMISSION CO. LLC,solar,2018.0,Jefferson County,WI,300.0,0,0.5357108098713937,MISO:2018
MISO,AMEREN ILLINOIS,wind,2018.0,"DeWitt County,McLean County",IL,99.0,0,0.48740671350507414,MISO:2018
MISO,NORTHERN STATES POWER COMPANY,storage,2018.0,Wabasha County,MN,50.0,0,0.49650850991225975,MISO:2018
MISO,OTHER,storage,2018.0,Stoddard County,MO,50.0,0,0.5194574150217488,MISO:2018
MISO,AMERICAN TRANSMISSION CO. LLC,solar,2018.0,"Kenosha County,Racine County",WI,400.0,0,0.5357108098713937,MISO:2018
MISO,METC,wind,2018.0,Montcalm County,MI,374.4,0,0.23478035319266208,MISO:2018
MISO,AMERICAN TRANSMISSION CO. LLC,solar,2018.0,Walworth County,WI,200.0,0,0.5448126062785794,MISO:2018
MISO,OTHER,solar,2018.0,Grant County,MN,32.5,0,0.4756530095390191,MISO:2018
MISO,ITC MIDWEST,storage,2018.0,Jackson County,MN,20.0,0,0.5194574150217488,MISO:2018
MISO,AMERICAN TRANSMISSION CO. LLC,solar,2018.0,Walworth County,WI,200.0,0,0.5448126062785794,MISO:2018
MISO,OTHER,solar,2018.0,Scott County,IL,100.0,0,0.29582879631693804,MISO:2018
MISO,OTHER,storage,2018.0,Murray County,MN,15.0,0,0.5727907483550821,MISO:2018
MISO,OTHER,wind,2018.0,"Carroll County,White County",IN,125.0,0,0.2638126112571782,MISO:2018
MISO,OTHER,wind,2018.0,Miami County,IN,150.0,0,0.2638126112571782,MISO:2018
MISO,AMERICAN TRANSMISSION CO. LLC,storage,2018.0,Jefferson County,WI,50.0,0,0.5727907483550821,MISO:2018
MISO,ITC MIDWEST,solar,2018.0,Washtenaw County,MI,200.0,1,0.25033697832486723,MISO:2018
MISO,METC,solar,2018.0,Eaton County,MI,70.0,0,0.4543301016480763,MISO:2018
MISO,METC,solar,2018.0,Ingham County,MI,90.0,0,0.3977777777777777,MISO:2018
MISO,METC,wind,2018.0,Ionia County,MI,200.0,0,0.2638126112571782,MISO:2018
MISO,"ENTERGY ARKANSAS, LLC EATO",solar,2018.0,Craighead County,AR,150.0,0,0.3875614754098361,MISO:2018
MISO,NORTHERN STATES POWER COMPANY,solar,2018.0,Mower County,MN,150.0,1,0.23507521206362977,MISO:2018
MISO,OTHER,wind,2018.0,Pike County,IL,44.0,0,0.3723531681919769,MISO:2018
MISO,NORTHERN STATES POWER COMPANY,storage,2018.0,Goodhue County,MN,30.0,0,0.5143418848476963,MISO:2018
MISO,OTHER,wind,2018.0,Polk County,MN,300.0,0,0.23478035319266208,MISO:2018
MISO,ITC MIDWEST,solar,2018.0,Clinton County,IA,150.0,1,0.27881261125717816,MISO:2018
MISO,NORTHERN STATES POWER COMPANY,solar,2018.0,Saint Croix County,WI,100.0,1,0.26410747012814595,MISO:2018
MISO,OTHER,solar,2018.0,"Jasper County,Pulaski County",IN,240.0,1,0.28881261125717816,MISO:2018
MISO,ITC MIDWEST,wind,2018.0,Washtenaw County,MI,200.0,0,0.23478035319266208,MISO:2018
MISO,METC,solar,2018.0,Shiawassee County,MI,150.0,0,0.30882043598331277,MISO:2018
MISO,METC,wind,2018.0,Cass County,MI,350.0,0,0.23478035319266208,MISO:2018
MISO,"DUKE ENERGY INDIANA, LLC CIN",wind,2018.0,Henry County,IN,150.0,0,0.2767158370636298,MISO:2018
MISO,ITC MIDWEST,storage,2018.0,Washtenaw County,MI,50.0,0,0.5194574150217488,MISO:2018
MISO,OTHER,solar,2018.0,Gibson County,IN,50.0,0,0.3977777777777777,MISO:2018
MISO,OTHER,wind,2018.0,McIntosh County,ND,250.0,1,0.2638126112571782,MISO:2018
MISO,AMERICAN TRANSMISSION CO. LLC,solar,2018.0,"Kenosha County,Racine County",WI,400.0,0,0.5357108098713937,MISO:2018
MISO,AMEREN ILLINOIS,solar,2018.0,Washington County,IL,75.0,0,0.5448126062785794,MISO:2018
MISO,NORTHERN STATES POWER COMPANY,storage,2018.0,Murray County,MN,20.0,1,0.5194574150217488,MISO:2018
MISO,METC,solar,2018.0,Otsego County,MI,80.0,0,0.43509032956935056,MISO:2018
MISO,OTHER,solar,2018.0,Forrest County,MS,250.0,0,0.28881261125717816,MISO:2018
MISO,OTHER,wind,2018.0,Boone County,MO,150.0,0,0.2638126112571782,MISO:2018
MISO,ITC MIDWEST,wind,2018.0,"Boone County,Hamilton County",IA,225.0,1,0.23478035319266208,MISO:2018
MISO,OTHER,solar,2018.0,St. Francis County,AR,500.0,1,0.24910747012814588,MISO:2018
MISO,NORTHERN STATES POWER COMPANY,solar,2018.0,Wabasha County,MN,300.0,0,0.22130472026035114,MISO:2018
MISO,AMEREN ILLINOIS,solar,2018.0,Washington County,IL,150.0,1,0.5448126062785794,MISO:2018
MISO,OTHER,wind,2018.0,"Jasper County,Pulaski County",IN,200.0,1,0.2638126112571782,MISO:2018
MISO,OTHER,solar,2018.0,Clinton County,IN,195.0,1,0.28881261125717816,MISO:2018
MISO,ITC MIDWEST,solar,2018.0,Jackson County,MN,125.0,0,0.3038126112571782,MISO:2018
MISO,AMEREN ILLINOIS,solar,2018.0,Saline County,IL,150.0,1,0.5448126062785794,MISO:2018
MISO,"ENTERGY LOUISIANA, LLC ELTO",solar,2018.0,St. Charles Parish,LA,200.0,0,0.2700499441800341,MISO:2018
MISO,METC,solar,2018.0,Oceana County,MI,100.0,1,0.39175257306339545,MISO:2018
MISO,AMERICAN TRANSMISSION CO. LLC,wind,2018.0,"Marathon County,Taylor County,Wood County",WI,300.0,0,0.48065671350507416,MISO:2018
MISO,METC,wind,2018.0,Gratiot County,MI,200.0,0,0.2638126112571782,MISO:2018
MISO,OTHER,solar,2018.0,Cape Girardeau County,MO,300.0,0,0.28881261125717816,MISO:2018
MISO,OTHER,wind,2018.0,Audrain County,MO,150.0,0,0.2638126112571782,MISO:2018
MISO,OTHER,solar,2018.0,Grimes County,TX,200.0,0,0.28881261125717816,MISO:2018
MISO,"ENTERGY ARKANSAS, LLC EATO",solar,2018.0,"Lonoke County,Pulaski County",AR,500.0,0,0.23478035319266208,MISO:2018
MISO,NORTHERN STATES POWER COMPANY,solar,2018.0,Jackson County,MN,40.0,0,0.3038126112571782,MISO:2018
MISO,ITC MIDWEST,solar,2018.0,Nobles County,MN,120.0,0,0.3038126112571782,MISO:2018
MISO,"ENTERGY LOUISIANA, LLC ELTO",solar,2018.0,Iberville Parish,LA,300.0,0,0.2700499441800341,MISO:2018
MISO,"ENTERGY LOUISIANA, LLC ELTO",solar,2018.0,Iberville Parish,LA,200.0,0,0.2700499441800341,MISO:2018
MISO,AMERICAN TRANSMISSION CO. LLC,solar,2018.0,Marathon County,WI,200.0,0,0.5448126062785794,MISO:2018
MISO,AMERICAN TRANSMISSION CO. LLC,storage,2018.0,Manitowoc County,WI,20.0,0,0.6824134101943891,MISO:2018
MISO,ITC MIDWEST,wind,2018.0,Tuscola County,MI,1.1,0,0.5151137011690904,MISO:2018
MISO,AMEREN ILLINOIS,solar,2018.0,Logan County,IL,70.0,1,0.5448126062785794,MISO:2018
MISO,AMERICAN TRANSMISSION CO. LLC,solar,2018.0,Green County,WI,49.9,0,0.6781459396119128,MISO:2018
MISO,"ENTERGY ARKANSAS, LLC EATO",solar,2018.0,"Desha County,Drew County",AR,200.0,0,0.2700499441800341,MISO:2018
MISO,OTHER,solar,2018.0,St. James Parish,LA,200.0,1,0.28881261125717816,MISO:2018
MISO,AMERICAN TRANSMISSION CO. LLC,solar,2018.0,Rock County,WI,65.0,0,0.6644361894716247,MISO:2018
MISO,OTHER,coal,2018.0,Mississippi County,AR,10.0,1,0.5127619047619048,MISO:2018
MISO,OTHER,solar,2018.0,Freeborn County,MN,150.0,0,0.28881261125717816,MISO:2018
MISO,OTHER,solar,2018.0,Callaway County,MO,250.0,1,0.28881261125717816,MISO:2018
MISO,"ENTERGY ARKANSAS, LLC EATO",solar,2018.0,Mississippi County,AR,300.0,0,0.2700499441800341,MISO:2018
MISO,OTHER,solar,2018.0,Olmsted County,MN,100.0,1,0.29582879631693804,MISO:2018
MISO,OTHER,solar,2018.0,St. James Parish,LA,20.0,1,0.5060119047619047,MISO:2018
MISO,OTHER,solar,2018.0,Cross County,AR,135.0,1,0.2900421194538995,MISO:2018
MISO,METC,solar,2018.0,Genesee County,MI,50.0,1,0.49572598377046306,MISO:2018
MISO,"ENTERGY ARKANSAS, LLC EATO",solar,2018.0,St. Francis County,AR,100.0,0,0.39743077254399994,MISO:2018
MISO,OTHER,solar,2018.0,Cape Girardeau County,MO,200.0,1,0.28881261125717816,MISO:2018
MISO,OTHER,solar,2018.0,Morrison County,MN,100.0,0,0.29582879631693804,MISO:2018
MISO,AMERICAN TRANSMISSION CO. LLC,storage,2018.0,"Washington County,Waukesha County",WI,100.0,0,0.5727907483550821,MISO:2018
MISO,NORTHERN STATES POWER COMPANY,solar,2018.0,Dakota County,MN,200.0,0,0.22130472026035114,MISO:2018
MISO,OTHER,wind,2018.0,Redwood County,MN,414.0,0,0.21117895459126346,MISO:2018
MISO,OTHER,gas,2018.0,Posey County,IN,54.0,0,0.48065671350507416,MISO:2018
MISO,ITC MIDWEST,solar,2018.0,Worth County,IA,165.0,1,0.26504211945389955,MISO:2018
MISO,ITC MIDWEST,wind,2018.0,Worth County,IA,165.0,1,0.23478035319266208,MISO:2018
MISO,ITC MIDWEST,wind,2018.0,"Cerro Gordo County,Worth County",IA,145.0,0,0.23523141129109842,MISO:2018
MISO,NORTHERN STATES POWER COMPANY,solar,2018.0,Yellow Medicine County,MN,200.0,0,0.22130472026035114,MISO:2018
MISO,NORTHERN STATES POWER COMPANY,solar,2018.0,Cass County,ND,200.0,0,0.22130472026035114,MISO:2018
MISO,OTHER,wind,2018.0,Schuyler County,MO,300.0,0,0.23478035319266208,MISO:2018
MISO,METC,solar,2018.0,Eaton County,MI,65.0,0,0.46346687390647157,MISO:2018
MISO,NORTHERN STATES POWER COMPANY,solar,2018.0,Chisago County,MN,300.0,0,0.22130472026035114,MISO:2018
MISO,METC,wind,2018.0,"Mecosta County,Montcalm County",MI,250.0,0,0.2638126112571782,MISO:2018
MISO,METC,solar,2018.0,Jackson County,MI,100.0,0,0.39175257306339545,MISO:2018
MISO,AMEREN ILLINOIS,wind,2018.0,Mason County,IL,144.0,1,0.48065671350507416,MISO:2018
MISO,OTHER,wind,2018.0,"Grundy County,Mercer County",MO,400.0,0,0.21117895459126346,MISO:2018
MISO,ITC MIDWEST,wind,2018.0,Monroe County,MI,200.0,0,0.23478035319266208,MISO:2018
MISO,OTHER,solar,2018.0,Washington County,MS,100.0,0,0.29582879631693804,MISO:2018
MISO,OTHER,solar,2018.0,Lake County,IN,300.0,1,0.28881261125717816,MISO:2018
MISO,OTHER,solar,2018.0,Scott County,MO,200.0,1,0.28881261125717816,MISO:2018
MISO,OTHER,solar,2018.0,Gibson County,IN,200.0,0,0.28881261125717816,MISO:2018
MISO,METC,solar,2018.0,Shiawassee County,MI,170.0,0,0.2950499441800341,MISO:2018
MISO,OTHER,solar,2018.0,DeSoto County,MS,300.0,0,0.28881261125717816,MISO:2018
MISO,METC,wind,2018.0,Cass County,MI,250.0,0,0.2638126112571782,MISO:2018
MISO,OTHER,wind,2018.0,Jefferson County,TX,145.0,0,0.2638126112571782,MISO:2018
MISO,OTHER,wind,2018.0,Pottawattamie County,IA,200.0,0,0.2638126112571782,MISO:2018
MISO,OTHER,solar,2018.0,Benton County,MN,80.0,0,0.3167166108467008,MISO:2018
MISO,METC,gas,2018.0,Manistee County,MI,17.0,0,0.5448126062785794,MISO:2018
MISO,OTHER,solar,2018.0,"Covington County,Lamar County",MS,96.0,1,0.3008416379770731,MISO:2018
MISO,ITC MIDWEST,storage,2018.0,Tuscola County,MI,20.0,0,0.5194574150217488,MISO:2018
MISO,OTHER,solar,2018.0,Douglas County,MN,150.0,0,0.28881261125717816,MISO:2018
MISO,NORTHERN STATES POWER COMPANY,wind,2018.0,Cass County,ND,207.0,0,0.19882041052713811,MISO:2018
MISO,AMERICAN TRANSMISSION CO. LLC,solar,2018.0,Dodge County,WI,100.0,1,0.5580092631350357,MISO:2018
MISO,OTHER,solar,2018.0,Lenawee County,MI,80.0,0,0.3167166108467008,MISO:2018
MISO,OTHER,wind,2018.0,Kittson County,MN,80.0,0,0.3307480951281459,MISO:2018
MISO,METC,wind,2018.0,Gratiot County,MI,200.0,1,0.2638126112571782,MISO:2018
MISO,NORTHERN STATES POWER COMPANY,wind,2018.0,Nobles County,MN,250.0,0,0.19882041052713811,MISO:2018
MISO,OTHER,gas,2018.0,Sangamon County,IL,1165.0,1,0.34935934755216635,MISO:2018
MISO,OTHER,solar,2018.0,St. Francis County,AR,140.0,0,0.2900421194538995,MISO:2018
MISO,ITC MIDWEST,other,2018.0,Johnson County,IA,2.0,1,0.5352050827921622,MISO:2018
MISO,OTHER,solar,2018.0,Ralls County,MO,200.0,1,0.28881261125717816,MISO:2018
MISO,OTHER,wind,2018.0,"Coles County,Edgar County",IL,250.0,0,0.2638126112571782,MISO:2018
MISO,OTHER,wind,2018.0,"Mercer County,Putnam County,Sullivan County",MO,800.0,0,0.17521901192573952,MISO:2018
MISO,OTHER,solar,2018.0,Montgomery County,MO,100.0,0,0.29582879631693804,MISO:2018
MISO,AMEREN ILLINOIS,wind,2018.0,"Fulton County,Peoria County",IL,250.0,0,0.4589900468384075,MISO:2018
MISO,METC,solar,2018.0,Oakland County,MI,80.0,0,0.43509032956935056,MISO:2018
MISO,OTHER,wind,2018.0,Washington County,IA,200.0,0,0.2638126112571782,MISO:2018
MISO,OTHER,wind,2018.0,Fayette County,IA,150.0,0,0.2638126112571782,MISO:2018
MISO,OTHER,wind,2018.0,Christian County,IL,200.0,0,0.2638126112571782,MISO:2018
MISO,AMERICAN TRANSMISSION CO. LLC,solar,2018.0,Wood County,WI,149.76,1,0.5448126062785794,MISO:2018
MISO,ITC MIDWEST,solar,2018.0,Dubuque County,IA,150.0,0,0.27881261125717816,MISO:2018
MISO,ITC MIDWEST,wind,2018.0,"Jackson County,Martin County",MN,300.0,0,0.2200752120636298,MISO:2018
MISO,OTHER,wind,2018.0,Christian County,IL,200.0,0,0.2638126112571782,MISO:2018
MISO,METC,wind,2018.0,Presque Isle County,MI,400.0,0,0.23478035319266208,MISO:2018
MISO,OTHER,solar,2018.0,Boone County,IN,200.0,1,0.28881261125717816,MISO:2018
MISO,OTHER,solar,2018.0,Cass County,IN,200.0,1,0.28881261125717816,MISO:2018
MISO,OTHER,solar,2018.0,Callaway County,MO,100.0,0,0.29582879631693804,MISO:2018
MISO,OTHER,solar,2018.0,LaMoure County,ND,200.0,0,0.28881261125717816,MISO:2018
MISO,OTHER,wind,2018.0,Corson County,SD,54.0,0,0.3472456152515052,MISO:2018
MISO,ITC MIDWEST,solar,2018.0,Linn County,IA,100.0,0,0.3038126112571782,MISO:2018
MISO,OTHER,wind,2018.0,"Dickinson County,Emmet County",IA,300.0,1,0.23478035319266208,MISO:2018
MISO,AMEREN ILLINOIS,wind,2018.0,"Brown County,LaSalle County",IL,100.0,0,0.48740671350507414,MISO:2018
MISO,AMEREN ILLINOIS,solar,2018.0,"Brown County,Jersey County",IL,100.0,0,0.5448126062785794,MISO:2018
MISO,OTHER,solar,2018.0,Dallas County,IA,50.0,0,0.3977777777777777,MISO:2018
MISO,ITC MIDWEST,solar,2018.0,Johnson County,IA,1.4,1,0.6551970345024237,MISO:2018
MISO,OTHER,solar,2018.0,Scott County,MO,120.0,0,0.2900421194538995,MISO:2018
MISO,OTHER,solar,2018.0,Wayne County,MS,200.0,0,0.28881261125717816,MISO:2018
MISO,NORTHERN STATES POWER COMPANY,wind,2018.0,Lincoln County,MN,100.0,0,0.2082344412299638,MISO:2018
MISO,OTHER,wind,2018.0,Cass County,ND,150.0,0,0.2638126112571782,MISO:2018
MISO,OTHER,solar,2018.0,Warren County,MO,300.0,1,0.28881261125717816,MISO:2018
MISO,METC,wind,2018.0,Montcalm County,MI,100.0,0,0.34385803697893,MISO:2018
MISO,AMEREN ILLINOIS,solar,2018.0,Clay County,IL,200.0,0,0.5448126062785794,MISO:2018
MISO,METC,solar,2018.0,Lenawee County,MI,80.0,1,0.43509032956935056,MISO:2018
MISO,AMEREN ILLINOIS,wind,2018.0,McLean County,IL,150.0,1,0.48065671350507416,MISO:2018
MISO,METC,solar,2018.0,"Midland County,Saginaw County",MI,200.0,0,0.2950499441800341,MISO:2018
MISO,OTHER,wind,2018.0,Nodaway County,MO,200.0,0,0.2638126112571782,MISO:2018
MISO,AMERICAN TRANSMISSION CO. LLC,solar,2018.0,Waushara County,WI,99.0,1,0.5604982603503715,MISO:2018
MISO,AMERICAN TRANSMISSION CO. LLC,solar,2018.0,Dodge County,WI,50.0,1,0.6781459396119128,MISO:2018
MISO,"ENTERGY ARKANSAS, LLC EATO",solar,2018.0,Mississippi County,AR,82.0,0,0.44059271883303647,MISO:2018
MISO,OTHER,solar,2018.0,Crittenden County,AR,200.0,1,0.28881261125717816,MISO:2018
MISO,OTHER,solar,2018.0,Jackson County,IL,150.0,0,0.28881261125717816,MISO:2018
MISO,OTHER,solar,2018.0,Sunflower County,MS,85.0,0,0.3167166108467008,MISO:2018
MISO,AMERICAN TRANSMISSION CO. LLC,solar,2018.0,Grant County,WI,50.0,1,0.6781459396119128,MISO:2018
MISO,NORTHERN STATES POWER COMPANY,solar,2018.0,Lincoln County,MN,40.0,0,0.3038126112571782,MISO:2018
MISO,AMEREN ILLINOIS,wind,2018.0,Piatt County,IL,200.0,0,0.46140675218389315,MISO:2018
MISO,NORTHERN STATES POWER COMPANY,solar,2018.0,Brookings County,SD,100.0,0,0.26410747012814595,MISO:2018
MISO,OTHER,wind,2018.0,Knox County,MO,300.0,1,0.23478035319266208,MISO:2018
MISO,OTHER,wind,2018.0,"Audrain County,Ralls County",MO,400.0,1,0.21117895459126346,MISO:2018
MISO,OTHER,solar,2018.0,Pike County,IN,150.0,1,0.28881261125717816,MISO:2018
MISO,OTHER,solar,2018.0,Pike County,IN,150.0,1,0.28881261125717816,MISO:2018
MISO,OTHER,solar,2018.0,Kosciusko County,IN,150.0,0,0.28881261125717816,MISO:2018
MISO,ITC MIDWEST,solar,2018.0,Union County,IA,50.0,1,0.30882043598331277,MISO:2018
MISO,OTHER,solar,2018.0,Jasper County,MS,250.0,0,0.28881261125717816,MISO:2018
MISO,METC,wind,2018.0,"Mecosta County,Montcalm County",MI,800.0,0,0.2200752120636298,MISO:2018
MISO,"ENTERGY LOUISIANA, LLC ELTO",solar,2018.0,East Feliciana Parish,LA,200.0,0,0.2700499441800341,MISO:2018
MISO,OTHER,gas,2018.0,Warren County,MS,1110.0,0,0.3554048801798434,MISO:2018
MISO,ITC MIDWEST,solar,2018.0,Faribault County,MN,50.0,0,0.30882043598331277,MISO:2018
MISO,AMERICAN TRANSMISSION CO. LLC,solar,2018.0,"Kenosha County,Racine County",WI,400.0,0,0.5357108098713937,MISO:2018
MISO,OTHER,solar,2018.0,Mower County,MN,100.0,0,0.29582879631693804,MISO:2018
MISO,OTHER,solar,2018.0,Scott County,IA,100.0,1,0.29582879631693804,MISO:2018
MISO,"ENTERGY LOUISIANA, LLC ELTO",solar,2018.0,Richland Parish,LA,100.0,0,0.39743077254399994,MISO:2018
MISO,OTHER,wind,2018.0,Hancock County,IN,100.0,0,0.3307480951281459,MISO:2018
MISO,METC,solar,2018.0,Ingham County,MI,80.0,0,0.43509032956935056,MISO:2018
MISO,AMEREN ILLINOIS,solar,2018.0,Champaign County,IL,150.0,1,0.5448126062785794,MISO:2018
MISO,ITC MIDWEST,solar,2018.0,Des Moines County,IA,50.0,1,0.30882043598331277,MISO:2018
MISO,AMEREN ILLINOIS,wind,2018.0,Macon County,IL,200.0,1,0.46140675218389315,MISO:2018
MISO,OTHER,solar,2018.0,Hinds County,MS,100.0,0,0.29582879631693804,MISO:2018
MISO,"ENTERGY LOUISIANA, LLC ELTO",gas,2018.0,Ascension Parish,LA,252.0,0,0.4589900468384075,MISO:2018
MISO,"DUKE ENERGY INDIANA, LLC CIN",solar,2018.0,"Hancock County,Shelby County",IN,200.0,0,0.2700499441800341,MISO:2018
MISO,OTHER,solar,2018.0,Scott County,MO,100.23,0,0.2955466252144209,MISO:2018
MISO,"ENTERGY ARKANSAS, LLC EATO",solar,2018.0,White County,AR,100.0,0,0.39743077254399994,MISO:2018
MISO,"ENTERGY ARKANSAS, LLC EATO",solar,2018.0,Jackson County,AR,100.0,0,0.39743077254399994,MISO:2018
MISO,METC,gas,2018.0,Jackson County,MI,600.0,0,0.42218449128285196,MISO:2018
MISO,"DUKE ENERGY INDIANA, LLC CIN",wind,2018.0,Miami County,IN,30.0,0,0.42218449128285196,MISO:2018
MISO,AMEREN ILLINOIS,wind,2018.0,Piatt County,IL,150.0,0,0.48065671350507416,MISO:2018
MISO,AMEREN ILLINOIS,solar,2018.0,Clark County,IL,75.0,1,0.5448126062785794,MISO:2018
MISO,OTHER,solar,2018.0,St. James Parish,LA,70.0,1,0.35865209471766846,MISO:2018
MISO,OTHER,solar,2018.0,Walker County,TX,100.0,0,0.29582879631693804,MISO:2018
MISO,AMERICAN TRANSMISSION CO. LLC,solar,2018.0,Sheboygan County,WI,150.0,1,0.5448126062785794,MISO:2018
MISO,OTHER,solar,2018.0,Mississippi County,AR,150.0,1,0.28881261125717816,MISO:2018
MISO,AMERICAN TRANSMISSION CO. LLC,solar,2018.0,Delta County,MI,1.35,1,0.7314792729452462,MISO:2018
MISO,OTHER,wind,2018.0,Putnam County,MO,200.0,0,0.2638126112571782,MISO:2018
MISO,OTHER,wind,2018.0,Plymouth County,IA,200.0,0,0.2638126112571782,MISO:2018
MISO,AMERICAN TRANSMISSION CO. LLC,wind,2018.0,Baraga County,MI,70.0,0,0.5421864133707144,MISO:2018
MISO,AMERICAN TRANSMISSION CO. LLC,solar,2018.0,Jefferson County,WI,75.0,1,0.6291464846975788,MISO:2018
MISO,AMERICAN TRANSMISSION CO. LLC,solar,2018.0,"Adams County,Wood County",WI,100.23,0,0.5574402800884941,MISO:2018
MISO,ITC MIDWEST,wind,2018.0,Chickasaw County,IA,200.0,1,0.23478035319266208,MISO:2018
MISO,OTHER,solar,2018.0,Adair County,MO,250.0,1,0.28881261125717816,MISO:2018
MISO,OTHER,solar,2018.0,Hinds County,MS,100.0,0,0.29582879631693804,MISO:2018
MISO,ITC MIDWEST,solar,2018.0,Rock County,MN,80.0,1,0.3038126112571782,MISO:2018
MISO,"ENTERGY ARKANSAS, LLC EATO",solar,2018.0,St. Francis County,AR,50.0,0,0.4843452380952381,MISO:2018
MISO,OTHER,storage,2018.0,"Brown County,Martin County",IN,5.0,1,0.5727907483550821,MISO:2018
MISO,AMERICAN TRANSMISSION CO. LLC,solar,2018.0,Rock County,WI,50.0,1,0.6781459396119128,MISO:2018
MISO,NORTHERN STATES POWER COMPANY,solar,2018.0,McCook County,SD,50.0,1,0.27881261125717816,MISO:2018
MISO,OTHER,solar,2018.0,Jefferson County,TX,80.0,0,0.3167166108467008,MISO:2018
MISO,"ENTERGY ARKANSAS, LLC EATO",solar,2018.0,Crittenden County,AR,150.0,0,0.3875614754098361,MISO:2018
MISO,OTHER,solar,2018.0,"Quitman County,Tunica County",MS,120.0,0,0.2900421194538995,MISO:2018
MISO,OTHER,solar,2018.0,Washington Parish,LA,50.0,1,0.3977777777777777,MISO:2018
MISO,"ENTERGY LOUISIANA, LLC ELTO",solar,2018.0,Jefferson Davis Parish,LA,150.0,0,0.3875614754098361,MISO:2018
MISO,OTHER,wind,2018.0,Mercer County,ND,151.8,0,0.2638126112571782,MISO:2018
MISO,"ENTERGY LOUISIANA, LLC ELTO",solar,2018.0,Acadia Parish,LA,50.0,0,0.4843452380952381,MISO:2018
MISO,OTHER,solar,2018.0,San Jacinto County,TX,100.0,0,0.29582879631693804,MISO:2018
MISO,OTHER,solar,2018.0,Liberty County,TX,80.0,0,0.3167166108467008,MISO:2018
MISO,OTHER,solar,2018.0,Hinds County,MS,70.0,0,0.35865209471766846,MISO:2018
MISO,OTHER,wind,2018.0,Cottonwood County,MN,150.0,0,0.2638126112571782,MISO:2018
MISO,OTHER,solar,2018.0,DeSoto County,MS,100.0,1,0.29582879631693804,MISO:2018
MISO,NORTHERN STATES POWER COMPANY,wind,2018.0,Mower County,MN,150.0,1,0.19882041052713811,MISO:2018
MISO,ITC MIDWEST,solar,2018.0,Tuscola County,MI,100.0,0,0.3038126112571782,MISO:2018
MISO,OTHER,solar,2018.0,West Baton Rouge Parish,LA,150.0,0,0.28881261125717816,MISO:2018
MISO,ITC MIDWEST,other,2018.0,Cedar County,IA,9.0,1,0.3508344691806754,MISO:2018
MISO,OTHER,wind,2018.0,"Jasper County,White County",IN,200.0,1,0.2638126112571782,MISO:2018
MISO,OTHER,wind,2018.0,"Putnam County,Sullivan County",MO,400.0,0,0.21117895459126346,MISO:2018
MISO,METC,solar,2018.0,Oscoda County,MI,50.0,0,0.49572598377046306,MISO:2018
NYISO,OTHER,solar,2018.0,Ulster,NY,20.0,0,0.14054491834687002,NYISO:2018
NYISO,NM-NG,transmission,2018.0,Chautauqua,NY,0.0,0,0.2876694332987225,NYISO:2018
NYISO,LIPA,solar,2018.0,Suffolk,NY,20.0,0,0.15112183507354535,NYISO:2018
NYISO,NYPA,solar,2018.0,Clinton,NY,125.0,0,0.15112183507354535,NYISO:2018
NYISO,LIPA,solar,2018.0,Suffolk,NY,150.0,0,0.11497388071286636,NYISO:2018
NYISO,OTHER,solar,2018.0,Orange,NY,20.0,0,0.14054491834687002,NYISO:2018
NYISO,OTHER,solar,2018.0,Orange,NY,20.0,0,0.14054491834687002,NYISO:2018
NYISO,OTHER,solar,2018.0,Orange,NY,20.0,0,0.14054491834687002,NYISO:2018
NYISO,OTHER,solar,2018.0,Orange,NY,20.0,0,0.14054491834687002,NYISO:2018
NYISO,CONED,storage,2018.0,Queens,NY,15.0,0,0.2911850314706393,NYISO:2018
NYISO,NYSEG,gas,2018.0,Clinton,PA,548.0,0,0.1256712293412495,NYISO:2018
NYISO,OTHER,solar,2018.0,Albany,NY,20.0,0,0.14054491834687002,NYISO:2018
NYISO,CONED,storage,2018.0,Queens,NY,129.0,0,0.1658269762025776,NYISO:2018
NYISO,CONED,storage,2018.0,Queens,NY,129.0,0,0.1658269762025776,NYISO:2018
NYISO,CONED,gas,2018.0,Queens,NY,243.8,0,0.11497388071286636,NYISO:2018
NYISO,CONED,storage,2018.0,Kings,NY,300.0,0,0.15112183507354535,NYISO:2018
NYISO,LIPA,wind,2018.0,Suffolk,NY,800.0,0,0.08765592503670173,NYISO:2018
NYISO,CONED,wind,2018.0,Kings,NY,800.0,0,0.08765592503670173,NYISO:2018
NYISO,NM-NG,solar,2018.0,Sullivan,NY,160.0,0,0.11263955513310468,NYISO:2018
NYISO,NYSEG,wind,2018.0,Chenango,NY,100.8,0,0.09914500370751878,NYISO:2018
NYISO,NM-NG,storage,2018.0,Albany,NY,10.0,0,0.30076622753677773,NYISO:2018
NYISO,NM-NG,solar,2018.0,Albany,NY,1.0,0,0.17902719828731067,NYISO:2018
NYISO,NM-NG,solar,2018.0,Oneida,NY,165.0,0,0.11263955513310468,NYISO:2018
NYISO,NYSEG,solar,2018.0,Monroe,NY,19.9,0,0.15043537910105026,NYISO:2018
NYISO,NYSEG,solar,2018.0,Thompkins,NY,19.9,0,0.15043537910105026,NYISO:2018
NYISO,OTHER,solar,2018.0,Orange,NY,20.0,0,0.14054491834687002,NYISO:2018
NYISO,OTHER,solar,2018.0,Orange,NY,20.0,0,0.14054491834687002,NYISO:2018
NYISO,NYSEG,solar,2018.0,Cayuga,NY,20.0,0,0.1504145200848975,NYISO:2018
NYISO,NM-NG,solar,2018.0,Cortland,NY,50.0,0,0.1284684321384523,NYISO:2018
NYISO,NM-NG,solar,2018.0,Montgomery,NY,40.0,0,0.1284684321384523,NYISO:2018
NYISO,OTHER,solar,2018.0,Ontario,NY,20.0,0,0.14054491834687002,NYISO:2018
NYISO,NM-NG,solar,2018.0,Lewis,NY,19.9,0,0.1284684321384523,NYISO:2018
NYISO,NYSEG,solar,2018.0,Putnam,NY,25.0,0,0.14972323367494395,NYISO:2018
NYISO,NM-NG,solar,2018.0,Livingston,NY,24.9,0,0.1284684321384523,NYISO:2018
NYISO,NM-NG,solar,2018.0,Niagara,NY,24.9,0,0.1284684321384523,NYISO:2018
NYISO,NYSEG,solar,2018.0,Erie,NY,24.9,0,0.14972323367494395,NYISO:2018
NYISO,NYSEG,solar,2018.0,Clinton,NY,20.0,0,0.1504145200848975,NYISO:2018
NYISO,NM-NG,solar,2018.0,Oneida,NY,20.0,0,0.1284684321384523,NYISO:2018
NYISO,NM-NG,solar,2018.0,Cattaraugus,NY,20.0,0,0.1284684321384523,NYISO:2018
NYISO,OTHER,solar,2018.0,Wyoming,NY,19.9,0,0.14054491834687002,NYISO:2018
NYISO,NYSEG,solar,2018.0,Schuyler,NY,20.0,0,0.1504145200848975,NYISO:2018
NYISO,LIPA,wind,2018.0,Suffolk,NY,816.0,0,0.08765592503670173,NYISO:2018
NYISO,NM-NG,wind,2018.0,Madison,NY,19.9,0,0.11263955513310468,NYISO:2018
NYISO,NYSEG,storage,2018.0,Broome,NY,120.0,0,0.17098044342501034,NYISO:2018
NYISO,NYSEG,storage,2018.0,Broome,NY,10.0,0,0.3663563901724928,NYISO:2018
NYISO,CONED,storage,2018.0,Queens,NY,1.5,0,0.3693436659780387,NYISO:2018
NYISO,NYSEG,solar,2018.0,Steuben,NY,20.0,0,0.1504145200848975,NYISO:2018
NYISO,OTHER,storage,2018.0,Ulster,NY,20.0,0,0.1964738134622312,NYISO:2018
NYISO,OTHER,storage,2018.0,Orange,NY,100.0,0,0.15777239675081903,NYISO:2018
NYISO,LIPA,storage,2018.0,Suffolk,NY,150.0,0,0.20776246007354535,NYISO:2018
NYISO,NM-NG,solar,2018.0,Livingston,NY,100.0,0,0.11263955513310468,NYISO:2018
NYISO,OTHER,storage,2018.0,Orange,NY,20.0,0,0.1964738134622312,NYISO:2018
NYISO,LIPA,storage,2018.0,Nassau,NY,50.0,0,0.2929523359530851,NYISO:2018
NYISO,LIPA,storage,2018.0,Suffolk,NY,24.0,0,0.34890977499757225,NYISO:2018
NYISO,NM-NG,solar,2018.0,Herkimer,NY,90.0,0,0.11263955513310468,NYISO:2018
NYISO,NM-NG,solar,2018.0,Washington,NY,100.0,0,0.11263955513310468,NYISO:2018
NYISO,LIPA,wind,2018.0,Suffolk,NY,800.0,0,0.08765592503670173,NYISO:2018
NYISO,LIPA,wind,2018.0,Suffolk,NY,800.0,0,0.08765592503670173,NYISO:2018
NYISO,OTHER,solar,2018.0,Orange,NY,20.0,0,0.14054491834687002,NYISO:2018
NYISO,NM-NG,solar,2018.0,Herkimer,NY,20.0,0,0.1284684321384523,NYISO:2018
NYISO,NYPA,transmission,2018.0,St. Lawrence-Lewis,NY,0.0,0,0.40221007870845993,NYISO:2018
NYISO,NM-NG,unknown,2018.0,Greene,NY,100.0,0,0.044296550036701736,NYISO:2018
NYISO,LIPA,storage,2018.0,Suffolk,NY,75.0,0,0.23429266972290183,NYISO:2018
NYISO,NM-NG,storage,2018.0,Onondaga,NY,10.0,0,0.30076622753677773,NYISO:2018
NYISO,LIPA,wind,2018.0,Suffolk,NY,440.0,0,0.08765592503670173,NYISO:2018
NYISO,LIPA,wind,2018.0,Suffolk,NY,880.0,0,0.08765592503670173,NYISO:2018
NYISO,CONED,wind,2018.0,NY,NY,1200.0,0,0.05274725426205386,NYISO:2018
NYISO,OTHER,storage,2018.0,Greene,NY,20.0,0,0.1964738134622312,NYISO:2018
NYISO,NM-NG,wind,2018.0,Genesee,NY,20.0,0,0.11263955513310468,NYISO:2018
NYISO,NM-NG,solar,2018.0,Albany,NY,20.0,0,0.1284684321384523,NYISO:2018
NYISO,NM-NG,solar,2018.0,Essex,NY,20.0,0,0.1284684321384523,NYISO:2018
NYISO,CONED,gas,2018.0,Kings,NY,588.0,0,0.1101617281425066,NYISO:2018
NYISO,OTHER,solar,2018.0,Albany,NY,20.0,0,0.14054491834687002,NYISO:2018
NYISO,NM-NG,solar,2018.0,Schenectady,NY,20.0,0,0.1284684321384523,NYISO:2018
NYISO,NYSEG,storage,2018.0,Steuben,NY,20.0,0,0.29170877758661967,NYISO:2018
NYISO,NYSEG,storage,2018.0,Chenango,NY,5.0,0,0.3663563901724928,NYISO:2018
NYISO,NYSEG,unknown,2018.0,Wyoming,NY,175.0,0,0.044296550036701736,NYISO:2018
NYISO,CONED,storage,2018.0,Queens,NY,187.0,0,0.15112183507354535,NYISO:2018
NYISO,NM-NG,storage,2018.0,Erie,NY,150.0,0,0.15112183507354535,NYISO:2018
NYISO,NM-NG,solar,2018.0,Montgomery,NY,20.0,1,0.1284684321384523,NYISO:2018
NYISO,LIPA,unknown,2018.0,Suffolk,NY,40.0,1,0.050459507880062114,NYISO:2018
NYISO,OTHER,hydro,2018.0,Orange,NY,1.2,1,0.40024193462198543,NYISO:2018
NYISO,NYSEG,storage,2018.0,Saratoga,NY,20.0,1,0.29170877758661967,NYISO:2018
NYISO,NYSEG,solar,2018.0,Steuben,NY,177.0,1,0.1256712293412495,NYISO:2018
NYISO,NM-NG,unknown,2018.0,Washington,NY,20.0,1,0.044296550036701736,NYISO:2018
NYISO,NM-NG,solar,2018.0,Washington,NY,20.0,1,0.1284684321384523,NYISO:2018
NYISO,NM-NG,solar,2018.0,Saratoga,NY,20.0,1,0.1284684321384523,NYISO:2018
NYISO,NM-NG,solar,2018.0,Montgomery,NY,20.0,1,0.1284684321384523,NYISO:2018
NYISO,NM-NG,gas,2018.0,Oswego,NY,27.0,1,0.17098044342501034,NYISO:2018
NYISO,NM-NG,storage,2018.0,Erie,NY,20.0,1,0.24067564801344526,NYISO:2018
NYISO,NYSEG,solar,2018.0,Cortland,NY,20.0,1,0.1504145200848975,NYISO:2018
NYISO,NYPA,storage,2018.0,Franklin,NY,20.0,1,0.40221007870845993,NYISO:2018
NYISO,NYSEG,solar,2018.0,Chenango,NY,20.0,1,0.1504145200848975,NYISO:2018
NYISO,NYPA,transmission,2018.0,Delaware,NY,0.0,1,0.40221007870845993,NYISO:2018
CAISO,PGAE,storage,2019.0,MONTEREY,CA,350.0,1,0.1254325043866823,CAISO:2019
CAISO,SCE,solar_storage,2019.0,SAN BERNARDINO,CA,150.0,1,0.34522100311664816,CAISO:2019
CAISO,SCE,storage,2019.0,SAN BERNARDINO,CA,100.0,1,0.1254325043866823,CAISO:2019
CAISO,SCE,storage,2019.0,RIVERSIDE,CA,680.0,1,0.11439354334772125,CAISO:2019
CAISO,SDGE,storage,2019.0,SAN DIEGO,CA,50.0,1,0.16187306777690957,CAISO:2019
CAISO,SDGE,storage,2019.0,SAN DIEGO,CA,100.0,1,0.16187306777690957,CAISO:2019
CAISO,SDGE,storage,2019.0,SAN DIEGO,CA,200.0,1,0.15417594637515739,CAISO:2019
CAISO,SDGE,storage,2019.0,SAN DIEGO,CA,300.0,1,0.1482444750247399,CAISO:2019
CAISO,SDGE,storage,2019.0,SAN DIEGO,CA,20.0,1,0.16187306777690957,CAISO:2019
CAISO,PGAE,steam,2019.0,YUBA,CA,5.0,0,0.08190918832450614,CAISO:2019
CAISO,PGAE,storage,2019.0,SONOMA,CA,40.0,0,0.15417594637515739,CAISO:2019
CAISO,PGAE,solar_storage,2019.0,SAN JOAQUIN,CA,350.0,0,0.219681607352293,CAISO:2019
CAISO,PGAE,hybrid_multi,2019.0,HUMBOLDT,CA,100.0,0,0.07087022728554508,CAISO:2019
CAISO,PGAE,solar_storage,2019.0,COLUSA,CA,150.0,0,0.2376967528285784,CAISO:2019
CAISO,PGAE,solar_storage,2019.0,COLUSA,CA,300.0,0,0.219681607352293,CAISO:2019
CAISO,PGAE,storage,2019.0,ALAMEDA,CA,99.0,0,0.1254325043866823,CAISO:2019
CAISO,PGAE,storage,2019.0,MENDOCINO,CA,30.0,0,0.16187306777690957,CAISO:2019
CAISO,PGAE,solar_storage,2019.0,SOLANO,CA,350.0,0,0.219681607352293,CAISO:2019
CAISO,PGAE,storage,2019.0,SANTA CLARA,CA,30.0,0,0.16187306777690957,CAISO:2019
CAISO,PGAE,storage,2019.0,SANTA CLARA,CA,200.0,0,0.1254325043866823,CAISO:2019
CAISO,PGAE,storage,2019.0,SANTA CLARA,CA,100.0,0,0.1254325043866823,CAISO:2019
CAISO,PGAE,storage,2019.0,ALAMEDA,CA,100.0,0,0.1254325043866823,CAISO:2019
CAISO,PGAE,storage,2019.0,CONTRA COSTA,CA,650.0,0,0.11439354334772125,CAISO:2019
CAISO,PGAE,solar_storage,2019.0,SUTTER,CA,100.0,0,0.2458728534575092,CAISO:2019
CAISO,PGAE,hybrid_multi,2019.0,HUMBOLDT,CA,1500.0,0,0.06225874530957713,CAISO:2019
CAISO,PGAE,solar_storage,2019.0,SAN JOAQUIN,CA,240.0,0,0.2376967528285784,CAISO:2019
CAISO,PGAE,solar_storage,2019.0,SAN JOAQUIN,CA,240.0,0,0.2376967528285784,CAISO:2019
CAISO,PGAE,solar_storage,2019.0,STANISLAUS,CA,240.0,0,0.2376967528285784,CAISO:2019
CAISO,PGAE,solar_storage,2019.0,SAN JOAQUIN,CA,50.0,0,0.28433439191904764,CAISO:2019
CAISO,PGAE,storage,2019.0,SANTA CLARA,CA,100.0,0,0.1254325043866823,CAISO:2019
CAISO,PGAE,solar_storage,2019.0,SAN JOAQUIN,CA,55.0,0,0.28433439191904764,CAISO:2019
CAISO,PGAE,solar_storage,2019.0,MADERA,CA,150.0,0,0.2376967528285784,CAISO:2019
CAISO,PGAE,solar,2019.0,FRESNO,CA,65.0,0,0.10009100650632433,CAISO:2019
CAISO,PGAE,solar_storage,2019.0,FRESNO,CA,50.0,0,0.28433439191904764,CAISO:2019
CAISO,PGAE,solar_storage,2019.0,MERCED,CA,80.0,0,0.24632870118875666,CAISO:2019
CAISO,PGAE,solar,2019.0,FRESNO,CA,190.0,0,0.08462079218612903,CAISO:2019
CAISO,PGAE,solar_storage,2019.0,FRESNO,CA,23.0,0,0.43513764499372354,CAISO:2019
CAISO,PGAE,storage,2019.0,FRESNO,CA,400.0,0,0.1254325043866823,CAISO:2019
CAISO,PGAE,solar_storage,2019.0,FRESNO,CA,200.0,0,0.2376967528285784,CAISO:2019
CAISO,PGAE,solar_storage,2019.0,FRESNO,CA,200.0,0,0.2376967528285784,CAISO:2019
CAISO,PGAE,solar_storage,2019.0,MADERA,CA,150.0,0,0.2376967528285784,CAISO:2019
CAISO,PGAE,storage,2019.0,KINGS,CA,350.0,0,0.1254325043866823,CAISO:2019
CAISO,PGAE,solar_storage,2019.0,MONTEREY,CA,27.0,0,0.39976601911538073,CAISO:2019
CAISO,PGAE,solar_storage,2019.0,MERCED,CA,65.0,0,0.2565196805111501,CAISO:2019
CAISO,PGAE,solar_storage,2019.0,FRESNO,CA,1500.0,0,0.1806465346104515,CAISO:2019
CAISO,PGAE,solar_storage,2019.0,FRESNO,CA,150.0,0,0.2376967528285784,CAISO:2019
CAISO,PGAE,solar_storage,2019.0,KINGS,CA,90.0,0,0.2458728534575092,CAISO:2019
CAISO,PGAE,solar,2019.0,MADERA,CA,75.0,0,0.09619490261022041,CAISO:2019
CAISO,PGAE,solar,2019.0,KERN,CA,50.0,0,0.10815122919873106,CAISO:2019
CAISO,PGAE,solar_storage,2019.0,KERN,CA,150.0,0,0.2376967528285784,CAISO:2019
CAISO,PGAE,wind,2019.0,SAN LUIS OBISPO,CA,1145.0,0,0.06225874530957713,CAISO:2019
CAISO,PGAE,hybrid_multi,2019.0,SAN LUIS OBISPO,CA,1500.0,0,0.06225874530957713,CAISO:2019
CAISO,PGAE,hybrid_multi,2019.0,SAN LUIS OBISPO,CA,1500.0,0,0.06225874530957713,CAISO:2019
CAISO,PGAE,solar_storage,2019.0,KERN,CA,55.0,0,0.28433439191904764,CAISO:2019
CAISO,PGAE,solar_storage,2019.0,KINGS,CA,500.0,0,0.21227373094353016,CAISO:2019
CAISO,PGAE,solar_storage,2019.0,KINGS,CA,250.0,0,0.219681607352293,CAISO:2019
CAISO,PGAE,solar,2019.0,KERN,CA,350.0,0,0.07087022728554508,CAISO:2019
CAISO,PGAE,solar,2019.0,KERN,CA,138.0,0,0.08515594157125937,CAISO:2019
CAISO,PGAE,wind,2019.0,SAN LUIS OBISPO,CA,400.0,0,0.06225874530957713,CAISO:2019
CAISO,PGAE,wind,2019.0,SAN LUIS OBISPO,CA,605.0,0,0.06225874530957713,CAISO:2019
CAISO,PGAE,hybrid_multi,2019.0,SAN LUIS OBISPO,CA,1500.0,0,0.06225874530957713,CAISO:2019
CAISO,PGAE,solar_storage,2019.0,MARICOPA,CA,200.0,0,0.2376967528285784,CAISO:2019
CAISO,SCE,hybrid_multi,2019.0,KERN,CA,150.0,0,0.08284814928375986,CAISO:2019
CAISO,SCE,solar_storage,2019.0,KERN,CA,200.0,0,0.34522100311664816,CAISO:2019
CAISO,SCE,storage,2019.0,LOS ANGELES,CA,100.0,0,0.1254325043866823,CAISO:2019
CAISO,SCE,storage,2019.0,ORANGE,CA,200.0,0,0.1254325043866823,CAISO:2019
CAISO,SCE,storage,2019.0,SAN BERNARDINO,CA,250.0,0,0.1254325043866823,CAISO:2019
CAISO,SCE,storage,2019.0,LOS ANGELES,CA,300.0,0,0.1254325043866823,CAISO:2019
CAISO,SCE,storage,2019.0,ORANGE,CA,300.0,0,0.1254325043866823,CAISO:2019
CAISO,SCE,storage,2019.0,LOS ANGELES,CA,200.0,0,0.1254325043866823,CAISO:2019
CAISO,SCE,storage,2019.0,LOS ANGELES,CA,400.0,0,0.1254325043866823,CAISO:2019
CAISO,SCE,storage,2019.0,ORANGE,CA,200.0,0,0.1254325043866823,CAISO:2019
CAISO,SCE,hybrid_multi,2019.0,KERN,CA,115.0,0,0.08515594157125937,CAISO:2019
CAISO,SCE,solar_storage,2019.0,KERN,CA,200.0,0,0.34522100311664816,CAISO:2019
CAISO,SCE,solar_storage,2019.0,TULARE,CA,100.0,0,0.34522100311664816,CAISO:2019
CAISO,SCE,solar_storage,2019.0,TULARE,CA,200.0,0,0.34522100311664816,CAISO:2019
CAISO,SCE,solar_storage,2019.0,TULARE,CA,240.0,0,0.34522100311664816,CAISO:2019
CAISO,SCE,solar_storage,2019.0,TULARE,CA,300.0,0,0.34522100311664816,CAISO:2019
CAISO,SCE,solar_storage,2019.0,TULARE,CA,240.0,0,0.34522100311664816,CAISO:2019
CAISO,SCE,solar_storage,2019.0,KERN,CA,200.0,0,0.34522100311664816,CAISO:2019
CAISO,SCE,solar_storage,2019.0,LOS ANGELES,CA,600.0,0,0.3270391849348299,CAISO:2019
CAISO,SCE,solar_storage,2019.0,LOS ANGELES,CA,300.0,0,0.34522100311664816,CAISO:2019
CAISO,SCE,solar_storage,2019.0,KERN,CA,250.0,0,0.34522100311664816,CAISO:2019
CAISO,SCE,wind,2019.0,KERN,CA,85.0,0,0.11439354334772125,CAISO:2019
CAISO,SCE,solar_storage,2019.0,KERN,CA,200.0,0,0.34522100311664816,CAISO:2019
CAISO,SCE,solar_storage,2019.0,KERN,CA,400.0,0,0.34522100311664816,CAISO:2019
CAISO,SCE,solar_storage,2019.0,RIVERSIDE,CA,500.0,0,0.3270391849348299,CAISO:2019
CAISO,SCE,hybrid_multi,2019.0,RIVERSIDE,CA,200.0,0,0.06806733397632267,CAISO:2019
CAISO,SCE,storage,2019.0,RIVERSIDE,CA,100.0,0,0.1254325043866823,CAISO:2019
CAISO,SCE,solar_storage,2019.0,RIVERSIDE,CA,500.0,0,0.3270391849348299,CAISO:2019
CAISO,SCE,storage,2019.0,SAN BERNARDINO,CA,300.0,0,0.1254325043866823,CAISO:2019
CAISO,SCE,solar_storage,2019.0,CLARK,NV,400.0,0,0.34522100311664816,CAISO:2019
CAISO,OTHER,solar_storage,2019.0,CLARK,NV,100.0,0,0.36080498015434176,CAISO:2019
CAISO,OTHER,solar_storage,2019.0,CLARK,NV,100.0,0,0.36080498015434176,CAISO:2019
CAISO,OTHER,solar_storage,2019.0,CLARK,NV,448.0,0,0.36080498015434176,CAISO:2019
CAISO,SDGE,storage,2019.0,SAN DIEGO,CA,200.0,0,0.15417594637515739,CAISO:2019
CAISO,SDGE,storage,2019.0,ORANGE,CA,200.0,0,0.15417594637515739,CAISO:2019
CAISO,SDGE,storage,2019.0,IMPERIAL,CA,200.0,0,0.15417594637515739,CAISO:2019
CAISO,SDGE,storage,2019.0,SAN DIEGO,CA,200.0,0,0.15417594637515739,CAISO:2019
CAISO,SDGE,wind,2019.0,BAJA CALIFORNIA,MX,300.0,0,0.11439354334772125,CAISO:2019
CAISO,SDGE,storage,2019.0,SONORA,MX,500.0,0,0.1254325043866823,CAISO:2019
CAISO,SDGE,solar_storage,2019.0,IMPERIAL,CA,360.0,0,0.36080498015434176,CAISO:2019
CAISO,SDGE,solar_storage,2019.0,IMPERIAL,CA,400.0,0,0.36080498015434176,CAISO:2019
CAISO,SDGE,storage,2019.0,SAN DIEGO,CA,50.0,0,0.16187306777690957,CAISO:2019
CAISO,NAN,storage,2019.0,SAN DIEGO,CA,25.0,0,0.04182260823792604,CAISO:2019
CAISO,SDGE,hybrid_multi,2019.0,SAN DIEGO,CA,400.0,0,0.07087022728554508,CAISO:2019
CAISO,SDGE,storage,2019.0,SAN DIEGO,CA,500.0,0,0.1254325043866823,CAISO:2019
CAISO,SDGE,storage,2019.0,SAN DIEGO,CA,50.0,0,0.16187306777690957,CAISO:2019
ISONE,CMP,solar,2019.0,York,ME,18.4,0,0.393673655644814,ISONE:2019
ISONE,ISO-NE,unmapped,2019.0,Penobscot,ME,8.0,1,0.49703153988868276,ISONE:2019
ISONE,ISO-NE,solar,2019.0,Androscoggin,ME,15.0,0,0.45803556413989266,ISONE:2019
ISONE,NGRID,solar,2019.0,Newport,RI,8.423,1,0.5394113861514854,ISONE:2019
ISONE,NGRID,solar,2019.0,Newport,RI,3.368,1,0.5621906635107956,ISONE:2019
ISONE,ISO-NE,solar,2019.0,Hartford,CT,25.0,1,0.372382302531116,ISONE:2019
ISONE,ISO-NE,gas,2019.0,Hartford,CT,20.24,1,0.5405260148656376,ISONE:2019
ISONE,NAN,solar,2019.0,Merrimack,NH,35.0,0,0.13312962578843449,ISONE:2019
ISONE,NAN,solar,2019.0,York,ME,0.0,0,0.21227373094353016,ISONE:2019
ISONE,ISO-NE,solar,2019.0,Coos,NH,45.0,0,0.36080498015434176,ISONE:2019
ISONE,ISO-NE,solar,2019.0,Merrimack,NH,17.5,0,0.45803556413989266,ISONE:2019
ISONE,NAN,solar,2019.0,Windsor,VT,0.0,1,0.21227373094353016,ISONE:2019
ISONE,ISO-NE,solar,2019.0,Carroll,NH,110.0,0,0.352628879525411,ISONE:2019
ISONE,ISO-NE,solar,2019.0,Oxford,ME,55.0,0,0.36080498015434176,ISONE:2019
ISONE,ISO-NE,unmapped,2019.0,New London,CT,37.0,1,0.44993777957151987,ISONE:2019
ISONE,ISO-NE,solar,2019.0,Somerset,ME,20.0,0,0.45803556413989266,ISONE:2019
ISONE,ISO-NE,wind,2019.0,,CT,1200.0,0,0.17988821325319498,ISONE:2019
ISONE,NAN,wind,2019.0,,RI,167.0,0,0.1057820613717533,ISONE:2019
ISONE,CMP,solar,2019.0,Androscoggin,ME,20.0,1,0.393673655644814,ISONE:2019
ISONE,NAN,wind,2019.0,,MA,200.0,0,0.1057820613717533,ISONE:2019
ISONE,NAN,solar_storage,2019.0,York,ME,9.35,0,0.4168553094044197,ISONE:2019
ISONE,NAN,solar_storage,2019.0,York,ME,11.68,0,0.4168553094044197,ISONE:2019
ISONE,NAN,solar_storage,2019.0,Knox,ME,5.0,0,0.5214937697987335,ISONE:2019
ISONE,NAN,solar_storage,2019.0,Howard,ME,5.0,0,0.5214937697987335,ISONE:2019
ISONE,NAN,solar_storage,2019.0,Androscoggin,ME,7.5,0,0.4321886812897661,ISONE:2019
ISONE,NAN,solar_storage,2019.0,Cumberland,ME,5.0,0,0.5214937697987335,ISONE:2019
ISONE,NAN,solar_storage,2019.0,Oxford,ME,5.0,0,0.5214937697987335,ISONE:2019
ISONE,NAN,solar,2019.0,Androscoggin,ME,5.0,0,0.15594159642649208,ISONE:2019
ISONE,NAN,solar,2019.0,Androscoggin,ME,9.98,0,0.13312962578843449,ISONE:2019
ISONE,OTHER,unmapped,2019.0,New London,CT,10.2,1,0.5951230136323304,ISONE:2019
ISONE,ISO-NE,solar,2019.0,Oxford,ME,35.0,0,0.36080498015434176,ISONE:2019
ISONE,ISO-NE,solar,2019.0,York,ME,20.0,1,0.45803556413989266,ISONE:2019
ISONE,NAN,wind,2019.0,,MA,814.0,0,0.07654445959529141,ISONE:2019
ISONE,NAN,solar,2019.0,Somerset,ME,8.999,0,0.13312962578843449,ISONE:2019
ISONE,NAN,solar,2019.0,Androscoggin,ME,5.0,0,0.15594159642649208,ISONE:2019
ISONE,CMP,solar,2019.0,York,ME,4.8,1,0.46081079523478374,ISONE:2019
ISONE,CMP,storage,2019.0,Cumberland,ME,10.0,0,0.5952717081576142,ISONE:2019
ISONE,CMP,storage,2019.0,Kennebec,ME,14.0,0,0.5589797668690463,ISONE:2019
ISONE,CMP,solar,2019.0,Kennebec,ME,6.999,1,0.46081079523478374,ISONE:2019
ISONE,CMP,solar,2019.0,Kennebec,ME,7.2,1,0.46081079523478374,ISONE:2019
ISONE,CMP,solar,2019.0,Oxford,ME,4.6,1,0.46081079523478374,ISONE:2019
ISONE,CMP,solar,2019.0,Oxford,ME,4.6,1,0.46081079523478374,ISONE:2019
ISONE,NAN,unknown,2019.0,Fairfield,CT,1200.0,0,0.037523309573543016,ISONE:2019
ISONE,NAN,solar,2019.0,Grafton,NH,33.1,0,0.13312962578843449,ISONE:2019
ISONE,NAN,solar,2019.0,Grafton,NH,60.0,0,0.12209066474947346,ISONE:2019
ISONE,ISO-NE,solar,2019.0,York,ME,19.6,0,0.45803556413989266,ISONE:2019
ISONE,NAN,gas,2019.0,Tolland,CT,10.0,0,0.1986616800867369,ISONE:2019
ISONE,ISO-NE,gas,2019.0,Middlesex,CT,23.0,0,0.5405260148656376,ISONE:2019
ISONE,NAN,wind,2019.0,,CT,1200.0,0,0.07654445959529141,ISONE:2019
ISONE,ISO-NE,solar,2019.0,Hartford,CT,50.0,1,0.36080498015434176,ISONE:2019
ISONE,NAN,unknown,2019.0,New London,CT,1400.0,0,0.0367105894904416,ISONE:2019
ISONE,NAN,unknown,2019.0,,CT,,0,0.038881431767337805,ISONE:2019
ISONE,ISO-NE,unknown,2019.0,Androscoggin,ME,,1,0.11159065003849884,ISONE:2019
ISONE,ISO-NE,hybrid_multi,2019.0,Penobscot,ME,0.0,1,0.5451364344117485,ISONE:2019
ISONE,ISO-NE,storage,2019.0,Plymouth,MA,150.0,0,0.3463156199629075,ISONE:2019
ISONE,NAN,storage,2019.0,Norfolk,MA,200.0,0,0.12209066474947346,ISONE:2019
ISONE,NAN,gas,2019.0,Hartford,CT,20.24,0,0.174715063260034,ISONE:2019
ISONE,NAN,solar,2019.0,Hartford,CT,0.0,1,0.21227373094353016,ISONE:2019
ISONE,ISO-NE,gas,2019.0,Middlesex,MA,16.449,0,0.5405260148656376,ISONE:2019
ISONE,NAN,gas,2019.0,Middlesex,MA,13.551,1,0.174715063260034,ISONE:2019
ISONE,NAN,gas,2019.0,Norfolk,MA,0.0,1,0.34522100311664816,ISONE:2019
ISONE,NAN,unmapped,2019.0,Penobscot,ME,24.0,0,0.1254325043866823,ISONE:2019
ISONE,NAN,gas,2019.0,Middlesex,CT,0.0,0,0.34522100311664816,ISONE:2019
ISONE,NAN,solar,2019.0,Sullivan,NH,19.8,0,0.13312962578843449,ISONE:2019
ISONE,ISO-NE,storage,2019.0,Bristol,MA,246.0,0,0.34522100311664816,ISONE:2019
ISONE,NAN,solar,2019.0,Franklin,ME,0.0,1,0.21227373094353016,ISONE:2019
ISONE,ISO-NE,storage,2019.0,Cumberland,ME,175.0,1,0.34522100311664816,ISONE:2019
ISONE,NAN,unknown,2019.0,Middlesex,MA,1200.0,0,0.037523309573543016,ISONE:2019
ISONE,NAN,storage,2019.0,Washington,RI,180.0,0,0.13312962578843449,ISONE:2019
ISONE,NAN,storage,2019.0,Grafton,NH,100.0,0,0.13312962578843449,ISONE:2019
ISONE,NGRID,solar,2019.0,Providence,RI,6.22,0,0.5554005400540054,ISONE:2019
ISONE,NGRID,solar,2019.0,Providence,RI,6.22,0,0.5554005400540054,ISONE:2019
ISONE,ISO-NE,solar,2019.0,Sullivan,NH,15.0,0,0.45803556413989266,ISONE:2019
ISONE,NGRID,solar,2019.0,Hampden,MA,4.0,1,0.5621906635107956,ISONE:2019
ISONE,NGRID,solar,2019.0,Worcester,MA,26.612,0,0.5296698704276643,ISONE:2019
ISONE,NGRID,solar,2019.0,Hampden,MA,13.173,0,0.5296698704276643,ISONE:2019
ISONE,NGRID,solar,2019.0,Worcester,MA,17.032,0,0.5296698704276643,ISONE:2019
ISONE,NGRID,solar,2019.0,Worcester,MA,2.23,1,0.5621906635107956,ISONE:2019
ISONE,NGRID,solar,2019.0,Worcester,MA,20.38,0,0.5296698704276643,ISONE:2019
ISONE,NGRID,solar,2019.0,Worcester,MA,24.652,0,0.5296698704276643,ISONE:2019
ISONE,NGRID,solar,2019.0,Hampshire,MA,19.992,0,0.5296698704276643,ISONE:2019
ISONE,NAN,solar,2019.0,Worcester,MA,2.0,0,0.1806465346104515,ISONE:2019
ISONE,NAN,solar,2019.0,Worcester,MA,2.0,0,0.1806465346104515,ISONE:2019
ISONE,NGRID,solar,2019.0,Worcester,MA,70.664,0,0.4242631858131826,ISONE:2019
ISONE,NGRID,solar,2019.0,Worcester,MA,21.272,0,0.5296698704276643,ISONE:2019
ISONE,NGRID,solar,2019.0,Worcester,MA,14.44,0,0.5296698704276643,ISONE:2019
ISONE,NGRID,solar,2019.0,Worcester,MA,9.49,1,0.5296698704276643,ISONE:2019
ISONE,NGRID,solar,2019.0,Hampden,MA,8.99,0,0.5323062197484696,ISONE:2019
ISONE,NGRID,solar,2019.0,Worcester,MA,4.88,0,0.5621906635107956,ISONE:2019
ISONE,NAN,solar,2019.0,Worcester,MA,24.0,0,0.13312962578843449,ISONE:2019
ISONE,NGRID,solar,2019.0,Berkshire,MA,2.5,1,0.5621906635107956,ISONE:2019
ISONE,NAN,solar,2019.0,Worcester,MA,4.98,0,0.15594159642649208,ISONE:2019
ISONE,NGRID,solar,2019.0,Berkshire,MA,10.978,0,0.5296698704276643,ISONE:2019
ISONE,NAN,storage,2019.0,Essex,MA,150.0,0,0.13312962578843449,ISONE:2019
ISONE,ISO-NE,wind,2019.0,,MA,40.0,0,0.34522100311664816,ISONE:2019
ISONE,NAN,solar,2019.0,Windham,CT,20.0,0,0.13312962578843449,ISONE:2019
ISONE,ISO-NE,storage,2019.0,Norfolk,MA,250.0,1,0.34522100311664816,ISONE:2019
ISONE,NAN,solar,2019.0,Essex,VT,12.0,0,0.13312962578843449,ISONE:2019
ISONE,ISO-NE,solar,2019.0,Pisataquis,ME,20.0,1,0.45803556413989266,ISONE:2019
ISONE,NAN,solar,2019.0,Windham,CT,0.9,1,0.194091912761712,ISONE:2019
ISONE,NAN,solar,2019.0,York,ME,0.0,1,0.21227373094353016,ISONE:2019
ISONE,NGRID,solar,2019.0,Kent,RI,20.0,1,0.5296698704276643,ISONE:2019
ISONE,NGRID,solar,2019.0,Kent,RI,9.8,0,0.5296698704276643,ISONE:2019
ISONE,NGRID,solar,2019.0,Cranston,RI,6.25,0,0.5554005400540054,ISONE:2019
ISONE,NAN,solar,2019.0,Norfolk,MA,5.0,0,0.15594159642649208,ISONE:2019
ISONE,NGRID,solar,2019.0,N. Smithfield,RI,38.4,1,0.45649273752558184,ISONE:2019
ISONE,NAN,storage,2019.0,Plymouth,MA,150.0,0,0.13312962578843449,ISONE:2019
MISO,ITC MIDWEST,solar,2019.0,Clinton County,IA,200.0,1,0.3669156570912083,MISO:2019
MISO,METC,solar,2019.0,Eaton County,MI,35.0,0,0.3962005513014757,MISO:2019
MISO,OTHER,solar,2019.0,Boone County,MO,64.0,0,0.3856891239247503,MISO:2019
MISO,OTHER,gas,2019.0,Morton County,ND,103.1,0,0.43892317088890687,MISO:2019
MISO,METC,wind,2019.0,"Midland County,Saginaw County",MI,225.2,1,0.2206437443796086,MISO:2019
MISO,METC,wind,2019.0,Branch County,MI,150.4,0,0.22834086578136076,MISO:2019
MISO,ITC MIDWEST,solar,2019.0,Sanilac County,MI,200.0,1,0.3669156570912083,MISO:2019
MISO,OTHER,solar,2019.0,Audrain County,MO,135.0,0,0.3669156570912083,MISO:2019
MISO,AMEREN ILLINOIS,solar,2019.0,Jefferson County,IL,200.0,1,0.5145469042433799,MISO:2019
MISO,AMEREN ILLINOIS,solar,2019.0,McDonough County,IL,25.0,0,0.6469462987445944,MISO:2019
MISO,OTHER,solar,2019.0,"Marshall County,Starke County",IN,100.0,0,0.3669156570912083,MISO:2019
MISO,AMERICAN TRANSMISSION CO. LLC,wind,2019.0,Houghton County,MI,38.4,0,0.4466012144680963,MISO:2019
MISO,AMEREN ILLINOIS,solar_storage,2019.0,Jasper County,IL,51.8,1,0.9054005400540055,MISO:2019
MISO,"ENTERGY ARKANSAS, LLC EATO",other,2019.0,Jefferson County,AR,269.99,0,0.164562939169291,MISO:2019
MISO,ITC MIDWEST,solar,2019.0,Linn County,IA,250.0,0,0.3669156570912083,MISO:2019
MISO,OTHER,solar_storage,2019.0,Posey County,IN,100.0,0,0.7027918444018315,MISO:2019
MISO,AMEREN ILLINOIS,storage,2019.0,LaSalle County,IL,75.0,0,0.6733838831975478,MISO:2019
MISO,AMEREN ILLINOIS,solar,2019.0,Hancock County,IL,25.0,0,0.6469462987445944,MISO:2019
MISO,OTHER,solar,2019.0,Evangeline Parish,LA,150.0,1,0.3669156570912083,MISO:2019
MISO,OTHER,solar,2019.0,Tunica County,MS,50.0,0,0.3856891239247503,MISO:2019
MISO,"ENTERGY ARKANSAS, LLC EATO",storage,2019.0,Arkansas County,AR,50.0,0,0.36515001027969785,MISO:2019
MISO,OTHER,solar,2019.0,Polk County,TX,100.0,0,0.3669156570912083,MISO:2019
MISO,AMERICAN TRANSMISSION CO. LLC,solar,2019.0,Marquette County,MI,100.0,1,0.4683731213610514,MISO:2019
MISO,"ENTERGY LOUISIANA, LLC ELTO",solar,2019.0,Catahoula Parish,LA,100.0,0,0.21850182093400622,MISO:2019
MISO,OTHER,solar,2019.0,Ashley County,AR,75.0,1,0.3856891239247503,MISO:2019
MISO,OTHER,solar,2019.0,Beauregard Parish,LA,200.0,0,0.365001315754414,MISO:2019
MISO,ITC MIDWEST,gas,2019.0,Wayne County,MI,25.0,1,0.6144228442365088,MISO:2019
MISO,ITC MIDWEST,solar,2019.0,Rock County,MN,200.0,1,0.3669156570912083,MISO:2019
MISO,OTHER,solar,2019.0,Polk County,WI,100.0,1,0.3669156570912083,MISO:2019
MISO,OTHER,solar,2019.0,Grant County,SD,100.0,0,0.3669156570912083,MISO:2019
MISO,OTHER,gas,2019.0,Iberville Parish,LA,725.2,1,0.35144909310712413,MISO:2019
MISO,OTHER,solar_storage,2019.0,Posey County,IN,100.0,0,0.7027918444018315,MISO:2019
MISO,OTHER,other,2019.0,"St. Mary,St. Mary Parish",LA,16.98,1,0.4829197079103012,MISO:2019
MISO,ITC MIDWEST,solar,2019.0,Washtenaw County,MI,150.0,0,0.3856891239247503,MISO:2019
MISO,OTHER,solar,2019.0,Lonoke County,AR,50.0,1,0.3856891239247503,MISO:2019
MISO,METC,wind,2019.0,Ionia County,MI,198.0,1,0.22834086578136076,MISO:2019
MISO,OTHER,storage,2019.0,LaGrange County,IN,25.0,1,0.5673612102183532,MISO:2019
MISO,AMERICAN TRANSMISSION CO. LLC,storage,2019.0,Kenosha County,WI,50.0,1,0.6144228442365088,MISO:2019
MISO,OTHER,solar,2019.0,Liberty County,TX,130.0,0,0.3669156570912083,MISO:2019
MISO,METC,solar,2019.0,Calhoun County,MI,100.0,1,0.31325478040052274,MISO:2019
MISO,METC,solar,2019.0,Ionia County,MI,200.0,1,0.23651696641029157,MISO:2019
MISO,OTHER,gas,2019.0,Lamar County,MS,600.0,1,0.35144909310712413,MISO:2019
MISO,ITC MIDWEST,gas,2019.0,Wayne County,MI,382.0,0,0.4084988354693587,MISO:2019
MISO,OTHER,solar,2019.0,"St. Mary,St. Mary Parish",LA,95.0,1,0.3669156570912083,MISO:2019
MISO,OTHER,storage,2019.0,Evangeline Parish,LA,25.0,0,0.5673612102183532,MISO:2019
MISO,AMERICAN TRANSMISSION CO. LLC,storage,2019.0,Marquette County,MI,20.0,0,0.6733838831975478,MISO:2019
MISO,"ENTERGY ARKANSAS, LLC EATO",solar,2019.0,Desha County,AR,164.0,0,0.1664772805060853,MISO:2019
MISO,ITC MIDWEST,solar,2019.0,Greene County,IA,100.0,1,0.4149740181350176,MISO:2019
MISO,AMEREN ILLINOIS,solar,2019.0,Montgomery County,IL,150.0,0,0.5145469042433799,MISO:2019
MISO,AMERICAN TRANSMISSION CO. LLC,storage,2019.0,Dane County,WI,75.0,1,0.6144228442365088,MISO:2019
MISO,AMEREN ILLINOIS,solar_storage,2019.0,Fulton County,IL,20.0,1,0.9054005400540055,MISO:2019
MISO,ITC MIDWEST,storage,2019.0,Linn County,IA,50.0,0,0.60794766157085,MISO:2019
MISO,"DUKE ENERGY INDIANA, LLC CIN",solar,2019.0,Rush County,IN,25.0,0,0.24134840205617528,MISO:2019
MISO,OTHER,solar_storage,2019.0,"Jasper County,Starke County",IN,199.5,1,0.7027918444018315,MISO:2019
MISO,"DUKE ENERGY INDIANA, LLC CIN",gas,2019.0,Vermillion County,IN,667.2,0,0.21500151802218043,MISO:2019
MISO,OTHER,solar,2019.0,Henderson County,KY,100.0,0,0.3669156570912083,MISO:2019
MISO,METC,solar,2019.0,Eaton County,MI,200.0,0,0.23651696641029157,MISO:2019
MISO,NORTHERN STATES POWER COMPANY,wind,2019.0,Eau Claire County,WI,200.0,0,0.2206437443796086,MISO:2019
MISO,METC,solar,2019.0,Monroe County,MI,150.0,0,0.25058314665677306,MISO:2019
MISO,AMERICAN TRANSMISSION CO. LLC,gas,2019.0,Chippewa County,MI,50.0,0,0.626530410058065,MISO:2019
MISO,"ENTERGY LOUISIANA, LLC ELTO",solar,2019.0,Madison Parish,LA,120.0,0,0.21850182093400622,MISO:2019
MISO,OTHER,solar,2019.0,"Pointe Coupee,Pointe Coupee Parish",LA,100.0,1,0.3669156570912083,MISO:2019
MISO,OTHER,solar,2019.0,"Pointe Coupee,Pointe Coupee Parish",LA,200.0,1,0.365001315754414,MISO:2019
MISO,NORTHERN STATES POWER COMPANY,solar_storage,2019.0,Cottonwood County,MN,335.0,0,0.6923131957917139,MISO:2019
MISO,AMERICAN TRANSMISSION CO. LLC,solar,2019.0,Fond du Lac County,WI,100.0,0,0.4683731213610514,MISO:2019
MISO,"DUKE ENERGY INDIANA, LLC CIN",solar,2019.0,Knox County,IN,150.0,0,0.21850182093400622,MISO:2019
MISO,AMEREN ILLINOIS,wind,2019.0,Morgan County,IL,200.0,1,0.417316320257829,MISO:2019
MISO,OTHER,solar,2019.0,Hardin County,TX,100.0,0,0.3669156570912083,MISO:2019
MISO,"ENTERGY ARKANSAS, LLC EATO",storage,2019.0,Clay County,AR,35.0,0,0.36515001027969785,MISO:2019
MISO,OTHER,storage,2019.0,Tangipahoa Parish,LA,20.0,1,0.5673612102183532,MISO:2019
MISO,OTHER,solar,2019.0,Dubois County,IN,100.0,1,0.3669156570912083,MISO:2019
MISO,OTHER,solar,2019.0,Montgomery County,MO,100.0,1,0.3669156570912083,MISO:2019
MISO,AMERICAN TRANSMISSION CO. LLC,wind,2019.0,Grant County,WI,95.0,1,0.3873728348432053,MISO:2019
MISO,ITC MIDWEST,storage,2019.0,Worth County,IA,75.0,0,0.60794766157085,MISO:2019
MISO,"ENTERGY ARKANSAS, LLC EATO",solar,2019.0,Monroe County,AR,100.0,0,0.1738851569148481,MISO:2019
MISO,OTHER,storage,2019.0,Pike County,MS,50.0,0,0.5608860275526942,MISO:2019
MISO,"ENTERGY ARKANSAS, LLC EATO",solar,2019.0,Monroe County,AR,90.0,0,0.1738851569148481,MISO:2019
MISO,NORTHERN STATES POWER COMPANY,wind,2019.0,"Cottonwood County,Murray County,Redwood County",MN,600.0,0,0.1664772805060853,MISO:2019
MISO,METC,storage,2019.0,Ionia County,MI,20.0,0,0.4560168820892213,MISO:2019
MISO,ITC MIDWEST,wind,2019.0,Sanilac County,MI,150.0,0,0.35144909310712413,MISO:2019
MISO,ITC MIDWEST,storage,2019.0,Washtenaw County,MI,20.0,1,0.6144228442365088,MISO:2019
MISO,OTHER,solar,2019.0,St. Clair County,MI,100.0,1,0.3669156570912083,MISO:2019
MISO,ITC MIDWEST,wind,2019.0,Huron County,MI,117.5,1,0.35144909310712413,MISO:2019
MISO,AMEREN ILLINOIS,solar,2019.0,Randolph County,IL,200.0,0,0.5145469042433799,MISO:2019
MISO,OTHER,storage,2019.0,Story County,IA,65.0,0,0.5608860275526942,MISO:2019
MISO,OTHER,solar,2019.0,Mills County,IA,48.0,0,0.3856891239247503,MISO:2019
MISO,METC,solar,2019.0,Branch County,MI,150.0,1,0.25058314665677306,MISO:2019
MISO,OTHER,solar,2019.0,Scott County,MS,175.0,1,0.365001315754414,MISO:2019
MISO,OTHER,storage,2019.0,Lake County,IN,150.0,0,0.45804255378244285,MISO:2019
MISO,ITC MIDWEST,wind,2019.0,Benton County,IA,400.0,0,0.27497850487183,MISO:2019
MISO,ITC MIDWEST,solar,2019.0,Worth County,IA,149.0,0,0.3856891239247503,MISO:2019
MISO,OTHER,solar,2019.0,Cass County,ND,200.0,0,0.365001315754414,MISO:2019
MISO,OTHER,solar,2019.0,White County,AR,95.0,1,0.3669156570912083,MISO:2019
MISO,OTHER,solar,2019.0,Benton County,MN,100.0,1,0.3669156570912083,MISO:2019
MISO,AMEREN ILLINOIS,solar,2019.0,Pulaski County,IL,100.0,0,0.5605664923311983,MISO:2019
MISO,OTHER,solar,2019.0,Juneau County,WI,25.0,0,0.5145469042433799,MISO:2019
MISO,OTHER,solar,2019.0,Pike County,IN,150.0,0,0.3669156570912083,MISO:2019
MISO,METC,solar,2019.0,Ingham County,MI,90.0,1,0.31325478040052274,MISO:2019
MISO,OTHER,solar,2019.0,Pike County,IN,150.0,1,0.3669156570912083,MISO:2019
MISO,"DUKE ENERGY INDIANA, LLC CIN",solar,2019.0,Greene County,IN,250.0,0,0.20247990761786355,MISO:2019
MISO,ITC MIDWEST,wind,2019.0,Clinton County,IA,250.0,1,0.35144909310712413,MISO:2019
MISO,OTHER,solar,2019.0,East Feliciana Parish,LA,300.0,1,0.35852613308875514,MISO:2019
MISO,AMERICAN TRANSMISSION CO. LLC,storage,2019.0,Dodge County,WI,25.0,0,0.6533838831975478,MISO:2019
MISO,ITC MIDWEST,wind,2019.0,Tama County,IA,169.4,1,0.35144909310712413,MISO:2019
MISO,OTHER,solar,2019.0,Vermillion County,IN,200.0,1,0.365001315754414,MISO:2019
MISO,OTHER,wind,2019.0,Yellow Medicine County,MN,150.0,0,0.34953475177032983,MISO:2019
MISO,NORTHERN STATES POWER COMPANY,solar,2019.0,Lyon County,MN,200.0,0,0.23651696641029157,MISO:2019
MISO,METC,solar,2019.0,Calhoun County,MI,100.0,1,0.31325478040052274,MISO:2019
MISO,OTHER,solar,2019.0,Morehouse Parish,LA,50.0,1,0.3856891239247503,MISO:2019
MISO,OTHER,solar,2019.0,St. James Parish,LA,200.0,1,0.365001315754414,MISO:2019
MISO,ITC MIDWEST,solar,2019.0,Fayette County,IA,100.0,0,0.4149740181350176,MISO:2019
MISO,"ENTERGY ARKANSAS, LLC EATO",wind,2019.0,Crittenden County,AR,150.0,0,0.15352397813032997,MISO:2019
MISO,OTHER,solar,2019.0,Rock Island County,IL,48.0,0,0.3856891239247503,MISO:2019
MISO,OTHER,storage,2019.0,Tunica County,MS,40.0,0,0.5608860275526942,MISO:2019
MISO,OTHER,solar,2019.0,Tunica County,MS,160.0,1,0.3652606829937709,MISO:2019
MISO,NORTHERN STATES POWER COMPANY,solar,2019.0,Benton County,MN,100.0,1,0.31325478040052274,MISO:2019
MISO,OTHER,solar,2019.0,Monroe County,AR,100.0,1,0.3669156570912083,MISO:2019
MISO,METC,solar,2019.0,Ottawa County,MI,100.0,0,0.31325478040052274,MISO:2019
MISO,ITC MIDWEST,storage,2019.0,Dubuque County,IA,100.0,0,0.592514570540874,MISO:2019
MISO,OTHER,solar,2019.0,Beauregard Parish,LA,200.0,1,0.365001315754414,MISO:2019
MISO,OTHER,gas,2019.0,Jefferson County,AR,114.0,1,0.4308312531767946,MISO:2019
MISO,"ENTERGY ARKANSAS, LLC EATO",solar,2019.0,Union County,AR,100.0,0,0.1738851569148481,MISO:2019
MISO,"ENTERGY LOUISIANA, LLC ELTO",solar,2019.0,Washington Parish,LA,50.0,0,0.23651696641029157,MISO:2019
MISO,OTHER,storage,2019.0,Jackson County,AR,0.0,1,0.6901185770750988,MISO:2019
MISO,"ENTERGY LOUISIANA, LLC ELTO",solar,2019.0,Terrebonne Parish,LA,200.0,0,0.20439424895465788,MISO:2019
MISO,OTHER,wind,2019.0,Sunflower County,MS,167.0,0,0.34953475177032983,MISO:2019
MISO,OTHER,solar,2019.0,Polk County,TX,165.0,1,0.365001315754414,MISO:2019
MISO,OTHER,unknown,2019.0,Randolph County,MO,500.0,1,0.10333412130731956,MISO:2019
MISO,ITC MIDWEST,solar,2019.0,Linn County,IA,200.0,1,0.3669156570912083,MISO:2019
MISO,ITC MIDWEST,wind,2019.0,Freeborn County,MN,120.0,0,0.35144909310712413,MISO:2019
MISO,OTHER,unknown,2019.0,Ralls County,MO,500.0,0,0.10333412130731956,MISO:2019
MISO,ITC MIDWEST,storage,2019.0,Des Moines County,IA,100.0,0,0.592514570540874,MISO:2019
MISO,OTHER,solar,2019.0,Howard County,IN,200.0,1,0.365001315754414,MISO:2019
MISO,"ENTERGY ARKANSAS, LLC EATO",storage,2019.0,Union County,AR,25.0,0,0.36515001027969785,MISO:2019
MISO,ITC MIDWEST,storage,2019.0,Union County,IA,25.0,0,0.6144228442365088,MISO:2019
MISO,OTHER,wind,2019.0,Black Hawk County,IA,70.0,0,0.3604404744255495,MISO:2019
MISO,OTHER,storage,2019.0,Scott County,IA,50.0,1,0.5608860275526942,MISO:2019
MISO,AMERICAN TRANSMISSION CO. LLC,wind,2019.0,Iowa County,WI,99.0,1,0.3856891239247503,MISO:2019
MISO,OTHER,wind,2019.0,Deuel County,SD,250.0,1,0.31040431698772114,MISO:2019
MISO,OTHER,storage,2019.0,Juneau County,WI,24.0,0,0.5673612102183532,MISO:2019
MISO,OTHER,wind,2019.0,Carroll County,AR,180.0,1,0.34953475177032983,MISO:2019
MISO,AMEREN ILLINOIS,solar_storage,2019.0,Edwards County,IL,150.0,1,0.90288386486819,MISO:2019
MISO,METC,solar,2019.0,Branch County,MI,150.0,1,0.25058314665677306,MISO:2019
MISO,METC,solar,2019.0,Ionia County,MI,200.0,0,0.23651696641029157,MISO:2019
MISO,ITC MIDWEST,storage,2019.0,Des Moines County,IA,25.0,0,0.6144228442365088,MISO:2019
MISO,OTHER,solar,2019.0,White County,IN,150.0,1,0.3669156570912083,MISO:2019
MISO,OTHER,unknown,2019.0,Randolph County,MO,1000.0,1,0.10284088490116505,MISO:2019
MISO,ITC MIDWEST,gas,2019.0,Linn County,IA,95.0,1,0.45417236527928495,MISO:2019
MISO,AMERICAN TRANSMISSION CO. LLC,storage,2019.0,Waupaca County,WI,2.5,0,0.7187338733873387,MISO:2019
MISO,METC,solar,2019.0,Iosco County,MI,50.0,1,0.3962005513014757,MISO:2019
MISO,OTHER,solar,2019.0,Isabella County,MI,50.0,0,0.3856891239247503,MISO:2019
MISO,AMEREN ILLINOIS,solar_storage,2019.0,Putnam County,IL,24.2,1,0.9054005400540055,MISO:2019
MISO,AMEREN ILLINOIS,solar_storage,2019.0,Montgomery County,IL,44.2,1,0.9054005400540055,MISO:2019
MISO,OTHER,hydro,2019.0,Iron County,MO,60.0,1,0.5840959040959042,MISO:2019
MISO,OTHER,storage,2019.0,Wadena County,MN,40.0,0,0.5608860275526942,MISO:2019
MISO,AMEREN ILLINOIS,solar_storage,2019.0,Randolph County,IL,68.4,1,0.9054005400540055,MISO:2019
MISO,OTHER,solar,2019.0,Wadena County,MN,150.0,1,0.3669156570912083,MISO:2019
MISO,NORTHERN STATES POWER COMPANY,solar,2019.0,Murray County,MN,60.0,0,0.3931980388940571,MISO:2019
MISO,AMERICAN TRANSMISSION CO. LLC,solar,2019.0,Dane County,WI,300.0,1,0.39913450207601076,MISO:2019
MISO,METC,solar,2019.0,Genesee County,MI,125.0,1,0.28396988619025537,MISO:2019
MISO,OTHER,solar,2019.0,Lyon County,KY,125.0,0,0.3669156570912083,MISO:2019
MISO,OTHER,solar,2019.0,Ralls County,MO,200.0,0,0.365001315754414,MISO:2019
MISO,AMEREN ILLINOIS,solar,2019.0,Cumberland County,IL,199.3,0,0.5145469042433799,MISO:2019
MISO,OTHER,solar,2019.0,St. Landry Parish,LA,200.0,0,0.365001315754414,MISO:2019
MISO,OTHER,solar,2019.0,Arkansas County,AR,200.0,1,0.365001315754414,MISO:2019
MISO,AMEREN ILLINOIS,solar,2019.0,Coles County,IL,99.0,1,0.5605664923311983,MISO:2019
MISO,OTHER,solar,2019.0,Pike County,MS,150.0,0,0.3669156570912083,MISO:2019
MISO,AMEREN ILLINOIS,solar,2019.0,Washington County,IL,160.0,0,0.5145469042433799,MISO:2019
MISO,ITC MIDWEST,solar,2019.0,Washtenaw County,MI,170.0,1,0.38084862245160217,MISO:2019
MISO,OTHER,solar,2019.0,Muscatine County,IA,200.0,1,0.365001315754414,MISO:2019
MISO,"DUKE ENERGY INDIANA, LLC CIN",solar,2019.0,Knox County,IN,50.0,1,0.23651696641029157,MISO:2019
MISO,OTHER,solar,2019.0,Spencer County,IN,125.0,0,0.3669156570912083,MISO:2019
MISO,OTHER,solar,2019.0,Rapides Parish,LA,200.0,0,0.365001315754414,MISO:2019
MISO,OTHER,storage,2019.0,Pike County,IN,32.5,0,0.5673612102183532,MISO:2019
MISO,"DUKE ENERGY INDIANA, LLC CIN",solar,2019.0,Knox County,IN,100.0,1,0.21850182093400622,MISO:2019
MISO,METC,gas,2019.0,Branch County,MI,50.0,0,0.42870699634803167,MISO:2019
MISO,OTHER,solar,2019.0,Ouachita Parish,LA,100.0,1,0.3669156570912083,MISO:2019
MISO,"ENTERGY ARKANSAS, LLC EATO",solar,2019.0,Cross County,AR,135.0,0,0.1738851569148481,MISO:2019
MISO,METC,gas,2019.0,Branch County,MI,50.0,0,0.42870699634803167,MISO:2019
MISO,OTHER,solar,2019.0,Tangipahoa Parish,LA,100.0,1,0.3669156570912083,MISO:2019
MISO,METC,solar,2019.0,Lenawee County,MI,200.0,1,0.23651696641029157,MISO:2019
MISO,OTHER,storage,2019.0,St. Landry Parish,LA,50.0,0,0.5608860275526942,MISO:2019
MISO,ITC MIDWEST,solar,2019.0,Washtenaw County,MI,175.0,0,0.3669156570912083,MISO:2019
MISO,ITC MIDWEST,solar,2019.0,Faribault County,MN,100.0,0,0.4149740181350176,MISO:2019
MISO,AMEREN ILLINOIS,solar,2019.0,Washington County,IL,250.0,1,0.4382095729594452,MISO:2019
MISO,OTHER,solar,2019.0,Allen Parish,LA,125.0,1,0.3669156570912083,MISO:2019
MISO,AMEREN ILLINOIS,solar,2019.0,Saline County,IL,80.0,1,0.57260455101845,MISO:2019
MISO,OTHER,storage,2019.0,Rapides Parish,LA,50.0,0,0.5608860275526942,MISO:2019
MISO,OTHER,solar_storage,2019.0,Warrick County,IN,100.0,1,0.7027918444018315,MISO:2019
MISO,OTHER,storage,2019.0,Vanderburgh County,IN,100.0,0,0.47484575774325977,MISO:2019
MISO,AMEREN ILLINOIS,solar,2019.0,Marion County,IL,99.0,1,0.5605664923311983,MISO:2019
MISO,OTHER,solar,2019.0,Jackson County,IL,150.0,1,0.3669156570912083,MISO:2019
MISO,OTHER,solar,2019.0,Sunflower County,MS,99.0,1,0.3669156570912083,MISO:2019
MISO,OTHER,solar_storage,2019.0,"Jasper County,Starke County",IN,199.5,1,0.7027918444018315,MISO:2019
MISO,AMEREN ILLINOIS,solar,2019.0,Saline County,IL,80.0,1,0.57260455101845,MISO:2019
MISO,OTHER,storage,2019.0,Muscatine County,IA,50.0,1,0.5608860275526942,MISO:2019
MISO,AMEREN ILLINOIS,solar_storage,2019.0,Clark County,IL,408.6,1,0.7552141518630829,MISO:2019
MISO,AMERICAN TRANSMISSION CO. LLC,gas,2019.0,Schoolcraft County,MI,20.0,0,0.6901185770750988,MISO:2019
MISO,OTHER,solar,2019.0,Lincoln County,MO,150.0,1,0.3669156570912083,MISO:2019
MISO,"ENTERGY ARKANSAS, LLC EATO",storage,2019.0,Lee County,AR,25.0,0,0.36515001027969785,MISO:2019
MISO,AMERICAN TRANSMISSION CO. LLC,solar,2019.0,Rock County,WI,65.0,1,0.5438317984536473,MISO:2019
MISO,OTHER,solar_storage,2019.0,"Jasper County,Starke County",IN,199.5,1,0.7027918444018315,MISO:2019
MISO,AMEREN ILLINOIS,solar,2019.0,Perry County,IL,200.0,1,0.5145469042433799,MISO:2019
MISO,OTHER,solar,2019.0,Gibson County,IN,200.0,0,0.365001315754414,MISO:2019
MISO,OTHER,solar,2019.0,LaGrange County,IN,43.0,0,0.3856891239247503,MISO:2019
MISO,OTHER,wind,2019.0,Palo Alto County,IA,200.0,1,0.34953475177032983,MISO:2019
MISO,OTHER,storage,2019.0,Vanderburgh County,IN,50.0,1,0.5608860275526942,MISO:2019
MISO,AMERICAN TRANSMISSION CO. LLC,solar,2019.0,Green County,WI,49.9,1,0.5543667844048296,MISO:2019
MISO,NORTHERN STATES POWER COMPANY,solar,2019.0,Sherburne County,MN,300.0,0,0.23651696641029157,MISO:2019
MISO,OTHER,wind,2019.0,Audrain County,MO,150.0,0,0.34953475177032983,MISO:2019
MISO,OTHER,solar_storage,2019.0,"Jasper County,Starke County",IN,199.5,1,0.7027918444018315,MISO:2019
MISO,METC,solar,2019.0,Eaton County,MI,150.0,0,0.25058314665677306,MISO:2019
MISO,"DUKE ENERGY INDIANA, LLC CIN",solar,2019.0,Gibson County,IN,280.0,1,0.1719708155780538,MISO:2019
MISO,OTHER,solar,2019.0,Posey County,IN,300.0,1,0.35852613308875514,MISO:2019
MISO,OTHER,solar,2019.0,Freeborn County,MN,150.0,0,0.3669156570912083,MISO:2019
MISO,"ENTERGY ARKANSAS, LLC EATO",solar,2019.0,Arkansas County,AR,129.9,0,0.1738851569148481,MISO:2019
MISO,METC,solar,2019.0,Shiawassee County,MI,170.0,1,0.24107654969513992,MISO:2019
MISO,OTHER,solar_storage,2019.0,"Jasper County,Starke County",IN,199.5,1,0.7027918444018315,MISO:2019
MISO,AMEREN ILLINOIS,solar,2019.0,Washington County,IL,150.0,0,0.5145469042433799,MISO:2019
MISO,OTHER,solar,2019.0,St. Clair County,IL,150.0,1,0.3669156570912083,MISO:2019
MISO,AMEREN ILLINOIS,solar,2019.0,Saline County,IL,150.0,1,0.5145469042433799,MISO:2019
MISO,NORTHERN STATES POWER COMPANY,solar,2019.0,McCook County,SD,50.0,1,0.3962005513014757,MISO:2019
MISO,OTHER,solar,2019.0,Lake County,IN,100.0,1,0.3669156570912083,MISO:2019
MISO,AMERICAN TRANSMISSION CO. LLC,solar,2019.0,Rock County,WI,98.56,1,0.46954002313311216,MISO:2019
MISO,OTHER,solar,2019.0,Starke County,IN,99.0,0,0.3669156570912083,MISO:2019
MISO,METC,solar,2019.0,Muskegon County,MI,100.0,1,0.31325478040052274,MISO:2019
MISO,"DUKE ENERGY INDIANA, LLC CIN",solar,2019.0,Hendricks County,IN,100.0,0,0.21850182093400622,MISO:2019
MISO,OTHER,solar,2019.0,Fountain County,IN,200.0,1,0.365001315754414,MISO:2019
MISO,OTHER,solar,2019.0,Scott County,MO,200.0,1,0.365001315754414,MISO:2019
MISO,ITC MIDWEST,solar,2019.0,Nobles County,MN,120.0,0,0.3856891239247503,MISO:2019
MISO,OTHER,solar_storage,2019.0,"Jasper County,Starke County",IN,199.5,1,0.7027918444018315,MISO:2019
MISO,OTHER,wind,2019.0,Cooper County,MO,100.0,0,0.34953475177032983,MISO:2019
MISO,OTHER,solar,2019.0,Jasper County,IN,60.0,1,0.3856891239247503,MISO:2019
MISO,OTHER,storage,2019.0,LaPorte County,IN,160.0,1,0.3923442934016402,MISO:2019
MISO,OTHER,solar,2019.0,Gibson County,IN,150.0,1,0.3669156570912083,MISO:2019
MISO,METC,solar,2019.0,Saginaw County,MI,120.0,1,0.28396988619025537,MISO:2019
MISO,METC,solar,2019.0,Montcalm County,MI,200.0,1,0.23651696641029157,MISO:2019
MISO,OTHER,solar,2019.0,LaGrange County,IN,100.0,1,0.3669156570912083,MISO:2019
MISO,AMEREN ILLINOIS,wind,2019.0,Piatt County,IL,300.0,1,0.3854084137248535,MISO:2019
MISO,AMEREN ILLINOIS,solar,2019.0,Fulton County,IL,150.0,1,0.5145469042433799,MISO:2019
MISO,OTHER,solar,2019.0,Beauregard Parish,LA,200.0,0,0.365001315754414,MISO:2019
MISO,OTHER,storage,2019.0,Madison County,IN,150.0,1,0.45804255378244285,MISO:2019
MISO,OTHER,storage,2019.0,LaPorte County,IN,125.0,1,0.46745314392621695,MISO:2019
MISO,OTHER,solar,2019.0,Pike County,IN,130.0,1,0.3669156570912083,MISO:2019
MISO,METC,solar,2019.0,Jackson County,MI,125.0,1,0.28396988619025537,MISO:2019
MISO,ITC MIDWEST,wind,2019.0,Buchanan County,IA,398.0,0,0.27497850487183,MISO:2019
MISO,ITC MIDWEST,solar,2019.0,Cerro Gordo County,IA,96.0,0,0.4149740181350176,MISO:2019
MISO,OTHER,solar,2019.0,Bartholomew County,IN,150.0,1,0.3669156570912083,MISO:2019
MISO,OTHER,solar,2019.0,Howard County,IN,200.0,1,0.365001315754414,MISO:2019
MISO,OTHER,solar,2019.0,Dubois County,IN,100.0,1,0.3669156570912083,MISO:2019
MISO,OTHER,solar,2019.0,Evangeline Parish,LA,200.0,0,0.365001315754414,MISO:2019
MISO,METC,solar,2019.0,Muskegon County,MI,150.0,0,0.25058314665677306,MISO:2019
MISO,"ENTERGY ARKANSAS, LLC EATO",solar,2019.0,Crittenden County,AR,150.0,0,0.1738851569148481,MISO:2019
MISO,"DUKE ENERGY INDIANA, LLC CIN",solar,2019.0,Greene County,IN,140.0,0,0.21850182093400622,MISO:2019
MISO,AMERICAN TRANSMISSION CO. LLC,storage,2019.0,Dane County,WI,75.0,1,0.6144228442365088,MISO:2019
MISO,"ENTERGY ARKANSAS, LLC EATO",solar,2019.0,Clay County,AR,150.0,0,0.1738851569148481,MISO:2019
MISO,METC,solar,2019.0,Shiawassee County,MI,150.0,0,0.25058314665677306,MISO:2019
MISO,METC,wind,2019.0,Muskegon County,MI,25.2,0,0.3807339873173915,MISO:2019
MISO,OTHER,storage,2019.0,Decatur County,IN,146.0,1,0.46745314392621695,MISO:2019
MISO,"DUKE ENERGY INDIANA, LLC CIN",solar,2019.0,Martin County,IN,160.0,0,0.20439424895465788,MISO:2019
MISO,AMEREN ILLINOIS,solar,2019.0,Clark County,IL,150.0,1,0.5145469042433799,MISO:2019
MISO,OTHER,solar,2019.0,Washington Parish,LA,50.0,1,0.3856891239247503,MISO:2019
MISO,OTHER,solar,2019.0,Audrain County,MO,150.0,0,0.3669156570912083,MISO:2019
MISO,OTHER,solar,2019.0,Porter County,IN,250.0,0,0.35852613308875514,MISO:2019
MISO,METC,solar,2019.0,Monroe County,MI,100.0,0,0.31325478040052274,MISO:2019
MISO,"DUKE ENERGY INDIANA, LLC CIN",solar,2019.0,Vermillion County,IN,200.0,0,0.20439424895465788,MISO:2019
MISO,OTHER,solar,2019.0,Porter County,IN,100.0,1,0.3669156570912083,MISO:2019
MISO,OTHER,storage,2019.0,Henderson County,KY,25.0,0,0.5673612102183532,MISO:2019
MISO,OTHER,solar,2019.0,Porter County,IN,250.0,0,0.35852613308875514,MISO:2019
MISO,OTHER,solar,2019.0,Henderson County,KY,250.0,1,0.35852613308875514,MISO:2019
MISO,AMEREN ILLINOIS,solar_storage,2019.0,Macoupin County,IL,100.0,0,0.9054005400540055,MISO:2019
MISO,AMERICAN TRANSMISSION CO. LLC,solar,2019.0,Dane County,WI,300.0,1,0.39913450207601076,MISO:2019
MISO,ITC MIDWEST,solar,2019.0,"Howard County,Mitchell County",IA,300.0,0,0.3669156570912083,MISO:2019
MISO,OTHER,solar,2019.0,Caldwell County,KY,150.0,0,0.3669156570912083,MISO:2019
MISO,ITC MIDWEST,wind,2019.0,Fayette County,IA,150.0,0,0.35144909310712413,MISO:2019
MISO,OTHER,solar,2019.0,Webster County,KY,150.0,1,0.3669156570912083,MISO:2019
MISO,ITC MIDWEST,storage,2019.0,Washtenaw County,MI,25.0,0,0.6144228442365088,MISO:2019
MISO,"ENTERGY ARKANSAS, LLC EATO",solar,2019.0,Crittenden County,AR,200.0,0,0.1664772805060853,MISO:2019
MISO,AMERICAN TRANSMISSION CO. LLC,solar,2019.0,Rock County,WI,200.0,1,0.417316320257829,MISO:2019
MISO,NORTHERN STATES POWER COMPANY,solar,2019.0,Carver County,MN,50.0,0,0.3962005513014757,MISO:2019
MISO,AMEREN ILLINOIS,wind,2019.0,Mason County,IL,58.5,1,0.5096097773900305,MISO:2019
MISO,METC,solar,2019.0,Jackson County,MI,100.0,1,0.31325478040052274,MISO:2019
MISO,OTHER,solar,2019.0,"St. Mary,St. Mary Parish",LA,150.0,0,0.3669156570912083,MISO:2019
MISO,NORTHERN STATES POWER COMPANY,solar,2019.0,Chisago County,MN,100.0,0,0.31325478040052274,MISO:2019
MISO,OTHER,solar,2019.0,"Macoupin County,Morgan County,Sangamon County",IL,592.8,1,0.24076168198392298,MISO:2019
MISO,NORTHERN STATES POWER COMPANY,solar,2019.0,Chippewa County,WI,200.0,0,0.23651696641029157,MISO:2019
MISO,AMEREN ILLINOIS,solar,2019.0,Clark County,IL,75.0,1,0.5803523358804925,MISO:2019
MISO,OTHER,solar,2019.0,Washington County,MS,200.0,1,0.365001315754414,MISO:2019
MISO,AMEREN ILLINOIS,wind,2019.0,Mason County,IL,188.3,1,0.417316320257829,MISO:2019
MISO,OTHER,wind,2019.0,Sheridan County,ND,300.0,0,0.23393372875242707,MISO:2019
MISO,OTHER,solar,2019.0,Red River Parish,LA,200.0,0,0.365001315754414,MISO:2019
MISO,"ENTERGY LOUISIANA, LLC ELTO",solar,2019.0,Acadia Parish,LA,150.0,0,0.21850182093400622,MISO:2019
MISO,"ENTERGY LOUISIANA, LLC ELTO",solar,2019.0,West Baton Rouge Parish,LA,150.0,0,0.21850182093400622,MISO:2019
MISO,ITC MIDWEST,solar,2019.0,Lee County,IA,200.0,0,0.3669156570912083,MISO:2019
MISO,NORTHERN STATES POWER COMPANY,storage,2019.0,Wright County,MN,150.0,0,0.39313730726788126,MISO:2019
MISO,NORTHERN STATES POWER COMPANY,storage,2019.0,Dakota County,MN,100.0,0,0.42779562133554727,MISO:2019
MISO,METC,gas,2019.0,Calhoun County,MI,670.0,0,0.3725578866884607,MISO:2019
MISO,OTHER,wind,2019.0,"Benton County,Warren County",IN,30.0,1,0.3604404744255495,MISO:2019
MISO,OTHER,solar,2019.0,"Pointe Coupee,Pointe Coupee Parish",LA,150.0,1,0.3669156570912083,MISO:2019
MISO,OTHER,solar,2019.0,Lonoke County,AR,250.0,1,0.35852613308875514,MISO:2019
MISO,OTHER,solar,2019.0,Jasper County,IN,200.0,0,0.365001315754414,MISO:2019
MISO,OTHER,unknown,2019.0,Morton,,103.1,1,0.11439354334772125,MISO:2019
NYISO,NYPA,wind,2019.0,Nassau,NY,880.0,0,0.08534592430010221,NYISO:2019
NYISO,CONED,wind,2019.0,Kings,NY,880.0,0,0.08534592430010221,NYISO:2019
NYISO,CONED,wind,2019.0,Richmond,NY,880.0,0,0.08534592430010221,NYISO:2019
NYISO,OTHER,gas,2019.0,Orange,NY,88.9,0,0.1254325043866823,NYISO:2019
NYISO,LIPA,transmission,2019.0,Suffolk,NY,800.0,0,0.1057820613717533,NYISO:2019
NYISO,CONED,storage,2019.0,Westchester,NY,75.0,0,0.13149432824979085,NYISO:2019
NYISO,CONED,storage,2019.0,Westchester,NY,40.0,0,0.13149432824979085,NYISO:2019
NYISO,NM-NG,storage,2019.0,Greene,NY,50.0,0,0.13387358239345143,NYISO:2019
NYISO,NYSEG,storage,2019.0,Franklin,NY,125.0,0,0.13149432824979085,NYISO:2019
NYISO,CONED,storage,2019.0,Westchester,NY,100.0,0,0.13149432824979085,NYISO:2019
NYISO,NM-NG,solar,2019.0,Fulton,NY,20.0,0,0.11347918277350548,NYISO:2019
NYISO,NM-NG,solar,2019.0,Rensselaer,NY,20.0,0,0.11347918277350548,NYISO:2019
NYISO,OTHER,storage,2019.0,Orange,NY,107.0,0,0.1254325043866823,NYISO:2019
NYISO,NM-NG,storage,2019.0,Chautauqua,NY,240.0,0,0.1057820613717533,NYISO:2019
NYISO,NM-NG,wind,2019.0,Erie,NY,200.0,0,0.08534592430010221,NYISO:2019
NYISO,NM-NG,wind,2019.0,Erie,NY,300.0,0,0.08534592430010221,NYISO:2019
NYISO,NM-NG,wind,2019.0,Chautauqua,NY,300.0,0,0.08534592430010221,NYISO:2019
NYISO,LIPA,transmission,2019.0,Suffolk,NY,0.0,0,0.36080498015434176,NYISO:2019
NYISO,LIPA,storage,2019.0,Suffolk,NY,20.0,0,0.25503793692259136,NYISO:2019
NYISO,LIPA,storage,2019.0,Suffolk,NY,20.0,0,0.25503793692259136,NYISO:2019
NYISO,LIPA,storage,2019.0,Suffolk,NY,20.0,0,0.25503793692259136,NYISO:2019
NYISO,LIPA,storage,2019.0,Suffolk,NY,20.0,0,0.25503793692259136,NYISO:2019
NYISO,LIPA,storage,2019.0,Suffolk,NY,20.0,0,0.25503793692259136,NYISO:2019
NYISO,CONED,storage,2019.0,Kings,NY,58.2,0,0.13149432824979085,NYISO:2019
NYISO,LIPA,storage,2019.0,Suffolk,NY,116.7,0,0.15378043864377794,NYISO:2019
NYISO,LIPA,storage,2019.0,Suffolk,NY,76.9,0,0.17576445537807486,NYISO:2019
NYISO,LIPA,storage,2019.0,Suffolk,NY,65.3,0,0.25223504361336896,NYISO:2019
NYISO,CONED,storage,2019.0,Queens,NY,40.0,0,0.13149432824979085,NYISO:2019
NYISO,CONED,storage,2019.0,Richmond,NY,60.0,0,0.13149432824979085,NYISO:2019
NYISO,CONED,storage,2019.0,Queens,NY,79.9,0,0.13149432824979085,NYISO:2019
NYISO,NYSEG,storage,2019.0,Broome,NY,10.2,0,0.25503793692259136,NYISO:2019
NYISO,CONED,storage,2019.0,Queens,NY,56.3,0,0.13149432824979085,NYISO:2019
NYISO,CONED,storage,2019.0,Queens,NY,79.0,0,0.13149432824979085,NYISO:2019
NYISO,CONED,storage,2019.0,Queens,NY,20.0,0,0.17576445537807486,NYISO:2019
NYISO,CONED,storage,2019.0,Queens,NY,20.0,0,0.17576445537807486,NYISO:2019
NYISO,CONED,storage,2019.0,Richmond,NY,650.0,0,0.08534592430010221,NYISO:2019
NYISO,NM-NG,solar,2019.0,Schoharie,NY,20.0,0,0.11347918277350548,NYISO:2019
NYISO,NM-NG,solar,2019.0,Monroe,NY,20.0,0,0.11347918277350548,NYISO:2019
NYISO,NM-NG,storage,2019.0,Jefferson,NY,4.0,0,0.25503793692259136,NYISO:2019
NYISO,CONED,storage,2019.0,Kings,NY,120.0,0,0.11347918277350548,NYISO:2019
NYISO,CONED,storage,2019.0,NY,NY,300.0,0,0.1057820613717533,NYISO:2019
NYISO,CONED,storage,2019.0,NY,NY,300.0,0,0.1057820613717533,NYISO:2019
NYISO,NM-NG,solar,2019.0,St. Lawrence,NY,20.0,0,0.11347918277350548,NYISO:2019
NYISO,NYSEG,solar,2019.0,Madison,NY,20.0,0,0.11347918277350548,NYISO:2019
NYISO,NYSEG,solar,2019.0,Niagara,NY,180.0,0,0.10331472611285604,NYISO:2019
NYISO,NM-NG,solar,2019.0,Washington,NY,20.0,0,0.11347918277350548,NYISO:2019
NYISO,NM-NG,storage,2019.0,Washington,NY,4.0,0,0.25503793692259136,NYISO:2019
NYISO,NM-NG,solar,2019.0,Washington,NY,20.0,0,0.11347918277350548,NYISO:2019
NYISO,NM-NG,storage,2019.0,Washington,NY,4.0,0,0.25503793692259136,NYISO:2019
NYISO,NYPA,solar,2019.0,Herkimer,NY,350.0,0,0.0930430457018544,NYISO:2019
NYISO,NYSEG,solar,2019.0,Erie,NY,250.0,0,0.08534592430010221,NYISO:2019
NYISO,NYSEG,solar,2019.0,Niagara,NY,350.0,0,0.08534592430010221,NYISO:2019
NYISO,NYPA,solar,2019.0,Steuben,NY,200.0,0,0.09790426592575681,NYISO:2019
NYISO,NM-NG,solar,2019.0,Niagara,NY,20.0,0,0.11347918277350548,NYISO:2019
NYISO,NM-NG,solar,2019.0,Orleans,NY,20.0,0,0.11347918277350548,NYISO:2019
NYISO,NYPA,wind,2019.0,Franklin,NY,298.2,0,0.0930430457018544,NYISO:2019
NYISO,NYSEG,solar,2019.0,Niagara,NY,20.0,0,0.11347918277350548,NYISO:2019
NYISO,NYSEG,solar,2019.0,Cayuga,NY,19.9,0,0.11347918277350548,NYISO:2019
NYISO,NM-NG,solar,2019.0,Montgomery,NY,80.0,0,0.1057820613717533,NYISO:2019
NYISO,NYPA,solar,2019.0,Oneida,NY,250.0,0,0.0930430457018544,NYISO:2019
NYISO,NM-NG,solar,2019.0,Montgomery,NY,300.0,0,0.08534592430010221,NYISO:2019
NYISO,NYPA,solar,2019.0,Oneida,NY,250.0,0,0.0930430457018544,NYISO:2019
NYISO,NM-NG,solar,2019.0,Chautauqua,NY,19.9,0,0.11347918277350548,NYISO:2019
NYISO,NM-NG,solar,2019.0,Albany,NY,19.9,0,0.11347918277350548,NYISO:2019
NYISO,NM-NG,solar,2019.0,Livingston,NY,19.9,0,0.11347918277350548,NYISO:2019
NYISO,NM-NG,storage,2019.0,Erie,NY,100.0,0,0.12379720684803867,NYISO:2019
NYISO,NM-NG,solar,2019.0,Orleans,NY,19.9,0,0.11347918277350548,NYISO:2019
NYISO,NM-NG,solar,2019.0,Lewis,NY,100.0,0,0.1057820613717533,NYISO:2019
NYISO,OTHER,storage,2019.0,Orange,NY,10.2,0,0.17219109185144277,NYISO:2019
NYISO,NM-NG,solar,2019.0,Oneida,NY,20.0,0,0.11347918277350548,NYISO:2019
NYISO,NYSEG,solar,2019.0,Allegany,NY,17.6,0,0.11347918277350548,NYISO:2019
NYISO,LIPA,storage,2019.0,Suffolk,NY,19.2,0,0.25503793692259136,NYISO:2019
NYISO,OTHER,storage,2019.0,Dutchess,NY,19.2,0,0.15417594637515739,NYISO:2019
NYISO,CONED,storage,2019.0,NY,NY,19.2,0,0.17576445537807486,NYISO:2019
NYISO,LIPA,other,2019.0,Suffolk,NY,20.0,0,0.11928777144025102,NYISO:2019
NYISO,LIPA,other,2019.0,Suffolk,NY,20.0,0,0.11928777144025102,NYISO:2019
NYISO,OTHER,storage,2019.0,Orange,NY,20.0,0,0.15417594637515739,NYISO:2019
NYISO,LIPA,storage,2019.0,Suffolk,NY,19.9,0,0.25503793692259136,NYISO:2019
NYISO,NYSEG,storage,2019.0,Allegany,NY,8.0,0,0.25503793692259136,NYISO:2019
NYISO,OTHER,solar,2019.0,Allegany,NY,5.0,0,0.15417594637515739,NYISO:2019
NYISO,NM-NG,solar,2019.0,Orleans,NY,5.0,0,0.14471079332529924,NYISO:2019
NYISO,NM-NG,solar,2019.0,Madison,NY,20.0,0,0.11347918277350548,NYISO:2019
NYISO,NM-NG,solar,2019.0,Oswego,NY,20.0,0,0.11347918277350548,NYISO:2019
NYISO,CONED,storage,2019.0,NY,NY,300.0,0,0.1057820613717533,NYISO:2019
NYISO,CONED,storage,2019.0,NY,NY,300.0,0,0.1057820613717533,NYISO:2019
NYISO,CONED,storage,2019.0,NY,NY,10.0,0,0.25223504361336896,NYISO:2019
NYISO,CONED,storage,2019.0,NY,NY,10.0,0,0.25223504361336896,NYISO:2019
NYISO,CONED,storage,2019.0,NY,NY,20.0,0,0.17576445537807486,NYISO:2019
NYISO,CONED,storage,2019.0,Queens,NY,20.0,0,0.17576445537807486,NYISO:2019
NYISO,OTHER,storage,2019.0,Orange,NY,10.0,0,0.17219109185144277,NYISO:2019
NYISO,LIPA,storage,2019.0,Suffolk,NY,20.0,0,0.25503793692259136,NYISO:2019
NYISO,LIPA,storage,2019.0,Nassau,NY,50.0,0,0.25223504361336896,NYISO:2019
NYISO,NM-NG,solar,2019.0,Ontario,NY,20.0,0,0.11347918277350548,NYISO:2019
NYISO,NYSEG,solar,2019.0,Columbia,NY,100.0,0,0.1057820613717533,NYISO:2019
NYISO,CONED,storage,2019.0,Richmond,NY,20.0,0,0.17576445537807486,NYISO:2019
NYISO,OTHER,storage,2019.0,Orange,NY,20.0,0,0.15417594637515739,NYISO:2019
NYISO,NYSEG,storage,2019.0,Columbia,NY,50.0,0,0.1699558667113293,NYISO:2019
NYISO,LIPA,storage,2019.0,Nassau,NY,250.0,0,0.13149432824979085,NYISO:2019
NYISO,NYSEG,storage,2019.0,Ontario,NY,100.0,0,0.13149432824979085,NYISO:2019
NYISO,NYSEG,solar,2019.0,Ontario,NY,200.0,0,0.0902071445240046,NYISO:2019
NYISO,NM-NG,storage,2019.0,Schoharie,NY,30.0,0,0.17576445537807486,NYISO:2019
NYISO,NM-NG,solar,2019.0,Schoharie,NY,50.0,0,0.1057820613717533,NYISO:2019
NYISO,LIPA,storage,2019.0,Queens,NY,150.0,0,0.13149432824979085,NYISO:2019
NYISO,OTHER,storage,2019.0,Dutchess,NY,115.0,0,0.1254325043866823,NYISO:2019
NYISO,LIPA,storage,2019.0,Suffolk,NY,100.0,0,0.17576445537807486,NYISO:2019
NYISO,CONED,storage,2019.0,Queens,NY,100.0,0,0.13149432824979085,NYISO:2019
NYISO,CONED,storage,2019.0,Union,NJ,100.0,0,0.13149432824979085,NYISO:2019
NYISO,CONED,storage,2019.0,Richmond,NY,40.0,0,0.13149432824979085,NYISO:2019
NYISO,NYSEG,storage,2019.0,Livingston,NY,83.0,0,0.135966769560472,NYISO:2019
NYISO,NYSEG,storage,2019.0,Elk,PA,290.0,0,0.1057820613717533,NYISO:2019
NYISO,CONED,storage,2019.0,Queens,NY,70.0,0,0.13149432824979085,NYISO:2019
NYISO,NYSEG,solar,2019.0,Oneida,NY,20.0,0,0.11347918277350548,NYISO:2019
NYISO,CONED,storage,2019.0,Queens,NY,10.0,0,0.25223504361336896,NYISO:2019
NYISO,NM-NG,storage,2019.0,Saratoga,NY,5.5,0,0.25503793692259136,NYISO:2019
NYISO,LIPA,storage,2019.0,Suffolk,NY,100.0,0,0.17576445537807486,NYISO:2019
NYISO,LIPA,storage,2019.0,Queens,NY,30.0,0,0.25503793692259136,NYISO:2019
NYISO,LIPA,storage,2019.0,Nassau,NY,50.0,0,0.25223504361336896,NYISO:2019
NYISO,LIPA,storage,2019.0,Suffolk,NY,30.0,0,0.25503793692259136,NYISO:2019
NYISO,LIPA,storage,2019.0,Suffolk,NY,60.0,0,0.25223504361336896,NYISO:2019
NYISO,NM-NG,storage,2019.0,Oswego,NY,20.0,0,0.25223504361336896,NYISO:2019
NYISO,NYPA,storage,2019.0,Oneida,NY,100.0,0,0.2651999217801654,NYISO:2019
NYISO,NM-NG,storage,2019.0,Erie,NY,20.0,0,0.25223504361336896,NYISO:2019
NYISO,NM-NG,storage,2019.0,Herkimer,NY,21.3,0,0.25223504361336896,NYISO:2019
NYISO,NM-NG,storage,2019.0,Livingston,NY,11.3,0,0.25503793692259136,NYISO:2019
NYISO,OTHER,storage,2019.0,Monroe,NY,8.8,0,0.17219109185144277,NYISO:2019
NYISO,LIPA,storage,2019.0,Suffolk,NY,100.0,0,0.17576445537807486,NYISO:2019
NYISO,NYSEG,storage,2019.0,Erie,NY,100.0,0,0.13149432824979085,NYISO:2019
NYISO,OTHER,storage,2019.0,Greene,NY,100.0,0,0.1254325043866823,NYISO:2019
NYISO,NM-NG,solar,2019.0,Westfield,NY,157.9,0,0.1057820613717533,NYISO:2019
NYISO,NM-NG,storage,2019.0,Rensselaer,NY,20.0,0,0.25223504361336896,NYISO:2019
NYISO,LIPA,storage,2019.0,Suffolk,NY,76.8,0,0.17576445537807486,NYISO:2019
NYISO,LIPA,wind,2019.0,Nassau,NY,96.0,0,0.1057820613717533,NYISO:2019
NYISO,LIPA,wind,2019.0,Nassau,NY,1260.0,0,0.08534592430010221,NYISO:2019
NYISO,NM-NG,solar,2019.0,Schoharie,NY,20.0,0,0.11347918277350548,NYISO:2019
NYISO,LIPA,storage,2019.0,Nassau,NY,20.0,0,0.25503793692259136,NYISO:2019
NYISO,NM-NG,solar,2019.0,Herkimer,NY,20.0,0,0.11347918277350548,NYISO:2019
NYISO,NYSEG,storage,2019.0,Yorktown,NY,7.0,0,0.25503793692259136,NYISO:2019
NYISO,NM-NG,storage,2019.0,Livingston,NY,10.0,0,0.25503793692259136,NYISO:2019
NYISO,LIPA,storage,2019.0,Suffolk,NY,77.6,0,0.17576445537807486,NYISO:2019
NYISO,LIPA,storage,2019.0,Suffolk,NY,40.3,0,0.25503793692259136,NYISO:2019
NYISO,NYPA,transmission,2019.0,Quebec-NY,NY,250.0,1,0.13149432824979085,NYISO:2019
CAISO,SCE,wind,2020.0,KERN,CA,1.5374,1,0.1406910462555939,CAISO:2020
CAISO,SCE,solar,2020.0,KERN,CA,3.0,1,0.15126015194665082,CAISO:2020
CAISO,PGAE,storage,2020.0,KINGS,CA,32.0,1,0.12785125446843368,CAISO:2020
CAISO,SCE,solar_storage,2020.0,SAN BERNARDINO,CA,100.0,1,0.206045043242402,CAISO:2020
CAISO,SDGE,solar,2020.0,MARICOPA,AZ,125.0,1,0.15126015194665082,CAISO:2020
CAISO,SCE,gas,2020.0,SAN BERNARDINO,CA,100.0,1,0.1406910462555939,CAISO:2020
CAISO,SCE,unmapped,2020.0,KERN,CA,60.0,0,0.1406910462555939,CAISO:2020
CAISO,PGAE,storage,2020.0,SAN MATEO,CA,250.0,0,0.0927341976122464,CAISO:2020
CAISO,PGAE,storage,2020.0,CONTRA COSTA,CA,100.0,0,0.12785125446843368,CAISO:2020
CAISO,PGAE,hybrid_multi,2020.0,HUMBOLDT,CA,150.0,0,0.0927341976122464,CAISO:2020
CAISO,PGAE,storage,2020.0,ALAMEDA,CA,300.0,0,0.0927341976122464,CAISO:2020
CAISO,PGAE,solar_storage,2020.0,BUTTE,CA,85.0,0,0.18920404563485774,CAISO:2020
CAISO,PGAE,solar_storage,2020.0,YOLO,CA,80.0,0,0.18920404563485774,CAISO:2020
CAISO,PGAE,storage,2020.0,SHASTA,CA,299.99,0,0.0927341976122464,CAISO:2020
CAISO,PGAE,solar_storage,2020.0,STANISLAUS,CA,20.0,0,0.18920404563485774,CAISO:2020
CAISO,PGAE,hybrid_multi,2020.0,SOLANO,CA,200.0,0,0.07428369546016604,CAISO:2020
CAISO,PGAE,hybrid_multi,2020.0,HUMBOLDT,CA,1500.12,0,0.05558400505768927,CAISO:2020
CAISO,PGAE,hybrid_multi,2020.0,CONTRA COSTA,CA,34.1,0,0.12785125446843368,CAISO:2020
CAISO,PGAE,storage,2020.0,CONTRA COSTA,CA,40.0,0,0.12785125446843368,CAISO:2020
CAISO,PGAE,storage,2020.0,PLACER,CA,101.2,0,0.12785125446843368,CAISO:2020
CAISO,PGAE,storage,2020.0,SOLANO,CA,900.0,0,0.0927341976122464,CAISO:2020
CAISO,PGAE,storage,2020.0,MARIN,CA,300.0,0,0.0927341976122464,CAISO:2020
CAISO,PGAE,storage,2020.0,SANTA CLARA,CA,300.0,0,0.0927341976122464,CAISO:2020
CAISO,PGAE,solar_storage,2020.0,COLUSA,CA,300.0,0,0.18920404563485774,CAISO:2020
CAISO,PGAE,storage,2020.0,SONOMA,CA,100.0,0,0.12785125446843368,CAISO:2020
CAISO,PGAE,storage,2020.0,SHASTA,CA,101.1,0,0.12785125446843368,CAISO:2020
CAISO,PGAE,storage,2020.0,SANTA CLARA,CA,150.0,0,0.12350342838147717,CAISO:2020
CAISO,PGAE,storage,2020.0,SUTTER,CA,150.0,0,0.12350342838147717,CAISO:2020
CAISO,PGAE,storage,2020.0,CONTRA COSTA,CA,220.0,0,0.0927341976122464,CAISO:2020
CAISO,PGAE,storage,2020.0,BUTTE,CA,101.2,0,0.12785125446843368,CAISO:2020
CAISO,PGAE,solar_storage,2020.0,SAN JOAQUIN,CA,84.9,0,0.18920404563485774,CAISO:2020
CAISO,PGAE,storage,2020.0,SANTA CLARA,CA,250.0,0,0.0927341976122464,CAISO:2020
CAISO,PGAE,solar_storage,2020.0,FRESNO,CA,150.0,0,0.18920404563485774,CAISO:2020
CAISO,PGAE,solar_storage,2020.0,SAN BENITO,CA,110.0,0,0.18920404563485774,CAISO:2020
CAISO,PGAE,storage,2020.0,FRESNO,CA,30.0,0,0.12785125446843368,CAISO:2020
CAISO,PGAE,solar_storage,2020.0,FRESNO,CA,200.0,0,0.18920404563485774,CAISO:2020
CAISO,PGAE,solar_storage,2020.0,FRESNO,CA,1700.0,0,0.16289937737897967,CAISO:2020
CAISO,PGAE,solar_storage,2020.0,MADERA,CA,100.0,0,0.18920404563485774,CAISO:2020
CAISO,PGAE,solar_storage,2020.0,MADERA,CA,100.0,0,0.18920404563485774,CAISO:2020
CAISO,PGAE,solar_storage,2020.0,MADERA,CA,100.0,0,0.18920404563485774,CAISO:2020
CAISO,PGAE,storage,2020.0,MONTEREY,CA,30.0,0,0.12785125446843368,CAISO:2020
CAISO,PGAE,solar_storage,2020.0,KINGS,CA,350.0,0,0.18920404563485774,CAISO:2020
CAISO,PGAE,solar_storage,2020.0,KINGS,CA,250.0,0,0.18920404563485774,CAISO:2020
CAISO,PGAE,solar_storage,2020.0,FRESNO,CA,50.0,0,0.18920404563485774,CAISO:2020
CAISO,PGAE,solar_storage,2020.0,KERN,CA,300.0,0,0.18920404563485774,CAISO:2020
CAISO,PGAE,solar_storage,2020.0,KERN,CA,300.0,0,0.18920404563485774,CAISO:2020
CAISO,PGAE,solar_storage,2020.0,MERCED,CA,100.0,0,0.18920404563485774,CAISO:2020
CAISO,PGAE,storage,2020.0,FRESNO,CA,70.0,0,0.12785125446843368,CAISO:2020
CAISO,PGAE,solar_storage,2020.0,SANTA BARBARA,CA,200.0,0,0.18920404563485774,CAISO:2020
CAISO,PGAE,storage,2020.0,SAN LUIS OBISPO,CA,200.0,0,0.0927341976122464,CAISO:2020
CAISO,PGAE,storage,2020.0,SAN LUIS OBISPO,CA,100.0,0,0.12785125446843368,CAISO:2020
CAISO,PGAE,storage,2020.0,SAN LUIS OBISPO,CA,100.0,0,0.12785125446843368,CAISO:2020
CAISO,PGAE,storage,2020.0,SAN LUIS OBISPO,CA,500.0,0,0.0927341976122464,CAISO:2020
CAISO,PGAE,solar,2020.0,KERN,CA,27.0,0,0.12785125446843368,CAISO:2020
CAISO,PGAE,storage,2020.0,SANTA BARBARA,CA,30.0,0,0.12785125446843368,CAISO:2020
CAISO,PGAE,solar_storage,2020.0,KERN,CA,350.0,0,0.18920404563485774,CAISO:2020
CAISO,PGAE,wind,2020.0,SAN LUIS OBISPO,CA,1400.0,0,0.05558400505768927,CAISO:2020
CAISO,PGAE,hybrid_multi,2020.0,SAN LUIS OBISPO,CA,500.0,0,0.07428369546016604,CAISO:2020
CAISO,PGAE,solar_storage,2020.0,SAN LUIS OBISPO,CA,200.0,0,0.18920404563485774,CAISO:2020
CAISO,PGAE,solar_storage,2020.0,SAN LUIS OBISPO,CA,150.0,0,0.18920404563485774,CAISO:2020
CAISO,PGAE,solar_storage,2020.0,KERN,CA,100.0,0,0.18920404563485774,CAISO:2020
CAISO,PGAE,solar_storage,2020.0,KERN,CA,120.0,0,0.18920404563485774,CAISO:2020
CAISO,PGAE,hybrid_multi,2020.0,SAN LUIS OBISPO,CA,1499.94,0,0.05558400505768927,CAISO:2020
CAISO,PGAE,wind,2020.0,SAN LUIS OBISPO,CA,1000.0,0,0.05558400505768927,CAISO:2020
CAISO,PGAE,storage,2020.0,SAN LUIS OBISPO,CA,299.65,0,0.0927341976122464,CAISO:2020
CAISO,OTHER,solar_storage,2020.0,MARICOPA,AZ,2000.0,0,0.166279144449087,CAISO:2020
CAISO,OTHER,solar_storage,2020.0,MARICOPA,AZ,500.0,0,0.18920404563485774,CAISO:2020
CAISO,OTHER,solar_storage,2020.0,MARICOPA,AZ,300.0,0,0.2094248103125093,CAISO:2020
CAISO,SCE,solar_storage,2020.0,RIVERSIDE,CA,200.0,0,0.18582427856475042,CAISO:2020
CAISO,SCE,hybrid_multi,2020.0,RIVERSIDE,CA,200.0,0,0.12350342838147717,CAISO:2020
CAISO,SCE,storage,2020.0,RIVERSIDE,CA,1400.0,0,0.12350342838147717,CAISO:2020
CAISO,SCE,hybrid_multi,2020.0,RIVERSIDE,CA,200.0,0,0.12350342838147717,CAISO:2020
CAISO,SCE,storage,2020.0,RIVERSIDE,CA,500.0,0,0.12350342838147717,CAISO:2020
CAISO,SCE,hybrid_multi,2020.0,RIVERSIDE,CA,200.0,0,0.12350342838147717,CAISO:2020
CAISO,SCE,storage,2020.0,LOS ANGELES,CA,400.0,0,0.12350342838147717,CAISO:2020
CAISO,SCE,storage,2020.0,LOS ANGELES,CA,150.0,0,0.13634322016863737,CAISO:2020
CAISO,SCE,storage,2020.0,LOS ANGELES,CA,300.0,0,0.13483946077014114,CAISO:2020
CAISO,SCE,storage,2020.0,SAN BERNARDINO,CA,300.0,0,0.13483946077014114,CAISO:2020
CAISO,SCE,solar_storage,2020.0,SAN BERNARDINO,CA,500.0,0,0.16085467108890864,CAISO:2020
CAISO,SCE,solar_storage,2020.0,SAN BERNARDINO,CA,150.0,0,0.206045043242402,CAISO:2020
CAISO,SCE,solar_storage,2020.0,KERN,CA,75.0,0,0.2094248103125093,CAISO:2020
CAISO,SCE,hybrid_multi,2020.0,SAN BERNARDINO,CA,200.0,0,0.12350342838147717,CAISO:2020
CAISO,SCE,solar_storage,2020.0,KERN,CA,150.0,0,0.206045043242402,CAISO:2020
CAISO,SCE,wind,2020.0,KERN,CA,250.0,0,0.11638895861806078,CAISO:2020
CAISO,SCE,storage,2020.0,LOS ANGELES,CA,75.0,0,0.1406910462555939,CAISO:2020
CAISO,SCE,wind,2020.0,SANTA BARBARA,CA,750.0,0,0.08635323582692003,CAISO:2020
CAISO,SCE,wind,2020.0,KERN,CA,100.0,0,0.13634322016863737,CAISO:2020
CAISO,SCE,solar_storage,2020.0,KERN,CA,400.0,0,0.1837795722746794,CAISO:2020
CAISO,SCE,solar_storage,2020.0,TULARE,CA,460.0,0,0.16085467108890864,CAISO:2020
CAISO,SCE,solar_storage,2020.0,KERN,CA,400.0,0,0.1837795722746794,CAISO:2020
CAISO,SCE,hybrid_multi,2020.0,KERN,CA,200.0,0,0.12350342838147717,CAISO:2020
CAISO,SCE,solar_storage,2020.0,ROSAMOND,CA,300.0,0,0.18582427856475042,CAISO:2020
CAISO,OTHER,solar_storage,2020.0,CLARK/NYE,NV,300.0,0,0.2094248103125093,CAISO:2020
CAISO,SDGE,storage,2020.0,SAN DIEGO,CA,20.0,0,0.15704775773425655,CAISO:2020
CAISO,SDGE,storage,2020.0,SAN DIEGO,CA,80.0,0,0.15126015194665082,CAISO:2020
CAISO,SDGE,hybrid_multi,2020.0,SAN DIEGO,CA,400.0,0,0.12785125446843368,CAISO:2020
CAISO,SDGE,storage,2020.0,SAN DIEGO,CA,75.0,0,0.15126015194665082,CAISO:2020
CAISO,SDGE,storage,2020.0,ORANGE,CA,250.0,0,0.13918728685709764,CAISO:2020
CAISO,SDGE,storage,2020.0,SAN DIEGO,CA,150.0,0,0.15126015194665082,CAISO:2020
CAISO,SDGE,storage,2020.0,SAN DIEGO,CA,101.1,0,0.15126015194665082,CAISO:2020
CAISO,SDGE,storage,2020.0,SAN DIEGO,CA,30.0,0,0.15704775773425655,CAISO:2020
CAISO,SDGE,storage,2020.0,SAN DIEGO,CA,100.0,0,0.15126015194665082,CAISO:2020
CAISO,SDGE,storage,2020.0,SAN DIEGO,CA,300.0,0,0.13918728685709764,CAISO:2020
CAISO,NAN,storage,2020.0,SAN DIEGO,CA,160.0,0,0.046160446160446164,CAISO:2020
CAISO,SDGE,storage,2020.0,SAN DIEGO,CA,100.0,0,0.15126015194665082,CAISO:2020
CAISO,SDGE,gas,2020.0,SAN DIEGO,CA,26.37,0,0.1532050221468124,CAISO:2020
CAISO,SDGE,solar_storage,2020.0,SAN DIEGO,CA,200.0,0,0.18920404563485774,CAISO:2020
CAISO,SDGE,storage,2020.0,SAN DIEGO,CA,80.0,0,0.15126015194665082,CAISO:2020
CAISO,SDGE,storage,2020.0,SAN DIEGO,CA,50.0,0,0.15126015194665082,CAISO:2020
CAISO,SDGE,storage,2020.0,SAN DIEGO,CA,400.0,0,0.12785125446843368,CAISO:2020
CAISO,SDGE,solar_storage,2020.0,MARICOPA,AZ,215.0,0,0.18920404563485774,CAISO:2020
CAISO,SDGE,solar_storage,2020.0,MARICOPA,AZ,450.0,0,0.18920404563485774,CAISO:2020
CAISO,SDGE,storage,2020.0,SAN DIEGO,CA,101.1,0,0.15126015194665082,CAISO:2020
CAISO,SDGE,solar_storage,2020.0,MARICOPA,AZ,250.0,0,0.18920404563485774,CAISO:2020
CAISO,SDGE,storage,2020.0,IMPERIAL,CA,400.0,0,0.12785125446843368,CAISO:2020
CAISO,PGAE,storage,2020.0,FRESNO,CA,5.0,0,0.15554399833576033,CAISO:2020
CAISO,PGAE,storage,2020.0,ALAMEDA,CA,55.0,0,0.12785125446843368,CAISO:2020
ISONE,NAN,solar,2020.0,Grafton,NH,27.0,0,0.16361594744136465,ISONE:2020
ISONE,NAN,solar,2020.0,Penobscot,ME,100.0,0,0.16361594744136465,ISONE:2020
ISONE,NAN,storage,2020.0,Kennebec,ME,102.0,0,0.16361594744136465,ISONE:2020
ISONE,NAN,storage,2020.0,Middlesex,MA,200.0,0,0.16361594744136465,ISONE:2020
ISONE,NAN,storage,2020.0,Middlesex,MA,204.0,0,0.16361594744136465,ISONE:2020
ISONE,NAN,solar,2020.0,Penobscot,ME,100.0,0,0.16361594744136465,ISONE:2020
ISONE,ISO-NE,solar,2020.0,Oxford,ME,65.0,0,0.4576969696969697,ISONE:2020
ISONE,CMP,solar,2020.0,Kennebec,ME,2.5,0,0.4735038830516217,ISONE:2020
ISONE,CMP,solar,2020.0,Kennebec,ME,4.95,0,0.4735038830516217,ISONE:2020
ISONE,CMP,solar,2020.0,Kennebec,ME,4.875,0,0.4735038830516217,ISONE:2020
ISONE,CMP,solar_storage,2020.0,Kennebec,ME,4.975,0,0.6142783314876338,ISONE:2020
ISONE,CMP,solar,2020.0,Sagadahoc,ME,1.75,0,0.4735038830516217,ISONE:2020
ISONE,CMP,solar_storage,2020.0,Kennebec,ME,9.475,1,0.6142783314876338,ISONE:2020
ISONE,CMP,solar,2020.0,Kennebec,ME,3.25,1,0.4735038830516217,ISONE:2020
ISONE,CMP,solar,2020.0,Kennebec,ME,1.703,0,0.4735038830516217,ISONE:2020
ISONE,CMP,solar_storage,2020.0,Kennebec,ME,9.94,1,0.6142783314876338,ISONE:2020
ISONE,CMP,solar_storage,2020.0,Kennebec,ME,4.25,1,0.6159585629691604,ISONE:2020
ISONE,CMP,solar,2020.0,Kennebec,ME,4.0,1,0.4735038830516217,ISONE:2020
ISONE,CMP,solar,2020.0,Kennebec,ME,9.998,0,0.4615038830516217,ISONE:2020
ISONE,CMP,solar_storage,2020.0,Kennebec,ME,3.75,1,0.638561051983516,ISONE:2020
ISONE,CMP,solar,2020.0,Kennebec,ME,2.0,0,0.4735038830516217,ISONE:2020
ISONE,NAN,solar,2020.0,Penobscot,ME,100.0,0,0.16361594744136465,ISONE:2020
ISONE,NAN,solar,2020.0,Washington,ME,11.8,0,0.16361594744136465,ISONE:2020
ISONE,NAN,solar_storage,2020.0,Berkshire,MA,4.99,1,0.4329152595083827,ISONE:2020
ISONE,NAN,storage,2020.0,Fairfield,CT,100.0,0,0.16361594744136465,ISONE:2020
ISONE,NAN,solar,2020.0,Hartford,CT,135.0,0,0.16361594744136465,ISONE:2020
ISONE,ISO-NE,wind,2020.0,,CT,0.0,0,0.49102127923568456,ISONE:2020
ISONE,NAN,wind,2020.0,,MA,1200.0,0,0.1136259630996473,ISONE:2020
ISONE,ISO-NE,wind,2020.0,,CT,1200.0,0,0.1944058178100731,ISONE:2020
ISONE,NAN,storage,2020.0,Middlesex,MA,500.0,0,0.14366168589078804,ISONE:2020
ISONE,NAN,storage,2020.0,New Haven,CT,50.0,0,0.16361594744136465,ISONE:2020
ISONE,OTHER,gas,2020.0,New Haven,CT,14.4,1,0.4735038830516217,ISONE:2020
ISONE,NGRID,solar,2020.0,Washington,RI,9.75,0,0.4519093639093639,ISONE:2020
ISONE,NGRID,solar,2020.0,Washington,RI,4.875,0,0.4519093639093639,ISONE:2020
ISONE,NGRID,solar,2020.0,Washington,RI,1.56,0,0.49102127923568456,ISONE:2020
ISONE,NGRID,solar,2020.0,Washington,RI,3.06,0,0.4872143658810325,ISONE:2020
ISONE,NAN,solar,2020.0,Providence,RI,3.0,0,0.17418505313242155,ISONE:2020
ISONE,NGRID,solar,2020.0,Washington,RI,4.0,0,0.4576969696969697,ISONE:2020
ISONE,NGRID,solar,2020.0,Kent,RI,4.875,0,0.4519093639093639,ISONE:2020
ISONE,NGRID,solar,2020.0,Kent,RI,13.525,0,0.4519093639093639,ISONE:2020
ISONE,NGRID,solar,2020.0,Povidence,RI,4.875,0,0.4519093639093639,ISONE:2020
ISONE,NGRID,solar,2020.0,Kent,RI,3.5,0,0.4704242424242424,ISONE:2020
ISONE,NGRID,solar,2020.0,Kent,RI,4.975,0,0.4519093639093639,ISONE:2020
ISONE,NGRID,solar,2020.0,Washington,RI,7.325,0,0.4519093639093639,ISONE:2020
ISONE,NGRID,solar,2020.0,Washington,RI,34.375,0,0.4519093639093639,ISONE:2020
ISONE,NGRID,solar,2020.0,Kent,RI,49.75,0,0.4519093639093639,ISONE:2020
ISONE,NGRID,solar,2020.0,Providence,RI,8.0,0,0.4519093639093639,ISONE:2020
ISONE,NGRID,solar,2020.0,Kent,RI,6.93,0,0.4519093639093639,ISONE:2020
ISONE,ISO-NE,solar,2020.0,Merrimack,NH,76.25,0,0.4576969696969697,ISONE:2020
ISONE,NAN,storage,2020.0,Suffolk,MA,700.0,0,0.13232565350212408,ISONE:2020
ISONE,NAN,solar_storage,2020.0,Carroll,NH,85.0,0,0.1944058178100731,ISONE:2020
ISONE,NAN,solar,2020.0,Coos,NH,60.0,0,0.16361594744136465,ISONE:2020
ISONE,NAN,solar,2020.0,Coos,NH,60.0,0,0.16361594744136465,ISONE:2020
ISONE,OTHER,solar,2020.0,Ellington,CT,6.0,0,0.4755485893416928,ISONE:2020
ISONE,NAN,solar_storage,2020.0,Bristol,MA,11.992,0,0.29731340686114555,ISONE:2020
ISONE,ISO-NE,solar,2020.0,Hampshire,MA,40.0,0,0.4872143658810325,ISONE:2020
ISONE,ISO-NE,solar,2020.0,Hartford,CT,45.0,1,0.4872143658810325,ISONE:2020
ISONE,ISO-NE,solar,2020.0,Penobscot,ME,120.0,0,0.4295888452193049,ISONE:2020
ISONE,ISO-NE,wind,2020.0,Somerset,ME,58.8,1,0.2877188877188877,ISONE:2020
ISONE,ISO-NE,solar_storage,2020.0,Berkshire,MA,2.0,0,0.7854232228214063,ISONE:2020
ISONE,NAN,solar,2020.0,Oxford,ME,90.0,0,0.16361594744136465,ISONE:2020
ISONE,NAN,solar,2020.0,Androscoggin,ME,5.0,0,0.16361594744136465,ISONE:2020
ISONE,NAN,solar_storage,2020.0,Barnstable,MA,4.85,1,0.4365962864581541,ISONE:2020
ISONE,NAN,solar_storage,2020.0,Bristol,MA,2.425,0,0.4615038830516217,ISONE:2020
ISONE,NAN,solar_storage,2020.0,Plymouth,MA,2.2,1,0.4615038830516217,ISONE:2020
ISONE,NAN,wind,2020.0,Penobscot,ME,0.0,1,0.16361594744136465,ISONE:2020
ISONE,ISO-NE,storage,2020.0,Penobscot,ME,20.0,0,0.49102127923568456,ISONE:2020
ISONE,NAN,wind,2020.0,Peneobscot,ME,0.0,1,0.16361594744136465,ISONE:2020
ISONE,ISO-NE,storage,2020.0,New Haven,CT,200.0,0,0.40905222105222105,ISONE:2020
ISONE,ISO-NE,solar,2020.0,Hillsborough,NH,16.0,0,0.49102127923568456,ISONE:2020
ISONE,ISO-NE,storage,2020.0,Penobscot,ME,112.2,0,0.40905222105222105,ISONE:2020
ISONE,ISO-NE,storage,2020.0,Penobscot,ME,112.2,0,0.40905222105222105,ISONE:2020
ISONE,ISO-NE,solar,2020.0,Sagadahoc,ME,17.2,0,0.49102127923568456,ISONE:2020
ISONE,NAN,gas,2020.0,Suffolk,MA,800.0,0,0.1451654452892843,ISONE:2020
ISONE,NAN,gas,2020.0,Suffolk,MA,800.0,0,0.1451654452892843,ISONE:2020
ISONE,NAN,wind,2020.0,Berkshire,MA,0.0,1,0.16361594744136465,ISONE:2020
ISONE,NAN,solar_storage,2020.0,Bristol,MA,18.989,0,0.2935064935064935,ISONE:2020
ISONE,NAN,solar_storage,2020.0,Plymouth,MA,44.12,0,0.2877188877188877,ISONE:2020
ISONE,NAN,solar_storage,2020.0,Plymouth,MA,48.019,0,0.2877188877188877,ISONE:2020
ISONE,NAN,solar_storage,2020.0,Barnstable,MA,9.98,0,0.29731340686114555,ISONE:2020
ISONE,NAN,solar_storage,2020.0,Plymouth,MA,33.735,0,0.2935064935064935,ISONE:2020
ISONE,NAN,solar_storage,2020.0,Barnstable,MA,11.75,0,0.29731340686114555,ISONE:2020
ISONE,NAN,solar_storage,2020.0,Plymouth,MA,24.618,0,0.2935064935064935,ISONE:2020
ISONE,NAN,solar,2020.0,Plymouth,MA,2.76,0,0.17418505313242155,ISONE:2020
ISONE,NAN,solar_storage,2020.0,Bristol,MA,29.11,0,0.2935064935064935,ISONE:2020
ISONE,NAN,solar_storage,2020.0,Barnstable,MA,3.15,0,0.4615038830516217,ISONE:2020
ISONE,NAN,solar_storage,2020.0,Bristol,MA,27.948,0,0.2935064935064935,ISONE:2020
ISONE,NAN,solar_storage,2020.0,Barnstable,MA,7.99,0,0.29731340686114555,ISONE:2020
ISONE,NAN,solar_storage,2020.0,Middlesex,MA,7.499,0,0.29731340686114555,ISONE:2020
ISONE,NAN,solar_storage,2020.0,Bristol,MA,9.5,0,0.29731340686114555,ISONE:2020
ISONE,NAN,solar_storage,2020.0,Norfolk,MA,5.0,0,0.4326556304251148,ISONE:2020
ISONE,OTHER,solar_storage,2020.0,Middlesex,MA,5.5,0,0.7373018286022195,ISONE:2020
ISONE,OTHER,solar_storage,2020.0,Plymouth,MA,2.0,0,0.751421188630491,ISONE:2020
ISONE,NAN,solar_storage,2020.0,Bristol,MA,7.0,0,0.29731340686114555,ISONE:2020
ISONE,OTHER,solar,2020.0,Franklin,MA,2.5,0,0.47892835641180015,ISONE:2020
ISONE,OTHER,solar,2020.0,Berkshire,MA,4.89,0,0.4755485893416928,ISONE:2020
ISONE,OTHER,solar,2020.0,Hampden,MA,12.48,0,0.4755485893416928,ISONE:2020
ISONE,NAN,solar,2020.0,Cheshire,NH,0.0,0,0.1944058178100731,ISONE:2020
ISONE,NAN,solar,2020.0,Cheshire,NH,0.0,0,0.1944058178100731,ISONE:2020
ISONE,ISO-NE,solar,2020.0,Penobscot,ME,19.99,0,0.49102127923568456,ISONE:2020
ISONE,NAN,solar,2020.0,Washington,ME,4.0,0,0.17418505313242155,ISONE:2020
ISONE,ISO-NE,storage,2020.0,Middlesex,MA,150.0,0,0.40905222105222105,ISONE:2020
ISONE,NAN,solar,2020.0,Androscoggin,ME,40.0,0,0.16361594744136465,ISONE:2020
ISONE,NAN,wind,2020.0,Litchfield,CT,3.8,0,0.16361594744136465,ISONE:2020
ISONE,NAN,gas,2020.0,Fairfield,CT,0.4,1,0.2877188877188877,ISONE:2020
ISONE,NAN,solar,2020.0,Sullivan,NH,10.0,0,0.16361594744136465,ISONE:2020
ISONE,NAN,unknown,2020.0,Androscoggin,ME,0.0,0,0.09919302761408025,ISONE:2020
ISONE,OTHER,solar,2020.0,Bristol,MA,5.08,0,0.4755485893416928,ISONE:2020
ISONE,OTHER,solar_storage,2020.0,Plymouth,MA,55.14,0,0.519647266313933,ISONE:2020
ISONE,OTHER,solar_storage,2020.0,Bristol,MA,11.338,0,0.726421188630491,ISONE:2020
ISONE,OTHER,solar_storage,2020.0,Plymouth,MA,20.46,0,0.6765873015873016,ISONE:2020
ISONE,OTHER,solar_storage,2020.0,Bristol,MA,4.999,0,0.7407222964507538,ISONE:2020
ISONE,OTHER,solar_storage,2020.0,Plymouth,MA,9.778,0,0.726421188630491,ISONE:2020
ISONE,NAN,gas,2020.0,Oxford,ME,0.205,1,0.2877188877188877,ISONE:2020
ISONE,NAN,gas,2020.0,Fairfield,CT,4.0,1,0.1944058178100731,ISONE:2020
ISONE,NGRID,solar,2020.0,Washington,RI,7.84,0,0.4519093639093639,ISONE:2020
ISONE,NGRID,solar,2020.0,Washington,RI,2.0,0,0.4872143658810325,ISONE:2020
ISONE,NGRID,solar,2020.0,Providence,RI,5.62,0,0.4519093639093639,ISONE:2020
ISONE,NGRID,solar,2020.0,Washington,RI,4.422,0,0.4576969696969697,ISONE:2020
ISONE,NAN,solar,2020.0,Kent,RI,3.0,0,0.17418505313242155,ISONE:2020
ISONE,NGRID,solar,2020.0,Kent,RI,10.368,0,0.4519093639093639,ISONE:2020
ISONE,NGRID,solar,2020.0,Washington,RI,3.5,0,0.4704242424242424,ISONE:2020
ISONE,NGRID,solar,2020.0,Providence,RI,4.25,0,0.4576969696969697,ISONE:2020
ISONE,NGRID,solar,2020.0,Kent,RI,3.85,0,0.4576969696969697,ISONE:2020
ISONE,NGRID,solar,2020.0,Providence,RI,2.2,0,0.4872143658810325,ISONE:2020
ISONE,NGRID,solar,2020.0,Washington,RI,6.339,0,0.4519093639093639,ISONE:2020
ISONE,NGRID,solar,2020.0,Washington,RI,6.75,1,0.4519093639093639,ISONE:2020
ISONE,NGRID,solar,2020.0,Washington,RI,6.474,0,0.4519093639093639,ISONE:2020
ISONE,NGRID,solar,2020.0,Washington,RI,6.75,0,0.4519093639093639,ISONE:2020
ISONE,ISO-NE,solar,2020.0,Rockingham,NH,10.0,0,0.49102127923568456,ISONE:2020
ISONE,NAN,wind,2020.0,,MA,0.0,1,0.16361594744136465,ISONE:2020
ISONE,NAN,gas,2020.0,Newport,RI,0.0,1,0.2877188877188877,ISONE:2020
ISONE,NAN,solar,2020.0,Androscoggin,ME,4.99,0,0.16361594744136465,ISONE:2020
ISONE,ISO-NE,hydro,2020.0,Androscoggin/Franklin,ME,28.325,1,0.5586323733251193,ISONE:2020
ISONE,ISO-NE,solar,2020.0,Oxford,ME,17.0,0,0.49102127923568456,ISONE:2020
ISONE,OTHER,gas,2020.0,Fairfield,CT,9.66,0,0.4755485893416928,ISONE:2020
ISONE,NAN,solar,2020.0,Grafton,NH,51.02,0,0.16361594744136465,ISONE:2020
ISONE,NAN,storage,2020.0,Androscoggin,ME,200.0,0,0.16361594744136465,ISONE:2020
MISO,OTHER,storage,2020.0,Marion,IN,200.0,0,0.5212837571086643,MISO:2020
MISO,NORTHERN STATES POWER COMPANY,storage,2020.0,Goodhue,MN,50.0,0,0.3578539348782361,MISO:2020
MISO,OTHER,solar,2020.0,Jefferson,WI,125.0,0,0.5212837571086643,MISO:2020
MISO,NORTHERN STATES POWER COMPANY,storage,2020.0,Murray,MN,50.0,0,0.3578539348782361,MISO:2020
MISO,OTHER,solar,2020.0,George,MS,150.0,0,0.5212837571086643,MISO:2020
MISO,AMEREN ILLINOIS,storage,2020.0,Sangamon,IL,0.0,0,0.8272727272727274,MISO:2020
MISO,OTHER,solar,2020.0,Juneau,WI,225.0,1,0.5212837571086643,MISO:2020
MISO,ITC MIDWEST,solar,2020.0,Faribault,MN,150.0,1,0.5040908448054864,MISO:2020
MISO,ITC MIDWEST,solar,2020.0,Faribault,MN,150.0,1,0.5040908448054864,MISO:2020
MISO,"ENTERGY LOUISIANA, LLC ELTO",storage,2020.0,Washington,LA,50.0,0,0.1991868679826134,MISO:2020
MISO,"ENTERGY LOUISIANA, LLC ELTO",storage,2020.0,Washington,LA,50.0,0,0.1991868679826134,MISO:2020
MISO,OTHER,wind,2020.0,Marathon,WI,98.9,1,0.39657065670522357,MISO:2020
MISO,METC,storage,2020.0,Kent,MI,150.0,0,0.3612337019483434,MISO:2020
MISO,"ENTERGY ARKANSAS, LLC EATO",storage,2020.0,Union,AR,50.0,0,0.1991868679826134,MISO:2020
MISO,OTHER,solar,2020.0,St. Clair,MI,100.0,0,0.5212837571086643,MISO:2020
MISO,"DUKE ENERGY INDIANA, LLC CIN",storage,2020.0,Vermillion,IN,40.0,0,0.45735400945291926,MISO:2020
MISO,NORTHERN STATES POWER COMPANY,solar,2020.0,Pipestone,MN,200.0,0,0.3168851046396913,MISO:2020
MISO,OTHER,wind,2020.0,Lafayette,WI,98.9,0,0.39657065670522357,MISO:2020
MISO,METC,solar,2020.0,Midland,MI,200.0,0,0.3999504237753309,MISO:2020
MISO,METC,solar,2020.0,Muskegon,MI,200.0,0,0.3999504237753309,MISO:2020
MISO,OTHER,solar_storage,2020.0,St. Clair,MI,200.0,0,0.6857685489997467,MISO:2020
MISO,METC,solar,2020.0,Ottawa,MI,200.0,0,0.3999504237753309,MISO:2020
MISO,OTHER,storage,2020.0,Leflore,MS,50.0,0,0.5254241781388196,MISO:2020
MISO,OTHER,solar_storage,2020.0,Huron,MI,200.0,1,0.6857685489997467,MISO:2020
MISO,OTHER,solar,2020.0,Adams,IA,200.0,0,0.5212837571086643,MISO:2020
MISO,METC,solar,2020.0,Genesee,MI,150.0,0,0.3999504237753309,MISO:2020
MISO,METC,wind,2020.0,Isabella,MI,150.0,0,0.35166880755800967,MISO:2020
MISO,"ENTERGY LOUISIANA, LLC ELTO",solar,2020.0,West Baton Rouge,LA,146.0,0,0.195046446952458,MISO:2020
MISO,NORTHERN STATES POWER COMPANY,solar,2020.0,Cass,ND,200.0,0,0.3168851046396913,MISO:2020
MISO,OTHER,solar,2020.0,Monroe,MI,150.0,0,0.5212837571086643,MISO:2020
MISO,METC,solar,2020.0,Jackson,MI,100.0,0,0.40409084480548635,MISO:2020
MISO,OTHER,wind,2020.0,Sanilac,MI,293.0,1,0.3555810116974685,MISO:2020
MISO,NORTHERN STATES POWER COMPANY,solar,2020.0,Sherburne,MN,200.0,0,0.3168851046396913,MISO:2020
MISO,"ENTERGY LOUISIANA, LLC ELTO",solar,2020.0,St. James,LA,135.0,1,0.195046446952458,MISO:2020
MISO,METC,solar,2020.0,Grand Traverse,MI,200.0,0,0.3999504237753309,MISO:2020
MISO,"DUKE ENERGY INDIANA, LLC CIN",solar,2020.0,Putnam,IN,200.0,0,0.35166880755800967,MISO:2020
MISO,"ENTERGY ARKANSAS, LLC EATO",solar,2020.0,Pope,AR,200.0,1,0.1906986208655015,MISO:2020
MISO,"ENTERGY ARKANSAS, LLC EATO",solar,2020.0,Conway,AR,200.0,1,0.1906986208655015,MISO:2020
MISO,"ENTERGY LOUISIANA, LLC ELTO",solar,2020.0,Washington,LA,100.0,1,0.195046446952458,MISO:2020
MISO,OTHER,storage,2020.0,Hubbard,MN,50.0,0,0.5254241781388196,MISO:2020
MISO,NORTHERN STATES POWER COMPANY,storage,2020.0,Chisago,MN,50.0,0,0.3578539348782361,MISO:2020
MISO,OTHER,storage,2020.0,Olmsted,MN,50.0,0,0.5254241781388196,MISO:2020
MISO,"ENTERGY LOUISIANA, LLC ELTO",solar,2020.0,Washington,LA,100.0,0,0.195046446952458,MISO:2020
MISO,OTHER,solar,2020.0,Leflore,MS,100.0,0,0.5212837571086643,MISO:2020
MISO,"ENTERGY LOUISIANA, LLC ELTO",solar,2020.0,Livingston,LA,268.0,0,0.195046446952458,MISO:2020
MISO,OTHER,solar,2020.0,Morton,ND,200.0,0,0.5212837571086643,MISO:2020
MISO,"ENTERGY LOUISIANA, LLC ELTO",storage,2020.0,Morehouse,LA,0.0,0,0.3993581131512166,MISO:2020
MISO,ITC MIDWEST,solar,2020.0,Franklin,IA,250.0,0,0.39814238455369105,MISO:2020
MISO,"ENTERGY LOUISIANA, LLC ELTO",solar,2020.0,Morehouse,LA,195.0,0,0.195046446952458,MISO:2020
MISO,METC,solar,2020.0,Hillsdale,MI,100.0,0,0.40409084480548635,MISO:2020
MISO,METC,solar,2020.0,Ottawa,MI,200.0,0,0.3999504237753309,MISO:2020
MISO,OTHER,solar,2020.0,Iberia,LA,200.0,0,0.5212837571086643,MISO:2020
MISO,"DUKE ENERGY INDIANA, LLC CIN",solar,2020.0,Lawrence,IN,200.0,0,0.35166880755800967,MISO:2020
MISO,NORTHERN STATES POWER COMPANY,solar,2020.0,Pierce,WI,44.0,0,0.3578539348782361,MISO:2020
MISO,OTHER,solar,2020.0,Wood,WI,100.0,0,0.5212837571086643,MISO:2020
MISO,NORTHERN STATES POWER COMPANY,solar,2020.0,Chisago,MN,26.0,0,0.3578539348782361,MISO:2020
MISO,OTHER,solar,2020.0,Bollinger,MO,200.0,1,0.5212837571086643,MISO:2020
MISO,ITC MIDWEST,solar,2020.0,Rock,MN,200.0,0,0.3999504237753309,MISO:2020
MISO,OTHER,wind,2020.0,Marshall,MN,70.0,1,0.3999504237753309,MISO:2020
MISO,METC,solar,2020.0,Ottawa,MI,100.0,0,0.40409084480548635,MISO:2020
MISO,"ENTERGY LOUISIANA, LLC ELTO",solar,2020.0,Iberville,LA,175.0,1,0.195046446952458,MISO:2020
MISO,"ENTERGY LOUISIANA, LLC ELTO",solar,2020.0,Calcasieu,LA,150.0,0,0.195046446952458,MISO:2020
MISO,ITC MIDWEST,solar,2020.0,Worth,IA,135.0,1,0.5040908448054864,MISO:2020
MISO,OTHER,wind,2020.0,Day,SD,199.5,0,0.38665970045280396,MISO:2020
MISO,"DUKE ENERGY INDIANA, LLC CIN",storage,2020.0,Knox,IN,50.0,0,0.3612337019483434,MISO:2020
MISO,"ENTERGY LOUISIANA, LLC ELTO",solar,2020.0,Calcasieu,LA,200.0,0,0.195046446952458,MISO:2020
MISO,ITC MIDWEST,solar,2020.0,Clinton,IA,125.0,0,0.5254241781388196,MISO:2020
MISO,METC,solar,2020.0,Branch,MI,200.0,1,0.3999504237753309,MISO:2020
MISO,METC,solar,2020.0,Ionia,MI,150.0,0,0.3999504237753309,MISO:2020
MISO,METC,solar_storage,2020.0,Calhoun,MI,499.0,1,0.6834788472878845,MISO:2020
MISO,NORTHERN STATES POWER COMPANY,solar,2020.0,Renville,MN,100.0,0,0.32874390637223894,MISO:2020
MISO,"ENTERGY ARKANSAS, LLC EATO",solar,2020.0,Mississippi,AR,200.0,1,0.1906986208655015,MISO:2020
MISO,"DUKE ENERGY INDIANA, LLC CIN",solar,2020.0,Putnam,IN,200.0,0,0.35166880755800967,MISO:2020
MISO,NORTHERN STATES POWER COMPANY,solar_storage,2020.0,Faribault,MN,150.0,1,0.5781298701298702,MISO:2020
MISO,OTHER,solar,2020.0,Muskegon,MI,100.0,1,0.5212837571086643,MISO:2020
MISO,OTHER,solar,2020.0,Portage,WI,250.0,1,0.5113728008562446,MISO:2020
MISO,"ENTERGY LOUISIANA, LLC ELTO",solar_storage,2020.0,West Carroll,LA,99.0,0,0.41966909715254086,MISO:2020
MISO,OTHER,solar,2020.0,Grant,AR,100.0,1,0.5212837571086643,MISO:2020
MISO,"DUKE ENERGY INDIANA, LLC CIN",solar,2020.0,Bartholomew,IN,200.0,0,0.35166880755800967,MISO:2020
MISO,AMEREN ILLINOIS,solar,2020.0,Edwards,IL,200.0,0,0.5354784041126444,MISO:2020
MISO,OTHER,solar,2020.0,Moniteau,MO,200.0,0,0.5212837571086643,MISO:2020
MISO,AMEREN ILLINOIS,solar,2020.0,Champaign,IL,200.0,0,0.5354784041126444,MISO:2020
MISO,"DUKE ENERGY INDIANA, LLC CIN",solar,2020.0,Henry,IN,125.0,0,0.3537135138480807,MISO:2020
MISO,NORTHERN STATES POWER COMPANY,storage,2020.0,Chippewa,MN,50.0,0,0.3578539348782361,MISO:2020
MISO,"ENTERGY LOUISIANA, LLC ELTO",solar_storage,2020.0,St. Tammany,LA,150.0,0,0.40162410693279177,MISO:2020
MISO,OTHER,solar,2020.0,Shelby,IN,43.0,0,0.5212837571086643,MISO:2020
MISO,"DUKE ENERGY INDIANA, LLC CIN",solar,2020.0,Henry,IN,150.0,0,0.3537135138480807,MISO:2020
MISO,"DUKE ENERGY INDIANA, LLC CIN",solar,2020.0,Lawrence,IN,100.0,0,0.3537135138480807,MISO:2020
MISO,OTHER,solar,2020.0,Henderson,KY,150.0,1,0.5212837571086643,MISO:2020
MISO,OTHER,wind,2020.0,Shelby,IL,300.0,0,0.35191854626454344,MISO:2020
MISO,"DUKE ENERGY INDIANA, LLC CIN",storage,2020.0,Shelby,IN,50.0,0,0.3612337019483434,MISO:2020
MISO,OTHER,solar,2020.0,Columbia,WI,200.0,0,0.5212837571086643,MISO:2020
MISO,OTHER,solar,2020.0,Green,WI,100.0,1,0.5212837571086643,MISO:2020
MISO,OTHER,solar,2020.0,Grant,WI,75.0,0,0.5212837571086643,MISO:2020
MISO,"DUKE ENERGY INDIANA, LLC CIN",storage,2020.0,Cass,IN,65.0,0,0.3612337019483434,MISO:2020
MISO,"DUKE ENERGY INDIANA, LLC CIN",solar,2020.0,Lawrence,IN,200.0,0,0.35166880755800967,MISO:2020
MISO,AMEREN ILLINOIS,solar,2020.0,Fayette,IL,100.0,1,0.5366256918568897,MISO:2020
MISO,OTHER,solar,2020.0,Decatur,IN,145.0,0,0.5212837571086643,MISO:2020
MISO,OTHER,solar,2020.0,Fond du Lac,WI,100.0,0,0.5212837571086643,MISO:2020
MISO,AMEREN ILLINOIS,wind,2020.0,Vermilion,IL,200.0,0,0.5212837571086643,MISO:2020
MISO,"DUKE ENERGY INDIANA, LLC CIN",solar,2020.0,Sullivan,IN,200.0,1,0.35166880755800967,MISO:2020
MISO,"DUKE ENERGY INDIANA, LLC CIN",solar,2020.0,Johnson,IN,288.0,0,0.35166880755800967,MISO:2020
MISO,"ENTERGY ARKANSAS, LLC EATO",solar,2020.0,Lee,AR,300.0,1,0.17224811871342113,MISO:2020
MISO,"DUKE ENERGY INDIANA, LLC CIN",solar,2020.0,Decatur,IN,150.0,0,0.3537135138480807,MISO:2020
MISO,OTHER,solar,2020.0,Waushara,WI,100.0,0,0.5212837571086643,MISO:2020
MISO,OTHER,solar,2020.0,Columbia,WI,99.0,0,0.5212837571086643,MISO:2020
MISO,"DUKE ENERGY INDIANA, LLC CIN",solar,2020.0,Vigo,IN,175.12,0,0.3537135138480807,MISO:2020
MISO,METC,solar,2020.0,Clinton,MI,150.0,0,0.3999504237753309,MISO:2020
MISO,OTHER,solar,2020.0,Green,WI,100.0,0,0.5212837571086643,MISO:2020
MISO,AMEREN ILLINOIS,solar,2020.0,Perry,IL,300.0,1,0.5212837571086643,MISO:2020
MISO,OTHER,wind,2020.0,Macon,IL,147.2,0,0.39657065670522357,MISO:2020
MISO,"DUKE ENERGY INDIANA, LLC CIN",solar,2020.0,Clay,IN,150.0,0,0.3537135138480807,MISO:2020
MISO,"DUKE ENERGY INDIANA, LLC CIN",solar,2020.0,Rush,IN,200.0,0,0.35166880755800967,MISO:2020
MISO,OTHER,wind,2020.0,Clark,SD,200.0,0,0.38665970045280396,MISO:2020
MISO,OTHER,solar,2020.0,Wadena,MN,75.0,0,0.5212837571086643,MISO:2020
MISO,OTHER,solar,2020.0,Pulaski,IN,200.0,0,0.5212837571086643,MISO:2020
MISO,ITC MIDWEST,wind,2020.0,Story,IA,39.0,0,0.400711077735379,MISO:2020
MISO,ITC MIDWEST,wind,2020.0,Hancock,IA,43.0,0,0.400711077735379,MISO:2020
MISO,OTHER,solar,2020.0,Meade,KY,40.0,0,0.5212837571086643,MISO:2020
MISO,"DUKE ENERGY INDIANA, LLC CIN",storage,2020.0,Marion,IN,50.0,0,0.3612337019483434,MISO:2020
MISO,OTHER,solar_storage,2020.0,Iberia,LA,100.0,0,0.7013468013468013,MISO:2020
MISO,NORTHERN STATES POWER COMPANY,solar,2020.0,Sherburne,MN,200.0,1,0.3168851046396913,MISO:2020
MISO,"ENTERGY ARKANSAS, LLC EATO",storage,2020.0,Grant,AR,0.0,1,0.2810754357665602,MISO:2020
MISO,OTHER,solar,2020.0,St. Joseph,MI,125.0,0,0.5212837571086643,MISO:2020
MISO,"ENTERGY ARKANSAS, LLC EATO",solar,2020.0,Pope,AR,200.0,0,0.1906986208655015,MISO:2020
MISO,"ENTERGY LOUISIANA, LLC ELTO",solar,2020.0,St. Martin,LA,100.0,0,0.195046446952458,MISO:2020
MISO,"DUKE ENERGY INDIANA, LLC CIN",solar,2020.0,Fountain,IN,200.0,0,0.35166880755800967,MISO:2020
MISO,OTHER,solar,2020.0,Sangamon,IL,100.0,1,0.5212837571086643,MISO:2020
MISO,"ENTERGY ARKANSAS, LLC EATO",solar,2020.0,Lonoke,AR,100.0,0,0.195046446952458,MISO:2020
MISO,AMEREN ILLINOIS,wind,2020.0,Tazewell,IL,100.0,1,0.5254241781388196,MISO:2020
MISO,ITC MIDWEST,wind,2020.0,Hancock,IA,33.75,0,0.400711077735379,MISO:2020
MISO,OTHER,solar,2020.0,Waushara,WI,100.0,0,0.5212837571086643,MISO:2020
MISO,OTHER,solar,2020.0,Morrison,MN,174.0,1,0.5212837571086643,MISO:2020
MISO,NORTHERN STATES POWER COMPANY,wind,2020.0,Cass,ND,400.0,0,0.195046446952458,MISO:2020
MISO,"DUKE ENERGY INDIANA, LLC CIN",solar,2020.0,Knox,IN,200.0,1,0.35166880755800967,MISO:2020
MISO,AMEREN ILLINOIS,solar,2020.0,Vermilion,IL,200.0,0,0.5354784041126444,MISO:2020
MISO,OTHER,solar,2020.0,Oconto,WI,150.0,1,0.5212837571086643,MISO:2020
MISO,"DUKE ENERGY INDIANA, LLC CIN",solar,2020.0,Bartholomew,IN,100.0,0,0.3537135138480807,MISO:2020
MISO,AMEREN ILLINOIS,solar,2020.0,Fayette,IL,150.0,1,0.5366256918568897,MISO:2020
MISO,OTHER,solar,2020.0,Columbia,WI,200.0,1,0.5212837571086643,MISO:2020
MISO,OTHER,storage,2020.0,Beauregard,LA,0.0,0,0.5901298701298702,MISO:2020
MISO,OTHER,solar,2020.0,Pike,MO,44.0,0,0.5212837571086643,MISO:2020
MISO,OTHER,solar,2020.0,Hinds,MS,200.0,0,0.5212837571086643,MISO:2020
MISO,"ENTERGY LOUISIANA, LLC ELTO",solar,2020.0,Ascension,LA,200.0,0,0.195046446952458,MISO:2020
MISO,OTHER,solar,2020.0,Webster,KY,160.0,1,0.5212837571086643,MISO:2020
MISO,OTHER,solar,2020.0,Henderson,KY,50.0,1,0.5212837571086643,MISO:2020
MISO,NORTHERN STATES POWER COMPANY,solar,2020.0,Chippewa,MN,150.0,0,0.32874390637223894,MISO:2020
MISO,"ENTERGY ARKANSAS, LLC EATO",solar_storage,2020.0,Searcy,AR,10.0,0,0.5260168735733386,MISO:2020
MISO,METC,solar,2020.0,Ingham,MI,100.0,0,0.40409084480548635,MISO:2020
MISO,OTHER,solar,2020.0,Sheridan,ND,100.0,0,0.5212837571086643,MISO:2020
MISO,"DUKE ENERGY INDIANA, LLC CIN",solar,2020.0,Orange,IN,200.0,0,0.35166880755800967,MISO:2020
MISO,OTHER,solar,2020.0,Newton,IN,200.0,0,0.5212837571086643,MISO:2020
MISO,OTHER,wind,2020.0,Clark,WI,200.0,0,0.38665970045280396,MISO:2020
MISO,METC,storage,2020.0,Branch,MI,100.0,1,0.48256703528167677,MISO:2020
MISO,METC,storage,2020.0,Lenawee,MI,100.0,0,0.48256703528167677,MISO:2020
MISO,OTHER,solar,2020.0,Newton,IN,150.0,1,0.5212837571086643,MISO:2020
MISO,METC,solar,2020.0,Genesee,MI,200.0,0,0.3999504237753309,MISO:2020
MISO,AMEREN ILLINOIS,solar_storage,2020.0,Vermilion,IL,412.0,0,0.7081404307039524,MISO:2020
MISO,NORTHERN STATES POWER COMPANY,solar,2020.0,St. Croix,WI,100.0,1,0.32874390637223894,MISO:2020
MISO,OTHER,storage,2020.0,Washtenaw,MI,100.0,1,0.5254241781388196,MISO:2020
MISO,OTHER,solar,2020.0,St. Clair,MI,200.0,1,0.5212837571086643,MISO:2020
MISO,"ENTERGY LOUISIANA, LLC ELTO",solar,2020.0,Iberville,LA,194.0,0,0.195046446952458,MISO:2020
MISO,"ENTERGY ARKANSAS, LLC EATO",solar,2020.0,Union,AR,100.0,1,0.195046446952458,MISO:2020
MISO,METC,solar,2020.0,Muskegon,MI,250.0,1,0.3677084952985329,MISO:2020
MISO,OTHER,wind,2020.0,McPherson,SD,400.0,0,0.34175785130559,MISO:2020
MISO,OTHER,wind,2020.0,White,IN,200.0,0,0.38665970045280396,MISO:2020
MISO,OTHER,solar,2020.0,Caldwell,KY,200.0,0,0.5212837571086643,MISO:2020
MISO,"ENTERGY LOUISIANA, LLC ELTO",solar,2020.0,St. Landry,LA,150.0,1,0.195046446952458,MISO:2020
MISO,OTHER,solar,2020.0,Renville,MN,80.0,0,0.5212837571086643,MISO:2020
MISO,AMEREN ILLINOIS,solar,2020.0,Logan,IL,200.0,0,0.5354784041126444,MISO:2020
MISO,AMEREN ILLINOIS,solar,2020.0,Logan,IL,149.5,1,0.5366256918568897,MISO:2020
MISO,METC,storage,2020.0,Genesee,MI,50.0,0,0.5254241781388196,MISO:2020
MISO,OTHER,storage,2020.0,St. Clair,MI,50.0,0,0.5254241781388196,MISO:2020
MISO,"ENTERGY ARKANSAS, LLC EATO",solar,2020.0,Mississippi,AR,50.0,1,0.195046446952458,MISO:2020
MISO,"ENTERGY LOUISIANA, LLC ELTO",solar_storage,2020.0,St. Tammany,LA,250.0,0,0.3612337019483434,MISO:2020
MISO,METC,wind,2020.0,Ingham,MI,300.0,0,0.35166880755800967,MISO:2020
MISO,OTHER,solar,2020.0,Walker,TX,150.0,1,0.5212837571086643,MISO:2020
MISO,AMEREN ILLINOIS,wind,2020.0,McLean,IL,300.0,0,0.49995042377533094,MISO:2020
MISO,"ENTERGY LOUISIANA, LLC ELTO",solar_storage,2020.0,Ascension,LA,250.0,0,0.3612337019483434,MISO:2020
MISO,"ENTERGY LOUISIANA, LLC ELTO",solar,2020.0,Jefferson Davis,LA,165.0,1,0.195046446952458,MISO:2020
MISO,OTHER,solar,2020.0,Sabine,LA,200.0,1,0.5212837571086643,MISO:2020
MISO,OTHER,wind,2020.0,White,IN,200.0,0,0.38665970045280396,MISO:2020
MISO,OTHER,solar,2020.0,Madison,MS,150.0,0,0.5212837571086643,MISO:2020
MISO,OTHER,solar,2020.0,Beauregard,LA,100.0,0,0.5212837571086643,MISO:2020
MISO,"DUKE ENERGY INDIANA, LLC CIN",solar,2020.0,Knox,IN,150.0,0,0.3537135138480807,MISO:2020
MISO,"DUKE ENERGY INDIANA, LLC CIN",solar,2020.0,Boone,IN,300.0,0,0.35166880755800967,MISO:2020
MISO,OTHER,storage,2020.0,Porter,IN,75.0,0,0.5254241781388196,MISO:2020
MISO,METC,solar,2020.0,Genesee,MI,50.0,0,0.5254241781388196,MISO:2020
MISO,OTHER,solar,2020.0,Lapeer,MI,200.0,0,0.5212837571086643,MISO:2020
MISO,METC,wind,2020.0,Isabella,MI,200.0,0,0.35166880755800967,MISO:2020
MISO,OTHER,solar,2020.0,Hinds,MS,150.0,1,0.5212837571086643,MISO:2020
MISO,OTHER,wind,2020.0,Edgar,IL,250.0,0,0.3801930728974562,MISO:2020
MISO,AMEREN ILLINOIS,solar,2020.0,Macon,IL,180.0,1,0.5366256918568897,MISO:2020
MISO,AMEREN ILLINOIS,solar,2020.0,Clay,IL,125.0,1,0.5366256918568897,MISO:2020
MISO,"DUKE ENERGY INDIANA, LLC CIN",solar,2020.0,Cass,IN,100.0,0,0.3537135138480807,MISO:2020
MISO,OTHER,solar,2020.0,Maries,MO,200.0,0,0.5212837571086643,MISO:2020
MISO,OTHER,solar,2020.0,Rock,WI,75.0,0,0.5212837571086643,MISO:2020
MISO,OTHER,solar,2020.0,St. Landry,LA,145.09,1,0.5212837571086643,MISO:2020
MISO,OTHER,storage,2020.0,Waushara,WI,50.0,0,0.5254241781388196,MISO:2020
MISO,OTHER,gas,2020.0,Dane,WI,320.0,0,0.5212837571086643,MISO:2020
MISO,OTHER,solar,2020.0,Porter,IN,294.1,0,0.5113728008562446,MISO:2020
MISO,AMEREN ILLINOIS,solar,2020.0,De Witt,IL,250.0,1,0.5212837571086643,MISO:2020
MISO,OTHER,storage,2020.0,Madison,IN,100.0,0,0.5254241781388196,MISO:2020
MISO,OTHER,solar,2020.0,Columbia,WI,98.4,1,0.5212837571086643,MISO:2020
MISO,ITC MIDWEST,solar,2020.0,Lee,IA,150.0,1,0.5040908448054864,MISO:2020
MISO,OTHER,solar,2020.0,Dubois,IN,100.0,1,0.5212837571086643,MISO:2020
MISO,OTHER,solar_storage,2020.0,McPherson,SD,20.0,0,0.7272727272727273,MISO:2020
MISO,OTHER,solar,2020.0,Walworth,WI,100.0,0,0.5212837571086643,MISO:2020
MISO,ITC MIDWEST,storage,2020.0,Allamakee,IA,50.0,0,0.5254241781388196,MISO:2020
MISO,OTHER,wind,2020.0,Spencer,IN,200.0,0,0.38665970045280396,MISO:2020
MISO,"DUKE ENERGY INDIANA, LLC CIN",solar,2020.0,Cass,IN,270.0,0,0.35166880755800967,MISO:2020
MISO,"ENTERGY ARKANSAS, LLC EATO",wind,2020.0,Cross,AR,52.0,0,0.17224811871342113,MISO:2020
MISO,AMEREN ILLINOIS,wind,2020.0,Menard,IL,200.0,1,0.5212837571086643,MISO:2020
MISO,OTHER,solar,2020.0,Winnebago,WI,100.0,1,0.5212837571086643,MISO:2020
MISO,OTHER,solar,2020.0,Callaway,MO,300.0,1,0.5113728008562446,MISO:2020
MISO,AMEREN ILLINOIS,gas,2020.0,Macon,IL,340.3,1,0.5254241781388196,MISO:2020
MISO,AMEREN ILLINOIS,wind,2020.0,Shelby,IL,200.0,0,0.5212837571086643,MISO:2020
MISO,"ENTERGY LOUISIANA, LLC ELTO",solar_storage,2020.0,West Baton Rouge,LA,50.0,0,0.45679653679653687,MISO:2020
MISO,OTHER,solar,2020.0,Green,WI,300.0,0,0.5113728008562446,MISO:2020
MISO,AMEREN ILLINOIS,wind,2020.0,Bureau,IL,147.2,1,0.5254241781388196,MISO:2020
MISO,OTHER,solar,2020.0,Columbia,WI,150.0,1,0.5212837571086643,MISO:2020
MISO,OTHER,storage,2020.0,Sabine,LA,0.0,1,0.5901298701298702,MISO:2020
MISO,OTHER,solar,2020.0,Liberty,TX,205.0,1,0.5212837571086643,MISO:2020
MISO,"DUKE ENERGY INDIANA, LLC CIN",solar,2020.0,Tipton,IN,93.2,0,0.3537135138480807,MISO:2020
MISO,OTHER,solar,2020.0,Madison,MS,50.0,1,0.5212837571086643,MISO:2020
MISO,OTHER,wind,2020.0,McHenry,ND,200.0,0,0.38665970045280396,MISO:2020
MISO,OTHER,solar_storage,2020.0,Shelby,IN,309.0,0,0.6857685489997467,MISO:2020
MISO,NORTHERN STATES POWER COMPANY,wind,2020.0,Barnes,ND,42.0,0,0.32907741404774227,MISO:2020
MISO,ITC MIDWEST,wind,2020.0,Hancock,IA,37.0,0,0.400711077735379,MISO:2020
MISO,AMEREN ILLINOIS,wind,2020.0,Vermilion,IL,150.0,0,0.5254241781388196,MISO:2020
MISO,"DUKE ENERGY INDIANA, LLC CIN",wind,2020.0,Warren,IN,50.0,0,0.35166880755800967,MISO:2020
MISO,OTHER,wind,2020.0,Coles,IL,300.0,0,0.35191854626454344,MISO:2020
MISO,NORTHERN STATES POWER COMPANY,wind,2020.0,Barnes,ND,39.0,0,0.32907741404774227,MISO:2020
MISO,ITC MIDWEST,wind,2020.0,Osceola,IA,34.0,0,0.400711077735379,MISO:2020
MISO,OTHER,wind,2020.0,Cavalier,ND,33.0,0,0.5212837571086643,MISO:2020
MISO,"DUKE ENERGY INDIANA, LLC CIN",solar,2020.0,Orange,IN,200.0,0,0.35166880755800967,MISO:2020
MISO,OTHER,solar,2020.0,Iron,MI,22.5,0,0.5254241781388196,MISO:2020
MISO,OTHER,solar,2020.0,Perry,MO,125.0,0,0.5212837571086643,MISO:2020
MISO,OTHER,solar_storage,2020.0,Fallon,MT,20.0,0,0.7272727272727273,MISO:2020
MISO,OTHER,wind,2020.0,Howard,IA,120.0,1,0.39657065670522357,MISO:2020
MISO,AMEREN ILLINOIS,solar,2020.0,Cumberland,IL,197.3,0,0.5362470228100333,MISO:2020
MISO,OTHER,solar,2020.0,White,IN,200.0,1,0.5212837571086643,MISO:2020
MISO,OTHER,wind,2020.0,Lafayette,WI,300.0,1,0.35191854626454344,MISO:2020
MISO,OTHER,solar,2020.0,Calumet,WI,150.0,0,0.5212837571086643,MISO:2020
MISO,OTHER,wind,2020.0,Iowa,WI,300.0,1,0.35191854626454344,MISO:2020
MISO,"DUKE ENERGY INDIANA, LLC CIN",solar,2020.0,Montgomery,IN,200.0,1,0.35166880755800967,MISO:2020
MISO,"DUKE ENERGY INDIANA, LLC CIN",solar,2020.0,Henry,IN,39.0,0,0.4026288423570191,MISO:2020
MISO,"DUKE ENERGY INDIANA, LLC CIN",solar,2020.0,Sullivan,IN,200.0,1,0.35166880755800967,MISO:2020
MISO,"ENTERGY ARKANSAS, LLC EATO",storage,2020.0,Ashley,AR,0.0,0,0.2810754357665602,MISO:2020
MISO,OTHER,storage,2020.0,Hinds,MS,0.0,0,0.5901298701298702,MISO:2020
MISO,OTHER,solar,2020.0,St. Mary,LA,120.0,0,0.5212837571086643,MISO:2020
MISO,OTHER,storage,2020.0,Madison,MS,0.0,0,0.5901298701298702,MISO:2020
MISO,AMEREN ILLINOIS,solar,2020.0,Perry,IL,100.0,1,0.5366256918568897,MISO:2020
MISO,OTHER,solar,2020.0,Houghton,MI,22.5,0,0.5254241781388196,MISO:2020
MISO,"ENTERGY LOUISIANA, LLC ELTO",solar,2020.0,Acadia,LA,100.0,1,0.195046446952458,MISO:2020
MISO,OTHER,solar,2020.0,Kenosha,WI,100.0,1,0.5212837571086643,MISO:2020
MISO,"DUKE ENERGY INDIANA, LLC CIN",solar,2020.0,Montgomery,IN,150.0,0,0.3537135138480807,MISO:2020
MISO,"DUKE ENERGY INDIANA, LLC CIN",solar,2020.0,Montgomery,IN,150.0,0,0.3537135138480807,MISO:2020
MISO,OTHER,solar,2020.0,Evangeline,LA,150.0,0,0.5212837571086643,MISO:2020
MISO,AMEREN ILLINOIS,solar,2020.0,Pulaski,IL,100.0,0,0.5366256918568897,MISO:2020
MISO,"ENTERGY ARKANSAS, LLC EATO",solar,2020.0,Monroe,AR,5.99,0,0.21940763266026497,MISO:2020
MISO,OTHER,solar,2020.0,Sheboygan,WI,75.0,1,0.5212837571086643,MISO:2020
MISO,"DUKE ENERGY INDIANA, LLC CIN",solar,2020.0,Washington,IN,150.0,0,0.3537135138480807,MISO:2020
MISO,ITC MIDWEST,wind,2020.0,Mower,MN,25.0,0,0.400711077735379,MISO:2020
MISO,ITC MIDWEST,wind,2020.0,Story,IA,39.0,0,0.400711077735379,MISO:2020
MISO,"ENTERGY LOUISIANA, LLC ELTO",solar,2020.0,Acadia,LA,150.0,1,0.195046446952458,MISO:2020
MISO,OTHER,gas,2020.0,Wayne,MI,25.0,1,0.5254241781388196,MISO:2020
MISO,OTHER,solar_storage,2020.0,White,IN,60.0,0,0.7013468013468013,MISO:2020
MISO,"ENTERGY ARKANSAS, LLC EATO",solar,2020.0,Independence,AR,150.0,0,0.1950434641417202,MISO:2020
MISO,OTHER,wind,2020.0,Houghton,MI,1.6,0,0.5254241781388196,MISO:2020
MISO,OTHER,solar,2020.0,Dickinson,MI,22.5,1,0.5254241781388196,MISO:2020
MISO,"ENTERGY ARKANSAS, LLC EATO",storage,2020.0,Lee,AR,0.0,1,0.2810754357665602,MISO:2020
MISO,"ENTERGY LOUISIANA, LLC ELTO",solar,2020.0,St. John the Baptist,LA,100.0,0,0.195046446952458,MISO:2020
MISO,"DUKE ENERGY INDIANA, LLC CIN",storage,2020.0,Henry,IN,30.0,0,0.47812867471944315,MISO:2020
MISO,OTHER,solar,2020.0,Barron,WI,200.0,1,0.5212837571086643,MISO:2020
MISO,OTHER,solar,2020.0,Houghton,MI,62.5,0,0.5212837571086643,MISO:2020
MISO,OTHER,wind,2020.0,Chambers,TX,294.25,0,0.3549206475362213,MISO:2020
MISO,OTHER,wind,2020.0,Houghton,MI,20.0,0,0.5254241781388196,MISO:2020
MISO,OTHER,solar,2020.0,Columbia,WI,73.8,1,0.5212837571086643,MISO:2020
MISO,"ENTERGY ARKANSAS, LLC EATO",solar,2020.0,Lee,AR,100.0,1,0.195046446952458,MISO:2020
MISO,"DUKE ENERGY INDIANA, LLC CIN",solar,2020.0,Decatur,IN,100.0,0,0.3537135138480807,MISO:2020
MISO,ITC MIDWEST,wind,2020.0,Franklin,IA,200.0,0,0.32874390637223894,MISO:2020
MISO,AMEREN ILLINOIS,solar_storage,2020.0,Sangamon,IL,99.2,0,0.7272727272727273,MISO:2020
MISO,"DUKE ENERGY INDIANA, LLC CIN",solar,2020.0,Shelby,IN,180.0,0,0.3537135138480807,MISO:2020
MISO,OTHER,solar,2020.0,Marshall,IN,150.0,1,0.5212837571086643,MISO:2020
MISO,OTHER,solar,2020.0,Lafayette,LA,80.0,1,0.5212837571086643,MISO:2020
MISO,"ENTERGY ARKANSAS, LLC EATO",storage,2020.0,Lee,AR,0.0,1,0.2810754357665602,MISO:2020
MISO,OTHER,solar,2020.0,Houghton,MI,62.5,0,0.5212837571086643,MISO:2020
MISO,AMEREN ILLINOIS,solar_storage,2020.0,Pulaski,IL,200.0,0,0.7272727272727273,MISO:2020
MISO,OTHER,solar,2020.0,DeSoto,MS,100.0,1,0.5212837571086643,MISO:2020
MISO,NAN,unknown,2020.0,,AR,10.0,1,0.07692967692967692,MISO:2020
MISO,NAN,unknown,2020.0,,IN,7.5,1,0.07692967692967692,MISO:2020
MISO,NAN,unknown,2020.0,,IN,30.0,1,0.07692967692967692,MISO:2020
MISO,NAN,unknown,2020.0,,MI,70.0,0,0.07692967692967692,MISO:2020
MISO,OTHER,unknown,2020.0,Manitowoc,,11.4,0,0.3048906048906049,MISO:2020
MISO,OTHER,unknown,2020.0,Otter Tail,,49.9,1,0.2010084292907334,MISO:2020
MISO,OTHER,unknown,2020.0,De Soto Parish,,330.0,1,0.18078766461308182,MISO:2020
MISO,OTHER,unknown,2020.0,Orange,,1166.0,1,0.13634322016863737,MISO:2020
MISO,OTHER,unknown,2020.0,White,IN,55.0,0,0.2010084292907334,MISO:2020
NYISO,NM-NG,solar,2020.0,St. Lawrence,NY,20.0,0,0.10459348527998413,NYISO:2020
NYISO,OTHER,storage,2020.0,Ulster,NY,6.0,0,0.15126015194665082,NYISO:2020
NYISO,OTHER,storage,2020.0,Ulster,NY,6.0,0,0.15126015194665082,NYISO:2020
NYISO,NM-NG,solar,2020.0,Schoharie,NY,20.0,0,0.10459348527998413,NYISO:2020
NYISO,LIPA,storage,2020.0,Suffolk,NY,297.9,0,0.10354085370103676,NYISO:2020
NYISO,OTHER,storage,2020.0,Orange,NY,80.0,0,0.13634322016863737,NYISO:2020
NYISO,NM-NG,storage,2020.0,Herkimer,NY,20.0,0,0.12224054410351355,NYISO:2020
NYISO,OTHER,storage,2020.0,Ulster,NY,10.0,0,0.1406910462555939,NYISO:2020
NYISO,NYSEG,storage,2020.0,Dutchess,NY,6.6,0,0.1424613087811651,NYISO:2020
NYISO,NAN,hydro,2020.0,Kings,NY,550.0,0,0.06767038544012946,NYISO:2020
NYISO,NYSEG,storage,2020.0,Erie,NY,8.0,0,0.12224054410351355,NYISO:2020
NYISO,NYSEG,storage,2020.0,Dutchess,NY,6.0,0,0.1424613087811651,NYISO:2020
NYISO,LIPA,storage,2020.0,Suffolk,NY,50.0,0,0.10354085370103676,NYISO:2020
NYISO,NYSEG,storage,2020.0,Lancaster,NY,8.0,0,0.12224054410351355,NYISO:2020
NYISO,OTHER,storage,2020.0,Monroe,NY,8.0,0,0.1406910462555939,NYISO:2020
NYISO,OTHER,storage,2020.0,Ontario,NY,6.0,0,0.15126015194665082,NYISO:2020
NYISO,NYSEG,storage,2020.0,Putnam,NY,6.0,0,0.1424613087811651,NYISO:2020
NYISO,NYSEG,storage,2020.0,Erie,NY,8.0,0,0.12224054410351355,NYISO:2020
NYISO,NYSEG,storage,2020.0,Dutchess,NY,6.0,0,0.1424613087811651,NYISO:2020
NYISO,NYSEG,storage,2020.0,Westchester County,NY,7.0,0,0.1424613087811651,NYISO:2020
NYISO,OTHER,storage,2020.0,Ontario,NY,6.0,0,0.15126015194665082,NYISO:2020
NYISO,OTHER,storage,2020.0,Ontario,NY,6.0,0,0.15126015194665082,NYISO:2020
NYISO,OTHER,storage,2020.0,Monroe,NY,10.0,0,0.1406910462555939,NYISO:2020
NYISO,LIPA,storage,2020.0,Suffolk,NY,90.0,0,0.10354085370103676,NYISO:2020
NYISO,NM-NG,solar,2020.0,Cattaraugus,NY,20.0,0,0.10459348527998413,NYISO:2020
NYISO,OTHER,storage,2020.0,Orange,NY,20.0,0,0.1406910462555939,NYISO:2020
NYISO,OTHER,storage,2020.0,Orange,NY,20.0,0,0.1406910462555939,NYISO:2020
NYISO,LIPA,storage,2020.0,Suffolk,NY,79.7,0,0.10354085370103676,NYISO:2020
NYISO,OTHER,transmission,2020.0,Onondaga-NY,NY,1250.0,0,0.11789271801655703,NYISO:2020
NYISO,OTHER,storage,2020.0,Orange,NY,20.0,0,0.1406910462555939,NYISO:2020
NYISO,NYSEG,unknown,2020.0,Sullivan,NY,300.0,0,0.0674058674058674,NYISO:2020
NYISO,LIPA,storage,2020.0,Suffolk,NY,51.5,0,0.10354085370103676,NYISO:2020
NYISO,CONED,storage,2020.0,Kings,NY,79.9,0,0.09411729480379366,NYISO:2020
NYISO,LIPA,storage,2020.0,Suffolk,NY,60.0,0,0.10354085370103676,NYISO:2020
NYISO,NYPA,wind,2020.0,Nassau,NY,1403.0,0,0.09411729480379366,NYISO:2020
NYISO,LIPA,wind,2020.0,Suffolk,NY,1403.0,0,0.08976946871683714,NYISO:2020
NYISO,LIPA,storage,2020.0,Suffolk,NY,76.8,0,0.10354085370103676,NYISO:2020
NYISO,OTHER,transmission,2020.0,Orange,NY,168.0,0,0.1365308145221893,NYISO:2020
NYISO,NM-NG,storage,2020.0,Chautauqua,NY,20.0,0,0.12224054410351355,NYISO:2020
NYISO,CONED,wind,2020.0,Queens,NY,1300.0,0,0.08976946871683714,NYISO:2020
NYISO,CONED,wind,2020.0,Queens,NY,1300.0,0,0.08976946871683714,NYISO:2020
NYISO,OTHER,unknown,2020.0,Columbia,NY,20.0,0,0.07692967692967692,NYISO:2020
NYISO,NM-NG,unknown,2020.0,Montgomery,NY,20.0,0,0.0882657093183409,NYISO:2020
NYISO,LIPA,wind,2020.0,Suffolk,NY,1300.0,0,0.08976946871683714,NYISO:2020
NYISO,LIPA,wind,2020.0,Suffolk,NY,1300.0,0,0.08976946871683714,NYISO:2020
NYISO,LIPA,wind,2020.0,Nassau,NY,1300.0,0,0.08976946871683714,NYISO:2020
NYISO,LIPA,storage,2020.0,Suffolk,NY,50.0,0,0.10354085370103676,NYISO:2020
NYISO,CONED,hydro,2020.0,Westchester,NY,300.0,0,0.21812731986645031,NYISO:2020
NYISO,CONED,hydro,2020.0,Westchester,NY,300.0,0,0.21812731986645031,NYISO:2020
NYISO,NYSEG,solar,2020.0,Steuben,NY,20.0,0,0.12481424995763571,NYISO:2020
NYISO,NM-NG,unknown,2020.0,Rensselaer,NY,20.0,0,0.0882657093183409,NYISO:2020
NYISO,NM-NG,storage,2020.0,Hamilton,NY,20.0,0,0.12224054410351355,NYISO:2020
NYISO,NM-NG,unknown,2020.0,Rensselaer,NY,20.0,0,0.0882657093183409,NYISO:2020
NYISO,NM-NG,solar,2020.0,Fulton,NY,20.0,0,0.10459348527998413,NYISO:2020
NYISO,OTHER,storage,2020.0,Orange,NY,20.0,0,0.1406910462555939,NYISO:2020
NYISO,OTHER,storage,2020.0,Ulster,NY,20.0,0,0.1406910462555939,NYISO:2020
NYISO,OTHER,storage,2020.0,Orange,NY,20.0,0,0.1406910462555939,NYISO:2020
NYISO,NM-NG,solar,2020.0,Washington,NY,20.0,0,0.10459348527998413,NYISO:2020
NYISO,NYSEG,storage,2020.0,Tioga,PA,130.0,0,0.10354085370103676,NYISO:2020
NYISO,NM-NG,solar,2020.0,Schenectady,NY,20.0,0,0.10459348527998413,NYISO:2020
NYISO,NYPA,storage,2020.0,St. Lawrence,NY,200.0,0,0.10354085370103676,NYISO:2020
NYISO,NYSEG,unknown,2020.0,Tompkins,NY,150.0,0,0.0674058674058674,NYISO:2020
NYISO,NM-NG,solar,2020.0,Washington,NY,100.0,0,0.10354085370103676,NYISO:2020
NYISO,NM-NG,solar,2020.0,Chautauqua,NY,19.8,0,0.10459348527998413,NYISO:2020
NYISO,NM-NG,solar,2020.0,Genesee,NY,19.9,0,0.10459348527998413,NYISO:2020
NYISO,LIPA,wind,2020.0,Suffolk,NY,1050.0,0,0.08976946871683714,NYISO:2020
NYISO,LIPA,storage,2020.0,Nassau,NY,200.0,0,0.10354085370103676,NYISO:2020
NYISO,NYSEG,solar,2020.0,Seneca,NY,300.0,0,0.10354085370103676,NYISO:2020
NYISO,LIPA,storage,2020.0,Suffolk,NY,150.0,0,0.10354085370103676,NYISO:2020
NYISO,LIPA,storage,2020.0,Suffolk,NY,150.0,0,0.10354085370103676,NYISO:2020
NYISO,NM-NG,solar,2020.0,Genesee,NY,20.0,0,0.10459348527998413,NYISO:2020
NYISO,NM-NG,solar,2020.0,Madison,NY,20.0,0,0.10459348527998413,NYISO:2020
NYISO,CONED,hydro,2020.0,NY,NY,144.0,0,0.2357743786899797,NYISO:2020
NYISO,CONED,storage,2020.0,Westchester,NY,83.0,0,0.09411729480379366,NYISO:2020
NYISO,NYSEG,solar,2020.0,Steuben,NY,120.0,0,0.10354085370103676,NYISO:2020
NYISO,LIPA,wind,2020.0,Nassau,NY,1272.0,0,0.08976946871683714,NYISO:2020
NYISO,LIPA,wind,2020.0,Nassau,NY,1325.0,0,0.08976946871683714,NYISO:2020
NYISO,LIPA,wind,2020.0,Suffolk,NY,1276.0,0,0.08976946871683714,NYISO:2020
NYISO,NM-NG,solar,2020.0,Oswego,NY,16.2,0,0.10459348527998413,NYISO:2020
NYISO,NYSEG,solar,2020.0,Cayuga,NY,16.8,0,0.12481424995763571,NYISO:2020
NYISO,NM-NG,solar,2020.0,St. Lawrence,NY,19.8,0,0.10459348527998413,NYISO:2020
NYISO,NM-NG,solar,2020.0,Jefferson,NY,19.8,0,0.10459348527998413,NYISO:2020
NYISO,NM-NG,solar,2020.0,Jefferson,NY,19.8,0,0.10459348527998413,NYISO:2020
NYISO,OTHER,solar,2020.0,Wayne,NY,19.8,0,0.1406910462555939,NYISO:2020
NYISO,OTHER,solar,2020.0,Wayne,NY,19.9,0,0.1406910462555939,NYISO:2020
NYISO,CONED,wind,2020.0,Bronx,NY,1272.0,0,0.08976946871683714,NYISO:2020
NYISO,OTHER,storage,2020.0,Ulster,NY,20.0,0,0.1406910462555939,NYISO:2020
NYISO,CONED,storage,2020.0,Westchester,NY,300.0,0,0.08976946871683714,NYISO:2020
NYISO,NM-NG,solar,2020.0,St. Lawrence,NY,24.0,0,0.10459348527998413,NYISO:2020
NYISO,NYSEG,solar,2020.0,Tompkins,NY,19.9,0,0.12481424995763571,NYISO:2020
NYISO,NYPA,solar,2020.0,Sullivan,NY,19.9,0,0.24683982683982686,NYISO:2020
NYISO,NM-NG,solar,2020.0,Seneca,NY,19.9,0,0.10459348527998413,NYISO:2020
NYISO,NYSEG,solar,2020.0,Clinton,NY,19.8,0,0.12481424995763571,NYISO:2020
NYISO,NM-NG,solar,2020.0,Jefferson,NY,80.0,0,0.10354085370103676,NYISO:2020
NYISO,NM-NG,solar,2020.0,St. Lawrence,NY,46.0,0,0.10354085370103676,NYISO:2020
NYISO,OTHER,solar,2020.0,Orange,NY,15.0,0,0.1406910462555939,NYISO:2020
NYISO,NM-NG,solar,2020.0,Jefferson,NY,110.0,0,0.10354085370103676,NYISO:2020
NYISO,NYSEG,solar,2020.0,Tompkins,NY,207.0,0,0.10354085370103676,NYISO:2020
NYISO,LIPA,storage,2020.0,Suffolk,NY,45.0,0,0.10354085370103676,NYISO:2020
NYISO,NYSEG,solar,2020.0,Tioga,NY,19.6,0,0.12481424995763571,NYISO:2020
NYISO,CONED,storage,2020.0,Bronx,NY,300.0,0,0.08976946871683714,NYISO:2020
NYISO,LIPA,storage,2020.0,Nassau,NY,300.0,0,0.10354085370103676,NYISO:2020
NYISO,LIPA,storage,2020.0,Nassau,NY,500.0,0,0.09411729480379366,NYISO:2020
NYISO,CONED,storage,2020.0,Westchester,NY,500.0,0,0.08976946871683714,NYISO:2020
NYISO,NYPA,wind,2020.0,Nassau & Kings,NY,1200.0,0,0.09411729480379366,NYISO:2020
NYISO,NYSEG,unknown,2020.0,Cayuga,NY,200.0,0,0.0674058674058674,NYISO:2020
NYISO,NYPA,solar,2020.0,Montgomery,NY,200.0,0,0.12376161837868833,NYISO:2020
NYISO,NM-NG,solar,2020.0,Oneida,NY,20.0,0,0.10459348527998413,NYISO:2020
NYISO,NM-NG,solar,2020.0,Schoharie,NY,20.0,0,0.10459348527998413,NYISO:2020
NYISO,OTHER,solar,2020.0,Livingston,NY,20.0,0,0.1406910462555939,NYISO:2020
NYISO,OTHER,transmission,2020.0,Oneida,NY,1300.0,0,0.11789271801655703,NYISO:2020
NYISO,NM-NG,solar,2020.0,St. Lawrence,NY,20.0,0,0.10459348527998413,NYISO:2020
NYISO,NM-NG,solar,2020.0,Chautauqua,NY,20.0,0,0.10459348527998413,NYISO:2020
NYISO,NYSEG,unknown,2020.0,Allegany,NY,100.0,0,0.0674058674058674,NYISO:2020
NYISO,LIPA,storage,2020.0,Nassau,NY,125.0,0,0.10354085370103676,NYISO:2020
NYISO,NM-NG,solar,2020.0,Chatauqua,NY,20.0,0,0.10459348527998413,NYISO:2020
NYISO,NYSEG,solar,2020.0,Madison,NY,20.0,0,0.12481424995763571,NYISO:2020
NYISO,OTHER,solar,2020.0,Rensselaer,NY,20.0,0,0.1406910462555939,NYISO:2020
NYISO,NM-NG,storage,2020.0,Warren,NY,20.0,0,0.12224054410351355,NYISO:2020
NYISO,NYSEG,unknown,2020.0,Steuben,NY,20.0,0,0.08976946871683714,NYISO:2020
NYISO,NM-NG,solar,2020.0,Jefferson,NY,110.0,0,0.10354085370103676,NYISO:2020
NYISO,NM-NG,storage,2020.0,Monroe,NY,20.0,0,0.12224054410351355,NYISO:2020
NYISO,OTHER,storage,2020.0,Allegany,NY,10.0,0,0.1406910462555939,NYISO:2020
NYISO,CONED,storage,2020.0,Westchester,NY,300.0,0,0.08976946871683714,NYISO:2020
NYISO,OTHER,solar,2020.0,Franklin,NY,106.9,0,0.13634322016863737,NYISO:2020
NYISO,NM-NG,wind,2020.0,Jefferson,NY,92.0,0,0.08976946871683714,NYISO:2020
NYISO,OTHER,storage,2020.0,Ulster,NY,20.0,0,0.1406910462555939,NYISO:2020
NYISO,OTHER,storage,2020.0,Ulster,NY,20.0,0,0.1406910462555939,NYISO:2020
NYISO,LIPA,storage,2020.0,Suffolk,NY,10.0,0,0.12224054410351355,NYISO:2020
NYISO,LIPA,storage,2020.0,Suffolk,NY,50.0,0,0.10354085370103676,NYISO:2020
NYISO,NYPA,solar,2020.0,Montgomery,NY,100.0,0,0.12376161837868833,NYISO:2020
NYISO,NYSEG,wind,2020.0,Madison,NY,27.0,0,0.10354085370103676,NYISO:2020
NYISO,NM-NG,solar,2020.0,Lewis,NY,19.0,0,0.10459348527998413,NYISO:2020
NYISO,OTHER,storage,2020.0,Orange,NY,20.0,0,0.1406910462555939,NYISO:2020
NYISO,OTHER,transmission,2020.0,Greene/Queens,NY,1200.0,0,0.11789271801655703,NYISO:2020
NYISO,CONED,transmission,2020.0,PJM/Queens,NY,1200.0,0,0.08976946871683714,NYISO:2020
NYISO,NAN,wind,2020.0,Otsego,NY,18.0,0,0.046160446160446164,NYISO:2020
NYISO,OTHER,transmission,2020.0,St. Lawrence-Lewis,NY,0.0,1,0.2647939865331169,NYISO:2020
CAISO,PGAE,storage,2023.0,FRESNO,CA,44.0,0,0.19364702443974874,CAISO:2023
CAISO,SCE,storage,2023.0,SAN BERNARDINO,CA,250.0,0,0.1596481198936152,CAISO:2023
CAISO,SCE,storage,2023.0,LOS ANGELES,CA,250.0,0,0.1596481198936152,CAISO:2023
CAISO,SCE,storage,2023.0,SAN BERNARDINO,CA,120.0,0,0.17581353342744976,CAISO:2023
ISONE,CMP,hybrid_multi,2023.0,Cumberland,ME,3.99,0,0.3578027720607562,ISONE:2023
ISONE,CMP,solar,2023.0,Cumberland,ME,4.97,0,0.3578027720607562,ISONE:2023
ISONE,CMP,solar,2023.0,Cumberland,ME,4.98,0,0.3578027720607562,ISONE:2023
ISONE,CMP,solar,2023.0,Cumberland,ME,1.99,0,0.36797226358617996,ISONE:2023
ISONE,CMP,solar,2023.0,York,ME,4.95,0,0.3578027720607562,ISONE:2023
ISONE,CMP,solar,2023.0,York,ME,4.5,0,0.3586656323047837,ISONE:2023
ISONE,NAN,storage,2023.0,Hampden,MA,50.0,0,0.1346150315547906,ISONE:2023
ISONE,NAN,storage,2023.0,Bristol,MA,9.998,0,0.15244852256708957,ISONE:2023
ISONE,NAN,storage,2023.0,Middlesex,MA,5.0,0,0.19364702443974874,ISONE:2023
ISONE,NAN,solar_storage,2023.0,Essex,MA,4.998,0,0.21233024023987643,ISONE:2023
ISONE,NAN,storage,2023.0,Essex,MA,9.982,0,0.15244852256708957,ISONE:2023
ISONE,NAN,storage,2023.0,Hampden,MA,202.07,0,0.118449618020956,ISONE:2023
ISONE,NAN,storage,2023.0,Providence,RI,108.0,0,0.118449618020956,ISONE:2023
ISONE,NAN,storage,2023.0,New Haven,CT,134.7,0,0.118449618020956,ISONE:2023
ISONE,NAN,storage,2023.0,Hartford,CT,237.6,0,0.118449618020956,ISONE:2023
ISONE,NAN,storage,2023.0,Worcester,MA,190.0,0,0.118449618020956,ISONE:2023
ISONE,NAN,storage,2023.0,Plymouth,MA,76.0,0,0.118449618020956,ISONE:2023
ISONE,NAN,storage,2023.0,Worcester,MA,69.4,0,0.118449618020956,ISONE:2023
ISONE,CMP,solar,2023.0,Kennebec/Somerset,ME,20.97,0,0.3578027720607562,ISONE:2023
ISONE,CMP,solar_storage,2023.0,Kennebec,ME,18.61,0,0.37519492076210537,ISONE:2023
ISONE,NAN,wind,2023.0,Caledonia,VT,0.0,0,0.15325094366523048,ISONE:2023
ISONE,NAN,solar,2023.0,Plymouth,MA,8.0,0,0.15325094366523048,ISONE:2023
ISONE,NAN,storage,2023.0,Norfolk,MA,115.0,0,0.118449618020956,ISONE:2023
ISONE,NAN,storage,2023.0,Rockingham,NH,1.498,0,0.19364702443974874,ISONE:2023
ISONE,NAN,storage,2023.0,Bristol,MA,350.0,0,0.118449618020956,ISONE:2023
ISONE,CMP,solar,2023.0,Lincoln,ME,3.43,0,0.36797226358617996,ISONE:2023
ISONE,CMP,solar,2023.0,Lincoln,ME,4.95,0,0.3578027720607562,ISONE:2023
ISONE,CMP,solar,2023.0,Lincoln,ME,3.94,0,0.3635648077440386,ISONE:2023
ISONE,CMP,solar,2023.0,Waldo/Sagadahoc,ME,1.98,0,0.36797226358617996,ISONE:2023
ISONE,CMP,solar,2023.0,Knox,ME,2.0,0,0.36797226358617996,ISONE:2023
ISONE,CMP,solar,2023.0,Cumberland/Kennedbec/Sagadahoc/Lincoln,ME,11.65,0,0.3578027720607562,ISONE:2023
ISONE,CMP,solar,2023.0,Lincoln,ME,2.88,0,0.36797226358617996,ISONE:2023
ISONE,NAN,storage,2023.0,Worcester,MA,151.286,0,0.118449618020956,ISONE:2023
ISONE,NAN,wind,2023.0,,MA,1309.0,0,0.08772062161690239,ISONE:2023
ISONE,CMP,solar,2023.0,Oxford,ME,1.623,0,0.36797226358617996,ISONE:2023
ISONE,CMP,solar,2023.0,Franklin,ME,4.99,0,0.3578027720607562,ISONE:2023
ISONE,CMP,solar,2023.0,Oxford,ME,1.999,0,0.36797226358617996,ISONE:2023
ISONE,CMP,solar,2023.0,Androscoggin,ME,4.999,0,0.3578027720607562,ISONE:2023
ISONE,CMP,solar,2023.0,Cumberland,ME,9.949,0,0.3578027720607562,ISONE:2023
ISONE,NAN,solar,2023.0,Somerset,ME,51.5,0,0.1346150315547906,ISONE:2023
ISONE,NAN,storage,2023.0,Norfolk,MA,250.0,0,0.118449618020956,ISONE:2023
ISONE,NAN,storage,2023.0,Rockingham,NH,200.0,0,0.118449618020956,ISONE:2023
ISONE,NAN,storage,2023.0,Bristol,MA,151.576,0,0.118449618020956,ISONE:2023
ISONE,NAN,storage,2023.0,Hampden,MA,103.0,0,0.118449618020956,ISONE:2023
ISONE,NAN,storage,2023.0,Hampden,MA,151.556,0,0.118449618020956,ISONE:2023
ISONE,NAN,storage,2023.0,Hampshire,MA,151.306,0,0.118449618020956,ISONE:2023
ISONE,NAN,solar,2023.0,York,ME,15.58,0,0.15325094366523048,ISONE:2023
ISONE,NAN,storage,2023.0,New London,CT,103.32,0,0.118449618020956,ISONE:2023
ISONE,NAN,storage,2023.0,New London,CT,300.0,0,0.118449618020956,ISONE:2023
ISONE,NAN,unknown,2023.0,New London,CT,1200.0,0,0.07621167021025278,ISONE:2023
ISONE,NAN,storage,2023.0,Franklin,MA,160.0,0,0.118449618020956,ISONE:2023
ISONE,NAN,storage,2023.0,Hampden,MA,100.0,0,0.118449618020956,ISONE:2023
ISONE,NAN,storage,2023.0,New London,CT,256.53,0,0.118449618020956,ISONE:2023
ISONE,NAN,storage,2023.0,Hartford,CT,7.0,0,0.19364702443974874,ISONE:2023
ISONE,NAN,storage,2023.0,Bristol,MA,237.545,0,0.118449618020956,ISONE:2023
ISONE,NAN,wind,2023.0,Aroostook,ME,197.4,0,0.09760204454180357,ISONE:2023
ISONE,NAN,storage,2023.0,Bristol,MA,528.75,0,0.118449618020956,ISONE:2023
ISONE,NAN,storage,2023.0,Hampden,MA,151.596,0,0.118449618020956,ISONE:2023
ISONE,NAN,storage,2023.0,Worcester,MA,41.2,0,0.1346150315547906,ISONE:2023
ISONE,NAN,storage,2023.0,Worcester,MA,121.6,0,0.118449618020956,ISONE:2023
ISONE,NAN,storage,2023.0,Hartford,CT,326.0,0,0.118449618020956,ISONE:2023
ISONE,NAN,storage,2023.0,Bristol,MA,175.67,0,0.118449618020956,ISONE:2023
ISONE,NAN,storage,2023.0,New London,CT,175.097,0,0.118449618020956,ISONE:2023
ISONE,NAN,storage,2023.0,Bristol,MA,108.7,0,0.118449618020956,ISONE:2023
ISONE,NAN,storage,2023.0,Providence,RI,108.7,0,0.118449618020956,ISONE:2023
ISONE,NAN,storage,2023.0,Windham,CT,300.0,0,0.118449618020956,ISONE:2023
ISONE,NAN,storage,2023.0,Hampshire,MA,196.0,0,0.118449618020956,ISONE:2023
ISONE,NAN,storage,2023.0,Worcester,MA,261.9,0,0.118449618020956,ISONE:2023
ISONE,NAN,unmapped,2023.0,Hampden,MA,4.1,0,0.19689997952249105,ISONE:2023
ISONE,NAN,solar_storage,2023.0,Hampden,MA,4.04,0,0.21233024023987643,ISONE:2023
ISONE,NAN,unknown,2023.0,Middlesex,MA,1200.0,0,0.07621167021025278,ISONE:2023
ISONE,NAN,storage,2023.0,Hampshire,MA,2.0,0,0.19364702443974874,ISONE:2023
ISONE,NAN,storage,2023.0,Franklin,MA,4.99,0,0.19364702443974874,ISONE:2023
ISONE,NAN,solar_storage,2023.0,Berkshire,MA,4.0,0,0.21233024023987643,ISONE:2023
ISONE,NAN,solar_storage,2023.0,Hampshire,MA,28.936,0,0.19444944553788968,ISONE:2023
ISONE,NAN,solar_storage,2023.0,Berkshire,MA,9.15,0,0.19444944553788968,ISONE:2023
ISONE,NAN,solar_storage,2023.0,Hampden,MA,7.0,0,0.20648529196611123,ISONE:2023
ISONE,NAN,solar_storage,2023.0,Franklin,MA,2.2,0,0.3046112826990541,ISONE:2023
ISONE,NAN,storage,2023.0,Middlesex,CT,304.72,0,0.118449618020956,ISONE:2023
ISONE,NAN,storage,2023.0,Hampden,MA,171.6,0,0.118449618020956,ISONE:2023
ISONE,NAN,unknown,2023.0,Bristol,MA,,0,0.07621167021025278,ISONE:2023
ISONE,NAN,storage,2023.0,Hartford,CT,101.97,0,0.118449618020956,ISONE:2023
ISONE,NAN,storage,2023.0,Hampden,MA,92.438,0,0.118449618020956,ISONE:2023
ISONE,NAN,storage,2023.0,Worcester,MA,101.97,0,0.118449618020956,ISONE:2023
ISONE,NAN,storage,2023.0,Worcester,MA,100.24,0,0.118449618020956,ISONE:2023
ISONE,NAN,storage,2023.0,Providence,RI,101.97,0,0.118449618020956,ISONE:2023
ISONE,NAN,storage,2023.0,Hampshire,MA,20.0,0,0.15244852256708957,ISONE:2023
ISONE,NAN,storage,2023.0,Middlesex,CT,0.0,0,0.19364702443974874,ISONE:2023
ISONE,NAN,gas,2023.0,Fairfield,CT,233.0,0,0.1346150315547906,ISONE:2023
ISONE,NAN,storage,2023.0,New Haven,CT,53.74,0,0.1346150315547906,ISONE:2023
ISONE,NAN,wind,2023.0,Washington,ME,0.0,1,0.15325094366523048,ISONE:2023
ISONE,NAN,wind,2023.0,Hancock,ME,0.0,0,0.15325094366523048,ISONE:2023
ISONE,NAN,wind,2023.0,Washington,ME,0.0,1,0.15325094366523048,ISONE:2023
ISONE,NAN,wind,2023.0,Penobscot,ME,0.0,1,0.15325094366523048,ISONE:2023
ISONE,NAN,unknown,2023.0,Plymouth,MA,,0,0.07621167021025278,ISONE:2023
ISONE,NAN,storage,2023.0,Berkshire,MA,100.0,0,0.118449618020956,ISONE:2023
ISONE,NAN,storage,2023.0,Worcester,MA,200.0,0,0.118449618020956,ISONE:2023
ISONE,NAN,storage,2023.0,Worcester,MA,300.0,0,0.118449618020956,ISONE:2023
ISONE,ISO-NE,solar_storage,2023.0,Penoboscot,ME,139.0,0,0.3533049051426069,ISONE:2023
ISONE,ISO-NE,wind,2023.0,,MA,0.0,1,0.3578027720607562,ISONE:2023
ISONE,ISO-NE,unknown,2023.0,Grafton,NH,1200.0,0,0.13880054641446277,ISONE:2023
ISONE,NAN,unmapped,2023.0,Hartford,CT,0.0,1,0.23898035777308207,ISONE:2023
ISONE,NAN,solar,2023.0,Aroostook,ME,218.4,0,0.118449618020956,ISONE:2023
ISONE,NAN,storage,2023.0,Windsor,VT,105.0,0,0.118449618020956,ISONE:2023
ISONE,NAN,storage,2023.0,Windsor,VT,180.0,0,0.118449618020956,ISONE:2023
ISONE,NAN,storage,2023.0,New Haven,CT,325.7,0,0.118449618020956,ISONE:2023
ISONE,NAN,wind,2023.0,Aroostook,ME,217.0,0,0.09760204454180357,ISONE:2023
ISONE,NAN,storage,2023.0,Merrimack,NH,226.0,0,0.118449618020956,ISONE:2023
ISONE,NAN,storage,2023.0,Norfolk,MA,140.48,0,0.118449618020956,ISONE:2023
ISONE,NAN,unknown,2023.0,Lincoln,ME,,0,0.07621167021025278,ISONE:2023
ISONE,NAN,unknown,2023.0,Somerset /Lincoln,ME,,0,0.07621167021025278,ISONE:2023
ISONE,NAN,unknown,2023.0,Aroostook/Somerset,ME,1200.0,0,0.07621167021025278,ISONE:2023
ISONE,CMP,solar,2023.0,Somerset,ME,1.992,0,0.36797226358617996,ISONE:2023
ISONE,NAN,storage,2023.0,Essex,MA,240.8,0,0.118449618020956,ISONE:2023
ISONE,NAN,storage,2023.0,Bristol,MA,271.4,0,0.118449618020956,ISONE:2023
ISONE,NAN,storage,2023.0,Fairfield,CT,200.84,0,0.118449618020956,ISONE:2023
ISONE,NAN,storage,2023.0,Rockingham,NH,401.68,0,0.118449618020956,ISONE:2023
ISONE,NAN,storage,2023.0,Hampden,MA,301.26,0,0.118449618020956,ISONE:2023
ISONE,NAN,storage,2023.0,Norfolk,MA,301.26,0,0.118449618020956,ISONE:2023
ISONE,NAN,wind,2023.0,,MA,882.0,0,0.09004762712823124,ISONE:2023
ISONE,NAN,storage,2023.0,Middlesex,CT,10.0,0,0.15244852256708957,ISONE:2023
ISONE,NAN,unmapped,2023.0,Hartford,CT,1.84,0,0.20463692342964773,ISONE:2023
ISONE,NAN,storage,2023.0,Hartford,CT,100.0,0,0.118449618020956,ISONE:2023
ISONE,NAN,wind,2023.0,,MA,38.8,0,0.118449618020956,ISONE:2023
ISONE,NAN,storage,2023.0,New Haven,CT,136.32,0,0.118449618020956,ISONE:2023
ISONE,NAN,storage,2023.0,Middlesex,CT,289.29,0,0.118449618020956,ISONE:2023
ISONE,NAN,storage,2023.0,New London,CT,289.29,0,0.118449618020956,ISONE:2023
ISONE,NAN,storage,2023.0,New Haven,CT,262.68,0,0.118449618020956,ISONE:2023
ISONE,NAN,storage,2023.0,Fairfield,CT,156.24,0,0.118449618020956,ISONE:2023
ISONE,NAN,unknown,2023.0,,RI,1200.0,0,0.07621167021025278,ISONE:2023
ISONE,NAN,solar_storage,2023.0,Hartford,CT,5.2,0,0.21233024023987643,ISONE:2023
ISONE,NAN,storage,2023.0,Middlesex,CT,5.057,0,0.19364702443974874,ISONE:2023
ISONE,NAN,solar_storage,2023.0,Hartford,CT,18.77,0,0.19444944553788968,ISONE:2023
ISONE,NAN,storage,2023.0,Hartford,CT,196.468,0,0.118449618020956,ISONE:2023
ISONE,NAN,storage,2023.0,New London,CT,75.0,0,0.118449618020956,ISONE:2023
MISO,AMEREN ILLINOIS,solar,2023.0,Coles,IL,164.0,0,0.4096034951945553,MISO:2023
MISO,"ENTERGY LOUISIANA, LLC ELTO",solar_storage,2023.0,Tangipahoa,LA,120.0,1,0.2700264979013677,MISO:2023
MISO,AMEREN ILLINOIS,storage,2023.0,Perry,IL,50.0,0,0.41667349333046433,MISO:2023
MISO,"ENTERGY LOUISIANA, LLC ELTO",solar,2023.0,Calcasieu,LA,325.0,1,0.24500124534527584,MISO:2023
MISO,OTHER,solar,2023.0,Starke,IN,200.0,1,0.4096034951945553,MISO:2023
MISO,OTHER,solar,2023.0,Madison,MS,150.0,0,0.4096034951945553,MISO:2023
MISO,OTHER,solar,2023.0,Panola,MS,120.0,0,0.4096034951945553,MISO:2023
MISO,OTHER,solar_storage,2023.0,Pulaski,IN,33.0,0,0.5502293601691193,MISO:2023
MISO,OTHER,solar,2023.0,Grant,LA,125.0,0,0.4096034951945553,MISO:2023
MISO,"DUKE ENERGY INDIANA, LLC CIN",storage,2023.0,Howard,IN,190.0,0,0.2417482902625335,MISO:2023
MISO,OTHER,unknown,2023.0,Dubois,IN,50.0,1,0.22042939128719694,MISO:2023
MISO,AMEREN ILLINOIS,unknown,2023.0,Ford,IL,135.0,1,0.2318657925053679,MISO:2023
MISO,NAN,unknown,2023.0,,,0.0,1,0.15485428629315584,MISO:2023
MISO,NAN,unknown,2023.0,,,0.0,1,0.15485428629315584,MISO:2023
MISO,NAN,unknown,2023.0,,,100.0,0,0.10847526726301163,MISO:2023
MISO,NAN,unknown,2023.0,,,0.0,0,0.15485428629315584,MISO:2023
MISO,NAN,unknown,2023.0,,,0.0,1,0.15485428629315584,MISO:2023
MISO,NAN,unknown,2023.0,Massac,,0.0,1,0.15485428629315584,MISO:2023
MISO,NORTHERN STATES POWER COMPANY,unknown,2023.0,Benton,,100.0,1,0.1564858023350128,MISO:2023
MISO,ITC MIDWEST,unknown,2023.0,Des Moines,,31.0,0,0.22042939128719694,MISO:2023
MISO,METC,unknown,2023.0,Wayne,,220.0,1,0.16238620962004963,MISO:2023
MISO,METC,unknown,2023.0,Ottawa,,749.0,1,0.1596481198936152,MISO:2023
MISO,OTHER,unknown,2023.0,Ouachita,,49.0,1,0.22816633519435361,MISO:2023
MISO,AMEREN ILLINOIS,unknown,2023.0,Logan,IL,40.0,1,0.2704213006506574,MISO:2023
MISO,ITC MIDWEST,unknown,2023.0,Allamakee,,180.0,0,0.183979952756462,MISO:2023
MISO,OTHER,unknown,2023.0,Codington,SD,120.0,1,0.22042939128719694,MISO:2023
MISO,OTHER,unknown,2023.0,Emmons,ND,170.0,1,0.202595900274898,MISO:2023
NYISO,NYPA,unknown,2023.0,Sullivan,NY,200.0,0,0.11152781914173548,NYISO:2023
NYISO,OTHER,storage,2023.0,Orange,NY,150.0,0,0.13124612900089042,NYISO:2023
NYISO,NM-NG,solar,2023.0,Oswego,NY,24.9,0,0.12972154458770252,NYISO:2023
NYISO,LIPA,unknown,2023.0,Suffolk County,NY,1400.0,0,0.0703293172690763,NYISO:2023
NYISO,CONED,unknown,2023.0,The Bronx,NY,1400.0,0,0.0703293172690763,NYISO:2023
NYISO,LIPA,storage,2023.0,Suffolk,NY,300.0,0,0.11741017208291196,NYISO:2023
NYISO,LIPA,storage,2023.0,Suffolk County,NY,100.0,0,0.11741017208291196,NYISO:2023
NYISO,CONED,storage,2023.0,Rockland,NY,500.0,0,0.11741017208291196,NYISO:2023
NYISO,NYSEG,storage,2023.0,Niagara,NY,0.0,0,0.13375881166844786,NYISO:2023
NYISO,NYSEG,solar,2023.0,Tompkins,NY,100.0,0,0.1182125931810529,NYISO:2023
NYISO,CONED,storage,2023.0,Rockland,NY,500.0,0,0.11741017208291196,NYISO:2023
NYISO,CONED,storage,2023.0,Bronx,NY,255.0,0,0.11741017208291196,NYISO:2023
NYISO,OTHER,solar,2023.0,Orange,NY,20.0,0,0.1596481198936152,NYISO:2023
NYISO,CONED,storage,2023.0,Queens,NY,50.0,0,0.11741017208291196,NYISO:2023
NYISO,CONED,storage,2023.0,Queens,NY,50.0,0,0.11741017208291196,NYISO:2023
NYISO,CONED,storage,2023.0,Kings,NY,270.0,0,0.11741017208291196,NYISO:2023
NYISO,NM-NG,solar,2023.0,Washington,NY,100.0,0,0.11741017208291196,NYISO:2023
NYISO,NM-NG,solar,2023.0,Oneida,NY,130.0,0,0.11741017208291196,NYISO:2023
NYISO,NM-NG,unknown,2023.0,Monroe,NY,21.0,0,0.11722649706420114,NYISO:2023
NYISO,NYSEG,storage,2023.0,Cattaraugus,NY,20.0,0,0.12891912348956155,NYISO:2023
NYISO,OTHER,storage,2023.0,Allegany,NY,20.0,0,0.1596481198936152,NYISO:2023
NYISO,NGRID,solar,2023.0,Fulton,NY,40.0,0,0.12891912348956155,NYISO:2023
NYISO,NM-NG,unknown,2023.0,Herkimer,NY,83.2,0,0.08477514200788902,NYISO:2023
NYISO,NM-NG,storage,2023.0,Onondaga,NY,165.0,0,0.11741017208291196,NYISO:2023
NYISO,OTHER,storage,2023.0,Orange County,NY,5.0,0,0.1596481198936152,NYISO:2023
NYISO,NM-NG,unknown,2023.0,Albany,NY,0.0,0,0.11741017208291196,NYISO:2023
NYISO,NYSEG,storage,2023.0,Sullivan,NY,250.0,0,0.11741017208291196,NYISO:2023
NYISO,NYSEG,storage,2023.0,Sullivan,NY,250.0,0,0.11741017208291196,NYISO:2023
NYISO,CONED,transmission,2023.0,Westchester,NY,0.0,0,0.1439462895602059,NYISO:2023
NYISO,NYSEG,storage,2023.0,Erie,NY,17.3,0,0.12891912348956155,NYISO:2023
NYISO,NYPA,storage,2023.0,Lewis,NY,79.0,0,0.12532092259001135,NYISO:2023
NYISO,NM-NG,storage,2023.0,Onondaga,NY,79.0,0,0.11741017208291196,NYISO:2023
NYISO,OTHER,storage,2023.0,Orange County,NY,20.0,0,0.1596481198936152,NYISO:2023
NYISO,NM-NG,storage,2023.0,Albany,NY,1350.0,0,0.11741017208291196,NYISO:2023
NYISO,LIPA,storage,2023.0,Suffolk,NY,20.0,0,0.12532092259001135,NYISO:2023
NYISO,NM-NG,storage,2023.0,Erie,NY,20.0,0,0.12891912348956155,NYISO:2023
NYISO,NYSEG,storage,2023.0,Erie,NY,20.0,0,0.12891912348956155,NYISO:2023
NYISO,NYSEG,storage,2023.0,Schuyler,NY,2.0,0,0.13204855009903135,NYISO:2023
NYISO,NYSEG,storage,2023.0,Delaware,NY,19.7,0,0.12891912348956155,NYISO:2023
NYISO,CONED,wind,2023.0,Brooklyn,NY,1310.0,0,0.07577868811917897,NYISO:2023
NYISO,CONED,wind,2023.0,Brooklyn,NY,2620.0,0,0.0703293172690763,NYISO:2023
NYISO,OTHER,solar,2023.0,Oswego,NY,250.0,0,0.13124612900089042,NYISO:2023
NYISO,CONED,storage,2023.0,Richmond,NY,180.0,0,0.11741017208291196,NYISO:2023
NYISO,LIPA,storage,2023.0,Suffolk,NY,400.0,0,0.11741017208291196,NYISO:2023
NYISO,LIPA,storage,2023.0,Suffolk,NY,100.0,0,0.11741017208291196,NYISO:2023
NYISO,LIPA,storage,2023.0,Suffolk,NY,400.0,0,0.11741017208291196,NYISO:2023
NYISO,NYSEG,wind,2023.0,Madison,NY,79.8,0,0.11741017208291196,NYISO:2023
NYISO,NM-NG,storage,2023.0,Greene,NY,200.0,0,0.11741017208291196,NYISO:2023
NYISO,NM-NG,wind,2023.0,Allegany,NY,200.0,0,0.11741017208291196,NYISO:2023
NYISO,NM-NG,unknown,2023.0,Cortland,NY,250.0,0,0.0703293172690763,NYISO:2023
NYISO,NM-NG,storage,2023.0,Oneida,NY,150.0,0,0.11741017208291196,NYISO:2023
NYISO,NYPA,unknown,2023.0,Sullivan,NY,60.0,0,0.11297042060452973,NYISO:2023
NYISO,CONED,storage,2023.0,Hudson County,NJ,600.0,0,0.11741017208291196,NYISO:2023
NYISO,NYPA,storage,2023.0,Bronx,NY,245.0,0,0.11741017208291196,NYISO:2023
NYISO,CONED,storage,2023.0,Queens,NY,255.0,0,0.11741017208291196,NYISO:2023
NYISO,NYPA,storage,2023.0,Montgomery,NY,300.0,0,0.11741017208291196,NYISO:2023
NYISO,LIPA,storage,2023.0,Suffolk,NY,140.0,0,0.11741017208291196,NYISO:2023
NYISO,NYSEG,unknown,2023.0,Yates,NY,131.7,0,0.11152781914173548,NYISO:2023
NYISO,NM-NG,unknown,2023.0,Chautauqua,NY,151.8,0,0.0703293172690763,NYISO:2023
NYISO,OTHER,storage,2023.0,Orange,NY,100.0,0,0.1329563905703069,NYISO:2023
NYISO,OTHER,storage,2023.0,Orange,NY,250.0,0,0.12891912348956155,NYISO:2023
NYISO,OTHER,transmission,2023.0,Sullivan and Queens,NY,1310.0,0,0.12891912348956155,NYISO:2023
NYISO,NM-NG,solar,2023.0,St. Lawrence,NY,140.0,0,0.11741017208291196,NYISO:2023
NYISO,CONED,transmission,2023.0,Kings County,NY,0.0,0,0.1439462895602059,NYISO:2023
NYISO,CONED,transmission,2023.0,Kings County,NY,0.0,0,0.1439462895602059,NYISO:2023
NYISO,NYSEG,transmission,2023.0,Livingston,NY,0.0,0,0.21744725395476214,NYISO:2023
NYISO,CONED,storage,2023.0,Queens,NY,200.0,0,0.11741017208291196,NYISO:2023
NYISO,LIPA,storage,2023.0,Suffolk County,NY,59.0,0,0.11741017208291196,NYISO:2023
NYISO,OTHER,storage,2023.0,Ulster County,NY,80.0,0,0.1329563905703069,NYISO:2023
NYISO,OTHER,storage,2023.0,Orange County,NY,180.0,0,0.12891912348956155,NYISO:2023
NYISO,NM-NG,storage,2023.0,Onondaga,NY,200.0,0,0.11741017208291196,NYISO:2023
NYISO,NYSEG,solar,2023.0,Yates,NJ,18.4,0,0.12972154458770252,NYISO:2023
NYISO,LIPA,storage,2023.0,Suffolk,NY,200.0,0,0.11741017208291196,NYISO:2023
NYISO,NM-NG,solar,2023.0,Onondaga,NY,200.0,0,0.11741017208291196,NYISO:2023
NYISO,NYSEG,storage,2023.0,Erie,NY,17.1,0,0.12891912348956155,NYISO:2023
NYISO,NYSEG,unknown,2023.0,Erie,NY,20.0,0,0.11663313341652246,NYISO:2023
NYISO,OTHER,storage,2023.0,Ulster,NY,250.0,0,0.12891912348956155,NYISO:2023
NYISO,NM-NG,storage,2023.0,Onondaga,NY,0.0,0,0.1396029675126037,NYISO:2023
NYISO,NM-NG,storage,2023.0,Saratoga,NY,0.0,0,0.1396029675126037,NYISO:2023
NYISO,NYSEG,wind,2023.0,Cayuga,NY,79.3,0,0.11741017208291196,NYISO:2023
NYISO,NYSEG,solar,2023.0,Jefferson,PA,400.0,0,0.11741017208291196,NYISO:2023
NYISO,NYSEG,storage,2023.0,Tompkins,NY,200.0,0,0.11741017208291196,NYISO:2023
NYISO,NM-NG,storage,2023.0,Chautauqua,NY,170.0,0,0.11741017208291196,NYISO:2023
NYISO,OTHER,storage,2023.0,Niagara,NY,230.0,0,0.12891912348956155,NYISO:2023
NYISO,NYSEG,unknown,2023.0,Tompkins,NY,14.5,0,0.11741017208291196,NYISO:2023
NYISO,NM-NG,storage,2023.0,Monroe,NY,250.0,0,0.11741017208291196,NYISO:2023
NYISO,NM-NG,storage,2023.0,Onondaga,NY,202.3,0,0.11741017208291196,NYISO:2023
NYISO,NM-NG,unknown,2023.0,Allegany,NY,20.0,0,0.11741017208291196,NYISO:2023
NYISO,NYPA,storage,2023.0,Nassau,NY,200.0,0,0.11741017208291196,NYISO:2023
NYISO,NM-NG,storage,2023.0,Albany,NY,181.4,0,0.11741017208291196,NYISO:2023
NYISO,NYSEG,solar,2023.0,Yates,NY,100.0,0,0.1182125931810529,NYISO:2023
NYISO,NYSEG,solar,2023.0,Yates,NY,100.0,0,0.1182125931810529,NYISO:2023
NYISO,NYSEG,storage,2023.0,Yates,NY,100.0,0,0.11741017208291196,NYISO:2023
NYISO,NYSEG,storage,2023.0,Yates,NY,100.0,0,0.11741017208291196,NYISO:2023
NYISO,NYSEG,storage,2023.0,Cayuga,NY,0.0,0,0.13375881166844786,NYISO:2023
NYISO,CONED,storage,2023.0,Rockland,NY,500.0,0,0.11741017208291196,NYISO:2023
NYISO,NYSEG,solar,2023.0,Tioga,NY,0.0,0,0.17063801888351418,NYISO:2023
NYISO,NYSEG,solar,2023.0,Tioga,NY,0.0,0,0.17063801888351418,NYISO:2023
NYISO,CONED,storage,2023.0,Queens,NY,255.0,0,0.11741017208291196,NYISO:2023
NYISO,OTHER,storage,2023.0,Montgomery,NY,400.0,0,0.12891912348956155,NYISO:2023
NYISO,NM-NG,storage,2023.0,Montgomery,NY,400.0,0,0.11741017208291196,NYISO:2023
NYISO,NM-NG,storage,2023.0,Onondaga,NY,101.1,0,0.11741017208291196,NYISO:2023
NYISO,NYPA,solar,2023.0,Franklin,NY,100.0,0,0.1261233436881523,NYISO:2023
NYISO,NM-NG,unknown,2023.0,Herkimer,NY,206.7,0,0.0703293172690763,NYISO:2023
NYISO,CONED,storage,2023.0,USA,NY,11.6,0,0.11741017208291196,NYISO:2023
NYISO,NYSEG,storage,2023.0,Niagara,NY,200.0,0,0.11741017208291196,NYISO:2023
NYISO,CONED,wind,2023.0,Brooklyn County,NY,1310.0,0,0.07577868811917897,NYISO:2023
NYISO,CONED,wind,2023.0,Kings County,NY,1310.0,0,0.07577868811917897,NYISO:2023
NYISO,CONED,wind,2023.0,Richmond,NY,1310.0,0,0.07577868811917897,NYISO:2023
NYISO,NYPA,wind,2023.0,Nassau,NY,1381.8,0,0.11741017208291196,NYISO:2023
NYISO,CONED,wind,2023.0,Richmond,NY,1310.0,0,0.07577868811917897,NYISO:2023
NYISO,OTHER,storage,2023.0,Columbia,NY,250.0,0,0.12891912348956155,NYISO:2023
NYISO,LIPA,storage,2023.0,Suffolk,NY,140.0,0,0.11741017208291196,NYISO:2023
NYISO,OTHER,unknown,2023.0,Albany,NY,0.0,0,0.11741017208291196,NYISO:2023
NYISO,NYSEG,storage,2023.0,Schuyler,NY,2.0,0,0.13204855009903135,NYISO:2023
NYISO,CONED,storage,2023.0,Rockland,NY,500.0,0,0.11741017208291196,NYISO:2023
NYISO,NYSEG,storage,2023.0,Tompkins,NY,20.0,0,0.12891912348956155,NYISO:2023
NYISO,NM-NG,storage,2023.0,Essex,NY,50.0,0,0.11741017208291196,NYISO:2023
NYISO,NM-NG,storage,2023.0,Greene,NY,200.0,0,0.11741017208291196,NYISO:2023
NYISO,NYSEG,storage,2023.0,Clinton,DE,19.9,0,0.12891912348956155,NYISO:2023
NYISO,NYSEG,storage,2023.0,Clinton,NY,120.0,0,0.11741017208291196,NYISO:2023
NYISO,NYPA,storage,2023.0,Clinton,NY,160.0,0,0.11741017208291196,NYISO:2023
NYISO,CONED,storage,2023.0,Westchester,NY,200.0,0,0.11741017208291196,NYISO:2023
NYISO,CONED,transmission,2023.0,Kings,NY,1200.0,0,0.11741017208291196,NYISO:2023
NYISO,CONED,transmission,2023.0,Kings,NY,1500.0,0,0.11741017208291196,NYISO:2023
NYISO,OTHER,unknown,2023.0,Rockland,NY,0.0,0,0.11741017208291196,NYISO:2023
NYISO,NM-NG,storage,2023.0,Albany,NY,1350.0,0,0.11741017208291196,NYISO:2023
NYISO,NYSEG,storage,2023.0,Clearfield,PA,400.0,0,0.11741017208291196,NYISO:2023
NYISO,NYPA,solar,2023.0,Clinton,NY,19.9,0,0.13990902247946058,NYISO:2023
NYISO,NM-NG,storage,2023.0,Franklin,NY,80.0,0,0.11741017208291196,NYISO:2023
NYISO,NM-NG,storage,2023.0,Fulton,NY,35.0,0,0.12532092259001135,NYISO:2023
NYISO,NM-NG,storage,2023.0,Albany,NY,120.0,0,0.11741017208291196,NYISO:2023
NYISO,NM-NG,storage,2023.0,Chautauqua,NY,85.0,0,0.11741017208291196,NYISO:2023
NYISO,OTHER,unknown,2023.0,Orange,NY,20.0,0,0.07621167021025278,NYISO:2023
NYISO,NYSEG,solar,2023.0,Tompkins,NY,20.0,0,0.12972154458770252,NYISO:2023
NYISO,OTHER,storage,2023.0,Queens,NY,79.9,0,0.1329563905703069,NYISO:2023
NYISO,CONED,wind,2023.0,Queens,NY,1310.0,0,0.07577868811917897,NYISO:2023
NYISO,CONED,wind,2023.0,Brooklyn,NY,1364.5,0,0.0753755280632543,NYISO:2023
NYISO,NYSEG,solar,2023.0,Ontario,NY,150.0,0,0.11741017208291196,NYISO:2023
NYISO,NM-NG,storage,2023.0,St. Lawrence,NY,80.0,0,0.11741017208291196,NYISO:2023
NYISO,NM-NG,wind,2023.0,Mckean County,PA,300.0,0,0.11741017208291196,NYISO:2023
NYISO,NM-NG,wind,2023.0,Mckean County,PA,300.0,0,0.11741017208291196,NYISO:2023
NYISO,NM-NG,storage,2023.0,Mckean County,PA,400.0,0,0.11741017208291196,NYISO:2023
NYISO,NM-NG,storage,2023.0,Lewis,NY,130.0,0,0.11741017208291196,NYISO:2023
NYISO,NM-NG,storage,2023.0,Oswego,NY,200.0,0,0.11741017208291196,NYISO:2023
NYISO,NYSEG,storage,2023.0,Sullivan,NY,300.0,0,0.11741017208291196,NYISO:2023
NYISO,LIPA,wind,2023.0,Nassau,NY,1310.0,0,0.11741017208291196,NYISO:2023
NYISO,NYPA,storage,2023.0,Lewis,NY,500.0,0,0.11741017208291196,NYISO:2023
NYISO,NYPA,solar,2023.0,Ostego,NY,350.0,0,0.1182125931810529,NYISO:2023
NYISO,NM-NG,storage,2023.0,Lewis,NY,500.0,0,0.11741017208291196,NYISO:2023
NYISO,OTHER,storage,2023.0,Ulster,NY,150.0,0,0.13124612900089042,NYISO:2023
NYISO,OTHER,storage,2023.0,Greene,NY,100.0,0,0.1329563905703069,NYISO:2023
NYISO,OTHER,solar,2023.0,Monroe,NY,150.0,0,0.1329563905703069,NYISO:2023
NYISO,NYPA,storage,2023.0,Clinton,NY,150.0,0,0.11741017208291196,NYISO:2023
NYISO,NM-NG,unknown,2023.0,Essex,NY,20.0,0,0.11741017208291196,NYISO:2023
