Queue ID,Project Name,Interconnecting Entity,County,State,Interconnection Location,Transmission Owner,Generation Type,Capacity (MW),Summer Capacity (MW),Winter Capacity (MW),Queue Date,Status,Proposed Completion Date,Withdrawn Date,Withdrawal Comment,Actual Completion Date,facilityType,Post Generator Interconnection Agreement Status,Interconnection Approval Date,inService,giaToExec,studyCycle,studyGroup,studyPhase,svcType,dp1ErisMw,dp1NrisMw,dp2ErisMw,dp2NrisMw,sisPhase1
J4179,,,,,,AMERICAN TRANSMISSION COMPANY,,735.0,735.0,735.0,2025-10-07T20:34:28+00:00,Active,,,,,,,,2030-01-02T05:00:00+00:00,,DPP-2026,East (ATC),,NRIS,0.0,0.0,0.0,0.0,
J4184,,,,,,AMERICAN TRANSMISSION COMPANY,,755.0,755.0,755.0,2025-10-07T20:25:22+00:00,Active,,,,,,,,2030-02-01T05:00:00+00:00,,DPP-2026,East (ATC),,NRIS,0.0,0.0,0.0,0.0,
J4182,,,,,,"ENTERGY ARKANSAS, LLC",,0.0,0.0,0.0,2025-10-08T00:37:52+00:00,Active,,,,,,,,2028-11-01T04:00:00+00:00,,ERAS Study Cycle 2,South,,NRIS,0.0,0.0,0.0,0.0,
J4176,,,,,,"ENTERGY MISSISSIPPI, LLC.",,1750.0,1750.0,1750.0,2025-10-06T23:46:01+00:00,Withdrawn,,2026-01-02T05:00:00+00:00,,,,,,2028-09-01T04:00:00+00:00,,DPP-2025,South,Phase 1,NRIS,0.0,0.0,0.0,0.0,
J4183,,,,,,"ENTERGY MISSISSIPPI, LLC.",,99.9,99.9,99.9,2025-10-07T01:41:17+00:00,Active,,,,,,,,2027-04-28T04:00:00+00:00,,DPP-2025,South,Phase 1,NRIS,23.0,23.0,0.0,0.0,
J4180,,,,,,NORTHERN STATES POWER COMPANY,,755.0,755.0,755.0,2025-10-07T20:00:44+00:00,Active,,,,,,,,2030-01-02T05:00:00+00:00,,DPP-2026,West,,NRIS,0.0,0.0,0.0,0.0,
J4186,,,,,,"ENTERGY LOUISIANA, LLC",,1540.0,1540.0,1540.0,2025-10-07T19:20:31+00:00,Withdrawn,,2026-07-01T04:00:00+00:00,,,,,,2029-09-01T04:00:00+00:00,,DPP-2026,South,,NRIS,0.0,0.0,0.0,0.0,
J4177,,,,,,AMERICAN TRANSMISSION COMPANY,,735.0,735.0,735.0,2025-10-07T23:07:23+00:00,Active,,,,,,,,2030-01-02T05:00:00+00:00,,DPP-2026,East (ATC),,NRIS,0.0,0.0,0.0,0.0,
J3834,,,Gibson,IN,Gibson Sta - Francisco 345.0kV,"DUKE ENERGY INDIANA, LLC CIN",Battery Storage,300.0,300.0,300.0,2024-09-19T04:00:00+00:00,Withdrawn,,2026-04-14T04:00:00+00:00,,,Battery Storage,,,2026-10-01T04:00:00+00:00,,DPP-2025,Central,Phase 1,NRIS,0.0,0.0,0.0,0.0,
J3463,,,Jefferson,MS,LORMAN SS (CE) - FAYETTE 115.0kV,"ENTERGY MISSISSIPPI, LLC. EMTO",Solar,100.0,100.0,100.0,2024-04-18T04:00:00+00:00,Withdrawn,,2025-06-09T04:00:00+00:00,,,Photovoltaic,,,2026-10-01T04:00:00+00:00,,DPP-2023,South,Study Not Started,NRIS,0.0,0.0,0.0,0.0,
J4187,,,,,,NORTHERN STATES POWER COMPANY,,755.0,755.0,755.0,2025-10-07T20:12:47+00:00,Active,,,,,,,,2030-01-02T05:00:00+00:00,,DPP-2026,West,,NRIS,0.0,0.0,0.0,0.0,
J4185,,,,,,"ENTERGY LOUISIANA, LLC",,755.0,755.0,755.0,2025-10-07T19:50:56+00:00,Active,,,,,,,,2030-01-02T05:00:00+00:00,,DPP-2026,South,,NRIS,0.0,0.0,0.0,0.0,
J3464,,,Story,IA,Fernald,ITC MIDWEST,Solar,200.0,200.0,200.0,2024-04-16T04:00:00+00:00,Active,,,,,Photovoltaic,,,2028-06-30T04:00:00+00:00,,DPP-2023,West,Study Not Started,NRIS,200.0,0.0,0.0,0.0,
J4175,,,,,,"ENTERGY LOUISIANA, LLC",,770.0,770.0,770.0,2025-10-07T19:08:44+00:00,Active,,,,,,,,2029-09-01T04:00:00+00:00,,DPP-2026,South,,NRIS,0.0,0.0,0.0,0.0,
J4181,,,,,,MINNESOTA POWER INC.,,755.0,755.0,755.0,2025-10-07T20:21:33+00:00,Withdrawn,,2026-04-28T04:00:00+00:00,,,,,,2030-02-01T05:00:00+00:00,,DPP-2026,West,,NRIS,0.0,0.0,0.0,0.0,
J4146,,,,,,"ENTERGY MISSISSIPPI, LLC.",,0.0,0.0,0.0,2025-09-06T01:17:28+00:00,Active,2028-08-04T04:00:00+00:00,,,,,Not Started,,2028-08-04T04:00:00+00:00,,0MW GIA,NA,,NRIS,0.0,0.0,0.0,0.0,
J3485,,,Huron,MI,RAPSON,ITC,Battery Storage,100.0,100.0,100.0,2024-04-16T04:00:00+00:00,Active,,,,,Battery Storage,,,2028-09-15T04:00:00+00:00,,DPP-2023,East (ITC),Study Not Started,NRIS,100.0,100.0,0.0,0.0,
J3483,,,Champaign,IL,4RANTOUL  - 4RISING   138.0kV,AMEREN ILLINOIS,Wind,137.4,137.4,137.4,2024-04-16T04:00:00+00:00,Withdrawn,,2024-09-03T04:00:00+00:00,,,Wind Turbine,Not Started,,2027-03-01T05:00:00+00:00,,DPP-2023,Central,Study Not Started,NRIS,0.0,0.0,0.0,0.0,
J3833,,,Cass,ND,Buffalo 115 kV,OTTER TAIL POWER COMPANY OTP,Wind,200.0,200.0,200.0,2024-10-01T04:00:00+00:00,Active,,,,,Wind Turbine,,,2028-09-01T04:00:00+00:00,,DPP-2025,West,Phase 1,NRIS,200.0,200.0,0.0,0.0,
J3487,,,Vermillion,IN,CAYUGA 345,"DUKE ENERGY INDIANA, LLC CIN",Solar,400.0,400.0,400.0,2024-04-16T04:00:00+00:00,Withdrawn,,2025-12-23T05:00:00+00:00,,,Photovoltaic,,,2028-09-30T04:00:00+00:00,,DPP-2023,Central,Study Not Started,NRIS,0.0,0.0,0.0,0.0,
J3462,,,Tama,IA,Dysart - Traer 161kV,ITC MIDWEST,Solar,187.0,187.0,187.0,2024-04-17T04:00:00+00:00,Withdrawn,,2025-06-04T04:00:00+00:00,,,Photovoltaic,,,2028-05-01T04:00:00+00:00,,DPP-2023,West,Study Not Started,NRIS,0.0,0.0,0.0,0.0,
J3461,,,Muscatine,IA,SUB 56 - SUB 89 161.0kV,MIDAMERICAN ENERGY CO. MEC,Solar,156.0,156.0,156.0,2024-04-17T04:00:00+00:00,Active,,,,,Photovoltaic,,,2028-05-01T04:00:00+00:00,,DPP-2023,West,Study Not Started,NRIS,156.0,156.0,0.0,0.0,
J4178,,,,,,"ENTERGY LOUISIANA, LLC",,755.0,755.0,755.0,2025-10-07T19:42:02+00:00,Active,,,,,,,,2030-01-02T05:00:00+00:00,,DPP-2026,South,,NRIS,0.0,0.0,0.0,0.0,
J3831,,,Madison,IN,Noblesville (Duke) - Fall Creek (AEP/PJM) 345.0kV,INDIANAPOLIS POWER & LIGHT COMPANY,Hybrid,240.0,215.0,240.0,2024-10-08T04:00:00+00:00,Withdrawn,,2025-12-22T05:00:00+00:00,,,Combustion Turbine (Simple Cycle),,,2029-06-01T04:00:00+00:00,,DPP-2025,Central,Phase 1,NRIS,0.0,0.0,0.0,0.0,
J3482,,,McLean,IL,Other_,AMEREN ILLINOIS,Solar,350.0,350.0,350.0,2024-04-16T04:00:00+00:00,Withdrawn,,2025-12-23T05:00:00+00:00,,,Photovoltaic,,,2028-09-30T04:00:00+00:00,,DPP-2023,Central,Study Not Started,ERIS,0.0,0.0,0.0,0.0,
J3484,,,Union,AR,EL DORADO EHV - SAREPTA 345/115 SS 345.0kV,"ENTERGY ARKANSAS, LLC EATO",Solar,200.0,200.0,200.0,2024-04-12T04:00:00+00:00,Withdrawn,,2025-12-23T05:00:00+00:00,,,Photovoltaic,,,2027-02-28T05:00:00+00:00,,DPP-2023,South,Study Not Started,ERIS,0.0,0.0,0.0,0.0,
J3832,,,Macomb,MI,Lenox 120kV Substation (Bus #264749),ITC,Battery Storage,200.0,200.0,200.0,2024-07-30T04:00:00+00:00,Withdrawn,,2025-12-22T05:00:00+00:00,,,Battery Storage,,,2028-04-05T04:00:00+00:00,,DPP-2025,East (ITC),Phase 1,NRIS,0.0,0.0,0.0,0.0,
J3486,,,Muskegon,MI,Rogers 138 kV Substation,WOLVERINE POWER SUPPLY COOPERATIVE,Battery Storage,200.0,200.0,200.0,2024-04-15T04:00:00+00:00,Withdrawn,,2025-09-25T04:00:00+00:00,,,Battery Storage,,,2028-06-01T04:00:00+00:00,,DPP-2023,East (ITC),Study Not Started,NRIS,0.0,0.0,0.0,0.0,
J3490,,,Caldwell,KY,Caldwell County,BIG RIVERS ELECTRIC CORPORATION BREC,Battery Storage,200.0,200.0,200.0,2024-03-21T04:00:00+00:00,Withdrawn,,2025-12-23T05:00:00+00:00,,,Battery Storage,,,2027-09-01T04:00:00+00:00,,DPP-2023,Central,Study Not Started,NRIS,0.0,0.0,0.0,0.0,
J3491,,,Posey,IN,AB Brown 345 - Gibson (Duke Terminal) 345.0kV,SOUTHERN INDIANA GAS & ELECTRIC COMPANY D/B/A CENTERPOINT ENERGY INDIANA SOUTH,Solar,45.0,45.0,45.0,2024-04-16T04:00:00+00:00,Withdrawn,,2025-04-11T04:00:00+00:00,,,Photovoltaic,,,2028-09-30T04:00:00+00:00,,DPP-2023,Central,Study Not Started,NRIS,0.0,0.0,0.0,0.0,
J3488,,,Vermillion,IN,CAYUGA 345,"DUKE ENERGY INDIANA, LLC CIN",Battery Storage,400.0,400.0,400.0,2024-04-16T04:00:00+00:00,Withdrawn,,2025-09-24T04:00:00+00:00,,,Battery Storage,,,2028-09-30T04:00:00+00:00,,DPP-2023,Central,Study Not Started,NRIS,0.0,0.0,0.0,0.0,
J3493,,,McDonough,IL,Other_,AMEREN TRANSMISSION COMPANY OF ILLINOIS,Wind,200.0,200.0,200.0,2024-04-17T04:00:00+00:00,Active,,,,,Wind Turbine,,,2028-09-15T04:00:00+00:00,,DPP-2023,Central,Study Not Started,NRIS,200.0,200.0,0.0,0.0,
J3335,,,McLean,IL,Other_,AMEREN ILLINOIS,Wind,222.0,222.0,222.0,2024-04-18T04:00:00+00:00,Withdrawn,,2025-09-30T04:00:00+00:00,,,Wind Turbine,,,2028-10-01T04:00:00+00:00,,DPP-2023,Central,Study Not Started,NRIS,0.0,0.0,0.0,0.0,
J3334,,,LaPorte,IN,MAPLE,"DUKE ENERGY INDIANA, LLC CIN",Battery Storage,100.0,100.0,100.0,2024-04-05T04:00:00+00:00,Withdrawn,,2025-09-24T04:00:00+00:00,,,Battery Storage,,,2028-06-01T04:00:00+00:00,,DPP-2023,Central,Study Not Started,NRIS,0.0,0.0,0.0,0.0,
J3492,,,Posey,IN,AB Brown 345 - Gibson (Duke Terminal) 345.0kV,SOUTHERN INDIANA GAS & ELECTRIC COMPANY D/B/A CENTERPOINT ENERGY INDIANA SOUTH,Battery Storage,45.0,45.0,45.0,2024-04-16T04:00:00+00:00,Withdrawn,,2025-04-11T04:00:00+00:00,,,Battery Storage,,,2028-09-30T04:00:00+00:00,,DPP-2023,Central,Study Not Started,NRIS,0.0,0.0,0.0,0.0,
J3337,,,Stoddard,MO,5VANDUSER,AMEREN MISSOURI,Solar,230.0,230.0,230.0,2024-04-16T04:00:00+00:00,Withdrawn,,2025-12-23T05:00:00+00:00,,,Photovoltaic,,,2028-03-01T05:00:00+00:00,,DPP-2023,Central,Study Not Started,ERIS,0.0,0.0,0.0,0.0,
J3402,,,Juneau,WI,New J1502 TO Switching Station (Emerson),AMERICAN TRANSMISSION COMPANY,Battery Storage,200.0,200.0,200.0,2024-04-18T04:00:00+00:00,Active,,,,,Battery Storage,,,2028-05-31T04:00:00+00:00,,DPP-2023,East (ATC),Study Not Started,NRIS,200.0,200.0,0.0,0.0,
J3457,,,Arkansas,AR,STUTTGART RICUSKEY - WOODWARD 230 SUB 230.0kV,"ENTERGY ARKANSAS, LLC EATO",Solar,215.0,215.0,215.0,2024-04-12T04:00:00+00:00,Active,,,,,Photovoltaic,,,2027-02-28T05:00:00+00:00,,DPP-2023,South,Study Not Started,ERIS,215.0,0.0,0.0,0.0,
J3297,,,St. Clair,IL,Herzog,"ENTERGY MISSISSIPPI, LLC. EMTO",Battery Storage,150.0,150.0,150.0,2024-04-17T04:00:00+00:00,Withdrawn,,2025-12-23T05:00:00+00:00,,,Battery Storage,,,2027-01-31T05:00:00+00:00,,DPP-2023,Central,Study Not Started,NRIS,0.0,0.0,0.0,0.0,
J3298,,,Tazewell,IL,Towerline,AMEREN ILLINOIS,Battery Storage,200.0,200.0,200.0,2024-04-17T04:00:00+00:00,Active,,,,,Battery Storage,,,2027-01-31T05:00:00+00:00,,DPP-2023,Central,Study Not Started,NRIS,200.0,200.0,0.0,0.0,
J3372,,,Macoupin,IL,Rezzy,AMEREN ILLINOIS,Battery Storage,100.0,100.0,100.0,2024-04-17T04:00:00+00:00,Withdrawn,,2025-12-23T05:00:00+00:00,,,Battery Storage,,,2028-09-15T04:00:00+00:00,,DPP-2023,Central,Study Not Started,NRIS,0.0,0.0,0.0,0.0,
J3295,,,Beauregard,LA,Cole - Penton Road 230.0kV,CLECO POWER LLC CLEC,Solar,250.0,250.0,250.0,2024-04-17T04:00:00+00:00,Withdrawn,,2025-12-23T05:00:00+00:00,,,Photovoltaic,,,2027-01-31T05:00:00+00:00,,DPP-2023,South,Study Not Started,NRIS,0.0,0.0,0.0,0.0,
J3299,,,Jefferson,TX,BEVIL,"ENTERGY TEXAS, INC. ETTO",Battery Storage,150.0,150.0,150.0,2024-04-17T04:00:00+00:00,Withdrawn,,2025-07-30T04:00:00+00:00,,,Battery Storage,,,2027-01-31T05:00:00+00:00,,DPP-2023,South,Study Not Started,NRIS,0.0,0.0,0.0,0.0,
J3824,,,Roberts,SD,Twin Brooks 345 kV Substation,OTTER TAIL POWER COMPANY OTP,Battery Storage,250.0,250.0,250.0,2024-04-18T04:00:00+00:00,Withdrawn,,2024-06-28T04:00:00+00:00,,,Battery Storage,,,2028-09-30T04:00:00+00:00,,DPP-2023,West,Study Not Started,NRIS,0.0,0.0,0.0,0.0,
J3500,,,Chisago,MN,CHISAGO COUNTY,NORTHERN STATES POWER COMPANY,Battery Storage,150.0,150.0,150.0,2024-04-17T04:00:00+00:00,Withdrawn,,2025-12-23T05:00:00+00:00,,,Battery Storage,,,2028-09-15T04:00:00+00:00,,DPP-2023,West,Study Not Started,NRIS,0.0,0.0,0.0,0.0,
J3549,,,Mower,MN,NOT IN DROPDOWN MENU,GREAT RIVER ENERGY,Gas,515.0,484.5,515.0,2024-04-17T04:00:00+00:00,Withdrawn,,2025-12-23T05:00:00+00:00,,,Combustion Turbine (Simple Cycle),,,2026-06-01T04:00:00+00:00,,DPP-2023,West,Study Not Started,NRIS,0.0,0.0,0.0,0.0,
J3550,,,Dubois,IN,Duff - Dubois 138.0 kV,SOUTHERN INDIANA GAS & ELECTRIC COMPANY D/B/A CENTERPOINT ENERGY INDIANA SOUTH,Battery Storage,200.0,200.0,200.0,2024-04-18T04:00:00+00:00,Active,,,,,Battery Storage,,,2027-09-10T04:00:00+00:00,,DPP-2023,Central,Study Not Started,NRIS,200.0,200.0,0.0,0.0,
J3574,,,Wayne,IN,Other_,"DUKE ENERGY INDIANA, LLC CIN",Solar,60.0,60.0,60.0,2024-04-17T04:00:00+00:00,Withdrawn,,2025-07-31T04:00:00+00:00,,,Photovoltaic,,,2027-10-01T04:00:00+00:00,,DPP-2023,Central,Study Not Started,NRIS,0.0,0.0,0.0,0.0,
J3319,,,Webster,LA,SAREPTA 345/115 SS,"ENTERGY LOUISIANA, LLC ELTO",Solar,150.0,150.0,150.0,2024-04-15T04:00:00+00:00,Withdrawn,,2025-05-23T04:00:00+00:00,,,Photovoltaic,,,2028-06-01T04:00:00+00:00,,DPP-2023,South,Study Not Started,NRIS,0.0,0.0,0.0,0.0,
J3336,,,Tuscola,MI,RINGLE,ITC,Wind,41.8,41.8,41.8,2024-04-05T04:00:00+00:00,Active,,,,,Wind Turbine,,,2027-04-01T04:00:00+00:00,,DPP-2023,East (ITC),Study Not Started,NRIS,41.8,41.8,0.0,0.0,
J3400,,,Deuel,SD,Astoria 345kV substation,OTTER TAIL POWER COMPANY OTP,Hybrid,142.2,142.2,142.2,2024-03-20T04:00:00+00:00,Active,,,,,Combustion Turbine (Simple Cycle),,,2028-04-19T04:00:00+00:00,,DPP-2023,West,Study Not Started,NRIS,142.2,142.2,0.0,0.0,
J3407,,,Manistee,MI,LINDEMAN - TIPPY 138.0kV,METC,Gas,300.0,300.0,300.0,2024-04-11T04:00:00+00:00,Withdrawn,,2026-01-05T05:00:00+00:00,,,Combustion Turbine (Simple Cycle),,,2028-10-31T04:00:00+00:00,,DPP-2023,East (ITC),Study Not Started,NRIS,300.0,300.0,0.0,0.0,
J3802,,,Phillips,AR,RITCHIE SWYD - TARLETON 230.0kV,"ENTERGY ARKANSAS, LLC EATO",Solar,300.0,300.0,300.0,2024-04-17T04:00:00+00:00,Withdrawn,,2025-09-30T04:00:00+00:00,,,Photovoltaic,,,2028-09-04T04:00:00+00:00,,DPP-2023,South,Study Not Started,NRIS,0.0,0.0,0.0,0.0,
J3776,,,Midland,MI,TittabawASSEe,METC,Battery Storage,150.0,150.0,150.0,2024-04-18T04:00:00+00:00,Active,,,,,Battery Storage,,,2028-09-30T04:00:00+00:00,,DPP-2023,East (ITC),Study Not Started,NRIS,150.0,150.0,0.0,0.0,
J3296,,,Hamilton,IL,Hamilton,Southern Illinois Power Cooperative,Battery Storage,200.0,200.0,200.0,2024-04-17T04:00:00+00:00,Active,,,,,Battery Storage,,,2027-01-31T05:00:00+00:00,,DPP-2023,Central,Study Not Started,NRIS,202.19,202.19,0.0,0.0,
J3792,,,Gratiot,MI,ALMA - VESTABURG 138.0kV,METC,Solar,125.0,125.0,125.0,2024-04-18T04:00:00+00:00,Active,,,,,Photovoltaic,,,2028-04-01T04:00:00+00:00,,DPP-2023,East (ITC),Study Not Started,ERIS,125.0,0.0,0.0,0.0,
J3456,,,Tazewell,IL,San Jose Rail Switching Station,AMEREN ILLINOIS,Wind,100.0,100.0,100.0,2024-04-18T04:00:00+00:00,Active,,,,,Wind Turbine,,,2028-05-31T04:00:00+00:00,,DPP-2023,Central,Study Not Started,NRIS,100.0,100.0,0.0,0.0,
J3293,,,Knox,IN,Edwardsport IGCC - Amo 345.0kV,"DUKE ENERGY INDIANA, LLC CIN",Solar,250.0,250.0,250.0,2024-04-17T04:00:00+00:00,Withdrawn,,2025-12-23T05:00:00+00:00,,,Photovoltaic,,,2027-01-31T05:00:00+00:00,,DPP-2023,Central,Study Not Started,NRIS,0.0,0.0,0.0,0.0,
J3294,,,Daviess,IN,GPC Primary - Sandborn Primary 161.0kV,HOOSIER ENERGY,Solar,200.0,200.0,200.0,2024-04-17T04:00:00+00:00,Withdrawn,,2025-09-16T04:00:00+00:00,,,Photovoltaic,,,2027-01-31T05:00:00+00:00,,DPP-2023,Central,Study Not Started,NRIS,0.0,0.0,0.0,0.0,
J3778,,,Otter Tail,MN,Fergus Falls MRES/WMMPA,MISSOURI RIVER ENERGY SERVICES - TRANSMISSION,Battery Storage,100.0,100.0,100.0,2024-04-15T04:00:00+00:00,Withdrawn,,2025-09-30T04:00:00+00:00,,,Battery Storage,,,2028-08-15T04:00:00+00:00,,DPP-2023,West,Study Not Started,NRIS,0.0,0.0,0.0,0.0,
J3777,,,Cheboygan,MI,MC GULPIN - RIGGSVILLE (MILL CREEK) 138.0kV,METC,Solar,91.8,91.8,91.8,2024-04-12T04:00:00+00:00,Active,,,,,Photovoltaic,,,2028-04-01T04:00:00+00:00,,DPP-2023,East (ITC),Study Not Started,NRIS,91.8,91.8,0.0,0.0,
J3779,,,Henderson,KY,AB Brown 345 - Reid EHV (BREC Terminal) 345.0kV,SOUTHERN INDIANA GAS & ELECTRIC COMPANY D/B/A CENTERPOINT ENERGY INDIANA SOUTH,Wind,100.0,100.0,100.0,2024-04-17T04:00:00+00:00,Withdrawn,,2025-08-13T04:00:00+00:00,,,Wind Turbine,,,2026-10-15T04:00:00+00:00,,DPP-2023,Central,Study Not Started,NRIS,0.0,0.0,0.0,0.0,
J3794,,,Daviess,KY,Daviess County - Utica 69.0kV,BIG RIVERS ELECTRIC CORPORATION BREC,Hybrid,50.0,50.0,50.0,2024-04-18T04:00:00+00:00,Withdrawn,,2025-09-25T04:00:00+00:00,,,Solar/Battery,,,2028-01-01T05:00:00+00:00,,DPP-2023,Central,Study Not Started,NRIS,0.0,0.0,0.0,0.0,
J3793,,,Rapides,LA,East Leesville - Rodemacher 230.0kV,CLECO POWER LLC CLEC,Solar,100.0,100.0,100.0,2024-04-18T04:00:00+00:00,Withdrawn,,2025-12-23T05:00:00+00:00,,,Photovoltaic,,,2028-04-01T04:00:00+00:00,,DPP-2023,South,Study Not Started,ERIS,0.0,0.0,0.0,0.0,
J3795,,,Knox,MO,7FABIUS - 7MAYWOOD 345.0kV,AMEREN TRANSMISSION COMPANY OF ILLINOIS,Hybrid,91.0,91.0,91.0,2024-04-18T04:00:00+00:00,Withdrawn,,2025-09-25T04:00:00+00:00,,,Solar/Battery,,,2028-01-01T05:00:00+00:00,,DPP-2023,Central,Study Not Started,NRIS,0.0,0.0,0.0,0.0,
J3797,,,Edgar,IL,7KANSAS   - 08SUGCRK 345.0kV,AMEREN TRANSMISSION COMPANY OF ILLINOIS,Solar,141.23,141.23,141.23,2024-04-18T04:00:00+00:00,Active,,,,,Photovoltaic,,,2028-03-31T04:00:00+00:00,,DPP-2023,Central,Study Not Started,NRIS,141.23,109.8,0.0,0.0,
J3798,,,Winnebago,IA,Bison - Colby 345kV,ITC MIDWEST,Wind,320.0,320.0,320.0,2024-03-27T04:00:00+00:00,Active,,,,,Wind Turbine,,,2028-06-30T04:00:00+00:00,,DPP-2023,West,Study Not Started,NRIS,320.0,320.0,0.0,0.0,
J3499,,,Kosciusko,IN,LEESBURG - DEEDSVILLE (DUKE) 345.0kV,NORTHERN INDIANA PUBLIC SERVICE COMPANY LLC NIPS,Solar,300.0,300.0,300.0,2024-04-14T04:00:00+00:00,Withdrawn,,2025-07-30T04:00:00+00:00,,,Photovoltaic,,,2028-09-15T04:00:00+00:00,,DPP-2023,Central,Study Not Started,NRIS,0.0,0.0,0.0,0.0,
J3501,,,Wexford,MI,KEYSTONE - TIPPY 138.0kV,METC,Battery Storage,200.0,200.0,200.0,2024-04-15T04:00:00+00:00,Withdrawn,,2025-12-23T05:00:00+00:00,,,Battery Storage,,,2028-06-01T04:00:00+00:00,,DPP-2023,East (ITC),Study Not Started,NRIS,0.0,0.0,0.0,0.0,
J3544,,,Tama,IA,Abbott,ITC MIDWEST,Wind,62.0,62.0,62.0,2024-04-17T04:00:00+00:00,Withdrawn,,2025-07-09T04:00:00+00:00,,,Wind Turbine,,,2027-10-30T04:00:00+00:00,,DPP-2023,West,Study Not Started,NRIS,0.0,0.0,0.0,0.0,
J3607,,,Henry,IN,New Castle I Avenue,"DUKE ENERGY INDIANA, LLC CIN",Solar,47.4,47.4,47.4,2024-04-18T04:00:00+00:00,Withdrawn,,2025-09-26T04:00:00+00:00,,,Photovoltaic,,,2028-07-01T04:00:00+00:00,,DPP-2023,Central,Study Not Started,NRIS,0.0,0.0,0.0,0.0,
J3613,,,Ashley,AR,CROSSETT NORTH - HAMBURG 115.0kV,"ENTERGY ARKANSAS, LLC EATO",Solar,180.0,180.0,180.0,2024-04-16T04:00:00+00:00,Withdrawn,,2025-12-23T05:00:00+00:00,,,Photovoltaic,,,2028-09-30T04:00:00+00:00,,DPP-2023,South,Study Not Started,NRIS,0.0,0.0,0.0,0.0,
J3615,,,Arkansas,AR,STUTTGART NORTH SS - STUTTGART RICUSKEY 115.0kV,"ENTERGY ARKANSAS, LLC EATO",Solar,125.0,125.0,125.0,2024-04-16T04:00:00+00:00,Withdrawn,,2025-12-23T05:00:00+00:00,,,Photovoltaic,,,2028-09-30T04:00:00+00:00,,DPP-2023,South,Study Not Started,NRIS,0.0,0.0,0.0,0.0,
J3669,,,Stevens,MN,Big Stone South - Alexandria 345.0kV,OTTER TAIL POWER COMPANY OTP,Solar,135.0,135.0,135.0,2024-04-18T04:00:00+00:00,Active,,,,,Photovoltaic,,,2028-02-01T05:00:00+00:00,,DPP-2023,West,Study Not Started,ERIS,135.0,0.0,0.0,0.0,
J3502,,,Van Buren,MI,ARGENTA - PALISADES 345.0kV,METC,Battery Storage,200.0,200.0,200.0,2024-04-17T04:00:00+00:00,Withdrawn,,2025-09-29T04:00:00+00:00,,,Battery Storage,,,2028-09-15T04:00:00+00:00,,DPP-2023,East (ITC),Study Not Started,NRIS,0.0,0.0,0.0,0.0,
J3548,,,Marshall,IA,Laurel,ITC MIDWEST,Wind,62.0,62.0,62.0,2024-04-18T04:00:00+00:00,Withdrawn,,2025-07-09T04:00:00+00:00,,,Wind Turbine,,,2027-10-30T04:00:00+00:00,,DPP-2023,West,Study Not Started,NRIS,0.0,0.0,0.0,0.0,
J3691,,,White,IN,REYNOLDS,NORTHERN INDIANA PUBLIC SERVICE COMPANY LLC NIPS,Battery Storage,200.0,200.0,200.0,2024-04-18T04:00:00+00:00,Active,,,,,Battery Storage,,,2028-05-31T04:00:00+00:00,,DPP-2023,Central,Study Not Started,NRIS,200.0,200.0,0.0,0.0,
J3692,,,Cheboygan,MI,PORT CALCITE - RIGGSVILLE 138.0kV,METC,Battery Storage,100.0,100.0,100.0,2024-04-18T04:00:00+00:00,Withdrawn,,2025-09-29T04:00:00+00:00,,,Battery Storage,,,2028-05-31T04:00:00+00:00,,DPP-2023,East (ITC),Study Not Started,NRIS,0.0,0.0,0.0,0.0,
J3612,,,Sabine,LA,Fisher - Many 138.0kV,CLECO POWER LLC CLEC,Solar,200.0,200.0,200.0,2024-04-17T04:00:00+00:00,Withdrawn,,2025-09-24T04:00:00+00:00,,,Photovoltaic,,,2028-09-30T04:00:00+00:00,,DPP-2023,South,Study Not Started,NRIS,0.0,0.0,0.0,0.0,
J3614,,,Ashley,AR,CROSSETT NORTH - HAMBURG 115.0kV,"ENTERGY ARKANSAS, LLC EATO",Battery Storage,180.0,180.0,180.0,2024-04-16T04:00:00+00:00,Withdrawn,,2025-12-23T05:00:00+00:00,,,Battery Storage,,,2028-09-30T04:00:00+00:00,,DPP-2023,South,Study Not Started,NRIS,0.0,0.0,0.0,0.0,
J3551,,,Mahaska,IA,BEACON,MIDAMERICAN ENERGY CO. MEC,Battery Storage,200.0,200.0,200.0,2024-04-18T04:00:00+00:00,Active,,,,,Battery Storage,,,2027-09-10T04:00:00+00:00,,DPP-2023,West,Study Not Started,NRIS,200.0,200.0,0.0,0.0,
J3611,,,Hamilton,IL,7W_FRFT_E - 7NORRIS   345.0kV,AMEREN ILLINOIS,Solar,140.0,140.0,140.0,2024-04-18T04:00:00+00:00,Active,,,,,Photovoltaic,,,2026-12-30T05:00:00+00:00,,DPP-2023,Central,Study Not Started,NRIS,140.0,140.0,0.0,0.0,
J3610,,,Tyler,TX,DOUCETTE,"ENTERGY TEXAS, INC. ETTO",Solar,150.0,150.0,150.0,2024-04-18T04:00:00+00:00,Withdrawn,,2025-03-25T04:00:00+00:00,,,Photovoltaic,,,2028-06-30T04:00:00+00:00,,DPP-2023,South,Study Not Started,NRIS,0.0,0.0,0.0,0.0,
J3671,,,Shelby,IL,4NEOGA 2 - 4SHELBYVL E 138.0kV,AMEREN ILLINOIS,Solar,120.0,120.0,120.0,2024-04-18T04:00:00+00:00,Withdrawn,,2025-12-23T05:00:00+00:00,,,Photovoltaic,,,2027-07-27T04:00:00+00:00,,DPP-2023,Central,Study Not Started,NRIS,0.0,0.0,0.0,0.0,
J2194,,,Sullivan,IN,Merom - Gibson 345 kV Line,"DUKE ENERGY INDIANA, LLC CIN",Solar,350.0,350.0,350.0,2021-08-16T04:00:00+00:00,Withdrawn,,2021-12-08T05:00:00+00:00,,,Photovoltaic,,,2024-04-01T04:00:00+00:00,,DPP-2021,Central,Phase 2,NRIS,0.0,0.0,0.0,0.0,
J2076,,,San Jacinto,TX,COLEY CREEK to PELICAN ROAD 138 kV,"ENTERGY TEXAS, INC. ETTO",Hybrid,225.0,225.0,225.0,2021-08-09T04:00:00+00:00,Withdrawn,,2021-12-09T05:00:00+00:00,,,Solar/Battery,,,2024-08-01T04:00:00+00:00,,DPP-2021,South,Phase 3,NRIS,0.0,0.0,0.0,0.0,
J3682,,,Muskegon,MI,FOUR MILE - WHITE ROAD 138.0kV,METC,Solar,150.0,150.0,150.0,2024-04-18T04:00:00+00:00,Active,,,,,Photovoltaic,,,2028-04-01T04:00:00+00:00,,DPP-2023,East (ITC),Study Not Started,ERIS,150.0,0.0,0.0,0.0,
J3701,,,Taylor,IA,ORIENT - NORTHBORO 345.0kV,MIDAMERICAN ENERGY CO. MEC,Wind,400.0,400.0,400.0,2024-04-18T04:00:00+00:00,Active,,,,,Wind Turbine,,,2028-04-01T04:00:00+00:00,,DPP-2023,West,Study Not Started,ERIS,400.0,0.0,0.0,0.0,
J3609,,,Beauregard,LA,NELSON 138 SWYD - LONGVILLE (CLECO) 138.0kV,"ENTERGY LOUISIANA, LLC ELTO",Solar,93.1,93.1,93.1,2024-04-02T04:00:00+00:00,Withdrawn,,2025-09-30T04:00:00+00:00,,,Solar/Battery,,,2027-12-27T05:00:00+00:00,,DPP-2023,South,Study Not Started,ERIS,0.0,0.0,0.0,0.0,
J3672,,,Big Stone,MN,Big Stone South - Alexandira 345kV,OTTER TAIL POWER COMPANY OTP,Wind,300.0,300.0,300.0,2024-04-18T04:00:00+00:00,Active,,,,,Wind Turbine,,,2028-10-30T04:00:00+00:00,,DPP-2023,West,Study Not Started,NRIS,300.0,0.0,0.0,0.0,
J3690,,,Scott,MO,5STODDARD - 5MORLEY (AECI) 161.0kV,AMEREN MISSOURI,Battery Storage,300.0,300.0,300.0,2024-04-16T04:00:00+00:00,Withdrawn,,2025-12-23T05:00:00+00:00,,,Battery Storage,,,2028-09-30T04:00:00+00:00,,DPP-2023,Central,Study Not Started,NRIS,0.0,0.0,0.0,0.0,
J3708,,,Jefferson,TX,LEGEND,"ENTERGY TEXAS, INC. ETTO",Gas,770.0,735.0,770.0,2024-04-17T04:00:00+00:00,Withdrawn,,2025-09-24T04:00:00+00:00,,,Combined-Cycle – Steam Plant,,,2027-04-30T04:00:00+00:00,,DPP-2023,South,Study Not Started,NRIS,0.0,0.0,0.0,0.0,
J3709,,,Marion,IN,Georgetown,INDIANAPOLIS POWER & LIGHT COMPANY,Battery Storage,47.0,47.0,47.0,2024-04-17T04:00:00+00:00,Withdrawn,,2025-12-23T05:00:00+00:00,,,Battery Storage,,,2028-07-31T04:00:00+00:00,,DPP-2023,Central,Study Not Started,NRIS,0.0,0.0,0.0,0.0,
J1896,,,Henderson,KY,Henderson to AB Brown 138 kV,BIG RIVERS ELECTRIC CORPORATION BREC,Wind,100.0,100.0,100.0,2021-08-17T04:00:00+00:00,Withdrawn,,2021-12-08T05:00:00+00:00,,,Wind Turbine,,,2025-04-01T04:00:00+00:00,,DPP-2021,Central,Phase 2,NRIS,0.0,0.0,0.0,0.0,
J3498,,,Knox,IL,7FARGO - 7SANDBURG 345.0kV,AMEREN TRANSMISSION COMPANY OF ILLINOIS,Solar,250.0,250.0,250.0,2024-04-13T04:00:00+00:00,Active,,,,,Photovoltaic,,,2028-09-15T04:00:00+00:00,,DPP-2023,Central,Study Not Started,NRIS,250.0,250.0,0.0,0.0,
J3608,,,Henry,IN,New Castle I Avenue,"DUKE ENERGY INDIANA, LLC CIN",Solar,77.6,77.6,77.6,2024-04-18T04:00:00+00:00,Withdrawn,,2025-09-26T04:00:00+00:00,,,Photovoltaic,,,2028-07-01T04:00:00+00:00,,DPP-2023,Central,Study Not Started,NRIS,0.0,0.0,0.0,0.0,
J2125,,,Clay,IL,Xenia to W Mt Vernon 345 kV,AMEREN TRANSMISSION COMPANY OF ILLINOIS,Solar,100.0,100.0,100.0,2021-08-21T04:00:00+00:00,Withdrawn,,2024-08-16T04:00:00+00:00,,,Photovoltaic,,,2024-04-15T04:00:00+00:00,,DPP-2021,Central,Phase 2,NRIS,0.0,0.0,0.0,0.0,
J2144,,,Jasper,IN,Schahfer 345 kV Sub,NORTHERN INDIANA PUBLIC SERVICE COMPANY LLC NIPS,Hybrid,195.0,155.2,195.0,2021-09-02T04:00:00+00:00,Withdrawn,,2021-12-08T05:00:00+00:00,,,Combustion Turbine (Simple Cycle),,,2024-10-01T04:00:00+00:00,,DPP-2021,Central,Phase 2,NRIS,0.0,0.0,0.0,0.0,
J2286,,,Polk,MN,Praire - Winger 230kV,OTTER TAIL POWER COMPANY OTP,Solar,90.0,90.0,90.0,2021-07-14T04:00:00+00:00,Withdrawn,,2021-09-10T04:00:00+00:00,,,Photovoltaic,,,2026-10-01T04:00:00+00:00,,DPP-2021,West,Phase 2,NRIS,0.0,0.0,0.0,0.0,
J3725,,,Louisa,IA,SUB 93 LOUISA - SUB T HASKINS 345.0kV,MIDAMERICAN ENERGY CO. MEC,Solar,200.0,200.0,200.0,2024-04-18T04:00:00+00:00,Active,,,,,Photovoltaic,,,2028-09-01T04:00:00+00:00,,DPP-2023,West,Study Not Started,NRIS,200.0,200.0,0.0,0.0,
J3724,,,Vigo,IN,Sandford,,Solar,132.0,132.0,132.0,2024-04-16T04:00:00+00:00,Active,,,,,Photovoltaic,,,2028-09-01T04:00:00+00:00,,DPP-2023,Central,Study Not Started,NRIS,132.0,132.0,0.0,0.0,
J3733,,,Gibson,IN,Oakland City  - Old Ben Coal 138.0kV,"DUKE ENERGY INDIANA, LLC CIN",Hybrid,150.0,150.0,150.0,2024-05-25T04:00:00+00:00,Pending Transfer,,,,,Solar/Battery,,,2028-04-17T04:00:00+00:00,,DPP-2023,Central,Study Not Started,NRIS,150.0,150.0,0.0,0.0,
J3405,,,St. Louis,MN,Shannon - Minntac 230kV,MINNESOTA POWER INC.,Wind,144.0,144.0,144.0,2024-04-10T04:00:00+00:00,Withdrawn,,2025-09-26T04:00:00+00:00,,,Wind Turbine,,,2028-06-09T04:00:00+00:00,,DPP-2023,West,Study Not Started,NRIS,0.0,0.0,0.0,0.0,
J3410,,,Washington,IL,7PR STATE - 7MTVERNW 345.0kV,AMEREN ILLINOIS,Solar,120.0,120.0,120.0,2024-04-12T04:00:00+00:00,Withdrawn,,2025-08-15T04:00:00+00:00,,,Photovoltaic,,,2028-03-01T05:00:00+00:00,,DPP-2023,Central,Study Not Started,NRIS,0.0,0.0,0.0,0.0,
J3718,,,Greene,IL,Roodhouse West,AMEREN ILLINOIS,Solar,200.0,200.0,200.0,2024-03-20T04:00:00+00:00,Withdrawn,,2025-12-24T05:00:00+00:00,,,Photovoltaic,,,2028-09-01T04:00:00+00:00,,DPP-2023,Central,Study Not Started,NRIS,200.0,200.0,0.0,0.0,
J3727,,,Madison,IL,Mississippi,AMEREN ILLINOIS,Battery Storage,225.0,225.0,225.0,2024-04-16T04:00:00+00:00,Active,,,,,Battery Storage,,,2028-06-30T04:00:00+00:00,,DPP-2023,Central,Study Not Started,NRIS,225.0,225.0,0.0,0.0,
J3409,,,Newton,TX,HARTBURG - CYPRESS 500.0kV,"ENTERGY TEXAS, INC. ETTO",Solar,400.0,400.0,400.0,2024-04-12T04:00:00+00:00,Withdrawn,,2025-09-29T04:00:00+00:00,,,Photovoltaic,,,2028-03-01T05:00:00+00:00,,DPP-2023,South,Study Not Started,ERIS,0.0,0.0,0.0,0.0,
J3421,,,Huron,MI,SEASIDE,ITC,Battery Storage,100.0,100.0,100.0,2024-04-15T04:00:00+00:00,Active,,,,,Battery Storage,,,2028-06-30T04:00:00+00:00,,DPP-2023,East (ITC),Study Not Started,NRIS,100.0,100.0,0.0,0.0,
J3408,,,Sabine,LA,HARTBURG - AEP LAYFIELD 500.0kV,CLECO POWER LLC CLEC,Solar,450.0,450.0,450.0,2024-04-18T04:00:00+00:00,Withdrawn,,2025-05-23T04:00:00+00:00,,,Photovoltaic,,,2028-03-01T05:00:00+00:00,,DPP-2023,South,Study Not Started,NRIS,0.0,0.0,0.0,0.0,
J3418,,,Sangamon,IL,7AUSTIN - 7TURNER 345.0kV,AMEREN TRANSMISSION COMPANY OF ILLINOIS,Solar,220.0,220.0,220.0,2024-04-17T04:00:00+00:00,Active,,,,,Photovoltaic,,,2028-09-15T04:00:00+00:00,,DPP-2023,Central,Study Not Started,NRIS,220.0,0.0,0.0,0.0,
J3715,,,Jackson,IN,Other_,HOOSIER ENERGY,Hybrid,150.0,150.0,150.0,2024-04-18T04:00:00+00:00,Withdrawn,,2025-12-23T05:00:00+00:00,,,Solar/Battery,,,2028-08-01T04:00:00+00:00,,DPP-2023,Central,Study Not Started,NRIS,0.0,0.0,0.0,0.0,
J2207,,,Henderson,KY,Henderson to AB Brown 138 kV,BIG RIVERS ELECTRIC CORPORATION BREC,Solar,300.0,300.0,300.0,2021-08-17T04:00:00+00:00,Withdrawn,,2021-12-08T05:00:00+00:00,,,Photovoltaic,,,2025-04-01T04:00:00+00:00,,DPP-2021,Central,Phase 2,NRIS,0.0,0.0,0.0,0.0,
J3416,,,Otsego,MI,VAN TYLE,METC,Battery Storage,200.0,200.0,200.0,2024-03-21T04:00:00+00:00,Withdrawn,,2025-12-23T05:00:00+00:00,,,Battery Storage,,,2027-09-01T04:00:00+00:00,,DPP-2023,East (ITC),Study Not Started,NRIS,0.0,0.0,0.0,0.0,
J3422,,,Lawrence,AR,SWIFTON - AECC HOXIE SOUTH 161.0kV,"ENTERGY ARKANSAS, LLC EATO",Solar,145.0,145.0,145.0,2024-03-26T04:00:00+00:00,Withdrawn,,2025-09-30T04:00:00+00:00,,,Photovoltaic,,,2028-06-30T04:00:00+00:00,,DPP-2023,South,Study Not Started,NRIS,0.0,0.0,0.0,0.0,
J3450,,,Panola,MS,BATESVILLE [MS] - MOON LAKE SS 230.0kV,"ENTERGY MISSISSIPPI, LLC. EMTO",Solar,200.0,200.0,200.0,2024-04-18T04:00:00+00:00,Withdrawn,,2025-09-23T04:00:00+00:00,,,Photovoltaic,,,2028-08-15T04:00:00+00:00,,DPP-2023,South,Study Not Started,NRIS,0.0,0.0,0.0,0.0,
J3428,,,McPherson,SD,Ellendale 345 - Twin Brooks 345.0kV,OTTER TAIL POWER COMPANY OTP,Wind,200.0,200.0,200.0,2024-03-18T04:00:00+00:00,Active,,,,,Wind Turbine,,,2028-08-01T04:00:00+00:00,,DPP-2023,West,Study Not Started,NRIS,200.0,200.0,0.0,0.0,
J3247,,,Vigo,IN,SPELTERVILLE,"DUKE ENERGY INDIANA, LLC CIN",Battery Storage,200.0,200.0,200.0,2024-04-14T04:00:00+00:00,Withdrawn,,2025-07-30T04:00:00+00:00,,,Battery Storage,,,2028-09-15T04:00:00+00:00,,DPP-2023,Central,Study Not Started,NRIS,0.0,0.0,0.0,0.0,
J3259,,,Renville,MN,Cedar Mountain,GREAT RIVER ENERGY,Battery Storage,250.0,250.0,250.0,2024-04-17T04:00:00+00:00,Withdrawn,,2025-09-30T04:00:00+00:00,,,Battery Storage,,,2028-09-06T04:00:00+00:00,,DPP-2023,West,Study Not Started,NRIS,0.0,0.0,0.0,0.0,
J2182,,,Tallahatchie,MS,webb 115 kV,"ENTERGY MISSISSIPPI, LLC. EMTO",Solar,100.0,100.0,100.0,2021-08-12T04:00:00+00:00,Withdrawn,,2021-09-17T04:00:00+00:00,,,Photovoltaic,,,2025-10-01T04:00:00+00:00,,DPP-2021,South,Phase 3,NRIS,0.0,0.0,0.0,0.0,
J3404,,,Macon,MO,Other_,AMEREN TRANSMISSION COMPANY OF ILLINOIS,Solar,300.0,300.0,300.0,2024-04-18T04:00:00+00:00,Withdrawn,,2025-09-30T04:00:00+00:00,,,Photovoltaic,,,2028-08-15T04:00:00+00:00,,DPP-2023,Central,Study Not Started,NRIS,0.0,0.0,0.0,0.0,
J3447,,,Perry,MS,Purvis Bulk 161 - Hintonville 161 161.0kV,COOPERATIVE ENERGY SMEP,Solar,125.0,125.0,125.0,2024-03-26T04:00:00+00:00,Withdrawn,,2025-09-30T04:00:00+00:00,,,Photovoltaic,,,2028-06-30T04:00:00+00:00,,DPP-2023,South,Study Not Started,NRIS,0.0,0.0,0.0,0.0,
J3423,,,Jackson,AR,PECAN ST - AECC BALCH 161.0kV,"ENTERGY ARKANSAS, LLC EATO",Solar,200.0,200.0,200.0,2024-05-16T04:00:00+00:00,Withdrawn,,2025-09-30T04:00:00+00:00,,,Photovoltaic,,,2028-09-04T04:00:00+00:00,,DPP-2023,South,Study Not Started,NRIS,0.0,0.0,0.0,0.0,
J3406,,,Calcasieu,LA,Nelson - Carlyss (J2154 POI),"ENTERGY LOUISIANA, LLC ELTO",Solar,100.0,100.0,100.0,2024-04-17T04:00:00+00:00,Withdrawn,,2025-07-30T04:00:00+00:00,,,Photovoltaic,,,2028-04-09T04:00:00+00:00,,DPP-2023,South,Study Not Started,NRIS,0.0,0.0,0.0,0.0,
J3411,,,Randolph,MO,5ADAIR    - 5THMHIL (AECI)  161.0kV,AMEREN MISSOURI,Solar,120.0,120.0,120.0,2024-04-12T04:00:00+00:00,Withdrawn,,2025-12-23T05:00:00+00:00,,,Photovoltaic,,,2028-03-01T05:00:00+00:00,,DPP-2023,Central,Study Not Started,ERIS,0.0,0.0,0.0,0.0,
J3268,,,Gratiot,MI,REGAL,METC,Battery Storage,100.0,100.0,100.0,2024-04-18T04:00:00+00:00,Active,,,,,Battery Storage,,,2027-09-10T04:00:00+00:00,,DPP-2023,East (ITC),Study Not Started,NRIS,100.0,100.0,0.0,0.0,
J3274,,,Ogemaw,MI,GALLAGHER - TWINING 138.0kV,METC,Solar,290.0,290.0,290.0,2024-04-15T04:00:00+00:00,Active,,,,,Photovoltaic,,,2028-11-01T04:00:00+00:00,,DPP-2023,East (ITC),Study Not Started,NRIS,290.0,290.0,0.0,0.0,
J3417,,,Macon,IL,Oreana,AMEREN ILLINOIS,Battery Storage,300.0,300.0,300.0,2024-04-17T04:00:00+00:00,Active,,,,,Battery Storage,,,2028-09-06T04:00:00+00:00,,DPP-2023,Central,Study Not Started,NRIS,300.0,300.0,0.0,0.0,
J3415,,,Mercer,ND,Coyote Switchyard,MONTANA-DAKOTA UTILITIES CO.MDU,Solar,250.0,250.0,250.0,2024-03-18T04:00:00+00:00,Withdrawn,,2025-07-24T04:00:00+00:00,,,Photovoltaic,,,2028-08-01T04:00:00+00:00,,DPP-2023,West,Study Not Started,NRIS,0.0,0.0,0.0,0.0,
J3269,,,Hamilton,IL,7W_FRFT_E - 7NORRIS   345.0kV,AMEREN ILLINOIS,Solar,300.0,300.0,300.0,2024-04-17T04:00:00+00:00,Withdrawn,,2025-09-29T04:00:00+00:00,,,Photovoltaic,,,2027-11-02T04:00:00+00:00,,DPP-2023,Central,Study Not Started,NRIS,0.0,0.0,0.0,0.0,
J2338,,,McPherson,SD,Ellendale - Twin Brooks 345kV,OTTER TAIL POWER COMPANY OTP,Wind,200.0,200.0,200.0,2022-09-15T04:00:00+00:00,Withdrawn,,2025-10-07T04:00:00+00:00,,,Wind Turbine,Not Started,,2027-09-01T04:00:00+00:00,,DPP-2022,West,Phase 1,NRIS,0.0,0.0,0.0,0.0,
J3420,,,McPherson,SD,Ellendale 345 - Twin Brooks 345.0kV,OTTER TAIL POWER COMPANY OTP,Wind,200.0,200.0,200.0,2024-03-18T04:00:00+00:00,Active,,,,,Wind Turbine,,,2028-08-01T04:00:00+00:00,,DPP-2023,West,Study Not Started,NRIS,200.0,200.0,0.0,0.0,
J3427,,,Mississippi,AR,DELL EHV - NEW MADRID (AECI) 500.0kV,"ENTERGY ARKANSAS, LLC EATO",Solar,500.0,500.0,500.0,2024-03-26T04:00:00+00:00,Withdrawn,,2025-12-23T05:00:00+00:00,,,Photovoltaic,,,2028-06-30T04:00:00+00:00,,DPP-2023,South,Study Not Started,NRIS,0.0,0.0,0.0,0.0,
J3606,,,Cross,AR,PARKIN - KUHN ROAD 161.0kV,"ENTERGY ARKANSAS, LLC EATO",Hybrid,197.7,197.7,197.7,2024-04-18T04:00:00+00:00,Withdrawn,,2025-12-23T05:00:00+00:00,,,Solar/Battery,,,2028-01-01T05:00:00+00:00,,DPP-2023,South,Study Not Started,NRIS,0.0,0.0,0.0,0.0,
J3670,,,LaSalle,IL,Corbin 138 kV,AMEREN ILLINOIS,Battery Storage,100.0,100.0,100.0,2024-04-18T04:00:00+00:00,Withdrawn,,2025-03-13T04:00:00+00:00,,,Battery Storage,,,2028-06-30T04:00:00+00:00,,DPP-2023,Central,Study Not Started,NRIS,0.0,0.0,0.0,0.0,
J3444,,,Jefferson,AR,AECC PINEBERGEN,"ENTERGY ARKANSAS, LLC EATO",Solar,125.0,125.0,125.0,2024-03-26T04:00:00+00:00,Withdrawn,,2025-09-30T04:00:00+00:00,,,Photovoltaic,,,2028-06-30T04:00:00+00:00,,DPP-2023,South,Study Not Started,NRIS,0.0,0.0,0.0,0.0,
J3248,,,Posey,IN,AB Brown - Farm Bureau 138.0kV,SOUTHERN INDIANA GAS & ELECTRIC COMPANY D/B/A CENTERPOINT ENERGY INDIANA SOUTH,Battery Storage,250.0,250.0,250.0,2024-04-13T04:00:00+00:00,Withdrawn,,2025-09-30T04:00:00+00:00,,,Battery Storage,,,2028-09-01T04:00:00+00:00,,DPP-2023,Central,Study Not Started,NRIS,0.0,0.0,0.0,0.0,
J2103,,,Jasper,TX,Buna SW to Call Transmission Line,"ENTERGY TEXAS, INC. ETTO",Solar,100.0,100.0,100.0,2021-09-01T04:00:00+00:00,Withdrawn,,2021-12-03T05:00:00+00:00,,,Photovoltaic,,,2024-10-04T04:00:00+00:00,,DPP-2021,South,Phase 3,NRIS,0.0,0.0,0.0,0.0,
J3419,,,Huron,MI,SEASIDE,ITC,Solar,150.0,150.0,150.0,2024-03-18T04:00:00+00:00,Active,,,,,Photovoltaic,,,2028-09-01T04:00:00+00:00,,DPP-2023,East (ITC),Study Not Started,NRIS,150.0,150.0,0.0,0.0,
J2342,,,Worth,IA,Worth County,ITC MIDWEST,Wind,230.0,230.0,230.0,2022-09-15T04:00:00+00:00,Active,,,,,Wind Turbine,Not Started,,2027-05-15T04:00:00+00:00,,DPP-2022,West,Phase 1,NRIS,150.0,141.0,0.0,0.0,
J2336,,,Union,LA,Sterlington - Downsville 115 kV Line,"ENTERGY LOUISIANA, LLC ELTO",Hybrid,125.0,125.0,125.0,2022-09-13T04:00:00+00:00,Withdrawn,,2025-07-30T04:00:00+00:00,,,Solar/Battery,Not Started,,2025-08-29T04:00:00+00:00,,DPP-2022,South,Phase 1,NRIS,0.0,0.0,0.0,0.0,
J3438,,,Saginaw,MI,MURPHY,METC,Battery Storage,250.0,250.0,250.0,2024-03-26T04:00:00+00:00,Pending Revision Approval,,,,,Battery Storage,,,2028-06-30T04:00:00+00:00,,DPP-2023,East (ITC),Study Not Started,NRIS,250.0,250.0,0.0,0.0,
J3441,,,Houston,TX,ROCKY CREEK - CROCKETT (SWEPCO) 345.0kV,"ENTERGY TEXAS, INC. ETTO",Solar,500.0,500.0,500.0,2024-03-27T04:00:00+00:00,Withdrawn,,2025-09-30T04:00:00+00:00,,,Photovoltaic,,,2028-06-30T04:00:00+00:00,,DPP-2023,South,Study Not Started,NRIS,0.0,0.0,0.0,0.0,
J3449,,,Pope,AR,MORRILTON EAST - ATKINS 161.0kV,"ENTERGY ARKANSAS, LLC EATO",Solar,200.0,200.0,200.0,2024-03-26T04:00:00+00:00,Pending Revision Approval,,,,,Photovoltaic,,,2028-06-30T04:00:00+00:00,,DPP-2023,South,Study Not Started,NRIS,200.0,0.0,0.0,0.0,
J3240,,,Fulton,IL,Other_,AMEREN ILLINOIS,Solar,150.0,150.0,150.0,2024-04-14T04:00:00+00:00,Withdrawn,,2025-09-30T04:00:00+00:00,,,Photovoltaic,,,2028-09-15T04:00:00+00:00,,DPP-2023,Central,Study Not Started,NRIS,0.0,0.0,0.0,0.0,
J2332,,,Cottonwood,MN,Lyon County - Cedar Mountain 345kV,NORTHERN STATES POWER COMPANY,Wind,200.0,200.0,200.0,2022-09-15T04:00:00+00:00,Active,,,,,Wind Turbine,Not Started,,2027-09-01T04:00:00+00:00,,DPP-2022,West,Phase 1,NRIS,200.0,200.0,0.0,0.0,
J2343,,,Marion,IN,Georgetown  - North 138.0kV,INDIANAPOLIS POWER & LIGHT COMPANY,Battery Storage,130.0,130.0,130.0,2022-09-14T04:00:00+00:00,Active,,,,,Battery Storage,Not Started,,2026-05-01T04:00:00+00:00,,DPP-2022,Central,Phase 2,NRIS,130.0,130.0,0.0,0.0,
J2323,,,Webster,IA,Webster-Lehigh 345kV,MIDAMERICAN ENERGY CO. MEC,Wind,145.0,145.0,145.0,2022-09-13T04:00:00+00:00,Withdrawn,,2025-10-27T04:00:00+00:00,,,Wind Turbine,Not Started,,2027-10-01T04:00:00+00:00,,DPP-2022,West,Phase 1,NRIS,0.0,0.0,0.0,0.0,
J2330,,,Leflore,MS,GREENWOOD,,Solar,200.0,200.0,200.0,2022-09-15T04:00:00+00:00,Active,,,,,Photovoltaic,Not Started,,2026-10-31T04:00:00+00:00,,DPP-2022,South,Phase 1,ERIS,200.0,0.0,0.0,0.0,
J3256,,,Clark,IL,4GALLATIN - 4KANSAS   138.0kV,AMEREN ILLINOIS,Solar,200.0,200.0,200.0,2024-04-13T04:00:00+00:00,Active,,,,,Photovoltaic,,,2028-09-01T04:00:00+00:00,,DPP-2023,Central,Study Not Started,NRIS,200.0,200.0,0.0,0.0,
J2325,,,Morehouse,LA,Bastrop to Sterlington 115 kV,"ENTERGY LOUISIANA, LLC ELTO",Battery Storage,175.0,175.0,175.0,2022-09-13T04:00:00+00:00,Withdrawn,,2023-03-25T04:00:00+00:00,,,Battery Storage,Not Started,,2025-08-01T04:00:00+00:00,,DPP-2022,South,Phase 1,NRIS,0.0,0.0,0.0,0.0,
J2344,,,Stutsman,ND,Jamestown 345 kV,OTTER TAIL POWER COMPANY OTP,Wind,200.0,200.0,200.0,2022-09-13T04:00:00+00:00,Withdrawn,,2025-10-07T04:00:00+00:00,,,Wind Turbine,Not Started,,2026-11-01T04:00:00+00:00,,DPP-2022,West,Phase 1,NRIS,0.0,0.0,0.0,0.0,
J2329,,,Vigo,IN,Wabash River-Whitesville South 230 kV,"DUKE ENERGY INDIANA, LLC CIN",Battery Storage,100.0,100.0,100.0,2022-09-14T04:00:00+00:00,Withdrawn,,2025-10-27T04:00:00+00:00,,,Battery Storage,Not Started,,2025-10-31T04:00:00+00:00,,DPP-2022,Central,Phase 2,NRIS,0.0,0.0,0.0,0.0,
J2326,,,Outagamie,WI,Werner West,AMERICAN TRANSMISSION COMPANY,Battery Storage,150.0,150.0,150.0,2022-09-13T04:00:00+00:00,Active,,,,,Battery Storage,Not Started,,2025-10-28T04:00:00+00:00,,DPP-2022,East (ATC),Phase 1,NRIS,150.0,150.0,0.0,0.0,
J2327,,,LaMoure,ND,Ellendale 345 kV,MONTANA-DAKOTA UTILITIES CO.MDU,Wind,300.0,300.0,300.0,2022-09-13T04:00:00+00:00,Withdrawn,,2025-10-07T04:00:00+00:00,,,Wind Turbine,Not Started,,2026-11-01T04:00:00+00:00,,DPP-2022,West,Phase 1,NRIS,0.0,0.0,0.0,0.0,
J2339,,,Rapides,LA,Cocodrie-Forest Hill 230kV,CLECO POWER LLC CLEC,Solar,125.0,125.0,125.0,2022-09-15T04:00:00+00:00,Withdrawn,,2025-07-30T04:00:00+00:00,,,Photovoltaic,Not Started,,2026-10-01T04:00:00+00:00,,DPP-2022,South,Phase 1,NRIS,0.0,0.0,0.0,0.0,
J2335,,,Portage,WI,Plover 115 kV Substation (J1573 substation),AMERICAN TRANSMISSION COMPANY,Battery Storage,200.0,200.0,200.0,2022-09-14T04:00:00+00:00,Withdrawn,,2025-07-30T04:00:00+00:00,,,Battery Storage,Not Started,,2025-09-01T04:00:00+00:00,,DPP-2022,East (ATC),Phase 1,NRIS,0.0,0.0,0.0,0.0,
J2356,,,Craighead,AR,Cash-Newport AB 161 kV line,"ENTERGY ARKANSAS, LLC EATO",Hybrid,200.0,200.0,200.0,2022-09-15T04:00:00+00:00,Withdrawn,,2023-03-24T04:00:00+00:00,,,Solar/Battery,Not Started,,2026-09-30T04:00:00+00:00,,DPP-2022,South,Phase 1,NRIS,0.0,0.0,0.0,0.0,
J2331,,,Franklin,IL,West Frankfort East Substation 345kV,AMEREN ILLINOIS,Solar,127.0,127.0,127.0,2022-09-15T04:00:00+00:00,Withdrawn,,2023-03-24T04:00:00+00:00,,,Photovoltaic,Not Started,,2026-09-15T04:00:00+00:00,,DPP-2022,Central,Phase 2,NRIS,0.0,0.0,0.0,0.0,
J2351,,,Clay,AR,AECC RECTOR NORTH - RECTOR 161kV line,,Solar,200.0,200.0,200.0,2022-09-15T04:00:00+00:00,Active,,,,,Photovoltaic,Not Started,,2026-08-01T04:00:00+00:00,,DPP-2022,South,Phase 1,NRIS,200.0,200.0,0.0,0.0,
J2350,,,Pulaski,AR,WHITE BLUFF EHV - WRIGHTSVILLE 115.0kV,"ENTERGY ARKANSAS, LLC EATO",Solar,115.5,115.5,115.5,2022-09-15T04:00:00+00:00,Active,,,,,Photovoltaic,Not Started,,2025-09-15T04:00:00+00:00,,DPP-2022,South,Phase 1,ERIS,115.5,0.0,0.0,0.0,
J2349,,,Jackson,IL,Jackson to Campbell Hill 161kV,Southern Illinois Power Cooperative,Solar,200.0,200.0,200.0,2022-09-15T04:00:00+00:00,Withdrawn,,2025-10-27T04:00:00+00:00,,,Photovoltaic,Not Started,,2026-07-31T04:00:00+00:00,,DPP-2022,Central,Phase 2,NRIS,0.0,0.0,0.0,0.0,
J3257,,,Pulaski,IN,EAST WINAMAC - MONTICELLO 138.0kV,NORTHERN INDIANA PUBLIC SERVICE COMPANY LLC NIPS,Solar,190.0,190.0,190.0,2024-04-18T04:00:00+00:00,Withdrawn,,2025-09-30T04:00:00+00:00,,,Photovoltaic,,,2026-10-01T04:00:00+00:00,,DPP-2023,Central,Study Not Started,NRIS,0.0,0.0,0.0,0.0,
J2333,,,McPherson,SD,Ellendale - Twin Brooks 345kV,OTTER TAIL POWER COMPANY OTP,Wind,200.0,200.0,200.0,2022-09-15T04:00:00+00:00,Withdrawn,,2025-10-07T04:00:00+00:00,,,Wind Turbine,Not Started,,2027-09-01T04:00:00+00:00,,DPP-2022,West,Phase 1,NRIS,0.0,0.0,0.0,0.0,
J2354,,,Marinette,WI,Crivitz,AMERICAN TRANSMISSION COMPANY,Solar,65.0,65.0,65.0,2022-09-15T04:00:00+00:00,Withdrawn,,2025-07-30T04:00:00+00:00,,,Photovoltaic,Not Started,,2024-12-01T05:00:00+00:00,,DPP-2022,East (ATC),Phase 1,NRIS,0.0,0.0,0.0,0.0,
J2352,,,Woodbury,IA,Raun - Lehigh 345 kV,MIDAMERICAN ENERGY CO. MEC,Wind,118.0,118.0,118.0,2022-09-15T04:00:00+00:00,Withdrawn,,2025-10-07T04:00:00+00:00,,,Wind Turbine,Not Started,,2026-11-01T04:00:00+00:00,,DPP-2022,West,Phase 1,NRIS,0.0,0.0,0.0,0.0,
J2337,,,St. Francois,MO,St. Francois 138kV 4ST FRANC 1 bus 345774,AMEREN MISSOURI,Battery Storage,100.0,100.0,100.0,2022-09-15T04:00:00+00:00,Withdrawn,,2025-07-28T04:00:00+00:00,,,Battery Storage,Not Started,,2026-06-30T04:00:00+00:00,,DPP-2022,Central,Phase 2,NRIS,0.0,0.0,0.0,0.0,
J2328,,,Lonoke,AR,Keo 500kV,"ENTERGY ARKANSAS, LLC EATO",Solar,150.0,150.0,150.0,2022-09-12T04:00:00+00:00,Withdrawn,,2025-07-30T04:00:00+00:00,,,Photovoltaic,Not Started,,2027-10-01T04:00:00+00:00,,DPP-2022,South,Phase 1,NRIS,0.0,0.0,0.0,0.0,
J2345,,,Marathon,WI,Gardner Park-Stone Lake 345kV,AMERICAN TRANSMISSION COMPANY,Wind,150.0,150.0,150.0,2022-09-12T04:00:00+00:00,Withdrawn,,2025-07-30T04:00:00+00:00,,,Wind Turbine,Not Started,,2028-10-01T04:00:00+00:00,,DPP-2022,East (ATC),Phase 1,NRIS,0.0,0.0,0.0,0.0,
J2355,,,Greene,IL,A Tap on 4JERSEYVL-4ROODHSE,AMEREN ILLINOIS,Solar,70.0,70.0,70.0,2022-09-14T04:00:00+00:00,Withdrawn,,2025-10-27T04:00:00+00:00,,,Photovoltaic,Not Started,,2027-11-30T05:00:00+00:00,,DPP-2022,Central,Phase 2,NRIS,0.0,0.0,0.0,0.0,
J2348,,,Webster,LA,Minden to Sarepta 115 kV,"ENTERGY LOUISIANA, LLC ELTO",Solar,225.0,225.0,225.0,2022-09-14T04:00:00+00:00,Withdrawn,,2025-07-30T04:00:00+00:00,,,Photovoltaic,Not Started,,2026-10-31T04:00:00+00:00,,DPP-2022,South,Phase 1,NRIS,0.0,0.0,0.0,0.0,
J3249,,,Vanderburgh,IN,Elliott - Francisco 138.0kV,SOUTHERN INDIANA GAS & ELECTRIC COMPANY D/B/A CENTERPOINT ENERGY INDIANA SOUTH,Battery Storage,200.0,200.0,200.0,2024-04-13T04:00:00+00:00,Active,,,,,Battery Storage,,,2028-09-01T04:00:00+00:00,,DPP-2023,Central,Study Not Started,NRIS,200.0,200.0,0.0,0.0,
J3270,,,Phillips,AR,AECC AUBREY - RITCHIE SWYD 230.0kV,"ENTERGY ARKANSAS, LLC EATO",Solar,250.0,250.0,250.0,2024-04-17T04:00:00+00:00,Withdrawn,,2025-12-23T05:00:00+00:00,,,Photovoltaic,,,2028-09-04T04:00:00+00:00,,DPP-2023,South,Study Not Started,NRIS,0.0,0.0,0.0,0.0,
J2346,,,Murray,MN,Lyon County - Cedar Mountain 345kV,NORTHERN STATES POWER COMPANY,Wind,200.0,200.0,200.0,2022-09-15T04:00:00+00:00,Active,,,,,Wind Turbine,Not Started,,2027-09-01T04:00:00+00:00,,DPP-2022,West,Phase 1,NRIS,200.0,200.0,0.0,0.0,
J2347,,,Roscommon,MI,Higgins - Mio Dam 138 kV Line,METC,Solar,40.0,40.0,40.0,2022-09-14T04:00:00+00:00,Withdrawn,,2025-08-01T04:00:00+00:00,,,Photovoltaic,Not Started,,2025-09-15T04:00:00+00:00,,DPP-2022,East (ITC),Phase 1,NRIS,0.0,0.0,0.0,0.0,
J3320,,,Ottawa,MI,ROOSEVELT,METC,Battery Storage,200.0,200.0,200.0,2024-04-18T04:00:00+00:00,Withdrawn,,2025-05-05T04:00:00+00:00,,,Battery Storage,,,2028-06-30T04:00:00+00:00,,DPP-2023,East (ITC),Study Not Started,NRIS,0.0,0.0,0.0,0.0,
J3324,,,Palo Alto,IA,PALO ALTO - KOSSUTH COUNTY 345.0kV,MIDAMERICAN ENERGY CO. MEC,Wind,200.0,200.0,200.0,2024-04-18T04:00:00+00:00,Active,,,,,Wind Turbine,,,2029-09-01T04:00:00+00:00,,DPP-2023,West,Study Not Started,NRIS,200.0,200.0,0.0,0.0,
J3358,,,De Witt,IL,Tabor,AMEREN ILLINOIS,Battery Storage,100.0,100.0,100.0,2024-04-15T04:00:00+00:00,Withdrawn,,2025-12-23T05:00:00+00:00,,,Battery Storage,,,2028-12-31T05:00:00+00:00,,DPP-2023,Central,Study Not Started,NRIS,0.0,0.0,0.0,0.0,
J3376,,,Mississippi,AR,Blytheville North,ARKANSAS ELECTRIC COOPERATIVE CORPORATION AECT,Solar,130.0,130.0,130.0,2024-04-17T04:00:00+00:00,Withdrawn,,2025-09-24T04:00:00+00:00,,,Photovoltaic,,,2028-03-31T04:00:00+00:00,,DPP-2023,South,Study Not Started,ERIS,0.0,0.0,0.0,0.0,
J3429,,,Pemiscot,MO,JIM HILL - HAYTI SOUTH 161.0kV,"ENTERGY ARKANSAS, LLC EATO",Solar,160.0,160.0,160.0,2024-04-18T04:00:00+00:00,Withdrawn,,2025-12-23T05:00:00+00:00,,,Photovoltaic,,,2028-05-31T04:00:00+00:00,,DPP-2023,South,Study Not Started,NRIS,0.0,0.0,0.0,0.0,
J3439,,,Sherburne,MN,RICE LAKE SWITCH ELSM11 - ZIMMERMAN TAP - SS2858 - ELS1 69.0kV,GREAT RIVER ENERGY,Solar,72.0,72.0,72.0,2024-04-11T04:00:00+00:00,Active,,,,,Photovoltaic,,,2026-10-31T04:00:00+00:00,,DPP-2023,West,Study Not Started,NRIS,72.0,72.0,0.0,0.0,
J3342,,,Vermilion,IL,J2192 POI,AMEREN ILLINOIS,Solar,180.0,180.0,180.0,2024-04-18T04:00:00+00:00,Active,,,,,Photovoltaic,,,2028-08-31T04:00:00+00:00,,DPP-2023,Central,Study Not Started,NRIS,110.0,110.0,0.0,0.0,
J3344,,,Knox,IL,7FARGO - 7SANDBURG 345.0kV,AMEREN TRANSMISSION COMPANY OF ILLINOIS,Battery Storage,100.0,100.0,100.0,2024-04-13T04:00:00+00:00,Active,,,,,Battery Storage,,,2028-09-01T04:00:00+00:00,,DPP-2023,Central,Study Not Started,NRIS,100.0,100.0,0.0,0.0,
J3364,,,St. Martin,LA,ST MARTINVILLE (L-625A) TAP - CADE SS 69.0kV,"ENTERGY LOUISIANA, LLC ELTO",Solar,50.0,50.0,50.0,2024-04-18T04:00:00+00:00,Withdrawn,,2025-09-30T04:00:00+00:00,,,Photovoltaic,,,2027-09-01T04:00:00+00:00,,DPP-2023,South,Study Not Started,NRIS,0.0,0.0,0.0,0.0,
J3377,,,Madison,LA,DELHI - TALLULAH 115.0kV,"ENTERGY LOUISIANA, LLC ELTO",Solar,150.0,150.0,150.0,2024-04-18T04:00:00+00:00,Withdrawn,,2025-12-23T05:00:00+00:00,,,Photovoltaic,,,2028-03-31T04:00:00+00:00,,DPP-2023,South,Study Not Started,ERIS,0.0,0.0,0.0,0.0,
J3443,,,Big Stone,MN,Big Stone South - Alexandira 345kV,OTTER TAIL POWER COMPANY OTP,Hybrid,250.0,250.0,250.0,2024-04-12T04:00:00+00:00,Active,,,,,Wind/Battery,,,2028-06-01T04:00:00+00:00,,DPP-2023,West,Study Not Started,NRIS,250.0,250.0,0.0,0.0,
J3446,,,Kent,MI,Gaines substation 138kV,METC,Battery Storage,200.0,200.0,200.0,2024-04-04T04:00:00+00:00,Withdrawn,,2025-09-12T04:00:00+00:00,,,Battery Storage,,,2028-06-30T04:00:00+00:00,,DPP-2023,East (ITC),Study Not Started,NRIS,0.0,0.0,0.0,0.0,
J3379,,,Johnson,IL,7JORD - 7MASS 345.0kV,AMEREN ILLINOIS,Solar,100.0,100.0,100.0,2024-04-18T04:00:00+00:00,Active,,,,,Photovoltaic,,,2028-02-18T05:00:00+00:00,,DPP-2023,Central,Study Not Started,ERIS,100.0,0.0,0.0,0.0,
J3435,,,Arkansas,AR,STUTTGART RICUSKEY - WOODWARD 230 SUB 230.0kV,"ENTERGY ARKANSAS, LLC EATO",Solar,210.0,210.0,210.0,2024-04-18T04:00:00+00:00,Withdrawn,,2025-09-29T04:00:00+00:00,,,Photovoltaic,,,2028-04-01T04:00:00+00:00,,DPP-2023,South,Study Not Started,NRIS,0.0,0.0,0.0,0.0,
J3437,,,Ogemaw,MI,LIVINGSTON - TITTABAWASSEE 345.0kV,METC,Hybrid,160.0,160.0,160.0,2024-05-06T04:00:00+00:00,Withdrawn,,2025-12-23T05:00:00+00:00,,,Solar/Wind/Battery,,,2027-09-30T04:00:00+00:00,,DPP-2023,East (ITC),Study Not Started,NRIS,0.0,0.0,0.0,0.0,
J3452,,,Morehouse,LA,BAXTER WILSON SES SWYD - PERRYVILLE 500 SWYD 500.0kV,"ENTERGY LOUISIANA, LLC ELTO",Battery Storage,50.0,50.0,50.0,2024-04-13T04:00:00+00:00,Withdrawn,,2025-12-23T05:00:00+00:00,,,Battery Storage,,,2028-09-01T04:00:00+00:00,,DPP-2023,South,Study Not Started,NRIS,0.0,0.0,0.0,0.0,
R5098,,,,,,"ENTERGY ARKANSAS, LLC EATO",,0.0,0.0,0.0,2026-05-26T04:00:00+00:00,Active,,,,,,,,2028-06-30T04:00:00+00:00,,NO_CYCLE,NO_GROUP,,NRIS,0.0,0.0,0.0,0.0,
S1157,,,,TX,,"ENTERGY TEXAS, INC. ETTO",,534.0,534.0,534.0,2026-04-13T22:36:28+00:00,Active,,,,,,,,2026-08-29T04:00:00+00:00,,,,,SIS,0.0,0.0,0.0,0.0,
S1171,,,,,White Bluff EHV 500MW,"ENTERGY ARKANSAS, LLC EATO",,0.0,0.0,0.0,2026-05-26T04:00:00+00:00,Active,,,,,,,,2028-06-30T04:00:00+00:00,,NO_CYCLE,NO_GROUP,,SIS,0.0,0.0,0.0,0.0,
J3809,,,Mason,IL,Winnebago,AMEREN ILLINOIS,Wind,199.99,199.99,199.99,2024-04-17T04:00:00+00:00,Withdrawn,,2026-06-03T04:00:00+00:00,,,Wind Turbine,,,2028-09-01T04:00:00+00:00,,DPP-2023,Central,Study Not Started,NRIS,0.0,0.0,0.0,0.0,
J3729,,,Franklin,IL,Benton Northwest,AMEREN ILLINOIS,Battery Storage,200.0,200.0,200.0,2024-04-18T04:00:00+00:00,Pending Revision Approval,,,,,Battery Storage,,,2028-02-01T05:00:00+00:00,,DPP-2023,Central,Study Not Started,NRIS,200.0,200.0,0.0,0.0,
S1156,,,,TX,,"ENTERGY TEXAS, INC. ETTO",,632.0,632.0,632.0,2026-04-13T22:38:55+00:00,Active,,,,,,,,2026-08-29T04:00:00+00:00,,,,,SIS,0.0,0.0,0.0,0.0,
J3719,,,Miami,IN,Greentown  - Walton. 230.0kV,"DUKE ENERGY INDIANA, LLC CIN",Solar,200.0,200.0,200.0,2024-03-20T04:00:00+00:00,Active,,,,,Photovoltaic,,,2028-09-01T04:00:00+00:00,,DPP-2023,Central,Study Not Started,NRIS,200.0,200.0,0.0,0.0,
J3884,,,Benton,MN,BENTON COUNTY 345 - START DBL CKT W/EW LINE 345.0kV,GREAT RIVER ENERGY,Solar,300.0,300.0,300.0,2025-02-09T05:00:00+00:00,Withdrawn,,2026-04-15T04:00:00+00:00,,,Photovoltaic,,,2030-09-30T04:00:00+00:00,,DPP-2025,West,Phase 1,NRIS,0.0,0.0,0.0,0.0,
J3721,,,Spencer,IN,Culley - Dubois 138.0kV,AMEREN ILLINOIS,Solar,200.0,200.0,200.0,2024-03-20T04:00:00+00:00,Withdrawn,,2025-12-23T05:00:00+00:00,,,Photovoltaic,,,2028-09-01T04:00:00+00:00,,DPP-2023,Central,Study Not Started,NRIS,0.0,0.0,0.0,0.0,
J3720,,,Ralls,MO,5SPALDNG (AECI) - 5PENOCRK  161.0kV,AMEREN MISSOURI,Solar,200.0,200.0,200.0,2024-03-18T04:00:00+00:00,Withdrawn,,2025-12-23T05:00:00+00:00,,,Photovoltaic,,,2028-09-01T04:00:00+00:00,,DPP-2023,Central,Study Not Started,NRIS,0.0,0.0,0.0,0.0,
J3873,,,Gibson,IN,Owensville Primary,HOOSIER ENERGY,Battery Storage,200.0,200.0,200.0,2024-12-19T05:00:00+00:00,Pending Revision Approval,,,,,Battery Storage,,,2029-06-01T04:00:00+00:00,,DPP-2025,Central,Phase 1,NRIS,200.0,200.0,0.0,0.0,
J3521,,,Shelby,IL,Neoga,AMEREN ILLINOIS,Wind,350.0,350.0,350.0,2024-04-18T04:00:00+00:00,Active,,,,,Wind Turbine,,,2028-09-15T04:00:00+00:00,,DPP-2023,Central,Study Not Started,NRIS,350.0,200.0,0.0,0.0,
J3723,,,Wexford,MI,KEYSTONE - LUDINGTON 345.0kV,METC,Solar,300.0,300.0,300.0,2024-04-15T04:00:00+00:00,Active,,,,,Photovoltaic,,,2028-09-01T04:00:00+00:00,,DPP-2023,East (ITC),Study Not Started,NRIS,300.0,300.0,0.0,0.0,
J3543,,,Dakota,MN,Chub Lake 115 kV,GREAT RIVER ENERGY,Battery Storage,135.0,135.0,135.0,2024-04-18T04:00:00+00:00,Active,,,,,Battery Storage,,,2028-06-30T04:00:00+00:00,,DPP-2023,West,Study Not Started,NRIS,135.0,135.0,0.0,0.0,
J3602,,,McLean,IL,Other_,AMEREN ILLINOIS,Wind,110.0,110.0,110.0,2024-04-17T04:00:00+00:00,Pending Transfer,,,,,Wind Turbine,,,2028-04-01T04:00:00+00:00,,DPP-2023,Central,Study Not Started,NRIS,110.0,110.0,0.0,0.0,
J3601,,,Morehouse,LA,OAK RIDGE (LA) - SWARTZ 115.0kV,"ENTERGY LOUISIANA, LLC ELTO",Solar,200.0,200.0,200.0,2024-04-16T04:00:00+00:00,Active,,,,,Photovoltaic,,,2028-09-01T04:00:00+00:00,,DPP-2023,South,Study Not Started,NRIS,200.0,0.0,0.0,0.0,
J3841,,,Richland,LA,Smalling 230kV Substation,"ENTERGY MISSISSIPPI, LLC. EMTO",Gas,770.0,735.0,770.0,2024-10-31T04:00:00+00:00,Withdrawn,,2025-09-11T04:00:00+00:00,,,Combined Cycle,,,2028-01-31T05:00:00+00:00,,DPP-2025,South,Phase 1,ERIS,0.0,0.0,0.0,0.0,
J3529,,,Mahnomen,MN,Mahnomen - Winger 115.0kV,OTTER TAIL POWER COMPANY OTP,Solar,64.0,64.0,64.0,2024-05-20T04:00:00+00:00,Active,,,,,Photovoltaic,,,2028-05-30T04:00:00+00:00,,DPP-2023,West,Study Not Started,NRIS,64.0,64.0,0.0,0.0,
J3599,,,Craighead,AR,Lunsford,ARKANSAS ELECTRIC COOPERATIVE CORPORATION AECT,Solar,60.0,60.0,60.0,2024-04-10T04:00:00+00:00,Withdrawn,,2025-09-29T04:00:00+00:00,,,Photovoltaic,,,2027-06-01T04:00:00+00:00,,DPP-2023,South,Study Not Started,ERIS,0.0,0.0,0.0,0.0,
J3844,,,St. Joseph,MI,BATAVIA - MORROW  138.0kV,METC,Solar,150.0,150.0,150.0,2024-11-26T05:00:00+00:00,Active,,,,,Photovoltaic,,,2029-04-01T04:00:00+00:00,,DPP-2025,East (ITC),Phase 1,NRIS,150.0,150.0,0.0,0.0,
J3854,,,Mason,IL,4PURO - 4HAVANA3 138.0kV,AMEREN ILLINOIS,Wind,44.33,44.33,44.33,2024-12-26T05:00:00+00:00,Withdrawn,,2025-04-09T04:00:00+00:00,,,Wind Turbine,,,2028-01-03T05:00:00+00:00,,DPP-2025,Central,Phase 1,NRIS,0.0,0.0,0.0,0.0,
J3855,,,Madison,MS,CANTON - PICKENS 230.0kV,"ENTERGY MISSISSIPPI, LLC. EMTO",Solar,197.5,197.5,197.5,2024-12-26T05:00:00+00:00,Withdrawn,,2025-12-31T05:00:00+00:00,,,Photovoltaic,,,2028-03-01T05:00:00+00:00,,DPP-2025,South,Phase 1,ERIS,0.0,0.0,0.0,0.0,
J3799,,,Livingston,MI,BLACKFOOT - MADRID 345.0kV,ITC,Gas,1452.0,1452.0,1452.0,2024-04-18T04:00:00+00:00,Pending Revision Approval,,,,,Combined Cycle,,,2030-04-01T04:00:00+00:00,,DPP-2025,East (ITC),Phase 1,NRIS,1452.0,1452.0,0.0,0.0,
J3600,,,Morehouse,LA,OAK RIDGE (LA) - SWARTZ 115.0kV,"ENTERGY LOUISIANA, LLC ELTO",Battery Storage,50.0,50.0,50.0,2024-04-16T04:00:00+00:00,Withdrawn,,2025-09-29T04:00:00+00:00,,,Battery Storage,,,2028-09-01T04:00:00+00:00,,DPP-2023,South,Study Not Started,NRIS,0.0,0.0,0.0,0.0,
J3858,,,Livingston,MI,Madrid Substation 120 kV - Bus number 265650,ITC,Solar,110.0,110.0,110.0,2024-12-18T05:00:00+00:00,Withdrawn,,2026-07-22T04:00:00+00:00,,,Photovoltaic,,,2029-06-01T04:00:00+00:00,,DPP-2025,East (ITC),Phase 1,NRIS,0.0,0.0,0.0,0.0,
J3850,,,Pine,MN,ROCK CREEK,NORTHERN STATES POWER COMPANY,Solar,150.0,150.0,150.0,2024-12-31T05:00:00+00:00,Withdrawn,,2026-04-15T04:00:00+00:00,,,Photovoltaic,,,2030-06-30T04:00:00+00:00,,DPP-2025,West,Phase 1,NRIS,0.0,0.0,0.0,0.0,
J3825,,,Hinds,MS,230kV Greenacres Substation,"ENTERGY MISSISSIPPI, LLC. EMTO",Gas,770.0,730.0,770.0,2024-04-17T04:00:00+00:00,Withdrawn,,2025-09-24T04:00:00+00:00,,,Combined-Cycle – Steam Plant,,,2028-01-01T05:00:00+00:00,,DPP-2023,South,Study Not Started,NRIS,0.0,0.0,0.0,0.0,
J2341,,,Arkansas,AR,Ricuskey-Woodward 230kV,"ENTERGY ARKANSAS, LLC EATO",Solar,75.0,75.0,75.0,2022-09-13T04:00:00+00:00,Withdrawn,,2025-07-30T04:00:00+00:00,,,Photovoltaic,Not Started,,2026-10-01T04:00:00+00:00,,DPP-2022,South,Phase 1,NRIS,0.0,0.0,0.0,0.0,
J2340,,,Rush,IN,RUSHVILLE 69 kV - HEMILROY 69 kV,"DUKE ENERGY INDIANA, LLC CIN",Solar,43.0,43.0,43.0,2022-09-14T04:00:00+00:00,Withdrawn,,2025-10-27T04:00:00+00:00,,,Photovoltaic,Not Started,,2027-08-01T04:00:00+00:00,,DPP-2022,Central,Phase 2,NRIS,0.0,0.0,0.0,0.0,
J2357,,,Lafourche,LA,Thibodaux 230 kV Substation,"ENTERGY LOUISIANA, LLC ELTO",Battery Storage,200.0,200.0,200.0,2022-09-15T04:00:00+00:00,Withdrawn,,2025-07-30T04:00:00+00:00,,,Battery Storage,Not Started,,2027-05-01T04:00:00+00:00,,DPP-2022,South,Phase 1,NRIS,0.0,0.0,0.0,0.0,
J2353,,,White,IN,REYNOLDS - BURR OAK 345.0kV,NORTHERN INDIANA PUBLIC SERVICE COMPANY LLC NIPS,Solar,190.0,190.0,190.0,2022-09-15T04:00:00+00:00,Active,,,,,Photovoltaic,Not Started,,2026-05-01T04:00:00+00:00,,DPP-2022,Central,Phase 2,NRIS,190.0,190.0,0.0,0.0,
J3242,,,Tazewell,IL,Flint 138 kv,AMEREN ILLINOIS,Battery Storage,150.0,150.0,150.0,2024-04-17T04:00:00+00:00,Withdrawn,,2025-05-05T04:00:00+00:00,,,Battery Storage,,,2028-06-30T04:00:00+00:00,,DPP-2023,Central,Study Not Started,NRIS,0.0,0.0,0.0,0.0,
J3243,,,Parke,IN,Other_,"DUKE ENERGY INDIANA, LLC CIN",Battery Storage,150.0,150.0,150.0,2024-03-27T04:00:00+00:00,Withdrawn,,2025-12-23T05:00:00+00:00,,,Battery Storage,,,2028-06-30T04:00:00+00:00,,DPP-2023,Central,Study Not Started,NRIS,0.0,0.0,0.0,0.0,
J3475,,,Mason,IL,Indian Creek,"PRAIRIE POWER, INC. PPI",Solar,200.0,200.0,200.0,2024-04-18T04:00:00+00:00,Withdrawn,,2025-07-31T04:00:00+00:00,,,Photovoltaic,,,2028-05-13T04:00:00+00:00,,DPP-2023,Central,Study Not Started,NRIS,0.0,0.0,0.0,0.0,
J3474,,,Allegan,MI,BUCK CREEK - HAZELWOOD 138.0kV,METC,Solar,128.0,128.0,128.0,2024-04-18T04:00:00+00:00,Withdrawn,,2025-12-23T05:00:00+00:00,,,Photovoltaic,,,2028-09-15T04:00:00+00:00,,DPP-2023,East (ITC),Study Not Started,NRIS,0.0,0.0,0.0,0.0,
J3266,,,Sargent,ND,Forman 230 kV Substation,OTTER TAIL POWER COMPANY OTP,Battery Storage,175.0,175.0,175.0,2024-04-11T04:00:00+00:00,Withdrawn,,2025-12-23T05:00:00+00:00,,,Battery Storage,,,2028-08-17T04:00:00+00:00,,DPP-2023,West,Study Not Started,NRIS,0.0,0.0,0.0,0.0,
J3315,,,Pike,MS,COLONIAL PIPELINE - FERNWOOD 115.0kV,"ENTERGY MISSISSIPPI, LLC. EMTO",Solar,150.0,150.0,150.0,2024-04-18T04:00:00+00:00,Withdrawn,,2025-07-09T04:00:00+00:00,,,Photovoltaic,,,2026-10-01T04:00:00+00:00,,DPP-2023,South,Study Not Started,NRIS,0.0,0.0,0.0,0.0,
J3359,,,Tazewell,IL,Eastern Substation 138 kV,AMEREN ILLINOIS,Battery Storage,80.0,80.0,80.0,2024-04-15T04:00:00+00:00,Withdrawn,,2025-09-30T04:00:00+00:00,,,Battery Storage,,,2030-12-31T05:00:00+00:00,,DPP-2023,Central,Study Not Started,NRIS,0.0,0.0,0.0,0.0,
J3445,,,Olmsted,MN,Westside,GridUnity,Gas,49.0,45.0,49.0,2024-04-11T04:00:00+00:00,Withdrawn,,2025-09-24T04:00:00+00:00,,,Combustion Turbine (Simple Cycle),,,2028-08-01T04:00:00+00:00,,DPP-2023,West,Study Not Started,NRIS,0.0,0.0,0.0,0.0,
J3453,,,Holmes,MS,INDIANOLA 230/115 SUB - MCADAMS EHV 230.0kV,"ENTERGY MISSISSIPPI, LLC. EMTO",Battery Storage,100.0,100.0,100.0,2024-04-13T04:00:00+00:00,Withdrawn,,2025-09-29T04:00:00+00:00,,,Battery Storage,,,2028-09-01T04:00:00+00:00,,DPP-2023,South,Study Not Started,NRIS,0.0,0.0,0.0,0.0,
R5092,,,Washington,,4JORD - 4ASHLEY 138.0kV,NORTHERN STATES POWER COMPANY,,185.0,185.0,185.0,2026-04-10T09:43:08+00:00,Active,,,,,,,,2024-06-30T04:00:00+00:00,,NO_CYCLE,NO_GROUP,,NRIS,0.0,0.0,0.0,0.0,
J3258,,,Ottawa,MI,TYLER,METC,Battery Storage,200.0,200.0,200.0,2024-04-17T04:00:00+00:00,Withdrawn,,2025-12-22T05:00:00+00:00,,,Battery Storage,,,2028-09-06T04:00:00+00:00,,DPP-2023,East (ITC),Study Not Started,NRIS,0.0,0.0,0.0,0.0,
J3265,,,Brookings,SD,BROOKINGS COUNTY,NORTHERN STATES POWER COMPANY,Battery Storage,175.0,175.0,175.0,2024-04-11T04:00:00+00:00,Withdrawn,,2025-12-23T05:00:00+00:00,,,Battery Storage,,,2028-08-17T04:00:00+00:00,,DPP-2023,West,Study Not Started,NRIS,0.0,0.0,0.0,0.0,
J3272,,,Concordia,LA,VIDALIA,"ENTERGY LOUISIANA, LLC ELTO",Solar,85.0,85.0,85.0,2024-04-10T04:00:00+00:00,Withdrawn,,2025-08-18T04:00:00+00:00,,,Photovoltaic,,,2028-04-09T04:00:00+00:00,,DPP-2023,South,Study Not Started,NRIS,0.0,0.0,0.0,0.0,
J3271,,,Mississippi,AR,AECC Dell 161kV - Nucor-Yamato 161kV Switching Station 161.0kV,ARKANSAS ELECTRIC COOPERATIVE CORPORATION AECT,Solar,230.0,230.0,230.0,2024-04-17T04:00:00+00:00,Withdrawn,,2025-09-03T04:00:00+00:00,,,Photovoltaic,,,2028-09-04T04:00:00+00:00,,DPP-2023,South,Study Not Started,NRIS,0.0,0.0,0.0,0.0,
J3805,,,Fayette,IL,Coffeen North-Ramsey East-4557,AMEREN ILLINOIS,Solar,250.0,250.0,250.0,2024-03-27T04:00:00+00:00,Active,,,,,Photovoltaic,,,2027-09-01T04:00:00+00:00,,DPP-2023,Central,Study Not Started,NRIS,250.0,250.0,0.0,0.0,
J3728,,,Franklin,IL,Ameren E. West Frankfort - Franklin 138.0kV,Southern Illinois Power Cooperative,Battery Storage,400.0,400.0,400.0,2024-04-18T04:00:00+00:00,Withdrawn,,2025-09-30T04:00:00+00:00,,,Battery Storage,,,2028-02-01T05:00:00+00:00,,DPP-2023,Central,Study Not Started,NRIS,0.0,0.0,0.0,0.0,
J3343,,,Knox,IL,4MONM BLVD W - 4CASTRO_JCT 138.0kV,AMEREN ILLINOIS,Solar,100.0,100.0,100.0,2024-03-27T04:00:00+00:00,Withdrawn,,2025-09-29T04:00:00+00:00,,,Photovoltaic,,,2028-09-01T04:00:00+00:00,,DPP-2023,Central,Study Not Started,NRIS,0.0,0.0,0.0,0.0,
J3365,,,Tangipahoa,LA,AMITE - KENTWOOD 115.0kV,"ENTERGY LOUISIANA, LLC ELTO",Solar,100.0,100.0,100.0,2024-03-27T04:00:00+00:00,Withdrawn,,2025-09-05T04:00:00+00:00,,,Photovoltaic,,,2028-06-30T04:00:00+00:00,,DPP-2023,South,Study Not Started,NRIS,0.0,0.0,0.0,0.0,
J3604,,,Sullivan,IN,Merom (HED) -  Dresser 345.0kV,"DUKE ENERGY INDIANA, LLC CIN",Gas,650.0,650.0,650.0,2024-04-18T04:00:00+00:00,Active,,,,,Combined Cycle,,,2027-09-01T04:00:00+00:00,,DPP-2023,Central,Study Not Started,NRIS,650.0,650.0,0.0,0.0,
J3603,,,Morehouse,LA,OAK RIDGE (LA) - STERLINGTON 115 SWYD 115.0kV,"ENTERGY LOUISIANA, LLC ELTO",Solar,175.0,175.0,175.0,2024-04-16T04:00:00+00:00,Withdrawn,,2025-12-23T05:00:00+00:00,,,Photovoltaic,,,2028-09-15T04:00:00+00:00,,DPP-2023,South,Study Not Started,NRIS,0.0,0.0,0.0,0.0,
J3368,,,St. Landry,LA,Ville Platte - West Fork 230.0kV,CLECO POWER LLC CLEC,Wind,199.9,199.9,199.9,2024-04-18T04:00:00+00:00,Active,,,,,Wind Turbine,,,2028-10-30T04:00:00+00:00,,DPP-2023,South,Study Not Started,NRIS,199.9,199.9,0.0,0.0,
J3378,,,Jackson,LA,DANVILLE [LA],"ENTERGY LOUISIANA, LLC ELTO",Solar,140.0,140.0,140.0,2024-04-18T04:00:00+00:00,Withdrawn,,2025-12-23T05:00:00+00:00,,,Photovoltaic,,,2028-03-31T04:00:00+00:00,,DPP-2023,South,Study Not Started,ERIS,0.0,0.0,0.0,0.0,
J3859,,,Branch,MI,Other_,METC,Solar,200.0,200.0,200.0,2024-12-17T05:00:00+00:00,Pending Revision Approval,,,,,Photovoltaic,,,2028-10-01T04:00:00+00:00,,DPP-2025,East (ITC),Phase 1,NRIS,200.0,200.0,0.0,0.0,
J3852,,,Tuscola,MI,KIRK,ITC,Solar,200.0,200.0,200.0,2024-12-31T05:00:00+00:00,Withdrawn,,2026-04-15T04:00:00+00:00,,,Photovoltaic,,,2030-06-30T04:00:00+00:00,,DPP-2025,East (ITC),Phase 1,NRIS,0.0,0.0,0.0,0.0,
J3451,,,Alcona,MI,IOSCO - SPRUCE ROAD 138.0kV,METC,Solar,120.0,120.0,120.0,2024-04-05T04:00:00+00:00,Active,,,,,Photovoltaic,,,2027-04-01T04:00:00+00:00,,DPP-2023,East (ITC),Study Not Started,NRIS,120.0,120.0,0.0,0.0,
J3448,,,Grant,WI,NELSON DEWEY (ATC) - GRAN GRAE (ATC) 161.0kV,DAIRYLAND POWER COOPERATIVE DPC,Wind,180.0,180.0,180.0,2024-04-18T04:00:00+00:00,Active,,,,,Wind Turbine,,,2028-08-31T04:00:00+00:00,,DPP-2023,West,Study Not Started,NRIS,180.0,140.0,0.0,0.0,
J3835,,,Saginaw,MI,Other_,ITC,Solar,130.0,130.0,130.0,2024-07-18T04:00:00+00:00,Active,,,,,Photovoltaic,,,2028-11-01T04:00:00+00:00,,DPP-2025,East (ITC),Phase 1,NRIS,100.0,100.0,0.0,0.0,
J3836,,,Eaton,MI,ONEIDA,METC,Battery Storage,250.0,250.0,250.0,2024-10-24T04:00:00+00:00,Active,,,,,Battery Storage,,,2028-10-06T04:00:00+00:00,,DPP-2025,East (ITC),Phase 1,NRIS,250.0,250.0,0.0,0.0,
J3837,,,Van Buren,MI,ARGENTA - PALISADES 345.0kV,METC,Solar,200.0,200.0,200.0,2024-12-02T05:00:00+00:00,Active,,,,,Photovoltaic,,,2029-06-01T04:00:00+00:00,,DPP-2025,East (ITC),Phase 1,NRIS,200.0,200.0,0.0,0.0,
J3800,,,Baraga,MI,Silver River,AMERICAN TRANSMISSION COMPANY,Gas,1.8,1.8,1.8,2024-04-17T04:00:00+00:00,Active,,,,,Combustion Turbine (Simple Cycle),,,2019-01-21T05:00:00+00:00,,DPP-2023,East (ATC),Study Not Started,NRIS,1.8,1.8,0.0,0.0,
J3460,,,St. Clair,MI,FITZ,ITC,Battery Storage,290.0,290.0,290.0,2024-04-16T04:00:00+00:00,Withdrawn,,2025-12-23T05:00:00+00:00,,,Battery Storage,,,2028-09-15T04:00:00+00:00,,DPP-2023,East (ITC),Study Not Started,NRIS,0.0,0.0,0.0,0.0,
J3489,,,McDonough,IL,Other_,AMEREN TRANSMISSION COMPANY OF ILLINOIS,Solar,105.0,105.0,105.0,2024-04-15T04:00:00+00:00,Withdrawn,,2025-09-30T04:00:00+00:00,,,Photovoltaic,,,2028-09-15T04:00:00+00:00,,DPP-2023,Central,Study Not Started,NRIS,0.0,0.0,0.0,0.0,
J3425,,,Jasper,TX,Peachtree Substation,"EAST TEXAS ELECTRIC COOPERATIVE, INC.ETCT",Solar,59.2,59.2,59.2,2024-04-10T04:00:00+00:00,Withdrawn,,2025-09-29T04:00:00+00:00,,,Photovoltaic,,,2027-06-01T04:00:00+00:00,,DPP-2023,South,Study Not Started,ERIS,0.0,0.0,0.0,0.0,
J4258,,,,,,"ENTERGY TEXAS, INC. ETTO",,787.3,787.3,787.3,2026-08-06T21:56:48+00:00,Active,,,,,,,,2031-02-22T05:00:00+00:00,,DPP-2026,South,,NRIS,0.0,0.0,0.0,0.0,
J3871,,,St. Charles,LA,WATERFORD 500 SS,"ENTERGY LOUISIANA, LLC ELTO",Gas,770.0,735.0,770.0,2024-12-19T05:00:00+00:00,Withdrawn,,2025-09-24T04:00:00+00:00,,,Combined-Cycle – Steam Plant,,,2028-11-30T05:00:00+00:00,,DPP-2025,South,Phase 1,NRIS,0.0,0.0,0.0,0.0,
J3722,,,Hillsdale,MI,COLDWATER - MOORE ROAD 138.0kV,METC,Solar,150.0,150.0,150.0,2024-03-27T04:00:00+00:00,Active,,,,,Photovoltaic,,,2028-09-01T04:00:00+00:00,,DPP-2023,East (ITC),Study Not Started,NRIS,150.0,150.0,0.0,0.0,
J3527,,,Allamakee,IA,Lansing - Postville (DPC) 161kV,ITC MIDWEST,Wind,136.0,136.0,136.0,2024-04-16T04:00:00+00:00,Withdrawn,,2025-12-23T05:00:00+00:00,,,Wind Turbine,,,2027-03-01T05:00:00+00:00,,DPP-2023,West,Study Not Started,NRIS,0.0,0.0,0.0,0.0,
J3528,,,Jasper,IL,7CASEY    - 7NEWTON   345.0kV,AMEREN ILLINOIS,Hybrid,225.0,225.0,225.0,2024-04-15T04:00:00+00:00,Active,,,,,Solar/Battery,,,2026-12-30T05:00:00+00:00,,DPP-2023,Central,Study Not Started,NRIS,225.0,225.0,0.0,0.0,
J3598,,,McLean,IL,Other_,AMEREN ILLINOIS,Wind,9.0,9.0,9.0,2024-04-17T04:00:00+00:00,Withdrawn,,2025-02-19T05:00:00+00:00,,,Wind Turbine,,,2028-04-01T04:00:00+00:00,,DPP-2023,Central,Study Not Started,NRIS,0.0,0.0,0.0,0.0,
J3605,,,Liberty,TX,JACINTO,"ENTERGY TEXAS, INC. ETTO",Gas,465.0,430.0,465.0,2024-04-17T04:00:00+00:00,Withdrawn,,2025-09-24T04:00:00+00:00,,,Combustion Turbine (Simple Cycle),,,2027-10-15T04:00:00+00:00,,DPP-2023,South,Study Not Started,NRIS,0.0,0.0,0.0,0.0,
J3843,,,Saginaw,MI,GOSS - SLATE 345.0kV,METC,Solar,300.0,300.0,300.0,2024-11-21T05:00:00+00:00,Active,,,,,Photovoltaic,,,2027-11-01T04:00:00+00:00,,DPP-2025,East (ITC),Phase 1,NRIS,300.0,300.0,0.0,0.0,
J3842,,,Richland,LA,Smalling 230kV Substation,"ENTERGY MISSISSIPPI, LLC. EMTO",Gas,770.0,735.0,770.0,2024-10-31T04:00:00+00:00,Withdrawn,,2025-09-11T04:00:00+00:00,,,Combined Cycle,,,2028-01-31T05:00:00+00:00,,DPP-2025,South,Phase 1,ERIS,0.0,0.0,0.0,0.0,
J3857,,,Iosco,MI,ALCONA - WHITTEMORE 138.0kV,METC,Solar,105.0,105.0,105.0,2024-12-26T05:00:00+00:00,Withdrawn,,2026-04-16T04:00:00+00:00,,,Photovoltaic,,,2030-04-01T04:00:00+00:00,,DPP-2025,East (ITC),Phase 1,NRIS,0.0,0.0,0.0,0.0,
J3851,,,McDonough,IL,Macomb West,AMEREN ILLINOIS,Battery Storage,200.0,200.0,200.0,2024-12-31T05:00:00+00:00,Withdrawn,,2025-12-19T05:00:00+00:00,,,Battery Storage,,,2030-06-30T04:00:00+00:00,,DPP-2025,Central,Phase 1,NRIS,0.0,0.0,0.0,0.0,
J3856,,,Wabash,IL,08GIBSON (PSI) - 7ALBION   345.0kV,AMEREN ILLINOIS,Wind,235.0,235.0,235.0,2024-12-26T05:00:00+00:00,Active,,,,,Wind Turbine,,,2030-04-01T04:00:00+00:00,,DPP-2025,Central,Phase 1,NRIS,235.0,153.0,0.0,0.0,
J3458,,,Cross,AR,TWIST - PARKIN 161.0kV,"ENTERGY ARKANSAS, LLC EATO",Solar,170.0,170.0,170.0,2024-04-18T04:00:00+00:00,Withdrawn,,2025-09-25T04:00:00+00:00,,,Solar/Battery,,,2028-01-01T05:00:00+00:00,,DPP-2023,South,Study Not Started,NRIS,0.0,0.0,0.0,0.0,
J4114,,,Washington,IA,SUB T HASKINS,MIDAMERICAN ENERGY CO. MEC,Gas,525.0,525.0,525.0,2025-10-06T04:00:00+00:00,Active,,,,,Combustion Turbine (Simple Cycle),,,2030-07-31T04:00:00+00:00,,DPP-2025,West,Phase 1,NRIS,525.0,525.0,0.0,0.0,
J4112,,,Rock Island,IL,OAK GROVE - SUB 93 LOUISA 345.0kV,MIDAMERICAN ENERGY CO. MEC,Wind,300.0,300.0,300.0,2025-10-07T04:00:00+00:00,Withdrawn,,2026-08-25T04:00:00+00:00,,,Wind Turbine,,,2030-10-15T04:00:00+00:00,,DPP-2026,West,,NRIS,0.0,0.0,0.0,0.0,
J3748,,,Washington,MS,Gerald Andrus 230 kV,"ENTERGY MISSISSIPPI, LLC. EMTO",Hybrid,200.0,200.0,200.0,2024-04-18T04:00:00+00:00,Withdrawn,,2025-12-23T05:00:00+00:00,,,Solar/Battery,,,2028-03-01T05:00:00+00:00,,DPP-2023,South,Study Not Started,NRIS,0.0,0.0,0.0,0.0,
J3764,,,Madison,MS,Andes Substation 230 kV,"ENTERGY MISSISSIPPI, LLC. EMTO",Hybrid,170.0,170.0,170.0,2024-04-18T04:00:00+00:00,Active,,,,,Solar/Battery,,,2028-03-01T05:00:00+00:00,,DPP-2023,South,Study Not Started,NRIS,170.0,170.0,0.0,0.0,
J3476,,,St. Croix,WI,Pine Lake Tap - APPLE RIVER  (DPC) 161.0kV,NORTHERN STATES POWER COMPANY,Solar,150.0,150.0,150.0,2024-04-17T04:00:00+00:00,Withdrawn,,2025-09-29T04:00:00+00:00,,,Photovoltaic,,,2028-09-15T04:00:00+00:00,,DPP-2023,West,Study Not Started,NRIS,0.0,0.0,0.0,0.0,
J3741,,,Cleveland,AR,WOODWARD 115 SUB - RISON 115.0kV,"ENTERGY ARKANSAS, LLC EATO",Solar,155.0,155.0,155.0,2024-04-18T04:00:00+00:00,Withdrawn,,2025-09-26T04:00:00+00:00,,,Photovoltaic,,,2028-09-30T04:00:00+00:00,,DPP-2023,South,Study Not Started,NRIS,0.0,0.0,0.0,0.0,
J3459,,,Craighead,AR,CASH - NEWPORT AB 161.0kV,"ENTERGY ARKANSAS, LLC EATO",Solar,200.0,200.0,200.0,2024-04-17T04:00:00+00:00,Withdrawn,,2025-09-29T04:00:00+00:00,,,Photovoltaic,,,2028-09-15T04:00:00+00:00,,DPP-2023,South,Study Not Started,NRIS,0.0,0.0,0.0,0.0,
J3742,,,Otter Tail,MN,Wahpeton - Fergus Falls 230.0kV,OTTER TAIL POWER COMPANY OTP,Hybrid,160.0,160.0,160.0,2024-06-06T04:00:00+00:00,Active,,,,,Solar/Battery,,,2028-12-15T05:00:00+00:00,,DPP-2023,West,Study Not Started,NRIS,160.0,160.0,0.0,0.0,
J3473,,,Bay,MI,Other_,ITC,Solar,150.0,150.0,150.0,2024-04-18T04:00:00+00:00,Pending Revision Approval,,,,,Photovoltaic,,,2028-11-01T04:00:00+00:00,,DPP-2023,East (ITC),Study Not Started,NRIS,150.0,150.0,0.0,0.0,
J3503,,,Newton,IN,Morrison Ditch 345 kV substation (LRTP projects 15 & 16) - BUS #255210,NORTHERN INDIANA PUBLIC SERVICE COMPANY LLC NIPS,Solar,200.0,200.0,200.0,2024-04-18T04:00:00+00:00,Withdrawn,,2025-09-30T04:00:00+00:00,,,Photovoltaic,,,2028-09-30T04:00:00+00:00,,DPP-2023,Central,Study Not Started,NRIS,0.0,0.0,0.0,0.0,
J3763,,,Wayne,MI,DBGEN GIS,ITC,Waste Heat Recovery,7.5,7.5,7.5,2024-04-18T04:00:00+00:00,Active,,,,,Combined-Cycle – Steam Plant,,,2026-06-01T04:00:00+00:00,,DPP-2023,East (ITC),Study Not Started,NRIS,7.5,7.5,0.0,0.0,
J3761,,,Ogemaw,MI,GALLAGHER - TWINING 138.0kV,METC,Solar,145.8,145.8,145.8,2024-04-05T04:00:00+00:00,Active,,,,,Photovoltaic,,,2027-11-01T04:00:00+00:00,,DPP-2023,East (ITC),Study Not Started,NRIS,145.8,145.8,0.0,0.0,
J4111,,,Hot Spring,AR,SHERIDAN EHV - MAGNET COVE 500.0kV,"ENTERGY ARKANSAS, LLC",Gas,650.0,650.0,650.0,2025-10-07T04:00:00+00:00,Withdrawn,,2025-12-19T05:00:00+00:00,,,Combined Cycle,,,2030-06-30T04:00:00+00:00,,DPP-2025,South,Phase 1,NRIS,0.0,0.0,0.0,0.0,
J4113,,,Cerro Gordo,IA,Killdeer,ITC MIDWEST,Gas,787.4,787.4,787.4,2025-10-06T04:00:00+00:00,Active,,,,,Combustion Turbine (Simple Cycle),,,2028-06-30T04:00:00+00:00,,DPP-2025,West,Phase 1,NRIS,525.0,525.0,0.0,0.0,
J3552,,,McLeod,MN,Hutchinson Municipal - GRE Big Swan 115.0kV,GREAT RIVER ENERGY,Solar,112.0,112.0,112.0,2024-04-16T04:00:00+00:00,Active,,,,,Photovoltaic,,,2028-10-31T04:00:00+00:00,,DPP-2023,West,Study Not Started,NRIS,112.0,112.0,0.0,0.0,
J3555,,,Boone,IA,BEAVER CREEK,MIDAMERICAN ENERGY CO. MEC,Wind,84.0,84.0,84.0,2024-04-18T04:00:00+00:00,Withdrawn,,2025-07-09T04:00:00+00:00,,,Wind Turbine,,,2027-10-30T04:00:00+00:00,,DPP-2023,West,Study Not Started,NRIS,0.0,0.0,0.0,0.0,
J3765,,,St. James,LA,ST JAMES,"ENTERGY LOUISIANA, LLC ELTO",Hybrid,8.0,8.0,8.0,2024-04-18T04:00:00+00:00,Withdrawn,,2025-09-26T04:00:00+00:00,,,Combustion Turbine (Simple Cycle),,,2024-04-18T04:00:00+00:00,,DPP-2023,South,Study Not Started,ERIS,0.0,0.0,0.0,0.0,
J3756,,,Marquette,MI,Huron,AMERICAN TRANSMISSION COMPANY,Gas,4.2,4.2,4.2,2024-04-17T04:00:00+00:00,Active,,,,,Combustion Turbine (Simple Cycle),,,2019-01-21T05:00:00+00:00,,DPP-2023,East (ATC),Study Not Started,NRIS,4.2,4.2,0.0,0.0,
J3746,,,Grant,LA,Rodemacher - Sherwood 230.0kV,CLECO POWER LLC CLEC,Hybrid,250.0,250.0,250.0,2024-04-18T04:00:00+00:00,Withdrawn,,2025-12-23T05:00:00+00:00,,,Solar/Battery,,,2028-03-01T05:00:00+00:00,,DPP-2023,South,Study Not Started,NRIS,0.0,0.0,0.0,0.0,
J3504,,,Bollinger,MO,5HERITAGE - 5FREDTN  161.0kV,AMEREN MISSOURI,Solar,150.0,150.0,150.0,2024-04-16T04:00:00+00:00,Withdrawn,,2025-12-23T05:00:00+00:00,,,Photovoltaic,,,2028-09-30T04:00:00+00:00,,DPP-2023,Central,Study Not Started,NRIS,0.0,0.0,0.0,0.0,
J3750,,,Mercer,IL,OAK GROVE - SANDBURG (AMRN) 345.0kV,MIDAMERICAN ENERGY CO. MEC,Wind,250.0,250.0,250.0,2024-04-18T04:00:00+00:00,Active,,,,,Wind Turbine,,,2028-10-30T04:00:00+00:00,,DPP-2023,West,Study Not Started,NRIS,250.0,250.0,0.0,0.0,
J3766,,,Pottawattamie,IA,ROLLING HILLS - PONY CREEK 345.0kV,MIDAMERICAN ENERGY CO. MEC,Wind,235.0,235.0,235.0,2024-04-18T04:00:00+00:00,Withdrawn,,2025-04-09T04:00:00+00:00,,,Wind Turbine,,,2026-10-30T04:00:00+00:00,,DPP-2023,West,Study Not Started,NRIS,0.0,0.0,0.0,0.0,
J3588,,,Lawrence,AR,J2733 Sub,"ENTERGY ARKANSAS, LLC EATO",Solar,100.0,100.0,100.0,2024-04-17T04:00:00+00:00,Withdrawn,,2025-09-30T04:00:00+00:00,,,Photovoltaic,,,2028-09-30T04:00:00+00:00,,DPP-2023,South,Study Not Started,NRIS,0.0,0.0,0.0,0.0,
J3587,,,Jefferson,TX,PORT ACRES BULK,"ENTERGY TEXAS, INC. ETTO",Gas,110.0,110.0,110.0,2024-04-18T04:00:00+00:00,Withdrawn,,2025-09-26T04:00:00+00:00,,,Co-gen,,,2027-07-01T04:00:00+00:00,,DPP-2023,South,Study Not Started,NRIS-Only,0.0,0.0,0.0,0.0,
J3629,,,Bolivar,MS,DELTA SWYD - DREW [MS] 115.0kV,"ENTERGY MISSISSIPPI, LLC. EMTO",Solar,210.0,210.0,210.0,2024-04-18T04:00:00+00:00,Withdrawn,,2025-09-30T04:00:00+00:00,,,Photovoltaic,,,2027-12-15T05:00:00+00:00,,DPP-2023,South,Study Not Started,NRIS,0.0,0.0,0.0,0.0,
J3626,,,Craighead,AR,INDEPENDENCE-ISES - POWERLINE ROAD 500.0kV,"ENTERGY ARKANSAS, LLC EATO",Solar,500.0,500.0,500.0,2024-04-18T04:00:00+00:00,Withdrawn,,2025-09-30T04:00:00+00:00,,,Photovoltaic,,,2027-12-31T05:00:00+00:00,,DPP-2023,South,Study Not Started,NRIS,0.0,0.0,0.0,0.0,
J3506,,,Pike,IL,Hull 138kV,AMEREN ILLINOIS,Battery Storage,100.0,100.0,100.0,2024-04-15T04:00:00+00:00,Withdrawn,,2024-08-13T04:00:00+00:00,,,Battery Storage,,,2028-06-30T04:00:00+00:00,,DPP-2023,Central,Study Not Started,NRIS,0.0,0.0,0.0,0.0,
J3554,,,Adair,IA,SOUTHERN HILLS,MIDAMERICAN ENERGY CO. MEC,Wind,96.0,96.0,96.0,2024-04-18T04:00:00+00:00,Withdrawn,,2025-07-09T04:00:00+00:00,,,Wind Turbine,,,2027-10-30T04:00:00+00:00,,DPP-2023,West,Study Not Started,NRIS,0.0,0.0,0.0,0.0,
J3589,,,Lincoln,MS,FRANKLIN EHV - MCCOMB 115.0kV,"ENTERGY MISSISSIPPI, LLC. EMTO",Solar,160.0,160.0,160.0,2024-04-17T04:00:00+00:00,Withdrawn,,2025-09-30T04:00:00+00:00,,,Photovoltaic,,,2028-09-30T04:00:00+00:00,,DPP-2023,South,Study Not Started,NRIS,0.0,0.0,0.0,0.0,
J3586,,,Montgomery,TX,JACINTO - PEACH CREEK 230.0kV,"ENTERGY TEXAS, INC. ETTO",Solar,205.8,205.8,205.8,2024-04-18T04:00:00+00:00,Active,,,,,Solar/Battery,,,2028-01-01T05:00:00+00:00,,DPP-2023,South,Study Not Started,NRIS,205.8,165.0,0.0,0.0,
J3591,,,St. Helena,LA,MCKNIGHT - PLANT DANIEL 500.0kV,"ENTERGY LOUISIANA, LLC ELTO",Hybrid,400.0,400.0,400.0,2024-04-17T04:00:00+00:00,Withdrawn,,2025-12-29T05:00:00+00:00,,,Solar/Battery,,,2028-08-31T04:00:00+00:00,,DPP-2023,South,Study Not Started,NRIS,400.0,400.0,0.0,0.0,
J3630,,,East Feliciana,LA,MOLER - COLFEL 230.0kV,"ENTERGY LOUISIANA, LLC ELTO",Solar,77.0,77.0,77.0,2024-04-18T04:00:00+00:00,Active,,,,,Photovoltaic,,,2028-06-15T04:00:00+00:00,,DPP-2023,South,Study Not Started,NRIS,77.0,77.0,0.0,0.0,
J3625,,,Winn,LA,JELD WEN - WINNFIELD 115 SUB 115.0kV,"ENTERGY LOUISIANA, LLC ELTO",Hybrid,82.0,82.0,82.0,2024-04-05T04:00:00+00:00,Withdrawn,,2025-09-26T04:00:00+00:00,,,Solar/Battery,,,2027-10-27T04:00:00+00:00,,DPP-2023,South,Study Not Started,NRIS,0.0,0.0,0.0,0.0,
J3254,,,Pulaski,IL,5CAPE GIR3 - 5JOPPA SR 161.0kV,AMEREN TRANSMISSION COMPANY OF ILLINOIS,Hybrid,175.0,175.0,175.0,2024-04-15T04:00:00+00:00,Active,,,,,Solar/Battery,,,2026-12-30T05:00:00+00:00,,DPP-2023,Central,Study Not Started,NRIS,175.0,175.0,0.0,0.0,
J3751,,,Madison,IL,7COFFEEN  - 7ROXFORD  345.0kV,AMEREN ILLINOIS,Wind,236.0,236.0,236.0,2024-04-18T04:00:00+00:00,Withdrawn,,2025-12-23T05:00:00+00:00,,,Wind Turbine,,,2028-10-31T04:00:00+00:00,,DPP-2023,Central,Study Not Started,NRIS,0.0,0.0,0.0,0.0,
J3747,,,Lonoke,AR,WHITE BLUFF EHV - KEO EHV 500.0kV,"ENTERGY ARKANSAS, LLC EATO",Hybrid,300.0,300.0,300.0,2024-04-17T04:00:00+00:00,Withdrawn,,2025-12-23T05:00:00+00:00,,,Solar/Battery,,,2028-03-01T05:00:00+00:00,,DPP-2023,South,Study Not Started,NRIS,0.0,0.0,0.0,0.0,
J3331,,,Sullivan,IN,Petersburg - Sullivan (AEP/PJM) 345.0kV,INDIANAPOLIS POWER & LIGHT COMPANY,Gas,470.0,470.0,470.0,2024-04-17T04:00:00+00:00,Active,,,,,Combustion Turbine (Simple Cycle),,,2028-05-01T04:00:00+00:00,,DPP-2023,Central,Study Not Started,NRIS,470.0,470.0,0.0,0.0,
J3332,,,Calumet,WI,Forest Junction - Cypress 345.0kV,AMERICAN TRANSMISSION COMPANY,Wind,150.0,150.0,150.0,2024-04-17T04:00:00+00:00,Withdrawn,,2025-09-30T04:00:00+00:00,,,Wind Turbine,,,2028-05-01T04:00:00+00:00,,DPP-2023,East (ATC),Study Not Started,NRIS,0.0,0.0,0.0,0.0,
J3505,,,Bollinger,MO,5HERITAGE - 5FREDTN  161.0kV,AMEREN MISSOURI,Battery Storage,150.0,150.0,150.0,2024-04-16T04:00:00+00:00,Active,,,,,Battery Storage,,,2028-09-30T04:00:00+00:00,,DPP-2023,Central,Study Not Started,NRIS,150.0,150.0,0.0,0.0,
J3524,,,Watonwan,MN,Crandall - Fieldon 345.0kV,NORTHERN STATES POWER COMPANY,Solar,300.0,300.0,300.0,2024-04-18T04:00:00+00:00,Withdrawn,,2025-09-29T04:00:00+00:00,,,Photovoltaic,,,2028-08-31T04:00:00+00:00,,DPP-2023,West,Study Not Started,NRIS,0.0,0.0,0.0,0.0,
J3355,,,Fulton,IL,4IPAVA 3 - 4HAVANA2 138.0kV,AMEREN ILLINOIS,Wind,100.6,100.6,100.6,2024-04-10T04:00:00+00:00,Withdrawn,,2025-12-23T05:00:00+00:00,,,Wind Turbine,,,2027-09-15T04:00:00+00:00,,DPP-2023,Central,Study Not Started,ERIS,0.0,0.0,0.0,0.0,
J3356,,,Pike,IN,RATTS - ALGIERS 69.0kV,HOOSIER ENERGY,Hybrid,65.0,65.0,65.0,2024-04-16T04:00:00+00:00,Withdrawn,,2025-09-26T04:00:00+00:00,,,Solar/Battery,,,2026-10-01T04:00:00+00:00,,DPP-2023,Central,Study Not Started,NRIS,0.0,0.0,0.0,0.0,
J3522,,,Cass,ND,Bison,NORTHERN STATES POWER COMPANY,Solar,200.0,200.0,200.0,2024-03-18T04:00:00+00:00,Active,,,,,Photovoltaic,,,2028-08-01T04:00:00+00:00,,DPP-2023,West,Study Not Started,NRIS,200.0,200.0,0.0,0.0,
J3592,,,Sunflower,MS,INDIANOLA 230/115 SUB - TILLATOBA 230.0kV,"ENTERGY MISSISSIPPI, LLC. EMTO",Wind,57.0,57.0,57.0,2024-04-18T04:00:00+00:00,Active,,,,,Wind Turbine,,,2028-04-01T04:00:00+00:00,,DPP-2023,South,Study Not Started,NRIS,57.0,37.0,0.0,0.0,
J3845,,,Monroe,MI,BROWNSTOWN - ENRICO FERMI #3 345.0kV,ITC,Battery Storage,250.0,250.0,250.0,2024-11-27T05:00:00+00:00,Withdrawn,,2026-04-16T04:00:00+00:00,,,Battery Storage,,,2029-02-09T05:00:00+00:00,,DPP-2025,East (ITC),Phase 1,NRIS,0.0,0.0,0.0,0.0,
J3864,,,Shiawassee,MI,GOSS - THETFORD 345.0kV,METC,Wind,230.0,230.0,230.0,2024-12-09T05:00:00+00:00,Pending Revision Approval,,,,,Wind Turbine,,,2028-11-01T04:00:00+00:00,,DPP-2025,East (ITC),Phase 1,NRIS,230.0,230.0,0.0,0.0,
J3523,,,Barron,WI,BARRON  - WASHCO  161.0kV,DAIRYLAND POWER COOPERATIVE DPC,Battery Storage,115.0,115.0,115.0,2024-04-16T04:00:00+00:00,Active,,,,,Battery Storage,,,2028-09-30T04:00:00+00:00,,DPP-2023,West,Study Not Started,NRIS,115.0,115.0,0.0,0.0,
J3553,,,Adair,IA,Orient Energy Center Substation,MIDAMERICAN ENERGY CO. MEC,Gas,263.0,244.0,263.0,2024-04-18T04:00:00+00:00,Withdrawn,,2025-12-23T05:00:00+00:00,,,Combustion Turbine (Simple Cycle),,,2028-11-30T05:00:00+00:00,,DPP-2023,West,Study Not Started,NRIS,0.0,0.0,0.0,0.0,
J3590,,,Humphreys,MS,BELZONI - BELZONI TAP SS 115.0kV,"ENTERGY MISSISSIPPI, LLC. EMTO",Solar,75.0,75.0,75.0,2024-04-17T04:00:00+00:00,Active,,,,,Photovoltaic,,,2028-12-31T05:00:00+00:00,,DPP-2023,South,Study Not Started,NRIS,75.0,75.0,0.0,0.0,
J3631,,,Vermilion,LA,GUEYDAN TAP - MORSE 69.0kV,"ENTERGY LOUISIANA, LLC ELTO",Solar,60.0,60.0,60.0,2024-04-18T04:00:00+00:00,Withdrawn,,2025-10-27T04:00:00+00:00,,,Photovoltaic,,,2027-12-15T05:00:00+00:00,,DPP-2023,South,Study Not Started,NRIS,0.0,0.0,0.0,0.0,
J3866,,,Lapeer,MI,BENNET - GREENWOOD 120.0kV,ITC,Wind,300.0,300.0,300.0,2024-12-06T05:00:00+00:00,Pending Revision Approval,,,,,Wind Turbine,,,2028-11-01T04:00:00+00:00,,DPP-2025,East (ITC),Phase 1,NRIS,250.0,250.0,0.0,0.0,
J3867,,,Iroquois,IL,Watseka,AMEREN TRANSMISSION COMPANY OF ILLINOIS,Solar,200.0,200.0,200.0,2024-12-02T05:00:00+00:00,Withdrawn,,2025-12-29T05:00:00+00:00,,,Photovoltaic,,,2029-06-01T04:00:00+00:00,,DPP-2025,Central,Phase 1,NRIS,0.0,0.0,0.0,0.0,
J3628,,,Jefferson,MS,FRANKLIN EHV - GRAND GULF TRANSMISSION 500.0kV,"ENTERGY MISSISSIPPI, LLC. EMTO",Solar,200.0,200.0,200.0,2024-04-18T04:00:00+00:00,Withdrawn,,2025-09-26T04:00:00+00:00,,,Photovoltaic,,,2027-12-31T05:00:00+00:00,,DPP-2023,South,Study Not Started,NRIS,0.0,0.0,0.0,0.0,
J3276,,,Pulaski,IL,Mound City,AMEREN ILLINOIS,Solar,200.0,200.0,200.0,2024-04-12T04:00:00+00:00,Withdrawn,,2025-08-27T04:00:00+00:00,,,Photovoltaic,,,2028-09-30T04:00:00+00:00,,DPP-2023,Central,Study Not Started,NRIS,0.0,0.0,0.0,0.0,
J3627,,,Craighead,AR,JONESBORO (APL) - CASH 161.0kV,"ENTERGY ARKANSAS, LLC EATO",Solar,200.0,200.0,200.0,2024-04-18T04:00:00+00:00,Withdrawn,,2025-12-23T05:00:00+00:00,,,Photovoltaic,,,2027-12-31T05:00:00+00:00,,DPP-2023,South,Study Not Started,NRIS,0.0,0.0,0.0,0.0,
J3275,,,Benton,MN,Mud Lake - Benton County (GRE) 230kV,GREAT RIVER ENERGY,Wind,249.0,249.0,249.0,2024-04-17T04:00:00+00:00,Active,,,,,Wind Turbine,,,2028-09-04T04:00:00+00:00,,DPP-2023,West,Study Not Started,NRIS,249.0,249.0,0.0,0.0,
J3339,,,Hendricks,IN,AMO,"DUKE ENERGY INDIANA, LLC CIN",Battery Storage,100.0,100.0,100.0,2024-04-16T04:00:00+00:00,Withdrawn,,2025-12-23T05:00:00+00:00,,,Battery Storage,,,2028-09-15T04:00:00+00:00,,DPP-2023,Central,Study Not Started,NRIS,0.0,0.0,0.0,0.0,
J3414,,,Posey,IN,AB Brown 345 - Gibson (Duke Terminal) 345.0kV,SOUTHERN INDIANA GAS & ELECTRIC COMPANY D/B/A CENTERPOINT ENERGY INDIANA SOUTH,Solar,200.0,200.0,200.0,2024-04-16T04:00:00+00:00,Withdrawn,,2025-09-24T04:00:00+00:00,,,Photovoltaic,,,2028-09-30T04:00:00+00:00,,DPP-2023,Central,Study Not Started,NRIS,0.0,0.0,0.0,0.0,
J3412,,,Ford,IL,Other_,AMEREN ILLINOIS,Solar,300.0,300.0,300.0,2024-03-18T04:00:00+00:00,Active,,,,,Photovoltaic,,,2028-09-01T04:00:00+00:00,,DPP-2023,Central,Study Not Started,NRIS,300.0,300.0,0.0,0.0,
J3839,,,Union,LA,MARION SS (LAGEN) - HUTTIG SS 115.0kV,"ENTERGY LOUISIANA, LLC ELTO",Hybrid,50.0,50.0,50.0,2024-05-31T04:00:00+00:00,Withdrawn,,2026-01-04T05:00:00+00:00,,,Solar/Battery,,,2028-07-03T04:00:00+00:00,,DPP-2025,South,Phase 1,NRIS,0.0,0.0,0.0,0.0,
J3860,,,Peoria,IL,7FARGO - 7SANDBURG 345.0kV,AMEREN TRANSMISSION COMPANY OF ILLINOIS,Wind,500.0,500.0,500.0,2025-01-27T05:00:00+00:00,Active,,,,,Wind Turbine,,,2030-04-02T04:00:00+00:00,,DPP-2025,Central,Phase 1,NRIS,300.0,300.0,0.0,0.0,
J3660,,,Rock Island,IL,Oak Grove 161 kV sub,MIDAMERICAN ENERGY CO. MEC,Battery Storage,200.0,200.0,200.0,2024-04-18T04:00:00+00:00,Active,,,,,Battery Storage,,,2028-06-30T04:00:00+00:00,,DPP-2023,West,Study Not Started,NRIS,200.0,200.0,0.0,0.0,
J3862,,,Deuel,SD,Astoria - Deuel County 345.0kV,OTTER TAIL POWER COMPANY OTP,Solar,250.0,250.0,250.0,2024-12-11T05:00:00+00:00,Withdrawn,,2025-08-20T04:00:00+00:00,,,Photovoltaic,,,2028-09-01T04:00:00+00:00,,DPP-2025,West,Phase 1,NRIS,0.0,0.0,0.0,0.0,
J3657,,,Washington,MS,Greer Solar substation J1458,"ENTERGY MISSISSIPPI, LLC. EMTO",Solar,50.0,50.0,50.0,2024-04-04T04:00:00+00:00,Withdrawn,,2025-10-06T04:00:00+00:00,,,Photovoltaic,,,2028-06-15T04:00:00+00:00,,DPP-2023,South,Study Not Started,NRIS,0.0,0.0,0.0,0.0,
J3652,,,Lenawee,MI,BEECHER - KNOWLES 138.0kV,METC,Solar,150.0,150.0,150.0,2024-04-16T04:00:00+00:00,Withdrawn,,2025-12-23T05:00:00+00:00,,,Photovoltaic,,,2028-09-30T04:00:00+00:00,,DPP-2023,East (ITC),Study Not Started,NRIS,0.0,0.0,0.0,0.0,
J3654,,,Washtenaw,MI,"Line tap on Superior-Wayne 120kV line at 42.275480, -83.628250",ITC,Battery Storage,150.0,150.0,150.0,2024-04-05T04:00:00+00:00,Active,,,,,Battery Storage,,,2028-06-01T04:00:00+00:00,,DPP-2023,East (ITC),Study Not Started,NRIS,150.0,150.0,0.0,0.0,
J3697,,,Jennings,IN,Other_,HOOSIER ENERGY,Battery Storage,44.0,44.0,44.0,2024-04-17T04:00:00+00:00,Withdrawn,,2025-12-23T05:00:00+00:00,,,Battery Storage,,,2028-05-01T04:00:00+00:00,,DPP-2023,Central,Study Not Started,NRIS,0.0,0.0,0.0,0.0,
J3698,,,Roscommon,MI,HIGGINS - MIO DAM 138.0kV,METC,Battery Storage,100.0,100.0,100.0,2024-04-18T04:00:00+00:00,Withdrawn,,2025-09-30T04:00:00+00:00,,,Battery Storage,,,2028-10-16T04:00:00+00:00,,DPP-2023,East (ITC),Study Not Started,NRIS,0.0,0.0,0.0,0.0,
J3659,,,Avoyelles,LA,Yellow Bayou,CLECO POWER LLC CLEC,Hybrid,90.25,90.25,90.25,2024-04-16T04:00:00+00:00,Withdrawn,,2025-12-23T05:00:00+00:00,,,Solar/Battery,,,2027-12-27T05:00:00+00:00,,DPP-2023,South,Study Not Started,ERIS,0.0,0.0,0.0,0.0,
J3696,,,Montcalm,MI,NELSON ROAD - VERGENNES 345.0kV,METC,Battery Storage,225.0,225.0,225.0,2024-04-15T04:00:00+00:00,Active,,,,,Battery Storage,,,2026-12-30T05:00:00+00:00,,DPP-2023,East (ITC),Study Not Started,NRIS,225.0,225.0,0.0,0.0,
J2295,,,Sullivan,IN,Merom Substation 345kV,HOOSIER ENERGY,Solar,200.0,200.0,200.0,2021-09-09T04:00:00+00:00,Withdrawn,,2023-04-04T04:00:00+00:00,,,Photovoltaic,,,2025-04-01T04:00:00+00:00,,DPP-2021,Central,Phase 2,ERIS,0.0,0.0,0.0,0.0,
J2281,,,White,IN,Reynolds 138 kV,NORTHERN INDIANA PUBLIC SERVICE COMPANY LLC NIPS,Battery Storage,100.0,100.0,100.0,2021-08-20T04:00:00+00:00,Withdrawn,,2021-12-08T05:00:00+00:00,,,Battery Storage,,,2024-10-07T04:00:00+00:00,,DPP-2021,Central,Phase 2,NRIS,0.0,0.0,0.0,0.0,
J2522,,,Mississippi,AR,AECC Manila - Dell EHV 161 kV (J2089 POI),"ENTERGY ARKANSAS, LLC EATO",Battery Storage,100.0,100.0,100.0,2022-09-13T04:00:00+00:00,Withdrawn,,2023-03-25T04:00:00+00:00,,,Battery Storage,Not Started,,2026-10-31T04:00:00+00:00,,DPP-2022,South,Phase 1,NRIS,0.0,0.0,0.0,0.0,
J2437,,,Lee,AR,BRINKLEY EAST - AECC AUBREY 230.0kV,"ENTERGY ARKANSAS, LLC EATO",Wind,175.0,175.0,175.0,2022-09-15T04:00:00+00:00,Active,,,,,Wind Turbine,Not Started,,2027-09-01T04:00:00+00:00,,DPP-2022,South,Phase 1,ERIS,175.0,0.0,0.0,0.0,
J2406,,,Madison,MS,Pickens - Canton 230 kV,"ENTERGY MISSISSIPPI, LLC. EMTO",Solar,200.0,200.0,200.0,2022-09-14T04:00:00+00:00,Withdrawn,,2025-07-30T04:00:00+00:00,,,Photovoltaic,Not Started,,2026-09-01T04:00:00+00:00,,DPP-2022,South,Phase 1,NRIS,0.0,0.0,0.0,0.0,
J2527,,,Allen,LA,Caney 138 kV,CLECO POWER LLC CLEC,Battery Storage,140.0,140.0,140.0,2022-09-13T04:00:00+00:00,Withdrawn,,2023-03-25T04:00:00+00:00,,,Battery Storage,Not Started,,2025-10-31T04:00:00+00:00,,DPP-2022,South,Phase 1,NRIS,0.0,0.0,0.0,0.0,
J2534,,,Mason,MI,Pere Marquette 138 KV,METC,Solar,100.0,100.0,100.0,2022-09-15T04:00:00+00:00,Withdrawn,,2025-08-01T04:00:00+00:00,,,Photovoltaic,Not Started,,2025-10-31T04:00:00+00:00,,DPP-2022,East (ITC),Phase 1,NRIS,0.0,0.0,0.0,0.0,
J2456,,,Phillips,AR,AECC AUBREY-RITCHIE SES SWITCHYARD 230 KV,,Hybrid,100.0,100.0,100.0,2022-09-14T04:00:00+00:00,Pending Revision Approval,,,,,Solar/Battery,Not Started,,2027-03-01T05:00:00+00:00,,DPP-2022,South,Phase 1,NRIS,100.0,100.0,0.0,0.0,
J3711,,,Calhoun,AR,SHERIDAN EHV - EL DORADO EHV 500.0kV,"ENTERGY ARKANSAS, LLC EATO",Solar,400.0,400.0,400.0,2024-04-16T04:00:00+00:00,Withdrawn,,2025-12-23T05:00:00+00:00,,,Photovoltaic,,,2029-11-30T05:00:00+00:00,,DPP-2023,South,Study Not Started,NRIS,0.0,0.0,0.0,0.0,
J3713,,,Wapello,IA,Ottumwa Generation - Woody 161kV,ITC MIDWEST,Wind,200.0,200.0,200.0,2024-04-18T04:00:00+00:00,Active,,,,,Wind Turbine,,,2028-04-01T04:00:00+00:00,,DPP-2023,West,Study Not Started,ERIS,200.0,0.0,0.0,0.0,
J3413,,,Pulaski,AR,L.R. 145TH ST - L.R. PORT 115.0kV,"ENTERGY ARKANSAS, LLC EATO",Hybrid,150.0,150.0,150.0,2024-03-29T04:00:00+00:00,Withdrawn,,2025-12-23T05:00:00+00:00,,,Solar/Battery,,,2028-07-18T04:00:00+00:00,,DPP-2023,South,Study Not Started,NRIS,0.0,0.0,0.0,0.0,
J3861,,,Branch,MI,WAGNER,METC,Battery Storage,100.0,100.0,100.0,2024-12-13T05:00:00+00:00,Withdrawn,,2026-04-15T04:00:00+00:00,,,Battery Storage,,,2028-07-28T04:00:00+00:00,,DPP-2025,East (ITC),Phase 1,NRIS,0.0,0.0,0.0,0.0,
J3863,,,Itasca,MN,Boswell 230 - Blackberry 230kV,MINNESOTA POWER INC.,Solar,200.0,200.0,200.0,2024-12-11T05:00:00+00:00,Withdrawn,,2025-07-07T04:00:00+00:00,,,Photovoltaic,,,2028-09-01T04:00:00+00:00,,DPP-2025,West,Phase 1,NRIS,0.0,0.0,0.0,0.0,
J3816,,,Saginaw,MI,BULLOCK - SAGINAW RIVER 138.0kV,METC,Battery Storage,100.0,100.0,100.0,2024-04-17T04:00:00+00:00,Withdrawn,,2025-12-23T05:00:00+00:00,,,Battery Storage,,,2028-06-01T04:00:00+00:00,,DPP-2023,East (ITC),Study Not Started,NRIS,0.0,0.0,0.0,0.0,
J3653,,,Washtenaw,MI,"Line tap on Superior-Wayne 120kV line at 42.275480, -83.628250",ITC,Solar,80.0,80.0,80.0,2024-04-05T04:00:00+00:00,Active,,,,,Photovoltaic,,,2028-06-01T04:00:00+00:00,,DPP-2023,East (ITC),Study Not Started,NRIS,80.0,80.0,0.0,0.0,
J3662,,,Monroe,IL,Valmeyer 138kV.,AMEREN ILLINOIS,Battery Storage,200.0,200.0,200.0,2024-04-13T04:00:00+00:00,Withdrawn,,2025-09-26T04:00:00+00:00,,,Battery Storage,,,2028-09-15T04:00:00+00:00,,DPP-2023,Central,Study Not Started,NRIS,0.0,0.0,0.0,0.0,
J3712,,,Peoria,IL,7FARGO - 7SANDBURG 345.0kV,AMEREN TRANSMISSION COMPANY OF ILLINOIS,Wind,350.0,350.0,350.0,2024-04-18T04:00:00+00:00,Active,,,,,Wind Turbine,,,2028-04-01T04:00:00+00:00,,DPP-2023,Central,Study Not Started,NRIS,350.0,350.0,0.0,0.0,
J1854,,,Wabash,IN,Wabash - Greentown 138kV,"DUKE ENERGY INDIANA, LLC CIN",Solar,150.0,150.0,150.0,2021-08-18T04:00:00+00:00,Withdrawn,,2021-12-08T05:00:00+00:00,,,Photovoltaic,,,2025-05-01T04:00:00+00:00,,DPP-2021,Central,Phase 2,NRIS,0.0,0.0,0.0,0.0,
J2096,,,Terrebonne,LA,Schriever 230 kV Substation,"ENTERGY LOUISIANA, LLC ELTO",Solar,180.0,180.0,180.0,2021-08-16T04:00:00+00:00,Withdrawn,,2021-12-09T05:00:00+00:00,,,Photovoltaic,,,2024-10-31T04:00:00+00:00,,DPP-2021,South,Phase 3,ERIS,0.0,0.0,0.0,0.0,
J3731,,,Knox,IN,Edwardsport  - Vincennes 138.0kV,"DUKE ENERGY INDIANA, LLC CIN",Solar,160.0,160.0,160.0,2024-04-17T04:00:00+00:00,Active,,,,,Photovoltaic,,,2027-01-31T05:00:00+00:00,,DPP-2023,Central,Study Not Started,NRIS,160.0,160.0,0.0,0.0,
J2530,,,Clinton,IN,Thorntown to Kokomo HP 230 kV,"DUKE ENERGY INDIANA, LLC CIN",Battery Storage,170.0,170.0,170.0,2022-09-14T04:00:00+00:00,Withdrawn,,2025-10-27T04:00:00+00:00,,,Battery Storage,Not Started,,2026-10-31T04:00:00+00:00,,DPP-2022,Central,Phase 2,NRIS,0.0,0.0,0.0,0.0,
J2510,,,Jefferson,AR,Stuttgart Rcuskey - Woodward 230kV,"ENTERGY ARKANSAS, LLC EATO",Solar,350.0,350.0,350.0,2022-09-15T04:00:00+00:00,Withdrawn,,2025-07-31T04:00:00+00:00,,,Photovoltaic,Not Started,,2026-11-01T04:00:00+00:00,,DPP-2022,South,Phase 1,NRIS,0.0,0.0,0.0,0.0,
J2126,,,Lonoke,AR,Garner SS to Seracy  Price 115kV line,"ENTERGY ARKANSAS, LLC EATO",Hybrid,100.0,100.0,100.0,2021-08-25T04:00:00+00:00,Withdrawn,,2024-08-16T04:00:00+00:00,,,Solar/Battery,,,2024-04-15T04:00:00+00:00,,DPP-2021,South,Phase 3,NRIS,0.0,0.0,0.0,0.0,
J2137,,,Ohio,KY,345 kV Wilson Substation,BIG RIVERS ELECTRIC CORPORATION BREC,Hybrid,78.23,78.23,78.23,2021-10-26T04:00:00+00:00,Withdrawn,,2021-12-08T05:00:00+00:00,,,Solar/Battery,,,2024-10-15T04:00:00+00:00,,DPP-2021,Central,Phase 2,NRIS,0.0,0.0,0.0,0.0,
J2511,,,Conway,AR,Pleasant Hill 500kV Substation,"ENTERGY ARKANSAS, LLC EATO",Solar,85.0,85.0,85.0,2022-09-14T04:00:00+00:00,Withdrawn,,2025-07-31T04:00:00+00:00,,,Photovoltaic,Not Started,,2026-11-01T04:00:00+00:00,,DPP-2022,South,Phase 1,NRIS,0.0,0.0,0.0,0.0,
J2364,,,Page,IA,Madison-Orient 345kV,MIDAMERICAN ENERGY CO. MEC,Wind,175.0,175.0,175.0,2022-09-14T04:00:00+00:00,Withdrawn,,2023-03-24T04:00:00+00:00,,,Wind Turbine,Not Started,,2030-10-01T04:00:00+00:00,,DPP-2022,West,Phase 1,NRIS,0.0,0.0,0.0,0.0,
J2363,,,Washington,IA,Marshalltown-Laurel 161kV,ITC MIDWEST,Wind,226.0,226.0,226.0,2022-09-12T04:00:00+00:00,Withdrawn,,2025-10-27T04:00:00+00:00,,,Wind Turbine,Not Started,,2030-10-01T04:00:00+00:00,,DPP-2022,West,Phase 1,NRIS,0.0,0.0,0.0,0.0,
J2515,,,Jefferson,AR,White Bluff EHV 500kV,"ENTERGY ARKANSAS, LLC EATO",Solar,300.0,300.0,300.0,2022-09-14T04:00:00+00:00,Withdrawn,,2025-07-31T04:00:00+00:00,,,Photovoltaic,Not Started,,2026-11-01T04:00:00+00:00,,DPP-2022,South,Phase 1,NRIS,0.0,0.0,0.0,0.0,
J3735,,,Genesee,MI,BEVERIDGE 138kV,METC,Battery Storage,100.0,100.0,100.0,2024-04-05T04:00:00+00:00,Active,,,,,Battery Storage,,,2028-06-01T04:00:00+00:00,,DPP-2023,East (ITC),Study Not Started,NRIS,100.0,100.0,0.0,0.0,
J2535,,,Vermilion,LA,Cooper - Leesville 138 kV,CLECO POWER LLC CLEC,Battery Storage,210.0,210.0,210.0,2022-09-15T04:00:00+00:00,Withdrawn,,2025-07-31T04:00:00+00:00,,,Battery Storage,Not Started,,2026-10-31T04:00:00+00:00,,DPP-2022,South,Phase 1,NRIS,0.0,0.0,0.0,0.0,
J2460,,,Jefferson,AR,White Bluff EHV 500kV,"ENTERGY ARKANSAS, LLC EATO",Battery Storage,100.0,100.0,100.0,2022-09-14T04:00:00+00:00,Withdrawn,,2025-07-31T04:00:00+00:00,,,Battery Storage,Not Started,,2026-11-01T04:00:00+00:00,,DPP-2022,South,Phase 1,NRIS,0.0,0.0,0.0,0.0,
J2506,,,Boone,MO,5BOLSTAD 161kV Substation,"CITY OF COLUMBIA, MISSOURI (WATER AND LIGHT DEPT.)",Battery Storage,100.0,100.0,100.0,2022-09-15T04:00:00+00:00,Withdrawn,,2025-10-27T04:00:00+00:00,,,Battery Storage,Not Started,,2026-11-01T04:00:00+00:00,,DPP-2022,Central,Phase 2,NRIS,0.0,0.0,0.0,0.0,
J2516,,,Jefferson,AR,White Bluff EHV 500kV,"ENTERGY ARKANSAS, LLC EATO",Solar,300.0,300.0,300.0,2022-09-14T04:00:00+00:00,Withdrawn,,2025-07-31T04:00:00+00:00,,,Photovoltaic,Not Started,,2026-11-01T04:00:00+00:00,,DPP-2022,South,Phase 1,NRIS,0.0,0.0,0.0,0.0,
J2524,,,Stoddard,MO,5STODDARD - 5MORLEY (AECI) 161kV,,Solar,200.0,200.0,200.0,2022-09-15T04:00:00+00:00,Pending Revision Approval,,,,,Photovoltaic,Not Started,,2026-11-01T04:00:00+00:00,,DPP-2022,Central,Phase 2,NRIS,200.0,200.0,0.0,0.0,
J3333,,,Washtenaw,MI,MAJESTIC - MILAN 345.0kV,ITC,Solar,150.0,150.0,150.0,2024-04-17T04:00:00+00:00,Withdrawn,,2025-09-30T04:00:00+00:00,,,Photovoltaic,,,2028-05-01T04:00:00+00:00,,DPP-2023,East (ITC),Study Not Started,NRIS,0.0,0.0,0.0,0.0,
J3345,,,Moultrie,IL,Faraday,AMEREN TRANSMISSION COMPANY OF ILLINOIS,Solar,200.0,200.0,200.0,2024-04-17T04:00:00+00:00,Withdrawn,,2025-09-29T04:00:00+00:00,,,Photovoltaic,,,2028-09-15T04:00:00+00:00,,DPP-2023,Central,Study Not Started,NRIS,0.0,0.0,0.0,0.0,
J3354,,,Clinton,IN,Hanover,"DUKE ENERGY INDIANA, LLC CIN",Battery Storage,250.0,250.0,250.0,2024-03-27T04:00:00+00:00,Withdrawn,,2025-09-05T04:00:00+00:00,,,Battery Storage,,,2028-06-30T04:00:00+00:00,,DPP-2023,Central,Study Not Started,NRIS,0.0,0.0,0.0,0.0,
J3865,,,Shiawassee,MI,CORNELL - LAYTON 138.0kV,METC,Wind,250.0,250.0,250.0,2024-12-08T05:00:00+00:00,Pending Revision Approval,,,,,Wind Turbine,,,2028-11-01T04:00:00+00:00,,DPP-2025,East (ITC),Phase 1,NRIS,250.0,250.0,0.0,0.0,
J3655,,,Dallas,IA,OVERLAND TRAIL - FALLOW AVENUE 345.0kV,MIDAMERICAN ENERGY CO. MEC,Wind,200.0,200.0,200.0,2024-04-17T04:00:00+00:00,Active,,,,,Wind Turbine,,,2028-04-01T04:00:00+00:00,,DPP-2023,West,Study Not Started,ERIS,200.0,0.0,0.0,0.0,
J3658,,,Clark,AR,GURDON - BEIRNE 115.0kV,"ENTERGY ARKANSAS, LLC EATO",Hybrid,150.0,150.0,150.0,2024-03-25T04:00:00+00:00,Withdrawn,,2025-12-23T05:00:00+00:00,,,Solar/Battery,,,2028-06-30T04:00:00+00:00,,DPP-2023,South,Study Not Started,NRIS,0.0,0.0,0.0,0.0,
J3656,,,Saginaw,MI,BAUER,ITC,Battery Storage,250.0,250.0,250.0,2024-03-26T04:00:00+00:00,Pending Revision Approval,,,,,Battery Storage,,,2028-06-30T04:00:00+00:00,,DPP-2023,East (ITC),Study Not Started,NRIS,250.0,250.0,0.0,0.0,
J2132,,,Vermillion,IN,Cayuga 230 kV,"DUKE ENERGY INDIANA, LLC CIN",Wind,300.0,300.0,300.0,2022-10-31T04:00:00+00:00,Withdrawn,,2024-08-16T04:00:00+00:00,,,Wind Turbine,Not Started,,2024-04-15T04:00:00+00:00,,DPP-2021,Central,Phase 2,NRIS,0.0,0.0,0.0,0.0,
J2291,,,Polk,MN,Winger,OTTER TAIL POWER COMPANY OTP,Solar,150.0,150.0,150.0,2021-09-07T04:00:00+00:00,Withdrawn,,2021-12-07T05:00:00+00:00,,,Photovoltaic,,,2025-07-23T04:00:00+00:00,,DPP-2021,West,Phase 2,NRIS,0.0,0.0,0.0,0.0,
J2526,,,Red River,LA,Layfield - Western Kraft 230.0kV,CLECO POWER LLC CLEC,Solar,200.0,200.0,200.0,2022-09-14T04:00:00+00:00,Pending Revision Approval,,,,,Photovoltaic,Not Started,,2026-10-31T04:00:00+00:00,,DPP-2022,South,Phase 1,ERIS,200.0,0.0,0.0,0.0,
J2380,,,Meade,KY,Meade County 161kV Substation,BIG RIVERS ELECTRIC CORPORATION BREC,Battery Storage,100.0,100.0,100.0,2022-09-14T04:00:00+00:00,Withdrawn,,2025-10-27T04:00:00+00:00,,,Battery Storage,Not Started,,2027-11-01T04:00:00+00:00,,DPP-2022,Central,Phase 2,NRIS,0.0,0.0,0.0,0.0,
J2409,,,Independence,AR,INDEPENDENCE-ISES 500kV Substation,"ENTERGY ARKANSAS, LLC EATO",Battery Storage,150.0,150.0,150.0,2022-09-14T04:00:00+00:00,Withdrawn,,2025-07-30T04:00:00+00:00,,,Battery Storage,Not Started,,2026-11-01T04:00:00+00:00,,DPP-2022,South,Phase 1,NRIS,0.0,0.0,0.0,0.0,
J2458,,,Conway,AR,Pleasant Hill 500kV Substation,"ENTERGY ARKANSAS, LLC EATO",Battery Storage,100.0,100.0,100.0,2022-09-14T04:00:00+00:00,Withdrawn,,2025-07-31T04:00:00+00:00,,,Battery Storage,Not Started,,2026-11-01T04:00:00+00:00,,DPP-2022,South,Phase 1,NRIS,0.0,0.0,0.0,0.0,
J2459,,,Jefferson,AR,White Bluff EHV 500kV,"ENTERGY ARKANSAS, LLC EATO",Battery Storage,100.0,100.0,100.0,2022-09-14T04:00:00+00:00,Withdrawn,,2025-07-31T04:00:00+00:00,,,Battery Storage,Not Started,,2026-11-01T04:00:00+00:00,,DPP-2022,South,Phase 1,NRIS,0.0,0.0,0.0,0.0,
J2508,,,Webster,LA,El Dorado Ehv - Sarepta 345kV,"ENTERGY LOUISIANA, LLC ELTO",Solar,300.0,300.0,300.0,2022-09-14T04:00:00+00:00,Withdrawn,,2025-07-31T04:00:00+00:00,,,Photovoltaic,Not Started,,2026-11-01T04:00:00+00:00,,DPP-2022,South,Phase 1,NRIS,0.0,0.0,0.0,0.0,
J2365,,,Portage,WI,Werner West - Rocky Run 345kV,AMERICAN TRANSMISSION COMPANY,Battery Storage,115.0,115.0,115.0,2022-09-12T04:00:00+00:00,Withdrawn,,2025-07-30T04:00:00+00:00,,,Battery Storage,Not Started,,2030-10-01T04:00:00+00:00,,DPP-2022,East (ATC),Phase 1,NRIS,0.0,0.0,0.0,0.0,
J2529,,,Rapides,LA,Cocodrie - Hineston 230kV line,CLECO POWER LLC CLEC,Solar,200.0,200.0,200.0,2022-09-14T04:00:00+00:00,Withdrawn,,2025-07-31T04:00:00+00:00,,,Photovoltaic,Not Started,,2026-11-01T04:00:00+00:00,,DPP-2022,South,Phase 1,NRIS,0.0,0.0,0.0,0.0,
J2368,,,LaMoure,ND,Ellendale 345kV SS,MONTANA-DAKOTA UTILITIES CO.MDU,Wind,250.0,250.0,250.0,2022-09-14T04:00:00+00:00,Withdrawn,,2025-10-27T04:00:00+00:00,,,Wind Turbine,Not Started,,2030-10-01T04:00:00+00:00,,DPP-2022,West,Phase 1,NRIS,0.0,0.0,0.0,0.0,
J2369,,,Taylor,IA,Madison-Orient 345kV,MIDAMERICAN ENERGY CO. MEC,Wind,300.0,300.0,300.0,2022-09-14T04:00:00+00:00,Active,,,,,Wind Turbine,Not Started,,2030-10-01T04:00:00+00:00,,DPP-2022,West,Phase 1,NRIS,300.0,300.0,0.0,0.0,
J2453,,,Cumberland,IL,Casey West 345kV,AMEREN ILLINOIS,Solar,100.0,100.0,100.0,2022-09-15T04:00:00+00:00,Withdrawn,,2025-10-27T04:00:00+00:00,,,Photovoltaic,Not Started,,2027-06-01T04:00:00+00:00,,DPP-2022,Central,Phase 2,NRIS,0.0,0.0,0.0,0.0,
J2408,,,Switzerland,IN,Fairview 138 kV Substation,"DUKE ENERGY INDIANA, LLC CIN",Battery Storage,100.0,100.0,100.0,2022-09-12T04:00:00+00:00,Withdrawn,,2023-03-24T04:00:00+00:00,,,Battery Storage,Not Started,,2026-03-07T05:00:00+00:00,,DPP-2022,Central,Phase 2,NRIS,0.0,0.0,0.0,0.0,
J2496,,,White,IN,Reynolds 345 kV Substation,NORTHERN INDIANA PUBLIC SERVICE COMPANY LLC NIPS,Battery Storage,400.0,400.0,400.0,2022-09-13T04:00:00+00:00,Active,,,,,Battery Storage,Not Started,,2026-03-07T05:00:00+00:00,,DPP-2022,Central,Phase 2,NRIS,400.0,400.0,0.0,0.0,
J2523,,,Independence,AR,INDEPENDENCE-ISES,"ENTERGY ARKANSAS, LLC EATO",Solar,250.0,250.0,250.0,2022-09-14T04:00:00+00:00,Active,,,,,Photovoltaic,Not Started,,2026-11-01T04:00:00+00:00,,DPP-2022,South,Phase 1,ERIS,250.0,0.0,0.0,0.0,
J2366,,,Portage,WI,Werner West - Rocky Run 345kV,AMERICAN TRANSMISSION COMPANY,Solar,160.0,160.0,160.0,2022-09-12T04:00:00+00:00,Withdrawn,,2025-07-30T04:00:00+00:00,,,Photovoltaic,Not Started,,2030-10-01T04:00:00+00:00,,DPP-2022,East (ATC),Phase 1,NRIS,0.0,0.0,0.0,0.0,
J2497,,,Jefferson,IL,West Mt. Vernon,AMEREN ILLINOIS,Battery Storage,300.0,300.0,300.0,2022-09-12T04:00:00+00:00,Withdrawn,,2025-10-27T04:00:00+00:00,,,Battery Storage,Not Started,,2026-03-07T05:00:00+00:00,,DPP-2022,Central,Phase 2,NRIS,0.0,0.0,0.0,0.0,
J2412,,,Pulaski,AR,LR Alexander 115kV,"ENTERGY ARKANSAS, LLC EATO",Battery Storage,100.0,100.0,100.0,2022-09-15T04:00:00+00:00,Withdrawn,,2023-03-24T04:00:00+00:00,,,Battery Storage,Not Started,,2026-10-01T04:00:00+00:00,,DPP-2022,South,Phase 1,NRIS,0.0,0.0,0.0,0.0,
J2367,,,LaMoure,ND,Ellendale 345kV SS,MONTANA-DAKOTA UTILITIES CO.MDU,Wind,250.0,250.0,250.0,2022-09-14T04:00:00+00:00,Withdrawn,,2025-10-27T04:00:00+00:00,,,Wind Turbine,Not Started,,2030-10-01T04:00:00+00:00,,DPP-2022,West,Phase 1,NRIS,0.0,0.0,0.0,0.0,
J2385,,,Franklin,LA,SWARTZ 115 KV,"ENTERGY LOUISIANA, LLC ELTO",Solar,179.0,179.0,179.0,2022-09-14T04:00:00+00:00,Withdrawn,,2025-07-30T04:00:00+00:00,,,Photovoltaic,Not Started,,2027-04-15T04:00:00+00:00,,DPP-2022,South,Phase 1,NRIS,0.0,0.0,0.0,0.0,
J2407,,,Sullivan,IN,Dresser-Merom (HED) 345kV line break,"DUKE ENERGY INDIANA, LLC CIN",Solar,198.0,198.0,198.0,2022-09-14T04:00:00+00:00,Withdrawn,,2025-10-27T04:00:00+00:00,,,Photovoltaic,Not Started,,2027-10-01T04:00:00+00:00,,DPP-2022,Central,Phase 2,NRIS,0.0,0.0,0.0,0.0,
J2410,,,Pottawattamie,IA,Pony Creek-Rolling Hills Wind 345kV,MIDAMERICAN ENERGY CO. MEC,Wind,300.0,300.0,300.0,2022-09-15T04:00:00+00:00,Withdrawn,,2025-10-27T04:00:00+00:00,,,Wind Turbine,Not Started,,2027-10-01T04:00:00+00:00,,DPP-2022,West,Phase 1,NRIS,0.0,0.0,0.0,0.0,
J2498,,,Hamilton,IN,Hortonville-Noblesville Line 345 kV,INDIANAPOLIS POWER & LIGHT COMPANY,Battery Storage,250.0,250.0,250.0,2022-09-12T04:00:00+00:00,Withdrawn,,2023-03-24T04:00:00+00:00,,,Battery Storage,Not Started,,2026-03-07T05:00:00+00:00,,DPP-2022,Central,Phase 2,NRIS,0.0,0.0,0.0,0.0,
J2499,,,Ottawa,MI,Blendon 138 kV,METC,Battery Storage,100.0,100.0,100.0,2022-09-12T04:00:00+00:00,Active,,,,,Battery Storage,Not Started,,2026-03-07T05:00:00+00:00,,DPP-2022,East (ITC),Phase 1,NRIS,100.0,100.0,0.0,0.0,
J2414,,,Vermilion,IL,Hoopeston 138kV,AMEREN ILLINOIS,Solar,150.0,150.0,150.0,2022-09-13T04:00:00+00:00,Withdrawn,,2025-10-27T04:00:00+00:00,,,Photovoltaic,Not Started,,2027-10-01T04:00:00+00:00,,DPP-2022,Central,Phase 2,NRIS,0.0,0.0,0.0,0.0,
J2358,,,Madison,MS,Other_,"ENTERGY MISSISSIPPI, LLC. EMTO",Solar,113.98,113.98,113.98,2022-09-15T04:00:00+00:00,Withdrawn,,2025-07-30T04:00:00+00:00,,,Photovoltaic,Not Started,,2024-12-01T05:00:00+00:00,,DPP-2022,South,Phase 1,NRIS,0.0,0.0,0.0,0.0,
J2417,,,Trempealeau,WI,North Rochester-Briggs Road 345kV,NORTHERN STATES POWER COMPANY,Solar,300.0,300.0,300.0,2022-09-12T04:00:00+00:00,Withdrawn,,2025-10-27T04:00:00+00:00,,,Photovoltaic,Not Started,,2027-10-01T04:00:00+00:00,,DPP-2022,West,Phase 1,NRIS,0.0,0.0,0.0,0.0,
J2376,,,Shelby,IL,4PANA 1 - 4SHELBYVL E 138.0kV,AMEREN ILLINOIS,Battery Storage,60.0,60.0,60.0,2022-09-15T04:00:00+00:00,Active,,,,,Battery Storage,Not Started,,2024-12-01T05:00:00+00:00,,DPP-2022,Central,Phase 2,ERIS,60.0,0.0,0.0,0.0,
J2411,,,De Soto,LA,Red River-Mansfield 138kV,CLECO POWER LLC CLEC,Solar,80.0,80.0,80.0,2022-09-13T04:00:00+00:00,Withdrawn,,2025-07-30T04:00:00+00:00,,,Photovoltaic,Not Started,,2026-10-01T04:00:00+00:00,,DPP-2022,South,Phase 1,NRIS,0.0,0.0,0.0,0.0,
J2416,,,Trempealeau,WI,North Rochester-Briggs Road 345kV,NORTHERN STATES POWER COMPANY,Battery Storage,125.0,125.0,125.0,2022-09-12T04:00:00+00:00,Withdrawn,,2025-10-27T04:00:00+00:00,,,Battery Storage,Not Started,,2027-10-01T04:00:00+00:00,,DPP-2022,West,Phase 1,NRIS,0.0,0.0,0.0,0.0,
J2384,,,Shelby,IL,4PANA 1 - 4SHELBYVL E 138.0kV,,Solar,125.0,125.0,125.0,2022-09-15T04:00:00+00:00,Active,,,,,Photovoltaic,Not Started,,2024-12-01T05:00:00+00:00,,DPP-2022,Central,Phase 2,ERIS,125.0,0.0,0.0,0.0,
J2537,,,Shawano,WI,Highway 22 345 kV Substation,AMERICAN TRANSMISSION COMPANY,Battery Storage,100.0,100.0,100.0,2022-09-15T04:00:00+00:00,Withdrawn,,2025-07-30T04:00:00+00:00,,,Battery Storage,Not Started,,2024-12-01T05:00:00+00:00,,DPP-2022,East (ATC),Phase 1,NRIS,0.0,0.0,0.0,0.0,
J2413,,,McLean,IL,Hoopeston West 138kV,AMEREN ILLINOIS,Battery Storage,150.0,150.0,150.0,2022-09-13T04:00:00+00:00,Withdrawn,,2025-10-27T04:00:00+00:00,,,Battery Storage,Not Started,,2027-10-01T04:00:00+00:00,,DPP-2022,Central,Phase 2,NRIS,0.0,0.0,0.0,0.0,
J2415,,,Acadia,LA,Richard 138kV,"ENTERGY LOUISIANA, LLC ELTO",Battery Storage,75.0,75.0,75.0,2022-09-13T04:00:00+00:00,Withdrawn,,2025-07-30T04:00:00+00:00,,,Battery Storage,Not Started,,2026-10-01T04:00:00+00:00,,DPP-2022,South,Phase 1,NRIS,0.0,0.0,0.0,0.0,
J2359,,,Madison,MS,Other_,"ENTERGY MISSISSIPPI, LLC. EMTO",Battery Storage,58.5,58.5,58.5,2022-09-15T04:00:00+00:00,Withdrawn,,2025-07-30T04:00:00+00:00,,,Battery Storage,Not Started,,2024-12-01T05:00:00+00:00,,DPP-2022,South,Phase 1,NRIS,0.0,0.0,0.0,0.0,
J2370,,,Hinds,MS,BOLTON - RAYMOND-CAPLINE 115.0kV,"ENTERGY MISSISSIPPI, LLC. EMTO",Solar,100.0,100.0,100.0,2022-09-15T04:00:00+00:00,Withdrawn,,2025-07-30T04:00:00+00:00,,,Photovoltaic,Not Started,,2024-12-01T05:00:00+00:00,,DPP-2022,South,Phase 1,NRIS,0.0,0.0,0.0,0.0,
J2420,,,Faribault,MN,Huntley 345kV,ITC MIDWEST,Solar,95.0,95.0,95.0,2022-09-12T04:00:00+00:00,Withdrawn,,2025-10-27T04:00:00+00:00,,,Photovoltaic,Not Started,,2027-10-01T04:00:00+00:00,,DPP-2022,West,Phase 1,NRIS,0.0,0.0,0.0,0.0,
J2544,,,Shawano,WI,Highway 22 345 kV Substation,AMERICAN TRANSMISSION COMPANY,Solar,95.0,95.0,95.0,2022-09-15T04:00:00+00:00,Withdrawn,,2025-07-30T04:00:00+00:00,,,Photovoltaic,Not Started,,2024-12-01T05:00:00+00:00,,DPP-2022,East (ATC),Phase 1,NRIS,0.0,0.0,0.0,0.0,
J2419,,,Faribault,MN,Huntley 345kV,ITC MIDWEST,Battery Storage,300.0,300.0,300.0,2022-09-12T04:00:00+00:00,Withdrawn,,2025-10-27T04:00:00+00:00,,,Battery Storage,Not Started,,2027-10-01T04:00:00+00:00,,DPP-2022,West,Phase 1,NRIS,0.0,0.0,0.0,0.0,
J2421,,,Rush,IN,Greensboro-Gwynneville 345kV,"DUKE ENERGY INDIANA, LLC CIN",Battery Storage,200.0,200.0,200.0,2022-09-14T04:00:00+00:00,Withdrawn,,2025-10-27T04:00:00+00:00,,,Battery Storage,Not Started,,2025-10-01T04:00:00+00:00,,DPP-2022,Central,Phase 2,NRIS,0.0,0.0,0.0,0.0,
J2485,,,Livingston,MI,BLACKFOOT - MADRID 345.0kV,ITC,Solar,180.0,180.0,180.0,2022-09-14T04:00:00+00:00,Active,,,,,Photovoltaic,Not Started,,2025-11-01T04:00:00+00:00,,DPP-2022,East (ITC),Phase 1,NRIS,180.0,180.0,0.0,0.0,
J2424,,,Evangeline,LA,Manuel 138kV,CLECO POWER LLC CLEC,Battery Storage,100.0,100.0,100.0,2022-09-13T04:00:00+00:00,Withdrawn,,2025-07-30T04:00:00+00:00,,,Battery Storage,Not Started,,2026-10-01T04:00:00+00:00,,DPP-2022,South,Phase 1,NRIS,0.0,0.0,0.0,0.0,
J2423,,,Columbia,WI,Columbia-North Madison 345kV,,Battery Storage,300.0,300.0,300.0,2022-09-13T04:00:00+00:00,Active,,,,,Battery Storage,Not Started,,2027-10-01T04:00:00+00:00,,DPP-2022,East (ATC),Phase 1,NRIS,300.0,300.0,0.0,0.0,
J2425,,,Montgomery,MO,7ENON - 7MONTGMRY 345kV,AMEREN MISSOURI,Solar,150.0,150.0,150.0,2022-09-13T04:00:00+00:00,Withdrawn,,2025-10-27T04:00:00+00:00,,,Photovoltaic,Not Started,,2027-10-01T04:00:00+00:00,,DPP-2022,Central,Phase 2,NRIS,0.0,0.0,0.0,0.0,
J2487,,,Bay,MI,Gallagher-Tittabawassee 345kV Transmission Line,METC,Solar,200.0,200.0,200.0,2022-09-14T04:00:00+00:00,Withdrawn,,2023-03-24T04:00:00+00:00,,,Photovoltaic,Not Started,,2025-11-01T04:00:00+00:00,,DPP-2022,East (ITC),Phase 1,NRIS,0.0,0.0,0.0,0.0,
J2494,,,Midland,MI,Clare Jct to Vernon Jct 138 kV,METC,Solar,178.0,178.0,178.0,2022-09-14T04:00:00+00:00,Withdrawn,,2023-03-24T04:00:00+00:00,,,Photovoltaic,Not Started,,2025-11-01T04:00:00+00:00,,DPP-2022,East (ITC),Phase 1,NRIS,0.0,0.0,0.0,0.0,
J2433,,,Wadena,MN,Wing River-Riverton 230kV,GREAT RIVER ENERGY,Solar,150.0,150.0,150.0,2022-09-14T04:00:00+00:00,Withdrawn,,2023-03-24T04:00:00+00:00,,,Photovoltaic,Not Started,,2027-10-01T04:00:00+00:00,,DPP-2022,West,Phase 1,NRIS,0.0,0.0,0.0,0.0,
J2444,,,Van Buren,MI,ARGENTA - TWIN BRANCH 345.0kV,METC,Solar,220.0,220.0,220.0,2022-09-14T04:00:00+00:00,Active,,,,,Photovoltaic,Not Started,,2026-08-01T04:00:00+00:00,,DPP-2022,East (ITC),Phase 1,NRIS,220.0,220.0,0.0,0.0,
J2418,,,Marshall,IN,Burr Oak 138kV,NORTHERN INDIANA PUBLIC SERVICE COMPANY LLC NIPS,Battery Storage,140.0,140.0,140.0,2022-09-14T04:00:00+00:00,Withdrawn,,2025-10-27T04:00:00+00:00,,,Battery Storage,Not Started,,2025-10-01T04:00:00+00:00,,DPP-2022,Central,Phase 2,NRIS,0.0,0.0,0.0,0.0,
J2422,,,Washington,IL,Baldwin,AMEREN TRANSMISSION COMPANY OF ILLINOIS,Battery Storage,200.0,200.0,200.0,2022-09-12T04:00:00+00:00,Withdrawn,,2023-03-24T04:00:00+00:00,,,Battery Storage,Not Started,,2027-10-01T04:00:00+00:00,,DPP-2022,Central,Phase 2,NRIS,0.0,0.0,0.0,0.0,
J2436,,,Webster,IA,Webster-Lehigh 345kV,MIDAMERICAN ENERGY CO. MEC,Wind,300.0,300.0,300.0,2022-09-12T04:00:00+00:00,Active,,,,,Wind Turbine,Not Started,,2030-10-01T04:00:00+00:00,,DPP-2022,West,Phase 1,NRIS,300.0,300.0,0.0,0.0,
J2495,,,Benton,MN,Benton County 115 kV,,Solar,100.0,100.0,100.0,2022-09-13T04:00:00+00:00,Pending Revision Approval,,,,,Photovoltaic,Not Started,,2026-04-29T04:00:00+00:00,,DPP-2022,West,Phase 1,NRIS,100.0,100.0,0.0,0.0,
J2490,,,Tuscola,MI,Tuscola-Arrowhead 120kV Transmission Line,ITC,Solar,125.0,125.0,125.0,2022-09-14T04:00:00+00:00,Active,,,,,Photovoltaic,Not Started,,2025-11-01T04:00:00+00:00,,DPP-2022,East (ITC),Phase 1,NRIS,125.0,125.0,0.0,0.0,
J2434,,,Vermilion,IL,Hoopeston West 138kV,AMEREN ILLINOIS,Wind,150.0,150.0,150.0,2022-09-13T04:00:00+00:00,Withdrawn,,2025-10-27T04:00:00+00:00,,,Wind Turbine,Not Started,,2028-10-01T04:00:00+00:00,,DPP-2022,Central,Phase 2,NRIS,0.0,0.0,0.0,0.0,
J2486,,,Monroe,MI,LALLENDORF - MONROE 345.0kV,ITC,Solar,85.0,85.0,85.0,2022-09-14T04:00:00+00:00,Active,,,,,Photovoltaic,Not Started,,2025-11-01T04:00:00+00:00,,DPP-2022,East (ITC),Phase 1,NRIS,85.0,85.0,0.0,0.0,
J2491,,,Midland,MI,Edenville - Price Rd. Jct 138 kV,METC,Solar,100.0,100.0,100.0,2022-09-14T04:00:00+00:00,Withdrawn,,2025-08-01T04:00:00+00:00,,,Photovoltaic,Not Started,,2025-11-01T04:00:00+00:00,,DPP-2022,East (ITC),Phase 1,NRIS,0.0,0.0,0.0,0.0,
J2429,,,Dane,WI,North Madison 69kV Substation,AMERICAN TRANSMISSION COMPANY,Solar,50.0,50.0,50.0,2022-09-12T04:00:00+00:00,Active,,,,,Photovoltaic,Not Started,,2027-10-01T04:00:00+00:00,,DPP-2022,East (ATC),Phase 1,NRIS,50.0,50.0,0.0,0.0,
J2430,,,Concordia,LA,Red Gum 115kV,"ENTERGY LOUISIANA, LLC ELTO",Solar,80.0,80.0,80.0,2022-09-13T04:00:00+00:00,Withdrawn,,2023-03-24T04:00:00+00:00,,,Photovoltaic,Not Started,,2026-10-01T04:00:00+00:00,,DPP-2022,South,Phase 1,NRIS,0.0,0.0,0.0,0.0,
J2431,,,St. Francis,AR,"West Memphis-Genpower Keo 500kV Line Break (located at ""CHALKBLUFFPV"" 500kV POI SS, co-located with ","ENTERGY ARKANSAS, LLC EATO",Battery Storage,150.0,150.0,150.0,2022-09-13T04:00:00+00:00,Withdrawn,,2025-07-30T04:00:00+00:00,,,Battery Storage,Not Started,,2026-10-01T04:00:00+00:00,,DPP-2022,South,Phase 1,NRIS,0.0,0.0,0.0,0.0,
J2382,,,Randolph,MO,5ADAIR    - 5THMHIL (AECI)  161.0kV,AMEREN MISSOURI,Hybrid,115.0,115.0,115.0,2022-09-14T04:00:00+00:00,Active,,,,,Solar/Battery,Not Started,,2026-04-24T04:00:00+00:00,,DPP-2022,Central,Phase 2,NRIS,115.0,115.0,0.0,0.0,
J2464,,,Worth,IA,Ledyard-Colby 345kV,ITC MIDWEST,Solar,200.0,200.0,200.0,2022-09-12T04:00:00+00:00,Withdrawn,,2025-10-27T04:00:00+00:00,,,Photovoltaic,Not Started,,2027-10-01T04:00:00+00:00,,DPP-2022,West,Phase 1,NRIS,0.0,0.0,0.0,0.0,
J2518,,,LaMoure,ND,Jamestown 345 kV,OTTER TAIL POWER COMPANY OTP,Battery Storage,200.0,200.0,200.0,2022-09-13T04:00:00+00:00,Withdrawn,,2025-10-07T04:00:00+00:00,,,Battery Storage,Not Started,,2024-11-01T04:00:00+00:00,,DPP-2022,West,Phase 1,NRIS,0.0,0.0,0.0,0.0,
J2484,,,Monroe,MI,Other_,ITC,Solar,100.0,100.0,100.0,2022-09-14T04:00:00+00:00,Pending Revision Approval,,,,,Photovoltaic,Not Started,,2025-11-01T04:00:00+00:00,,DPP-2022,East (ITC),Phase 1,NRIS,100.0,100.0,0.0,0.0,
J2426,,,Marion,IL,Kinmundy 138kV,AMEREN ILLINOIS,Battery Storage,200.0,200.0,200.0,2022-09-12T04:00:00+00:00,Withdrawn,,2025-10-27T04:00:00+00:00,,,Battery Storage,Not Started,,2027-10-01T04:00:00+00:00,,DPP-2022,Central,Phase 2,NRIS,0.0,0.0,0.0,0.0,
J2435,,,Webster,IA,Webster-Wright 161kV,MIDAMERICAN ENERGY CO. MEC,Wind,150.0,150.0,150.0,2022-09-13T04:00:00+00:00,Withdrawn,,2025-10-27T04:00:00+00:00,,,Wind Turbine,Not Started,,2030-10-01T04:00:00+00:00,,DPP-2022,West,Phase 1,NRIS,0.0,0.0,0.0,0.0,
J2438,,,Montgomery,MO,7MONTGMRY -7ENON 345kV,AMEREN MISSOURI,Battery Storage,150.0,150.0,150.0,2022-09-13T04:00:00+00:00,Withdrawn,,2023-03-24T04:00:00+00:00,,,Battery Storage,Not Started,,2027-10-01T04:00:00+00:00,,DPP-2022,Central,Phase 2,NRIS,0.0,0.0,0.0,0.0,
J2461,,,Christian,IL,Pana 138 kV,AMEREN TRANSMISSION COMPANY OF ILLINOIS,Battery Storage,100.0,100.0,100.0,2022-09-14T04:00:00+00:00,Withdrawn,,2022-11-30T05:00:00+00:00,,,Battery Storage,Not Started,,2026-11-01T04:00:00+00:00,,DPP-2022,Central,Phase 2,NRIS,0.0,0.0,0.0,0.0,
J2463,,,Washington,IL,Baldwin,AMEREN ILLINOIS,Solar,200.0,200.0,200.0,2022-09-13T04:00:00+00:00,Withdrawn,,2025-10-27T04:00:00+00:00,,,Photovoltaic,Not Started,,2027-10-01T04:00:00+00:00,,DPP-2022,Central,Phase 2,NRIS,0.0,0.0,0.0,0.0,
J2488,,,Bay,MI,Almeda Junction-Shale 138kV,METC,Solar,150.0,150.0,150.0,2022-09-14T04:00:00+00:00,Withdrawn,,2023-03-24T04:00:00+00:00,,,Photovoltaic,Not Started,,2025-11-01T04:00:00+00:00,,DPP-2022,East (ITC),Phase 1,NRIS,0.0,0.0,0.0,0.0,
J2427,,,Marion,IL,Kinmundy 138kV,AMEREN ILLINOIS,Solar,200.0,200.0,200.0,2022-09-12T04:00:00+00:00,Withdrawn,,2025-10-27T04:00:00+00:00,,,Photovoltaic,Not Started,,2027-10-01T04:00:00+00:00,,DPP-2022,Central,Phase 2,NRIS,0.0,0.0,0.0,0.0,
J2462,,,Worth,IA,Ledyard-Colby 345kV,ITC MIDWEST,Battery Storage,200.0,200.0,200.0,2022-09-13T04:00:00+00:00,Withdrawn,,2025-10-27T04:00:00+00:00,,,Battery Storage,Not Started,,2027-10-01T04:00:00+00:00,,DPP-2022,West,Phase 1,NRIS,0.0,0.0,0.0,0.0,
J2501,,,Goodhue,MN,NORTH ROCHESTER,NORTHERN STATES POWER COMPANY,Solar,150.0,150.0,150.0,2022-09-13T04:00:00+00:00,Active,,,,,Photovoltaic,Not Started,,2024-11-01T04:00:00+00:00,,DPP-2022,West,Phase 1,NRIS,150.0,150.0,0.0,0.0,
J2465,,,Logan,IL,Goose Creek Energy Center to Maroa East 345 kV,AMEREN ILLINOIS,Wind,200.0,200.0,200.0,2022-09-12T04:00:00+00:00,Withdrawn,,2025-10-27T04:00:00+00:00,,,Wind Turbine,Not Started,,2028-10-01T04:00:00+00:00,,DPP-2022,Central,Phase 2,NRIS,0.0,0.0,0.0,0.0,
J2467,,,Evangeline,LA,Manuel 138kV,CLECO POWER LLC CLEC,Solar,105.0,105.0,105.0,2022-09-13T04:00:00+00:00,Withdrawn,,2025-07-31T04:00:00+00:00,,,Photovoltaic,Not Started,,2026-10-01T04:00:00+00:00,,DPP-2022,South,Phase 1,NRIS,0.0,0.0,0.0,0.0,
J2428,,,Coahoma,MS,Clarksdale 115kV,"ENTERGY MISSISSIPPI, LLC. EMTO",Solar,100.0,100.0,100.0,2022-09-12T04:00:00+00:00,Withdrawn,,2023-03-24T04:00:00+00:00,,,Photovoltaic,Not Started,,2026-10-01T04:00:00+00:00,,DPP-2022,South,Phase 1,NRIS,0.0,0.0,0.0,0.0,
J2493,,,Arenac,MI,Gallagher - Tittabawassee 345 kV,METC,Solar,184.0,184.0,184.0,2022-09-14T04:00:00+00:00,Withdrawn,,2025-08-01T04:00:00+00:00,,,Photovoltaic,Not Started,,2025-11-01T04:00:00+00:00,,DPP-2022,East (ITC),Phase 1,NRIS,0.0,0.0,0.0,0.0,
J2432,,,Tunica,MS,Lula-Tunica 115kV,"ENTERGY MISSISSIPPI, LLC. EMTO",Solar,150.0,150.0,150.0,2022-09-12T04:00:00+00:00,Withdrawn,,2025-07-30T04:00:00+00:00,,,Photovoltaic,Not Started,,2026-10-01T04:00:00+00:00,,DPP-2022,South,Phase 1,NRIS,0.0,0.0,0.0,0.0,
J2439,,,Marathon,WI,Gardner Park-Stone Lake 345kV,AMERICAN TRANSMISSION COMPANY,Battery Storage,50.0,50.0,50.0,2022-09-12T04:00:00+00:00,Withdrawn,,2025-07-30T04:00:00+00:00,,,Battery Storage,Not Started,,2028-10-01T04:00:00+00:00,,DPP-2022,East (ATC),Phase 1,NRIS,0.0,0.0,0.0,0.0,
J2481,,,Pocahontas,IA,Webster-Irvington 345kV,MIDAMERICAN ENERGY CO. MEC,Wind,300.0,300.0,300.0,2022-09-12T04:00:00+00:00,Withdrawn,,2025-10-27T04:00:00+00:00,,,Wind Turbine,Not Started,,2030-10-01T04:00:00+00:00,,DPP-2022,West,Phase 1,NRIS,0.0,0.0,0.0,0.0,
J2381,,,Union,LA,DOWNSVILLE- RUSTON EAST (LAGEN) 115 kV,"ENTERGY LOUISIANA, LLC ELTO",Solar,200.0,200.0,200.0,2022-09-14T04:00:00+00:00,Withdrawn,,2025-07-30T04:00:00+00:00,,,Photovoltaic,Not Started,,2026-10-31T04:00:00+00:00,,DPP-2022,South,Phase 1,NRIS,0.0,0.0,0.0,0.0,
J2502,,,Morton,ND,Square Butte 230 kV Substation East,MINNESOTA POWER INC.,Wind,150.0,150.0,150.0,2022-09-13T04:00:00+00:00,Active,,,,,Wind Turbine,Not Started,,2025-02-27T05:00:00+00:00,,DPP-2022,West,Phase 1,ERIS,150.0,0.0,0.0,0.0,
J2470,,,Rapides,LA,Donahue-Marksville 138kV,CLECO POWER LLC CLEC,Solar,100.0,100.0,100.0,2022-09-13T04:00:00+00:00,Withdrawn,,2025-07-31T04:00:00+00:00,,,Photovoltaic,Not Started,,2026-10-01T04:00:00+00:00,,DPP-2022,South,Phase 1,NRIS,0.0,0.0,0.0,0.0,
J2471,,,Lenawee,MI,Beecher-Cement City 138kV,ITC,Solar,100.0,100.0,100.0,2022-09-14T04:00:00+00:00,Withdrawn,,2025-08-01T04:00:00+00:00,,,Photovoltaic,Not Started,,2026-10-01T04:00:00+00:00,,DPP-2022,East (ITC),Phase 1,NRIS,0.0,0.0,0.0,0.0,
J2451,,,Chicot,AR,Gerald Andrus SES Switchyard-Lake Village Bagby 230 Kv,"ENTERGY ARKANSAS, LLC EATO",Solar,200.0,200.0,200.0,2022-09-15T04:00:00+00:00,Withdrawn,,2025-07-31T04:00:00+00:00,,,Photovoltaic,Not Started,,2026-10-01T04:00:00+00:00,,DPP-2022,South,Phase 1,NRIS,0.0,0.0,0.0,0.0,
J2525,,,Morehouse,LA,Dunn - Oak Ridge 115 kV,"ENTERGY LOUISIANA, LLC ELTO",Battery Storage,175.0,175.0,175.0,2022-09-15T04:00:00+00:00,Withdrawn,,2023-03-25T04:00:00+00:00,,,Battery Storage,Not Started,,2026-11-01T04:00:00+00:00,,DPP-2022,South,Phase 1,NRIS,0.0,0.0,0.0,0.0,
J2532,,,Sangamon,IL,Latham,,Battery Storage,200.0,200.0,200.0,2022-09-15T04:00:00+00:00,Pending Revision Approval,,,,,Battery Storage,Not Started,,2026-11-01T04:00:00+00:00,,DPP-2022,Central,Phase 2,ERIS,200.0,0.0,0.0,0.0,
J2545,,,Buchanan,IA,Duane Arnold,ITC MIDWEST,Battery Storage,200.0,200.0,200.0,2022-09-15T04:00:00+00:00,Pending Revision Approval,,,,,Battery Storage,Not Started,,2026-11-01T04:00:00+00:00,,DPP-2022,West,Phase 1,NRIS,200.0,200.0,0.0,0.0,
J2546,,,Deuel,SD,Astoria 345kV,OTTER TAIL POWER COMPANY OTP,Wind,185.0,185.0,185.0,2022-09-14T04:00:00+00:00,Withdrawn,,2025-10-27T04:00:00+00:00,,,Wind Turbine,Not Started,,2027-10-01T04:00:00+00:00,,DPP-2022,West,Phase 1,NRIS,0.0,0.0,0.0,0.0,
J2492,,,Wilkin,MN,Wahpeton 230kV,OTTER TAIL POWER COMPANY OTP,Battery Storage,300.0,300.0,300.0,2022-09-15T04:00:00+00:00,Withdrawn,,2025-10-07T04:00:00+00:00,,,Battery Storage,Not Started,,2024-10-31T04:00:00+00:00,,DPP-2022,West,Phase 1,NRIS,0.0,0.0,0.0,0.0,
J2505,,,Beauregard,LA,Bon Wier to Cooper 138 kV,CLECO POWER LLC CLEC,Solar,250.0,250.0,250.0,2022-09-15T04:00:00+00:00,Withdrawn,,2025-07-31T04:00:00+00:00,,,Photovoltaic,Not Started,,2026-10-31T04:00:00+00:00,,DPP-2022,South,Phase 1,NRIS,0.0,0.0,0.0,0.0,
J2466,,,Howard,IA,Hazleton-Mitchell County 345kV line,ITC MIDWEST,Wind,130.0,130.0,130.0,2022-09-12T04:00:00+00:00,Withdrawn,,2025-10-27T04:00:00+00:00,,,Wind Turbine,Not Started,,2027-10-01T04:00:00+00:00,,DPP-2022,West,Phase 1,NRIS,0.0,0.0,0.0,0.0,
J2468,,,Union,AR,El Dorado East 115kV,"ENTERGY ARKANSAS, LLC EATO",Battery Storage,130.0,130.0,130.0,2022-09-15T04:00:00+00:00,Withdrawn,,2023-03-24T04:00:00+00:00,,,Battery Storage,Not Started,,2026-10-01T04:00:00+00:00,,DPP-2022,South,Phase 1,NRIS,0.0,0.0,0.0,0.0,
J2387,,,Stoddard,MO,Stoddard 161 kV Substation,AMEREN MISSOURI,Solar,50.0,50.0,50.0,2022-09-15T04:00:00+00:00,Withdrawn,,2025-10-27T04:00:00+00:00,,,Photovoltaic,Not Started,,2025-12-31T05:00:00+00:00,,DPP-2022,Central,Phase 2,NRIS,0.0,0.0,0.0,0.0,
J2500,,,Beauregard,LA,Bon Wier to Cooper 138 kV,CLECO POWER LLC CLEC,Battery Storage,175.0,175.0,175.0,2022-09-15T04:00:00+00:00,Withdrawn,,2025-07-31T04:00:00+00:00,,,Battery Storage,Not Started,,2026-10-31T04:00:00+00:00,,DPP-2022,South,Phase 1,NRIS,0.0,0.0,0.0,0.0,
J2541,,,Graves,KY,Bryan Road,BIG RIVERS ELECTRIC CORPORATION BREC,Solar,50.0,50.0,50.0,2025-10-22T04:00:00+00:00,Active,,,,,Photovoltaic,Not Started,,2026-03-01T05:00:00+00:00,,DPP-2022,Central,Phase 2,NRIS,50.0,50.0,0.0,0.0,
J2542,,,Clark,IN,Vesta Rd 138kV,"DUKE ENERGY INDIANA, LLC CIN",Solar,100.0,100.0,100.0,2022-09-15T04:00:00+00:00,Withdrawn,,2023-03-24T04:00:00+00:00,,,Photovoltaic,Not Started,,2026-03-01T05:00:00+00:00,,DPP-2022,Central,Phase 2,NRIS,0.0,0.0,0.0,0.0,
J2469,,,Linn,IA,Sub K (Tiffin)-Duane Arnold 345kV,ITC MIDWEST,Battery Storage,300.0,300.0,300.0,2022-09-12T04:00:00+00:00,Active,,,,,Battery Storage,Not Started,,2027-10-01T04:00:00+00:00,,DPP-2022,West,Phase 1,NRIS,300.0,300.0,0.0,0.0,
J2452,,,Cleveland,AR,Sheridan EHV- EL Dorado EHV 500 Kv,"ENTERGY ARKANSAS, LLC EATO",Solar,500.0,500.0,500.0,2022-09-15T04:00:00+00:00,Withdrawn,,2025-07-31T04:00:00+00:00,,,Photovoltaic,Not Started,,2026-09-15T04:00:00+00:00,,DPP-2022,South,Phase 1,NRIS,0.0,0.0,0.0,0.0,
J2371,,,Morehouse,LA,DUNN - OAK RIDGE (LA) 115.0kV,,Solar,250.0,250.0,250.0,2022-09-14T04:00:00+00:00,Active,,,,,Photovoltaic,Not Started,,2026-10-31T04:00:00+00:00,,DPP-2022,South,Phase 1,ERIS,250.0,0.0,0.0,0.0,
J2539,,,Clark,IN,Trimble (LGEE) - Speed 345 kV,"DUKE ENERGY INDIANA, LLC CIN",Solar,150.0,150.0,150.0,2022-09-15T04:00:00+00:00,Withdrawn,,2025-10-27T04:00:00+00:00,,,Photovoltaic,Not Started,,2026-03-01T05:00:00+00:00,,DPP-2022,Central,Phase 2,NRIS,0.0,0.0,0.0,0.0,
J2533,,,Union,LA,Bernice - Vienna 115 kV,"ENTERGY LOUISIANA, LLC ELTO",Solar,100.0,100.0,100.0,2022-09-14T04:00:00+00:00,Withdrawn,,2025-07-31T04:00:00+00:00,,,Photovoltaic,Not Started,,2026-10-31T04:00:00+00:00,,DPP-2022,South,Phase 1,NRIS,0.0,0.0,0.0,0.0,
J2392,,,Mason,MI,PERE MARQUETTE 138 KV,METC,Battery Storage,100.0,100.0,100.0,2022-09-15T04:00:00+00:00,Active,,,,,Battery Storage,Not Started,,2026-10-31T04:00:00+00:00,,DPP-2022,East (ITC),Phase 1,NRIS,100.0,100.0,0.0,0.0,
J2390,,,Fulton,IL,Ipava 138kV,AMEREN TRANSMISSION COMPANY OF ILLINOIS,Hybrid,350.0,350.0,350.0,2022-09-15T04:00:00+00:00,Active,,,,,Solar/Battery,Not Started,,2028-09-30T04:00:00+00:00,,DPP-2022,Central,Phase 2,ERIS,350.0,0.0,0.0,0.0,
J2405,,,Jefferson,LA,Peters Road 230 kV substation,"ENTERGY LOUISIANA, LLC ELTO",Battery Storage,200.0,200.0,200.0,2022-09-13T04:00:00+00:00,Withdrawn,,2025-07-14T04:00:00+00:00,,,Battery Storage,Not Started,,2026-07-31T04:00:00+00:00,,DPP-2022,South,Phase 1,NRIS,0.0,0.0,0.0,0.0,
J2441,,,Beauregard,LA,West Bay - Centennial 138 kV,CLECO POWER LLC CLEC,Solar,250.0,250.0,250.0,2022-09-15T04:00:00+00:00,Withdrawn,,2025-07-30T04:00:00+00:00,,,Photovoltaic,Not Started,,2026-10-31T04:00:00+00:00,,DPP-2022,South,Phase 1,NRIS,0.0,0.0,0.0,0.0,
J2443,,,Kosciusko,IN,Leesburg 345 kV,NORTHERN INDIANA PUBLIC SERVICE COMPANY LLC NIPS,Battery Storage,500.0,500.0,500.0,2022-09-14T04:00:00+00:00,Withdrawn,,2025-10-27T04:00:00+00:00,,,Battery Storage,Not Started,,2025-10-31T04:00:00+00:00,,DPP-2022,Central,Phase 2,NRIS,0.0,0.0,0.0,0.0,
J2476,,,Fayette,IL,Otego 138kV,AMEREN ILLINOIS,Hybrid,150.0,150.0,150.0,2022-09-15T04:00:00+00:00,Withdrawn,,2025-10-27T04:00:00+00:00,,,Solar/Battery,Not Started,,2026-09-30T04:00:00+00:00,,DPP-2022,Central,Phase 2,NRIS,0.0,0.0,0.0,0.0,
J2482,,,Crittenden,AR,WEST MEMPHIS EHV - KEO EHV 500.0kV,"ENTERGY ARKANSAS, LLC EATO",Solar,300.0,300.0,300.0,2022-09-14T04:00:00+00:00,Active,,,,,Photovoltaic,Not Started,,2026-10-31T04:00:00+00:00,,DPP-2022,South,Phase 1,ERIS,300.0,0.0,0.0,0.0,
J2503,,,Lincoln,LA,Downsville - Ruston East 115 kV,"ENTERGY LOUISIANA, LLC ELTO",Battery Storage,100.0,100.0,100.0,2022-09-14T04:00:00+00:00,Withdrawn,,2023-03-25T04:00:00+00:00,,,Battery Storage,Not Started,,2026-10-31T04:00:00+00:00,,DPP-2022,South,Phase 1,NRIS,0.0,0.0,0.0,0.0,
J2528,,,Crittenden,AR,Parkin to Kuhn Road 161 kV,"ENTERGY ARKANSAS, LLC EATO",Battery Storage,100.0,100.0,100.0,2022-09-14T04:00:00+00:00,Withdrawn,,2023-03-25T04:00:00+00:00,,,Battery Storage,Not Started,,2026-10-31T04:00:00+00:00,,DPP-2022,South,Phase 1,NRIS,0.0,0.0,0.0,0.0,
J2531,,,Union,LA,Bernice - Vienna 115 kV,"ENTERGY LOUISIANA, LLC ELTO",Battery Storage,140.0,140.0,140.0,2022-09-14T04:00:00+00:00,Withdrawn,,2023-03-25T04:00:00+00:00,,,Battery Storage,Not Started,,2026-10-31T04:00:00+00:00,,DPP-2022,South,Phase 1,NRIS,0.0,0.0,0.0,0.0,
J2395,,,Calhoun,AR,SHERIDAN EHV - EL DORADO EHV 500.0kV,"ENTERGY ARKANSAS, LLC EATO",Solar,500.0,500.0,500.0,2022-09-14T04:00:00+00:00,Active,,,,,Photovoltaic,Not Started,,2025-05-31T04:00:00+00:00,,DPP-2022,South,Phase 1,ERIS,500.0,0.0,0.0,0.0,
J2372,,,McLean,IL,Bloomington Brokaw 138kV Substation,AMEREN ILLINOIS,Battery Storage,200.0,200.0,200.0,2022-09-15T04:00:00+00:00,Withdrawn,,2023-03-24T04:00:00+00:00,,,Battery Storage,Not Started,,2026-03-01T05:00:00+00:00,,DPP-2022,Central,Phase 2,NRIS,0.0,0.0,0.0,0.0,
J2538,,,Clark,IN,Speed  - Trimble (LGEE) 345.0kV,"DUKE ENERGY INDIANA, LLC CIN",Solar,200.0,200.0,200.0,2025-10-22T04:00:00+00:00,Active,,,,,Photovoltaic,Not Started,,2026-03-01T05:00:00+00:00,,DPP-2022,Central,Phase 2,NRIS,200.0,200.0,0.0,0.0,
J2540,,,Graves,KY,Bryan Road,BIG RIVERS ELECTRIC CORPORATION BREC,Solar,150.0,150.0,150.0,2025-10-22T04:00:00+00:00,Active,,,,,Photovoltaic,Not Started,,2026-03-01T05:00:00+00:00,,DPP-2022,Central,Phase 2,NRIS,150.0,150.0,0.0,0.0,
J2483,,,Amite,MS,GILLSBURG SS (CE)-LIBERTY115 Kv,"ENTERGY MISSISSIPPI, LLC. EMTO",Solar,105.0,105.0,105.0,2022-09-09T04:00:00+00:00,Withdrawn,,2023-03-21T04:00:00+00:00,,,Photovoltaic,Not Started,,2025-11-01T04:00:00+00:00,,DPP-2022,South,Phase 1,NRIS,0.0,0.0,0.0,0.0,
J2386,,,Poinsett,AR,Marked Tree 161 kV,"ENTERGY ARKANSAS, LLC EATO",Solar,300.0,300.0,300.0,2022-09-13T04:00:00+00:00,Withdrawn,,2025-07-30T04:00:00+00:00,,,Photovoltaic,Not Started,,2026-10-31T04:00:00+00:00,,DPP-2022,South,Phase 1,NRIS,0.0,0.0,0.0,0.0,
J2442,,,Ripley,IN,Batesville 138 kV,"DUKE ENERGY INDIANA, LLC CIN",Solar,84.0,84.0,84.0,2022-09-15T04:00:00+00:00,Withdrawn,,2025-10-27T04:00:00+00:00,,,Photovoltaic,Not Started,,2025-10-31T04:00:00+00:00,,DPP-2022,Central,Phase 2,NRIS,0.0,0.0,0.0,0.0,
J2504,,,Coles,IL,Mattoon East 138 kV,AMEREN ILLINOIS,Battery Storage,300.0,300.0,300.0,2022-09-15T04:00:00+00:00,Withdrawn,,2023-03-25T04:00:00+00:00,,,Battery Storage,Not Started,,2026-10-31T04:00:00+00:00,,DPP-2022,Central,Phase 2,NRIS,0.0,0.0,0.0,0.0,
J2513,,,Vigo,IN,Wabash River-Whitesville South 230 kV,"DUKE ENERGY INDIANA, LLC CIN",Solar,220.0,220.0,220.0,2022-09-14T04:00:00+00:00,Withdrawn,,2025-10-27T04:00:00+00:00,,,Photovoltaic,Not Started,,2025-10-31T04:00:00+00:00,,DPP-2022,Central,Phase 2,NRIS,0.0,0.0,0.0,0.0,
J2517,,,Lee,AR,AECC  Aubrey to Brinkley East 230 kV,"ENTERGY ARKANSAS, LLC EATO",Battery Storage,100.0,100.0,100.0,2022-09-13T04:00:00+00:00,Withdrawn,,2023-03-25T04:00:00+00:00,,,Battery Storage,Not Started,,2026-10-31T04:00:00+00:00,,DPP-2022,South,Phase 1,NRIS,0.0,0.0,0.0,0.0,
J2519,,,Richland,LA,Smalling,"ENTERGY MISSISSIPPI, LLC. EMTO",Solar,600.0,600.0,600.0,2022-09-13T04:00:00+00:00,Active,,,,,Photovoltaic,Not Started,,2026-10-31T04:00:00+00:00,,DPP-2022,South,Phase 1,ERIS,600.0,0.0,0.0,0.0,
J2379,,,Clay,IL,Xenia,,Battery Storage,200.0,200.0,200.0,2022-09-14T04:00:00+00:00,Active,,,,,Battery Storage,Not Started,,2026-11-01T04:00:00+00:00,,DPP-2022,Central,Phase 2,ERIS,200.0,0.0,0.0,0.0,
J2548,,,McCracken,KY,Bryan Road - McCracken County 161.0kV,BIG RIVERS ELECTRIC CORPORATION BREC,Battery Storage,75.0,75.0,75.0,2022-09-15T04:00:00+00:00,Withdrawn,,2025-10-27T04:00:00+00:00,,,Battery Storage,Not Started,,2027-07-18T04:00:00+00:00,,DPP-2022,Central,Phase 2,NRIS,0.0,0.0,0.0,0.0,
J2550,,,Yellow Medicine,MN,HAZEL CREEK,NORTHERN STATES POWER COMPANY,Battery Storage,75.0,75.0,75.0,2022-09-14T04:00:00+00:00,Active,,,,,Battery Storage,Not Started,,2030-07-18T04:00:00+00:00,,DPP-2022,West,Phase 1,NRIS,75.0,75.0,0.0,0.0,
J2551,,,Putnam,IL,Putnam,AMEREN ILLINOIS,Battery Storage,110.0,110.0,110.0,2022-09-14T04:00:00+00:00,Active,,,,,Battery Storage,Not Started,,2026-06-18T04:00:00+00:00,,DPP-2022,Central,Phase 2,NRIS,110.0,110.0,0.0,0.0,
J2479,,,Concordia,LA,Red Gum to Metropolis 115 kV,"ENTERGY LOUISIANA, LLC ELTO",Battery Storage,140.0,140.0,140.0,2022-09-13T04:00:00+00:00,Withdrawn,,2023-03-25T04:00:00+00:00,,,Battery Storage,Not Started,,2025-10-31T04:00:00+00:00,,DPP-2022,South,Phase 1,NRIS,0.0,0.0,0.0,0.0,
J2489,,,Red River,LA,Western Kraft-Layfield 230 kV,CLECO POWER LLC CLEC,Battery Storage,140.0,140.0,140.0,2022-09-14T04:00:00+00:00,Withdrawn,,2023-03-25T04:00:00+00:00,,,Battery Storage,Not Started,,2026-10-31T04:00:00+00:00,,DPP-2022,South,Phase 1,NRIS,0.0,0.0,0.0,0.0,
J2507,,,Pike,IN,Gibson Sta to Petersburg (IP&L) 345 kV,"DUKE ENERGY INDIANA, LLC CIN",Solar,250.0,250.0,250.0,2022-09-14T04:00:00+00:00,Withdrawn,,2025-10-27T04:00:00+00:00,,,Photovoltaic,Not Started,,2025-10-31T04:00:00+00:00,,DPP-2022,Central,Phase 2,NRIS,0.0,0.0,0.0,0.0,
J2520,,,Adams,WI,Saratoga-ACEC Badger West 138kV,AMERICAN TRANSMISSION COMPANY,Solar,200.0,200.0,200.0,2022-09-13T04:00:00+00:00,Active,,,,,Photovoltaic,Not Started,,2025-10-31T04:00:00+00:00,,DPP-2022,East (ATC),Phase 1,NRIS,200.0,200.0,0.0,0.0,
J2547,,,McCracken,KY,Bryan Road - McCracken County 161.0kV,BIG RIVERS ELECTRIC CORPORATION BREC,Solar,150.0,150.0,150.0,2022-09-15T04:00:00+00:00,Withdrawn,,2025-10-27T04:00:00+00:00,,,Photovoltaic,Not Started,,2027-07-18T04:00:00+00:00,,DPP-2022,Central,Phase 2,NRIS,0.0,0.0,0.0,0.0,
J2361,,,Perry,AR,AECC Oppelo 161 kV Substation,"ENTERGY ARKANSAS, LLC EATO",Solar,105.0,105.0,105.0,2022-09-15T04:00:00+00:00,Withdrawn,,2023-03-22T04:00:00+00:00,,,Photovoltaic,Not Started,,2026-05-01T04:00:00+00:00,,DPP-2022,South,Phase 1,NRIS,0.0,0.0,0.0,0.0,
J2454,,,Montcalm,MI,Eureka - Vestaburg 138kV,ITC,Battery Storage,150.0,150.0,150.0,2022-09-14T04:00:00+00:00,Active,,,,,Battery Storage,Not Started,,2025-11-12T05:00:00+00:00,,DPP-2022,East (ITC),Phase 1,NRIS,150.0,150.0,0.0,0.0,
J2477,,,Crittenden,AR,WEST MEMPHIS EHV - KEO EHV 500.0kV,"ENTERGY ARKANSAS, LLC EATO",Solar,600.0,600.0,600.0,2022-09-13T04:00:00+00:00,Active,,,,,Photovoltaic,Not Started,,2026-10-31T04:00:00+00:00,,DPP-2022,South,Phase 1,ERIS,600.0,0.0,0.0,0.0,
J2478,,,Craighead,AR,INDEPENDENCE-ISES - POWERLINE ROAD 500.0kV,"ENTERGY ARKANSAS, LLC EATO",Solar,550.0,550.0,550.0,2022-09-14T04:00:00+00:00,Active,,,,,Photovoltaic,Not Started,,2026-10-31T04:00:00+00:00,,DPP-2022,South,Phase 1,ERIS,550.0,0.0,0.0,0.0,
J2480,,,Daviess,KY,Reid to Daviess County 161 kV,BIG RIVERS ELECTRIC CORPORATION BREC,Battery Storage,75.0,75.0,75.0,2022-09-13T04:00:00+00:00,Withdrawn,,2025-10-27T04:00:00+00:00,,,Battery Storage,Not Started,,2026-10-31T04:00:00+00:00,,DPP-2022,Central,Phase 2,NRIS,0.0,0.0,0.0,0.0,
J2512,,,Kosciusko,IN,Leesburg 345 kV,NORTHERN INDIANA PUBLIC SERVICE COMPANY LLC NIPS,Solar,173.0,173.0,173.0,2022-09-14T04:00:00+00:00,Withdrawn,,2025-10-27T04:00:00+00:00,,,Photovoltaic,Not Started,,2025-10-31T04:00:00+00:00,,DPP-2022,Central,Phase 2,NRIS,0.0,0.0,0.0,0.0,
J2514,,,Pike,IN,Gibson Sta to Petersburg (IP&L) 345 kV,"DUKE ENERGY INDIANA, LLC CIN",Battery Storage,100.0,100.0,100.0,2022-09-14T04:00:00+00:00,Withdrawn,,2025-10-27T04:00:00+00:00,,,Battery Storage,Not Started,,2025-10-31T04:00:00+00:00,,DPP-2022,Central,Phase 2,NRIS,0.0,0.0,0.0,0.0,
J2509,,,Tippecanoe,IN,Westwood 345 kV,"DUKE ENERGY INDIANA, LLC CIN",Wind,200.0,200.0,200.0,2022-09-15T04:00:00+00:00,Pending Revision Approval,,,,,Wind Turbine,Not Started,,2025-10-31T04:00:00+00:00,,DPP-2022,Central,Phase 2,NRIS,200.0,200.0,0.0,0.0,
J2549,,,Clark,MO,Sub T to Maywood 345kV line,AMEREN MISSOURI,Battery Storage,75.0,75.0,75.0,2022-09-14T04:00:00+00:00,Withdrawn,,2023-03-24T04:00:00+00:00,,,Battery Storage,Not Started,,2027-07-18T04:00:00+00:00,,DPP-2022,Central,Phase 2,NRIS,0.0,0.0,0.0,0.0,
J2521,,,Poinsett,AR,Marked Tree 161 kV,"ENTERGY ARKANSAS, LLC EATO",Battery Storage,50.0,50.0,50.0,2022-09-13T04:00:00+00:00,Withdrawn,,2023-03-25T04:00:00+00:00,,,Battery Storage,Not Started,,2026-10-31T04:00:00+00:00,,DPP-2022,South,Phase 1,NRIS,0.0,0.0,0.0,0.0,
J2440,,,Benton,IN,GOODLAND - MORRISON DITCH 138.0kV,NORTHERN INDIANA PUBLIC SERVICE COMPANY LLC NIPS,Wind,100.0,100.0,100.0,2022-09-15T04:00:00+00:00,Active,,,,,Wind Turbine,Not Started,,2027-07-31T04:00:00+00:00,,DPP-2022,Central,Phase 2,ERIS,100.0,0.0,0.0,0.0,
J2360,,,Vigo,IN,TH Pfizer Jct. - Worthington (HED),"DUKE ENERGY INDIANA, LLC CIN",Battery Storage,90.0,90.0,90.0,2022-09-13T04:00:00+00:00,Withdrawn,,2025-10-27T04:00:00+00:00,,,Battery Storage,Not Started,,2027-05-07T04:00:00+00:00,,DPP-2022,Central,Phase 2,NRIS,0.0,0.0,0.0,0.0,
J2472,,,Sullivan,IN,Gibson Sta - Merom (HED) 345.0kV,"DUKE ENERGY INDIANA, LLC CIN",Battery Storage,200.0,200.0,200.0,2022-09-15T04:00:00+00:00,Active,,,,,Battery Storage,Not Started,,2027-05-07T04:00:00+00:00,,DPP-2022,Central,Phase 2,NRIS,200.0,200.0,0.0,0.0,
J2552,,,Rock Island,IL,SUB 39 - CORDOVA 345.0kV,MIDAMERICAN ENERGY CO. MEC,Battery Storage,80.0,80.0,80.0,2022-09-14T04:00:00+00:00,Active,,,,,Battery Storage,Not Started,,2026-06-18T04:00:00+00:00,,DPP-2022,West,Phase 1,NRIS,80.0,80.0,0.0,0.0,
J2375,,,Macon,IL,Faraday,AMEREN TRANSMISSION COMPANY OF ILLINOIS,Battery Storage,100.0,100.0,100.0,2022-09-15T04:00:00+00:00,Active,,,,,Battery Storage,Not Started,,2027-05-07T04:00:00+00:00,,DPP-2022,Central,Phase 2,NRIS,100.0,100.0,0.0,0.0,
J2455,,,La Crosse,WI,FRENCH ISLAND,,Battery Storage,92.0,92.0,92.0,2022-09-15T04:00:00+00:00,Active,,,,,Battery Storage,Not Started,,2026-09-15T04:00:00+00:00,,DPP-2022,West,Phase 1,NRIS,92.0,92.0,0.0,0.0,
J2448,,,Webster,LA,Haynesville South to Sarepta 115kV,"ENTERGY LOUISIANA, LLC ELTO",Solar,100.0,100.0,100.0,2022-09-15T04:00:00+00:00,Withdrawn,,2025-07-30T04:00:00+00:00,,,Photovoltaic,Not Started,,2026-10-31T04:00:00+00:00,,DPP-2022,South,Phase 1,NRIS,0.0,0.0,0.0,0.0,
J2446,,,Dunn,WI,Allen S King - Eau Claire 345.0kV,NORTHERN STATES POWER COMPANY,Solar,300.0,300.0,300.0,2022-09-12T04:00:00+00:00,Active,,,,,Photovoltaic,Not Started,,2027-09-01T04:00:00+00:00,,DPP-2022,West,Phase 1,NRIS,300.0,300.0,0.0,0.0,
J2404,,,East Baton Rouge,LA,EAST,"ENTERGY LOUISIANA, LLC ELTO",Battery Storage,38.81,38.81,38.81,2022-09-15T04:00:00+00:00,Active,,,,,Battery Storage,Not Started,,2025-11-01T04:00:00+00:00,,DPP-2022,South,Phase 1,NRIS,38.8,38.8,0.0,0.0,
J2388,,,Macon,IL,Faraday,AMEREN TRANSMISSION COMPANY OF ILLINOIS,Hybrid,200.0,200.0,200.0,2022-09-15T04:00:00+00:00,Active,,,,,Solar/Battery,Not Started,,2028-09-30T04:00:00+00:00,,DPP-2022,Central,Phase 2,ERIS,200.0,0.0,0.0,0.0,
J2474,,,Sangamon,IL,4AUSTIN - 4VIRDEN   138.0kV,AMEREN ILLINOIS,Hybrid,100.0,100.0,100.0,2022-09-15T04:00:00+00:00,Active,,,,,Solar/Battery,Not Started,,2028-09-30T04:00:00+00:00,,DPP-2022,Central,Phase 2,ERIS,100.0,0.0,0.0,0.0,
J2383,,,Macon,IL,Faraday,AMEREN TRANSMISSION COMPANY OF ILLINOIS,Battery Storage,100.0,100.0,100.0,2022-09-15T04:00:00+00:00,Active,,,,,Battery Storage,Not Started,,2027-05-07T04:00:00+00:00,,DPP-2022,Central,Phase 2,NRIS,100.0,100.0,0.0,0.0,
J2393,,,Coles,IL,Kansas West Substation 138kV,AMEREN ILLINOIS,Solar,164.0,164.0,164.0,2023-08-25T04:00:00+00:00,Withdrawn,,2025-10-27T04:00:00+00:00,,,Photovoltaic,Not Started,,2027-09-01T04:00:00+00:00,,DPP-2022,Central,Phase 2,NRIS,0.0,0.0,0.0,0.0,
J2445,,,Greene,IA,Karma 161kV,ITC MIDWEST,Solar,50.0,50.0,50.0,2022-09-15T04:00:00+00:00,Withdrawn,,2023-03-24T04:00:00+00:00,,,Photovoltaic,Not Started,,2025-09-01T04:00:00+00:00,,DPP-2022,West,Phase 1,NRIS,0.0,0.0,0.0,0.0,
J2553,,,Cerro Gordo,IA,Killdeer,ITC MIDWEST,Solar,210.0,210.0,210.0,2022-09-14T04:00:00+00:00,Active,,,,,Photovoltaic,Not Started,,2026-09-01T04:00:00+00:00,,DPP-2022,West,Phase 1,NRIS,210.0,210.0,0.0,0.0,
J2555,,,Ingham,MI,DELHI to TOMPKINS 138kV,,Battery Storage,100.0,100.0,100.0,2023-08-28T04:00:00+00:00,Active,,,,,Battery Storage,Not Started,,2026-09-01T04:00:00+00:00,,DPP-2022,East (ITC),Phase 1,NRIS,100.0,100.0,0.0,0.0,
J2377,,,Peoria,IL,7CLINTON  - 7BROKAW 345.0kV,AMEREN ILLINOIS,Battery Storage,300.0,300.0,300.0,2024-11-07T05:00:00+00:00,Active,,,,,Battery Storage,Not Started,,2028-04-01T04:00:00+00:00,,DPP-2022,Central,Phase 2,NRIS,300.0,300.0,0.0,0.0,
J2394,,,Craighead,AR,Independence ISES - Powerline Road 500 kV,"ENTERGY ARKANSAS, LLC EATO",Hybrid,200.0,200.0,200.0,2022-09-15T04:00:00+00:00,Withdrawn,,2023-03-24T04:00:00+00:00,,,Solar/Battery,Not Started,,2025-05-31T04:00:00+00:00,,DPP-2022,South,Phase 1,ERIS,0.0,0.0,0.0,0.0,
J2396,,,Calhoun,AR,SHERIDAN EHV - EL DORADO EHV 500.0kV,"ENTERGY ARKANSAS, LLC EATO",Solar,400.0,400.0,400.0,2022-09-15T04:00:00+00:00,Active,,,,,Photovoltaic,Not Started,,2025-05-31T04:00:00+00:00,,DPP-2022,South,Phase 1,ERIS,400.0,0.0,0.0,0.0,
J2447,,,Murray,MN,Cedar Mountain - Lyon County 345.0kV,NORTHERN STATES POWER COMPANY,Wind,200.0,200.0,200.0,2025-10-22T04:00:00+00:00,Active,,,,,Wind Turbine,Not Started,,2027-09-01T04:00:00+00:00,,DPP-2022,West,Phase 1,NRIS,200.0,200.0,0.0,0.0,
J2457,,,Orleans,LA,PATERSON,"ENTERGY NEW ORLEANS, LLC ENTO",Battery Storage,40.0,40.0,40.0,2022-09-15T04:00:00+00:00,Active,,,,,Battery Storage,Not Started,,2025-11-01T04:00:00+00:00,,DPP-2022,South,Phase 1,NRIS,40.0,40.0,0.0,0.0,
J2450,,,Tippecanoe,IN,WESTWOOD 345 KV,"DUKE ENERGY INDIANA, LLC CIN",Battery Storage,100.0,100.0,100.0,2022-09-15T04:00:00+00:00,Active,,,,,Battery Storage,Not Started,,2026-10-31T04:00:00+00:00,,DPP-2022,Central,Phase 2,NRIS,100.0,100.0,0.0,0.0,
J2401,,,Johnson,IL,7W_FRFT_E - 7SHAWNEE FP 345.0kV,,Solar,150.0,150.0,150.0,2022-09-15T04:00:00+00:00,Active,,,,,Photovoltaic,Not Started,,2025-05-31T04:00:00+00:00,,DPP-2022,Central,Phase 2,ERIS,150.0,0.0,0.0,0.0,
J2374,,,Sanilac,MI,J1557 Sub,ITC,Solar,200.0,200.0,200.0,2022-09-15T04:00:00+00:00,Active,,,,,Photovoltaic,Not Started,,2025-06-30T04:00:00+00:00,,DPP-2022,East (ITC),Phase 1,NRIS,200.0,200.0,0.0,0.0,
J2543,,,Beauregard,LA,West Bay - Centennial 138 kV,CLECO POWER LLC CLEC,Battery Storage,175.0,175.0,175.0,2022-09-15T04:00:00+00:00,Withdrawn,,2025-07-31T04:00:00+00:00,,,Battery Storage,Not Started,,2026-10-31T04:00:00+00:00,,DPP-2022,South,Phase 1,NRIS,0.0,0.0,0.0,0.0,
J2473,,,Marion,IN,Hanna 138kV,INDIANAPOLIS POWER & LIGHT COMPANY,Battery Storage,150.0,150.0,150.0,2022-09-15T04:00:00+00:00,Active,,,,,Battery Storage,Not Started,,2027-09-30T04:00:00+00:00,,DPP-2022,Central,Phase 2,NRIS,150.0,150.0,0.0,0.0,
J2399,,,Craighead,AR,Independence ISES - Powerline Road 500 kV,"ENTERGY ARKANSAS, LLC EATO",Solar,500.0,500.0,500.0,2022-09-15T04:00:00+00:00,Withdrawn,,2023-03-24T04:00:00+00:00,,,Photovoltaic,Not Started,,2025-05-31T04:00:00+00:00,,DPP-2022,South,Phase 1,ERIS,0.0,0.0,0.0,0.0,
J2400,,,Bienville,LA,Sailes Substation 115kV,"ENTERGY LOUISIANA, LLC ELTO",Solar,120.0,120.0,120.0,2022-09-15T04:00:00+00:00,Withdrawn,,2025-07-30T04:00:00+00:00,,,Photovoltaic,Not Started,,2025-05-31T04:00:00+00:00,,DPP-2022,South,Phase 1,ERIS,0.0,0.0,0.0,0.0,
J2402,,,Johnson,IL,7W_FRFT_E - 7SHAWNEE FP 345.0kV,,Battery Storage,200.0,200.0,200.0,2022-09-15T04:00:00+00:00,Active,,,,,Battery Storage,Not Started,,2025-05-31T04:00:00+00:00,,DPP-2022,Central,Phase 2,ERIS,200.0,0.0,0.0,0.0,
J2378,,,Macomb,MI,LENOX - ST.CLAIR 120.0kV,ITC,Battery Storage,152.0,152.0,152.0,2022-09-15T04:00:00+00:00,Active,,,,,Battery Storage,Not Started,,2026-05-01T04:00:00+00:00,,DPP-2022,East (ITC),Phase 1,NRIS,152.0,152.0,0.0,0.0,
J2389,,,Adams,IL,Monument,AMEREN ILLINOIS,Hybrid,150.0,150.0,150.0,2022-09-15T04:00:00+00:00,Active,,,,,Solar/Battery,Not Started,,2028-09-30T04:00:00+00:00,,DPP-2022,Central,Phase 2,ERIS,150.0,0.0,0.0,0.0,
J2475,,,Monroe,MI,Toll Rd 120kV,ITC,Battery Storage,200.0,200.0,200.0,2022-09-15T04:00:00+00:00,Active,,,,,Battery Storage,Not Started,,2027-09-30T04:00:00+00:00,,DPP-2022,East (ITC),Phase 1,NRIS,200.0,200.0,0.0,0.0,
J2391,,,Tallahatchie,MS,Webb 115 kV,"ENTERGY MISSISSIPPI, LLC. EMTO",Solar,100.0,100.0,100.0,2022-09-14T04:00:00+00:00,Withdrawn,,2025-07-30T04:00:00+00:00,,,Photovoltaic,Not Started,,2026-10-31T04:00:00+00:00,,DPP-2022,South,Phase 1,NRIS,0.0,0.0,0.0,0.0,
J2403,,,Johnson,IL,7JORD - 7MASS 345.0kV,,Solar,200.0,200.0,200.0,2022-09-15T04:00:00+00:00,Active,,,,,Photovoltaic,Not Started,,2025-05-31T04:00:00+00:00,,DPP-2022,Central,Phase 2,ERIS,200.0,0.0,0.0,0.0,
J1864,,,Cerro Gordo,IA,Emery 161kV,ITC MIDWEST,Wind,250.0,250.0,250.0,2021-08-16T04:00:00+00:00,Withdrawn,,2021-10-12T04:00:00+00:00,,,Wind Turbine,,,2024-09-15T04:00:00+00:00,,DPP-2021,West,Phase 2,NRIS,0.0,0.0,0.0,0.0,
J2449,,,Faulkner,AR,Mayflower EHV 500 kV,"ENTERGY ARKANSAS, LLC EATO",Battery Storage,200.0,200.0,200.0,2022-09-15T04:00:00+00:00,Withdrawn,,2025-07-31T04:00:00+00:00,,,Battery Storage,Not Started,,2026-10-31T04:00:00+00:00,,DPP-2022,South,Phase 1,NRIS,0.0,0.0,0.0,0.0,
J2536,,,LaSalle,IL,Fox River - Ottawa 138kV,AMEREN ILLINOIS,Battery Storage,200.0,200.0,200.0,2022-09-15T04:00:00+00:00,Withdrawn,,2025-10-27T04:00:00+00:00,,,Battery Storage,Not Started,,2026-10-31T04:00:00+00:00,,DPP-2022,Central,Phase 2,NRIS,0.0,0.0,0.0,0.0,
J3732,,,Saline,IL,Niles 138 kV (J1208/J1209) to be built near existing Harco Tap,AMEREN ILLINOIS,Hybrid,175.0,175.0,175.0,2024-04-15T04:00:00+00:00,Active,,,,,Solar/Battery,,,2026-12-30T05:00:00+00:00,,DPP-2023,Central,Study Not Started,NRIS,175.0,175.0,0.0,0.0,
S1082,,,Muskegon,MI,DU PONT - WHITE LAKE 138.0kV,METC,Battery Storage,50.0,50.0,50.0,2025-01-13T05:00:00+00:00,Active,2029-05-12T04:00:00+00:00,,,,Battery Storage,,,2028-04-30T04:00:00+00:00,,,,,SIS,0.0,0.0,0.0,0.0,
S1093,,,Mitchell,IA,Mitchell County,ITC MIDWEST,Battery Storage,202.0,202.0,202.0,2025-03-06T05:00:00+00:00,Withdrawn,,2026-06-18T04:00:00+00:00,,,Battery Storage,,,2027-09-01T04:00:00+00:00,,,,,SIS,0.0,0.0,0.0,0.0,
J4110,,,Lafayette,LA,Rork - Sellers Road 230.0kV,CLECO POWER LLC,Gas,400.0,400.0,400.0,2025-10-07T04:00:00+00:00,Active,,,,,Combustion Turbine (Simple Cycle),,,2030-06-30T04:00:00+00:00,,DPP-2026,South,,NRIS,0.0,0.0,0.0,0.0,
J4109,,,Iberville,LA,DONALDSONVILLE - EVERGREEN 230.0kV,"ENTERGY LOUISIANA, LLC",Gas,1300.0,1300.0,1300.0,2025-10-07T04:00:00+00:00,Withdrawn,,2025-12-19T05:00:00+00:00,,,Combined Cycle,,,2030-06-30T04:00:00+00:00,,DPP-2025,South,Phase 1,NRIS,0.0,0.0,0.0,0.0,
S1120,,,Knox,IN,Edwardsport  - Washington Mun,"DUKE ENERGY INDIANA, LLC",Battery Storage,150.0,150.0,150.0,2025-09-08T04:00:00+00:00,Active,,,,,Solar/Battery,,,2027-07-15T04:00:00+00:00,,,,,SIS,0.0,0.0,0.0,0.0,
J2397,,,Calhoun,AR,SHERIDAN EHV - EL DORADO EHV 500.0kV,"ENTERGY ARKANSAS, LLC EATO",Hybrid,160.0,160.0,160.0,2022-09-15T04:00:00+00:00,Active,,,,,Solar/Battery,Not Started,,2025-05-31T04:00:00+00:00,,DPP-2022,South,Phase 1,ERIS,160.0,0.0,0.0,0.0,
J2398,,,Craighead,AR,Independence ISES - Powerline Road 500 kV,"ENTERGY ARKANSAS, LLC EATO",Hybrid,160.0,160.0,160.0,2022-09-15T04:00:00+00:00,Withdrawn,,2023-03-24T04:00:00+00:00,,,Solar/Battery,Not Started,,2025-05-31T04:00:00+00:00,,DPP-2022,South,Phase 1,ERIS,0.0,0.0,0.0,0.0,
J2362,,,Fountain,IN,VEEDERSBURG WEST 230kV Substation,"DUKE ENERGY INDIANA, LLC CIN",Battery Storage,100.0,100.0,100.0,2022-09-13T04:00:00+00:00,Withdrawn,,2025-10-27T04:00:00+00:00,,,Battery Storage,Not Started,,2026-09-01T04:00:00+00:00,,DPP-2022,Central,Phase 2,NRIS,0.0,0.0,0.0,0.0,
J2200,,,Scott,MN,BLUE LAKE,NORTHERN STATES POWER COMPANY,Battery Storage,200.0,200.0,200.0,2021-08-13T04:00:00+00:00,Withdrawn,,2021-11-30T05:00:00+00:00,,,Battery Storage,,,2024-09-30T04:00:00+00:00,,DPP-2021,West,Phase 2,NRIS,0.0,0.0,0.0,0.0,
J2373,,,Calcasieu,LA,230kV Graywood or (new) Big Lake,"ENTERGY LOUISIANA, LLC ELTO",Waste Heat Recovery,40.0,40.0,40.0,2022-09-15T04:00:00+00:00,Withdrawn,,2023-01-25T05:00:00+00:00,,,"Steam Turbine (including Nuclear, Geothermal and Solar Steam)",Not Started,,2025-01-06T05:00:00+00:00,,DPP-2022,South,Phase 1,NRIS,0.0,0.0,0.0,0.0,
J3663,,,Morehouse,LA,OAK RIDGE (LA) - STERLINGTON 115 SWYD 115.0kV,"ENTERGY LOUISIANA, LLC ELTO",Solar,150.0,150.0,150.0,2024-04-13T04:00:00+00:00,Withdrawn,,2025-09-29T04:00:00+00:00,,,Photovoltaic,,,2028-09-01T04:00:00+00:00,,DPP-2023,South,Study Not Started,NRIS,0.0,0.0,0.0,0.0,
J4242,,,,,,"ENTERGY ARKANSAS, LLC",,115.0,115.0,115.0,2026-05-22T23:48:28+00:00,Active,,,,,,,,2031-05-01T04:00:00+00:00,,DPP-2026,South,,NRIS,0.0,0.0,0.0,0.0,
J3245,,,Breckinridge,KY,Meade County - New Hardinsburg 161.0kV,BIG RIVERS ELECTRIC CORPORATION BREC,Solar,150.0,150.0,150.0,2024-03-26T04:00:00+00:00,Withdrawn,,2025-09-05T04:00:00+00:00,,,Photovoltaic,,,2028-06-30T04:00:00+00:00,,DPP-2023,Central,Study Not Started,NRIS,0.0,0.0,0.0,0.0,
J4069,,,Marathon,WI,Kelly - Ackley 115.0kV,AMERICAN TRANSMISSION COMPANY,Solar,169.93,169.93,169.93,2025-10-03T04:00:00+00:00,Active,,,,,Photovoltaic,,,2030-01-31T05:00:00+00:00,,DPP-2025,East (ATC),Phase 1,NRIS,169.93,169.93,0.0,0.0,
S1116,,,Tallahatchie,MS,WEBB,"ENTERGY MISSISSIPPI, LLC. EMTO",Battery Storage,100.0,100.0,100.0,2025-08-31T04:00:00+00:00,Active,2027-06-01T04:00:00+00:00,,,,Battery Storage,,,2027-06-01T04:00:00+00:00,,,,,SIS,0.0,0.0,0.0,0.0,
J3246,,,Sangamon,IL,Fancy Creek 138kV Substation,"PRAIRIE POWER, INC. PPI",Solar,120.0,120.0,120.0,2024-04-05T04:00:00+00:00,Withdrawn,,2025-09-30T04:00:00+00:00,,,Photovoltaic,,,2028-01-15T05:00:00+00:00,,DPP-2023,Central,Study Not Started,NRIS,0.0,0.0,0.0,0.0,
J3251,,,Genesee,MI,THETFORD,METC,Battery Storage,200.0,200.0,200.0,2024-04-15T04:00:00+00:00,Active,,,,,Battery Storage,,,2028-06-01T04:00:00+00:00,,DPP-2023,East (ITC),Study Not Started,NRIS,200.0,200.0,0.0,0.0,
J4023,,,Clay,IN,Wabash River  -  Staunton 230.0kV,"DUKE ENERGY INDIANA, LLC CIN",Solar,185.0,185.0,185.0,2025-02-03T05:00:00+00:00,Withdrawn,,2026-04-14T04:00:00+00:00,,,Photovoltaic,,,2029-06-01T04:00:00+00:00,,DPP-2025,Central,Phase 1,NRIS,0.0,0.0,0.0,0.0,
J4246,,,,,,"ENTERGY TEXAS, INC. ETTO",,560.0,560.0,560.0,2026-06-25T21:45:49+00:00,Active,,,,,,,,2030-05-01T04:00:00+00:00,,DPP-2026,South,,NRIS,0.0,0.0,0.0,0.0,
J3661,,,Henry,IA,7MAYWOOD - 7SUB T  3 345.0kV,AMEREN MISSOURI,Wind,300.0,300.0,300.0,2024-04-14T04:00:00+00:00,Withdrawn,,2025-09-02T04:00:00+00:00,,,Wind Turbine,,,2028-09-01T04:00:00+00:00,,DPP-2023,West,Study Not Started,NRIS,0.0,0.0,0.0,0.0,
J3707,,,Putnam,IN,Other_,"DUKE ENERGY INDIANA, LLC CIN",Solar,40.0,40.0,40.0,2024-04-16T04:00:00+00:00,Withdrawn,,2025-07-01T04:00:00+00:00,,,Photovoltaic,,,2027-09-15T04:00:00+00:00,,DPP-2023,Central,Study Not Started,NRIS,0.0,0.0,0.0,0.0,
J1892,,,Otsego,MI,Livingston - Keystone 345 kV,METC,Solar,64.8,64.8,64.8,2021-08-24T04:00:00+00:00,Withdrawn,,2021-12-09T05:00:00+00:00,,,Photovoltaic,,,2023-11-01T04:00:00+00:00,,DPP-2021,East (ITC),Phase 3,NRIS,0.0,0.0,0.0,0.0,
J4108,,,Webster,LA,SAREPTA,"ENTERGY LOUISIANA, LLC",Battery Storage,150.0,150.0,150.0,2025-10-07T04:00:00+00:00,Withdrawn,,2026-01-27T05:00:00+00:00,,,Battery Storage,,,2030-09-30T04:00:00+00:00,,DPP-2025,South,Phase 1,NRIS,0.0,0.0,0.0,0.0,
J4036,,,Cross,AR,WYNNE INDUSTRIAL,"ENTERGY ARKANSAS, LLC",Solar,160.0,160.0,160.0,2025-07-01T04:00:00+00:00,Withdrawn,,2025-12-31T05:00:00+00:00,,,Photovoltaic,,,2029-09-06T04:00:00+00:00,,DPP-2025,South,Phase 1,NRIS,0.0,0.0,0.0,0.0,
J4240,,,Grant,,Big Stone South 345 kV substation,OTTER TAIL POWER COMPANY,,250.0,250.0,250.0,2026-05-13T02:35:53+00:00,Active,,,,,,,,2031-06-28T04:00:00+00:00,,DPP-2026,West,,NRIS,0.0,0.0,0.0,0.0,
S1166,,,,MN,,NORTHERN STATES POWER COMPANY,,108.93,108.93,108.93,2026-05-04T19:33:45+00:00,Active,,,,,,,,2029-05-01T04:00:00+00:00,,NO_CYCLE,NO_GROUP,,SIS,0.0,0.0,0.0,0.0,
S1177,,,,,,"DUKE ENERGY INDIANA, LLC CIN",,0.0,0.0,0.0,2026-05-22T08:19:27+00:00,Active,,,,,,,,2028-01-10T05:00:00+00:00,,NO_CYCLE,NO_GROUP,,SIS,0.0,0.0,0.0,0.0,
J3244,,,Parke,IN,Parke County REMC,"DUKE ENERGY INDIANA, LLC CIN",Solar,100.0,100.0,100.0,2024-03-27T04:00:00+00:00,Withdrawn,,2025-09-05T04:00:00+00:00,,,Photovoltaic,,,2028-06-30T04:00:00+00:00,,DPP-2023,Central,Study Not Started,NRIS,0.0,0.0,0.0,0.0,
J3263,,,Desha,AK,DUMAS - REED SS 115.0kV,ARKANSAS ELECTRIC COOPERATIVE CORPORATION AECT,Solar,150.0,150.0,150.0,2024-04-15T04:00:00+00:00,Withdrawn,,2025-09-25T04:00:00+00:00,,,Photovoltaic,,,2028-06-01T04:00:00+00:00,,DPP-2023,South,Study Not Started,NRIS,0.0,0.0,0.0,0.0,
J3287,,,Osceola,MI,Hersey Interconnection,WOLVERINE POWER SUPPLY COOPERATIVE,Solar,110.0,110.0,110.0,2024-04-15T04:00:00+00:00,Pending Revision Approval,,,,,Photovoltaic,,,2028-11-01T04:00:00+00:00,,DPP-2023,East (ITC),Study Not Started,NRIS,110.0,110.0,0.0,0.0,
J3301,,,Prairie,AR,DES ARC - COTTON PLANT 115.0kV,"ENTERGY ARKANSAS, LLC EATO",Solar,180.0,180.0,180.0,2024-04-17T04:00:00+00:00,Withdrawn,,2025-12-23T05:00:00+00:00,,,Photovoltaic,,,2027-01-31T05:00:00+00:00,,DPP-2023,South,Study Not Started,NRIS,0.0,0.0,0.0,0.0,
J3303,,,Prairie,AR,WEST MEMPHIS EHV - KEO EHV 500.0kV,"ENTERGY ARKANSAS, LLC EATO",Solar,400.0,400.0,400.0,2024-04-17T04:00:00+00:00,Withdrawn,,2025-12-23T05:00:00+00:00,,,Photovoltaic,,,2027-01-31T05:00:00+00:00,,DPP-2023,South,Study Not Started,NRIS,0.0,0.0,0.0,0.0,
J3304,,,Clark,AR,ETTA - MCNEIL EHV 500.0kV,"ENTERGY ARKANSAS, LLC EATO",Solar,350.0,350.0,350.0,2024-04-17T04:00:00+00:00,Withdrawn,,2025-12-23T05:00:00+00:00,,,Photovoltaic,,,2027-01-31T05:00:00+00:00,,DPP-2023,South,Study Not Started,NRIS,0.0,0.0,0.0,0.0,
J4241,,,St. Charles,,SIOUX,AMEREN MISSOURI,,2220.0,2220.0,2220.0,2026-05-28T18:29:18+00:00,Active,,,,,,,,2030-12-01T05:00:00+00:00,,DPP-2026,Central,,NRIS,0.0,0.0,0.0,0.0,
J4265,,,,,,,,300.0,300.0,300.0,2026-08-18T21:43:06+00:00,Active,,,,,,,,2031-08-12T04:00:00+00:00,,DPP-2026,Central,,NRIS,0.0,0.0,0.0,0.0,
J3252,,,St. Clair,MI,FITZ,ITC,Battery Storage,200.0,200.0,200.0,2024-04-15T04:00:00+00:00,Withdrawn,,2025-05-23T04:00:00+00:00,,,Battery Storage,,,2028-06-01T04:00:00+00:00,,DPP-2023,East (ITC),Study Not Started,NRIS,0.0,0.0,0.0,0.0,
J3261,,,Tunica,MS,Tunica 230 kV (337160),"ENTERGY MISSISSIPPI, LLC. EMTO",Solar,200.0,200.0,200.0,2024-03-26T04:00:00+00:00,Withdrawn,,2025-09-30T04:00:00+00:00,,,Photovoltaic,,,2028-06-30T04:00:00+00:00,,DPP-2023,South,Study Not Started,NRIS,0.0,0.0,0.0,0.0,
J3260,,,LaSalle,IL,4NLASALLE RB - 4WED_FOXR 138.0kV,AMEREN ILLINOIS,Solar,97.0,97.0,97.0,2024-03-28T04:00:00+00:00,Withdrawn,,2025-09-30T04:00:00+00:00,,,Photovoltaic,,,2028-01-15T05:00:00+00:00,,DPP-2023,Central,Study Not Started,NRIS,0.0,0.0,0.0,0.0,
S1164,,,MIssissippi,AR,Dell - Manila 161 kV,ENTERGY ARKANSAS INC. EAI,,200.0,200.0,200.0,2026-05-11T04:00:00+00:00,Active,,,,,,,,2028-08-03T04:00:00+00:00,,NO_CYCLE,NO_GROUP,,SIS,0.0,0.0,0.0,0.0,
J3250,,,Cerro Gordo,IA,FLOYD - EMERY (ITCM) 161.0kV,MIDAMERICAN ENERGY CO. MEC,Wind,150.0,150.0,150.0,2024-04-14T04:00:00+00:00,Withdrawn,,2025-09-02T04:00:00+00:00,,,Wind Turbine,,,2028-09-15T04:00:00+00:00,,DPP-2023,West,Study Not Started,NRIS,0.0,0.0,0.0,0.0,
J3262,,,Jefferson,TX,Stowell,"ENTERGY TEXAS, INC. ETTO",Wind,300.0,300.0,300.0,2024-04-12T04:00:00+00:00,Withdrawn,,2025-12-23T05:00:00+00:00,,,Wind Turbine,,,2028-03-01T05:00:00+00:00,,DPP-2023,South,Study Not Started,NRIS,0.0,0.0,0.0,0.0,
J3302,,,Jefferson,AR,P.B. SOUTH - VARNER 115.0kV,"ENTERGY ARKANSAS, LLC EATO",Solar,105.0,105.0,105.0,2024-04-17T04:00:00+00:00,Withdrawn,,2025-12-23T05:00:00+00:00,,,Photovoltaic,,,2027-01-31T05:00:00+00:00,,DPP-2023,South,Study Not Started,NRIS,0.0,0.0,0.0,0.0,
J3305,,,Adams,IA,Other_,MIDAMERICAN ENERGY CO. MEC,Solar,150.0,150.0,150.0,2024-04-17T04:00:00+00:00,Withdrawn,,2025-01-17T05:00:00+00:00,,,Photovoltaic,,,2027-01-31T05:00:00+00:00,,DPP-2023,West,Study Not Started,NRIS,0.0,0.0,0.0,0.0,
J1030,,,Polk County,TX,Poco - Menard 138kV Line Tao,"ENTERGY TEXAS, INC.",Solar,150.0,150.0,150.0,2018-03-12T04:00:00+00:00,Done,2023-01-23T05:00:00+00:00,,,,Photovoltaic,In Service,2020-10-22T04:00:00+00:00,2021-09-01T04:00:00+00:00,2020-03-20T04:00:00+00:00,DPP-2018-APR,South,GIA,ERIS,150.0,0.0,150.0,0.0,
J3264,,,Otsego,MI,LIVINGSTON CO,METC,Battery Storage,300.0,300.0,300.0,2024-04-12T04:00:00+00:00,Withdrawn,,2025-12-23T05:00:00+00:00,,,Battery Storage,,,2028-09-01T04:00:00+00:00,,DPP-2023,East (ITC),Study Not Started,NRIS,0.0,0.0,0.0,0.0,
J1031,,,Henry County,IN,Fall Creek - New Castle 138 kV Line Tap,"DUKE ENERGY INDIANA, LLC CIN",Wind,150.0,150.0,150.0,2018-03-12T04:00:00+00:00,Withdrawn,,2020-01-07T05:00:00+00:00,,,Wind Turbine,Not Started,,2020-10-01T04:00:00+00:00,,DPP-2018-APR,Central,GIA,NRIS,0.0,0.0,0.0,0.0,
J1040,,,McIntosh County,ND,Wishek Junction 230 kV Substation,MONTANA-DAKOTA UTILITIES CO.,Wind,250.0,250.0,250.0,2018-03-12T04:00:00+00:00,Done,2023-05-14T04:00:00+00:00,,,,Wind Turbine,Under Construction,2022-02-07T05:00:00+00:00,2021-09-01T04:00:00+00:00,2022-02-01T05:00:00+00:00,DPP-2018-APR,West,GIA,NRIS,250.0,250.0,250.0,250.0,
J1010,,,"Kenosha County,Racine County",WI,Arcadian - Zion 345kV Line Tap,American Transmission Co. LLC,Solar,400.0,400.0,400.0,2018-03-12T04:00:00+00:00,Withdrawn,,2020-05-19T04:00:00+00:00,,,Photovoltaic,Not Started,,2020-09-01T04:00:00+00:00,,DPP-2018-APR,East (ATC),GIA,NRIS,400.0,400.0,0.0,0.0,
J3267,,,Genesee,MI,THETFORD,METC,Solar,50.0,50.0,50.0,2024-04-15T04:00:00+00:00,Withdrawn,,2025-05-23T04:00:00+00:00,,,Photovoltaic,,,2028-06-01T04:00:00+00:00,,DPP-2023,East (ITC),Study Not Started,NRIS,0.0,0.0,0.0,0.0,
J3286,,,Sanilac,MI,KILGORE - MICAH 120.0kV,ITC,Solar,200.0,200.0,200.0,2024-04-15T04:00:00+00:00,Pending Revision Approval,,,,,Photovoltaic,,,2028-11-01T04:00:00+00:00,,DPP-2023,East (ITC),Study Not Started,NRIS,200.0,200.0,0.0,0.0,
J3300,,,Craighead,AR,CASH - NEWPORT AB 161.0kV,"ENTERGY ARKANSAS, LLC EATO",Solar,200.0,200.0,200.0,2024-04-17T04:00:00+00:00,Withdrawn,,2025-12-23T05:00:00+00:00,,,Photovoltaic,,,2027-01-31T05:00:00+00:00,,DPP-2023,South,Study Not Started,NRIS,0.0,0.0,0.0,0.0,
J3232,,,Vermillion,IN,CAYUGA STATION,"DUKE ENERGY INDIANA, LLC CIN",Gas,500.0,500.0,500.0,2024-04-11T04:00:00+00:00,Active,,,,,Combined Cycle,,,2028-08-31T04:00:00+00:00,,DPP-2023,Central,Study Not Started,NRIS,475.5,500.0,0.0,0.0,
J1032,,,Wabasha County,MN,Briggs Rd. - N. Rochester 345 kV Line Tap,NORTHERN STATES POWER COMPANY,Battery Storage,50.0,50.0,50.0,2018-03-12T04:00:00+00:00,Withdrawn,,2020-03-25T04:00:00+00:00,,,Battery Storage,Not Started,,2021-10-31T04:00:00+00:00,,DPP-2018-APR,West,GIA,NRIS,0.0,0.0,0.0,0.0,
J1033,,,Stoddard County,MO,Stoddard - Morely 161 kV Line Tap,AMEREN MISSOURI,Battery Storage,50.0,50.0,50.0,2018-03-12T04:00:00+00:00,Withdrawn,,2021-03-10T05:00:00+00:00,,,Battery Storage,Not Started,,2021-10-31T04:00:00+00:00,,DPP-2018-APR,Central,GIA,NRIS,50.0,50.0,0.0,0.0,
J1041,,,Jackson County,MN,Brewster - Heron Lake 161 kV Line,ITC MIDWEST,Battery Storage,20.0,20.0,20.0,2018-03-12T04:00:00+00:00,Withdrawn,,2020-03-25T04:00:00+00:00,,,Battery Storage,Not Started,,2021-10-31T04:00:00+00:00,,DPP-2018-APR,West,GIA,NRIS,0.0,0.0,0.0,0.0,
J1042,,,Walworth County,WI,North Lake Geneva 138kV Substation,American Transmission Co. LLC,Solar,200.0,200.0,200.0,2018-03-09T05:00:00+00:00,Withdrawn,2023-09-15T04:00:00+00:00,2023-08-09T04:00:00+00:00,,,Photovoltaic,Withdrawn,2021-05-18T04:00:00+00:00,2021-09-01T04:00:00+00:00,2021-05-18T04:00:00+00:00,DPP-2018-APR,East (ATC),GIA,NRIS,200.0,200.0,180.0,180.0,
J1012,,,Scott County,IL,Jacksonville Ind. Park - Winchester 138kV Line Tap,"PRAIRIE POWER, INC. PPI",Solar,100.0,100.0,100.0,2018-03-12T04:00:00+00:00,Withdrawn,,2019-03-28T04:00:00+00:00,,,Photovoltaic,Not Started,,2021-09-01T04:00:00+00:00,,DPP-2018-APR,Central,GIA,NRIS,0.0,0.0,0.0,0.0,
J1037,,,Murray County,MN,Moon Lake 69kV Substation,GREAT RIVER ENERGY,Battery Storage,15.0,15.0,15.0,2018-03-12T04:00:00+00:00,Withdrawn,,2019-08-15T04:00:00+00:00,,,Battery Storage,Not Started,,2021-10-01T04:00:00+00:00,,DPP-2018-APR,West,GIA,NRIS,0.0,0.0,0.0,0.0,
J1035,,,Washington County,IL,Fayetteville - Marigold 138 kV Line Tap,AMEREN ILLINOIS,Solar,75.0,75.0,75.0,2018-03-12T04:00:00+00:00,Withdrawn,,2018-10-15T04:00:00+00:00,,,Photovoltaic,Not Started,,2021-07-01T04:00:00+00:00,,DPP-2018-APR,Central,GIA,NRIS,0.0,0.0,0.0,0.0,
J1045,,,Murray County,MN,Fenton - Chanarambie 115kV Line Tap,NORTHERN STATES POWER COMPANY,Battery Storage,20.0,20.0,20.0,2018-03-12T04:00:00+00:00,Done,2024-07-30T04:00:00+00:00,,,,Battery Storage,Under Construction,2022-02-07T05:00:00+00:00,2021-10-31T04:00:00+00:00,2022-02-07T05:00:00+00:00,DPP-2018-APR,West,GIA,NRIS,20.0,20.0,20.0,20.0,
J1015,,,Otsego County,MI,Gaylord 138kV Substation,METC,Solar,80.0,80.0,80.0,2018-03-12T04:00:00+00:00,Withdrawn,,2019-03-27T04:00:00+00:00,,,Photovoltaic,Not Started,,2020-09-01T04:00:00+00:00,,DPP-2018-APR,East (ITC),GIA,NRIS,0.0,0.0,0.0,0.0,
J1049,,,Forrest County,MS,Purvis 161 kV Substation,COOPERATIVE ENERGY SMEP,Solar,250.0,250.0,250.0,2018-03-12T04:00:00+00:00,Withdrawn,,2019-08-29T04:00:00+00:00,,,Photovoltaic,Not Started,,2022-09-01T04:00:00+00:00,,DPP-2018-APR,South,GIA,NRIS,0.0,0.0,0.0,0.0,
J1019,,,Boone County,MO,Overton - McCredie 345 kV Line Tap,AMEREN MISSOURI,Wind,150.0,150.0,150.0,2018-03-12T04:00:00+00:00,Withdrawn,,2018-10-03T04:00:00+00:00,,,Wind Turbine,Not Started,,2021-09-01T04:00:00+00:00,,DPP-2018-APR,Central,GIA,NRIS,0.0,0.0,0.0,0.0,
J1050,,,"Boone County,Hamilton County",IA,Doud Tap 161 kV Substation,ITC MIDWEST,Wind,225.0,225.0,225.0,2018-03-12T04:00:00+00:00,Done,2022-07-01T04:00:00+00:00,,,,Wind Turbine,In Service,2022-01-17T05:00:00+00:00,2022-06-03T04:00:00+00:00,2022-01-18T05:00:00+00:00,DPP-2018-APR,West,GIA,NRIS,225.0,225.0,225.0,225.0,
J1017,,,"Carroll County,White County",IN,Springboro 138 kV Substation,"DUKE ENERGY INDIANA, LLC PSI",Wind,125.0,125.0,125.0,2018-03-12T04:00:00+00:00,Withdrawn,,2018-10-03T04:00:00+00:00,,,Wind Turbine,Not Started,,2021-09-01T04:00:00+00:00,,DPP-2018-APR,Central,GIA,NRIS,0.0,0.0,0.0,0.0,
J1018,,,Miami County,IN,Peru South East - Greentown 230 kV Line Tap,"DUKE ENERGY INDIANA, LLC PSI",Wind,150.0,150.0,150.0,2018-03-12T04:00:00+00:00,Withdrawn,,2018-10-03T04:00:00+00:00,,,Wind Turbine,Not Started,,2021-09-01T04:00:00+00:00,,DPP-2018-APR,Central,GIA,NRIS,0.0,0.0,0.0,0.0,
J1011,,,"Kenosha County,Racine County",WI,Arcadian - Zion 345kV Line Tap,American Transmission Co. LLC,Solar,400.0,400.0,400.0,2018-03-12T04:00:00+00:00,Withdrawn,,2020-05-19T04:00:00+00:00,,,Photovoltaic,Not Started,,2022-09-01T04:00:00+00:00,,DPP-2018-APR,East (ATC),GIA,NRIS,400.0,400.0,0.0,0.0,
J1043,,,Montcalm County,MI,Vergennes - Nelson Rd 345 kV Line Tap,METC,Wind,374.4,374.4,374.4,2018-03-12T04:00:00+00:00,Withdrawn,2024-05-31T04:00:00+00:00,2023-02-09T05:00:00+00:00,,,Wind Turbine,Withdrawn,2021-05-03T04:00:00+00:00,2021-06-13T04:00:00+00:00,2020-12-22T05:00:00+00:00,DPP-2018-APR,East (ITC),GIA,NRIS,374.4,374.4,374.4,374.4,
J1044,,,Walworth County,WI,North Lake Geneva - Sugar Creek - Burlington 138kV Line Tap,American Transmission Co. LLC,Solar,200.0,200.0,200.0,2018-03-12T04:00:00+00:00,Withdrawn,,2019-10-24T04:00:00+00:00,,,Photovoltaic,Not Started,,2022-09-01T04:00:00+00:00,,DPP-2018-APR,East (ATC),GIA,NRIS,0.0,0.0,0.0,0.0,
J1038,,,Grant County,MN,Grant Co. - E. Fergus Falls - Hoot Lake 115 kV Line Tap,OTTER TAIL POWER COMPANY OTPW,Solar,32.5,32.5,32.5,2018-03-12T04:00:00+00:00,Withdrawn,,2020-03-25T04:00:00+00:00,,,Photovoltaic,Not Started,,2020-09-01T04:00:00+00:00,,DPP-2018-APR,West,GIA,ERIS,0.0,0.0,0.0,0.0,
J1046,,,Washtenaw County,MI,Majestic - Lemoyne 345 kV Line Tap,ITC MIDWEST,Battery Storage,50.0,50.0,50.0,2018-03-12T04:00:00+00:00,Withdrawn,,2019-11-21T05:00:00+00:00,,,Battery Storage,Not Started,,2020-10-31T04:00:00+00:00,,DPP-2018-APR,East (ITC),GIA,NRIS,0.0,0.0,0.0,0.0,
J1016,,,Gibson County,IN,Francisco - Toyota Z75 138kV Line Tap,"Southern Indiana Gas & Electric Company d/b/a Vectren Energy Delivery of Indiana, Inc.",Solar,50.0,50.0,50.0,2018-03-12T04:00:00+00:00,Withdrawn,,2020-01-06T05:00:00+00:00,,,Photovoltaic,Not Started,,2021-09-01T04:00:00+00:00,,DPP-2018-APR,Central,GIA,NRIS,0.0,0.0,0.0,0.0,
J1048,,,"Mecosta County,Montcalm County",MI,Vergennes - Nelson Road 345kV Line Tap,METC,Wind,250.0,250.0,250.0,2018-03-12T04:00:00+00:00,Withdrawn,,2019-03-28T04:00:00+00:00,,,Wind Turbine,Not Started,,2020-09-01T04:00:00+00:00,,DPP-2018-APR,East (ITC),GIA,NRIS,0.0,0.0,0.0,0.0,
J1052,,,Jackson County,MI,Beecher - Seamless East 138kV Line Tap,METC,Solar,100.0,100.0,100.0,2018-03-12T04:00:00+00:00,Withdrawn,,2019-03-27T04:00:00+00:00,,,Photovoltaic,Not Started,,2020-09-01T04:00:00+00:00,,DPP-2018-APR,East (ITC),GIA,NRIS,0.0,0.0,0.0,0.0,
J1060,,,St. Francis County,AR,West Memphis - Keo 500 kV Line Tap,"ENTERGY ARKANSAS, LLC",Solar,500.0,500.0,500.0,2018-03-12T04:00:00+00:00,Done,2023-05-01T04:00:00+00:00,,,,Photovoltaic,Under Construction,2020-08-19T04:00:00+00:00,2021-10-31T04:00:00+00:00,2020-03-30T04:00:00+00:00,DPP-2018-APR,South,GIA,NRIS,500.0,500.0,450.0,400.0,
J1061,,,Wabasha County,MN,Briggs Rd - N. Rochester 345 kV Line Tap,NORTHERN STATES POWER COMPANY,Solar,300.0,300.0,300.0,2018-03-12T04:00:00+00:00,Withdrawn,,2020-03-25T04:00:00+00:00,,,Photovoltaic,Not Started,,2021-10-31T04:00:00+00:00,,DPP-2018-APR,West,GIA,NRIS,0.0,0.0,0.0,0.0,
J1051,,,Jefferson County,WI,Concord 138kV Substation,American Transmission Co. LLC,Battery Storage,50.0,50.0,50.0,2018-03-12T04:00:00+00:00,Withdrawn,,2020-05-19T04:00:00+00:00,,,Battery Storage,Not Started,,2021-10-31T04:00:00+00:00,,DPP-2018-APR,East (ATC),GIA,NRIS,50.0,50.0,0.0,0.0,
J1062,,,Washtenaw County,MI,Majestic - Lemoyne 345 kV Line Tap,ITC MIDWEST,Solar,200.0,200.0,200.0,2018-03-12T04:00:00+00:00,Done,2023-06-01T04:00:00+00:00,,,,Photovoltaic,Not Started,2021-04-23T04:00:00+00:00,2021-10-31T04:00:00+00:00,2020-12-22T05:00:00+00:00,DPP-2018-APR,East (ITC),GIA,NRIS,150.0,150.0,150.0,150.0,
J1083,,,Eaton County,MI,Oneida138kV Substation,METC,Solar,70.0,70.0,70.0,2018-03-12T04:00:00+00:00,Withdrawn,,2019-12-02T05:00:00+00:00,,,Photovoltaic,Not Started,,2021-09-01T04:00:00+00:00,,DPP-2018-APR,East (ITC),GIA,NRIS,0.0,0.0,0.0,0.0,
J1090,,,Ingham County,MI,Tompkins - Churchill Jct 138 kV Line Tap,METC,Solar,90.0,90.0,90.0,2018-03-12T04:00:00+00:00,Withdrawn,,2021-02-04T05:00:00+00:00,,,Photovoltaic,Not Started,,2021-01-02T05:00:00+00:00,2020-12-22T05:00:00+00:00,DPP-2018-APR,East (ITC),GIA,NRIS,90.0,90.0,90.0,90.0,
J1064,,,Ionia County,MI,Marquette - Vergennes 138 kV Line Tap,METC,Wind,200.0,200.0,200.0,2018-03-12T04:00:00+00:00,Withdrawn,,2019-11-21T05:00:00+00:00,,,Wind Turbine,Not Started,,2020-10-31T04:00:00+00:00,,DPP-2018-APR,East (ITC),GIA,NRIS,0.0,0.0,0.0,0.0,
J1091,,,Craighead County,AR,Power Line Road 161 kV Substation,"ENTERGY ARKANSAS, LLC EATO",Solar,150.0,150.0,150.0,2018-03-12T04:00:00+00:00,Withdrawn,,2019-08-29T04:00:00+00:00,,,Photovoltaic,Not Started,,2021-09-15T04:00:00+00:00,,DPP-2018-APR,South,GIA,NRIS,0.0,0.0,0.0,0.0,
J1063,,,Clinton County,IN,New London - Frankfort 230kV Line Tap,"DUKE ENERGY INDIANA, LLC",Solar,195.0,195.0,195.0,2018-03-12T04:00:00+00:00,Done,2022-08-01T04:00:00+00:00,,,,Photovoltaic,Under Construction,2022-03-09T05:00:00+00:00,2022-10-31T04:00:00+00:00,2021-03-29T04:00:00+00:00,DPP-2018-APR,Central,GIA,NRIS,195.0,195.0,195.0,195.0,
J1057,,,Jackson County,MN,Brewster - Heron Lake 161 kV Line,ITC MIDWEST,Solar,125.0,125.0,125.0,2018-03-12T04:00:00+00:00,Withdrawn,,2020-03-25T04:00:00+00:00,,,Photovoltaic,Not Started,,2021-10-31T04:00:00+00:00,,DPP-2018-APR,West,GIA,NRIS,0.0,0.0,0.0,0.0,
J1071,,,Oceana County,MI,Donaldson 138 kV Substation,METC,Solar,100.0,100.0,100.0,2018-03-12T04:00:00+00:00,Done,2021-01-15T05:00:00+00:00,,,,Photovoltaic,Under Construction,2021-03-26T04:00:00+00:00,2021-01-20T05:00:00+00:00,2021-03-26T04:00:00+00:00,DPP-2018-APR,East (ITC),GIA,NRIS,100.0,100.0,100.0,100.0,
J1085,,,"Marathon County,Taylor County,Wood County",WI,Gardner Park - J821 POI - Stone Lake 345 kV Line Tap,American Transmission Co. LLC,Wind,300.0,300.0,300.0,2018-03-12T04:00:00+00:00,Withdrawn,,2020-05-19T04:00:00+00:00,,,Wind Turbine,Not Started,,2021-09-01T04:00:00+00:00,,DPP-2018-APR,East (ATC),GIA,NRIS,300.0,300.0,0.0,0.0,
J1065,,,Gratiot County,MI,Alma - Vestaburg 138kV Line Tap,METC,Wind,200.0,200.0,200.0,2018-03-12T04:00:00+00:00,Withdrawn,,2019-11-21T05:00:00+00:00,,,Wind Turbine,Not Started,,2020-10-31T04:00:00+00:00,,DPP-2018-APR,East (ITC),GIA,NRIS,0.0,0.0,0.0,0.0,
J1059,,,Cape Girardeau County,MO,Kelso - Lutesville 345 kV Line Tap,AMEREN MISSOURI,Solar,300.0,300.0,300.0,2018-03-12T04:00:00+00:00,Withdrawn,,2020-01-07T05:00:00+00:00,,,Photovoltaic,Not Started,,2021-10-31T04:00:00+00:00,,DPP-2018-APR,Central,GIA,NRIS,0.0,0.0,0.0,0.0,
J1086,,,Nobles County,MN,Elk - Brewster 161 kV Line Tap,ITC MIDWEST,Solar,120.0,120.0,120.0,2018-03-12T04:00:00+00:00,Withdrawn,,2020-03-25T04:00:00+00:00,,,Photovoltaic,Not Started,,2021-01-02T05:00:00+00:00,,DPP-2018-APR,West,GIA,NRIS,0.0,0.0,0.0,0.0,
J1073,,,Iberville Parish,LA,Webre 500 kV Substation,"ENTERGY LOUISIANA, LLC ELTO",Solar,300.0,300.0,300.0,2018-03-12T04:00:00+00:00,Withdrawn,,2019-08-29T04:00:00+00:00,,,Photovoltaic,Not Started,,2021-09-15T04:00:00+00:00,,DPP-2018-APR,South,GIA,NRIS,0.0,0.0,0.0,0.0,
J1055,,,Mason County,IL,Mason Substation 138 kV Bus,AMEREN ILLINOIS,Wind,144.0,144.0,144.0,2018-03-12T04:00:00+00:00,Done,2020-10-15T04:00:00+00:00,,,,Wind Turbine,In Service,2021-11-13T05:00:00+00:00,2020-09-30T04:00:00+00:00,2019-07-31T04:00:00+00:00,DPP-2018-APR,Central,GIA,NRIS,144.0,144.0,144.0,144.0,
J1082,,,"Grundy County,Mercer County",MO,Zachary 345 kV Substation,AMEREN MISSOURI,Wind,400.0,400.0,400.0,2018-03-12T04:00:00+00:00,Withdrawn,,2019-03-28T04:00:00+00:00,,,Wind Turbine,Not Started,,2020-09-01T04:00:00+00:00,,DPP-2018-APR,West,GIA,NRIS,0.0,0.0,0.0,0.0,
J1056,,,Monroe County,MI,Lulu - Monroe 345 kV Line Tap,ITC MIDWEST,Wind,200.0,200.0,200.0,2018-03-12T04:00:00+00:00,Withdrawn,,2019-11-21T05:00:00+00:00,,,Wind Turbine,Not Started,,2020-10-31T04:00:00+00:00,,DPP-2018-APR,East (ITC),GIA,NRIS,0.0,0.0,0.0,0.0,
J1070,,,Washington County,MS,SE Greenville 115kV Substation,"ENTERGY MISSISSIPPI, LLC EMMP",Solar,100.0,100.0,100.0,2018-03-12T04:00:00+00:00,Withdrawn,,2019-08-29T04:00:00+00:00,,,Photovoltaic,Not Started,,2021-09-15T04:00:00+00:00,,DPP-2018-APR,South,GIA,NRIS,0.0,0.0,0.0,0.0,
J1058,,,Lake County,IN,Schahfer-St. John 345kV Line Tap,NORTHERN INDIANA PUBLIC SERVICE COMPANY LLC NIP,Solar,300.0,300.0,300.0,2018-03-12T04:00:00+00:00,Done,2024-06-01T04:00:00+00:00,,,,Photovoltaic,Under Construction,2021-10-12T04:00:00+00:00,2021-10-31T04:00:00+00:00,2021-10-15T04:00:00+00:00,DPP-2018-APR,Central,GIA,NRIS,200.0,200.0,200.0,200.0,
J1087,,,Scott County,MO,Miner - Kelso 161 kV Line Tap,Ameren Missouri,Solar,200.0,200.0,200.0,2018-03-12T04:00:00+00:00,Done,2023-12-02T05:00:00+00:00,,,,Photovoltaic,Under Construction,2021-10-12T04:00:00+00:00,2021-01-02T05:00:00+00:00,2021-10-13T04:00:00+00:00,DPP-2018-APR,Central,GIA,NRIS,200.0,200.0,200.0,200.0,
J1074,,,Gibson County,IN,Francisco 138 kV sub,"Southern Indiana Gas & Electric Company d/b/a Vectren Energy Delivery of Indiana, Inc.",Solar,200.0,200.0,200.0,2018-03-12T04:00:00+00:00,Withdrawn,2022-11-15T05:00:00+00:00,2023-10-27T04:00:00+00:00,,,Photovoltaic,Withdrawn,,2021-01-02T05:00:00+00:00,2021-03-29T04:00:00+00:00,DPP-2018-APR,Central,GIA,NRIS,200.0,200.0,200.0,200.0,
J1089,,,Shiawassee County,MI,Cornell - Bell Rd 138 kV Line Tap,METC,Solar,170.0,170.0,170.0,2018-03-12T04:00:00+00:00,Withdrawn,,2021-02-04T05:00:00+00:00,,,Photovoltaic,Not Started,,2021-01-02T05:00:00+00:00,2020-12-22T05:00:00+00:00,DPP-2018-APR,East (ITC),GIA,NRIS,170.0,170.0,170.0,170.0,
J1072,,,Mower County,MN,Adams 345 kV Substation,NORTHERN STATES POWER COMPANY,Solar,150.0,150.0,150.0,2018-03-12T04:00:00+00:00,Done,2023-08-01T04:00:00+00:00,,,,Photovoltaic,Under Construction,2021-06-15T04:00:00+00:00,2020-09-01T04:00:00+00:00,2021-06-15T04:00:00+00:00,DPP-2018-APR,West,GIA,NRIS,150.0,150.0,150.0,150.0,
J1066,,,Pike County,IL,El Dara Junction - Pittsfield 69 kV Line Tap,"PRAIRIE POWER, INC. PPI",Wind,44.0,44.0,44.0,2018-03-12T04:00:00+00:00,Withdrawn,,2018-05-17T04:00:00+00:00,,,Wind Turbine,Not Started,,2019-07-31T04:00:00+00:00,,DPP-2018-APR,Central,GIA,E-NRIS,0.0,0.0,0.0,0.0,
J1034,,,Stoddard County,MO,Stoddard - Morley 161kV Line Tap,Ameren Missouri,Solar,225.0,225.0,225.0,2018-03-12T04:00:00+00:00,Done,2024-06-01T04:00:00+00:00,,,,Photovoltaic,Under Construction,2021-10-12T04:00:00+00:00,2021-10-31T04:00:00+00:00,2021-10-13T04:00:00+00:00,DPP-2018-APR,Central,GIA,NRIS,225.0,225.0,225.0,225.0,
J1036,,,Cottonwood County,MN,Lakefield Generation SW 345kV Substation,Xcel Energy,Solar,130.0,130.0,130.0,2018-03-12T04:00:00+00:00,Withdrawn,,2019-02-15T05:00:00+00:00,,,Photovoltaic,Not Started,,2020-09-01T04:00:00+00:00,,DPP-2018-APR,West,GIA,NRIS,0.0,0.0,0.0,0.0,
J1013,,,Branch County,MI,Batavia 138kV Substation,METC,Solar,80.0,80.0,80.0,2018-03-12T04:00:00+00:00,Withdrawn,,2019-12-02T05:00:00+00:00,,,Photovoltaic,Not Started,,2021-09-01T04:00:00+00:00,,DPP-2018-APR,East (ITC),GIA,NRIS,0.0,0.0,0.0,0.0,
J1014,,,Jackson County,MI,Tompkins - Blackstone 138kV Line,METC,Solar,80.0,80.0,80.0,2018-03-12T04:00:00+00:00,Withdrawn,,2019-12-02T05:00:00+00:00,,,Photovoltaic,Not Started,,2021-09-01T04:00:00+00:00,,DPP-2018-APR,East (ITC),GIA,NRIS,0.0,0.0,0.0,0.0,
J1094,,,Washington County,IL,Prest 138kV Switching Station,AMEREN ILLINOIS,Solar,150.0,150.0,150.0,2018-03-12T04:00:00+00:00,Done,2024-01-15T05:00:00+00:00,,,,Photovoltaic,Under Construction,2021-10-12T04:00:00+00:00,2021-01-02T05:00:00+00:00,2021-10-13T04:00:00+00:00,DPP-2018-APR,Central,GIA,NRIS,150.0,150.0,150.0,150.0,
J1069,,,"Jasper County,Pulaski County",IN,Reynolds 345kV Substation,NORTHERN INDIANA PUBLIC SERVICE COMPANY LLC,Wind,200.0,200.0,200.0,2018-03-12T04:00:00+00:00,Done,2023-04-20T04:00:00+00:00,,,,Wind Turbine,Under Construction,2021-10-12T04:00:00+00:00,2022-09-01T04:00:00+00:00,2021-10-13T04:00:00+00:00,DPP-2018-APR,Central,GIA,NRIS,200.0,200.0,200.0,200.0,
J1039,,,Warren County,MO,Enon - Montogomery 345kV Line Tap,AMEREN MISSOURI,Battery Storage,50.0,50.0,50.0,2018-03-12T04:00:00+00:00,Withdrawn,,2021-03-10T05:00:00+00:00,,,Battery Storage,Not Started,,2021-10-31T04:00:00+00:00,,DPP-2018-APR,Central,GIA,NRIS,50.0,50.0,0.0,0.0,
J1047,,,Walworth County,WI,North Lake Geneva - Sugar Creek - Burlington 138kV Line Tap,American Transmission Co. LLC,Solar,200.0,200.0,200.0,2018-03-12T04:00:00+00:00,Withdrawn,,2019-10-24T04:00:00+00:00,,,Photovoltaic,Not Started,,2022-09-01T04:00:00+00:00,,DPP-2018-APR,East (ATC),GIA,NRIS,0.0,0.0,0.0,0.0,
J1053,,,Jefferson County,WI,Concord SW YD 138 kV Substation,American Transmission Co. LLC,Solar,300.0,300.0,300.0,2018-03-12T04:00:00+00:00,Withdrawn,,2020-05-19T04:00:00+00:00,,,Photovoltaic,Not Started,,2021-10-31T04:00:00+00:00,,DPP-2018-APR,East (ATC),GIA,NRIS,200.0,200.0,0.0,0.0,
J1080,,,"DeWitt County,McLean County",IL,Brokaw - Clinton 345kV Line Tap,AMEREN ILLINOIS,Wind,99.0,99.0,99.0,2018-03-12T04:00:00+00:00,Withdrawn,,2019-03-22T04:00:00+00:00,,,Wind Turbine,Not Started,,2020-09-01T04:00:00+00:00,,DPP-2018-APR,Central,GIA,NRIS,0.0,0.0,0.0,0.0,
J1054,,,Goodhue County,MN,Cannon Falls 115kV Substation,NORTHERN STATES POWER COMPANY,Battery Storage,30.0,30.0,30.0,2018-03-12T04:00:00+00:00,Withdrawn,,2020-03-25T04:00:00+00:00,,,Battery Storage,Not Started,,2021-10-31T04:00:00+00:00,,DPP-2018-APR,West,GIA,NRIS,0.0,0.0,0.0,0.0,
J1081,,,Polk County,MN,Winger 115kV Substation,OTTER TAIL POWER COMPANY OTPW,Wind,300.0,300.0,300.0,2018-03-12T04:00:00+00:00,Withdrawn,,2019-03-28T04:00:00+00:00,,,Wind Turbine,Not Started,,2020-09-01T04:00:00+00:00,,DPP-2018-APR,West,GIA,NRIS,0.0,0.0,0.0,0.0,
J1084,,,Clinton County,IA,Rock Creek 345 kV Substation,ITC MIDWEST,Solar,150.0,150.0,150.0,2018-03-12T04:00:00+00:00,Done,2023-09-01T04:00:00+00:00,,,,Photovoltaic,Under Construction,2021-06-15T04:00:00+00:00,2020-09-01T04:00:00+00:00,2021-06-15T04:00:00+00:00,DPP-2018-APR,West,GIA,NRIS,150.0,150.0,150.0,150.0,
J1092,,,Saint Croix County,WI,Three Lakes 115 kV Substation,NORTHERN STATES POWER COMPANY,Solar,100.0,100.0,100.0,2018-03-12T04:00:00+00:00,Done,2023-10-01T04:00:00+00:00,,,,Photovoltaic,Not Started,2021-06-15T04:00:00+00:00,2022-09-30T04:00:00+00:00,2021-06-15T04:00:00+00:00,DPP-2018-APR,West,GIA,NRIS,100.0,100.0,100.0,100.0,
J1067,,,"Jasper County,Pulaski County",IN,Reynolds - Burr Oak 345kV Line,NORTHERN INDIANA PUBLIC SERVICE COMPANY LLC,Solar,240.0,240.0,240.0,2018-03-12T04:00:00+00:00,Done,2023-10-20T04:00:00+00:00,,,,Photovoltaic,Under Construction,2021-10-12T04:00:00+00:00,2022-09-01T04:00:00+00:00,2021-10-13T04:00:00+00:00,DPP-2018-APR,Central,GIA,NRIS,240.0,240.0,240.0,240.0,
J1068,,,Washtenaw County,MI,Dorset 120 kV Substation,ITC MIDWEST,Wind,200.0,200.0,200.0,2018-03-12T04:00:00+00:00,Withdrawn,,2019-11-21T05:00:00+00:00,,,Wind Turbine,Not Started,,2020-10-31T04:00:00+00:00,,DPP-2018-APR,East (ITC),GIA,NRIS,0.0,0.0,0.0,0.0,
J1088,,,Shiawassee County,MI,Cornell - Layton 138 kV Line Tap,METC,Solar,150.0,150.0,150.0,2018-03-12T04:00:00+00:00,Withdrawn,,2021-02-04T05:00:00+00:00,,,Photovoltaic,Withdrawn,,2021-01-02T05:00:00+00:00,2020-12-22T05:00:00+00:00,DPP-2018-APR,East (ITC),GIA,NRIS,150.0,150.0,150.0,150.0,
J1075,,,Cass County,MI,Argenta - Weeds Lake - Hiple 345kV Line Tap,METC,Wind,350.0,350.0,350.0,2018-03-12T04:00:00+00:00,Withdrawn,,2018-11-01T04:00:00+00:00,,,Wind Turbine,Not Started,,2020-09-01T04:00:00+00:00,,DPP-2018-APR,East (ITC),GIA,NRIS,0.0,0.0,0.0,0.0,
J1096,,,Saline County,IL,Norris City North - Muddy 138 kV Line,AMEREN ILLINOIS,Solar,150.0,150.0,150.0,2018-03-12T04:00:00+00:00,Done,2024-01-01T05:00:00+00:00,,,,Photovoltaic,Under Construction,2021-10-12T04:00:00+00:00,2021-01-02T05:00:00+00:00,2021-10-13T04:00:00+00:00,DPP-2018-APR,Central,GIA,NRIS,150.0,150.0,150.0,150.0,
J1079,,,St. Charles Parish,LA,Waterford 1&2 230 kV Substation,"ENTERGY LOUISIANA, LLC ELTO",Solar,200.0,200.0,200.0,2018-03-12T04:00:00+00:00,Withdrawn,,2019-08-29T04:00:00+00:00,,,Photovoltaic,Not Started,,2021-09-15T04:00:00+00:00,,DPP-2018-APR,South,GIA,NRIS,0.0,0.0,0.0,0.0,
J1097,,,"Lonoke County,Pulaski County",AR,KEO EHV 500 kV Substation,"ENTERGY ARKANSAS, LLC EATO",Solar,500.0,500.0,500.0,2018-03-12T04:00:00+00:00,Withdrawn,,2019-08-29T04:00:00+00:00,,,Photovoltaic,Not Started,,2021-09-15T04:00:00+00:00,,DPP-2018-APR,South,GIA,NRIS,0.0,0.0,0.0,0.0,
J1098,,,Jackson County,MN,Lakefield 345 kV Substation,NORTHERN STATES POWER COMPANY,Solar,40.0,40.0,40.0,2018-03-12T04:00:00+00:00,Withdrawn,,2021-03-09T05:00:00+00:00,,,Photovoltaic,Not Started,,2022-09-30T04:00:00+00:00,,DPP-2018-APR,West,GIA,NRIS,40.0,40.0,0.0,0.0,
J1095,,,DeSoto County,MS,Twinkletown 230kV Substation,"ENTERGY MISSISSIPPI, LLC EMMP",Solar,300.0,300.0,300.0,2018-03-12T04:00:00+00:00,Withdrawn,,2019-08-29T04:00:00+00:00,,,Photovoltaic,Not Started,,2021-09-15T04:00:00+00:00,,DPP-2018-APR,South,GIA,NRIS,0.0,0.0,0.0,0.0,
J1077,,,Cass County,MI,Argenta - Weeds Lake - Hiple 345kV Line Tap,METC,Wind,250.0,250.0,250.0,2018-03-12T04:00:00+00:00,Withdrawn,,2018-11-01T04:00:00+00:00,,,Wind Turbine,Not Started,,2020-09-01T04:00:00+00:00,,DPP-2018-APR,East (ITC),GIA,NRIS,0.0,0.0,0.0,0.0,
J1120,,,Jefferson County,TX,Big Hill CO - Bayou Farms CO 138 kV Line Tap,"ENTERGY TEXAS, INC. ETTO",Wind,145.0,145.0,145.0,2018-03-12T04:00:00+00:00,Withdrawn,,2019-08-23T04:00:00+00:00,,,Wind Turbine,Not Started,,2021-09-01T04:00:00+00:00,,DPP-2018-APR,South,GIA,NRIS,0.0,0.0,0.0,0.0,
J1122,,,Pottawattamie County,IA,Council Bluffs - Fallow Avenue 345 kV Line Tap,MIDAMERICAN ENERGY COMPANY,Wind,200.0,200.0,200.0,2018-03-12T04:00:00+00:00,Withdrawn,,2021-03-09T05:00:00+00:00,,,Wind Turbine,Not Started,,2022-09-01T04:00:00+00:00,,DPP-2018-APR,West,GIA,NRIS,200.0,200.0,0.0,0.0,
J1140,,,Benton County,MN,Platte River 115 kV Substation,MINNESOTA POWER,Solar,80.0,80.0,80.0,2018-03-12T04:00:00+00:00,Withdrawn,,2021-03-09T05:00:00+00:00,,,Photovoltaic,Not Started,,2020-08-01T04:00:00+00:00,,DPP-2018-APR,West,GIA,NRIS,80.0,80.0,0.0,0.0,
J1141,,,Manistee County,MI,Filer - BoxbdJ - Stronach 138kV Line Tap,METC,Gas,17.0,17.0,17.0,2018-03-12T04:00:00+00:00,Withdrawn,,2018-09-07T04:00:00+00:00,,,Combined Cycle,Not Started,,2019-10-01T04:00:00+00:00,,DPP-2018-APR,East (ITC),GIA,NRIS,0.0,0.0,0.0,0.0,
J1123,,,Audrain County,MO,Spencer Creek 345 kV Substation,AMEREN MISSOURI,Wind,150.0,150.0,150.0,2018-03-12T04:00:00+00:00,Withdrawn,,2020-01-02T05:00:00+00:00,,,Wind Turbine,Not Started,,2021-09-01T04:00:00+00:00,,DPP-2018-APR,Central,GIA,NRIS,0.0,0.0,0.0,0.0,
J1100,,,Grimes County,TX,Grimes 345 kV Substation,"ENTERGY TEXAS, INC. ETTO",Solar,200.0,200.0,200.0,2018-03-12T04:00:00+00:00,Withdrawn,,2019-08-29T04:00:00+00:00,,,Photovoltaic,Not Started,,2021-09-15T04:00:00+00:00,,DPP-2018-APR,South,GIA,NRIS,0.0,0.0,0.0,0.0,
J1093,,,"Desha County,Drew County",AR,Reed Switch 115kV Substation,"ENTERGY ARKANSAS, LLC EATO",Solar,200.0,200.0,200.0,2018-03-12T04:00:00+00:00,Withdrawn,,2019-08-29T04:00:00+00:00,,,Photovoltaic,Not Started,,2021-09-15T04:00:00+00:00,,DPP-2018-APR,South,GIA,NRIS,0.0,0.0,0.0,0.0,
J1076,,,St. James Parish,LA,Vacherie Sub 230 kV Substation,"ENTERGY LOUISIANA, LLC",Solar,200.0,200.0,200.0,2018-03-12T04:00:00+00:00,Done,2022-09-01T04:00:00+00:00,,,,Photovoltaic,Under Construction,2021-01-06T05:00:00+00:00,2021-09-15T04:00:00+00:00,2020-07-01T04:00:00+00:00,DPP-2018-APR,South,GIA,NRIS,200.0,200.0,200.0,200.0,
J1078,,,Mississippi County,AR,San Souci 500 kV Substation,"ENTERGY ARKANSAS, LLC EATO",Solar,300.0,300.0,300.0,2018-03-12T04:00:00+00:00,Withdrawn,,2019-08-29T04:00:00+00:00,,,Photovoltaic,Not Started,,2021-09-15T04:00:00+00:00,,DPP-2018-APR,South,GIA,NRIS,0.0,0.0,0.0,0.0,
J1124,,,Olmsted County,MN,Byron 345kV Substation,SMMPA,Solar,100.0,100.0,100.0,2018-03-12T04:00:00+00:00,Done,2024-06-01T04:00:00+00:00,,,,Photovoltaic,Under Construction,2021-06-15T04:00:00+00:00,2021-09-15T04:00:00+00:00,2021-06-15T04:00:00+00:00,DPP-2018-APR,West,GIA,NRIS,100.0,100.0,100.0,100.0,
J1142,,,St. James Parish,LA,Vacherie 230kV Substation,"ENTERGY LOUISIANA, LLC",Solar,20.0,20.0,20.0,2018-03-12T04:00:00+00:00,Done,2020-07-01T04:00:00+00:00,,,,Photovoltaic,In Service (with Provisional GIA),2020-07-10T04:00:00+00:00,2020-06-01T04:00:00+00:00,2018-12-12T05:00:00+00:00,DPP-2018-APR,South,GIA,NRIS,20.0,20.0,20.0,20.0,
J1125,,,Cross County,AR,Wynne South - Wynne East AECC 161 kV Line Tap,"ENTERGY ARKANSAS, LLC",Solar,135.0,135.0,135.0,2018-03-12T04:00:00+00:00,Done,2023-03-01T05:00:00+00:00,,,,Photovoltaic,Under Construction,2020-08-12T04:00:00+00:00,2021-07-31T04:00:00+00:00,2020-03-30T04:00:00+00:00,DPP-2018-APR,South,GIA,NRIS,135.0,135.0,135.0,135.0,
J1143,,,Morrison County,MN,Blanchard - Little Falls 115 kV Line,MINNESOTA POWER,Solar,100.0,100.0,100.0,2018-03-12T04:00:00+00:00,Withdrawn,,2020-03-25T04:00:00+00:00,,,Photovoltaic,Not Started,,2020-08-01T04:00:00+00:00,,DPP-2018-APR,West,GIA,NRIS,0.0,0.0,0.0,0.0,
J1104,,,"Washington County,Waukesha County",WI,Germantown - Bark River 138kV Line,American Transmission Co. LLC,Battery Storage,100.0,100.0,100.0,2018-03-12T04:00:00+00:00,Withdrawn,,2019-10-24T04:00:00+00:00,,,Battery Storage,Not Started,,2021-09-01T04:00:00+00:00,,DPP-2018-APR,East (ATC),GIA,NRIS,0.0,0.0,0.0,0.0,
J1105,,,Dakota County,MN,Hampton Corners 345 kV Substation,NORTHERN STATES POWER COMPANY,Solar,200.0,200.0,200.0,2018-03-12T04:00:00+00:00,Withdrawn,,2021-03-09T05:00:00+00:00,,,Photovoltaic,Not Started,,2020-09-01T04:00:00+00:00,,DPP-2018-APR,West,GIA,NRIS,200.0,200.0,0.0,0.0,
J1106,,,Redwood County,MN,Lyon County - Cedar Mountain 345 kV Circuit 2 Line,GREAT RIVER ENERGY,Wind,414.0,414.0,414.0,2018-03-12T04:00:00+00:00,Withdrawn,,2021-03-09T05:00:00+00:00,,,Wind Turbine,Not Started,,2021-08-01T04:00:00+00:00,,DPP-2018-APR,West,GIA,NRIS,414.0,414.0,0.0,0.0,
J1101,,,Manitowoc County,WI,Kewaunee 138kV Substation,American Transmission Co. LLC,Battery Storage,20.0,20.0,20.0,2018-03-12T04:00:00+00:00,Withdrawn,2023-08-15T04:00:00+00:00,2025-11-20T05:00:00+00:00,,,Battery Storage,Withdrawn,2021-04-12T04:00:00+00:00,2021-09-01T04:00:00+00:00,2021-04-12T04:00:00+00:00,DPP-2018-APR,East (ATC),GIA,NRIS,20.0,20.0,20.0,20.0,
J1126,,,Tuscola County,MI,ITC Bauer - Grassmere - Rapson (Kirk Sub) 345kV Substation,ITC MIDWEST,Wind,1.1,1.1,1.1,2018-03-12T04:00:00+00:00,Withdrawn,,2018-11-01T04:00:00+00:00,,,Wind Turbine,Not Started,,2020-09-01T04:00:00+00:00,,DPP-2018-APR,East (ITC),GIA,NRIS,0.0,0.0,0.0,0.0,
J1099,,,Iberville Parish,LA,Derrick 230 kV Substation,"ENTERGY LOUISIANA, LLC ELTO",Solar,200.0,200.0,200.0,2018-03-12T04:00:00+00:00,Withdrawn,,2019-08-29T04:00:00+00:00,,,Photovoltaic,Not Started,,2021-09-15T04:00:00+00:00,,DPP-2018-APR,South,GIA,NRIS,0.0,0.0,0.0,0.0,
J1121,,,Marathon County,WI,Stone Lake - (Pershing) - Gardner Park 345 kV Line Tap,American Transmission Co. LLC,Solar,200.0,200.0,200.0,2018-03-12T04:00:00+00:00,Withdrawn,,2020-05-19T04:00:00+00:00,,,Photovoltaic,Not Started,,2021-09-01T04:00:00+00:00,,DPP-2018-APR,East (ATC),GIA,NRIS,200.0,200.0,0.0,0.0,
J1128,,,Freeborn County,MN,Hayward - Murphy Creek 161 kV Line Tap,SMMPA,Solar,150.0,150.0,150.0,2018-03-12T04:00:00+00:00,Withdrawn,,2021-03-09T05:00:00+00:00,,,Photovoltaic,Not Started,,2021-01-02T05:00:00+00:00,,DPP-2018-APR,West,GIA,NRIS,150.0,150.0,0.0,0.0,
J1145,,,Callaway County,MO,Overton - (McCrede) - Montgomery 345 kV Line Tap,Ameren Missouri,Solar,250.0,250.0,250.0,2018-03-12T04:00:00+00:00,Done,2024-06-01T04:00:00+00:00,,,,Photovoltaic,Not Started,2022-03-31T04:00:00+00:00,2021-04-01T04:00:00+00:00,2022-04-01T04:00:00+00:00,DPP-2018-APR,Central,GIA,NRIS,250.0,250.0,250.0,250.0,
J1102,,,Logan County,IL,Fogarty 138 kV Substation,AMEREN ILLINOIS,Solar,70.0,70.0,70.0,2018-03-12T04:00:00+00:00,Done,2021-12-15T05:00:00+00:00,,,,Photovoltaic,Under Construction,2021-09-13T04:00:00+00:00,2021-06-13T04:00:00+00:00,2021-03-08T05:00:00+00:00,DPP-2018-APR,Central,GIA,NRIS,70.0,70.0,70.0,70.0,
J1127,,,Green County,WI,Albany - Bass Creek 138 kV Line Tap,American Transmission Co. LLC,Solar,49.9,49.9,49.9,2018-03-12T04:00:00+00:00,Withdrawn,,2019-10-25T04:00:00+00:00,,,Photovoltaic,Not Started,,2021-01-02T05:00:00+00:00,,DPP-2018-APR,East (ATC),GIA,NRIS,0.0,0.0,0.0,0.0,
J1129,,,Rock County,WI,Paddock - Townline Rd 138 kV Line Tap,American Transmission Co. LLC,Solar,65.0,65.0,65.0,2018-03-12T04:00:00+00:00,Withdrawn,,2019-10-25T04:00:00+00:00,,,Photovoltaic,Not Started,,2021-01-02T05:00:00+00:00,,DPP-2018-APR,East (ATC),GIA,NRIS,0.0,0.0,0.0,0.0,
J1146,,,Mississippi County,AR,San Souci 500 kV Substation,"ENTERGY ARKANSAS, LLC",Coal,10.0,10.0,10.0,2018-03-12T04:00:00+00:00,Done,2020-10-10T04:00:00+00:00,,,,Combined Cycle,In Service,2020-08-12T04:00:00+00:00,2019-01-04T05:00:00+00:00,2020-06-03T04:00:00+00:00,DPP-2018-APR,South,GIA,NRIS,10.0,10.0,10.0,10.0,
J1172,,,Genesee County,MI,Dort - Garfield 138 kV Line Tap,METC,Solar,50.0,50.0,50.0,2018-03-12T04:00:00+00:00,Done,2023-08-01T04:00:00+00:00,,,,Photovoltaic,Under Construction,2021-05-03T04:00:00+00:00,2021-07-01T04:00:00+00:00,2020-12-22T05:00:00+00:00,DPP-2018-APR,East (ITC),GIA,NRIS,50.0,50.0,50.0,50.0,
J1190,,,Clinton County,IA,Calamus East 161 kV Substation,ITC MIDWEST,Solar,200.0,200.0,200.0,2019-01-22T05:00:00+00:00,Done,2025-08-01T04:00:00+00:00,,,,Photovoltaic,Not Started,2023-01-26T05:00:00+00:00,2023-10-01T04:00:00+00:00,2023-01-26T05:00:00+00:00,DPP-2019,West,GIA,NRIS,200.0,200.0,200.0,200.0,
J1147,,,St. Francis County,AR,Moses - McCrory 161 kV Line tap,"ENTERGY ARKANSAS, LLC EATO",Solar,100.0,100.0,100.0,2018-03-12T04:00:00+00:00,Withdrawn,,2020-01-24T05:00:00+00:00,,,Photovoltaic,Not Started,,2021-09-30T04:00:00+00:00,,DPP-2018-APR,South,GIA,ERIS,100.0,0.0,0.0,0.0,
J1107,,,Cape Girardeau County,MO,Kelso - Lutesville 345 kV Line Tap,AMEREN MISSOURI,Solar,200.0,200.0,200.0,2018-03-12T04:00:00+00:00,Done,2023-11-01T04:00:00+00:00,,,,Photovoltaic,Under Construction,2021-10-12T04:00:00+00:00,2021-09-01T04:00:00+00:00,2021-10-13T04:00:00+00:00,DPP-2018-APR,Central,GIA,NRIS,200.0,200.0,200.0,200.0,
J1149,,,Yellow Medicine County,MN,Hazel Creek 230 kV Substation,NORTHERN STATES POWER COMPANY,Solar,200.0,200.0,200.0,2018-03-12T04:00:00+00:00,Withdrawn,,2020-03-25T04:00:00+00:00,,,Photovoltaic,Not Started,,2021-11-15T05:00:00+00:00,,DPP-2018-APR,West,GIA,NRIS,0.0,0.0,0.0,0.0,
J1170,,,Cass County,ND,Bison 345 kV Substation,NORTHERN STATES POWER COMPANY,Solar,200.0,200.0,200.0,2018-03-12T04:00:00+00:00,Withdrawn,,2020-03-25T04:00:00+00:00,,,Photovoltaic,Not Started,,2021-08-01T04:00:00+00:00,,DPP-2018-APR,West,GIA,NRIS,0.0,0.0,0.0,0.0,
J1191,,,Boone County,MO,Bolstad 69 kV Substation,"City of Columbia, MO",Solar,64.0,64.0,64.0,2019-02-04T05:00:00+00:00,Withdrawn,2025-02-28T05:00:00+00:00,2025-02-10T05:00:00+00:00,,,Photovoltaic,Not Started,,2022-07-31T04:00:00+00:00,,DPP-2019,Central,GIA,NRIS,64.0,64.0,64.0,64.0,
J1176,,,"Cerro Gordo County,Worth County",IA,Lime Creek 161 kV Substation,ITC MIDWEST,Wind,145.0,145.0,145.0,2018-03-12T04:00:00+00:00,Withdrawn,,2019-08-15T04:00:00+00:00,,,Wind Turbine,Not Started,,2021-10-31T04:00:00+00:00,,DPP-2018-APR,West,GIA,NRIS,0.0,0.0,0.0,0.0,
J1177,,,Schuyler County,MO,Hughes 345 kV Switching Station (J541 POI),AMEREN TRANSMISSION COMPANY OF ILLINOIS,Wind,300.0,300.0,300.0,2018-03-12T04:00:00+00:00,Withdrawn,,2020-03-25T04:00:00+00:00,,,Wind Turbine,Not Started,,2020-09-30T04:00:00+00:00,,DPP-2018-APR,West,GIA,NRIS,0.0,0.0,0.0,0.0,
J1178,,,Eaton County,MI,Oneida 138 kV Substation,METC,Solar,65.0,65.0,65.0,2018-03-12T04:00:00+00:00,Withdrawn,2023-08-01T04:00:00+00:00,2021-08-06T04:00:00+00:00,,,Photovoltaic,Withdrawn,2021-05-03T04:00:00+00:00,2020-07-01T04:00:00+00:00,2020-12-22T05:00:00+00:00,DPP-2018-APR,East (ITC),GIA,NRIS,65.0,65.0,65.0,65.0,
J1193,,,Morton County,ND,Heskitt 115 kV Switchyard,MONTANA-DAKOTA UTILITIES CO.MDU,Gas,103.1,103.1,103.1,2019-04-22T04:00:00+00:00,Withdrawn,,2020-04-28T04:00:00+00:00,,,Combustion Turbine (Simple Cycle),Not Started,,2023-10-01T04:00:00+00:00,,DPP-2019,West,GIA,NRIS,0.0,0.0,0.0,0.0,
J1194,,,"Midland County,Saginaw County",MI,Murphy 138 kV Substation,METC,Wind,225.2,225.2,225.2,2019-04-24T04:00:00+00:00,Done,2021-11-01T04:00:00+00:00,,,,Wind Turbine,In Service (with Provisional GIA),,2021-10-01T04:00:00+00:00,2020-08-04T04:00:00+00:00,DPP-2019,East (ITC),GIA,NRIS,225.2,225.2,225.2,225.2,
J1196,,,Sanilac County,MI,Greenwood - Rapson (Banner) 345 kV Line Tap,ITC MIDWEST,Solar,200.0,200.0,200.0,2019-04-25T04:00:00+00:00,Done,2025-08-09T04:00:00+00:00,,,,Photovoltaic,Not Started,2022-10-31T04:00:00+00:00,2022-08-29T04:00:00+00:00,2022-10-31T04:00:00+00:00,DPP-2019,East (ITC),GIA,NRIS,200.0,200.0,200.0,200.0,
J1240,,,Audrain County,MO,Spencer Creek 345kV Substation,AMEREN MISSOURI,Solar,135.0,135.0,135.0,2019-04-29T04:00:00+00:00,Withdrawn,,2019-11-01T04:00:00+00:00,,,Photovoltaic,Not Started,,2022-09-01T04:00:00+00:00,,DPP-2019,Central,GIA,NRIS,0.0,0.0,0.0,0.0,
J1198,,,Jasper County,IL,Newton 345kV Substation,AMEREN ILLINOIS,Hybrid,51.8,51.8,51.8,2019-04-25T04:00:00+00:00,Done,2023-04-01T04:00:00+00:00,,,,Solar/Battery,Not Started,,2021-06-15T04:00:00+00:00,2022-04-22T04:00:00+00:00,DPP-2019,Central,GIA,NRIS,51.8,51.8,51.8,51.8,
J1283,,,Jefferson County,AR,White Bluff - Arsenal C and White Bluff - Arsenal D 115kV Line,"ENTERGY ARKANSAS, LLC EATO",Waste Heat Recovery,269.99,269.99,269.99,2019-04-29T04:00:00+00:00,Withdrawn,,2019-09-05T04:00:00+00:00,,,Co-gen,Not Started,,2023-03-01T05:00:00+00:00,,DPP-2019,South,GIA,NRIS,0.0,0.0,0.0,0.0,
J1144,,,"Covington County,Lamar County",MS,Moselle - Columbia 161kV Line Tap,COOPERATIVE ENERGY,Solar,96.0,96.0,96.0,2018-03-12T04:00:00+00:00,Done,2022-06-01T04:00:00+00:00,,,,Photovoltaic,Under Construction,2020-09-10T04:00:00+00:00,2021-09-01T04:00:00+00:00,2020-03-30T04:00:00+00:00,DPP-2018-APR,South,GIA,NRIS,96.0,96.0,96.0,96.0,
J1103,,,Tuscola County,MI,Bauer - (Kirk) - Ringle 345kV Line Tap,ITC MIDWEST,Battery Storage,20.0,20.0,20.0,2018-03-12T04:00:00+00:00,Withdrawn,,2020-06-30T04:00:00+00:00,,,Battery Storage,Not Started,,2021-09-01T04:00:00+00:00,,DPP-2018-APR,East (ITC),GIA,NRIS,20.0,20.0,0.0,0.0,
J1108,,,Douglas County,MN,Alexandria 345 kV Substation,MISSOURI RIVER ENERGY SERVICES,Solar,150.0,150.0,150.0,2018-03-12T04:00:00+00:00,Withdrawn,,2020-03-25T04:00:00+00:00,,,Photovoltaic,Not Started,,2021-06-13T04:00:00+00:00,,DPP-2018-APR,West,GIA,NRIS,0.0,0.0,0.0,0.0,
J1109,,,Cass County,ND,Bison 345kV Substation,NORTHERN STATES POWER COMPANY,Wind,207.0,207.0,207.0,2018-03-12T04:00:00+00:00,Withdrawn,,2020-03-25T04:00:00+00:00,,,Wind Turbine,Not Started,,2021-08-01T04:00:00+00:00,,DPP-2018-APR,West,GIA,NRIS,0.0,0.0,0.0,0.0,
J1171,,,Dodge County,WI,Butternut 138 kV Substation,American Transmission Co. LLC,Solar,100.0,100.0,100.0,2018-03-12T04:00:00+00:00,Done,2023-01-26T05:00:00+00:00,,,,Photovoltaic,Under Construction,2021-05-19T04:00:00+00:00,2021-08-01T04:00:00+00:00,2021-05-19T04:00:00+00:00,DPP-2018-APR,East (ATC),GIA,NRIS,100.0,100.0,100.0,100.0,
J1173,,,Lenawee County,MI,Raisin - METC Tap 138kV Line Tap,CONSUMERS ENERGY COMPANY EDC,Solar,80.0,80.0,80.0,2018-03-12T04:00:00+00:00,Withdrawn,,2020-06-30T04:00:00+00:00,,,Photovoltaic,Not Started,,2019-12-01T05:00:00+00:00,,DPP-2018-APR,East (ITC),GIA,NRIS,80.0,80.0,0.0,0.0,
J1241,,,Jefferson County,IL,West Mt Vernon - Xenia 345kV Line,AMEREN ILLINOIS,Solar,200.0,200.0,200.0,2019-04-29T04:00:00+00:00,Done,2024-12-10T05:00:00+00:00,,,,Photovoltaic,Not Started,,2022-09-01T04:00:00+00:00,2023-03-30T04:00:00+00:00,DPP-2019,Central,GIA,NRIS,165.0,165.0,165.0,165.0,
J1243,,,McDonough County,IL,Macomb West #2 - Blandlnsville Tap 69kV Line,AMEREN ILLINOIS,Solar,25.0,25.0,25.0,2019-04-29T04:00:00+00:00,Withdrawn,,2021-08-05T04:00:00+00:00,,,Photovoltaic,Not Started,,2022-05-15T04:00:00+00:00,,DPP-2019,Central,GIA,E-NRIS,0.0,0.0,0.0,0.0,
J1199,,,Fulton County,IL,Duck Creek 345kV Substation,AMEREN ILLINOIS,Hybrid,20.0,20.0,20.0,2019-04-25T04:00:00+00:00,Done,2023-06-01T04:00:00+00:00,,,,Solar/Battery,Not Started,,2021-06-15T04:00:00+00:00,2022-04-22T04:00:00+00:00,DPP-2019,Central,GIA,NRIS,20.0,20.0,20.0,20.0,
J1285,,,Linn County,IA,Duane Arnold - Tiffin (MEC) 345 kV Line Tap,ITC MIDWEST,Battery Storage,50.0,50.0,50.0,2019-04-29T04:00:00+00:00,Withdrawn,,2021-03-24T04:00:00+00:00,,,Battery Storage,Not Started,,2023-10-30T04:00:00+00:00,,DPP-2019,West,GIA,NRIS,0.0,0.0,0.0,0.0,
J1273,,,"Marshall County,Starke County",IN,Burr Oak - East Winnamac 138 kV Line Tap,NORTHERN INDIANA PUBLIC SERVICE COMPANY LLC NIP,Solar,100.0,100.0,100.0,2019-04-29T04:00:00+00:00,Withdrawn,,2019-11-05T05:00:00+00:00,,,Photovoltaic,Not Started,,2023-09-29T04:00:00+00:00,,DPP-2019,Central,GIA,NRIS,0.0,0.0,0.0,0.0,
J1244,,,Houghton County,MI,Winona - Toivola - Portage Tap - Atlantic Mine 69kV Line,American Transmission Co. LLC,Wind,38.4,38.4,38.4,2019-04-29T04:00:00+00:00,Withdrawn,,2022-03-08T05:00:00+00:00,,,Wind Turbine,Not Started,,2021-09-15T04:00:00+00:00,,DPP-2019,East (ATC),GIA,NRIS,38.4,38.4,0.0,0.0,
J1288,,,Vermillion County,IN,Cayuga - Sugar Creek 345kVLine,"DUKE ENERGY INDIANA, LLC CIN",Gas,667.2,606.7,667.2,2019-04-29T04:00:00+00:00,Withdrawn,,2020-04-16T04:00:00+00:00,,,Combined Cycle,Not Started,,2023-08-01T04:00:00+00:00,,DPP-2019,Central,GIA,NRIS,0.0,0.0,0.0,0.0,
J1275,,,Henderson County,KY,Henderson 161 kV Substation,BIG RIVERS ELECTRIC CORPORATION BRPS,Solar,100.0,100.0,100.0,2019-04-29T04:00:00+00:00,Withdrawn,,2021-08-05T04:00:00+00:00,,,Photovoltaic,Not Started,,2023-10-30T04:00:00+00:00,,DPP-2019,Central,GIA,NRIS,0.0,0.0,0.0,0.0,
J1246,,,Iberville Parish,LA,Bayou Labutte 500kV Substation,"ENTERGY LOUISIANA, LLC",Gas,725.2,725.2,725.2,2019-04-29T04:00:00+00:00,Done,2025-09-20T04:00:00+00:00,,,,Combined Cycle,Not Started,2022-04-06T04:00:00+00:00,2023-10-31T04:00:00+00:00,2022-04-06T04:00:00+00:00,DPP-2019,South,GIA,NRIS,705.0,705.0,705.2,705.2,
J1276,,,Posey County,IN,Point 69kV Substation,"Southern Indiana Gas & Electric Company d/b/a Vectren Energy Delivery of Indiana, Inc.",Hybrid,100.0,100.0,100.0,2019-04-29T04:00:00+00:00,Withdrawn,,2023-03-07T05:00:00+00:00,,,Solar/Battery,Not Started,,2022-07-01T04:00:00+00:00,2023-01-30T05:00:00+00:00,DPP-2019,Central,GIA,ERIS,100.0,47.1,100.0,0.0,
J1253,,,Fond du Lac County,WI,South Fond Du Lac to Fitzgerald 345 kV line,American Transmission Co. LLC,Solar,100.0,100.0,100.0,2019-04-29T04:00:00+00:00,Withdrawn,2024-08-01T04:00:00+00:00,2024-10-18T04:00:00+00:00,,,Photovoltaic,Withdrawn,,2021-08-01T04:00:00+00:00,2022-11-14T05:00:00+00:00,DPP-2019,East (ATC),GIA,NRIS,100.0,100.0,100.0,100.0,
J1254,,,Knox County,IN,Merom - Gibson - Wheatland 345kV Line,"DUKE ENERGY INDIANA, LLC CIN",Solar,150.0,150.0,150.0,2019-04-29T04:00:00+00:00,Withdrawn,,2021-08-05T04:00:00+00:00,,,Photovoltaic,Not Started,,2023-10-31T04:00:00+00:00,,DPP-2019,Central,GIA,NRIS,0.0,0.0,0.0,0.0,
J1289,,,Morgan County,IL,Turner - Austin 345kV Line,AMEREN ILLINOIS,Wind,200.0,200.0,200.0,2019-04-29T04:00:00+00:00,Done,2024-11-01T04:00:00+00:00,,,,Wind Turbine,In Service,,2022-04-20T04:00:00+00:00,2022-11-14T05:00:00+00:00,DPP-2019,Central,GIA,NRIS,200.0,200.0,200.0,200.0,
J1279,,,Hardin County,TX,Rye - Cypress 138kV Line,"ENTERGY TEXAS, INC. ETTO",Solar,100.0,100.0,100.0,2019-04-29T04:00:00+00:00,Withdrawn,,2021-03-18T04:00:00+00:00,,,Photovoltaic,Not Started,,2022-03-01T05:00:00+00:00,,DPP-2019,South,GIA,NRIS,100.0,100.0,0.0,0.0,
J1250,,,Clay County,AR,Datto-Corning North 161 kV line,"ENTERGY ARKANSAS, LLC EATO",Battery Storage,35.0,35.0,35.0,2019-04-29T04:00:00+00:00,Withdrawn,,2020-08-04T04:00:00+00:00,,,Battery Storage,Not Started,,2022-10-30T04:00:00+00:00,,DPP-2019,South,GIA,NRIS,0.0,0.0,0.0,0.0,
J1257,,,Tangipahoa Parish,LA,Chicken Farm - Amite 115 kV Line,"ENTERGY LOUISIANA, LLC",Battery Storage,20.0,20.0,20.0,2019-04-29T04:00:00+00:00,Done,2024-09-24T04:00:00+00:00,,,,Battery Storage,Under Construction,2021-11-30T05:00:00+00:00,2022-10-30T04:00:00+00:00,2021-11-30T05:00:00+00:00,DPP-2019,South,GIA,NRIS,20.0,20.0,20.0,20.0,
J1148,,,Posey County,IN,AB Brown 138 kV Substation,"Southern Indiana Gas & Electric Company d/b/a Vectren Energy Delivery of Indiana, Inc.",Gas,54.0,54.0,54.0,2018-03-12T04:00:00+00:00,Withdrawn,,2020-01-07T05:00:00+00:00,,,Combined Cycle,Not Started,,2022-06-01T04:00:00+00:00,,DPP-2018-APR,Central,GIA,NRIS,0.0,0.0,0.0,0.0,
J1174,,,Worth County,IA,Ledyard - Colby 345 kV Line Tap,ITC MIDWEST,Solar,165.0,165.0,165.0,2018-03-12T04:00:00+00:00,Done,2024-06-30T04:00:00+00:00,,,,Photovoltaic,Under Construction,2022-02-07T05:00:00+00:00,2021-10-31T04:00:00+00:00,2022-02-07T05:00:00+00:00,DPP-2018-APR,West,GIA,NRIS,165.0,165.0,165.0,165.0,
J1192,,,Eaton County,MI,Oneida 138kV Substation,METC,Solar,35.0,35.0,35.0,2019-03-25T04:00:00+00:00,Withdrawn,2024-07-01T04:00:00+00:00,2022-10-25T04:00:00+00:00,,,Photovoltaic,Withdrawn,2022-08-17T04:00:00+00:00,2021-07-01T04:00:00+00:00,2022-08-17T04:00:00+00:00,DPP-2019,East (ITC),GIA,NRIS,35.0,35.0,35.0,35.0,
J1175,,,Worth County,IA,Ledyard - Colby 345kV Line Tap,ITC MIDWEST,Wind,165.0,165.0,165.0,2018-03-12T04:00:00+00:00,Done,2024-06-30T04:00:00+00:00,,,,Wind Turbine,Not Started,2022-02-07T05:00:00+00:00,2021-10-31T04:00:00+00:00,2022-02-07T05:00:00+00:00,DPP-2018-APR,West,GIA,ERIS,165.0,165.0,165.0,0.0,
J1195,,,Branch County,MI,Wagner 138 kV Substation,METC,Wind,150.4,150.4,150.4,2019-04-24T04:00:00+00:00,Withdrawn,,2020-01-03T05:00:00+00:00,,,Wind Turbine,Not Started,,2021-10-01T04:00:00+00:00,,DPP-2019,East (ITC),GIA,NRIS,0.0,0.0,0.0,0.0,
J1179,,,Chisago County,MN,Rush City - Red Rock 230 kV Line Tap,NORTHERN STATES POWER COMPANY,Solar,300.0,300.0,300.0,2018-03-12T04:00:00+00:00,Withdrawn,,2020-03-25T04:00:00+00:00,,,Photovoltaic,Not Started,,2021-10-31T04:00:00+00:00,,DPP-2018-APR,West,GIA,NRIS,0.0,0.0,0.0,0.0,
J1284,,,Linn County,IA,Duane Arnold - Tiffin (MEC) 345 kV Line Tap,ITC MIDWEST,Solar,250.0,250.0,250.0,2019-04-29T04:00:00+00:00,Withdrawn,,2021-03-24T04:00:00+00:00,,,Photovoltaic,Not Started,,2023-10-30T04:00:00+00:00,,DPP-2019,West,GIA,NRIS,0.0,0.0,0.0,0.0,
J1274,,,Posey County,IN,Point 69kV Substation,"Southern Indiana Gas & Electric Company d/b/a Vectren Energy Delivery of Indiana, Inc.",Hybrid,100.0,100.0,100.0,2019-04-29T04:00:00+00:00,Withdrawn,,2021-08-05T04:00:00+00:00,,,Solar/Battery,Not Started,,2022-07-01T04:00:00+00:00,,DPP-2019,Central,GIA,NRIS,0.0,0.0,0.0,0.0,
J1197,,,LaSalle County,IL,Corbin 138kV Substation,AMEREN ILLINOIS,Battery Storage,75.0,75.0,75.0,2019-04-25T04:00:00+00:00,Withdrawn,,2021-08-05T04:00:00+00:00,,,Battery Storage,Not Started,,2021-06-15T04:00:00+00:00,,DPP-2019,Central,GIA,NRIS,0.0,0.0,0.0,0.0,
J1242,,,Hancock County,IL,Hamilton Line 796 Tap to Audrian 69kV Line,AMEREN ILLINOIS,Solar,25.0,25.0,25.0,2019-04-29T04:00:00+00:00,Withdrawn,,2021-08-05T04:00:00+00:00,,,Photovoltaic,Not Started,,2022-05-15T04:00:00+00:00,,DPP-2019,Central,GIA,E-NRIS,0.0,0.0,0.0,0.0,
J1286,,,Evangeline Parish,LA,Manuel 138 kV Substation,CLECO POWER LLC,Solar,150.0,150.0,150.0,2019-04-29T04:00:00+00:00,Done,2025-04-01T04:00:00+00:00,,,,Photovoltaic,Under Construction,2021-11-29T05:00:00+00:00,2022-10-30T04:00:00+00:00,2021-11-29T05:00:00+00:00,DPP-2019,South,GIA,ERIS,125.0,125.0,125.0,0.0,
J1287,,,Tunica County,MS,Tunica - Crenshaw 115kV Line,"ENTERGY MISSISSIPPI, LLC EMMP",Solar,50.0,50.0,50.0,2019-04-29T04:00:00+00:00,Withdrawn,,2020-08-05T04:00:00+00:00,,,Photovoltaic,Not Started,,2022-07-01T04:00:00+00:00,,DPP-2019,South,GIA,NRIS,0.0,0.0,0.0,0.0,
J1277,,,Liberty County,TX,Pintail 138 kV Substation,"ENTERGY TEXAS, INC. ETTO",Solar,130.0,130.0,130.0,2019-04-29T04:00:00+00:00,Withdrawn,,2020-08-04T04:00:00+00:00,,,Photovoltaic,Not Started,,2022-10-30T04:00:00+00:00,,DPP-2019,South,GIA,NRIS,0.0,0.0,0.0,0.0,
J1248,,,Calhoun County,MI,Marshall - Black Stone 138 kV line,METC,Solar,100.0,100.0,100.0,2019-04-29T04:00:00+00:00,Done,2025-09-01T04:00:00+00:00,,,,Photovoltaic,Not Started,2022-08-17T04:00:00+00:00,2021-08-01T04:00:00+00:00,2022-08-17T04:00:00+00:00,DPP-2019,East (ITC),GIA,NRIS,100.0,100.0,100.0,100.0,
J1255,,,Ionia County,MI,Marquette - Vergennes 138 kV Line Tap,METC,Solar,200.0,200.0,200.0,2019-04-29T04:00:00+00:00,Done,2025-10-30T04:00:00+00:00,,,,Photovoltaic,Under Construction,2022-10-31T04:00:00+00:00,2022-10-30T04:00:00+00:00,2022-10-31T04:00:00+00:00,DPP-2019,East (ITC),GIA,NRIS,100.0,100.0,100.0,100.0,
J1249,,,Lamar County,MS,Morrow 161 kV Substation,COOPERATIVE ENERGY,Gas,600.0,600.0,600.0,2019-04-29T04:00:00+00:00,Done,2022-07-24T04:00:00+00:00,,,,Combined Cycle,In Service,2022-01-20T05:00:00+00:00,2022-03-01T05:00:00+00:00,2022-01-21T05:00:00+00:00,DPP-2019,South,GIA,NRIS,600.0,600.0,600.0,600.0,
J1245,,,Arkansas County,AR,Stuttgart Ricuskey - Woodward 230 kV,"ENTERGY ARKANSAS, LLC EATO",Battery Storage,50.0,50.0,50.0,2019-04-29T04:00:00+00:00,Withdrawn,,2020-08-04T04:00:00+00:00,,,Battery Storage,Not Started,,2022-10-30T04:00:00+00:00,,DPP-2019,South,GIA,NRIS,0.0,0.0,0.0,0.0,
J1278,,,Polk County,TX,Corrigan Bulk - Staley 138kV Line,"ENTERGY TEXAS, INC. ETTO",Solar,100.0,100.0,100.0,2019-04-29T04:00:00+00:00,Withdrawn,,2020-08-05T04:00:00+00:00,,,Photovoltaic,Not Started,,2022-03-01T05:00:00+00:00,,DPP-2019,South,GIA,NRIS,0.0,0.0,0.0,0.0,
J1251,,,Marquette County,MI,Arnold - Perkins 138 kV Line Tap,American Transmission Co. LLC,Solar,100.0,100.0,100.0,2019-04-29T04:00:00+00:00,Done,2025-06-12T04:00:00+00:00,,,,Photovoltaic,Under Construction,2022-09-08T04:00:00+00:00,2022-10-30T04:00:00+00:00,2022-09-09T04:00:00+00:00,DPP-2019,East (ATC),GIA,NRIS,100.0,100.0,100.0,80.0,
J1291,,,Catahoula Parish,LA,Standard - Red Gum 115 kV Line Tap,"ENTERGY LOUISIANA, LLC ELTO",Solar,100.0,100.0,100.0,2019-04-29T04:00:00+00:00,Withdrawn,,2020-01-14T05:00:00+00:00,,,Photovoltaic,Not Started,,2022-10-30T04:00:00+00:00,,DPP-2019,South,GIA,NRIS,0.0,0.0,0.0,0.0,
J1290,,,Evangeline Parish,LA,Manuel 138 kV Substation,CLECO POWER LLC CLEC,Battery Storage,25.0,25.0,25.0,2019-04-29T04:00:00+00:00,Withdrawn,,2020-08-04T04:00:00+00:00,,,Battery Storage,Not Started,,2022-10-30T04:00:00+00:00,,DPP-2019,South,GIA,NRIS,0.0,0.0,0.0,0.0,
J1252,,,Marquette County,MI,Arnold - Perkins 138 kV Line Tap,American Transmission Co. LLC,Battery Storage,20.0,20.0,20.0,2019-04-29T04:00:00+00:00,Withdrawn,,2021-02-08T05:00:00+00:00,,,Battery Storage,Not Started,,2022-10-30T04:00:00+00:00,,DPP-2019,East (ATC),GIA,NRIS,0.0,0.0,0.0,0.0,
J1260,,,Desha County,AR,Dumas - Reed 115kV Line,"ENTERGY ARKANSAS, LLC EATO",Solar,164.0,164.0,164.0,2019-04-29T04:00:00+00:00,Withdrawn,,2020-08-05T04:00:00+00:00,,,Photovoltaic,Not Started,,2021-10-01T04:00:00+00:00,,DPP-2019,South,GIA,NRIS,0.0,0.0,0.0,0.0,
J1313,,,Greene County,IA,161kV bus at Karma substation,ITC MIDWEST,Solar,100.0,100.0,100.0,2019-04-29T04:00:00+00:00,Done,2025-06-30T04:00:00+00:00,,,,Photovoltaic,Not Started,2023-01-26T05:00:00+00:00,2022-06-30T04:00:00+00:00,2023-01-26T05:00:00+00:00,DPP-2019,West,GIA,NRIS,100.0,100.0,100.0,100.0,
J1324,,,Montgomery County,IL,Midway 138kV Substation,AMEREN ILLINOIS,Solar,150.0,150.0,150.0,2019-04-29T04:00:00+00:00,Withdrawn,,2020-05-11T04:00:00+00:00,,,Photovoltaic,Not Started,,2022-04-20T04:00:00+00:00,,,,,NRIS,0.0,0.0,0.0,0.0,
J1326,,,Dane County,WI,Rockdale 345 kV Substation,American Transmission Co. LLC,Battery Storage,75.0,75.0,75.0,2019-04-29T04:00:00+00:00,Done,2025-06-01T04:00:00+00:00,,,,Battery Storage,Not Started,,2022-10-30T04:00:00+00:00,2022-11-14T05:00:00+00:00,DPP-2019,East (ATC),GIA,NRIS,75.0,75.0,75.0,75.0,
J1318,,,Rush County,IN,Rushville 69kV Substation,"DUKE ENERGY INDIANA, LLC CIN",Solar,25.0,25.0,25.0,2019-04-29T04:00:00+00:00,Withdrawn,,2021-08-05T04:00:00+00:00,,,Photovoltaic,Not Started,,2022-07-01T04:00:00+00:00,,DPP-2019,Central,GIA,NRIS,0.0,0.0,0.0,0.0,
J1333,,,"Jasper County,Starke County",IN,Schahfer - Burr Oak 345kV Line,NORTHERN INDIANA PUBLIC SERVICE COMPANY LLC,Hybrid,199.5,199.5,199.5,2019-04-29T04:00:00+00:00,Done,2024-06-15T04:00:00+00:00,,,,Solar/Battery,In Service,,2022-07-01T04:00:00+00:00,2022-07-27T04:00:00+00:00,DPP-2019,Central,GIA,NRIS,199.5,199.5,199.5,199.5,
J1322,,,Eaton County,MI,Battle Creek - Oneida 345kV Tap,METC,Solar,200.0,200.0,200.0,2019-04-29T04:00:00+00:00,Withdrawn,,2021-01-26T05:00:00+00:00,,,Photovoltaic,Not Started,,2022-04-20T04:00:00+00:00,,DPP-2019,East (ITC),GIA,NRIS,0.0,0.0,0.0,0.0,
J1366,,,Eau Claire County,WI,Tremval - Seven Mile 161 kV Line Tap,NORTHERN STATES POWER COMPANY,Wind,200.0,200.0,200.0,2019-04-29T04:00:00+00:00,Withdrawn,,2020-04-02T04:00:00+00:00,,,Wind Turbine,Not Started,,2022-09-01T04:00:00+00:00,,DPP-2019,West,GIA,NRIS,0.0,0.0,0.0,0.0,
J1368,,,"Pointe Coupee,Pointe Coupee Parish",LA,Fancy Point - Waterloo 230 kV Line,"ENTERGY LOUISIANA, LLC",Solar,200.0,200.0,200.0,2019-04-29T04:00:00+00:00,Done,2023-06-01T04:00:00+00:00,,,,Photovoltaic,In Service,2021-11-30T05:00:00+00:00,2022-07-01T04:00:00+00:00,2021-04-28T04:00:00+00:00,DPP-2019,South,GIA,NRIS,200.0,130.0,200.0,40.0,
J1349,,,Cottonwood County,MN,Crandall 345 kV Substation,NORTHERN STATES POWER COMPANY,Hybrid,335.0,335.0,335.0,2019-04-29T04:00:00+00:00,Withdrawn,,2022-02-22T05:00:00+00:00,,,Solar/Wind,Not Started,,2023-04-20T04:00:00+00:00,,DPP-2019,West,GIA,NRIS,335.0,335.0,0.0,0.0,
J1369,,,Dubois County,IN,Dubois - Culley 138kV line,"Southern Indiana Gas & Electric Company d/b/a Vectren Energy Delivery of Indiana, Inc.",Solar,100.0,100.0,100.0,2019-04-29T04:00:00+00:00,Done,2025-07-01T04:00:00+00:00,,,,Photovoltaic,Not Started,,2022-07-01T04:00:00+00:00,2023-01-30T05:00:00+00:00,DPP-2019,Central,GIA,NRIS,100.0,100.0,100.0,85.0,
J1352,,,Montgomery County,MO,Spencer Creek - Montgomery 345kV Line,Ameren Missouri,Solar,100.0,100.0,100.0,2019-04-29T04:00:00+00:00,Done,2024-12-01T05:00:00+00:00,,,,Photovoltaic,Not Started,,2022-04-20T04:00:00+00:00,2022-11-14T05:00:00+00:00,DPP-2019,Central,GIA,NRIS,100.0,100.0,100.0,100.0,
J1281,,,Ashley County,AR,Crossett - Monticello East 115kV Line,"ENTERGY ARKANSAS, LLC EATO",Solar,75.0,75.0,75.0,2019-04-29T04:00:00+00:00,Done,2024-10-31T04:00:00+00:00,,,,Photovoltaic,Not Started,,2022-03-01T05:00:00+00:00,2022-01-28T05:00:00+00:00,DPP-2019,South,GIA,NRIS,75.0,75.0,75.0,75.0,
J1282,,,Beauregard Parish,LA,Cooper - Penton Road 230kV Line,CLECO POWER LLC CLEC,Solar,200.0,200.0,200.0,2019-04-29T04:00:00+00:00,Withdrawn,,2021-03-18T04:00:00+00:00,,,Photovoltaic,Not Started,,2022-03-01T05:00:00+00:00,,DPP-2019,South,GIA,NRIS,200.0,200.0,0.0,0.0,
J1262,,,Wayne County,MI,Waterman 120kV Substation,ITC MIDWEST,Gas,25.0,25.0,25.0,2019-04-29T04:00:00+00:00,Done,2022-06-01T04:00:00+00:00,,,,Combined Cycle,Not Started,2022-08-17T04:00:00+00:00,2019-06-01T04:00:00+00:00,2022-08-17T04:00:00+00:00,DPP-2019,East (ITC),GIA,ERIS,25.0,0.0,25.0,0.0,
J1325,,,Rock County,MN,Magnolia 161 kV substation,ITC MIDWEST,Solar,200.0,200.0,200.0,2019-04-29T04:00:00+00:00,Done,2025-06-30T04:00:00+00:00,,,,Photovoltaic,Under Construction,2022-08-23T04:00:00+00:00,2022-06-30T04:00:00+00:00,2022-08-23T04:00:00+00:00,DPP-2019,West,GIA,NRIS,80.0,80.0,80.0,72.0,
J1314,,,Polk County,WI,Apple River 161 kV Substation,DAIRYLAND POWER COOPERATIVE,Solar,100.0,100.0,100.0,2019-04-29T04:00:00+00:00,Done,2025-06-30T04:00:00+00:00,,,,Photovoltaic,Under Construction,2022-08-26T04:00:00+00:00,2022-06-30T04:00:00+00:00,2022-08-26T04:00:00+00:00,DPP-2019,West,GIA,NRIS,100.0,100.0,100.0,100.0,
J1328,,,Grant County,SD,Big Stone South 345kV Sub,OTTER TAIL POWER COMPANY OTPW,Solar,100.0,100.0,100.0,2019-04-29T04:00:00+00:00,Withdrawn,,2022-02-22T05:00:00+00:00,,,Photovoltaic,Not Started,,2022-04-20T04:00:00+00:00,,DPP-2019,West,GIA,NRIS,100.0,100.0,0.0,0.0,
J1319,,,Huron County,MI,Rapson 120kV Substation,ITC MIDWEST,Wind,117.5,117.5,117.5,2019-04-29T04:00:00+00:00,Done,2022-08-01T04:00:00+00:00,,,,Wind Turbine,In Service,,2021-09-30T04:00:00+00:00,2022-02-21T05:00:00+00:00,DPP-2019,East (ITC),GIA,NRIS,117.5,117.5,112.0,112.0,
J1330,,,Randolph County,IL,Baldwin 345kV Substation,AMEREN ILLINOIS,Solar,200.0,200.0,200.0,2019-04-29T04:00:00+00:00,Withdrawn,,2021-08-05T04:00:00+00:00,,,Photovoltaic,Not Started,,2022-04-20T04:00:00+00:00,,DPP-2019,Central,GIA,NRIS,0.0,0.0,0.0,0.0,
J1247,,,"St. Mary,St. Mary Parish",LA,Ivanhoe 138kV Substation,CLECO POWER LLC,Waste Heat Recovery,16.98,16.98,16.98,2019-04-29T04:00:00+00:00,Done,2021-10-31T04:00:00+00:00,,,,Co-gen,Under Construction,2022-05-31T04:00:00+00:00,2020-08-01T04:00:00+00:00,2020-03-11T04:00:00+00:00,DPP-2019,South,GIA,ERIS,30.98,0.0,30.98,0.0,
J1256,,,Washtenaw County,MI,Dorset 120 kV Substation,ITC MIDWEST,Solar,150.0,150.0,150.0,2019-04-29T04:00:00+00:00,Withdrawn,,2020-05-06T04:00:00+00:00,,,Photovoltaic,Not Started,,2022-10-30T04:00:00+00:00,,DPP-2019,East (ITC),GIA,NRIS,0.0,0.0,0.0,0.0,
J1320,,,Branch County,MI,Coldwater - Batavia 138kV Line,METC,Solar,150.0,150.0,150.0,2019-04-29T04:00:00+00:00,Done,2025-04-20T04:00:00+00:00,,,,Photovoltaic,Not Started,,2019-04-20T04:00:00+00:00,2022-11-15T05:00:00+00:00,DPP-2019,East (ITC),GIA,NRIS,150.0,150.0,150.0,150.0,
J1347,,,Scott County,MS,Pelahatchie - Scott 115 kV Line Tap,"ENTERGY MISSISSIPPI, LLC",Solar,175.0,175.0,175.0,2019-04-26T04:00:00+00:00,Done,2023-06-01T04:00:00+00:00,,,,Photovoltaic,In Service,,2022-08-01T04:00:00+00:00,2021-03-22T04:00:00+00:00,DPP-2019,South,GIA,ERIS,175.0,0.0,175.0,0.0,
J1374,,,Grant County,WI,ATC Ebenezer Sub on Lancaster-Eden 138kv line,American Transmission Co. LLC,Wind,95.0,95.0,95.0,2019-04-29T04:00:00+00:00,Done,2024-08-08T04:00:00+00:00,,,,Wind Turbine,Not Started,2022-09-08T04:00:00+00:00,2021-08-01T04:00:00+00:00,2022-09-09T04:00:00+00:00,DPP-2019,East (ATC),GIA,NRIS,67.2,67.2,67.2,67.2,
J1417,,,Worth County,IA,Ledyard - Colby 345 kV Line Tap,ITC MIDWEST,Battery Storage,75.0,75.0,75.0,2019-04-29T04:00:00+00:00,Withdrawn,,2022-02-21T05:00:00+00:00,,,Battery Storage,Not Started,,2022-10-30T04:00:00+00:00,,DPP-2019,West,GIA,NRIS,75.0,75.0,0.0,0.0,
J1353,,,Lake County,IN,Green Acres138kV Subtation,NORTHERN INDIANA PUBLIC SERVICE COMPANY LLC NIP,Battery Storage,150.0,150.0,150.0,2019-04-29T04:00:00+00:00,Withdrawn,,2023-09-05T04:00:00+00:00,,,Battery Storage,Not Started,,2023-05-30T04:00:00+00:00,,DPP-2019,Central,GIA,NRIS,150.0,150.0,150.0,150.0,
J1427,,,Benton County,IA,Duane Arnold 345kV Substation,ITC MIDWEST,Wind,400.0,400.0,400.0,2019-04-29T04:00:00+00:00,Withdrawn,,2021-03-24T04:00:00+00:00,,,Wind Turbine,Not Started,,2022-08-01T04:00:00+00:00,,DPP-2019,West,GIA,NRIS,0.0,0.0,0.0,0.0,
J1395,,,Lyon County,MN,Hawks Nest Lake - Lyon County 345 kV Line Tap,NORTHERN STATES POWER COMPANY,Solar,200.0,200.0,200.0,2019-04-29T04:00:00+00:00,Withdrawn,,2022-09-01T04:00:00+00:00,,,Photovoltaic,Not Started,,2023-09-01T04:00:00+00:00,,DPP-2019,West,GIA,NRIS,200.0,200.0,200.0,200.0,
J1430,,,Calhoun County,MI,Verona - Foundary 138kV Line,METC,Solar,100.0,100.0,100.0,2019-04-29T04:00:00+00:00,Done,2023-08-01T04:00:00+00:00,,,,Photovoltaic,Not Started,2022-08-17T04:00:00+00:00,2022-08-01T04:00:00+00:00,2022-08-17T04:00:00+00:00,DPP-2019,East (ITC),GIA,NRIS,100.0,100.0,100.0,100.0,
J1416,,,Worth County,IA,Worth County - Glenworth 161 kV Line tap,ITC MIDWEST,Solar,149.0,149.0,149.0,2019-04-29T04:00:00+00:00,Withdrawn,,2022-02-21T05:00:00+00:00,,,Photovoltaic,Not Started,,2022-10-30T04:00:00+00:00,,DPP-2019,West,GIA,NRIS,149.0,149.0,0.0,0.0,
J1428,,,Cass County,ND,Buffalo 345kV Substation,OTTER TAIL POWER COMPANY OTPW,Solar,200.0,200.0,200.0,2019-04-29T04:00:00+00:00,Withdrawn,,2021-03-24T04:00:00+00:00,,,Photovoltaic,Not Started,,2022-08-01T04:00:00+00:00,,DPP-2019,West,GIA,NRIS,0.0,0.0,0.0,0.0,
J1418,,,Pulaski County,IL,Joppa-Joppa North Bus 161kV Substation,AMEREN ILLINOIS,Solar,100.0,100.0,100.0,2019-04-29T04:00:00+00:00,Withdrawn,,2020-01-02T05:00:00+00:00,,,Photovoltaic,Not Started,,2021-12-01T05:00:00+00:00,,DPP-2019,Central,GIA,NRIS,0.0,0.0,0.0,0.0,
J1397,,,Juneau County,WI,Whistling Wings 69 kV Substation,DAIRYLAND POWER COOPERATIVE DPCM,Solar,25.0,25.0,25.0,2019-04-29T04:00:00+00:00,Withdrawn,,2020-05-18T04:00:00+00:00,,,Photovoltaic,Not Started,,2022-10-30T04:00:00+00:00,,DPP-2019,East (ATC),GIA,NRIS,0.0,0.0,0.0,0.0,
J1258,,,Lonoke County,AR,KEO EHV 500 kV Substation,"ENTERGY ARKANSAS, LLC",Solar,50.0,50.0,50.0,2019-04-29T04:00:00+00:00,Done,2024-10-15T04:00:00+00:00,,,,Photovoltaic,Not Started,2021-11-29T05:00:00+00:00,2023-10-30T04:00:00+00:00,,DPP-2019,South,GIA,NRIS,50.0,50.0,50.0,50.0,
J1292,,,Ionia County,MI,Thompson Road 138kV Substation,METC,Wind,198.0,198.0,198.0,2019-04-29T04:00:00+00:00,Withdrawn,2024-09-01T04:00:00+00:00,2026-08-25T04:00:00+00:00,,,Wind Turbine,Not Started,2022-08-17T04:00:00+00:00,2021-05-01T04:00:00+00:00,2022-08-17T04:00:00+00:00,DPP-2019,East (ITC),GIA,ERIS,198.0,198.0,198.0,0.0,
J1280,,,Monroe County,AR,Brinkley East - Clarendon 115kV Line,"ENTERGY ARKANSAS, LLC EATO",Solar,100.0,100.0,100.0,2019-04-29T04:00:00+00:00,Withdrawn,,2020-08-05T04:00:00+00:00,,,Photovoltaic,Not Started,,2022-03-01T05:00:00+00:00,,DPP-2019,South,GIA,NRIS,0.0,0.0,0.0,0.0,
J1259,,,Pike County,MS,Colonial Pipeline - Kentwood 115 kV Line,"ENTERGY MISSISSIPPI, LLC EMMP",Battery Storage,50.0,50.0,50.0,2019-04-29T04:00:00+00:00,Withdrawn,,2020-08-04T04:00:00+00:00,,,Battery Storage,Not Started,,2022-10-30T04:00:00+00:00,,DPP-2019,South,GIA,NRIS,0.0,0.0,0.0,0.0,
J1323,,,LaGrange County,IN,Lagrange 138 kV Substation,NORTHERN INDIANA PUBLIC SERVICE COMPANY LLC,Battery Storage,25.0,25.0,25.0,2019-04-29T04:00:00+00:00,Done,2025-06-01T04:00:00+00:00,,,,Battery Storage,Not Started,,2023-10-30T04:00:00+00:00,2023-01-30T05:00:00+00:00,DPP-2019,Central,GIA,NRIS,25.0,25.0,25.0,25.0,
J1316,,,Kenosha County,WI,Paris 138 kV Substation,American Transmission Co. LLC,Battery Storage,50.0,50.0,50.0,2019-04-29T04:00:00+00:00,Done,2025-10-30T04:00:00+00:00,,,,Battery Storage,Not Started,,2022-10-30T04:00:00+00:00,2022-11-14T05:00:00+00:00,DPP-2019,East (ATC),GIA,NRIS,50.0,50.0,50.0,50.0,
J1261,,,Monroe County,AR,Clarendon - Brinkley East 115kV Line,"ENTERGY ARKANSAS, LLC EATO",Solar,90.0,90.0,90.0,2019-04-29T04:00:00+00:00,Withdrawn,,2020-08-05T04:00:00+00:00,,,Photovoltaic,Not Started,,2021-10-01T04:00:00+00:00,,DPP-2019,South,GIA,NRIS,0.0,0.0,0.0,0.0,
J1315,,,"Cottonwood County,Murray County,Redwood County",MN,Lyon County - Cedar Mountain 345 kV Line Tap,NORTHERN STATES POWER COMPANY,Wind,600.0,600.0,600.0,2019-04-29T04:00:00+00:00,Withdrawn,,2022-09-01T04:00:00+00:00,,,Wind Turbine,Not Started,,2022-06-30T04:00:00+00:00,,DPP-2019,West,GIA,NRIS,600.0,600.0,600.0,0.0,
J1327,,,Ionia County,MI,Marquette - Vergennes 138 kV Line Tap,METC,Battery Storage,20.0,20.0,20.0,2019-04-29T04:00:00+00:00,Withdrawn,,2021-02-08T05:00:00+00:00,,,Battery Storage,Not Started,,2022-10-30T04:00:00+00:00,,DPP-2019,East (ITC),GIA,NRIS,0.0,0.0,0.0,0.0,
J1317,,,Sanilac County,MI,Bennet 120kV Substation,ITC MIDWEST,Wind,150.0,150.0,150.0,2019-04-29T04:00:00+00:00,Withdrawn,,2020-01-03T05:00:00+00:00,,,Wind Turbine,Not Started,,2022-10-01T04:00:00+00:00,,DPP-2019,East (ITC),GIA,NRIS,0.0,0.0,0.0,0.0,
J1398,,,Pike County,IN,Ratts 161kV Substation,HOOSIER ENERGY,Solar,150.0,150.0,150.0,2019-04-29T04:00:00+00:00,Withdrawn,,2021-08-05T04:00:00+00:00,,,Photovoltaic,Not Started,,2022-12-01T05:00:00+00:00,,DPP-2019,Central,GIA,NRIS,0.0,0.0,0.0,0.0,
J1399,,,Ingham County,MI,Delhi - Churchill - Tompkins  138kV Line,METC,Solar,90.0,90.0,90.0,2019-04-29T04:00:00+00:00,Done,2025-03-01T05:00:00+00:00,,,,Photovoltaic,Not Started,2022-08-17T04:00:00+00:00,2021-12-01T05:00:00+00:00,2022-08-17T04:00:00+00:00,DPP-2019,East (ITC),GIA,NRIS,90.0,90.0,90.0,90.0,
J1438,,,Fayette County,IA,Windsor - Hazelton 161kV Line,ITC MIDWEST,Solar,100.0,100.0,100.0,2019-04-29T04:00:00+00:00,Withdrawn,,2022-06-28T04:00:00+00:00,,,Photovoltaic,Not Started,,2022-08-01T04:00:00+00:00,,DPP-2019,West,GIA,NRIS,100.0,100.0,100.0,100.0,
J1400,,,Crittenden County,AR,Marked Tree - Marion 161 kV Line Tap,"ENTERGY ARKANSAS, LLC EATO",Wind,150.0,150.0,150.0,2019-04-29T04:00:00+00:00,Withdrawn,,2020-07-30T04:00:00+00:00,,,Wind Turbine,Not Started,,2021-08-01T04:00:00+00:00,,DPP-2019,South,GIA,NRIS,0.0,0.0,0.0,0.0,
J1329,,,Washtenaw County,MI,Majestic - Milan 345 kV Line Tap,ITC MIDWEST,Battery Storage,20.0,20.0,20.0,2019-04-29T04:00:00+00:00,Done,2025-10-30T04:00:00+00:00,,,,Battery Storage,Under Construction,2022-10-31T04:00:00+00:00,2022-10-30T04:00:00+00:00,2022-10-31T04:00:00+00:00,DPP-2019,East (ITC),GIA,NRIS,20.0,20.0,20.0,20.0,
J1331,,,St. Clair County,MI,Greenwood 120 kV Substation,ITC,Solar,100.0,100.0,100.0,2019-04-29T04:00:00+00:00,Done,2025-02-28T05:00:00+00:00,,,,Photovoltaic,Not Started,2022-08-17T04:00:00+00:00,2022-06-30T04:00:00+00:00,2022-08-17T04:00:00+00:00,DPP-2019,East (ITC),GIA,NRIS,100.0,100.0,100.0,100.0,
J1434,,,Monroe County,AR,"J907 230kV Sub, Brinkley East - Aubrey 230 kV Line","ENTERGY ARKANSAS, LLC",Solar,100.0,100.0,100.0,2019-04-29T04:00:00+00:00,Done,2024-04-01T04:00:00+00:00,,,,Photovoltaic,In Service,2022-01-25T05:00:00+00:00,2022-08-01T04:00:00+00:00,2022-01-26T05:00:00+00:00,DPP-2019,South,GIA,NRIS,100.0,100.0,100.0,100.0,
J1423,,,Ottawa County,MI,Campbell - Blendon 138kV Line,METC,Solar,100.0,100.0,100.0,2019-04-29T04:00:00+00:00,Withdrawn,,2020-06-11T04:00:00+00:00,,,Photovoltaic,Not Started,,2022-04-20T04:00:00+00:00,,DPP-2019,East (ITC),GIA,NRIS,0.0,0.0,0.0,0.0,
J1321,,,Story County,IA,O'Brien - Kossuth 345 kV Line Tap,MIDAMERICAN ENERGY COMPANY,Battery Storage,65.0,65.0,65.0,2019-04-29T04:00:00+00:00,Withdrawn,,2022-02-21T05:00:00+00:00,,,Battery Storage,Not Started,,2023-10-30T04:00:00+00:00,,DPP-2019,West,GIA,NRIS,65.0,65.0,0.0,0.0,
J1344,,,Mills County,IA,Hastings 69 kV Substation,MIDAMERICAN ENERGY COMPANY,Solar,48.0,48.0,48.0,2019-04-29T04:00:00+00:00,Withdrawn,,2020-03-05T05:00:00+00:00,,,Photovoltaic,Not Started,,2022-09-15T04:00:00+00:00,,DPP-2019,West,GIA,NRIS,0.0,0.0,0.0,0.0,
J1435,,,Dubuque County,IA,Center Grove 161kV Substation,ITC MIDWEST,Battery Storage,100.0,100.0,100.0,2019-04-29T04:00:00+00:00,Withdrawn,,2021-03-24T04:00:00+00:00,,,Battery Storage,Not Started,,2022-08-01T04:00:00+00:00,,DPP-2019,West,GIA,NRIS,0.0,0.0,0.0,0.0,
J1424,,,Beauregard Parish,LA,Cooper - Penton Road 230kV Line,CLECO POWER LLC CLEC,Solar,200.0,200.0,200.0,2019-04-29T04:00:00+00:00,Done,2024-09-15T04:00:00+00:00,,,,Photovoltaic,Under Construction,2021-11-29T05:00:00+00:00,2022-08-01T04:00:00+00:00,2021-11-30T05:00:00+00:00,DPP-2019,South,GIA,ERIS,200.0,200.0,200.0,0.0,
J1345,,,Dodge County,WI,North Beaver Dam 69kV Substation,American Transmission Co. LLC,Battery Storage,25.0,25.0,25.0,2019-04-29T04:00:00+00:00,Withdrawn,,2022-03-08T05:00:00+00:00,,,Battery Storage,Not Started,,2021-10-01T04:00:00+00:00,,DPP-2019,East (ATC),GIA,NRIS,25.0,25.0,0.0,0.0,
J1365,,,Tama County,IA,Traer 161-kV Substation,ITC MIDWEST,Wind,169.4,169.4,169.4,2019-04-29T04:00:00+00:00,Done,2024-09-06T04:00:00+00:00,,,,Wind Turbine,Not Started,,2022-07-01T04:00:00+00:00,2023-01-26T05:00:00+00:00,DPP-2019,West,GIA,NRIS,169.4,169.4,169.4,0.0,
J1425,,,Jefferson County,AR,Pine Bluff International Paper 115 kV substation,"ENTERGY ARKANSAS, LLC",Gas,114.0,114.0,114.0,2019-04-29T04:00:00+00:00,Done,2022-05-19T04:00:00+00:00,,,,Combined Cycle,In Service,2022-01-27T05:00:00+00:00,2020-06-01T04:00:00+00:00,2022-01-28T05:00:00+00:00,DPP-2019,South,GIA,NRIS-Only,0.0,114.0,0.0,114.0,
J1443,,,Union County,AR,Texas Eastern F SS - Strong SS 115 kV Line Tap,"ENTERGY ARKANSAS, LLC EATO",Solar,100.0,100.0,100.0,2019-04-29T04:00:00+00:00,Withdrawn,,2020-01-14T05:00:00+00:00,,,Photovoltaic,Not Started,,2023-10-30T04:00:00+00:00,,DPP-2019,South,GIA,NRIS,0.0,0.0,0.0,0.0,
J1346,,,Wayne County,MI,Brownstown 345kV Substation,ITC MIDWEST,Gas,382.0,334.0,382.0,2019-04-29T04:00:00+00:00,Withdrawn,,2020-05-29T04:00:00+00:00,,,Combustion Turbine (Simple Cycle),Not Started,,2022-01-01T05:00:00+00:00,,DPP-2019,East (ITC),GIA,NRIS,0.0,0.0,0.0,0.0,
J1367,,,"St. Mary,St. Mary Parish",LA,Caneland 230kV Substation,CLECO POWER LLC,Solar,95.0,95.0,95.0,2019-04-29T04:00:00+00:00,Done,2022-09-19T04:00:00+00:00,,,,Photovoltaic,Under Construction,2022-04-15T04:00:00+00:00,2021-07-01T04:00:00+00:00,2022-04-15T04:00:00+00:00,DPP-2019,South,GIA,NRIS,95.0,95.0,95.0,48.65,
J1350,,,Monroe County,MI,Milan – Monroe – Morocco 345 kV Point,METC,Solar,150.0,150.0,150.0,2019-04-29T04:00:00+00:00,Withdrawn,2025-04-20T04:00:00+00:00,2023-04-07T04:00:00+00:00,,,Photovoltaic,Withdrawn,2022-10-31T04:00:00+00:00,2022-04-20T04:00:00+00:00,2022-10-31T04:00:00+00:00,DPP-2019,East (ITC),GIA,NRIS,150.0,150.0,150.0,150.0,
J1370,,,Chippewa County,MI,9 Mile SW STA - Dafter 69kV Line,American Transmission Co. LLC,Gas,50.0,50.0,50.0,2019-04-29T04:00:00+00:00,Withdrawn,,2022-03-08T05:00:00+00:00,,,Combustion Turbine (Simple Cycle),Not Started,,2021-03-01T05:00:00+00:00,,DPP-2019,East (ATC),GIA,NRIS,50.0,50.0,0.0,0.0,
J1348,,,Vermillion County,IN,Cayuga - Sugar Creek 345kV Line,"DUKE ENERGY INDIANA, LLC",Solar,200.0,200.0,200.0,2019-04-29T04:00:00+00:00,Done,2025-04-20T04:00:00+00:00,,,,Photovoltaic,Not Started,,2022-04-20T04:00:00+00:00,2022-11-14T05:00:00+00:00,DPP-2019,Central,GIA,NRIS,200.0,200.0,0.0,0.0,
J1371,,,Yellow Medicine County,MN,Astoria 345kV Substation,OTTER TAIL POWER COMPANY OTPW,Wind,150.0,150.0,150.0,2019-04-29T04:00:00+00:00,Withdrawn,,2022-02-07T05:00:00+00:00,,,Wind Turbine,Not Started,,2023-08-01T04:00:00+00:00,,DPP-2019,West,GIA,NRIS,150.0,150.0,0.0,0.0,
J1429,,,Juneau County,WI,Whistiling Wings 69 kV Substation,DAIRYLAND POWER COOPERATIVE DPCM,Battery Storage,24.0,24.0,24.0,2019-04-29T04:00:00+00:00,Withdrawn,,2020-05-18T04:00:00+00:00,,,Battery Storage,Not Started,,2022-10-30T04:00:00+00:00,,DPP-2019,East (ATC),GIA,NRIS,0.0,0.0,0.0,0.0,
J1437,,,Carroll County,AR,AECC Dry Creek 161kV Switchyard Station,ARKANSAS ELECTRIC COOPERATIVE CORPORATION,Wind,180.0,180.0,180.0,2019-04-29T04:00:00+00:00,Done,2024-05-01T04:00:00+00:00,,,,Wind Turbine,Under Construction,2021-12-22T05:00:00+00:00,2021-04-30T04:00:00+00:00,2021-11-30T05:00:00+00:00,DPP-2019,South,GIA,NRIS,180.0,180.0,180.0,180.0,
J1444,,,Linn County,IA,Duane Arnold 345kV Substation,ITC MIDWEST,Solar,200.0,200.0,200.0,2019-04-29T04:00:00+00:00,Done,2025-09-01T04:00:00+00:00,,,,Photovoltaic,Not Started,,2015-08-01T04:00:00+00:00,,DPP-2019,West,GIA,NRIS,200.0,200.0,200.0,200.0,
J1487,,,Freeborn County,MN,Freeborn 161kV substation,ITC MIDWEST,Wind,120.0,120.0,120.0,2019-04-29T04:00:00+00:00,Withdrawn,,2022-02-18T05:00:00+00:00,,,Wind Turbine,Not Started,,2021-05-01T04:00:00+00:00,,DPP-2019,West,GIA,NRIS,120.0,120.0,0.0,0.0,
J1422,,,Edwards County,IL,Albion - Olney 138 kV Line Tap,AMEREN ILLINOIS,Hybrid,150.0,150.0,150.0,2019-04-29T04:00:00+00:00,Done,2024-10-20T04:00:00+00:00,,,,Solar/Battery,Not Started,,2021-10-20T04:00:00+00:00,,DPP-2019,Central,GIA,NRIS,150.0,150.0,150.0,150.0,
J1401,,,Branch County,MI,Batavia - Wagner 138kV Line,METC,Solar,150.0,150.0,150.0,2019-04-29T04:00:00+00:00,Done,2024-04-01T04:00:00+00:00,,,,Photovoltaic,In Service,2022-08-17T04:00:00+00:00,2023-11-17T05:00:00+00:00,2022-08-17T04:00:00+00:00,DPP-2019,East (ITC),GIA,NRIS,150.0,150.0,150.0,150.0,
J1351,,,Madison Parish,LA,Tallulah - Delhi 115kV Line Tap,"ENTERGY LOUISIANA, LLC ELTO",Solar,120.0,120.0,120.0,2019-04-29T04:00:00+00:00,Withdrawn,,2020-08-05T04:00:00+00:00,,,Photovoltaic,Not Started,,2022-08-01T04:00:00+00:00,,DPP-2019,South,GIA,NRIS,0.0,0.0,0.0,0.0,
J1372,,,"Pointe Coupee,Pointe Coupee Parish",LA,Fancy Point - Waterloo 230 kV Line (J1368 POI),"ENTERGY LOUISIANA, LLC",Solar,100.0,100.0,100.0,2019-04-29T04:00:00+00:00,Done,2023-06-01T04:00:00+00:00,,,,Photovoltaic,In Service,2021-11-30T05:00:00+00:00,2022-07-01T04:00:00+00:00,2021-04-28T04:00:00+00:00,DPP-2019,South,GIA,NRIS,100.0,65.0,100.0,20.0,
J1489,,,Ralls County,MO,Maywood - Spencer Creek 345 kV Line Tap,AMEREN MISSOURI,,500.0,500.0,500.0,2019-04-29T04:00:00+00:00,Withdrawn,,2020-05-22T04:00:00+00:00,,,,Not Started,,2024-03-31T04:00:00+00:00,,DPP-2019,Central,GIA,NRIS,0.0,0.0,0.0,0.0,
J1479,,,Des Moines County,IA,Burlington 161 kV Substation,ITC MIDWEST,Battery Storage,100.0,100.0,100.0,2019-04-29T04:00:00+00:00,Withdrawn,,2022-02-18T05:00:00+00:00,,,Battery Storage,Not Started,,2023-10-01T04:00:00+00:00,,DPP-2019,West,GIA,NRIS,100.0,100.0,0.0,0.0,
J1481,,,Howard County,IN,Greentown 230 kV substation,"DUKE ENERGY INDIANA, LLC",Solar,200.0,200.0,200.0,2019-04-29T04:00:00+00:00,Done,2025-08-15T04:00:00+00:00,,,,Photovoltaic,Not Started,,2022-08-15T04:00:00+00:00,2023-01-30T05:00:00+00:00,DPP-2019,Central,GIA,NRIS,200.0,200.0,200.0,200.0,
J1484,,,Union County,AR,Texas Eastern F SS - Strong SS 115 kV Line Tap,"ENTERGY ARKANSAS, LLC EATO",Battery Storage,25.0,25.0,25.0,2019-04-29T04:00:00+00:00,Withdrawn,,2020-01-14T05:00:00+00:00,,,Battery Storage,Not Started,,2023-10-30T04:00:00+00:00,,DPP-2019,South,GIA,NRIS,0.0,0.0,0.0,0.0,
J1373,,,White County,AR,Griffithville - Searcy Price 115 kV Line Tap,"ENTERGY ARKANSAS, LLC",Solar,95.0,95.0,95.0,2019-04-29T04:00:00+00:00,Done,2023-03-15T04:00:00+00:00,,,,Photovoltaic,In Service,,2022-07-01T04:00:00+00:00,2021-03-17T04:00:00+00:00,DPP-2019,South,GIA,NRIS,95.0,80.75,95.0,80.75,
J1426,,,Benton County,MN,Benton County 115kV Substation,GREAT RIVER ENERGY,Solar,100.0,100.0,100.0,2019-04-29T04:00:00+00:00,Done,2025-08-01T04:00:00+00:00,,,,Photovoltaic,Under Construction,2022-08-26T04:00:00+00:00,2022-08-01T04:00:00+00:00,2022-08-26T04:00:00+00:00,DPP-2019,West,GIA,NRIS,100.0,100.0,100.0,100.0,
J203,,,Sanilac County,MI,Greenwood - Banner 345kV Line Tap,ITC MIDWEST,Wind,200.0,200.0,200.0,2017-06-16T04:00:00+00:00,Withdrawn,,2019-01-09T05:00:00+00:00,,,Wind Turbine,Not Started,,2012-09-01T04:00:00+00:00,,DPP-2017-AUG,East (ITC),GIA,NRIS,0.0,0.0,0.0,0.0,
J659,,,Franklin Parish,LA,Winnsboro to Gilbert 115 kV line,Entergy,Solar,50.0,50.0,50.0,2017-06-16T04:00:00+00:00,Withdrawn,,2019-01-07T05:00:00+00:00,,,Photovoltaic,Not Started,,2019-04-01T04:00:00+00:00,,DPP-2017-AUG,South,GIA,NRIS,0.0,0.0,0.0,0.0,
J1396,,,Pike County,IN,Ratts-Victory 161kV Line,HOOSIER ENERGY,Solar,150.0,150.0,150.0,2019-04-29T04:00:00+00:00,Done,2024-08-20T04:00:00+00:00,,,,Photovoltaic,In Service,,2021-12-01T05:00:00+00:00,2023-01-30T05:00:00+00:00,DPP-2019,Central,GIA,NRIS,60.0,60.0,60.0,60.0,
J1419,,,Greene County,IN,Edwardsport - Amo 345 kV Line Tap,"DUKE ENERGY INDIANA, LLC CIN",Solar,250.0,250.0,250.0,2019-04-29T04:00:00+00:00,Withdrawn,,2022-05-20T04:00:00+00:00,,,Photovoltaic,Not Started,,2022-07-01T04:00:00+00:00,,DPP-2019,Central,GIA,NRIS,250.0,250.0,0.0,0.0,
J1432,,,Clinton County,IA,Salem  - Rock Creek 345kV Line,ITC MIDWEST,Wind,250.0,250.0,250.0,2019-04-29T04:00:00+00:00,Done,2025-09-01T04:00:00+00:00,,,,Wind Turbine,Not Started,2022-10-31T04:00:00+00:00,2022-08-01T04:00:00+00:00,2022-10-31T04:00:00+00:00,DPP-2019,West,GIA,NRIS,250.0,250.0,250.0,0.0,
J1421,,,East Feliciana Parish,LA,Moler 230 kV Substation,"ENTERGY LOUISIANA, LLC",Solar,300.0,300.0,300.0,2019-04-29T04:00:00+00:00,Done,2024-12-01T05:00:00+00:00,,,,Photovoltaic,Under Construction,,2021-10-20T04:00:00+00:00,2021-06-01T04:00:00+00:00,DPP-2019,South,GIA,NRIS,300.0,300.0,300.0,300.0,
J628,,,"Grand Forks County,Nelson County",ND,Ramsey - Prairie 230kV Line Tap,GREAT RIVER ENERGY,Wind,400.0,400.0,400.0,2017-06-16T04:00:00+00:00,Withdrawn,,2021-11-09T05:00:00+00:00,,,Wind Turbine,Not Started,2021-09-12T04:00:00+00:00,2022-07-01T04:00:00+00:00,2021-09-13T04:00:00+00:00,DPP-2017-AUG,West,GIA,ERIS,400.0,400.0,400.0,0.0,
J663,,,Phillips County,AR,Robert E Ritchie 230kV Substation,Entergy,Solar,100.0,100.0,100.0,2017-06-16T04:00:00+00:00,Done,2022-05-01T04:00:00+00:00,,,,Photovoltaic,In Service,2020-03-20T04:00:00+00:00,2018-10-01T04:00:00+00:00,2019-10-03T04:00:00+00:00,DPP-2017-AUG,South,GIA,NRIS,100.0,100.0,100.0,100.0,
J441,,,Dodge County,MN,Byron 345 kV Substation,NORTHERN STATES POWER COMPANY,Wind,170.0,170.0,170.0,2015-04-15T04:00:00+00:00,Withdrawn,2019-09-18T04:00:00+00:00,2019-08-09T04:00:00+00:00,,,Wind Turbine,Withdrawn,,2018-09-01T04:00:00+00:00,2017-11-27T05:00:00+00:00,DPP-2017-FEB,West,GIA,NRIS,170.0,170.0,170.0,170.0,
J447,,,Cerro Gordo County,IA,Emery 161 kV Substation,ITC MIDWEST,Wind,150.0,150.0,150.0,2017-06-16T04:00:00+00:00,Withdrawn,,2019-10-24T04:00:00+00:00,,,Wind Turbine,Not Started,,2021-07-01T04:00:00+00:00,,DPP-2017-AUG,West,GIA,NRIS,0.0,0.0,0.0,0.0,
J1433,,,Washington Parish,LA,Lagen Holton-Franklinton 115kV (J1184),"ENTERGY LOUISIANA, LLC ELTO",Solar,50.0,50.0,50.0,2019-04-29T04:00:00+00:00,Withdrawn,,2019-10-22T04:00:00+00:00,,,Photovoltaic,Not Started,,2021-06-01T04:00:00+00:00,,DPP-2019,South,GIA,NRIS,0.0,0.0,0.0,0.0,
J1402,,,Jackson County,AR,Cash  - Newport AB161kV Line,"ENTERGY ARKANSAS, LLC",Battery Storage,0.0,0.0,0.0,2019-04-29T04:00:00+00:00,Done,2023-02-01T05:00:00+00:00,,,,Battery Storage,Not Started,2021-11-29T05:00:00+00:00,2021-08-01T04:00:00+00:00,2021-11-30T05:00:00+00:00,DPP-2019,South,GIA,NRIS,0.0,0.0,0.0,0.0,
J467,,,Douglas County,IL,Sidnay-Kansas 345kV Line,AMEREN ILLINOIS,Wind,102.0,102.0,102.0,2017-06-16T04:00:00+00:00,Withdrawn,,2019-01-08T05:00:00+00:00,,,Wind Turbine,Not Started,,2017-11-15T05:00:00+00:00,,DPP-2017-AUG,Central,GIA,NRIS,0.0,0.0,0.0,0.0,
J697,,,Morehouse Parish,LA,Oak Ridge 115 kV Substation,Entergy,Solar,150.0,150.0,150.0,2017-06-16T04:00:00+00:00,Done,2022-10-15T04:00:00+00:00,,,,Photovoltaic,In Service,2019-11-25T05:00:00+00:00,2022-10-15T04:00:00+00:00,2019-06-03T04:00:00+00:00,DPP-2017-AUG,South,GIA,NRIS,150.0,150.0,150.0,150.0,
J1441,,,Terrebonne Parish,LA,Schriever 230 kV Substation,"ENTERGY LOUISIANA, LLC ELTO",Solar,200.0,200.0,200.0,2019-04-29T04:00:00+00:00,Withdrawn,2025-05-01T04:00:00+00:00,2022-04-19T04:00:00+00:00,,,Photovoltaic,Not Started,2022-04-06T04:00:00+00:00,2022-08-01T04:00:00+00:00,2022-04-02T04:00:00+00:00,DPP-2019,South,GIA,NRIS,200.0,200.0,200.0,200.0,
J1404,,,Sunflower County,MS,Drew 115kV Substation,"ENTERGY MISSISSIPPI, LLC EMMP",Wind,167.0,167.0,167.0,2019-04-29T04:00:00+00:00,Withdrawn,,2020-07-23T04:00:00+00:00,,,Wind Turbine,Not Started,,2022-10-01T04:00:00+00:00,,DPP-2019,South,GIA,NRIS,0.0,0.0,0.0,0.0,
J1403,,,Ionia County,MI,Marquette 138 kV Substation,METC,Solar,200.0,200.0,200.0,2019-04-29T04:00:00+00:00,Withdrawn,,2022-03-08T05:00:00+00:00,,,Photovoltaic,Not Started,,2023-09-01T04:00:00+00:00,,DPP-2019,East (ITC),GIA,NRIS,200.0,200.0,0.0,0.0,
J1478,,,Des Moines County,IA,Huntwoods 69 kV substation (J1135),ITC MIDWEST,Battery Storage,25.0,25.0,25.0,2019-04-29T04:00:00+00:00,Withdrawn,,2022-02-18T05:00:00+00:00,,,Battery Storage,Not Started,,2021-10-01T04:00:00+00:00,,DPP-2019,West,GIA,NRIS,25.0,25.0,0.0,0.0,
J1482,,,White County,IN,Monticello - Springboro 138 kV Line Tap,NORTHERN INDIANA PUBLIC SERVICE COMPANY LLC,Solar,150.0,150.0,150.0,2019-04-29T04:00:00+00:00,Done,2024-05-01T04:00:00+00:00,,,,Photovoltaic,Not Started,,2022-08-15T04:00:00+00:00,2022-06-27T04:00:00+00:00,DPP-2019,Central,GIA,NRIS,150.0,150.0,150.0,150.0,
J1490,,,Randolph County,MO,McCredie - Montgomery 345 kV Line Tap,AMEREN MISSOURI,,1000.0,1000.0,1000.0,2019-04-29T04:00:00+00:00,Done,,,,,,Not Started,,2024-03-31T04:00:00+00:00,,DPP-2019,Central,GIA,NRIS,1000.0,1000.0,1000.0,940.0,
J632,,,"Berrien County,Van Buren County",MI,Argenta - Plaisades 345kV Line,METC,Wind,200.0,200.0,200.0,2017-06-16T04:00:00+00:00,Withdrawn,,2019-01-09T05:00:00+00:00,,,Wind Turbine,Not Started,,2018-09-15T04:00:00+00:00,,DPP-2017-AUG,East (ITC),GIA,NRIS,0.0,0.0,0.0,0.0,
J418,,,Polk County,TX,Rich - Livingston 138kV Line,Entergy,Solar,100.0,100.0,100.0,2017-06-16T04:00:00+00:00,Withdrawn,,2019-01-07T05:00:00+00:00,,,Photovoltaic,Not Started,,2016-11-01T04:00:00+00:00,,DPP-2017-AUG,South,GIA,NRIS,0.0,0.0,0.0,0.0,
J639,,,West Baton Rouge Parish,LA,Addis - Big Cajun 230kV Line,Entergy,Solar,50.0,50.0,50.0,2017-06-16T04:00:00+00:00,Withdrawn,2020-11-25T05:00:00+00:00,2022-10-31T04:00:00+00:00,,,Photovoltaic,Withdrawn,2019-12-02T05:00:00+00:00,2019-04-01T04:00:00+00:00,2019-06-03T04:00:00+00:00,DPP-2017-AUG,South,GIA,NRIS,50.0,50.0,50.0,50.0,
J687,,,Orleans Parish,LA,Nasa 115kV Substation,Entergy,Solar,20.0,20.0,20.0,2016-07-11T04:00:00+00:00,Withdrawn,,2017-02-17T05:00:00+00:00,,,Photovoltaic,Not Started,,2019-06-01T04:00:00+00:00,,DPP-2017-FEB,South,GIA,NRIS,0.0,0.0,0.0,0.0,
J701,,,Tuscola County,MI,Rapson - Grasssmere - Bauer 345kV Line Tap (Kirk 345 kV Sub),ITC MIDWEST,Wind,49.0,49.0,49.0,2017-06-16T04:00:00+00:00,Done,2018-10-01T04:00:00+00:00,,,,Wind Turbine,In Service,2020-05-06T04:00:00+00:00,2017-09-15T04:00:00+00:00,2018-04-24T04:00:00+00:00,DPP-2017-AUG,East (ITC),GIA,NRIS,49.0,49.0,49.0,49.0,
J658,,,Audrain County,MO,Spencer Creek 345 kV Substation,Ameren Missouri,Wind,100.05,100.05,100.05,2016-07-07T04:00:00+00:00,Withdrawn,,2017-06-21T04:00:00+00:00,,,Wind Turbine,Not Started,,2018-09-15T04:00:00+00:00,,DPP-2017-FEB,Central,GIA,NRIS,0.0,0.0,0.0,0.0,
J647,,,Muskegon County,MI,BC Cobb - Four Mile 138kV Line,METC,Solar,147.4,147.4,147.4,2016-06-20T04:00:00+00:00,Withdrawn,,2018-09-06T04:00:00+00:00,,,Photovoltaic,Not Started,,2021-09-01T04:00:00+00:00,,DPP-2017-FEB,East (ITC),GIA,NRIS,124.95,124.95,0.0,0.0,
J657,,,Manitowoc County,WI,Kewaunee - Shoto 138kV Line (at the existing Mishicot Tap),American Transmission Co. LLC,Wind,100.8,100.8,100.8,2016-07-08T04:00:00+00:00,Withdrawn,,2018-04-10T04:00:00+00:00,,,Wind Turbine,Not Started,,2019-09-01T04:00:00+00:00,,DPP-2017-FEB,East (ATC),GIA,NRIS,0.0,0.0,0.0,0.0,
J747,,,Deuel County,SD,Brooking County - Big Stone South (J510 Tap - J630 Tap) 345kV Line,OTTER TAIL POWER COMPANY,Wind,200.0,200.0,200.0,2016-11-14T05:00:00+00:00,Withdrawn,,2019-04-09T04:00:00+00:00,,,Wind Turbine,Not Started,,2017-10-01T04:00:00+00:00,,DPP-2017-FEB,West,GIA,NRIS,0.0,0.0,0.0,0.0,
J750,,,Morgan County,IL,Westchester 138kV Substation,"City of Springfield, IL - CWLP",Wind,150.0,150.0,150.0,2017-06-16T04:00:00+00:00,Withdrawn,2022-05-15T04:00:00+00:00,2025-07-07T04:00:00+00:00,,,Wind Turbine,Withdrawn,2020-01-14T05:00:00+00:00,2019-08-15T04:00:00+00:00,2019-07-15T04:00:00+00:00,DPP-2017-AUG,Central,GIA,NRIS,150.0,150.0,150.0,150.0,
J754,,,Montgomery County,IN,Cayuga - Nucor 345kV,Duke Energy Corporation,Wind,303.6,303.6,303.6,2016-11-14T05:00:00+00:00,Withdrawn,2020-04-30T04:00:00+00:00,2020-09-30T04:00:00+00:00,,,Wind Turbine,Withdrawn,2019-04-11T04:00:00+00:00,2019-03-08T05:00:00+00:00,2018-11-13T05:00:00+00:00,DPP-2017-FEB,Central,GIA,NRIS,303.6,303.6,303.6,303.6,
J816,,,Cass County,ND,Buffalo 115kV Substation,OTTER TAIL POWER COMPANY,Solar,60.0,60.0,60.0,2017-06-16T04:00:00+00:00,Withdrawn,,2021-01-29T05:00:00+00:00,,,Photovoltaic,Not Started,,2022-09-15T04:00:00+00:00,,DPP-2017-AUG,West,GIA,NRIS,60.0,60.0,0.0,0.0,
J817,,,Warren County,MO,Warrenton 161kV Substation,Ameren Missouri,Solar,139.0,139.0,139.0,2017-06-16T04:00:00+00:00,Done,2021-10-29T04:00:00+00:00,,,,Photovoltaic,In Service,2019-12-17T05:00:00+00:00,2019-09-01T04:00:00+00:00,2019-07-15T04:00:00+00:00,DPP-2017-AUG,Central,GIA,NRIS,139.0,139.0,139.0,139.0,
J837,,,White County,IN,Reynolds 345kV Substation,NORTHERN INDIANA PUBLIC SERVICE COMPANY LLC,Wind,200.1,200.1,200.1,2017-06-16T04:00:00+00:00,Done,2021-08-15T04:00:00+00:00,,,,Wind Turbine,In Service,2019-10-21T04:00:00+00:00,2020-08-01T04:00:00+00:00,2019-07-15T04:00:00+00:00,DPP-2017-AUG,Central,GIA,NRIS,200.1,80.0,200.1,80.0,
J777,,,Franklin County,IA,Whispering Willow 161kV substation,ITC MIDWEST,Wind,99.0,99.0,99.0,2016-11-14T05:00:00+00:00,Withdrawn,,2019-08-09T04:00:00+00:00,,,Wind Turbine,Not Started,,2019-11-01T04:00:00+00:00,,DPP-2017-FEB,West,GIA,NRIS,99.0,99.0,0.0,0.0,
J780,,,Sheridan County,ND,Harvey - Underwood 230kV Line,OTTER TAIL POWER COMPANY,Wind,200.0,200.0,200.0,2016-11-14T05:00:00+00:00,Withdrawn,,2019-04-09T04:00:00+00:00,,,Wind Turbine,Not Started,,2020-12-15T05:00:00+00:00,,DPP-2017-FEB,West,GIA,NRIS,0.0,0.0,0.0,0.0,
J752,,,Tuscola County,MI,Ringle 345kV Switchyard,ITC MIDWEST,Wind,100.0,100.0,100.0,2016-11-14T05:00:00+00:00,Done,2019-10-04T04:00:00+00:00,,,,Wind Turbine,In Service,2019-10-10T04:00:00+00:00,2020-01-02T05:00:00+00:00,2019-05-13T04:00:00+00:00,DPP-2017-FEB,East (ITC),GIA,NRIS,100.0,100.0,100.0,100.0,
J756,,,Logan County,IL,Mason City to Fogarty 138kV,AMEREN ILLINOIS,Wind,202.4,202.4,202.4,2016-11-14T05:00:00+00:00,Done,2020-04-23T04:00:00+00:00,,,,Wind Turbine,In Service,2019-03-26T04:00:00+00:00,2019-08-15T04:00:00+00:00,2018-11-13T05:00:00+00:00,DPP-2017-FEB,Central,GIA,NRIS,202.4,202.4,202.4,202.4,
J1436,,,Morehouse Parish,LA,Oak Ridge 115 kV Substation,"ENTERGY LOUISIANA, LLC",Solar,50.0,50.0,50.0,2019-04-29T04:00:00+00:00,Done,2023-07-01T04:00:00+00:00,,,,Photovoltaic,In Service,2021-11-29T05:00:00+00:00,2022-11-15T05:00:00+00:00,2021-11-30T05:00:00+00:00,DPP-2019,South,GIA,ERIS,50.0,0.0,50.0,0.0,
J1431,,,St. James Parish,LA,Vacherie 230kV Substation,"ENTERGY LOUISIANA, LLC",Solar,200.0,200.0,200.0,2019-04-29T04:00:00+00:00,Done,2024-05-01T04:00:00+00:00,,,,Photovoltaic,Not Started,2022-04-07T04:00:00+00:00,2021-06-01T04:00:00+00:00,2022-04-09T04:00:00+00:00,DPP-2019,South,GIA,NRIS,90.0,90.0,90.0,90.0,
J836,,,Kossuth County,IA,Ledyard 345kV Substation,ITC MIDWEST,Wind,200.0,200.0,200.0,2017-06-16T04:00:00+00:00,Done,2022-09-30T04:00:00+00:00,,,,Wind Turbine,In Service,2021-05-19T04:00:00+00:00,2021-11-01T04:00:00+00:00,2021-05-19T04:00:00+00:00,DPP-2017-AUG,West,GIA,ERIS,200.0,0.0,200.0,0.0,
J819,,,Lafayette County,WI,Darlington 138kV Substation,American Transmission Co. LLC,Wind,99.9,99.9,99.9,2017-06-16T04:00:00+00:00,Withdrawn,2021-09-01T04:00:00+00:00,2020-05-26T04:00:00+00:00,,,Wind Turbine,Withdrawn,2020-05-20T04:00:00+00:00,2020-09-15T04:00:00+00:00,2019-11-14T05:00:00+00:00,DPP-2017-AUG,East (ATC),GIA,NRIS,99.9,99.9,99.9,99.9,
J1420,,,Rock Island County,IL,Sub #107 69 kV Substation,MIDAMERICAN ENERGY COMPANY,Solar,48.0,48.0,48.0,2019-04-29T04:00:00+00:00,Withdrawn,,2020-03-05T05:00:00+00:00,,,Photovoltaic,Not Started,,2022-09-15T04:00:00+00:00,,DPP-2019,Central,GIA,NRIS,0.0,0.0,0.0,0.0,
J1439,,,Tunica County,MS,Lula - Tunica 115 kV Line,"ENTERGY MISSISSIPPI, LLC EMMP",Battery Storage,40.0,40.0,40.0,2019-04-29T04:00:00+00:00,Withdrawn,,2020-08-04T04:00:00+00:00,,,Battery Storage,Not Started,,2022-10-30T04:00:00+00:00,,DPP-2019,South,GIA,NRIS,0.0,0.0,0.0,0.0,
J1440,,,Tunica County,MS,Lula - Tunica 115 kV Line,"ENTERGY MISSISSIPPI, LLC EMMP",Solar,160.0,160.0,160.0,2019-04-29T04:00:00+00:00,Done,2024-12-15T05:00:00+00:00,,,,Photovoltaic,Under Construction,2022-01-25T05:00:00+00:00,2023-10-30T04:00:00+00:00,2022-01-26T05:00:00+00:00,DPP-2019,South,GIA,NRIS,150.0,150.0,150.0,150.0,
J1445,,,Benton County,MN,Mayhew Lake 115kV Substation,NORTHERN STATES POWER COMPANY,Solar,100.0,100.0,100.0,2019-04-29T04:00:00+00:00,Done,2025-10-01T04:00:00+00:00,,,,Photovoltaic,Under Construction,,2022-08-01T04:00:00+00:00,2022-10-04T04:00:00+00:00,DPP-2019,West,GIA,NRIS,100.0,100.0,100.0,100.0,
J1476,,,Union County,IA,Creston East 69 kV Substation (J1132),ITC MIDWEST,Battery Storage,25.0,25.0,25.0,2019-04-29T04:00:00+00:00,Withdrawn,,2021-03-24T04:00:00+00:00,,,Battery Storage,Not Started,,2023-10-01T04:00:00+00:00,,DPP-2019,West,GIA,NRIS,0.0,0.0,0.0,0.0,
J1480,,,Black Hawk County,IA,Shawlis - Electric Farms 161kV Line,MIDAMERICAN ENERGY COMPANY,Wind,70.0,70.0,70.0,2019-04-29T04:00:00+00:00,Withdrawn,,2020-04-14T04:00:00+00:00,,,Wind Turbine,Not Started,,2020-08-04T04:00:00+00:00,,DPP-2019,West,GIA,NRIS,0.0,0.0,0.0,0.0,
J1442,,,Polk County,TX,Rich (SHECO) - Livingston 138 kV Line Tap,"ENTERGY TEXAS, INC.",Solar,165.0,165.0,165.0,2019-04-29T04:00:00+00:00,Done,2025-05-01T04:00:00+00:00,,,,Photovoltaic,Under Construction,2022-08-04T04:00:00+00:00,2023-10-30T04:00:00+00:00,2022-08-04T04:00:00+00:00,DPP-2019,South,GIA,ERIS,105.0,105.0,105.0,0.0,
J1488,,,Randolph County,MO,McCredie - Montgomery 345 kV Line Tap,AMEREN MISSOURI,,500.0,500.0,500.0,2019-04-29T04:00:00+00:00,Done,,,,,,Not Started,,2024-03-31T04:00:00+00:00,,DPP-2019,Central,GIA,NRIS,500.0,500.0,500.0,500.0,
J310,,,"Dodge County,Steele County",MN,West Owatonna-AL Corn Dist-Byron 161kV Line,SOUTHERN MINNESOTA MUNICIPAL POWER AGENCY,Wind,200.0,200.0,200.0,2017-06-16T04:00:00+00:00,Withdrawn,,2019-02-11T05:00:00+00:00,,,Wind Turbine,Not Started,,2017-09-01T04:00:00+00:00,,DPP-2017-AUG,West,GIA,NRIS,0.0,0.0,0.0,0.0,
J662,,,Crittenden County,AR,Marked Tree - Marion 161kV Line,Entergy,Wind,100.05,100.05,100.05,2016-07-11T04:00:00+00:00,Withdrawn,2020-07-31T04:00:00+00:00,2019-01-03T05:00:00+00:00,,,Wind Turbine,Withdrawn,2018-10-09T04:00:00+00:00,2018-10-15T04:00:00+00:00,2018-05-15T04:00:00+00:00,DPP-2017-FEB,South,GIA,NRIS,100.05,100.05,100.05,100.05,
J635,,,Concordia Parish,LA,Tap - Entergy 115kV T-line Natchez/South Plantation (ID:668) 1mile from Plantation Sub,Entergy,Solar,35.0,35.0,35.0,2016-05-09T04:00:00+00:00,Withdrawn,,2017-06-15T04:00:00+00:00,,,Photovoltaic,Not Started,,2018-02-28T05:00:00+00:00,,DPP-2017-FEB,South,GIA,NRIS,0.0,0.0,0.0,0.0,
J679,,,Carroll County,MS,Greenwood - Winona 115kV,Entergy,Solar,100.0,100.0,100.0,2016-07-11T04:00:00+00:00,Done,2021-04-15T04:00:00+00:00,,,,Photovoltaic,In Service,2018-10-12T04:00:00+00:00,2018-05-15T04:00:00+00:00,2018-05-15T04:00:00+00:00,DPP-2017-FEB,South,GIA,NRIS,100.0,100.0,100.0,100.0,
J1477,,,Scott County,IA,Sub 56 161 kV Substation (J1131),MIDAMERICAN ENERGY COMPANY,Battery Storage,50.0,50.0,50.0,2019-04-29T04:00:00+00:00,Done,2024-10-01T04:00:00+00:00,,,,Battery Storage,Not Started,2023-01-26T05:00:00+00:00,2021-10-01T04:00:00+00:00,2023-01-26T05:00:00+00:00,DPP-2019,West,GIA,NRIS,50.0,50.0,50.0,50.0,
J1483,,,Iowa County,WI,Hill Valley 345 kV Substation,American Transmission Co. LLC,Wind,99.0,99.0,99.0,2019-04-29T04:00:00+00:00,Done,2026-09-01T04:00:00+00:00,,,,Wind Turbine,Not Started,,2023-10-30T04:00:00+00:00,2022-09-09T04:00:00+00:00,DPP-2019,East (ATC),GIA,ERIS,99.0,0.0,99.0,0.0,
J680,,,Ashley County,AR,Crosset West 115kV Substation,Entergy,Solar,100.0,100.0,100.0,2016-07-11T04:00:00+00:00,Done,2021-04-15T04:00:00+00:00,,,,Photovoltaic,Under Construction,2018-10-09T04:00:00+00:00,2018-04-15T04:00:00+00:00,2018-05-15T04:00:00+00:00,DPP-2017-FEB,South,GIA,NRIS,100.0,100.0,100.0,100.0,
J683,,,West Baton Rouge Parish,LA,Wilbert - Livonia 138kV Substation (~1.5 mi from Wilbert),Entergy,Solar,50.0,50.0,50.0,2016-07-11T04:00:00+00:00,Done,2020-01-31T05:00:00+00:00,,,,Photovoltaic,In Service,2018-09-11T04:00:00+00:00,2018-02-28T05:00:00+00:00,2018-05-14T04:00:00+00:00,DPP-2017-FEB,South,GIA,NRIS,50.0,50.0,50.0,50.0,
J640,,,St. Helena Parish,LA,Amite - Liberty 115kV Line,Entergy,Solar,50.0,50.0,50.0,2017-06-16T04:00:00+00:00,Withdrawn,,2019-01-07T05:00:00+00:00,,,Photovoltaic,Not Started,,2019-04-01T04:00:00+00:00,,DPP-2017-AUG,South,GIA,NRIS,0.0,0.0,0.0,0.0,
J458,,,Clark County,SD,On proposed Big Stone-Ellendale 345 kV line approx. 76 miles west of Big Stone,OTTER TAIL POWER COMPANY,Wind,200.0,200.0,200.0,2015-05-18T04:00:00+00:00,Withdrawn,,2019-04-09T04:00:00+00:00,,,Wind Turbine,Not Started,,2019-09-30T04:00:00+00:00,,DPP-2017-FEB,West,GIA,NRIS,0.0,0.0,0.0,0.0,
J698,,,Chicot County,AR,Lake Village Bagby 115 kV Substation,Entergy,Solar,150.0,150.0,150.0,2017-06-16T04:00:00+00:00,Withdrawn,,2019-01-07T05:00:00+00:00,,,Photovoltaic,Not Started,,2015-11-01T04:00:00+00:00,,DPP-2017-AUG,South,GIA,NRIS,0.0,0.0,0.0,0.0,
J779,,,"Emmons County,Logan County",ND,Bismarck-Linton 115kV,MONTANA-DAKOTA UTILITIES CO.,Wind,51.0,51.0,51.0,2016-11-14T05:00:00+00:00,Withdrawn,,2019-08-09T04:00:00+00:00,,,Wind Turbine,Not Started,,2019-09-01T04:00:00+00:00,,DPP-2017-FEB,West,GIA,NRIS,50.4,50.4,0.0,0.0,
J749,,,Gratiot County,MI,Redstone 138 kV Substation,METC,Battery Storage,20.0,20.0,20.0,2016-11-14T05:00:00+00:00,Withdrawn,,2018-05-01T04:00:00+00:00,,,,Not Started,,2018-09-01T04:00:00+00:00,,DPP-2017-FEB,East (ITC),GIA,NRIS,0.0,0.0,0.0,0.0,
J753,,,Breckinridge County,KY,Hardinsburg Sub 161kV,BIG RIVERS ELECTRIC CORPORATION,Solar,100.0,100.0,100.0,2016-11-14T05:00:00+00:00,Withdrawn,2021-04-01T04:00:00+00:00,2025-10-31T04:00:00+00:00,,,Photovoltaic,Under Construction,2019-03-08T05:00:00+00:00,2021-04-01T04:00:00+00:00,2018-11-13T05:00:00+00:00,DPP-2017-FEB,Central,GIA,NRIS,100.0,100.0,100.0,100.0,
J820,,,Eaton County,MI,Oneida 345kV Substation,METC,Wind,100.05,100.05,100.05,2017-06-16T04:00:00+00:00,Withdrawn,,2017-08-03T04:00:00+00:00,,,Wind Turbine,Not Started,,2020-09-15T04:00:00+00:00,,DPP-2017-AUG,East (ITC),GIA,NRIS,0.0,0.0,0.0,0.0,
J839,,,Lapeer County,MI,Otsego Tap - Otsego 120 kV Line Tap,ITC MIDWEST,Solar,100.0,100.0,100.0,2017-06-16T04:00:00+00:00,Withdrawn,2023-03-31T04:00:00+00:00,2020-05-27T04:00:00+00:00,,,Photovoltaic,Withdrawn,,2020-04-01T04:00:00+00:00,2020-01-06T05:00:00+00:00,DPP-2017-AUG,East (ITC),GIA,NRIS,58.0,58.0,58.0,58.0,
J1485,,,Deuel County,SD,Astoria 345 kV Substation (J493/J510),OTTER TAIL POWER COMPANY OTPW,Wind,250.0,250.0,250.0,2019-04-29T04:00:00+00:00,Done,2027-10-30T04:00:00+00:00,,,,Wind Turbine,Not Started,,2022-10-30T04:00:00+00:00,,DPP-2019,West,GIA,ERIS,250.0,0.0,250.0,0.0,
J636,,,Rapides Parish,LA,Shady Oaks - Coughlin 138kV Line,CLECO POWER LLC,,52.0,52.0,52.0,2016-05-09T04:00:00+00:00,Withdrawn,,2017-06-20T04:00:00+00:00,,,,Not Started,,2016-05-31T04:00:00+00:00,,DPP-2017-FEB,South,GIA,NRIS,0.0,0.0,0.0,0.0,
J818,,,Jefferson County,WI,Jefferson 138kV Substation,American Transmission Co. LLC,Solar,149.0,149.0,149.0,2017-06-16T04:00:00+00:00,Done,2022-04-01T04:00:00+00:00,,,,Photovoltaic,Under Construction,2020-05-06T04:00:00+00:00,2019-09-01T04:00:00+00:00,2019-11-01T04:00:00+00:00,DPP-2017-AUG,East (ATC),GIA,NRIS,149.0,149.0,149.0,149.0,
J838,,,White County,IN,Reynolds 345kV Substation,NORTHERN INDIANA PUBLIC SERVICE COMPANY LLC,Wind,200.1,200.1,200.1,2017-06-16T04:00:00+00:00,Done,2021-08-15T04:00:00+00:00,,,,Wind Turbine,In Service,2019-10-21T04:00:00+00:00,2020-08-01T04:00:00+00:00,2019-07-15T04:00:00+00:00,DPP-2017-AUG,Central,GIA,NRIS,100.0,40.0,100.0,40.0,
J826,,,McLean County,IL,Weedman Substation 138kV Bus,AMEREN ILLINOIS,Wind,100.0,100.0,100.0,2017-06-16T04:00:00+00:00,Done,2021-05-28T04:00:00+00:00,,,,Wind Turbine,In Service,2019-12-17T05:00:00+00:00,2020-09-01T04:00:00+00:00,2019-07-15T04:00:00+00:00,DPP-2017-AUG,Central,GIA,NRIS,100.0,100.0,100.0,100.0,
J821,,,Marathon County,WI,Wein - Stratford 115 kV Line Tap,American Transmission Co. LLC,Wind,99.9,99.9,99.9,2017-06-16T04:00:00+00:00,Withdrawn,2021-08-27T04:00:00+00:00,2020-05-26T04:00:00+00:00,,,Wind Turbine,Withdrawn,2019-10-17T04:00:00+00:00,2020-09-15T04:00:00+00:00,2019-05-10T04:00:00+00:00,DPP-2017-AUG,East (ATC),GIA,NRIS,99.9,99.9,99.9,99.9,
J827,,,"Fountain County,Montgomery County,Tippecanoe County",IN,Lafayette - Veedsburg West - Attica 230kV Line,Duke Energy Corporation,Wind,300.0,300.0,300.0,2017-06-16T04:00:00+00:00,Withdrawn,,2019-01-08T05:00:00+00:00,,,Wind Turbine,Not Started,,2020-09-30T04:00:00+00:00,,DPP-2017-AUG,Central,GIA,NRIS,0.0,0.0,0.0,0.0,
J828,,,Montgomery County,IN,Crawfordsville - Linden Tap 138kV Line,Duke Energy Corporation,Wind,151.8,151.8,151.8,2017-06-16T04:00:00+00:00,Withdrawn,,2018-02-07T05:00:00+00:00,,,Wind Turbine,Not Started,,2020-08-01T04:00:00+00:00,,DPP-2017-AUG,Central,GIA,NRIS,0.0,0.0,0.0,0.0,
J444,,,Wayne County,MI,Waterman/Navarre 230kV,ITC MIDWEST,Gas,235.0,235.0,235.0,2015-05-07T04:00:00+00:00,Withdrawn,,2018-04-12T04:00:00+00:00,,,Combined Cycle,Not Started,,2017-01-31T05:00:00+00:00,,DPP-2017-FEB,East (ITC),GIA,NRIS,0.0,0.0,0.0,0.0,
J646,,,Macomb County,MI,"Carbon - connecting to ITC at Jewel, St-Clair and Spokane substations",ITC MIDWEST,,1.6,1.6,0.0,2016-06-16T04:00:00+00:00,Done,2010-07-01T04:00:00+00:00,,,,,Under Construction,2019-04-26T04:00:00+00:00,2010-07-01T04:00:00+00:00,2018-12-12T05:00:00+00:00,DPP-2017-FEB,East (ITC),GIA,ERIS,1.6,0.0,1.6,0.0,
J478,,,Clinton County,IN,Thorntown - New London - Kokomo 230kV Line,Duke Energy Corporation,Wind,200.0,200.0,200.0,2017-06-16T04:00:00+00:00,Withdrawn,,2019-04-17T04:00:00+00:00,,,Wind Turbine,Not Started,,2018-07-01T04:00:00+00:00,,DPP-2017-AUG,Central,GIA,NRIS,200.0,200.0,0.0,0.0,
J771,,,Stearns County,MN,Lake Koronis-Paynesville 69kV,GREAT RIVER ENERGY,Solar,50.0,50.0,50.0,2016-11-14T05:00:00+00:00,Withdrawn,,2019-04-09T04:00:00+00:00,,,Photovoltaic,Not Started,,2019-07-31T04:00:00+00:00,,DPP-2017-FEB,West,GIA,NRIS,0.0,0.0,0.0,0.0,
J746,,,"McHenry County,McLean County,Ward County",ND,Stanton-McHenry 230kV,GREAT RIVER ENERGY,Wind,200.0,200.0,200.0,2016-11-14T05:00:00+00:00,Withdrawn,,2019-08-09T04:00:00+00:00,,,Wind Turbine,Not Started,,2020-08-01T04:00:00+00:00,,DPP-2017-FEB,West,GIA,NRIS,200.0,200.0,0.0,0.0,
J776,,,Franklin County,IA,Black Hawk-Killdeer 345kV,MIDAMERICAN ENERGY COMPANY,Wind,99.0,99.0,99.0,2016-11-14T05:00:00+00:00,Withdrawn,,2019-04-09T04:00:00+00:00,,,Wind Turbine,Not Started,,2019-11-01T04:00:00+00:00,,DPP-2017-FEB,West,GIA,NRIS,0.0,0.0,0.0,0.0,
J748,,,Plymouth County,IA,Highland - Raun 345kV Line Tap,MIDAMERICAN ENERGY COMPANY,Wind,200.0,200.0,200.0,2016-11-14T05:00:00+00:00,Done,2021-10-01T04:00:00+00:00,,,,Wind Turbine,In Service,2020-03-20T04:00:00+00:00,2020-10-01T04:00:00+00:00,2019-10-14T04:00:00+00:00,DPP-2017-FEB,West,GIA,NRIS,200.0,200.0,200.0,175.0,
J782,,,Stoddard County,MO,Stoddart sub 161kV,Ameren Missouri,Solar,100.0,100.0,100.0,2016-11-14T05:00:00+00:00,Withdrawn,,2018-05-31T04:00:00+00:00,,,Photovoltaic,Not Started,,2021-04-01T04:00:00+00:00,,DPP-2017-FEB,Central,GIA,NRIS,0.0,0.0,0.0,0.0,
J807,,,Lafayette County,WI,Darlington - Hillman 138kV Line (Falcon Substation J395),American Transmission Co. LLC,Wind,41.4,41.4,41.4,2017-06-16T04:00:00+00:00,Withdrawn,2021-08-27T04:00:00+00:00,2020-05-26T04:00:00+00:00,,,Wind Turbine,Withdrawn,2019-10-17T04:00:00+00:00,2020-09-15T04:00:00+00:00,2019-05-10T04:00:00+00:00,DPP-2017-AUG,East (ATC),GIA,NRIS,41.4,41.4,41.4,41.4,
J841,,,Saginaw County,MI,Orr RD 138 kV Substation,METC,Combined Cycle,725.0,702.0,725.0,2017-06-16T04:00:00+00:00,Withdrawn,,2020-01-24T05:00:00+00:00,,,Combined Cycle,Not Started,,2020-04-01T04:00:00+00:00,2020-01-06T05:00:00+00:00,DPP-2017-AUG,East (ITC),GIA,NRIS,725.0,725.0,725.0,702.0,
J783,,,Spencer County,IN,Grandview Sub,"Southern Indiana Gas & Electric Company d/b/a Vectren Energy Delivery of Indiana, Inc.",Solar,70.0,70.0,70.0,2016-11-14T05:00:00+00:00,Done,2021-04-01T04:00:00+00:00,,,,Photovoltaic,Under Construction,2019-07-24T04:00:00+00:00,2021-04-01T04:00:00+00:00,2019-04-18T04:00:00+00:00,DPP-2017-FEB,Central,GIA,NRIS,70.0,69.9,70.0,69.9,
J785,,,"Jackson County,Martin County",MN,Lakefield Junction - Huntley 345 kV line (Tap),ITC MIDWEST,Wind,105.0,105.0,105.0,2017-06-16T04:00:00+00:00,Withdrawn,,2021-01-29T05:00:00+00:00,,,Wind Turbine,Not Started,,2021-09-15T04:00:00+00:00,,DPP-2017-AUG,West,GIA,NRIS,105.0,105.0,0.0,0.0,
J793,,,St. Clair County,MI,Belle River - Fitz #2 345 kV Line Tap,ITC MIDWEST,Combined Cycle,1175.0,1175.0,1175.0,2017-06-16T04:00:00+00:00,Done,2021-05-14T04:00:00+00:00,,,,Combined Cycle,In Service,2020-10-26T04:00:00+00:00,2021-05-14T04:00:00+00:00,2019-05-06T04:00:00+00:00,DPP-2017-AUG,East (ITC),GIA,NRIS,1209.0,1209.0,1209.0,1175.0,
J794,,,Gratiot County,MI,J589 138kV Substation (Regal - Summerton 138kV Line),METC,Wind,12.5,12.5,12.5,2017-06-16T04:00:00+00:00,Done,2018-10-26T04:00:00+00:00,,,,Wind Turbine,In Service,2020-06-18T04:00:00+00:00,2018-09-10T04:00:00+00:00,2018-02-06T05:00:00+00:00,DPP-2017-AUG,East (ITC),GIA,NRIS,12.5,12.5,12.5,12.5,
J757,,,"Morgan County,Sangamon County",IL,Austin-Meredosia 345kV line,AMEREN TRANSMISSION COMPANY OF ILLINOIS,Wind,303.6,303.6,303.6,2016-11-14T05:00:00+00:00,Done,2021-10-31T04:00:00+00:00,,,,Wind Turbine,In Service,2019-05-31T04:00:00+00:00,2020-08-14T04:00:00+00:00,2019-01-07T05:00:00+00:00,DPP-2017-FEB,Central,GIA,NRIS,303.6,303.6,303.6,303.6,
J805,,,Shelby County,IN,Gwynneville 345kV Substation,Duke Energy Corporation,Solar,199.0,199.0,199.0,2017-06-16T04:00:00+00:00,Done,2022-05-01T04:00:00+00:00,,,,Photovoltaic,Under Construction,2020-05-08T04:00:00+00:00,2019-09-01T04:00:00+00:00,2019-11-11T05:00:00+00:00,DPP-2017-AUG,Central,GIA,NRIS,199.0,199.0,199.0,199.0,
J831,,,Ozaukee County,WI,Port Washington Generating Switchyard 138 kV,American Transmission Co. LLC,Combined Cycle,48.0,40.0,48.0,2017-06-16T04:00:00+00:00,Done,2019-10-28T04:00:00+00:00,,,,Combined Cycle,In Service,2019-11-12T05:00:00+00:00,2017-06-16T04:00:00+00:00,2019-08-01T04:00:00+00:00,DPP-2017-AUG,East (ATC),GIA,NRIS,48.0,48.0,48.0,48.0,
J810,,,Audubon County,IA,Atlantic to Adair 161 kV line,MIDAMERICAN ENERGY COMPANY,Gas,145.5,139.6,145.5,2017-06-16T04:00:00+00:00,Withdrawn,,2018-08-31T04:00:00+00:00,,,Combustion Turbine (Simple Cycle),Not Started,,2023-04-01T04:00:00+00:00,,DPP-2017-AUG,West,GIA,NRIS,0.0,0.0,0.0,0.0,
J844,,,Knox County,IL,Sandburg Substation 138kV Bus,AMEREN TRANSMISSION COMPANY OF ILLINOIS,Wind,300.0,300.0,300.0,2017-06-16T04:00:00+00:00,Done,2021-05-28T04:00:00+00:00,,,,Wind Turbine,Under Construction,2019-12-10T05:00:00+00:00,2020-09-01T04:00:00+00:00,2019-07-15T04:00:00+00:00,DPP-2017-AUG,Central,GIA,ERIS,147.0,0.0,147.0,0.0,
J815,,,Christian County,IL,Taylorville South-Austin (formerly Pawnee)138kV Line,AMEREN ILLINOIS,Solar,250.0,250.0,250.0,2017-06-16T04:00:00+00:00,Withdrawn,2022-10-28T04:00:00+00:00,2026-03-02T05:00:00+00:00,,,Photovoltaic,Under Construction,2020-04-16T04:00:00+00:00,2020-09-30T04:00:00+00:00,2019-11-04T05:00:00+00:00,DPP-2017-AUG,Central,GIA,NRIS,250.0,250.0,250.0,250.0,
J835,,,Morgan County,IL,Meredosia - Austin 345kV Line,AMEREN ILLINOIS,Wind,200.0,200.0,200.0,2017-06-16T04:00:00+00:00,Withdrawn,,2019-04-17T04:00:00+00:00,,,Wind Turbine,Not Started,,2020-07-01T04:00:00+00:00,,DPP-2017-AUG,Central,GIA,NRIS,200.0,200.0,0.0,0.0,
J866,,,Tunica County,MS,Batesville - Robert E. Ritchie 230 kV line,Entergy,Wind,200.0,200.0,200.0,2017-06-16T04:00:00+00:00,Done,2021-07-01T04:00:00+00:00,,,,Wind Turbine,Under Construction,2020-04-06T04:00:00+00:00,2020-03-30T04:00:00+00:00,2019-10-03T04:00:00+00:00,DPP-2017-AUG,South,GIA,NRIS,200.0,200.0,200.0,200.0,
J847,,,Jasper County,IN,Schahfer Tap 138kV Substation,NORTHERN INDIANA PUBLIC SERVICE COMPANY LLC,Solar,90.0,90.0,90.0,2017-06-16T04:00:00+00:00,Done,2021-04-01T04:00:00+00:00,,,,Photovoltaic,Under Construction,2019-09-17T04:00:00+00:00,2020-04-01T04:00:00+00:00,2019-07-19T04:00:00+00:00,DPP-2017-AUG,Central,GIA,NRIS,90.0,90.0,90.0,90.0,
J879,,,Baraga County,MI,North Lake 138 kV Substation,American Transmission Co. LLC,Wind,70.0,70.0,70.0,2017-06-16T04:00:00+00:00,Withdrawn,,2018-05-11T04:00:00+00:00,,,Wind Turbine,Not Started,,2020-09-23T04:00:00+00:00,,DPP-2017-AUG,East (ITC),GIA,NRIS,0.0,0.0,0.0,0.0,
J840,,,Humboldt County,IA,Kossuth - Webster 345 kV Line,MIDAMERICAN ENERGY COMPANY,Wind,150.0,150.0,150.0,2017-06-16T04:00:00+00:00,Withdrawn,,2021-01-29T05:00:00+00:00,,,Wind Turbine,Not Started,,2021-07-01T04:00:00+00:00,,DPP-2017-AUG,West,GIA,NRIS,150.0,150.0,0.0,0.0,
J822,,,Lonoke County,AR,Lynch SES Switchyard - Carlisle 115kV Line,Entergy,Solar,100.0,100.0,100.0,2017-06-16T04:00:00+00:00,Withdrawn,,2019-01-08T05:00:00+00:00,,,Photovoltaic,Not Started,,2019-01-30T05:00:00+00:00,,DPP-2017-AUG,South,GIA,NRIS,0.0,0.0,0.0,0.0,
J829,,,Sullivan County,IN,Dresser - Merom 345kV Line,Duke Energy Corporation,Solar,250.0,250.0,250.0,2017-06-16T04:00:00+00:00,Done,2022-09-01T04:00:00+00:00,,,,Photovoltaic,Under Construction,2020-05-26T04:00:00+00:00,2020-09-30T04:00:00+00:00,2019-11-21T05:00:00+00:00,DPP-2017-AUG,Central,GIA,NRIS,250.0,250.0,250.0,250.0,
J824,,,"Sullivan County,Vigo County",IN,Vigo-Farmersburg Junction 138kV Line,Duke Energy Corporation,Solar,245.0,245.0,245.0,2017-06-16T04:00:00+00:00,Withdrawn,,2019-04-17T04:00:00+00:00,,,Photovoltaic,Not Started,,2020-09-30T04:00:00+00:00,,DPP-2017-AUG,Central,GIA,NRIS,150.0,150.0,0.0,0.0,
J809,,,Ottawa County,MI,Bass Creek - Black River 138 kV Line Tap,METC,Solar,99.0,99.0,99.0,2017-06-16T04:00:00+00:00,Withdrawn,,2019-01-09T05:00:00+00:00,,,Photovoltaic,Not Started,,2019-09-01T04:00:00+00:00,,DPP-2017-AUG,East (ITC),GIA,NRIS,0.0,0.0,0.0,0.0,
J843,,,Gibson County,IN,Gibson - Francisco 345kV Line,Duke Energy Corporation,Wind,200.0,200.0,200.0,2017-06-16T04:00:00+00:00,Withdrawn,2021-09-01T04:00:00+00:00,2020-02-10T05:00:00+00:00,,,Wind Turbine,Not Started,,2020-07-01T04:00:00+00:00,2019-11-21T05:00:00+00:00,DPP-2017-AUG,Central,GIA,NRIS,200.0,200.0,200.0,200.0,
J812,,,Van Buren County,MI,Covert - Palisades 345kV Line,METC,Combined Cycle,1217.0,1108.0,1217.0,2017-06-16T04:00:00+00:00,Withdrawn,,2017-10-26T04:00:00+00:00,,,Combined Cycle,Not Started,,2017-06-16T04:00:00+00:00,,DPP-2017-AUG,East (ITC),GIA,NRIS,0.0,0.0,0.0,0.0,
J877,,,Palo Alto County,IA,Obrien - Kossuth 345kV Line (J529 & J590 New Substation),MIDAMERICAN ENERGY COMPANY,Solar,250.0,250.0,250.0,2017-06-16T04:00:00+00:00,Done,2023-07-01T04:00:00+00:00,,,,Photovoltaic,Under Construction,2021-05-19T04:00:00+00:00,2021-09-30T04:00:00+00:00,2021-05-19T04:00:00+00:00,DPP-2017-AUG,West,GIA,NRIS,250.0,250.0,250.0,250.0,
J806,,,Calhoun County,MI,Rice Creek - Vrooman 138kV Line Tap,METC,Solar,149.0,149.0,149.0,2017-06-16T04:00:00+00:00,Done,2021-06-01T04:00:00+00:00,,,,Photovoltaic,In Service,2020-05-11T04:00:00+00:00,2019-09-01T04:00:00+00:00,2020-01-06T05:00:00+00:00,DPP-2017-AUG,East (ITC),GIA,NRIS,149.0,149.0,149.0,149.0,
J808,,,Randolph County,IL,Aster Substation 138kV Bus,AMEREN ILLINOIS,Solar,99.0,99.0,99.0,2017-06-16T04:00:00+00:00,Done,2020-07-01T04:00:00+00:00,,,,Photovoltaic,In Service,2020-05-06T04:00:00+00:00,2019-09-01T04:00:00+00:00,2019-01-17T05:00:00+00:00,DPP-2017-AUG,Central,GIA,NRIS,99.0,99.0,99.0,99.0,
J880,,,Ward County,ND,Magic City 230kV sub,NORTHERN STATES POWER COMPANY,Wind,150.0,150.0,150.0,2017-06-16T04:00:00+00:00,Withdrawn,,2019-10-24T04:00:00+00:00,,,Wind Turbine,Not Started,,2020-09-15T04:00:00+00:00,,DPP-2017-AUG,West,GIA,NRIS,0.0,0.0,0.0,0.0,
J868,,,Concordia Parish,LA,Plantation 115 kV Substation,Entergy,,37.2,37.2,37.2,2017-06-16T04:00:00+00:00,Done,1990-12-03T05:00:00+00:00,,,,,Under Construction,2020-03-05T05:00:00+00:00,,2019-09-12T04:00:00+00:00,DPP-2017-AUG,South,GIA,NRIS,0.0,25.33,0.0,23.5,
J823,,,Clark County,MO,Twin Rivers - Twin Rivers Tap - Palmyra 161kV Line,ITC MIDWEST,Solar,50.0,50.0,50.0,2017-06-16T04:00:00+00:00,Withdrawn,,2019-02-06T05:00:00+00:00,,,Photovoltaic,Not Started,,2020-09-15T04:00:00+00:00,,DPP-2017-AUG,West,GIA,NRIS,0.0,0.0,0.0,0.0,
J842,,,Gibson County,IN,Gibson - Brown 345kV Line,"Southern Indiana Gas & Electric Company d/b/a Vectren Energy Delivery of Indiana, Inc.",Wind,200.0,200.0,200.0,2017-06-16T04:00:00+00:00,Withdrawn,2022-09-14T04:00:00+00:00,2020-02-10T05:00:00+00:00,,,Wind Turbine,Not Started,,2020-07-01T04:00:00+00:00,2019-11-21T05:00:00+00:00,DPP-2017-AUG,Central,GIA,NRIS,200.0,200.0,200.0,200.0,
J867,,,Polk County,TX,Gulf Livingston - SHECO Menard,Entergy,Solar,200.0,200.0,200.0,2017-06-16T04:00:00+00:00,Withdrawn,,2019-01-07T05:00:00+00:00,,,Photovoltaic,Not Started,,2019-09-29T04:00:00+00:00,,DPP-2017-AUG,South,GIA,NRIS,0.0,0.0,0.0,0.0,
J882,,,Montgomery County,IL,Coffeen North 138kV Substation,AMEREN ILLINOIS,Solar,15.0,15.0,15.0,2017-06-16T04:00:00+00:00,Withdrawn,,2017-08-08T04:00:00+00:00,,,Photovoltaic,Not Started,,2019-04-01T04:00:00+00:00,,DPP-2017-AUG,Central,GIA,ERIS,0.0,0.0,0.0,0.0,
J825,,,Green County,WI,North Monroe - Albany 138kV Line,American Transmission Co. LLC,Wind,99.9,99.9,99.9,2017-06-16T04:00:00+00:00,Withdrawn,,2019-01-08T05:00:00+00:00,,,Wind Turbine,Not Started,,2020-09-15T04:00:00+00:00,,DPP-2017-AUG,East (ATC),GIA,NRIS,0.0,0.0,0.0,0.0,
J832,,,Cheboygan County,MI,Port Calcite - Riggsville 138kV Line,METC,Solar,100.0,100.0,100.0,2017-06-16T04:00:00+00:00,Withdrawn,2022-12-31T05:00:00+00:00,2021-06-02T04:00:00+00:00,,,Photovoltaic,Withdrawn,2020-06-12T04:00:00+00:00,2020-04-01T04:00:00+00:00,2020-01-06T05:00:00+00:00,DPP-2017-AUG,East (ITC),GIA,NRIS,91.0,91.0,91.0,91.0,
J883,,,Pulaski County,IN,Monticello-East Winamac,NORTHERN INDIANA PUBLIC SERVICE COMPANY LLC,Wind,80.0,80.0,80.0,2017-06-16T04:00:00+00:00,Withdrawn,2022-05-01T04:00:00+00:00,2020-12-04T05:00:00+00:00,,,Wind Turbine,Withdrawn,2019-12-04T05:00:00+00:00,2020-10-01T04:00:00+00:00,2019-07-15T04:00:00+00:00,DPP-2017-AUG,Central,GIA,NRIS,80.0,80.0,80.0,80.0,
J851,,,Henry County,IN,Fall Creek - New Castle 138kV Line,Duke Energy Corporation,Wind,50.0,50.0,50.0,2017-06-16T04:00:00+00:00,Withdrawn,,2019-01-08T05:00:00+00:00,,,Wind Turbine,Not Started,,2019-10-01T04:00:00+00:00,,DPP-2017-AUG,Central,GIA,NRIS,0.0,0.0,0.0,0.0,
J873,,,Hardin County,IA,Killdeer- Blackhawk 345kV Line,ITC MIDWEST,Wind,200.0,200.0,200.0,2017-06-16T04:00:00+00:00,Withdrawn,,2021-01-29T05:00:00+00:00,,,Wind Turbine,Not Started,,2021-07-01T04:00:00+00:00,,DPP-2017-AUG,West,GIA,NRIS,200.0,200.0,0.0,0.0,
J855,,,"Grant County,Iowa County",WI,Lancaster - Eden 138 kV Line Tap,American Transmission Co. LLC,Wind,100.0,100.0,100.0,2017-06-16T04:00:00+00:00,Done,2020-11-06T05:00:00+00:00,,,,Wind Turbine,Under Construction,2019-11-14T05:00:00+00:00,2019-08-01T04:00:00+00:00,2019-08-26T04:00:00+00:00,DPP-2017-AUG,East (ATC),GIA,NRIS,100.0,100.0,99.99,99.99,
J833,,,Washtenaw County,MI,Milan-Pioneer 120kV line tap,ITC MIDWEST,Solar,100.0,100.0,100.0,2017-06-16T04:00:00+00:00,Withdrawn,2022-04-29T04:00:00+00:00,2021-10-22T04:00:00+00:00,,,Photovoltaic,Withdrawn,2020-06-17T04:00:00+00:00,2020-04-01T04:00:00+00:00,2020-01-06T05:00:00+00:00,DPP-2017-AUG,East (ITC),GIA,NRIS,50.0,50.0,50.0,50.0,
J845,,,Ford County,IL,Gibson City South - Paxton East 138kV Line,AMEREN ILLINOIS,Wind,120.0,120.0,120.0,2017-06-16T04:00:00+00:00,Done,2021-06-01T04:00:00+00:00,,,,Wind Turbine,In Service,2019-12-06T05:00:00+00:00,2020-09-01T04:00:00+00:00,2019-07-22T04:00:00+00:00,DPP-2017-AUG,Central,GIA,NRIS,120.0,52.0,120.0,52.0,
J814,,,Clark County,WI,Eau Claire - Arpin 345kV Line,NORTHERN STATES POWER COMPANY,Wind,99.9,99.9,99.9,2017-06-16T04:00:00+00:00,Withdrawn,,2019-02-04T05:00:00+00:00,,,Wind Turbine,Not Started,,2020-09-15T04:00:00+00:00,,DPP-2017-AUG,West,GIA,NRIS,0.0,0.0,0.0,0.0,
J846,,,Hillsdale County,MI,Moore Roadtyd - Coldwater Creek 138 kV Line Tap,METC,Solar,140.0,140.0,140.0,2017-06-16T04:00:00+00:00,Withdrawn,,2019-01-09T05:00:00+00:00,,,Photovoltaic,Not Started,,2020-04-01T04:00:00+00:00,,DPP-2017-AUG,East (ITC),GIA,NRIS,0.0,0.0,0.0,0.0,
J906,,,Muskegon County,MI,Kenowa - Ludington 345 kV Line Tap,METC,Wind,100.0,100.0,100.0,2017-06-16T04:00:00+00:00,Withdrawn,,2020-02-07T05:00:00+00:00,,,Wind Turbine,Withdrawn,,2020-07-01T04:00:00+00:00,2020-01-06T05:00:00+00:00,DPP-2017-AUG,East (ITC),GIA,NRIS,100.0,100.0,100.0,100.0,
J898,,,Howard County,IA,Rice - Beaver Creek 161kV line tap,DAIRYLAND POWER COOPERATIVE,Wind,100.0,100.0,100.0,2017-06-16T04:00:00+00:00,Done,2023-11-30T05:00:00+00:00,,,,Wind Turbine,Under Construction,2021-09-26T04:00:00+00:00,2021-10-01T04:00:00+00:00,2021-09-27T04:00:00+00:00,DPP-2017-AUG,West,GIA,ERIS,100.0,100.0,100.0,0.0,
J878,,,Kenosha County,WI,Paris 138kV Substation,American Transmission Co. LLC,Solar,200.0,200.0,200.0,2017-06-16T04:00:00+00:00,Done,2022-09-01T04:00:00+00:00,,,,Photovoltaic,Under Construction,2020-04-28T04:00:00+00:00,2021-09-10T04:00:00+00:00,2019-11-08T05:00:00+00:00,DPP-2017-AUG,East (ATC),GIA,NRIS,200.0,200.0,200.0,200.0,
J849,,,Delta County,MI,Chandler 138 kV Substation,American Transmission Co. LLC,Solar,125.0,125.0,125.0,2017-06-16T04:00:00+00:00,Withdrawn,2022-04-01T04:00:00+00:00,2022-04-19T04:00:00+00:00,,,Photovoltaic,Withdrawn,2019-06-26T04:00:00+00:00,2020-04-01T04:00:00+00:00,2019-01-24T05:00:00+00:00,DPP-2017-AUG,East (ITC),GIA,NRIS,125.0,125.0,125.0,125.0,
J869,,,Sherburne County,MN,Cable - Cable Tap 69kV Substation,GREAT RIVER ENERGY,Solar,49.98,49.98,49.98,2017-06-16T04:00:00+00:00,Withdrawn,,2019-10-24T04:00:00+00:00,,,Photovoltaic,Not Started,,2022-09-01T04:00:00+00:00,,DPP-2017-AUG,West,GIA,NRIS,0.0,0.0,0.0,0.0,
J884,,,McLean County,IL,Brokaw - Gibson City South 138 kV Line,AMEREN ILLINOIS,Solar,100.0,100.0,100.0,2017-06-16T04:00:00+00:00,Withdrawn,2021-05-28T04:00:00+00:00,2019-12-18T05:00:00+00:00,,,Photovoltaic,Not Started,,2020-09-15T04:00:00+00:00,2019-07-15T04:00:00+00:00,DPP-2017-AUG,Central,GIA,NRIS,100.0,100.0,100.0,100.0,
J870,,,"Grant County,Iowa County",WI,Eden - Wyoming Valley 138kV Line Tap,American Transmission Co. LLC,Solar,200.0,200.0,200.0,2017-06-16T04:00:00+00:00,Done,2020-08-01T04:00:00+00:00,,,,Photovoltaic,In Service,2020-02-21T05:00:00+00:00,2021-09-10T04:00:00+00:00,2019-11-14T05:00:00+00:00,DPP-2017-AUG,East (ATC),GIA,NRIS,200.0,200.0,200.0,200.0,
J871,,,"Grant County,Iowa County",WI,Eden - Wyoming Valley 138kV Line Tap,American Transmission Co. LLC,Solar,100.0,100.0,100.0,2017-06-16T04:00:00+00:00,Done,2021-08-01T04:00:00+00:00,,,,Photovoltaic,Under Construction,2020-02-21T05:00:00+00:00,2021-09-10T04:00:00+00:00,2019-11-14T05:00:00+00:00,DPP-2017-AUG,East (ATC),GIA,NRIS,100.0,100.0,100.0,100.0,
J885,,,Worth County,IA,J407 Glenworth 161kV Substation,ITC MIDWEST,Wind,64.0,64.0,64.0,2017-06-16T04:00:00+00:00,Withdrawn,,2021-01-29T05:00:00+00:00,,,Wind Turbine,Not Started,,2020-09-30T04:00:00+00:00,,DPP-2017-AUG,West,GIA,NRIS,64.0,64.0,0.0,0.0,
J937,,,Calhoun County,MI,Argenta - Tompkins 345kV Line Tap,METC,Combined Cycle,535.0,507.0,535.0,2017-06-16T04:00:00+00:00,Withdrawn,2022-12-29T05:00:00+00:00,2020-10-21T04:00:00+00:00,,,Combined Cycle,Withdrawn,2020-06-11T04:00:00+00:00,2020-05-01T04:00:00+00:00,2020-01-06T05:00:00+00:00,DPP-2017-AUG,East (ITC),GIA,NRIS,535.0,535.0,535.0,507.0,
J896,,,Crawford County,IA,Victory 161 kV Substation,MIDAMERICAN ENERGY COMPANY,Wind,150.0,150.0,150.0,2017-06-16T04:00:00+00:00,Withdrawn,,2018-06-18T04:00:00+00:00,,,Wind Turbine,Not Started,,2019-10-15T04:00:00+00:00,,DPP-2017-AUG,West,GIA,NRIS,0.0,0.0,0.0,0.0,
J928,,,"Delta County,Schoolcraft County",MI,Garden Corners 138 kV Substation,American Transmission Co. LLC,Wind,79.99,79.99,79.99,2017-06-16T04:00:00+00:00,Done,2019-10-01T04:00:00+00:00,,,,Wind Turbine,In Service,2019-04-19T04:00:00+00:00,2019-08-15T04:00:00+00:00,2019-01-23T05:00:00+00:00,DPP-2017-AUG,East (ITC),GIA,NRIS,79.99,79.99,79.99,79.99,
J907,,,Monroe County,AR,Brinkley East - Aubrey 230 kV Line,Entergy,Solar,200.0,200.0,200.0,2017-06-16T04:00:00+00:00,Done,2022-06-01T04:00:00+00:00,,,,Photovoltaic,In Service,2020-03-24T04:00:00+00:00,2022-09-01T04:00:00+00:00,2019-10-03T04:00:00+00:00,DPP-2017-AUG,South,GIA,NRIS,100.0,100.0,100.0,100.0,
J919,,,Jackson County,AR,Cash - Newport AB 161 kV Line Tap,Entergy,Solar,180.0,180.0,180.0,2017-06-16T04:00:00+00:00,Done,2022-02-02T05:00:00+00:00,,,,Photovoltaic,Under Construction,2019-11-21T05:00:00+00:00,2021-08-01T04:00:00+00:00,2019-06-03T04:00:00+00:00,DPP-2017-AUG,South,GIA,NRIS,180.0,180.0,180.0,180.0,
J872,,,Macon County,IL,Blue Mount tap on the Pana-Route 51D-1462 138kV line,AMEREN ILLINOIS,Wind,200.0,200.0,200.0,2017-06-16T04:00:00+00:00,Withdrawn,,2019-01-08T05:00:00+00:00,,,Wind Turbine,Not Started,,2020-09-01T04:00:00+00:00,,DPP-2017-AUG,Central,GIA,NRIS,0.0,0.0,0.0,0.0,
J875,,,Lenawee County,MI,Par - Raisin Road 138kV Line,METC,Solar,150.0,150.0,150.0,2017-06-16T04:00:00+00:00,Done,2022-11-18T05:00:00+00:00,,,,Photovoltaic,Under Construction,2020-08-06T04:00:00+00:00,2020-09-10T04:00:00+00:00,2020-01-06T05:00:00+00:00,DPP-2017-AUG,East (ITC),GIA,NRIS,150.0,150.0,150.0,150.0,
J938,,,Palo Alto County,IA,Emmestburg - Freedom 69kV Line,MIDAMERICAN ENERGY COMPANY,Wind,50.0,50.0,50.0,2017-06-16T04:00:00+00:00,Withdrawn,,2017-10-09T04:00:00+00:00,,,Wind Turbine,Not Started,,2019-09-15T04:00:00+00:00,,DPP-2017-AUG,West,GIA,NRIS,0.0,0.0,0.0,0.0,
J939,,,Wright County,IA,Clarion-Eagle Grove 69kV line,MIDAMERICAN ENERGY COMPANY,Wind,38.0,38.0,38.0,2017-06-16T04:00:00+00:00,Withdrawn,,2018-10-12T04:00:00+00:00,,,Wind Turbine,Not Started,,2019-09-15T04:00:00+00:00,,DPP-2017-AUG,West,GIA,NRIS,0.0,0.0,0.0,0.0,
J899,,,Carroll County,AR,Green Forest South - Harrison West 161kV,Entergy,Wind,180.0,180.0,180.0,2017-06-16T04:00:00+00:00,Withdrawn,,2019-03-25T04:00:00+00:00,,,Wind Turbine,Not Started,,2019-10-15T04:00:00+00:00,,DPP-2017-AUG,South,GIA,NRIS,180.0,180.0,0.0,0.0,
J931,,,Ottawa County,MI,Kenowa 345kV Substation,METC,Wind,150.0,150.0,150.0,2017-06-16T04:00:00+00:00,Withdrawn,,2019-04-23T04:00:00+00:00,,,Wind Turbine,Not Started,,2021-09-15T04:00:00+00:00,,DPP-2017-AUG,East (ITC),GIA,NRIS,150.0,150.0,0.0,0.0,
J909,,,Tangipahoa Parish,LA,Amite 115 kV Substation,Entergy,Solar,100.0,100.0,100.0,2017-06-16T04:00:00+00:00,Done,2022-02-15T05:00:00+00:00,,,,Photovoltaic,Under Construction,2019-11-22T05:00:00+00:00,2021-09-01T04:00:00+00:00,2019-06-06T04:00:00+00:00,DPP-2017-AUG,South,GIA,NRIS,100.0,100.0,100.0,100.0,
J921,,,Ionia County,MI,Thompson Road 138 kV Substation,METC,Wind,146.7,146.7,146.7,2017-06-16T04:00:00+00:00,Withdrawn,,2019-04-23T04:00:00+00:00,,,Wind Turbine,Not Started,,2019-07-01T04:00:00+00:00,,DPP-2017-AUG,East (ITC),GIA,NRIS,146.7,146.7,0.0,0.0,
J830,,,Madison County,MS,Canton South to Hoy Road 230 kV Line,Entergy,Solar,100.0,100.0,100.0,2017-06-16T04:00:00+00:00,Done,2021-11-15T05:00:00+00:00,,,,Photovoltaic,In Service,2020-03-05T05:00:00+00:00,2020-06-01T04:00:00+00:00,2019-09-12T04:00:00+00:00,DPP-2017-AUG,South,GIA,NRIS,100.0,100.0,100.0,100.0,
J813,,,Clay County,IL,Louisville South Substation 138kV Line,AMEREN ILLINOIS,Solar,275.0,275.0,275.0,2017-06-16T04:00:00+00:00,Done,2021-10-29T04:00:00+00:00,,,,Photovoltaic,Under Construction,2019-12-16T05:00:00+00:00,2020-09-30T04:00:00+00:00,2019-07-15T04:00:00+00:00,DPP-2017-AUG,Central,GIA,NRIS,250.0,250.0,250.0,250.0,
J834,,,Phillips County,AR,Robert E Ritchie 230kV Substation,Entergy,Solar,100.0,100.0,100.0,2017-06-16T04:00:00+00:00,Done,2021-11-15T05:00:00+00:00,,,,Photovoltaic,In Service,2020-03-06T05:00:00+00:00,2020-09-01T04:00:00+00:00,2019-10-03T04:00:00+00:00,DPP-2017-AUG,South,GIA,NRIS,100.0,100.0,100.0,100.0,
J876,,,Faribault County,MN,Huntley 345kV sub,ITC MIDWEST,Wind,200.0,200.0,200.0,2017-06-16T04:00:00+00:00,Withdrawn,,2019-07-23T04:00:00+00:00,,,Wind Turbine,Not Started,,2020-09-15T04:00:00+00:00,,DPP-2017-AUG,West,GIA,NRIS,0.0,0.0,0.0,0.0,
J897,,,Grand Forks County,ND,Prairie - Ramsey 230 kV line,GREAT RIVER ENERGY,Wind,190.0,190.0,190.0,2017-06-16T04:00:00+00:00,Withdrawn,2024-10-01T04:00:00+00:00,2023-07-17T04:00:00+00:00,,,Wind Turbine,Withdrawn,2022-08-03T04:00:00+00:00,2021-10-01T04:00:00+00:00,2021-09-13T04:00:00+00:00,DPP-2017-AUG,West,GIA,ERIS,190.0,190.0,190.0,0.0,
J929,,,McIntosh County,ND,Wishek 41.6 kV Substation,MONTANA-DAKOTA UTILITIES CO.,Solar,25.0,25.0,25.0,2017-06-16T04:00:00+00:00,Withdrawn,,2019-10-24T04:00:00+00:00,,,Photovoltaic,Not Started,,2021-06-30T04:00:00+00:00,,DPP-2017-AUG,West,GIA,NRIS,0.0,0.0,0.0,0.0,
