Queue ID,Project Name,Interconnecting Entity,County,State,Interconnection Location,Transmission Owner,Generation Type,Capacity (MW),Summer Capacity (MW),Winter Capacity (MW),Queue Date,Status,Proposed Completion Date,Withdrawn Date,Withdrawal Comment,Actual Completion Date,facilityType,Post Generator Interconnection Agreement Status,Interconnection Approval Date,inService,giaToExec,studyCycle,studyGroup,studyPhase,svcType,dp1ErisMw,dp1NrisMw,dp2ErisMw,dp2NrisMw,sisPhase1
J4179,,,,,,AMERICAN TRANSMISSION COMPANY,,735.0,735.0,735.0,2025-10-07T20:34:28+00:00,Active,,,,,,,,2030-01-02T05:00:00+00:00,,DPP-2026,East (ATC),,NRIS,0.0,0.0,0.0,0.0,
J4184,,,,,,AMERICAN TRANSMISSION COMPANY,,755.0,755.0,755.0,2025-10-07T20:25:22+00:00,Active,,,,,,,,2030-02-01T05:00:00+00:00,,DPP-2026,East (ATC),,NRIS,0.0,0.0,0.0,0.0,
J4175,,,,,,"ENTERGY LOUISIANA, LLC",,770.0,770.0,770.0,2025-10-07T19:08:44+00:00,Active,,,,,,,,2029-09-01T04:00:00+00:00,,DPP-2026,South,,NRIS,0.0,0.0,0.0,0.0,
J4181,,,,,,MINNESOTA POWER INC.,,755.0,755.0,755.0,2025-10-07T20:21:33+00:00,Withdrawn,,2026-04-28T04:00:00+00:00,,,,,,2030-02-01T05:00:00+00:00,,DPP-2026,West,,NRIS,0.0,0.0,0.0,0.0,
J4146,,,,,,"ENTERGY MISSISSIPPI, LLC.",,0.0,0.0,0.0,2025-09-06T01:17:28+00:00,Active,2028-08-04T04:00:00+00:00,,,,,Not Started,,2028-08-04T04:00:00+00:00,,0MW GIA,NA,,NRIS,0.0,0.0,0.0,0.0,
J4182,,,,,,"ENTERGY ARKANSAS, LLC",,0.0,0.0,0.0,2025-10-08T00:37:52+00:00,Active,,,,,,,,2028-11-01T04:00:00+00:00,,ERAS Study Cycle 2,South,,NRIS,0.0,0.0,0.0,0.0,
J4176,,,,,,"ENTERGY MISSISSIPPI, LLC.",,1750.0,1750.0,1750.0,2025-10-06T23:46:01+00:00,Withdrawn,,2026-01-02T05:00:00+00:00,,,,,,2028-09-01T04:00:00+00:00,,DPP-2025,South,Phase 1,NRIS,0.0,0.0,0.0,0.0,
J4186,,,,,,"ENTERGY LOUISIANA, LLC",,1540.0,1540.0,1540.0,2025-10-07T19:20:31+00:00,Withdrawn,,2026-07-01T04:00:00+00:00,,,,,,2029-09-01T04:00:00+00:00,,DPP-2026,South,,NRIS,0.0,0.0,0.0,0.0,
J4177,,,,,,AMERICAN TRANSMISSION COMPANY,,735.0,735.0,735.0,2025-10-07T23:07:23+00:00,Active,,,,,,,,2030-01-02T05:00:00+00:00,,DPP-2026,East (ATC),,NRIS,0.0,0.0,0.0,0.0,
J4183,,,,,,"ENTERGY MISSISSIPPI, LLC.",,99.9,99.9,99.9,2025-10-07T01:41:17+00:00,Active,,,,,,,,2027-04-28T04:00:00+00:00,,DPP-2025,South,Phase 1,NRIS,23.0,23.0,0.0,0.0,
J4180,,,,,,NORTHERN STATES POWER COMPANY,,755.0,755.0,755.0,2025-10-07T20:00:44+00:00,Active,,,,,,,,2030-01-02T05:00:00+00:00,,DPP-2026,West,,NRIS,0.0,0.0,0.0,0.0,
J3834,,,Gibson,IN,Gibson Sta - Francisco 345.0kV,"DUKE ENERGY INDIANA, LLC CIN",Battery Storage,300.0,300.0,300.0,2024-09-19T04:00:00+00:00,Withdrawn,,2026-04-14T04:00:00+00:00,,,Battery Storage,,,2026-10-01T04:00:00+00:00,,DPP-2025,Central,Phase 1,NRIS,0.0,0.0,0.0,0.0,
J3463,,,Jefferson,MS,LORMAN SS (CE) - FAYETTE 115.0kV,"ENTERGY MISSISSIPPI, LLC. EMTO",Solar,100.0,100.0,100.0,2024-04-18T04:00:00+00:00,Withdrawn,,2025-06-09T04:00:00+00:00,,,Photovoltaic,,,2026-10-01T04:00:00+00:00,,DPP-2023,South,Study Not Started,NRIS,0.0,0.0,0.0,0.0,
J3485,,,Huron,MI,RAPSON,ITC,Battery Storage,100.0,100.0,100.0,2024-04-16T04:00:00+00:00,Active,,,,,Battery Storage,,,2028-09-15T04:00:00+00:00,,DPP-2023,East (ITC),Study Not Started,NRIS,100.0,100.0,0.0,0.0,
J3483,,,Champaign,IL,4RANTOUL  - 4RISING   138.0kV,AMEREN ILLINOIS,Wind,137.4,137.4,137.4,2024-04-16T04:00:00+00:00,Withdrawn,,2024-09-03T04:00:00+00:00,,,Wind Turbine,Not Started,,2027-03-01T05:00:00+00:00,,DPP-2023,Central,Study Not Started,NRIS,0.0,0.0,0.0,0.0,
J4178,,,,,,"ENTERGY LOUISIANA, LLC",,755.0,755.0,755.0,2025-10-07T19:42:02+00:00,Active,,,,,,,,2030-01-02T05:00:00+00:00,,DPP-2026,South,,NRIS,0.0,0.0,0.0,0.0,
J3831,,,Madison,IN,Noblesville (Duke) - Fall Creek (AEP/PJM) 345.0kV,INDIANAPOLIS POWER & LIGHT COMPANY,Hybrid,240.0,215.0,240.0,2024-10-08T04:00:00+00:00,Withdrawn,,2025-12-22T05:00:00+00:00,,,Combustion Turbine (Simple Cycle),,,2029-06-01T04:00:00+00:00,,DPP-2025,Central,Phase 1,NRIS,0.0,0.0,0.0,0.0,
J3832,,,Macomb,MI,Lenox 120kV Substation (Bus #264749),ITC,Battery Storage,200.0,200.0,200.0,2024-07-30T04:00:00+00:00,Withdrawn,,2025-12-22T05:00:00+00:00,,,Battery Storage,,,2028-04-05T04:00:00+00:00,,DPP-2025,East (ITC),Phase 1,NRIS,0.0,0.0,0.0,0.0,
J3486,,,Muskegon,MI,Rogers 138 kV Substation,WOLVERINE POWER SUPPLY COOPERATIVE,Battery Storage,200.0,200.0,200.0,2024-04-15T04:00:00+00:00,Withdrawn,,2025-09-25T04:00:00+00:00,,,Battery Storage,,,2028-06-01T04:00:00+00:00,,DPP-2023,East (ITC),Study Not Started,NRIS,0.0,0.0,0.0,0.0,
J3833,,,Cass,ND,Buffalo 115 kV,OTTER TAIL POWER COMPANY OTP,Wind,200.0,200.0,200.0,2024-10-01T04:00:00+00:00,Active,,,,,Wind Turbine,,,2028-09-01T04:00:00+00:00,,DPP-2025,West,Phase 1,NRIS,200.0,200.0,0.0,0.0,
J3487,,,Vermillion,IN,CAYUGA 345,"DUKE ENERGY INDIANA, LLC CIN",Solar,400.0,400.0,400.0,2024-04-16T04:00:00+00:00,Withdrawn,,2025-12-23T05:00:00+00:00,,,Photovoltaic,,,2028-09-30T04:00:00+00:00,,DPP-2023,Central,Study Not Started,NRIS,0.0,0.0,0.0,0.0,
J4187,,,,,,NORTHERN STATES POWER COMPANY,,755.0,755.0,755.0,2025-10-07T20:12:47+00:00,Active,,,,,,,,2030-01-02T05:00:00+00:00,,DPP-2026,West,,NRIS,0.0,0.0,0.0,0.0,
J4185,,,,,,"ENTERGY LOUISIANA, LLC",,755.0,755.0,755.0,2025-10-07T19:50:56+00:00,Active,,,,,,,,2030-01-02T05:00:00+00:00,,DPP-2026,South,,NRIS,0.0,0.0,0.0,0.0,
J3464,,,Story,IA,Fernald,ITC MIDWEST,Solar,200.0,200.0,200.0,2024-04-16T04:00:00+00:00,Active,,,,,Photovoltaic,,,2028-06-30T04:00:00+00:00,,DPP-2023,West,Study Not Started,NRIS,200.0,0.0,0.0,0.0,
J3462,,,Tama,IA,Dysart - Traer 161kV,ITC MIDWEST,Solar,187.0,187.0,187.0,2024-04-17T04:00:00+00:00,Withdrawn,,2025-06-04T04:00:00+00:00,,,Photovoltaic,,,2028-05-01T04:00:00+00:00,,DPP-2023,West,Study Not Started,NRIS,0.0,0.0,0.0,0.0,
J3461,,,Muscatine,IA,SUB 56 - SUB 89 161.0kV,MIDAMERICAN ENERGY CO. MEC,Solar,156.0,156.0,156.0,2024-04-17T04:00:00+00:00,Active,,,,,Photovoltaic,,,2028-05-01T04:00:00+00:00,,DPP-2023,West,Study Not Started,NRIS,156.0,156.0,0.0,0.0,
J3490,,,Caldwell,KY,Caldwell County,BIG RIVERS ELECTRIC CORPORATION BREC,Battery Storage,200.0,200.0,200.0,2024-03-21T04:00:00+00:00,Withdrawn,,2025-12-23T05:00:00+00:00,,,Battery Storage,,,2027-09-01T04:00:00+00:00,,DPP-2023,Central,Study Not Started,NRIS,0.0,0.0,0.0,0.0,
J3491,,,Posey,IN,AB Brown 345 - Gibson (Duke Terminal) 345.0kV,SOUTHERN INDIANA GAS & ELECTRIC COMPANY D/B/A CENTERPOINT ENERGY INDIANA SOUTH,Solar,45.0,45.0,45.0,2024-04-16T04:00:00+00:00,Withdrawn,,2025-04-11T04:00:00+00:00,,,Photovoltaic,,,2028-09-30T04:00:00+00:00,,DPP-2023,Central,Study Not Started,NRIS,0.0,0.0,0.0,0.0,
J3482,,,McLean,IL,Other_,AMEREN ILLINOIS,Solar,350.0,350.0,350.0,2024-04-16T04:00:00+00:00,Withdrawn,,2025-12-23T05:00:00+00:00,,,Photovoltaic,,,2028-09-30T04:00:00+00:00,,DPP-2023,Central,Study Not Started,ERIS,0.0,0.0,0.0,0.0,
J3484,,,Union,AR,EL DORADO EHV - SAREPTA 345/115 SS 345.0kV,"ENTERGY ARKANSAS, LLC EATO",Solar,200.0,200.0,200.0,2024-04-12T04:00:00+00:00,Withdrawn,,2025-12-23T05:00:00+00:00,,,Photovoltaic,,,2027-02-28T05:00:00+00:00,,DPP-2023,South,Study Not Started,ERIS,0.0,0.0,0.0,0.0,
J3488,,,Vermillion,IN,CAYUGA 345,"DUKE ENERGY INDIANA, LLC CIN",Battery Storage,400.0,400.0,400.0,2024-04-16T04:00:00+00:00,Withdrawn,,2025-09-24T04:00:00+00:00,,,Battery Storage,,,2028-09-30T04:00:00+00:00,,DPP-2023,Central,Study Not Started,NRIS,0.0,0.0,0.0,0.0,
J3493,,,McDonough,IL,Other_,AMEREN TRANSMISSION COMPANY OF ILLINOIS,Wind,200.0,200.0,200.0,2024-04-17T04:00:00+00:00,Active,,,,,Wind Turbine,,,2028-09-15T04:00:00+00:00,,DPP-2023,Central,Study Not Started,NRIS,200.0,200.0,0.0,0.0,
J3402,,,Juneau,WI,New J1502 TO Switching Station (Emerson),AMERICAN TRANSMISSION COMPANY,Battery Storage,200.0,200.0,200.0,2024-04-18T04:00:00+00:00,Active,,,,,Battery Storage,,,2028-05-31T04:00:00+00:00,,DPP-2023,East (ATC),Study Not Started,NRIS,200.0,200.0,0.0,0.0,
J3457,,,Arkansas,AR,STUTTGART RICUSKEY - WOODWARD 230 SUB 230.0kV,"ENTERGY ARKANSAS, LLC EATO",Solar,215.0,215.0,215.0,2024-04-12T04:00:00+00:00,Active,,,,,Photovoltaic,,,2027-02-28T05:00:00+00:00,,DPP-2023,South,Study Not Started,ERIS,215.0,0.0,0.0,0.0,
J3297,,,St. Clair,IL,Herzog,"ENTERGY MISSISSIPPI, LLC. EMTO",Battery Storage,150.0,150.0,150.0,2024-04-17T04:00:00+00:00,Withdrawn,,2025-12-23T05:00:00+00:00,,,Battery Storage,,,2027-01-31T05:00:00+00:00,,DPP-2023,Central,Study Not Started,NRIS,0.0,0.0,0.0,0.0,
J3298,,,Tazewell,IL,Towerline,AMERICAN TRANSMISSION COMPANY,Battery Storage,200.0,200.0,200.0,2024-04-17T04:00:00+00:00,Active,,,,,Battery Storage,,,2027-01-31T05:00:00+00:00,,DPP-2023,Central,Study Not Started,NRIS,200.0,200.0,0.0,0.0,
J3492,,,Posey,IN,AB Brown 345 - Gibson (Duke Terminal) 345.0kV,SOUTHERN INDIANA GAS & ELECTRIC COMPANY D/B/A CENTERPOINT ENERGY INDIANA SOUTH,Battery Storage,45.0,45.0,45.0,2024-04-16T04:00:00+00:00,Withdrawn,,2025-04-11T04:00:00+00:00,,,Battery Storage,,,2028-09-30T04:00:00+00:00,,DPP-2023,Central,Study Not Started,NRIS,0.0,0.0,0.0,0.0,
J3337,,,Stoddard,MO,5VANDUSER,AMEREN MISSOURI,Solar,230.0,230.0,230.0,2024-04-16T04:00:00+00:00,Withdrawn,,2025-12-23T05:00:00+00:00,,,Photovoltaic,,,2028-03-01T05:00:00+00:00,,DPP-2023,Central,Study Not Started,ERIS,0.0,0.0,0.0,0.0,
J3335,,,McLean,IL,Other_,AMEREN ILLINOIS,Wind,222.0,222.0,222.0,2024-04-18T04:00:00+00:00,Withdrawn,,2025-09-30T04:00:00+00:00,,,Wind Turbine,,,2028-10-01T04:00:00+00:00,,DPP-2023,Central,Study Not Started,NRIS,0.0,0.0,0.0,0.0,
J3334,,,LaPorte,IN,MAPLE,"DUKE ENERGY INDIANA, LLC CIN",Battery Storage,100.0,100.0,100.0,2024-04-05T04:00:00+00:00,Withdrawn,,2025-09-24T04:00:00+00:00,,,Battery Storage,,,2028-06-01T04:00:00+00:00,,DPP-2023,Central,Study Not Started,NRIS,0.0,0.0,0.0,0.0,
J3802,,,Phillips,AR,RITCHIE SWYD - TARLETON 230.0kV,"ENTERGY ARKANSAS, LLC EATO",Solar,300.0,300.0,300.0,2024-04-17T04:00:00+00:00,Withdrawn,,2025-09-30T04:00:00+00:00,,,Photovoltaic,,,2028-09-04T04:00:00+00:00,,DPP-2023,South,Study Not Started,NRIS,0.0,0.0,0.0,0.0,
J3776,,,Midland,MI,TittabawASSEe,METC,Battery Storage,150.0,150.0,150.0,2024-04-18T04:00:00+00:00,Active,,,,,Battery Storage,,,2028-09-30T04:00:00+00:00,,DPP-2023,East (ITC),Study Not Started,NRIS,150.0,150.0,0.0,0.0,
J3372,,,Macoupin,IL,Rezzy,AMEREN ILLINOIS,Battery Storage,100.0,100.0,100.0,2024-04-17T04:00:00+00:00,Withdrawn,,2025-12-23T05:00:00+00:00,,,Battery Storage,,,2028-09-15T04:00:00+00:00,,DPP-2023,Central,Study Not Started,NRIS,0.0,0.0,0.0,0.0,
J3295,,,Beauregard,LA,Cole - Penton Road 230.0kV,CLECO POWER LLC CLEC,Solar,250.0,250.0,250.0,2024-04-17T04:00:00+00:00,Withdrawn,,2025-12-23T05:00:00+00:00,,,Photovoltaic,,,2027-01-31T05:00:00+00:00,,DPP-2023,South,Study Not Started,NRIS,0.0,0.0,0.0,0.0,
J3319,,,Webster,LA,SAREPTA 345/115 SS,"ENTERGY LOUISIANA, LLC ELTO",Hybrid,150.0,150.0,150.0,2024-04-15T04:00:00+00:00,Withdrawn,,2025-05-23T04:00:00+00:00,,,Solar/Battery,,,2028-06-01T04:00:00+00:00,,DPP-2023,South,Study Not Started,NRIS,0.0,0.0,0.0,0.0,
J3336,,,Tuscola,MI,RINGLE,ITC,Wind,41.8,41.8,41.8,2024-04-05T04:00:00+00:00,Active,,,,,Wind Turbine,,,2027-04-01T04:00:00+00:00,,DPP-2023,East (ITC),Study Not Started,NRIS,41.8,41.8,0.0,0.0,
J3777,,,Cheboygan,MI,MC GULPIN - RIGGSVILLE (MILL CREEK) 138.0kV,METC,Solar,91.8,91.8,91.8,2024-04-12T04:00:00+00:00,Active,,,,,Photovoltaic,,,2028-04-01T04:00:00+00:00,,DPP-2023,East (ITC),Study Not Started,NRIS,91.8,91.8,0.0,0.0,
J3779,,,Henderson,KY,AB Brown 345 - Reid EHV (BREC Terminal) 345.0kV,SOUTHERN INDIANA GAS & ELECTRIC COMPANY D/B/A CENTERPOINT ENERGY INDIANA SOUTH,Wind,100.0,100.0,100.0,2024-04-17T04:00:00+00:00,Withdrawn,,2025-08-13T04:00:00+00:00,,,Wind Turbine,,,2026-10-15T04:00:00+00:00,,DPP-2023,Central,Study Not Started,NRIS,0.0,0.0,0.0,0.0,
J3296,,,Hamilton,IL,Hamilton,Southern Illinois Power Cooperative,Battery Storage,200.0,200.0,200.0,2024-04-17T04:00:00+00:00,Active,,,,,Battery Storage,,,2027-01-31T05:00:00+00:00,,DPP-2023,Central,Study Not Started,NRIS,202.19,202.19,0.0,0.0,
J3792,,,Gratiot,MI,ALMA - VESTABURG 138.0kV,METC,Solar,125.0,125.0,125.0,2024-04-18T04:00:00+00:00,Active,,,,,Photovoltaic,,,2028-04-01T04:00:00+00:00,,DPP-2023,East (ITC),Study Not Started,ERIS,125.0,0.0,0.0,0.0,
J3795,,,Knox,MO,7FABIUS - 7MAYWOOD 345.0kV,AMEREN TRANSMISSION COMPANY OF ILLINOIS,Hybrid,91.0,91.0,91.0,2024-04-18T04:00:00+00:00,Withdrawn,,2025-09-25T04:00:00+00:00,,,Solar/Battery,,,2028-01-01T05:00:00+00:00,,DPP-2023,Central,Study Not Started,NRIS,0.0,0.0,0.0,0.0,
J3797,,,Edgar,IL,7KANSAS   - 08SUGCRK 345.0kV,"DUKE ENERGY INDIANA, LLC CIN",Solar,141.23,141.23,141.23,2024-04-18T04:00:00+00:00,Active,,,,,Photovoltaic,,,2028-03-31T04:00:00+00:00,,DPP-2023,Central,Study Not Started,NRIS,141.23,109.8,0.0,0.0,
J3400,,,Deuel,SD,Astoria 345kV substation,OTTER TAIL POWER COMPANY OTP,Hybrid,142.2,142.2,142.2,2024-03-20T04:00:00+00:00,Active,,,,,"Piston (Engine), Internal Combustion (Diesel)",,,2028-04-19T04:00:00+00:00,,DPP-2023,West,Study Not Started,NRIS,142.2,142.2,0.0,0.0,
J3407,,,Manistee,MI,LINDEMAN - TIPPY 138.0kV,METC,Gas,300.0,300.0,300.0,2024-04-11T04:00:00+00:00,Withdrawn,,2026-01-05T05:00:00+00:00,,,Combustion Turbine (Simple Cycle),,,2028-10-31T04:00:00+00:00,,DPP-2023,East (ITC),Study Not Started,NRIS,300.0,300.0,0.0,0.0,
J3502,,,Van Buren,MI,ARGENTA - PALISADES 345.0kV,METC,Battery Storage,200.0,200.0,200.0,2024-04-17T04:00:00+00:00,Withdrawn,,2025-09-29T04:00:00+00:00,,,Battery Storage,,,2028-09-15T04:00:00+00:00,,DPP-2023,East (ITC),Study Not Started,NRIS,0.0,0.0,0.0,0.0,
J3548,,,Marshall,IA,Laurel,ITC MIDWEST,Wind,62.0,62.0,62.0,2024-04-18T04:00:00+00:00,Withdrawn,,2025-07-09T04:00:00+00:00,,,Wind Turbine,,,2027-10-30T04:00:00+00:00,,DPP-2023,West,Study Not Started,NRIS,0.0,0.0,0.0,0.0,
J3612,,,Sabine,LA,Fisher - Many 138.0kV,CLECO POWER LLC CLEC,Solar,200.0,200.0,200.0,2024-04-17T04:00:00+00:00,Withdrawn,,2025-09-24T04:00:00+00:00,,,Photovoltaic,,,2028-09-30T04:00:00+00:00,,DPP-2023,South,Study Not Started,NRIS,0.0,0.0,0.0,0.0,
J3614,,,Ashley,AR,CROSSETT NORTH - HAMBURG 115.0kV,"ENTERGY ARKANSAS, LLC EATO",Battery Storage,180.0,180.0,180.0,2024-04-16T04:00:00+00:00,Withdrawn,,2025-12-23T05:00:00+00:00,,,Battery Storage,,,2028-09-30T04:00:00+00:00,,DPP-2023,South,Study Not Started,NRIS,0.0,0.0,0.0,0.0,
J3456,,,Tazewell,IL,San Jose Rail Switching Station,AMEREN ILLINOIS,Wind,100.0,100.0,100.0,2024-04-18T04:00:00+00:00,Active,,,,,Wind Turbine,,,2028-05-31T04:00:00+00:00,,DPP-2023,Central,Study Not Started,NRIS,100.0,100.0,0.0,0.0,
J3293,,,Knox,IN,Edwardsport IGCC - Amo 345.0kV,"DUKE ENERGY INDIANA, LLC CIN",Solar,250.0,250.0,250.0,2024-04-17T04:00:00+00:00,Withdrawn,,2025-12-23T05:00:00+00:00,,,Photovoltaic,,,2027-01-31T05:00:00+00:00,,DPP-2023,Central,Study Not Started,NRIS,0.0,0.0,0.0,0.0,
J3294,,,Daviess,IN,GPC Primary - Sandborn Primary 161.0kV,HOOSIER ENERGY,Solar,200.0,200.0,200.0,2024-04-17T04:00:00+00:00,Withdrawn,,2025-09-16T04:00:00+00:00,,,Photovoltaic,,,2027-01-31T05:00:00+00:00,,DPP-2023,Central,Study Not Started,NRIS,0.0,0.0,0.0,0.0,
J3778,,,Otter Tail,MN,Fergus Falls MRES/WMMPA,MISSOURI RIVER ENERGY SERVICES - TRANSMISSION,Battery Storage,100.0,100.0,100.0,2024-04-15T04:00:00+00:00,Withdrawn,,2025-09-30T04:00:00+00:00,,,Battery Storage,,,2028-08-15T04:00:00+00:00,,DPP-2023,West,Study Not Started,NRIS,0.0,0.0,0.0,0.0,
J3498,,,Knox,IL,7FARGO - 7SANDBURG 345.0kV,AMEREN TRANSMISSION COMPANY OF ILLINOIS,Solar,250.0,250.0,250.0,2024-04-13T04:00:00+00:00,Active,,,,,Photovoltaic,,,2028-09-15T04:00:00+00:00,,DPP-2023,Central,Study Not Started,NRIS,250.0,250.0,0.0,0.0,
J3608,,,Henry,IN,New Castle I Avenue,"DUKE ENERGY INDIANA, LLC CIN",Solar,77.6,77.6,77.6,2024-04-18T04:00:00+00:00,Withdrawn,,2025-09-26T04:00:00+00:00,,,Photovoltaic,,,2028-07-01T04:00:00+00:00,,DPP-2023,Central,Study Not Started,NRIS,0.0,0.0,0.0,0.0,
J3794,,,Daviess,KY,Daviess County - Utica 69.0kV,BIG RIVERS ELECTRIC CORPORATION BREC,Hybrid,50.0,50.0,50.0,2024-04-18T04:00:00+00:00,Withdrawn,,2025-09-25T04:00:00+00:00,,,Solar/Battery,,,2028-01-01T05:00:00+00:00,,DPP-2023,Central,Study Not Started,NRIS,0.0,0.0,0.0,0.0,
J3793,,,Rapides,LA,East Leesville - Rodemacher 230.0kV,CLECO POWER LLC CLEC,Solar,100.0,100.0,100.0,2024-04-18T04:00:00+00:00,Withdrawn,,2025-12-23T05:00:00+00:00,,,Photovoltaic,,,2028-04-01T04:00:00+00:00,,DPP-2023,South,Study Not Started,ERIS,0.0,0.0,0.0,0.0,
J3798,,,Winnebago,IA,Bison - Colby 345kV,ITC MIDWEST,Wind,320.0,320.0,320.0,2024-03-27T04:00:00+00:00,Active,,,,,Wind Turbine,,,2028-06-30T04:00:00+00:00,,DPP-2023,West,Study Not Started,NRIS,320.0,320.0,0.0,0.0,
J3499,,,Kosciusko,IN,LEESBURG - DEEDSVILLE (DUKE) 345.0kV,NORTHERN INDIANA PUBLIC SERVICE COMPANY LLC NIPS,Solar,300.0,300.0,300.0,2024-04-14T04:00:00+00:00,Withdrawn,,2025-07-30T04:00:00+00:00,,,Photovoltaic,,,2028-09-15T04:00:00+00:00,,DPP-2023,Central,Study Not Started,NRIS,0.0,0.0,0.0,0.0,
J3610,,,Tyler,TX,DOUCETTE,"ENTERGY TEXAS, INC. ETTO",Solar,150.0,150.0,150.0,2024-04-18T04:00:00+00:00,Withdrawn,,2025-03-25T04:00:00+00:00,,,Photovoltaic,,,2028-06-30T04:00:00+00:00,,DPP-2023,South,Study Not Started,NRIS,0.0,0.0,0.0,0.0,
J3671,,,Shelby,IL,4NEOGA 2 - 4SHELBYVL E 138.0kV,AMEREN ILLINOIS,Solar,120.0,120.0,120.0,2024-04-18T04:00:00+00:00,Withdrawn,,2025-12-23T05:00:00+00:00,,,Photovoltaic,,,2027-07-27T04:00:00+00:00,,DPP-2023,Central,Study Not Started,NRIS,0.0,0.0,0.0,0.0,
J3682,,,Muskegon,MI,FOUR MILE - WHITE ROAD 138.0kV,METC,Solar,150.0,150.0,150.0,2024-04-18T04:00:00+00:00,Active,,,,,Photovoltaic,,,2028-04-01T04:00:00+00:00,,DPP-2023,East (ITC),Study Not Started,ERIS,150.0,0.0,0.0,0.0,
J3701,,,Taylor,IA,ORIENT - NORTHBORO 345.0kV,MIDAMERICAN ENERGY CO. MEC,Wind,400.0,400.0,400.0,2024-04-18T04:00:00+00:00,Active,,,,,Wind Turbine,,,2028-04-01T04:00:00+00:00,,DPP-2023,West,Study Not Started,ERIS,400.0,0.0,0.0,0.0,
J3501,,,Wexford,MI,KEYSTONE - TIPPY 138.0kV,METC,Battery Storage,200.0,200.0,200.0,2024-04-15T04:00:00+00:00,Withdrawn,,2025-12-23T05:00:00+00:00,,,Battery Storage,,,2028-06-01T04:00:00+00:00,,DPP-2023,East (ITC),Study Not Started,NRIS,0.0,0.0,0.0,0.0,
J3544,,,Tama,IA,Abbott,ITC MIDWEST,Wind,62.0,62.0,62.0,2024-04-17T04:00:00+00:00,Withdrawn,,2025-07-09T04:00:00+00:00,,,Wind Turbine,,,2027-10-30T04:00:00+00:00,,DPP-2023,West,Study Not Started,NRIS,0.0,0.0,0.0,0.0,
J3551,,,Mahaska,IA,BEACON,MIDAMERICAN ENERGY CO. MEC,Battery Storage,200.0,200.0,200.0,2024-04-18T04:00:00+00:00,Active,,,,,Battery Storage,,,2027-09-10T04:00:00+00:00,,DPP-2023,West,Study Not Started,NRIS,200.0,200.0,0.0,0.0,
J3611,,,Hamilton,IL,7W_FRFT_E - 7NORRIS   345.0kV,AMEREN ILLINOIS,Solar,140.0,140.0,140.0,2024-04-18T04:00:00+00:00,Active,,,,,Photovoltaic,,,2026-12-30T05:00:00+00:00,,DPP-2023,Central,Study Not Started,NRIS,140.0,140.0,0.0,0.0,
J3299,,,Jefferson,TX,BEVIL,"ENTERGY TEXAS, INC. ETTO",Battery Storage,150.0,150.0,150.0,2024-04-17T04:00:00+00:00,Withdrawn,,2025-07-30T04:00:00+00:00,,,Battery Storage,,,2027-01-31T05:00:00+00:00,,DPP-2023,South,Study Not Started,NRIS,0.0,0.0,0.0,0.0,
J3824,,,Roberts,SD,Twin Brooks 345 kV Substation,OTTER TAIL POWER COMPANY OTP,Battery Storage,250.0,250.0,250.0,2024-04-18T04:00:00+00:00,Withdrawn,,2024-06-28T04:00:00+00:00,,,Battery Storage,,,2028-09-30T04:00:00+00:00,,DPP-2023,West,Study Not Started,NRIS,0.0,0.0,0.0,0.0,
J3500,,,Chisago,MN,CHISAGO COUNTY,NORTHERN STATES POWER COMPANY,Battery Storage,150.0,150.0,150.0,2024-04-17T04:00:00+00:00,Withdrawn,,2025-12-23T05:00:00+00:00,,,Battery Storage,,,2028-09-15T04:00:00+00:00,,DPP-2023,West,Study Not Started,NRIS,0.0,0.0,0.0,0.0,
J3549,,,Mower,MN,NOT IN DROPDOWN MENU,GREAT RIVER ENERGY,Gas,515.0,484.5,515.0,2024-04-17T04:00:00+00:00,Withdrawn,,2025-12-23T05:00:00+00:00,,,Combustion Turbine (Simple Cycle),,,2026-06-01T04:00:00+00:00,,DPP-2023,West,Study Not Started,NRIS,0.0,0.0,0.0,0.0,
J3550,,,Dubois,IN,Duff - Dubois 138.0 kV,SOUTHERN INDIANA GAS & ELECTRIC COMPANY D/B/A CENTERPOINT ENERGY INDIANA SOUTH,Battery Storage,200.0,200.0,200.0,2024-04-18T04:00:00+00:00,Active,,,,,Battery Storage,,,2027-09-10T04:00:00+00:00,,DPP-2023,Central,Study Not Started,NRIS,200.0,200.0,0.0,0.0,
J3574,,,Wayne,IN,Other_,"DUKE ENERGY INDIANA, LLC CIN",Solar,60.0,60.0,60.0,2024-04-17T04:00:00+00:00,Withdrawn,,2025-07-31T04:00:00+00:00,,,Photovoltaic,,,2027-10-01T04:00:00+00:00,,DPP-2023,Central,Study Not Started,NRIS,0.0,0.0,0.0,0.0,
J3609,,,Beauregard,LA,NELSON 138 SWYD - LONGVILLE (CLECO) 138.0kV,"ENTERGY LOUISIANA, LLC ELTO",Solar,93.1,93.1,93.1,2024-04-02T04:00:00+00:00,Withdrawn,,2025-09-30T04:00:00+00:00,,,Solar/Battery,,,2027-12-27T05:00:00+00:00,,DPP-2023,South,Study Not Started,ERIS,0.0,0.0,0.0,0.0,
J3672,,,Big Stone,MN,Big Stone South - Alexandira 345kV,OTTER TAIL POWER COMPANY OTP,Wind,300.0,300.0,300.0,2024-04-18T04:00:00+00:00,Active,,,,,Wind Turbine,,,2028-10-30T04:00:00+00:00,,DPP-2023,West,Study Not Started,NRIS,300.0,0.0,0.0,0.0,
J3690,,,Scott,MO,5STODDARD - 5MORLEY (AECI) 161.0kV,AMEREN MISSOURI,Battery Storage,300.0,300.0,300.0,2024-04-16T04:00:00+00:00,Withdrawn,,2025-12-23T05:00:00+00:00,,,Battery Storage,,,2028-09-30T04:00:00+00:00,,DPP-2023,Central,Study Not Started,NRIS,0.0,0.0,0.0,0.0,
J3708,,,Jefferson,TX,LEGEND,"ENTERGY TEXAS, INC. ETTO",Gas,770.0,735.0,770.0,2024-04-17T04:00:00+00:00,Withdrawn,,2025-09-24T04:00:00+00:00,,,Combined-Cycle – Steam Plant,,,2027-04-30T04:00:00+00:00,,DPP-2023,South,Study Not Started,NRIS,0.0,0.0,0.0,0.0,
J3709,,,Marion,IN,Georgetown,INDIANAPOLIS POWER & LIGHT COMPANY,Battery Storage,47.0,47.0,47.0,2024-04-17T04:00:00+00:00,Withdrawn,,2025-12-23T05:00:00+00:00,,,Battery Storage,,,2028-07-31T04:00:00+00:00,,DPP-2023,Central,Study Not Started,NRIS,0.0,0.0,0.0,0.0,
J1896,,,Henderson,KY,Henderson to AB Brown 138 kV,BIG RIVERS ELECTRIC CORPORATION BREC,Wind,100.0,100.0,100.0,2021-08-17T04:00:00+00:00,Withdrawn,,2021-12-08T05:00:00+00:00,,,Wind Turbine,,,2025-04-01T04:00:00+00:00,,DPP-2021,Central,Phase 2,NRIS,0.0,0.0,0.0,0.0,
J2125,,,Clay,IL,Xenia to W Mt Vernon 345 kV,AMEREN TRANSMISSION COMPANY OF ILLINOIS,Solar,100.0,100.0,100.0,2021-08-21T04:00:00+00:00,Withdrawn,,2024-08-16T04:00:00+00:00,,,Photovoltaic,,,2024-04-15T04:00:00+00:00,,DPP-2021,Central,Phase 2,NRIS,0.0,0.0,0.0,0.0,
J2144,,,Jasper,IN,Schahfer 345 kV Sub,NORTHERN INDIANA PUBLIC SERVICE COMPANY LLC NIPS,Hybrid,195.0,155.2,195.0,2021-09-02T04:00:00+00:00,Withdrawn,,2021-12-08T05:00:00+00:00,,,Combustion Turbine (Simple Cycle),,,2024-10-01T04:00:00+00:00,,DPP-2021,Central,Phase 2,NRIS,0.0,0.0,0.0,0.0,
J3607,,,Henry,IN,New Castle I Avenue,"DUKE ENERGY INDIANA, LLC CIN",Solar,47.4,47.4,47.4,2024-04-18T04:00:00+00:00,Withdrawn,,2025-09-26T04:00:00+00:00,,,Photovoltaic,,,2028-07-01T04:00:00+00:00,,DPP-2023,Central,Study Not Started,NRIS,0.0,0.0,0.0,0.0,
J3613,,,Ashley,AR,CROSSETT NORTH - HAMBURG 115.0kV,"ENTERGY ARKANSAS, LLC EATO",Solar,180.0,180.0,180.0,2024-04-16T04:00:00+00:00,Withdrawn,,2025-12-23T05:00:00+00:00,,,Photovoltaic,,,2028-09-30T04:00:00+00:00,,DPP-2023,South,Study Not Started,NRIS,0.0,0.0,0.0,0.0,
J2286,,,Polk,MN,Praire - Winger 230kV,OTTER TAIL POWER COMPANY OTP,Solar,90.0,90.0,90.0,2021-07-14T04:00:00+00:00,Withdrawn,,2021-09-10T04:00:00+00:00,,,Photovoltaic,,,2026-10-01T04:00:00+00:00,,DPP-2021,West,Phase 2,NRIS,0.0,0.0,0.0,0.0,
J3725,,,Louisa,IA,SUB 93 LOUISA - SUB T HASKINS 345.0kV,MIDAMERICAN ENERGY CO. MEC,Solar,200.0,200.0,200.0,2024-04-18T04:00:00+00:00,Active,,,,,Photovoltaic,,,2028-09-01T04:00:00+00:00,,DPP-2023,West,Study Not Started,NRIS,200.0,200.0,0.0,0.0,
J3724,,,Vigo,IN,Sandford,,Solar,132.0,132.0,132.0,2024-04-16T04:00:00+00:00,Active,,,,,Photovoltaic,,,2028-09-01T04:00:00+00:00,,DPP-2023,Central,Study Not Started,NRIS,132.0,132.0,0.0,0.0,
J3733,,,Gibson,IN,Oakland City  - Old Ben Coal 138.0kV,"DUKE ENERGY INDIANA, LLC CIN",Hybrid,150.0,150.0,150.0,2024-05-25T04:00:00+00:00,Pending Transfer,,,,,Solar/Battery,,,2028-04-17T04:00:00+00:00,,DPP-2023,Central,Study Not Started,NRIS,150.0,150.0,0.0,0.0,
J3615,,,Arkansas,AR,STUTTGART NORTH SS - STUTTGART RICUSKEY 115.0kV,"ENTERGY ARKANSAS, LLC EATO",Solar,125.0,125.0,125.0,2024-04-16T04:00:00+00:00,Withdrawn,,2025-12-23T05:00:00+00:00,,,Photovoltaic,,,2028-09-30T04:00:00+00:00,,DPP-2023,South,Study Not Started,NRIS,0.0,0.0,0.0,0.0,
J3669,,,Stevens,MN,Big Stone South - Alexandria 345.0kV,OTTER TAIL POWER COMPANY OTP,Solar,135.0,135.0,135.0,2024-04-18T04:00:00+00:00,Active,,,,,Photovoltaic,,,2028-02-01T05:00:00+00:00,,DPP-2023,West,Study Not Started,ERIS,135.0,0.0,0.0,0.0,
J3405,,,St. Louis,MN,Shannon - Minntac 230kV,MINNESOTA POWER INC.,Wind,144.0,144.0,144.0,2024-04-10T04:00:00+00:00,Withdrawn,,2025-09-26T04:00:00+00:00,,,Wind Turbine,,,2028-06-09T04:00:00+00:00,,DPP-2023,West,Study Not Started,NRIS,0.0,0.0,0.0,0.0,
J3410,,,Washington,IL,7PR STATE - 7MTVERNW 345.0kV,AMEREN ILLINOIS,Solar,120.0,120.0,120.0,2024-04-12T04:00:00+00:00,Withdrawn,,2025-08-15T04:00:00+00:00,,,Photovoltaic,,,2028-03-01T05:00:00+00:00,,DPP-2023,Central,Study Not Started,NRIS,0.0,0.0,0.0,0.0,
J3409,,,Newton,TX,HARTBURG - CYPRESS 500.0kV,"ENTERGY TEXAS, INC. ETTO",Solar,400.0,400.0,400.0,2024-04-12T04:00:00+00:00,Withdrawn,,2025-09-29T04:00:00+00:00,,,Photovoltaic,,,2028-03-01T05:00:00+00:00,,DPP-2023,South,Study Not Started,ERIS,0.0,0.0,0.0,0.0,
J3421,,,Huron,MI,SEASIDE,ITC,Battery Storage,100.0,100.0,100.0,2024-04-15T04:00:00+00:00,Active,,,,,Battery Storage,,,2028-06-30T04:00:00+00:00,,DPP-2023,East (ITC),Study Not Started,NRIS,100.0,100.0,0.0,0.0,
J3691,,,White,IN,REYNOLDS,NORTHERN INDIANA PUBLIC SERVICE COMPANY LLC NIPS,Battery Storage,200.0,200.0,200.0,2024-04-18T04:00:00+00:00,Active,,,,,Battery Storage,,,2028-05-31T04:00:00+00:00,,DPP-2023,Central,Study Not Started,NRIS,200.0,200.0,0.0,0.0,
J3692,,,Cheboygan,MI,PORT CALCITE - RIGGSVILLE 138.0kV,METC,Battery Storage,100.0,100.0,100.0,2024-04-18T04:00:00+00:00,Withdrawn,,2025-09-29T04:00:00+00:00,,,Battery Storage,,,2028-05-31T04:00:00+00:00,,DPP-2023,East (ITC),Study Not Started,NRIS,0.0,0.0,0.0,0.0,
J2194,,,Sullivan,IN,Merom - Gibson 345 kV Line,"DUKE ENERGY INDIANA, LLC CIN",Solar,350.0,350.0,350.0,2021-08-16T04:00:00+00:00,Withdrawn,,2021-12-08T05:00:00+00:00,,,Photovoltaic,,,2024-04-01T04:00:00+00:00,,DPP-2021,Central,Phase 2,NRIS,0.0,0.0,0.0,0.0,
J2076,,,San Jacinto,TX,COLEY CREEK to PELICAN ROAD 138 kV,"ENTERGY TEXAS, INC. ETTO",Hybrid,225.0,225.0,225.0,2021-08-09T04:00:00+00:00,Withdrawn,,2021-12-09T05:00:00+00:00,,,Solar/Battery,,,2024-08-01T04:00:00+00:00,,DPP-2021,South,Phase 3,NRIS,0.0,0.0,0.0,0.0,
J3718,,,Greene,IL,Roodhouse West,AMEREN ILLINOIS,Solar,200.0,200.0,200.0,2024-03-20T04:00:00+00:00,Withdrawn,,2025-12-24T05:00:00+00:00,,,Photovoltaic,,,2028-09-01T04:00:00+00:00,,DPP-2023,Central,Study Not Started,NRIS,200.0,200.0,0.0,0.0,
J3727,,,Madison,IL,Mississippi,AMEREN ILLINOIS,Battery Storage,225.0,225.0,225.0,2024-04-16T04:00:00+00:00,Active,,,,,Battery Storage,,,2028-06-30T04:00:00+00:00,,DPP-2023,Central,Study Not Started,NRIS,225.0,225.0,0.0,0.0,
J3416,,,Otsego,MI,VAN TYLE,METC,Battery Storage,200.0,200.0,200.0,2024-03-21T04:00:00+00:00,Withdrawn,,2025-12-23T05:00:00+00:00,,,Battery Storage,,,2027-09-01T04:00:00+00:00,,DPP-2023,East (ITC),Study Not Started,NRIS,0.0,0.0,0.0,0.0,
J3422,,,Lawrence,AR,SWIFTON - AECC HOXIE SOUTH 161.0kV,"ENTERGY ARKANSAS, LLC EATO",Solar,145.0,145.0,145.0,2024-03-26T04:00:00+00:00,Withdrawn,,2025-09-30T04:00:00+00:00,,,Photovoltaic,,,2028-06-30T04:00:00+00:00,,DPP-2023,South,Study Not Started,NRIS,0.0,0.0,0.0,0.0,
J3408,,,Sabine,LA,HARTBURG - AEP LAYFIELD 500.0kV,CLECO POWER LLC CLEC,Solar,450.0,450.0,450.0,2024-04-18T04:00:00+00:00,Withdrawn,,2025-05-23T04:00:00+00:00,,,Photovoltaic,,,2028-03-01T05:00:00+00:00,,DPP-2023,South,Study Not Started,NRIS,0.0,0.0,0.0,0.0,
J3418,,,Sangamon,IL,7AUSTIN - 7TURNER 345.0kV,AMEREN TRANSMISSION COMPANY OF ILLINOIS,Solar,220.0,220.0,220.0,2024-04-17T04:00:00+00:00,Active,,,,,Photovoltaic,,,2028-09-15T04:00:00+00:00,,DPP-2023,Central,Study Not Started,NRIS,220.0,0.0,0.0,0.0,
J3450,,,Panola,MS,BATESVILLE [MS] - MOON LAKE SS 230.0kV,"ENTERGY MISSISSIPPI, LLC. EMTO",Solar,200.0,200.0,200.0,2024-04-18T04:00:00+00:00,Withdrawn,,2025-09-23T04:00:00+00:00,,,Photovoltaic,,,2028-08-15T04:00:00+00:00,,DPP-2023,South,Study Not Started,NRIS,0.0,0.0,0.0,0.0,
J3428,,,McPherson,SD,Ellendale 345 - Twin Brooks 345.0kV,OTTER TAIL POWER COMPANY OTP,Wind,200.0,200.0,200.0,2024-03-18T04:00:00+00:00,Active,,,,,Wind Turbine,,,2028-08-01T04:00:00+00:00,,DPP-2023,West,Study Not Started,NRIS,200.0,200.0,0.0,0.0,
J3447,,,Perry,MS,Purvis Bulk 161 - Hintonville 161 161.0kV,COOPERATIVE ENERGY SMEP,Solar,125.0,125.0,125.0,2024-03-26T04:00:00+00:00,Withdrawn,,2025-09-30T04:00:00+00:00,,,Photovoltaic,,,2028-06-30T04:00:00+00:00,,DPP-2023,South,Study Not Started,NRIS,0.0,0.0,0.0,0.0,
J3423,,,Jackson,AR,PECAN ST - AECC BALCH 161.0kV,"ENTERGY ARKANSAS, LLC EATO",Solar,200.0,200.0,200.0,2024-05-16T04:00:00+00:00,Withdrawn,,2025-09-30T04:00:00+00:00,,,Photovoltaic,,,2028-09-04T04:00:00+00:00,,DPP-2023,South,Study Not Started,NRIS,0.0,0.0,0.0,0.0,
J3268,,,Gratiot,MI,REGAL,METC,Battery Storage,100.0,100.0,100.0,2024-04-18T04:00:00+00:00,Active,,,,,Battery Storage,,,2027-09-10T04:00:00+00:00,,DPP-2023,East (ITC),Study Not Started,NRIS,100.0,100.0,0.0,0.0,
J3274,,,Ogemaw,MI,GALLAGHER - TWINING 138.0kV,METC,Solar,290.0,290.0,290.0,2024-04-15T04:00:00+00:00,Active,,,,,Photovoltaic,,,2028-11-01T04:00:00+00:00,,DPP-2023,East (ITC),Study Not Started,NRIS,290.0,290.0,0.0,0.0,
J2342,,,Worth,IA,Worth County,ITC MIDWEST,Wind,230.0,230.0,230.0,2022-09-15T04:00:00+00:00,Active,,,,,Wind Turbine,Not Started,,2027-05-15T04:00:00+00:00,,DPP-2022,West,Phase 1,NRIS,150.0,141.0,0.0,0.0,
J2336,,,Union,LA,Sterlington - Downsville 115 kV Line,"ENTERGY LOUISIANA, LLC ELTO",Hybrid,125.0,125.0,125.0,2022-09-13T04:00:00+00:00,Withdrawn,,2025-07-30T04:00:00+00:00,,,Solar/Battery,Not Started,,2025-08-29T04:00:00+00:00,,DPP-2022,South,Phase 1,NRIS,0.0,0.0,0.0,0.0,
J3247,,,Vigo,IN,SPELTERVILLE,"DUKE ENERGY INDIANA, LLC CIN",Battery Storage,200.0,200.0,200.0,2024-04-14T04:00:00+00:00,Withdrawn,,2025-07-30T04:00:00+00:00,,,Battery Storage,,,2028-09-15T04:00:00+00:00,,DPP-2023,Central,Study Not Started,NRIS,0.0,0.0,0.0,0.0,
J3259,,,Renville,MN,Cedar Mountain,GREAT RIVER ENERGY,Battery Storage,250.0,250.0,250.0,2024-04-17T04:00:00+00:00,Withdrawn,,2025-09-30T04:00:00+00:00,,,Battery Storage,,,2028-09-06T04:00:00+00:00,,DPP-2023,West,Study Not Started,NRIS,0.0,0.0,0.0,0.0,
J3269,,,Hamilton,IL,7W_FRFT_E - 7NORRIS   345.0kV,AMEREN ILLINOIS,Solar,300.0,300.0,300.0,2024-04-17T04:00:00+00:00,Withdrawn,,2025-09-29T04:00:00+00:00,,,Photovoltaic,,,2027-11-02T04:00:00+00:00,,DPP-2023,Central,Study Not Started,NRIS,0.0,0.0,0.0,0.0,
J2338,,,McPherson,SD,Ellendale - Twin Brooks 345kV,OTTER TAIL POWER COMPANY OTP,Wind,200.0,200.0,200.0,2022-09-15T04:00:00+00:00,Withdrawn,,2025-10-07T04:00:00+00:00,,,Wind Turbine,Not Started,,2027-09-01T04:00:00+00:00,,DPP-2022,West,Phase 1,NRIS,0.0,0.0,0.0,0.0,
J3715,,,Jackson,IN,Other_,HOOSIER ENERGY,Hybrid,150.0,150.0,150.0,2024-04-18T04:00:00+00:00,Withdrawn,,2025-12-23T05:00:00+00:00,,,Solar/Battery,,,2028-08-01T04:00:00+00:00,,DPP-2023,Central,Study Not Started,NRIS,0.0,0.0,0.0,0.0,
J2207,,,Henderson,KY,Henderson to AB Brown 138 kV,BIG RIVERS ELECTRIC CORPORATION BREC,Solar,300.0,300.0,300.0,2021-08-17T04:00:00+00:00,Withdrawn,,2021-12-08T05:00:00+00:00,,,Photovoltaic,,,2025-04-01T04:00:00+00:00,,DPP-2021,Central,Phase 2,NRIS,0.0,0.0,0.0,0.0,
J2326,,,Outagamie,WI,Werner West,AMERICAN TRANSMISSION COMPANY,Battery Storage,150.0,150.0,150.0,2022-09-13T04:00:00+00:00,Active,,,,,Battery Storage,Not Started,,2025-10-28T04:00:00+00:00,,DPP-2022,East (ATC),Phase 1,NRIS,150.0,150.0,0.0,0.0,
J2327,,,LaMoure,ND,Ellendale 345 kV,MONTANA-DAKOTA UTILITIES CO.MDU,Wind,300.0,300.0,300.0,2022-09-13T04:00:00+00:00,Withdrawn,,2025-10-07T04:00:00+00:00,,,Wind Turbine,Not Started,,2026-11-01T04:00:00+00:00,,DPP-2022,West,Phase 1,NRIS,0.0,0.0,0.0,0.0,
J2182,,,Tallahatchie,MS,webb 115 kV,"ENTERGY MISSISSIPPI, LLC. EMTO",Solar,100.0,100.0,100.0,2021-08-12T04:00:00+00:00,Withdrawn,,2021-09-17T04:00:00+00:00,,,Photovoltaic,,,2025-10-01T04:00:00+00:00,,DPP-2021,South,Phase 3,NRIS,0.0,0.0,0.0,0.0,
J3404,,,Macon,MO,Other_,AMEREN TRANSMISSION COMPANY OF ILLINOIS,Solar,300.0,300.0,300.0,2024-04-18T04:00:00+00:00,Withdrawn,,2025-09-30T04:00:00+00:00,,,Photovoltaic,,,2028-08-15T04:00:00+00:00,,DPP-2023,Central,Study Not Started,NRIS,0.0,0.0,0.0,0.0,
J3406,,,Calcasieu,LA,Nelson - Carlyss (J2154 POI),"ENTERGY LOUISIANA, LLC ELTO",Solar,100.0,100.0,100.0,2024-04-17T04:00:00+00:00,Withdrawn,,2025-07-30T04:00:00+00:00,,,Photovoltaic,,,2028-04-09T04:00:00+00:00,,DPP-2023,South,Study Not Started,NRIS,0.0,0.0,0.0,0.0,
J3411,,,Randolph,MO,5ADAIR    - 5THMHIL (AECI)  161.0kV,AMEREN MISSOURI,Solar,120.0,120.0,120.0,2024-04-12T04:00:00+00:00,Withdrawn,,2025-12-23T05:00:00+00:00,,,Photovoltaic,,,2028-03-01T05:00:00+00:00,,DPP-2023,Central,Study Not Started,ERIS,0.0,0.0,0.0,0.0,
J2339,,,Rapides,LA,Cocodrie-Forest Hill 230kV,CLECO POWER LLC CLEC,Solar,125.0,125.0,125.0,2022-09-15T04:00:00+00:00,Withdrawn,,2025-07-30T04:00:00+00:00,,,Photovoltaic,Not Started,,2026-10-01T04:00:00+00:00,,DPP-2022,South,Phase 1,NRIS,0.0,0.0,0.0,0.0,
J2335,,,Portage,WI,Plover 115 kV Substation (J1573 substation),AMERICAN TRANSMISSION COMPANY,Battery Storage,200.0,200.0,200.0,2022-09-14T04:00:00+00:00,Withdrawn,,2025-07-30T04:00:00+00:00,,,Battery Storage,Not Started,,2025-09-01T04:00:00+00:00,,DPP-2022,East (ATC),Phase 1,NRIS,0.0,0.0,0.0,0.0,
J3417,,,Macon,IL,Oreana,AMEREN ILLINOIS,Battery Storage,300.0,300.0,300.0,2024-04-17T04:00:00+00:00,Active,,,,,Battery Storage,,,2028-09-06T04:00:00+00:00,,DPP-2023,Central,Study Not Started,NRIS,300.0,300.0,0.0,0.0,
J3415,,,Mercer,ND,Coyote Switchyard,MONTANA-DAKOTA UTILITIES CO.MDU,Solar,250.0,250.0,250.0,2024-03-18T04:00:00+00:00,Withdrawn,,2025-07-24T04:00:00+00:00,,,Photovoltaic,,,2028-08-01T04:00:00+00:00,,DPP-2023,West,Study Not Started,NRIS,0.0,0.0,0.0,0.0,
J3606,,,Cross,AR,PARKIN - KUHN ROAD 161.0kV,"ENTERGY ARKANSAS, LLC EATO",Hybrid,197.7,197.7,197.7,2024-04-18T04:00:00+00:00,Withdrawn,,2025-12-23T05:00:00+00:00,,,Solar/Battery,,,2028-01-01T05:00:00+00:00,,DPP-2023,South,Study Not Started,NRIS,0.0,0.0,0.0,0.0,
J3670,,,LaSalle,IL,Corbin 138 kV,AMEREN ILLINOIS,Battery Storage,100.0,100.0,100.0,2024-04-18T04:00:00+00:00,Withdrawn,,2025-03-13T04:00:00+00:00,,,Battery Storage,,,2028-06-30T04:00:00+00:00,,DPP-2023,Central,Study Not Started,NRIS,0.0,0.0,0.0,0.0,
J3420,,,McPherson,SD,Ellendale 345 - Twin Brooks 345.0kV,OTTER TAIL POWER COMPANY OTP,Wind,200.0,200.0,200.0,2024-03-18T04:00:00+00:00,Active,,,,,Wind Turbine,,,2028-08-01T04:00:00+00:00,,DPP-2023,West,Study Not Started,NRIS,200.0,200.0,0.0,0.0,
J3427,,,Mississippi,AR,DELL EHV - NEW MADRID (AECI) 500.0kV,"ENTERGY ARKANSAS, LLC EATO",Solar,500.0,500.0,500.0,2024-03-26T04:00:00+00:00,Withdrawn,,2025-12-23T05:00:00+00:00,,,Photovoltaic,,,2028-06-30T04:00:00+00:00,,DPP-2023,South,Study Not Started,NRIS,0.0,0.0,0.0,0.0,
J3444,,,Jefferson,AR,AECC PINEBERGEN,"ENTERGY ARKANSAS, LLC EATO",Solar,125.0,125.0,125.0,2024-03-26T04:00:00+00:00,Withdrawn,,2025-09-30T04:00:00+00:00,,,Photovoltaic,,,2028-06-30T04:00:00+00:00,,DPP-2023,South,Study Not Started,NRIS,0.0,0.0,0.0,0.0,
J3248,,,Posey,IN,AB Brown - Farm Bureau 138.0kV,SOUTHERN INDIANA GAS & ELECTRIC COMPANY D/B/A CENTERPOINT ENERGY INDIANA SOUTH,Battery Storage,250.0,250.0,250.0,2024-04-13T04:00:00+00:00,Withdrawn,,2025-09-30T04:00:00+00:00,,,Battery Storage,,,2028-09-01T04:00:00+00:00,,DPP-2023,Central,Study Not Started,NRIS,0.0,0.0,0.0,0.0,
J3256,,,Clark,IL,4GALLATIN - 4KANSAS   138.0kV,AMEREN ILLINOIS,Solar,200.0,200.0,200.0,2024-04-13T04:00:00+00:00,Active,,,,,Photovoltaic,,,2028-09-01T04:00:00+00:00,,DPP-2023,Central,Study Not Started,NRIS,200.0,200.0,0.0,0.0,
J2325,,,Morehouse,LA,Bastrop to Sterlington 115 kV,"ENTERGY LOUISIANA, LLC ELTO",Battery Storage,175.0,175.0,175.0,2022-09-13T04:00:00+00:00,Withdrawn,,2023-03-25T04:00:00+00:00,,,Battery Storage,Not Started,,2025-08-01T04:00:00+00:00,,DPP-2022,South,Phase 1,NRIS,0.0,0.0,0.0,0.0,
J2103,,,Jasper,TX,Buna SW to Call Transmission Line,"ENTERGY TEXAS, INC. ETTO",Solar,100.0,100.0,100.0,2021-09-01T04:00:00+00:00,Withdrawn,,2021-12-03T05:00:00+00:00,,,Photovoltaic,,,2024-10-04T04:00:00+00:00,,DPP-2021,South,Phase 3,NRIS,0.0,0.0,0.0,0.0,
J3419,,,Huron,MI,SEASIDE,ITC,Solar,150.0,150.0,150.0,2024-03-18T04:00:00+00:00,Active,,,,,Photovoltaic,,,2028-09-01T04:00:00+00:00,,DPP-2023,East (ITC),Study Not Started,NRIS,150.0,150.0,0.0,0.0,
J2344,,,Stutsman,ND,Jamestown 345 kV,OTTER TAIL POWER COMPANY OTP,Wind,200.0,200.0,200.0,2022-09-13T04:00:00+00:00,Withdrawn,,2025-10-07T04:00:00+00:00,,,Wind Turbine,Not Started,,2026-11-01T04:00:00+00:00,,DPP-2022,West,Phase 1,NRIS,0.0,0.0,0.0,0.0,
J2329,,,Vigo,IN,Wabash River-Whitesville South 230 kV,"DUKE ENERGY INDIANA, LLC CIN",Battery Storage,100.0,100.0,100.0,2022-09-14T04:00:00+00:00,Withdrawn,,2025-10-27T04:00:00+00:00,,,Battery Storage,Not Started,,2025-10-31T04:00:00+00:00,,DPP-2022,Central,Phase 2,NRIS,0.0,0.0,0.0,0.0,
J3438,,,Saginaw,MI,MURPHY,METC,Battery Storage,250.0,250.0,250.0,2024-03-26T04:00:00+00:00,Pending Revision Approval,,,,,Battery Storage,,,2028-06-30T04:00:00+00:00,,DPP-2023,East (ITC),Study Not Started,NRIS,250.0,250.0,0.0,0.0,
J3441,,,Houston,TX,ROCKY CREEK - CROCKETT (SWEPCO) 345.0kV,"ENTERGY TEXAS, INC. ETTO",Solar,500.0,500.0,500.0,2024-03-27T04:00:00+00:00,Withdrawn,,2025-09-30T04:00:00+00:00,,,Photovoltaic,,,2028-06-30T04:00:00+00:00,,DPP-2023,South,Study Not Started,NRIS,0.0,0.0,0.0,0.0,
J2351,,,Clay,AR,AECC RECTOR NORTH - RECTOR 161kV line,,Solar,200.0,200.0,200.0,2022-09-15T04:00:00+00:00,Active,,,,,Photovoltaic,Not Started,,2026-08-01T04:00:00+00:00,,DPP-2022,South,Phase 1,NRIS,200.0,200.0,0.0,0.0,
J2350,,,Pulaski,AR,WHITE BLUFF EHV - WRIGHTSVILLE 115.0kV,"ENTERGY ARKANSAS, LLC EATO",Solar,115.5,115.5,115.5,2022-09-15T04:00:00+00:00,Active,,,,,Photovoltaic,Not Started,,2025-09-15T04:00:00+00:00,,DPP-2022,South,Phase 1,ERIS,115.5,0.0,0.0,0.0,
J3449,,,Pope,AR,MORRILTON EAST - ATKINS 161.0kV,"ENTERGY ARKANSAS, LLC EATO",Solar,200.0,200.0,200.0,2024-03-26T04:00:00+00:00,Pending Revision Approval,,,,,Photovoltaic,,,2028-06-30T04:00:00+00:00,,DPP-2023,South,Study Not Started,NRIS,200.0,0.0,0.0,0.0,
J3240,,,Fulton,IL,Other_,AMEREN ILLINOIS,Solar,150.0,150.0,150.0,2024-04-14T04:00:00+00:00,Withdrawn,,2025-09-30T04:00:00+00:00,,,Photovoltaic,,,2028-09-15T04:00:00+00:00,,DPP-2023,Central,Study Not Started,NRIS,0.0,0.0,0.0,0.0,
J2349,,,Jackson,IL,Jackson to Campbell Hill 161kV,Southern Illinois Power Cooperative,Solar,200.0,200.0,200.0,2022-09-15T04:00:00+00:00,Withdrawn,,2025-10-27T04:00:00+00:00,,,Photovoltaic,Not Started,,2026-07-31T04:00:00+00:00,,DPP-2022,Central,Phase 2,NRIS,0.0,0.0,0.0,0.0,
J3257,,,Pulaski,IN,EAST WINAMAC - MONTICELLO 138.0kV,NORTHERN INDIANA PUBLIC SERVICE COMPANY LLC NIPS,Solar,190.0,190.0,190.0,2024-04-18T04:00:00+00:00,Withdrawn,,2025-09-30T04:00:00+00:00,,,Photovoltaic,,,2026-10-01T04:00:00+00:00,,DPP-2023,Central,Study Not Started,NRIS,0.0,0.0,0.0,0.0,
J2332,,,Cottonwood,MN,Lyon County - Cedar Mountain 345kV,NORTHERN STATES POWER COMPANY,Wind,200.0,200.0,200.0,2022-09-15T04:00:00+00:00,Active,,,,,Wind Turbine,Not Started,,2027-09-01T04:00:00+00:00,,DPP-2022,West,Phase 1,NRIS,200.0,200.0,0.0,0.0,
J2343,,,Marion,IN,Georgetown  - North 138.0kV,INDIANAPOLIS POWER & LIGHT COMPANY,Battery Storage,130.0,130.0,130.0,2022-09-14T04:00:00+00:00,Active,,,,,Battery Storage,Not Started,,2026-05-01T04:00:00+00:00,,DPP-2022,Central,Phase 2,NRIS,130.0,130.0,0.0,0.0,
J2333,,,McPherson,SD,Ellendale - Twin Brooks 345kV,OTTER TAIL POWER COMPANY OTP,Wind,200.0,200.0,200.0,2022-09-15T04:00:00+00:00,Withdrawn,,2025-10-07T04:00:00+00:00,,,Wind Turbine,Not Started,,2027-09-01T04:00:00+00:00,,DPP-2022,West,Phase 1,NRIS,0.0,0.0,0.0,0.0,
J2354,,,Marinette,WI,Crivitz,AMERICAN TRANSMISSION COMPANY,Solar,65.0,65.0,65.0,2022-09-15T04:00:00+00:00,Withdrawn,,2025-07-30T04:00:00+00:00,,,Photovoltaic,Not Started,,2024-12-01T05:00:00+00:00,,DPP-2022,East (ATC),Phase 1,NRIS,0.0,0.0,0.0,0.0,
J2356,,,Craighead,AR,Cash-Newport AB 161 kV line,"ENTERGY ARKANSAS, LLC EATO",Hybrid,200.0,200.0,200.0,2022-09-15T04:00:00+00:00,Withdrawn,,2023-03-24T04:00:00+00:00,,,Solar/Battery,Not Started,,2026-09-30T04:00:00+00:00,,DPP-2022,South,Phase 1,NRIS,0.0,0.0,0.0,0.0,
J2331,,,Franklin,IL,West Frankfort East Substation 345kV,AMEREN ILLINOIS,Solar,127.0,127.0,127.0,2022-09-15T04:00:00+00:00,Withdrawn,,2023-03-24T04:00:00+00:00,,,Photovoltaic,Not Started,,2026-09-15T04:00:00+00:00,,DPP-2022,Central,Phase 2,NRIS,0.0,0.0,0.0,0.0,
J2346,,,Murray,MN,Lyon County - Cedar Mountain 345kV,NORTHERN STATES POWER COMPANY,Wind,200.0,200.0,200.0,2022-09-15T04:00:00+00:00,Active,,,,,Wind Turbine,Not Started,,2027-09-01T04:00:00+00:00,,DPP-2022,West,Phase 1,NRIS,200.0,200.0,0.0,0.0,
J2347,,,Roscommon,MI,Higgins - Mio Dam 138 kV Line,METC,Solar,40.0,40.0,40.0,2022-09-14T04:00:00+00:00,Withdrawn,,2025-08-01T04:00:00+00:00,,,Photovoltaic,Not Started,,2025-09-15T04:00:00+00:00,,DPP-2022,East (ITC),Phase 1,NRIS,0.0,0.0,0.0,0.0,
J2352,,,Woodbury,IA,Raun - Lehigh 345 kV,MIDAMERICAN ENERGY CO. MEC,Wind,118.0,118.0,118.0,2022-09-15T04:00:00+00:00,Withdrawn,,2025-10-07T04:00:00+00:00,,,Wind Turbine,Not Started,,2026-11-01T04:00:00+00:00,,DPP-2022,West,Phase 1,NRIS,0.0,0.0,0.0,0.0,
J2337,,,St. Francois,MO,St. Francois 138kV 4ST FRANC 1 bus 345774,AMEREN MISSOURI,Battery Storage,100.0,100.0,100.0,2022-09-15T04:00:00+00:00,Withdrawn,,2025-07-28T04:00:00+00:00,,,Battery Storage,Not Started,,2026-06-30T04:00:00+00:00,,DPP-2022,Central,Phase 2,NRIS,0.0,0.0,0.0,0.0,
J3320,,,Ottawa,MI,ROOSEVELT,METC,Battery Storage,200.0,200.0,200.0,2024-04-18T04:00:00+00:00,Withdrawn,,2025-05-05T04:00:00+00:00,,,Battery Storage,,,2028-06-30T04:00:00+00:00,,DPP-2023,East (ITC),Study Not Started,NRIS,0.0,0.0,0.0,0.0,
J3324,,,Palo Alto,IA,PALO ALTO - KOSSUTH COUNTY 345.0kV,MIDAMERICAN ENERGY CO. MEC,Wind,200.0,200.0,200.0,2024-04-18T04:00:00+00:00,Active,,,,,Wind Turbine,,,2029-09-01T04:00:00+00:00,,DPP-2023,West,Study Not Started,NRIS,200.0,200.0,0.0,0.0,
J2328,,,Lonoke,AR,Keo 500kV,"ENTERGY ARKANSAS, LLC EATO",Solar,150.0,150.0,150.0,2022-09-12T04:00:00+00:00,Withdrawn,,2025-07-30T04:00:00+00:00,,,Photovoltaic,Not Started,,2027-10-01T04:00:00+00:00,,DPP-2022,South,Phase 1,NRIS,0.0,0.0,0.0,0.0,
J2345,,,Marathon,WI,Gardner Park-Stone Lake 345kV,AMERICAN TRANSMISSION COMPANY,Wind,150.0,150.0,150.0,2022-09-12T04:00:00+00:00,Withdrawn,,2025-07-30T04:00:00+00:00,,,Wind Turbine,Not Started,,2028-10-01T04:00:00+00:00,,DPP-2022,East (ATC),Phase 1,NRIS,0.0,0.0,0.0,0.0,
J3358,,,De Witt,IL,Tabor,AMEREN ILLINOIS,Battery Storage,100.0,100.0,100.0,2024-04-15T04:00:00+00:00,Withdrawn,,2025-12-23T05:00:00+00:00,,,Battery Storage,,,2028-12-31T05:00:00+00:00,,DPP-2023,Central,Study Not Started,NRIS,0.0,0.0,0.0,0.0,
J3376,,,Mississippi,AR,Blytheville North,ARKANSAS ELECTRIC COOPERATIVE CORPORATION AECT,Solar,130.0,130.0,130.0,2024-04-17T04:00:00+00:00,Withdrawn,,2025-09-24T04:00:00+00:00,,,Photovoltaic,,,2028-03-31T04:00:00+00:00,,DPP-2023,South,Study Not Started,ERIS,0.0,0.0,0.0,0.0,
J3429,,,Pemiscot,MO,JIM HILL - HAYTI SOUTH 161.0kV,"ENTERGY ARKANSAS, LLC EATO",Solar,160.0,160.0,160.0,2024-04-18T04:00:00+00:00,Withdrawn,,2025-12-23T05:00:00+00:00,,,Photovoltaic,,,2028-05-31T04:00:00+00:00,,DPP-2023,South,Study Not Started,NRIS,0.0,0.0,0.0,0.0,
J3439,,,Sherburne,MN,RICE LAKE SWITCH ELSM11 - ZIMMERMAN TAP - SS2858 - ELS1 69.0kV,GREAT RIVER ENERGY,Solar,72.0,72.0,72.0,2024-04-11T04:00:00+00:00,Active,,,,,Photovoltaic,,,2026-10-31T04:00:00+00:00,,DPP-2023,West,Study Not Started,NRIS,72.0,72.0,0.0,0.0,
J3443,,,Big Stone,MN,Big Stone South - Alexandira 345kV,OTTER TAIL POWER COMPANY OTP,Hybrid,250.0,250.0,250.0,2024-04-12T04:00:00+00:00,Active,,,,,Wind/Battery,,,2028-06-01T04:00:00+00:00,,DPP-2023,West,Study Not Started,NRIS,250.0,250.0,0.0,0.0,
J3446,,,Kent,MI,Gaines substation 138kV,METC,Battery Storage,200.0,200.0,200.0,2024-04-04T04:00:00+00:00,Withdrawn,,2025-09-12T04:00:00+00:00,,,Battery Storage,,,2028-06-30T04:00:00+00:00,,DPP-2023,East (ITC),Study Not Started,NRIS,0.0,0.0,0.0,0.0,
J2355,,,Greene,IL,A Tap on 4JERSEYVL-4ROODHSE,AMEREN ILLINOIS,Solar,70.0,70.0,70.0,2022-09-14T04:00:00+00:00,Withdrawn,,2025-10-27T04:00:00+00:00,,,Photovoltaic,Not Started,,2027-11-30T05:00:00+00:00,,DPP-2022,Central,Phase 2,NRIS,0.0,0.0,0.0,0.0,
J2348,,,Webster,LA,Minden to Sarepta 115 kV,"ENTERGY LOUISIANA, LLC ELTO",Solar,225.0,225.0,225.0,2022-09-14T04:00:00+00:00,Withdrawn,,2025-07-30T04:00:00+00:00,,,Photovoltaic,Not Started,,2026-10-31T04:00:00+00:00,,DPP-2022,South,Phase 1,NRIS,0.0,0.0,0.0,0.0,
J3249,,,Vanderburgh,IN,Elliott - Francisco 138.0kV,SOUTHERN INDIANA GAS & ELECTRIC COMPANY D/B/A CENTERPOINT ENERGY INDIANA SOUTH,Battery Storage,200.0,200.0,200.0,2024-04-13T04:00:00+00:00,Active,,,,,Battery Storage,,,2028-09-01T04:00:00+00:00,,DPP-2023,Central,Study Not Started,NRIS,200.0,200.0,0.0,0.0,
J3270,,,Phillips,AR,AECC AUBREY - RITCHIE SWYD 230.0kV,"ENTERGY ARKANSAS, LLC EATO",Solar,250.0,250.0,250.0,2024-04-17T04:00:00+00:00,Withdrawn,,2025-12-23T05:00:00+00:00,,,Photovoltaic,,,2028-09-04T04:00:00+00:00,,DPP-2023,South,Study Not Started,NRIS,0.0,0.0,0.0,0.0,
R5098,,,,,,"ENTERGY ARKANSAS, LLC EATO",,0.0,0.0,0.0,2026-05-26T04:00:00+00:00,Active,,,,,,,,2028-06-30T04:00:00+00:00,,NO_CYCLE,NO_GROUP,,NRIS,0.0,0.0,0.0,0.0,
S1157,,,,TX,,"ENTERGY TEXAS, INC. ETTO",,534.0,534.0,534.0,2026-04-13T22:36:28+00:00,Active,,,,,,,,2026-08-29T04:00:00+00:00,,,,,SIS,0.0,0.0,0.0,0.0,
S1171,,,,,White Bluff EHV 500MW,"ENTERGY ARKANSAS, LLC EATO",,0.0,0.0,0.0,2026-05-26T04:00:00+00:00,Active,,,,,,,,2028-06-30T04:00:00+00:00,,NO_CYCLE,NO_GROUP,,SIS,0.0,0.0,0.0,0.0,
J3342,,,Vermilion,IL,J2192 POI,AMEREN ILLINOIS,Solar,180.0,180.0,180.0,2024-04-18T04:00:00+00:00,Active,,,,,Photovoltaic,,,2028-08-31T04:00:00+00:00,,DPP-2023,Central,Study Not Started,NRIS,110.0,110.0,0.0,0.0,
J3344,,,Knox,IL,7FARGO - 7SANDBURG 345.0kV,AMEREN TRANSMISSION COMPANY OF ILLINOIS,Battery Storage,100.0,100.0,100.0,2024-04-13T04:00:00+00:00,Active,,,,,Battery Storage,,,2028-09-01T04:00:00+00:00,,DPP-2023,Central,Study Not Started,NRIS,100.0,100.0,0.0,0.0,
J3364,,,St. Martin,LA,ST MARTINVILLE (L-625A) TAP - CADE SS 69.0kV,"ENTERGY LOUISIANA, LLC ELTO",Solar,50.0,50.0,50.0,2024-04-18T04:00:00+00:00,Withdrawn,,2025-09-30T04:00:00+00:00,,,Photovoltaic,,,2027-09-01T04:00:00+00:00,,DPP-2023,South,Study Not Started,NRIS,0.0,0.0,0.0,0.0,
J3377,,,Madison,LA,DELHI - TALLULAH 115.0kV,"ENTERGY LOUISIANA, LLC ELTO",Solar,150.0,150.0,150.0,2024-04-18T04:00:00+00:00,Withdrawn,,2025-12-23T05:00:00+00:00,,,Photovoltaic,,,2028-03-31T04:00:00+00:00,,DPP-2023,South,Study Not Started,ERIS,0.0,0.0,0.0,0.0,
J3379,,,Johnson,IL,7JORD - 7MASS 345.0kV,AMEREN ILLINOIS,Solar,100.0,100.0,100.0,2024-04-18T04:00:00+00:00,Active,,,,,Photovoltaic,,,2028-02-18T05:00:00+00:00,,DPP-2023,Central,Study Not Started,ERIS,100.0,0.0,0.0,0.0,
J3435,,,Arkansas,AR,STUTTGART RICUSKEY - WOODWARD 230 SUB 230.0kV,"ENTERGY ARKANSAS, LLC EATO",Solar,210.0,210.0,210.0,2024-04-18T04:00:00+00:00,Withdrawn,,2025-09-29T04:00:00+00:00,,,Photovoltaic,,,2028-04-01T04:00:00+00:00,,DPP-2023,South,Study Not Started,NRIS,0.0,0.0,0.0,0.0,
J3437,,,Ogemaw,MI,LIVINGSTON - TITTABAWASSEE 345.0kV,METC,Hybrid,160.0,160.0,160.0,2024-05-06T04:00:00+00:00,Withdrawn,,2025-12-23T05:00:00+00:00,,,Solar/Wind/Battery,,,2027-09-30T04:00:00+00:00,,DPP-2023,East (ITC),Study Not Started,NRIS,0.0,0.0,0.0,0.0,
J3452,,,Morehouse,LA,BAXTER WILSON SES SWYD - PERRYVILLE 500 SWYD 500.0kV,"ENTERGY LOUISIANA, LLC ELTO",Battery Storage,50.0,50.0,50.0,2024-04-13T04:00:00+00:00,Withdrawn,,2025-12-23T05:00:00+00:00,,,Battery Storage,,,2028-09-01T04:00:00+00:00,,DPP-2023,South,Study Not Started,NRIS,0.0,0.0,0.0,0.0,
J3809,,,Mason,IL,Winnebago,AMEREN ILLINOIS,Wind,199.99,199.99,199.99,2024-04-17T04:00:00+00:00,Withdrawn,,2026-06-03T04:00:00+00:00,,,Wind Turbine,,,2028-09-01T04:00:00+00:00,,DPP-2023,Central,Study Not Started,NRIS,0.0,0.0,0.0,0.0,
J3729,,,Franklin,IL,Benton Northwest,AMEREN ILLINOIS,Battery Storage,200.0,200.0,200.0,2024-04-18T04:00:00+00:00,Pending Revision Approval,,,,,Battery Storage,,,2028-02-01T05:00:00+00:00,,DPP-2023,Central,Study Not Started,NRIS,200.0,200.0,0.0,0.0,
S1156,,,,TX,,"ENTERGY TEXAS, INC. ETTO",,632.0,632.0,632.0,2026-04-13T22:38:55+00:00,Active,,,,,,,,2026-08-29T04:00:00+00:00,,,,,SIS,0.0,0.0,0.0,0.0,
J3719,,,Miami,IN,Greentown  - Walton. 230.0kV,"DUKE ENERGY INDIANA, LLC CIN",Solar,200.0,200.0,200.0,2024-03-20T04:00:00+00:00,Active,,,,,Photovoltaic,,,2028-09-01T04:00:00+00:00,,DPP-2023,Central,Study Not Started,NRIS,200.0,200.0,0.0,0.0,
J3884,,,Benton,MN,BENTON COUNTY 345 - START DBL CKT W/EW LINE 345.0kV,GREAT RIVER ENERGY,Solar,300.0,300.0,300.0,2025-02-09T05:00:00+00:00,Withdrawn,,2026-04-15T04:00:00+00:00,,,Photovoltaic,,,2030-09-30T04:00:00+00:00,,DPP-2025,West,Phase 1,NRIS,0.0,0.0,0.0,0.0,
J3721,,,Spencer,IN,Culley - Dubois 138.0kV,AMEREN ILLINOIS,Solar,200.0,200.0,200.0,2024-03-20T04:00:00+00:00,Withdrawn,,2025-12-23T05:00:00+00:00,,,Photovoltaic,,,2028-09-01T04:00:00+00:00,,DPP-2023,Central,Study Not Started,NRIS,0.0,0.0,0.0,0.0,
J3529,,,Mahnomen,MN,Mahnomen - Winger 115.0kV,OTTER TAIL POWER COMPANY OTP,Solar,64.0,64.0,64.0,2024-05-20T04:00:00+00:00,Active,,,,,Photovoltaic,,,2028-05-30T04:00:00+00:00,,DPP-2023,West,Study Not Started,NRIS,64.0,64.0,0.0,0.0,
J3599,,,Craighead,AR,Lunsford,ARKANSAS ELECTRIC COOPERATIVE CORPORATION AECT,Solar,60.0,60.0,60.0,2024-04-10T04:00:00+00:00,Withdrawn,,2025-09-29T04:00:00+00:00,,,Photovoltaic,,,2027-06-01T04:00:00+00:00,,DPP-2023,South,Study Not Started,ERIS,0.0,0.0,0.0,0.0,
J3600,,,Morehouse,LA,OAK RIDGE (LA) - SWARTZ 115.0kV,"ENTERGY LOUISIANA, LLC ELTO",Battery Storage,50.0,50.0,50.0,2024-04-16T04:00:00+00:00,Withdrawn,,2025-09-29T04:00:00+00:00,,,Battery Storage,,,2028-09-01T04:00:00+00:00,,DPP-2023,South,Study Not Started,NRIS,0.0,0.0,0.0,0.0,
J3858,,,Livingston,MI,Madrid Substation 120 kV - Bus number 265650,ITC,Solar,110.0,110.0,110.0,2024-12-18T05:00:00+00:00,Withdrawn,,2026-07-22T04:00:00+00:00,,,Photovoltaic,,,2029-06-01T04:00:00+00:00,,DPP-2025,East (ITC),Phase 1,NRIS,0.0,0.0,0.0,0.0,
J3720,,,Ralls,MO,5SPALDNG (AECI) - 5PENOCRK  161.0kV,AMEREN MISSOURI,Solar,200.0,200.0,200.0,2024-03-18T04:00:00+00:00,Withdrawn,,2025-12-23T05:00:00+00:00,,,Photovoltaic,,,2028-09-01T04:00:00+00:00,,DPP-2023,Central,Study Not Started,NRIS,0.0,0.0,0.0,0.0,
J3873,,,Gibson,IN,Owensville Primary,HOOSIER ENERGY,Battery Storage,200.0,200.0,200.0,2024-12-19T05:00:00+00:00,Pending Revision Approval,,,,,Battery Storage,,,2029-06-01T04:00:00+00:00,,DPP-2025,Central,Phase 1,NRIS,200.0,200.0,0.0,0.0,
J3850,,,Pine,MN,ROCK CREEK,NORTHERN STATES POWER COMPANY,Solar,150.0,150.0,150.0,2024-12-31T05:00:00+00:00,Withdrawn,,2026-04-15T04:00:00+00:00,,,Photovoltaic,,,2030-06-30T04:00:00+00:00,,DPP-2025,West,Phase 1,NRIS,0.0,0.0,0.0,0.0,
J3825,,,Hinds,MS,230kV Greenacres Substation,"ENTERGY MISSISSIPPI, LLC. EMTO",Gas,770.0,730.0,770.0,2024-04-17T04:00:00+00:00,Withdrawn,,2025-09-24T04:00:00+00:00,,,Combined-Cycle – Steam Plant,,,2028-01-01T05:00:00+00:00,,DPP-2023,South,Study Not Started,NRIS,0.0,0.0,0.0,0.0,
J3521,,,Shelby,IL,Neoga,AMEREN ILLINOIS,Wind,350.0,350.0,350.0,2024-04-18T04:00:00+00:00,Active,,,,,Wind Turbine,,,2028-09-15T04:00:00+00:00,,DPP-2023,Central,Study Not Started,NRIS,350.0,200.0,0.0,0.0,
J3723,,,Wexford,MI,KEYSTONE - LUDINGTON 345.0kV,METC,Solar,300.0,300.0,300.0,2024-04-15T04:00:00+00:00,Active,,,,,Photovoltaic,,,2028-09-01T04:00:00+00:00,,DPP-2023,East (ITC),Study Not Started,NRIS,300.0,300.0,0.0,0.0,
J3543,,,Dakota,MN,Chub Lake 115 kV,GREAT RIVER ENERGY,Battery Storage,135.0,135.0,135.0,2024-04-18T04:00:00+00:00,Active,,,,,Battery Storage,,,2028-06-30T04:00:00+00:00,,DPP-2023,West,Study Not Started,NRIS,135.0,135.0,0.0,0.0,
J3602,,,McLean,IL,Other_,AMEREN ILLINOIS,Wind,110.0,110.0,110.0,2024-04-17T04:00:00+00:00,Pending Transfer,,,,,Wind Turbine,,,2028-04-01T04:00:00+00:00,,DPP-2023,Central,Study Not Started,NRIS,110.0,110.0,0.0,0.0,
J3601,,,Morehouse,LA,OAK RIDGE (LA) - SWARTZ 115.0kV,"ENTERGY LOUISIANA, LLC ELTO",Solar,200.0,200.0,200.0,2024-04-16T04:00:00+00:00,Active,,,,,Photovoltaic,,,2028-09-01T04:00:00+00:00,,DPP-2023,South,Study Not Started,NRIS,200.0,0.0,0.0,0.0,
J3841,,,Richland,LA,Smalling 230kV Substation,"ENTERGY MISSISSIPPI, LLC. EMTO",Gas,770.0,735.0,770.0,2024-10-31T04:00:00+00:00,Withdrawn,,2025-09-11T04:00:00+00:00,,,Combined Cycle,,,2028-01-31T05:00:00+00:00,,DPP-2025,South,Phase 1,ERIS,0.0,0.0,0.0,0.0,
J3844,,,St. Joseph,MI,BATAVIA - MORROW  138.0kV,METC,Solar,150.0,150.0,150.0,2024-11-26T05:00:00+00:00,Active,,,,,Photovoltaic,,,2029-04-01T04:00:00+00:00,,DPP-2025,East (ITC),Phase 1,NRIS,150.0,150.0,0.0,0.0,
J3854,,,Mason,IL,4PURO - 4HAVANA3 138.0kV,AMEREN ILLINOIS,Wind,44.33,44.33,44.33,2024-12-26T05:00:00+00:00,Withdrawn,,2025-04-09T04:00:00+00:00,,,Wind Turbine,,,2028-01-03T05:00:00+00:00,,DPP-2025,Central,Phase 1,NRIS,0.0,0.0,0.0,0.0,
J3855,,,Madison,MS,CANTON - PICKENS 230.0kV,"ENTERGY MISSISSIPPI, LLC. EMTO",Solar,197.5,197.5,197.5,2024-12-26T05:00:00+00:00,Withdrawn,,2025-12-31T05:00:00+00:00,,,Photovoltaic,,,2028-03-01T05:00:00+00:00,,DPP-2025,South,Phase 1,ERIS,0.0,0.0,0.0,0.0,
J3799,,,Livingston,MI,BLACKFOOT - MADRID 345.0kV,ITC,Gas,1452.0,1452.0,1452.0,2024-04-18T04:00:00+00:00,Pending Revision Approval,,,,,Combined Cycle,,,2030-04-01T04:00:00+00:00,,DPP-2025,East (ITC),Phase 1,NRIS,1452.0,1452.0,0.0,0.0,
J3266,,,Sargent,ND,Forman 230 kV Substation,OTTER TAIL POWER COMPANY OTP,Battery Storage,175.0,175.0,175.0,2024-04-11T04:00:00+00:00,Withdrawn,,2025-12-23T05:00:00+00:00,,,Battery Storage,,,2028-08-17T04:00:00+00:00,,DPP-2023,West,Study Not Started,NRIS,0.0,0.0,0.0,0.0,
J3315,,,Pike,MS,COLONIAL PIPELINE - FERNWOOD 115.0kV,"ENTERGY MISSISSIPPI, LLC. EMTO",Solar,150.0,150.0,150.0,2024-04-18T04:00:00+00:00,Withdrawn,,2025-07-09T04:00:00+00:00,,,Photovoltaic,,,2026-10-01T04:00:00+00:00,,DPP-2023,South,Study Not Started,NRIS,0.0,0.0,0.0,0.0,
J2323,,,Webster,IA,Webster-Lehigh 345kV,MIDAMERICAN ENERGY CO. MEC,Wind,145.0,145.0,145.0,2022-09-13T04:00:00+00:00,Withdrawn,,2025-10-27T04:00:00+00:00,,,Wind Turbine,Not Started,,2027-10-01T04:00:00+00:00,,DPP-2022,West,Phase 1,NRIS,0.0,0.0,0.0,0.0,
J2330,,,Leflore,MS,GREENWOOD,,Solar,200.0,200.0,200.0,2022-09-15T04:00:00+00:00,Active,,,,,Photovoltaic,Not Started,,2026-10-31T04:00:00+00:00,,DPP-2022,South,Phase 1,ERIS,200.0,0.0,0.0,0.0,
J3359,,,Tazewell,IL,Eastern Substation 138 kV,AMEREN ILLINOIS,Battery Storage,80.0,80.0,80.0,2024-04-15T04:00:00+00:00,Withdrawn,,2025-09-30T04:00:00+00:00,,,Battery Storage,,,2030-12-31T05:00:00+00:00,,DPP-2023,Central,Study Not Started,NRIS,0.0,0.0,0.0,0.0,
J3445,,,Olmsted,MN,Westside,GridUnity,Gas,49.0,45.0,49.0,2024-04-11T04:00:00+00:00,Withdrawn,,2025-09-24T04:00:00+00:00,,,Combustion Turbine (Simple Cycle),,,2028-08-01T04:00:00+00:00,,DPP-2023,West,Study Not Started,NRIS,0.0,0.0,0.0,0.0,
J2341,,,Arkansas,AR,Ricuskey-Woodward 230kV,"ENTERGY ARKANSAS, LLC EATO",Solar,75.0,75.0,75.0,2022-09-13T04:00:00+00:00,Withdrawn,,2025-07-30T04:00:00+00:00,,,Photovoltaic,Not Started,,2026-10-01T04:00:00+00:00,,DPP-2022,South,Phase 1,NRIS,0.0,0.0,0.0,0.0,
J2340,,,Rush,IN,RUSHVILLE 69 kV - HEMILROY 69 kV,"DUKE ENERGY INDIANA, LLC CIN",Solar,43.0,43.0,43.0,2022-09-14T04:00:00+00:00,Withdrawn,,2025-10-27T04:00:00+00:00,,,Photovoltaic,Not Started,,2027-08-01T04:00:00+00:00,,DPP-2022,Central,Phase 2,NRIS,0.0,0.0,0.0,0.0,
J2357,,,Lafourche,LA,Thibodaux 230 kV Substation,"ENTERGY LOUISIANA, LLC ELTO",Battery Storage,200.0,200.0,200.0,2022-09-15T04:00:00+00:00,Withdrawn,,2025-07-30T04:00:00+00:00,,,Battery Storage,Not Started,,2027-05-01T04:00:00+00:00,,DPP-2022,South,Phase 1,NRIS,0.0,0.0,0.0,0.0,
J2353,,,White,IN,REYNOLDS - BURR OAK 345.0kV,NORTHERN INDIANA PUBLIC SERVICE COMPANY LLC NIPS,Solar,190.0,190.0,190.0,2022-09-15T04:00:00+00:00,Active,,,,,Photovoltaic,Not Started,,2026-05-01T04:00:00+00:00,,DPP-2022,Central,Phase 2,NRIS,190.0,190.0,0.0,0.0,
J3242,,,Tazewell,IL,Flint 138 kv,AMEREN ILLINOIS,Battery Storage,150.0,150.0,150.0,2024-04-17T04:00:00+00:00,Withdrawn,,2025-05-05T04:00:00+00:00,,,Battery Storage,,,2028-06-30T04:00:00+00:00,,DPP-2023,Central,Study Not Started,NRIS,0.0,0.0,0.0,0.0,
J3243,,,Parke,IN,Other_,"DUKE ENERGY INDIANA, LLC CIN",Battery Storage,150.0,150.0,150.0,2024-03-27T04:00:00+00:00,Withdrawn,,2025-12-23T05:00:00+00:00,,,Battery Storage,,,2028-06-30T04:00:00+00:00,,DPP-2023,Central,Study Not Started,NRIS,0.0,0.0,0.0,0.0,
J3475,,,Mason,IL,Indian Creek,"PRAIRIE POWER, INC. PPI",Solar,200.0,200.0,200.0,2024-04-18T04:00:00+00:00,Withdrawn,,2025-07-31T04:00:00+00:00,,,Photovoltaic,,,2028-05-13T04:00:00+00:00,,DPP-2023,Central,Study Not Started,NRIS,0.0,0.0,0.0,0.0,
J3474,,,Allegan,MI,BUCK CREEK - HAZELWOOD 138.0kV,METC,Solar,128.0,128.0,128.0,2024-04-18T04:00:00+00:00,Withdrawn,,2025-12-23T05:00:00+00:00,,,Photovoltaic,,,2028-09-15T04:00:00+00:00,,DPP-2023,East (ITC),Study Not Started,NRIS,0.0,0.0,0.0,0.0,
J3453,,,Holmes,MS,INDIANOLA 230/115 SUB - MCADAMS EHV 230.0kV,"ENTERGY MISSISSIPPI, LLC. EMTO",Battery Storage,100.0,100.0,100.0,2024-04-13T04:00:00+00:00,Withdrawn,,2025-09-29T04:00:00+00:00,,,Battery Storage,,,2028-09-01T04:00:00+00:00,,DPP-2023,South,Study Not Started,NRIS,0.0,0.0,0.0,0.0,
R5092,,,Washington,,4JORD - 4ASHLEY 138.0kV,NORTHERN STATES POWER COMPANY,,185.0,185.0,185.0,2026-04-10T09:43:08+00:00,Active,,,,,,,,2024-06-30T04:00:00+00:00,,NO_CYCLE,NO_GROUP,,NRIS,0.0,0.0,0.0,0.0,
J3258,,,Ottawa,MI,TYLER,METC,Battery Storage,200.0,200.0,200.0,2024-04-17T04:00:00+00:00,Withdrawn,,2025-12-22T05:00:00+00:00,,,Battery Storage,,,2028-09-06T04:00:00+00:00,,DPP-2023,East (ITC),Study Not Started,NRIS,0.0,0.0,0.0,0.0,
J3265,,,Brookings,SD,BROOKINGS COUNTY,NORTHERN STATES POWER COMPANY,Battery Storage,175.0,175.0,175.0,2024-04-11T04:00:00+00:00,Withdrawn,,2025-12-23T05:00:00+00:00,,,Battery Storage,,,2028-08-17T04:00:00+00:00,,DPP-2023,West,Study Not Started,NRIS,0.0,0.0,0.0,0.0,
J3272,,,Concordia,LA,VIDALIA,"ENTERGY LOUISIANA, LLC ELTO",Solar,85.0,85.0,85.0,2024-04-10T04:00:00+00:00,Withdrawn,,2025-08-18T04:00:00+00:00,,,Photovoltaic,,,2028-04-09T04:00:00+00:00,,DPP-2023,South,Study Not Started,NRIS,0.0,0.0,0.0,0.0,
J3271,,,Mississippi,AR,AECC Dell 161kV - Nucor-Yamato 161kV Switching Station 161.0kV,ARKANSAS ELECTRIC COOPERATIVE CORPORATION AECT,Solar,230.0,230.0,230.0,2024-04-17T04:00:00+00:00,Withdrawn,,2025-09-03T04:00:00+00:00,,,Photovoltaic,,,2028-09-04T04:00:00+00:00,,DPP-2023,South,Study Not Started,NRIS,0.0,0.0,0.0,0.0,
J3805,,,Fayette,IL,Coffeen North-Ramsey East-4557,AMEREN ILLINOIS,Solar,250.0,250.0,250.0,2024-03-27T04:00:00+00:00,Active,,,,,Photovoltaic,,,2027-09-01T04:00:00+00:00,,DPP-2023,Central,Study Not Started,NRIS,250.0,250.0,0.0,0.0,
J3728,,,Franklin,IL,Ameren E. West Frankfort - Franklin 138.0kV,Southern Illinois Power Cooperative,Battery Storage,400.0,400.0,400.0,2024-04-18T04:00:00+00:00,Withdrawn,,2025-09-30T04:00:00+00:00,,,Battery Storage,,,2028-02-01T05:00:00+00:00,,DPP-2023,Central,Study Not Started,NRIS,0.0,0.0,0.0,0.0,
J3343,,,Knox,IL,4MONM BLVD W - 4CASTRO_JCT 138.0kV,AMEREN ILLINOIS,Solar,100.0,100.0,100.0,2024-03-27T04:00:00+00:00,Withdrawn,,2025-09-29T04:00:00+00:00,,,Photovoltaic,,,2028-09-01T04:00:00+00:00,,DPP-2023,Central,Study Not Started,NRIS,0.0,0.0,0.0,0.0,
J3365,,,Tangipahoa,LA,AMITE - KENTWOOD 115.0kV,"ENTERGY LOUISIANA, LLC ELTO",Solar,100.0,100.0,100.0,2024-03-27T04:00:00+00:00,Withdrawn,,2025-09-05T04:00:00+00:00,,,Photovoltaic,,,2028-06-30T04:00:00+00:00,,DPP-2023,South,Study Not Started,NRIS,0.0,0.0,0.0,0.0,
J3604,,,Sullivan,IN,Merom (HED) -  Dresser 345.0kV,"DUKE ENERGY INDIANA, LLC CIN",Gas,650.0,650.0,650.0,2024-04-18T04:00:00+00:00,Active,,,,,Combined Cycle,,,2027-09-01T04:00:00+00:00,,DPP-2023,Central,Study Not Started,NRIS,650.0,650.0,0.0,0.0,
J3603,,,Morehouse,LA,OAK RIDGE (LA) - STERLINGTON 115 SWYD 115.0kV,"ENTERGY LOUISIANA, LLC ELTO",Solar,175.0,175.0,175.0,2024-04-16T04:00:00+00:00,Withdrawn,,2025-12-23T05:00:00+00:00,,,Photovoltaic,,,2028-09-15T04:00:00+00:00,,DPP-2023,South,Study Not Started,NRIS,0.0,0.0,0.0,0.0,
J3368,,,St. Landry,LA,Ville Platte - West Fork 230.0kV,CLECO POWER LLC CLEC,Wind,199.9,199.9,199.9,2024-04-18T04:00:00+00:00,Active,,,,,Wind Turbine,,,2028-10-30T04:00:00+00:00,,DPP-2023,South,Study Not Started,NRIS,199.9,199.9,0.0,0.0,
J3378,,,Jackson,LA,DANVILLE [LA],"ENTERGY LOUISIANA, LLC ELTO",Solar,140.0,140.0,140.0,2024-04-18T04:00:00+00:00,Withdrawn,,2025-12-23T05:00:00+00:00,,,Photovoltaic,,,2028-03-31T04:00:00+00:00,,DPP-2023,South,Study Not Started,ERIS,0.0,0.0,0.0,0.0,
J3859,,,Branch,MI,Other_,METC,Solar,200.0,200.0,200.0,2024-12-17T05:00:00+00:00,Pending Revision Approval,,,,,Photovoltaic,,,2028-10-01T04:00:00+00:00,,DPP-2025,East (ITC),Phase 1,NRIS,200.0,200.0,0.0,0.0,
J3852,,,Tuscola,MI,KIRK,ITC,Solar,200.0,200.0,200.0,2024-12-31T05:00:00+00:00,Withdrawn,,2026-04-15T04:00:00+00:00,,,Photovoltaic,,,2030-06-30T04:00:00+00:00,,DPP-2025,East (ITC),Phase 1,NRIS,0.0,0.0,0.0,0.0,
J3451,,,Alcona,MI,IOSCO - SPRUCE ROAD 138.0kV,METC,Solar,120.0,120.0,120.0,2024-04-05T04:00:00+00:00,Active,,,,,Photovoltaic,,,2027-04-01T04:00:00+00:00,,DPP-2023,East (ITC),Study Not Started,NRIS,120.0,120.0,0.0,0.0,
J3448,,,Grant,WI,NELSON DEWEY (ATC) - GRAN GRAE (ATC) 161.0kV,DAIRYLAND POWER COOPERATIVE DPC,Wind,180.0,180.0,180.0,2024-04-18T04:00:00+00:00,Active,,,,,Wind Turbine,,,2028-08-31T04:00:00+00:00,,DPP-2023,West,Study Not Started,NRIS,180.0,140.0,0.0,0.0,
J3835,,,Saginaw,MI,Other_,ITC,Solar,130.0,130.0,130.0,2024-07-18T04:00:00+00:00,Active,,,,,Photovoltaic,,,2028-11-01T04:00:00+00:00,,DPP-2025,East (ITC),Phase 1,NRIS,100.0,100.0,0.0,0.0,
J3836,,,Eaton,MI,ONEIDA,METC,Battery Storage,250.0,250.0,250.0,2024-10-24T04:00:00+00:00,Active,,,,,Battery Storage,,,2028-10-06T04:00:00+00:00,,DPP-2025,East (ITC),Phase 1,NRIS,250.0,250.0,0.0,0.0,
J3837,,,Van Buren,MI,ARGENTA - PALISADES 345.0kV,METC,Solar,200.0,200.0,200.0,2024-12-02T05:00:00+00:00,Active,,,,,Photovoltaic,,,2029-06-01T04:00:00+00:00,,DPP-2025,East (ITC),Phase 1,NRIS,200.0,200.0,0.0,0.0,
J3800,,,Baraga,MI,Silver River,AMERICAN TRANSMISSION COMPANY,Gas,1.8,1.8,1.8,2024-04-17T04:00:00+00:00,Active,,,,,"Piston (Engine), Internal Combustion (Diesel)",,,2019-01-21T05:00:00+00:00,,DPP-2023,East (ATC),Study Not Started,NRIS,1.8,1.8,0.0,0.0,
J3425,,,Jasper,TX,Peachtree Substation,"EAST TEXAS ELECTRIC COOPERATIVE, INC.ETCT",Solar,59.2,59.2,59.2,2024-04-10T04:00:00+00:00,Withdrawn,,2025-09-29T04:00:00+00:00,,,Photovoltaic,,,2027-06-01T04:00:00+00:00,,DPP-2023,South,Study Not Started,ERIS,0.0,0.0,0.0,0.0,
J4258,,,,,,"ENTERGY TEXAS, INC. ETTO",,787.3,787.3,787.3,2026-08-06T21:56:48+00:00,Active,,,,,,,,2031-02-22T05:00:00+00:00,,DPP-2026,South,,NRIS,0.0,0.0,0.0,0.0,
J3460,,,St. Clair,MI,FITZ,ITC,Battery Storage,290.0,290.0,290.0,2024-04-16T04:00:00+00:00,Withdrawn,,2025-12-23T05:00:00+00:00,,,Battery Storage,,,2028-09-15T04:00:00+00:00,,DPP-2023,East (ITC),Study Not Started,NRIS,0.0,0.0,0.0,0.0,
J3489,,,McDonough,IL,Other_,AMEREN TRANSMISSION COMPANY OF ILLINOIS,Solar,105.0,105.0,105.0,2024-04-15T04:00:00+00:00,Withdrawn,,2025-09-30T04:00:00+00:00,,,Photovoltaic,,,2028-09-15T04:00:00+00:00,,DPP-2023,Central,Study Not Started,NRIS,0.0,0.0,0.0,0.0,
J3871,,,St. Charles,LA,WATERFORD 500 SS,"ENTERGY LOUISIANA, LLC ELTO",Gas,770.0,735.0,770.0,2024-12-19T05:00:00+00:00,Withdrawn,,2025-09-24T04:00:00+00:00,,,Combined-Cycle – Steam Plant,,,2028-11-30T05:00:00+00:00,,DPP-2025,South,Phase 1,NRIS,0.0,0.0,0.0,0.0,
J3722,,,Hillsdale,MI,COLDWATER - MOORE ROAD 138.0kV,METC,Solar,150.0,150.0,150.0,2024-03-27T04:00:00+00:00,Active,,,,,Photovoltaic,,,2028-09-01T04:00:00+00:00,,DPP-2023,East (ITC),Study Not Started,NRIS,150.0,150.0,0.0,0.0,
J3527,,,Allamakee,IA,Lansing - Postville (DPC) 161kV,ITC MIDWEST,Wind,136.0,136.0,136.0,2024-04-16T04:00:00+00:00,Withdrawn,,2025-12-23T05:00:00+00:00,,,Wind Turbine,,,2027-03-01T05:00:00+00:00,,DPP-2023,West,Study Not Started,NRIS,0.0,0.0,0.0,0.0,
J3528,,,Jasper,IL,7CASEY    - 7NEWTON   345.0kV,AMEREN ILLINOIS,Hybrid,225.0,225.0,225.0,2024-04-15T04:00:00+00:00,Active,,,,,Solar/Battery,,,2026-12-30T05:00:00+00:00,,DPP-2023,Central,Study Not Started,NRIS,225.0,225.0,0.0,0.0,
J3598,,,McLean,IL,Other_,AMEREN ILLINOIS,Wind,9.0,9.0,9.0,2024-04-17T04:00:00+00:00,Withdrawn,,2025-02-19T05:00:00+00:00,,,Wind Turbine,,,2028-04-01T04:00:00+00:00,,DPP-2023,Central,Study Not Started,NRIS,0.0,0.0,0.0,0.0,
J3605,,,Liberty,TX,JACINTO,"ENTERGY TEXAS, INC. ETTO",Gas,465.0,430.0,465.0,2024-04-17T04:00:00+00:00,Withdrawn,,2025-09-24T04:00:00+00:00,,,Combustion Turbine (Simple Cycle),,,2027-10-15T04:00:00+00:00,,DPP-2023,South,Study Not Started,NRIS,0.0,0.0,0.0,0.0,
J3843,,,Saginaw,MI,GOSS - SLATE 345.0kV,METC,Solar,300.0,300.0,300.0,2024-11-21T05:00:00+00:00,Active,,,,,Photovoltaic,,,2027-11-01T04:00:00+00:00,,DPP-2025,East (ITC),Phase 1,NRIS,300.0,300.0,0.0,0.0,
J3842,,,Richland,LA,Smalling 230kV Substation,"ENTERGY MISSISSIPPI, LLC. EMTO",Gas,770.0,735.0,770.0,2024-10-31T04:00:00+00:00,Withdrawn,,2025-09-11T04:00:00+00:00,,,Combined Cycle,,,2028-01-31T05:00:00+00:00,,DPP-2025,South,Phase 1,ERIS,0.0,0.0,0.0,0.0,
J3857,,,Iosco,MI,ALCONA - WHITTEMORE 138.0kV,METC,Solar,105.0,105.0,105.0,2024-12-26T05:00:00+00:00,Withdrawn,,2026-04-16T04:00:00+00:00,,,Photovoltaic,,,2030-04-01T04:00:00+00:00,,DPP-2025,East (ITC),Phase 1,NRIS,0.0,0.0,0.0,0.0,
J3851,,,McDonough,IL,Macomb West,AMEREN ILLINOIS,Battery Storage,200.0,200.0,200.0,2024-12-31T05:00:00+00:00,Withdrawn,,2025-12-19T05:00:00+00:00,,,Battery Storage,,,2030-06-30T04:00:00+00:00,,DPP-2025,Central,Phase 1,NRIS,0.0,0.0,0.0,0.0,
J3856,,,Wabash,IL,08GIBSON (PSI) - 7ALBION   345.0kV,AMEREN ILLINOIS,Wind,235.0,235.0,235.0,2024-12-26T05:00:00+00:00,Active,,,,,Wind Turbine,,,2030-04-01T04:00:00+00:00,,DPP-2025,Central,Phase 1,NRIS,235.0,153.0,0.0,0.0,
J3458,,,Cross,AR,TWIST - PARKIN 161.0kV,"ENTERGY ARKANSAS, LLC EATO",Solar,170.0,170.0,170.0,2024-04-18T04:00:00+00:00,Withdrawn,,2025-09-25T04:00:00+00:00,,,Solar/Battery,,,2028-01-01T05:00:00+00:00,,DPP-2023,South,Study Not Started,NRIS,0.0,0.0,0.0,0.0,
J3459,,,Craighead,AR,CASH - NEWPORT AB 161.0kV,"ENTERGY ARKANSAS, LLC EATO",Solar,200.0,200.0,200.0,2024-04-17T04:00:00+00:00,Withdrawn,,2025-09-29T04:00:00+00:00,,,Photovoltaic,,,2028-09-15T04:00:00+00:00,,DPP-2023,South,Study Not Started,NRIS,0.0,0.0,0.0,0.0,
J3742,,,Otter Tail,MN,Wahpeton - Fergus Falls 230.0kV,OTTER TAIL POWER COMPANY OTP,Hybrid,160.0,160.0,160.0,2024-06-06T04:00:00+00:00,Active,,,,,Solar/Battery,,,2028-12-15T05:00:00+00:00,,DPP-2023,West,Study Not Started,NRIS,160.0,160.0,0.0,0.0,
J4111,,,Hot Spring,AR,SHERIDAN EHV - MAGNET COVE 500.0kV,"ENTERGY ARKANSAS, LLC",Gas,650.0,650.0,650.0,2025-10-07T04:00:00+00:00,Withdrawn,,2025-12-19T05:00:00+00:00,,,Combined Cycle,,,2030-06-30T04:00:00+00:00,,DPP-2025,South,Phase 1,NRIS,0.0,0.0,0.0,0.0,
J4113,,,Cerro Gordo,IA,Killdeer,ITC MIDWEST,Gas,787.4,787.4,787.4,2025-10-06T04:00:00+00:00,Active,,,,,Combustion Turbine (Simple Cycle),,,2028-06-30T04:00:00+00:00,,DPP-2025,West,Phase 1,NRIS,525.0,525.0,0.0,0.0,
J4114,,,Washington,IA,SUB T HASKINS,MIDAMERICAN ENERGY CO. MEC,Gas,525.0,525.0,525.0,2025-10-06T04:00:00+00:00,Active,,,,,Combustion Turbine (Simple Cycle),,,2030-07-31T04:00:00+00:00,,DPP-2025,West,Phase 1,NRIS,525.0,525.0,0.0,0.0,
J4112,,,Rock Island,IL,OAK GROVE - SUB 93 LOUISA 345.0kV,MIDAMERICAN ENERGY CO. MEC,Wind,300.0,300.0,300.0,2025-10-07T04:00:00+00:00,Withdrawn,,2026-08-25T04:00:00+00:00,,,Wind Turbine,,,2030-10-15T04:00:00+00:00,,DPP-2026,West,,NRIS,0.0,0.0,0.0,0.0,
J3763,,,Wayne,MI,DBGEN GIS,ITC,Waste Heat Recovery,7.5,7.5,7.5,2024-04-18T04:00:00+00:00,Active,,,,,Combined-Cycle – Steam Plant,,,2026-06-01T04:00:00+00:00,,DPP-2023,East (ITC),Study Not Started,NRIS,7.5,7.5,0.0,0.0,
J3761,,,Ogemaw,MI,GALLAGHER - TWINING 138.0kV,METC,Solar,145.8,145.8,145.8,2024-04-05T04:00:00+00:00,Active,,,,,Photovoltaic,,,2027-11-01T04:00:00+00:00,,DPP-2023,East (ITC),Study Not Started,NRIS,145.8,145.8,0.0,0.0,
J3476,,,St. Croix,WI,Pine Lake Tap - APPLE RIVER  (DPC) 161.0kV,NORTHERN STATES POWER COMPANY,Solar,150.0,150.0,150.0,2024-04-17T04:00:00+00:00,Withdrawn,,2025-09-29T04:00:00+00:00,,,Photovoltaic,,,2028-09-15T04:00:00+00:00,,DPP-2023,West,Study Not Started,NRIS,0.0,0.0,0.0,0.0,
J3741,,,Cleveland,AR,WOODWARD 115 SUB - RISON 115.0kV,"ENTERGY ARKANSAS, LLC EATO",Solar,155.0,155.0,155.0,2024-04-18T04:00:00+00:00,Withdrawn,,2025-09-26T04:00:00+00:00,,,Photovoltaic,,,2028-09-30T04:00:00+00:00,,DPP-2023,South,Study Not Started,NRIS,0.0,0.0,0.0,0.0,
J3748,,,Washington,MS,Gerald Andrus 230 kV,"ENTERGY MISSISSIPPI, LLC. EMTO",Hybrid,200.0,200.0,200.0,2024-04-18T04:00:00+00:00,Withdrawn,,2025-12-23T05:00:00+00:00,,,Solar/Battery,,,2028-03-01T05:00:00+00:00,,DPP-2023,South,Study Not Started,NRIS,0.0,0.0,0.0,0.0,
J3764,,,Madison,MS,Andes Substation 230 kV,"ENTERGY MISSISSIPPI, LLC. EMTO",Hybrid,170.0,170.0,170.0,2024-04-18T04:00:00+00:00,Active,,,,,Solar/Battery,,,2028-03-01T05:00:00+00:00,,DPP-2023,South,Study Not Started,NRIS,170.0,170.0,0.0,0.0,
J3751,,,Madison,IL,7COFFEEN  - 7ROXFORD  345.0kV,AMEREN ILLINOIS,Wind,236.0,236.0,236.0,2024-04-18T04:00:00+00:00,Withdrawn,,2025-12-23T05:00:00+00:00,,,Wind Turbine,,,2028-10-31T04:00:00+00:00,,DPP-2023,Central,Study Not Started,NRIS,0.0,0.0,0.0,0.0,
J3747,,,Lonoke,AR,WHITE BLUFF EHV - KEO EHV 500.0kV,"ENTERGY ARKANSAS, LLC EATO",Hybrid,300.0,300.0,300.0,2024-04-17T04:00:00+00:00,Withdrawn,,2025-12-23T05:00:00+00:00,,,Solar/Battery,,,2028-03-01T05:00:00+00:00,,DPP-2023,South,Study Not Started,NRIS,0.0,0.0,0.0,0.0,
J3505,,,Bollinger,MO,5HERITAGE - 5FREDTN  161.0kV,AMEREN MISSOURI,Battery Storage,150.0,150.0,150.0,2024-04-16T04:00:00+00:00,Active,,,,,Battery Storage,,,2028-09-30T04:00:00+00:00,,DPP-2023,Central,Study Not Started,NRIS,150.0,150.0,0.0,0.0,
J3524,,,Watonwan,MN,Crandall - Fieldon 345.0kV,NORTHERN STATES POWER COMPANY,Solar,300.0,300.0,300.0,2024-04-18T04:00:00+00:00,Withdrawn,,2025-09-29T04:00:00+00:00,,,Photovoltaic,,,2028-08-31T04:00:00+00:00,,DPP-2023,West,Study Not Started,NRIS,0.0,0.0,0.0,0.0,
J3522,,,Cass,ND,Bison,NORTHERN STATES POWER COMPANY,Solar,200.0,200.0,200.0,2024-03-18T04:00:00+00:00,Active,,,,,Photovoltaic,,,2028-08-01T04:00:00+00:00,,DPP-2023,West,Study Not Started,NRIS,200.0,200.0,0.0,0.0,
J3592,,,Sunflower,MS,INDIANOLA 230/115 SUB - TILLATOBA 230.0kV,"ENTERGY MISSISSIPPI, LLC. EMTO",Wind,57.0,57.0,57.0,2024-04-18T04:00:00+00:00,Active,,,,,Wind Turbine,,,2028-04-01T04:00:00+00:00,,DPP-2023,South,Study Not Started,NRIS,57.0,37.0,0.0,0.0,
J3765,,,St. James,LA,ST JAMES,"ENTERGY LOUISIANA, LLC ELTO",Hybrid,8.0,8.0,8.0,2024-04-18T04:00:00+00:00,Withdrawn,,2025-09-26T04:00:00+00:00,,,"Steam Turbine (including Nuclear, Geothermal and Solar Steam)",,,2024-04-18T04:00:00+00:00,,DPP-2023,South,Study Not Started,ERIS,0.0,0.0,0.0,0.0,
J3756,,,Marquette,MI,Huron,AMERICAN TRANSMISSION COMPANY,Gas,4.2,4.2,4.2,2024-04-17T04:00:00+00:00,Active,,,,,"Piston (Engine), Internal Combustion (Diesel)",,,2019-01-21T05:00:00+00:00,,DPP-2023,East (ATC),Study Not Started,NRIS,4.2,4.2,0.0,0.0,
J3473,,,Bay,MI,Other_,ITC,Solar,150.0,150.0,150.0,2024-04-18T04:00:00+00:00,Pending Revision Approval,,,,,Photovoltaic,,,2028-11-01T04:00:00+00:00,,DPP-2023,East (ITC),Study Not Started,NRIS,150.0,150.0,0.0,0.0,
J3503,,,Newton,IN,Morrison Ditch 345 kV substation (LRTP projects 15 & 16) - BUS #255210,NORTHERN INDIANA PUBLIC SERVICE COMPANY LLC NIPS,Solar,200.0,200.0,200.0,2024-04-18T04:00:00+00:00,Withdrawn,,2025-09-30T04:00:00+00:00,,,Photovoltaic,,,2028-09-30T04:00:00+00:00,,DPP-2023,Central,Study Not Started,NRIS,0.0,0.0,0.0,0.0,
J3552,,,McLeod,MN,Hutchinson Municipal - GRE Big Swan 115.0kV,GREAT RIVER ENERGY,Solar,112.0,112.0,112.0,2024-04-16T04:00:00+00:00,Active,,,,,Photovoltaic,,,2028-10-31T04:00:00+00:00,,DPP-2023,West,Study Not Started,NRIS,112.0,112.0,0.0,0.0,
J3555,,,Boone,IA,BEAVER CREEK,MIDAMERICAN ENERGY CO. MEC,Wind,84.0,84.0,84.0,2024-04-18T04:00:00+00:00,Withdrawn,,2025-07-09T04:00:00+00:00,,,Wind Turbine,,,2027-10-30T04:00:00+00:00,,DPP-2023,West,Study Not Started,NRIS,0.0,0.0,0.0,0.0,
J3627,,,Craighead,AR,JONESBORO (APL) - CASH 161.0kV,"ENTERGY ARKANSAS, LLC EATO",Solar,200.0,200.0,200.0,2024-04-18T04:00:00+00:00,Withdrawn,,2025-12-23T05:00:00+00:00,,,Photovoltaic,,,2027-12-31T05:00:00+00:00,,DPP-2023,South,Study Not Started,NRIS,0.0,0.0,0.0,0.0,
J3275,,,Benton,MN,Mud Lake - Benton County (GRE) 230kV,GREAT RIVER ENERGY,Wind,249.0,249.0,249.0,2024-04-17T04:00:00+00:00,Active,,,,,Wind Turbine,,,2028-09-04T04:00:00+00:00,,DPP-2023,West,Study Not Started,NRIS,249.0,249.0,0.0,0.0,
J3746,,,Grant,LA,Rodemacher - Sherwood 230.0kV,CLECO POWER LLC CLEC,Hybrid,250.0,250.0,250.0,2024-04-18T04:00:00+00:00,Withdrawn,,2025-12-23T05:00:00+00:00,,,Solar/Battery,,,2028-03-01T05:00:00+00:00,,DPP-2023,South,Study Not Started,NRIS,0.0,0.0,0.0,0.0,
J3504,,,Bollinger,MO,5HERITAGE - 5FREDTN  161.0kV,AMEREN MISSOURI,Solar,150.0,150.0,150.0,2024-04-16T04:00:00+00:00,Withdrawn,,2025-12-23T05:00:00+00:00,,,Photovoltaic,,,2028-09-30T04:00:00+00:00,,DPP-2023,Central,Study Not Started,NRIS,0.0,0.0,0.0,0.0,
J3588,,,Lawrence,AR,J2733 Sub,"ENTERGY ARKANSAS, LLC EATO",Solar,100.0,100.0,100.0,2024-04-17T04:00:00+00:00,Withdrawn,,2025-09-30T04:00:00+00:00,,,Photovoltaic,,,2028-09-30T04:00:00+00:00,,DPP-2023,South,Study Not Started,NRIS,0.0,0.0,0.0,0.0,
J3587,,,Jefferson,TX,PORT ACRES BULK,"ENTERGY TEXAS, INC. ETTO",Gas,110.0,110.0,110.0,2024-04-18T04:00:00+00:00,Withdrawn,,2025-09-26T04:00:00+00:00,,,Co-gen,,,2027-07-01T04:00:00+00:00,,DPP-2023,South,Study Not Started,NRIS-Only,0.0,0.0,0.0,0.0,
J3523,,,Barron,WI,BARRON  - WASHCO  161.0kV,DAIRYLAND POWER COOPERATIVE DPC,Battery Storage,115.0,115.0,115.0,2024-04-16T04:00:00+00:00,Active,,,,,Battery Storage,,,2028-09-30T04:00:00+00:00,,DPP-2023,West,Study Not Started,NRIS,115.0,115.0,0.0,0.0,
J3553,,,Adair,IA,Orient Energy Center Substation,MIDAMERICAN ENERGY CO. MEC,Gas,263.0,244.0,263.0,2024-04-18T04:00:00+00:00,Withdrawn,,2025-12-23T05:00:00+00:00,,,Combustion Turbine (Simple Cycle),,,2028-11-30T05:00:00+00:00,,DPP-2023,West,Study Not Started,NRIS,0.0,0.0,0.0,0.0,
J3629,,,Bolivar,MS,DELTA SWYD - DREW [MS] 115.0kV,"ENTERGY MISSISSIPPI, LLC. EMTO",Hybrid,210.0,210.0,210.0,2024-04-18T04:00:00+00:00,Withdrawn,,2025-09-30T04:00:00+00:00,,,Solar/Battery,,,2027-12-15T05:00:00+00:00,,DPP-2023,South,Study Not Started,NRIS,0.0,0.0,0.0,0.0,
J3626,,,Craighead,AR,INDEPENDENCE-ISES - POWERLINE ROAD 500.0kV,"ENTERGY ARKANSAS, LLC EATO",Solar,500.0,500.0,500.0,2024-04-18T04:00:00+00:00,Withdrawn,,2025-09-30T04:00:00+00:00,,,Photovoltaic,,,2027-12-31T05:00:00+00:00,,DPP-2023,South,Study Not Started,NRIS,0.0,0.0,0.0,0.0,
J3590,,,Humphreys,MS,BELZONI - BELZONI TAP SS 115.0kV,"ENTERGY MISSISSIPPI, LLC. EMTO",Solar,75.0,75.0,75.0,2024-04-17T04:00:00+00:00,Active,,,,,Photovoltaic,,,2028-12-31T05:00:00+00:00,,DPP-2023,South,Study Not Started,NRIS,75.0,75.0,0.0,0.0,
J3631,,,Vermilion,LA,GUEYDAN TAP - MORSE 69.0kV,"ENTERGY LOUISIANA, LLC ELTO",Solar,60.0,60.0,60.0,2024-04-18T04:00:00+00:00,Withdrawn,,2025-10-27T04:00:00+00:00,,,Photovoltaic,,,2027-12-15T05:00:00+00:00,,DPP-2023,South,Study Not Started,NRIS,0.0,0.0,0.0,0.0,
J3339,,,Hendricks,IN,AMO,"DUKE ENERGY INDIANA, LLC CIN",Battery Storage,100.0,100.0,100.0,2024-04-16T04:00:00+00:00,Withdrawn,,2025-12-23T05:00:00+00:00,,,Battery Storage,,,2028-09-15T04:00:00+00:00,,DPP-2023,Central,Study Not Started,NRIS,0.0,0.0,0.0,0.0,
J3414,,,Posey,IN,AB Brown 345 - Gibson (Duke Terminal) 345.0kV,SOUTHERN INDIANA GAS & ELECTRIC COMPANY D/B/A CENTERPOINT ENERGY INDIANA SOUTH,Solar,200.0,200.0,200.0,2024-04-16T04:00:00+00:00,Withdrawn,,2025-09-24T04:00:00+00:00,,,Photovoltaic,,,2028-09-30T04:00:00+00:00,,DPP-2023,Central,Study Not Started,NRIS,0.0,0.0,0.0,0.0,
J3628,,,Jefferson,MS,FRANKLIN EHV - GRAND GULF TRANSMISSION 500.0kV,"ENTERGY MISSISSIPPI, LLC. EMTO",Solar,200.0,200.0,200.0,2024-04-18T04:00:00+00:00,Withdrawn,,2025-09-26T04:00:00+00:00,,,Photovoltaic,,,2027-12-31T05:00:00+00:00,,DPP-2023,South,Study Not Started,NRIS,0.0,0.0,0.0,0.0,
J3276,,,Pulaski,IL,Mound City,AMEREN ILLINOIS,Solar,200.0,200.0,200.0,2024-04-12T04:00:00+00:00,Withdrawn,,2025-08-27T04:00:00+00:00,,,Photovoltaic,,,2028-09-30T04:00:00+00:00,,DPP-2023,Central,Study Not Started,NRIS,0.0,0.0,0.0,0.0,
J3412,,,Ford,IL,Other_,AMEREN ILLINOIS,Solar,300.0,300.0,300.0,2024-03-18T04:00:00+00:00,Active,,,,,Photovoltaic,,,2028-09-01T04:00:00+00:00,,DPP-2023,Central,Study Not Started,NRIS,300.0,300.0,0.0,0.0,
J3839,,,Union,LA,MARION SS (LAGEN) - HUTTIG SS 115.0kV,"ENTERGY LOUISIANA, LLC ELTO",Hybrid,50.0,50.0,50.0,2024-05-31T04:00:00+00:00,Withdrawn,,2026-01-04T05:00:00+00:00,,,Solar/Battery,,,2028-07-03T04:00:00+00:00,,DPP-2025,South,Phase 1,NRIS,0.0,0.0,0.0,0.0,
J3862,,,Deuel,SD,Astoria - Deuel County 345.0kV,OTTER TAIL POWER COMPANY OTP,Solar,250.0,250.0,250.0,2024-12-11T05:00:00+00:00,Withdrawn,,2025-08-20T04:00:00+00:00,,,Photovoltaic,,,2028-09-01T04:00:00+00:00,,DPP-2025,West,Phase 1,NRIS,0.0,0.0,0.0,0.0,
J3657,,,Washington,MS,Greer Solar substation J1458,"ENTERGY MISSISSIPPI, LLC. EMTO",Solar,50.0,50.0,50.0,2024-04-04T04:00:00+00:00,Withdrawn,,2025-10-06T04:00:00+00:00,,,Photovoltaic,,,2028-06-15T04:00:00+00:00,,DPP-2023,South,Study Not Started,NRIS,0.0,0.0,0.0,0.0,
J3750,,,Mercer,IL,OAK GROVE - SANDBURG (AMRN) 345.0kV,MIDAMERICAN ENERGY CO. MEC,Wind,250.0,250.0,250.0,2024-04-18T04:00:00+00:00,Active,,,,,Wind Turbine,,,2028-10-30T04:00:00+00:00,,DPP-2023,West,Study Not Started,NRIS,250.0,250.0,0.0,0.0,
J3766,,,Pottawattamie,IA,ROLLING HILLS - PONY CREEK 345.0kV,MIDAMERICAN ENERGY CO. MEC,Wind,235.0,235.0,235.0,2024-04-18T04:00:00+00:00,Withdrawn,,2025-04-09T04:00:00+00:00,,,Wind Turbine,,,2026-10-30T04:00:00+00:00,,DPP-2023,West,Study Not Started,NRIS,0.0,0.0,0.0,0.0,
J3659,,,Avoyelles,LA,Yellow Bayou,CLECO POWER LLC CLEC,Hybrid,90.25,90.25,90.25,2024-04-16T04:00:00+00:00,Withdrawn,,2025-12-23T05:00:00+00:00,,,Solar/Battery,,,2027-12-27T05:00:00+00:00,,DPP-2023,South,Study Not Started,ERIS,0.0,0.0,0.0,0.0,
J3696,,,Montcalm,MI,NELSON ROAD - VERGENNES 345.0kV,METC,Battery Storage,225.0,225.0,225.0,2024-04-15T04:00:00+00:00,Active,,,,,Battery Storage,,,2026-12-30T05:00:00+00:00,,DPP-2023,East (ITC),Study Not Started,NRIS,225.0,225.0,0.0,0.0,
J3413,,,Pulaski,AR,L.R. 145TH ST - L.R. PORT 115.0kV,"ENTERGY ARKANSAS, LLC EATO",Hybrid,150.0,150.0,150.0,2024-03-29T04:00:00+00:00,Withdrawn,,2025-12-23T05:00:00+00:00,,,Solar/Battery,,,2028-07-18T04:00:00+00:00,,DPP-2023,South,Study Not Started,NRIS,0.0,0.0,0.0,0.0,
J3861,,,Branch,MI,WAGNER,METC,Battery Storage,100.0,100.0,100.0,2024-12-13T05:00:00+00:00,Withdrawn,,2026-04-15T04:00:00+00:00,,,Battery Storage,,,2028-07-28T04:00:00+00:00,,DPP-2025,East (ITC),Phase 1,NRIS,0.0,0.0,0.0,0.0,
J3863,,,Itasca,MN,Boswell 230 - Blackberry 230kV,MINNESOTA POWER INC.,Solar,200.0,200.0,200.0,2024-12-11T05:00:00+00:00,Withdrawn,,2025-07-07T04:00:00+00:00,,,Photovoltaic,,,2028-09-01T04:00:00+00:00,,DPP-2025,West,Phase 1,NRIS,0.0,0.0,0.0,0.0,
J3816,,,Saginaw,MI,BULLOCK - SAGINAW RIVER 138.0kV,METC,Battery Storage,100.0,100.0,100.0,2024-04-17T04:00:00+00:00,Withdrawn,,2025-12-23T05:00:00+00:00,,,Battery Storage,,,2028-06-01T04:00:00+00:00,,DPP-2023,East (ITC),Study Not Started,NRIS,0.0,0.0,0.0,0.0,
J3711,,,Calhoun,AR,SHERIDAN EHV - EL DORADO EHV 500.0kV,"ENTERGY ARKANSAS, LLC EATO",Solar,400.0,400.0,400.0,2024-04-16T04:00:00+00:00,Withdrawn,,2025-12-23T05:00:00+00:00,,,Photovoltaic,,,2029-11-30T05:00:00+00:00,,DPP-2023,South,Study Not Started,NRIS,0.0,0.0,0.0,0.0,
J3713,,,Wapello,IA,Ottumwa Generation - Woody 161kV,ITC MIDWEST,Wind,200.0,200.0,200.0,2024-04-18T04:00:00+00:00,Active,,,,,Wind Turbine,,,2028-04-01T04:00:00+00:00,,DPP-2023,West,Study Not Started,ERIS,200.0,0.0,0.0,0.0,
J3506,,,Pike,IL,Hull 138kV,AMEREN ILLINOIS,Battery Storage,100.0,100.0,100.0,2024-04-15T04:00:00+00:00,Withdrawn,,2024-08-13T04:00:00+00:00,,,Battery Storage,,,2028-06-30T04:00:00+00:00,,DPP-2023,Central,Study Not Started,NRIS,0.0,0.0,0.0,0.0,
J3554,,,Adair,IA,SOUTHERN HILLS,MIDAMERICAN ENERGY CO. MEC,Wind,96.0,96.0,96.0,2024-04-18T04:00:00+00:00,Withdrawn,,2025-07-09T04:00:00+00:00,,,Wind Turbine,,,2027-10-30T04:00:00+00:00,,DPP-2023,West,Study Not Started,NRIS,0.0,0.0,0.0,0.0,
J3653,,,Washtenaw,MI,"Line tap on Superior-Wayne 120kV line at 42.275480, -83.628250",ITC,Solar,80.0,80.0,80.0,2024-04-05T04:00:00+00:00,Active,,,,,Photovoltaic,,,2028-06-01T04:00:00+00:00,,DPP-2023,East (ITC),Study Not Started,NRIS,80.0,80.0,0.0,0.0,
J3662,,,Monroe,IL,Valmeyer 138kV.,AMEREN ILLINOIS,Battery Storage,200.0,200.0,200.0,2024-04-13T04:00:00+00:00,Withdrawn,,2025-09-26T04:00:00+00:00,,,Battery Storage,,,2028-09-15T04:00:00+00:00,,DPP-2023,Central,Study Not Started,NRIS,0.0,0.0,0.0,0.0,
J3712,,,Peoria,IL,7FARGO - 7SANDBURG 345.0kV,AMEREN TRANSMISSION COMPANY OF ILLINOIS,Wind,350.0,350.0,350.0,2024-04-18T04:00:00+00:00,Active,,,,,Wind Turbine,,,2028-04-01T04:00:00+00:00,,DPP-2023,Central,Study Not Started,NRIS,350.0,350.0,0.0,0.0,
J1854,,,Wabash,IN,Wabash - Greentown 138kV,"DUKE ENERGY INDIANA, LLC CIN",Solar,150.0,150.0,150.0,2021-08-18T04:00:00+00:00,Withdrawn,,2021-12-08T05:00:00+00:00,,,Photovoltaic,,,2025-05-01T04:00:00+00:00,,DPP-2021,Central,Phase 2,NRIS,0.0,0.0,0.0,0.0,
J3333,,,Washtenaw,MI,MAJESTIC - MILAN 345.0kV,ITC,Solar,150.0,150.0,150.0,2024-04-17T04:00:00+00:00,Withdrawn,,2025-09-30T04:00:00+00:00,,,Photovoltaic,,,2028-05-01T04:00:00+00:00,,DPP-2023,East (ITC),Study Not Started,NRIS,0.0,0.0,0.0,0.0,
J3345,,,Moultrie,IL,Faraday,AMEREN TRANSMISSION COMPANY OF ILLINOIS,Solar,200.0,200.0,200.0,2024-04-17T04:00:00+00:00,Withdrawn,,2025-09-29T04:00:00+00:00,,,Photovoltaic,,,2028-09-15T04:00:00+00:00,,DPP-2023,Central,Study Not Started,NRIS,0.0,0.0,0.0,0.0,
J3354,,,Clinton,IN,Hanover,"DUKE ENERGY INDIANA, LLC CIN",Battery Storage,250.0,250.0,250.0,2024-03-27T04:00:00+00:00,Withdrawn,,2025-09-05T04:00:00+00:00,,,Battery Storage,,,2028-06-30T04:00:00+00:00,,DPP-2023,Central,Study Not Started,NRIS,0.0,0.0,0.0,0.0,
J3865,,,Shiawassee,MI,CORNELL - LAYTON 138.0kV,METC,Wind,250.0,250.0,250.0,2024-12-08T05:00:00+00:00,Pending Revision Approval,,,,,Wind Turbine,,,2028-11-01T04:00:00+00:00,,DPP-2025,East (ITC),Phase 1,NRIS,250.0,250.0,0.0,0.0,
J3655,,,Dallas,IA,OVERLAND TRAIL - FALLOW AVENUE 345.0kV,MIDAMERICAN ENERGY CO. MEC,Wind,200.0,200.0,200.0,2024-04-17T04:00:00+00:00,Active,,,,,Wind Turbine,,,2028-04-01T04:00:00+00:00,,DPP-2023,West,Study Not Started,ERIS,200.0,0.0,0.0,0.0,
J3658,,,Clark,AR,GURDON - BEIRNE 115.0kV,"ENTERGY ARKANSAS, LLC EATO",Hybrid,150.0,150.0,150.0,2024-03-25T04:00:00+00:00,Withdrawn,,2025-12-23T05:00:00+00:00,,,Solar/Battery,,,2028-06-30T04:00:00+00:00,,DPP-2023,South,Study Not Started,NRIS,0.0,0.0,0.0,0.0,
J3589,,,Lincoln,MS,FRANKLIN EHV - MCCOMB 115.0kV,"ENTERGY MISSISSIPPI, LLC. EMTO",Solar,160.0,160.0,160.0,2024-04-17T04:00:00+00:00,Withdrawn,,2025-09-30T04:00:00+00:00,,,Photovoltaic,,,2028-09-30T04:00:00+00:00,,DPP-2023,South,Study Not Started,NRIS,0.0,0.0,0.0,0.0,
J3586,,,Montgomery,TX,JACINTO - PEACH CREEK 230.0kV,"ENTERGY TEXAS, INC. ETTO",Solar,205.8,205.8,205.8,2024-04-18T04:00:00+00:00,Active,,,,,Solar/Battery,,,2028-01-01T05:00:00+00:00,,DPP-2023,South,Study Not Started,NRIS,205.8,165.0,0.0,0.0,
J3591,,,St. Helena,LA,MCKNIGHT - PLANT DANIEL 500.0kV,"ENTERGY LOUISIANA, LLC ELTO",Hybrid,400.0,400.0,400.0,2024-04-17T04:00:00+00:00,Withdrawn,,2025-12-29T05:00:00+00:00,,,Solar/Battery,,,2028-08-31T04:00:00+00:00,,DPP-2023,South,Study Not Started,NRIS,400.0,400.0,0.0,0.0,
J3630,,,East Feliciana,LA,MOLER - COLFEL 230.0kV,"ENTERGY LOUISIANA, LLC ELTO",Hybrid,77.0,77.0,77.0,2024-04-18T04:00:00+00:00,Active,,,,,Solar/Battery,,,2028-06-15T04:00:00+00:00,,DPP-2023,South,Study Not Started,NRIS,77.0,77.0,0.0,0.0,
J3625,,,Winn,LA,JELD WEN - WINNFIELD 115 SUB 115.0kV,"ENTERGY LOUISIANA, LLC ELTO",Hybrid,82.0,82.0,82.0,2024-04-05T04:00:00+00:00,Withdrawn,,2025-09-26T04:00:00+00:00,,,Solar/Battery,,,2027-10-27T04:00:00+00:00,,DPP-2023,South,Study Not Started,NRIS,0.0,0.0,0.0,0.0,
J3254,,,Pulaski,IL,5CAPE GIR3 - 5JOPPA SR 161.0kV,AMEREN TRANSMISSION COMPANY OF ILLINOIS,Hybrid,175.0,175.0,175.0,2024-04-15T04:00:00+00:00,Active,,,,,Solar/Battery,,,2026-12-30T05:00:00+00:00,,DPP-2023,Central,Study Not Started,NRIS,175.0,175.0,0.0,0.0,
J3656,,,Saginaw,MI,BAUER,ITC,Battery Storage,250.0,250.0,250.0,2024-03-26T04:00:00+00:00,Pending Revision Approval,,,,,Battery Storage,,,2028-06-30T04:00:00+00:00,,DPP-2023,East (ITC),Study Not Started,NRIS,250.0,250.0,0.0,0.0,
J2132,,,Vermillion,IN,Cayuga 230 kV,"DUKE ENERGY INDIANA, LLC CIN",Wind,300.0,300.0,300.0,2022-10-31T04:00:00+00:00,Withdrawn,,2024-08-16T04:00:00+00:00,,,Wind Turbine,Not Started,,2024-04-15T04:00:00+00:00,,DPP-2021,Central,Phase 2,NRIS,0.0,0.0,0.0,0.0,
J2096,,,Terrebonne,LA,Schriever 230 kV Substation,"ENTERGY LOUISIANA, LLC ELTO",Solar,180.0,180.0,180.0,2021-08-16T04:00:00+00:00,Withdrawn,,2021-12-09T05:00:00+00:00,,,Photovoltaic,,,2024-10-31T04:00:00+00:00,,DPP-2021,South,Phase 3,ERIS,0.0,0.0,0.0,0.0,
J3731,,,Knox,IN,Edwardsport  - Vincennes 138.0kV,"DUKE ENERGY INDIANA, LLC CIN",Solar,160.0,160.0,160.0,2024-04-17T04:00:00+00:00,Active,,,,,Photovoltaic,,,2027-01-31T05:00:00+00:00,,DPP-2023,Central,Study Not Started,NRIS,160.0,160.0,0.0,0.0,
J2291,,,Polk,MN,Winger,OTTER TAIL POWER COMPANY OTP,Solar,150.0,150.0,150.0,2021-09-07T04:00:00+00:00,Withdrawn,,2021-12-07T05:00:00+00:00,,,Photovoltaic,,,2025-07-23T04:00:00+00:00,,DPP-2021,West,Phase 2,NRIS,0.0,0.0,0.0,0.0,
J2526,,,Red River,LA,Layfield - Western Kraft 230.0kV,CLECO POWER LLC CLEC,Solar,200.0,200.0,200.0,2022-09-14T04:00:00+00:00,Pending Revision Approval,,,,,Photovoltaic,Not Started,,2026-10-31T04:00:00+00:00,,DPP-2022,South,Phase 1,ERIS,200.0,0.0,0.0,0.0,
J2380,,,Meade,KY,Meade County 161kV Substation,BIG RIVERS ELECTRIC CORPORATION BREC,Battery Storage,100.0,100.0,100.0,2022-09-14T04:00:00+00:00,Withdrawn,,2025-10-27T04:00:00+00:00,,,Battery Storage,Not Started,,2027-11-01T04:00:00+00:00,,DPP-2022,Central,Phase 2,NRIS,0.0,0.0,0.0,0.0,
J2409,,,Independence,AR,INDEPENDENCE-ISES 500kV Substation,"ENTERGY ARKANSAS, LLC EATO",Battery Storage,150.0,150.0,150.0,2022-09-14T04:00:00+00:00,Withdrawn,,2025-07-30T04:00:00+00:00,,,Battery Storage,Not Started,,2026-11-01T04:00:00+00:00,,DPP-2022,South,Phase 1,NRIS,0.0,0.0,0.0,0.0,
J2530,,,Clinton,IN,Thorntown to Kokomo HP 230 kV,"DUKE ENERGY INDIANA, LLC CIN",Battery Storage,170.0,170.0,170.0,2022-09-14T04:00:00+00:00,Withdrawn,,2025-10-27T04:00:00+00:00,,,Battery Storage,Not Started,,2026-10-31T04:00:00+00:00,,DPP-2022,Central,Phase 2,NRIS,0.0,0.0,0.0,0.0,
J2510,,,Jefferson,AR,Stuttgart Rcuskey - Woodward 230kV,"ENTERGY ARKANSAS, LLC EATO",Solar,350.0,350.0,350.0,2022-09-15T04:00:00+00:00,Withdrawn,,2025-07-31T04:00:00+00:00,,,Photovoltaic,Not Started,,2026-11-01T04:00:00+00:00,,DPP-2022,South,Phase 1,NRIS,0.0,0.0,0.0,0.0,
J3331,,,Sullivan,IN,Petersburg - Sullivan (AEP/PJM) 345.0kV,INDIANAPOLIS POWER & LIGHT COMPANY,Gas,470.0,470.0,470.0,2024-04-17T04:00:00+00:00,Active,,,,,Combustion Turbine (Simple Cycle),,,2028-05-01T04:00:00+00:00,,DPP-2023,Central,Study Not Started,NRIS,470.0,470.0,0.0,0.0,
J3332,,,Calumet,WI,Forest Junction - Cypress 345.0kV,AMERICAN TRANSMISSION COMPANY,Wind,150.0,150.0,150.0,2024-04-17T04:00:00+00:00,Withdrawn,,2025-09-30T04:00:00+00:00,,,Wind Turbine,,,2028-05-01T04:00:00+00:00,,DPP-2023,East (ATC),Study Not Started,NRIS,0.0,0.0,0.0,0.0,
J2458,,,Conway,AR,Pleasant Hill 500kV Substation,"ENTERGY ARKANSAS, LLC EATO",Battery Storage,100.0,100.0,100.0,2022-09-14T04:00:00+00:00,Withdrawn,,2025-07-31T04:00:00+00:00,,,Battery Storage,Not Started,,2026-11-01T04:00:00+00:00,,DPP-2022,South,Phase 1,NRIS,0.0,0.0,0.0,0.0,
J2459,,,Jefferson,AR,White Bluff EHV 500kV,"ENTERGY ARKANSAS, LLC EATO",Battery Storage,100.0,100.0,100.0,2022-09-14T04:00:00+00:00,Withdrawn,,2025-07-31T04:00:00+00:00,,,Battery Storage,Not Started,,2026-11-01T04:00:00+00:00,,DPP-2022,South,Phase 1,NRIS,0.0,0.0,0.0,0.0,
J2511,,,Conway,AR,Pleasant Hill 500kV Substation,"ENTERGY ARKANSAS, LLC EATO",Solar,85.0,85.0,85.0,2022-09-14T04:00:00+00:00,Withdrawn,,2025-07-31T04:00:00+00:00,,,Photovoltaic,Not Started,,2026-11-01T04:00:00+00:00,,DPP-2022,South,Phase 1,NRIS,0.0,0.0,0.0,0.0,
J2364,,,Page,IA,Madison-Orient 345kV,MIDAMERICAN ENERGY CO. MEC,Wind,175.0,175.0,175.0,2022-09-14T04:00:00+00:00,Withdrawn,,2023-03-24T04:00:00+00:00,,,Wind Turbine,Not Started,,2030-10-01T04:00:00+00:00,,DPP-2022,West,Phase 1,NRIS,0.0,0.0,0.0,0.0,
J2126,,,Lonoke,AR,Garner SS to Seracy  Price 115kV line,"ENTERGY ARKANSAS, LLC EATO",Hybrid,100.0,100.0,100.0,2021-08-25T04:00:00+00:00,Withdrawn,,2024-08-16T04:00:00+00:00,,,Solar/Battery,,,2024-04-15T04:00:00+00:00,,DPP-2021,South,Phase 3,NRIS,0.0,0.0,0.0,0.0,
J2137,,,Ohio,KY,345 kV Wilson Substation,BIG RIVERS ELECTRIC CORPORATION BREC,Hybrid,78.23,78.23,78.23,2021-10-26T04:00:00+00:00,Withdrawn,,2021-12-08T05:00:00+00:00,,,Solar/Battery,,,2024-10-15T04:00:00+00:00,,DPP-2021,Central,Phase 2,NRIS,0.0,0.0,0.0,0.0,
J3735,,,Genesee,MI,BEVERIDGE 138kV,METC,Battery Storage,100.0,100.0,100.0,2024-04-05T04:00:00+00:00,Active,,,,,Battery Storage,,,2028-06-01T04:00:00+00:00,,DPP-2023,East (ITC),Study Not Started,NRIS,100.0,100.0,0.0,0.0,
J2535,,,Vermilion,LA,Cooper - Leesville 138 kV,CLECO POWER LLC CLEC,Battery Storage,210.0,210.0,210.0,2022-09-15T04:00:00+00:00,Withdrawn,,2025-07-31T04:00:00+00:00,,,Battery Storage,Not Started,,2026-10-31T04:00:00+00:00,,DPP-2022,South,Phase 1,NRIS,0.0,0.0,0.0,0.0,
J2508,,,Webster,LA,El Dorado Ehv - Sarepta 345kV,"ENTERGY LOUISIANA, LLC ELTO",Solar,300.0,300.0,300.0,2022-09-14T04:00:00+00:00,Withdrawn,,2025-07-31T04:00:00+00:00,,,Photovoltaic,Not Started,,2026-11-01T04:00:00+00:00,,DPP-2022,South,Phase 1,NRIS,0.0,0.0,0.0,0.0,
J2365,,,Portage,WI,Werner West - Rocky Run 345kV,AMERICAN TRANSMISSION COMPANY,Battery Storage,115.0,115.0,115.0,2022-09-12T04:00:00+00:00,Withdrawn,,2025-07-30T04:00:00+00:00,,,Battery Storage,Not Started,,2030-10-01T04:00:00+00:00,,DPP-2022,East (ATC),Phase 1,NRIS,0.0,0.0,0.0,0.0,
J2460,,,Jefferson,AR,White Bluff EHV 500kV,"ENTERGY ARKANSAS, LLC EATO",Battery Storage,100.0,100.0,100.0,2022-09-14T04:00:00+00:00,Withdrawn,,2025-07-31T04:00:00+00:00,,,Battery Storage,Not Started,,2026-11-01T04:00:00+00:00,,DPP-2022,South,Phase 1,NRIS,0.0,0.0,0.0,0.0,
J2506,,,Boone,MO,5BOLSTAD 161kV Substation,"CITY OF COLUMBIA, MISSOURI (WATER AND LIGHT DEPT.)",Battery Storage,100.0,100.0,100.0,2022-09-15T04:00:00+00:00,Withdrawn,,2025-10-27T04:00:00+00:00,,,Battery Storage,Not Started,,2026-11-01T04:00:00+00:00,,DPP-2022,Central,Phase 2,NRIS,0.0,0.0,0.0,0.0,
J2523,,,Independence,AR,INDEPENDENCE-ISES,"ENTERGY ARKANSAS, LLC EATO",Solar,250.0,250.0,250.0,2022-09-14T04:00:00+00:00,Active,,,,,Photovoltaic,Not Started,,2026-11-01T04:00:00+00:00,,DPP-2022,South,Phase 1,ERIS,250.0,0.0,0.0,0.0,
J2366,,,Portage,WI,Werner West - Rocky Run 345kV,AMERICAN TRANSMISSION COMPANY,Solar,160.0,160.0,160.0,2022-09-12T04:00:00+00:00,Withdrawn,,2025-07-30T04:00:00+00:00,,,Photovoltaic,Not Started,,2030-10-01T04:00:00+00:00,,DPP-2022,East (ATC),Phase 1,NRIS,0.0,0.0,0.0,0.0,
J2516,,,Jefferson,AR,White Bluff EHV 500kV,"ENTERGY ARKANSAS, LLC EATO",Solar,300.0,300.0,300.0,2022-09-14T04:00:00+00:00,Withdrawn,,2025-07-31T04:00:00+00:00,,,Photovoltaic,Not Started,,2026-11-01T04:00:00+00:00,,DPP-2022,South,Phase 1,NRIS,0.0,0.0,0.0,0.0,
J2524,,,Stoddard,MO,5STODDARD - 5MORLEY (AECI) 161kV,,Solar,200.0,200.0,200.0,2022-09-15T04:00:00+00:00,Pending Revision Approval,,,,,Photovoltaic,Not Started,,2026-11-01T04:00:00+00:00,,DPP-2022,Central,Phase 2,NRIS,200.0,200.0,0.0,0.0,
J2411,,,De Soto,LA,Red River-Mansfield 138kV,CLECO POWER LLC CLEC,Solar,80.0,80.0,80.0,2022-09-13T04:00:00+00:00,Withdrawn,,2025-07-30T04:00:00+00:00,,,Photovoltaic,Not Started,,2026-10-01T04:00:00+00:00,,DPP-2022,South,Phase 1,NRIS,0.0,0.0,0.0,0.0,
J2416,,,Trempealeau,WI,North Rochester-Briggs Road 345kV,NORTHERN STATES POWER COMPANY,Battery Storage,125.0,125.0,125.0,2022-09-12T04:00:00+00:00,Withdrawn,,2025-10-27T04:00:00+00:00,,,Battery Storage,Not Started,,2027-10-01T04:00:00+00:00,,DPP-2022,West,Phase 1,NRIS,0.0,0.0,0.0,0.0,
J2497,,,Jefferson,IL,West Mt. Vernon,AMEREN ILLINOIS,Battery Storage,300.0,300.0,300.0,2022-09-12T04:00:00+00:00,Withdrawn,,2025-10-27T04:00:00+00:00,,,Battery Storage,Not Started,,2026-03-07T05:00:00+00:00,,DPP-2022,Central,Phase 2,NRIS,0.0,0.0,0.0,0.0,
J2412,,,Pulaski,AR,LR Alexander 115kV,"ENTERGY ARKANSAS, LLC EATO",Battery Storage,100.0,100.0,100.0,2022-09-15T04:00:00+00:00,Withdrawn,,2023-03-24T04:00:00+00:00,,,Battery Storage,Not Started,,2026-10-01T04:00:00+00:00,,DPP-2022,South,Phase 1,NRIS,0.0,0.0,0.0,0.0,
J3355,,,Fulton,IL,4IPAVA 3 - 4HAVANA2 138.0kV,AMEREN ILLINOIS,Wind,100.6,100.6,100.6,2024-04-10T04:00:00+00:00,Withdrawn,,2025-12-23T05:00:00+00:00,,,Wind Turbine,,,2027-09-15T04:00:00+00:00,,DPP-2023,Central,Study Not Started,ERIS,0.0,0.0,0.0,0.0,
J3356,,,Pike,IN,RATTS - ALGIERS 69.0kV,HOOSIER ENERGY,Hybrid,65.0,65.0,65.0,2024-04-16T04:00:00+00:00,Withdrawn,,2025-09-26T04:00:00+00:00,,,Solar/Battery,,,2026-10-01T04:00:00+00:00,,DPP-2023,Central,Study Not Started,NRIS,0.0,0.0,0.0,0.0,
J2498,,,Hamilton,IN,Hortonville-Noblesville Line 345 kV,INDIANAPOLIS POWER & LIGHT COMPANY,Battery Storage,250.0,250.0,250.0,2022-09-12T04:00:00+00:00,Withdrawn,,2023-03-24T04:00:00+00:00,,,Battery Storage,Not Started,,2026-03-07T05:00:00+00:00,,DPP-2022,Central,Phase 2,NRIS,0.0,0.0,0.0,0.0,
J2499,,,Ottawa,MI,Blendon 138 kV,METC,Battery Storage,100.0,100.0,100.0,2022-09-12T04:00:00+00:00,Active,,,,,Battery Storage,Not Started,,2026-03-07T05:00:00+00:00,,DPP-2022,East (ITC),Phase 1,NRIS,100.0,100.0,0.0,0.0,
J2384,,,Shelby,IL,4PANA 1 - 4SHELBYVL E 138.0kV,,Solar,125.0,125.0,125.0,2022-09-15T04:00:00+00:00,Active,,,,,Photovoltaic,Not Started,,2024-12-01T05:00:00+00:00,,DPP-2022,Central,Phase 2,ERIS,125.0,0.0,0.0,0.0,
J2537,,,Shawano,WI,Highway 22 345 kV Substation,AMERICAN TRANSMISSION COMPANY,Battery Storage,100.0,100.0,100.0,2022-09-15T04:00:00+00:00,Withdrawn,,2025-07-30T04:00:00+00:00,,,Battery Storage,Not Started,,2024-12-01T05:00:00+00:00,,DPP-2022,East (ATC),Phase 1,NRIS,0.0,0.0,0.0,0.0,
J2484,,,Monroe,MI,Other_,ITC,Solar,100.0,100.0,100.0,2022-09-14T04:00:00+00:00,Pending Revision Approval,,,,,Photovoltaic,Not Started,,2025-11-01T04:00:00+00:00,,DPP-2022,East (ITC),Phase 1,NRIS,100.0,100.0,0.0,0.0,
J2426,,,Marion,IL,Kinmundy 138kV,AMEREN ILLINOIS,Battery Storage,200.0,200.0,200.0,2022-09-12T04:00:00+00:00,Withdrawn,,2025-10-27T04:00:00+00:00,,,Battery Storage,Not Started,,2027-10-01T04:00:00+00:00,,DPP-2022,Central,Phase 2,NRIS,0.0,0.0,0.0,0.0,
J2488,,,Bay,MI,Almeda Junction-Shale 138kV,METC,Solar,150.0,150.0,150.0,2022-09-14T04:00:00+00:00,Withdrawn,,2023-03-24T04:00:00+00:00,,,Photovoltaic,Not Started,,2025-11-01T04:00:00+00:00,,DPP-2022,East (ITC),Phase 1,NRIS,0.0,0.0,0.0,0.0,
J2427,,,Marion,IL,Kinmundy 138kV,AMEREN ILLINOIS,Solar,200.0,200.0,200.0,2022-09-12T04:00:00+00:00,Withdrawn,,2025-10-27T04:00:00+00:00,,,Photovoltaic,Not Started,,2027-10-01T04:00:00+00:00,,DPP-2022,Central,Phase 2,NRIS,0.0,0.0,0.0,0.0,
J2418,,,Marshall,IN,Burr Oak 138kV,NORTHERN INDIANA PUBLIC SERVICE COMPANY LLC NIPS,Battery Storage,140.0,140.0,140.0,2022-09-14T04:00:00+00:00,Withdrawn,,2025-10-27T04:00:00+00:00,,,Battery Storage,Not Started,,2025-10-01T04:00:00+00:00,,DPP-2022,Central,Phase 2,NRIS,0.0,0.0,0.0,0.0,
J2422,,,Washington,IL,Baldwin,AMEREN TRANSMISSION COMPANY OF ILLINOIS,Battery Storage,200.0,200.0,200.0,2022-09-12T04:00:00+00:00,Withdrawn,,2023-03-24T04:00:00+00:00,,,Battery Storage,Not Started,,2027-10-01T04:00:00+00:00,,DPP-2022,Central,Phase 2,NRIS,0.0,0.0,0.0,0.0,
J3845,,,Monroe,MI,BROWNSTOWN - ENRICO FERMI #3 345.0kV,ITC,Battery Storage,250.0,250.0,250.0,2024-11-27T05:00:00+00:00,Withdrawn,,2026-04-16T04:00:00+00:00,,,Battery Storage,,,2029-02-09T05:00:00+00:00,,DPP-2025,East (ITC),Phase 1,NRIS,0.0,0.0,0.0,0.0,
J3864,,,Shiawassee,MI,GOSS - THETFORD 345.0kV,METC,Wind,230.0,230.0,230.0,2024-12-09T05:00:00+00:00,Pending Revision Approval,,,,,Wind Turbine,,,2028-11-01T04:00:00+00:00,,DPP-2025,East (ITC),Phase 1,NRIS,230.0,230.0,0.0,0.0,
J3866,,,Lapeer,MI,BENNET - GREENWOOD 120.0kV,ITC,Wind,300.0,300.0,300.0,2024-12-06T05:00:00+00:00,Pending Revision Approval,,,,,Wind Turbine,,,2028-11-01T04:00:00+00:00,,DPP-2025,East (ITC),Phase 1,NRIS,250.0,250.0,0.0,0.0,
J3867,,,Iroquois,IL,Watseka,AMEREN TRANSMISSION COMPANY OF ILLINOIS,Solar,200.0,200.0,200.0,2024-12-02T05:00:00+00:00,Withdrawn,,2025-12-29T05:00:00+00:00,,,Photovoltaic,,,2029-06-01T04:00:00+00:00,,DPP-2025,Central,Phase 1,NRIS,0.0,0.0,0.0,0.0,
J3860,,,Peoria,IL,7FARGO - 7SANDBURG 345.0kV,AMEREN TRANSMISSION COMPANY OF ILLINOIS,Wind,500.0,500.0,500.0,2025-01-27T05:00:00+00:00,Active,,,,,Wind Turbine,,,2030-04-02T04:00:00+00:00,,DPP-2025,Central,Phase 1,NRIS,300.0,300.0,0.0,0.0,
J3660,,,Rock Island,IL,Oak Grove 161 kV sub,MIDAMERICAN ENERGY CO. MEC,Battery Storage,200.0,200.0,200.0,2024-04-18T04:00:00+00:00,Active,,,,,Battery Storage,,,2028-06-30T04:00:00+00:00,,DPP-2023,West,Study Not Started,NRIS,200.0,200.0,0.0,0.0,
J3652,,,Lenawee,MI,BEECHER - KNOWLES 138.0kV,METC,Solar,150.0,150.0,150.0,2024-04-16T04:00:00+00:00,Withdrawn,,2025-12-23T05:00:00+00:00,,,Photovoltaic,,,2028-09-30T04:00:00+00:00,,DPP-2023,East (ITC),Study Not Started,NRIS,0.0,0.0,0.0,0.0,
J3654,,,Washtenaw,MI,"Line tap on Superior-Wayne 120kV line at 42.275480, -83.628250",ITC,Battery Storage,150.0,150.0,150.0,2024-04-05T04:00:00+00:00,Active,,,,,Battery Storage,,,2028-06-01T04:00:00+00:00,,DPP-2023,East (ITC),Study Not Started,NRIS,150.0,150.0,0.0,0.0,
J2486,,,Monroe,MI,LALLENDORF - MONROE 345.0kV,ITC,Solar,85.0,85.0,85.0,2022-09-14T04:00:00+00:00,Active,,,,,Photovoltaic,Not Started,,2025-11-01T04:00:00+00:00,,DPP-2022,East (ITC),Phase 1,NRIS,85.0,85.0,0.0,0.0,
J2491,,,Midland,MI,Edenville - Price Rd. Jct 138 kV,METC,Solar,100.0,100.0,100.0,2022-09-14T04:00:00+00:00,Withdrawn,,2025-08-01T04:00:00+00:00,,,Photovoltaic,Not Started,,2025-11-01T04:00:00+00:00,,DPP-2022,East (ITC),Phase 1,NRIS,0.0,0.0,0.0,0.0,
J2529,,,Rapides,LA,Cocodrie - Hineston 230kV line,CLECO POWER LLC CLEC,Solar,200.0,200.0,200.0,2022-09-14T04:00:00+00:00,Withdrawn,,2025-07-31T04:00:00+00:00,,,Photovoltaic,Not Started,,2026-11-01T04:00:00+00:00,,DPP-2022,South,Phase 1,NRIS,0.0,0.0,0.0,0.0,
J2368,,,LaMoure,ND,Ellendale 345kV SS,MONTANA-DAKOTA UTILITIES CO.MDU,Wind,250.0,250.0,250.0,2022-09-14T04:00:00+00:00,Withdrawn,,2025-10-27T04:00:00+00:00,,,Wind Turbine,Not Started,,2030-10-01T04:00:00+00:00,,DPP-2022,West,Phase 1,NRIS,0.0,0.0,0.0,0.0,
J2429,,,Dane,WI,North Madison 69kV Substation,AMERICAN TRANSMISSION COMPANY,Solar,50.0,50.0,50.0,2022-09-12T04:00:00+00:00,Active,,,,,Photovoltaic,Not Started,,2027-10-01T04:00:00+00:00,,DPP-2022,East (ATC),Phase 1,NRIS,50.0,50.0,0.0,0.0,
J2430,,,Concordia,LA,Red Gum 115kV,"ENTERGY LOUISIANA, LLC ELTO",Solar,80.0,80.0,80.0,2022-09-13T04:00:00+00:00,Withdrawn,,2023-03-24T04:00:00+00:00,,,Photovoltaic,Not Started,,2026-10-01T04:00:00+00:00,,DPP-2022,South,Phase 1,NRIS,0.0,0.0,0.0,0.0,
J2431,,,St. Francis,AR,"West Memphis-Genpower Keo 500kV Line Break (located at ""CHALKBLUFFPV"" 500kV POI SS, co-located with ","ENTERGY ARKANSAS, LLC EATO",Battery Storage,150.0,150.0,150.0,2022-09-13T04:00:00+00:00,Withdrawn,,2025-07-30T04:00:00+00:00,,,Battery Storage,Not Started,,2026-10-01T04:00:00+00:00,,DPP-2022,South,Phase 1,NRIS,0.0,0.0,0.0,0.0,
J2382,,,Randolph,MO,5ADAIR    - 5THMHIL (AECI)  161.0kV,AMEREN MISSOURI,Hybrid,115.0,115.0,115.0,2022-09-14T04:00:00+00:00,Active,,,,,Solar/Battery,Not Started,,2026-04-24T04:00:00+00:00,,DPP-2022,Central,Phase 2,NRIS,115.0,115.0,0.0,0.0,
J2369,,,Taylor,IA,Madison-Orient 345kV,MIDAMERICAN ENERGY CO. MEC,Wind,300.0,300.0,300.0,2022-09-14T04:00:00+00:00,Active,,,,,Wind Turbine,Not Started,,2030-10-01T04:00:00+00:00,,DPP-2022,West,Phase 1,NRIS,300.0,300.0,0.0,0.0,
J2453,,,Cumberland,IL,Casey West 345kV,AMEREN ILLINOIS,Solar,100.0,100.0,100.0,2022-09-15T04:00:00+00:00,Withdrawn,,2025-10-27T04:00:00+00:00,,,Photovoltaic,Not Started,,2027-06-01T04:00:00+00:00,,DPP-2022,Central,Phase 2,NRIS,0.0,0.0,0.0,0.0,
J2408,,,Switzerland,IN,Fairview 138 kV Substation,"DUKE ENERGY INDIANA, LLC CIN",Battery Storage,100.0,100.0,100.0,2022-09-12T04:00:00+00:00,Withdrawn,,2023-03-24T04:00:00+00:00,,,Battery Storage,Not Started,,2026-03-07T05:00:00+00:00,,DPP-2022,Central,Phase 2,NRIS,0.0,0.0,0.0,0.0,
J2496,,,White,IN,Reynolds 345 kV Substation,NORTHERN INDIANA PUBLIC SERVICE COMPANY LLC NIPS,Battery Storage,400.0,400.0,400.0,2022-09-13T04:00:00+00:00,Active,,,,,Battery Storage,Not Started,,2026-03-07T05:00:00+00:00,,DPP-2022,Central,Phase 2,NRIS,400.0,400.0,0.0,0.0,
J2428,,,Coahoma,MS,Clarksdale 115kV,"ENTERGY MISSISSIPPI, LLC. EMTO",Solar,100.0,100.0,100.0,2022-09-12T04:00:00+00:00,Withdrawn,,2023-03-24T04:00:00+00:00,,,Photovoltaic,Not Started,,2026-10-01T04:00:00+00:00,,DPP-2022,South,Phase 1,NRIS,0.0,0.0,0.0,0.0,
J2493,,,Arenac,MI,Gallagher - Tittabawassee 345 kV,METC,Solar,184.0,184.0,184.0,2022-09-14T04:00:00+00:00,Withdrawn,,2025-08-01T04:00:00+00:00,,,Photovoltaic,Not Started,,2025-11-01T04:00:00+00:00,,DPP-2022,East (ITC),Phase 1,NRIS,0.0,0.0,0.0,0.0,
J3697,,,Jennings,IN,Other_,HOOSIER ENERGY,Battery Storage,44.0,44.0,44.0,2024-04-17T04:00:00+00:00,Withdrawn,,2025-12-23T05:00:00+00:00,,,Battery Storage,,,2028-05-01T04:00:00+00:00,,DPP-2023,Central,Study Not Started,NRIS,0.0,0.0,0.0,0.0,
J3698,,,Roscommon,MI,HIGGINS - MIO DAM 138.0kV,METC,Battery Storage,100.0,100.0,100.0,2024-04-18T04:00:00+00:00,Withdrawn,,2025-09-30T04:00:00+00:00,,,Battery Storage,,,2028-10-16T04:00:00+00:00,,DPP-2023,East (ITC),Study Not Started,NRIS,0.0,0.0,0.0,0.0,
J2413,,,McLean,IL,Hoopeston West 138kV,AMEREN ILLINOIS,Battery Storage,150.0,150.0,150.0,2022-09-13T04:00:00+00:00,Withdrawn,,2025-10-27T04:00:00+00:00,,,Battery Storage,Not Started,,2027-10-01T04:00:00+00:00,,DPP-2022,Central,Phase 2,NRIS,0.0,0.0,0.0,0.0,
J2415,,,Acadia,LA,Richard 138kV,"ENTERGY LOUISIANA, LLC ELTO",Battery Storage,75.0,75.0,75.0,2022-09-13T04:00:00+00:00,Withdrawn,,2025-07-30T04:00:00+00:00,,,Battery Storage,Not Started,,2026-10-01T04:00:00+00:00,,DPP-2022,South,Phase 1,NRIS,0.0,0.0,0.0,0.0,
J2359,,,Madison,MS,Other_,"ENTERGY MISSISSIPPI, LLC. EMTO",Battery Storage,58.5,58.5,58.5,2022-09-15T04:00:00+00:00,Withdrawn,,2025-07-30T04:00:00+00:00,,,Battery Storage,Not Started,,2024-12-01T05:00:00+00:00,,DPP-2022,South,Phase 1,NRIS,0.0,0.0,0.0,0.0,
J2370,,,Hinds,MS,BOLTON - RAYMOND-CAPLINE 115.0kV,"ENTERGY MISSISSIPPI, LLC. EMTO",Solar,100.0,100.0,100.0,2022-09-15T04:00:00+00:00,Withdrawn,,2025-07-30T04:00:00+00:00,,,Photovoltaic,Not Started,,2024-12-01T05:00:00+00:00,,DPP-2022,South,Phase 1,NRIS,0.0,0.0,0.0,0.0,
J2420,,,Faribault,MN,Huntley 345kV,ITC MIDWEST,Solar,95.0,95.0,95.0,2022-09-12T04:00:00+00:00,Withdrawn,,2025-10-27T04:00:00+00:00,,,Photovoltaic,Not Started,,2027-10-01T04:00:00+00:00,,DPP-2022,West,Phase 1,NRIS,0.0,0.0,0.0,0.0,
J2544,,,Shawano,WI,Highway 22 345 kV Substation,AMERICAN TRANSMISSION COMPANY,Solar,95.0,95.0,95.0,2022-09-15T04:00:00+00:00,Withdrawn,,2025-07-30T04:00:00+00:00,,,Photovoltaic,Not Started,,2024-12-01T05:00:00+00:00,,DPP-2022,East (ATC),Phase 1,NRIS,0.0,0.0,0.0,0.0,
J2295,,,Sullivan,IN,Merom Substation 345kV,HOOSIER ENERGY,Solar,200.0,200.0,200.0,2021-09-09T04:00:00+00:00,Withdrawn,,2023-04-04T04:00:00+00:00,,,Photovoltaic,,,2025-04-01T04:00:00+00:00,,DPP-2021,Central,Phase 2,ERIS,0.0,0.0,0.0,0.0,
J2281,,,White,IN,Reynolds 138 kV,NORTHERN INDIANA PUBLIC SERVICE COMPANY LLC NIPS,Battery Storage,100.0,100.0,100.0,2021-08-20T04:00:00+00:00,Withdrawn,,2021-12-08T05:00:00+00:00,,,Battery Storage,,,2024-10-07T04:00:00+00:00,,DPP-2021,Central,Phase 2,NRIS,0.0,0.0,0.0,0.0,
J2522,,,Mississippi,AR,AECC Manila - Dell EHV 161 kV (J2089 POI),"ENTERGY ARKANSAS, LLC EATO",Battery Storage,100.0,100.0,100.0,2022-09-13T04:00:00+00:00,Withdrawn,,2023-03-25T04:00:00+00:00,,,Battery Storage,Not Started,,2026-10-31T04:00:00+00:00,,DPP-2022,South,Phase 1,NRIS,0.0,0.0,0.0,0.0,
J2437,,,Lee,AR,BRINKLEY EAST - AECC AUBREY 230.0kV,"ENTERGY ARKANSAS, LLC EATO",Wind,175.0,175.0,175.0,2022-09-15T04:00:00+00:00,Active,,,,,Wind Turbine,Not Started,,2027-09-01T04:00:00+00:00,,DPP-2022,South,Phase 1,ERIS,175.0,0.0,0.0,0.0,
J2423,,,Columbia,WI,Columbia-North Madison 345kV,,Battery Storage,300.0,300.0,300.0,2022-09-13T04:00:00+00:00,Active,,,,,Battery Storage,Not Started,,2027-10-01T04:00:00+00:00,,DPP-2022,East (ATC),Phase 1,NRIS,300.0,300.0,0.0,0.0,
J2425,,,Montgomery,MO,7ENON - 7MONTGMRY 345kV,AMEREN MISSOURI,Solar,150.0,150.0,150.0,2022-09-13T04:00:00+00:00,Withdrawn,,2025-10-27T04:00:00+00:00,,,Photovoltaic,Not Started,,2027-10-01T04:00:00+00:00,,DPP-2022,Central,Phase 2,NRIS,0.0,0.0,0.0,0.0,
J2406,,,Madison,MS,Pickens - Canton 230 kV,"ENTERGY MISSISSIPPI, LLC. EMTO",Solar,200.0,200.0,200.0,2022-09-14T04:00:00+00:00,Withdrawn,,2025-07-30T04:00:00+00:00,,,Photovoltaic,Not Started,,2026-09-01T04:00:00+00:00,,DPP-2022,South,Phase 1,NRIS,0.0,0.0,0.0,0.0,
J2527,,,Allen,LA,Caney 138 kV,CLECO POWER LLC CLEC,Battery Storage,140.0,140.0,140.0,2022-09-13T04:00:00+00:00,Withdrawn,,2023-03-25T04:00:00+00:00,,,Battery Storage,Not Started,,2025-10-31T04:00:00+00:00,,DPP-2022,South,Phase 1,NRIS,0.0,0.0,0.0,0.0,
J2534,,,Mason,MI,Pere Marquette 138 KV,METC,Solar,100.0,100.0,100.0,2022-09-15T04:00:00+00:00,Withdrawn,,2025-08-01T04:00:00+00:00,,,Photovoltaic,Not Started,,2025-10-31T04:00:00+00:00,,DPP-2022,East (ITC),Phase 1,NRIS,0.0,0.0,0.0,0.0,
J2456,,,Phillips,AR,AECC AUBREY-RITCHIE SES SWITCHYARD 230 KV,,Hybrid,100.0,100.0,100.0,2022-09-14T04:00:00+00:00,Pending Revision Approval,,,,,Solar/Battery,Not Started,,2027-03-01T05:00:00+00:00,,DPP-2022,South,Phase 1,NRIS,100.0,100.0,0.0,0.0,
J2487,,,Bay,MI,Gallagher-Tittabawassee 345kV Transmission Line,METC,Solar,200.0,200.0,200.0,2022-09-14T04:00:00+00:00,Withdrawn,,2023-03-24T04:00:00+00:00,,,Photovoltaic,Not Started,,2025-11-01T04:00:00+00:00,,DPP-2022,East (ITC),Phase 1,NRIS,0.0,0.0,0.0,0.0,
J2494,,,Midland,MI,Clare Jct to Vernon Jct 138 kV,METC,Solar,178.0,178.0,178.0,2022-09-14T04:00:00+00:00,Withdrawn,,2023-03-24T04:00:00+00:00,,,Photovoltaic,Not Started,,2025-11-01T04:00:00+00:00,,DPP-2022,East (ITC),Phase 1,NRIS,0.0,0.0,0.0,0.0,
J2433,,,Wadena,MN,Wing River-Riverton 230kV,GREAT RIVER ENERGY,Solar,150.0,150.0,150.0,2022-09-14T04:00:00+00:00,Withdrawn,,2023-03-24T04:00:00+00:00,,,Photovoltaic,Not Started,,2027-10-01T04:00:00+00:00,,DPP-2022,West,Phase 1,NRIS,0.0,0.0,0.0,0.0,
J2444,,,Van Buren,MI,ARGENTA - TWIN BRANCH 345.0kV,METC,Solar,220.0,220.0,220.0,2022-09-14T04:00:00+00:00,Active,,,,,Photovoltaic,Not Started,,2026-08-01T04:00:00+00:00,,DPP-2022,East (ITC),Phase 1,NRIS,220.0,220.0,0.0,0.0,
J2436,,,Webster,IA,Webster-Lehigh 345kV,MIDAMERICAN ENERGY CO. MEC,Wind,300.0,300.0,300.0,2022-09-12T04:00:00+00:00,Active,,,,,Wind Turbine,Not Started,,2030-10-01T04:00:00+00:00,,DPP-2022,West,Phase 1,NRIS,300.0,300.0,0.0,0.0,
J2495,,,Benton,MN,Benton County 115 kV,,Solar,100.0,100.0,100.0,2022-09-13T04:00:00+00:00,Pending Revision Approval,,,,,Photovoltaic,Not Started,,2026-04-29T04:00:00+00:00,,DPP-2022,West,Phase 1,NRIS,100.0,100.0,0.0,0.0,
J2462,,,Worth,IA,Ledyard-Colby 345kV,ITC MIDWEST,Battery Storage,200.0,200.0,200.0,2022-09-13T04:00:00+00:00,Withdrawn,,2025-10-27T04:00:00+00:00,,,Battery Storage,Not Started,,2027-10-01T04:00:00+00:00,,DPP-2022,West,Phase 1,NRIS,0.0,0.0,0.0,0.0,
J2501,,,Goodhue,MN,NORTH ROCHESTER,NORTHERN STATES POWER COMPANY,Solar,150.0,150.0,150.0,2022-09-13T04:00:00+00:00,Active,,,,,Photovoltaic,Not Started,,2024-11-01T04:00:00+00:00,,DPP-2022,West,Phase 1,NRIS,150.0,150.0,0.0,0.0,
J2363,,,Washington,IA,Marshalltown-Laurel 161kV,ITC MIDWEST,Wind,226.0,226.0,226.0,2022-09-12T04:00:00+00:00,Withdrawn,,2025-10-27T04:00:00+00:00,,,Wind Turbine,Not Started,,2030-10-01T04:00:00+00:00,,DPP-2022,West,Phase 1,NRIS,0.0,0.0,0.0,0.0,
J2515,,,Jefferson,AR,White Bluff EHV 500kV,"ENTERGY ARKANSAS, LLC EATO",Solar,300.0,300.0,300.0,2022-09-14T04:00:00+00:00,Withdrawn,,2025-07-31T04:00:00+00:00,,,Photovoltaic,Not Started,,2026-11-01T04:00:00+00:00,,DPP-2022,South,Phase 1,NRIS,0.0,0.0,0.0,0.0,
J2464,,,Worth,IA,Ledyard-Colby 345kV,ITC MIDWEST,Solar,200.0,200.0,200.0,2022-09-12T04:00:00+00:00,Withdrawn,,2025-10-27T04:00:00+00:00,,,Photovoltaic,Not Started,,2027-10-01T04:00:00+00:00,,DPP-2022,West,Phase 1,NRIS,0.0,0.0,0.0,0.0,
J2518,,,LaMoure,ND,Jamestown 345 kV,OTTER TAIL POWER COMPANY OTP,Battery Storage,200.0,200.0,200.0,2022-09-13T04:00:00+00:00,Withdrawn,,2025-10-07T04:00:00+00:00,,,Battery Storage,Not Started,,2024-11-01T04:00:00+00:00,,DPP-2022,West,Phase 1,NRIS,0.0,0.0,0.0,0.0,
J2466,,,Howard,IA,Hazleton-Mitchell County 345kV line,ITC MIDWEST,Wind,130.0,130.0,130.0,2022-09-12T04:00:00+00:00,Withdrawn,,2025-10-27T04:00:00+00:00,,,Wind Turbine,Not Started,,2027-10-01T04:00:00+00:00,,DPP-2022,West,Phase 1,NRIS,0.0,0.0,0.0,0.0,
J2468,,,Union,AR,El Dorado East 115kV,"ENTERGY ARKANSAS, LLC EATO",Battery Storage,130.0,130.0,130.0,2022-09-15T04:00:00+00:00,Withdrawn,,2023-03-24T04:00:00+00:00,,,Battery Storage,Not Started,,2026-10-01T04:00:00+00:00,,DPP-2022,South,Phase 1,NRIS,0.0,0.0,0.0,0.0,
J2469,,,Linn,IA,Sub K (Tiffin)-Duane Arnold 345kV,ITC MIDWEST,Battery Storage,300.0,300.0,300.0,2022-09-12T04:00:00+00:00,Active,,,,,Battery Storage,Not Started,,2027-10-01T04:00:00+00:00,,DPP-2022,West,Phase 1,NRIS,300.0,300.0,0.0,0.0,
J2452,,,Cleveland,AR,Sheridan EHV- EL Dorado EHV 500 Kv,"ENTERGY ARKANSAS, LLC EATO",Solar,500.0,500.0,500.0,2022-09-15T04:00:00+00:00,Withdrawn,,2025-07-31T04:00:00+00:00,,,Photovoltaic,Not Started,,2026-09-15T04:00:00+00:00,,DPP-2022,South,Phase 1,NRIS,0.0,0.0,0.0,0.0,
J2367,,,LaMoure,ND,Ellendale 345kV SS,MONTANA-DAKOTA UTILITIES CO.MDU,Wind,250.0,250.0,250.0,2022-09-14T04:00:00+00:00,Withdrawn,,2025-10-27T04:00:00+00:00,,,Wind Turbine,Not Started,,2030-10-01T04:00:00+00:00,,DPP-2022,West,Phase 1,NRIS,0.0,0.0,0.0,0.0,
J2385,,,Franklin,LA,SWARTZ 115 KV,"ENTERGY LOUISIANA, LLC ELTO",Solar,179.0,179.0,179.0,2022-09-14T04:00:00+00:00,Withdrawn,,2025-07-30T04:00:00+00:00,,,Photovoltaic,Not Started,,2027-04-15T04:00:00+00:00,,DPP-2022,South,Phase 1,NRIS,0.0,0.0,0.0,0.0,
J2407,,,Sullivan,IN,Dresser-Merom (HED) 345kV line break,"DUKE ENERGY INDIANA, LLC CIN",Solar,198.0,198.0,198.0,2022-09-14T04:00:00+00:00,Withdrawn,,2025-10-27T04:00:00+00:00,,,Photovoltaic,Not Started,,2027-10-01T04:00:00+00:00,,DPP-2022,Central,Phase 2,NRIS,0.0,0.0,0.0,0.0,
J2410,,,Pottawattamie,IA,Pony Creek-Rolling Hills Wind 345kV,MIDAMERICAN ENERGY CO. MEC,Wind,300.0,300.0,300.0,2022-09-15T04:00:00+00:00,Withdrawn,,2025-10-27T04:00:00+00:00,,,Wind Turbine,Not Started,,2027-10-01T04:00:00+00:00,,DPP-2022,West,Phase 1,NRIS,0.0,0.0,0.0,0.0,
J2414,,,Vermilion,IL,Hoopeston 138kV,AMEREN ILLINOIS,Solar,150.0,150.0,150.0,2022-09-13T04:00:00+00:00,Withdrawn,,2025-10-27T04:00:00+00:00,,,Photovoltaic,Not Started,,2027-10-01T04:00:00+00:00,,DPP-2022,Central,Phase 2,NRIS,0.0,0.0,0.0,0.0,
J2358,,,Madison,MS,Other_,"ENTERGY MISSISSIPPI, LLC. EMTO",Solar,113.98,113.98,113.98,2022-09-15T04:00:00+00:00,Withdrawn,,2025-07-30T04:00:00+00:00,,,Photovoltaic,Not Started,,2024-12-01T05:00:00+00:00,,DPP-2022,South,Phase 1,NRIS,0.0,0.0,0.0,0.0,
J2417,,,Trempealeau,WI,North Rochester-Briggs Road 345kV,NORTHERN STATES POWER COMPANY,Solar,300.0,300.0,300.0,2022-09-12T04:00:00+00:00,Withdrawn,,2025-10-27T04:00:00+00:00,,,Photovoltaic,Not Started,,2027-10-01T04:00:00+00:00,,DPP-2022,West,Phase 1,NRIS,0.0,0.0,0.0,0.0,
J2376,,,Shelby,IL,4PANA 1 - 4SHELBYVL E 138.0kV,AMEREN ILLINOIS,Battery Storage,60.0,60.0,60.0,2022-09-15T04:00:00+00:00,Active,,,,,Battery Storage,Not Started,,2024-12-01T05:00:00+00:00,,DPP-2022,Central,Phase 2,ERIS,60.0,0.0,0.0,0.0,
J2371,,,Morehouse,LA,DUNN - OAK RIDGE (LA) 115.0kV,,Solar,250.0,250.0,250.0,2022-09-14T04:00:00+00:00,Active,,,,,Photovoltaic,Not Started,,2026-10-31T04:00:00+00:00,,DPP-2022,South,Phase 1,ERIS,250.0,0.0,0.0,0.0,
J2539,,,Clark,IN,Trimble (LGEE) - Speed 345 kV,"DUKE ENERGY INDIANA, LLC CIN",Solar,150.0,150.0,150.0,2022-09-15T04:00:00+00:00,Withdrawn,,2025-10-27T04:00:00+00:00,,,Photovoltaic,Not Started,,2026-03-01T05:00:00+00:00,,DPP-2022,Central,Phase 2,NRIS,0.0,0.0,0.0,0.0,
J2419,,,Faribault,MN,Huntley 345kV,ITC MIDWEST,Battery Storage,300.0,300.0,300.0,2022-09-12T04:00:00+00:00,Withdrawn,,2025-10-27T04:00:00+00:00,,,Battery Storage,Not Started,,2027-10-01T04:00:00+00:00,,DPP-2022,West,Phase 1,NRIS,0.0,0.0,0.0,0.0,
J2421,,,Rush,IN,Greensboro-Gwynneville 345kV,"DUKE ENERGY INDIANA, LLC CIN",Battery Storage,200.0,200.0,200.0,2022-09-14T04:00:00+00:00,Withdrawn,,2025-10-27T04:00:00+00:00,,,Battery Storage,Not Started,,2025-10-01T04:00:00+00:00,,DPP-2022,Central,Phase 2,NRIS,0.0,0.0,0.0,0.0,
J2485,,,Livingston,MI,BLACKFOOT - MADRID 345.0kV,ITC,Solar,180.0,180.0,180.0,2022-09-14T04:00:00+00:00,Active,,,,,Photovoltaic,Not Started,,2025-11-01T04:00:00+00:00,,DPP-2022,East (ITC),Phase 1,NRIS,180.0,180.0,0.0,0.0,
J2424,,,Evangeline,LA,Manuel 138kV,CLECO POWER LLC CLEC,Battery Storage,100.0,100.0,100.0,2022-09-13T04:00:00+00:00,Withdrawn,,2025-07-30T04:00:00+00:00,,,Battery Storage,Not Started,,2026-10-01T04:00:00+00:00,,DPP-2022,South,Phase 1,NRIS,0.0,0.0,0.0,0.0,
J2490,,,Tuscola,MI,Tuscola-Arrowhead 120kV Transmission Line,ITC,Solar,125.0,125.0,125.0,2022-09-14T04:00:00+00:00,Active,,,,,Photovoltaic,Not Started,,2025-11-01T04:00:00+00:00,,DPP-2022,East (ITC),Phase 1,NRIS,125.0,125.0,0.0,0.0,
J2434,,,Vermilion,IL,Hoopeston West 138kV,AMEREN ILLINOIS,Wind,150.0,150.0,150.0,2022-09-13T04:00:00+00:00,Withdrawn,,2025-10-27T04:00:00+00:00,,,Wind Turbine,Not Started,,2028-10-01T04:00:00+00:00,,DPP-2022,Central,Phase 2,NRIS,0.0,0.0,0.0,0.0,
J2435,,,Webster,IA,Webster-Wright 161kV,MIDAMERICAN ENERGY CO. MEC,Wind,150.0,150.0,150.0,2022-09-13T04:00:00+00:00,Withdrawn,,2025-10-27T04:00:00+00:00,,,Wind Turbine,Not Started,,2030-10-01T04:00:00+00:00,,DPP-2022,West,Phase 1,NRIS,0.0,0.0,0.0,0.0,
J2438,,,Montgomery,MO,7MONTGMRY -7ENON 345kV,AMEREN MISSOURI,Battery Storage,150.0,150.0,150.0,2022-09-13T04:00:00+00:00,Withdrawn,,2023-03-24T04:00:00+00:00,,,Battery Storage,Not Started,,2027-10-01T04:00:00+00:00,,DPP-2022,Central,Phase 2,NRIS,0.0,0.0,0.0,0.0,
J2461,,,Christian,IL,Pana 138 kV,AMEREN TRANSMISSION COMPANY OF ILLINOIS,Battery Storage,100.0,100.0,100.0,2022-09-14T04:00:00+00:00,Withdrawn,,2022-11-30T05:00:00+00:00,,,Battery Storage,Not Started,,2026-11-01T04:00:00+00:00,,DPP-2022,Central,Phase 2,NRIS,0.0,0.0,0.0,0.0,
J2463,,,Washington,IL,Baldwin,AMEREN ILLINOIS,Solar,200.0,200.0,200.0,2022-09-13T04:00:00+00:00,Withdrawn,,2025-10-27T04:00:00+00:00,,,Photovoltaic,Not Started,,2027-10-01T04:00:00+00:00,,DPP-2022,Central,Phase 2,NRIS,0.0,0.0,0.0,0.0,
J2525,,,Morehouse,LA,Dunn - Oak Ridge 115 kV,"ENTERGY LOUISIANA, LLC ELTO",Hybrid,175.0,175.0,175.0,2022-09-15T04:00:00+00:00,Withdrawn,,2023-03-25T04:00:00+00:00,,,Photovoltaic,Not Started,,2026-11-01T04:00:00+00:00,,DPP-2022,South,Phase 1,NRIS,0.0,0.0,0.0,0.0,
J2532,,,Sangamon,IL,Latham,,Battery Storage,200.0,200.0,200.0,2022-09-15T04:00:00+00:00,Pending Revision Approval,,,,,Battery Storage,Not Started,,2026-11-01T04:00:00+00:00,,DPP-2022,Central,Phase 2,ERIS,200.0,0.0,0.0,0.0,
J2465,,,Logan,IL,Goose Creek Energy Center to Maroa East 345 kV,AMEREN ILLINOIS,Wind,200.0,200.0,200.0,2022-09-12T04:00:00+00:00,Withdrawn,,2025-10-27T04:00:00+00:00,,,Wind Turbine,Not Started,,2028-10-01T04:00:00+00:00,,DPP-2022,Central,Phase 2,NRIS,0.0,0.0,0.0,0.0,
J2467,,,Evangeline,LA,Manuel 138kV,CLECO POWER LLC CLEC,Solar,105.0,105.0,105.0,2022-09-13T04:00:00+00:00,Withdrawn,,2025-07-31T04:00:00+00:00,,,Photovoltaic,Not Started,,2026-10-01T04:00:00+00:00,,DPP-2022,South,Phase 1,NRIS,0.0,0.0,0.0,0.0,
J2481,,,Pocahontas,IA,Webster-Irvington 345kV,MIDAMERICAN ENERGY CO. MEC,Wind,300.0,300.0,300.0,2022-09-12T04:00:00+00:00,Withdrawn,,2025-10-27T04:00:00+00:00,,,Wind Turbine,Not Started,,2030-10-01T04:00:00+00:00,,DPP-2022,West,Phase 1,NRIS,0.0,0.0,0.0,0.0,
J2381,,,Union,LA,DOWNSVILLE- RUSTON EAST (LAGEN) 115 kV,"ENTERGY LOUISIANA, LLC ELTO",Solar,200.0,200.0,200.0,2022-09-14T04:00:00+00:00,Withdrawn,,2025-07-30T04:00:00+00:00,,,Photovoltaic,Not Started,,2026-10-31T04:00:00+00:00,,DPP-2022,South,Phase 1,NRIS,0.0,0.0,0.0,0.0,
J2545,,,Buchanan,IA,Duane Arnold,ITC MIDWEST,Battery Storage,200.0,200.0,200.0,2022-09-15T04:00:00+00:00,Pending Revision Approval,,,,,Battery Storage,Not Started,,2026-11-01T04:00:00+00:00,,DPP-2022,West,Phase 1,NRIS,200.0,200.0,0.0,0.0,
J2546,,,Deuel,SD,Astoria 345kV,OTTER TAIL POWER COMPANY OTP,Wind,185.0,185.0,185.0,2022-09-14T04:00:00+00:00,Withdrawn,,2025-10-27T04:00:00+00:00,,,Wind Turbine,Not Started,,2027-10-01T04:00:00+00:00,,DPP-2022,West,Phase 1,NRIS,0.0,0.0,0.0,0.0,
J2372,,,McLean,IL,Bloomington Brokaw 138kV Substation,AMEREN ILLINOIS,Battery Storage,200.0,200.0,200.0,2022-09-15T04:00:00+00:00,Withdrawn,,2023-03-24T04:00:00+00:00,,,Battery Storage,Not Started,,2026-03-01T05:00:00+00:00,,DPP-2022,Central,Phase 2,NRIS,0.0,0.0,0.0,0.0,
J2538,,,Clark,IN,Speed  - Trimble (LGEE) 345.0kV,"DUKE ENERGY INDIANA, LLC CIN",Solar,200.0,200.0,200.0,2025-10-22T04:00:00+00:00,Active,,,,,Photovoltaic,Not Started,,2026-03-01T05:00:00+00:00,,DPP-2022,Central,Phase 2,NRIS,200.0,200.0,0.0,0.0,
J2540,,,Graves,KY,Bryan Road,BIG RIVERS ELECTRIC CORPORATION BREC,Solar,150.0,150.0,150.0,2025-10-22T04:00:00+00:00,Active,,,,,Photovoltaic,Not Started,,2026-03-01T05:00:00+00:00,,DPP-2022,Central,Phase 2,NRIS,150.0,150.0,0.0,0.0,
J2483,,,Amite,MS,GILLSBURG SS (CE)-LIBERTY115 Kv,"ENTERGY MISSISSIPPI, LLC. EMTO",Solar,105.0,105.0,105.0,2022-09-09T04:00:00+00:00,Withdrawn,,2023-03-21T04:00:00+00:00,,,Photovoltaic,Not Started,,2025-11-01T04:00:00+00:00,,DPP-2022,South,Phase 1,NRIS,0.0,0.0,0.0,0.0,
J2492,,,Wilkin,MN,Wahpeton 230kV,OTTER TAIL POWER COMPANY OTP,Battery Storage,300.0,300.0,300.0,2022-09-15T04:00:00+00:00,Withdrawn,,2025-10-07T04:00:00+00:00,,,Battery Storage,Not Started,,2024-10-31T04:00:00+00:00,,DPP-2022,West,Phase 1,NRIS,0.0,0.0,0.0,0.0,
J2505,,,Beauregard,LA,Bon Wier to Cooper 138 kV,CLECO POWER LLC CLEC,Solar,250.0,250.0,250.0,2022-09-15T04:00:00+00:00,Withdrawn,,2025-07-31T04:00:00+00:00,,,Photovoltaic,Not Started,,2026-10-31T04:00:00+00:00,,DPP-2022,South,Phase 1,NRIS,0.0,0.0,0.0,0.0,
J2386,,,Poinsett,AR,Marked Tree 161 kV,"ENTERGY ARKANSAS, LLC EATO",Solar,300.0,300.0,300.0,2022-09-13T04:00:00+00:00,Withdrawn,,2025-07-30T04:00:00+00:00,,,Photovoltaic,Not Started,,2026-10-31T04:00:00+00:00,,DPP-2022,South,Phase 1,NRIS,0.0,0.0,0.0,0.0,
J2442,,,Ripley,IN,Batesville 138 kV,"DUKE ENERGY INDIANA, LLC CIN",Solar,84.0,84.0,84.0,2022-09-15T04:00:00+00:00,Withdrawn,,2025-10-27T04:00:00+00:00,,,Photovoltaic,Not Started,,2025-10-31T04:00:00+00:00,,DPP-2022,Central,Phase 2,NRIS,0.0,0.0,0.0,0.0,
J2541,,,Graves,KY,Bryan Road,BIG RIVERS ELECTRIC CORPORATION BREC,Solar,50.0,50.0,50.0,2025-10-22T04:00:00+00:00,Active,,,,,Photovoltaic,Not Started,,2026-03-01T05:00:00+00:00,,DPP-2022,Central,Phase 2,NRIS,50.0,50.0,0.0,0.0,
J2542,,,Clark,IN,Vesta Rd 138kV,"DUKE ENERGY INDIANA, LLC CIN",Solar,100.0,100.0,100.0,2022-09-15T04:00:00+00:00,Withdrawn,,2023-03-24T04:00:00+00:00,,,Photovoltaic,Not Started,,2026-03-01T05:00:00+00:00,,DPP-2022,Central,Phase 2,NRIS,0.0,0.0,0.0,0.0,
J2512,,,Kosciusko,IN,Leesburg 345 kV,NORTHERN INDIANA PUBLIC SERVICE COMPANY LLC NIPS,Solar,173.0,173.0,173.0,2022-09-14T04:00:00+00:00,Withdrawn,,2025-10-27T04:00:00+00:00,,,Photovoltaic,Not Started,,2025-10-31T04:00:00+00:00,,DPP-2022,Central,Phase 2,NRIS,0.0,0.0,0.0,0.0,
J2514,,,Pike,IN,Gibson Sta to Petersburg (IP&L) 345 kV,"DUKE ENERGY INDIANA, LLC CIN",Battery Storage,100.0,100.0,100.0,2022-09-14T04:00:00+00:00,Withdrawn,,2025-10-27T04:00:00+00:00,,,Battery Storage,Not Started,,2025-10-31T04:00:00+00:00,,DPP-2022,Central,Phase 2,NRIS,0.0,0.0,0.0,0.0,
J2533,,,Union,LA,Bernice - Vienna 115 kV,"ENTERGY LOUISIANA, LLC ELTO",Solar,100.0,100.0,100.0,2022-09-14T04:00:00+00:00,Withdrawn,,2025-07-31T04:00:00+00:00,,,Photovoltaic,Not Started,,2026-10-31T04:00:00+00:00,,DPP-2022,South,Phase 1,NRIS,0.0,0.0,0.0,0.0,
J2392,,,Mason,MI,PERE MARQUETTE 138 KV,METC,Battery Storage,100.0,100.0,100.0,2022-09-15T04:00:00+00:00,Active,,,,,Battery Storage,Not Started,,2026-10-31T04:00:00+00:00,,DPP-2022,East (ITC),Phase 1,NRIS,100.0,100.0,0.0,0.0,
J2521,,,Poinsett,AR,Marked Tree 161 kV,"ENTERGY ARKANSAS, LLC EATO",Battery Storage,50.0,50.0,50.0,2022-09-13T04:00:00+00:00,Withdrawn,,2023-03-25T04:00:00+00:00,,,Battery Storage,Not Started,,2026-10-31T04:00:00+00:00,,DPP-2022,South,Phase 1,NRIS,0.0,0.0,0.0,0.0,
J2440,,,Benton,IN,GOODLAND - MORRISON DITCH 138.0kV,NORTHERN INDIANA PUBLIC SERVICE COMPANY LLC NIPS,Wind,100.0,100.0,100.0,2022-09-15T04:00:00+00:00,Active,,,,,Wind Turbine,Not Started,,2027-07-31T04:00:00+00:00,,DPP-2022,Central,Phase 2,ERIS,100.0,0.0,0.0,0.0,
J2390,,,Fulton,IL,Ipava 138kV,AMEREN TRANSMISSION COMPANY OF ILLINOIS,Hybrid,350.0,350.0,350.0,2022-09-15T04:00:00+00:00,Active,,,,,Solar/Battery,Not Started,,2028-09-30T04:00:00+00:00,,DPP-2022,Central,Phase 2,ERIS,350.0,0.0,0.0,0.0,
J2405,,,Jefferson,LA,Peters Road 230 kV substation,"ENTERGY LOUISIANA, LLC ELTO",Battery Storage,200.0,200.0,200.0,2022-09-13T04:00:00+00:00,Withdrawn,,2025-07-14T04:00:00+00:00,,,Battery Storage,Not Started,,2026-07-31T04:00:00+00:00,,DPP-2022,South,Phase 1,NRIS,0.0,0.0,0.0,0.0,
J2476,,,Fayette,IL,Otego 138kV,AMEREN ILLINOIS,Hybrid,150.0,150.0,150.0,2022-09-15T04:00:00+00:00,Withdrawn,,2025-10-27T04:00:00+00:00,,,Solar/Battery,Not Started,,2026-09-30T04:00:00+00:00,,DPP-2022,Central,Phase 2,NRIS,0.0,0.0,0.0,0.0,
J2482,,,Crittenden,AR,WEST MEMPHIS EHV - KEO EHV 500.0kV,"ENTERGY ARKANSAS, LLC EATO",Solar,300.0,300.0,300.0,2022-09-14T04:00:00+00:00,Active,,,,,Photovoltaic,Not Started,,2026-10-31T04:00:00+00:00,,DPP-2022,South,Phase 1,ERIS,300.0,0.0,0.0,0.0,
J2504,,,Coles,IL,Mattoon East 138 kV,AMEREN ILLINOIS,Battery Storage,300.0,300.0,300.0,2022-09-15T04:00:00+00:00,Withdrawn,,2023-03-25T04:00:00+00:00,,,Battery Storage,Not Started,,2026-10-31T04:00:00+00:00,,DPP-2022,Central,Phase 2,NRIS,0.0,0.0,0.0,0.0,
J2513,,,Vigo,IN,Wabash River-Whitesville South 230 kV,"DUKE ENERGY INDIANA, LLC CIN",Solar,220.0,220.0,220.0,2022-09-14T04:00:00+00:00,Withdrawn,,2025-10-27T04:00:00+00:00,,,Photovoltaic,Not Started,,2025-10-31T04:00:00+00:00,,DPP-2022,Central,Phase 2,NRIS,0.0,0.0,0.0,0.0,
J2517,,,Lee,AR,AECC  Aubrey to Brinkley East 230 kV,"ENTERGY ARKANSAS, LLC EATO",Battery Storage,100.0,100.0,100.0,2022-09-13T04:00:00+00:00,Withdrawn,,2023-03-25T04:00:00+00:00,,,Battery Storage,Not Started,,2026-10-31T04:00:00+00:00,,DPP-2022,South,Phase 1,NRIS,0.0,0.0,0.0,0.0,
J2519,,,Richland,LA,Smalling,"ENTERGY MISSISSIPPI, LLC. EMTO",Solar,600.0,600.0,600.0,2022-09-13T04:00:00+00:00,Active,,,,,Photovoltaic,Not Started,,2026-10-31T04:00:00+00:00,,DPP-2022,South,Phase 1,ERIS,600.0,0.0,0.0,0.0,
J2441,,,Beauregard,LA,West Bay - Centennial 138 kV,CLECO POWER LLC CLEC,Solar,250.0,250.0,250.0,2022-09-15T04:00:00+00:00,Withdrawn,,2025-07-30T04:00:00+00:00,,,Photovoltaic,Not Started,,2026-10-31T04:00:00+00:00,,DPP-2022,South,Phase 1,NRIS,0.0,0.0,0.0,0.0,
J2443,,,Kosciusko,IN,Leesburg 345 kV,NORTHERN INDIANA PUBLIC SERVICE COMPANY LLC NIPS,Battery Storage,500.0,500.0,500.0,2022-09-14T04:00:00+00:00,Withdrawn,,2025-10-27T04:00:00+00:00,,,Battery Storage,Not Started,,2025-10-31T04:00:00+00:00,,DPP-2022,Central,Phase 2,NRIS,0.0,0.0,0.0,0.0,
J2379,,,Clay,IL,Xenia,,Battery Storage,200.0,200.0,200.0,2022-09-14T04:00:00+00:00,Active,,,,,Battery Storage,Not Started,,2026-11-01T04:00:00+00:00,,DPP-2022,Central,Phase 2,ERIS,200.0,0.0,0.0,0.0,
J2548,,,McCracken,KY,Bryan Road - McCracken County 161.0kV,BIG RIVERS ELECTRIC CORPORATION BREC,Battery Storage,75.0,75.0,75.0,2022-09-15T04:00:00+00:00,Withdrawn,,2025-10-27T04:00:00+00:00,,,Battery Storage,Not Started,,2027-07-18T04:00:00+00:00,,DPP-2022,Central,Phase 2,NRIS,0.0,0.0,0.0,0.0,
J2550,,,Yellow Medicine,MN,HAZEL CREEK,NORTHERN STATES POWER COMPANY,Battery Storage,75.0,75.0,75.0,2022-09-14T04:00:00+00:00,Active,,,,,Battery Storage,Not Started,,2030-07-18T04:00:00+00:00,,DPP-2022,West,Phase 1,NRIS,75.0,75.0,0.0,0.0,
J2551,,,Putnam,IL,Putnam,AMEREN ILLINOIS,Battery Storage,110.0,110.0,110.0,2022-09-14T04:00:00+00:00,Active,,,,,Battery Storage,Not Started,,2026-06-18T04:00:00+00:00,,DPP-2022,Central,Phase 2,NRIS,110.0,110.0,0.0,0.0,
J2383,,,Macon,IL,Faraday,AMEREN TRANSMISSION COMPANY OF ILLINOIS,Battery Storage,100.0,100.0,100.0,2022-09-15T04:00:00+00:00,Active,,,,,Battery Storage,Not Started,,2027-05-07T04:00:00+00:00,,DPP-2022,Central,Phase 2,NRIS,100.0,100.0,0.0,0.0,
J2393,,,Coles,IL,Kansas West Substation 138kV,AMEREN ILLINOIS,Solar,164.0,164.0,164.0,2023-08-25T04:00:00+00:00,Withdrawn,,2025-10-27T04:00:00+00:00,,,Photovoltaic,Not Started,,2027-09-01T04:00:00+00:00,,DPP-2022,Central,Phase 2,NRIS,0.0,0.0,0.0,0.0,
J2479,,,Concordia,LA,Red Gum to Metropolis 115 kV,"ENTERGY LOUISIANA, LLC ELTO",Battery Storage,140.0,140.0,140.0,2022-09-13T04:00:00+00:00,Withdrawn,,2023-03-25T04:00:00+00:00,,,Battery Storage,Not Started,,2025-10-31T04:00:00+00:00,,DPP-2022,South,Phase 1,NRIS,0.0,0.0,0.0,0.0,
J2489,,,Red River,LA,Western Kraft-Layfield 230 kV,CLECO POWER LLC CLEC,Battery Storage,140.0,140.0,140.0,2022-09-14T04:00:00+00:00,Withdrawn,,2023-03-25T04:00:00+00:00,,,Battery Storage,Not Started,,2026-10-31T04:00:00+00:00,,DPP-2022,South,Phase 1,NRIS,0.0,0.0,0.0,0.0,
J2445,,,Greene,IA,Karma 161kV,ITC MIDWEST,Solar,50.0,50.0,50.0,2022-09-15T04:00:00+00:00,Withdrawn,,2023-03-24T04:00:00+00:00,,,Photovoltaic,Not Started,,2025-09-01T04:00:00+00:00,,DPP-2022,West,Phase 1,NRIS,0.0,0.0,0.0,0.0,
J2553,,,Cerro Gordo,IA,Killdeer,ITC MIDWEST,Solar,210.0,210.0,210.0,2022-09-14T04:00:00+00:00,Active,,,,,Photovoltaic,Not Started,,2026-09-01T04:00:00+00:00,,DPP-2022,West,Phase 1,NRIS,210.0,210.0,0.0,0.0,
J2507,,,Pike,IN,Gibson Sta to Petersburg (IP&L) 345 kV,"DUKE ENERGY INDIANA, LLC CIN",Solar,250.0,250.0,250.0,2022-09-14T04:00:00+00:00,Withdrawn,,2025-10-27T04:00:00+00:00,,,Photovoltaic,Not Started,,2025-10-31T04:00:00+00:00,,DPP-2022,Central,Phase 2,NRIS,0.0,0.0,0.0,0.0,
J2520,,,Adams,WI,Saratoga-ACEC Badger West 138kV,AMERICAN TRANSMISSION COMPANY,Solar,200.0,200.0,200.0,2022-09-13T04:00:00+00:00,Active,,,,,Photovoltaic,Not Started,,2025-10-31T04:00:00+00:00,,DPP-2022,East (ATC),Phase 1,NRIS,200.0,200.0,0.0,0.0,
J2547,,,McCracken,KY,Bryan Road - McCracken County 161.0kV,BIG RIVERS ELECTRIC CORPORATION BREC,Solar,150.0,150.0,150.0,2022-09-15T04:00:00+00:00,Withdrawn,,2025-10-27T04:00:00+00:00,,,Photovoltaic,Not Started,,2027-07-18T04:00:00+00:00,,DPP-2022,Central,Phase 2,NRIS,0.0,0.0,0.0,0.0,
J2361,,,Perry,AR,AECC Oppelo 161 kV Substation,"ENTERGY ARKANSAS, LLC EATO",Solar,105.0,105.0,105.0,2022-09-15T04:00:00+00:00,Withdrawn,,2023-03-22T04:00:00+00:00,,,Photovoltaic,Not Started,,2026-05-01T04:00:00+00:00,,DPP-2022,South,Phase 1,NRIS,0.0,0.0,0.0,0.0,
J2360,,,Vigo,IN,TH Pfizer Jct. - Worthington (HED),"DUKE ENERGY INDIANA, LLC CIN",Battery Storage,90.0,90.0,90.0,2022-09-13T04:00:00+00:00,Withdrawn,,2025-10-27T04:00:00+00:00,,,Battery Storage,Not Started,,2027-05-07T04:00:00+00:00,,DPP-2022,Central,Phase 2,NRIS,0.0,0.0,0.0,0.0,
J2472,,,Sullivan,IN,Gibson Sta - Merom (HED) 345.0kV,"DUKE ENERGY INDIANA, LLC CIN",Battery Storage,200.0,200.0,200.0,2022-09-15T04:00:00+00:00,Active,,,,,Battery Storage,Not Started,,2027-05-07T04:00:00+00:00,,DPP-2022,Central,Phase 2,NRIS,200.0,200.0,0.0,0.0,
J2455,,,La Crosse,WI,FRENCH ISLAND,,Battery Storage,92.0,92.0,92.0,2022-09-15T04:00:00+00:00,Active,,,,,Battery Storage,Not Started,,2026-09-15T04:00:00+00:00,,DPP-2022,West,Phase 1,NRIS,92.0,92.0,0.0,0.0,
J2448,,,Webster,LA,Haynesville South to Sarepta 115kV,"ENTERGY LOUISIANA, LLC ELTO",Solar,100.0,100.0,100.0,2022-09-15T04:00:00+00:00,Withdrawn,,2025-07-30T04:00:00+00:00,,,Photovoltaic,Not Started,,2026-10-31T04:00:00+00:00,,DPP-2022,South,Phase 1,NRIS,0.0,0.0,0.0,0.0,
J2552,,,Rock Island,IL,SUB 39 - CORDOVA 345.0kV,MIDAMERICAN ENERGY CO. MEC,Battery Storage,80.0,80.0,80.0,2022-09-14T04:00:00+00:00,Active,,,,,Battery Storage,Not Started,,2026-06-18T04:00:00+00:00,,DPP-2022,West,Phase 1,NRIS,80.0,80.0,0.0,0.0,
J2375,,,Macon,IL,Faraday,AMEREN TRANSMISSION COMPANY OF ILLINOIS,Battery Storage,100.0,100.0,100.0,2022-09-15T04:00:00+00:00,Active,,,,,Battery Storage,Not Started,,2027-05-07T04:00:00+00:00,,DPP-2022,Central,Phase 2,NRIS,100.0,100.0,0.0,0.0,
J2446,,,Dunn,WI,Allen S King - Eau Claire 345.0kV,NORTHERN STATES POWER COMPANY,Solar,300.0,300.0,300.0,2022-09-12T04:00:00+00:00,Active,,,,,Photovoltaic,Not Started,,2027-09-01T04:00:00+00:00,,DPP-2022,West,Phase 1,NRIS,300.0,300.0,0.0,0.0,
J2404,,,East Baton Rouge,LA,EAST,"ENTERGY LOUISIANA, LLC ELTO",Battery Storage,38.81,38.81,38.81,2022-09-15T04:00:00+00:00,Active,,,,,Battery Storage,Not Started,,2025-11-01T04:00:00+00:00,,DPP-2022,South,Phase 1,NRIS,38.8,38.8,0.0,0.0,
J2388,,,Macon,IL,Faraday,AMEREN TRANSMISSION COMPANY OF ILLINOIS,Hybrid,200.0,200.0,200.0,2022-09-15T04:00:00+00:00,Active,,,,,Solar/Battery,Not Started,,2028-09-30T04:00:00+00:00,,DPP-2022,Central,Phase 2,ERIS,200.0,0.0,0.0,0.0,
J2474,,,Sangamon,IL,4AUSTIN - 4VIRDEN   138.0kV,AMEREN ILLINOIS,Hybrid,100.0,100.0,100.0,2022-09-15T04:00:00+00:00,Active,,,,,Solar/Battery,Not Started,,2028-09-30T04:00:00+00:00,,DPP-2022,Central,Phase 2,ERIS,100.0,0.0,0.0,0.0,
J2378,,,Macomb,MI,LENOX - ST.CLAIR 120.0kV,ITC,Battery Storage,152.0,152.0,152.0,2022-09-15T04:00:00+00:00,Active,,,,,Battery Storage,Not Started,,2026-05-01T04:00:00+00:00,,DPP-2022,East (ITC),Phase 1,NRIS,152.0,152.0,0.0,0.0,
J2389,,,Adams,IL,Monument,AMEREN ILLINOIS,Hybrid,150.0,150.0,150.0,2022-09-15T04:00:00+00:00,Active,,,,,Solar/Battery,Not Started,,2028-09-30T04:00:00+00:00,,DPP-2022,Central,Phase 2,ERIS,150.0,0.0,0.0,0.0,
J2475,,,Monroe,MI,Toll Rd 120kV,ITC,Battery Storage,200.0,200.0,200.0,2022-09-15T04:00:00+00:00,Active,,,,,Battery Storage,Not Started,,2027-09-30T04:00:00+00:00,,DPP-2022,East (ITC),Phase 1,NRIS,200.0,200.0,0.0,0.0,
J2391,,,Tallahatchie,MS,Webb 115 kV,"ENTERGY MISSISSIPPI, LLC. EMTO",Solar,100.0,100.0,100.0,2022-09-14T04:00:00+00:00,Withdrawn,,2025-07-30T04:00:00+00:00,,,Photovoltaic,Not Started,,2026-10-31T04:00:00+00:00,,DPP-2022,South,Phase 1,NRIS,0.0,0.0,0.0,0.0,
J2432,,,Tunica,MS,Lula-Tunica 115kV,"ENTERGY MISSISSIPPI, LLC. EMTO",Solar,150.0,150.0,150.0,2022-09-12T04:00:00+00:00,Withdrawn,,2025-07-30T04:00:00+00:00,,,Photovoltaic,Not Started,,2026-10-01T04:00:00+00:00,,DPP-2022,South,Phase 1,NRIS,0.0,0.0,0.0,0.0,
J2439,,,Marathon,WI,Gardner Park-Stone Lake 345kV,AMERICAN TRANSMISSION COMPANY,Battery Storage,50.0,50.0,50.0,2022-09-12T04:00:00+00:00,Withdrawn,,2025-07-30T04:00:00+00:00,,,Battery Storage,Not Started,,2028-10-01T04:00:00+00:00,,DPP-2022,East (ATC),Phase 1,NRIS,0.0,0.0,0.0,0.0,
J2502,,,Morton,ND,Square Butte 230 kV Substation East,MINNESOTA POWER INC.,Wind,150.0,150.0,150.0,2022-09-13T04:00:00+00:00,Active,,,,,Wind Turbine,Not Started,,2025-02-27T05:00:00+00:00,,DPP-2022,West,Phase 1,ERIS,150.0,0.0,0.0,0.0,
J2470,,,Rapides,LA,Donahue-Marksville 138kV,CLECO POWER LLC CLEC,Solar,100.0,100.0,100.0,2022-09-13T04:00:00+00:00,Withdrawn,,2025-07-31T04:00:00+00:00,,,Photovoltaic,Not Started,,2026-10-01T04:00:00+00:00,,DPP-2022,South,Phase 1,NRIS,0.0,0.0,0.0,0.0,
J2471,,,Lenawee,MI,Beecher-Cement City 138kV,ITC,Solar,100.0,100.0,100.0,2022-09-14T04:00:00+00:00,Withdrawn,,2025-08-01T04:00:00+00:00,,,Photovoltaic,Not Started,,2026-10-01T04:00:00+00:00,,DPP-2022,East (ITC),Phase 1,NRIS,0.0,0.0,0.0,0.0,
J2451,,,Chicot,AR,Gerald Andrus SES Switchyard-Lake Village Bagby 230 Kv,"ENTERGY ARKANSAS, LLC EATO",Solar,200.0,200.0,200.0,2022-09-15T04:00:00+00:00,Withdrawn,,2025-07-31T04:00:00+00:00,,,Photovoltaic,Not Started,,2026-10-01T04:00:00+00:00,,DPP-2022,South,Phase 1,NRIS,0.0,0.0,0.0,0.0,
J2387,,,Stoddard,MO,Stoddard 161 kV Substation,AMEREN MISSOURI,Solar,50.0,50.0,50.0,2022-09-15T04:00:00+00:00,Withdrawn,,2025-10-27T04:00:00+00:00,,,Photovoltaic,Not Started,,2025-12-31T05:00:00+00:00,,DPP-2022,Central,Phase 2,NRIS,0.0,0.0,0.0,0.0,
J2500,,,Beauregard,LA,Bon Wier to Cooper 138 kV,CLECO POWER LLC CLEC,Battery Storage,175.0,175.0,175.0,2022-09-15T04:00:00+00:00,Withdrawn,,2025-07-31T04:00:00+00:00,,,Battery Storage,Not Started,,2026-10-31T04:00:00+00:00,,DPP-2022,South,Phase 1,NRIS,0.0,0.0,0.0,0.0,
J2503,,,Lincoln,LA,Downsville - Ruston East 115 kV,"ENTERGY LOUISIANA, LLC ELTO",Battery Storage,100.0,100.0,100.0,2022-09-14T04:00:00+00:00,Withdrawn,,2023-03-25T04:00:00+00:00,,,Battery Storage,Not Started,,2026-10-31T04:00:00+00:00,,DPP-2022,South,Phase 1,NRIS,0.0,0.0,0.0,0.0,
J2528,,,Crittenden,AR,Parkin to Kuhn Road 161 kV,"ENTERGY ARKANSAS, LLC EATO",Battery Storage,100.0,100.0,100.0,2022-09-14T04:00:00+00:00,Withdrawn,,2023-03-25T04:00:00+00:00,,,Battery Storage,Not Started,,2026-10-31T04:00:00+00:00,,DPP-2022,South,Phase 1,NRIS,0.0,0.0,0.0,0.0,
J2531,,,Union,LA,Bernice - Vienna 115 kV,"ENTERGY LOUISIANA, LLC ELTO",Battery Storage,140.0,140.0,140.0,2022-09-14T04:00:00+00:00,Withdrawn,,2023-03-25T04:00:00+00:00,,,Battery Storage,Not Started,,2026-10-31T04:00:00+00:00,,DPP-2022,South,Phase 1,NRIS,0.0,0.0,0.0,0.0,
J2395,,,Calhoun,AR,SHERIDAN EHV - EL DORADO EHV 500.0kV,"ENTERGY ARKANSAS, LLC EATO",Solar,500.0,500.0,500.0,2022-09-14T04:00:00+00:00,Active,,,,,Photovoltaic,Not Started,,2025-05-31T04:00:00+00:00,,DPP-2022,South,Phase 1,ERIS,500.0,0.0,0.0,0.0,
J2454,,,Montcalm,MI,Eureka - Vestaburg 138kV,ITC,Battery Storage,150.0,150.0,150.0,2022-09-14T04:00:00+00:00,Active,,,,,Battery Storage,Not Started,,2025-11-12T05:00:00+00:00,,DPP-2022,East (ITC),Phase 1,NRIS,150.0,150.0,0.0,0.0,
J2477,,,Crittenden,AR,WEST MEMPHIS EHV - KEO EHV 500.0kV,"ENTERGY ARKANSAS, LLC EATO",Solar,600.0,600.0,600.0,2022-09-13T04:00:00+00:00,Active,,,,,Photovoltaic,Not Started,,2026-10-31T04:00:00+00:00,,DPP-2022,South,Phase 1,ERIS,600.0,0.0,0.0,0.0,
J2478,,,Craighead,AR,INDEPENDENCE-ISES - POWERLINE ROAD 500.0kV,"ENTERGY ARKANSAS, LLC EATO",Solar,550.0,550.0,550.0,2022-09-14T04:00:00+00:00,Active,,,,,Photovoltaic,Not Started,,2026-10-31T04:00:00+00:00,,DPP-2022,South,Phase 1,ERIS,550.0,0.0,0.0,0.0,
J2480,,,Daviess,KY,Reid to Daviess County 161 kV,BIG RIVERS ELECTRIC CORPORATION BREC,Battery Storage,75.0,75.0,75.0,2022-09-13T04:00:00+00:00,Withdrawn,,2025-10-27T04:00:00+00:00,,,Battery Storage,Not Started,,2026-10-31T04:00:00+00:00,,DPP-2022,Central,Phase 2,NRIS,0.0,0.0,0.0,0.0,
J2509,,,Tippecanoe,IN,Westwood 345 kV,"DUKE ENERGY INDIANA, LLC CIN",Wind,200.0,200.0,200.0,2022-09-15T04:00:00+00:00,Pending Revision Approval,,,,,Wind Turbine,Not Started,,2025-10-31T04:00:00+00:00,,DPP-2022,Central,Phase 2,NRIS,200.0,200.0,0.0,0.0,
J2549,,,Clark,MO,Sub T to Maywood 345kV line,AMEREN MISSOURI,Battery Storage,75.0,75.0,75.0,2022-09-14T04:00:00+00:00,Withdrawn,,2023-03-24T04:00:00+00:00,,,Battery Storage,Not Started,,2027-07-18T04:00:00+00:00,,DPP-2022,Central,Phase 2,NRIS,0.0,0.0,0.0,0.0,
J2449,,,Faulkner,AR,Mayflower EHV 500 kV,"ENTERGY ARKANSAS, LLC EATO",Battery Storage,200.0,200.0,200.0,2022-09-15T04:00:00+00:00,Withdrawn,,2025-07-31T04:00:00+00:00,,,Battery Storage,Not Started,,2026-10-31T04:00:00+00:00,,DPP-2022,South,Phase 1,NRIS,0.0,0.0,0.0,0.0,
J2536,,,LaSalle,IL,Fox River - Ottawa 138kV,AMEREN ILLINOIS,Battery Storage,200.0,200.0,200.0,2022-09-15T04:00:00+00:00,Withdrawn,,2025-10-27T04:00:00+00:00,,,Battery Storage,Not Started,,2026-10-31T04:00:00+00:00,,DPP-2022,Central,Phase 2,NRIS,0.0,0.0,0.0,0.0,
J2447,,,Murray,MN,Cedar Mountain - Lyon County 345.0kV,NORTHERN STATES POWER COMPANY,Wind,200.0,200.0,200.0,2025-10-22T04:00:00+00:00,Active,,,,,Wind Turbine,Not Started,,2027-09-01T04:00:00+00:00,,DPP-2022,West,Phase 1,NRIS,200.0,200.0,0.0,0.0,
J2457,,,Orleans,LA,PATERSON,"ENTERGY NEW ORLEANS, LLC ENTO",Battery Storage,40.0,40.0,40.0,2022-09-15T04:00:00+00:00,Active,,,,,Battery Storage,Not Started,,2025-11-01T04:00:00+00:00,,DPP-2022,South,Phase 1,NRIS,40.0,40.0,0.0,0.0,
J2374,,,Sanilac,MI,J1557 Sub,ITC,Solar,200.0,200.0,200.0,2022-09-15T04:00:00+00:00,Active,,,,,Photovoltaic,Not Started,,2025-06-30T04:00:00+00:00,,DPP-2022,East (ITC),Phase 1,NRIS,200.0,200.0,0.0,0.0,
J2543,,,Beauregard,LA,West Bay - Centennial 138 kV,CLECO POWER LLC CLEC,Battery Storage,175.0,175.0,175.0,2022-09-15T04:00:00+00:00,Withdrawn,,2025-07-31T04:00:00+00:00,,,Battery Storage,Not Started,,2026-10-31T04:00:00+00:00,,DPP-2022,South,Phase 1,NRIS,0.0,0.0,0.0,0.0,
J3661,,,Henry,IA,7MAYWOOD - 7SUB T  3 345.0kV,AMEREN MISSOURI,Wind,300.0,300.0,300.0,2024-04-14T04:00:00+00:00,Withdrawn,,2025-09-02T04:00:00+00:00,,,Wind Turbine,,,2028-09-01T04:00:00+00:00,,DPP-2023,West,Study Not Started,NRIS,0.0,0.0,0.0,0.0,
J3707,,,Putnam,IN,Other_,"DUKE ENERGY INDIANA, LLC CIN",Solar,40.0,40.0,40.0,2024-04-16T04:00:00+00:00,Withdrawn,,2025-07-01T04:00:00+00:00,,,Photovoltaic,,,2027-09-15T04:00:00+00:00,,DPP-2023,Central,Study Not Started,NRIS,0.0,0.0,0.0,0.0,
J2473,,,Marion,IN,Hanna 138kV,INDIANAPOLIS POWER & LIGHT COMPANY,Battery Storage,150.0,150.0,150.0,2022-09-15T04:00:00+00:00,Active,,,,,Battery Storage,Not Started,,2027-09-30T04:00:00+00:00,,DPP-2022,Central,Phase 2,NRIS,150.0,150.0,0.0,0.0,
J2399,,,Craighead,AR,Independence ISES - Powerline Road 500 kV,"ENTERGY ARKANSAS, LLC EATO",Solar,500.0,500.0,500.0,2022-09-15T04:00:00+00:00,Withdrawn,,2023-03-24T04:00:00+00:00,,,Photovoltaic,Not Started,,2025-05-31T04:00:00+00:00,,DPP-2022,South,Phase 1,ERIS,0.0,0.0,0.0,0.0,
J1892,,,Otsego,MI,Livingston - Keystone 345 kV,METC,Solar,64.8,64.8,64.8,2021-08-24T04:00:00+00:00,Withdrawn,,2021-12-09T05:00:00+00:00,,,Photovoltaic,,,2023-11-01T04:00:00+00:00,,DPP-2021,East (ITC),Phase 3,NRIS,0.0,0.0,0.0,0.0,
J4108,,,Webster,LA,SAREPTA,"ENTERGY LOUISIANA, LLC",Battery Storage,150.0,150.0,150.0,2025-10-07T04:00:00+00:00,Withdrawn,,2026-01-27T05:00:00+00:00,,,Battery Storage,,,2030-09-30T04:00:00+00:00,,DPP-2025,South,Phase 1,NRIS,0.0,0.0,0.0,0.0,
J4036,,,Cross,AR,WYNNE INDUSTRIAL,"ENTERGY ARKANSAS, LLC",Solar,160.0,160.0,160.0,2025-07-01T04:00:00+00:00,Withdrawn,,2025-12-31T05:00:00+00:00,,,Photovoltaic,,,2029-09-06T04:00:00+00:00,,DPP-2025,South,Phase 1,NRIS,0.0,0.0,0.0,0.0,
J4240,,,Grant,,Big Stone South 345 kV substation,OTTER TAIL POWER COMPANY,,250.0,250.0,250.0,2026-05-13T02:35:53+00:00,Active,,,,,,,,2031-06-28T04:00:00+00:00,,DPP-2026,West,,NRIS,0.0,0.0,0.0,0.0,
J2450,,,Tippecanoe,IN,WESTWOOD 345 KV,"DUKE ENERGY INDIANA, LLC CIN",Battery Storage,100.0,100.0,100.0,2022-09-15T04:00:00+00:00,Active,,,,,Battery Storage,Not Started,,2026-10-31T04:00:00+00:00,,DPP-2022,Central,Phase 2,NRIS,100.0,100.0,0.0,0.0,
J2401,,,Johnson,IL,7W_FRFT_E - 7SHAWNEE FP 345.0kV,,Solar,150.0,150.0,150.0,2022-09-15T04:00:00+00:00,Active,,,,,Photovoltaic,Not Started,,2025-05-31T04:00:00+00:00,,DPP-2022,Central,Phase 2,ERIS,150.0,0.0,0.0,0.0,
J2400,,,Bienville,LA,Sailes Substation 115kV,"ENTERGY LOUISIANA, LLC ELTO",Solar,120.0,120.0,120.0,2022-09-15T04:00:00+00:00,Withdrawn,,2025-07-30T04:00:00+00:00,,,Photovoltaic,Not Started,,2025-05-31T04:00:00+00:00,,DPP-2022,South,Phase 1,ERIS,0.0,0.0,0.0,0.0,
J2402,,,Johnson,IL,7W_FRFT_E - 7SHAWNEE FP 345.0kV,,Battery Storage,200.0,200.0,200.0,2022-09-15T04:00:00+00:00,Active,,,,,Battery Storage,Not Started,,2025-05-31T04:00:00+00:00,,DPP-2022,Central,Phase 2,ERIS,200.0,0.0,0.0,0.0,
J2373,,,Calcasieu,LA,230kV Graywood or (new) Big Lake,"ENTERGY LOUISIANA, LLC ELTO",Waste Heat Recovery,40.0,40.0,40.0,2022-09-15T04:00:00+00:00,Withdrawn,,2023-01-25T05:00:00+00:00,,,"Steam Turbine (including Nuclear, Geothermal and Solar Steam)",Not Started,,2025-01-06T05:00:00+00:00,,DPP-2022,South,Phase 1,NRIS,0.0,0.0,0.0,0.0,
J3663,,,Morehouse,LA,OAK RIDGE (LA) - STERLINGTON 115 SWYD 115.0kV,"ENTERGY LOUISIANA, LLC ELTO",Solar,150.0,150.0,150.0,2024-04-13T04:00:00+00:00,Withdrawn,,2025-09-29T04:00:00+00:00,,,Photovoltaic,,,2028-09-01T04:00:00+00:00,,DPP-2023,South,Study Not Started,NRIS,0.0,0.0,0.0,0.0,
J2403,,,Johnson,IL,7JORD - 7MASS 345.0kV,,Solar,200.0,200.0,200.0,2022-09-15T04:00:00+00:00,Active,,,,,Photovoltaic,Not Started,,2025-05-31T04:00:00+00:00,,DPP-2022,Central,Phase 2,ERIS,200.0,0.0,0.0,0.0,
J1864,,,Cerro Gordo,IA,Emery 161kV,ITC MIDWEST,Wind,250.0,250.0,250.0,2021-08-16T04:00:00+00:00,Withdrawn,,2021-10-12T04:00:00+00:00,,,Wind Turbine,,,2024-09-15T04:00:00+00:00,,DPP-2021,West,Phase 2,NRIS,0.0,0.0,0.0,0.0,
J3732,,,Saline,IL,Niles 138 kV (J1208/J1209) to be built near existing Harco Tap,AMEREN ILLINOIS,Hybrid,175.0,175.0,175.0,2024-04-15T04:00:00+00:00,Active,,,,,Solar/Battery,,,2026-12-30T05:00:00+00:00,,DPP-2023,Central,Study Not Started,NRIS,175.0,175.0,0.0,0.0,
S1082,,,Muskegon,MI,DU PONT - WHITE LAKE 138.0kV,METC,Battery Storage,50.0,50.0,50.0,2025-01-13T05:00:00+00:00,Active,2029-05-12T04:00:00+00:00,,,,Battery Storage,,,2028-04-30T04:00:00+00:00,,,,,SIS,0.0,0.0,0.0,0.0,
J4023,,,Clay,IN,Wabash River  -  Staunton 230.0kV,"DUKE ENERGY INDIANA, LLC CIN",Solar,185.0,185.0,185.0,2025-02-03T05:00:00+00:00,Withdrawn,,2026-04-14T04:00:00+00:00,,,Photovoltaic,,,2029-06-01T04:00:00+00:00,,DPP-2025,Central,Phase 1,NRIS,0.0,0.0,0.0,0.0,
J4246,,,,,,"ENTERGY TEXAS, INC. ETTO",,560.0,560.0,560.0,2026-06-25T21:45:49+00:00,Active,,,,,,,,2030-05-01T04:00:00+00:00,,DPP-2026,South,,NRIS,0.0,0.0,0.0,0.0,
S1093,,,Mitchell,IA,Mitchell County,ITC MIDWEST,Battery Storage,202.0,202.0,202.0,2025-03-06T05:00:00+00:00,Withdrawn,,2026-06-18T04:00:00+00:00,,,Battery Storage,,,2027-09-01T04:00:00+00:00,,,,,SIS,0.0,0.0,0.0,0.0,
J4110,,,Lafayette,LA,Rork - Sellers Road 230.0kV,CLECO POWER LLC,Gas,400.0,400.0,400.0,2025-10-07T04:00:00+00:00,Active,,,,,Combustion Turbine (Simple Cycle),,,2030-06-30T04:00:00+00:00,,DPP-2026,South,,NRIS,0.0,0.0,0.0,0.0,
J4109,,,Iberville,LA,DONALDSONVILLE - EVERGREEN 230.0kV,"ENTERGY LOUISIANA, LLC",Gas,1300.0,1300.0,1300.0,2025-10-07T04:00:00+00:00,Withdrawn,,2025-12-19T05:00:00+00:00,,,Combined Cycle,,,2030-06-30T04:00:00+00:00,,DPP-2025,South,Phase 1,NRIS,0.0,0.0,0.0,0.0,
S1120,,,Knox,IN,Edwardsport  - Washington Mun,"DUKE ENERGY INDIANA, LLC",Battery Storage,150.0,150.0,150.0,2025-09-08T04:00:00+00:00,Active,,,,,Solar/Battery,,,2027-07-15T04:00:00+00:00,,,,,SIS,0.0,0.0,0.0,0.0,
J2555,,,Ingham,MI,DELHI to TOMPKINS 138kV,,Battery Storage,100.0,100.0,100.0,2023-08-28T04:00:00+00:00,Active,,,,,Battery Storage,Not Started,,2026-09-01T04:00:00+00:00,,DPP-2022,East (ITC),Phase 1,NRIS,100.0,100.0,0.0,0.0,
J2377,,,Peoria,IL,7CLINTON  - 7BROKAW 345.0kV,AMEREN ILLINOIS,Battery Storage,300.0,300.0,300.0,2024-11-07T05:00:00+00:00,Active,,,,,Battery Storage,Not Started,,2028-04-01T04:00:00+00:00,,DPP-2022,Central,Phase 2,NRIS,300.0,300.0,0.0,0.0,
J2394,,,Craighead,AR,Independence ISES - Powerline Road 500 kV,"ENTERGY ARKANSAS, LLC EATO",Hybrid,200.0,200.0,200.0,2022-09-15T04:00:00+00:00,Withdrawn,,2023-03-24T04:00:00+00:00,,,Solar/Battery,Not Started,,2025-05-31T04:00:00+00:00,,DPP-2022,South,Phase 1,ERIS,0.0,0.0,0.0,0.0,
J2396,,,Calhoun,AR,SHERIDAN EHV - EL DORADO EHV 500.0kV,"ENTERGY ARKANSAS, LLC EATO",Solar,400.0,400.0,400.0,2022-09-15T04:00:00+00:00,Active,,,,,Photovoltaic,Not Started,,2025-05-31T04:00:00+00:00,,DPP-2022,South,Phase 1,ERIS,400.0,0.0,0.0,0.0,
J2397,,,Calhoun,AR,SHERIDAN EHV - EL DORADO EHV 500.0kV,"ENTERGY ARKANSAS, LLC EATO",Hybrid,160.0,160.0,160.0,2022-09-15T04:00:00+00:00,Active,,,,,Solar/Battery,Not Started,,2025-05-31T04:00:00+00:00,,DPP-2022,South,Phase 1,ERIS,160.0,0.0,0.0,0.0,
J2398,,,Craighead,AR,Independence ISES - Powerline Road 500 kV,"ENTERGY ARKANSAS, LLC EATO",Hybrid,160.0,160.0,160.0,2022-09-15T04:00:00+00:00,Withdrawn,,2023-03-24T04:00:00+00:00,,,Solar/Battery,Not Started,,2025-05-31T04:00:00+00:00,,DPP-2022,South,Phase 1,ERIS,0.0,0.0,0.0,0.0,
J4242,,,,,,"ENTERGY ARKANSAS, LLC",,115.0,115.0,115.0,2026-05-22T23:48:28+00:00,Active,,,,,,,,2031-05-01T04:00:00+00:00,,DPP-2026,South,,NRIS,0.0,0.0,0.0,0.0,
J3245,,,Breckinridge,KY,Meade County - New Hardinsburg 161.0kV,BIG RIVERS ELECTRIC CORPORATION BREC,Solar,150.0,150.0,150.0,2024-03-26T04:00:00+00:00,Withdrawn,,2025-09-05T04:00:00+00:00,,,Photovoltaic,,,2028-06-30T04:00:00+00:00,,DPP-2023,Central,Study Not Started,NRIS,0.0,0.0,0.0,0.0,
J2362,,,Fountain,IN,VEEDERSBURG WEST 230kV Substation,"DUKE ENERGY INDIANA, LLC CIN",Battery Storage,100.0,100.0,100.0,2022-09-13T04:00:00+00:00,Withdrawn,,2025-10-27T04:00:00+00:00,,,Battery Storage,Not Started,,2026-09-01T04:00:00+00:00,,DPP-2022,Central,Phase 2,NRIS,0.0,0.0,0.0,0.0,
J2200,,,Scott,MN,BLUE LAKE,NORTHERN STATES POWER COMPANY,Battery Storage,200.0,200.0,200.0,2021-08-13T04:00:00+00:00,Withdrawn,,2021-11-30T05:00:00+00:00,,,Battery Storage,,,2024-09-30T04:00:00+00:00,,DPP-2021,West,Phase 2,NRIS,0.0,0.0,0.0,0.0,
J3246,,,Sangamon,IL,Fancy Creek 138kV Substation,"PRAIRIE POWER, INC. PPI",Solar,120.0,120.0,120.0,2024-04-05T04:00:00+00:00,Withdrawn,,2025-09-30T04:00:00+00:00,,,Photovoltaic,,,2028-01-15T05:00:00+00:00,,DPP-2023,Central,Study Not Started,NRIS,0.0,0.0,0.0,0.0,
J3251,,,Genesee,MI,THETFORD,METC,Battery Storage,200.0,200.0,200.0,2024-04-15T04:00:00+00:00,Active,,,,,Battery Storage,,,2028-06-01T04:00:00+00:00,,DPP-2023,East (ITC),Study Not Started,NRIS,200.0,200.0,0.0,0.0,
J4069,,,Marathon,WI,Kelly - Ackley 115.0kV,AMERICAN TRANSMISSION COMPANY,Solar,169.93,169.93,169.93,2025-10-03T04:00:00+00:00,Active,,,,,Photovoltaic,,,2030-01-31T05:00:00+00:00,,DPP-2025,East (ATC),Phase 1,NRIS,169.93,169.93,0.0,0.0,
S1116,,,Tallahatchie,MS,WEBB,"ENTERGY MISSISSIPPI, LLC. EMTO",Battery Storage,100.0,100.0,100.0,2025-08-31T04:00:00+00:00,Active,2027-06-01T04:00:00+00:00,,,,Battery Storage,,,2027-06-01T04:00:00+00:00,,,,,SIS,0.0,0.0,0.0,0.0,
S1166,,,,MN,,NORTHERN STATES POWER COMPANY,,108.93,108.93,108.93,2026-05-04T19:33:45+00:00,Active,,,,,,,,2029-05-01T04:00:00+00:00,,NO_CYCLE,NO_GROUP,,SIS,0.0,0.0,0.0,0.0,
S1177,,,,,,"DUKE ENERGY INDIANA, LLC CIN",,0.0,0.0,0.0,2026-05-22T08:19:27+00:00,Active,,,,,,,,2028-01-10T05:00:00+00:00,,NO_CYCLE,NO_GROUP,,SIS,0.0,0.0,0.0,0.0,
J3244,,,Parke,IN,Parke County REMC,"DUKE ENERGY INDIANA, LLC CIN",Solar,100.0,100.0,100.0,2024-03-27T04:00:00+00:00,Withdrawn,,2025-09-05T04:00:00+00:00,,,Photovoltaic,,,2028-06-30T04:00:00+00:00,,DPP-2023,Central,Study Not Started,NRIS,0.0,0.0,0.0,0.0,
J3263,,,Desha,AK,DUMAS - REED SS 115.0kV,ARKANSAS ELECTRIC COOPERATIVE CORPORATION AECT,Solar,150.0,150.0,150.0,2024-04-15T04:00:00+00:00,Withdrawn,,2025-09-25T04:00:00+00:00,,,Photovoltaic,,,2028-06-01T04:00:00+00:00,,DPP-2023,South,Study Not Started,NRIS,0.0,0.0,0.0,0.0,
J4241,,,St. Charles,,SIOUX,AMEREN MISSOURI,,2220.0,2220.0,2220.0,2026-05-28T18:29:18+00:00,Active,,,,,,,,2030-12-01T05:00:00+00:00,,DPP-2026,Central,,NRIS,0.0,0.0,0.0,0.0,
J3252,,,St. Clair,MI,FITZ,ITC,Battery Storage,200.0,200.0,200.0,2024-04-15T04:00:00+00:00,Withdrawn,,2025-05-23T04:00:00+00:00,,,Battery Storage,,,2028-06-01T04:00:00+00:00,,DPP-2023,East (ITC),Study Not Started,NRIS,0.0,0.0,0.0,0.0,
S1164,,,MIssissippi,AR,Dell - Manila 161 kV,ENTERGY ARKANSAS INC. EAI,,200.0,200.0,200.0,2026-05-11T04:00:00+00:00,Active,,,,,,,,2028-08-03T04:00:00+00:00,,NO_CYCLE,NO_GROUP,,SIS,0.0,0.0,0.0,0.0,
J3250,,,Cerro Gordo,IA,FLOYD - EMERY (ITCM) 161.0kV,MIDAMERICAN ENERGY CO. MEC,Wind,150.0,150.0,150.0,2024-04-14T04:00:00+00:00,Withdrawn,,2025-09-02T04:00:00+00:00,,,Wind Turbine,,,2028-09-15T04:00:00+00:00,,DPP-2023,West,Study Not Started,NRIS,0.0,0.0,0.0,0.0,
J3261,,,Tunica,MS,Tunica 230 kV (337160),"ENTERGY MISSISSIPPI, LLC. EMTO",Solar,200.0,200.0,200.0,2024-03-26T04:00:00+00:00,Withdrawn,,2025-09-30T04:00:00+00:00,,,Photovoltaic,,,2028-06-30T04:00:00+00:00,,DPP-2023,South,Study Not Started,NRIS,0.0,0.0,0.0,0.0,
J3260,,,LaSalle,IL,4NLASALLE RB - 4WED_FOXR 138.0kV,AMEREN ILLINOIS,Solar,97.0,97.0,97.0,2024-03-28T04:00:00+00:00,Withdrawn,,2025-09-30T04:00:00+00:00,,,Photovoltaic,,,2028-01-15T05:00:00+00:00,,DPP-2023,Central,Study Not Started,NRIS,0.0,0.0,0.0,0.0,
J3267,,,Genesee,MI,THETFORD,METC,Solar,50.0,50.0,50.0,2024-04-15T04:00:00+00:00,Withdrawn,,2025-05-23T04:00:00+00:00,,,Photovoltaic,,,2028-06-01T04:00:00+00:00,,DPP-2023,East (ITC),Study Not Started,NRIS,0.0,0.0,0.0,0.0,
J3286,,,Sanilac,MI,KILGORE - MICAH 120.0kV,ITC,Solar,200.0,200.0,200.0,2024-04-15T04:00:00+00:00,Pending Revision Approval,,,,,Photovoltaic,,,2028-11-01T04:00:00+00:00,,DPP-2023,East (ITC),Study Not Started,NRIS,200.0,200.0,0.0,0.0,
J3300,,,Craighead,AR,CASH - NEWPORT AB 161.0kV,"ENTERGY ARKANSAS, LLC EATO",Solar,200.0,200.0,200.0,2024-04-17T04:00:00+00:00,Withdrawn,,2025-12-23T05:00:00+00:00,,,Photovoltaic,,,2027-01-31T05:00:00+00:00,,DPP-2023,South,Study Not Started,NRIS,0.0,0.0,0.0,0.0,
J3232,,,Vermillion,IN,CAYUGA STATION,"DUKE ENERGY INDIANA, LLC CIN",Gas,500.0,500.0,500.0,2024-04-11T04:00:00+00:00,Active,,,,,Combined Cycle,,,2028-08-31T04:00:00+00:00,,DPP-2023,Central,Study Not Started,NRIS,475.5,500.0,0.0,0.0,
J3262,,,Jefferson,TX,Stowell,"ENTERGY TEXAS, INC. ETTO",Wind,300.0,300.0,300.0,2024-04-12T04:00:00+00:00,Withdrawn,,2025-12-23T05:00:00+00:00,,,Wind Turbine,,,2028-03-01T05:00:00+00:00,,DPP-2023,South,Study Not Started,NRIS,0.0,0.0,0.0,0.0,
J3302,,,Jefferson,AR,P.B. SOUTH - VARNER 115.0kV,"ENTERGY ARKANSAS, LLC EATO",Solar,105.0,105.0,105.0,2024-04-17T04:00:00+00:00,Withdrawn,,2025-12-23T05:00:00+00:00,,,Photovoltaic,,,2027-01-31T05:00:00+00:00,,DPP-2023,South,Study Not Started,NRIS,0.0,0.0,0.0,0.0,
J3305,,,Adams,IA,Other_,MIDAMERICAN ENERGY CO. MEC,Solar,150.0,150.0,150.0,2024-04-17T04:00:00+00:00,Withdrawn,,2025-01-17T05:00:00+00:00,,,Photovoltaic,,,2027-01-31T05:00:00+00:00,,DPP-2023,West,Study Not Started,NRIS,0.0,0.0,0.0,0.0,
J1030,,,Polk County,TX,Poco - Menard 138kV Line Tao,"ENTERGY TEXAS, INC.",Solar,150.0,150.0,150.0,2018-03-12T04:00:00+00:00,Done,2023-01-23T05:00:00+00:00,,,,Photovoltaic,In Service,2020-10-22T04:00:00+00:00,2021-09-01T04:00:00+00:00,2020-03-20T04:00:00+00:00,DPP-2018-APR,South,GIA,ERIS,150.0,0.0,150.0,0.0,
J1034,,,Stoddard County,MO,Stoddard - Morley 161kV Line Tap,Ameren Missouri,Solar,225.0,225.0,225.0,2018-03-12T04:00:00+00:00,Done,2024-06-01T04:00:00+00:00,,,,Photovoltaic,Under Construction,2021-10-12T04:00:00+00:00,2021-10-31T04:00:00+00:00,2021-10-13T04:00:00+00:00,DPP-2018-APR,Central,GIA,NRIS,225.0,225.0,225.0,225.0,
J1036,,,Cottonwood County,MN,Lakefield Generation SW 345kV Substation,Xcel Energy,Solar,130.0,130.0,130.0,2018-03-12T04:00:00+00:00,Withdrawn,,2019-02-15T05:00:00+00:00,,,Photovoltaic,Not Started,,2020-09-01T04:00:00+00:00,,DPP-2018-APR,West,GIA,NRIS,0.0,0.0,0.0,0.0,
J3287,,,Osceola,MI,Hersey Interconnection,WOLVERINE POWER SUPPLY COOPERATIVE,Solar,110.0,110.0,110.0,2024-04-15T04:00:00+00:00,Pending Revision Approval,,,,,Photovoltaic,,,2028-11-01T04:00:00+00:00,,DPP-2023,East (ITC),Study Not Started,NRIS,110.0,110.0,0.0,0.0,
J3301,,,Prairie,AR,DES ARC - COTTON PLANT 115.0kV,"ENTERGY ARKANSAS, LLC EATO",Solar,180.0,180.0,180.0,2024-04-17T04:00:00+00:00,Withdrawn,,2025-12-23T05:00:00+00:00,,,Photovoltaic,,,2027-01-31T05:00:00+00:00,,DPP-2023,South,Study Not Started,NRIS,0.0,0.0,0.0,0.0,
J3303,,,Prairie,AR,WEST MEMPHIS EHV - KEO EHV 500.0kV,"ENTERGY ARKANSAS, LLC EATO",Solar,400.0,400.0,400.0,2024-04-17T04:00:00+00:00,Withdrawn,,2025-12-23T05:00:00+00:00,,,Photovoltaic,,,2027-01-31T05:00:00+00:00,,DPP-2023,South,Study Not Started,NRIS,0.0,0.0,0.0,0.0,
J3304,,,Clark,AR,ETTA - MCNEIL EHV 500.0kV,"ENTERGY ARKANSAS, LLC EATO",Solar,350.0,350.0,350.0,2024-04-17T04:00:00+00:00,Withdrawn,,2025-12-23T05:00:00+00:00,,,Photovoltaic,,,2027-01-31T05:00:00+00:00,,DPP-2023,South,Study Not Started,NRIS,0.0,0.0,0.0,0.0,
J1032,,,Wabasha County,MN,Briggs Rd. - N. Rochester 345 kV Line Tap,NORTHERN STATES POWER COMPANY,Battery Storage,50.0,50.0,50.0,2018-03-12T04:00:00+00:00,Withdrawn,,2020-03-25T04:00:00+00:00,,,Battery Storage,Not Started,,2021-10-31T04:00:00+00:00,,DPP-2018-APR,West,GIA,NRIS,0.0,0.0,0.0,0.0,
J1033,,,Stoddard County,MO,Stoddard - Morely 161 kV Line Tap,AMEREN MISSOURI,Battery Storage,50.0,50.0,50.0,2018-03-12T04:00:00+00:00,Withdrawn,,2021-03-10T05:00:00+00:00,,,Battery Storage,Not Started,,2021-10-31T04:00:00+00:00,,DPP-2018-APR,Central,GIA,NRIS,50.0,50.0,0.0,0.0,
J1011,,,"Kenosha County,Racine County",WI,Arcadian - Zion 345kV Line Tap,American Transmission Co. LLC,Solar,400.0,400.0,400.0,2018-03-12T04:00:00+00:00,Withdrawn,,2020-05-19T04:00:00+00:00,,,Photovoltaic,Not Started,,2022-09-01T04:00:00+00:00,,DPP-2018-APR,East (ATC),GIA,NRIS,400.0,400.0,0.0,0.0,
J1043,,,Montcalm County,MI,Vergennes - Nelson Rd 345 kV Line Tap,METC,Wind,374.4,374.4,374.4,2018-03-12T04:00:00+00:00,Withdrawn,2024-05-31T04:00:00+00:00,2023-02-09T05:00:00+00:00,,,Wind Turbine,Withdrawn,2021-05-03T04:00:00+00:00,2021-06-13T04:00:00+00:00,2020-12-22T05:00:00+00:00,DPP-2018-APR,East (ITC),GIA,NRIS,374.4,374.4,374.4,374.4,
J1013,,,Branch County,MI,Batavia 138kV Substation,METC,Solar,80.0,80.0,80.0,2018-03-12T04:00:00+00:00,Withdrawn,,2019-12-02T05:00:00+00:00,,,Photovoltaic,Not Started,,2021-09-01T04:00:00+00:00,,DPP-2018-APR,East (ITC),GIA,NRIS,0.0,0.0,0.0,0.0,
J1014,,,Jackson County,MI,Tompkins - Blackstone 138kV Line,METC,Solar,80.0,80.0,80.0,2018-03-12T04:00:00+00:00,Withdrawn,,2019-12-02T05:00:00+00:00,,,Photovoltaic,Not Started,,2021-09-01T04:00:00+00:00,,DPP-2018-APR,East (ITC),GIA,NRIS,0.0,0.0,0.0,0.0,
J1039,,,Warren County,MO,Enon - Montogomery 345kV Line Tap,AMEREN MISSOURI,Battery Storage,50.0,50.0,50.0,2018-03-12T04:00:00+00:00,Withdrawn,,2021-03-10T05:00:00+00:00,,,Battery Storage,Not Started,,2021-10-31T04:00:00+00:00,,DPP-2018-APR,Central,GIA,NRIS,50.0,50.0,0.0,0.0,
J1047,,,Walworth County,WI,North Lake Geneva - Sugar Creek - Burlington 138kV Line Tap,American Transmission Co. LLC,Solar,200.0,200.0,200.0,2018-03-12T04:00:00+00:00,Withdrawn,,2019-10-24T04:00:00+00:00,,,Photovoltaic,Not Started,,2022-09-01T04:00:00+00:00,,DPP-2018-APR,East (ATC),GIA,NRIS,0.0,0.0,0.0,0.0,
J1053,,,Jefferson County,WI,Concord SW YD 138 kV Substation,American Transmission Co. LLC,Solar,300.0,300.0,300.0,2018-03-12T04:00:00+00:00,Withdrawn,,2020-05-19T04:00:00+00:00,,,Photovoltaic,Not Started,,2021-10-31T04:00:00+00:00,,DPP-2018-APR,East (ATC),GIA,NRIS,200.0,200.0,0.0,0.0,
J1080,,,"DeWitt County,McLean County",IL,Brokaw - Clinton 345kV Line Tap,AMEREN ILLINOIS,Wind,99.0,99.0,99.0,2018-03-12T04:00:00+00:00,Withdrawn,,2019-03-22T04:00:00+00:00,,,Wind Turbine,Not Started,,2020-09-01T04:00:00+00:00,,DPP-2018-APR,Central,GIA,NRIS,0.0,0.0,0.0,0.0,
J1054,,,Goodhue County,MN,Cannon Falls 115kV Substation,NORTHERN STATES POWER COMPANY,Battery Storage,30.0,30.0,30.0,2018-03-12T04:00:00+00:00,Withdrawn,,2020-03-25T04:00:00+00:00,,,Battery Storage,Not Started,,2021-10-31T04:00:00+00:00,,DPP-2018-APR,West,GIA,NRIS,0.0,0.0,0.0,0.0,
J1081,,,Polk County,MN,Winger 115kV Substation,OTTER TAIL POWER COMPANY OTPW,Wind,300.0,300.0,300.0,2018-03-12T04:00:00+00:00,Withdrawn,,2019-03-28T04:00:00+00:00,,,Wind Turbine,Not Started,,2020-09-01T04:00:00+00:00,,DPP-2018-APR,West,GIA,NRIS,0.0,0.0,0.0,0.0,
J1044,,,Walworth County,WI,North Lake Geneva - Sugar Creek - Burlington 138kV Line Tap,American Transmission Co. LLC,Solar,200.0,200.0,200.0,2018-03-12T04:00:00+00:00,Withdrawn,,2019-10-24T04:00:00+00:00,,,Photovoltaic,Not Started,,2022-09-01T04:00:00+00:00,,DPP-2018-APR,East (ATC),GIA,NRIS,0.0,0.0,0.0,0.0,
J1038,,,Grant County,MN,Grant Co. - E. Fergus Falls - Hoot Lake 115 kV Line Tap,OTTER TAIL POWER COMPANY OTPW,Solar,32.5,32.5,32.5,2018-03-12T04:00:00+00:00,Withdrawn,,2020-03-25T04:00:00+00:00,,,Photovoltaic,Not Started,,2020-09-01T04:00:00+00:00,,DPP-2018-APR,West,GIA,ERIS,0.0,0.0,0.0,0.0,
J1084,,,Clinton County,IA,Rock Creek 345 kV Substation,ITC MIDWEST,Solar,150.0,150.0,150.0,2018-03-12T04:00:00+00:00,Done,2023-09-01T04:00:00+00:00,,,,Photovoltaic,Under Construction,2021-06-15T04:00:00+00:00,2020-09-01T04:00:00+00:00,2021-06-15T04:00:00+00:00,DPP-2018-APR,West,GIA,NRIS,150.0,150.0,150.0,150.0,
J1092,,,Saint Croix County,WI,Three Lakes 115 kV Substation,NORTHERN STATES POWER COMPANY,Solar,100.0,100.0,100.0,2018-03-12T04:00:00+00:00,Done,2023-10-01T04:00:00+00:00,,,,Photovoltaic,Not Started,2021-06-15T04:00:00+00:00,2022-09-30T04:00:00+00:00,2021-06-15T04:00:00+00:00,DPP-2018-APR,West,GIA,NRIS,100.0,100.0,100.0,100.0,
J1046,,,Washtenaw County,MI,Majestic - Lemoyne 345 kV Line Tap,ITC MIDWEST,Battery Storage,50.0,50.0,50.0,2018-03-12T04:00:00+00:00,Withdrawn,,2019-11-21T05:00:00+00:00,,,Battery Storage,Not Started,,2020-10-31T04:00:00+00:00,,DPP-2018-APR,East (ITC),GIA,NRIS,0.0,0.0,0.0,0.0,
J1016,,,Gibson County,IN,Francisco - Toyota Z75 138kV Line Tap,"Southern Indiana Gas & Electric Company d/b/a Vectren Energy Delivery of Indiana, Inc.",Solar,50.0,50.0,50.0,2018-03-12T04:00:00+00:00,Withdrawn,,2020-01-06T05:00:00+00:00,,,Photovoltaic,Not Started,,2021-09-01T04:00:00+00:00,,DPP-2018-APR,Central,GIA,NRIS,0.0,0.0,0.0,0.0,
J1067,,,"Jasper County,Pulaski County",IN,Reynolds - Burr Oak 345kV Line,NORTHERN INDIANA PUBLIC SERVICE COMPANY LLC,Solar,240.0,240.0,240.0,2018-03-12T04:00:00+00:00,Done,2023-10-20T04:00:00+00:00,,,,Photovoltaic,Under Construction,2021-10-12T04:00:00+00:00,2022-09-01T04:00:00+00:00,2021-10-13T04:00:00+00:00,DPP-2018-APR,Central,GIA,NRIS,240.0,240.0,240.0,240.0,
J1068,,,Washtenaw County,MI,Dorset 120 kV Substation,ITC MIDWEST,Wind,200.0,200.0,200.0,2018-03-12T04:00:00+00:00,Withdrawn,,2019-11-21T05:00:00+00:00,,,Wind Turbine,Not Started,,2020-10-31T04:00:00+00:00,,DPP-2018-APR,East (ITC),GIA,NRIS,0.0,0.0,0.0,0.0,
J1088,,,Shiawassee County,MI,Cornell - Layton 138 kV Line Tap,METC,Solar,150.0,150.0,150.0,2018-03-12T04:00:00+00:00,Withdrawn,,2021-02-04T05:00:00+00:00,,,Photovoltaic,Withdrawn,,2021-01-02T05:00:00+00:00,2020-12-22T05:00:00+00:00,DPP-2018-APR,East (ITC),GIA,NRIS,150.0,150.0,150.0,150.0,
J1075,,,Cass County,MI,Argenta - Weeds Lake - Hiple 345kV Line Tap,METC,Wind,350.0,350.0,350.0,2018-03-12T04:00:00+00:00,Withdrawn,,2018-11-01T04:00:00+00:00,,,Wind Turbine,Not Started,,2020-09-01T04:00:00+00:00,,DPP-2018-APR,East (ITC),GIA,NRIS,0.0,0.0,0.0,0.0,
J3264,,,Otsego,MI,LIVINGSTON CO,METC,Battery Storage,300.0,300.0,300.0,2024-04-12T04:00:00+00:00,Withdrawn,,2025-12-23T05:00:00+00:00,,,Battery Storage,,,2028-09-01T04:00:00+00:00,,DPP-2023,East (ITC),Study Not Started,NRIS,0.0,0.0,0.0,0.0,
J1031,,,Henry County,IN,Fall Creek - New Castle 138 kV Line Tap,"DUKE ENERGY INDIANA, LLC CIN",Wind,150.0,150.0,150.0,2018-03-12T04:00:00+00:00,Withdrawn,,2020-01-07T05:00:00+00:00,,,Wind Turbine,Not Started,,2020-10-01T04:00:00+00:00,,DPP-2018-APR,Central,GIA,NRIS,0.0,0.0,0.0,0.0,
J1040,,,McIntosh County,ND,Wishek Junction 230 kV Substation,MONTANA-DAKOTA UTILITIES CO.,Wind,250.0,250.0,250.0,2018-03-12T04:00:00+00:00,Done,2023-05-14T04:00:00+00:00,,,,Wind Turbine,Under Construction,2022-02-07T05:00:00+00:00,2021-09-01T04:00:00+00:00,2022-02-01T05:00:00+00:00,DPP-2018-APR,West,GIA,NRIS,250.0,250.0,250.0,250.0,
J1010,,,"Kenosha County,Racine County",WI,Arcadian - Zion 345kV Line Tap,American Transmission Co. LLC,Solar,400.0,400.0,400.0,2018-03-12T04:00:00+00:00,Withdrawn,,2020-05-19T04:00:00+00:00,,,Photovoltaic,Not Started,,2020-09-01T04:00:00+00:00,,DPP-2018-APR,East (ATC),GIA,NRIS,400.0,400.0,0.0,0.0,
J1035,,,Washington County,IL,Fayetteville - Marigold 138 kV Line Tap,AMEREN ILLINOIS,Solar,75.0,75.0,75.0,2018-03-12T04:00:00+00:00,Withdrawn,,2018-10-15T04:00:00+00:00,,,Photovoltaic,Not Started,,2021-07-01T04:00:00+00:00,,DPP-2018-APR,Central,GIA,NRIS,0.0,0.0,0.0,0.0,
J1045,,,Murray County,MN,Fenton - Chanarambie 115kV Line Tap,NORTHERN STATES POWER COMPANY,Battery Storage,20.0,20.0,20.0,2018-03-12T04:00:00+00:00,Done,2024-07-30T04:00:00+00:00,,,,Battery Storage,Under Construction,2022-02-07T05:00:00+00:00,2021-10-31T04:00:00+00:00,2022-02-07T05:00:00+00:00,DPP-2018-APR,West,GIA,NRIS,20.0,20.0,20.0,20.0,
J1015,,,Otsego County,MI,Gaylord 138kV Substation,METC,Solar,80.0,80.0,80.0,2018-03-12T04:00:00+00:00,Withdrawn,,2019-03-27T04:00:00+00:00,,,Photovoltaic,Not Started,,2020-09-01T04:00:00+00:00,,DPP-2018-APR,East (ITC),GIA,NRIS,0.0,0.0,0.0,0.0,
J1049,,,Forrest County,MS,Purvis 161 kV Substation,COOPERATIVE ENERGY SMEP,Solar,250.0,250.0,250.0,2018-03-12T04:00:00+00:00,Withdrawn,,2019-08-29T04:00:00+00:00,,,Photovoltaic,Not Started,,2022-09-01T04:00:00+00:00,,DPP-2018-APR,South,GIA,NRIS,0.0,0.0,0.0,0.0,
J1019,,,Boone County,MO,Overton - McCredie 345 kV Line Tap,AMEREN MISSOURI,Wind,150.0,150.0,150.0,2018-03-12T04:00:00+00:00,Withdrawn,,2018-10-03T04:00:00+00:00,,,Wind Turbine,Not Started,,2021-09-01T04:00:00+00:00,,DPP-2018-APR,Central,GIA,NRIS,0.0,0.0,0.0,0.0,
J1050,,,"Boone County,Hamilton County",IA,Doud Tap 161 kV Substation,ITC MIDWEST,Wind,225.0,225.0,225.0,2018-03-12T04:00:00+00:00,Done,2022-07-01T04:00:00+00:00,,,,Wind Turbine,In Service,2022-01-17T05:00:00+00:00,2022-06-03T04:00:00+00:00,2022-01-18T05:00:00+00:00,DPP-2018-APR,West,GIA,NRIS,225.0,225.0,225.0,225.0,
J1060,,,St. Francis County,AR,West Memphis - Keo 500 kV Line Tap,"ENTERGY ARKANSAS, LLC",Solar,500.0,500.0,500.0,2018-03-12T04:00:00+00:00,Done,2023-05-01T04:00:00+00:00,,,,Photovoltaic,Under Construction,2020-08-19T04:00:00+00:00,2021-10-31T04:00:00+00:00,2020-03-30T04:00:00+00:00,DPP-2018-APR,South,GIA,NRIS,500.0,500.0,450.0,400.0,
J1061,,,Wabasha County,MN,Briggs Rd - N. Rochester 345 kV Line Tap,NORTHERN STATES POWER COMPANY,Solar,300.0,300.0,300.0,2018-03-12T04:00:00+00:00,Withdrawn,,2020-03-25T04:00:00+00:00,,,Photovoltaic,Not Started,,2021-10-31T04:00:00+00:00,,DPP-2018-APR,West,GIA,NRIS,0.0,0.0,0.0,0.0,
J1048,,,"Mecosta County,Montcalm County",MI,Vergennes - Nelson Road 345kV Line Tap,METC,Wind,250.0,250.0,250.0,2018-03-12T04:00:00+00:00,Withdrawn,,2019-03-28T04:00:00+00:00,,,Wind Turbine,Not Started,,2020-09-01T04:00:00+00:00,,DPP-2018-APR,East (ITC),GIA,NRIS,0.0,0.0,0.0,0.0,
J1052,,,Jackson County,MI,Beecher - Seamless East 138kV Line Tap,METC,Solar,100.0,100.0,100.0,2018-03-12T04:00:00+00:00,Withdrawn,,2019-03-27T04:00:00+00:00,,,Photovoltaic,Not Started,,2020-09-01T04:00:00+00:00,,DPP-2018-APR,East (ITC),GIA,NRIS,0.0,0.0,0.0,0.0,
J1063,,,Clinton County,IN,New London - Frankfort 230kV Line Tap,"DUKE ENERGY INDIANA, LLC",Solar,195.0,195.0,195.0,2018-03-12T04:00:00+00:00,Done,2022-08-01T04:00:00+00:00,,,,Photovoltaic,Under Construction,2022-03-09T05:00:00+00:00,2022-10-31T04:00:00+00:00,2021-03-29T04:00:00+00:00,DPP-2018-APR,Central,GIA,NRIS,195.0,195.0,195.0,195.0,
J1057,,,Jackson County,MN,Brewster - Heron Lake 161 kV Line,ITC MIDWEST,Solar,125.0,125.0,125.0,2018-03-12T04:00:00+00:00,Withdrawn,,2020-03-25T04:00:00+00:00,,,Photovoltaic,Not Started,,2021-10-31T04:00:00+00:00,,DPP-2018-APR,West,GIA,NRIS,0.0,0.0,0.0,0.0,
J1071,,,Oceana County,MI,Donaldson 138 kV Substation,METC,Solar,100.0,100.0,100.0,2018-03-12T04:00:00+00:00,Done,2021-01-15T05:00:00+00:00,,,,Photovoltaic,Under Construction,2021-03-26T04:00:00+00:00,2021-01-20T05:00:00+00:00,2021-03-26T04:00:00+00:00,DPP-2018-APR,East (ITC),GIA,NRIS,100.0,100.0,100.0,100.0,
J1085,,,"Marathon County,Taylor County,Wood County",WI,Gardner Park - J821 POI - Stone Lake 345 kV Line Tap,American Transmission Co. LLC,Wind,300.0,300.0,300.0,2018-03-12T04:00:00+00:00,Withdrawn,,2020-05-19T04:00:00+00:00,,,Wind Turbine,Not Started,,2021-09-01T04:00:00+00:00,,DPP-2018-APR,East (ATC),GIA,NRIS,300.0,300.0,0.0,0.0,
J1065,,,Gratiot County,MI,Alma - Vestaburg 138kV Line Tap,METC,Wind,200.0,200.0,200.0,2018-03-12T04:00:00+00:00,Withdrawn,,2019-11-21T05:00:00+00:00,,,Wind Turbine,Not Started,,2020-10-31T04:00:00+00:00,,DPP-2018-APR,East (ITC),GIA,NRIS,0.0,0.0,0.0,0.0,
J1059,,,Cape Girardeau County,MO,Kelso - Lutesville 345 kV Line Tap,AMEREN MISSOURI,Solar,300.0,300.0,300.0,2018-03-12T04:00:00+00:00,Withdrawn,,2020-01-07T05:00:00+00:00,,,Photovoltaic,Not Started,,2021-10-31T04:00:00+00:00,,DPP-2018-APR,Central,GIA,NRIS,0.0,0.0,0.0,0.0,
J1086,,,Nobles County,MN,Elk - Brewster 161 kV Line Tap,ITC MIDWEST,Solar,120.0,120.0,120.0,2018-03-12T04:00:00+00:00,Withdrawn,,2020-03-25T04:00:00+00:00,,,Photovoltaic,Not Started,,2021-01-02T05:00:00+00:00,,DPP-2018-APR,West,GIA,NRIS,0.0,0.0,0.0,0.0,
J1073,,,Iberville Parish,LA,Webre 500 kV Substation,"ENTERGY LOUISIANA, LLC ELTO",Solar,300.0,300.0,300.0,2018-03-12T04:00:00+00:00,Withdrawn,,2019-08-29T04:00:00+00:00,,,Photovoltaic,Not Started,,2021-09-15T04:00:00+00:00,,DPP-2018-APR,South,GIA,NRIS,0.0,0.0,0.0,0.0,
J1055,,,Mason County,IL,Mason Substation 138 kV Bus,AMEREN ILLINOIS,Wind,144.0,144.0,144.0,2018-03-12T04:00:00+00:00,Done,2020-10-15T04:00:00+00:00,,,,Wind Turbine,In Service,2021-11-13T05:00:00+00:00,2020-09-30T04:00:00+00:00,2019-07-31T04:00:00+00:00,DPP-2018-APR,Central,GIA,NRIS,144.0,144.0,144.0,144.0,
J1082,,,"Grundy County,Mercer County",MO,Zachary 345 kV Substation,AMEREN MISSOURI,Wind,400.0,400.0,400.0,2018-03-12T04:00:00+00:00,Withdrawn,,2019-03-28T04:00:00+00:00,,,Wind Turbine,Not Started,,2020-09-01T04:00:00+00:00,,DPP-2018-APR,West,GIA,NRIS,0.0,0.0,0.0,0.0,
J1093,,,"Desha County,Drew County",AR,Reed Switch 115kV Substation,"ENTERGY ARKANSAS, LLC EATO",Solar,200.0,200.0,200.0,2018-03-12T04:00:00+00:00,Withdrawn,,2019-08-29T04:00:00+00:00,,,Photovoltaic,Not Started,,2021-09-15T04:00:00+00:00,,DPP-2018-APR,South,GIA,NRIS,0.0,0.0,0.0,0.0,
J1076,,,St. James Parish,LA,Vacherie Sub 230 kV Substation,"ENTERGY LOUISIANA, LLC",Solar,200.0,200.0,200.0,2018-03-12T04:00:00+00:00,Done,2022-09-01T04:00:00+00:00,,,,Photovoltaic,Under Construction,2021-01-06T05:00:00+00:00,2021-09-15T04:00:00+00:00,2020-07-01T04:00:00+00:00,DPP-2018-APR,South,GIA,NRIS,200.0,200.0,200.0,200.0,
J1078,,,Mississippi County,AR,San Souci 500 kV Substation,"ENTERGY ARKANSAS, LLC EATO",Solar,300.0,300.0,300.0,2018-03-12T04:00:00+00:00,Withdrawn,,2019-08-29T04:00:00+00:00,,,Photovoltaic,Not Started,,2021-09-15T04:00:00+00:00,,DPP-2018-APR,South,GIA,NRIS,0.0,0.0,0.0,0.0,
J1124,,,Olmsted County,MN,Byron 345kV Substation,SMMPA,Solar,100.0,100.0,100.0,2018-03-12T04:00:00+00:00,Done,2024-06-01T04:00:00+00:00,,,,Photovoltaic,Under Construction,2021-06-15T04:00:00+00:00,2021-09-15T04:00:00+00:00,2021-06-15T04:00:00+00:00,DPP-2018-APR,West,GIA,NRIS,100.0,100.0,100.0,100.0,
J1142,,,St. James Parish,LA,Vacherie 230kV Substation,"ENTERGY LOUISIANA, LLC",Solar,20.0,20.0,20.0,2018-03-12T04:00:00+00:00,Done,2020-07-01T04:00:00+00:00,,,,Photovoltaic,In Service (with Provisional GIA),2020-07-10T04:00:00+00:00,2020-06-01T04:00:00+00:00,2018-12-12T05:00:00+00:00,DPP-2018-APR,South,GIA,NRIS,20.0,20.0,20.0,20.0,
J1125,,,Cross County,AR,Wynne South - Wynne East AECC 161 kV Line Tap,"ENTERGY ARKANSAS, LLC",Solar,135.0,135.0,135.0,2018-03-12T04:00:00+00:00,Done,2023-03-01T05:00:00+00:00,,,,Photovoltaic,Under Construction,2020-08-12T04:00:00+00:00,2021-07-31T04:00:00+00:00,2020-03-30T04:00:00+00:00,DPP-2018-APR,South,GIA,NRIS,135.0,135.0,135.0,135.0,
J1056,,,Monroe County,MI,Lulu - Monroe 345 kV Line Tap,ITC MIDWEST,Wind,200.0,200.0,200.0,2018-03-12T04:00:00+00:00,Withdrawn,,2019-11-21T05:00:00+00:00,,,Wind Turbine,Not Started,,2020-10-31T04:00:00+00:00,,DPP-2018-APR,East (ITC),GIA,NRIS,0.0,0.0,0.0,0.0,
J1070,,,Washington County,MS,SE Greenville 115kV Substation,"ENTERGY MISSISSIPPI, LLC EMMP",Solar,100.0,100.0,100.0,2018-03-12T04:00:00+00:00,Withdrawn,,2019-08-29T04:00:00+00:00,,,Photovoltaic,Not Started,,2021-09-15T04:00:00+00:00,,DPP-2018-APR,South,GIA,NRIS,0.0,0.0,0.0,0.0,
J1041,,,Jackson County,MN,Brewster - Heron Lake 161 kV Line,ITC MIDWEST,Battery Storage,20.0,20.0,20.0,2018-03-12T04:00:00+00:00,Withdrawn,,2020-03-25T04:00:00+00:00,,,Battery Storage,Not Started,,2021-10-31T04:00:00+00:00,,DPP-2018-APR,West,GIA,NRIS,0.0,0.0,0.0,0.0,
J1042,,,Walworth County,WI,North Lake Geneva 138kV Substation,American Transmission Co. LLC,Solar,200.0,200.0,200.0,2018-03-09T05:00:00+00:00,Withdrawn,2023-09-15T04:00:00+00:00,2023-08-09T04:00:00+00:00,,,Photovoltaic,Withdrawn,2021-05-18T04:00:00+00:00,2021-09-01T04:00:00+00:00,2021-05-18T04:00:00+00:00,DPP-2018-APR,East (ATC),GIA,NRIS,200.0,200.0,180.0,180.0,
J1143,,,Morrison County,MN,Blanchard - Little Falls 115 kV Line,MINNESOTA POWER,Solar,100.0,100.0,100.0,2018-03-12T04:00:00+00:00,Withdrawn,,2020-03-25T04:00:00+00:00,,,Photovoltaic,Not Started,,2020-08-01T04:00:00+00:00,,DPP-2018-APR,West,GIA,NRIS,0.0,0.0,0.0,0.0,
J1104,,,"Washington County,Waukesha County",WI,Germantown - Bark River 138kV Line,American Transmission Co. LLC,Battery Storage,100.0,100.0,100.0,2018-03-12T04:00:00+00:00,Withdrawn,,2019-10-24T04:00:00+00:00,,,Battery Storage,Not Started,,2021-09-01T04:00:00+00:00,,DPP-2018-APR,East (ATC),GIA,NRIS,0.0,0.0,0.0,0.0,
J1105,,,Dakota County,MN,Hampton Corners 345 kV Substation,NORTHERN STATES POWER COMPANY,Solar,200.0,200.0,200.0,2018-03-12T04:00:00+00:00,Withdrawn,,2021-03-09T05:00:00+00:00,,,Photovoltaic,Not Started,,2020-09-01T04:00:00+00:00,,DPP-2018-APR,West,GIA,NRIS,200.0,200.0,0.0,0.0,
J1106,,,Redwood County,MN,Lyon County - Cedar Mountain 345 kV Circuit 2 Line,GREAT RIVER ENERGY,Wind,414.0,414.0,414.0,2018-03-12T04:00:00+00:00,Withdrawn,,2021-03-09T05:00:00+00:00,,,Wind Turbine,Not Started,,2021-08-01T04:00:00+00:00,,DPP-2018-APR,West,GIA,NRIS,414.0,414.0,0.0,0.0,
J1012,,,Scott County,IL,Jacksonville Ind. Park - Winchester 138kV Line Tap,"PRAIRIE POWER, INC. PPI",Solar,100.0,100.0,100.0,2018-03-12T04:00:00+00:00,Withdrawn,,2019-03-28T04:00:00+00:00,,,Photovoltaic,Not Started,,2021-09-01T04:00:00+00:00,,DPP-2018-APR,Central,GIA,NRIS,0.0,0.0,0.0,0.0,
J1037,,,Murray County,MN,Moon Lake 69kV Substation,GREAT RIVER ENERGY,Battery Storage,15.0,15.0,15.0,2018-03-12T04:00:00+00:00,Withdrawn,,2019-08-15T04:00:00+00:00,,,Battery Storage,Not Started,,2021-10-01T04:00:00+00:00,,DPP-2018-APR,West,GIA,NRIS,0.0,0.0,0.0,0.0,
J1017,,,"Carroll County,White County",IN,Springboro 138 kV Substation,"DUKE ENERGY INDIANA, LLC PSI",Wind,125.0,125.0,125.0,2018-03-12T04:00:00+00:00,Withdrawn,,2018-10-03T04:00:00+00:00,,,Wind Turbine,Not Started,,2021-09-01T04:00:00+00:00,,DPP-2018-APR,Central,GIA,NRIS,0.0,0.0,0.0,0.0,
J1018,,,Miami County,IN,Peru South East - Greentown 230 kV Line Tap,"DUKE ENERGY INDIANA, LLC PSI",Wind,150.0,150.0,150.0,2018-03-12T04:00:00+00:00,Withdrawn,,2018-10-03T04:00:00+00:00,,,Wind Turbine,Not Started,,2021-09-01T04:00:00+00:00,,DPP-2018-APR,Central,GIA,NRIS,0.0,0.0,0.0,0.0,
J1051,,,Jefferson County,WI,Concord 138kV Substation,American Transmission Co. LLC,Battery Storage,50.0,50.0,50.0,2018-03-12T04:00:00+00:00,Withdrawn,,2020-05-19T04:00:00+00:00,,,Battery Storage,Not Started,,2021-10-31T04:00:00+00:00,,DPP-2018-APR,East (ATC),GIA,NRIS,50.0,50.0,0.0,0.0,
J1062,,,Washtenaw County,MI,Majestic - Lemoyne 345 kV Line Tap,ITC MIDWEST,Solar,200.0,200.0,200.0,2018-03-12T04:00:00+00:00,Done,2023-06-01T04:00:00+00:00,,,,Photovoltaic,Not Started,2021-04-23T04:00:00+00:00,2021-10-31T04:00:00+00:00,2020-12-22T05:00:00+00:00,DPP-2018-APR,East (ITC),GIA,NRIS,150.0,150.0,150.0,150.0,
J1058,,,Lake County,IN,Schahfer-St. John 345kV Line Tap,NORTHERN INDIANA PUBLIC SERVICE COMPANY LLC NIP,Solar,300.0,300.0,300.0,2018-03-12T04:00:00+00:00,Done,2024-06-01T04:00:00+00:00,,,,Photovoltaic,Under Construction,2021-10-12T04:00:00+00:00,2021-10-31T04:00:00+00:00,2021-10-15T04:00:00+00:00,DPP-2018-APR,Central,GIA,NRIS,200.0,200.0,200.0,200.0,
J1087,,,Scott County,MO,Miner - Kelso 161 kV Line Tap,Ameren Missouri,Solar,200.0,200.0,200.0,2018-03-12T04:00:00+00:00,Done,2023-12-02T05:00:00+00:00,,,,Photovoltaic,Under Construction,2021-10-12T04:00:00+00:00,2021-01-02T05:00:00+00:00,2021-10-13T04:00:00+00:00,DPP-2018-APR,Central,GIA,NRIS,200.0,200.0,200.0,200.0,
J1083,,,Eaton County,MI,Oneida138kV Substation,METC,Solar,70.0,70.0,70.0,2018-03-12T04:00:00+00:00,Withdrawn,,2019-12-02T05:00:00+00:00,,,Photovoltaic,Not Started,,2021-09-01T04:00:00+00:00,,DPP-2018-APR,East (ITC),GIA,NRIS,0.0,0.0,0.0,0.0,
J1090,,,Ingham County,MI,Tompkins - Churchill Jct 138 kV Line Tap,METC,Solar,90.0,90.0,90.0,2018-03-12T04:00:00+00:00,Withdrawn,,2021-02-04T05:00:00+00:00,,,Photovoltaic,Not Started,,2021-01-02T05:00:00+00:00,2020-12-22T05:00:00+00:00,DPP-2018-APR,East (ITC),GIA,NRIS,90.0,90.0,90.0,90.0,
J1064,,,Ionia County,MI,Marquette - Vergennes 138 kV Line Tap,METC,Wind,200.0,200.0,200.0,2018-03-12T04:00:00+00:00,Withdrawn,,2019-11-21T05:00:00+00:00,,,Wind Turbine,Not Started,,2020-10-31T04:00:00+00:00,,DPP-2018-APR,East (ITC),GIA,NRIS,0.0,0.0,0.0,0.0,
J1091,,,Craighead County,AR,Power Line Road 161 kV Substation,"ENTERGY ARKANSAS, LLC EATO",Solar,150.0,150.0,150.0,2018-03-12T04:00:00+00:00,Withdrawn,,2019-08-29T04:00:00+00:00,,,Photovoltaic,Not Started,,2021-09-15T04:00:00+00:00,,DPP-2018-APR,South,GIA,NRIS,0.0,0.0,0.0,0.0,
J1074,,,Gibson County,IN,Francisco 138 kV sub,"Southern Indiana Gas & Electric Company d/b/a Vectren Energy Delivery of Indiana, Inc.",Solar,200.0,200.0,200.0,2018-03-12T04:00:00+00:00,Withdrawn,2022-11-15T05:00:00+00:00,2023-10-27T04:00:00+00:00,,,Photovoltaic,Withdrawn,,2021-01-02T05:00:00+00:00,2021-03-29T04:00:00+00:00,DPP-2018-APR,Central,GIA,NRIS,200.0,200.0,200.0,200.0,
J1089,,,Shiawassee County,MI,Cornell - Bell Rd 138 kV Line Tap,METC,Solar,170.0,170.0,170.0,2018-03-12T04:00:00+00:00,Withdrawn,,2021-02-04T05:00:00+00:00,,,Photovoltaic,Not Started,,2021-01-02T05:00:00+00:00,2020-12-22T05:00:00+00:00,DPP-2018-APR,East (ITC),GIA,NRIS,170.0,170.0,170.0,170.0,
J1097,,,"Lonoke County,Pulaski County",AR,KEO EHV 500 kV Substation,"ENTERGY ARKANSAS, LLC EATO",Solar,500.0,500.0,500.0,2018-03-12T04:00:00+00:00,Withdrawn,,2019-08-29T04:00:00+00:00,,,Photovoltaic,Not Started,,2021-09-15T04:00:00+00:00,,DPP-2018-APR,South,GIA,NRIS,0.0,0.0,0.0,0.0,
J1098,,,Jackson County,MN,Lakefield 345 kV Substation,NORTHERN STATES POWER COMPANY,Solar,40.0,40.0,40.0,2018-03-12T04:00:00+00:00,Withdrawn,,2021-03-09T05:00:00+00:00,,,Photovoltaic,Not Started,,2022-09-30T04:00:00+00:00,,DPP-2018-APR,West,GIA,NRIS,40.0,40.0,0.0,0.0,
J1072,,,Mower County,MN,Adams 345 kV Substation,NORTHERN STATES POWER COMPANY,Solar,150.0,150.0,150.0,2018-03-12T04:00:00+00:00,Done,2023-08-01T04:00:00+00:00,,,,Photovoltaic,Under Construction,2021-06-15T04:00:00+00:00,2020-09-01T04:00:00+00:00,2021-06-15T04:00:00+00:00,DPP-2018-APR,West,GIA,NRIS,150.0,150.0,150.0,150.0,
J1066,,,Pike County,IL,El Dara Junction - Pittsfield 69 kV Line Tap,"PRAIRIE POWER, INC. PPI",Wind,44.0,44.0,44.0,2018-03-12T04:00:00+00:00,Withdrawn,,2018-05-17T04:00:00+00:00,,,Wind Turbine,Not Started,,2019-07-31T04:00:00+00:00,,DPP-2018-APR,Central,GIA,E-NRIS,0.0,0.0,0.0,0.0,
J1099,,,Iberville Parish,LA,Derrick 230 kV Substation,"ENTERGY LOUISIANA, LLC ELTO",Solar,200.0,200.0,200.0,2018-03-12T04:00:00+00:00,Withdrawn,,2019-08-29T04:00:00+00:00,,,Photovoltaic,Not Started,,2021-09-15T04:00:00+00:00,,DPP-2018-APR,South,GIA,NRIS,0.0,0.0,0.0,0.0,
J1121,,,Marathon County,WI,Stone Lake - (Pershing) - Gardner Park 345 kV Line Tap,American Transmission Co. LLC,Solar,200.0,200.0,200.0,2018-03-12T04:00:00+00:00,Withdrawn,,2020-05-19T04:00:00+00:00,,,Photovoltaic,Not Started,,2021-09-01T04:00:00+00:00,,DPP-2018-APR,East (ATC),GIA,NRIS,200.0,200.0,0.0,0.0,
J1094,,,Washington County,IL,Prest 138kV Switching Station,AMEREN ILLINOIS,Solar,150.0,150.0,150.0,2018-03-12T04:00:00+00:00,Done,2024-01-15T05:00:00+00:00,,,,Photovoltaic,Under Construction,2021-10-12T04:00:00+00:00,2021-01-02T05:00:00+00:00,2021-10-13T04:00:00+00:00,DPP-2018-APR,Central,GIA,NRIS,150.0,150.0,150.0,150.0,
J1069,,,"Jasper County,Pulaski County",IN,Reynolds 345kV Substation,NORTHERN INDIANA PUBLIC SERVICE COMPANY LLC,Wind,200.0,200.0,200.0,2018-03-12T04:00:00+00:00,Done,2023-04-20T04:00:00+00:00,,,,Wind Turbine,Under Construction,2021-10-12T04:00:00+00:00,2022-09-01T04:00:00+00:00,2021-10-13T04:00:00+00:00,DPP-2018-APR,Central,GIA,NRIS,200.0,200.0,200.0,200.0,
J1102,,,Logan County,IL,Fogarty 138 kV Substation,AMEREN ILLINOIS,Solar,70.0,70.0,70.0,2018-03-12T04:00:00+00:00,Done,2021-12-15T05:00:00+00:00,,,,Photovoltaic,Under Construction,2021-09-13T04:00:00+00:00,2021-06-13T04:00:00+00:00,2021-03-08T05:00:00+00:00,DPP-2018-APR,Central,GIA,NRIS,70.0,70.0,70.0,70.0,
J1127,,,Green County,WI,Albany - Bass Creek 138 kV Line Tap,American Transmission Co. LLC,Solar,49.9,49.9,49.9,2018-03-12T04:00:00+00:00,Withdrawn,,2019-10-25T04:00:00+00:00,,,Photovoltaic,Not Started,,2021-01-02T05:00:00+00:00,,DPP-2018-APR,East (ATC),GIA,NRIS,0.0,0.0,0.0,0.0,
J1129,,,Rock County,WI,Paddock - Townline Rd 138 kV Line Tap,American Transmission Co. LLC,Solar,65.0,65.0,65.0,2018-03-12T04:00:00+00:00,Withdrawn,,2019-10-25T04:00:00+00:00,,,Photovoltaic,Not Started,,2021-01-02T05:00:00+00:00,,DPP-2018-APR,East (ATC),GIA,NRIS,0.0,0.0,0.0,0.0,
J1146,,,Mississippi County,AR,San Souci 500 kV Substation,"ENTERGY ARKANSAS, LLC",Coal,10.0,10.0,10.0,2018-03-12T04:00:00+00:00,Done,2020-10-10T04:00:00+00:00,,,,Combined Cycle,In Service,2020-08-12T04:00:00+00:00,2019-01-04T05:00:00+00:00,2020-06-03T04:00:00+00:00,DPP-2018-APR,South,GIA,NRIS,10.0,10.0,10.0,10.0,
J1096,,,Saline County,IL,Norris City North - Muddy 138 kV Line,AMEREN ILLINOIS,Solar,150.0,150.0,150.0,2018-03-12T04:00:00+00:00,Done,2024-01-01T05:00:00+00:00,,,,Photovoltaic,Under Construction,2021-10-12T04:00:00+00:00,2021-01-02T05:00:00+00:00,2021-10-13T04:00:00+00:00,DPP-2018-APR,Central,GIA,NRIS,150.0,150.0,150.0,150.0,
J1079,,,St. Charles Parish,LA,Waterford 1&2 230 kV Substation,"ENTERGY LOUISIANA, LLC ELTO",Solar,200.0,200.0,200.0,2018-03-12T04:00:00+00:00,Withdrawn,,2019-08-29T04:00:00+00:00,,,Photovoltaic,Not Started,,2021-09-15T04:00:00+00:00,,DPP-2018-APR,South,GIA,NRIS,0.0,0.0,0.0,0.0,
J1123,,,Audrain County,MO,Spencer Creek 345 kV Substation,AMEREN MISSOURI,Wind,150.0,150.0,150.0,2018-03-12T04:00:00+00:00,Withdrawn,,2020-01-02T05:00:00+00:00,,,Wind Turbine,Not Started,,2021-09-01T04:00:00+00:00,,DPP-2018-APR,Central,GIA,NRIS,0.0,0.0,0.0,0.0,
J1100,,,Grimes County,TX,Grimes 345 kV Substation,"ENTERGY TEXAS, INC. ETTO",Solar,200.0,200.0,200.0,2018-03-12T04:00:00+00:00,Withdrawn,,2019-08-29T04:00:00+00:00,,,Photovoltaic,Not Started,,2021-09-15T04:00:00+00:00,,DPP-2018-APR,South,GIA,NRIS,0.0,0.0,0.0,0.0,
J1172,,,Genesee County,MI,Dort - Garfield 138 kV Line Tap,METC,Solar,50.0,50.0,50.0,2018-03-12T04:00:00+00:00,Done,2023-08-01T04:00:00+00:00,,,,Photovoltaic,Under Construction,2021-05-03T04:00:00+00:00,2021-07-01T04:00:00+00:00,2020-12-22T05:00:00+00:00,DPP-2018-APR,East (ITC),GIA,NRIS,50.0,50.0,50.0,50.0,
J1190,,,Clinton County,IA,Calamus East 161 kV Substation,ITC MIDWEST,Solar,200.0,200.0,200.0,2019-01-22T05:00:00+00:00,Done,2025-08-01T04:00:00+00:00,,,,Photovoltaic,Not Started,2023-01-26T05:00:00+00:00,2023-10-01T04:00:00+00:00,2023-01-26T05:00:00+00:00,DPP-2019,West,GIA,NRIS,200.0,200.0,200.0,200.0,
J1191,,,Boone County,MO,Bolstad 69 kV Substation,"City of Columbia, MO",Solar,64.0,64.0,64.0,2019-02-04T05:00:00+00:00,Withdrawn,2025-02-28T05:00:00+00:00,2025-02-10T05:00:00+00:00,,,Photovoltaic,Not Started,,2022-07-31T04:00:00+00:00,,DPP-2019,Central,GIA,NRIS,64.0,64.0,64.0,64.0,
J1176,,,"Cerro Gordo County,Worth County",IA,Lime Creek 161 kV Substation,ITC MIDWEST,Wind,145.0,145.0,145.0,2018-03-12T04:00:00+00:00,Withdrawn,,2019-08-15T04:00:00+00:00,,,Wind Turbine,Not Started,,2021-10-31T04:00:00+00:00,,DPP-2018-APR,West,GIA,NRIS,0.0,0.0,0.0,0.0,
J1148,,,Posey County,IN,AB Brown 138 kV Substation,"Southern Indiana Gas & Electric Company d/b/a Vectren Energy Delivery of Indiana, Inc.",Gas,54.0,54.0,54.0,2018-03-12T04:00:00+00:00,Withdrawn,,2020-01-07T05:00:00+00:00,,,Combined Cycle,Not Started,,2022-06-01T04:00:00+00:00,,DPP-2018-APR,Central,GIA,NRIS,0.0,0.0,0.0,0.0,
J1174,,,Worth County,IA,Ledyard - Colby 345 kV Line Tap,ITC MIDWEST,Solar,165.0,165.0,165.0,2018-03-12T04:00:00+00:00,Done,2024-06-30T04:00:00+00:00,,,,Photovoltaic,Under Construction,2022-02-07T05:00:00+00:00,2021-10-31T04:00:00+00:00,2022-02-07T05:00:00+00:00,DPP-2018-APR,West,GIA,NRIS,165.0,165.0,165.0,165.0,
J1177,,,Schuyler County,MO,Hughes 345 kV Switching Station (J541 POI),AMEREN TRANSMISSION COMPANY OF ILLINOIS,Wind,300.0,300.0,300.0,2018-03-12T04:00:00+00:00,Withdrawn,,2020-03-25T04:00:00+00:00,,,Wind Turbine,Not Started,,2020-09-30T04:00:00+00:00,,DPP-2018-APR,West,GIA,NRIS,0.0,0.0,0.0,0.0,
J1178,,,Eaton County,MI,Oneida 138 kV Substation,METC,Solar,65.0,65.0,65.0,2018-03-12T04:00:00+00:00,Withdrawn,2023-08-01T04:00:00+00:00,2021-08-06T04:00:00+00:00,,,Photovoltaic,Withdrawn,2021-05-03T04:00:00+00:00,2020-07-01T04:00:00+00:00,2020-12-22T05:00:00+00:00,DPP-2018-APR,East (ITC),GIA,NRIS,65.0,65.0,65.0,65.0,
J1192,,,Eaton County,MI,Oneida 138kV Substation,METC,Solar,35.0,35.0,35.0,2019-03-25T04:00:00+00:00,Withdrawn,2024-07-01T04:00:00+00:00,2022-10-25T04:00:00+00:00,,,Photovoltaic,Withdrawn,2022-08-17T04:00:00+00:00,2021-07-01T04:00:00+00:00,2022-08-17T04:00:00+00:00,DPP-2019,East (ITC),GIA,NRIS,35.0,35.0,35.0,35.0,
J1175,,,Worth County,IA,Ledyard - Colby 345kV Line Tap,ITC MIDWEST,Wind,165.0,165.0,165.0,2018-03-12T04:00:00+00:00,Done,2024-06-30T04:00:00+00:00,,,,Wind Turbine,Not Started,2022-02-07T05:00:00+00:00,2021-10-31T04:00:00+00:00,2022-02-07T05:00:00+00:00,DPP-2018-APR,West,GIA,ERIS,165.0,165.0,165.0,0.0,
J1195,,,Branch County,MI,Wagner 138 kV Substation,METC,Wind,150.4,150.4,150.4,2019-04-24T04:00:00+00:00,Withdrawn,,2020-01-03T05:00:00+00:00,,,Wind Turbine,Not Started,,2021-10-01T04:00:00+00:00,,DPP-2019,East (ITC),GIA,NRIS,0.0,0.0,0.0,0.0,
J1179,,,Chisago County,MN,Rush City - Red Rock 230 kV Line Tap,NORTHERN STATES POWER COMPANY,Solar,300.0,300.0,300.0,2018-03-12T04:00:00+00:00,Withdrawn,,2020-03-25T04:00:00+00:00,,,Photovoltaic,Not Started,,2021-10-31T04:00:00+00:00,,DPP-2018-APR,West,GIA,NRIS,0.0,0.0,0.0,0.0,
J1101,,,Manitowoc County,WI,Kewaunee 138kV Substation,American Transmission Co. LLC,Battery Storage,20.0,20.0,20.0,2018-03-12T04:00:00+00:00,Withdrawn,2023-08-15T04:00:00+00:00,2025-11-20T05:00:00+00:00,,,Battery Storage,Withdrawn,2021-04-12T04:00:00+00:00,2021-09-01T04:00:00+00:00,2021-04-12T04:00:00+00:00,DPP-2018-APR,East (ATC),GIA,NRIS,20.0,20.0,20.0,20.0,
J1126,,,Tuscola County,MI,ITC Bauer - Grassmere - Rapson (Kirk Sub) 345kV Substation,ITC MIDWEST,Wind,1.1,1.1,1.1,2018-03-12T04:00:00+00:00,Withdrawn,,2018-11-01T04:00:00+00:00,,,Wind Turbine,Not Started,,2020-09-01T04:00:00+00:00,,DPP-2018-APR,East (ITC),GIA,NRIS,0.0,0.0,0.0,0.0,
J1128,,,Freeborn County,MN,Hayward - Murphy Creek 161 kV Line Tap,SMMPA,Solar,150.0,150.0,150.0,2018-03-12T04:00:00+00:00,Withdrawn,,2021-03-09T05:00:00+00:00,,,Photovoltaic,Not Started,,2021-01-02T05:00:00+00:00,,DPP-2018-APR,West,GIA,NRIS,150.0,150.0,0.0,0.0,
J1145,,,Callaway County,MO,Overton - (McCrede) - Montgomery 345 kV Line Tap,Ameren Missouri,Solar,250.0,250.0,250.0,2018-03-12T04:00:00+00:00,Done,2024-06-01T04:00:00+00:00,,,,Photovoltaic,Not Started,2022-03-31T04:00:00+00:00,2021-04-01T04:00:00+00:00,2022-04-01T04:00:00+00:00,DPP-2018-APR,Central,GIA,NRIS,250.0,250.0,250.0,250.0,
J1147,,,St. Francis County,AR,Moses - McCrory 161 kV Line tap,"ENTERGY ARKANSAS, LLC EATO",Solar,100.0,100.0,100.0,2018-03-12T04:00:00+00:00,Withdrawn,,2020-01-24T05:00:00+00:00,,,Photovoltaic,Not Started,,2021-09-30T04:00:00+00:00,,DPP-2018-APR,South,GIA,ERIS,100.0,0.0,0.0,0.0,
J1107,,,Cape Girardeau County,MO,Kelso - Lutesville 345 kV Line Tap,Ameren Missouri,Solar,200.0,200.0,200.0,2018-03-12T04:00:00+00:00,Done,2023-11-01T04:00:00+00:00,,,,Photovoltaic,Under Construction,2021-10-12T04:00:00+00:00,2021-09-01T04:00:00+00:00,2021-10-13T04:00:00+00:00,DPP-2018-APR,Central,GIA,NRIS,200.0,200.0,200.0,200.0,
J1198,,,Jasper County,IL,Newton 345kV Substation,AMEREN ILLINOIS,Hybrid,51.8,51.8,51.8,2019-04-25T04:00:00+00:00,Done,2023-04-01T04:00:00+00:00,,,,Solar/Battery,Not Started,,2021-06-15T04:00:00+00:00,2022-04-22T04:00:00+00:00,DPP-2019,Central,GIA,NRIS,51.8,51.8,51.8,51.8,
J1283,,,Jefferson County,AR,White Bluff - Arsenal C and White Bluff - Arsenal D 115kV Line,"ENTERGY ARKANSAS, LLC EATO",Waste Heat Recovery,269.99,269.99,269.99,2019-04-29T04:00:00+00:00,Withdrawn,,2019-09-05T04:00:00+00:00,,,Co-gen,Not Started,,2023-03-01T05:00:00+00:00,,DPP-2019,South,GIA,NRIS,0.0,0.0,0.0,0.0,
J1149,,,Yellow Medicine County,MN,Hazel Creek 230 kV Substation,NORTHERN STATES POWER COMPANY,Solar,200.0,200.0,200.0,2018-03-12T04:00:00+00:00,Withdrawn,,2020-03-25T04:00:00+00:00,,,Photovoltaic,Not Started,,2021-11-15T05:00:00+00:00,,DPP-2018-APR,West,GIA,NRIS,0.0,0.0,0.0,0.0,
J1170,,,Cass County,ND,Bison 345 kV Substation,NORTHERN STATES POWER COMPANY,Solar,200.0,200.0,200.0,2018-03-12T04:00:00+00:00,Withdrawn,,2020-03-25T04:00:00+00:00,,,Photovoltaic,Not Started,,2021-08-01T04:00:00+00:00,,DPP-2018-APR,West,GIA,NRIS,0.0,0.0,0.0,0.0,
J1284,,,Linn County,IA,Duane Arnold - Tiffin (MEC) 345 kV Line Tap,ITC MIDWEST,Solar,250.0,250.0,250.0,2019-04-29T04:00:00+00:00,Withdrawn,,2021-03-24T04:00:00+00:00,,,Photovoltaic,Not Started,,2023-10-30T04:00:00+00:00,,DPP-2019,West,GIA,NRIS,0.0,0.0,0.0,0.0,
J1274,,,Posey County,IN,Point 69kV Substation,"Southern Indiana Gas & Electric Company d/b/a Vectren Energy Delivery of Indiana, Inc.",Hybrid,100.0,100.0,100.0,2019-04-29T04:00:00+00:00,Withdrawn,,2021-08-05T04:00:00+00:00,,,Solar/Battery,Not Started,,2022-07-01T04:00:00+00:00,,DPP-2019,Central,GIA,NRIS,0.0,0.0,0.0,0.0,
J1197,,,LaSalle County,IL,Corbin 138kV Substation,AMEREN ILLINOIS,Battery Storage,75.0,75.0,75.0,2019-04-25T04:00:00+00:00,Withdrawn,,2021-08-05T04:00:00+00:00,,,Battery Storage,Not Started,,2021-06-15T04:00:00+00:00,,DPP-2019,Central,GIA,NRIS,0.0,0.0,0.0,0.0,
J1242,,,Hancock County,IL,Hamilton Line 796 Tap to Audrian 69kV Line,AMEREN ILLINOIS,Solar,25.0,25.0,25.0,2019-04-29T04:00:00+00:00,Withdrawn,,2021-08-05T04:00:00+00:00,,,Photovoltaic,Not Started,,2022-05-15T04:00:00+00:00,,DPP-2019,Central,GIA,E-NRIS,0.0,0.0,0.0,0.0,
J1193,,,Morton County,ND,Heskitt 115 kV Switchyard,MONTANA-DAKOTA UTILITIES CO.MDU,Gas,103.1,103.1,103.1,2019-04-22T04:00:00+00:00,Withdrawn,,2020-04-28T04:00:00+00:00,,,Combustion Turbine (Simple Cycle),Not Started,,2023-10-01T04:00:00+00:00,,DPP-2019,West,GIA,NRIS,0.0,0.0,0.0,0.0,
J1194,,,"Midland County,Saginaw County",MI,Murphy 138 kV Substation,METC,Wind,225.2,225.2,225.2,2019-04-24T04:00:00+00:00,Done,2021-11-01T04:00:00+00:00,,,,Wind Turbine,In Service (with Provisional GIA),,2021-10-01T04:00:00+00:00,2020-08-04T04:00:00+00:00,DPP-2019,East (ITC),GIA,NRIS,225.2,225.2,225.2,225.2,
J1286,,,Evangeline Parish,LA,Manuel 138 kV Substation,CLECO POWER LLC,Solar,150.0,150.0,150.0,2019-04-29T04:00:00+00:00,Done,2025-04-01T04:00:00+00:00,,,,Photovoltaic,Under Construction,2021-11-29T05:00:00+00:00,2022-10-30T04:00:00+00:00,2021-11-29T05:00:00+00:00,DPP-2019,South,GIA,ERIS,125.0,125.0,125.0,0.0,
J1287,,,Tunica County,MS,Tunica - Crenshaw 115kV Line,"ENTERGY MISSISSIPPI, LLC EMMP",Solar,50.0,50.0,50.0,2019-04-29T04:00:00+00:00,Withdrawn,,2020-08-05T04:00:00+00:00,,,Photovoltaic,Not Started,,2022-07-01T04:00:00+00:00,,DPP-2019,South,GIA,NRIS,0.0,0.0,0.0,0.0,
J1196,,,Sanilac County,MI,Greenwood - Rapson (Banner) 345 kV Line Tap,ITC MIDWEST,Solar,200.0,200.0,200.0,2019-04-25T04:00:00+00:00,Done,2025-08-09T04:00:00+00:00,,,,Photovoltaic,Not Started,2022-10-31T04:00:00+00:00,2022-08-29T04:00:00+00:00,2022-10-31T04:00:00+00:00,DPP-2019,East (ITC),GIA,NRIS,200.0,200.0,200.0,200.0,
J1240,,,Audrain County,MO,Spencer Creek 345kV Substation,AMEREN MISSOURI,Solar,135.0,135.0,135.0,2019-04-29T04:00:00+00:00,Withdrawn,,2019-11-01T04:00:00+00:00,,,Photovoltaic,Not Started,,2022-09-01T04:00:00+00:00,,DPP-2019,Central,GIA,NRIS,0.0,0.0,0.0,0.0,
J1245,,,Arkansas County,AR,Stuttgart Ricuskey - Woodward 230 kV,"ENTERGY ARKANSAS, LLC EATO",Battery Storage,50.0,50.0,50.0,2019-04-29T04:00:00+00:00,Withdrawn,,2020-08-04T04:00:00+00:00,,,Battery Storage,Not Started,,2022-10-30T04:00:00+00:00,,DPP-2019,South,GIA,NRIS,0.0,0.0,0.0,0.0,
J1278,,,Polk County,TX,Corrigan Bulk - Staley 138kV Line,"ENTERGY TEXAS, INC. ETTO",Solar,100.0,100.0,100.0,2019-04-29T04:00:00+00:00,Withdrawn,,2020-08-05T04:00:00+00:00,,,Photovoltaic,Not Started,,2022-03-01T05:00:00+00:00,,DPP-2019,South,GIA,NRIS,0.0,0.0,0.0,0.0,
J1241,,,Jefferson County,IL,West Mt Vernon - Xenia 345kV Line,AMEREN ILLINOIS,Solar,200.0,200.0,200.0,2019-04-29T04:00:00+00:00,Done,2024-12-10T05:00:00+00:00,,,,Photovoltaic,Not Started,,2022-09-01T04:00:00+00:00,2023-03-30T04:00:00+00:00,DPP-2019,Central,GIA,NRIS,165.0,165.0,165.0,165.0,
J1243,,,McDonough County,IL,Macomb West #2 - Blandlnsville Tap 69kV Line,AMEREN ILLINOIS,Solar,25.0,25.0,25.0,2019-04-29T04:00:00+00:00,Withdrawn,,2021-08-05T04:00:00+00:00,,,Photovoltaic,Not Started,,2022-05-15T04:00:00+00:00,,DPP-2019,Central,GIA,E-NRIS,0.0,0.0,0.0,0.0,
J1273,,,"Marshall County,Starke County",IN,Burr Oak - East Winnamac 138 kV Line Tap,NORTHERN INDIANA PUBLIC SERVICE COMPANY LLC NIP,Solar,100.0,100.0,100.0,2019-04-29T04:00:00+00:00,Withdrawn,,2019-11-05T05:00:00+00:00,,,Photovoltaic,Not Started,,2023-09-29T04:00:00+00:00,,DPP-2019,Central,GIA,NRIS,0.0,0.0,0.0,0.0,
J1244,,,Houghton County,MI,Winona - Toivola - Portage Tap - Atlantic Mine 69kV Line,American Transmission Co. LLC,Wind,38.4,38.4,38.4,2019-04-29T04:00:00+00:00,Withdrawn,,2022-03-08T05:00:00+00:00,,,Wind Turbine,Not Started,,2021-09-15T04:00:00+00:00,,DPP-2019,East (ATC),GIA,NRIS,38.4,38.4,0.0,0.0,
J1246,,,Iberville Parish,LA,Bayou Labutte 500kV Substation,"ENTERGY LOUISIANA, LLC",Gas,725.2,725.2,725.2,2019-04-29T04:00:00+00:00,Done,2025-09-20T04:00:00+00:00,,,,Combined Cycle,Not Started,2022-04-06T04:00:00+00:00,2023-10-31T04:00:00+00:00,2022-04-06T04:00:00+00:00,DPP-2019,South,GIA,NRIS,705.0,705.0,705.2,705.2,
J1276,,,Posey County,IN,Point 69kV Substation,"Southern Indiana Gas & Electric Company d/b/a Vectren Energy Delivery of Indiana, Inc.",Hybrid,100.0,100.0,100.0,2019-04-29T04:00:00+00:00,Withdrawn,,2023-03-07T05:00:00+00:00,,,Solar/Battery,Not Started,,2022-07-01T04:00:00+00:00,2023-01-30T05:00:00+00:00,DPP-2019,Central,GIA,ERIS,100.0,47.1,100.0,0.0,
J1247,,,"St. Mary,St. Mary Parish",LA,Ivanhoe 138kV Substation,CLECO POWER LLC,Waste Heat Recovery,16.98,16.98,16.98,2019-04-29T04:00:00+00:00,Done,2021-10-31T04:00:00+00:00,,,,Co-gen,Under Construction,2022-05-31T04:00:00+00:00,2020-08-01T04:00:00+00:00,2020-03-11T04:00:00+00:00,DPP-2019,South,GIA,ERIS,30.98,0.0,30.98,0.0,
J1256,,,Washtenaw County,MI,Dorset 120 kV Substation,ITC MIDWEST,Solar,150.0,150.0,150.0,2019-04-29T04:00:00+00:00,Withdrawn,,2020-05-06T04:00:00+00:00,,,Photovoltaic,Not Started,,2022-10-30T04:00:00+00:00,,DPP-2019,East (ITC),GIA,NRIS,0.0,0.0,0.0,0.0,
J1251,,,Marquette County,MI,Arnold - Perkins 138 kV Line Tap,American Transmission Co. LLC,Solar,100.0,100.0,100.0,2019-04-29T04:00:00+00:00,Done,2025-06-12T04:00:00+00:00,,,,Photovoltaic,Under Construction,2022-09-08T04:00:00+00:00,2022-10-30T04:00:00+00:00,2022-09-09T04:00:00+00:00,DPP-2019,East (ATC),GIA,NRIS,100.0,100.0,100.0,80.0,
J1291,,,Catahoula Parish,LA,Standard - Red Gum 115 kV Line Tap,"ENTERGY LOUISIANA, LLC ELTO",Solar,100.0,100.0,100.0,2019-04-29T04:00:00+00:00,Withdrawn,,2020-01-14T05:00:00+00:00,,,Photovoltaic,Not Started,,2022-10-30T04:00:00+00:00,,DPP-2019,South,GIA,NRIS,0.0,0.0,0.0,0.0,
J1281,,,Ashley County,AR,Crossett - Monticello East 115kV Line,"ENTERGY ARKANSAS, LLC",Solar,75.0,75.0,75.0,2019-04-29T04:00:00+00:00,Done,2024-10-31T04:00:00+00:00,,,,Photovoltaic,Not Started,,2022-03-01T05:00:00+00:00,2022-01-28T05:00:00+00:00,DPP-2019,South,GIA,NRIS,75.0,75.0,75.0,75.0,
J1282,,,Beauregard Parish,LA,Cooper - Penton Road 230kV Line,CLECO POWER LLC CLEC,Solar,200.0,200.0,200.0,2019-04-29T04:00:00+00:00,Withdrawn,,2021-03-18T04:00:00+00:00,,,Photovoltaic,Not Started,,2022-03-01T05:00:00+00:00,,DPP-2019,South,GIA,NRIS,200.0,200.0,0.0,0.0,
J1095,,,DeSoto County,MS,Twinkletown 230kV Substation,"ENTERGY MISSISSIPPI, LLC EMMP",Solar,300.0,300.0,300.0,2018-03-12T04:00:00+00:00,Withdrawn,,2019-08-29T04:00:00+00:00,,,Photovoltaic,Not Started,,2021-09-15T04:00:00+00:00,,DPP-2018-APR,South,GIA,NRIS,0.0,0.0,0.0,0.0,
J1077,,,Cass County,MI,Argenta - Weeds Lake - Hiple 345kV Line Tap,METC,Wind,250.0,250.0,250.0,2018-03-12T04:00:00+00:00,Withdrawn,,2018-11-01T04:00:00+00:00,,,Wind Turbine,Not Started,,2020-09-01T04:00:00+00:00,,DPP-2018-APR,East (ITC),GIA,NRIS,0.0,0.0,0.0,0.0,
J1120,,,Jefferson County,TX,Big Hill CO - Bayou Farms CO 138 kV Line Tap,"ENTERGY TEXAS, INC. ETTO",Wind,145.0,145.0,145.0,2018-03-12T04:00:00+00:00,Withdrawn,,2019-08-23T04:00:00+00:00,,,Wind Turbine,Not Started,,2021-09-01T04:00:00+00:00,,DPP-2018-APR,South,GIA,NRIS,0.0,0.0,0.0,0.0,
J1122,,,Pottawattamie County,IA,Council Bluffs - Fallow Avenue 345 kV Line Tap,MIDAMERICAN ENERGY COMPANY,Wind,200.0,200.0,200.0,2018-03-12T04:00:00+00:00,Withdrawn,,2021-03-09T05:00:00+00:00,,,Wind Turbine,Not Started,,2022-09-01T04:00:00+00:00,,DPP-2018-APR,West,GIA,NRIS,200.0,200.0,0.0,0.0,
J1140,,,Benton County,MN,Platte River 115 kV Substation,MINNESOTA POWER,Solar,80.0,80.0,80.0,2018-03-12T04:00:00+00:00,Withdrawn,,2021-03-09T05:00:00+00:00,,,Photovoltaic,Not Started,,2020-08-01T04:00:00+00:00,,DPP-2018-APR,West,GIA,NRIS,80.0,80.0,0.0,0.0,
J1141,,,Manistee County,MI,Filer - BoxbdJ - Stronach 138kV Line Tap,METC,Gas,17.0,17.0,17.0,2018-03-12T04:00:00+00:00,Withdrawn,,2018-09-07T04:00:00+00:00,,,Combined Cycle,Not Started,,2019-10-01T04:00:00+00:00,,DPP-2018-APR,East (ITC),GIA,NRIS,0.0,0.0,0.0,0.0,
J1262,,,Wayne County,MI,Waterman 120kV Substation,ITC MIDWEST,Gas,25.0,25.0,25.0,2019-04-29T04:00:00+00:00,Done,2022-06-01T04:00:00+00:00,,,,Combined Cycle,Not Started,2022-08-17T04:00:00+00:00,2019-06-01T04:00:00+00:00,2022-08-17T04:00:00+00:00,DPP-2019,East (ITC),GIA,ERIS,25.0,0.0,25.0,0.0,
J1325,,,Rock County,MN,Magnolia 161 kV substation,ITC MIDWEST,Solar,200.0,200.0,200.0,2019-04-29T04:00:00+00:00,Done,2025-06-30T04:00:00+00:00,,,,Photovoltaic,Under Construction,2022-08-23T04:00:00+00:00,2022-06-30T04:00:00+00:00,2022-08-23T04:00:00+00:00,DPP-2019,West,GIA,NRIS,80.0,80.0,80.0,72.0,
J1314,,,Polk County,WI,Apple River 161 kV Substation,DAIRYLAND POWER COOPERATIVE,Solar,100.0,100.0,100.0,2019-04-29T04:00:00+00:00,Done,2025-06-30T04:00:00+00:00,,,,Photovoltaic,Under Construction,2022-08-26T04:00:00+00:00,2022-06-30T04:00:00+00:00,2022-08-26T04:00:00+00:00,DPP-2019,West,GIA,NRIS,100.0,100.0,100.0,100.0,
J1328,,,Grant County,SD,Big Stone South 345kV Sub,OTTER TAIL POWER COMPANY OTPW,Solar,100.0,100.0,100.0,2019-04-29T04:00:00+00:00,Withdrawn,,2022-02-22T05:00:00+00:00,,,Photovoltaic,Not Started,,2022-04-20T04:00:00+00:00,,DPP-2019,West,GIA,NRIS,100.0,100.0,0.0,0.0,
J1144,,,"Covington County,Lamar County",MS,Moselle - Columbia 161kV Line Tap,COOPERATIVE ENERGY,Solar,96.0,96.0,96.0,2018-03-12T04:00:00+00:00,Done,2022-06-01T04:00:00+00:00,,,,Photovoltaic,Under Construction,2020-09-10T04:00:00+00:00,2021-09-01T04:00:00+00:00,2020-03-30T04:00:00+00:00,DPP-2018-APR,South,GIA,NRIS,96.0,96.0,96.0,96.0,
J1103,,,Tuscola County,MI,Bauer - (Kirk) - Ringle 345kV Line Tap,ITC MIDWEST,Battery Storage,20.0,20.0,20.0,2018-03-12T04:00:00+00:00,Withdrawn,,2020-06-30T04:00:00+00:00,,,Battery Storage,Not Started,,2021-09-01T04:00:00+00:00,,DPP-2018-APR,East (ITC),GIA,NRIS,20.0,20.0,0.0,0.0,
J1108,,,Douglas County,MN,Alexandria 345 kV Substation,MISSOURI RIVER ENERGY SERVICES,Solar,150.0,150.0,150.0,2018-03-12T04:00:00+00:00,Withdrawn,,2020-03-25T04:00:00+00:00,,,Photovoltaic,Not Started,,2021-06-13T04:00:00+00:00,,DPP-2018-APR,West,GIA,NRIS,0.0,0.0,0.0,0.0,
J1109,,,Cass County,ND,Bison 345kV Substation,NORTHERN STATES POWER COMPANY,Wind,207.0,207.0,207.0,2018-03-12T04:00:00+00:00,Withdrawn,,2020-03-25T04:00:00+00:00,,,Wind Turbine,Not Started,,2021-08-01T04:00:00+00:00,,DPP-2018-APR,West,GIA,NRIS,0.0,0.0,0.0,0.0,
J1171,,,Dodge County,WI,Butternut 138 kV Substation,American Transmission Co. LLC,Solar,100.0,100.0,100.0,2018-03-12T04:00:00+00:00,Done,2023-01-26T05:00:00+00:00,,,,Photovoltaic,Under Construction,2021-05-19T04:00:00+00:00,2021-08-01T04:00:00+00:00,2021-05-19T04:00:00+00:00,DPP-2018-APR,East (ATC),GIA,NRIS,100.0,100.0,100.0,100.0,
J1173,,,Lenawee County,MI,Raisin - METC Tap 138kV Line Tap,CONSUMERS ENERGY COMPANY EDC,Solar,80.0,80.0,80.0,2018-03-12T04:00:00+00:00,Withdrawn,,2020-06-30T04:00:00+00:00,,,Photovoltaic,Not Started,,2019-12-01T05:00:00+00:00,,DPP-2018-APR,East (ITC),GIA,NRIS,80.0,80.0,0.0,0.0,
J1199,,,Fulton County,IL,Duck Creek 345kV Substation,AMEREN ILLINOIS,Hybrid,20.0,20.0,20.0,2019-04-25T04:00:00+00:00,Done,2023-06-01T04:00:00+00:00,,,,Solar/Battery,Not Started,,2021-06-15T04:00:00+00:00,2022-04-22T04:00:00+00:00,DPP-2019,Central,GIA,NRIS,20.0,20.0,20.0,20.0,
J1285,,,Linn County,IA,Duane Arnold - Tiffin (MEC) 345 kV Line Tap,ITC MIDWEST,Battery Storage,50.0,50.0,50.0,2019-04-29T04:00:00+00:00,Withdrawn,,2021-03-24T04:00:00+00:00,,,Battery Storage,Not Started,,2023-10-30T04:00:00+00:00,,DPP-2019,West,GIA,NRIS,0.0,0.0,0.0,0.0,
J1277,,,Liberty County,TX,Pintail 138 kV Substation,"ENTERGY TEXAS, INC. ETTO",Solar,130.0,130.0,130.0,2019-04-29T04:00:00+00:00,Withdrawn,,2020-08-04T04:00:00+00:00,,,Photovoltaic,Not Started,,2022-10-30T04:00:00+00:00,,DPP-2019,South,GIA,NRIS,0.0,0.0,0.0,0.0,
J1248,,,Calhoun County,MI,Marshall - Black Stone 138 kV line,METC,Solar,100.0,100.0,100.0,2019-04-29T04:00:00+00:00,Done,2025-09-01T04:00:00+00:00,,,,Photovoltaic,Not Started,2022-08-17T04:00:00+00:00,2021-08-01T04:00:00+00:00,2022-08-17T04:00:00+00:00,DPP-2019,East (ITC),GIA,NRIS,100.0,100.0,100.0,100.0,
J1255,,,Ionia County,MI,Marquette - Vergennes 138 kV Line Tap,METC,Solar,200.0,200.0,200.0,2019-04-29T04:00:00+00:00,Done,2025-10-30T04:00:00+00:00,,,,Photovoltaic,Under Construction,2022-10-31T04:00:00+00:00,2022-10-30T04:00:00+00:00,2022-10-31T04:00:00+00:00,DPP-2019,East (ITC),GIA,NRIS,100.0,100.0,100.0,100.0,
J1249,,,Lamar County,MS,Morrow 161 kV Substation,COOPERATIVE ENERGY,Gas,600.0,600.0,600.0,2019-04-29T04:00:00+00:00,Done,2022-07-24T04:00:00+00:00,,,,Combined Cycle,In Service,2022-01-20T05:00:00+00:00,2022-03-01T05:00:00+00:00,2022-01-21T05:00:00+00:00,DPP-2019,South,GIA,NRIS,600.0,600.0,600.0,600.0,
J1258,,,Lonoke County,AR,KEO EHV 500 kV Substation,"ENTERGY ARKANSAS, LLC",Solar,50.0,50.0,50.0,2019-04-29T04:00:00+00:00,Done,2024-10-15T04:00:00+00:00,,,,Photovoltaic,Not Started,2021-11-29T05:00:00+00:00,2023-10-30T04:00:00+00:00,,DPP-2019,South,GIA,NRIS,50.0,50.0,50.0,50.0,
J1292,,,Ionia County,MI,Thompson Road 138kV Substation,METC,Wind,198.0,198.0,198.0,2019-04-29T04:00:00+00:00,Done,2024-09-01T04:00:00+00:00,,,,Wind Turbine,Not Started,2022-08-17T04:00:00+00:00,2021-05-01T04:00:00+00:00,2022-08-17T04:00:00+00:00,DPP-2019,East (ITC),GIA,ERIS,198.0,198.0,198.0,0.0,
J1323,,,LaGrange County,IN,Lagrange 138 kV Substation,NORTHERN INDIANA PUBLIC SERVICE COMPANY LLC,Battery Storage,25.0,25.0,25.0,2019-04-29T04:00:00+00:00,Done,2025-06-01T04:00:00+00:00,,,,Battery Storage,Not Started,,2023-10-30T04:00:00+00:00,2023-01-30T05:00:00+00:00,DPP-2019,Central,GIA,NRIS,25.0,25.0,25.0,25.0,
J1316,,,Kenosha County,WI,Paris 138 kV Substation,American Transmission Co. LLC,Battery Storage,50.0,50.0,50.0,2019-04-29T04:00:00+00:00,Done,2025-10-30T04:00:00+00:00,,,,Battery Storage,Not Started,,2022-10-30T04:00:00+00:00,2022-11-14T05:00:00+00:00,DPP-2019,East (ATC),GIA,NRIS,50.0,50.0,50.0,50.0,
J1290,,,Evangeline Parish,LA,Manuel 138 kV Substation,CLECO POWER LLC CLEC,Battery Storage,25.0,25.0,25.0,2019-04-29T04:00:00+00:00,Withdrawn,,2020-08-04T04:00:00+00:00,,,Battery Storage,Not Started,,2022-10-30T04:00:00+00:00,,DPP-2019,South,GIA,NRIS,0.0,0.0,0.0,0.0,
J1252,,,Marquette County,MI,Arnold - Perkins 138 kV Line Tap,American Transmission Co. LLC,Battery Storage,20.0,20.0,20.0,2019-04-29T04:00:00+00:00,Withdrawn,,2021-02-08T05:00:00+00:00,,,Battery Storage,Not Started,,2022-10-30T04:00:00+00:00,,DPP-2019,East (ATC),GIA,NRIS,0.0,0.0,0.0,0.0,
J1288,,,Vermillion County,IN,Cayuga - Sugar Creek 345kVLine,"DUKE ENERGY INDIANA, LLC CIN",Gas,667.2,606.7,667.2,2019-04-29T04:00:00+00:00,Withdrawn,,2020-04-16T04:00:00+00:00,,,Combined Cycle,Not Started,,2023-08-01T04:00:00+00:00,,DPP-2019,Central,GIA,NRIS,0.0,0.0,0.0,0.0,
J1275,,,Henderson County,KY,Henderson 161 kV Substation,BIG RIVERS ELECTRIC CORPORATION BRPS,Solar,100.0,100.0,100.0,2019-04-29T04:00:00+00:00,Withdrawn,,2021-08-05T04:00:00+00:00,,,Photovoltaic,Not Started,,2023-10-30T04:00:00+00:00,,DPP-2019,Central,GIA,NRIS,0.0,0.0,0.0,0.0,
J1346,,,Wayne County,MI,Brownstown 345kV Substation,ITC MIDWEST,Gas,382.0,334.0,382.0,2019-04-29T04:00:00+00:00,Withdrawn,,2020-05-29T04:00:00+00:00,,,Combustion Turbine (Simple Cycle),Not Started,,2022-01-01T05:00:00+00:00,,DPP-2019,East (ITC),GIA,NRIS,0.0,0.0,0.0,0.0,
J1367,,,"St. Mary,St. Mary Parish",LA,Caneland 230kV Substation,CLECO POWER LLC,Solar,95.0,95.0,95.0,2019-04-29T04:00:00+00:00,Done,2022-09-19T04:00:00+00:00,,,,Photovoltaic,Under Construction,2022-04-15T04:00:00+00:00,2021-07-01T04:00:00+00:00,2022-04-15T04:00:00+00:00,DPP-2019,South,GIA,NRIS,95.0,95.0,95.0,48.65,
J1260,,,Desha County,AR,Dumas - Reed 115kV Line,"ENTERGY ARKANSAS, LLC EATO",Solar,164.0,164.0,164.0,2019-04-29T04:00:00+00:00,Withdrawn,,2020-08-05T04:00:00+00:00,,,Photovoltaic,Not Started,,2021-10-01T04:00:00+00:00,,DPP-2019,South,GIA,NRIS,0.0,0.0,0.0,0.0,
J1313,,,Greene County,IA,161kV bus at Karma substation,ITC MIDWEST,Solar,100.0,100.0,100.0,2019-04-29T04:00:00+00:00,Done,2025-06-30T04:00:00+00:00,,,,Photovoltaic,Not Started,2023-01-26T05:00:00+00:00,2022-06-30T04:00:00+00:00,2023-01-26T05:00:00+00:00,DPP-2019,West,GIA,NRIS,100.0,100.0,100.0,100.0,
J1350,,,Monroe County,MI,Milan – Monroe – Morocco 345 kV Point,METC,Solar,150.0,150.0,150.0,2019-04-29T04:00:00+00:00,Withdrawn,2025-04-20T04:00:00+00:00,2023-04-07T04:00:00+00:00,,,Photovoltaic,Withdrawn,2022-10-31T04:00:00+00:00,2022-04-20T04:00:00+00:00,2022-10-31T04:00:00+00:00,DPP-2019,East (ITC),GIA,NRIS,150.0,150.0,150.0,150.0,
J1370,,,Chippewa County,MI,9 Mile SW STA - Dafter 69kV Line,American Transmission Co. LLC,Gas,50.0,50.0,50.0,2019-04-29T04:00:00+00:00,Withdrawn,,2022-03-08T05:00:00+00:00,,,Combustion Turbine (Simple Cycle),Not Started,,2021-03-01T05:00:00+00:00,,DPP-2019,East (ATC),GIA,NRIS,50.0,50.0,0.0,0.0,
J1324,,,Montgomery County,IL,Midway 138kV Substation,AMEREN ILLINOIS,Solar,150.0,150.0,150.0,2019-04-29T04:00:00+00:00,Withdrawn,,2020-05-11T04:00:00+00:00,,,Photovoltaic,Not Started,,2022-04-20T04:00:00+00:00,,,,,NRIS,0.0,0.0,0.0,0.0,
J1326,,,Dane County,WI,Rockdale 345 kV Substation,American Transmission Co. LLC,Battery Storage,75.0,75.0,75.0,2019-04-29T04:00:00+00:00,Done,2025-06-01T04:00:00+00:00,,,,Battery Storage,Not Started,,2022-10-30T04:00:00+00:00,2022-11-14T05:00:00+00:00,DPP-2019,East (ATC),GIA,NRIS,75.0,75.0,75.0,75.0,
J1318,,,Rush County,IN,Rushville 69kV Substation,"DUKE ENERGY INDIANA, LLC CIN",Solar,25.0,25.0,25.0,2019-04-29T04:00:00+00:00,Withdrawn,,2021-08-05T04:00:00+00:00,,,Photovoltaic,Not Started,,2022-07-01T04:00:00+00:00,,DPP-2019,Central,GIA,NRIS,0.0,0.0,0.0,0.0,
J1333,,,"Jasper County,Starke County",IN,Schahfer - Burr Oak 345kV Line,NORTHERN INDIANA PUBLIC SERVICE COMPANY LLC,Hybrid,199.5,199.5,199.5,2019-04-29T04:00:00+00:00,Done,2024-06-15T04:00:00+00:00,,,,Solar/Battery,In Service,,2022-07-01T04:00:00+00:00,2022-07-27T04:00:00+00:00,DPP-2019,Central,GIA,NRIS,199.5,199.5,199.5,199.5,
J1322,,,Eaton County,MI,Battle Creek - Oneida 345kV Tap,METC,Solar,200.0,200.0,200.0,2019-04-29T04:00:00+00:00,Withdrawn,,2021-01-26T05:00:00+00:00,,,Photovoltaic,Not Started,,2022-04-20T04:00:00+00:00,,DPP-2019,East (ITC),GIA,NRIS,0.0,0.0,0.0,0.0,
J1366,,,Eau Claire County,WI,Tremval - Seven Mile 161 kV Line Tap,NORTHERN STATES POWER COMPANY,Wind,200.0,200.0,200.0,2019-04-29T04:00:00+00:00,Withdrawn,,2020-04-02T04:00:00+00:00,,,Wind Turbine,Not Started,,2022-09-01T04:00:00+00:00,,DPP-2019,West,GIA,NRIS,0.0,0.0,0.0,0.0,
J1368,,,"Pointe Coupee,Pointe Coupee Parish",LA,Fancy Point - Waterloo 230 kV Line,"ENTERGY LOUISIANA, LLC",Solar,200.0,200.0,200.0,2019-04-29T04:00:00+00:00,Done,2023-06-01T04:00:00+00:00,,,,Photovoltaic,In Service,2021-11-30T05:00:00+00:00,2022-07-01T04:00:00+00:00,2021-04-28T04:00:00+00:00,DPP-2019,South,GIA,NRIS,200.0,130.0,200.0,40.0,
J1349,,,Cottonwood County,MN,Crandall 345 kV Substation,NORTHERN STATES POWER COMPANY,Hybrid,335.0,335.0,335.0,2019-04-29T04:00:00+00:00,Withdrawn,,2022-02-22T05:00:00+00:00,,,Solar/Wind,Not Started,,2023-04-20T04:00:00+00:00,,DPP-2019,West,GIA,NRIS,335.0,335.0,0.0,0.0,
J1253,,,Fond du Lac County,WI,South Fond Du Lac to Fitzgerald 345 kV line,American Transmission Co. LLC,Solar,100.0,100.0,100.0,2019-04-29T04:00:00+00:00,Withdrawn,2024-08-01T04:00:00+00:00,2024-10-18T04:00:00+00:00,,,Photovoltaic,Withdrawn,,2021-08-01T04:00:00+00:00,2022-11-14T05:00:00+00:00,DPP-2019,East (ATC),GIA,NRIS,100.0,100.0,100.0,100.0,
J1254,,,Knox County,IN,Merom - Gibson - Wheatland 345kV Line,"DUKE ENERGY INDIANA, LLC CIN",Solar,150.0,150.0,150.0,2019-04-29T04:00:00+00:00,Withdrawn,,2021-08-05T04:00:00+00:00,,,Photovoltaic,Not Started,,2023-10-31T04:00:00+00:00,,DPP-2019,Central,GIA,NRIS,0.0,0.0,0.0,0.0,
J1289,,,Morgan County,IL,Turner - Austin 345kV Line,AMEREN ILLINOIS,Wind,200.0,200.0,200.0,2019-04-29T04:00:00+00:00,Done,2024-11-01T04:00:00+00:00,,,,Wind Turbine,In Service,,2022-04-20T04:00:00+00:00,2022-11-14T05:00:00+00:00,DPP-2019,Central,GIA,NRIS,200.0,200.0,200.0,200.0,
J1279,,,Hardin County,TX,Rye - Cypress 138kV Line,"ENTERGY TEXAS, INC. ETTO",Solar,100.0,100.0,100.0,2019-04-29T04:00:00+00:00,Withdrawn,,2021-03-18T04:00:00+00:00,,,Photovoltaic,Not Started,,2022-03-01T05:00:00+00:00,,DPP-2019,South,GIA,NRIS,100.0,100.0,0.0,0.0,
J1351,,,Madison Parish,LA,Tallulah - Delhi 115kV Line Tap,"ENTERGY LOUISIANA, LLC ELTO",Solar,120.0,120.0,120.0,2019-04-29T04:00:00+00:00,Withdrawn,,2020-08-05T04:00:00+00:00,,,Photovoltaic,Not Started,,2022-08-01T04:00:00+00:00,,DPP-2019,South,GIA,NRIS,0.0,0.0,0.0,0.0,
J1372,,,"Pointe Coupee,Pointe Coupee Parish",LA,Fancy Point - Waterloo 230 kV Line (J1368 POI),"ENTERGY LOUISIANA, LLC",Solar,100.0,100.0,100.0,2019-04-29T04:00:00+00:00,Done,2023-06-01T04:00:00+00:00,,,,Photovoltaic,In Service,2021-11-30T05:00:00+00:00,2022-07-01T04:00:00+00:00,2021-04-28T04:00:00+00:00,DPP-2019,South,GIA,NRIS,100.0,65.0,100.0,20.0,
J1250,,,Clay County,AR,Datto-Corning North 161 kV line,"ENTERGY ARKANSAS, LLC EATO",Battery Storage,35.0,35.0,35.0,2019-04-29T04:00:00+00:00,Withdrawn,,2020-08-04T04:00:00+00:00,,,Battery Storage,Not Started,,2022-10-30T04:00:00+00:00,,DPP-2019,South,GIA,NRIS,0.0,0.0,0.0,0.0,
J1257,,,Tangipahoa Parish,LA,Chicken Farm - Amite 115 kV Line,"ENTERGY LOUISIANA, LLC",Battery Storage,20.0,20.0,20.0,2019-04-29T04:00:00+00:00,Done,2024-09-24T04:00:00+00:00,,,,Battery Storage,Under Construction,2021-11-30T05:00:00+00:00,2022-10-30T04:00:00+00:00,2021-11-30T05:00:00+00:00,DPP-2019,South,GIA,NRIS,20.0,20.0,20.0,20.0,
J1280,,,Monroe County,AR,Brinkley East - Clarendon 115kV Line,"ENTERGY ARKANSAS, LLC EATO",Solar,100.0,100.0,100.0,2019-04-29T04:00:00+00:00,Withdrawn,,2020-08-05T04:00:00+00:00,,,Photovoltaic,Not Started,,2022-03-01T05:00:00+00:00,,DPP-2019,South,GIA,NRIS,0.0,0.0,0.0,0.0,
J1259,,,Pike County,MS,Colonial Pipeline - Kentwood 115 kV Line,"ENTERGY MISSISSIPPI, LLC EMMP",Battery Storage,50.0,50.0,50.0,2019-04-29T04:00:00+00:00,Withdrawn,,2020-08-04T04:00:00+00:00,,,Battery Storage,Not Started,,2022-10-30T04:00:00+00:00,,DPP-2019,South,GIA,NRIS,0.0,0.0,0.0,0.0,
J1261,,,Monroe County,AR,Clarendon - Brinkley East 115kV Line,"ENTERGY ARKANSAS, LLC EATO",Solar,90.0,90.0,90.0,2019-04-29T04:00:00+00:00,Withdrawn,,2020-08-05T04:00:00+00:00,,,Photovoltaic,Not Started,,2021-10-01T04:00:00+00:00,,DPP-2019,South,GIA,NRIS,0.0,0.0,0.0,0.0,
J1315,,,"Cottonwood County,Murray County,Redwood County",MN,Lyon County - Cedar Mountain 345 kV Line Tap,NORTHERN STATES POWER COMPANY,Wind,600.0,600.0,600.0,2019-04-29T04:00:00+00:00,Withdrawn,,2022-09-01T04:00:00+00:00,,,Wind Turbine,Not Started,,2022-06-30T04:00:00+00:00,,DPP-2019,West,GIA,NRIS,600.0,600.0,600.0,0.0,
J1369,,,Dubois County,IN,Dubois - Culley 138kV line,"Southern Indiana Gas & Electric Company d/b/a Vectren Energy Delivery of Indiana, Inc.",Solar,100.0,100.0,100.0,2019-04-29T04:00:00+00:00,Done,2025-07-01T04:00:00+00:00,,,,Photovoltaic,Not Started,,2022-07-01T04:00:00+00:00,2023-01-30T05:00:00+00:00,DPP-2019,Central,GIA,NRIS,100.0,100.0,100.0,85.0,
J1352,,,Montgomery County,MO,Spencer Creek - Montgomery 345kV Line,Ameren Missouri,Solar,100.0,100.0,100.0,2019-04-29T04:00:00+00:00,Done,2024-12-01T05:00:00+00:00,,,,Photovoltaic,Not Started,,2022-04-20T04:00:00+00:00,2022-11-14T05:00:00+00:00,DPP-2019,Central,GIA,NRIS,100.0,100.0,100.0,100.0,
J1374,,,Grant County,WI,ATC Ebenezer Sub on Lancaster-Eden 138kv line,American Transmission Co. LLC,Wind,95.0,95.0,95.0,2019-04-29T04:00:00+00:00,Done,2024-08-08T04:00:00+00:00,,,,Wind Turbine,Not Started,2022-09-08T04:00:00+00:00,2021-08-01T04:00:00+00:00,2022-09-09T04:00:00+00:00,DPP-2019,East (ATC),GIA,NRIS,67.2,67.2,67.2,67.2,
J1417,,,Worth County,IA,Ledyard - Colby 345 kV Line Tap,ITC MIDWEST,Battery Storage,75.0,75.0,75.0,2019-04-29T04:00:00+00:00,Withdrawn,,2022-02-21T05:00:00+00:00,,,Battery Storage,Not Started,,2022-10-30T04:00:00+00:00,,DPP-2019,West,GIA,NRIS,75.0,75.0,0.0,0.0,
J1327,,,Ionia County,MI,Marquette - Vergennes 138 kV Line Tap,METC,Battery Storage,20.0,20.0,20.0,2019-04-29T04:00:00+00:00,Withdrawn,,2021-02-08T05:00:00+00:00,,,Battery Storage,Not Started,,2022-10-30T04:00:00+00:00,,DPP-2019,East (ITC),GIA,NRIS,0.0,0.0,0.0,0.0,
J1317,,,Sanilac County,MI,Bennet 120kV Substation,ITC MIDWEST,Wind,150.0,150.0,150.0,2019-04-29T04:00:00+00:00,Withdrawn,,2020-01-03T05:00:00+00:00,,,Wind Turbine,Not Started,,2022-10-01T04:00:00+00:00,,DPP-2019,East (ITC),GIA,NRIS,0.0,0.0,0.0,0.0,
J1329,,,Washtenaw County,MI,Majestic - Milan 345 kV Line Tap,ITC MIDWEST,Battery Storage,20.0,20.0,20.0,2019-04-29T04:00:00+00:00,Done,2025-10-30T04:00:00+00:00,,,,Battery Storage,Under Construction,2022-10-31T04:00:00+00:00,2022-10-30T04:00:00+00:00,2022-10-31T04:00:00+00:00,DPP-2019,East (ITC),GIA,NRIS,20.0,20.0,20.0,20.0,
J1331,,,St. Clair County,MI,Greenwood 120 kV Substation,ITC,Solar,100.0,100.0,100.0,2019-04-29T04:00:00+00:00,Done,2025-02-28T05:00:00+00:00,,,,Photovoltaic,Not Started,2022-08-17T04:00:00+00:00,2022-06-30T04:00:00+00:00,2022-08-17T04:00:00+00:00,DPP-2019,East (ITC),GIA,NRIS,100.0,100.0,100.0,100.0,
J1321,,,Story County,IA,O'Brien - Kossuth 345 kV Line Tap,MIDAMERICAN ENERGY COMPANY,Battery Storage,65.0,65.0,65.0,2019-04-29T04:00:00+00:00,Withdrawn,,2022-02-21T05:00:00+00:00,,,Battery Storage,Not Started,,2023-10-30T04:00:00+00:00,,DPP-2019,West,GIA,NRIS,65.0,65.0,0.0,0.0,
J1344,,,Mills County,IA,Hastings 69 kV Substation,MIDAMERICAN ENERGY COMPANY,Solar,48.0,48.0,48.0,2019-04-29T04:00:00+00:00,Withdrawn,,2020-03-05T05:00:00+00:00,,,Photovoltaic,Not Started,,2022-09-15T04:00:00+00:00,,DPP-2019,West,GIA,NRIS,0.0,0.0,0.0,0.0,
J1345,,,Dodge County,WI,North Beaver Dam 69kV Substation,American Transmission Co. LLC,Battery Storage,25.0,25.0,25.0,2019-04-29T04:00:00+00:00,Withdrawn,,2022-03-08T05:00:00+00:00,,,Battery Storage,Not Started,,2021-10-01T04:00:00+00:00,,DPP-2019,East (ATC),GIA,NRIS,25.0,25.0,0.0,0.0,
J1365,,,Tama County,IA,Traer 161-kV Substation,ITC MIDWEST,Wind,169.4,169.4,169.4,2019-04-29T04:00:00+00:00,Done,2024-09-06T04:00:00+00:00,,,,Wind Turbine,Not Started,,2022-07-01T04:00:00+00:00,2023-01-26T05:00:00+00:00,DPP-2019,West,GIA,NRIS,169.4,169.4,169.4,0.0,
J1319,,,Huron County,MI,Rapson 120kV Substation,ITC MIDWEST,Wind,117.5,117.5,117.5,2019-04-29T04:00:00+00:00,Done,2022-08-01T04:00:00+00:00,,,,Wind Turbine,In Service,,2021-09-30T04:00:00+00:00,2022-02-21T05:00:00+00:00,DPP-2019,East (ITC),GIA,NRIS,117.5,117.5,112.0,112.0,
J1330,,,Randolph County,IL,Baldwin 345kV Substation,AMEREN ILLINOIS,Solar,200.0,200.0,200.0,2019-04-29T04:00:00+00:00,Withdrawn,,2021-08-05T04:00:00+00:00,,,Photovoltaic,Not Started,,2022-04-20T04:00:00+00:00,,DPP-2019,Central,GIA,NRIS,0.0,0.0,0.0,0.0,
J1320,,,Branch County,MI,Coldwater - Batavia 138kV Line,METC,Solar,150.0,150.0,150.0,2019-04-29T04:00:00+00:00,Done,2025-04-20T04:00:00+00:00,,,,Photovoltaic,Not Started,,2019-04-20T04:00:00+00:00,2022-11-15T05:00:00+00:00,DPP-2019,East (ITC),GIA,NRIS,150.0,150.0,150.0,150.0,
J1347,,,Scott County,MS,Pelahatchie - Scott 115 kV Line Tap,"ENTERGY MISSISSIPPI, LLC",Solar,175.0,175.0,175.0,2019-04-26T04:00:00+00:00,Done,2023-06-01T04:00:00+00:00,,,,Photovoltaic,In Service,,2022-08-01T04:00:00+00:00,2021-03-22T04:00:00+00:00,DPP-2019,South,GIA,ERIS,175.0,0.0,175.0,0.0,
J1353,,,Lake County,IN,Green Acres138kV Subtation,NORTHERN INDIANA PUBLIC SERVICE COMPANY LLC NIP,Battery Storage,150.0,150.0,150.0,2019-04-29T04:00:00+00:00,Withdrawn,,2023-09-05T04:00:00+00:00,,,Battery Storage,Not Started,,2023-05-30T04:00:00+00:00,,DPP-2019,Central,GIA,NRIS,150.0,150.0,150.0,150.0,
J1427,,,Benton County,IA,Duane Arnold 345kV Substation,ITC MIDWEST,Wind,400.0,400.0,400.0,2019-04-29T04:00:00+00:00,Withdrawn,,2021-03-24T04:00:00+00:00,,,Wind Turbine,Not Started,,2022-08-01T04:00:00+00:00,,DPP-2019,West,GIA,NRIS,0.0,0.0,0.0,0.0,
J1416,,,Worth County,IA,Worth County - Glenworth 161 kV Line tap,ITC MIDWEST,Solar,149.0,149.0,149.0,2019-04-29T04:00:00+00:00,Withdrawn,,2022-02-21T05:00:00+00:00,,,Photovoltaic,Not Started,,2022-10-30T04:00:00+00:00,,DPP-2019,West,GIA,NRIS,149.0,149.0,0.0,0.0,
J1428,,,Cass County,ND,Buffalo 345kV Substation,OTTER TAIL POWER COMPANY OTPW,Solar,200.0,200.0,200.0,2019-04-29T04:00:00+00:00,Withdrawn,,2021-03-24T04:00:00+00:00,,,Photovoltaic,Not Started,,2022-08-01T04:00:00+00:00,,DPP-2019,West,GIA,NRIS,0.0,0.0,0.0,0.0,
J1418,,,Pulaski County,IL,Joppa-Joppa North Bus 161kV Substation,AMEREN ILLINOIS,Solar,100.0,100.0,100.0,2019-04-29T04:00:00+00:00,Withdrawn,,2020-01-02T05:00:00+00:00,,,Photovoltaic,Not Started,,2021-12-01T05:00:00+00:00,,DPP-2019,Central,GIA,NRIS,0.0,0.0,0.0,0.0,
J1397,,,Juneau County,WI,Whistling Wings 69 kV Substation,DAIRYLAND POWER COOPERATIVE DPCM,Solar,25.0,25.0,25.0,2019-04-29T04:00:00+00:00,Withdrawn,,2020-05-18T04:00:00+00:00,,,Photovoltaic,Not Started,,2022-10-30T04:00:00+00:00,,DPP-2019,East (ATC),GIA,NRIS,0.0,0.0,0.0,0.0,
J1398,,,Pike County,IN,Ratts 161kV Substation,HOOSIER ENERGY,Solar,150.0,150.0,150.0,2019-04-29T04:00:00+00:00,Withdrawn,,2021-08-05T04:00:00+00:00,,,Photovoltaic,Not Started,,2022-12-01T05:00:00+00:00,,DPP-2019,Central,GIA,NRIS,0.0,0.0,0.0,0.0,
J1399,,,Ingham County,MI,Delhi - Churchill - Tompkins  138kV Line,METC,Solar,90.0,90.0,90.0,2019-04-29T04:00:00+00:00,Done,2025-03-01T05:00:00+00:00,,,,Photovoltaic,Not Started,2022-08-17T04:00:00+00:00,2021-12-01T05:00:00+00:00,2022-08-17T04:00:00+00:00,DPP-2019,East (ITC),GIA,NRIS,90.0,90.0,90.0,90.0,
J1395,,,Lyon County,MN,Hawks Nest Lake - Lyon County 345 kV Line Tap,NORTHERN STATES POWER COMPANY,Solar,200.0,200.0,200.0,2019-04-29T04:00:00+00:00,Withdrawn,,2022-09-01T04:00:00+00:00,,,Photovoltaic,Not Started,,2023-09-01T04:00:00+00:00,,DPP-2019,West,GIA,NRIS,200.0,200.0,200.0,200.0,
J1430,,,Calhoun County,MI,Verona - Foundary 138kV Line,METC,Solar,100.0,100.0,100.0,2019-04-29T04:00:00+00:00,Done,2023-08-01T04:00:00+00:00,,,,Photovoltaic,Not Started,2022-08-17T04:00:00+00:00,2022-08-01T04:00:00+00:00,2022-08-17T04:00:00+00:00,DPP-2019,East (ITC),GIA,NRIS,100.0,100.0,100.0,100.0,
J1436,,,Morehouse Parish,LA,Oak Ridge 115 kV Substation,"ENTERGY LOUISIANA, LLC",Solar,50.0,50.0,50.0,2019-04-29T04:00:00+00:00,Done,2023-07-01T04:00:00+00:00,,,,Photovoltaic,In Service,2021-11-29T05:00:00+00:00,2022-11-15T05:00:00+00:00,2021-11-30T05:00:00+00:00,DPP-2019,South,GIA,ERIS,50.0,0.0,50.0,0.0,
J1431,,,St. James Parish,LA,Vacherie 230kV Substation,"ENTERGY LOUISIANA, LLC",Solar,200.0,200.0,200.0,2019-04-29T04:00:00+00:00,Done,2024-05-01T04:00:00+00:00,,,,Photovoltaic,Not Started,2022-04-07T04:00:00+00:00,2021-06-01T04:00:00+00:00,2022-04-09T04:00:00+00:00,DPP-2019,South,GIA,NRIS,90.0,90.0,90.0,90.0,
J1373,,,White County,AR,Griffithville - Searcy Price 115 kV Line Tap,"ENTERGY ARKANSAS, LLC",Solar,95.0,95.0,95.0,2019-04-29T04:00:00+00:00,Done,2023-03-15T04:00:00+00:00,,,,Photovoltaic,In Service,,2022-07-01T04:00:00+00:00,2021-03-17T04:00:00+00:00,DPP-2019,South,GIA,NRIS,95.0,80.75,95.0,80.75,
J1426,,,Benton County,MN,Benton County 115kV Substation,GREAT RIVER ENERGY,Solar,100.0,100.0,100.0,2019-04-29T04:00:00+00:00,Done,2025-08-01T04:00:00+00:00,,,,Photovoltaic,Under Construction,2022-08-26T04:00:00+00:00,2022-08-01T04:00:00+00:00,2022-08-26T04:00:00+00:00,DPP-2019,West,GIA,NRIS,100.0,100.0,100.0,100.0,
J1420,,,Rock Island County,IL,Sub #107 69 kV Substation,MIDAMERICAN ENERGY COMPANY,Solar,48.0,48.0,48.0,2019-04-29T04:00:00+00:00,Withdrawn,,2020-03-05T05:00:00+00:00,,,Photovoltaic,Not Started,,2022-09-15T04:00:00+00:00,,DPP-2019,Central,GIA,NRIS,0.0,0.0,0.0,0.0,
J1439,,,Tunica County,MS,Lula - Tunica 115 kV Line,"ENTERGY MISSISSIPPI, LLC EMMP",Battery Storage,40.0,40.0,40.0,2019-04-29T04:00:00+00:00,Withdrawn,,2020-08-04T04:00:00+00:00,,,Battery Storage,Not Started,,2022-10-30T04:00:00+00:00,,DPP-2019,South,GIA,NRIS,0.0,0.0,0.0,0.0,
J1396,,,Pike County,IN,Ratts-Victory 161kV Line,HOOSIER ENERGY,Solar,150.0,150.0,150.0,2019-04-29T04:00:00+00:00,Done,2024-08-20T04:00:00+00:00,,,,Photovoltaic,In Service,,2021-12-01T05:00:00+00:00,2023-01-30T05:00:00+00:00,DPP-2019,Central,GIA,NRIS,60.0,60.0,60.0,60.0,
J1419,,,Greene County,IN,Edwardsport - Amo 345 kV Line Tap,"DUKE ENERGY INDIANA, LLC CIN",Solar,250.0,250.0,250.0,2019-04-29T04:00:00+00:00,Withdrawn,,2022-05-20T04:00:00+00:00,,,Photovoltaic,Not Started,,2022-07-01T04:00:00+00:00,,DPP-2019,Central,GIA,NRIS,250.0,250.0,0.0,0.0,
J1432,,,Clinton County,IA,Salem  - Rock Creek 345kV Line,ITC MIDWEST,Wind,250.0,250.0,250.0,2019-04-29T04:00:00+00:00,Done,2025-09-01T04:00:00+00:00,,,,Wind Turbine,Not Started,2022-10-31T04:00:00+00:00,2022-08-01T04:00:00+00:00,2022-10-31T04:00:00+00:00,DPP-2019,West,GIA,NRIS,250.0,250.0,250.0,0.0,
J1421,,,East Feliciana Parish,LA,Moler 230 kV Substation,"ENTERGY LOUISIANA, LLC",Solar,300.0,300.0,300.0,2019-04-29T04:00:00+00:00,Done,2024-12-01T05:00:00+00:00,,,,Photovoltaic,Under Construction,,2021-10-20T04:00:00+00:00,2021-06-01T04:00:00+00:00,DPP-2019,South,GIA,NRIS,300.0,300.0,300.0,300.0,
J1433,,,Washington Parish,LA,Lagen Holton-Franklinton 115kV (J1184),"ENTERGY LOUISIANA, LLC ELTO",Solar,50.0,50.0,50.0,2019-04-29T04:00:00+00:00,Withdrawn,,2019-10-22T04:00:00+00:00,,,Photovoltaic,Not Started,,2021-06-01T04:00:00+00:00,,DPP-2019,South,GIA,NRIS,0.0,0.0,0.0,0.0,
J1402,,,Jackson County,AR,Cash  - Newport AB161kV Line,"ENTERGY ARKANSAS, LLC",Battery Storage,0.0,0.0,0.0,2019-04-29T04:00:00+00:00,Done,2023-02-01T05:00:00+00:00,,,,Battery Storage,Not Started,2021-11-29T05:00:00+00:00,2021-08-01T04:00:00+00:00,2021-11-30T05:00:00+00:00,DPP-2019,South,GIA,NRIS,0.0,0.0,0.0,0.0,
J1438,,,Fayette County,IA,Windsor - Hazelton 161kV Line,ITC MIDWEST,Solar,100.0,100.0,100.0,2019-04-29T04:00:00+00:00,Withdrawn,,2022-06-28T04:00:00+00:00,,,Photovoltaic,Not Started,,2022-08-01T04:00:00+00:00,,DPP-2019,West,GIA,NRIS,100.0,100.0,100.0,100.0,
J1400,,,Crittenden County,AR,Marked Tree - Marion 161 kV Line Tap,"ENTERGY ARKANSAS, LLC EATO",Wind,150.0,150.0,150.0,2019-04-29T04:00:00+00:00,Withdrawn,,2020-07-30T04:00:00+00:00,,,Wind Turbine,Not Started,,2021-08-01T04:00:00+00:00,,DPP-2019,South,GIA,NRIS,0.0,0.0,0.0,0.0,
J1441,,,Terrebonne Parish,LA,Schriever 230 kV Substation,"ENTERGY LOUISIANA, LLC ELTO",Solar,200.0,200.0,200.0,2019-04-29T04:00:00+00:00,Withdrawn,2025-05-01T04:00:00+00:00,2022-04-19T04:00:00+00:00,,,Photovoltaic,Not Started,2022-04-06T04:00:00+00:00,2022-08-01T04:00:00+00:00,2022-04-02T04:00:00+00:00,DPP-2019,South,GIA,NRIS,200.0,200.0,200.0,200.0,
J1404,,,Sunflower County,MS,Drew 115kV Substation,"ENTERGY MISSISSIPPI, LLC EMMP",Wind,167.0,167.0,167.0,2019-04-29T04:00:00+00:00,Withdrawn,,2020-07-23T04:00:00+00:00,,,Wind Turbine,Not Started,,2022-10-01T04:00:00+00:00,,DPP-2019,South,GIA,NRIS,0.0,0.0,0.0,0.0,
J1434,,,Monroe County,AR,"J907 230kV Sub, Brinkley East - Aubrey 230 kV Line","ENTERGY ARKANSAS, LLC",Solar,100.0,100.0,100.0,2019-04-29T04:00:00+00:00,Done,2024-04-01T04:00:00+00:00,,,,Photovoltaic,In Service,2022-01-25T05:00:00+00:00,2022-08-01T04:00:00+00:00,2022-01-26T05:00:00+00:00,DPP-2019,South,GIA,NRIS,100.0,100.0,100.0,100.0,
J1423,,,Ottawa County,MI,Campbell - Blendon 138kV Line,METC,Solar,100.0,100.0,100.0,2019-04-29T04:00:00+00:00,Withdrawn,,2020-06-11T04:00:00+00:00,,,Photovoltaic,Not Started,,2022-04-20T04:00:00+00:00,,DPP-2019,East (ITC),GIA,NRIS,0.0,0.0,0.0,0.0,
J1435,,,Dubuque County,IA,Center Grove 161kV Substation,ITC MIDWEST,Battery Storage,100.0,100.0,100.0,2019-04-29T04:00:00+00:00,Withdrawn,,2021-03-24T04:00:00+00:00,,,Battery Storage,Not Started,,2022-08-01T04:00:00+00:00,,DPP-2019,West,GIA,NRIS,0.0,0.0,0.0,0.0,
J1424,,,Beauregard Parish,LA,Cooper - Penton Road 230kV Line,CLECO POWER LLC CLEC,Solar,200.0,200.0,200.0,2019-04-29T04:00:00+00:00,Done,2024-09-15T04:00:00+00:00,,,,Photovoltaic,Under Construction,2021-11-29T05:00:00+00:00,2022-08-01T04:00:00+00:00,2021-11-30T05:00:00+00:00,DPP-2019,South,GIA,ERIS,200.0,200.0,200.0,0.0,
J1425,,,Jefferson County,AR,Pine Bluff International Paper 115 kV substation,"ENTERGY ARKANSAS, LLC",Gas,114.0,114.0,114.0,2019-04-29T04:00:00+00:00,Done,2022-05-19T04:00:00+00:00,,,,Combined Cycle,In Service,2022-01-27T05:00:00+00:00,2020-06-01T04:00:00+00:00,2022-01-28T05:00:00+00:00,DPP-2019,South,GIA,NRIS-Only,0.0,114.0,0.0,114.0,
J1443,,,Union County,AR,Texas Eastern F SS - Strong SS 115 kV Line Tap,"ENTERGY ARKANSAS, LLC EATO",Solar,100.0,100.0,100.0,2019-04-29T04:00:00+00:00,Withdrawn,,2020-01-14T05:00:00+00:00,,,Photovoltaic,Not Started,,2023-10-30T04:00:00+00:00,,DPP-2019,South,GIA,NRIS,0.0,0.0,0.0,0.0,
J1440,,,Tunica County,MS,Lula - Tunica 115 kV Line,"ENTERGY MISSISSIPPI, LLC EMMP",Solar,160.0,160.0,160.0,2019-04-29T04:00:00+00:00,Done,2024-12-15T05:00:00+00:00,,,,Photovoltaic,Under Construction,2022-01-25T05:00:00+00:00,2023-10-30T04:00:00+00:00,2022-01-26T05:00:00+00:00,DPP-2019,South,GIA,NRIS,150.0,150.0,150.0,150.0,
J1445,,,Benton County,MN,Mayhew Lake 115kV Substation,NORTHERN STATES POWER COMPANY,Solar,100.0,100.0,100.0,2019-04-29T04:00:00+00:00,Done,2025-10-01T04:00:00+00:00,,,,Photovoltaic,Under Construction,,2022-08-01T04:00:00+00:00,2022-10-04T04:00:00+00:00,DPP-2019,West,GIA,NRIS,100.0,100.0,100.0,100.0,
J1444,,,Linn County,IA,Duane Arnold 345kV Substation,ITC MIDWEST,Solar,200.0,200.0,200.0,2019-04-29T04:00:00+00:00,Done,2025-09-01T04:00:00+00:00,,,,Photovoltaic,Not Started,,2015-08-01T04:00:00+00:00,,DPP-2019,West,GIA,NRIS,200.0,200.0,200.0,200.0,
J1487,,,Freeborn County,MN,Freeborn 161kV substation,ITC MIDWEST,Wind,120.0,120.0,120.0,2019-04-29T04:00:00+00:00,Withdrawn,,2022-02-18T05:00:00+00:00,,,Wind Turbine,Not Started,,2021-05-01T04:00:00+00:00,,DPP-2019,West,GIA,NRIS,120.0,120.0,0.0,0.0,
J1442,,,Polk County,TX,Rich (SHECO) - Livingston 138 kV Line Tap,"ENTERGY TEXAS, INC.",Solar,165.0,165.0,165.0,2019-04-29T04:00:00+00:00,Done,2025-05-01T04:00:00+00:00,,,,Photovoltaic,Under Construction,2022-08-04T04:00:00+00:00,2023-10-30T04:00:00+00:00,2022-08-04T04:00:00+00:00,DPP-2019,South,GIA,ERIS,105.0,105.0,105.0,0.0,
J1488,,,Randolph County,MO,McCredie - Montgomery 345 kV Line Tap,AMEREN MISSOURI,,500.0,500.0,500.0,2019-04-29T04:00:00+00:00,Done,,,,,,Not Started,,2024-03-31T04:00:00+00:00,,DPP-2019,Central,GIA,NRIS,500.0,500.0,500.0,500.0,
J1489,,,Ralls County,MO,Maywood - Spencer Creek 345 kV Line Tap,AMEREN MISSOURI,,500.0,500.0,500.0,2019-04-29T04:00:00+00:00,Withdrawn,,2020-05-22T04:00:00+00:00,,,,Not Started,,2024-03-31T04:00:00+00:00,,DPP-2019,Central,GIA,NRIS,0.0,0.0,0.0,0.0,
J1479,,,Des Moines County,IA,Burlington 161 kV Substation,ITC MIDWEST,Battery Storage,100.0,100.0,100.0,2019-04-29T04:00:00+00:00,Withdrawn,,2022-02-18T05:00:00+00:00,,,Battery Storage,Not Started,,2023-10-01T04:00:00+00:00,,DPP-2019,West,GIA,NRIS,100.0,100.0,0.0,0.0,
J1477,,,Scott County,IA,Sub 56 161 kV Substation (J1131),MIDAMERICAN ENERGY COMPANY,Battery Storage,50.0,50.0,50.0,2019-04-29T04:00:00+00:00,Done,2024-10-01T04:00:00+00:00,,,,Battery Storage,Not Started,2023-01-26T05:00:00+00:00,2021-10-01T04:00:00+00:00,2023-01-26T05:00:00+00:00,DPP-2019,West,GIA,NRIS,50.0,50.0,50.0,50.0,
J1483,,,Iowa County,WI,Hill Valley 345 kV Substation,American Transmission Co. LLC,Wind,99.0,99.0,99.0,2019-04-29T04:00:00+00:00,Done,2026-09-01T04:00:00+00:00,,,,Wind Turbine,Not Started,,2023-10-30T04:00:00+00:00,2022-09-09T04:00:00+00:00,DPP-2019,East (ATC),GIA,ERIS,99.0,0.0,99.0,0.0,
J1481,,,Howard County,IN,Greentown 230 kV substation,"DUKE ENERGY INDIANA, LLC",Solar,200.0,200.0,200.0,2019-04-29T04:00:00+00:00,Done,2025-08-15T04:00:00+00:00,,,,Photovoltaic,Not Started,,2022-08-15T04:00:00+00:00,2023-01-30T05:00:00+00:00,DPP-2019,Central,GIA,NRIS,200.0,200.0,200.0,200.0,
J1484,,,Union County,AR,Texas Eastern F SS - Strong SS 115 kV Line Tap,"ENTERGY ARKANSAS, LLC EATO",Battery Storage,25.0,25.0,25.0,2019-04-29T04:00:00+00:00,Withdrawn,,2020-01-14T05:00:00+00:00,,,Battery Storage,Not Started,,2023-10-30T04:00:00+00:00,,DPP-2019,South,GIA,NRIS,0.0,0.0,0.0,0.0,
J1476,,,Union County,IA,Creston East 69 kV Substation (J1132),ITC MIDWEST,Battery Storage,25.0,25.0,25.0,2019-04-29T04:00:00+00:00,Withdrawn,,2021-03-24T04:00:00+00:00,,,Battery Storage,Not Started,,2023-10-01T04:00:00+00:00,,DPP-2019,West,GIA,NRIS,0.0,0.0,0.0,0.0,
J1480,,,Black Hawk County,IA,Shawlis - Electric Farms 161kV Line,MIDAMERICAN ENERGY COMPANY,Wind,70.0,70.0,70.0,2019-04-29T04:00:00+00:00,Withdrawn,,2020-04-14T04:00:00+00:00,,,Wind Turbine,Not Started,,2020-08-04T04:00:00+00:00,,DPP-2019,West,GIA,NRIS,0.0,0.0,0.0,0.0,
J310,,,"Dodge County,Steele County",MN,West Owatonna-AL Corn Dist-Byron 161kV Line,SOUTHERN MINNESOTA MUNICIPAL POWER AGENCY,Wind,200.0,200.0,200.0,2017-06-16T04:00:00+00:00,Withdrawn,,2019-02-11T05:00:00+00:00,,,Wind Turbine,Not Started,,2017-09-01T04:00:00+00:00,,DPP-2017-AUG,West,GIA,NRIS,0.0,0.0,0.0,0.0,
J662,,,Crittenden County,AR,Marked Tree - Marion 161kV Line,Entergy,Wind,100.05,100.05,100.05,2016-07-11T04:00:00+00:00,Withdrawn,2020-07-31T04:00:00+00:00,2019-01-03T05:00:00+00:00,,,Wind Turbine,Withdrawn,2018-10-09T04:00:00+00:00,2018-10-15T04:00:00+00:00,2018-05-15T04:00:00+00:00,DPP-2017-FEB,South,GIA,NRIS,100.05,100.05,100.05,100.05,
J635,,,Concordia Parish,LA,Tap - Entergy 115kV T-line Natchez/South Plantation (ID:668) 1mile from Plantation Sub,Entergy,Solar,35.0,35.0,35.0,2016-05-09T04:00:00+00:00,Withdrawn,,2017-06-15T04:00:00+00:00,,,Photovoltaic,Not Started,,2018-02-28T05:00:00+00:00,,DPP-2017-FEB,South,GIA,NRIS,0.0,0.0,0.0,0.0,
J679,,,Carroll County,MS,Greenwood - Winona 115kV,Entergy,Solar,100.0,100.0,100.0,2016-07-11T04:00:00+00:00,Done,2021-04-15T04:00:00+00:00,,,,Photovoltaic,In Service,2018-10-12T04:00:00+00:00,2018-05-15T04:00:00+00:00,2018-05-15T04:00:00+00:00,DPP-2017-FEB,South,GIA,NRIS,100.0,100.0,100.0,100.0,
J203,,,Sanilac County,MI,Greenwood - Banner 345kV Line Tap,ITC MIDWEST,Wind,200.0,200.0,200.0,2017-06-16T04:00:00+00:00,Withdrawn,,2019-01-09T05:00:00+00:00,,,Wind Turbine,Not Started,,2012-09-01T04:00:00+00:00,,DPP-2017-AUG,East (ITC),GIA,NRIS,0.0,0.0,0.0,0.0,
J659,,,Franklin Parish,LA,Winnsboro to Gilbert 115 kV line,Entergy,Solar,50.0,50.0,50.0,2017-06-16T04:00:00+00:00,Withdrawn,,2019-01-07T05:00:00+00:00,,,Photovoltaic,Not Started,,2019-04-01T04:00:00+00:00,,DPP-2017-AUG,South,GIA,NRIS,0.0,0.0,0.0,0.0,
J628,,,"Grand Forks County,Nelson County",ND,Ramsey - Prairie 230kV Line Tap,GREAT RIVER ENERGY,Wind,400.0,400.0,400.0,2017-06-16T04:00:00+00:00,Withdrawn,,2021-11-09T05:00:00+00:00,,,Wind Turbine,Not Started,2021-09-12T04:00:00+00:00,2022-07-01T04:00:00+00:00,2021-09-13T04:00:00+00:00,DPP-2017-AUG,West,GIA,ERIS,400.0,400.0,400.0,0.0,
J663,,,Phillips County,AR,Robert E Ritchie 230kV Substation,Entergy,Solar,100.0,100.0,100.0,2017-06-16T04:00:00+00:00,Done,2022-05-01T04:00:00+00:00,,,,Photovoltaic,In Service,2020-03-20T04:00:00+00:00,2018-10-01T04:00:00+00:00,2019-10-03T04:00:00+00:00,DPP-2017-AUG,South,GIA,NRIS,100.0,100.0,100.0,100.0,
J441,,,Dodge County,MN,Byron 345 kV Substation,NORTHERN STATES POWER COMPANY,Wind,170.0,170.0,170.0,2015-04-15T04:00:00+00:00,Withdrawn,2019-09-18T04:00:00+00:00,2019-08-09T04:00:00+00:00,,,Wind Turbine,Withdrawn,,2018-09-01T04:00:00+00:00,2017-11-27T05:00:00+00:00,DPP-2017-FEB,West,GIA,NRIS,170.0,170.0,170.0,170.0,
J447,,,Cerro Gordo County,IA,Emery 161 kV Substation,ITC MIDWEST,Wind,150.0,150.0,150.0,2017-06-16T04:00:00+00:00,Withdrawn,,2019-10-24T04:00:00+00:00,,,Wind Turbine,Not Started,,2021-07-01T04:00:00+00:00,,DPP-2017-AUG,West,GIA,NRIS,0.0,0.0,0.0,0.0,
J467,,,Douglas County,IL,Sidnay-Kansas 345kV Line,AMEREN ILLINOIS,Wind,102.0,102.0,102.0,2017-06-16T04:00:00+00:00,Withdrawn,,2019-01-08T05:00:00+00:00,,,Wind Turbine,Not Started,,2017-11-15T05:00:00+00:00,,DPP-2017-AUG,Central,GIA,NRIS,0.0,0.0,0.0,0.0,
J697,,,Morehouse Parish,LA,Oak Ridge 115 kV Substation,Entergy,Solar,150.0,150.0,150.0,2017-06-16T04:00:00+00:00,Done,2022-10-15T04:00:00+00:00,,,,Photovoltaic,In Service,2019-11-25T05:00:00+00:00,2022-10-15T04:00:00+00:00,2019-06-03T04:00:00+00:00,DPP-2017-AUG,South,GIA,NRIS,150.0,150.0,150.0,150.0,
J647,,,Muskegon County,MI,BC Cobb - Four Mile 138kV Line,METC,Solar,147.4,147.4,147.4,2016-06-20T04:00:00+00:00,Withdrawn,,2018-09-06T04:00:00+00:00,,,Photovoltaic,Not Started,,2021-09-01T04:00:00+00:00,,DPP-2017-FEB,East (ITC),GIA,NRIS,124.95,124.95,0.0,0.0,
J657,,,Manitowoc County,WI,Kewaunee - Shoto 138kV Line (at the existing Mishicot Tap),American Transmission Co. LLC,Wind,100.8,100.8,100.8,2016-07-08T04:00:00+00:00,Withdrawn,,2018-04-10T04:00:00+00:00,,,Wind Turbine,Not Started,,2019-09-01T04:00:00+00:00,,DPP-2017-FEB,East (ATC),GIA,NRIS,0.0,0.0,0.0,0.0,
J680,,,Ashley County,AR,Crosset West 115kV Substation,Entergy,Solar,100.0,100.0,100.0,2016-07-11T04:00:00+00:00,Done,2021-04-15T04:00:00+00:00,,,,Photovoltaic,Under Construction,2018-10-09T04:00:00+00:00,2018-04-15T04:00:00+00:00,2018-05-15T04:00:00+00:00,DPP-2017-FEB,South,GIA,NRIS,100.0,100.0,100.0,100.0,
J683,,,West Baton Rouge Parish,LA,Wilbert - Livonia 138kV Substation (~1.5 mi from Wilbert),Entergy,Solar,50.0,50.0,50.0,2016-07-11T04:00:00+00:00,Done,2020-01-31T05:00:00+00:00,,,,Photovoltaic,In Service,2018-09-11T04:00:00+00:00,2018-02-28T05:00:00+00:00,2018-05-14T04:00:00+00:00,DPP-2017-FEB,South,GIA,NRIS,50.0,50.0,50.0,50.0,
J1348,,,Vermillion County,IN,Cayuga - Sugar Creek 345kV Line,"DUKE ENERGY INDIANA, LLC",Solar,200.0,200.0,200.0,2019-04-29T04:00:00+00:00,Done,2025-04-20T04:00:00+00:00,,,,Photovoltaic,Not Started,,2022-04-20T04:00:00+00:00,2022-11-14T05:00:00+00:00,DPP-2019,Central,GIA,NRIS,200.0,200.0,0.0,0.0,
J1371,,,Yellow Medicine County,MN,Astoria 345kV Substation,OTTER TAIL POWER COMPANY OTPW,Wind,150.0,150.0,150.0,2019-04-29T04:00:00+00:00,Withdrawn,,2022-02-07T05:00:00+00:00,,,Wind Turbine,Not Started,,2023-08-01T04:00:00+00:00,,DPP-2019,West,GIA,NRIS,150.0,150.0,0.0,0.0,
J1429,,,Juneau County,WI,Whistiling Wings 69 kV Substation,DAIRYLAND POWER COOPERATIVE DPCM,Battery Storage,24.0,24.0,24.0,2019-04-29T04:00:00+00:00,Withdrawn,,2020-05-18T04:00:00+00:00,,,Battery Storage,Not Started,,2022-10-30T04:00:00+00:00,,DPP-2019,East (ATC),GIA,NRIS,0.0,0.0,0.0,0.0,
J1437,,,Carroll County,AR,AECC Dry Creek 161kV Switchyard Station,ARKANSAS ELECTRIC COOPERATIVE CORPORATION,Wind,180.0,180.0,180.0,2019-04-29T04:00:00+00:00,Done,2024-05-01T04:00:00+00:00,,,,Wind Turbine,Under Construction,2021-12-22T05:00:00+00:00,2021-04-30T04:00:00+00:00,2021-11-30T05:00:00+00:00,DPP-2019,South,GIA,NRIS,180.0,180.0,180.0,180.0,
J640,,,St. Helena Parish,LA,Amite - Liberty 115kV Line,Entergy,Solar,50.0,50.0,50.0,2017-06-16T04:00:00+00:00,Withdrawn,,2019-01-07T05:00:00+00:00,,,Photovoltaic,Not Started,,2019-04-01T04:00:00+00:00,,DPP-2017-AUG,South,GIA,NRIS,0.0,0.0,0.0,0.0,
J458,,,Clark County,SD,On proposed Big Stone-Ellendale 345 kV line approx. 76 miles west of Big Stone,OTTER TAIL POWER COMPANY,Wind,200.0,200.0,200.0,2015-05-18T04:00:00+00:00,Withdrawn,,2019-04-09T04:00:00+00:00,,,Wind Turbine,Not Started,,2019-09-30T04:00:00+00:00,,DPP-2017-FEB,West,GIA,NRIS,0.0,0.0,0.0,0.0,
J1485,,,Deuel County,SD,Astoria 345 kV Substation (J493/J510),OTTER TAIL POWER COMPANY OTPW,Wind,250.0,250.0,250.0,2019-04-29T04:00:00+00:00,Done,2027-10-30T04:00:00+00:00,,,,Wind Turbine,Not Started,,2022-10-30T04:00:00+00:00,,DPP-2019,West,GIA,ERIS,250.0,0.0,250.0,0.0,
J636,,,Rapides Parish,LA,Shady Oaks - Coughlin 138kV Line,CLECO POWER LLC,,52.0,52.0,52.0,2016-05-09T04:00:00+00:00,Withdrawn,,2017-06-20T04:00:00+00:00,,,,Not Started,,2016-05-31T04:00:00+00:00,,DPP-2017-FEB,South,GIA,NRIS,0.0,0.0,0.0,0.0,
J1422,,,Edwards County,IL,Albion - Olney 138 kV Line Tap,AMEREN ILLINOIS,Hybrid,150.0,150.0,150.0,2019-04-29T04:00:00+00:00,Done,2024-10-20T04:00:00+00:00,,,,Solar/Battery,Not Started,,2021-10-20T04:00:00+00:00,,DPP-2019,Central,GIA,NRIS,150.0,150.0,150.0,150.0,
J1401,,,Branch County,MI,Batavia - Wagner 138kV Line,METC,Solar,150.0,150.0,150.0,2019-04-29T04:00:00+00:00,Done,2024-04-01T04:00:00+00:00,,,,Photovoltaic,In Service,2022-08-17T04:00:00+00:00,2023-11-17T05:00:00+00:00,2022-08-17T04:00:00+00:00,DPP-2019,East (ITC),GIA,NRIS,150.0,150.0,150.0,150.0,
J1403,,,Ionia County,MI,Marquette 138 kV Substation,METC,Solar,200.0,200.0,200.0,2019-04-29T04:00:00+00:00,Withdrawn,,2022-03-08T05:00:00+00:00,,,Photovoltaic,Not Started,,2023-09-01T04:00:00+00:00,,DPP-2019,East (ITC),GIA,NRIS,200.0,200.0,0.0,0.0,
J1478,,,Des Moines County,IA,Huntwoods 69 kV substation (J1135),ITC MIDWEST,Battery Storage,25.0,25.0,25.0,2019-04-29T04:00:00+00:00,Withdrawn,,2022-02-18T05:00:00+00:00,,,Battery Storage,Not Started,,2021-10-01T04:00:00+00:00,,DPP-2019,West,GIA,NRIS,25.0,25.0,0.0,0.0,
J444,,,Wayne County,MI,Waterman/Navarre 230kV,ITC MIDWEST,Gas,235.0,235.0,235.0,2015-05-07T04:00:00+00:00,Withdrawn,,2018-04-12T04:00:00+00:00,,,Combined Cycle,Not Started,,2017-01-31T05:00:00+00:00,,DPP-2017-FEB,East (ITC),GIA,NRIS,0.0,0.0,0.0,0.0,
J646,,,Macomb County,MI,"Carbon - connecting to ITC at Jewel, St-Clair and Spokane substations",ITC MIDWEST,,1.6,1.6,0.0,2016-06-16T04:00:00+00:00,Done,2010-07-01T04:00:00+00:00,,,,,Under Construction,2019-04-26T04:00:00+00:00,2010-07-01T04:00:00+00:00,2018-12-12T05:00:00+00:00,DPP-2017-FEB,East (ITC),GIA,ERIS,1.6,0.0,1.6,0.0,
J478,,,Clinton County,IN,Thorntown - New London - Kokomo 230kV Line,Duke Energy Corporation,Wind,200.0,200.0,200.0,2017-06-16T04:00:00+00:00,Withdrawn,,2019-04-17T04:00:00+00:00,,,Wind Turbine,Not Started,,2018-07-01T04:00:00+00:00,,DPP-2017-AUG,Central,GIA,NRIS,200.0,200.0,0.0,0.0,
J771,,,Stearns County,MN,Lake Koronis-Paynesville 69kV,GREAT RIVER ENERGY,Solar,50.0,50.0,50.0,2016-11-14T05:00:00+00:00,Withdrawn,,2019-04-09T04:00:00+00:00,,,Photovoltaic,Not Started,,2019-07-31T04:00:00+00:00,,DPP-2017-FEB,West,GIA,NRIS,0.0,0.0,0.0,0.0,
J746,,,"McHenry County,McLean County,Ward County",ND,Stanton-McHenry 230kV,GREAT RIVER ENERGY,Wind,200.0,200.0,200.0,2016-11-14T05:00:00+00:00,Withdrawn,,2019-08-09T04:00:00+00:00,,,Wind Turbine,Not Started,,2020-08-01T04:00:00+00:00,,DPP-2017-FEB,West,GIA,NRIS,200.0,200.0,0.0,0.0,
J776,,,Franklin County,IA,Black Hawk-Killdeer 345kV,MIDAMERICAN ENERGY COMPANY,Wind,99.0,99.0,99.0,2016-11-14T05:00:00+00:00,Withdrawn,,2019-04-09T04:00:00+00:00,,,Wind Turbine,Not Started,,2019-11-01T04:00:00+00:00,,DPP-2017-FEB,West,GIA,NRIS,0.0,0.0,0.0,0.0,
J1482,,,White County,IN,Monticello - Springboro 138 kV Line Tap,NORTHERN INDIANA PUBLIC SERVICE COMPANY LLC,Solar,150.0,150.0,150.0,2019-04-29T04:00:00+00:00,Done,2024-05-01T04:00:00+00:00,,,,Photovoltaic,Not Started,,2022-08-15T04:00:00+00:00,2022-06-27T04:00:00+00:00,DPP-2019,Central,GIA,NRIS,150.0,150.0,150.0,150.0,
J1490,,,Randolph County,MO,McCredie - Montgomery 345 kV Line Tap,AMEREN MISSOURI,,1000.0,1000.0,1000.0,2019-04-29T04:00:00+00:00,Done,,,,,,Not Started,,2024-03-31T04:00:00+00:00,,DPP-2019,Central,GIA,NRIS,1000.0,1000.0,1000.0,940.0,
J632,,,"Berrien County,Van Buren County",MI,Argenta - Plaisades 345kV Line,METC,Wind,200.0,200.0,200.0,2017-06-16T04:00:00+00:00,Withdrawn,,2019-01-09T05:00:00+00:00,,,Wind Turbine,Not Started,,2018-09-15T04:00:00+00:00,,DPP-2017-AUG,East (ITC),GIA,NRIS,0.0,0.0,0.0,0.0,
J418,,,Polk County,TX,Rich - Livingston 138kV Line,Entergy,Solar,100.0,100.0,100.0,2017-06-16T04:00:00+00:00,Withdrawn,,2019-01-07T05:00:00+00:00,,,Photovoltaic,Not Started,,2016-11-01T04:00:00+00:00,,DPP-2017-AUG,South,GIA,NRIS,0.0,0.0,0.0,0.0,
J698,,,Chicot County,AR,Lake Village Bagby 115 kV Substation,Entergy,Solar,150.0,150.0,150.0,2017-06-16T04:00:00+00:00,Withdrawn,,2019-01-07T05:00:00+00:00,,,Photovoltaic,Not Started,,2015-11-01T04:00:00+00:00,,DPP-2017-AUG,South,GIA,NRIS,0.0,0.0,0.0,0.0,
J779,,,"Emmons County,Logan County",ND,Bismarck-Linton 115kV,MONTANA-DAKOTA UTILITIES CO.,Wind,51.0,51.0,51.0,2016-11-14T05:00:00+00:00,Withdrawn,,2019-08-09T04:00:00+00:00,,,Wind Turbine,Not Started,,2019-09-01T04:00:00+00:00,,DPP-2017-FEB,West,GIA,NRIS,50.4,50.4,0.0,0.0,
J639,,,West Baton Rouge Parish,LA,Addis - Big Cajun 230kV Line,Entergy,Solar,50.0,50.0,50.0,2017-06-16T04:00:00+00:00,Withdrawn,2020-11-25T05:00:00+00:00,2022-10-31T04:00:00+00:00,,,Photovoltaic,Withdrawn,2019-12-02T05:00:00+00:00,2019-04-01T04:00:00+00:00,2019-06-03T04:00:00+00:00,DPP-2017-AUG,South,GIA,NRIS,50.0,50.0,50.0,50.0,
J687,,,Orleans Parish,LA,Nasa 115kV Substation,Entergy,Solar,20.0,20.0,20.0,2016-07-11T04:00:00+00:00,Withdrawn,,2017-02-17T05:00:00+00:00,,,Photovoltaic,Not Started,,2019-06-01T04:00:00+00:00,,DPP-2017-FEB,South,GIA,NRIS,0.0,0.0,0.0,0.0,
J748,,,Plymouth County,IA,Highland - Raun 345kV Line Tap,MIDAMERICAN ENERGY COMPANY,Wind,200.0,200.0,200.0,2016-11-14T05:00:00+00:00,Done,2021-10-01T04:00:00+00:00,,,,Wind Turbine,In Service,2020-03-20T04:00:00+00:00,2020-10-01T04:00:00+00:00,2019-10-14T04:00:00+00:00,DPP-2017-FEB,West,GIA,NRIS,200.0,200.0,200.0,175.0,
J782,,,Stoddard County,MO,Stoddart sub 161kV,Ameren Missouri,Solar,100.0,100.0,100.0,2016-11-14T05:00:00+00:00,Withdrawn,,2018-05-31T04:00:00+00:00,,,Photovoltaic,Not Started,,2021-04-01T04:00:00+00:00,,DPP-2017-FEB,Central,GIA,NRIS,0.0,0.0,0.0,0.0,
J783,,,Spencer County,IN,Grandview Sub,"Southern Indiana Gas & Electric Company d/b/a Vectren Energy Delivery of Indiana, Inc.",Solar,70.0,70.0,70.0,2016-11-14T05:00:00+00:00,Done,2021-04-01T04:00:00+00:00,,,,Photovoltaic,Under Construction,2019-07-24T04:00:00+00:00,2021-04-01T04:00:00+00:00,2019-04-18T04:00:00+00:00,DPP-2017-FEB,Central,GIA,NRIS,70.0,69.9,70.0,69.9,
J785,,,"Jackson County,Martin County",MN,Lakefield Junction - Huntley 345 kV line (Tap),ITC MIDWEST,Wind,105.0,105.0,105.0,2017-06-16T04:00:00+00:00,Withdrawn,,2021-01-29T05:00:00+00:00,,,Wind Turbine,Not Started,,2021-09-15T04:00:00+00:00,,DPP-2017-AUG,West,GIA,NRIS,105.0,105.0,0.0,0.0,
J793,,,St. Clair County,MI,Belle River - Fitz #2 345 kV Line Tap,ITC MIDWEST,Combined Cycle,1175.0,1175.0,1175.0,2017-06-16T04:00:00+00:00,Done,2021-05-14T04:00:00+00:00,,,,Combined Cycle,In Service,2020-10-26T04:00:00+00:00,2021-05-14T04:00:00+00:00,2019-05-06T04:00:00+00:00,DPP-2017-AUG,East (ITC),GIA,NRIS,1209.0,1209.0,1209.0,1175.0,
J794,,,Gratiot County,MI,J589 138kV Substation (Regal - Summerton 138kV Line),METC,Wind,12.5,12.5,12.5,2017-06-16T04:00:00+00:00,Done,2018-10-26T04:00:00+00:00,,,,Wind Turbine,In Service,2020-06-18T04:00:00+00:00,2018-09-10T04:00:00+00:00,2018-02-06T05:00:00+00:00,DPP-2017-AUG,East (ITC),GIA,NRIS,12.5,12.5,12.5,12.5,
J701,,,Tuscola County,MI,Rapson - Grasssmere - Bauer 345kV Line Tap (Kirk 345 kV Sub),ITC MIDWEST,Wind,49.0,49.0,49.0,2017-06-16T04:00:00+00:00,Done,2018-10-01T04:00:00+00:00,,,,Wind Turbine,In Service,2020-05-06T04:00:00+00:00,2017-09-15T04:00:00+00:00,2018-04-24T04:00:00+00:00,DPP-2017-AUG,East (ITC),GIA,NRIS,49.0,49.0,49.0,49.0,
J658,,,Audrain County,MO,Spencer Creek 345 kV Substation,Ameren Missouri,Wind,100.05,100.05,100.05,2016-07-07T04:00:00+00:00,Withdrawn,,2017-06-21T04:00:00+00:00,,,Wind Turbine,Not Started,,2018-09-15T04:00:00+00:00,,DPP-2017-FEB,Central,GIA,NRIS,0.0,0.0,0.0,0.0,
J777,,,Franklin County,IA,Whispering Willow 161kV substation,ITC MIDWEST,Wind,99.0,99.0,99.0,2016-11-14T05:00:00+00:00,Withdrawn,,2019-08-09T04:00:00+00:00,,,Wind Turbine,Not Started,,2019-11-01T04:00:00+00:00,,DPP-2017-FEB,West,GIA,NRIS,99.0,99.0,0.0,0.0,
J780,,,Sheridan County,ND,Harvey - Underwood 230kV Line,OTTER TAIL POWER COMPANY,Wind,200.0,200.0,200.0,2016-11-14T05:00:00+00:00,Withdrawn,,2019-04-09T04:00:00+00:00,,,Wind Turbine,Not Started,,2020-12-15T05:00:00+00:00,,DPP-2017-FEB,West,GIA,NRIS,0.0,0.0,0.0,0.0,
J749,,,Gratiot County,MI,Redstone 138 kV Substation,METC,Battery Storage,20.0,20.0,20.0,2016-11-14T05:00:00+00:00,Withdrawn,,2018-05-01T04:00:00+00:00,,,,Not Started,,2018-09-01T04:00:00+00:00,,DPP-2017-FEB,East (ITC),GIA,NRIS,0.0,0.0,0.0,0.0,
J753,,,Breckinridge County,KY,Hardinsburg Sub 161kV,BIG RIVERS ELECTRIC CORPORATION,Solar,100.0,100.0,100.0,2016-11-14T05:00:00+00:00,Withdrawn,2021-04-01T04:00:00+00:00,2025-10-31T04:00:00+00:00,,,Photovoltaic,Under Construction,2019-03-08T05:00:00+00:00,2021-04-01T04:00:00+00:00,2018-11-13T05:00:00+00:00,DPP-2017-FEB,Central,GIA,NRIS,100.0,100.0,100.0,100.0,
J752,,,Tuscola County,MI,Ringle 345kV Switchyard,ITC MIDWEST,Wind,100.0,100.0,100.0,2016-11-14T05:00:00+00:00,Done,2019-10-04T04:00:00+00:00,,,,Wind Turbine,In Service,2019-10-10T04:00:00+00:00,2020-01-02T05:00:00+00:00,2019-05-13T04:00:00+00:00,DPP-2017-FEB,East (ITC),GIA,NRIS,100.0,100.0,100.0,100.0,
J756,,,Logan County,IL,Mason City to Fogarty 138kV,AMEREN ILLINOIS,Wind,202.4,202.4,202.4,2016-11-14T05:00:00+00:00,Done,2020-04-23T04:00:00+00:00,,,,Wind Turbine,In Service,2019-03-26T04:00:00+00:00,2019-08-15T04:00:00+00:00,2018-11-13T05:00:00+00:00,DPP-2017-FEB,Central,GIA,NRIS,202.4,202.4,202.4,202.4,
J836,,,Kossuth County,IA,Ledyard 345kV Substation,ITC MIDWEST,Wind,200.0,200.0,200.0,2017-06-16T04:00:00+00:00,Done,2022-09-30T04:00:00+00:00,,,,Wind Turbine,In Service,2021-05-19T04:00:00+00:00,2021-11-01T04:00:00+00:00,2021-05-19T04:00:00+00:00,DPP-2017-AUG,West,GIA,ERIS,200.0,0.0,200.0,0.0,
J819,,,Lafayette County,WI,Darlington 138kV Substation,American Transmission Co. LLC,Wind,99.9,99.9,99.9,2017-06-16T04:00:00+00:00,Withdrawn,2021-09-01T04:00:00+00:00,2020-05-26T04:00:00+00:00,,,Wind Turbine,Withdrawn,2020-05-20T04:00:00+00:00,2020-09-15T04:00:00+00:00,2019-11-14T05:00:00+00:00,DPP-2017-AUG,East (ATC),GIA,NRIS,99.9,99.9,99.9,99.9,
J840,,,Humboldt County,IA,Kossuth - Webster 345 kV Line,MIDAMERICAN ENERGY COMPANY,Wind,150.0,150.0,150.0,2017-06-16T04:00:00+00:00,Withdrawn,,2021-01-29T05:00:00+00:00,,,Wind Turbine,Not Started,,2021-07-01T04:00:00+00:00,,DPP-2017-AUG,West,GIA,NRIS,150.0,150.0,0.0,0.0,
J822,,,Lonoke County,AR,Lynch SES Switchyard - Carlisle 115kV Line,Entergy,Solar,100.0,100.0,100.0,2017-06-16T04:00:00+00:00,Withdrawn,,2019-01-08T05:00:00+00:00,,,Photovoltaic,Not Started,,2019-01-30T05:00:00+00:00,,DPP-2017-AUG,South,GIA,NRIS,0.0,0.0,0.0,0.0,
J747,,,Deuel County,SD,Brooking County - Big Stone South (J510 Tap - J630 Tap) 345kV Line,OTTER TAIL POWER COMPANY,Wind,200.0,200.0,200.0,2016-11-14T05:00:00+00:00,Withdrawn,,2019-04-09T04:00:00+00:00,,,Wind Turbine,Not Started,,2017-10-01T04:00:00+00:00,,DPP-2017-FEB,West,GIA,NRIS,0.0,0.0,0.0,0.0,
J750,,,Morgan County,IL,Westchester 138kV Substation,"City of Springfield, IL - CWLP",Wind,150.0,150.0,150.0,2017-06-16T04:00:00+00:00,Withdrawn,2022-05-15T04:00:00+00:00,2025-07-07T04:00:00+00:00,,,Wind Turbine,Withdrawn,2020-01-14T05:00:00+00:00,2019-08-15T04:00:00+00:00,2019-07-15T04:00:00+00:00,DPP-2017-AUG,Central,GIA,NRIS,150.0,150.0,150.0,150.0,
J818,,,Jefferson County,WI,Jefferson 138kV Substation,American Transmission Co. LLC,Solar,149.0,149.0,149.0,2017-06-16T04:00:00+00:00,Done,2022-04-01T04:00:00+00:00,,,,Photovoltaic,Under Construction,2020-05-06T04:00:00+00:00,2019-09-01T04:00:00+00:00,2019-11-01T04:00:00+00:00,DPP-2017-AUG,East (ATC),GIA,NRIS,149.0,149.0,149.0,149.0,
J838,,,White County,IN,Reynolds 345kV Substation,NORTHERN INDIANA PUBLIC SERVICE COMPANY LLC,Wind,200.1,200.1,200.1,2017-06-16T04:00:00+00:00,Done,2021-08-15T04:00:00+00:00,,,,Wind Turbine,In Service,2019-10-21T04:00:00+00:00,2020-08-01T04:00:00+00:00,2019-07-15T04:00:00+00:00,DPP-2017-AUG,Central,GIA,NRIS,100.0,40.0,100.0,40.0,
J757,,,"Morgan County,Sangamon County",IL,Austin-Meredosia 345kV line,AMEREN TRANSMISSION COMPANY OF ILLINOIS,Wind,303.6,303.6,303.6,2016-11-14T05:00:00+00:00,Done,2021-10-31T04:00:00+00:00,,,,Wind Turbine,In Service,2019-05-31T04:00:00+00:00,2020-08-14T04:00:00+00:00,2019-01-07T05:00:00+00:00,DPP-2017-FEB,Central,GIA,NRIS,303.6,303.6,303.6,303.6,
J805,,,Shelby County,IN,Gwynneville 345kV Substation,Duke Energy Corporation,Solar,199.0,199.0,199.0,2017-06-16T04:00:00+00:00,Done,2022-05-01T04:00:00+00:00,,,,Photovoltaic,Under Construction,2020-05-08T04:00:00+00:00,2019-09-01T04:00:00+00:00,2019-11-11T05:00:00+00:00,DPP-2017-AUG,Central,GIA,NRIS,199.0,199.0,199.0,199.0,
J826,,,McLean County,IL,Weedman Substation 138kV Bus,AMEREN ILLINOIS,Wind,100.0,100.0,100.0,2017-06-16T04:00:00+00:00,Done,2021-05-28T04:00:00+00:00,,,,Wind Turbine,In Service,2019-12-17T05:00:00+00:00,2020-09-01T04:00:00+00:00,2019-07-15T04:00:00+00:00,DPP-2017-AUG,Central,GIA,NRIS,100.0,100.0,100.0,100.0,
J821,,,Marathon County,WI,Wein - Stratford 115 kV Line Tap,American Transmission Co. LLC,Wind,99.9,99.9,99.9,2017-06-16T04:00:00+00:00,Withdrawn,2021-08-27T04:00:00+00:00,2020-05-26T04:00:00+00:00,,,Wind Turbine,Withdrawn,2019-10-17T04:00:00+00:00,2020-09-15T04:00:00+00:00,2019-05-10T04:00:00+00:00,DPP-2017-AUG,East (ATC),GIA,NRIS,99.9,99.9,99.9,99.9,
J754,,,Montgomery County,IN,Cayuga - Nucor 345kV,Duke Energy Corporation,Wind,303.6,303.6,303.6,2016-11-14T05:00:00+00:00,Withdrawn,2020-04-30T04:00:00+00:00,2020-09-30T04:00:00+00:00,,,Wind Turbine,Withdrawn,2019-04-11T04:00:00+00:00,2019-03-08T05:00:00+00:00,2018-11-13T05:00:00+00:00,DPP-2017-FEB,Central,GIA,NRIS,303.6,303.6,303.6,303.6,
J816,,,Cass County,ND,Buffalo 115kV Substation,OTTER TAIL POWER COMPANY,Solar,60.0,60.0,60.0,2017-06-16T04:00:00+00:00,Withdrawn,,2021-01-29T05:00:00+00:00,,,Photovoltaic,Not Started,,2022-09-15T04:00:00+00:00,,DPP-2017-AUG,West,GIA,NRIS,60.0,60.0,0.0,0.0,
J827,,,"Fountain County,Montgomery County,Tippecanoe County",IN,Lafayette - Veedsburg West - Attica 230kV Line,Duke Energy Corporation,Wind,300.0,300.0,300.0,2017-06-16T04:00:00+00:00,Withdrawn,,2019-01-08T05:00:00+00:00,,,Wind Turbine,Not Started,,2020-09-30T04:00:00+00:00,,DPP-2017-AUG,Central,GIA,NRIS,0.0,0.0,0.0,0.0,
J828,,,Montgomery County,IN,Crawfordsville - Linden Tap 138kV Line,Duke Energy Corporation,Wind,151.8,151.8,151.8,2017-06-16T04:00:00+00:00,Withdrawn,,2018-02-07T05:00:00+00:00,,,Wind Turbine,Not Started,,2020-08-01T04:00:00+00:00,,DPP-2017-AUG,Central,GIA,NRIS,0.0,0.0,0.0,0.0,
J807,,,Lafayette County,WI,Darlington - Hillman 138kV Line (Falcon Substation J395),American Transmission Co. LLC,Wind,41.4,41.4,41.4,2017-06-16T04:00:00+00:00,Withdrawn,2021-08-27T04:00:00+00:00,2020-05-26T04:00:00+00:00,,,Wind Turbine,Withdrawn,2019-10-17T04:00:00+00:00,2020-09-15T04:00:00+00:00,2019-05-10T04:00:00+00:00,DPP-2017-AUG,East (ATC),GIA,NRIS,41.4,41.4,41.4,41.4,
J841,,,Saginaw County,MI,Orr RD 138 kV Substation,METC,Combined Cycle,725.0,702.0,725.0,2017-06-16T04:00:00+00:00,Withdrawn,,2020-01-24T05:00:00+00:00,,,Combined Cycle,Not Started,,2020-04-01T04:00:00+00:00,2020-01-06T05:00:00+00:00,DPP-2017-AUG,East (ITC),GIA,NRIS,725.0,725.0,725.0,702.0,
J817,,,Warren County,MO,Warrenton 161kV Substation,Ameren Missouri,Solar,139.0,139.0,139.0,2017-06-16T04:00:00+00:00,Done,2021-10-29T04:00:00+00:00,,,,Photovoltaic,In Service,2019-12-17T05:00:00+00:00,2019-09-01T04:00:00+00:00,2019-07-15T04:00:00+00:00,DPP-2017-AUG,Central,GIA,NRIS,139.0,139.0,139.0,139.0,
J837,,,White County,IN,Reynolds 345kV Substation,NORTHERN INDIANA PUBLIC SERVICE COMPANY LLC,Wind,200.1,200.1,200.1,2017-06-16T04:00:00+00:00,Done,2021-08-15T04:00:00+00:00,,,,Wind Turbine,In Service,2019-10-21T04:00:00+00:00,2020-08-01T04:00:00+00:00,2019-07-15T04:00:00+00:00,DPP-2017-AUG,Central,GIA,NRIS,200.1,80.0,200.1,80.0,
J820,,,Eaton County,MI,Oneida 345kV Substation,METC,Wind,100.05,100.05,100.05,2017-06-16T04:00:00+00:00,Withdrawn,,2017-08-03T04:00:00+00:00,,,Wind Turbine,Not Started,,2020-09-15T04:00:00+00:00,,DPP-2017-AUG,East (ITC),GIA,NRIS,0.0,0.0,0.0,0.0,
J839,,,Lapeer County,MI,Otsego Tap - Otsego 120 kV Line Tap,ITC MIDWEST,Solar,100.0,100.0,100.0,2017-06-16T04:00:00+00:00,Withdrawn,2023-03-31T04:00:00+00:00,2020-05-27T04:00:00+00:00,,,Photovoltaic,Withdrawn,,2020-04-01T04:00:00+00:00,2020-01-06T05:00:00+00:00,DPP-2017-AUG,East (ITC),GIA,NRIS,58.0,58.0,58.0,58.0,
J829,,,Sullivan County,IN,Dresser - Merom 345kV Line,Duke Energy Corporation,Solar,250.0,250.0,250.0,2017-06-16T04:00:00+00:00,Done,2022-09-01T04:00:00+00:00,,,,Photovoltaic,Under Construction,2020-05-26T04:00:00+00:00,2020-09-30T04:00:00+00:00,2019-11-21T05:00:00+00:00,DPP-2017-AUG,Central,GIA,NRIS,250.0,250.0,250.0,250.0,
J824,,,"Sullivan County,Vigo County",IN,Vigo-Farmersburg Junction 138kV Line,Duke Energy Corporation,Solar,245.0,245.0,245.0,2017-06-16T04:00:00+00:00,Withdrawn,,2019-04-17T04:00:00+00:00,,,Photovoltaic,Not Started,,2020-09-30T04:00:00+00:00,,DPP-2017-AUG,Central,GIA,NRIS,150.0,150.0,0.0,0.0,
J806,,,Calhoun County,MI,Rice Creek - Vrooman 138kV Line Tap,METC,Solar,149.0,149.0,149.0,2017-06-16T04:00:00+00:00,Done,2021-06-01T04:00:00+00:00,,,,Photovoltaic,In Service,2020-05-11T04:00:00+00:00,2019-09-01T04:00:00+00:00,2020-01-06T05:00:00+00:00,DPP-2017-AUG,East (ITC),GIA,NRIS,149.0,149.0,149.0,149.0,
J808,,,Randolph County,IL,Aster Substation 138kV Bus,AMEREN ILLINOIS,Solar,99.0,99.0,99.0,2017-06-16T04:00:00+00:00,Done,2020-07-01T04:00:00+00:00,,,,Photovoltaic,In Service,2020-05-06T04:00:00+00:00,2019-09-01T04:00:00+00:00,2019-01-17T05:00:00+00:00,DPP-2017-AUG,Central,GIA,NRIS,99.0,99.0,99.0,99.0,
J823,,,Clark County,MO,Twin Rivers - Twin Rivers Tap - Palmyra 161kV Line,ITC MIDWEST,Solar,50.0,50.0,50.0,2017-06-16T04:00:00+00:00,Withdrawn,,2019-02-06T05:00:00+00:00,,,Photovoltaic,Not Started,,2020-09-15T04:00:00+00:00,,DPP-2017-AUG,West,GIA,NRIS,0.0,0.0,0.0,0.0,
J842,,,Gibson County,IN,Gibson - Brown 345kV Line,"Southern Indiana Gas & Electric Company d/b/a Vectren Energy Delivery of Indiana, Inc.",Wind,200.0,200.0,200.0,2017-06-16T04:00:00+00:00,Withdrawn,2022-09-14T04:00:00+00:00,2020-02-10T05:00:00+00:00,,,Wind Turbine,Not Started,,2020-07-01T04:00:00+00:00,2019-11-21T05:00:00+00:00,DPP-2017-AUG,Central,GIA,NRIS,200.0,200.0,200.0,200.0,
J825,,,Green County,WI,North Monroe - Albany 138kV Line,American Transmission Co. LLC,Wind,99.9,99.9,99.9,2017-06-16T04:00:00+00:00,Withdrawn,,2019-01-08T05:00:00+00:00,,,Wind Turbine,Not Started,,2020-09-15T04:00:00+00:00,,DPP-2017-AUG,East (ATC),GIA,NRIS,0.0,0.0,0.0,0.0,
J832,,,Cheboygan County,MI,Port Calcite - Riggsville 138kV Line,METC,Solar,100.0,100.0,100.0,2017-06-16T04:00:00+00:00,Withdrawn,2022-12-31T05:00:00+00:00,2021-06-02T04:00:00+00:00,,,Photovoltaic,Withdrawn,2020-06-12T04:00:00+00:00,2020-04-01T04:00:00+00:00,2020-01-06T05:00:00+00:00,DPP-2017-AUG,East (ITC),GIA,NRIS,91.0,91.0,91.0,91.0,
J831,,,Ozaukee County,WI,Port Washington Generating Switchyard 138 kV,American Transmission Co. LLC,Combined Cycle,48.0,40.0,48.0,2017-06-16T04:00:00+00:00,Done,2019-10-28T04:00:00+00:00,,,,Combined Cycle,In Service,2019-11-12T05:00:00+00:00,2017-06-16T04:00:00+00:00,2019-08-01T04:00:00+00:00,DPP-2017-AUG,East (ATC),GIA,NRIS,48.0,48.0,48.0,48.0,
J810,,,Audubon County,IA,Atlantic to Adair 161 kV line,MIDAMERICAN ENERGY COMPANY,Gas,145.5,139.6,145.5,2017-06-16T04:00:00+00:00,Withdrawn,,2018-08-31T04:00:00+00:00,,,Combustion Turbine (Simple Cycle),Not Started,,2023-04-01T04:00:00+00:00,,DPP-2017-AUG,West,GIA,NRIS,0.0,0.0,0.0,0.0,
J844,,,Knox County,IL,Sandburg Substation 138kV Bus,AMEREN TRANSMISSION COMPANY OF ILLINOIS,Wind,300.0,300.0,300.0,2017-06-16T04:00:00+00:00,Done,2021-05-28T04:00:00+00:00,,,,Wind Turbine,Under Construction,2019-12-10T05:00:00+00:00,2020-09-01T04:00:00+00:00,2019-07-15T04:00:00+00:00,DPP-2017-AUG,Central,GIA,ERIS,147.0,0.0,147.0,0.0,
J815,,,Christian County,IL,Taylorville South-Austin (formerly Pawnee)138kV Line,AMEREN ILLINOIS,Solar,250.0,250.0,250.0,2017-06-16T04:00:00+00:00,Withdrawn,2022-10-28T04:00:00+00:00,2026-03-02T05:00:00+00:00,,,Photovoltaic,Under Construction,2020-04-16T04:00:00+00:00,2020-09-30T04:00:00+00:00,2019-11-04T05:00:00+00:00,DPP-2017-AUG,Central,GIA,NRIS,250.0,250.0,250.0,250.0,
J809,,,Ottawa County,MI,Bass Creek - Black River 138 kV Line Tap,METC,Solar,99.0,99.0,99.0,2017-06-16T04:00:00+00:00,Withdrawn,,2019-01-09T05:00:00+00:00,,,Photovoltaic,Not Started,,2019-09-01T04:00:00+00:00,,DPP-2017-AUG,East (ITC),GIA,NRIS,0.0,0.0,0.0,0.0,
J843,,,Gibson County,IN,Gibson - Francisco 345kV Line,Duke Energy Corporation,Wind,200.0,200.0,200.0,2017-06-16T04:00:00+00:00,Withdrawn,2021-09-01T04:00:00+00:00,2020-02-10T05:00:00+00:00,,,Wind Turbine,Not Started,,2020-07-01T04:00:00+00:00,2019-11-21T05:00:00+00:00,DPP-2017-AUG,Central,GIA,NRIS,200.0,200.0,200.0,200.0,
J812,,,Van Buren County,MI,Covert - Palisades 345kV Line,METC,Combined Cycle,1217.0,1108.0,1217.0,2017-06-16T04:00:00+00:00,Withdrawn,,2017-10-26T04:00:00+00:00,,,Combined Cycle,Not Started,,2017-06-16T04:00:00+00:00,,DPP-2017-AUG,East (ITC),GIA,NRIS,0.0,0.0,0.0,0.0,
J877,,,Palo Alto County,IA,Obrien - Kossuth 345kV Line (J529 & J590 New Substation),MIDAMERICAN ENERGY COMPANY,Solar,250.0,250.0,250.0,2017-06-16T04:00:00+00:00,Done,2023-07-01T04:00:00+00:00,,,,Photovoltaic,Under Construction,2021-05-19T04:00:00+00:00,2021-09-30T04:00:00+00:00,2021-05-19T04:00:00+00:00,DPP-2017-AUG,West,GIA,NRIS,250.0,250.0,250.0,250.0,
J835,,,Morgan County,IL,Meredosia - Austin 345kV Line,AMEREN ILLINOIS,Wind,200.0,200.0,200.0,2017-06-16T04:00:00+00:00,Withdrawn,,2019-04-17T04:00:00+00:00,,,Wind Turbine,Not Started,,2020-07-01T04:00:00+00:00,,DPP-2017-AUG,Central,GIA,NRIS,200.0,200.0,0.0,0.0,
J866,,,Tunica County,MS,Batesville - Robert E. Ritchie 230 kV line,Entergy,Wind,200.0,200.0,200.0,2017-06-16T04:00:00+00:00,Done,2021-07-01T04:00:00+00:00,,,,Wind Turbine,Under Construction,2020-04-06T04:00:00+00:00,2020-03-30T04:00:00+00:00,2019-10-03T04:00:00+00:00,DPP-2017-AUG,South,GIA,NRIS,200.0,200.0,200.0,200.0,
J847,,,Jasper County,IN,Schahfer Tap 138kV Substation,NORTHERN INDIANA PUBLIC SERVICE COMPANY LLC,Solar,90.0,90.0,90.0,2017-06-16T04:00:00+00:00,Done,2021-04-01T04:00:00+00:00,,,,Photovoltaic,Under Construction,2019-09-17T04:00:00+00:00,2020-04-01T04:00:00+00:00,2019-07-19T04:00:00+00:00,DPP-2017-AUG,Central,GIA,NRIS,90.0,90.0,90.0,90.0,
J879,,,Baraga County,MI,North Lake 138 kV Substation,American Transmission Co. LLC,Wind,70.0,70.0,70.0,2017-06-16T04:00:00+00:00,Withdrawn,,2018-05-11T04:00:00+00:00,,,Wind Turbine,Not Started,,2020-09-23T04:00:00+00:00,,DPP-2017-AUG,East (ITC),GIA,NRIS,0.0,0.0,0.0,0.0,
J867,,,Polk County,TX,Gulf Livingston - SHECO Menard,Entergy,Solar,200.0,200.0,200.0,2017-06-16T04:00:00+00:00,Withdrawn,,2019-01-07T05:00:00+00:00,,,Photovoltaic,Not Started,,2019-09-29T04:00:00+00:00,,DPP-2017-AUG,South,GIA,NRIS,0.0,0.0,0.0,0.0,
J882,,,Montgomery County,IL,Coffeen North 138kV Substation,AMEREN ILLINOIS,Solar,15.0,15.0,15.0,2017-06-16T04:00:00+00:00,Withdrawn,,2017-08-08T04:00:00+00:00,,,Photovoltaic,Not Started,,2019-04-01T04:00:00+00:00,,DPP-2017-AUG,Central,GIA,ERIS,0.0,0.0,0.0,0.0,
J830,,,Madison County,MS,Canton South to Hoy Road 230 kV Line,Entergy,Solar,100.0,100.0,100.0,2017-06-16T04:00:00+00:00,Done,2021-11-15T05:00:00+00:00,,,,Photovoltaic,In Service,2020-03-05T05:00:00+00:00,2020-06-01T04:00:00+00:00,2019-09-12T04:00:00+00:00,DPP-2017-AUG,South,GIA,NRIS,100.0,100.0,100.0,100.0,
J813,,,Clay County,IL,Louisville South Substation 138kV Line,AMEREN ILLINOIS,Solar,275.0,275.0,275.0,2017-06-16T04:00:00+00:00,Done,2021-10-29T04:00:00+00:00,,,,Photovoltaic,Under Construction,2019-12-16T05:00:00+00:00,2020-09-30T04:00:00+00:00,2019-07-15T04:00:00+00:00,DPP-2017-AUG,Central,GIA,NRIS,250.0,250.0,250.0,250.0,
J833,,,Washtenaw County,MI,Milan-Pioneer 120kV line tap,ITC MIDWEST,Solar,100.0,100.0,100.0,2017-06-16T04:00:00+00:00,Withdrawn,2022-04-29T04:00:00+00:00,2021-10-22T04:00:00+00:00,,,Photovoltaic,Withdrawn,2020-06-17T04:00:00+00:00,2020-04-01T04:00:00+00:00,2020-01-06T05:00:00+00:00,DPP-2017-AUG,East (ITC),GIA,NRIS,50.0,50.0,50.0,50.0,
J845,,,Ford County,IL,Gibson City South - Paxton East 138kV Line,AMEREN ILLINOIS,Wind,120.0,120.0,120.0,2017-06-16T04:00:00+00:00,Done,2021-06-01T04:00:00+00:00,,,,Wind Turbine,In Service,2019-12-06T05:00:00+00:00,2020-09-01T04:00:00+00:00,2019-07-22T04:00:00+00:00,DPP-2017-AUG,Central,GIA,NRIS,120.0,52.0,120.0,52.0,
J814,,,Clark County,WI,Eau Claire - Arpin 345kV Line,NORTHERN STATES POWER COMPANY,Wind,99.9,99.9,99.9,2017-06-16T04:00:00+00:00,Withdrawn,,2019-02-04T05:00:00+00:00,,,Wind Turbine,Not Started,,2020-09-15T04:00:00+00:00,,DPP-2017-AUG,West,GIA,NRIS,0.0,0.0,0.0,0.0,
J846,,,Hillsdale County,MI,Moore Roadtyd - Coldwater Creek 138 kV Line Tap,METC,Solar,140.0,140.0,140.0,2017-06-16T04:00:00+00:00,Withdrawn,,2019-01-09T05:00:00+00:00,,,Photovoltaic,Not Started,,2020-04-01T04:00:00+00:00,,DPP-2017-AUG,East (ITC),GIA,NRIS,0.0,0.0,0.0,0.0,
J883,,,Pulaski County,IN,Monticello-East Winamac,NORTHERN INDIANA PUBLIC SERVICE COMPANY LLC,Wind,80.0,80.0,80.0,2017-06-16T04:00:00+00:00,Withdrawn,2022-05-01T04:00:00+00:00,2020-12-04T05:00:00+00:00,,,Wind Turbine,Withdrawn,2019-12-04T05:00:00+00:00,2020-10-01T04:00:00+00:00,2019-07-15T04:00:00+00:00,DPP-2017-AUG,Central,GIA,NRIS,80.0,80.0,80.0,80.0,
J851,,,Henry County,IN,Fall Creek - New Castle 138kV Line,Duke Energy Corporation,Wind,50.0,50.0,50.0,2017-06-16T04:00:00+00:00,Withdrawn,,2019-01-08T05:00:00+00:00,,,Wind Turbine,Not Started,,2019-10-01T04:00:00+00:00,,DPP-2017-AUG,Central,GIA,NRIS,0.0,0.0,0.0,0.0,
J878,,,Kenosha County,WI,Paris 138kV Substation,American Transmission Co. LLC,Solar,200.0,200.0,200.0,2017-06-16T04:00:00+00:00,Done,2022-09-01T04:00:00+00:00,,,,Photovoltaic,Under Construction,2020-04-28T04:00:00+00:00,2021-09-10T04:00:00+00:00,2019-11-08T05:00:00+00:00,DPP-2017-AUG,East (ATC),GIA,NRIS,200.0,200.0,200.0,200.0,
J849,,,Delta County,MI,Chandler 138 kV Substation,American Transmission Co. LLC,Solar,125.0,125.0,125.0,2017-06-16T04:00:00+00:00,Withdrawn,2022-04-01T04:00:00+00:00,2022-04-19T04:00:00+00:00,,,Photovoltaic,Withdrawn,2019-06-26T04:00:00+00:00,2020-04-01T04:00:00+00:00,2019-01-24T05:00:00+00:00,DPP-2017-AUG,East (ITC),GIA,NRIS,125.0,125.0,125.0,125.0,
J873,,,Hardin County,IA,Killdeer- Blackhawk 345kV Line,ITC MIDWEST,Wind,200.0,200.0,200.0,2017-06-16T04:00:00+00:00,Withdrawn,,2021-01-29T05:00:00+00:00,,,Wind Turbine,Not Started,,2021-07-01T04:00:00+00:00,,DPP-2017-AUG,West,GIA,NRIS,200.0,200.0,0.0,0.0,
J855,,,"Grant County,Iowa County",WI,Lancaster - Eden 138 kV Line Tap,American Transmission Co. LLC,Wind,100.0,100.0,100.0,2017-06-16T04:00:00+00:00,Done,2020-11-06T05:00:00+00:00,,,,Wind Turbine,Under Construction,2019-11-14T05:00:00+00:00,2019-08-01T04:00:00+00:00,2019-08-26T04:00:00+00:00,DPP-2017-AUG,East (ATC),GIA,NRIS,100.0,100.0,99.99,99.99,
J906,,,Muskegon County,MI,Kenowa - Ludington 345 kV Line Tap,METC,Wind,100.0,100.0,100.0,2017-06-16T04:00:00+00:00,Withdrawn,,2020-02-07T05:00:00+00:00,,,Wind Turbine,Withdrawn,,2020-07-01T04:00:00+00:00,2020-01-06T05:00:00+00:00,DPP-2017-AUG,East (ITC),GIA,NRIS,100.0,100.0,100.0,100.0,
J898,,,Howard County,IA,Rice - Beaver Creek 161kV line tap,DAIRYLAND POWER COOPERATIVE,Wind,100.0,100.0,100.0,2017-06-16T04:00:00+00:00,Done,2023-11-30T05:00:00+00:00,,,,Wind Turbine,Under Construction,2021-09-26T04:00:00+00:00,2021-10-01T04:00:00+00:00,2021-09-27T04:00:00+00:00,DPP-2017-AUG,West,GIA,ERIS,100.0,100.0,100.0,0.0,
J834,,,Phillips County,AR,Robert E Ritchie 230kV Substation,Entergy,Solar,100.0,100.0,100.0,2017-06-16T04:00:00+00:00,Done,2021-11-15T05:00:00+00:00,,,,Photovoltaic,In Service,2020-03-06T05:00:00+00:00,2020-09-01T04:00:00+00:00,2019-10-03T04:00:00+00:00,DPP-2017-AUG,South,GIA,NRIS,100.0,100.0,100.0,100.0,
J876,,,Faribault County,MN,Huntley 345kV sub,ITC MIDWEST,Wind,200.0,200.0,200.0,2017-06-16T04:00:00+00:00,Withdrawn,,2019-07-23T04:00:00+00:00,,,Wind Turbine,Not Started,,2020-09-15T04:00:00+00:00,,DPP-2017-AUG,West,GIA,NRIS,0.0,0.0,0.0,0.0,
J899,,,Carroll County,AR,Green Forest South - Harrison West 161kV,Entergy,Wind,180.0,180.0,180.0,2017-06-16T04:00:00+00:00,Withdrawn,,2019-03-25T04:00:00+00:00,,,Wind Turbine,Not Started,,2019-10-15T04:00:00+00:00,,DPP-2017-AUG,South,GIA,NRIS,180.0,180.0,0.0,0.0,
J931,,,Ottawa County,MI,Kenowa 345kV Substation,METC,Wind,150.0,150.0,150.0,2017-06-16T04:00:00+00:00,Withdrawn,,2019-04-23T04:00:00+00:00,,,Wind Turbine,Not Started,,2021-09-15T04:00:00+00:00,,DPP-2017-AUG,East (ITC),GIA,NRIS,150.0,150.0,0.0,0.0,
J880,,,Ward County,ND,Magic City 230kV sub,NORTHERN STATES POWER COMPANY,Wind,150.0,150.0,150.0,2017-06-16T04:00:00+00:00,Withdrawn,,2019-10-24T04:00:00+00:00,,,Wind Turbine,Not Started,,2020-09-15T04:00:00+00:00,,DPP-2017-AUG,West,GIA,NRIS,0.0,0.0,0.0,0.0,
J868,,,Concordia Parish,LA,Plantation 115 kV Substation,Entergy,,37.2,37.2,37.2,2017-06-16T04:00:00+00:00,Done,1990-12-03T05:00:00+00:00,,,,,Under Construction,2020-03-05T05:00:00+00:00,,2019-09-12T04:00:00+00:00,DPP-2017-AUG,South,GIA,NRIS,0.0,25.33,0.0,23.5,
J869,,,Sherburne County,MN,Cable - Cable Tap 69kV Substation,GREAT RIVER ENERGY,Solar,49.98,49.98,49.98,2017-06-16T04:00:00+00:00,Withdrawn,,2019-10-24T04:00:00+00:00,,,Photovoltaic,Not Started,,2022-09-01T04:00:00+00:00,,DPP-2017-AUG,West,GIA,NRIS,0.0,0.0,0.0,0.0,
J884,,,McLean County,IL,Brokaw - Gibson City South 138 kV Line,AMEREN ILLINOIS,Solar,100.0,100.0,100.0,2017-06-16T04:00:00+00:00,Withdrawn,2021-05-28T04:00:00+00:00,2019-12-18T05:00:00+00:00,,,Photovoltaic,Not Started,,2020-09-15T04:00:00+00:00,2019-07-15T04:00:00+00:00,DPP-2017-AUG,Central,GIA,NRIS,100.0,100.0,100.0,100.0,
J848,,,Christian County,IL,Pana Substation 138kV Bus,AMEREN TRANSMISSION COMPANY OF ILLINOIS,Wind,250.0,250.0,250.0,2017-06-16T04:00:00+00:00,Withdrawn,2021-05-28T04:00:00+00:00,2026-01-20T05:00:00+00:00,,,Wind Turbine,Under Construction,2020-04-17T04:00:00+00:00,2020-09-30T04:00:00+00:00,2019-07-23T04:00:00+00:00,DPP-2017-AUG,Central,GIA,NRIS,250.0,250.0,235.0,235.0,
J881,,,Jasper County,IL,Newton 138kV Substation,AMEREN ILLINOIS,Solar,45.0,45.0,45.0,2017-06-16T04:00:00+00:00,Withdrawn,,2017-07-17T04:00:00+00:00,,,Photovoltaic,Not Started,,2019-04-01T04:00:00+00:00,,DPP-2017-AUG,Central,GIA,ERIS,0.0,0.0,0.0,0.0,
J872,,,Macon County,IL,Blue Mount tap on the Pana-Route 51D-1462 138kV line,AMEREN ILLINOIS,Wind,200.0,200.0,200.0,2017-06-16T04:00:00+00:00,Withdrawn,,2019-01-08T05:00:00+00:00,,,Wind Turbine,Not Started,,2020-09-01T04:00:00+00:00,,DPP-2017-AUG,Central,GIA,NRIS,0.0,0.0,0.0,0.0,
J875,,,Lenawee County,MI,Par - Raisin Road 138kV Line,METC,Solar,150.0,150.0,150.0,2017-06-16T04:00:00+00:00,Done,2022-11-18T05:00:00+00:00,,,,Photovoltaic,Under Construction,2020-08-06T04:00:00+00:00,2020-09-10T04:00:00+00:00,2020-01-06T05:00:00+00:00,DPP-2017-AUG,East (ITC),GIA,NRIS,150.0,150.0,150.0,150.0,
J870,,,"Grant County,Iowa County",WI,Eden - Wyoming Valley 138kV Line Tap,American Transmission Co. LLC,Solar,200.0,200.0,200.0,2017-06-16T04:00:00+00:00,Done,2020-08-01T04:00:00+00:00,,,,Photovoltaic,In Service,2020-02-21T05:00:00+00:00,2021-09-10T04:00:00+00:00,2019-11-14T05:00:00+00:00,DPP-2017-AUG,East (ATC),GIA,NRIS,200.0,200.0,200.0,200.0,
J871,,,"Grant County,Iowa County",WI,Eden - Wyoming Valley 138kV Line Tap,American Transmission Co. LLC,Solar,100.0,100.0,100.0,2017-06-16T04:00:00+00:00,Done,2021-08-01T04:00:00+00:00,,,,Photovoltaic,Under Construction,2020-02-21T05:00:00+00:00,2021-09-10T04:00:00+00:00,2019-11-14T05:00:00+00:00,DPP-2017-AUG,East (ATC),GIA,NRIS,100.0,100.0,100.0,100.0,
J938,,,Palo Alto County,IA,Emmestburg - Freedom 69kV Line,MIDAMERICAN ENERGY COMPANY,Wind,50.0,50.0,50.0,2017-06-16T04:00:00+00:00,Withdrawn,,2017-10-09T04:00:00+00:00,,,Wind Turbine,Not Started,,2019-09-15T04:00:00+00:00,,DPP-2017-AUG,West,GIA,NRIS,0.0,0.0,0.0,0.0,
J939,,,Wright County,IA,Clarion-Eagle Grove 69kV line,MIDAMERICAN ENERGY COMPANY,Wind,38.0,38.0,38.0,2017-06-16T04:00:00+00:00,Withdrawn,,2018-10-12T04:00:00+00:00,,,Wind Turbine,Not Started,,2019-09-15T04:00:00+00:00,,DPP-2017-AUG,West,GIA,NRIS,0.0,0.0,0.0,0.0,
J885,,,Worth County,IA,J407 Glenworth 161kV Substation,ITC MIDWEST,Wind,64.0,64.0,64.0,2017-06-16T04:00:00+00:00,Withdrawn,,2021-01-29T05:00:00+00:00,,,Wind Turbine,Not Started,,2020-09-30T04:00:00+00:00,,DPP-2017-AUG,West,GIA,NRIS,64.0,64.0,0.0,0.0,
J937,,,Calhoun County,MI,Argenta - Tompkins 345kV Line Tap,METC,Combined Cycle,535.0,507.0,535.0,2017-06-16T04:00:00+00:00,Withdrawn,2022-12-29T05:00:00+00:00,2020-10-21T04:00:00+00:00,,,Combined Cycle,Withdrawn,2020-06-11T04:00:00+00:00,2020-05-01T04:00:00+00:00,2020-01-06T05:00:00+00:00,DPP-2017-AUG,East (ITC),GIA,NRIS,535.0,535.0,535.0,507.0,
J897,,,Grand Forks County,ND,Prairie - Ramsey 230 kV line,GREAT RIVER ENERGY,Wind,190.0,190.0,190.0,2017-06-16T04:00:00+00:00,Withdrawn,2024-10-01T04:00:00+00:00,2023-07-17T04:00:00+00:00,,,Wind Turbine,Withdrawn,2022-08-03T04:00:00+00:00,2021-10-01T04:00:00+00:00,2021-09-13T04:00:00+00:00,DPP-2017-AUG,West,GIA,ERIS,190.0,190.0,190.0,0.0,
J929,,,McIntosh County,ND,Wishek 41.6 kV Substation,MONTANA-DAKOTA UTILITIES CO.,Solar,25.0,25.0,25.0,2017-06-16T04:00:00+00:00,Withdrawn,,2019-10-24T04:00:00+00:00,,,Photovoltaic,Not Started,,2021-06-30T04:00:00+00:00,,DPP-2017-AUG,West,GIA,NRIS,0.0,0.0,0.0,0.0,
J896,,,Crawford County,IA,Victory 161 kV Substation,MIDAMERICAN ENERGY COMPANY,Wind,150.0,150.0,150.0,2017-06-16T04:00:00+00:00,Withdrawn,,2018-06-18T04:00:00+00:00,,,Wind Turbine,Not Started,,2019-10-15T04:00:00+00:00,,DPP-2017-AUG,West,GIA,NRIS,0.0,0.0,0.0,0.0,
J928,,,"Delta County,Schoolcraft County",MI,Garden Corners 138 kV Substation,American Transmission Co. LLC,Wind,79.99,79.99,79.99,2017-06-16T04:00:00+00:00,Done,2019-10-01T04:00:00+00:00,,,,Wind Turbine,In Service,2019-04-19T04:00:00+00:00,2019-08-15T04:00:00+00:00,2019-01-23T05:00:00+00:00,DPP-2017-AUG,East (ITC),GIA,NRIS,79.99,79.99,79.99,79.99,
J907,,,Monroe County,AR,Brinkley East - Aubrey 230 kV Line,Entergy,Solar,200.0,200.0,200.0,2017-06-16T04:00:00+00:00,Done,2022-06-01T04:00:00+00:00,,,,Photovoltaic,In Service,2020-03-24T04:00:00+00:00,2022-09-01T04:00:00+00:00,2019-10-03T04:00:00+00:00,DPP-2017-AUG,South,GIA,NRIS,100.0,100.0,100.0,100.0,
J919,,,Jackson County,AR,Cash - Newport AB 161 kV Line Tap,Entergy,Solar,180.0,180.0,180.0,2017-06-16T04:00:00+00:00,Done,2022-02-02T05:00:00+00:00,,,,Photovoltaic,Under Construction,2019-11-21T05:00:00+00:00,2021-08-01T04:00:00+00:00,2019-06-03T04:00:00+00:00,DPP-2017-AUG,South,GIA,NRIS,180.0,180.0,180.0,180.0,
J850,,,Rock County,WI,RCEC Bradford - W. Darien 138kV Line,American Transmission Co. LLC,Solar,250.0,250.0,250.0,2017-06-16T04:00:00+00:00,Done,2022-09-24T04:00:00+00:00,,,,Photovoltaic,In Service,2020-04-24T04:00:00+00:00,2021-09-30T04:00:00+00:00,2019-11-08T05:00:00+00:00,DPP-2017-AUG,East (ATC),GIA,NRIS,250.0,250.0,250.0,250.0,
J852,,,Ouachita Parish,LA,Rilla - Riverton 115kV Line Tap,Entergy,Solar,100.0,100.0,100.0,2017-06-16T04:00:00+00:00,Withdrawn,,2019-01-07T05:00:00+00:00,,,Photovoltaic,Not Started,,2019-07-01T04:00:00+00:00,,DPP-2017-AUG,South,GIA,NRIS,0.0,0.0,0.0,0.0,
J853,,,White County,IL,Norris City North Substation 138kV Bus,AMEREN ILLINOIS,Solar,149.0,149.0,149.0,2017-06-16T04:00:00+00:00,Done,2021-05-28T04:00:00+00:00,,,,Photovoltaic,In Service,2019-12-20T05:00:00+00:00,2019-09-01T04:00:00+00:00,2019-07-15T04:00:00+00:00,DPP-2017-AUG,Central,GIA,NRIS,149.0,149.0,149.0,149.0,
J854,,,Randolph County,IL,Baldwin 138KV Substation,AMEREN ILLINOIS,Solar,30.0,30.0,30.0,2017-06-16T04:00:00+00:00,Withdrawn,,2017-08-08T04:00:00+00:00,,,Photovoltaic,Not Started,,2019-04-01T04:00:00+00:00,,DPP-2017-AUG,Central,GIA,ERIS,0.0,0.0,0.0,0.0,
J874,,,Murray County,MN,Fenton - Chanarambie 115kV Line,NORTHERN STATES POWER COMPANY,Solar,150.0,150.0,150.0,2017-06-16T04:00:00+00:00,Done,2024-07-30T04:00:00+00:00,,,,Photovoltaic,Under Construction,2021-05-19T04:00:00+00:00,2021-09-30T04:00:00+00:00,2021-05-19T04:00:00+00:00,DPP-2017-AUG,West,GIA,NRIS,150.0,150.0,150.0,150.0,
J927,,,"Faribault County,Freeborn County",MN,Walters 69 kV Substation,ITC MIDWEST,Wind,100.0,100.0,100.0,2017-06-16T04:00:00+00:00,Withdrawn,,2021-01-29T05:00:00+00:00,,,Wind Turbine,Not Started,,2021-10-01T04:00:00+00:00,,DPP-2017-AUG,West,GIA,NRIS,100.0,100.0,0.0,0.0,
J901,,,Redwood County,MN,Lyon County - Cedar Mountain Line,NORTHERN STATES POWER COMPANY,Wind,200.0,200.0,200.0,2017-06-16T04:00:00+00:00,Withdrawn,,2021-05-26T04:00:00+00:00,,,Wind Turbine,Not Started,,2021-10-01T04:00:00+00:00,,DPP-2017-AUG,West,GIA,ERIS,200.0,200.0,200.0,0.0,
J934,,,Crittenden County,AR,Kuhn 161kV Substation,Entergy,Solar,200.0,200.0,200.0,2017-06-16T04:00:00+00:00,Done,2022-06-01T04:00:00+00:00,,,,Photovoltaic,Under Construction,2020-02-28T05:00:00+00:00,2021-09-01T04:00:00+00:00,2019-09-12T04:00:00+00:00,DPP-2017-AUG,South,GIA,NRIS,180.0,180.0,180.0,180.0,
J922,,,Chicot County,AR,Lake Village Bagby - Chicot 115kV Line,Entergy,Solar,100.0,100.0,100.0,2017-06-16T04:00:00+00:00,Withdrawn,,2019-01-07T05:00:00+00:00,,,Photovoltaic,Not Started,,2020-06-30T04:00:00+00:00,,DPP-2017-AUG,South,GIA,NRIS,0.0,0.0,0.0,0.0,
J951,,,Kittson County,MN,Donaldson - Warsaw 115 kV Line Tap,OTTER TAIL POWER COMPANY,Wind,80.0,80.0,80.0,2018-02-02T05:00:00+00:00,Withdrawn,,2020-03-25T04:00:00+00:00,,,Wind Turbine,Not Started,,2018-11-15T05:00:00+00:00,,DPP-2018-APR,West,GIA,ERIS,0.0,0.0,0.0,0.0,
J908,,,Tallahatchie County,MS,Webb 115kV Substation,Entergy,Solar,100.0,100.0,100.0,2017-06-16T04:00:00+00:00,Done,2023-06-01T04:00:00+00:00,,,,Photovoltaic,Under Construction,2020-03-04T05:00:00+00:00,2021-09-01T04:00:00+00:00,2019-09-12T04:00:00+00:00,DPP-2017-AUG,South,GIA,NRIS,100.0,100.0,100.0,100.0,
J930,,,Sioux County,IA,Boyden - Sheldon 69kV line,MIDAMERICAN ENERGY COMPANY,Wind,38.0,38.0,38.0,2017-06-16T04:00:00+00:00,Withdrawn,,2017-11-16T05:00:00+00:00,,,Wind Turbine,Not Started,,2019-09-15T04:00:00+00:00,,DPP-2017-AUG,West,GIA,NRIS,0.0,0.0,0.0,0.0,
J932,,,Liberty County,TX,Porter - China 230 kV Line,Entergy,Solar,100.0,100.0,100.0,2017-06-16T04:00:00+00:00,Withdrawn,,2019-01-07T05:00:00+00:00,,,Photovoltaic,Not Started,,2019-09-15T04:00:00+00:00,,DPP-2017-AUG,South,GIA,NRIS,0.0,0.0,0.0,0.0,
J903,,,Henry County,IN,Greensboro 138 kV Substation,Duke Energy Corporation,Solar,100.0,100.0,100.0,2017-06-16T04:00:00+00:00,Done,2023-05-01T04:00:00+00:00,,,,Photovoltaic,Under Construction,2019-12-06T05:00:00+00:00,2020-09-15T04:00:00+00:00,2019-07-15T04:00:00+00:00,DPP-2017-AUG,Central,GIA,NRIS,100.0,100.0,100.0,100.0,
J913,,,White County,IN,Reynolds 345kV Substation,NORTHERN INDIANA PUBLIC SERVICE COMPANY LLC,Solar,200.0,200.0,200.0,2017-06-16T04:00:00+00:00,Done,2022-08-15T04:00:00+00:00,,,,Photovoltaic,In Service,2019-12-03T05:00:00+00:00,2020-08-01T04:00:00+00:00,2019-07-15T04:00:00+00:00,DPP-2017-AUG,Central,GIA,NRIS,200.0,160.0,200.0,160.0,
J926,,,Saint Croix County,WI,Pine Lake - Apple River 161 kV Line,NORTHERN STATES POWER COMPANY,Solar,101.28,101.28,101.28,2017-06-16T04:00:00+00:00,Done,2023-09-15T04:00:00+00:00,,,,Photovoltaic,Under Construction,2021-06-03T04:00:00+00:00,2021-09-01T04:00:00+00:00,2021-06-04T04:00:00+00:00,DPP-2017-AUG,West,GIA,ERIS,101.28,101.28,101.28,0.0,
J916,,,Cottonwood County,MN,Mountain Lake 69kV Substation,ITC MIDWEST,Diesel,2.0,2.0,2.0,2017-06-16T04:00:00+00:00,Withdrawn,,2021-01-29T05:00:00+00:00,,,Combustion Turbine (Simple Cycle),Not Started,,2020-07-06T04:00:00+00:00,,DPP-2017-AUG,West,GIA,NRIS,2.0,2.0,0.0,0.0,
J917,,,Liberty County,TX,Tarkington - New Long John 138kV line tap,Entergy,Solar,78.0,78.0,78.0,2017-06-16T04:00:00+00:00,Withdrawn,,2019-01-07T05:00:00+00:00,,,Photovoltaic,Not Started,,2019-11-01T04:00:00+00:00,,DPP-2017-AUG,South,GIA,NRIS,0.0,0.0,0.0,0.0,
J900,,,Livingston Parish,LA,Coly - Vignes 230kV Line,Entergy,Solar,200.0,200.0,200.0,2017-06-16T04:00:00+00:00,Withdrawn,,2019-01-07T05:00:00+00:00,,,Photovoltaic,Not Started,,2020-09-15T04:00:00+00:00,,DPP-2017-AUG,South,GIA,NRIS,0.0,0.0,0.0,0.0,
J920,,,Pulaski County,IL,Joppa 161 kV Substation,AMEREN ILLINOIS,Solar,100.0,100.0,100.0,2017-06-16T04:00:00+00:00,Withdrawn,,2017-08-29T04:00:00+00:00,,,Photovoltaic,Not Started,,2019-08-31T04:00:00+00:00,,DPP-2017-AUG,Central,GIA,NRIS,0.0,0.0,0.0,0.0,
J944,,,New Madrid County,MO,Portageville - New Madrid 161kV Line,Entergy,Solar,200.0,200.0,200.0,2017-06-16T04:00:00+00:00,Done,2022-10-01T04:00:00+00:00,,,,Photovoltaic,In Service,2019-12-17T05:00:00+00:00,2021-09-01T04:00:00+00:00,2019-07-10T04:00:00+00:00,DPP-2017-AUG,South,GIA,NRIS,200.0,200.0,200.0,200.0,
J984,,,Gratiot County,MI,Nelson Road – Murphy 345kV line,METC,Wind,200.0,200.0,200.0,2018-03-12T04:00:00+00:00,Done,2022-10-31T04:00:00+00:00,,,,Wind Turbine,Under Construction,2021-05-07T04:00:00+00:00,2021-06-01T04:00:00+00:00,2020-12-22T05:00:00+00:00,DPP-2018-APR,East (ITC),GIA,NRIS,200.0,200.0,200.0,200.0,
J971,,,Nobles County,MN,Nobles Co - Fenton 115 kV Line Tap,NORTHERN STATES POWER COMPANY,Wind,250.0,250.0,250.0,2018-03-12T04:00:00+00:00,Withdrawn,,2020-03-25T04:00:00+00:00,,,Wind Turbine,Not Started,,2020-09-30T04:00:00+00:00,,DPP-2018-APR,West,GIA,NRIS,0.0,0.0,0.0,0.0,
J955,,,Sangamon County,IL,Austin Substation 345kV Bus,AMEREN TRANSMISSION COMPANY OF ILLINOIS,Gas,1165.0,1040.0,1165.0,2018-03-08T05:00:00+00:00,Done,2025-01-31T05:00:00+00:00,,,,Combined Cycle,Under Construction,2022-04-26T04:00:00+00:00,2021-11-01T04:00:00+00:00,2022-04-27T04:00:00+00:00,DPP-2018-APR,Central,GIA,NRIS,1165.0,1165.0,1165.0,1165.0,
J947,,,Grant County,WI,Potosis - Hillman 138kV Line,American Transmission Co. LLC,Solar,200.0,200.0,200.0,2017-06-16T04:00:00+00:00,Done,2023-07-01T04:00:00+00:00,,,,Photovoltaic,In Service,2020-04-17T04:00:00+00:00,2019-09-15T04:00:00+00:00,2019-11-14T05:00:00+00:00,DPP-2017-AUG,East (ATC),GIA,NRIS,200.0,200.0,200.0,200.0,
J972,,,St. Francis County,AR,Hughes-Forest City South 161kv line,"ENTERGY ARKANSAS, LLC",Solar,140.0,140.0,140.0,2018-03-12T04:00:00+00:00,Withdrawn,,2019-08-29T04:00:00+00:00,,,Photovoltaic,Not Started,,2021-10-31T04:00:00+00:00,,DPP-2018-APR,South,GIA,NRIS,0.0,0.0,0.0,0.0,
J910,,,Hinds County,MS,Clinton Industrial 230kV Substation,Entergy,Solar,150.0,150.0,150.0,2017-06-16T04:00:00+00:00,Withdrawn,,2019-01-07T05:00:00+00:00,,,Photovoltaic,Not Started,,2020-09-15T04:00:00+00:00,,DPP-2017-AUG,South,GIA,NRIS,0.0,0.0,0.0,0.0,
J933,,,Day County,SD,Ellendale - Big Stone South 345kV Line,OTTER TAIL POWER COMPANY,Wind,200.0,200.0,200.0,2017-06-16T04:00:00+00:00,Withdrawn,,2021-01-29T05:00:00+00:00,,,Wind Turbine,Not Started,,2021-09-15T04:00:00+00:00,,DPP-2017-AUG,West,GIA,NRIS,200.0,200.0,0.0,0.0,
J911,,,Montgomery County,TX,Porter 230kV Substation,Entergy,Solar,150.0,150.0,150.0,2017-06-16T04:00:00+00:00,Withdrawn,,2019-01-07T05:00:00+00:00,,,Photovoltaic,Not Started,,2020-09-15T04:00:00+00:00,,DPP-2017-AUG,South,GIA,NRIS,0.0,0.0,0.0,0.0,
J902,,,Ashley County,AR,AECC Mist to Montrose 115 kV line,Entergy,Solar,99.96,99.96,99.96,2017-06-16T04:00:00+00:00,Withdrawn,,2019-01-07T05:00:00+00:00,,,Photovoltaic,Not Started,,2019-09-01T04:00:00+00:00,,DPP-2017-AUG,South,GIA,NRIS,0.0,0.0,0.0,0.0,
J935,,,Hubbard County,MN,Hubbard - Badoura 230kV Line,MINNESOTA POWER INC.,Solar,200.0,200.0,200.0,2017-06-16T04:00:00+00:00,Withdrawn,,2019-02-04T05:00:00+00:00,,,Photovoltaic,Not Started,,2020-09-15T04:00:00+00:00,,DPP-2017-AUG,West,GIA,NRIS,0.0,0.0,0.0,0.0,
J923,,,Montgomery County,TX,Porter 230kV Substation,Entergy,Battery Storage,50.0,50.0,50.0,2017-06-16T04:00:00+00:00,Withdrawn,,2019-01-08T05:00:00+00:00,,,Battery Storage,Not Started,,2020-09-15T04:00:00+00:00,,DPP-2017-AUG,South,GIA,NRIS,0.0,0.0,0.0,0.0,
J909,,,Tangipahoa Parish,LA,Amite 115 kV Substation,Entergy,Solar,100.0,100.0,100.0,2017-06-16T04:00:00+00:00,Done,2022-02-15T05:00:00+00:00,,,,Photovoltaic,Under Construction,2019-11-22T05:00:00+00:00,2021-09-01T04:00:00+00:00,2019-06-06T04:00:00+00:00,DPP-2017-AUG,South,GIA,NRIS,100.0,100.0,100.0,100.0,
J921,,,Ionia County,MI,Thompson Road 138 kV Substation,METC,Wind,146.7,146.7,146.7,2017-06-16T04:00:00+00:00,Withdrawn,,2019-04-23T04:00:00+00:00,,,Wind Turbine,Not Started,,2019-07-01T04:00:00+00:00,,DPP-2017-AUG,East (ITC),GIA,NRIS,146.7,146.7,0.0,0.0,
J912,,,Christian County,IL,Pana Substation 138kV Bus,AMEREN TRANSMISSION COMPANY OF ILLINOIS,Solar,100.0,100.0,100.0,2017-06-16T04:00:00+00:00,Done,2023-09-15T04:00:00+00:00,,,,Photovoltaic,Under Construction,2020-04-16T04:00:00+00:00,2020-09-15T04:00:00+00:00,2019-11-04T05:00:00+00:00,DPP-2017-AUG,Central,GIA,NRIS,100.0,100.0,100.0,100.0,
J914,,,Manistee County,MI,Filer City 138 kV Substation,METC,Gas,30.0,30.0,30.0,2017-06-16T04:00:00+00:00,Withdrawn,,2019-01-09T05:00:00+00:00,,,Combustion Turbine (Simple Cycle),Not Started,,2019-10-01T04:00:00+00:00,,DPP-2017-AUG,East (ITC),GIA,NRIS,0.0,0.0,0.0,0.0,
J940,,,Burleigh County,ND,Jamestown - Center 345kV Line,OTTER TAIL POWER COMPANY,Wind,100.0,100.0,100.0,2017-06-16T04:00:00+00:00,Withdrawn,,2019-02-06T05:00:00+00:00,,,Wind Turbine,Not Started,,2019-09-15T04:00:00+00:00,,DPP-2017-AUG,West,GIA,NRIS,0.0,0.0,0.0,0.0,
J941,,,Grant County,SD,Big Stone-Brookings County 345KV Line,OTTER TAIL POWER COMPANY,Wind,200.0,200.0,200.0,2017-06-16T04:00:00+00:00,Withdrawn,,2018-11-01T04:00:00+00:00,,,Wind Turbine,Not Started,,2020-07-01T04:00:00+00:00,,DPP-2017-AUG,West,GIA,NRIS,0.0,0.0,0.0,0.0,
J936,,,Calhoun County,MI,Argenta - Tompkins 345kV Line Tap,METC,Combined Cycle,535.0,507.0,535.0,2017-06-16T04:00:00+00:00,Withdrawn,,2019-01-09T05:00:00+00:00,,,Combined Cycle,Not Started,,2020-05-01T04:00:00+00:00,,DPP-2017-AUG,East (ITC),GIA,NRIS,0.0,0.0,0.0,0.0,
J904,,,Ashley County,AR,Hamburg - Mist 115kV Line,Entergy,Solar,100.0,100.0,100.0,2017-06-16T04:00:00+00:00,Withdrawn,,2019-01-07T05:00:00+00:00,,,Photovoltaic,Not Started,,2019-09-15T04:00:00+00:00,,DPP-2017-AUG,South,GIA,NRIS,0.0,0.0,0.0,0.0,
J942,,,Craighead County,AR,Cash - Newport AB 161kV Line Tap,Entergy,Solar,107.0,107.0,107.0,2017-06-16T04:00:00+00:00,Withdrawn,,2019-03-25T04:00:00+00:00,,,Photovoltaic,Not Started,,2021-08-01T04:00:00+00:00,,DPP-2017-AUG,South,GIA,NRIS,107.0,107.0,0.0,0.0,
J953,,,Johnson County,IA,AMIL.IOW_AFRYT,ITC MIDWEST,Diesel,2.0,1.83,2.0,2018-03-08T05:00:00+00:00,Done,,,,,"Piston (Engine), Internal Combustion (Diesel)",Not Started,2022-08-12T04:00:00+00:00,2006-01-01T05:00:00+00:00,,DPP-2018-APR,West,GIA,E-NRIS,1.83,2.0,1.83,2.0,
J956,,,Ralls County,MO,Spencer Creek 345kV Substation,Ameren Missouri,Solar,200.0,200.0,200.0,2018-03-09T05:00:00+00:00,Done,2024-06-01T04:00:00+00:00,,,,Photovoltaic,Not Started,2021-12-22T05:00:00+00:00,2021-09-15T04:00:00+00:00,2021-12-22T05:00:00+00:00,DPP-2018-APR,Central,GIA,NRIS,200.0,200.0,200.0,200.0,
J973,,,"Coles County,Edgar County",IL,Kansas West 345kV Substation,AMEREN TRANSMISSION COMPANY OF ILLINOIS,Wind,250.0,250.0,250.0,2018-03-12T04:00:00+00:00,Withdrawn,,2019-03-19T04:00:00+00:00,,,Wind Turbine,Not Started,,2020-09-01T04:00:00+00:00,,DPP-2018-APR,Central,GIA,NRIS,0.0,0.0,0.0,0.0,
J949,,,Coles County,IL,Kansas Substation 138kV Bus #3,AMEREN TRANSMISSION COMPANY OF ILLINOIS,Solar,200.0,200.0,200.0,2017-06-16T04:00:00+00:00,Done,2020-10-31T04:00:00+00:00,,,,Photovoltaic,In Service,2019-12-10T05:00:00+00:00,2020-08-31T04:00:00+00:00,2019-07-15T04:00:00+00:00,DPP-2017-AUG,Central,GIA,NRIS,200.0,170.0,200.0,170.0,
J957,,,"Mercer County,Putnam County,Sullivan County",MO,Maywood 345kV Substation,AMEREN TRANSMISSION COMPANY OF ILLINOIS,Wind,800.0,800.0,800.0,2018-03-09T05:00:00+00:00,Withdrawn,,2019-03-19T04:00:00+00:00,,,Wind Turbine,Not Started,,2010-09-01T04:00:00+00:00,,DPP-2018-APR,Central,GIA,NRIS,0.0,0.0,0.0,0.0,
J924,,,Monroe County,AR,Brinkley East - Aubrey 230 kV line,Entergy,Battery Storage,50.0,50.0,50.0,2017-06-16T04:00:00+00:00,Withdrawn,,2019-01-08T05:00:00+00:00,,,Battery Storage,Not Started,,2020-09-15T04:00:00+00:00,,DPP-2017-AUG,South,GIA,NRIS,0.0,0.0,0.0,0.0,
J905,,,Pipestone County,MN,Buffalo Ridge 115kV Substation,NORTHERN STATES POWER COMPANY,Solar,40.0,40.0,40.0,2017-06-16T04:00:00+00:00,Withdrawn,,2021-01-29T05:00:00+00:00,,,Photovoltaic,Not Started,,2020-09-15T04:00:00+00:00,,DPP-2017-AUG,West,GIA,NRIS,40.0,40.0,0.0,0.0,
J948,,,Poinsett County,AR,Harrisburg Tap - Harrisburg 161kV Line,Entergy,Solar,100.0,100.0,100.0,2017-06-16T04:00:00+00:00,Withdrawn,,2019-01-07T05:00:00+00:00,,,Photovoltaic,Not Started,,2020-06-01T04:00:00+00:00,,DPP-2017-AUG,South,GIA,ERIS,0.0,0.0,0.0,0.0,
J987,,,Montgomery County,MO,Montgomery 161kV Substation,Ameren Missouri,Solar,100.0,100.0,100.0,2018-03-12T04:00:00+00:00,Withdrawn,2023-10-01T04:00:00+00:00,2025-10-20T04:00:00+00:00,,,Photovoltaic,Under Construction,2021-10-12T04:00:00+00:00,2021-09-01T04:00:00+00:00,2021-10-13T04:00:00+00:00,DPP-2018-APR,Central,GIA,NRIS,100.0,100.0,100.0,100.0,
J974,,,"Fulton County,Peoria County",IL,Mapleridge 345kV Switching Station,AMEREN ILLINOIS,Wind,250.0,250.0,250.0,2018-03-12T04:00:00+00:00,Withdrawn,2023-10-15T04:00:00+00:00,2025-06-25T04:00:00+00:00,,,Wind Turbine,Withdrawn,2021-10-12T04:00:00+00:00,2021-09-01T04:00:00+00:00,2021-10-15T04:00:00+00:00,DPP-2018-APR,Central,GIA,NRIS,250.0,250.0,225.0,225.0,
J989,,,Oakland County,MI,Halsey 138kV Substation,METC,Solar,80.0,80.0,80.0,2018-02-12T05:00:00+00:00,Withdrawn,,2020-06-30T04:00:00+00:00,,,Photovoltaic,Not Started,,2021-09-01T04:00:00+00:00,,DPP-2018-APR,East (ITC),GIA,NRIS,80.0,80.0,0.0,0.0,
J959,,,Fayette County,IA,Windsor 161kV Substation,SMMPA,Wind,150.0,150.0,150.0,2018-03-12T04:00:00+00:00,Withdrawn,,2021-03-09T05:00:00+00:00,,,Wind Turbine,Not Started,,2020-09-01T04:00:00+00:00,,DPP-2018-APR,West,GIA,NRIS,150.0,150.0,0.0,0.0,
J979,,,Christian County,IL,Pana Substation 345kV Bus,AMEREN TRANSMISSION COMPANY OF ILLINOIS,Wind,200.0,200.0,200.0,2018-03-12T04:00:00+00:00,Withdrawn,,2021-10-18T04:00:00+00:00,,,Wind Turbine,Not Started,,2021-03-01T05:00:00+00:00,,DPP-2018-APR,Central,GIA,NRIS,170.0,170.0,170.0,170.0,
J925,,,Shiawassee County,MI,North Cournna - Bell Road 138 kV line,METC,Solar,50.0,50.0,50.0,2017-06-16T04:00:00+00:00,Withdrawn,,2018-04-24T04:00:00+00:00,,,Photovoltaic,Not Started,,2019-06-30T04:00:00+00:00,,DPP-2017-AUG,East (ITC),GIA,NRIS,0.0,0.0,0.0,0.0,
J915,,,Liberty County,TX,Parkway - East Gate 138kV line,Entergy,Solar,100.0,100.0,100.0,2017-06-16T04:00:00+00:00,Withdrawn,,2019-01-07T05:00:00+00:00,,,Photovoltaic,Not Started,,2020-09-15T04:00:00+00:00,,DPP-2017-AUG,South,GIA,NRIS,0.0,0.0,0.0,0.0,
J943,,,Lincoln County,MN,J460 substation on the Brookings - H081 345kV Line,NORTHERN STATES POWER COMPANY,Wind,200.0,200.0,200.0,2017-06-16T04:00:00+00:00,Withdrawn,,2019-03-12T04:00:00+00:00,,,Wind Turbine,Not Started,,2020-09-30T04:00:00+00:00,,DPP-2017-AUG,West,GIA,NRIS,0.0,0.0,0.0,0.0,
J952,,,Corson County,SD,McLaughlin - McIntosh Junction 115 kV Line Tap,MONTANA-DAKOTA UTILITIES CO.,Wind,54.0,54.0,54.0,2018-02-05T05:00:00+00:00,Withdrawn,,2021-03-09T05:00:00+00:00,,,Wind Turbine,Not Started,,2022-09-01T04:00:00+00:00,,DPP-2018-APR,West,GIA,ERIS,54.0,54.0,0.0,0.0,
J981,,,Washington County,IA,Sub T 345kV Substation,MIDAMERICAN ENERGY COMPANY,Wind,200.0,200.0,200.0,2018-03-12T04:00:00+00:00,Withdrawn,,2021-03-09T05:00:00+00:00,,,Wind Turbine,Not Started,,2021-03-01T05:00:00+00:00,,DPP-2018-APR,West,GIA,NRIS,200.0,200.0,0.0,0.0,
J945,,,Washington County,MS,Gerald Andrus - Clinton Industrial 230 kV Line,Entergy,Solar,200.0,200.0,200.0,2017-06-16T04:00:00+00:00,Withdrawn,,2019-01-07T05:00:00+00:00,,,Photovoltaic,Not Started,,2019-09-15T04:00:00+00:00,,DPP-2017-AUG,South,GIA,NRIS,0.0,0.0,0.0,0.0,
J982,,,"Dickinson County,Emmet County",IA,Obrien County - Kossuth 345 kV Line Tap,MIDAMERICAN ENERGY COMPANY,Wind,300.0,300.0,300.0,2018-03-12T04:00:00+00:00,Done,2024-03-15T04:00:00+00:00,,,,Wind Turbine,Not Started,2022-02-07T05:00:00+00:00,2021-06-01T04:00:00+00:00,2022-02-07T05:00:00+00:00,DPP-2018-APR,West,GIA,ERIS,300.0,300.0,300.0,0.0,
J983,,,"Brown County,LaSalle County",IL,Oglesby - Minonk Tap 138kV Line Tap,AMEREN ILLINOIS,Wind,100.0,100.0,100.0,2018-03-12T04:00:00+00:00,Withdrawn,,2018-11-01T04:00:00+00:00,,,Wind Turbine,Not Started,,2021-03-01T05:00:00+00:00,,DPP-2018-APR,Central,GIA,NRIS,0.0,0.0,0.0,0.0,
J986,,,Wood County,WI,Port Edwards - Sand Lake 138kV,American Transmission Co. LLC,Solar,149.76,149.76,149.76,2018-03-12T04:00:00+00:00,Done,2022-06-01T04:00:00+00:00,,,,Photovoltaic,Not Started,2021-05-05T04:00:00+00:00,2020-09-01T04:00:00+00:00,2021-05-05T04:00:00+00:00,DPP-2018-APR,East (ATC),GIA,NRIS,149.76,149.76,149.76,149.76,
J990,,,Dubuque County,IA,Salem 345kV Substation,ITC MIDWEST,Solar,150.0,150.0,150.0,2018-03-12T04:00:00+00:00,Withdrawn,,2019-02-15T05:00:00+00:00,,,Photovoltaic,Not Started,,2020-09-01T04:00:00+00:00,,DPP-2018-APR,West,GIA,NRIS,0.0,0.0,0.0,0.0,
J954,,,Johnson County,IA,AMIL.IOW_AFRYT,ITC MIDWEST,Solar,1.4,1.4,1.4,2018-03-08T05:00:00+00:00,Done,,,,,Photovoltaic,Not Started,2022-08-12T04:00:00+00:00,2016-10-30T04:00:00+00:00,,DPP-2018-APR,West,GIA,E-NRIS,1.4,1.4,1.4,1.4,
J946,,,Cass County,ND,Bison 345kV Substation,NORTHERN STATES POWER COMPANY,Solar,200.0,200.0,200.0,2017-06-16T04:00:00+00:00,Withdrawn,,2021-05-26T04:00:00+00:00,,,Photovoltaic,Not Started,,2020-07-31T04:00:00+00:00,,DPP-2017-AUG,West,GIA,NRIS,200.0,200.0,200.0,200.0,
J985,,,Scott County,MO,Miner - Kelso 161kV Line Tap,Ameren Missouri,Solar,120.0,120.0,120.0,2018-03-12T04:00:00+00:00,Withdrawn,,2020-01-06T05:00:00+00:00,,,Photovoltaic,Not Started,,2020-12-01T05:00:00+00:00,,DPP-2018-APR,Central,GIA,NRIS,0.0,0.0,0.0,0.0,
J988,,,Wayne County,MS,W Waynesboro 230kV Substation,COOPERATIVE ENERGY,Solar,200.0,200.0,200.0,2018-03-12T04:00:00+00:00,Withdrawn,,2019-08-29T04:00:00+00:00,,,Photovoltaic,Not Started,,2022-09-01T04:00:00+00:00,,DPP-2018-APR,South,GIA,NRIS,0.0,0.0,0.0,0.0,
J977,,,"Jackson County,Martin County",MN,Jackson North 161kV Substation,ITC MIDWEST,Wind,300.0,300.0,300.0,2018-03-12T04:00:00+00:00,Withdrawn,,2020-03-25T04:00:00+00:00,,,Wind Turbine,Not Started,,2021-03-01T05:00:00+00:00,,DPP-2018-APR,West,GIA,NRIS,0.0,0.0,0.0,0.0,
J980,,,Christian County,IL,Pana Substation 345kV Bus,AMEREN TRANSMISSION COMPANY OF ILLINOIS,Wind,200.0,200.0,200.0,2018-03-12T04:00:00+00:00,Withdrawn,,2020-01-06T05:00:00+00:00,,,Wind Turbine,Not Started,,2021-03-01T05:00:00+00:00,,DPP-2018-APR,Central,GIA,NRIS,0.0,0.0,0.0,0.0,
J992,,,Cass County,IN,Walton 230kV Substation,"DUKE ENERGY INDIANA, LLC",Solar,200.0,200.0,200.0,2018-03-12T04:00:00+00:00,Done,2023-10-31T04:00:00+00:00,,,,Photovoltaic,Under Construction,2021-10-12T04:00:00+00:00,2021-09-01T04:00:00+00:00,2021-10-13T04:00:00+00:00,DPP-2018-APR,Central,GIA,NRIS,200.0,200.0,200.0,200.0,
J994,,,Callaway County,MO,Guthrie 161 kV Substation,Ameren Missouri,Solar,100.0,100.0,100.0,2018-03-12T04:00:00+00:00,Withdrawn,2023-08-01T04:00:00+00:00,2025-10-20T04:00:00+00:00,,,Photovoltaic,Under Construction,2021-10-12T04:00:00+00:00,2021-09-01T04:00:00+00:00,2021-10-13T04:00:00+00:00,DPP-2018-APR,Central,GIA,NRIS,100.0,100.0,100.0,100.0,
J997,,,LaMoure County,ND,"Ellendale 345 kV Sub, 230 kV Bus - 661098",MONTANA-DAKOTA UTILITIES CO.,Solar,200.0,200.0,200.0,2018-03-12T04:00:00+00:00,Withdrawn,,2020-03-25T04:00:00+00:00,,,Photovoltaic,Not Started,,2020-09-01T04:00:00+00:00,,DPP-2018-APR,West,GIA,NRIS,0.0,0.0,0.0,0.0,
J2321,,,Lamar,MS,Columbia to Plant Morrow 161kV,COOPERATIVE ENERGY SMEP,Hybrid,180.0,180.0,180.0,2022-05-16T04:00:00+00:00,Withdrawn,,2023-03-25T04:00:00+00:00,,,Solar/Battery,Not Started,,2025-04-30T04:00:00+00:00,,DPP-2022,South,Phase 1,NRIS,0.0,0.0,0.0,0.0,
J958,,,Lincoln County,MN,Buffalo Ridge 115kV Substation,NORTHERN STATES POWER COMPANY,Wind,100.0,100.0,100.0,2018-03-12T04:00:00+00:00,Withdrawn,,2020-03-25T04:00:00+00:00,,,Wind Turbine,Not Started,,2020-09-01T04:00:00+00:00,,DPP-2018-APR,West,GIA,NRIS,0.0,0.0,0.0,0.0,
J975,,,Cass County,ND,Buffalo 115kV Substation,OTTER TAIL POWER COMPANY,Wind,150.0,150.0,150.0,2018-03-12T04:00:00+00:00,Withdrawn,,2021-07-28T04:00:00+00:00,,,Wind Turbine,Not Started,,2023-10-31T04:00:00+00:00,,DPP-2018-APR,West,GIA,ERIS,150.0,150.0,150.0,0.0,
J960,,,Presque Isle County,MI,Livingston 345kV Substation,METC,Wind,400.0,400.0,400.0,2018-03-12T04:00:00+00:00,Withdrawn,,2019-03-21T04:00:00+00:00,,,Wind Turbine,Not Started,,2020-09-01T04:00:00+00:00,,DPP-2018-APR,East (ITC),GIA,NRIS,0.0,0.0,0.0,0.0,
J993,,,Boone County,IN,Hortonville - Whitestown 345kV Line Tap,INDIANAPOLIS POWER & LIGHT COMPANY,Solar,200.0,200.0,200.0,2018-03-12T04:00:00+00:00,Done,2023-11-01T04:00:00+00:00,,,,Photovoltaic,Under Construction,2021-10-12T04:00:00+00:00,2021-09-01T04:00:00+00:00,2021-10-13T04:00:00+00:00,DPP-2018-APR,Central,GIA,NRIS,200.0,200.0,200.0,200.0,
J999,,,Linn County,IA,Fairfax 161kV Substation,ITC MIDWEST,Solar,100.0,100.0,100.0,2018-03-12T04:00:00+00:00,Withdrawn,,2020-03-25T04:00:00+00:00,,,Photovoltaic,Not Started,,2020-09-01T04:00:00+00:00,,DPP-2018-APR,West,GIA,NRIS,0.0,0.0,0.0,0.0,
J1359,,,Linn County,IA,Oakridge 69 kV Substation,ITC MIDWEST,Gas,95.0,95.0,95.0,2019-04-29T04:00:00+00:00,Done,2025-03-01T05:00:00+00:00,,,,Combustion Turbine (Simple Cycle),Not Started,,2022-03-01T05:00:00+00:00,,DPP-2019,West,GIA,NRIS,95.0,95.0,95.0,95.0,
J2322,,,Evangeline,LA,Coughlin - Pine Prairie 138.0kV,CLECO POWER LLC CLEC,Solar,200.0,200.0,200.0,2025-11-20T05:00:00+00:00,Active,,,,,Photovoltaic,Not Started,,2025-07-02T04:00:00+00:00,,DPP-2022,South,Phase 1,ERIS,200.0,0.0,0.0,0.0,
J1491,,,Marion,IN,IPL EW Stout North  Yard 138 kV Substation,INDIANAPOLIS POWER & LIGHT COMPANY,Battery Storage,200.0,200.0,200.0,2020-06-03T04:00:00+00:00,Withdrawn,,2024-09-03T04:00:00+00:00,,,Battery Storage,Not Started,,2022-12-15T05:00:00+00:00,,DPP-2020,Central,GIA,NRIS,200.0,200.0,0.0,0.0,
J1495,,,Goodhue,MN,North Rochester 161kV,NORTHERN STATES POWER COMPANY,Battery Storage,50.0,50.0,50.0,2020-06-18T04:00:00+00:00,Withdrawn,,2023-01-31T05:00:00+00:00,,,Battery Storage,Not Started,,2023-10-15T04:00:00+00:00,,DPP-2020,West,GIA,NRIS,50.0,50.0,0.0,0.0,
J1497,,,Jefferson,WI,Concord 138 kV,AMERICAN TRANSMISSION COMPANY,Solar,125.0,125.0,125.0,2020-06-11T04:00:00+00:00,Withdrawn,,2023-06-29T04:00:00+00:00,,,Photovoltaic,Not Started,,2024-10-30T04:00:00+00:00,,DPP-2020,East (ATC),GIA,NRIS,125.0,110.0,125.0,110.0,
J1501,,,Sangamon,IL,Auburn North 138kV,AMEREN ILLINOIS,Battery Storage,0.0,0.0,0.0,2020-06-17T04:00:00+00:00,Withdrawn,,2021-04-20T04:00:00+00:00,,,Battery Storage,Not Started,,2023-08-31T04:00:00+00:00,,DPP-2020,Central,GIA,NRIS,0.0,0.0,0.0,0.0,
J1502,,,Juneau,WI,Briggs Road - North Madison 345.0kV,DAIRYLAND POWER COOPERATIVE DPC,Solar,225.0,225.0,225.0,2020-06-18T04:00:00+00:00,Done,2026-01-01T05:00:00+00:00,,,,Photovoltaic,Not Started,,2023-03-31T04:00:00+00:00,,DPP-2020,East (ATC),GIA,NRIS,225.0,225.0,225.0,225.0,
J995,,,"Brown County,Jersey County",IL,NW Jerseyville Northwest Substation 138kV Bus,AMEREN ILLINOIS,Solar,100.0,100.0,100.0,2018-03-12T04:00:00+00:00,Withdrawn,,2020-01-06T05:00:00+00:00,,,Photovoltaic,Not Started,,2021-09-01T04:00:00+00:00,,DPP-2018-APR,Central,GIA,NRIS,0.0,0.0,0.0,0.0,
J998,,,Dallas County,IA,Adel - Waukee 69kV Line Tap,MIDAMERICAN ENERGY COMPANY,Solar,50.0,50.0,50.0,2018-03-12T04:00:00+00:00,Withdrawn,,2020-03-25T04:00:00+00:00,,,Photovoltaic,Not Started,,2020-09-01T04:00:00+00:00,,DPP-2018-APR,West,GIA,NRIS,0.0,0.0,0.0,0.0,
J976,,,Warren County,MO,Montgomery - Enon 345kV Line Tap,Ameren Missouri,Solar,300.0,300.0,300.0,2018-03-12T04:00:00+00:00,Done,2024-06-01T04:00:00+00:00,,,,Photovoltaic,Under Construction,2021-10-12T04:00:00+00:00,2021-10-31T04:00:00+00:00,2021-10-13T04:00:00+00:00,DPP-2018-APR,Central,GIA,NRIS,300.0,300.0,300.0,300.0,
J978,,,Montcalm County,MI,Eureka - Vestaburg 138kV Line Tap,METC,Wind,100.0,100.0,100.0,2018-03-12T04:00:00+00:00,Withdrawn,,2019-11-21T05:00:00+00:00,,,Wind Turbine,Not Started,,2021-03-01T05:00:00+00:00,,DPP-2018-APR,East (ITC),GIA,NRIS,0.0,0.0,0.0,0.0,
J1498,,,Murray,MN,Chanarambie 115 kV Substation,NORTHERN STATES POWER COMPANY,Battery Storage,50.0,50.0,50.0,2020-06-09T04:00:00+00:00,Withdrawn,,2023-01-31T05:00:00+00:00,,,Battery Storage,Not Started,,2023-09-01T04:00:00+00:00,,DPP-2020,West,GIA,NRIS,50.0,50.0,0.0,0.0,
J1500,,,George,MS,SE Greene Co 230kV substation,COOPERATIVE ENERGY SMEP,Solar,150.0,150.0,150.0,2020-06-19T04:00:00+00:00,Withdrawn,,2021-12-08T05:00:00+00:00,,,Photovoltaic,Not Started,,2023-10-30T04:00:00+00:00,,DPP-2020,South,GIA,NRIS,0.0,0.0,0.0,0.0,
J1503,,,Faribault,MN,Huntley,ITC MIDWEST,Solar,150.0,150.0,150.0,2020-06-22T04:00:00+00:00,Done,2027-10-31T04:00:00+00:00,,,,Photovoltaic,Not Started,,2024-10-31T04:00:00+00:00,,DPP-2020,West,GIA,NRIS,150.0,120.0,150.0,120.0,
J1504,,,Faribault,MN,Huntley,ITC MIDWEST,Solar,150.0,150.0,150.0,2020-06-22T04:00:00+00:00,Done,2027-10-31T04:00:00+00:00,,,,Photovoltaic,Not Started,,2024-10-31T04:00:00+00:00,,DPP-2020,West,GIA,NRIS,150.0,120.0,150.0,120.0,
J1505,,,Washington,LA,Talisheek - Bogalusa 230 kV Line,"ENTERGY LOUISIANA, LLC ELTO",Battery Storage,50.0,50.0,50.0,2020-06-25T04:00:00+00:00,Withdrawn,,2020-12-22T05:00:00+00:00,,,Battery Storage,Not Started,,2023-09-01T04:00:00+00:00,,DPP-2020,South,GIA,NRIS,0.0,0.0,0.0,0.0,
J1507,,,Washington,LA,Barkers Corner - Bogalusa 230 kV Line,"ENTERGY LOUISIANA, LLC ELTO",Battery Storage,50.0,50.0,50.0,2020-06-09T04:00:00+00:00,Withdrawn,,2020-12-22T05:00:00+00:00,,,Battery Storage,Not Started,,2023-09-01T04:00:00+00:00,,DPP-2020,South,GIA,NRIS,0.0,0.0,0.0,0.0,
J991,,,Clay County,IL,Xenia 345kV Switching Station,AMEREN ILLINOIS,Solar,200.0,200.0,200.0,2018-03-12T04:00:00+00:00,Withdrawn,2023-10-01T04:00:00+00:00,2025-12-18T05:00:00+00:00,,,Photovoltaic,Withdrawn,2021-10-12T04:00:00+00:00,2021-09-01T04:00:00+00:00,2021-10-13T04:00:00+00:00,DPP-2018-APR,Central,GIA,NRIS,150.0,150.0,150.0,150.0,
J996,,,Lenawee County,MI,Beecher - Moraco 138kV Line,METC,Solar,80.0,80.0,80.0,2018-03-12T04:00:00+00:00,Done,2022-10-31T04:00:00+00:00,,,,Photovoltaic,Under Construction,2021-04-27T04:00:00+00:00,2021-09-01T04:00:00+00:00,2020-12-22T05:00:00+00:00,DPP-2018-APR,East (ITC),GIA,NRIS,80.0,80.0,80.0,80.0,
J1486,,,Waupaca County,WI,Harrison North 138kV Substation,American Transmission Co. LLC,Battery Storage,2.5,2.5,2.5,2019-04-29T04:00:00+00:00,Withdrawn,,2020-03-17T04:00:00+00:00,,,Battery Storage,Not Started,,2021-12-31T05:00:00+00:00,,DPP-2019,East (ATC),GIA,NRIS,0.0,0.0,0.0,0.0,
J1493,,,Hubbard,MN,Hubbard 115kV,GREAT RIVER ENERGY,Battery Storage,50.0,50.0,50.0,2020-06-18T04:00:00+00:00,Withdrawn,,2021-01-05T05:00:00+00:00,,,Battery Storage,Not Started,,2023-10-15T04:00:00+00:00,,DPP-2020,West,GIA,NRIS,0.0,0.0,0.0,0.0,
J1494,,,Chisago,MN,Chisago 115kV,NORTHERN STATES POWER COMPANY,Battery Storage,50.0,50.0,50.0,2020-06-18T04:00:00+00:00,Withdrawn,,2023-01-31T05:00:00+00:00,,,Battery Storage,Not Started,,2023-10-15T04:00:00+00:00,,DPP-2020,West,GIA,NRIS,50.0,50.0,0.0,0.0,
J1496,,,Olmsted,MN,Byron 161kV,SOUTHERN MINNESOTA MUNICIPAL POWER AGENCY,Battery Storage,50.0,50.0,50.0,2020-06-18T04:00:00+00:00,Withdrawn,,2021-11-17T05:00:00+00:00,,,Battery Storage,Not Started,,2023-10-15T04:00:00+00:00,,DPP-2020,West,GIA,NRIS,0.0,0.0,0.0,0.0,
J1506,,,Washington,LA,Barkers Corner - Bogalusa 230 kV Line,"ENTERGY LOUISIANA, LLC ELTO",Solar,100.0,100.0,100.0,2020-06-09T04:00:00+00:00,Withdrawn,,2020-12-22T05:00:00+00:00,,,Photovoltaic,Not Started,,2023-09-01T04:00:00+00:00,,DPP-2020,South,GIA,NRIS,0.0,0.0,0.0,0.0,
J1509,,,Leflore,MS,Greenwood - Pickens 115 kV,"ENTERGY MISSISSIPPI, LLC. EMTO",Solar,100.0,100.0,100.0,2020-06-10T04:00:00+00:00,Withdrawn,2026-06-01T04:00:00+00:00,2024-01-17T05:00:00+00:00,,,Photovoltaic,Not Started,2023-01-18T05:00:00+00:00,2023-09-01T04:00:00+00:00,2023-06-20T04:00:00+00:00,DPP-2020,South,GIA,NRIS,100.0,100.0,100.0,100.0,
J1492,,,Kent,MI,Gaines 138kV,METC,Battery Storage,150.0,150.0,150.0,2020-06-12T04:00:00+00:00,Withdrawn,,2023-02-22T05:00:00+00:00,,,Battery Storage,Not Started,,2023-08-15T04:00:00+00:00,,DPP-2020,East (ITC),GIA,NRIS,150.0,150.0,0.0,0.0,
J1499,,,Union,AR,El Dorado East - Sterlington 115 kV,"ENTERGY ARKANSAS, LLC EATO",Battery Storage,50.0,50.0,50.0,2020-06-08T04:00:00+00:00,Withdrawn,,2023-02-10T05:00:00+00:00,,,Battery Storage,Not Started,,2023-09-01T04:00:00+00:00,,DPP-2020,South,GIA,NRIS,50.0,50.0,0.0,0.0,
J1516,,,St. Clair,MI,Fitz  120kV,ITC,Solar,100.0,100.0,100.0,2020-06-15T04:00:00+00:00,Withdrawn,2026-08-01T04:00:00+00:00,2025-06-18T04:00:00+00:00,,,Photovoltaic,Not Started,,2023-10-01T04:00:00+00:00,2023-03-08T05:00:00+00:00,DPP-2020,East (ITC),GIA,NRIS,100.0,100.0,100.0,100.0,
J1517,,,Vermillion,IN,Hillsdale North 230 kV,"DUKE ENERGY INDIANA, LLC CIN",Battery Storage,40.0,40.0,40.0,2020-06-18T04:00:00+00:00,Withdrawn,,2023-07-17T04:00:00+00:00,,,Battery Storage,Not Started,,2023-10-02T04:00:00+00:00,,DPP-2020,Central,GIA,NRIS,0.0,0.0,0.0,0.0,
J1524,,,Pipestone,MN,Buffalo Ridge to Pipestone 115kV,NORTHERN STATES POWER COMPANY,Solar,200.0,200.0,200.0,2020-06-19T04:00:00+00:00,Withdrawn,,2021-01-06T05:00:00+00:00,,,Photovoltaic,Not Started,,2023-08-31T04:00:00+00:00,,DPP-2020,West,GIA,NRIS,0.0,0.0,0.0,0.0,
J1528,,,Dunn,WI,EAU CLAIRE (ENDPOINT A) TO AS KING (ENDPOINT B) 345 KV,NORTHERN STATES POWER COMPANY,Battery Storage,0.0,0.0,0.0,2022-03-17T04:00:00+00:00,Done,2027-06-06T04:00:00+00:00,,,,Battery Storage,Not Started,,2024-06-06T04:00:00+00:00,,DPP-2020,West,GIA,NRIS,0.0,0.0,0.0,0.0,
J1510,,,Wood,WI,Arpin 345kV,AMERICAN TRANSMISSION COMPANY,Solar,100.0,100.0,100.0,2020-06-16T04:00:00+00:00,Withdrawn,,2023-11-17T05:00:00+00:00,,,Photovoltaic,Withdrawn,,2023-10-01T04:00:00+00:00,,DPP-2020,East (ATC),GIA,NRIS,100.0,100.0,100.0,100.0,
J1511,,,Chisago,MN,Scandia to Lawrence Creek 69kV,NORTHERN STATES POWER COMPANY,Solar,26.0,26.0,26.0,2020-06-19T04:00:00+00:00,Withdrawn,,2021-01-06T05:00:00+00:00,,,Photovoltaic,Not Started,,2023-08-31T04:00:00+00:00,,DPP-2020,West,GIA,NRIS,0.0,0.0,0.0,0.0,
J1512,,,Lafayette,WI,Darlington 138KV,AMERICAN TRANSMISSION COMPANY,Wind,98.9,98.9,98.9,2020-06-19T04:00:00+00:00,Withdrawn,,2021-12-08T05:00:00+00:00,,,Wind Turbine,Not Started,,2023-09-01T04:00:00+00:00,,DPP-2020,East (ATC),GIA,NRIS,0.0,0.0,0.0,0.0,
J1513,,,Waupaca,WI,Clintonville,AMERICAN TRANSMISSION COMPANY,Solar,300.0,300.0,300.0,2022-02-22T05:00:00+00:00,Done,2026-08-01T04:00:00+00:00,,,,Photovoltaic,Not Started,,2023-10-01T04:00:00+00:00,,DPP-2020,East (ATC),GIA,NRIS,300.0,300.0,300.0,200.0,
J1515,,,Midland,MI,Tittabawassee  to Murphy 345kV,METC,Solar,200.0,200.0,200.0,2020-06-19T04:00:00+00:00,Withdrawn,,2021-01-23T05:00:00+00:00,,,Photovoltaic,Not Started,,2023-10-01T04:00:00+00:00,,DPP-2020,East (ITC),GIA,NRIS,0.0,0.0,0.0,0.0,
J1522,,,Muskegon,MI,Grassmere 345kV,METC,Solar,200.0,200.0,200.0,2020-06-12T04:00:00+00:00,Withdrawn,,2020-11-30T05:00:00+00:00,,,Photovoltaic,Not Started,,2023-10-01T04:00:00+00:00,,DPP-2020,East (ITC),GIA,NRIS,0.0,0.0,0.0,0.0,
J1514,,,Mississippi,AR,Driver 203kV  Substation,"ENTERGY ARKANSAS, LLC EATO",Solar,100.0,100.0,100.0,2021-12-08T05:00:00+00:00,Done,2023-03-01T05:00:00+00:00,,,,Photovoltaic,Under Construction,,2023-08-31T04:00:00+00:00,,DPP-2020,South,GIA,NRIS,100.0,100.0,100.0,100.0,
J1519,,,Bollinger,MO,St. Francois to Lutesville 345 kV,AMEREN MISSOURI,Solar,200.0,200.0,200.0,2020-06-18T04:00:00+00:00,Withdrawn,2025-12-01T05:00:00+00:00,2026-09-01T04:00:00+00:00,,,Photovoltaic,Not Started,,2024-09-01T04:00:00+00:00,,DPP-2020,Central,GIA,NRIS,200.0,200.0,180.0,180.0,
J1526,,,St. Clair,MI,Greenwood 345kV,ITC,Hybrid,200.0,200.0,200.0,2020-06-14T04:00:00+00:00,Withdrawn,2026-05-13T04:00:00+00:00,2024-09-12T04:00:00+00:00,,,Photovoltaic,Withdrawn,,2023-10-01T04:00:00+00:00,2023-03-08T05:00:00+00:00,DPP-2020,East (ITC),GIA,NRIS,200.0,200.0,200.0,200.0,
J1527,,,Ottawa,MI,Kenowa 345kV,METC,Solar,200.0,200.0,200.0,2020-06-23T04:00:00+00:00,Withdrawn,2026-04-01T04:00:00+00:00,2024-09-12T04:00:00+00:00,,,Photovoltaic,Withdrawn,,2023-04-01T04:00:00+00:00,2023-03-08T05:00:00+00:00,DPP-2020,East (ITC),GIA,NRIS,200.0,200.0,200.0,200.0,
J1508,,,Marathon,WI,B-54 Wien to McMillan 115KV,AMERICAN TRANSMISSION COMPANY,Wind,98.9,98.9,98.9,2020-06-19T04:00:00+00:00,Done,2026-09-01T04:00:00+00:00,,,,Wind Turbine,Not Started,,2023-09-01T04:00:00+00:00,,DPP-2020,East (ATC),GIA,NRIS,98.9,98.9,98.9,98.9,
J1518,,,Vermillion,IN,Hillsdale North,"DUKE ENERGY INDIANA, LLC CIN",Solar,185.0,185.0,185.0,2024-08-29T04:00:00+00:00,Done,2027-11-19T05:00:00+00:00,,,,Photovoltaic,Not Started,,2025-06-20T04:00:00+00:00,,DPP-2020,Central,GIA,NRIS,185.0,185.0,185.0,185.0,
J1523,,,Leflore,MS,Greenwood - Pickens 115 kV,"ENTERGY MISSISSIPPI, LLC. EMTO",Battery Storage,50.0,50.0,50.0,2020-06-10T04:00:00+00:00,Withdrawn,,2023-02-10T05:00:00+00:00,,,Battery Storage,Not Started,,2023-09-01T04:00:00+00:00,,DPP-2020,South,GIA,NRIS,50.0,50.0,0.0,0.0,
J1525,,,Huron,MI,GRASSMERE,ITC,Hybrid,200.0,200.0,200.0,2020-06-12T04:00:00+00:00,Done,2026-04-30T04:00:00+00:00,,,,Photovoltaic,Not Started,,2023-10-01T04:00:00+00:00,2023-03-08T05:00:00+00:00,DPP-2020,East (ITC),GIA,NRIS,200.0,200.0,200.0,200.0,
J1533,,,Adams,IA,Creston-Adams County 161kV,MIDAMERICAN ENERGY CO. MEC,Solar,200.0,200.0,200.0,2020-06-18T04:00:00+00:00,Withdrawn,,2021-11-17T05:00:00+00:00,,,Photovoltaic,Not Started,,2024-06-01T04:00:00+00:00,,DPP-2020,West,GIA,NRIS,0.0,0.0,0.0,0.0,
J1537,,,Genesee,MI,Thetford #1  - Dort 138kV T-Line,METC,Solar,150.0,150.0,150.0,2020-06-23T04:00:00+00:00,Withdrawn,,2022-12-01T05:00:00+00:00,,,Photovoltaic,Not Started,,2024-07-04T04:00:00+00:00,,DPP-2020,East (ITC),GIA,NRIS,150.0,150.0,0.0,0.0,
J1538,,,Livingston,LA,Hammond - Coly 230 kV,"ENTERGY LOUISIANA, LLC ELTO",Solar,268.0,268.0,268.0,2020-06-24T04:00:00+00:00,Withdrawn,,2020-09-16T04:00:00+00:00,,,Photovoltaic,Not Started,,2023-04-20T04:00:00+00:00,,DPP-2020,South,GIA,NRIS,0.0,0.0,0.0,0.0,
J1544,,,Morton,ND,Mandan BN-Northwest Mandan 115kV Line,MONTANA-DAKOTA UTILITIES CO.MDU,Solar,200.0,200.0,200.0,2020-06-24T04:00:00+00:00,Withdrawn,,2021-11-17T05:00:00+00:00,,,Photovoltaic,Not Started,,2023-09-01T04:00:00+00:00,,DPP-2020,West,GIA,NRIS,0.0,0.0,0.0,0.0,
J1545,,,Morehouse,LA,Crossett North to North Bastrop 115 kV,"ENTERGY LOUISIANA, LLC ELTO",Battery Storage,0.0,0.0,0.0,2020-06-22T04:00:00+00:00,Withdrawn,,2020-12-21T05:00:00+00:00,,,Battery Storage,Not Started,,2024-01-15T05:00:00+00:00,,DPP-2020,South,GIA,NRIS,0.0,0.0,0.0,0.0,
J1547,,,Franklin,IA,Killdeer to Blackhawk 345kV Line Tap,ITC MIDWEST,Solar,250.0,250.0,250.0,2020-06-23T04:00:00+00:00,Withdrawn,,2020-10-01T04:00:00+00:00,,,Photovoltaic,Not Started,,2023-09-01T04:00:00+00:00,,DPP-2020,West,GIA,NRIS,0.0,0.0,0.0,0.0,
J1532,,,Page,IA,Clarinda-Coburg 69 kV,MIDAMERICAN ENERGY CO. MEC,Solar,50.0,50.0,50.0,2021-04-16T04:00:00+00:00,Done,2026-09-15T04:00:00+00:00,,,,Photovoltaic,Not Started,,2023-09-15T04:00:00+00:00,,DPP-2020,West,GIA,NRIS,50.0,50.0,50.0,50.0,
J1536,,,Isabella,MI,Summerton (1) 138 kV,METC,Wind,150.0,150.0,150.0,2020-06-22T04:00:00+00:00,Withdrawn,,2020-11-24T05:00:00+00:00,,,Wind Turbine,Not Started,,2024-10-31T04:00:00+00:00,,DPP-2020,East (ITC),GIA,NRIS,0.0,0.0,0.0,0.0,
J1539,,,West Baton Rouge,LA,J683 POI 138 kV,"ENTERGY LOUISIANA, LLC ELTO",Solar,146.0,146.0,146.0,2020-06-24T04:00:00+00:00,Withdrawn,,2021-12-08T05:00:00+00:00,,,Photovoltaic,Not Started,,2023-04-20T04:00:00+00:00,,DPP-2020,South,GIA,NRIS,0.0,0.0,0.0,0.0,
J1540,,,Cass,ND,Bison-Alexandria 345kV,NORTHERN STATES POWER COMPANY,Solar,200.0,200.0,200.0,2020-06-22T04:00:00+00:00,Withdrawn,,2020-12-02T05:00:00+00:00,,,Photovoltaic,Not Started,,2024-06-01T04:00:00+00:00,,DPP-2020,West,GIA,NRIS,0.0,0.0,0.0,0.0,
J1546,,,Monroe,MI,Milan - Monroe 345 kV,ITC,Solar,150.0,150.0,150.0,2020-06-22T04:00:00+00:00,Withdrawn,,2020-11-24T05:00:00+00:00,,,Photovoltaic,Not Started,,2023-10-31T04:00:00+00:00,,DPP-2020,East (ITC),GIA,NRIS,0.0,0.0,0.0,0.0,
J1552,,,Jackson,MI,Blackstone to Marshall 138kV (J1310 POI),METC,Solar,100.0,100.0,100.0,2020-06-22T04:00:00+00:00,Withdrawn,,2022-01-06T05:00:00+00:00,,,Photovoltaic,Not Started,,2023-09-01T04:00:00+00:00,,DPP-2020,East (ITC),GIA,NRIS,0.0,0.0,0.0,0.0,
J1553,,,Clinton,MI,BINGHAM,METC,Solar,150.0,150.0,150.0,2021-12-03T05:00:00+00:00,Done,2025-08-02T04:00:00+00:00,,,,Photovoltaic,Not Started,,2023-09-15T04:00:00+00:00,2023-03-08T05:00:00+00:00,DPP-2020,East (ITC),GIA,NRIS,150.0,150.0,150.0,150.0,
J1557,,,Sanilac,MI,GREENWOOD - RAPSON (BANNER) 345.0kV,ITC,Wind,293.0,293.0,293.0,2020-06-23T04:00:00+00:00,Done,2026-08-01T04:00:00+00:00,,,,Wind Turbine,Not Started,,2023-08-31T04:00:00+00:00,2023-03-08T05:00:00+00:00,DPP-2020,East (ITC),GIA,NRIS,293.0,293.0,293.0,293.0,
J1531,,,Sherburne,MN,Sheroc Substation 345kV,NORTHERN STATES POWER COMPANY,Solar,200.0,200.0,200.0,2020-06-23T04:00:00+00:00,Withdrawn,,2020-10-08T04:00:00+00:00,,,Photovoltaic,Not Started,,2023-05-01T04:00:00+00:00,,DPP-2020,West,GIA,NRIS,0.0,0.0,0.0,0.0,
J1542,,,St. James,LA,Thibodaux - Vacherie 230kV,"ENTERGY LOUISIANA, LLC ELTO",Solar,135.0,135.0,135.0,2020-06-14T04:00:00+00:00,Done,2026-06-01T04:00:00+00:00,,,,Photovoltaic,Not Started,2023-01-18T05:00:00+00:00,2023-10-01T04:00:00+00:00,2023-01-19T05:00:00+00:00,DPP-2020,South,GIA,NRIS,150.0,30.0,135.0,0.0,
J1543,,,Grand Traverse,MI,Ludington to Keystone 345kV,METC,Solar,200.0,200.0,200.0,2020-06-22T04:00:00+00:00,Withdrawn,,2020-09-18T04:00:00+00:00,,,Photovoltaic,Not Started,,2023-10-01T04:00:00+00:00,,DPP-2020,East (ITC),GIA,NRIS,0.0,0.0,0.0,0.0,
J1548,,,Putnam,IN,Amo-Edwardsport IGCC 345kV,"DUKE ENERGY INDIANA, LLC CIN",Solar,200.0,200.0,200.0,2020-06-18T04:00:00+00:00,Withdrawn,,2020-12-18T05:00:00+00:00,,,Photovoltaic,Not Started,,2024-06-01T04:00:00+00:00,,DPP-2020,Central,GIA,NRIS,0.0,0.0,0.0,0.0,
J1564,,,Washington,LA,Talisheek - Bogalusa 230 kV Line,"ENTERGY LOUISIANA, LLC ELTO",Solar,100.0,100.0,100.0,2020-06-08T04:00:00+00:00,Done,2025-12-22T05:00:00+00:00,,,,Photovoltaic,Not Started,2023-01-18T05:00:00+00:00,2023-09-01T04:00:00+00:00,,DPP-2020,South,GIA,NRIS,100.0,100.0,100.0,100.0,
J1566,,,Martin,MN,Rutland,SOUTHERN MINNESOTA MUNICIPAL POWER AGENCY,Solar,150.0,150.0,150.0,2022-02-11T05:00:00+00:00,Done,2026-09-01T04:00:00+00:00,,,,Photovoltaic,Not Started,,2023-09-01T04:00:00+00:00,,DPP-2020,West,GIA,NRIS,150.0,150.0,150.0,150.0,
J1558,,,Pope,AR,MORELAND,"ENTERGY ARKANSAS, LLC EATO",Solar,200.0,200.0,200.0,2020-06-18T04:00:00+00:00,Done,2026-04-01T04:00:00+00:00,,,,Photovoltaic,Not Started,,2023-04-01T04:00:00+00:00,2023-08-04T04:00:00+00:00,DPP-2020,South,GIA,NRIS,200.0,200.0,200.0,200.0,
J1559,,,Conway,AR,Morrilton East Substation (161kV bus),"ENTERGY ARKANSAS, LLC EATO",Solar,200.0,200.0,200.0,2020-06-18T04:00:00+00:00,Done,2026-04-01T04:00:00+00:00,,,,Photovoltaic,Under Construction,,2023-04-01T04:00:00+00:00,2023-08-04T04:00:00+00:00,DPP-2020,South,GIA,NRIS,200.0,200.0,200.0,140.0,
J1520,,,Worth,IA,Other_,ITC MIDWEST,Solar,135.0,135.0,135.0,2020-06-22T04:00:00+00:00,Done,2027-10-31T04:00:00+00:00,,,,Photovoltaic,Under Construction,,2024-10-31T04:00:00+00:00,,DPP-2020,West,GIA,NRIS,135.0,108.0,135.0,108.0,
J1521,,,Day,SD,Big Stone to Ellendale (BS3ELR) 345kV (J933),OTTER TAIL POWER COMPANY OTP,Wind,199.5,199.5,199.5,2020-06-23T04:00:00+00:00,Withdrawn,,2021-11-16T05:00:00+00:00,,,Wind Turbine,Not Started,,2022-10-31T04:00:00+00:00,,DPP-2020,West,GIA,NRIS,0.0,0.0,0.0,0.0,
J1529,,,Carroll,IA,Tap Carroll (635320) - Auburn (635328) 69 kV line at about midpoint,MIDAMERICAN ENERGY CO. MEC,Solar,50.0,50.0,50.0,2021-04-16T04:00:00+00:00,Done,2026-09-15T04:00:00+00:00,,,,Photovoltaic,Not Started,,2023-09-15T04:00:00+00:00,,DPP-2020,West,GIA,NRIS,50.0,50.0,50.0,50.0,
J1530,,,Mills,IA,Tap Hastings (635033) - Macedonia (635069) 69 kV line at about midpoint,MIDAMERICAN ENERGY CO. MEC,Solar,50.0,50.0,50.0,2021-04-16T04:00:00+00:00,Done,2026-03-01T05:00:00+00:00,,,,Photovoltaic,Not Started,,2023-09-15T04:00:00+00:00,,DPP-2020,West,GIA,NRIS,50.0,50.0,50.0,50.0,
J1534,,,Olmsted,MN,Byron,SOUTHERN MINNESOTA MUNICIPAL POWER AGENCY,Solar,100.0,100.0,100.0,2025-04-14T04:00:00+00:00,Done,,,,,Photovoltaic,Not Started,,2023-06-01T04:00:00+00:00,,DPP-2020,West,GIA,NRIS,100.0,100.0,100.0,100.0,
J1535,,,Knox,IN,Edwardsport - Peabody Tap 138 kV Line,"DUKE ENERGY INDIANA, LLC CIN",Battery Storage,50.0,50.0,50.0,2020-06-10T04:00:00+00:00,Withdrawn,,2021-03-15T04:00:00+00:00,,,Battery Storage,Not Started,,2023-09-01T04:00:00+00:00,,DPP-2020,Central,GIA,NRIS,0.0,0.0,0.0,0.0,
J1541,,,Calcasieu,LA,Donaldsonville 230kV,"ENTERGY LOUISIANA, LLC ELTO",Solar,200.0,200.0,200.0,2020-06-21T04:00:00+00:00,Withdrawn,,2020-09-18T04:00:00+00:00,,,Photovoltaic,Not Started,,2023-10-01T04:00:00+00:00,,DPP-2020,South,GIA,NRIS,0.0,0.0,0.0,0.0,
J1549,,,Clinton,IA,Rock Creek-DeWitt 161kV line,ITC MIDWEST,Solar,125.0,125.0,125.0,2020-06-23T04:00:00+00:00,Withdrawn,,2020-10-08T04:00:00+00:00,,,Photovoltaic,Not Started,,2024-06-01T04:00:00+00:00,,DPP-2020,West,GIA,NRIS,0.0,0.0,0.0,0.0,
J1551,,,Morehouse,LA,Crossett North to North Bastrop 115 kV,"ENTERGY LOUISIANA, LLC ELTO",Solar,195.0,195.0,195.0,2020-06-22T04:00:00+00:00,Withdrawn,,2020-12-21T05:00:00+00:00,,,Photovoltaic,Not Started,,2024-01-15T05:00:00+00:00,,DPP-2020,South,GIA,NRIS,0.0,0.0,0.0,0.0,
J1555,,,Hillsdale,MI,Moore Road Substation 138kV,METC,Solar,100.0,100.0,100.0,2020-06-24T04:00:00+00:00,Withdrawn,,2020-11-24T05:00:00+00:00,,,Photovoltaic,Not Started,,2023-09-15T04:00:00+00:00,,DPP-2020,East (ITC),GIA,NRIS,0.0,0.0,0.0,0.0,
J1556,,,Ottawa,MI,Northern Fibre 138kV,METC,Solar,200.0,200.0,200.0,2020-06-23T04:00:00+00:00,Withdrawn,,2021-02-23T05:00:00+00:00,,,Photovoltaic,Not Started,,2023-09-15T04:00:00+00:00,,DPP-2020,East (ITC),GIA,NRIS,0.0,0.0,0.0,0.0,
J1560,,,Iberia,LA,Patoutville Substation (138kV bus),CLECO POWER LLC CLEC,Solar,200.0,200.0,200.0,2020-06-18T04:00:00+00:00,Withdrawn,,2025-10-27T04:00:00+00:00,,,Photovoltaic,Not Started,,2023-04-01T04:00:00+00:00,,DPP-2020,South,GIA,NRIS,0.0,0.0,0.0,0.0,
J1565,,,Lawrence,IN,Bedford - Columbus 345kV line (Line #34517),"DUKE ENERGY INDIANA, LLC CIN",Solar,200.0,200.0,200.0,2020-06-18T04:00:00+00:00,Withdrawn,,2024-01-16T05:00:00+00:00,,,Photovoltaic,Not Started,,2023-04-01T04:00:00+00:00,,DPP-2020,Central,GIA,NRIS,0.0,0.0,0.0,0.0,
J1569,,,Pierce,WI,Red Wing to Herbert 69kV (Redwing - Bay City - Esdaile - Herbert),NORTHERN STATES POWER COMPANY,Solar,44.0,44.0,44.0,2020-06-22T04:00:00+00:00,Withdrawn,,2021-01-05T05:00:00+00:00,,,Photovoltaic,Not Started,,2023-08-31T04:00:00+00:00,,DPP-2020,West,GIA,NRIS,0.0,0.0,0.0,0.0,
J1570,,,Rock,MN,Magnolia 161 kV,ITC MIDWEST,Solar,200.0,200.0,200.0,2020-06-25T04:00:00+00:00,Withdrawn,,2020-10-08T04:00:00+00:00,,,Photovoltaic,Not Started,,2023-09-01T04:00:00+00:00,,DPP-2020,West,GIA,NRIS,0.0,0.0,0.0,0.0,
J1571,,,Lenawee,MI,MOROCCO,METC,Solar,200.0,200.0,200.0,2021-12-03T05:00:00+00:00,Done,2025-04-15T04:00:00+00:00,,,,Photovoltaic,Not Started,,2023-09-15T04:00:00+00:00,2023-03-08T05:00:00+00:00,DPP-2020,East (ITC),GIA,NRIS,175.0,175.0,175.0,175.0,
J1573,,,Portage,WI,Plover,AMERICAN TRANSMISSION COMPANY,Solar,250.0,250.0,250.0,2020-06-22T04:00:00+00:00,Done,2026-09-01T04:00:00+00:00,,,,Photovoltaic,Not Started,,2023-09-01T04:00:00+00:00,,DPP-2020,East (ATC),GIA,NRIS,250.0,250.0,250.0,130.0,
J1574,,,West Carroll,LA,Darnell 115kV,"ENTERGY LOUISIANA, LLC ELTO",Hybrid,99.0,99.0,99.0,2020-06-24T04:00:00+00:00,Withdrawn,,2021-08-03T04:00:00+00:00,,,Solar/Battery,Not Started,,2023-08-01T04:00:00+00:00,,DPP-2020,South,GIA,NRIS,0.0,0.0,0.0,0.0,
J1575,,,Marshall,MN,115 kV transmission line from Warsaw to Donaldson owned by Otter Tail Power Company,OTTER TAIL POWER COMPANY OTP,Wind,70.0,70.0,70.0,2020-06-25T04:00:00+00:00,Done,2028-08-03T04:00:00+00:00,,,,Wind Turbine,Not Started,,2025-12-01T05:00:00+00:00,,DPP-2020,West,GIA,NRIS,70.0,70.0,70.0,70.0,
J1580,,,Ottawa,MI,Cobb - Archer Junction  138kV #2,METC,Solar,100.0,100.0,100.0,2020-06-19T04:00:00+00:00,Withdrawn,,2020-11-30T05:00:00+00:00,,,Photovoltaic,Not Started,,2023-10-01T04:00:00+00:00,,DPP-2020,East (ITC),GIA,NRIS,0.0,0.0,0.0,0.0,
J1577,,,Grant,AR,HARDIN WEST SS - SHERIDAN 115.0kV,"ENTERGY ARKANSAS, LLC",Solar,100.0,100.0,100.0,2020-06-25T04:00:00+00:00,Done,2025-05-01T04:00:00+00:00,,,,Photovoltaic,In Service,,2025-10-15T04:00:00+00:00,2023-08-04T04:00:00+00:00,DPP-2020,South,GIA,NRIS,100.0,100.0,100.0,100.0,
J1578,,,Bartholomew,IN,Columbus -Greenwood Clark Twp 230kV line (Circuit ID 23019),"DUKE ENERGY INDIANA, LLC CIN",Solar,200.0,200.0,200.0,2020-06-18T04:00:00+00:00,Withdrawn,,2025-08-20T04:00:00+00:00,,,Photovoltaic,Not Started,,2023-04-01T04:00:00+00:00,,DPP-2020,Central,GIA,NRIS,200.0,200.0,200.0,200.0,
J1583,,,Iberville,LA,Donaldsonville - Evergreen 230kV,"ENTERGY LOUISIANA, LLC ELTO",Solar,175.0,175.0,175.0,2020-06-14T04:00:00+00:00,Done,2025-06-01T04:00:00+00:00,,,,Photovoltaic,Not Started,2023-01-18T05:00:00+00:00,2023-10-01T04:00:00+00:00,2023-01-19T05:00:00+00:00,DPP-2020,South,GIA,NRIS,175.0,175.0,175.0,175.0,
J1584,,,Calcasieu,LA,Toomey  138kV,"ENTERGY LOUISIANA, LLC ELTO",Solar,150.0,150.0,150.0,2020-06-21T04:00:00+00:00,Withdrawn,,2020-09-18T04:00:00+00:00,,,Photovoltaic,Not Started,,2023-10-01T04:00:00+00:00,,DPP-2020,South,GIA,NRIS,0.0,0.0,0.0,0.0,
J1550,,,Branch,MI,BARTON LAKE - BATAVIA 138.0kV,METC,Solar,200.0,200.0,200.0,2020-06-22T04:00:00+00:00,Done,2025-09-01T04:00:00+00:00,,,,Photovoltaic,In Service,,2024-07-04T04:00:00+00:00,2023-03-08T05:00:00+00:00,DPP-2020,East (ITC),GIA,NRIS,200.0,200.0,200.0,200.0,
J1554,,,Ionia,MI,American Bumper Junction to David Junction 138Kv,METC,Solar,150.0,150.0,150.0,2020-06-24T04:00:00+00:00,Withdrawn,,2020-11-24T05:00:00+00:00,,,Photovoltaic,Not Started,,2023-09-15T04:00:00+00:00,,DPP-2020,East (ITC),GIA,NRIS,0.0,0.0,0.0,0.0,
J1561,,,Acadia,LA,Richard 138kV,"ENTERGY LOUISIANA, LLC ELTO",Solar,75.0,75.0,75.0,2021-10-20T04:00:00+00:00,Done,2026-04-01T04:00:00+00:00,,,,Photovoltaic,Not Started,2023-01-18T05:00:00+00:00,2023-10-30T04:00:00+00:00,2023-08-04T04:00:00+00:00,DPP-2020,South,GIA,NRIS,75.0,75.0,75.0,75.0,
J1567,,,Outagamie,WI,Werber W -  Hiway 22 345 kV line,AMERICAN TRANSMISSION COMPANY,Solar,150.0,150.0,150.0,2022-02-22T05:00:00+00:00,Withdrawn,,2023-06-22T04:00:00+00:00,,,Photovoltaic,Not Started,,2023-10-01T04:00:00+00:00,,DPP-2020,East (ATC),GIA,NRIS,150.0,150.0,150.0,150.0,
J1568,,,Renville,MN,Franklin 115kV,NORTHERN STATES POWER COMPANY,Solar,100.0,100.0,100.0,2020-06-23T04:00:00+00:00,Withdrawn,,2021-01-05T05:00:00+00:00,,,Photovoltaic,Not Started,,2023-08-31T04:00:00+00:00,,DPP-2020,West,GIA,NRIS,0.0,0.0,0.0,0.0,
J1576,,,Washington,LA,Angie to Adams Creek 230 kV,"ENTERGY LOUISIANA, LLC ELTO",Solar,200.0,200.0,200.0,2022-03-03T05:00:00+00:00,Done,2026-11-01T04:00:00+00:00,,,,Photovoltaic,Not Started,2023-01-18T05:00:00+00:00,2026-01-15T05:00:00+00:00,2023-01-19T05:00:00+00:00,DPP-2020,South,GIA,NRIS,200.0,70.0,200.0,0.0,
J1588,,,Cass,ND,BISON,NORTHERN STATES POWER COMPANY,Solar,200.0,200.0,200.0,2024-04-30T04:00:00+00:00,Done,2026-09-01T04:00:00+00:00,,,,Photovoltaic,Not Started,,2023-09-01T04:00:00+00:00,,DPP-2020,West,GIA,NRIS,200.0,200.0,200.0,200.0,
J2214,,,Sabine,LA,Fisher 230 kV,CLECO POWER LLC CLEC,Battery Storage,62.0,62.0,62.0,2021-12-21T05:00:00+00:00,Withdrawn,,2025-03-07T05:00:00+00:00,,,Battery Storage,Not Started,,2024-10-30T04:00:00+00:00,,DPP-2021,South,Phase 3,NRIS,62.0,62.0,0.0,0.0,
J2215,,,Lake,IN,SCHAHFER GEN STA - ST. JOHN 345.0kV,NORTHERN INDIANA PUBLIC SERVICE COMPANY LLC NIPS,Battery Storage,300.0,300.0,300.0,2022-03-25T04:00:00+00:00,Active,2027-09-30T04:00:00+00:00,,,,Battery Storage,Not Started,,2024-09-30T04:00:00+00:00,,DPP-2021,Central,Phase 2,NRIS,300.0,300.0,300.0,300.0,
J2218,,,Manitowoc,WI,SHOTO,AMERICAN TRANSMISSION COMPANY,Battery Storage,150.0,150.0,150.0,2021-08-13T04:00:00+00:00,Withdrawn,,2024-10-01T04:00:00+00:00,,,Battery Storage,Not Started,,2024-09-30T04:00:00+00:00,,DPP-2021,East (ATC),Phase 3,NRIS,150.0,150.0,0.0,0.0,
J2101,,,Morton,ND,Mandan 230 kV,MONTANA-DAKOTA UTILITIES CO.MDU,Battery Storage,100.0,100.0,100.0,2021-08-06T04:00:00+00:00,Withdrawn,,2025-10-27T04:00:00+00:00,,,Battery Storage,Not Started,,2024-10-30T04:00:00+00:00,,DPP-2021,West,Phase 2,NRIS,100.0,100.0,0.0,0.0,
J2102,,,Buffalo,WI,Alma,DAIRYLAND POWER COOPERATIVE DPC,Battery Storage,150.0,150.0,150.0,2021-08-17T04:00:00+00:00,Withdrawn,,2025-10-27T04:00:00+00:00,,,Battery Storage,Not Started,,2024-10-30T04:00:00+00:00,,DPP-2021,West,Phase 2,NRIS,150.0,150.0,0.0,0.0,
J1586,,,Calhoun,MI,Argenta to Tompkins 345kV line,METC,Hybrid,499.0,499.0,499.0,2020-06-25T04:00:00+00:00,Done,2025-06-01T04:00:00+00:00,,,,Solar/Battery,Not Started,,2023-09-30T04:00:00+00:00,2023-03-08T05:00:00+00:00,DPP-2020,East (ITC),GIA,NRIS,499.0,499.0,499.0,499.0,
J2099,,,Portage,WI,Rocky Run to Werner West 345 kV,AMERICAN TRANSMISSION COMPANY,Solar,399.04,399.04,399.04,2022-06-22T04:00:00+00:00,Active,2028-02-15T05:00:00+00:00,,,,Photovoltaic,Not Started,,2024-10-01T04:00:00+00:00,,DPP-2021,East (ATC),Phase 3,NRIS,399.03,399.03,399.03,195.79,
J2100,,,Van Buren,MI,ARGENTA - PALISADES 345.0kV,METC,Battery Storage,250.0,250.0,250.0,2021-08-13T04:00:00+00:00,Active,2029-07-12T04:00:00+00:00,,,,Battery Storage,Not Started,,2024-09-30T04:00:00+00:00,,DPP-2021,East (ITC),Phase 3,NRIS,250.0,250.0,250.0,250.0,
J2219,,,Olmsted,MN,ROCHESTER - WABACO    161.0kV,DAIRYLAND POWER COOPERATIVE DPC,Hybrid,180.0,180.0,180.0,2021-07-22T04:00:00+00:00,Active,2028-12-15T05:00:00+00:00,,,,Solar/Battery,Not Started,,2024-09-01T04:00:00+00:00,,DPP-2021,West,Phase 2,NRIS,180.0,180.0,180.0,180.0,
J2104,,,Murray,MN,Cedar Mountain - Lyon County 345.0kV,NORTHERN STATES POWER COMPANY,Wind,230.0,230.0,230.0,2025-09-17T04:00:00+00:00,Active,,,,,Wind Turbine,Not Started,,2024-09-01T04:00:00+00:00,,DPP-2021,West,Phase 2,NRIS,230.0,230.0,230.0,230.0,
J2230,,,Sullivan,IN,Gibson Sta - Merom (HED) 345.0kV,"DUKE ENERGY INDIANA, LLC CIN",Solar,200.0,200.0,200.0,2022-03-24T04:00:00+00:00,Active,,,,,Photovoltaic,Not Started,,2025-04-01T04:00:00+00:00,,DPP-2021,Central,Phase 2,ERIS,200.0,0.0,200.0,0.0,
J2106,,,Story,IA,Story County 161 kV,ITC MIDWEST,Wind,150.0,150.0,150.0,2021-08-03T04:00:00+00:00,Withdrawn,,2025-10-27T04:00:00+00:00,,,Wind Turbine,Not Started,,2024-10-31T04:00:00+00:00,,DPP-2021,West,Phase 2,NRIS-Only,0.0,150.0,0.0,0.0,
J2107,,,Portage,WI,Rocky Run to Werner West 345 kV line,AMERICAN TRANSMISSION COMPANY,Solar,399.04,399.04,399.04,2022-06-22T04:00:00+00:00,Active,2028-02-15T05:00:00+00:00,,,,Photovoltaic,Not Started,,2024-10-01T04:00:00+00:00,,DPP-2021,East (ATC),Phase 3,NRIS,399.03,399.03,399.03,195.79,
J2225,,,Henderson,KY,REID EHV 345 KV SUBSTATION,BIG RIVERS ELECTRIC CORPORATION BREC,Solar,300.0,300.0,300.0,2021-08-17T04:00:00+00:00,Withdrawn,,2021-12-08T05:00:00+00:00,,,Photovoltaic,Not Started,,2025-04-01T04:00:00+00:00,,DPP-2021,Central,Phase 2,NRIS,0.0,0.0,0.0,0.0,
J2109,,,St. James,LA,Vacherie 230 kV,"ENTERGY LOUISIANA, LLC ELTO",Battery Storage,25.0,25.0,25.0,2021-08-25T04:00:00+00:00,Withdrawn,,2023-10-25T04:00:00+00:00,,,Battery Storage,Not Started,,2025-10-01T04:00:00+00:00,,DPP-2021,South,Phase 3,NRIS,0.0,0.0,0.0,0.0,
J1562,,,Mississippi,AR,BLYTHEVILLE I-55 - AECC BLYTHEVILLE NORTH 161.0kV,"ENTERGY ARKANSAS, LLC EATO",Solar,200.0,200.0,200.0,2020-06-12T04:00:00+00:00,Done,2025-01-31T05:00:00+00:00,,,,Photovoltaic,Not Started,2023-01-18T05:00:00+00:00,2023-09-01T04:00:00+00:00,2023-01-18T05:00:00+00:00,DPP-2020,South,GIA,NRIS,200.0,200.0,200.0,200.0,
J1563,,,Putnam,IN,Whitesville - Wabash River 230kV line,"DUKE ENERGY INDIANA, LLC CIN",Solar,200.0,200.0,200.0,2020-06-18T04:00:00+00:00,Withdrawn,,2024-09-03T04:00:00+00:00,,,Photovoltaic,Not Started,,2023-04-01T04:00:00+00:00,,DPP-2020,Central,GIA,NRIS,200.0,200.0,0.0,0.0,
J1572,,,Faribault,MN,Huntley to Blue Earth 161kV,NORTHERN STATES POWER COMPANY,Hybrid,150.0,150.0,150.0,2020-06-23T04:00:00+00:00,Done,,,,,Solar/Battery,Not Started,,2023-10-15T04:00:00+00:00,,DPP-2020,West,GIA,NRIS,150.0,150.0,150.0,150.0,
J1587,,,Muskegon,MI,Du Pont to Cobb 138 KV (J1375 POI),ITC,Solar,100.0,100.0,100.0,2020-06-22T04:00:00+00:00,Done,2025-09-08T04:00:00+00:00,,,,Photovoltaic,Not Started,,2023-09-01T04:00:00+00:00,2023-03-08T05:00:00+00:00,DPP-2020,East (ITC),GIA,NRIS,100.0,100.0,100.0,100.0,
J2213,,,Marshall,IN,HIPLE,NORTHERN INDIANA PUBLIC SERVICE COMPANY LLC NIPS,Battery Storage,200.0,200.0,200.0,2022-03-25T04:00:00+00:00,Active,,,,,Battery Storage,Not Started,,2028-09-30T04:00:00+00:00,,DPP-2021,Central,Phase 2,NRIS,200.0,200.0,200.0,200.0,
J2221,,,Clark,IN,Speed,"DUKE ENERGY INDIANA, LLC CIN",Solar,100.0,100.0,100.0,2021-08-20T04:00:00+00:00,Withdrawn,,2024-10-08T04:00:00+00:00,,,Photovoltaic,Not Started,,2025-09-16T04:00:00+00:00,,DPP-2021,Central,Phase 2,NRIS,0.0,0.0,0.0,0.0,
J2105,,,Franklin,IA,Killdeer 345 kV Substation,ITC MIDWEST,Battery Storage,200.0,200.0,200.0,2021-08-26T04:00:00+00:00,Withdrawn,,2023-10-10T04:00:00+00:00,,,Battery Storage,Not Started,,2024-04-15T04:00:00+00:00,,DPP-2021,West,Phase 2,NRIS,0.0,0.0,0.0,0.0,
J2223,,,Jackson,AR,Cash - Newport AB 161 kV,"ENTERGY ARKANSAS, LLC EATO",Battery Storage,100.0,100.0,100.0,2021-12-21T05:00:00+00:00,Withdrawn,,2023-11-07T05:00:00+00:00,,,Battery Storage,Not Started,,2024-10-30T04:00:00+00:00,,DPP-2021,South,Phase 3,NRIS,0.0,0.0,0.0,0.0,
J2224,,,Iberville,LA,Derrick 230 kV,"ENTERGY LOUISIANA, LLC ELTO",Solar,200.0,200.0,200.0,2021-08-25T04:00:00+00:00,Done,,,,,Photovoltaic,Not Started,,2028-04-01T04:00:00+00:00,,DPP-2021,South,Phase 3,NRIS,200.0,0.0,200.0,0.0,
J2226,,,Newton,IN,GOODLAND - MORRISON DITCH 138.0kV,NORTHERN INDIANA PUBLIC SERVICE COMPANY LLC NIPS,Solar,200.0,200.0,200.0,2022-06-14T04:00:00+00:00,Withdrawn,,2025-12-18T05:00:00+00:00,,,Photovoltaic,Not Started,,2024-08-01T04:00:00+00:00,,DPP-2021,Central,Phase 2,NRIS,200.0,200.0,0.0,0.0,
J2113,,,Daviess,KY,Reid - Daviess Co 161 kV,BIG RIVERS ELECTRIC CORPORATION BREC,Solar,200.0,200.0,200.0,2021-08-12T04:00:00+00:00,Withdrawn,,2025-12-18T05:00:00+00:00,,,Photovoltaic,Not Started,,2024-10-30T04:00:00+00:00,,DPP-2021,Central,Phase 2,NRIS,200.0,0.0,0.0,0.0,
J2228,,,Concordia,LA,Red Gum,"ENTERGY LOUISIANA, LLC ELTO",Solar,200.0,200.0,200.0,2021-12-21T05:00:00+00:00,Done,2027-10-31T04:00:00+00:00,,,,Photovoltaic,Not Started,,2024-10-31T04:00:00+00:00,,DPP-2021,South,Phase 3,NRIS,200.0,200.0,200.0,0.0,
J2229,,,Wabash,IN,Miami Wabash - Mier 138 kV,"DUKE ENERGY INDIANA, LLC CIN",Battery Storage,100.0,100.0,100.0,2021-08-06T04:00:00+00:00,Withdrawn,,2024-10-08T04:00:00+00:00,,,Battery Storage,Not Started,,2024-10-30T04:00:00+00:00,,DPP-2021,Central,Phase 2,NRIS,0.0,0.0,0.0,0.0,
J2117,,,Wood,WI,Saratoga - Badger West 138.0kV,AMERICAN TRANSMISSION COMPANY,Battery Storage,0.0,0.0,0.0,2022-04-05T04:00:00+00:00,Withdrawn,,2025-05-05T04:00:00+00:00,,,Battery Storage,Not Started,,2023-08-01T04:00:00+00:00,,DPP-2021,East (ATC),Phase 3,NRIS,0.0,0.0,0.0,0.0,
J2231,,,Jefferson,AR,Sherrill 115kV,"ENTERGY ARKANSAS, LLC EATO",Solar,97.5,97.5,97.5,2021-08-12T04:00:00+00:00,Withdrawn,,2025-03-07T05:00:00+00:00,,,Photovoltaic,Not Started,,2024-02-01T05:00:00+00:00,,DPP-2021,South,Phase 3,NRIS,97.49,97.49,0.0,0.0,
J2119,,,Hillsdale,MI,Other_,ITC,Solar,50.0,50.0,50.0,2022-01-18T05:00:00+00:00,Withdrawn,,2025-03-03T05:00:00+00:00,,,Solar/Battery,Not Started,,2025-11-30T05:00:00+00:00,,DPP-2021,East (ITC),Phase 3,NRIS,30.0,12.6,0.0,0.0,
J2234,,,Henderson,KY,Henderson to AB Brown 138 kV,BIG RIVERS ELECTRIC CORPORATION BREC,Solar,300.0,300.0,300.0,2021-08-17T04:00:00+00:00,Withdrawn,,2021-12-08T05:00:00+00:00,,,Photovoltaic,Not Started,,2025-04-01T04:00:00+00:00,,DPP-2021,Central,Phase 2,NRIS,0.0,0.0,0.0,0.0,
J2120,,,Linn,IA,Fairfax,ITC MIDWEST,Battery Storage,100.0,100.0,100.0,2021-08-04T04:00:00+00:00,Active,,,,,Battery Storage,Not Started,,2025-06-30T04:00:00+00:00,,DPP-2021,West,Phase 2,NRIS,100.0,100.0,100.0,100.0,
J1579,,,Edwards,IL,Albion-Crossville 138kV Line,AMEREN ILLINOIS,Solar,200.0,200.0,200.0,2020-06-18T04:00:00+00:00,Withdrawn,,2024-09-03T04:00:00+00:00,,,Photovoltaic,Not Started,,2023-04-01T04:00:00+00:00,,DPP-2020,Central,GIA,NRIS,200.0,200.0,0.0,0.0,
J1581,,,Nobles,MN,NOBLES COUNTY,NORTHERN STATES POWER COMPANY,Solar,200.0,200.0,200.0,2024-04-17T04:00:00+00:00,Done,2026-09-01T04:00:00+00:00,,,,Photovoltaic,Not Started,,2023-09-01T04:00:00+00:00,,DPP-2020,West,GIA,NRIS,200.0,200.0,200.0,200.0,
J1582,,,St. Croix,WI,Pine Lake to Three Lakes 115 kV,NORTHERN STATES POWER COMPANY,Solar,160.0,160.0,160.0,2022-02-28T05:00:00+00:00,Withdrawn,,2023-01-31T05:00:00+00:00,,,Photovoltaic,Not Started,,2024-06-06T04:00:00+00:00,,DPP-2020,West,GIA,NRIS,160.0,160.0,0.0,0.0,
J1585,,,Moniteau,MO,Apache Tap - Barnett 161kV line,AMEREN MISSOURI,Solar,200.0,200.0,200.0,2020-06-18T04:00:00+00:00,Withdrawn,,2023-11-28T05:00:00+00:00,,,Photovoltaic,Not Started,,2023-04-01T04:00:00+00:00,,DPP-2020,Central,GIA,NRIS,0.0,0.0,0.0,0.0,
J2216,,,Vigo,IN,Sandcut-Rockville 138kV,"DUKE ENERGY INDIANA, LLC CIN",Solar,100.0,100.0,100.0,2022-04-08T04:00:00+00:00,Withdrawn,,2025-12-18T05:00:00+00:00,,,Photovoltaic,Not Started,,2024-09-01T04:00:00+00:00,,DPP-2021,Central,Phase 2,NRIS,100.0,20.0,0.0,0.0,
J2217,,,Lee,AR,Brinkley East - Aubrey 230 kV Line,"ENTERGY ARKANSAS, LLC EATO",Battery Storage,50.0,50.0,50.0,2021-12-21T05:00:00+00:00,Withdrawn,,2023-11-10T05:00:00+00:00,,,Battery Storage,Not Started,,2024-10-30T04:00:00+00:00,,DPP-2021,South,Phase 3,NRIS,0.0,0.0,0.0,0.0,
J2220,,,Iberville,LA,Donaldsonville - Evergreen 230 kV,"ENTERGY LOUISIANA, LLC ELTO",Battery Storage,50.0,50.0,50.0,2021-12-21T05:00:00+00:00,Withdrawn,,2025-03-07T05:00:00+00:00,,,Battery Storage,Not Started,,2024-10-30T04:00:00+00:00,,DPP-2021,South,Phase 3,NRIS,50.0,50.0,0.0,0.0,
J2222,,,Calcasieu,LA,Penton Road to Nelson 230 kV,"ENTERGY LOUISIANA, LLC ELTO",Battery Storage,100.0,100.0,100.0,2021-12-21T05:00:00+00:00,Withdrawn,,2023-11-07T05:00:00+00:00,,,Battery Storage,Not Started,,2024-10-30T04:00:00+00:00,,DPP-2021,South,Phase 3,NRIS,0.0,0.0,0.0,0.0,
J2108,,,Johnson,IA,IC ENRON - SUB JIC 161 kV,MIDAMERICAN ENERGY CO. MEC,Solar,150.0,150.0,150.0,2021-08-09T04:00:00+00:00,Withdrawn,,2023-10-10T04:00:00+00:00,,,Photovoltaic,Not Started,,2024-11-01T04:00:00+00:00,,DPP-2021,West,Phase 2,NRIS,0.0,0.0,0.0,0.0,
J2112,,,Hardin,TX,Warren to Kountze 138 kV,"ENTERGY TEXAS, INC. ETTO",Solar,115.0,115.0,115.0,2021-12-01T05:00:00+00:00,Withdrawn,,2025-03-07T05:00:00+00:00,,,Photovoltaic,Not Started,,2024-08-01T04:00:00+00:00,,DPP-2021,South,Phase 3,NRIS,115.0,0.0,0.0,0.0,
J2115,,,Macon,IL,Faraday 138kV,AMEREN ILLINOIS,Wind,98.3,98.3,98.3,2021-08-20T04:00:00+00:00,Withdrawn,,2025-12-18T05:00:00+00:00,,,Wind Turbine,Not Started,,2024-09-16T04:00:00+00:00,,DPP-2021,Central,Phase 2,NRIS,98.3,98.3,0.0,0.0,
J2116,,,Cook,MN,COVIL,GREAT RIVER ENERGY,Diesel,18.0,18.0,18.0,2023-12-08T05:00:00+00:00,Active,,,,,"Piston (Engine), Internal Combustion (Diesel)",Not Started,,2022-09-01T04:00:00+00:00,,DPP-2021,West,Phase 2,NRIS,0.0,18.0,18.0,18.0,
J2233,,,Vermilion,IL,7BUNSONVILLE - 7SIDNEY   345.0kV,AMEREN ILLINOIS,Solar,100.0,100.0,100.0,2022-06-14T04:00:00+00:00,Active,,,,,Photovoltaic,Not Started,,2024-08-01T04:00:00+00:00,,DPP-2021,Central,Phase 2,NRIS,100.0,100.0,100.0,100.0,
J2240,,,Nevada,AR,Prescott 337507 to Emmett 337505,"ENTERGY ARKANSAS, LLC EATO",Solar,120.0,120.0,120.0,2021-12-21T05:00:00+00:00,Withdrawn,,2025-03-07T05:00:00+00:00,,,Photovoltaic,Not Started,,2024-02-01T05:00:00+00:00,,DPP-2021,South,Phase 3,NRIS,120.0,120.0,0.0,0.0,
J2129,,,Barry,MI,Bradley 138 kV Substation,WOLVERINE POWER SUPPLY COOPERATIVE,Hybrid,150.0,150.0,150.0,2021-08-26T04:00:00+00:00,Active,2028-04-15T04:00:00+00:00,,,,Solar/Battery,Not Started,,2024-04-15T04:00:00+00:00,,DPP-2021,East (ITC),Phase 3,NRIS,150.0,150.0,150.0,150.0,
J2130,,,Vermillion,IN,Clinton 230kV,"DUKE ENERGY INDIANA, LLC CIN",Solar,180.0,180.0,180.0,2022-03-25T04:00:00+00:00,Withdrawn,,2024-10-08T04:00:00+00:00,,,Photovoltaic,Not Started,,2024-04-15T04:00:00+00:00,,DPP-2021,Central,Phase 2,NRIS,0.0,0.0,0.0,0.0,
J2227,,,Trempealeau,WI,Independence - Bridge Creek 69.0kV,DAIRYLAND POWER COOPERATIVE DPC,Solar,89.0,89.0,89.0,2025-07-14T04:00:00+00:00,Active,,,,,Photovoltaic,Not Started,,2024-10-31T04:00:00+00:00,,DPP-2021,West,Phase 2,NRIS,89.0,89.0,80.1,80.1,
J2114,,,Tyler,TX,DOUCETTE  to DEER 138 kV,"ENTERGY TEXAS, INC. ETTO",Hybrid,140.0,140.0,140.0,2021-12-01T05:00:00+00:00,Withdrawn,,2025-03-07T05:00:00+00:00,,,Solar/Battery,Not Started,,2024-08-01T04:00:00+00:00,,DPP-2021,South,Phase 3,NRIS,140.0,0.0,0.0,0.0,
J2118,,,Monroe,MI,Whiting - Morocco 138kV,METC,Hybrid,125.0,125.0,125.0,2021-09-29T04:00:00+00:00,Withdrawn,,2023-09-06T04:00:00+00:00,,,Solar/Battery,Not Started,,2025-10-01T04:00:00+00:00,,DPP-2021,East (ITC),Phase 3,NRIS,0.0,0.0,0.0,0.0,
J2236,,,Howard,IN,Greentown 230 kV,"DUKE ENERGY INDIANA, LLC CIN",Battery Storage,100.0,100.0,100.0,2021-08-06T04:00:00+00:00,Withdrawn,,2024-10-08T04:00:00+00:00,,,Battery Storage,Not Started,,2024-10-30T04:00:00+00:00,,DPP-2021,Central,Phase 2,NRIS,0.0,0.0,0.0,0.0,
J2235,,,San Jacinto,TX,Shepherd Substation,"EAST TEXAS ELECTRIC COOPERATIVE, INC.ETCT",Battery Storage,100.0,100.0,100.0,2021-08-17T04:00:00+00:00,Withdrawn,,2025-03-07T05:00:00+00:00,,,Battery Storage,Not Started,,2022-12-02T05:00:00+00:00,,DPP-2021,South,Phase 3,NRIS,100.0,100.0,0.0,0.0,
J2238,,,Maries,MO,The Franks (Bus #300041) - Bland (Bus #344154) 345 kV Line,AMEREN MISSOURI,Hybrid,200.0,200.0,200.0,2025-07-16T04:00:00+00:00,Active,,,,,Solar/Battery,Not Started,,2024-02-15T05:00:00+00:00,,DPP-2021,Central,Phase 2,NRIS,200.0,200.0,200.0,200.0,
J2123,,,Dubois,IN,Duff 138KV,SOUTHERN INDIANA GAS & ELECTRIC COMPANY D/B/A CENTERPOINT ENERGY INDIANA SOUTH,Battery Storage,50.0,50.0,50.0,2021-09-01T04:00:00+00:00,Withdrawn,,2025-12-18T05:00:00+00:00,,,Battery Storage,Not Started,,2024-08-01T04:00:00+00:00,,DPP-2021,Central,Phase 2,NRIS,50.0,50.0,0.0,0.0,
J2127,,,Jefferson Davis,MS,Silver Creek 115kV,COOPERATIVE ENERGY SMEP,Hybrid,172.5,172.5,172.5,2021-08-23T04:00:00+00:00,Done,2027-07-01T04:00:00+00:00,,,,Solar/Battery,Not Started,,2024-04-15T04:00:00+00:00,,DPP-2021,South,Phase 3,NRIS,172.5,172.5,172.5,0.0,
J2239,,,Washington,MO,Belgrade - Pilot Knob 161 kV,AMEREN MISSOURI,Solar,100.0,100.0,100.0,2021-08-12T04:00:00+00:00,Withdrawn,,2024-10-08T04:00:00+00:00,,,Photovoltaic,Not Started,,2024-10-30T04:00:00+00:00,,DPP-2021,Central,Phase 2,NRIS,0.0,0.0,0.0,0.0,
J2128,,,Coles,IL,7ARLAND - 7FARADAY 345.0kV,AMEREN ILLINOIS,Hybrid,300.0,300.0,300.0,2021-08-13T04:00:00+00:00,Active,2026-12-01T05:00:00+00:00,,,,Wind/Battery,Not Started,,2024-08-31T04:00:00+00:00,,DPP-2021,Central,Phase 2,ERIS,300.0,300.0,300.0,0.0,
J2247,,,Marshall,IL,Woodhall,AMEREN ILLINOIS,Wind,178.0,178.0,178.0,2022-03-25T04:00:00+00:00,Active,,,,,Wind Turbine,Not Started,,2024-09-01T04:00:00+00:00,,DPP-2021,Central,Phase 2,NRIS,178.0,178.0,178.0,178.0,
J2138,,,Hardin,TX,Rye Co - Cypress 138kV,"ENTERGY TEXAS, INC. ETTO",Battery Storage,0.0,0.0,0.0,2021-09-14T04:00:00+00:00,Withdrawn,,2025-03-07T05:00:00+00:00,,,Battery Storage,Not Started,,2024-10-31T04:00:00+00:00,,DPP-2021,South,Phase 3,NRIS,0.0,0.0,0.0,0.0,
J2241,,,Benton,IN,Cayuga sub (Jordan Creek Wind J515 POI) 345 kV,"DUKE ENERGY INDIANA, LLC CIN",Wind,320.0,320.0,320.0,2021-08-16T04:00:00+00:00,Withdrawn,,2024-10-08T04:00:00+00:00,,,Wind Turbine,Not Started,,2024-04-01T04:00:00+00:00,,DPP-2021,Central,Phase 2,NRIS-Only,0.0,0.0,0.0,0.0,
J2243,,,Tyler,TX,Warren 138kV,"ENTERGY TEXAS, INC. ETTO",Solar,100.0,100.0,100.0,2021-08-12T04:00:00+00:00,Withdrawn,,2023-10-25T04:00:00+00:00,,,Photovoltaic,Not Started,,2024-02-01T05:00:00+00:00,,DPP-2021,South,Phase 3,NRIS,0.0,0.0,0.0,0.0,
J2251,,,Grant,IN,Greentown 230 kV,"DUKE ENERGY INDIANA, LLC CIN",Solar,200.0,200.0,200.0,2021-08-12T04:00:00+00:00,Withdrawn,,2024-10-08T04:00:00+00:00,,,Photovoltaic,Not Started,,2024-10-30T04:00:00+00:00,,DPP-2021,Central,Phase 2,NRIS,0.0,0.0,0.0,0.0,
J2253,,,Tyler,TX,Fork Creek Substation,"EAST TEXAS ELECTRIC COOPERATIVE, INC.ETCT",Battery Storage,100.0,100.0,100.0,2021-08-17T04:00:00+00:00,Withdrawn,,2025-03-07T05:00:00+00:00,,,Battery Storage,Not Started,,2022-12-02T05:00:00+00:00,,DPP-2021,South,Phase 3,NRIS,100.0,100.0,0.0,0.0,
J2244,,,Grant,AR,MABELVALE EHV to WHITE BLUFF EHV 115kV,"ENTERGY ARKANSAS, LLC EATO",Battery Storage,0.0,0.0,0.0,2021-11-30T05:00:00+00:00,Withdrawn,,2025-03-07T05:00:00+00:00,,,Battery Storage,Not Started,,2024-10-31T04:00:00+00:00,,DPP-2021,South,Phase 3,NRIS,0.0,0.0,0.0,0.0,
J2133,,,White,AR,Garner 115 kV Substation,"ENTERGY ARKANSAS, LLC EATO",Hybrid,100.0,100.0,100.0,2021-08-26T04:00:00+00:00,Done,,,,,Solar/Battery,Not Started,,2024-04-15T04:00:00+00:00,,DPP-2021,South,Phase 3,NRIS,100.0,100.0,100.0,0.0,
J2134,,,Grant,AR,WHITE BLUFF EHV - WRIGHTSVILLE 115.0kV,"ENTERGY ARKANSAS, LLC EATO",Solar,200.0,200.0,200.0,2021-11-30T05:00:00+00:00,Withdrawn,,2026-01-13T05:00:00+00:00,,,Photovoltaic,Not Started,,2024-10-31T04:00:00+00:00,,DPP-2021,South,Phase 3,NRIS,195.0,195.0,195.0,0.0,
J2136,,,Iroquois,IL,Gilman South,AMEREN ILLINOIS,Solar,190.9,190.9,190.9,2022-03-23T04:00:00+00:00,Active,,,,,Photovoltaic,Not Started,,2024-09-01T04:00:00+00:00,,DPP-2021,Central,Phase 2,NRIS,190.9,190.9,190.9,190.9,
J2140,,,Monroe,AR,Brinkley East to Clarendon 115 kV,"ENTERGY ARKANSAS, LLC EATO",Battery Storage,0.0,0.0,0.0,2021-09-14T04:00:00+00:00,Withdrawn,,2023-10-25T04:00:00+00:00,,,Battery Storage,Not Started,,2024-10-31T04:00:00+00:00,,DPP-2021,South,Phase 3,NRIS,0.0,0.0,0.0,0.0,
J2141,,,Monroe,AR,Brinkley East to Clarendon 115 kV,"ENTERGY ARKANSAS, LLC EATO",Solar,100.0,100.0,100.0,2021-09-14T04:00:00+00:00,Withdrawn,,2023-10-25T04:00:00+00:00,,,Photovoltaic,Not Started,,2024-10-31T04:00:00+00:00,,DPP-2021,South,Phase 3,NRIS,0.0,0.0,0.0,0.0,
J2142,,,Adair,MO,Maywood - Zachary 345 kV line,AMEREN MISSOURI,Hybrid,150.0,150.0,150.0,2021-11-03T04:00:00+00:00,Pending Transfer,,,,,Solar/Battery,Not Started,,2024-08-01T04:00:00+00:00,,DPP-2021,Central,Phase 2,NRIS,150.0,150.0,150.0,150.0,
J2145,,,Ohio,KY,Wilson EHV,BIG RIVERS ELECTRIC CORPORATION BREC,Hybrid,50.0,50.0,50.0,2021-11-29T05:00:00+00:00,Withdrawn,,2025-12-18T05:00:00+00:00,,,Solar/Battery,Not Started,,2024-10-15T04:00:00+00:00,,DPP-2021,Central,Phase 2,NRIS,50.0,50.0,0.0,0.0,
J2148,,,Outagamie,WI,Werner West 138 kV,AMERICAN TRANSMISSION COMPANY,Solar,200.0,200.0,200.0,2021-10-18T04:00:00+00:00,Withdrawn,,2025-11-12T05:00:00+00:00,,,Photovoltaic,Not Started,,2028-12-31T05:00:00+00:00,,DPP-2021,East (ATC),Phase 3,NRIS,150.0,150.0,150.0,150.0,
J2149,,,Saline,AR,WHITE BLUFF EHV - HENSLEY 115.0kV,"ENTERGY ARKANSAS, LLC EATO",Solar,240.0,240.0,240.0,2021-11-30T05:00:00+00:00,Withdrawn,,2026-01-13T05:00:00+00:00,,,Photovoltaic,Not Started,,2024-10-31T04:00:00+00:00,,DPP-2021,South,Phase 3,NRIS,112.0,112.0,112.0,0.0,
J2150,,,Jefferson,IN,Madison 138 kV,"DUKE ENERGY INDIANA, LLC CIN",Solar,100.0,100.0,100.0,2022-03-28T04:00:00+00:00,Withdrawn,,2024-10-08T04:00:00+00:00,,,Photovoltaic,Not Started,,2024-09-30T04:00:00+00:00,,DPP-2021,Central,Phase 2,NRIS,0.0,0.0,0.0,0.0,
J2152,,,Tangipahoa,LA,INDEPENDENCE [LA] - HAMMOND 230.0kV,"ENTERGY LOUISIANA, LLC ELTO",Hybrid,120.0,120.0,120.0,2023-11-30T05:00:00+00:00,Done,,,,,Solar/Battery,Not Started,,2025-09-01T04:00:00+00:00,,DPP-2021,South,Phase 3,ERIS,120.0,0.0,120.0,0.0,
J2254,,,Pike,IN,Petersburg 345 kV,INDIANAPOLIS POWER & LIGHT COMPANY,Battery Storage,100.0,100.0,100.0,2021-08-12T04:00:00+00:00,Withdrawn,,2025-12-18T05:00:00+00:00,,,Battery Storage,Not Started,,2024-10-30T04:00:00+00:00,,DPP-2021,Central,Phase 2,NRIS,100.0,0.0,0.0,0.0,
J2146,,,Hopkins,KY,Hopkins County 161kV Substation,BIG RIVERS ELECTRIC CORPORATION BREC,Solar,45.0,45.0,45.0,2021-11-30T05:00:00+00:00,Withdrawn,,2025-12-18T05:00:00+00:00,,,Photovoltaic,Not Started,,2024-11-30T05:00:00+00:00,,DPP-2021,Central,Phase 2,NRIS,45.0,0.0,0.0,0.0,
J2156,,,Johnson,IL,Massac - Jordan 345kV,AMEREN ILLINOIS,Solar,150.0,150.0,150.0,2022-06-28T04:00:00+00:00,Active,,,,,Photovoltaic,Not Started,,2024-05-31T04:00:00+00:00,,DPP-2021,Central,Phase 2,NRIS,150.0,150.0,150.0,150.0,
J2157,,,Morton,ND,Tri-County 230 kV Substation,MINNESOTA POWER INC.,Wind,100.0,100.0,100.0,2021-08-25T04:00:00+00:00,Active,,,,,Wind Turbine,Not Started,,2025-05-01T04:00:00+00:00,,DPP-2021,West,Phase 2,NRIS,100.0,100.0,100.0,100.0,
J2154,,,Calcasieu,LA,Carlyss - Nelson 230kV,"ENTERGY LOUISIANA, LLC ELTO",Hybrid,150.0,150.0,150.0,2021-08-12T04:00:00+00:00,Withdrawn,,2025-03-07T05:00:00+00:00,,,Solar/Battery,Not Started,,2024-10-01T04:00:00+00:00,,DPP-2021,South,Phase 3,ERIS,150.0,0.0,0.0,0.0,
J2161,,,Fulton,IL,Ipava 138KV,AMEREN TRANSMISSION COMPANY OF ILLINOIS,Battery Storage,50.0,50.0,50.0,2021-08-31T04:00:00+00:00,Withdrawn,,2025-12-18T05:00:00+00:00,,,Battery Storage,Not Started,,2024-08-31T04:00:00+00:00,,DPP-2021,Central,Phase 2,NRIS,50.0,50.0,0.0,0.0,
J2158,,,Clark,IL,Hutsonville - Neoga 138KV,AMEREN ILLINOIS,Solar,50.0,50.0,50.0,2021-08-24T04:00:00+00:00,Withdrawn,,2025-12-18T05:00:00+00:00,,,Photovoltaic,Not Started,,2024-08-31T04:00:00+00:00,,DPP-2021,Central,Phase 2,NRIS,50.0,50.0,0.0,0.0,
J2159,,,Clark,IL,Hutsonville - Neoga 138KV,AMEREN ILLINOIS,Battery Storage,50.0,50.0,50.0,2021-08-24T04:00:00+00:00,Pending Transfer,,,,,Battery Storage,Not Started,,2024-08-31T04:00:00+00:00,,DPP-2021,Central,Phase 2,NRIS,50.0,50.0,50.0,40.0,
J2131,,,Jasper,IL,7CASEY    - 7NEWTON   345.0kV,AMEREN ILLINOIS,Solar,150.0,150.0,150.0,2021-08-16T04:00:00+00:00,Active,,,,,Photovoltaic,Not Started,,2027-04-15T04:00:00+00:00,,DPP-2021,Central,Phase 2,NRIS,150.0,150.0,150.0,150.0,
J2245,,,St. Tammany,LA,"Mandeville - North Slidell 230kV Line (not listed on TTF, but both substations seem to have breakers",CLECO POWER LLC CLEC,Hybrid,100.0,100.0,100.0,2021-08-30T04:00:00+00:00,Withdrawn,,2023-10-25T04:00:00+00:00,,,Solar/Battery,Not Started,,2024-10-30T04:00:00+00:00,,DPP-2021,South,Phase 3,NRIS,0.0,0.0,0.0,0.0,
J2135,,,Evangeline,LA,Ville Platte - West Fork 230kV,CLECO POWER LLC CLEC,Solar,200.0,200.0,200.0,2021-08-11T04:00:00+00:00,Withdrawn,,2025-03-07T05:00:00+00:00,,,Photovoltaic,Not Started,,2024-11-30T05:00:00+00:00,,DPP-2021,South,Phase 3,NRIS,200.0,0.0,0.0,0.0,
J2248,,,Pulaski,AR,White Bluff EHV to Wrightsville 115kV,"ENTERGY ARKANSAS, LLC EATO",Battery Storage,0.0,0.0,0.0,2021-11-30T05:00:00+00:00,Withdrawn,,2025-03-07T05:00:00+00:00,,,Battery Storage,Not Started,,2024-10-31T04:00:00+00:00,,DPP-2021,South,Phase 3,NRIS,0.0,0.0,0.0,0.0,
J2232,,,Tipton,IN,Tipton West 230 kV,"DUKE ENERGY INDIANA, LLC CIN",Battery Storage,100.0,100.0,100.0,2021-08-06T04:00:00+00:00,Active,,,,,Battery Storage,Not Started,,2024-10-30T04:00:00+00:00,,DPP-2021,Central,Phase 2,NRIS,100.0,100.0,100.0,100.0,
J2121,,,Callaway,MO,McCredie - Overton 345 kV,AMEREN MISSOURI,Solar,100.0,100.0,100.0,2021-08-06T04:00:00+00:00,Withdrawn,,2024-10-08T04:00:00+00:00,,,Photovoltaic,Not Started,,2024-10-30T04:00:00+00:00,,DPP-2021,Central,Phase 2,NRIS,0.0,0.0,0.0,0.0,
J2122,,,Franklin,IA,Nuthatch Switching Substation,ITC MIDWEST,Wind,33.0,33.0,33.0,2021-08-04T04:00:00+00:00,Withdrawn,,2026-06-22T04:00:00+00:00,,,Wind Turbine,Not Started,,2024-06-30T04:00:00+00:00,,DPP-2021,West,Phase 2,NRIS,33.0,33.0,33.0,33.0,
J2237,,,Lee,AR,Brinkley East - Aubrey 230 kV Line,"ENTERGY ARKANSAS, LLC EATO",Solar,185.0,185.0,185.0,2021-12-21T05:00:00+00:00,Done,2027-05-30T04:00:00+00:00,,,,Photovoltaic,Not Started,,2024-11-30T05:00:00+00:00,,DPP-2021,South,Phase 3,NRIS,185.0,185.0,185.0,0.0,
J2124,,,Champaign,IL,Rising,AMEREN TRANSMISSION COMPANY OF ILLINOIS,Battery Storage,100.0,100.0,100.0,2021-08-06T04:00:00+00:00,Active,,,,,Battery Storage,Not Started,,2022-12-02T05:00:00+00:00,,DPP-2021,Central,Phase 2,NRIS,100.0,100.0,100.0,100.0,
J2242,,,Polk,TX,SHECO,"ENTERGY TEXAS, INC. ETTO",Hybrid,100.0,100.0,100.0,2021-08-23T04:00:00+00:00,Withdrawn,,2025-03-07T05:00:00+00:00,,,Solar/Battery,Not Started,,2024-10-30T04:00:00+00:00,,DPP-2021,South,Phase 3,NRIS,100.0,100.0,0.0,0.0,
J2246,,,Henderson,KY,REID EHV 345 kV Substation,BIG RIVERS ELECTRIC CORPORATION BREC,Solar,300.0,300.0,300.0,2021-08-16T04:00:00+00:00,Withdrawn,,2021-12-08T05:00:00+00:00,,,Photovoltaic,Not Started,,2025-04-01T04:00:00+00:00,,DPP-2021,Central,Phase 2,NRIS,0.0,0.0,0.0,0.0,
J2250,,,Stutsman,ND,Ellendale 345,MONTANA-DAKOTA UTILITIES CO.MDU,Wind,200.0,200.0,200.0,2021-11-01T04:00:00+00:00,Active,,,,,Wind Turbine,Not Started,,2024-04-01T04:00:00+00:00,,DPP-2021,West,Phase 2,ERIS,200.0,200.0,200.0,0.0,
J2139,,,Livingston,MI,BLACKFOOT - MADRID 345.0kV,ITC,Hybrid,250.0,250.0,250.0,2021-09-02T04:00:00+00:00,Active,2029-01-26T05:00:00+00:00,,,,Solar/Battery,Not Started,,2024-09-01T04:00:00+00:00,,DPP-2021,East (ITC),Phase 3,NRIS,250.0,250.0,250.0,250.0,
J2249,,,Acadia,LA,Bayou Cove,"ENTERGY LOUISIANA, LLC ELTO",Solar,144.0,144.0,144.0,2021-12-21T05:00:00+00:00,Done,2027-11-14T05:00:00+00:00,,,,Photovoltaic,Not Started,,2024-10-31T04:00:00+00:00,,DPP-2021,South,Phase 3,NRIS,144.0,144.0,144.0,0.0,
J2252,,,Jackson,AR,Cash - Newport AB,"ENTERGY ARKANSAS, LLC EATO",Solar,300.0,300.0,300.0,2022-07-13T04:00:00+00:00,Withdrawn,2027-10-31T04:00:00+00:00,2026-03-16T04:00:00+00:00,,,Photovoltaic,Not Started,,2024-10-31T04:00:00+00:00,,DPP-2021,South,Phase 3,NRIS,300.0,300.0,300.0,0.0,
J2143,,,Chicot,AR,Lake Village Bagby 115 KV,"ENTERGY ARKANSAS, LLC EATO",Solar,250.0,250.0,250.0,2021-10-15T04:00:00+00:00,Done,2027-03-01T05:00:00+00:00,,,,Photovoltaic,Not Started,,2025-02-15T05:00:00+00:00,,DPP-2021,South,Phase 3,NRIS,250.0,0.0,250.0,0.0,
J2164,,,Pike,IN,Petersburg 345 kV,INDIANAPOLIS POWER & LIGHT COMPANY,Solar,250.0,250.0,250.0,2021-08-12T04:00:00+00:00,Withdrawn,,2025-12-18T05:00:00+00:00,,,Photovoltaic,Not Started,,2024-10-30T04:00:00+00:00,,DPP-2021,Central,Phase 2,NRIS,250.0,0.0,0.0,0.0,
J2166,,,Taylor,IA,Clarinda - Braddyville 161 kV line,MIDAMERICAN ENERGY CO. MEC,Solar,200.0,200.0,200.0,2021-08-17T04:00:00+00:00,Withdrawn,,2021-12-09T05:00:00+00:00,,,Photovoltaic,Not Started,,2025-04-01T04:00:00+00:00,,DPP-2021,West,Phase 2,NRIS,0.0,0.0,0.0,0.0,
J2255,,,Ripley,IN,Batesville 345 kV,"DUKE ENERGY INDIANA, LLC CIN",Battery Storage,100.0,100.0,100.0,2021-08-06T04:00:00+00:00,Withdrawn,,2024-10-08T04:00:00+00:00,,,Battery Storage,Not Started,,2024-10-30T04:00:00+00:00,,DPP-2021,Central,Phase 2,NRIS,0.0,0.0,0.0,0.0,
J2160,,,Bartholomew,IN,Gallagher to Columbus 230KV,"DUKE ENERGY INDIANA, LLC CIN",Battery Storage,50.0,50.0,50.0,2021-09-01T04:00:00+00:00,Withdrawn,,2025-12-18T05:00:00+00:00,,,Battery Storage,Not Started,,2024-08-01T04:00:00+00:00,,DPP-2021,Central,Phase 2,NRIS,50.0,50.0,0.0,0.0,
J2162,,,Leflore,MS,Itta Benna - Moorhead 115KV,"ENTERGY MISSISSIPPI, LLC. EMTO",Solar,100.0,100.0,100.0,2021-08-13T04:00:00+00:00,Withdrawn,,2025-03-07T05:00:00+00:00,,,Photovoltaic,Not Started,,2024-08-31T04:00:00+00:00,,DPP-2021,South,Phase 3,NRIS,100.0,100.0,0.0,0.0,
J2163,,,Calcasieu,LA,230 kV: Penton Road to Roy S Nelson 230 kV,"ENTERGY LOUISIANA, LLC ELTO",Solar,200.0,200.0,200.0,2022-07-13T04:00:00+00:00,Withdrawn,,2025-03-07T05:00:00+00:00,,,Photovoltaic,Not Started,,2024-10-31T04:00:00+00:00,,DPP-2021,South,Phase 3,NRIS,200.0,200.0,0.0,0.0,
J2176,,,Calcasieu,LA,Hartburg - Rhodes 500 kV,"ENTERGY LOUISIANA, LLC ELTO",Solar,680.0,680.0,680.0,2021-08-24T04:00:00+00:00,Withdrawn,,2023-10-25T04:00:00+00:00,,,Photovoltaic,Not Started,,2025-03-31T04:00:00+00:00,,DPP-2021,South,Phase 3,NRIS,0.0,0.0,0.0,0.0,
J2181,,,Mississippi,AR,161 kV line tap of DELL EAST to Blytheville,"ENTERGY ARKANSAS, LLC EATO",Solar,200.0,200.0,200.0,2022-07-13T04:00:00+00:00,Done,2027-07-30T04:00:00+00:00,,,,Photovoltaic,Not Started,,2024-10-31T04:00:00+00:00,,DPP-2021,South,Phase 3,NRIS,200.0,200.0,200.0,0.0,
J2177,,,Tipton,IN,Tipton West 230 kV,"DUKE ENERGY INDIANA, LLC CIN",Solar,67.0,67.0,67.0,2021-08-09T04:00:00+00:00,Active,,,,,Photovoltaic,Not Started,,2024-10-30T04:00:00+00:00,,DPP-2021,Central,Phase 2,NRIS,67.0,67.0,67.0,67.0,
J2178,,,Sullivan,IN,Merom 345 kV,HOOSIER ENERGY,Battery Storage,100.0,100.0,100.0,2021-08-06T04:00:00+00:00,Active,,,,,Battery Storage,Not Started,,2024-10-30T04:00:00+00:00,,DPP-2021,Central,Phase 2,NRIS,100.0,0.0,100.0,0.0,
J2147,,,Daviess,KY,Daviess County - Utica 69kV,BIG RIVERS ELECTRIC CORPORATION BREC,Solar,56.0,56.0,56.0,2021-11-24T05:00:00+00:00,Withdrawn,,2024-10-08T04:00:00+00:00,,,Photovoltaic,Not Started,,2024-11-30T05:00:00+00:00,,DPP-2021,Central,Phase 2,NRIS,0.0,0.0,0.0,0.0,
J2151,,,Saline,IL,Muddy to West Frankfort 138 kV line,AMEREN ILLINOIS,Hybrid,150.0,150.0,150.0,2021-08-12T04:00:00+00:00,Active,,,,,Solar/Battery,Not Started,,2025-08-01T04:00:00+00:00,,DPP-2021,Central,Phase 2,NRIS,150.0,150.0,135.0,135.0,
J2153,,,Ashley,AR,Ashley Switchyard,"ENTERGY ARKANSAS, LLC EATO",Hybrid,200.0,200.0,200.0,2021-08-11T04:00:00+00:00,Done,2027-04-30T04:00:00+00:00,,,,Solar/Battery,Not Started,,2025-09-01T04:00:00+00:00,,DPP-2021,South,Phase 3,NRIS,145.0,0.0,134.0,0.0,
J2155,,,New Madrid,MO,Other_,AMEREN MISSOURI,Solar,150.0,150.0,150.0,2022-03-28T04:00:00+00:00,Active,,,,,Photovoltaic,Not Started,,2024-05-31T04:00:00+00:00,,DPP-2021,Central,Phase 2,NRIS,150.0,150.0,150.0,150.0,
J2165,,,Liberty,TX,JACINTO - SHECO BATISTE CREEK 230.0kV,"ENTERGY TEXAS, INC. ETTO",Solar,145.0,145.0,145.0,2021-11-03T04:00:00+00:00,Done,2027-10-01T04:00:00+00:00,,,,Photovoltaic,Not Started,,2023-11-01T04:00:00+00:00,,DPP-2021,South,Phase 3,ERIS,145.0,0.0,145.0,0.0,
J2169,,,Beauregard,LA,Deridder - Centennial 138-kV,CLECO POWER LLC CLEC,Solar,98.9,98.9,98.9,2021-08-17T04:00:00+00:00,Withdrawn,,2025-03-07T05:00:00+00:00,,,Photovoltaic,Not Started,,2023-10-31T04:00:00+00:00,,DPP-2021,South,Phase 3,NRIS,99.0,99.0,0.0,0.0,
J2171,,,Perry,IL,Aster to Commodore,AMEREN ILLINOIS,Solar,500.0,500.0,500.0,2022-03-25T04:00:00+00:00,Active,,,,,Solar/Wind,Not Started,,2024-05-01T04:00:00+00:00,,DPP-2021,Central,Phase 2,NRIS,500.0,500.0,500.0,500.0,
J2179,,,Montgomery,MO,MONTGOMERY,AMEREN MISSOURI,Hybrid,100.0,100.0,100.0,2021-08-06T04:00:00+00:00,Active,,,,,Photovoltaic,Not Started,,2024-10-30T04:00:00+00:00,,DPP-2021,Central,Phase 2,NRIS,100.0,100.0,100.0,100.0,
J2180,,,Sabine,LA,Fisher,CLECO POWER LLC CLEC,Solar,250.0,250.0,250.0,2022-07-13T04:00:00+00:00,Done,2027-08-20T04:00:00+00:00,,,,Photovoltaic,Not Started,,2024-10-31T04:00:00+00:00,,DPP-2021,South,Phase 3,NRIS,250.0,250.0,250.0,0.0,
J2189,,,McDonough,IL,Hornsby Switching Station,AMEREN ILLINOIS,Wind,15.6,15.6,15.6,2021-08-17T04:00:00+00:00,Active,,,,,Wind Turbine,Not Started,,2019-12-01T05:00:00+00:00,,DPP-2021,Central,Phase 2,ERIS,15.6,0.0,15.6,0.0,
J2167,,,Calcasieu,LA,Chalkley - Solac 230kV,"ENTERGY LOUISIANA, LLC ELTO",Solar,198.0,198.0,198.0,2021-11-03T04:00:00+00:00,Withdrawn,,2023-10-25T04:00:00+00:00,,,Photovoltaic,Not Started,,2023-10-31T04:00:00+00:00,,DPP-2021,South,Phase 3,NRIS,0.0,0.0,0.0,0.0,
J2168,,,Jefferson,TX,China Substation,"ENTERGY TEXAS, INC. ETTO",Solar,693.0,693.0,693.0,2021-08-13T04:00:00+00:00,Withdrawn,,2023-10-25T04:00:00+00:00,,,Photovoltaic,Not Started,,2024-12-31T05:00:00+00:00,,DPP-2021,South,Phase 3,NRIS,0.0,0.0,0.0,0.0,
J2191,,,St. Mary,LA,Caneland 230kV Substation,CLECO POWER LLC CLEC,Solar,100.0,100.0,100.0,2021-10-28T04:00:00+00:00,Withdrawn,,2023-10-25T04:00:00+00:00,,,Photovoltaic,Not Started,,2025-12-15T05:00:00+00:00,,DPP-2021,South,Phase 3,NRIS,0.0,0.0,0.0,0.0,
J2192,,,Vermilion,IL,7BUNSONVILLE - 7SIDNEY   345.0kV,AMEREN ILLINOIS,Wind,99.9,99.9,99.9,2022-06-14T04:00:00+00:00,Withdrawn,,2025-12-18T05:00:00+00:00,,,Wind Turbine,Not Started,,2024-08-01T04:00:00+00:00,,DPP-2021,Central,Phase 2,NRIS,99.9,99.9,0.0,0.0,
J2170,,,Clark,IL,Snyder 345 kV (J1180/J1475 POI),AMEREN ILLINOIS,Battery Storage,150.0,150.0,150.0,2022-04-05T04:00:00+00:00,Pending Transfer,,,,,Battery Storage,Not Started,,2024-01-01T05:00:00+00:00,,DPP-2021,Central,Phase 2,NRIS,150.0,150.0,150.0,150.0,
J2172,,,McDonough,IL,Macomb Northeast,AMEREN ILLINOIS,Hybrid,100.0,100.0,100.0,2022-03-28T04:00:00+00:00,Withdrawn,,2025-12-18T05:00:00+00:00,,,Solar/Battery,Not Started,,2025-11-30T05:00:00+00:00,,DPP-2021,Central,Phase 2,NRIS,75.0,75.0,0.0,0.0,
J2193,,,Waushara,WI,Sand Lake,AMERICAN TRANSMISSION COMPANY,Hybrid,100.0,100.0,100.0,2021-11-30T05:00:00+00:00,Active,2027-09-01T04:00:00+00:00,,,,Solar/Battery,Not Started,,2024-09-01T04:00:00+00:00,,DPP-2021,East (ATC),Phase 3,NRIS,100.0,100.0,100.0,100.0,
J2195,,,Fayette,IL,Ramsey East 138 kV,AMEREN ILLINOIS,Battery Storage,100.0,100.0,100.0,2025-01-10T05:00:00+00:00,Active,,,,,Battery Storage,Not Started,,2024-10-07T04:00:00+00:00,,DPP-2021,Central,Phase 2,NRIS,100.0,100.0,100.0,100.0,
J2173,,,Hinds,MS,BOLTON,"ENTERGY MISSISSIPPI, LLC. EMTO",Hybrid,396.0,396.0,396.0,2021-08-23T04:00:00+00:00,Done,2027-12-15T05:00:00+00:00,,,,Solar/Battery,Not Started,,2024-04-15T04:00:00+00:00,,DPP-2021,South,Phase 3,NRIS,396.0,396.0,396.0,0.0,
J2174,,,Tunica,MS,ROBINSONVILLE - TUNICA 230/115 SUB 230.0kV,"ENTERGY MISSISSIPPI, LLC. EMTO",Solar,390.0,390.0,390.0,2021-08-22T04:00:00+00:00,Withdrawn,,2025-01-10T05:00:00+00:00,,,Photovoltaic,Not Started,,2025-03-31T04:00:00+00:00,,DPP-2021,South,Phase 3,NRIS,0.0,0.0,0.0,0.0,
J2196,,,Montgomery,IL,AUSTIN 138 KV,AMEREN ILLINOIS,Hybrid,100.0,100.0,100.0,2021-08-17T04:00:00+00:00,Withdrawn,,2025-12-18T05:00:00+00:00,,,Solar/Wind/Battery,Not Started,,2028-04-30T04:00:00+00:00,,DPP-2021,Central,Phase 2,NRIS,100.0,100.0,0.0,0.0,
J2210,,,Iberville,LA,Derrick 230 kV,"ENTERGY LOUISIANA, LLC ELTO",Battery Storage,100.0,100.0,100.0,2021-08-26T04:00:00+00:00,Withdrawn,,2023-10-25T04:00:00+00:00,,,Battery Storage,Not Started,,2025-10-01T04:00:00+00:00,,DPP-2021,South,Phase 3,NRIS,0.0,0.0,0.0,0.0,
J2175,,,Washington,MS,Indianola to Gerald Andrus 230 kV,"ENTERGY LOUISIANA, LLC ELTO",Solar,350.0,350.0,350.0,2021-08-24T04:00:00+00:00,Withdrawn,,2023-10-25T04:00:00+00:00,,,Photovoltaic,Not Started,,2025-03-31T04:00:00+00:00,,DPP-2021,South,Phase 3,NRIS,0.0,0.0,0.0,0.0,
J2186,,,Fulton,IL,Ipava-Maple Ridge 345kV (4573),AMEREN ILLINOIS,Solar,820.6,820.6,820.6,2022-06-22T04:00:00+00:00,Active,,,,,Photovoltaic,Not Started,,2024-10-01T04:00:00+00:00,,DPP-2021,Central,Phase 2,NRIS,820.6,820.6,820.6,820.6,
J2187,,,LaPorte,IN,Stillwell 138kV,NORTHERN INDIANA PUBLIC SERVICE COMPANY LLC NIPS,Solar,124.0,124.0,124.0,2022-03-28T04:00:00+00:00,Withdrawn,,2026-04-07T04:00:00+00:00,,,Photovoltaic,Not Started,,2024-10-20T04:00:00+00:00,,DPP-2021,Central,Phase 2,NRIS,124.0,124.0,124.0,100.0,
J2188,,,Columbia,WI,Columbia - South Fond du Lac 345.0kV,AMERICAN TRANSMISSION COMPANY,Solar,99.0,99.0,99.0,2021-12-01T05:00:00+00:00,Withdrawn,,2024-10-18T04:00:00+00:00,,,Photovoltaic,Not Started,,2025-07-23T04:00:00+00:00,,DPP-2021,East (ATC),Phase 3,NRIS,99.0,99.0,0.0,0.0,
J2183,,,Pointe Coupee,LA,Fancy Point - Waterloo,"ENTERGY LOUISIANA, LLC ELTO",Solar,200.0,200.0,200.0,2021-09-01T04:00:00+00:00,Withdrawn,,2023-10-25T04:00:00+00:00,,,Photovoltaic,Not Started,,2022-12-31T05:00:00+00:00,,DPP-2021,South,Phase 3,NRIS-Only,0.0,0.0,0.0,0.0,
J2202,,,Jefferson Davis,LA,Lacassine 69 kV,"ENTERGY LOUISIANA, LLC ELTO",Battery Storage,100.0,100.0,100.0,2021-08-17T04:00:00+00:00,Withdrawn,,2023-10-25T04:00:00+00:00,,,Battery Storage,Not Started,,2022-12-02T05:00:00+00:00,,DPP-2021,South,Phase 3,NRIS,0.0,0.0,0.0,0.0,
J2203,,,Adams,IL,East Quincy,AMEREN ILLINOIS,Battery Storage,150.0,150.0,150.0,2022-03-25T04:00:00+00:00,Active,2028-08-01T04:00:00+00:00,,,,Battery Storage,Not Started,,2024-09-30T04:00:00+00:00,,DPP-2021,Central,Phase 2,NRIS,150.0,150.0,150.0,150.0,
J2205,,,Callaway,MO,J1145 New 345kV POI Substation (Ameren Overton-Montgomery 345kV Line),AMEREN MISSOURI,Hybrid,300.0,300.0,300.0,2021-08-12T04:00:00+00:00,Active,,,,,Solar/Battery,Not Started,,2024-09-01T04:00:00+00:00,,DPP-2021,Central,Phase 2,NRIS,300.0,300.0,300.0,300.0,
J2212,,,Jefferson,IN,Madison Michigan Ave,"DUKE ENERGY INDIANA, LLC CIN",Solar,150.0,150.0,150.0,2022-03-28T04:00:00+00:00,Withdrawn,,2025-12-18T05:00:00+00:00,,,Photovoltaic,Not Started,,2025-09-30T04:00:00+00:00,,DPP-2021,Central,Phase 2,NRIS,150.0,150.0,0.0,0.0,
J1022,,,McLean County,IL,Weedman Substation 138kV Bus,AMEREN ILLINOIS,Wind,150.0,150.0,150.0,2018-03-12T04:00:00+00:00,Done,2022-05-27T04:00:00+00:00,,,,Wind Turbine,In Service,2021-10-12T04:00:00+00:00,2021-08-01T04:00:00+00:00,2021-10-13T04:00:00+00:00,DPP-2018-APR,Central,GIA,ERIS,150.0,150.0,150.0,0.0,
J2208,,,De Soto,LA,Mansfield (Bus #500530) to Red River Tap (Bus #500762) 138 kV,CLECO POWER LLC CLEC,Solar,99.0,99.0,99.0,2021-08-27T04:00:00+00:00,Withdrawn,,2026-02-12T05:00:00+00:00,,,Photovoltaic,Not Started,,2024-10-04T04:00:00+00:00,,DPP-2021,South,Phase 3,NRIS,99.0,99.0,99.0,0.0,
J2209,,,Scott,MO,Oran 161kV Substation,AMEREN MISSOURI,Solar,100.0,100.0,100.0,2021-12-23T05:00:00+00:00,Withdrawn,,2025-12-18T05:00:00+00:00,,,Photovoltaic,Not Started,,2025-09-16T04:00:00+00:00,,DPP-2021,Central,Phase 2,NRIS,100.0,100.0,0.0,0.0,
J1005,,,"Midland County,Saginaw County",MI,Murphy 345kV Substation,METC,Solar,200.0,200.0,200.0,2018-03-12T04:00:00+00:00,Withdrawn,,2020-06-30T04:00:00+00:00,,,Photovoltaic,Not Started,,2021-09-01T04:00:00+00:00,,DPP-2018-APR,East (ITC),GIA,NRIS,200.0,200.0,0.0,0.0,
J1024,,,Nodaway County,MO,Maryville - Clarinda 161 kV Line Tap,MIDAMERICAN ENERGY COMPANY,Wind,200.0,200.0,200.0,2018-03-12T04:00:00+00:00,Withdrawn,,2021-03-09T05:00:00+00:00,,,Wind Turbine,Not Started,,2022-09-30T04:00:00+00:00,,DPP-2018-APR,West,GIA,NRIS,200.0,200.0,0.0,0.0,
J1002,,,Waushara County,WI,Wautoma 138kV Switchyard,American Transmission Co. LLC,Solar,99.0,99.0,99.0,2018-03-12T04:00:00+00:00,Done,2023-01-26T05:00:00+00:00,,,,Photovoltaic,In Service,2021-05-05T04:00:00+00:00,2021-10-01T04:00:00+00:00,2021-05-05T04:00:00+00:00,DPP-2018-APR,East (ATC),GIA,NRIS,99.0,99.0,99.0,99.0,
J1003,,,Dodge County,WI,North Beaver Dam 69 kV Substation,American Transmission Co. LLC,Solar,50.0,50.0,50.0,2018-03-12T04:00:00+00:00,Done,2023-06-06T04:00:00+00:00,,,,Photovoltaic,In Service,2021-05-05T04:00:00+00:00,2021-10-01T04:00:00+00:00,2021-05-05T04:00:00+00:00,DPP-2018-APR,East (ATC),GIA,NRIS,50.0,50.0,50.0,50.0,
J2184,,,Monroe,AR,Brinkley West Substation 115kV,"ENTERGY ARKANSAS, LLC EATO",Hybrid,100.0,100.0,100.0,2021-08-23T04:00:00+00:00,Withdrawn,,2025-03-07T05:00:00+00:00,,,Solar/Battery,Not Started,,2024-04-15T04:00:00+00:00,,DPP-2021,South,Phase 3,NRIS,100.0,100.0,0.0,0.0,
J2185,,,Portage,WI,Rocky Run to Werner West 345 kV line,AMERICAN TRANSMISSION COMPANY,Solar,399.04,399.04,399.04,2022-06-22T04:00:00+00:00,Active,2028-02-15T05:00:00+00:00,,,,Photovoltaic,Not Started,,2024-10-01T04:00:00+00:00,,DPP-2021,East (ATC),Phase 3,NRIS,399.03,399.03,399.03,195.79,
J2190,,,Mississippi,AR,DELL EHV - SAN SOUCI 500.0kV,"ENTERGY ARKANSAS, LLC EATO",Hybrid,500.0,500.0,500.0,2021-08-24T04:00:00+00:00,Done,2027-10-22T04:00:00+00:00,,,,Solar/Battery,Not Started,,2024-08-15T04:00:00+00:00,,DPP-2021,South,Phase 3,NRIS,500.0,500.0,500.0,425.0,
J2197,,,Clay,IL,Xenia,AMEREN ILLINOIS,Battery Storage,100.0,100.0,100.0,2025-01-10T05:00:00+00:00,Active,,,,,Battery Storage,Not Started,,2024-10-07T04:00:00+00:00,,DPP-2021,Central,Phase 2,NRIS,100.0,100.0,100.0,100.0,
J2198,,,Jefferson,MO,Joachim 138kV,AMEREN MISSOURI,Battery Storage,250.0,250.0,250.0,2022-03-25T04:00:00+00:00,Withdrawn,,2025-12-18T05:00:00+00:00,,,Battery Storage,Not Started,,2024-09-30T04:00:00+00:00,,DPP-2021,Central,Phase 2,NRIS,250.0,250.0,0.0,0.0,
J2199,,,Anoka,MN,COON CREEK,NORTHERN STATES POWER COMPANY,Battery Storage,200.0,200.0,200.0,2021-08-13T04:00:00+00:00,Withdrawn,,2025-10-27T04:00:00+00:00,,,Battery Storage,Not Started,,2024-09-30T04:00:00+00:00,,DPP-2021,West,Phase 2,NRIS,200.0,200.0,0.0,0.0,
J2201,,,Harrison,IN,Kenzig Road - HE Ramsey 345.0kV,"DUKE ENERGY INDIANA, LLC CIN",Hybrid,200.0,200.0,200.0,2021-12-07T05:00:00+00:00,Withdrawn,,2025-12-18T05:00:00+00:00,,,Solar/Battery,Not Started,,2024-11-29T05:00:00+00:00,,DPP-2021,Central,Phase 2,NRIS,200.0,125.0,0.0,0.0,
J2211,,,Brown,WI,Tower Dr,AMERICAN TRANSMISSION COMPANY,Battery Storage,200.0,200.0,200.0,2024-09-27T04:00:00+00:00,Withdrawn,,2025-11-13T05:00:00+00:00,,,Battery Storage,Not Started,,2024-09-30T04:00:00+00:00,,DPP-2021,East (ATC),Phase 3,NRIS,200.0,200.0,200.0,200.0,
J1000,,,Grant County,WI,Nelson Dewey - Lancaster 138kV Line,American Transmission Co. LLC,Solar,50.0,50.0,50.0,2018-03-12T04:00:00+00:00,Done,2023-03-27T04:00:00+00:00,,,,Photovoltaic,In Service,2021-04-02T04:00:00+00:00,2021-10-01T04:00:00+00:00,2023-01-30T05:00:00+00:00,DPP-2018-APR,East (ATC),GIA,NRIS,50.0,50.0,50.0,50.0,
J1001,,,Lincoln County,MN,Buffalo Ridge 115kV Substation,NORTHERN STATES POWER COMPANY,Solar,40.0,40.0,40.0,2018-03-12T04:00:00+00:00,Withdrawn,,2021-03-09T05:00:00+00:00,,,Photovoltaic,Not Started,,2020-09-01T04:00:00+00:00,2023-01-30T05:00:00+00:00,DPP-2018-APR,West,GIA,NRIS,40.0,40.0,0.0,0.0,
J1021,,,Piatt County,IL,Goose Creek 345kV Switchyard,AMEREN ILLINOIS,Wind,200.0,200.0,200.0,2018-03-12T04:00:00+00:00,Withdrawn,,2020-01-02T05:00:00+00:00,,,Wind Turbine,Not Started,,2021-09-01T04:00:00+00:00,,DPP-2018-APR,Central,GIA,NRIS,0.0,0.0,0.0,0.0,
J1006,,,Brookings County,SD,Brookings - Yankee 115kV Line Tap,NORTHERN STATES POWER COMPANY,Solar,100.0,100.0,100.0,2018-03-12T04:00:00+00:00,Withdrawn,,2020-03-25T04:00:00+00:00,,,Photovoltaic,Not Started,,2020-09-01T04:00:00+00:00,,DPP-2018-APR,West,GIA,NRIS,0.0,0.0,0.0,0.0,
J1025,,,Knox County,MO,Zachary - Maywood 345 kV Line Tap,AMEREN TRANSMISSION COMPANY OF ILLINOIS,Wind,300.0,300.0,300.0,2018-03-12T04:00:00+00:00,Done,2025-06-01T04:00:00+00:00,,,,Wind Turbine,Not Started,2022-04-04T04:00:00+00:00,2023-04-01T04:00:00+00:00,2022-04-04T04:00:00+00:00,DPP-2018-APR,Central,GIA,NRIS,300.0,300.0,290.0,290.0,
J1026,,,"Audrain County,Ralls County",MO,Spencer Creek 345 kV Substation,Ameren Missouri,Wind,400.0,400.0,400.0,2018-03-12T04:00:00+00:00,Done,2023-06-01T04:00:00+00:00,,,,Wind Turbine,Not Started,2022-04-01T04:00:00+00:00,2020-09-30T04:00:00+00:00,2022-04-01T04:00:00+00:00,DPP-2018-APR,Central,GIA,NRIS,400.0,350.0,380.0,265.0,
J1027,,,Pike County,IN,Ratts 161 kV Substation,HOOSIER ENERGY,Solar,150.0,150.0,150.0,2018-03-12T04:00:00+00:00,Done,2022-11-15T05:00:00+00:00,,,,Photovoltaic,Not Started,,2021-01-02T05:00:00+00:00,2021-03-08T05:00:00+00:00,DPP-2018-APR,Central,GIA,NRIS,150.0,150.0,150.0,150.0,
J1028,,,Pike County,IN,Ratts - Victory 161 kV Line Tap,HOOSIER ENERGY,Solar,150.0,150.0,150.0,2018-03-12T04:00:00+00:00,Done,2022-06-01T04:00:00+00:00,,,,Photovoltaic,Not Started,,2021-01-02T05:00:00+00:00,2021-03-08T05:00:00+00:00,DPP-2018-APR,Central,GIA,NRIS,150.0,150.0,150.0,150.0,
J1023,,,Mississippi County,AR,Osceola - Wilson 161 kV Line Tap,"ENTERGY ARKANSAS, LLC EATO",Solar,82.0,82.0,82.0,2018-03-12T04:00:00+00:00,Withdrawn,,2019-08-29T04:00:00+00:00,,,Photovoltaic,Not Started,,2021-07-31T04:00:00+00:00,,DPP-2018-APR,South,GIA,NRIS,0.0,0.0,0.0,0.0,
J1007,,,Crittenden County,AR,Marion - Marked Tree 161kV Line Tap,"ENTERGY ARKANSAS, LLC",Solar,200.0,200.0,200.0,2018-03-12T04:00:00+00:00,Done,2023-06-01T04:00:00+00:00,,,,Photovoltaic,Under Construction,2020-08-12T04:00:00+00:00,2021-09-01T04:00:00+00:00,2020-03-30T04:00:00+00:00,DPP-2018-APR,South,GIA,NRIS,200.0,200.0,180.0,180.0,
J1111,,,Jackson County,IL,Campbell Hill - Jackson 161 kV Line Tap,Southern Illinois Power Cooperative,Solar,150.0,150.0,150.0,2018-03-12T04:00:00+00:00,Withdrawn,,2021-03-10T05:00:00+00:00,,,Photovoltaic,Not Started,,2021-01-02T05:00:00+00:00,,DPP-2018-APR,Central,GIA,NRIS,150.0,150.0,0.0,0.0,
J1113,,,Sunflower County,MS,Delta - Ruleville 115kV Line Tap,"ENTERGY MISSISSIPPI, LLC EMMP",Solar,85.0,85.0,85.0,2018-03-12T04:00:00+00:00,Withdrawn,,2019-08-29T04:00:00+00:00,,,Photovoltaic,Not Started,,2022-09-01T04:00:00+00:00,,DPP-2018-APR,South,GIA,NRIS,0.0,0.0,0.0,0.0,
J1020,,,Jasper County,MS,Missionary 230kV Substation,COOPERATIVE ENERGY SMEP,Solar,250.0,250.0,250.0,2018-03-12T04:00:00+00:00,Withdrawn,,2020-01-24T05:00:00+00:00,,,Photovoltaic,Not Started,,2022-09-01T04:00:00+00:00,,DPP-2018-APR,South,GIA,NRIS,250.0,250.0,0.0,0.0,
J1004,,,"Mecosta County,Montcalm County",MI,Kenowa - Nelson Road 345kV Line Tap,METC,Wind,800.0,800.0,800.0,2018-03-12T04:00:00+00:00,Withdrawn,,2018-11-01T04:00:00+00:00,,,Wind Turbine,Not Started,,2020-09-01T04:00:00+00:00,,DPP-2018-APR,East (ITC),GIA,NRIS,0.0,0.0,0.0,0.0,
J1029,,,East Feliciana Parish,LA,Fancy Point 230 kV Substation,"ENTERGY LOUISIANA, LLC ELTO",Solar,200.0,200.0,200.0,2018-03-12T04:00:00+00:00,Withdrawn,,2019-03-13T04:00:00+00:00,,,Photovoltaic,Not Started,,2020-09-28T04:00:00+00:00,,DPP-2018-APR,South,GIA,NRIS,0.0,0.0,0.0,0.0,
J1130,,,Warren County,MS,Baxter Wilson SES 115/500 kV Sw YD,"ENTERGY MISSISSIPPI, LLC EMMP",Gas,1110.0,966.0,1110.0,2018-03-12T04:00:00+00:00,Withdrawn,,2019-08-29T04:00:00+00:00,,,Combined Cycle,Not Started,,2023-05-01T04:00:00+00:00,,DPP-2018-APR,South,GIA,NRIS,0.0,0.0,0.0,0.0,
J1135,,,Des Moines County,IA,Huntwoods 69 kV substation,ITC MIDWEST,Solar,50.0,50.0,50.0,2018-03-12T04:00:00+00:00,Done,2024-06-01T04:00:00+00:00,,,,Photovoltaic,Not Started,2022-02-07T05:00:00+00:00,2021-10-01T04:00:00+00:00,2022-02-07T05:00:00+00:00,DPP-2018-APR,West,GIA,NRIS,50.0,50.0,50.0,50.0,
J1115,,,Macon County,IL,Latham - Oreana 345kV Line,AMEREN ILLINOIS,Wind,200.0,200.0,200.0,2018-03-12T04:00:00+00:00,Done,2024-09-01T04:00:00+00:00,,,,Wind Turbine,Under Construction,2021-10-12T04:00:00+00:00,2021-09-01T04:00:00+00:00,2021-10-13T04:00:00+00:00,DPP-2018-APR,Central,GIA,NRIS,200.0,200.0,200.0,200.0,
J1112,,,Kosciusko County,IN,Leesburg 138kV Substation,NORTHERN INDIANA PUBLIC SERVICE COMPANY LLC NIP,Solar,150.0,150.0,150.0,2018-03-12T04:00:00+00:00,Withdrawn,,2021-03-10T05:00:00+00:00,,,Photovoltaic,Not Started,,2021-09-15T04:00:00+00:00,,DPP-2018-APR,Central,GIA,NRIS,150.0,150.0,0.0,0.0,
J1132,,,Union County,IA,Creston East 69 kV Substation,ITC MIDWEST,Solar,50.0,50.0,50.0,2018-03-12T04:00:00+00:00,Done,2024-06-01T04:00:00+00:00,,,,Photovoltaic,Under Construction,2022-02-07T05:00:00+00:00,2021-10-01T04:00:00+00:00,2022-02-07T05:00:00+00:00,DPP-2018-APR,West,GIA,NRIS,50.0,50.0,50.0,0.0,
J1114,,,Plymouth County,IA,J506 Substation on Raun - Highland 345 kV Line,MIDAMERICAN ENERGY COMPANY,Wind,200.0,200.0,200.0,2018-03-12T04:00:00+00:00,Withdrawn,,2020-03-25T04:00:00+00:00,,,Wind Turbine,Not Started,,2021-09-15T04:00:00+00:00,,DPP-2018-APR,West,GIA,NRIS,0.0,0.0,0.0,0.0,
J1138,,,Baraga County,MI,M38 138 kV Substation,American Transmission Co. LLC,Wind,70.0,70.0,70.0,2018-03-12T04:00:00+00:00,Withdrawn,,2018-12-07T05:00:00+00:00,,,Wind Turbine,Not Started,,2020-09-23T04:00:00+00:00,,DPP-2018-APR,East (ATC),GIA,NRIS,0.0,0.0,0.0,0.0,
J1154,,,Jefferson County,WI,Jefferson 138 kV Substation,American Transmission Co. LLC,Solar,75.0,75.0,75.0,2018-03-12T04:00:00+00:00,Done,2023-05-15T04:00:00+00:00,,,,Photovoltaic,Under Construction,2021-05-19T04:00:00+00:00,2021-04-01T04:00:00+00:00,2021-05-19T04:00:00+00:00,DPP-2018-APR,East (ATC),GIA,NRIS,75.0,75.0,75.0,75.0,
J1160,,,"Adams County,Wood County",WI,Sand Lake - Port Edwards 138 kV Line Tap,American Transmission Co. LLC,Solar,100.23,100.23,100.23,2018-03-12T04:00:00+00:00,Withdrawn,,2019-01-31T05:00:00+00:00,,,Photovoltaic,Not Started,,2021-10-01T04:00:00+00:00,,DPP-2018-APR,East (ATC),GIA,NRIS,0.0,0.0,0.0,0.0,
J1008,,,Faribault County,MN,Blue Earth IPL - Blue Earth 69kV Line Tap,ITC MIDWEST,Solar,50.0,50.0,50.0,2018-03-12T04:00:00+00:00,Withdrawn,,2020-03-25T04:00:00+00:00,,,Photovoltaic,Not Started,,2020-09-01T04:00:00+00:00,,DPP-2018-APR,West,GIA,NRIS,0.0,0.0,0.0,0.0,
J1009,,,"Kenosha County,Racine County",WI,Pleasant Prairie - Racine 345kV Line Tap,American Transmission Co. LLC,Solar,400.0,400.0,400.0,2018-03-12T04:00:00+00:00,Withdrawn,,2020-05-19T04:00:00+00:00,,,Photovoltaic,Not Started,,2020-09-01T04:00:00+00:00,,DPP-2018-APR,East (ATC),GIA,NRIS,400.0,400.0,0.0,0.0,
J1110,,,Mower County,MN,North Austin 161 kV Substation,SMMPA,Solar,100.0,100.0,100.0,2018-03-12T04:00:00+00:00,Withdrawn,,2021-06-18T04:00:00+00:00,,,Photovoltaic,Not Started,,2021-09-15T04:00:00+00:00,,DPP-2018-APR,West,GIA,NRIS,100.0,100.0,100.0,100.0,
J1131,,,Scott County,IA,Sub 56 Davenport 161 kV Substation,MIDAMERICAN ENERGY COMPANY,Solar,100.0,100.0,100.0,2018-03-12T04:00:00+00:00,Done,2024-06-30T04:00:00+00:00,,,,Photovoltaic,Under Construction,2021-06-16T04:00:00+00:00,2023-10-01T04:00:00+00:00,2021-06-16T04:00:00+00:00,DPP-2018-APR,West,GIA,NRIS,100.0,100.0,100.0,100.0,
J1133,,,Richland Parish,LA,Dunn - Oakridge 115kV Line Tap,"ENTERGY LOUISIANA, LLC ELTO",Solar,100.0,100.0,100.0,2018-03-12T04:00:00+00:00,Withdrawn,,2018-10-01T04:00:00+00:00,,,Photovoltaic,Not Started,,2021-08-11T04:00:00+00:00,,DPP-2018-APR,South,GIA,NRIS,0.0,0.0,0.0,0.0,
J1116,,,Hancock County,IN,Greensboro - Greenfield 138 kV Line Tap,Duke Energy Corporation,Wind,100.0,100.0,100.0,2018-03-12T04:00:00+00:00,Withdrawn,,2018-10-03T04:00:00+00:00,,,Wind Turbine,Not Started,,2021-09-01T04:00:00+00:00,,DPP-2018-APR,Central,GIA,NRIS,0.0,0.0,0.0,0.0,
J1117,,,Ingham County,MI,Green 138kV Substation,METC,Solar,80.0,80.0,80.0,2018-03-12T04:00:00+00:00,Withdrawn,,2019-05-30T04:00:00+00:00,,,Photovoltaic,Not Started,,2021-09-01T04:00:00+00:00,,DPP-2018-APR,East (ITC),GIA,NRIS,0.0,0.0,0.0,0.0,
J1139,,,Champaign County,IL,Sidney Substation 138 kV Bus,AMEREN ILLINOIS,Solar,150.0,150.0,150.0,2018-03-12T04:00:00+00:00,Done,2023-10-01T04:00:00+00:00,,,,Photovoltaic,In Service,,2020-10-31T04:00:00+00:00,2021-03-17T04:00:00+00:00,DPP-2018-APR,Central,GIA,NRIS,150.0,150.0,135.0,135.0,
J1136,,,Hinds County,MS,Tinnin Road 230kV Substation,"ENTERGY MISSISSIPPI, LLC EMMP",Solar,100.0,100.0,100.0,2018-03-12T04:00:00+00:00,Withdrawn,,2018-06-05T04:00:00+00:00,,,Photovoltaic,Not Started,,2021-08-11T04:00:00+00:00,,DPP-2018-APR,South,GIA,NRIS,0.0,0.0,0.0,0.0,
J1151,,,Ascension Parish,LA,Brittany 230kV Substation,"ENTERGY LOUISIANA, LLC ELTO",Gas,252.0,219.0,252.0,2018-03-12T04:00:00+00:00,Withdrawn,,2019-08-29T04:00:00+00:00,,,Combined Cycle,Not Started,,2020-09-01T04:00:00+00:00,,DPP-2018-APR,South,GIA,NRIS,0.0,0.0,0.0,0.0,
J1152,,,"Hancock County,Shelby County",IN,Gwynneville 345 kV Substation,"DUKE ENERGY INDIANA, LLC CIN",Solar,200.0,200.0,200.0,2018-03-12T04:00:00+00:00,Withdrawn,,2022-07-19T04:00:00+00:00,,,Photovoltaic,Not Started,,2021-04-01T04:00:00+00:00,,DPP-2018-APR,Central,GIA,NRIS,200.0,200.0,200.0,200.0,
J1161,,,Scott County,MO,Miner - Kelso 161 kV Line Tap,AMEREN MISSOURI,Solar,100.23,100.23,100.23,2018-03-12T04:00:00+00:00,Withdrawn,,2020-01-07T05:00:00+00:00,,,Photovoltaic,Not Started,,2021-10-01T04:00:00+00:00,,DPP-2018-APR,Central,GIA,NRIS,0.0,0.0,0.0,0.0,
J1134,,,White County,AR,Griffithville - Searcy Price 115 kV Line Tap,"ENTERGY ARKANSAS, LLC EATO",Solar,100.0,100.0,100.0,2018-03-12T04:00:00+00:00,Withdrawn,,2018-06-05T04:00:00+00:00,,,Photovoltaic,Not Started,,2021-08-11T04:00:00+00:00,,DPP-2018-APR,South,GIA,NRIS,0.0,0.0,0.0,0.0,
J1137,,,Jackson County,AR,Swifton - Hoxie South 161 kV Line Tap,"ENTERGY ARKANSAS, LLC EATO",Solar,100.0,100.0,100.0,2018-03-12T04:00:00+00:00,Withdrawn,,2019-08-28T04:00:00+00:00,,,Photovoltaic,Not Started,,2021-09-30T04:00:00+00:00,,DPP-2018-APR,South,GIA,NRIS,0.0,0.0,0.0,0.0,
J1119,,,Jackson County,MI,Tompkins 345 kV Substation,METC,Gas,600.0,600.0,600.0,2018-03-12T04:00:00+00:00,Withdrawn,,2019-06-10T04:00:00+00:00,,,Combined Cycle,Not Started,,2021-01-01T05:00:00+00:00,,DPP-2018-APR,East (ITC),GIA,NRIS,0.0,0.0,0.0,0.0,
J1150,,,Miami County,IN,Deedsville 345 kV Substation,"DUKE ENERGY INDIANA, LLC CIN",Wind,30.0,30.0,30.0,2018-03-12T04:00:00+00:00,Withdrawn,,2018-08-10T04:00:00+00:00,,,Wind Turbine,Not Started,,2020-09-30T04:00:00+00:00,,DPP-2018-APR,Central,GIA,NRIS,0.0,0.0,0.0,0.0,
J1118,,,Piatt County,IL,Mahomet - Weedman 138 kV Line Tap,AMEREN ILLINOIS,Wind,150.0,150.0,150.0,2018-03-12T04:00:00+00:00,Withdrawn,,2018-10-03T04:00:00+00:00,,,Wind Turbine,Not Started,,2021-09-01T04:00:00+00:00,,DPP-2018-APR,Central,GIA,NRIS,0.0,0.0,0.0,0.0,
J1180,,,Clark County,IL,Casey West - Sullivan 345 kV Line,AMEREN ILLINOIS,Solar,75.0,75.0,75.0,2018-03-12T04:00:00+00:00,Done,2023-05-01T04:00:00+00:00,,,,Photovoltaic,Under Construction,2021-10-12T04:00:00+00:00,2020-08-14T04:00:00+00:00,2021-03-17T04:00:00+00:00,DPP-2018-APR,Central,GIA,NRIS,75.0,75.0,75.0,75.0,
J1153,,,Sheboygan County,WI,Holland 138 kV Substation,American Transmission Co. LLC,Solar,150.0,150.0,150.0,2018-03-12T04:00:00+00:00,Done,2022-06-01T04:00:00+00:00,,,,Photovoltaic,In Service,2021-05-19T04:00:00+00:00,2021-04-01T04:00:00+00:00,2021-05-19T04:00:00+00:00,DPP-2018-APR,East (ATC),GIA,NRIS,150.0,150.0,150.0,150.0,
J1155,,,Mississippi County,AR,Driver 230 kV Substation,"ENTERGY ARKANSAS, LLC",Solar,150.0,150.0,150.0,2018-03-12T04:00:00+00:00,Done,2022-09-01T04:00:00+00:00,,,,Photovoltaic,Under Construction,2020-08-12T04:00:00+00:00,2020-06-01T04:00:00+00:00,2020-03-30T04:00:00+00:00,DPP-2018-APR,South,GIA,NRIS,150.0,150.0,150.0,150.0,
J1158,,,St. James Parish,LA,Vacherie 230 kV Substation,"ENTERGY LOUISIANA, LLC",Solar,70.0,70.0,70.0,2018-03-12T04:00:00+00:00,Done,2022-12-01T05:00:00+00:00,,,,Photovoltaic,Under Construction,2020-12-07T05:00:00+00:00,2020-06-01T04:00:00+00:00,2020-07-01T04:00:00+00:00,DPP-2018-APR,South,GIA,NRIS,70.0,70.0,70.0,70.0,
J1159,,,Walker County,TX,Mount Zion 138 kV Substation,"ENTERGY TEXAS, INC. ETTO",Solar,100.0,100.0,100.0,2018-03-12T04:00:00+00:00,Withdrawn,,2019-08-28T04:00:00+00:00,,,Photovoltaic,Not Started,,2020-06-01T04:00:00+00:00,,DPP-2018-APR,South,GIA,NRIS,0.0,0.0,0.0,0.0,
J1183,,,Delta County,MI,Heritage Garden substation,American Transmission Co. LLC,Solar,1.35,1.35,1.35,2018-03-12T04:00:00+00:00,Done,2019-10-15T04:00:00+00:00,,,,Photovoltaic,In Service,2021-04-02T04:00:00+00:00,2019-01-31T05:00:00+00:00,2021-04-02T04:00:00+00:00,DPP-2018-APR,East (ATC),GIA,ERIS,1.35,0.0,1.35,0.0,
J1185,,,Putnam County,MO,Adair - Appanoose 161 kV Line Tap,AMEREN MISSOURI,Wind,200.0,200.0,200.0,2018-03-12T04:00:00+00:00,Withdrawn,,2019-04-24T04:00:00+00:00,,,Wind Turbine,Not Started,,2020-09-30T04:00:00+00:00,,DPP-2018-APR,West,GIA,NRIS,0.0,0.0,0.0,0.0,
J1181,,,Chickasaw County,IA,Hazleton - Mitchell county 345 kV line,ITC MIDWEST,Wind,200.0,200.0,200.0,2018-03-12T04:00:00+00:00,Done,2022-10-31T04:00:00+00:00,,,,Wind Turbine,In Service,2021-06-15T04:00:00+00:00,2021-10-31T04:00:00+00:00,2021-06-15T04:00:00+00:00,DPP-2018-APR,West,GIA,NRIS,200.0,200.0,200.0,0.0,
J1182,,,Adair County,MO,Zachary Substation 345 kV Bus,AMEREN TRANSMISSION COMPANY OF ILLINOIS,Solar,250.0,250.0,250.0,2018-03-12T04:00:00+00:00,Done,2024-11-15T05:00:00+00:00,,,,Photovoltaic,In Service,2022-03-18T04:00:00+00:00,2021-11-15T05:00:00+00:00,2022-03-19T04:00:00+00:00,DPP-2018-APR,Central,GIA,NRIS,250.0,250.0,250.0,250.0,
J1157,,,Hinds County,MS,Tinnin Road 230 kV Substation,"ENTERGY MISSISSIPPI, LLC EMMP",Solar,100.0,100.0,100.0,2018-03-12T04:00:00+00:00,Withdrawn,,2019-08-28T04:00:00+00:00,,,Photovoltaic,Not Started,,2020-06-01T04:00:00+00:00,,DPP-2018-APR,South,GIA,NRIS,0.0,0.0,0.0,0.0,
J1164,,,Rock County,MN,Magnolia 161 kV Substation,ITC MIDWEST,Solar,80.0,80.0,80.0,2018-03-12T04:00:00+00:00,Done,2024-08-01T04:00:00+00:00,,,,Photovoltaic,Not Started,2022-04-06T04:00:00+00:00,2021-08-01T04:00:00+00:00,2022-04-07T04:00:00+00:00,DPP-2018-APR,West,GIA,ERIS,80.0,80.0,80.0,0.0,
J1188,,,Rock County,WI,Sheepskin 69 kV Substation,American Transmission Co. LLC,Solar,50.0,50.0,50.0,2018-03-12T04:00:00+00:00,Done,2022-06-01T04:00:00+00:00,,,,Photovoltaic,In Service,2021-05-18T04:00:00+00:00,2021-08-31T04:00:00+00:00,2021-05-18T04:00:00+00:00,DPP-2018-APR,East (ATC),GIA,NRIS,50.0,50.0,50.0,50.0,
J1169,,,McCook County,SD,Grant 115 kV Substation,NORTHERN STATES POWER COMPANY,Solar,50.0,50.0,50.0,2018-03-12T04:00:00+00:00,Done,2024-07-30T04:00:00+00:00,,,,Photovoltaic,Not Started,2022-02-07T05:00:00+00:00,2021-08-31T04:00:00+00:00,2022-02-07T05:00:00+00:00,DPP-2018-APR,West,GIA,ERIS,50.0,50.0,50.0,0.0,
J1167,,,St. Francis County,AR,AECC Forrest City West 161 kV Substation,"ENTERGY ARKANSAS, LLC EATO",Solar,50.0,50.0,50.0,2018-03-12T04:00:00+00:00,Withdrawn,,2019-01-14T05:00:00+00:00,,,Photovoltaic,Not Started,,2020-06-01T04:00:00+00:00,,DPP-2018-APR,South,GIA,NRIS,0.0,0.0,0.0,0.0,
J1189,,,"Brown County,Martin County",IN,Crane Solar 69kV Substation,"DUKE ENERGY INDIANA, LLC",Battery Storage,5.0,5.0,5.0,2018-03-12T04:00:00+00:00,Done,,,,,Battery Storage,Under Construction,,2019-01-01T05:00:00+00:00,2020-05-11T04:00:00+00:00,DPP-2018-APR,Central,GIA,NRIS,4.95,4.95,4.95,4.95,
J1210,,,Iosco County,MI,Whittemore - Twining 138kV Line,METC,Solar,50.0,50.0,50.0,2019-04-27T04:00:00+00:00,Done,2025-03-31T04:00:00+00:00,,,,Photovoltaic,Not Started,2022-08-17T04:00:00+00:00,2023-10-31T04:00:00+00:00,2022-08-17T04:00:00+00:00,DPP-2019,East (ITC),GIA,NRIS,50.0,50.0,50.0,50.0,
J1211,,,Isabella County,MI,Vernon - METC Tap 138kV Line,CONSUMERS ENERGY COMPANY EDC,Solar,50.0,50.0,50.0,2019-04-27T04:00:00+00:00,Withdrawn,,2021-02-11T05:00:00+00:00,,,Photovoltaic,Not Started,,2023-10-31T04:00:00+00:00,,DPP-2019,East (ITC),GIA,NRIS,0.0,0.0,0.0,0.0,
J1162,,,Jefferson County,TX,Jacinto - China 230 kV Line Tap,"ENTERGY TEXAS, INC. ETTO",Solar,80.0,80.0,80.0,2018-03-12T04:00:00+00:00,Withdrawn,,2019-08-28T04:00:00+00:00,,,Photovoltaic,Not Started,,2020-06-01T04:00:00+00:00,,DPP-2018-APR,South,GIA,NRIS,0.0,0.0,0.0,0.0,
J1156,,,Crittenden County,AR,Kuhn Rd. - Parkin 161 kV line tap,"ENTERGY ARKANSAS, LLC EATO",Solar,150.0,150.0,150.0,2018-03-12T04:00:00+00:00,Withdrawn,,2019-08-28T04:00:00+00:00,,,Photovoltaic,Not Started,,2020-06-01T04:00:00+00:00,,DPP-2018-APR,South,GIA,NRIS,0.0,0.0,0.0,0.0,
J1163,,,"Quitman County,Tunica County",MS,Crenshaw - Tunica 115kv Line Tap,"ENTERGY MISSISSIPPI, LLC EMMP",Solar,120.0,120.0,120.0,2018-03-12T04:00:00+00:00,Withdrawn,,2019-08-28T04:00:00+00:00,,,Photovoltaic,Not Started,,2020-06-01T04:00:00+00:00,,DPP-2018-APR,South,GIA,NRIS,0.0,0.0,0.0,0.0,
J1184,,,Washington Parish,LA,Lagen Holton-Franklinton 115kV Line Tap,"ENTERGY LOUISIANA, LLC",Solar,50.0,50.0,50.0,2018-03-12T04:00:00+00:00,Done,2021-04-09T04:00:00+00:00,,,,Photovoltaic,Under Construction,2020-10-09T04:00:00+00:00,2020-06-01T04:00:00+00:00,2019-03-06T05:00:00+00:00,DPP-2018-APR,South,GIA,NRIS,50.0,50.0,50.0,50.0,
J1166,,,Acadia Parish,LA,Bayou Cove - Richard 138 kV Line Tap,"ENTERGY LOUISIANA, LLC ELTO",Solar,50.0,50.0,50.0,2018-03-12T04:00:00+00:00,Withdrawn,,2019-08-28T04:00:00+00:00,,,Photovoltaic,Not Started,,2020-06-01T04:00:00+00:00,,DPP-2018-APR,South,GIA,NRIS,0.0,0.0,0.0,0.0,
J1186,,,San Jacinto County,TX,Pelican Road - Shepard 138 kV Line Tap,"ENTERGY TEXAS, INC. ETTO",Solar,100.0,100.0,100.0,2018-03-12T04:00:00+00:00,Withdrawn,,2019-08-28T04:00:00+00:00,,,Photovoltaic,Not Started,,2020-06-01T04:00:00+00:00,,DPP-2018-APR,South,GIA,NRIS,0.0,0.0,0.0,0.0,
J1168,,,Liberty County,TX,Pintail 138 kV Substation,"ENTERGY TEXAS, INC. ETTO",Solar,80.0,80.0,80.0,2018-03-12T04:00:00+00:00,Withdrawn,,2019-08-28T04:00:00+00:00,,,Photovoltaic,Not Started,,2020-06-01T04:00:00+00:00,,DPP-2018-APR,South,GIA,NRIS,0.0,0.0,0.0,0.0,
J1212,,,Murray County,MN,Chanarambie-Ellsborough 115kV Line,NORTHERN STATES POWER COMPANY,Solar,60.0,60.0,60.0,2019-04-27T04:00:00+00:00,Withdrawn,,2021-03-24T04:00:00+00:00,,,Photovoltaic,Not Started,,2023-10-31T04:00:00+00:00,,DPP-2019,West,GIA,NRIS,0.0,0.0,0.0,0.0,
J1214,,,Dane County,WI,Rockdale 345 kV Substation,American Transmission Co. LLC,Solar,300.0,300.0,300.0,2019-04-27T04:00:00+00:00,Done,2025-06-01T04:00:00+00:00,,,,Photovoltaic,Not Started,,2022-10-30T04:00:00+00:00,2022-11-14T05:00:00+00:00,DPP-2019,East (ATC),GIA,NRIS,300.0,300.0,300.0,240.0,
J1203,,,Genesee County,MI,Thetford 345kV Substation,METC,Solar,125.0,125.0,125.0,2019-04-25T04:00:00+00:00,Done,2025-05-15T04:00:00+00:00,,,,Photovoltaic,Under Construction,2022-08-17T04:00:00+00:00,2022-06-01T04:00:00+00:00,2022-08-17T04:00:00+00:00,DPP-2019,East (ITC),GIA,NRIS,125.0,125.0,125.0,125.0,
J1165,,,Jefferson Davis Parish,LA,LC Bulk - Henning 138 kV Line Tap,"ENTERGY LOUISIANA, LLC ELTO",Solar,150.0,150.0,150.0,2018-03-12T04:00:00+00:00,Withdrawn,,2019-08-28T04:00:00+00:00,,,Photovoltaic,Not Started,,2020-06-01T04:00:00+00:00,,DPP-2018-APR,South,GIA,NRIS,0.0,0.0,0.0,0.0,
J1187,,,Mercer County,ND,Stanton 230 kV Substation,GREAT RIVER ENERGY,Wind,151.8,151.8,151.8,2018-03-12T04:00:00+00:00,Withdrawn,,2021-03-09T05:00:00+00:00,,,Wind Turbine,Not Started,,2022-05-01T04:00:00+00:00,,DPP-2018-APR,West,GIA,NRIS,151.8,151.8,0.0,0.0,
J1213,,,Iron County,MO,"Taum Sauk 138kV Switchyard, Bus 1 & 2",Ameren Missouri,Hydro,60.0,60.0,60.0,2019-04-27T04:00:00+00:00,Done,2024-11-02T04:00:00+00:00,,,,Hydroelectric,Not Started,,2022-12-31T05:00:00+00:00,2023-03-30T04:00:00+00:00,DPP-2019,Central,GIA,NRIS,60.0,60.0,60.0,60.0,
J1230,,,Wadena County,MN,Wing River- Riverton 230kV line,GREAT RIVER ENERGY,Battery Storage,40.0,40.0,40.0,2019-04-27T04:00:00+00:00,Withdrawn,,2021-03-24T04:00:00+00:00,,,Battery Storage,Not Started,,2023-10-30T04:00:00+00:00,,DPP-2019,West,GIA,NRIS,0.0,0.0,0.0,0.0,
J1200,,,Putnam County,IL,Putnam 138kV Substation,AMEREN ILLINOIS,Hybrid,24.2,24.2,24.2,2019-04-25T04:00:00+00:00,Done,2024-06-01T04:00:00+00:00,,,,Solar/Battery,Not Started,,2021-06-15T04:00:00+00:00,2022-04-22T04:00:00+00:00,DPP-2019,Central,GIA,NRIS,24.2,24.2,24.2,24.2,
J1201,,,Montgomery County,IL,North Coffeen 138kV Substation,AMEREN ILLINOIS,Hybrid,44.2,44.2,44.2,2019-04-25T04:00:00+00:00,Done,2024-06-01T04:00:00+00:00,,,,Solar/Battery,Not Started,,2021-06-15T04:00:00+00:00,2022-04-22T04:00:00+00:00,DPP-2019,Central,GIA,NRIS,44.2,44.2,44.2,44.2,
J1202,,,Randolph County,IL,Baldwin Plant 345kV Switchyard - Baldwin Unit 2,AMEREN ILLINOIS,Hybrid,68.4,68.4,68.4,2019-04-25T04:00:00+00:00,Done,2024-06-01T04:00:00+00:00,,,,Solar/Battery,Not Started,,2021-06-15T04:00:00+00:00,2022-05-26T04:00:00+00:00,DPP-2019,Central,GIA,NRIS,68.4,68.4,68.4,68.4,
J1221,,,Wadena County,MN,Wing River- Riverton 230kV line,GREAT RIVER ENERGY,Solar,150.0,150.0,150.0,2019-04-27T04:00:00+00:00,Done,2028-10-30T04:00:00+00:00,,,,Photovoltaic,Not Started,,2023-10-30T04:00:00+00:00,,DPP-2019,West,GIA,NRIS,150.0,150.0,150.0,120.0,
J1215,,,Arkansas County,AR,Stuttgart Ricuskey - Woodward 230 kV,"ENTERGY ARKANSAS, LLC",Solar,200.0,200.0,200.0,2019-04-27T04:00:00+00:00,Done,2024-06-01T04:00:00+00:00,,,,Photovoltaic,Not Started,2022-01-25T05:00:00+00:00,2022-10-30T04:00:00+00:00,2022-01-25T05:00:00+00:00,DPP-2019,South,GIA,NRIS,155.0,155.0,155.0,155.0,
J1232,,,Coles County,IL,Chesterville - Mattoon West 138kV Line,AMEREN ILLINOIS,Solar,99.0,99.0,99.0,2019-04-29T04:00:00+00:00,Done,2025-07-01T04:00:00+00:00,,,,Photovoltaic,Not Started,,2022-07-01T04:00:00+00:00,2023-03-30T04:00:00+00:00,DPP-2019,Central,GIA,NRIS,99.0,99.0,99.0,99.0,
J1223,,,Pike County,MS,Colonial Pipeline  - Kentwood 115 kV Line,"ENTERGY MISSISSIPPI, LLC EMMP",Solar,150.0,150.0,150.0,2019-04-27T04:00:00+00:00,Withdrawn,,2021-03-18T04:00:00+00:00,,,Photovoltaic,Not Started,,2023-10-30T04:00:00+00:00,,DPP-2019,South,GIA,NRIS,75.0,75.0,0.0,0.0,
J1225,,,Washington County,IL,"Ashley-Turkey Hill Line 1482, between the Okawville and North Nashville substations",AMEREN ILLINOIS,Solar,160.0,160.0,160.0,2019-04-27T04:00:00+00:00,Withdrawn,,2021-08-05T04:00:00+00:00,,,Photovoltaic,Not Started,,2023-09-29T04:00:00+00:00,,DPP-2019,Central,GIA,NRIS,0.0,0.0,0.0,0.0,
J1206,,,Branch County,MI,Newton 138kV Substation,METC,Gas,50.0,50.0,50.0,2019-04-26T04:00:00+00:00,Withdrawn,,2021-02-10T05:00:00+00:00,,,Combustion Turbine (Simple Cycle),Not Started,,2021-04-01T04:00:00+00:00,,DPP-2019,East (ITC),GIA,NRIS,0.0,0.0,0.0,0.0,
J1219,,,Tangipahoa Parish,LA,Chicken Farm - Amite 115 kV Line,"ENTERGY LOUISIANA, LLC",Solar,100.0,100.0,100.0,2019-04-27T04:00:00+00:00,Done,2024-09-24T04:00:00+00:00,,,,Photovoltaic,Under Construction,2021-11-30T05:00:00+00:00,2022-10-30T04:00:00+00:00,2021-11-30T05:00:00+00:00,DPP-2019,South,GIA,NRIS,100.0,100.0,100.0,100.0,
J1226,,,Lenawee County,MI,Morocco 345 kV Substation,METC,Solar,200.0,200.0,200.0,2019-04-27T04:00:00+00:00,Done,2024-08-01T04:00:00+00:00,,,,Photovoltaic,Under Construction,2022-08-17T04:00:00+00:00,2023-09-29T04:00:00+00:00,2022-08-17T04:00:00+00:00,DPP-2019,East (ITC),GIA,NRIS,200.0,200.0,200.0,200.0,
J1236,,,St. Landry Parish,LA,Ville Platte - West Form 230 kV Line Tap,CLECO POWER LLC CLEC,Battery Storage,50.0,50.0,50.0,2019-04-29T04:00:00+00:00,Withdrawn,,2020-08-04T04:00:00+00:00,,,Battery Storage,Not Started,,2022-10-30T04:00:00+00:00,,DPP-2019,South,GIA,NRIS,0.0,0.0,0.0,0.0,
J1231,,,Lyon County,KY,Barkley - Caldwell 161kV Line,BIG RIVERS ELECTRIC CORPORATION BRPS,Solar,125.0,125.0,125.0,2019-04-28T04:00:00+00:00,Withdrawn,2025-09-01T04:00:00+00:00,2024-12-13T05:00:00+00:00,,,Photovoltaic,Withdrawn,,2022-09-01T04:00:00+00:00,2023-03-30T04:00:00+00:00,DPP-2019,Central,GIA,NRIS,125.0,125.0,125.0,125.0,
J1222,,,Ralls County,MO,Spencer Creek 345 kV Substation,AMEREN MISSOURI,Solar,200.0,200.0,200.0,2019-04-27T04:00:00+00:00,Withdrawn,,2021-08-05T04:00:00+00:00,,,Photovoltaic,Not Started,,2022-10-30T04:00:00+00:00,,DPP-2019,Central,GIA,NRIS,0.0,0.0,0.0,0.0,
J1204,,,Cumberland County,IL,Casey West 345kV Substation,AMEREN ILLINOIS,Solar,199.3,199.3,199.3,2019-04-26T04:00:00+00:00,Withdrawn,2025-06-01T04:00:00+00:00,2024-05-03T04:00:00+00:00,,,Photovoltaic,Withdrawn,,2022-06-01T04:00:00+00:00,,DPP-2019,Central,GIA,NRIS,199.3,199.3,199.3,199.3,
J1217,,,St. Landry Parish,LA,Ville Platte - West Fork 230 kV Line Tap,CLECO POWER LLC CLEC,Solar,200.0,200.0,200.0,2019-04-27T04:00:00+00:00,Withdrawn,,2021-03-18T04:00:00+00:00,,,Photovoltaic,Not Started,,2022-10-30T04:00:00+00:00,,DPP-2019,South,GIA,NRIS,200.0,200.0,0.0,0.0,
J1220,,,Rapides Parish,LA,Rapides - Rodemacher 230 kV Line Tap,CLECO POWER LLC CLEC,Solar,200.0,200.0,200.0,2019-04-27T04:00:00+00:00,Withdrawn,,2020-08-04T04:00:00+00:00,,,Photovoltaic,Not Started,,2022-10-30T04:00:00+00:00,,DPP-2019,South,GIA,NRIS,0.0,0.0,0.0,0.0,
J1233,,,Pike County,IN,Cato 138 kV Substation,"Southern Indiana Gas & Electric Company d/b/a Vectren Energy Delivery of Indiana, Inc.",Battery Storage,32.5,32.5,32.5,2019-04-29T04:00:00+00:00,Withdrawn,,2023-02-06T05:00:00+00:00,,,Battery Storage,Not Started,,2023-10-30T04:00:00+00:00,,DPP-2019,Central,GIA,NRIS,32.5,32.5,32.5,32.5,
J1216,,,Washington County,IL,Ashley 138 kV Substation,AMEREN ILLINOIS,Solar,250.0,250.0,250.0,2019-04-27T04:00:00+00:00,Done,2026-06-01T04:00:00+00:00,,,,Photovoltaic,Not Started,,2023-10-30T04:00:00+00:00,,DPP-2019,Central,GIA,NRIS,185.0,185.0,185.0,185.0,
J1205,,,Allen Parish,LA,Centennial - West Bay 138kV Line,CLECO POWER LLC,Solar,125.0,125.0,125.0,2019-04-26T04:00:00+00:00,Done,2023-09-30T04:00:00+00:00,,,,Photovoltaic,In Service,2021-11-30T05:00:00+00:00,2021-10-31T04:00:00+00:00,2021-11-20T05:00:00+00:00,DPP-2019,South,GIA,ERIS,125.0,125.0,125.0,0.0,
J1224,,,Washtenaw County,MI,Majestic - Milan 345 kV Line Tap,ITC MIDWEST,Solar,170.0,170.0,170.0,2019-04-27T04:00:00+00:00,Done,2025-10-30T04:00:00+00:00,,,,Photovoltaic,Under Construction,,2022-10-30T04:00:00+00:00,2022-10-31T04:00:00+00:00,DPP-2019,East (ITC),GIA,NRIS,170.0,170.0,153.0,153.0,
J1218,,,Muscatine County,IA,Sub 92 345 kV,MIDAMERICAN ENERGY COMPANY,Solar,200.0,200.0,200.0,2019-04-27T04:00:00+00:00,Done,2026-06-30T04:00:00+00:00,,,,Photovoltaic,Not Started,2023-01-26T05:00:00+00:00,2023-10-30T04:00:00+00:00,2023-01-26T05:00:00+00:00,DPP-2019,West,GIA,NRIS,200.0,200.0,200.0,160.0,
J1234,,,Knox County,IN,"Edwardsport - Washington Mun, Linton 138kV Line","DUKE ENERGY INDIANA, LLC CIN",Solar,100.0,100.0,100.0,2019-04-29T04:00:00+00:00,Done,2023-09-15T04:00:00+00:00,,,,Photovoltaic,Not Started,,2023-10-31T04:00:00+00:00,,DPP-2019,Central,GIA,NRIS,100.0,100.0,100.0,100.0,
J1207,,,Branch County,MI,Newton 138kV Substation,METC,Gas,50.0,50.0,50.0,2019-04-26T04:00:00+00:00,Withdrawn,,2022-12-02T05:00:00+00:00,,,Combustion Turbine (Simple Cycle),Withdrawn,2022-08-17T04:00:00+00:00,2021-04-01T04:00:00+00:00,2022-10-31T04:00:00+00:00,DPP-2019,East (ITC),GIA,NRIS,50.0,49.5,49.5,49.5,
J1239,,,Ouachita Parish,LA,Rilla 115 kV Substation,"ENTERGY LOUISIANA, LLC",Solar,100.0,100.0,100.0,2019-04-29T04:00:00+00:00,Done,2024-10-15T04:00:00+00:00,,,,Photovoltaic,Under Construction,2021-11-29T05:00:00+00:00,2023-04-01T04:00:00+00:00,2021-11-30T05:00:00+00:00,DPP-2019,South,GIA,ERIS,100.0,70.0,100.0,0.0,
J1267,,,Cross County,AR,Fisher  - Cherry Valley 161kV Line,"ENTERGY ARKANSAS, LLC EATO",Solar,135.0,135.0,135.0,2019-04-29T04:00:00+00:00,Withdrawn,,2020-08-06T04:00:00+00:00,,,Photovoltaic,Not Started,,2022-05-01T04:00:00+00:00,,DPP-2019,South,GIA,NRIS,0.0,0.0,0.0,0.0,
J1208,,,Saline County,IL,Muddy - Crab Orchard 138 kV line,AMEREN ILLINOIS,Solar,80.0,80.0,80.0,2019-04-27T04:00:00+00:00,Done,2023-11-04T04:00:00+00:00,,,,Photovoltaic,Not Started,,2023-10-31T04:00:00+00:00,,DPP-2019,Central,GIA,NRIS,80.0,80.0,80.0,80.0,
J1238,,,Rapides Parish,LA,Rapides - Rodemacher 230 kV Line Tap,CLECO POWER LLC CLEC,Battery Storage,50.0,50.0,50.0,2019-04-29T04:00:00+00:00,Withdrawn,,2020-08-04T04:00:00+00:00,,,Battery Storage,Not Started,,2022-10-30T04:00:00+00:00,,DPP-2019,South,GIA,NRIS,0.0,0.0,0.0,0.0,
J1269,,,Warrick County,IN,Elliott 69kV Substation,"Southern Indiana Gas & Electric Company d/b/a Vectren Energy Delivery of Indiana, Inc.",Hybrid,100.0,100.0,100.0,2019-04-29T04:00:00+00:00,Done,2025-07-01T04:00:00+00:00,,,,Solar/Battery,Under Construction,,2022-07-01T04:00:00+00:00,2023-03-30T04:00:00+00:00,DPP-2019,Central,GIA,ERIS,100.0,47.6,100.0,0.0,
J1271,,,Vanderburgh County,IN,Oak Grove 138kV Substation,"Southern Indiana Gas & Electric Company d/b/a Vectren Energy Delivery of Indiana, Inc.",Battery Storage,100.0,100.0,100.0,2019-04-29T04:00:00+00:00,Withdrawn,,2021-08-05T04:00:00+00:00,,,Battery Storage,Not Started,,2022-07-01T04:00:00+00:00,,DPP-2019,Central,GIA,NRIS,0.0,0.0,0.0,0.0,
J1235,,,Knox County,IN,"Edwardsport - Washington Mun, Linton 138kV Line","DUKE ENERGY INDIANA, LLC CIN",Solar,50.0,50.0,50.0,2019-04-29T04:00:00+00:00,Done,2023-09-15T04:00:00+00:00,,,,Photovoltaic,Not Started,,2023-10-31T04:00:00+00:00,,DPP-2019,Central,GIA,NRIS,50.0,50.0,50.0,50.0,
J1227,,,Spencer County,IN,Dubois - FB Culley 138 kV Line Tap,"Southern Indiana Gas & Electric Company d/b/a Vectren Energy Delivery of Indiana, Inc.",Solar,125.0,125.0,125.0,2019-04-27T04:00:00+00:00,Withdrawn,,2021-08-05T04:00:00+00:00,,,Photovoltaic,Not Started,,2023-09-29T04:00:00+00:00,,DPP-2019,Central,GIA,NRIS,0.0,0.0,0.0,0.0,
J1209,,,Saline County,IL,Muddy - Crab Orchard 138kV Line,AMEREN ILLINOIS,Solar,80.0,80.0,80.0,2019-04-27T04:00:00+00:00,Done,2023-11-04T04:00:00+00:00,,,,Photovoltaic,Not Started,,2023-10-31T04:00:00+00:00,,DPP-2019,Central,GIA,NRIS,80.0,80.0,80.0,80.0,
J1229,,,Muscatine County,IA,Sub 92 345 kV Substation,MIDAMERICAN ENERGY COMPANY,Battery Storage,50.0,50.0,50.0,2019-04-29T04:00:00+00:00,Done,2026-06-30T04:00:00+00:00,,,,Battery Storage,Not Started,2023-01-26T05:00:00+00:00,2023-10-30T04:00:00+00:00,2023-01-26T05:00:00+00:00,DPP-2019,West,GIA,NRIS,50.0,50.0,50.0,50.0,
J1263,,,Clark County,IL,Casey  - Kansas West 345kV Line,AMEREN ILLINOIS,Hybrid,408.6,408.6,408.6,2019-04-29T04:00:00+00:00,Done,2025-01-01T05:00:00+00:00,,,,Solar/Battery,Not Started,,2022-01-01T05:00:00+00:00,2023-03-30T04:00:00+00:00,DPP-2019,Central,GIA,NRIS,408.6,408.6,408.6,408.6,
J1264,,,Schoolcraft County,MI,Blaney Park - Engadine - Hiawatha - Alger - Munising 69kV Line,American Transmission Co. LLC,Gas,20.0,20.0,20.0,2019-04-29T04:00:00+00:00,Withdrawn,,2020-05-11T04:00:00+00:00,,,Combustion Turbine (Simple Cycle),Not Started,,2021-09-01T04:00:00+00:00,,DPP-2019,East (ATC),GIA,NRIS,0.0,0.0,0.0,0.0,
J1295,,,Gibson County,IN,Gibson - Francisco 345kV Line,"DUKE ENERGY INDIANA, LLC CIN",Solar,280.0,280.0,280.0,2019-04-29T04:00:00+00:00,Done,2023-12-31T05:00:00+00:00,,,,Photovoltaic,In Service,,2023-02-28T05:00:00+00:00,2021-09-01T04:00:00+00:00,DPP-2019,Central,GIA,NRIS,280.0,280.0,280.0,280.0,
J1308,,,Posey County,IN,AB Brown - Gibson 345kV Line,"Southern Indiana Gas & Electric Company d/b/a Vectren Energy Delivery of Indiana, Inc.",Solar,300.0,300.0,300.0,2019-04-29T04:00:00+00:00,Done,2024-04-01T04:00:00+00:00,,,,Photovoltaic,Not Started,,2021-12-01T05:00:00+00:00,2022-06-30T04:00:00+00:00,DPP-2019,Central,GIA,NRIS,300.0,300.0,270.0,270.0,
J1298,,,Freeborn County,MN,Hayward - Murphy Creek 161kV Line,SMMPA,Solar,150.0,150.0,150.0,2019-04-29T04:00:00+00:00,Withdrawn,,2023-02-02T05:00:00+00:00,,,Photovoltaic,Not Started,,2021-12-01T05:00:00+00:00,,DPP-2019,West,GIA,NRIS,150.0,150.0,150.0,150.0,
J1309,,,Arkansas County,AR,Gillett 115 kV Substation,"ENTERGY ARKANSAS, LLC EATO",Solar,129.9,129.9,129.9,2019-04-29T04:00:00+00:00,Withdrawn,,2019-09-12T04:00:00+00:00,,,Photovoltaic,Not Started,,2021-09-30T04:00:00+00:00,,DPP-2019,South,GIA,NRIS,0.0,0.0,0.0,0.0,
J1265,,,LaGrange County,IN,Wolcottville - South Milford 69kV Line,NORTHERN INDIANA PUBLIC SERVICE COMPANY LLC NIP,Solar,43.0,43.0,43.0,2019-04-29T04:00:00+00:00,Withdrawn,,2023-01-31T05:00:00+00:00,,,Photovoltaic,Not Started,,2022-07-01T04:00:00+00:00,2023-01-30T05:00:00+00:00,DPP-2019,Central,GIA,NRIS,43.0,43.0,43.0,43.0,
J1270,,,Palo Alto County,IA,Kossuth - O'Brien 345 kV Line Tap,MIDAMERICAN ENERGY COMPANY,Wind,200.0,200.0,200.0,2019-04-29T04:00:00+00:00,Done,2024-10-19T04:00:00+00:00,,,,Wind Turbine,Not Started,,2023-09-29T04:00:00+00:00,2022-11-29T05:00:00+00:00,DPP-2019,West,GIA,NRIS,200.0,200.0,200.0,0.0,
J1268,,,Lincoln County,MO,Pike - Troy 161kV Line,Ameren Missouri,Solar,150.0,150.0,150.0,2019-04-29T04:00:00+00:00,Done,2023-12-01T05:00:00+00:00,,,,Photovoltaic,Not Started,,2022-11-30T05:00:00+00:00,2022-04-22T04:00:00+00:00,DPP-2019,Central,GIA,NRIS,150.0,88.0,150.0,70.0,
J1293,,,Lee County,AR,Brinkley East - Moro 115 kV Line Tap,"ENTERGY ARKANSAS, LLC EATO",Battery Storage,25.0,25.0,25.0,2019-04-29T04:00:00+00:00,Withdrawn,,2020-08-04T04:00:00+00:00,,,Battery Storage,Not Started,,2022-10-30T04:00:00+00:00,,DPP-2019,South,GIA,NRIS,0.0,0.0,0.0,0.0,
J1304,,,Rock County,WI,Paddock - Townline Road 138kV Line,American Transmission Co. LLC,Solar,65.0,65.0,65.0,2019-04-29T04:00:00+00:00,Done,2023-08-11T04:00:00+00:00,,,,Photovoltaic,In Service,,2021-12-01T05:00:00+00:00,2022-03-28T04:00:00+00:00,DPP-2019,East (ATC),GIA,NRIS,65.0,65.0,65.0,65.0,
J1334,,,"Jasper County,Starke County",IN,Schahfer - Burr Oak 345kV Line,NORTHERN INDIANA PUBLIC SERVICE COMPANY LLC,Hybrid,199.5,199.5,199.5,2019-04-29T04:00:00+00:00,Done,2024-06-15T04:00:00+00:00,,,,Solar/Battery,In Service,,2022-07-01T04:00:00+00:00,2022-07-27T04:00:00+00:00,DPP-2019,Central,GIA,NRIS,199.5,199.5,199.5,199.5,
J1306,,,Perry County,IL,Commodore-Jordan 345kV Line,AMEREN ILLINOIS,Solar,200.0,200.0,200.0,2019-04-29T04:00:00+00:00,Done,2024-12-01T05:00:00+00:00,,,,Photovoltaic,Not Started,,2021-12-01T05:00:00+00:00,2023-01-30T05:00:00+00:00,DPP-2019,Central,GIA,NRIS,200.0,200.0,200.0,200.0,
J1296,,,Gibson County,IN,Francisco 138kV Substation,"Southern Indiana Gas & Electric Company d/b/a Vectren Energy Delivery of Indiana, Inc.",Solar,200.0,200.0,200.0,2019-04-29T04:00:00+00:00,Withdrawn,,2021-08-05T04:00:00+00:00,,,Photovoltaic,Not Started,,2022-12-01T05:00:00+00:00,,DPP-2019,Central,GIA,NRIS,0.0,0.0,0.0,0.0,
J1336,,,"Jasper County,Starke County",IN,Schahfer - Burr Oak 345kV Line,NORTHERN INDIANA PUBLIC SERVICE COMPANY LLC,Hybrid,199.5,199.5,199.5,2019-04-29T04:00:00+00:00,Done,2025-02-01T05:00:00+00:00,,,,Solar/Battery,Not Started,2023-01-30T05:00:00+00:00,2022-07-01T04:00:00+00:00,2022-07-27T04:00:00+00:00,DPP-2019,Central,GIA,NRIS,199.5,199.5,199.5,199.5,
J1307,,,Eaton County,MI,Oneida - Battle Creek 345kV Line,METC,Solar,150.0,150.0,150.0,2019-04-29T04:00:00+00:00,Withdrawn,,2022-03-08T05:00:00+00:00,,,Photovoltaic,Not Started,,2022-12-01T05:00:00+00:00,,DPP-2019,East (ITC),GIA,NRIS,150.0,150.0,0.0,0.0,
J1297,,,Shiawassee County,MI,Cornell - Bell Road 138 kV Line,METC,Solar,170.0,170.0,170.0,2019-04-29T04:00:00+00:00,Done,2024-12-01T05:00:00+00:00,,,,Photovoltaic,Under Construction,2022-08-17T04:00:00+00:00,2021-12-01T05:00:00+00:00,2022-08-17T04:00:00+00:00,DPP-2019,East (ITC),GIA,NRIS,170.0,170.0,170.0,170.0,
J1339,,,"Jasper County,Starke County",IN,Schahfer - Burr Oak 345kV Line,NORTHERN INDIANA PUBLIC SERVICE COMPANY LLC,Hybrid,199.5,199.5,199.5,2019-04-29T04:00:00+00:00,Done,2025-08-01T04:00:00+00:00,,,,Solar/Battery,Not Started,,2022-07-01T04:00:00+00:00,2022-07-27T04:00:00+00:00,DPP-2019,Central,GIA,NRIS,199.5,199.5,199.5,199.5,
J1272,,,Vanderburgh County,IN,Angel Mound 138kV Substation,"Southern Indiana Gas & Electric Company d/b/a Vectren Energy Delivery of Indiana, Inc.",Battery Storage,50.0,50.0,50.0,2019-04-29T04:00:00+00:00,Done,2025-07-01T04:00:00+00:00,,,,Battery Storage,Under Construction,2022-09-02T04:00:00+00:00,2022-07-01T04:00:00+00:00,2023-03-30T04:00:00+00:00,DPP-2019,Central,GIA,ERIS,50.0,23.6,50.0,0.0,
J1305,,,Green County,WI,Albany - Bass Creek 138kV Line,American Transmission Co. LLC,Solar,49.9,49.9,49.9,2019-04-29T04:00:00+00:00,Done,2023-05-05T04:00:00+00:00,,,,Photovoltaic,In Service,,2021-12-01T05:00:00+00:00,2022-03-28T04:00:00+00:00,DPP-2019,East (ATC),GIA,NRIS,49.9,49.9,49.9,49.9,
J1337,,,Sherburne County,MN,Sherburne County 345 kV substation,NORTHERN STATES POWER COMPANY,Solar,300.0,300.0,300.0,2019-04-29T04:00:00+00:00,Withdrawn,,2021-03-24T04:00:00+00:00,,,Photovoltaic,Not Started,,2022-06-30T04:00:00+00:00,,DPP-2019,West,GIA,NRIS,0.0,0.0,0.0,0.0,
J1338,,,Audrain County,MO,Spencer Creek - Montgomery 345 kV Line Tap,AMEREN MISSOURI,Wind,150.0,150.0,150.0,2019-04-29T04:00:00+00:00,Withdrawn,,2021-08-05T04:00:00+00:00,,,Wind Turbine,Not Started,,2022-07-15T04:00:00+00:00,,DPP-2019,Central,GIA,NRIS,0.0,0.0,0.0,0.0,
J1342,,,Starke County,IN,Starke 138kV Substation,NORTHERN INDIANA PUBLIC SERVICE COMPANY LLC NIP,Solar,99.0,99.0,99.0,2019-04-29T04:00:00+00:00,Withdrawn,,2022-05-20T04:00:00+00:00,,,Photovoltaic,Not Started,,2023-06-30T04:00:00+00:00,,DPP-2019,Central,GIA,NRIS,99.0,99.0,0.0,0.0,
J1375,,,Muskegon County,MI,Du Pont - Cobb  -White Lake 138kv,METC,Solar,100.0,100.0,100.0,2019-04-29T04:00:00+00:00,Done,2025-05-12T04:00:00+00:00,,,,Photovoltaic,Under Construction,2022-08-17T04:00:00+00:00,2023-09-29T04:00:00+00:00,2022-08-17T04:00:00+00:00,DPP-2019,East (ITC),GIA,NRIS,100.0,100.0,100.0,100.0,
J1237,,,Washtenaw County,MI,Majestic - Milan 345kV Line,ITC MIDWEST,Solar,175.0,175.0,175.0,2019-04-29T04:00:00+00:00,Withdrawn,,2020-01-03T05:00:00+00:00,,,Photovoltaic,Not Started,,2022-09-01T04:00:00+00:00,,DPP-2019,East (ITC),GIA,NRIS,0.0,0.0,0.0,0.0,
J1228,,,Faribault County,MN,Huntley 161 kV Substation,ITC MIDWEST,Solar,100.0,100.0,100.0,2019-04-27T04:00:00+00:00,Withdrawn,,2019-11-05T05:00:00+00:00,,,Photovoltaic,Not Started,,2023-09-29T04:00:00+00:00,,DPP-2019,West,GIA,NRIS,0.0,0.0,0.0,0.0,
J1266,,,Marion County,IL,Kinmundy - Salem 138kV Line,AMEREN ILLINOIS,Solar,99.0,99.0,99.0,2019-04-29T04:00:00+00:00,Done,2025-07-01T04:00:00+00:00,,,,Photovoltaic,Not Started,,2022-07-01T04:00:00+00:00,2023-03-30T04:00:00+00:00,DPP-2019,Central,GIA,NRIS,99.0,99.0,99.0,99.0,
J1303,,,Jackson County,IL,Campbell Hill - Jackson 161kV Line,Southern Illinois Power Cooperative,Solar,150.0,150.0,150.0,2019-04-29T04:00:00+00:00,Done,2026-06-01T04:00:00+00:00,,,,Photovoltaic,Not Started,,2021-12-01T05:00:00+00:00,2023-01-30T05:00:00+00:00,DPP-2019,Central,GIA,NRIS,95.0,95.0,95.0,95.0,
J1294,,,Sunflower County,MS,Indianola - Cleveland 115kV Line,"ENTERGY MISSISSIPPI, LLC",Solar,99.0,99.0,99.0,2019-04-29T04:00:00+00:00,Done,2023-12-31T05:00:00+00:00,,,,Photovoltaic,Under Construction,2022-01-25T05:00:00+00:00,2022-06-01T04:00:00+00:00,2022-01-26T05:00:00+00:00,DPP-2019,South,GIA,NRIS,99.0,99.0,99.0,99.0,
J1335,,,"Jasper County,Starke County",IN,Schahfer - Burr Oak 345kV Line,NORTHERN INDIANA PUBLIC SERVICE COMPANY LLC,Hybrid,199.5,199.5,199.5,2019-04-29T04:00:00+00:00,Done,2024-06-24T04:00:00+00:00,,,,Solar/Battery,In Service,,2022-07-01T04:00:00+00:00,2022-07-27T04:00:00+00:00,DPP-2019,Central,GIA,NRIS,199.5,199.5,199.5,199.5,
J1299,,,Scott County,MO,Miner - Kelso 161kV Line,Ameren Missouri,Solar,200.0,200.0,200.0,2019-04-29T04:00:00+00:00,Done,2025-04-30T04:00:00+00:00,,,,Photovoltaic,Under Construction,,2021-12-01T05:00:00+00:00,2023-01-30T05:00:00+00:00,DPP-2019,Central,GIA,NRIS,149.0,149.0,149.0,149.0,
J1300,,,Nobles County,MN,Brewster - Elk 161kV Line,ITC MIDWEST,Solar,120.0,120.0,120.0,2019-04-29T04:00:00+00:00,Withdrawn,,2021-03-24T04:00:00+00:00,,,Photovoltaic,Not Started,,2021-12-01T05:00:00+00:00,,DPP-2019,West,GIA,NRIS,0.0,0.0,0.0,0.0,
J1340,,,"Jasper County,Starke County",IN,Schahfer - Burr Oak 345kV Line,NORTHERN INDIANA PUBLIC SERVICE COMPANY LLC NIP,Hybrid,199.5,199.5,199.5,2019-04-29T04:00:00+00:00,Done,2025-06-01T04:00:00+00:00,,,,Solar/Battery,Not Started,,2022-07-01T04:00:00+00:00,2022-07-27T04:00:00+00:00,DPP-2019,Central,GIA,NRIS,199.5,199.5,199.5,199.5,
J1376,,,Cooper County,MO,Barnett - Georgetown Overton 161 kV Line Tap,AMEREN MISSOURI,Wind,100.0,100.0,100.0,2019-04-29T04:00:00+00:00,Withdrawn,,2021-08-05T04:00:00+00:00,,,Wind Turbine,Not Started,,2022-07-15T04:00:00+00:00,,DPP-2019,Central,GIA,NRIS,0.0,0.0,0.0,0.0,
J1387,,,Jasper County,IN,Circuit 6958 69 kV Line Tap,NORTHERN INDIANA PUBLIC SERVICE COMPANY LLC,Solar,60.0,60.0,60.0,2019-04-29T04:00:00+00:00,Done,2024-04-26T04:00:00+00:00,,,,Photovoltaic,Not Started,,2021-12-31T05:00:00+00:00,2023-01-30T05:00:00+00:00,DPP-2019,Central,GIA,ERIS,60.0,0.0,60.0,0.0,
J1355,,,LaPorte County,IN,Stillwell 138kV Subtation,NORTHERN INDIANA PUBLIC SERVICE COMPANY LLC,Battery Storage,160.0,160.0,160.0,2019-04-29T04:00:00+00:00,Done,2026-05-30T04:00:00+00:00,,,,Battery Storage,Not Started,,2023-05-30T04:00:00+00:00,,DPP-2019,Central,GIA,NRIS,131.0,131.0,131.0,131.0,
J1385,,,Hendricks County,IN,Stilesville 138 kV Substation,"DUKE ENERGY INDIANA, LLC CIN",Solar,100.0,100.0,100.0,2019-04-29T04:00:00+00:00,Withdrawn,,2021-08-05T04:00:00+00:00,,,Photovoltaic,Not Started,,2022-08-01T04:00:00+00:00,,DPP-2019,Central,GIA,NRIS,0.0,0.0,0.0,0.0,
J1378,,,Fountain County,IN,Veedersburg West 230 kV Substation,"DUKE ENERGY INDIANA, LLC",Solar,200.0,200.0,200.0,2019-04-29T04:00:00+00:00,Done,2024-11-15T05:00:00+00:00,,,,Photovoltaic,Not Started,,2023-10-01T04:00:00+00:00,2022-06-16T04:00:00+00:00,DPP-2019,Central,GIA,NRIS,200.0,200.0,200.0,200.0,
J1310,,,Jackson County,MI,Blackstone - Marshall 138 kV Line,METC,Solar,125.0,125.0,125.0,2019-04-29T04:00:00+00:00,Done,2024-10-01T04:00:00+00:00,,,,Photovoltaic,Under Construction,2022-08-17T04:00:00+00:00,2022-06-30T04:00:00+00:00,2022-08-17T04:00:00+00:00,DPP-2019,East (ITC),GIA,NRIS,125.0,125.0,125.0,125.0,
J1341,,,Buchanan County,IA,Hazleton 345kV Substation,ITC MIDWEST,Wind,398.0,398.0,398.0,2019-04-29T04:00:00+00:00,Withdrawn,,2021-03-24T04:00:00+00:00,,,Wind Turbine,Not Started,,2022-07-01T04:00:00+00:00,,DPP-2019,West,GIA,NRIS,0.0,0.0,0.0,0.0,
J1388,,,Gibson County,IN,Oakland City - Old Ben Coal 138 kV Line Tap,"DUKE ENERGY INDIANA, LLC",Solar,150.0,150.0,150.0,2019-04-29T04:00:00+00:00,Done,2024-12-15T05:00:00+00:00,,,,Photovoltaic,Not Started,,2021-12-31T05:00:00+00:00,,DPP-2019,Central,GIA,ERIS,150.0,0.0,150.0,0.0,
J1389,,,Saginaw County,MI,Murphy Station - Nelson Road 345 kV Line tap,METC,Solar,120.0,120.0,120.0,2019-04-29T04:00:00+00:00,Done,2025-04-01T04:00:00+00:00,,,,Photovoltaic,Not Started,,2022-08-01T04:00:00+00:00,2023-03-21T04:00:00+00:00,DPP-2019,East (ITC),GIA,NRIS,120.0,120.0,120.0,120.0,
J1380,,,Beauregard Parish,LA,Cooper - Penton 230 kV Line,CLECO POWER LLC CLEC,Solar,200.0,200.0,200.0,2019-04-29T04:00:00+00:00,Withdrawn,,2020-07-17T04:00:00+00:00,,,Photovoltaic,Not Started,,2023-10-01T04:00:00+00:00,,DPP-2019,South,GIA,NRIS,0.0,0.0,0.0,0.0,
J1357,,,Madison County,IN,Madison 138 KV SUBSTATION,"DUKE ENERGY INDIANA, LLC",Battery Storage,150.0,150.0,150.0,2019-04-29T04:00:00+00:00,Done,2025-09-30T04:00:00+00:00,,,,Battery Storage,Not Started,2023-01-31T05:00:00+00:00,2023-05-30T04:00:00+00:00,2023-01-31T05:00:00+00:00,DPP-2019,Central,GIA,NRIS,150.0,150.0,150.0,150.0,
J1343,,,Cerro Gordo County,IA,Emery - Lime Creek 161 kV Line Tap,ITC MIDWEST,Solar,96.0,96.0,96.0,2019-04-29T04:00:00+00:00,Withdrawn,,2020-03-05T05:00:00+00:00,,,Photovoltaic,Not Started,,2022-09-15T04:00:00+00:00,,DPP-2019,West,GIA,NRIS,0.0,0.0,0.0,0.0,
J1390,,,Bartholomew County,IN,Gallagher Station - Columbus 230 kV Line Tap,"DUKE ENERGY INDIANA, LLC",Solar,150.0,150.0,150.0,2019-04-29T04:00:00+00:00,Done,2025-08-01T04:00:00+00:00,,,,Photovoltaic,Under Construction,,2022-08-01T04:00:00+00:00,2023-01-30T05:00:00+00:00,DPP-2019,Central,GIA,NRIS,150.0,150.0,150.0,150.0,
J1379,,,Montcalm County,MI,Eureka - Vestaburg 138 kV Line Tap,METC,Solar,200.0,200.0,200.0,2019-04-29T04:00:00+00:00,Done,2025-12-19T05:00:00+00:00,,,,Photovoltaic,Not Started,2022-08-17T04:00:00+00:00,2023-10-01T04:00:00+00:00,2022-08-17T04:00:00+00:00,DPP-2019,East (ITC),GIA,NRIS,200.0,200.0,200.0,200.0,
J1392,,,LaGrange County,IN,Lagrange 138 kV Substation,NORTHERN INDIANA PUBLIC SERVICE COMPANY LLC,Solar,100.0,100.0,100.0,2019-04-29T04:00:00+00:00,Done,2025-06-01T04:00:00+00:00,,,,Photovoltaic,Not Started,,2023-10-30T04:00:00+00:00,2023-01-30T05:00:00+00:00,DPP-2019,Central,GIA,NRIS,100.0,100.0,100.0,100.0,
J1360,,,Piatt County,IL,Goose Creek 345kV Switchyard,AMEREN ILLINOIS,Wind,300.0,300.0,300.0,2019-04-29T04:00:00+00:00,Done,2024-06-01T04:00:00+00:00,,,,Wind Turbine,Not Started,,2022-04-20T04:00:00+00:00,2022-06-25T04:00:00+00:00,DPP-2019,Central,GIA,ERIS,300.0,300.0,300.0,0.0,
J1383,,,Fulton County,IL,Ipava 138 kV Substation,AMEREN ILLINOIS,Solar,150.0,150.0,150.0,2019-04-29T04:00:00+00:00,Done,2025-06-15T04:00:00+00:00,,,,Photovoltaic,Not Started,,2022-08-01T04:00:00+00:00,2023-01-30T05:00:00+00:00,DPP-2019,Central,GIA,NRIS,150.0,150.0,150.0,150.0,
J1358,,,LaPorte County,IN,Luchtman - Michigan City138kV Line,NORTHERN INDIANA PUBLIC SERVICE COMPANY LLC,Battery Storage,125.0,125.0,125.0,2019-04-29T04:00:00+00:00,Done,2026-05-30T04:00:00+00:00,,,,Battery Storage,Not Started,,2023-05-30T04:00:00+00:00,2023-01-30T05:00:00+00:00,DPP-2019,Central,GIA,NRIS,125.0,125.0,125.0,125.0,
J1393,,,Pike County,IN,Cato 138 kV Substation,"Southern Indiana Gas & Electric Company d/b/a Vectren Energy Delivery of Indiana, Inc.",Solar,130.0,130.0,130.0,2019-04-29T04:00:00+00:00,Done,2026-04-01T04:00:00+00:00,,,,Photovoltaic,Not Started,,2023-10-30T04:00:00+00:00,,DPP-2019,Central,GIA,NRIS,130.0,130.0,130.0,130.0,
J1384,,,Evangeline Parish,LA,Ville Platte - West Fork 230 kV Line,CLECO POWER LLC CLEC,Solar,200.0,200.0,200.0,2019-04-29T04:00:00+00:00,Withdrawn,,2020-07-22T04:00:00+00:00,,,Photovoltaic,Not Started,,2022-04-30T04:00:00+00:00,,DPP-2019,South,GIA,NRIS,0.0,0.0,0.0,0.0,
J1362,,,Muskegon County,MI,Kenowa - Ludington 345 kV Line Tap,METC,Solar,150.0,150.0,150.0,2019-04-29T04:00:00+00:00,Withdrawn,,2020-02-13T05:00:00+00:00,,,Photovoltaic,Not Started,,2021-08-27T04:00:00+00:00,,DPP-2019,East (ITC),GIA,NRIS,0.0,0.0,0.0,0.0,
J1301,,,Washington County,IL,Prest 138kV Switching Station,AMEREN ILLINOIS,Solar,150.0,150.0,150.0,2019-04-29T04:00:00+00:00,Withdrawn,,2021-08-05T04:00:00+00:00,,,Photovoltaic,Not Started,,2021-12-01T05:00:00+00:00,,DPP-2019,Central,GIA,NRIS,0.0,0.0,0.0,0.0,
J1311,,,St. Clair County,IL,Fayetteville Bee Hollow Road 138 kV Substation,HOOSIER ENERGY,Solar,150.0,150.0,150.0,2019-04-29T04:00:00+00:00,Done,2025-06-30T04:00:00+00:00,,,,Photovoltaic,Not Started,,2026-06-30T04:00:00+00:00,2023-01-30T05:00:00+00:00,DPP-2019,Central,GIA,NRIS,150.0,150.0,150.0,150.0,
J1302,,,Saline County,IL,Muddy - Norris City 138kV Line,AMEREN ILLINOIS,Solar,150.0,150.0,150.0,2019-04-29T04:00:00+00:00,Done,2025-02-01T05:00:00+00:00,,,,Photovoltaic,Not Started,,2022-12-01T05:00:00+00:00,2023-01-30T05:00:00+00:00,DPP-2019,Central,GIA,NRIS,150.0,150.0,150.0,150.0,
J1312,,,McCook County,SD,Grant 115 kV Substation,NORTHERN STATES POWER COMPANY,Solar,50.0,50.0,50.0,2019-04-29T04:00:00+00:00,Done,2025-06-30T04:00:00+00:00,,,,Photovoltaic,Not Started,2023-01-26T05:00:00+00:00,2022-06-30T04:00:00+00:00,2023-01-26T05:00:00+00:00,DPP-2019,West,GIA,NRIS,50.0,50.0,50.0,50.0,
J1386,,,Lake County,IN,Green Acres 138 kV Substation,NORTHERN INDIANA PUBLIC SERVICE COMPANY LLC,Solar,100.0,100.0,100.0,2019-04-29T04:00:00+00:00,Done,2025-07-01T04:00:00+00:00,,,,Photovoltaic,Not Started,,2022-07-01T04:00:00+00:00,,DPP-2019,Central,GIA,NRIS,100.0,100.0,100.0,100.0,
J1377,,,Rock County,WI,Wempletown - Rockdale 345kV Line Tap,American Transmission Co. LLC,Solar,98.56,98.56,98.56,2019-04-29T04:00:00+00:00,Done,2025-07-15T04:00:00+00:00,,,,Photovoltaic,Not Started,,2022-07-15T04:00:00+00:00,2022-11-14T05:00:00+00:00,DPP-2019,East (ATC),GIA,NRIS,98.56,98.56,98.56,98.56,
J1354,,,Decatur County,IN,Decatur  County 138kV Switching Station,HOOSIER ENERGY,Battery Storage,146.0,146.0,146.0,2019-04-29T04:00:00+00:00,Done,2025-10-15T04:00:00+00:00,,,,Battery Storage,Not Started,,2023-05-30T04:00:00+00:00,2023-01-30T05:00:00+00:00,DPP-2019,Central,GIA,NRIS,118.0,118.0,118.0,118.0,
J1356,,,Martin County,IN,Whitfield 138kV Substation,"DUKE ENERGY INDIANA, LLC CIN",Solar,160.0,160.0,160.0,2019-04-29T04:00:00+00:00,Withdrawn,,2022-05-20T04:00:00+00:00,,,Photovoltaic,Not Started,,2023-05-30T04:00:00+00:00,,DPP-2019,Central,GIA,NRIS,135.0,74.0,0.0,0.0,
J1382,,,Clark County,IL,Hutsonville - Neoga 138 kV Line tap,AMEREN ILLINOIS,Solar,150.0,150.0,150.0,2019-04-29T04:00:00+00:00,Done,2025-05-31T04:00:00+00:00,,,,Photovoltaic,Not Started,,2022-08-01T04:00:00+00:00,,DPP-2019,Central,GIA,NRIS,150.0,150.0,150.0,150.0,
J1361,,,Washington Parish,LA,Lagen Holton - Franklinton 115kV Line (J1184),"ENTERGY LOUISIANA, LLC",Solar,50.0,50.0,50.0,2019-04-29T04:00:00+00:00,Done,2024-01-15T05:00:00+00:00,,,,Photovoltaic,Under Construction,2021-11-29T05:00:00+00:00,2021-10-31T04:00:00+00:00,2021-11-30T05:00:00+00:00,DPP-2019,South,GIA,NRIS,50.0,50.0,50.0,50.0,
J1363,,,Audrain County,MO,Spencer Creek - Montgomery 345 kV Line Tap,AMEREN MISSOURI,Solar,150.0,150.0,150.0,2019-04-26T04:00:00+00:00,Withdrawn,,2021-08-05T04:00:00+00:00,,,Photovoltaic,Not Started,,2022-07-15T04:00:00+00:00,,DPP-2019,Central,GIA,NRIS,0.0,0.0,0.0,0.0,
J1412,,,Porter County,IN,Lake George - Schahfer GEN STA 345 kV Line Tap,NORTHERN INDIANA PUBLIC SERVICE COMPANY LLC NIP,Solar,250.0,250.0,250.0,2019-04-29T04:00:00+00:00,Withdrawn,,2020-04-15T04:00:00+00:00,,,Photovoltaic,Not Started,,2023-10-30T04:00:00+00:00,,DPP-2019,Central,GIA,NRIS,0.0,0.0,0.0,0.0,
J1364,,,Crittenden County,AR,Marked Tree - Marion 161 kV Line tap,"ENTERGY ARKANSAS, LLC EATO",Solar,150.0,150.0,150.0,2019-04-29T04:00:00+00:00,Withdrawn,,2020-08-05T04:00:00+00:00,,,Photovoltaic,Not Started,,2022-07-15T04:00:00+00:00,,DPP-2019,South,GIA,NRIS,0.0,0.0,0.0,0.0,
J1405,,,Greene County,IN,Sanborn - Linton 138 kV Line Tap,"DUKE ENERGY INDIANA, LLC CIN",Solar,140.0,140.0,140.0,2019-04-29T04:00:00+00:00,Withdrawn,,2022-05-20T04:00:00+00:00,,,Photovoltaic,Not Started,,2022-07-01T04:00:00+00:00,,DPP-2019,Central,GIA,NRIS,140.0,140.0,0.0,0.0,
J1411,,,Dane County,WI,N. Madison 345 kV Substation,American Transmission Co. LLC,Battery Storage,75.0,75.0,75.0,2019-04-29T04:00:00+00:00,Done,2025-10-30T04:00:00+00:00,,,,Battery Storage,Not Started,,2022-10-30T04:00:00+00:00,2022-11-14T05:00:00+00:00,DPP-2019,East (ATC),GIA,NRIS,75.0,75.0,75.0,75.0,
J1414,,,Clay County,AR,Datto-Corning North 161 kV line,"ENTERGY ARKANSAS, LLC EATO",Solar,150.0,150.0,150.0,2019-04-29T04:00:00+00:00,Withdrawn,,2020-08-04T04:00:00+00:00,,,Photovoltaic,Not Started,,2022-10-30T04:00:00+00:00,,DPP-2019,South,GIA,NRIS,0.0,0.0,0.0,0.0,
J1407,,,Porter County,IN,South Valparaiso 138 kV Substation,NORTHERN INDIANA PUBLIC SERVICE COMPANY LLC,Solar,100.0,100.0,100.0,2019-04-29T04:00:00+00:00,Done,2025-08-01T04:00:00+00:00,,,,Photovoltaic,Not Started,,2022-08-01T04:00:00+00:00,2023-01-30T05:00:00+00:00,DPP-2019,Central,GIA,NRIS,100.0,100.0,100.0,70.0,
J1409,,,Henderson County,KY,Henderson 161 kV Substation,BIG RIVERS ELECTRIC CORPORATION BRPS,Battery Storage,25.0,25.0,25.0,2019-04-29T04:00:00+00:00,Withdrawn,,2021-08-05T04:00:00+00:00,,,Battery Storage,Not Started,,2023-10-30T04:00:00+00:00,,DPP-2019,Central,GIA,NRIS,0.0,0.0,0.0,0.0,
J1447,,,Porter County,IN,Schahfer - Green Acres 345kV Line,NORTHERN INDIANA PUBLIC SERVICE COMPANY LLC NIP,Solar,250.0,250.0,250.0,2019-04-29T04:00:00+00:00,Withdrawn,2025-07-25T04:00:00+00:00,2024-02-27T05:00:00+00:00,,,Photovoltaic,Withdrawn,,2022-09-01T04:00:00+00:00,2023-01-30T05:00:00+00:00,DPP-2019,Central,GIA,NRIS,250.0,250.0,250.0,250.0,
J1466,,,Henderson County,KY,Reid EHV 161 kV Substation,BIG RIVERS ELECTRIC CORPORATION,Solar,250.0,250.0,250.0,2019-04-29T04:00:00+00:00,Done,2025-08-01T04:00:00+00:00,,,,Photovoltaic,Not Started,,2022-08-01T04:00:00+00:00,2022-05-25T04:00:00+00:00,DPP-2019,Central,GIA,NRIS,250.0,250.0,250.0,250.0,
J1446,,,Wright County,MN,Lake Pulaski 115kV Substation,NORTHERN STATES POWER COMPANY,Battery Storage,150.0,150.0,150.0,2019-04-29T04:00:00+00:00,Withdrawn,,2022-02-21T05:00:00+00:00,,,Battery Storage,Not Started,,2022-08-01T04:00:00+00:00,,DPP-2019,West,GIA,NRIS,150.0,150.0,0.0,0.0,
J1468,,,Dakota County,MN,West Hastings 115kV Substation,NORTHERN STATES POWER COMPANY,Battery Storage,100.0,100.0,100.0,2019-04-29T04:00:00+00:00,Withdrawn,,2022-02-21T05:00:00+00:00,,,Battery Storage,Not Started,,2022-08-01T04:00:00+00:00,,DPP-2019,West,GIA,NRIS,100.0,100.0,0.0,0.0,
J1456,,,Sheridan County,ND,Harvey - Underwood 230 kV Line Tap,OTTER TAIL POWER COMPANY OTPW,Wind,300.0,300.0,300.0,2019-04-29T04:00:00+00:00,Withdrawn,,2022-09-01T04:00:00+00:00,,,Wind Turbine,Not Started,,2023-09-01T04:00:00+00:00,,DPP-2019,West,GIA,NRIS,300.0,300.0,300.0,300.0,
J1452,,,Red River Parish,LA,Carroll - Mansfield 138 kV Line Tap,CLECO POWER LLC CLEC,Solar,200.0,200.0,200.0,2019-04-29T04:00:00+00:00,Withdrawn,,2021-03-18T04:00:00+00:00,,,Photovoltaic,Not Started,,2022-10-30T04:00:00+00:00,2023-01-19T05:00:00+00:00,DPP-2019,South,GIA,NRIS,75.0,75.0,0.0,0.0,
J1449,,,Monroe County,MI,Morocco 138kV Substation,METC,Solar,100.0,100.0,100.0,2019-04-29T04:00:00+00:00,Withdrawn,,2021-02-10T05:00:00+00:00,,,Photovoltaic,Not Started,,2022-08-01T04:00:00+00:00,,DPP-2019,East (ITC),GIA,NRIS,0.0,0.0,0.0,0.0,
J1457,,,Vermillion County,IN,Sugar Creek - Cayuga 345 kV Line Tap,"DUKE ENERGY INDIANA, LLC CIN",Solar,200.0,200.0,200.0,2019-04-29T04:00:00+00:00,Withdrawn,,2021-08-05T04:00:00+00:00,,,Photovoltaic,Not Started,,2022-06-30T04:00:00+00:00,,DPP-2019,Central,GIA,NRIS,0.0,0.0,0.0,0.0,
J1451,,,Washtenaw County,MI,Dorset 120 kV Substation,ITC MIDWEST,Battery Storage,25.0,25.0,25.0,2019-04-26T04:00:00+00:00,Withdrawn,,2020-05-06T04:00:00+00:00,,,Battery Storage,Not Started,,2022-10-30T04:00:00+00:00,,DPP-2019,East (ITC),GIA,NRIS,0.0,0.0,0.0,0.0,
J1469,,,Crittenden County,AR,Marion - Marked Tree 161kV Line,"ENTERGY ARKANSAS, LLC EATO",Solar,200.0,200.0,200.0,2019-04-29T04:00:00+00:00,Withdrawn,,2020-08-06T04:00:00+00:00,,,Photovoltaic,Not Started,,2022-08-01T04:00:00+00:00,,DPP-2019,South,GIA,NRIS,0.0,0.0,0.0,0.0,
J1381,,,Howard County,IN,Greentown 230 kV substation,"DUKE ENERGY INDIANA, LLC",Solar,200.0,200.0,200.0,2019-04-29T04:00:00+00:00,Done,2026-10-01T04:00:00+00:00,,,,Photovoltaic,Not Started,,2023-10-01T04:00:00+00:00,2023-01-30T05:00:00+00:00,DPP-2019,Central,GIA,NRIS,200.0,200.0,200.0,200.0,
J1391,,,Dubois County,IN,Duff 138 kV Substation,"Southern Indiana Gas & Electric Company d/b/a Vectren Energy Delivery of Indiana, Inc.",Solar,100.0,100.0,100.0,2019-04-29T04:00:00+00:00,Done,2025-05-01T04:00:00+00:00,,,,Photovoltaic,Not Started,,2022-08-01T04:00:00+00:00,2022-11-30T05:00:00+00:00,DPP-2019,Central,GIA,NRIS,100.0,100.0,100.0,100.0,
J1394,,,Shiawassee County,MI,Cornell - Layton138kV Line,METC,Solar,150.0,150.0,150.0,2019-04-29T04:00:00+00:00,Withdrawn,,2021-02-08T05:00:00+00:00,,,Photovoltaic,Not Started,,2021-12-01T05:00:00+00:00,,DPP-2019,East (ITC),GIA,NRIS,0.0,0.0,0.0,0.0,
J1406,,,Muskegon County,MI,Kenowa - Ludington 345 kV Line Tap,METC,Wind,25.2,25.2,25.2,2019-04-29T04:00:00+00:00,Withdrawn,,2020-02-07T05:00:00+00:00,,,Wind Turbine,Not Started,,2021-09-03T04:00:00+00:00,,DPP-2019,East (ITC),GIA,NRIS,0.0,0.0,0.0,0.0,
J1459,,,Calhoun County,MI,Argenta - Tompkins 345 kV Line Tap,METC,Gas,670.0,670.0,670.0,2019-04-29T04:00:00+00:00,Withdrawn,,2020-01-27T05:00:00+00:00,,,Combined Cycle,Not Started,,2024-03-01T05:00:00+00:00,,DPP-2019,East (ITC),GIA,NRIS,0.0,0.0,0.0,0.0,
J1470,,,"Benton County,Warren County",IN,Cayuga CT 345kV Substation,"DUKE ENERGY INDIANA, LLC",Wind,30.0,30.0,30.0,2019-04-29T04:00:00+00:00,Done,2023-03-21T04:00:00+00:00,,,,Wind Turbine,Not Started,,2019-04-30T04:00:00+00:00,2022-11-11T05:00:00+00:00,DPP-2019,Central,GIA,NRIS-Only,0.0,30.0,0.0,30.0,
J1408,,,Macoupin County,IL,Virden 138kV Substation,AMEREN ILLINOIS,Hybrid,100.0,100.0,100.0,2019-04-29T04:00:00+00:00,Withdrawn,2026-06-15T04:00:00+00:00,2025-08-05T04:00:00+00:00,,,Solar/Wind/Battery,Not Started,,2023-06-15T04:00:00+00:00,2023-01-30T05:00:00+00:00,DPP-2019,Central,GIA,NRIS,100.0,100.0,100.0,100.0,
J1410,,,Dane County,WI,N. Madison 345 kV Substation,American Transmission Co. LLC,Solar,300.0,300.0,300.0,2019-04-29T04:00:00+00:00,Done,2025-10-30T04:00:00+00:00,,,,Photovoltaic,Under Construction,,2022-10-30T04:00:00+00:00,2022-11-14T05:00:00+00:00,DPP-2019,East (ATC),GIA,NRIS,300.0,300.0,300.0,240.0,
J1413,,,"Howard County,Mitchell County",IA,Hazleton - Mitchell County 345 kV Line tap,ITC MIDWEST,Solar,300.0,300.0,300.0,2019-04-29T04:00:00+00:00,Withdrawn,,2022-09-01T04:00:00+00:00,,,Photovoltaic,Not Started,,2022-10-30T04:00:00+00:00,,DPP-2019,West,GIA,NRIS,235.0,215.0,235.0,188.0,
J1448,,,Caldwell County,KY,Hopkins - Caldwell County - Barkely 161kV Line,BIG RIVERS ELECTRIC CORPORATION BRPS,Solar,150.0,150.0,150.0,2019-04-29T04:00:00+00:00,Withdrawn,,2022-05-20T04:00:00+00:00,,,Photovoltaic,Not Started,,2022-08-01T04:00:00+00:00,,DPP-2019,Central,GIA,NRIS,150.0,150.0,0.0,0.0,
J1467,,,Fayette County,IA,ITC 161kV Windsor - Hazleton 161kV Line,ITC MIDWEST,Wind,150.0,150.0,150.0,2019-04-29T04:00:00+00:00,Withdrawn,,2021-03-24T04:00:00+00:00,,,Wind Turbine,Not Started,,2022-08-01T04:00:00+00:00,,DPP-2019,West,GIA,NRIS,0.0,0.0,0.0,0.0,
J1450,,,Webster County,KY,Hopkins - Reid161kV Line,BIG RIVERS ELECTRIC CORPORATION BRPS,Solar,150.0,150.0,150.0,2019-04-29T04:00:00+00:00,Done,2025-08-01T04:00:00+00:00,,,,Photovoltaic,Not Started,,2022-08-01T04:00:00+00:00,2023-01-30T05:00:00+00:00,DPP-2019,Central,GIA,NRIS,150.0,150.0,150.0,150.0,
J1460,,,Rock County,WI,Sunrise 138 kV Substation,American Transmission Co. LLC,Solar,200.0,200.0,200.0,2019-04-29T04:00:00+00:00,Done,2025-06-30T04:00:00+00:00,,,,Photovoltaic,Under Construction,,2022-06-30T04:00:00+00:00,2022-11-14T05:00:00+00:00,DPP-2019,East (ATC),GIA,NRIS,200.0,200.0,200.0,170.0,
J1461,,,Carver County,MN,McLeod - Blue Lake 230kV Line,NORTHERN STATES POWER COMPANY,Solar,50.0,50.0,50.0,2019-04-29T04:00:00+00:00,Withdrawn,,2021-03-24T04:00:00+00:00,,,Photovoltaic,Not Started,,2022-08-01T04:00:00+00:00,,DPP-2019,West,GIA,NRIS,0.0,0.0,0.0,0.0,
J1454,,,Mason County,IL,Mason 138 kV Substation,AMEREN ILLINOIS,Wind,58.5,58.5,58.5,2019-04-29T04:00:00+00:00,Done,2021-08-18T04:00:00+00:00,,,,Wind Turbine,In Service (with Provisional GIA),,2022-04-30T04:00:00+00:00,2020-12-22T05:00:00+00:00,DPP-2019,Central,GIA,ERIS,40.9,40.9,40.9,0.0,
J1472,,,Jackson County,MI,Leoni - Parr Raod 138kV line,METC,Solar,100.0,100.0,100.0,2019-04-29T04:00:00+00:00,Done,2024-03-31T04:00:00+00:00,,,,Photovoltaic,Not Started,2022-08-17T04:00:00+00:00,2022-08-01T04:00:00+00:00,2022-08-17T04:00:00+00:00,DPP-2019,East (ITC),GIA,NRIS,100.0,100.0,100.0,100.0,
J1455,,,"St. Mary,St. Mary Parish",LA,Teche - Morbihan 138kV Line,CLECO POWER LLC CLEC,Solar,150.0,150.0,150.0,2019-04-29T04:00:00+00:00,Withdrawn,2025-09-01T04:00:00+00:00,2022-09-12T04:00:00+00:00,,,Photovoltaic,Not Started,2022-04-15T04:00:00+00:00,2022-08-01T04:00:00+00:00,2022-04-18T04:00:00+00:00,DPP-2019,South,GIA,NRIS,150.0,150.0,150.0,150.0,
J1473,,,Chisago County,MN,Lawrence Creek - Shafer 115kV Line,NORTHERN STATES POWER COMPANY,Solar,100.0,100.0,100.0,2019-04-29T04:00:00+00:00,Withdrawn,,2021-03-24T04:00:00+00:00,,,Photovoltaic,Not Started,,2022-08-01T04:00:00+00:00,,DPP-2019,West,GIA,NRIS,0.0,0.0,0.0,0.0,
J1464,,,"Macoupin County,Morgan County,Sangamon County",IL,Meredosia - Austin 345 kV Line tap,AMEREN TRANSMISSION COMPANY OF ILLINOIS,Solar,592.8,592.8,592.8,2019-04-29T04:00:00+00:00,Done,2024-03-03T05:00:00+00:00,,,,Photovoltaic,In Service,,2022-04-30T04:00:00+00:00,2022-11-23T05:00:00+00:00,DPP-2019,Central,GIA,NRIS,592.8,592.8,592.8,592.8,
J1474,,,Chippewa County,WI,Pine Lake - Eagle Point 115kV Line,NORTHERN STATES POWER COMPANY,Solar,200.0,200.0,200.0,2019-04-29T04:00:00+00:00,Withdrawn,2025-07-01T04:00:00+00:00,2023-11-14T05:00:00+00:00,,,Photovoltaic,Withdrawn,2023-01-26T05:00:00+00:00,2022-07-01T04:00:00+00:00,2023-01-26T05:00:00+00:00,DPP-2019,West,GIA,NRIS,200.0,200.0,180.0,180.0,
J1475,,,Clark County,IL,Casey West - Sullivan 345 kV Line Tap,AMEREN ILLINOIS,Solar,75.0,75.0,75.0,2019-04-29T04:00:00+00:00,Done,2023-05-02T04:00:00+00:00,,,,Photovoltaic,Not Started,,2022-04-18T04:00:00+00:00,2022-06-27T04:00:00+00:00,DPP-2019,Central,GIA,NRIS,75.0,75.0,75.0,75.0,
J508,,,Clark County,AR,tap 115 kV line betwwen W Arkadelphia sub and Delarc sub at 3.85 miles from West Arkadelphia substat,Entergy,Gas,42.7,42.7,42.7,2015-11-16T05:00:00+00:00,Withdrawn,,2017-07-17T04:00:00+00:00,,,Combined Cycle,Not Started,,2017-04-01T04:00:00+00:00,,DPP-2017-FEB,South,GIA,NRIS,0.0,0.0,0.0,0.0,
J1458,,,Washington County,MS,Ray Braswell - Tinnin - Gerald Andrus 230kV Line,"ENTERGY MISSISSIPPI, LLC",Solar,200.0,200.0,200.0,2019-04-29T04:00:00+00:00,Done,2024-12-15T05:00:00+00:00,,,,Photovoltaic,Under Construction,2022-01-25T05:00:00+00:00,2022-08-01T04:00:00+00:00,2022-01-26T05:00:00+00:00,DPP-2019,South,GIA,NRIS,200.0,170.0,200.0,170.0,
J1453,,,Mason County,IL,Havana - Shockey 138 kV Line Tap,AMEREN ILLINOIS,Wind,188.3,188.3,188.3,2019-04-29T04:00:00+00:00,Done,2022-05-03T04:00:00+00:00,,,,Wind Turbine,In Service,,2022-04-30T04:00:00+00:00,2022-03-18T04:00:00+00:00,DPP-2019,Central,GIA,NRIS,165.0,165.0,165.0,165.0,
J1462,,,Acadia Parish,LA,Acadia - Scanlan 138kV Line,"ENTERGY LOUISIANA, LLC ELTO",Solar,150.0,150.0,150.0,2019-04-29T04:00:00+00:00,Withdrawn,,2020-08-06T04:00:00+00:00,,,Photovoltaic,Not Started,,2022-08-01T04:00:00+00:00,,DPP-2019,South,GIA,NRIS,0.0,0.0,0.0,0.0,
J1463,,,West Baton Rouge Parish,LA,Addis - Big Cajun 230 kV Line Tap (J639),"ENTERGY LOUISIANA, LLC ELTO",Solar,150.0,150.0,150.0,2019-04-29T04:00:00+00:00,Withdrawn,2023-11-01T04:00:00+00:00,2024-06-04T04:00:00+00:00,,,Photovoltaic,Withdrawn,2022-04-07T04:00:00+00:00,2021-10-20T04:00:00+00:00,2022-04-07T04:00:00+00:00,DPP-2019,South,GIA,ERIS,150.0,45.0,150.0,0.0,
J707,,,Barnes County,ND,Buffalo 345kV,OTTER TAIL POWER COMPANY,Wind,300.0,300.0,300.0,2016-09-09T04:00:00+00:00,Withdrawn,,2019-04-09T04:00:00+00:00,,,Wind Turbine,Not Started,,2020-09-23T04:00:00+00:00,,DPP-2017-FEB,West,GIA,ERIS,0.0,0.0,0.0,0.0,
J579,,,Allegan County,MI,Argenta 345kV Substation,METC,Wind,200.0,200.0,200.0,2017-06-16T04:00:00+00:00,Withdrawn,,2019-01-09T05:00:00+00:00,,,Wind Turbine,Not Started,,2018-10-01T04:00:00+00:00,,DPP-2017-AUG,East (ITC),GIA,NRIS,0.0,0.0,0.0,0.0,
J703,,,Marquette County,MI,Huron 138kV Substation -looping Lines FREG11 (National to Freeman) & Goose Lake (PI to Empire),American Transmission Co. LLC,Gas,128.1,128.1,128.1,2016-09-08T04:00:00+00:00,Done,2018-12-01T05:00:00+00:00,,,,"Piston (Engine), Internal Combustion (Diesel)",In Service,,2019-03-01T05:00:00+00:00,2017-10-13T04:00:00+00:00,DPP-2016 AUG/2017-FEB,East (ITC),GIA,NRIS,128.1,128.1,128.1,128.1,
J545,,,Lincoln County,MN,Buffalo 115kV Substation,NORTHERN STATES POWER COMPANY,Wind,110.0,110.0,110.0,2017-06-16T04:00:00+00:00,Done,2022-12-15T05:00:00+00:00,,,,Wind Turbine,In Service,2021-05-19T04:00:00+00:00,2020-08-31T04:00:00+00:00,2021-05-19T04:00:00+00:00,DPP-2017-AUG,West,GIA,ERIS,110.0,0.0,110.0,0.0,
J1471,,,Lee County,IA,ITC 161kV Wever Substation,ITC MIDWEST,Solar,200.0,200.0,200.0,2019-04-29T04:00:00+00:00,Withdrawn,,2022-02-21T05:00:00+00:00,,,Photovoltaic,Not Started,,2022-08-01T04:00:00+00:00,,DPP-2019,West,GIA,NRIS,200.0,200.0,0.0,0.0,
J522,,,Mower County,MN,Adams substation at 69 kV,ITC MIDWEST,Battery Storage,20.0,20.0,20.0,2015-11-16T05:00:00+00:00,Withdrawn,,2019-04-09T04:00:00+00:00,,,Battery Storage,Not Started,,2019-09-15T04:00:00+00:00,,DPP-2017-FEB,West,GIA,NRIS,0.0,0.0,0.0,0.0,
J1465,,,"Pointe Coupee,Pointe Coupee Parish",LA,Livonia - Colonial Springs 138kV line,"ENTERGY LOUISIANA, LLC",Solar,150.0,150.0,150.0,2019-04-29T04:00:00+00:00,Done,2024-12-01T05:00:00+00:00,,,,Photovoltaic,Not Started,2022-04-15T04:00:00+00:00,2022-08-01T04:00:00+00:00,2022-04-08T04:00:00+00:00,DPP-2019,South,GIA,NRIS,150.0,150.0,150.0,150.0,
J502,,,Orange County,TX,McLewis 230 kV Substation,Entergy,Solar,100.0,100.0,100.0,2017-06-16T04:00:00+00:00,Withdrawn,,2019-01-07T05:00:00+00:00,,,Photovoltaic,Not Started,,2019-09-01T04:00:00+00:00,,DPP-2017-AUG,South,GIA,NRIS,0.0,0.0,0.0,0.0,
J556,,,Renville County,MN,Panther 230kV Substation,GREAT RIVER ENERGY,Wind,102.0,102.0,102.0,2016-04-04T04:00:00+00:00,Withdrawn,,2019-04-09T04:00:00+00:00,,,Wind Turbine,Not Started,,2019-12-31T05:00:00+00:00,,DPP-2017-FEB,West,GIA,NRIS,0.0,0.0,0.0,0.0,
J706,,,Morton County,ND,Tri-county 230kV sub,MINNESOTA POWER INC.,Wind,100.0,100.0,100.0,2017-06-16T04:00:00+00:00,Withdrawn,,2021-01-29T05:00:00+00:00,,,Wind Turbine,Not Started,,2021-10-01T04:00:00+00:00,,DPP-2017-AUG,West,GIA,NRIS,100.0,100.0,0.0,0.0,
J704,,,Baraga County,MI,M38 Substation 138kV,American Transmission Co. LLC,Gas,54.9,54.9,54.9,2016-09-08T04:00:00+00:00,Done,2018-12-01T05:00:00+00:00,,,,"Piston (Engine), Internal Combustion (Diesel)",In Service,,2019-03-01T05:00:00+00:00,2017-10-27T04:00:00+00:00,DPP-2016 AUG/2017-FEB,East (ITC),GIA,NRIS,54.9,54.9,54.9,54.9,
J705,,,Morton County,ND,Tri-county 230 kV substation,MINNESOTA POWER INC.,Wind,100.0,100.0,100.0,2017-06-16T04:00:00+00:00,Withdrawn,,2021-01-29T05:00:00+00:00,,,Wind Turbine,Not Started,,2021-10-01T04:00:00+00:00,,DPP-2017-AUG,West,GIA,NRIS,100.0,100.0,0.0,0.0,
J710,,,Lafayette Parish,LA,Duson - Scott line 69kV,Entergy,Solar,20.0,20.0,20.0,2016-09-09T04:00:00+00:00,Withdrawn,2018-11-01T04:00:00+00:00,2018-01-24T05:00:00+00:00,,,Photovoltaic,Not Started,2018-01-24T05:00:00+00:00,2018-06-01T04:00:00+00:00,,DPP-2017-FEB,South,GIA,NRIS,20.0,20.0,0.0,0.0,
J711,,,Baraga County,MI,Silver River 138kV,American Transmission Co. LLC,Wind,130.0,130.0,130.0,2016-09-09T04:00:00+00:00,Withdrawn,2020-09-23T04:00:00+00:00,2018-12-10T05:00:00+00:00,,,Wind Turbine,Withdrawn,,2020-09-23T04:00:00+00:00,2017-10-27T04:00:00+00:00,DPP-2016 AUG/2017-FEB,East (ITC),GIA,NRIS,130.0,130.0,130.0,130.0,
J708,,,Posey County,IN,AB Brown 138 kV sub,"Southern Indiana Gas & Electric Company d/b/a Vectren Energy Delivery of Indiana, Inc.",Combined Cycle,847.0,847.0,847.0,2016-09-09T04:00:00+00:00,Withdrawn,2019-07-01T04:00:00+00:00,2019-05-02T04:00:00+00:00,,,Combined Cycle,Not Started,,2022-06-01T04:00:00+00:00,,DPP-2017-FEB,Central,GIA,NRIS,847.0,847.0,847.0,847.0,
J584,,,Green County,WI,Blacksmith Tap - Spring Grove 69kV Line,American Transmission Co. LLC,Wind,60.0,60.0,60.0,2016-05-09T04:00:00+00:00,Withdrawn,2021-05-15T04:00:00+00:00,2020-09-29T04:00:00+00:00,,,Wind Turbine,Withdrawn,2019-03-26T04:00:00+00:00,2018-09-15T04:00:00+00:00,2018-10-05T04:00:00+00:00,DPP-2017-FEB,East (ATC),GIA,NRIS,60.0,60.0,60.0,60.0,
J759,,,Spencer County,IN,Troy 161kV Sub,"HOOSIER ENERGY REC, INC",Solar,70.0,70.0,70.0,2016-11-14T05:00:00+00:00,Done,2020-07-02T04:00:00+00:00,,,,Photovoltaic,In Service,2019-02-15T05:00:00+00:00,2021-04-01T04:00:00+00:00,2018-11-13T05:00:00+00:00,DPP-2017-FEB,Central,GIA,NRIS,70.0,69.9,70.0,69.9,
J713,,,Oliver County,ND,Square Butte East 230kV Substation,MINNESOTA POWER INC.,Wind,300.0,300.0,300.0,2017-06-16T04:00:00+00:00,Withdrawn,,2021-01-29T05:00:00+00:00,,,Wind Turbine,Not Started,,2020-09-15T04:00:00+00:00,,DPP-2017-AUG,West,GIA,NRIS,300.0,300.0,0.0,0.0,
J570,,,Atchison County,MO,Cooper - Atchison 345kV Line,MIDAMERICAN ENERGY COMPANY,Wind,150.0,150.0,150.0,2016-05-06T04:00:00+00:00,Withdrawn,,2019-08-05T04:00:00+00:00,,,Wind Turbine,Not Started,,2018-09-15T04:00:00+00:00,,DPP-2017-FEB,West,GIA,NRIS,150.0,150.0,0.0,0.0,
J709,,,Greene County,MS,Green Substation 230kV,COOPERATIVE ENERGY,Solar,100.0,100.0,100.0,2016-09-09T04:00:00+00:00,Withdrawn,2020-04-01T04:00:00+00:00,2019-01-11T05:00:00+00:00,,,Photovoltaic,Withdrawn,2018-10-17T04:00:00+00:00,2020-04-01T04:00:00+00:00,2018-05-16T04:00:00+00:00,DPP-2017-FEB,South,GIA,NRIS,60.0,60.0,60.0,60.0,
J625,,,"Meeker County,Renville County",MN,Blue Lake 345kV Substation,NORTHERN STATES POWER COMPANY,Wind,400.0,400.0,400.0,2017-06-16T04:00:00+00:00,Withdrawn,,2019-02-04T05:00:00+00:00,,,Wind Turbine,Not Started,,2019-09-15T04:00:00+00:00,,DPP-2017-AUG,West,GIA,NRIS,0.0,0.0,0.0,0.0,
J762,,,Meade County,KY,Meade Sub 161kV,BIG RIVERS ELECTRIC CORPORATION,Solar,200.0,200.0,200.0,2016-11-14T05:00:00+00:00,Done,2021-04-01T04:00:00+00:00,,,,Photovoltaic,Under Construction,2019-03-08T05:00:00+00:00,2021-04-01T04:00:00+00:00,2018-11-13T05:00:00+00:00,DPP-2017-FEB,Central,GIA,NRIS,200.0,200.0,200.0,200.0,
J760,,,Rock County,WI,New Kitty Hawk 345kV substation,American Transmission Co. LLC,Gas,30.0,30.0,30.0,2016-11-14T05:00:00+00:00,Done,2019-04-15T04:00:00+00:00,,,,Combustion Turbine (Simple Cycle),In Service,2019-03-27T04:00:00+00:00,2019-04-08T04:00:00+00:00,2018-10-05T04:00:00+00:00,DPP-2017-FEB,East (ATC),GIA,NRIS,30.0,30.0,30.0,30.0,
J761,,,Faribault County,MN,Huntley 345 kV sub,ITC MIDWEST,Wind,200.0,200.0,200.0,2016-11-14T05:00:00+00:00,Withdrawn,,2019-04-09T04:00:00+00:00,,,Wind Turbine,Not Started,,2020-09-15T04:00:00+00:00,,DPP-2017-FEB,West,GIA,NRIS,0.0,0.0,0.0,0.0,
J580,,,Burleigh County,ND,Nepoleon Sub 230kV,MONTANA-DAKOTA UTILITIES CO.,Wind,298.0,298.0,298.0,2017-06-16T04:00:00+00:00,Withdrawn,,2021-01-29T05:00:00+00:00,,,Wind Turbine,Not Started,,2021-09-15T04:00:00+00:00,,DPP-2017-AUG,West,GIA,ERIS,298.0,0.0,0.0,0.0,
J712,,,Iowa County,WI,Hill Valley 138kV Substation,American Transmission Co. LLC,Wind,200.0,200.0,200.0,2016-09-09T04:00:00+00:00,Withdrawn,,2018-04-10T04:00:00+00:00,,,Wind Turbine,Not Started,,2020-09-20T04:00:00+00:00,,DPP-2017-FEB,East (ATC),GIA,NRIS,0.0,0.0,0.0,0.0,
J758,,,Calhoun County,MI,Verona-Foundry 138kV,METC,Solar,200.0,200.0,200.0,2016-11-14T05:00:00+00:00,Done,2022-04-08T04:00:00+00:00,,,,Photovoltaic,In Service,2019-10-25T04:00:00+00:00,2018-10-01T04:00:00+00:00,2019-05-24T04:00:00+00:00,DPP-2017-FEB,East (ITC),GIA,NRIS,200.0,200.0,200.0,200.0,
J715,,,Marshall County,IL,McLean County-Oglesby 138kV Line 1382,AMEREN ILLINOIS,Wind,100.0,100.0,100.0,2017-06-16T04:00:00+00:00,Done,2021-05-01T04:00:00+00:00,,,,Wind Turbine,In Service,2019-12-09T05:00:00+00:00,2019-08-31T04:00:00+00:00,2019-06-01T04:00:00+00:00,DPP-2017-AUG,Central,GIA,NRIS,98.0,98.0,98.0,98.0,
J731,,,Palo Alto County,IA,Kossuth-O'Brien 345kV,MIDAMERICAN ENERGY COMPANY,Wind,200.0,200.0,200.0,2016-11-08T05:00:00+00:00,Withdrawn,,2019-04-09T04:00:00+00:00,,,Wind Turbine,Not Started,,2020-09-23T04:00:00+00:00,,DPP-2017-FEB,West,GIA,ERIS,0.0,0.0,0.0,0.0,
J768,,,Story County,IA,Story County Substation,ITC MIDWEST,Wind,12.0,12.0,12.0,2016-11-14T05:00:00+00:00,Withdrawn,,2019-08-09T04:00:00+00:00,,,Wind Turbine,Not Started,,2019-01-01T05:00:00+00:00,,DPP-2017-FEB,West,GIA,NRIS,12.0,12.0,0.0,0.0,
J718,,,Fillmore County,MN,Cherry Grove 69kV Substation,DAIRYLAND POWER COOPERATIVE,Solar,49.98,49.98,49.98,2016-09-13T04:00:00+00:00,Done,2023-09-01T04:00:00+00:00,,,,Photovoltaic,Under Construction,2020-04-21T04:00:00+00:00,2020-12-31T05:00:00+00:00,2019-10-14T04:00:00+00:00,DPP-2017-FEB,West,GIA,NRIS,49.98,49.98,45.0,45.0,
J769,,,Renville County,MN,Kingman Run-Bird Island 69kV,NORTHERN STATES POWER COMPANY,Solar,33.0,33.0,33.0,2016-11-14T05:00:00+00:00,Withdrawn,,2019-04-09T04:00:00+00:00,,,Photovoltaic,Not Started,,2019-07-31T04:00:00+00:00,,DPP-2017-FEB,West,GIA,NRIS,0.0,0.0,0.0,0.0,
J720,,,Jackson County,MN,Lakefield - Raun 345 kV line,ITC MIDWEST,Wind,200.0,200.0,200.0,2017-06-16T04:00:00+00:00,Withdrawn,2021-09-01T04:00:00+00:00,2021-01-29T05:00:00+00:00,,,Wind Turbine,Under Construction,,2020-09-01T04:00:00+00:00,2019-09-02T04:00:00+00:00,DPP-2017-AUG,West,GIA,NRIS,200.0,200.0,0.0,0.0,
J733,,,Franklin County,IA,J416 345 kV Interconnection Facilitities to be Owned by ITCM,ITC MIDWEST,Wind,200.0,200.0,200.0,2016-11-08T05:00:00+00:00,Withdrawn,,2019-04-09T04:00:00+00:00,,,Wind Turbine,Not Started,,2020-09-23T04:00:00+00:00,,DPP-2017-FEB,West,GIA,ERIS,0.0,0.0,0.0,0.0,
J721,,,"Codington County,Deuel County",SD,"Big Stone South substation, Big Stone City",OTTER TAIL POWER COMPANY,Wind,200.0,200.0,200.0,2016-10-24T04:00:00+00:00,Withdrawn,,2019-08-09T04:00:00+00:00,,,Wind Turbine,Not Started,,2019-09-15T04:00:00+00:00,,DPP-2017-FEB,West,GIA,NRIS,200.0,200.0,0.0,0.0,
J745,,,Nobles County,MN,Nobles-Fenton 115kV,NORTHERN STATES POWER COMPANY,Wind,100.0,100.0,100.0,2016-11-14T05:00:00+00:00,Withdrawn,,2019-04-09T04:00:00+00:00,,,Wind Turbine,Not Started,,2021-06-01T04:00:00+00:00,,DPP-2017-FEB,West,GIA,NRIS,0.0,0.0,0.0,0.0,
J734,,,Ford County,IL,Gibson City South Substation,AMEREN ILLINOIS,Gas,57.1,57.1,57.1,2016-11-10T05:00:00+00:00,Done,2017-09-01T04:00:00+00:00,,,,Combustion Turbine (Simple Cycle),In Service,2019-02-19T05:00:00+00:00,2017-06-01T04:00:00+00:00,2018-11-13T05:00:00+00:00,DPP-2017-FEB,Central,GIA,NRIS-Only,11.5,11.5,11.5,11.5,
J722,,,"Codington County,Deuel County",SD,Big Stone South 230kV Substation,OTTER TAIL POWER COMPANY,Wind,200.0,200.0,200.0,2017-06-16T04:00:00+00:00,Done,2023-09-01T04:00:00+00:00,,,,Wind Turbine,Under Construction,2021-10-04T04:00:00+00:00,2021-09-15T04:00:00+00:00,2021-11-05T04:00:00+00:00,DPP-2017-AUG,West,GIA,ERIS,200.0,200.0,200.0,0.0,
J728,,,Isabella County,MI,Edenville Junction to Warren 138 kV Line,METC,Wind,200.1,200.1,200.1,2016-11-02T04:00:00+00:00,Done,2020-06-30T04:00:00+00:00,,,,Wind Turbine,In Service,2019-10-08T04:00:00+00:00,2019-09-03T04:00:00+00:00,2019-06-10T04:00:00+00:00,DPP-2017-FEB,East (ITC),GIA,NRIS,200.1,200.1,186.3,186.3,
J766,,,Oliver County,ND,Square Butte 230kV Substation,MINNESOTA POWER INC.,Wind,3.84,3.84,3.84,2016-11-14T05:00:00+00:00,Withdrawn,,2019-04-09T04:00:00+00:00,,,Wind Turbine,Not Started,,2018-01-01T05:00:00+00:00,,DPP-2017-FEB,West,GIA,NRIS,0.0,0.0,0.0,0.0,
J717,,,Isabella County,MI,Edenville Junction to Warren 138 kV Line,METC,Wind,200.1,200.1,200.1,2016-09-12T04:00:00+00:00,Done,2020-06-30T04:00:00+00:00,,,,Wind Turbine,In Service,2019-10-08T04:00:00+00:00,2019-09-03T04:00:00+00:00,2019-06-10T04:00:00+00:00,DPP-2017-FEB,East (ITC),GIA,NRIS,200.1,200.1,200.1,200.1,
J732,,,Douglas County,WI,Arrowhead - Stone Lake 345kV Line,American Transmission Co. LLC,Combined Cycle,561.5,527.8,561.5,2017-06-16T04:00:00+00:00,Done,2023-11-10T05:00:00+00:00,,,,Combined Cycle,Under Construction,2020-07-29T04:00:00+00:00,2021-06-08T04:00:00+00:00,2019-11-21T05:00:00+00:00,DPP-2017-AUG,East (ATC),GIA,NRIS,561.5,561.5,561.5,561.5,
J714,,,Montgomery County,IN,Frankfurt - Cayuga 230kV line,Duke Energy Corporation,Wind,200.0,200.0,200.0,2017-06-16T04:00:00+00:00,Withdrawn,,2019-04-17T04:00:00+00:00,,,Wind Turbine,Not Started,,2019-08-31T04:00:00+00:00,,DPP-2017-AUG,Central,GIA,NRIS,192.0,192.0,0.0,0.0,
J767,,,Hancock County,IA,Lime Creek 161 kV substation,ITC MIDWEST,Wind,12.0,12.0,12.0,2016-11-14T05:00:00+00:00,Withdrawn,,2019-08-09T04:00:00+00:00,,,Wind Turbine,Not Started,,2019-01-01T05:00:00+00:00,,DPP-2017-FEB,West,GIA,NRIS,12.0,12.0,0.0,0.0,
J739,,,Lyon County,MN,Lyon County 345kV Substation,NORTHERN STATES POWER COMPANY,Wind,200.0,200.0,200.0,2016-11-11T05:00:00+00:00,Withdrawn,,2019-08-09T04:00:00+00:00,,,Wind Turbine,Not Started,,2020-09-15T04:00:00+00:00,,DPP-2017-FEB,West,GIA,NRIS,200.0,200.0,0.0,0.0,
J796,,,Shiawassee County,MI,Goss 138kV Substation,METC,Solar,239.0,239.0,239.0,2017-06-16T04:00:00+00:00,Done,2020-11-20T05:00:00+00:00,,,,Photovoltaic,In Service,2020-06-12T04:00:00+00:00,2019-09-01T04:00:00+00:00,2019-06-18T04:00:00+00:00,DPP-2017-AUG,East (ITC),GIA,NRIS,239.0,239.0,239.0,239.0,
J770,,,Renville County,MN,Bird Island to Henryville Tap 69kV Line,NORTHERN STATES POWER COMPANY,Solar,90.0,90.0,90.0,2016-11-14T05:00:00+00:00,Withdrawn,,2019-04-09T04:00:00+00:00,,,Photovoltaic,Not Started,,2019-07-31T04:00:00+00:00,,DPP-2017-FEB,West,GIA,NRIS,0.0,0.0,0.0,0.0,
J725,,,Murray County,MN,Cedar Mountain 345 kV Substation,GREAT RIVER ENERGY,Wind,200.0,200.0,200.0,2017-06-16T04:00:00+00:00,Withdrawn,,2019-02-15T05:00:00+00:00,,,Wind Turbine,Not Started,,2020-09-15T04:00:00+00:00,,DPP-2017-AUG,West,GIA,NRIS,0.0,0.0,0.0,0.0,
J726,,,Cottonwood County,MN,Cedar Mountain 345kV Substation,GREAT RIVER ENERGY,Wind,200.0,200.0,200.0,2017-06-16T04:00:00+00:00,Withdrawn,,2018-11-19T05:00:00+00:00,,,Wind Turbine,Not Started,,2019-09-15T04:00:00+00:00,,DPP-2017-AUG,West,GIA,NRIS,0.0,0.0,0.0,0.0,
J743,,,Cass County,ND,Bison 345kV Substation,NORTHERN STATES POWER COMPANY,Wind,200.0,200.0,200.0,2017-06-16T04:00:00+00:00,Withdrawn,,2019-10-24T04:00:00+00:00,,,Wind Turbine,Not Started,,2020-07-31T04:00:00+00:00,,DPP-2017-AUG,West,GIA,NRIS,0.0,0.0,0.0,0.0,
J799,,,Washtenaw County,MI,Milan - Pioneer 120kV Line Tap,ITC MIDWEST,Solar,189.0,189.0,189.0,2017-06-16T04:00:00+00:00,Done,2021-11-11T05:00:00+00:00,,,,Photovoltaic,Under Construction,2020-05-13T04:00:00+00:00,2019-09-01T04:00:00+00:00,2020-01-06T05:00:00+00:00,DPP-2017-AUG,East (ITC),GIA,NRIS,189.0,189.0,189.0,189.0,
J801,,,Pierce County,WI,Crystal Cave-Rock Elm 161kV line tap,DAIRYLAND POWER COOPERATIVE,Solar,74.0,74.0,74.0,2017-06-16T04:00:00+00:00,Withdrawn,2023-11-10T05:00:00+00:00,2024-07-22T04:00:00+00:00,,,Photovoltaic,Withdrawn,2021-05-19T04:00:00+00:00,2020-09-01T04:00:00+00:00,2021-05-19T04:00:00+00:00,DPP-2017-AUG,West,GIA,ERIS,74.0,74.0,74.0,0.0,
J740,,,"Jasper County,Pulaski County",IN,Reynold 345kV substation,NORTHERN INDIANA PUBLIC SERVICE COMPANY LLC,Wind,200.0,200.0,200.0,2016-11-11T05:00:00+00:00,Withdrawn,2020-10-15T04:00:00+00:00,2020-08-10T04:00:00+00:00,,,Wind Turbine,Withdrawn,2019-03-15T04:00:00+00:00,2020-09-23T04:00:00+00:00,2018-11-13T05:00:00+00:00,DPP-2017-FEB,Central,GIA,NRIS,200.0,200.0,200.0,200.0,
J741,,,"Emmons County,Logan County",ND,Wishek - Linton 115kV,MONTANA-DAKOTA UTILITIES CO.,Wind,51.0,51.0,51.0,2016-11-14T05:00:00+00:00,Withdrawn,,2019-08-09T04:00:00+00:00,,,Wind Turbine,Not Started,,2019-09-01T04:00:00+00:00,,DPP-2017-FEB,West,GIA,NRIS,50.4,50.4,0.0,0.0,
J804,,,Decatur County,IN,Decatur 138kV Substation,"HOOSIER ENERGY REC, INC",Solar,119.0,119.0,119.0,2017-06-16T04:00:00+00:00,Withdrawn,,2018-04-16T04:00:00+00:00,,,Photovoltaic,Not Started,,2019-09-01T04:00:00+00:00,,DPP-2017-AUG,Central,GIA,NRIS,0.0,0.0,0.0,0.0,
J856,,,Vanderburgh County,IN,Scott (TWP 138/69) 138 kV Substation,"Southern Indiana Gas & Electric Company d/b/a Vectren Energy Delivery of Indiana, Inc.",Solar,80.0,80.0,80.0,2017-06-16T04:00:00+00:00,Withdrawn,2021-03-15T04:00:00+00:00,2023-03-07T05:00:00+00:00,,,Photovoltaic,Withdrawn,2019-11-15T05:00:00+00:00,2021-04-01T04:00:00+00:00,2019-07-22T04:00:00+00:00,DPP-2017-AUG,Central,GIA,NRIS,80.0,80.0,80.0,80.0,
J795,,,Gallatin County,IL,Gallatin Junction 161 kV Substation,Southern Illinois Power Cooperative,Solar,69.0,69.0,69.0,2017-06-16T04:00:00+00:00,Withdrawn,,2019-01-08T05:00:00+00:00,,,Photovoltaic,Not Started,,2019-09-01T04:00:00+00:00,,DPP-2017-AUG,Central,GIA,NRIS,0.0,0.0,0.0,0.0,
J797,,,Washington County,IL,Ashley 138 kV Substation,AMEREN ILLINOIS,Solar,70.0,70.0,70.0,2017-06-16T04:00:00+00:00,Withdrawn,,2018-05-30T04:00:00+00:00,,,Photovoltaic,Not Started,,2019-09-01T04:00:00+00:00,,DPP-2017-AUG,Central,GIA,NRIS,0.0,0.0,0.0,0.0,
J800,,,White County,IL,Crossville West Substation 138kV Bus - Albion South - Norris City 138 kV Line,AMEREN ILLINOIS,Solar,250.0,250.0,250.0,2017-06-16T04:00:00+00:00,Done,2022-10-01T04:00:00+00:00,,,,Photovoltaic,Under Construction,2020-04-22T04:00:00+00:00,2020-09-30T04:00:00+00:00,2019-11-14T05:00:00+00:00,DPP-2017-AUG,Central,GIA,NRIS,250.0,250.0,250.0,250.0,
J802,,,Vermillion County,IN,Cayuga 345 kV Substation,Duke Energy Corporation,Combined Cycle,1244.0,1244.0,1244.0,2017-06-16T04:00:00+00:00,Withdrawn,,2018-05-22T04:00:00+00:00,,,Combined Cycle,Not Started,,2020-09-01T04:00:00+00:00,,DPP-2017-AUG,Central,GIA,NRIS,0.0,0.0,0.0,0.0,
J803,,,Lyon County,MN,Tracy 69 kV line,NORTHERN STATES POWER COMPANY,Solar,32.5,32.5,32.5,2017-06-16T04:00:00+00:00,Withdrawn,2023-11-01T04:00:00+00:00,2023-04-25T04:00:00+00:00,,,Photovoltaic,Withdrawn,2021-05-19T04:00:00+00:00,2019-10-01T04:00:00+00:00,2021-05-19T04:00:00+00:00,DPP-2017-AUG,West,GIA,ERIS,32.5,0.0,32.5,0.0,
J887,,,Knox County,IL,G545 138kV Substation,AMEREN ILLINOIS,Wind,75.0,75.0,75.0,2017-06-16T04:00:00+00:00,Withdrawn,2019-09-15T04:00:00+00:00,2019-01-08T05:00:00+00:00,,,Wind Turbine,Not Started,,2020-09-30T04:00:00+00:00,,DPP-2017-AUG,Central,GIA,NRIS,0.0,0.0,0.0,0.0,
J857,,,Calhoun County,MI,Verona - Foundry 138 kV Line Tap,METC,Solar,124.95,124.95,124.95,2017-06-16T04:00:00+00:00,Done,2022-02-07T05:00:00+00:00,,,,Photovoltaic,Under Construction,2020-06-10T04:00:00+00:00,2019-09-01T04:00:00+00:00,2020-01-06T05:00:00+00:00,DPP-2017-AUG,East (ITC),GIA,NRIS,124.95,124.95,124.95,124.95,
J860,,,Jefferson Davis Parish,LA,New Jefferson Davis 138 kV Substation,Entergy,Wind,200.0,200.0,200.0,2017-06-16T04:00:00+00:00,Withdrawn,,2019-01-07T05:00:00+00:00,,,Wind Turbine,Not Started,,2020-03-30T04:00:00+00:00,,DPP-2017-AUG,South,GIA,NRIS,0.0,0.0,0.0,0.0,
J886,,,Manitowoc County,WI,Kewaunee 138 kV Substation,American Transmission Co. LLC,Solar,150.0,150.0,150.0,2017-06-16T04:00:00+00:00,Done,2020-08-01T04:00:00+00:00,,,,Photovoltaic,In Service,2019-11-25T05:00:00+00:00,2020-09-15T04:00:00+00:00,2019-07-31T04:00:00+00:00,DPP-2017-AUG,East (ATC),GIA,NRIS,150.0,150.0,150.0,150.0,
J859,,,Cass County,IL,Frederick North - Meredosia East 138kV Line,AMEREN ILLINOIS,Solar,149.94,149.94,149.94,2017-06-16T04:00:00+00:00,Done,2022-05-31T04:00:00+00:00,,,,Photovoltaic,Under Construction,2020-01-23T05:00:00+00:00,2019-09-01T04:00:00+00:00,2019-07-22T04:00:00+00:00,DPP-2017-AUG,Central,GIA,NRIS,149.94,149.94,149.94,149.94,
J861,,,Marquette County,MI,Dead River - Arnold 345 kV Line,American Transmission Co. LLC,Solar,99.96,99.96,99.96,2017-06-16T04:00:00+00:00,Withdrawn,,2018-05-22T04:00:00+00:00,,,Photovoltaic,Not Started,,2020-09-01T04:00:00+00:00,,DPP-2017-AUG,East (ITC),GIA,NRIS,0.0,0.0,0.0,0.0,
J862,,,Orleans Parish,LA,NASA-Michoud 115 kV Line,Entergy,Solar,20.0,20.0,20.0,2017-06-16T04:00:00+00:00,Withdrawn,,2019-03-25T04:00:00+00:00,,,Photovoltaic,Not Started,,2019-05-31T04:00:00+00:00,,DPP-2017-AUG,South,GIA,NRIS,20.0,20.0,0.0,0.0,
J890,,,Presque Isle County,MI,Port Calcite - Riggsville 138kV Line,METC,Wind,100.0,100.0,100.0,2017-06-16T04:00:00+00:00,Withdrawn,,2019-01-09T05:00:00+00:00,,,Wind Turbine,Not Started,,2020-09-15T04:00:00+00:00,,DPP-2017-AUG,East (ITC),GIA,NRIS,0.0,0.0,0.0,0.0,
J893,,,White County,AR,Searcy Price Sub 161kV,Entergy,Solar,100.0,100.0,100.0,2017-06-16T04:00:00+00:00,Done,2021-08-01T04:00:00+00:00,,,,Photovoltaic,In Service,2019-11-20T05:00:00+00:00,2021-08-01T04:00:00+00:00,2019-06-03T04:00:00+00:00,DPP-2017-AUG,South,GIA,NRIS,100.0,100.0,100.0,100.0,
J888,,,George County,MS,Benndale 69kV Substation,COOPERATIVE ENERGY,Gas,25.0,25.0,25.0,2017-06-16T04:00:00+00:00,Done,2019-07-22T04:00:00+00:00,,,,Combustion Turbine (Simple Cycle),In Service,2019-08-19T04:00:00+00:00,2019-01-01T05:00:00+00:00,2019-06-06T04:00:00+00:00,DPP-2017-AUG,South,GIA,NRIS,25.0,25.0,25.0,25.0,
J863,,,Dakota County,MN,Rosemount  - Nininger 115kV Line,NORTHERN STATES POWER COMPANY,Gas,220.0,220.0,220.0,2017-06-16T04:00:00+00:00,Withdrawn,,2018-12-18T05:00:00+00:00,,,Combustion Turbine (Simple Cycle),Not Started,,2021-01-01T05:00:00+00:00,,DPP-2017-AUG,West,GIA,NRIS,0.0,0.0,0.0,0.0,
J864,,,Richland County,WI,Lone Rock 69kV Substation,American Transmission Co. LLC,Solar,49.98,49.98,49.98,2017-06-16T04:00:00+00:00,Done,2022-09-01T04:00:00+00:00,,,,Photovoltaic,In Service,2020-04-27T04:00:00+00:00,2021-09-01T04:00:00+00:00,2019-11-14T05:00:00+00:00,DPP-2017-AUG,East (ATC),GIA,NRIS,49.98,49.98,49.98,49.98,
J965,,,Cottonwood County,MN,Lakefield Generation SW 345kV Substation,Xcel Energy,Wind,150.0,150.0,150.0,2018-03-12T04:00:00+00:00,Withdrawn,,2018-11-19T05:00:00+00:00,,,Wind Turbine,Not Started,,2020-09-01T04:00:00+00:00,,DPP-2018-APR,West,GIA,NRIS,0.0,0.0,0.0,0.0,
J865,,,St. Clair County,MI,Lee - Menlo 120kV Line,ITC MIDWEST,Solar,79.97,79.97,79.97,2017-06-16T04:00:00+00:00,Withdrawn,,2019-01-09T05:00:00+00:00,,,Photovoltaic,Not Started,,2020-09-01T04:00:00+00:00,,DPP-2017-AUG,East (ITC),GIA,NRIS,0.0,0.0,0.0,0.0,
J964,,,Hinds County,MS,Edwards - Bolton 115kV Line Tap,"ENTERGY MISSISSIPPI, LLC",Solar,70.0,70.0,70.0,2018-03-12T04:00:00+00:00,Withdrawn,,2019-08-29T04:00:00+00:00,,,Photovoltaic,Not Started,,2020-10-02T04:00:00+00:00,,DPP-2018-APR,South,GIA,NRIS,0.0,0.0,0.0,0.0,
J894,,,Woodruff County,AR,McCrory - Moses 161kV Substation,Entergy,Solar,45.0,45.0,45.0,2017-06-16T04:00:00+00:00,Withdrawn,,2019-01-07T05:00:00+00:00,,,Photovoltaic,Not Started,,2020-04-01T04:00:00+00:00,,DPP-2017-AUG,South,GIA,ERIS,0.0,0.0,0.0,0.0,
J895,,,Lonoke County,AR,Carlisle - Lonoke East 115kV Line Tap,Entergy,Solar,33.0,33.0,33.0,2017-06-16T04:00:00+00:00,Withdrawn,,2019-01-07T05:00:00+00:00,,,Photovoltaic,Not Started,,2020-04-01T04:00:00+00:00,,DPP-2017-AUG,South,GIA,ERIS,0.0,0.0,0.0,0.0,
J798,,,Walworth County,WI,University - Mukwanago UNIG52 Line Tap,American Transmission Co. LLC,Solar,124.0,124.0,124.0,2017-06-16T04:00:00+00:00,Withdrawn,,2019-01-08T05:00:00+00:00,,,Photovoltaic,Not Started,,2019-09-01T04:00:00+00:00,,DPP-2017-AUG,East (ATC),GIA,NRIS,0.0,0.0,0.0,0.0,
J858,,,Bradley County,AR,Hilo 115 kV Switch,Entergy,Solar,140.0,140.0,140.0,2017-06-16T04:00:00+00:00,Withdrawn,,2017-09-01T04:00:00+00:00,,,Photovoltaic,Not Started,,2019-09-29T04:00:00+00:00,,DPP-2017-AUG,South,GIA,NRIS,0.0,0.0,0.0,0.0,
J961,,,West Baton Rouge Parish,LA,Livonia - Wilbert 138 kV Line Tap,"ENTERGY LOUISIANA, LLC",Solar,150.0,150.0,150.0,2018-03-12T04:00:00+00:00,Withdrawn,,2019-08-29T04:00:00+00:00,,,Photovoltaic,Not Started,,2021-01-31T05:00:00+00:00,,DPP-2018-APR,South,GIA,NRIS,0.0,0.0,0.0,0.0,
J963,,,Cedar County,IA,Bennett (CIPCO) - Graham 69 Kv Line Tap,ITC MIDWEST,Diesel,9.0,9.0,9.0,2018-03-12T04:00:00+00:00,Done,2017-01-01T05:00:00+00:00,,,,"Piston (Engine), Internal Combustion (Diesel)",Not Started,2021-06-15T04:00:00+00:00,2017-01-01T05:00:00+00:00,2021-06-16T04:00:00+00:00,DPP-2018-APR,West,GIA,NRIS,9.0,9.0,9.0,9.0,
J889,,,Nelson County,ND,Ramsey - Prairie 230KV Line Tap,GREAT RIVER ENERGY,Wind,150.0,150.0,150.0,2017-06-16T04:00:00+00:00,Withdrawn,,2019-10-24T04:00:00+00:00,,,Wind Turbine,Not Started,,2020-09-15T04:00:00+00:00,,DPP-2017-AUG,West,GIA,NRIS,0.0,0.0,0.0,0.0,
J891,,,Pipestone County,MN,Buffalo Ridge - Pipestone 115kV Line Tap,NORTHERN STATES POWER COMPANY,Wind,300.0,300.0,300.0,2017-06-16T04:00:00+00:00,Withdrawn,,2019-07-23T04:00:00+00:00,,,Wind Turbine,Not Started,,2020-09-15T04:00:00+00:00,,DPP-2017-AUG,West,GIA,NRIS,0.0,0.0,0.0,0.0,
J892,,,Walworth County,WI,Bluff Creek (Tap) to Sugar Creek 138 kV line tap,American Transmission Co. LLC,Solar,74.97,74.97,74.97,2017-06-16T04:00:00+00:00,Withdrawn,,2018-03-12T04:00:00+00:00,,,Photovoltaic,Not Started,,2019-09-01T04:00:00+00:00,,DPP-2017-AUG,East (ATC),GIA,NRIS,0.0,0.0,0.0,0.0,
J962,,,DeSoto County,MS,Twinkletown 230 kV Substation,"ENTERGY MISSISSIPPI, LLC",Solar,100.0,100.0,100.0,2018-03-12T04:00:00+00:00,Done,2022-06-30T04:00:00+00:00,,,,Photovoltaic,Under Construction,2020-08-12T04:00:00+00:00,2021-01-31T05:00:00+00:00,2020-03-30T04:00:00+00:00,DPP-2018-APR,South,GIA,ERIS,100.0,0.0,100.0,0.0,
J1415,,,Lonoke County,AR,KEO EHV 500 kV Substation,"ENTERGY ARKANSAS, LLC",Solar,250.0,250.0,250.0,2019-04-29T04:00:00+00:00,Done,2024-10-15T04:00:00+00:00,,,,Photovoltaic,Not Started,2021-11-29T05:00:00+00:00,2023-10-30T04:00:00+00:00,2021-11-30T05:00:00+00:00,DPP-2019,South,GIA,NRIS,250.0,250.0,250.0,250.0,
J811,,,Fayette County,IL,Ramsey East 138kV Substation,AMEREN ILLINOIS,Solar,99.0,99.0,99.0,2017-06-16T04:00:00+00:00,Done,2021-05-28T04:00:00+00:00,,,,Photovoltaic,In Service,2020-03-25T04:00:00+00:00,2019-09-01T04:00:00+00:00,2019-07-15T04:00:00+00:00,DPP-2017-AUG,Central,GIA,NRIS,99.0,99.0,99.0,99.0,
J967,,,Mower County,MN,Adams 345kV Substation,NORTHERN STATES POWER COMPANY,Wind,150.0,150.0,150.0,2018-03-12T04:00:00+00:00,Done,2023-08-01T04:00:00+00:00,,,,Wind Turbine,Under Construction,2021-06-15T04:00:00+00:00,2020-09-01T04:00:00+00:00,2021-06-15T04:00:00+00:00,DPP-2018-APR,West,GIA,NRIS,150.0,150.0,150.0,0.0,
J969,,,Tuscola County,MI,Kirk 345kV Substation,ITC MIDWEST,Solar,100.0,100.0,100.0,2018-03-12T04:00:00+00:00,Withdrawn,,2018-11-01T04:00:00+00:00,,,Photovoltaic,Not Started,,2020-12-01T05:00:00+00:00,,DPP-2018-APR,East (ITC),GIA,NRIS,0.0,0.0,0.0,0.0,
J968,,,"Jasper County,White County",IN,Reynolds 345kV Substation,NORTHERN INDIANA PUBLIC SERVICE COMPANY LLC,Wind,200.0,200.0,200.0,2018-03-12T04:00:00+00:00,Done,2023-04-20T04:00:00+00:00,,,,Wind Turbine,In Service,2021-10-12T04:00:00+00:00,2022-09-01T04:00:00+00:00,2021-10-13T04:00:00+00:00,DPP-2018-APR,Central,GIA,NRIS,200.0,200.0,200.0,200.0,
J1690,,,Henry,IN,Lewisville 138kV,"DUKE ENERGY INDIANA, LLC CIN",Solar,125.0,125.0,125.0,2020-06-24T04:00:00+00:00,Withdrawn,,2021-03-15T04:00:00+00:00,,,Photovoltaic,Not Started,,2023-09-15T04:00:00+00:00,,DPP-2020,Central,GIA,NRIS,0.0,0.0,0.0,0.0,
J1332,,,Jasper County,IN,Rollin Schahfer - Lake George 345kV Line,NORTHERN INDIANA PUBLIC SERVICE COMPANY LLC NIP,Solar,200.0,200.0,200.0,2019-04-29T04:00:00+00:00,Withdrawn,2025-04-20T04:00:00+00:00,2024-03-08T05:00:00+00:00,,,Photovoltaic,Withdrawn,,2022-04-20T04:00:00+00:00,2023-01-30T05:00:00+00:00,DPP-2019,Central,GIA,NRIS,200.0,200.0,194.0,194.0,
J1688,,,Champaign,IL,Rising 345kV,AMEREN ILLINOIS,Solar,200.0,200.0,200.0,2020-06-23T04:00:00+00:00,Withdrawn,,2020-10-02T04:00:00+00:00,,,Photovoltaic,Not Started,,2023-09-15T04:00:00+00:00,,DPP-2020,Central,GIA,NRIS,0.0,0.0,0.0,0.0,
J1693,,,Chippewa,MN,Maynard XMSN 115kV Substation,NORTHERN STATES POWER COMPANY,Battery Storage,50.0,50.0,50.0,2020-06-24T04:00:00+00:00,Withdrawn,,2020-11-19T05:00:00+00:00,,,Battery Storage,Not Started,,2023-09-01T04:00:00+00:00,,DPP-2020,West,GIA,NRIS,0.0,0.0,0.0,0.0,
J1698,,,St. Tammany,LA,Talisheek - North Slidell 230kV Line,"ENTERGY LOUISIANA, LLC ELTO",Hybrid,150.0,150.0,150.0,2020-06-25T04:00:00+00:00,Withdrawn,,2020-12-21T05:00:00+00:00,,,Solar/Battery,Not Started,,2023-08-02T04:00:00+00:00,,DPP-2020,South,GIA,NRIS,0.0,0.0,0.0,0.0,
J1689,,,Henry,IN,Cadiz 138kV,"DUKE ENERGY INDIANA, LLC CIN",Solar,150.0,150.0,150.0,2020-06-24T04:00:00+00:00,Withdrawn,,2020-12-18T05:00:00+00:00,,,Photovoltaic,Not Started,,2023-09-15T04:00:00+00:00,,DPP-2020,Central,GIA,NRIS,0.0,0.0,0.0,0.0,
J1694,,,Lawrence,IN,Lost River 345kV,"DUKE ENERGY INDIANA, LLC CIN",Solar,100.0,100.0,100.0,2020-06-23T04:00:00+00:00,Withdrawn,,2020-12-18T05:00:00+00:00,,,Photovoltaic,Not Started,,2024-06-01T04:00:00+00:00,,DPP-2020,Central,GIA,NRIS,0.0,0.0,0.0,0.0,
J1699,,,Shelby,IN,HE Lewis Creek 69 kV,HOOSIER ENERGY,Solar,43.0,43.0,43.0,2020-06-25T04:00:00+00:00,Withdrawn,,2023-07-17T04:00:00+00:00,,,Photovoltaic,Not Started,,2024-10-01T04:00:00+00:00,,DPP-2020,Central,GIA,NRIS,0.0,0.0,0.0,0.0,
J1701,,,McDonough,IL,Macomb to Ipava 138kV line,AMEREN ILLINOIS,Wind,200.0,200.0,200.0,2021-12-03T05:00:00+00:00,Done,2026-09-15T04:00:00+00:00,,,,Wind Turbine,Not Started,,2023-09-15T04:00:00+00:00,,DPP-2020,Central,GIA,NRIS,200.0,200.0,200.0,191.0,
J1696,,,Henderson,KY,Reid EHV 161kV,BIG RIVERS ELECTRIC CORPORATION BREC,Solar,150.0,150.0,150.0,2020-06-11T04:00:00+00:00,Done,2026-06-12T04:00:00+00:00,,,,Photovoltaic,Not Started,,2023-10-01T04:00:00+00:00,,DPP-2020,Central,GIA,NRIS,150.0,150.0,150.0,150.0,
J1702,,,Shelby,IL,Faraday 345 kV,AMEREN TRANSMISSION COMPANY OF ILLINOIS,Wind,300.0,300.0,300.0,2020-06-24T04:00:00+00:00,Withdrawn,,2020-12-14T05:00:00+00:00,,,Wind Turbine,Not Started,,2023-04-20T04:00:00+00:00,,DPP-2020,Central,GIA,NRIS,0.0,0.0,0.0,0.0,
J1705,,,Columbia,WI,South Fond du Lac (Endpoint A) to Columbia (Endpoint B)  345 kV,AMERICAN TRANSMISSION COMPANY,Solar,200.0,200.0,200.0,2020-06-25T04:00:00+00:00,Withdrawn,,2021-02-23T05:00:00+00:00,,,Photovoltaic,Not Started,,2024-02-20T05:00:00+00:00,,DPP-2020,East (ATC),GIA,NRIS,0.0,0.0,0.0,0.0,
J1706,,,Green,WI,North Monroe 138 kV,AMERICAN TRANSMISSION COMPANY,Solar,100.0,100.0,100.0,2020-06-23T04:00:00+00:00,Done,2028-06-01T04:00:00+00:00,,,,Photovoltaic,Not Started,,2025-06-01T04:00:00+00:00,,DPP-2020,East (ATC),GIA,NRIS,100.0,100.0,100.0,100.0,
J1708,,,Grant,WI,J947 Interconnection Substation,AMERICAN TRANSMISSION COMPANY,Solar,75.0,75.0,75.0,2020-06-23T04:00:00+00:00,Withdrawn,,2023-06-22T04:00:00+00:00,,,Photovoltaic,Not Started,,2025-06-01T04:00:00+00:00,,DPP-2020,East (ATC),GIA,NRIS,75.0,75.0,75.0,75.0,
J1709,,,Grimes,TX,138 kV Grimes,"ENTERGY TEXAS, INC. ETTO",Battery Storage,100.0,100.0,100.0,2022-01-21T05:00:00+00:00,Withdrawn,2025-02-01T05:00:00+00:00,2024-10-15T04:00:00+00:00,,,Battery Storage,Withdrawn,2023-01-18T05:00:00+00:00,2022-02-01T05:00:00+00:00,2023-01-18T05:00:00+00:00,DPP-2020,South,GIA,ERIS,100.0,0.0,100.0,0.0,
J1692,,,Cass,IN,Walton 345 kV  Substation,"DUKE ENERGY INDIANA, LLC CIN",Battery Storage,65.0,65.0,65.0,2020-06-24T04:00:00+00:00,Withdrawn,,2020-12-03T05:00:00+00:00,,,Battery Storage,Not Started,,2023-06-01T04:00:00+00:00,,DPP-2020,Central,GIA,NRIS,0.0,0.0,0.0,0.0,
J1695,,,Perry,IL,Aster 138kV Substation (Rebuild of North Coulterville 138kV),AMEREN ILLINOIS,Battery Storage,50.0,50.0,50.0,2023-12-12T05:00:00+00:00,Withdrawn,,2024-09-03T04:00:00+00:00,,,Battery Storage,Not Started,,2023-09-01T04:00:00+00:00,,DPP-2020,Central,GIA,NRIS,50.0,50.0,0.0,0.0,
J1704,,,Shelby,IN,Gwynneville 345kV Substation,"DUKE ENERGY INDIANA, LLC CIN",Battery Storage,50.0,50.0,50.0,2020-06-25T04:00:00+00:00,Withdrawn,,2023-11-28T05:00:00+00:00,,,Battery Storage,Not Started,,2023-09-01T04:00:00+00:00,,DPP-2020,Central,GIA,NRIS,0.0,0.0,50.0,50.0,
J1707,,,Dubois,IN,DUFF 345KV,SOUTHERN INDIANA GAS & ELECTRIC COMPANY D/B/A CENTERPOINT ENERGY INDIANA SOUTH,Solar,72.0,72.0,72.0,2021-10-22T04:00:00+00:00,Withdrawn,,2023-07-17T04:00:00+00:00,,,Photovoltaic,Not Started,,2023-04-20T04:00:00+00:00,,DPP-2020,Central,GIA,NRIS,0.0,0.0,0.0,0.0,
J1714,,,Fayette,IL,Ramsey East 138kV Substation,AMEREN ILLINOIS,Solar,100.0,100.0,100.0,2020-06-25T04:00:00+00:00,Done,2026-12-01T05:00:00+00:00,,,,Photovoltaic,Not Started,,2023-09-01T04:00:00+00:00,,DPP-2020,Central,GIA,NRIS,100.0,100.0,100.0,100.0,
J1715,,,Decatur,IN,HE Westport 138kV,HOOSIER ENERGY,Solar,145.0,145.0,145.0,2020-06-24T04:00:00+00:00,Withdrawn,,2020-12-18T05:00:00+00:00,,,Photovoltaic,Not Started,,2023-09-15T04:00:00+00:00,,DPP-2020,Central,GIA,NRIS,0.0,0.0,0.0,0.0,
J1697,,,Lawrence,IN,Shawswick to Pleasant Grove 138 kV,"DUKE ENERGY INDIANA, LLC CIN",Solar,200.0,200.0,200.0,2020-06-18T04:00:00+00:00,Withdrawn,,2024-09-03T04:00:00+00:00,,,Photovoltaic,Not Started,,2023-04-01T04:00:00+00:00,,DPP-2020,Central,GIA,NRIS,200.0,200.0,0.0,0.0,
J1703,,,Webster,KY,Reid to Hopkins County 161kV,BIG RIVERS ELECTRIC CORPORATION BREC,Solar,74.0,74.0,74.0,2022-02-11T05:00:00+00:00,Withdrawn,,2023-07-17T04:00:00+00:00,,,Photovoltaic,Not Started,,2023-09-01T04:00:00+00:00,,DPP-2020,Central,GIA,NRIS,0.0,0.0,0.0,0.0,
J1716,,,Fond du Lac,WI,South Fond du Lac - Fitzgerald 345.0kV,AMERICAN TRANSMISSION COMPANY,Solar,100.0,100.0,100.0,2020-06-24T04:00:00+00:00,Withdrawn,2025-08-01T04:00:00+00:00,2024-10-21T04:00:00+00:00,,,Photovoltaic,Withdrawn,,2022-08-01T04:00:00+00:00,,DPP-2020,East (ATC),GIA,NRIS,100.0,0.0,100.0,0.0,
J1718,,,Vermilion,IL,Bunsonville 345kV,AMEREN ILLINOIS,Wind,200.0,200.0,200.0,2020-06-24T04:00:00+00:00,Withdrawn,,2020-09-18T04:00:00+00:00,,,Wind Turbine,Not Started,,2023-09-15T04:00:00+00:00,,DPP-2020,Central,GIA,NRIS,0.0,0.0,0.0,0.0,
J966,,,"Putnam County,Sullivan County",MO,Zachary 345kV Substation,AMEREN TRANSMISSION COMPANY OF ILLINOIS,Wind,400.0,400.0,400.0,2018-03-12T04:00:00+00:00,Withdrawn,,2020-03-25T04:00:00+00:00,,,Wind Turbine,Not Started,,2020-12-01T05:00:00+00:00,,DPP-2018-APR,West,GIA,NRIS,0.0,0.0,0.0,0.0,
J970,,,Oscoda County,MI,Mio Dam - Gaylord 138 kV Line Tap,METC,Solar,50.0,50.0,50.0,2018-03-12T04:00:00+00:00,Withdrawn,,2018-10-17T04:00:00+00:00,,,Photovoltaic,Not Started,,2020-01-01T05:00:00+00:00,,DPP-2018-APR,East (ITC),GIA,NRIS,0.0,0.0,0.0,0.0,
J1722,,,Lonoke,AR,Galloway - Remigton 115kV  Transmission Line,"ENTERGY ARKANSAS, LLC EATO",Solar,100.0,100.0,100.0,2020-06-22T04:00:00+00:00,Withdrawn,,2021-12-08T05:00:00+00:00,,,Photovoltaic,Not Started,,2024-02-09T05:00:00+00:00,,DPP-2020,South,GIA,NRIS,0.0,0.0,0.0,0.0,
J1723,,,Cross,AR,Wynne East to Wynne South 161kV line (J1125 sub),"ENTERGY ARKANSAS, LLC EATO",Battery Storage,10.0,10.0,10.0,2021-11-02T04:00:00+00:00,Withdrawn,,2022-08-05T04:00:00+00:00,,,Battery Storage,Not Started,,2023-04-01T04:00:00+00:00,,DPP-2020,South,GIA,NRIS,10.0,10.0,10.0,10.0,
J1691,,,Sullivan,IN,Gibson Sta - Merom (HED) 345.0kV,"DUKE ENERGY INDIANA, LLC CIN",Solar,200.0,200.0,200.0,2020-06-24T04:00:00+00:00,Done,2026-06-01T04:00:00+00:00,,,,Photovoltaic,Not Started,,2023-06-01T04:00:00+00:00,,DPP-2020,Central,GIA,NRIS,200.0,200.0,200.0,0.0,
J1700,,,Johnson,IN,FRANKLIN 230KV,"DUKE ENERGY INDIANA, LLC CIN",Solar,288.0,288.0,288.0,2020-06-25T04:00:00+00:00,Withdrawn,,2020-10-22T04:00:00+00:00,,,Photovoltaic,Not Started,,2023-04-30T04:00:00+00:00,,DPP-2020,Central,GIA,NRIS,0.0,0.0,0.0,0.0,
J1710,,,Lee,AR,KEO EHV,"ENTERGY ARKANSAS, LLC EATO",Solar,300.0,300.0,300.0,2020-06-25T04:00:00+00:00,Done,2026-09-13T04:00:00+00:00,,,,Photovoltaic,Not Started,,2023-09-13T04:00:00+00:00,,DPP-2020,South,GIA,NRIS,300.0,300.0,300.0,300.0,
J1717,,,Decatur,IN,Greensburg 138kV,"DUKE ENERGY INDIANA, LLC CIN",Solar,150.0,150.0,150.0,2020-06-24T04:00:00+00:00,Withdrawn,,2020-12-18T05:00:00+00:00,,,Photovoltaic,Not Started,,2023-09-15T04:00:00+00:00,,DPP-2020,Central,GIA,NRIS,0.0,0.0,0.0,0.0,
J1719,,,Waushara,WI,Sand Lake 138kV Substation,AMERICAN TRANSMISSION COMPANY,Solar,100.0,100.0,100.0,2020-06-24T04:00:00+00:00,Withdrawn,,2021-12-08T05:00:00+00:00,,,Photovoltaic,Not Started,,2023-09-01T04:00:00+00:00,,DPP-2020,East (ATC),GIA,NRIS,0.0,0.0,0.0,0.0,
J1720,,,Columbia,WI,Fountain Prairie -North Randolph   138kV Transmission Line,AMERICAN TRANSMISSION COMPANY,Solar,99.0,99.0,99.0,2020-06-22T04:00:00+00:00,Withdrawn,,2021-12-08T05:00:00+00:00,,,Photovoltaic,Not Started,,2024-05-20T04:00:00+00:00,,DPP-2020,East (ATC),GIA,NRIS,0.0,0.0,0.0,0.0,
J1725,,,Tazewell,IL,San Jose Rail Splitter 138KV (G515),AMEREN ILLINOIS,Wind,100.0,100.0,100.0,2020-06-23T04:00:00+00:00,Done,2027-06-01T04:00:00+00:00,,,,Wind Turbine,Not Started,,2024-09-01T04:00:00+00:00,,DPP-2020,Central,GIA,NRIS,100.0,100.0,100.0,14.0,
J1590,,,Plymouth,IA,REMSEN TOWNSHIP,MIDAMERICAN ENERGY CO. MEC,Wind,200.0,200.0,200.0,2024-06-05T04:00:00+00:00,Done,2026-09-15T04:00:00+00:00,,,,Wind Turbine,Not Started,,2024-10-30T04:00:00+00:00,,DPP-2020,West,GIA,NRIS,200.0,40.0,200.0,40.0,
J1711,,,Green,WI,North Monroe 138kV Substation,AMERICAN TRANSMISSION COMPANY,Solar,100.0,100.0,100.0,2020-06-24T04:00:00+00:00,Withdrawn,,2020-11-30T05:00:00+00:00,,,Photovoltaic,Not Started,,2023-09-01T04:00:00+00:00,,DPP-2020,East (ATC),GIA,NRIS,0.0,0.0,0.0,0.0,
J1712,,,Perry,IL,North Coulterville - COMM 345kV,AMEREN ILLINOIS,Solar,300.0,300.0,300.0,2020-06-23T04:00:00+00:00,Done,2025-12-15T05:00:00+00:00,,,,Photovoltaic,Not Started,,2022-12-15T05:00:00+00:00,,DPP-2020,Central,GIA,NRIS,300.0,300.0,300.0,300.0,
J1713,,,Macon,IL,Faraday (138 kV),AMEREN TRANSMISSION COMPANY OF ILLINOIS,Wind,147.2,147.2,147.2,2020-06-24T04:00:00+00:00,Withdrawn,,2024-09-03T04:00:00+00:00,,,Wind Turbine,Not Started,,2022-08-01T04:00:00+00:00,,DPP-2020,Central,GIA,NRIS,147.19,147.19,0.0,0.0,
J1724,,,LaPorte,IN,LNG - STILLWELL 138kV line,NORTHERN INDIANA PUBLIC SERVICE COMPANY LLC NIPS,Solar,150.0,150.0,150.0,2021-12-03T05:00:00+00:00,Done,,,,,Photovoltaic,Not Started,,2023-09-15T04:00:00+00:00,,DPP-2020,Central,GIA,NRIS,150.0,150.0,150.0,150.0,
J1721,,,Vigo,IN,TH Pfizer Jct. - Worthington (HED),"DUKE ENERGY INDIANA, LLC CIN",Solar,175.12,175.12,175.12,2020-06-24T04:00:00+00:00,Withdrawn,2026-06-01T04:00:00+00:00,2025-11-26T05:00:00+00:00,,,Photovoltaic,Withdrawn,,2023-06-01T04:00:00+00:00,,DPP-2020,Central,GIA,NRIS,175.12,175.12,175.12,175.12,
J1589,,,Clinton,MI,Hubbardston - Tech Drive 138kV,METC,Solar,150.0,150.0,150.0,2020-06-23T04:00:00+00:00,Withdrawn,,2022-01-04T05:00:00+00:00,,,Photovoltaic,Not Started,,2022-12-15T05:00:00+00:00,,DPP-2020,East (ITC),GIA,NRIS,0.0,0.0,0.0,0.0,
J1726,,,Pulaski,IN,Reynolds - Burr 345kV,NORTHERN INDIANA PUBLIC SERVICE COMPANY LLC NIPS,Solar,200.0,200.0,200.0,2020-06-15T04:00:00+00:00,Withdrawn,,2024-09-03T04:00:00+00:00,,,Photovoltaic,Not Started,,2023-10-01T04:00:00+00:00,,DPP-2020,Central,GIA,NRIS,200.0,200.0,0.0,0.0,
J1728,,,Story,IA,Story County Substation 161kV,ITC MIDWEST,Wind,39.0,39.0,39.0,2020-06-25T04:00:00+00:00,Withdrawn,,2020-10-08T04:00:00+00:00,,,Wind Turbine,Not Started,,2023-12-01T05:00:00+00:00,,DPP-2020,West,GIA,NRIS-Only,0.0,0.0,0.0,0.0,
J1592,,,Pope,AR,MORRILTON EAST - Atkins 161 kV,"ENTERGY ARKANSAS, LLC EATO",Solar,200.0,200.0,200.0,2020-06-18T04:00:00+00:00,Withdrawn,,2023-12-08T05:00:00+00:00,,,Photovoltaic,Not Started,,2023-04-01T04:00:00+00:00,,DPP-2020,South,GIA,NRIS,200.0,200.0,0.0,0.0,
J1595,,,St. Martin,LA,Kirk 138kV,"ENTERGY LOUISIANA, LLC ELTO",Solar,100.0,100.0,100.0,2020-06-19T04:00:00+00:00,Withdrawn,,2021-01-05T05:00:00+00:00,,,Photovoltaic,Not Started,,2023-08-31T04:00:00+00:00,,DPP-2020,South,GIA,NRIS,0.0,0.0,0.0,0.0,
J1591,,,Clay,IN,Staunton 138kV,"DUKE ENERGY INDIANA, LLC CIN",Solar,150.0,150.0,150.0,2020-06-22T04:00:00+00:00,Withdrawn,,2024-09-03T04:00:00+00:00,,,Photovoltaic,Not Started,,2023-09-01T04:00:00+00:00,,DPP-2020,Central,GIA,NRIS,150.0,150.0,0.0,0.0,
J1593,,,Rush,IN,Greensboro-Gwynneville 345kV,"DUKE ENERGY INDIANA, LLC CIN",Solar,200.0,200.0,200.0,2020-06-18T04:00:00+00:00,Withdrawn,,2024-09-03T04:00:00+00:00,,,Photovoltaic,Not Started,,2024-10-30T04:00:00+00:00,,DPP-2020,Central,GIA,NRIS,200.0,200.0,0.0,0.0,
J1729,,,Hancock,IA,Lime Creek 161kV,ITC MIDWEST,Wind,43.0,43.0,43.0,2020-06-24T04:00:00+00:00,Withdrawn,,2020-10-08T04:00:00+00:00,,,Wind Turbine,Not Started,,2023-12-01T05:00:00+00:00,,DPP-2020,West,GIA,NRIS-Only,0.0,0.0,0.0,0.0,
J1600,,,Meade,KY,Flaherty Tap to Custer 69kV,BIG RIVERS ELECTRIC CORPORATION BREC,Solar,40.0,40.0,40.0,2020-06-19T04:00:00+00:00,Withdrawn,,2023-07-17T04:00:00+00:00,,,Photovoltaic,Not Started,,2022-10-31T04:00:00+00:00,,DPP-2020,Central,GIA,NRIS,0.0,0.0,0.0,0.0,
J1594,,,Clark,SD,Big Stone to Ellendale 345 kV,OTTER TAIL POWER COMPANY OTP,Wind,200.0,200.0,200.0,2020-06-25T04:00:00+00:00,Withdrawn,,2021-11-17T05:00:00+00:00,,,Wind Turbine,Not Started,,2023-08-01T04:00:00+00:00,,DPP-2020,West,GIA,NRIS,0.0,0.0,0.0,0.0,
J1730,,,Dunn,WI,Eau Claire to AS King 345 kV,NORTHERN STATES POWER COMPANY,Solar,300.0,300.0,300.0,2022-03-17T04:00:00+00:00,Done,2027-06-06T04:00:00+00:00,,,,Photovoltaic,Under Construction,,2024-06-06T04:00:00+00:00,,DPP-2020,West,GIA,NRIS,300.0,300.0,300.0,300.0,
J1597,,,Wadena,MN,Wing River Substation 230kV,GREAT RIVER ENERGY,Solar,75.0,75.0,75.0,2020-06-23T04:00:00+00:00,Withdrawn,,2021-11-17T05:00:00+00:00,,,Photovoltaic,Not Started,,2023-09-01T04:00:00+00:00,,DPP-2020,West,GIA,NRIS,0.0,0.0,0.0,0.0,
J1598,,,Calcasieu,LA,Goos Ferry,"ENTERGY LOUISIANA, LLC ELTO",Solar,325.0,325.0,325.0,2023-12-11T05:00:00+00:00,Done,2026-09-01T04:00:00+00:00,,,,Photovoltaic,Not Started,2023-01-18T05:00:00+00:00,2023-09-15T04:00:00+00:00,,DPP-2020,South,GIA,NRIS,325.0,0.0,325.0,0.0,
J1601,,,Marion,IN,Merom - Gibson Station Tap 345 kV Line,"DUKE ENERGY INDIANA, LLC CIN",Battery Storage,50.0,50.0,50.0,2020-06-09T04:00:00+00:00,Withdrawn,,2021-03-15T04:00:00+00:00,,,Battery Storage,Not Started,,2023-09-01T04:00:00+00:00,,DPP-2020,Central,GIA,NRIS,0.0,0.0,0.0,0.0,
J1602,,,Ouachita,LA,Rilla 115kV substation (Same as J1239),"ENTERGY LOUISIANA, LLC ELTO",Battery Storage,25.0,25.0,25.0,2021-11-02T04:00:00+00:00,Done,2024-10-15T04:00:00+00:00,,,,Battery Storage,Not Started,2023-01-18T05:00:00+00:00,2023-04-01T04:00:00+00:00,2023-01-19T05:00:00+00:00,DPP-2020,South,GIA,NRIS,25.0,25.0,25.0,25.0,
J1727,,,Hancock,IA,Lime Creek 161kV,ITC MIDWEST,Wind,33.75,33.75,33.75,2020-06-24T04:00:00+00:00,Withdrawn,,2020-10-08T04:00:00+00:00,,,Wind Turbine,Not Started,,2023-12-01T05:00:00+00:00,,DPP-2020,West,GIA,NRIS,0.0,0.0,0.0,0.0,
J1596,,,Waushara,WI,Sand Lake 138kV,AMERICAN TRANSMISSION COMPANY,Solar,100.0,100.0,100.0,2020-06-18T04:00:00+00:00,Withdrawn,,2021-02-24T05:00:00+00:00,,,Photovoltaic,Not Started,,2023-10-15T04:00:00+00:00,,DPP-2020,East (ATC),GIA,NRIS,0.0,0.0,0.0,0.0,
J1606,,,Fountain,IN,Attica 230kV Substation,"DUKE ENERGY INDIANA, LLC CIN",Solar,200.0,200.0,200.0,2020-06-24T04:00:00+00:00,Withdrawn,,2020-12-15T05:00:00+00:00,,,Photovoltaic,Not Started,,2023-06-01T04:00:00+00:00,,DPP-2020,Central,GIA,NRIS,0.0,0.0,0.0,0.0,
J1610,,,Sangamon,IL,Auburn North to Chatham Main 138kV,CITY WATER LIGHT & POWER,Solar,100.0,100.0,100.0,2020-06-16T04:00:00+00:00,Done,2026-08-31T04:00:00+00:00,,,,Photovoltaic,Not Started,,2023-08-31T04:00:00+00:00,,DPP-2020,Central,GIA,NRIS,100.0,100.0,100.0,100.0,
J1599,,,Iberia,LA,Morbihan - Hopkins 138kV,CLECO POWER LLC CLEC,Hybrid,100.0,100.0,100.0,2020-06-23T04:00:00+00:00,Withdrawn,2025-09-01T04:00:00+00:00,2026-02-13T05:00:00+00:00,,,Solar/Battery,Withdrawn,,2023-09-01T04:00:00+00:00,2023-01-18T05:00:00+00:00,DPP-2020,South,GIA,NRIS,100.0,100.0,100.0,100.0,
J1605,,,Sherburne,MN,SHERBURNE CO,NORTHERN STATES POWER COMPANY,Solar,200.0,200.0,200.0,2020-06-23T04:00:00+00:00,Done,2026-09-01T04:00:00+00:00,,,,Photovoltaic,Not Started,,2023-09-01T04:00:00+00:00,,DPP-2020,West,GIA,NRIS,200.0,200.0,200.0,200.0,
J1607,,,Grant,AR,Hardin West SS to Sheridan 115 kV,"ENTERGY ARKANSAS, LLC EATO",Battery Storage,0.0,0.0,0.0,2020-06-25T04:00:00+00:00,Done,2025-05-01T04:00:00+00:00,,,,Battery Storage,Not Started,,2024-01-15T05:00:00+00:00,2023-08-04T04:00:00+00:00,DPP-2020,South,GIA,NRIS,0.0,0.0,0.0,0.0,
J1609,,,St. Joseph,MI,Simpson 138kV,CONSUMERS ENERGY COMPANY,Solar,125.0,125.0,125.0,2020-06-20T04:00:00+00:00,Withdrawn,,2022-01-06T05:00:00+00:00,,,Photovoltaic,Not Started,,2023-09-01T04:00:00+00:00,,DPP-2020,East (ITC),GIA,NRIS,0.0,0.0,0.0,0.0,
J1611,,,Morrison,MN,Langdon 115 kV Sub,MINNESOTA POWER INC.,Solar,174.0,174.0,174.0,2020-06-23T04:00:00+00:00,Done,2026-09-01T04:00:00+00:00,,,,Photovoltaic,Not Started,,2023-09-01T04:00:00+00:00,,DPP-2020,West,GIA,NRIS,120.0,120.0,120.0,120.0,
J1613,,,Cass,ND,Bison Substation 345 kV,NORTHERN STATES POWER COMPANY,Wind,400.0,400.0,400.0,2020-06-25T04:00:00+00:00,Withdrawn,,2021-11-17T05:00:00+00:00,,,Wind Turbine,Not Started,,2023-08-01T04:00:00+00:00,,DPP-2020,West,GIA,NRIS,0.0,0.0,0.0,0.0,
J1616,,,Knox,IN,Edwardsport,"DUKE ENERGY INDIANA, LLC CIN",Solar,200.0,200.0,200.0,2020-06-22T04:00:00+00:00,Done,2026-08-31T04:00:00+00:00,,,,Photovoltaic,Not Started,,2023-08-31T04:00:00+00:00,,DPP-2020,Central,GIA,ERIS,200.0,200.0,200.0,0.0,
J1617,,,Vermilion,IL,Bunsonville 138kV,AMEREN ILLINOIS,Solar,200.0,200.0,200.0,2020-06-23T04:00:00+00:00,Withdrawn,,2020-12-18T05:00:00+00:00,,,Photovoltaic,Not Started,,2023-09-15T04:00:00+00:00,,DPP-2020,Central,GIA,NRIS,0.0,0.0,0.0,0.0,
J1615,,,Oconto,WI,Morgan,AMERICAN TRANSMISSION COMPANY,Solar,150.0,150.0,150.0,2020-06-17T04:00:00+00:00,Done,2026-08-01T04:00:00+00:00,,,,Photovoltaic,Not Started,,2023-10-01T04:00:00+00:00,,DPP-2020,East (ATC),GIA,NRIS,150.0,150.0,150.0,150.0,
J1624,,,Bartholomew,IN,Columbus Denois Cr - Columbus 345 230 kV Transmission Line,"DUKE ENERGY INDIANA, LLC CIN",Solar,100.0,100.0,100.0,2020-06-22T04:00:00+00:00,Withdrawn,,2024-09-03T04:00:00+00:00,,,Photovoltaic,Not Started,,2024-08-04T04:00:00+00:00,,DPP-2020,Central,GIA,NRIS,100.0,100.0,0.0,0.0,
J1626,,,Fayette,IL,Ramsey East 138kV bus,AMEREN ILLINOIS,Solar,150.0,150.0,150.0,2020-06-23T04:00:00+00:00,Done,2027-04-30T04:00:00+00:00,,,,Photovoltaic,Not Started,,2024-08-05T04:00:00+00:00,,DPP-2020,Central,GIA,NRIS,150.0,150.0,150.0,150.0,
J1629,,,Columbia,WI,Columbia SW YD(ALTE) - South Fond Du Lac  SW YD 345 KV T-Line,AMERICAN TRANSMISSION COMPANY,Solar,200.0,200.0,200.0,2020-06-22T04:00:00+00:00,Done,2027-07-18T04:00:00+00:00,,,,Photovoltaic,Not Started,,2024-07-18T04:00:00+00:00,,DPP-2020,East (ATC),GIA,NRIS,200.0,200.0,200.0,200.0,
J1618,,,Ascension,LA,ST. JAMES - WELCOME 230KV,"ENTERGY LOUISIANA, LLC ELTO",Solar,200.0,200.0,200.0,2020-06-18T04:00:00+00:00,Withdrawn,,2024-02-09T05:00:00+00:00,,,Photovoltaic,Not Started,,2023-04-01T04:00:00+00:00,,DPP-2020,South,GIA,NRIS,200.0,200.0,0.0,0.0,
J1619,,,Webster,KY,Reid Switchyard 161kV,BIG RIVERS ELECTRIC CORPORATION BREC,Solar,160.0,160.0,160.0,2020-06-22T04:00:00+00:00,Done,2024-04-15T04:00:00+00:00,,,,Photovoltaic,Not Started,,2023-09-01T04:00:00+00:00,,DPP-2020,Central,GIA,NRIS,160.0,160.0,160.0,160.0,
J1633,,,Beauregard,LA,Cooper Switching - Penton Road 230 kV,CLECO POWER LLC CLEC,Battery Storage,0.0,0.0,0.0,2020-06-25T04:00:00+00:00,Withdrawn,,2021-12-08T05:00:00+00:00,,,Battery Storage,Not Started,,2022-03-01T05:00:00+00:00,,DPP-2020,South,GIA,NRIS,0.0,0.0,0.0,0.0,
J1636,,,Pike,MO,Peno Creek Substation 161kV,AMEREN MISSOURI,Solar,44.0,44.0,44.0,2020-06-23T04:00:00+00:00,Withdrawn,,2024-09-03T04:00:00+00:00,,,Photovoltaic,Not Started,,2023-09-01T04:00:00+00:00,,DPP-2020,Central,GIA,NRIS,44.0,44.0,0.0,0.0,
J1640,,,Hinds,MS,Beech Grove - Ray Braswell 115 kV,"ENTERGY MISSISSIPPI, LLC. EMTO",Solar,200.0,200.0,200.0,2020-06-25T04:00:00+00:00,Withdrawn,,2020-09-22T04:00:00+00:00,,,Photovoltaic,Not Started,,2023-10-31T04:00:00+00:00,,DPP-2020,South,GIA,NRIS,0.0,0.0,0.0,0.0,
J1642,,,Spencer,IN,North East (Castle) - Culley 138kV,SOUTHERN INDIANA GAS & ELECTRIC COMPANY D/B/A CENTERPOINT ENERGY INDIANA SOUTH,Hybrid,200.0,200.0,200.0,2022-02-17T05:00:00+00:00,Done,,,,,Solar/Battery,Not Started,,2023-10-15T04:00:00+00:00,,DPP-2020,Central,GIA,NRIS,200.0,200.0,200.0,200.0,
J1647,,,Chippewa,MN,Maynard XMSN 115kV Substation,NORTHERN STATES POWER COMPANY,Solar,150.0,150.0,150.0,2020-06-24T04:00:00+00:00,Withdrawn,,2020-11-19T05:00:00+00:00,,,Photovoltaic,Not Started,,2023-09-01T04:00:00+00:00,,DPP-2020,West,GIA,NRIS,0.0,0.0,0.0,0.0,
J1648,,,Searcy,AR,Searcy Price 161kV,"ENTERGY ARKANSAS, LLC EATO",Hybrid,10.0,10.0,10.0,2020-06-25T04:00:00+00:00,Withdrawn,,2020-12-14T05:00:00+00:00,,,Solar/Battery,Not Started,,2021-08-15T04:00:00+00:00,,DPP-2020,South,GIA,NRIS,0.0,0.0,0.0,0.0,
J1658,,,Hillsdale,MI,COLDWATER - MOORE ROAD 138.0kV,METC,Solar,180.0,180.0,180.0,2025-05-19T04:00:00+00:00,Done,2025-12-12T05:00:00+00:00,,,,Photovoltaic,Not Started,,2023-09-01T04:00:00+00:00,2022-12-14T05:00:00+00:00,DPP-2020,East (ITC),GIA,NRIS,150.0,150.0,150.0,150.0,
J1662,,,Newton,IN,Goodland Substation 138kV (Bus Name: 17Goodland),NORTHERN INDIANA PUBLIC SERVICE COMPANY LLC NIPS,Solar,200.0,200.0,200.0,2020-06-23T04:00:00+00:00,Withdrawn,,2023-10-17T04:00:00+00:00,,,Photovoltaic,Not Started,,2023-08-31T04:00:00+00:00,,DPP-2020,Central,GIA,NRIS,0.0,0.0,0.0,0.0,
J1603,,,Otsego,MI,Vantyle 138kV,METC,Solar,200.0,200.0,200.0,2021-12-03T05:00:00+00:00,Done,2025-08-02T04:00:00+00:00,,,,Photovoltaic,Not Started,,2023-09-15T04:00:00+00:00,2023-03-08T05:00:00+00:00,DPP-2020,East (ITC),GIA,NRIS,200.0,200.0,200.0,200.0,
J1604,,,Henderson,KY,HMPL Sub No.7,HENDERSON UTILITY COMM DBA HENDERSON MUNICIPAL POWER AND LIGHT,Solar,50.0,50.0,50.0,2020-07-10T04:00:00+00:00,Done,2026-08-31T04:00:00+00:00,,,,Photovoltaic,Not Started,,2023-08-31T04:00:00+00:00,,DPP-2020,Central,GIA,NRIS,50.0,50.0,50.0,50.0,
J1608,,,Ingham,MI,Tihart to Lovejoy Junction  138kv,METC,Solar,100.0,100.0,100.0,2020-06-24T04:00:00+00:00,Withdrawn,,2020-11-24T05:00:00+00:00,,,Photovoltaic,Not Started,,2023-09-15T04:00:00+00:00,,DPP-2020,East (ITC),GIA,NRIS,0.0,0.0,0.0,0.0,
J1622,,,Sheridan,ND,Harvey-Underwood 230kV,OTTER TAIL POWER COMPANY OTP,Solar,100.0,100.0,100.0,2020-06-23T04:00:00+00:00,Withdrawn,,2022-12-13T05:00:00+00:00,,,Photovoltaic,Not Started,,2024-06-01T04:00:00+00:00,,DPP-2020,West,GIA,NRIS,100.0,100.0,0.0,0.0,
J1623,,,Orange,IN,Mitchell Lost River 345kV,"DUKE ENERGY INDIANA, LLC CIN",Solar,200.0,200.0,200.0,2020-06-18T04:00:00+00:00,Withdrawn,,2020-12-18T05:00:00+00:00,,,Photovoltaic,Not Started,,2024-06-01T04:00:00+00:00,,DPP-2020,Central,GIA,NRIS,0.0,0.0,0.0,0.0,
J1625,,,Tipton,IN,Kokomo - Tipton 230kV Transmission line,"DUKE ENERGY INDIANA, LLC CIN",Solar,150.0,150.0,150.0,2021-08-20T04:00:00+00:00,Withdrawn,,2024-09-03T04:00:00+00:00,,,Photovoltaic,Not Started,,2024-08-05T04:00:00+00:00,,DPP-2020,Central,GIA,NRIS,120.0,120.0,0.0,0.0,
J1631,,,Clark,WI,Stonelake  to Gardner Park 345kV,AMERICAN TRANSMISSION COMPANY,Wind,200.0,200.0,200.0,2020-06-24T04:00:00+00:00,Withdrawn,,2020-11-24T05:00:00+00:00,,,Wind Turbine,Not Started,,2023-09-15T04:00:00+00:00,,DPP-2020,East (ATC),GIA,NRIS,0.0,0.0,0.0,0.0,
J1635,,,Branch,MI,BUTTERS - NEWTON (MI AVE) 138.0kV,METC,Battery Storage,100.0,100.0,100.0,2020-06-24T04:00:00+00:00,Done,2025-02-01T05:00:00+00:00,,,,Battery Storage,Not Started,,2022-02-01T05:00:00+00:00,2023-03-08T05:00:00+00:00,DPP-2020,East (ITC),GIA,NRIS,100.0,100.0,100.0,100.0,
J1639,,,Lenawee,MI,345kV Allen Junction to Morocco,METC,Battery Storage,100.0,100.0,100.0,2020-06-24T04:00:00+00:00,Withdrawn,,2022-01-06T05:00:00+00:00,,,Battery Storage,Not Started,,2022-02-01T05:00:00+00:00,,DPP-2020,East (ITC),GIA,NRIS,0.0,0.0,0.0,0.0,
J1646,,,Newton,IN,MORRISON DITCH,NORTHERN INDIANA PUBLIC SERVICE COMPANY LLC NIPS,Solar,150.0,150.0,150.0,2020-06-10T04:00:00+00:00,Done,2026-10-01T04:00:00+00:00,,,,Photovoltaic,Not Started,,2023-10-01T04:00:00+00:00,,DPP-2020,Central,GIA,NRIS,150.0,150.0,150.0,150.0,
J1653,,,Tazewell,IL,San Jose Rail 138kV,AMEREN ILLINOIS,Solar,150.0,150.0,150.0,2021-12-03T05:00:00+00:00,Done,2026-09-15T04:00:00+00:00,,,,Photovoltaic,Not Started,,2023-09-15T04:00:00+00:00,,DPP-2020,Central,GIA,NRIS,150.0,150.0,150.0,0.0,
J1654,,,Genesee,MI,Goss-Thetford 345kV Line,METC,Solar,200.0,200.0,200.0,2020-06-25T04:00:00+00:00,Withdrawn,,2023-02-22T05:00:00+00:00,,,Photovoltaic,Not Started,,2023-09-01T04:00:00+00:00,,DPP-2020,East (ITC),GIA,NRIS,200.0,200.0,0.0,0.0,
J1612,,,Union,AR,El Dorado East - Sterlington 115 kV,"ENTERGY ARKANSAS, LLC EATO",Solar,100.0,100.0,100.0,2020-06-08T04:00:00+00:00,Done,2028-01-31T05:00:00+00:00,,,,Photovoltaic,Under Construction,,2023-09-01T04:00:00+00:00,2022-10-14T04:00:00+00:00,DPP-2020,South,GIA,NRIS,100.0,100.0,100.0,100.0,
J1614,,,Muskegon,MI,White Road - Four Mile 138kV line,METC,Solar,250.0,250.0,250.0,2020-06-11T04:00:00+00:00,Done,2025-08-26T04:00:00+00:00,,,,Photovoltaic,Not Started,,2024-02-15T05:00:00+00:00,2022-12-12T05:00:00+00:00,DPP-2020,East (ITC),GIA,NRIS,250.0,250.0,250.0,250.0,
J1655,,,Jefferson,IL,West Mt Vernon - Xenia 345kV Line (J1241),AMEREN ILLINOIS,Battery Storage,50.0,50.0,50.0,2021-12-03T05:00:00+00:00,Withdrawn,,2024-09-03T04:00:00+00:00,,,Battery Storage,Not Started,,2022-09-15T04:00:00+00:00,,DPP-2020,Central,GIA,NRIS,50.0,50.0,0.0,0.0,
J1656,,,Vermilion,IL,Sydney to Bunsonville 345kV Line,AMEREN ILLINOIS,Hybrid,412.0,412.0,412.0,2020-06-23T04:00:00+00:00,Withdrawn,,2025-03-19T04:00:00+00:00,,,Solar/Wind,Not Started,,2023-08-31T04:00:00+00:00,,DPP-2020,Central,GIA,NRIS,0.0,0.0,0.0,0.0,
J1621,,,McPherson,SD,Big Stone South to Ellendale 345kV,OTTER TAIL POWER COMPANY OTP,Wind,400.0,400.0,400.0,2020-06-25T04:00:00+00:00,Withdrawn,,2021-11-17T05:00:00+00:00,,,Wind Turbine,Not Started,,2023-09-01T04:00:00+00:00,,DPP-2020,West,GIA,NRIS,0.0,0.0,0.0,0.0,
J1628,,,White,IN,Goodland to Reynolds 138KV,NORTHERN INDIANA PUBLIC SERVICE COMPANY LLC NIPS,Wind,200.0,200.0,200.0,2020-06-24T04:00:00+00:00,Withdrawn,,2020-12-18T05:00:00+00:00,,,Wind Turbine,Not Started,,2022-08-31T04:00:00+00:00,,DPP-2020,Central,GIA,NRIS,0.0,0.0,0.0,0.0,
J1657,,,St. Croix,WI,Pine Lake to Apple River 161 kV,NORTHERN STATES POWER COMPANY,Solar,100.0,100.0,100.0,2020-06-25T04:00:00+00:00,Done,2025-08-01T04:00:00+00:00,,,,Photovoltaic,Not Started,,2022-08-01T04:00:00+00:00,,DPP-2020,West,GIA,NRIS,100.0,0.0,100.0,0.0,
J1659,,,Washtenaw,MI,DORSET,ITC,Battery Storage,100.0,100.0,100.0,2020-06-25T04:00:00+00:00,Done,2025-02-01T05:00:00+00:00,,,,Battery Storage,Under Construction,,2022-02-01T05:00:00+00:00,2023-03-08T05:00:00+00:00,DPP-2020,East (ITC),GIA,NRIS,100.0,100.0,100.0,100.0,
J1632,,,Caldwell,KY,Caldwell County -  Barkley 161kV,BIG RIVERS ELECTRIC CORPORATION BREC,Solar,200.0,200.0,200.0,2020-06-22T04:00:00+00:00,Withdrawn,,2023-07-17T04:00:00+00:00,,,Photovoltaic,Not Started,,2023-09-01T04:00:00+00:00,,DPP-2020,Central,GIA,NRIS,0.0,0.0,0.0,0.0,
J1644,,,St. Landry,LA,Champange - Plaisance,"ENTERGY LOUISIANA, LLC ELTO",Solar,150.0,150.0,150.0,2020-06-10T04:00:00+00:00,Done,2024-12-15T05:00:00+00:00,,,,Photovoltaic,Under Construction,2023-01-18T05:00:00+00:00,2023-10-01T04:00:00+00:00,2023-01-18T05:00:00+00:00,DPP-2020,South,GIA,NRIS,150.0,0.0,150.0,0.0,
J1645,,,Renville,MN,Panther 230kV Substation,GREAT RIVER ENERGY,Solar,80.0,80.0,80.0,2020-06-24T04:00:00+00:00,Withdrawn,,2020-12-23T05:00:00+00:00,,,Photovoltaic,Not Started,,2023-09-01T04:00:00+00:00,,DPP-2020,West,GIA,NRIS,0.0,0.0,0.0,0.0,
J1649,,,McCracken,KY,Shell - McCracken County 69.0kV,BIG RIVERS ELECTRIC CORPORATION BREC,Solar,60.0,60.0,60.0,2021-03-10T05:00:00+00:00,Done,2025-10-31T04:00:00+00:00,,,,Photovoltaic,Not Started,,2022-10-31T04:00:00+00:00,,DPP-2020,Central,GIA,NRIS,60.0,60.0,60.0,60.0,
J1650,,,Logan,IL,Latham 345kV,AMEREN ILLINOIS,Solar,200.0,200.0,200.0,2020-06-23T04:00:00+00:00,Withdrawn,,2020-12-18T05:00:00+00:00,,,Photovoltaic,Not Started,,2023-09-15T04:00:00+00:00,,DPP-2020,Central,GIA,NRIS,0.0,0.0,0.0,0.0,
J1651,,,Logan,IL,Howlett,AMEREN ILLINOIS,Solar,149.5,149.5,149.5,2020-06-23T04:00:00+00:00,Done,2028-02-01T05:00:00+00:00,,,,Photovoltaic,Not Started,,2023-08-31T04:00:00+00:00,,DPP-2020,Central,GIA,NRIS,105.0,105.0,105.0,31.5,
J1652,,,Champaign,IL,Sidney 138kV,AMEREN ILLINOIS,Solar,116.0,116.0,116.0,2021-12-03T05:00:00+00:00,Withdrawn,,2023-07-17T04:00:00+00:00,,,Photovoltaic,Not Started,,2023-09-15T04:00:00+00:00,,DPP-2020,Central,GIA,NRIS,0.0,0.0,0.0,0.0,
J1666,,,Ingham,MI,Oneida - Majestic 345 kV,METC,Wind,300.0,300.0,300.0,2020-06-24T04:00:00+00:00,Withdrawn,,2022-01-06T05:00:00+00:00,,,Wind Turbine,Not Started,,2023-04-20T04:00:00+00:00,,DPP-2020,East (ITC),GIA,NRIS,0.0,0.0,0.0,0.0,
J1671,,,Walker,TX,Rocky Creek to Lewis Creek 230kV,"ENTERGY TEXAS, INC. ETTO",Solar,150.0,150.0,150.0,2020-06-23T04:00:00+00:00,Done,2025-12-04T05:00:00+00:00,,,,Photovoltaic,Under Construction,,2023-08-31T04:00:00+00:00,2022-12-15T05:00:00+00:00,DPP-2020,South,GIA,ERIS,150.0,0.0,150.0,0.0,
J1676,,,McLean,IL,Brokaw - Clinton 345 kV line,AMEREN ILLINOIS,Wind,300.0,300.0,300.0,2020-06-24T04:00:00+00:00,Withdrawn,,2024-09-03T04:00:00+00:00,,,Wind Turbine,Not Started,,2023-04-20T04:00:00+00:00,,DPP-2020,Central,GIA,NRIS,300.0,300.0,0.0,0.0,
J1660,,,Genesee,MI,Goss-Thetford 345kV Line,METC,Battery Storage,50.0,50.0,50.0,2020-06-24T04:00:00+00:00,Withdrawn,,2022-01-05T05:00:00+00:00,,,Battery Storage,Not Started,,2023-09-01T04:00:00+00:00,,DPP-2020,East (ITC),GIA,NRIS,0.0,0.0,0.0,0.0,
J1665,,,St. Clair,MI,Carrigan 120kV Substation,ITC,Battery Storage,50.0,50.0,50.0,2020-06-24T04:00:00+00:00,Withdrawn,,2022-01-05T05:00:00+00:00,,,Battery Storage,Not Started,,2023-09-01T04:00:00+00:00,,DPP-2020,East (ITC),GIA,NRIS,0.0,0.0,0.0,0.0,
J1670,,,Mississippi,AR,Crooked Lake 161kV at J586 POI,"ENTERGY ARKANSAS, LLC EATO",Solar,50.0,50.0,50.0,2020-06-23T04:00:00+00:00,Done,2025-03-15T04:00:00+00:00,,,,Photovoltaic,Not Started,,2023-10-15T04:00:00+00:00,2022-08-08T04:00:00+00:00,DPP-2020,South,GIA,NRIS,50.0,50.0,50.0,50.0,
J1674,,,St. Tammany,LA,Talisheek - North Slidell 230kV Line,"ENTERGY LOUISIANA, LLC ELTO",Hybrid,250.0,250.0,250.0,2020-06-25T04:00:00+00:00,Withdrawn,,2020-12-21T05:00:00+00:00,,,Solar/Battery,Not Started,,2023-08-02T04:00:00+00:00,,DPP-2020,South,GIA,NRIS,0.0,0.0,0.0,0.0,
J1620,,,Pipestone,MN,Split Rock - Pipestone 115.0kV,NORTHERN STATES POWER COMPANY,Solar,125.0,125.0,125.0,2024-04-17T04:00:00+00:00,Done,2026-06-01T04:00:00+00:00,,,,Photovoltaic,Not Started,,2023-09-01T04:00:00+00:00,,DPP-2020,West,GIA,NRIS,125.0,0.0,125.0,0.0,
J1627,,,White,IN,Reynolds 345KV,NORTHERN INDIANA PUBLIC SERVICE COMPANY LLC NIPS,Wind,200.0,200.0,200.0,2020-06-23T04:00:00+00:00,Withdrawn,,2020-12-18T05:00:00+00:00,,,Wind Turbine,Not Started,,2022-08-31T04:00:00+00:00,,DPP-2020,Central,GIA,NRIS,0.0,0.0,0.0,0.0,
J1684,,,Starke,IN,SCHAHFER GEN STA - BURR OAK 345.0kV,NORTHERN INDIANA PUBLIC SERVICE COMPANY LLC NIPS,Solar,200.0,200.0,200.0,2023-08-04T04:00:00+00:00,Done,2029-04-17T04:00:00+00:00,,,,Photovoltaic,Not Started,,2023-04-20T04:00:00+00:00,,DPP-2020,Central,GIA,NRIS,200.0,200.0,200.0,200.0,
J1685,,,Ascension,LA,Donaldsonville to Evergreen 230kV line,"ENTERGY LOUISIANA, LLC ELTO",Hybrid,250.0,250.0,250.0,2020-06-25T04:00:00+00:00,Withdrawn,,2020-09-24T04:00:00+00:00,,,Solar/Battery,Not Started,,2023-09-30T04:00:00+00:00,,DPP-2020,South,GIA,NRIS,0.0,0.0,0.0,0.0,
J1630,,,Madison,MS,Gerald Andrus-Tinnin Road 230 kV,"ENTERGY MISSISSIPPI, LLC. EMTO",Solar,150.0,150.0,150.0,2020-06-25T04:00:00+00:00,Withdrawn,,2021-12-08T05:00:00+00:00,,,Photovoltaic,Not Started,,2023-10-31T04:00:00+00:00,,DPP-2020,South,GIA,NRIS,0.0,0.0,0.0,0.0,
J1634,,,Beauregard,LA,COOPER SWITCHING - PENTON ROAD 230 KV,CLECO POWER LLC CLEC,Solar,100.0,100.0,100.0,2020-06-25T04:00:00+00:00,Withdrawn,,2021-12-08T05:00:00+00:00,,,Photovoltaic,Not Started,,2022-03-01T05:00:00+00:00,,DPP-2020,South,GIA,NRIS,0.0,0.0,0.0,0.0,
J1686,,,Evangeline,LA,Coughlin - Plaisance 138 kV,CLECO POWER LLC CLEC,Hybrid,100.0,100.0,100.0,2022-07-07T04:00:00+00:00,Done,2026-09-01T04:00:00+00:00,,,,Solar/Battery,Not Started,,2023-09-04T04:00:00+00:00,2023-06-27T04:00:00+00:00,DPP-2020,South,GIA,NRIS,100.0,100.0,100.0,70.0,
J1687,,,Decatur,IN,Decatur Switching Station 161kv,HOOSIER ENERGY,Solar,160.0,160.0,160.0,2021-12-03T05:00:00+00:00,Withdrawn,,2024-09-03T04:00:00+00:00,,,Photovoltaic,Not Started,,2026-09-01T04:00:00+00:00,,DPP-2020,Central,GIA,NRIS,160.0,160.0,0.0,0.0,
J1637,,,Knox,IN,Wheatland Substation 345kV,"DUKE ENERGY INDIANA, LLC CIN",Solar,150.0,150.0,150.0,2020-06-23T04:00:00+00:00,Withdrawn,,2024-09-03T04:00:00+00:00,,,Photovoltaic,Not Started,,2023-09-01T04:00:00+00:00,,DPP-2020,Central,GIA,NRIS,150.0,150.0,0.0,0.0,
J1638,,,Hancock,KY,Skillman Substation 161kV,BIG RIVERS ELECTRIC CORPORATION BREC,Solar,150.0,150.0,150.0,2022-02-11T05:00:00+00:00,Done,2026-09-01T04:00:00+00:00,,,,Photovoltaic,Not Started,,2023-09-01T04:00:00+00:00,,DPP-2020,Central,GIA,NRIS,150.0,150.0,150.0,150.0,
J1944,,,Sanilac,MI,GREENWOOD - RAPSON (BANNER) 345.0kV,ITC,Solar,185.0,185.0,185.0,2021-08-23T04:00:00+00:00,Active,2027-11-08T05:00:00+00:00,,,,Photovoltaic,Not Started,,2023-11-01T04:00:00+00:00,,DPP-2021,East (ITC),Phase 3,NRIS,185.0,185.0,185.0,185.0,
J1951,,,Monroe,MI,Lemoyne-Majestic 345kV,ITC,Battery Storage,50.0,50.0,50.0,2021-08-24T04:00:00+00:00,Withdrawn,,2023-09-06T04:00:00+00:00,,,Battery Storage,Not Started,,2024-10-01T04:00:00+00:00,,DPP-2021,East (ITC),Phase 3,NRIS,0.0,0.0,0.0,0.0,
J1664,,,St. Clair,MI,Carrigan 120kV Substation,ITC,Solar,200.0,200.0,200.0,2020-06-24T04:00:00+00:00,Done,2026-09-01T04:00:00+00:00,,,,Photovoltaic,Not Started,,2023-09-01T04:00:00+00:00,2023-03-08T05:00:00+00:00,DPP-2020,East (ITC),GIA,NRIS,100.0,100.0,100.0,100.0,
J1668,,,Iberville,LA,Donaldsonville - Evergreen 230 kV,"ENTERGY LOUISIANA, LLC ELTO",Solar,194.0,194.0,194.0,2020-06-24T04:00:00+00:00,Withdrawn,,2021-12-08T05:00:00+00:00,,,Photovoltaic,Not Started,,2023-04-20T04:00:00+00:00,,DPP-2020,South,GIA,NRIS,0.0,0.0,0.0,0.0,
J1669,,,Jefferson Davis,LA,LAKE CHARLES BULK,"ENTERGY LOUISIANA, LLC ELTO",Solar,165.0,165.0,165.0,2020-06-23T04:00:00+00:00,Done,2025-12-04T05:00:00+00:00,,,,Photovoltaic,Not Started,,2023-09-01T04:00:00+00:00,2022-11-28T05:00:00+00:00,DPP-2020,South,GIA,ERIS,165.0,0.0,165.0,0.0,
J1673,,,Sabine,LA,Fisher - Marthaville 230.0kV,CLECO POWER LLC CLEC,Solar,200.0,200.0,200.0,2020-06-23T04:00:00+00:00,Done,2025-03-01T05:00:00+00:00,,,,Photovoltaic,Not Started,,2024-01-15T05:00:00+00:00,2023-08-04T04:00:00+00:00,DPP-2020,South,GIA,NRIS,200.0,100.0,200.0,100.0,
J1641,,,Greene,IN,Worthington Substation 138kV,HOOSIER ENERGY,Solar,150.0,150.0,150.0,2024-03-15T04:00:00+00:00,Done,2026-09-01T04:00:00+00:00,,,,Photovoltaic,Not Started,,2023-09-01T04:00:00+00:00,,DPP-2020,Central,GIA,NRIS,150.0,150.0,150.0,150.0,
J1643,,,Genesee,MI,Delaney 138kV,METC,Solar,50.0,50.0,50.0,2020-06-23T04:00:00+00:00,Withdrawn,,2020-11-30T05:00:00+00:00,,,Photovoltaic,Not Started,,2023-10-01T04:00:00+00:00,,DPP-2020,East (ITC),GIA,NRIS,0.0,0.0,0.0,0.0,
J1952,,,Cerro Gordo,IA,Emery-Floyd 161kV,MIDAMERICAN ENERGY CO. MEC,Wind,180.0,180.0,180.0,2021-08-25T04:00:00+00:00,Withdrawn,,2025-10-27T04:00:00+00:00,,,Wind Turbine,Not Started,,2024-10-01T04:00:00+00:00,,DPP-2021,West,Phase 2,NRIS,180.0,54.0,0.0,0.0,
J1954,,,Walworth,WI,SW Delavan 138kV,AMERICAN TRANSMISSION COMPANY,Battery Storage,35.0,35.0,35.0,2021-08-24T04:00:00+00:00,Withdrawn,,2023-06-05T04:00:00+00:00,,,Battery Storage,Not Started,,2025-10-01T04:00:00+00:00,,DPP-2021,East (ATC),Phase 3,NRIS,0.0,0.0,0.0,0.0,
J1955,,,Walworth,WI,SW Delavan 138kV,AMERICAN TRANSMISSION COMPANY,Solar,100.0,100.0,100.0,2021-08-24T04:00:00+00:00,Withdrawn,,2023-06-05T04:00:00+00:00,,,Photovoltaic,Not Started,,2025-10-01T04:00:00+00:00,,DPP-2021,East (ATC),Phase 3,NRIS,0.0,0.0,0.0,0.0,
J1957,,,Coahoma,MS,Clarksdale-Roundaway 115kV (co-located with J2284),"ENTERGY MISSISSIPPI, LLC. EMTO",Solar,90.0,90.0,90.0,2021-11-29T05:00:00+00:00,Withdrawn,,2023-10-25T04:00:00+00:00,,,Photovoltaic,Not Started,,2025-10-01T04:00:00+00:00,,DPP-2021,South,Phase 3,NRIS,0.0,0.0,0.0,0.0,
J1953,,,Concordia,LA,Red Gum 115kV,"ENTERGY LOUISIANA, LLC ELTO",Solar,264.6,264.6,264.6,2022-07-20T04:00:00+00:00,Withdrawn,,2023-10-25T04:00:00+00:00,,,Photovoltaic,Not Started,,2025-10-01T04:00:00+00:00,,DPP-2021,South,Phase 3,NRIS,0.0,0.0,0.0,0.0,
J1960,,,Porter,IN,Starke - Flint Lake 138kV,NORTHERN INDIANA PUBLIC SERVICE COMPANY LLC NIPS,Solar,100.0,100.0,100.0,2022-03-23T04:00:00+00:00,Withdrawn,,2024-10-08T04:00:00+00:00,,,Photovoltaic,Not Started,,2025-10-01T04:00:00+00:00,,DPP-2021,Central,Phase 2,NRIS,0.0,0.0,0.0,0.0,
J1661,,,Lapeer,MI,Imlay Pump 120kV Substation,ITC,Solar,200.0,200.0,200.0,2020-06-24T04:00:00+00:00,Withdrawn,,2021-02-23T05:00:00+00:00,,,Photovoltaic,Not Started,,2023-09-01T04:00:00+00:00,,DPP-2020,East (ITC),GIA,NRIS,0.0,0.0,0.0,0.0,
J1663,,,Ottawa,MI,ARGENTA - TALLMADGE 345.0kV,METC,Solar,200.0,200.0,200.0,2021-12-03T05:00:00+00:00,Done,2025-08-02T04:00:00+00:00,,,,Photovoltaic,Under Construction,2023-03-07T05:00:00+00:00,2023-09-15T04:00:00+00:00,2023-03-08T05:00:00+00:00,DPP-2020,East (ITC),GIA,NRIS,200.0,200.0,200.0,200.0,
J1961,,,Cass,ND,Buffalo 115kV,OTTER TAIL POWER COMPANY OTP,Wind,190.0,190.0,190.0,2021-08-25T04:00:00+00:00,Withdrawn,,2025-10-27T04:00:00+00:00,,,Wind Turbine,Not Started,,2026-10-01T04:00:00+00:00,,DPP-2021,West,Phase 2,NRIS,190.0,57.0,0.0,0.0,
J1962,,,Polk,TX,Livingston - Rich 138kV,"ENTERGY TEXAS, INC. ETTO",Solar,75.0,75.0,75.0,2021-08-23T04:00:00+00:00,Withdrawn,,2023-10-25T04:00:00+00:00,,,Photovoltaic,Not Started,,2025-10-01T04:00:00+00:00,,DPP-2021,South,Phase 3,NRIS,0.0,0.0,0.0,0.0,
J1667,,,Isabella,MI,Bard Rd to Clare Junction 138 kV,METC,Wind,200.0,200.0,200.0,2020-06-24T04:00:00+00:00,Withdrawn,,2021-12-21T05:00:00+00:00,,,Wind Turbine,Not Started,,2023-04-20T04:00:00+00:00,,DPP-2020,East (ITC),GIA,NRIS,0.0,0.0,0.0,0.0,
J1672,,,Hinds,MS,Tinnin Road 230kV,"ENTERGY MISSISSIPPI, LLC. EMTO",Solar,150.0,150.0,150.0,2020-06-23T04:00:00+00:00,Done,2025-11-16T05:00:00+00:00,,,,Photovoltaic,Not Started,2023-01-18T05:00:00+00:00,2023-08-31T04:00:00+00:00,2023-01-19T05:00:00+00:00,DPP-2020,South,GIA,NRIS,150.0,150.0,150.0,150.0,
J1675,,,Edgar,IL,Kansas 345kV,AMEREN TRANSMISSION COMPANY OF ILLINOIS,Wind,250.0,250.0,250.0,2020-06-23T04:00:00+00:00,Withdrawn,,2021-02-13T05:00:00+00:00,,,Wind Turbine,Not Started,,2023-12-15T05:00:00+00:00,,DPP-2020,Central,GIA,NRIS,0.0,0.0,0.0,0.0,
J1677,,,Macon,IL,Leghorn 345 kV,AMEREN ILLINOIS,Solar,180.0,180.0,180.0,2020-06-24T04:00:00+00:00,Done,2026-01-29T05:00:00+00:00,,,,Photovoltaic,Not Started,,2023-04-20T04:00:00+00:00,,DPP-2020,Central,GIA,NRIS,150.0,150.0,150.0,150.0,
J1679,,,Clay,IL,7XENIA    - 7MTVERNW 345.0kV,AMEREN ILLINOIS,Solar,125.0,125.0,125.0,2020-06-24T04:00:00+00:00,Done,2026-04-20T04:00:00+00:00,,,,Photovoltaic,Not Started,,2023-04-20T04:00:00+00:00,,DPP-2020,Central,GIA,NRIS,125.0,125.0,125.0,125.0,
J1680,,,Cass,IN,345 kV Walton Substation,"DUKE ENERGY INDIANA, LLC CIN",Solar,100.0,100.0,100.0,2020-06-24T04:00:00+00:00,Withdrawn,,2024-09-03T04:00:00+00:00,,,Photovoltaic,Not Started,,2023-04-20T04:00:00+00:00,,DPP-2020,Central,GIA,NRIS,100.0,100.0,0.0,0.0,
J1681,,,Maries,MO,Bland to Franks 345kV line,AMEREN MISSOURI,Solar,200.0,200.0,200.0,2020-06-18T04:00:00+00:00,Withdrawn,,2023-07-17T04:00:00+00:00,,,Photovoltaic,Not Started,,2024-10-31T04:00:00+00:00,,DPP-2020,Central,GIA,NRIS,0.0,0.0,0.0,0.0,
J1948,,,Marion,MO,HANNIBAL WEST,AMEREN MISSOURI,Solar,195.0,195.0,195.0,2022-03-23T04:00:00+00:00,Active,,,,,Photovoltaic,Not Started,,2024-09-01T04:00:00+00:00,,DPP-2021,Central,Phase 2,NRIS,195.0,195.0,195.0,195.0,
J1678,,,Miami,IN,Deedsville 345 kV,"DUKE ENERGY INDIANA, LLC CIN",Battery Storage,74.7,74.7,74.7,2022-04-06T04:00:00+00:00,Withdrawn,,2024-09-03T04:00:00+00:00,,,Battery Storage,Not Started,,2023-08-01T04:00:00+00:00,,DPP-2020,Central,GIA,NRIS,74.7,74.7,0.0,0.0,
J1682,,,Boone,IN,Hortonville to Whitestown 345 kV,"DUKE ENERGY INDIANA, LLC CIN",Solar,300.0,300.0,300.0,2020-06-25T04:00:00+00:00,Withdrawn,,2020-12-18T05:00:00+00:00,,,Photovoltaic,Not Started,,2024-10-01T04:00:00+00:00,,DPP-2020,Central,GIA,NRIS,0.0,0.0,0.0,0.0,
J1683,,,Porter,IN,Babcock - Lake George 345 kV,NORTHERN INDIANA PUBLIC SERVICE COMPANY LLC NIPS,Battery Storage,75.0,75.0,75.0,2020-06-25T04:00:00+00:00,Withdrawn,,2020-12-14T05:00:00+00:00,,,Battery Storage,Not Started,,2023-08-01T04:00:00+00:00,,DPP-2020,Central,GIA,NRIS,0.0,0.0,0.0,0.0,
J1945,,,Portage,WI,Werner West - Rocky Run 345kV,AMERICAN TRANSMISSION COMPANY,Solar,150.0,150.0,150.0,2021-11-29T05:00:00+00:00,Withdrawn,,2024-10-01T04:00:00+00:00,,,Photovoltaic,Not Started,,2026-10-01T04:00:00+00:00,,DPP-2021,East (ATC),Phase 3,NRIS,150.0,150.0,0.0,0.0,
J1946,,,Jasper,MS,230 kV Missionary Substation,COOPERATIVE ENERGY SME,Hybrid,350.0,350.0,350.0,2021-08-19T04:00:00+00:00,Done,,,,,Solar/Battery,Not Started,,2024-10-30T04:00:00+00:00,,DPP-2021,South,Phase 3,NRIS,350.0,350.0,350.0,350.0,
J1947,,,Fountain,IN,Other_,"DUKE ENERGY INDIANA, LLC CIN",Solar,110.0,110.0,110.0,2022-03-23T04:00:00+00:00,Withdrawn,,2025-12-18T05:00:00+00:00,,,Photovoltaic,Not Started,,2025-10-01T04:00:00+00:00,,DPP-2021,Central,Phase 2,NRIS,110.0,110.0,0.0,0.0,
J1959,,,St. John the Baptist,LA,Waterford-Vacherie 230kV,"ENTERGY LOUISIANA, LLC ELTO",Solar,100.0,100.0,100.0,2021-11-30T05:00:00+00:00,Withdrawn,,2023-10-25T04:00:00+00:00,,,Photovoltaic,Not Started,,2025-10-01T04:00:00+00:00,,DPP-2021,South,Phase 3,NRIS,0.0,0.0,0.0,0.0,
J1971,,,Dane,WI,Cardinal,AMERICAN TRANSMISSION COMPANY,Battery Storage,45.0,45.0,45.0,2021-11-30T05:00:00+00:00,Withdrawn,,2023-06-05T04:00:00+00:00,,,Battery Storage,Not Started,,2025-10-01T04:00:00+00:00,,DPP-2021,East (ATC),Phase 3,NRIS,0.0,0.0,0.0,0.0,
J1949,,,Antrim,MI,Mancelona - Westwood 69kV,METC,Solar,99.6,99.6,99.6,2021-08-22T04:00:00+00:00,Withdrawn,,2023-09-06T04:00:00+00:00,,,Photovoltaic,Not Started,,2023-11-01T04:00:00+00:00,,DPP-2021,East (ITC),Phase 3,NRIS,0.0,0.0,0.0,0.0,
J1956,,,St. John the Baptist,LA,Waterford 230kV,"ENTERGY LOUISIANA, LLC ELTO",Battery Storage,60.0,60.0,60.0,2021-11-30T05:00:00+00:00,Withdrawn,,2023-10-25T04:00:00+00:00,,,Battery Storage,Not Started,,2025-10-01T04:00:00+00:00,,DPP-2021,South,Phase 3,NRIS,0.0,0.0,0.0,0.0,
J1966,,,Clinton,IN,Cayuga  -  Frankfort  230.0kV,"WABASH VALLEY POWER ASSOCIATION, INC.",Wind,200.0,200.0,200.0,2022-03-23T04:00:00+00:00,Withdrawn,,2025-12-18T05:00:00+00:00,,,Wind Turbine,Not Started,,2025-10-01T04:00:00+00:00,,DPP-2021,Central,Phase 2,NRIS,200.0,200.0,0.0,0.0,
J1969,,,Monroe,MI,Lemoyne-Majestic 345kV,ITC,Solar,150.0,150.0,150.0,2021-08-23T04:00:00+00:00,Withdrawn,,2023-09-06T04:00:00+00:00,,,Photovoltaic,Not Started,,2024-10-01T04:00:00+00:00,,DPP-2021,East (ITC),Phase 3,NRIS,0.0,0.0,0.0,0.0,
J1970,,,Champaign,IL,4SIDNEY 1 - 4MIRA TAP 138.0kV,AMEREN ILLINOIS,Solar,160.0,160.0,160.0,2022-03-23T04:00:00+00:00,Withdrawn,,2025-12-18T05:00:00+00:00,,,Photovoltaic,Not Started,,2025-10-01T04:00:00+00:00,,DPP-2021,Central,Phase 2,NRIS,160.0,160.0,0.0,0.0,
J1972,,,Des Moines,IA,Denmark - Newport,MIDAMERICAN ENERGY CO. MEC,Solar,115.0,115.0,115.0,2021-08-17T04:00:00+00:00,Withdrawn,,2023-10-10T04:00:00+00:00,,,Photovoltaic,Not Started,,2025-10-01T04:00:00+00:00,,DPP-2021,West,Phase 2,NRIS,115.0,115.0,0.0,0.0,
J1982,,,Gladwin,MI,Other_,,Battery Storage,25.0,25.0,25.0,2021-11-30T05:00:00+00:00,Pending Revision Approval,,,,,Battery Storage,Not Started,,2024-10-01T04:00:00+00:00,,DPP-2021,East (ITC),Phase 3,NRIS,25.0,25.0,25.0,25.0,
J1732,,,Columbia,WI,ACEC Lewiston Tap (X-68) - ACEC Lewiston 138.0kV,AMERICAN TRANSMISSION COMPANY,Solar,98.4,98.4,98.4,2020-06-24T04:00:00+00:00,Done,2025-12-31T05:00:00+00:00,,,,Photovoltaic,Not Started,,2024-12-31T05:00:00+00:00,,DPP-2020,East (ATC),GIA,NRIS,98.4,98.4,98.4,98.4,
J1958,,,St. John the Baptist,LA,Waterford 230kV,"ENTERGY LOUISIANA, LLC ELTO",Battery Storage,60.0,60.0,60.0,2021-11-30T05:00:00+00:00,Withdrawn,,2023-10-25T04:00:00+00:00,,,Battery Storage,Not Started,,2025-10-01T04:00:00+00:00,,DPP-2021,South,Phase 3,NRIS,0.0,0.0,0.0,0.0,
J1964,,,Columbia,WI,N Madison - Columbia,AMERICAN TRANSMISSION COMPANY,Battery Storage,90.0,90.0,90.0,2021-08-23T04:00:00+00:00,Withdrawn,,2024-10-01T04:00:00+00:00,,,Battery Storage,Not Started,,2024-10-01T04:00:00+00:00,,DPP-2021,East (ATC),Phase 3,NRIS,90.0,90.0,0.0,0.0,
J1733,,,Allamakee,IA,Lansing 161 kV,ITC MIDWEST,Battery Storage,50.0,50.0,50.0,2020-06-24T04:00:00+00:00,Withdrawn,,2021-11-17T05:00:00+00:00,,,Battery Storage,Not Started,,2025-06-01T04:00:00+00:00,,DPP-2020,West,GIA,NRIS,0.0,0.0,0.0,0.0,
J1988,,,Coahoma,MS,Roundaway Cepa 115kV,"ENTERGY MISSISSIPPI, LLC. EMTO",Solar,120.96,120.96,120.96,2021-11-29T05:00:00+00:00,Withdrawn,,2023-10-25T04:00:00+00:00,,,Photovoltaic,Not Started,,2025-10-01T04:00:00+00:00,,DPP-2021,South,Phase 3,NRIS,0.0,0.0,0.0,0.0,
J1965,,,Callaway,MO,7MCCREDIE - 7MONTGMRY 345.0kV,AMEREN MISSOURI,Solar,150.0,150.0,150.0,2022-03-23T04:00:00+00:00,Withdrawn,,2025-12-18T05:00:00+00:00,,,Photovoltaic,Not Started,,2025-10-01T04:00:00+00:00,,DPP-2021,Central,Phase 2,NRIS,150.0,150.0,0.0,0.0,
J1967,,,Champaign,IL,Rantoul East 138kV,AMEREN ILLINOIS,Wind,150.0,150.0,150.0,2022-03-24T04:00:00+00:00,Active,,,,,Wind Turbine,Not Started,,2025-10-01T04:00:00+00:00,,DPP-2021,Central,Phase 2,NRIS,150.0,150.0,150.0,45.0,
J1989,,,Brown,SD,Ellendale 345 - Twin Brooks 345.0kV,OTTER TAIL POWER COMPANY OTP,Wind,250.0,250.0,250.0,2021-08-25T04:00:00+00:00,Withdrawn,,2025-10-27T04:00:00+00:00,,,Wind Turbine,Not Started,,2025-10-01T04:00:00+00:00,,DPP-2021,West,Phase 2,NRIS,250.0,75.0,0.0,0.0,
J1990,,,Stutsman,ND,Ellendale 345kV,MONTANA-DAKOTA UTILITIES CO.MDU,Wind,250.0,250.0,250.0,2021-11-30T05:00:00+00:00,Withdrawn,,2025-10-27T04:00:00+00:00,,,Wind Turbine,Not Started,,2025-10-01T04:00:00+00:00,,DPP-2021,West,Phase 2,NRIS,215.0,75.0,0.0,0.0,
J1735,,,Rock,WI,J1304 POI 138 kV Substation,AMERICAN TRANSMISSION COMPANY,Solar,75.0,75.0,75.0,2020-06-23T04:00:00+00:00,Withdrawn,,2023-06-22T04:00:00+00:00,,,Photovoltaic,Not Started,,2025-06-01T04:00:00+00:00,,DPP-2020,East (ATC),GIA,NRIS,75.0,75.0,75.0,75.0,
J1832,,,St. Landry,LA,Plaisance 138kV,CLECO POWER LLC CLEC,Solar,145.09,145.09,145.09,2020-06-25T04:00:00+00:00,Done,2024-07-15T04:00:00+00:00,,,,Photovoltaic,In Service,,2023-04-01T04:00:00+00:00,2022-08-10T04:00:00+00:00,DPP-2020,South,GIA,NRIS,150.0,150.0,145.0,90.0,
J1834,,,Orange,TX,Sabine 138/230 kV Substation,"ENTERGY TEXAS, INC. ETTO",Gas,126.0,66.7,126.0,2021-12-16T05:00:00+00:00,Done,2025-05-25T04:00:00+00:00,,,,Combined Cycle,Not Started,,2025-04-25T04:00:00+00:00,2023-01-18T05:00:00+00:00,DPP-2020,South,GIA,NRIS,126.0,66.7,126.0,66.7,
J1739,,,Waushara,WI,Sand Lake 138kV Substation,AMERICAN TRANSMISSION COMPANY,Battery Storage,50.0,50.0,50.0,2020-06-24T04:00:00+00:00,Withdrawn,,2021-02-23T05:00:00+00:00,,,Battery Storage,Not Started,,2023-09-01T04:00:00+00:00,,DPP-2020,East (ATC),GIA,NRIS,0.0,0.0,0.0,0.0,
J1838,,,Dane,WI,Christiana 138 kV,AMERICAN TRANSMISSION COMPANY,Gas,320.0,320.0,320.0,2020-06-25T04:00:00+00:00,Withdrawn,,2021-02-23T05:00:00+00:00,,,Combined-Cycle – Steam Plant,Not Started,,2025-02-12T05:00:00+00:00,,DPP-2020,East (ATC),GIA,NRIS,0.0,0.0,0.0,0.0,
J1742,,,Porter,IN,Babcock - Lake George 345 kV,NORTHERN INDIANA PUBLIC SERVICE COMPANY LLC NIPS,Solar,294.1,294.1,294.1,2020-06-25T04:00:00+00:00,Withdrawn,,2020-12-14T05:00:00+00:00,,,Photovoltaic,Not Started,,2023-08-01T04:00:00+00:00,,DPP-2020,Central,GIA,NRIS,0.0,0.0,0.0,0.0,
J1831,,,Menard,IL,Shockey 138kV,AMEREN ILLINOIS,Wind,200.0,200.0,200.0,2020-06-25T04:00:00+00:00,Done,2026-08-15T04:00:00+00:00,,,,Wind Turbine,Not Started,,2023-10-31T04:00:00+00:00,,DPP-2020,Central,GIA,NRIS,200.0,200.0,200.0,175.0,
J1991,,,Lonoke,AR,Genpower Keo 500kV,"ENTERGY ARKANSAS, LLC EATO",Solar,200.0,200.0,200.0,2021-08-25T04:00:00+00:00,Withdrawn,,2025-03-07T05:00:00+00:00,,,Photovoltaic,Not Started,,2025-10-01T04:00:00+00:00,,DPP-2021,South,Phase 3,NRIS,200.0,200.0,0.0,0.0,
J1840,,,De Witt,IL,Clinton to Goose Creek-4545 345kV line,AMEREN ILLINOIS,Solar,250.0,250.0,250.0,2020-06-25T04:00:00+00:00,Done,,,,,Photovoltaic,Not Started,,2023-08-30T04:00:00+00:00,,DPP-2020,Central,GIA,NRIS,250.0,250.0,250.0,250.0,
J1743,,,Miami,IN,Deedsville 345 kV Substation,"DUKE ENERGY INDIANA, LLC CIN",Solar,292.9,292.9,292.9,2022-04-06T04:00:00+00:00,Done,2026-08-01T04:00:00+00:00,,,,Photovoltaic,Not Started,,2023-08-01T04:00:00+00:00,,DPP-2020,Central,GIA,NRIS,292.89,292.89,292.89,292.89,
J1744,,,Cumberland,IL,Hutsonville - Neoga 138 kV,AMEREN ILLINOIS,Solar,149.5,149.5,149.5,2022-04-05T04:00:00+00:00,Done,2027-06-01T04:00:00+00:00,,,,Photovoltaic,Not Started,,2023-08-01T04:00:00+00:00,,DPP-2020,Central,GIA,NRIS,149.5,149.5,149.5,149.5,
J1842,,,Cross,AR,FORREST CITY N SS - WYNNE SOUTH 161.0kV,"ENTERGY ARKANSAS, LLC EATO",Wind,135.0,135.0,135.0,2021-10-19T04:00:00+00:00,Done,2024-10-31T04:00:00+00:00,,,,Wind Turbine,Not Started,,2026-02-02T05:00:00+00:00,2022-11-17T05:00:00+00:00,DPP-2020,South,GIA,NRIS-Only,135.0,0.0,135.0,0.0,
J1833,,,Lafourche,LA,Leeville 115kV,"ENTERGY LOUISIANA, LLC ELTO",Gas,115.1,115.1,115.1,2021-10-19T04:00:00+00:00,Done,2025-10-01T04:00:00+00:00,,,,"Piston (Engine), Internal Combustion (Diesel)",Not Started,2023-01-18T05:00:00+00:00,2026-05-01T04:00:00+00:00,2023-01-19T05:00:00+00:00,DPP-2020,South,GIA,ERIS,115.1,115.1,115.1,0.0,
J1737,,,Rush,IN,Gwynville 345 kV,"DUKE ENERGY INDIANA, LLC CIN",Solar,210.0,210.0,210.0,2021-10-22T04:00:00+00:00,Withdrawn,,2023-07-17T04:00:00+00:00,,,Photovoltaic,Not Started,,2023-04-20T04:00:00+00:00,,DPP-2020,Central,GIA,NRIS,0.0,0.0,0.0,0.0,
J1836,,,Callaway,MO,Montgomery- Callaway- 7,AMEREN MISSOURI,Solar,300.0,300.0,300.0,2020-06-23T04:00:00+00:00,Done,2027-12-30T05:00:00+00:00,,,,Photovoltaic,Not Started,,2025-08-01T04:00:00+00:00,,DPP-2020,Central,GIA,NRIS,300.0,300.0,275.0,275.0,
J1839,,,Macon,IL,Decatur ADM North 138 kV,AMEREN ILLINOIS,Gas,340.3,325.0,340.3,2020-06-25T04:00:00+00:00,Done,2026-11-01T04:00:00+00:00,,,,Combustion Turbine (Simple Cycle),Not Started,,2027-01-01T05:00:00+00:00,,DPP-2020,Central,GIA,NRIS,340.3,340.3,340.3,340.3,
J1973,,,Champaign,IL,4SIDNEY 1 - 4MIRA TAP 138.0kV,AMEREN ILLINOIS,Battery Storage,40.0,40.0,40.0,2022-03-23T04:00:00+00:00,Withdrawn,,2025-12-18T05:00:00+00:00,,,Battery Storage,Not Started,,2025-10-01T04:00:00+00:00,,DPP-2021,Central,Phase 2,NRIS,40.0,40.0,0.0,0.0,
J1974,,,Coles,IL,Mattoon West,AMEREN ILLINOIS,Solar,160.0,160.0,160.0,2022-03-23T04:00:00+00:00,Withdrawn,,2025-12-18T05:00:00+00:00,,,Photovoltaic,Not Started,,2025-10-01T04:00:00+00:00,,DPP-2021,Central,Phase 2,NRIS,160.0,160.0,0.0,0.0,
J1979,,,Howard,IA,Hazleton-Mitchell County 345kV line,ITC MIDWEST,Wind,200.0,200.0,200.0,2021-08-13T04:00:00+00:00,Withdrawn,,2025-10-27T04:00:00+00:00,,,Wind Turbine,Not Started,,2025-10-01T04:00:00+00:00,,DPP-2021,West,Phase 2,NRIS,200.0,60.0,0.0,0.0,
J1980,,,Kent,MI,Vergennes 138kV,METC,Battery Storage,50.0,50.0,50.0,2021-08-23T04:00:00+00:00,Withdrawn,,2025-10-27T04:00:00+00:00,,,Battery Storage,Not Started,,2024-10-01T04:00:00+00:00,,DPP-2021,East (ITC),Phase 3,NRIS,50.0,50.0,0.0,0.0,
J1963,,,Polk,TX,Livingston - Rich 138kV,"ENTERGY TEXAS, INC. ETTO",Battery Storage,25.0,25.0,25.0,2021-11-29T05:00:00+00:00,Withdrawn,,2023-10-25T04:00:00+00:00,,,Battery Storage,Not Started,,2025-10-01T04:00:00+00:00,,DPP-2021,South,Phase 3,NRIS,0.0,0.0,0.0,0.0,
J1975,,,Coles,IL,Mattoon West,AMEREN ILLINOIS,Battery Storage,40.0,40.0,40.0,2022-03-23T04:00:00+00:00,Withdrawn,,2025-12-18T05:00:00+00:00,,,Battery Storage,Not Started,,2025-10-01T04:00:00+00:00,,DPP-2021,Central,Phase 2,NRIS,40.0,40.0,0.0,0.0,
J1731,,,Madison,IN,Noblesville to Fall Creek 345 kV,INDIANAPOLIS POWER & LIGHT COMPANY,Battery Storage,100.0,100.0,100.0,2020-06-24T04:00:00+00:00,Withdrawn,,2021-03-12T05:00:00+00:00,,,Battery Storage,Not Started,,2022-02-01T05:00:00+00:00,,DPP-2020,Central,GIA,NRIS,0.0,0.0,0.0,0.0,
J1983,,,Dane,WI,N. Madison 69kV,AMERICAN TRANSMISSION COMPANY,Battery Storage,25.0,25.0,25.0,2021-11-29T05:00:00+00:00,Withdrawn,,2024-10-01T04:00:00+00:00,,,Battery Storage,Not Started,,2025-10-01T04:00:00+00:00,,DPP-2021,East (ATC),Phase 3,NRIS,25.0,25.0,0.0,0.0,
J1976,,,Porter,IN,Starke - Flint Lake 138kV,NORTHERN INDIANA PUBLIC SERVICE COMPANY LLC NIPS,Battery Storage,25.0,25.0,25.0,2022-03-23T04:00:00+00:00,Withdrawn,,2024-10-08T04:00:00+00:00,,,Battery Storage,Not Started,,2025-10-01T04:00:00+00:00,,DPP-2021,Central,Phase 2,NRIS,0.0,0.0,0.0,0.0,
J1978,,,Pocahontas,IA,Lemars Tap-Little Sioux 161kV,MIDAMERICAN ENERGY CO. MEC,Wind,175.0,175.0,175.0,2021-08-23T04:00:00+00:00,Withdrawn,,2025-10-27T04:00:00+00:00,,,Wind Turbine,Not Started,,2025-10-01T04:00:00+00:00,,DPP-2021,West,Phase 2,NRIS,170.0,52.5,0.0,0.0,
J1984,,,Ottawa,MI,Tallmadge 138kV,METC,Battery Storage,50.0,50.0,50.0,2021-08-23T04:00:00+00:00,Withdrawn,,2026-01-27T05:00:00+00:00,,,Battery Storage,Not Started,,2024-10-01T04:00:00+00:00,,DPP-2021,East (ITC),Phase 3,NRIS,50.0,50.0,50.0,50.0,
J1835,,,Spencer,IN,Culley to Grandview 138 KV line tap,SOUTHERN INDIANA GAS & ELECTRIC COMPANY D/B/A CENTERPOINT ENERGY INDIANA SOUTH,Wind,200.0,200.0,200.0,2020-06-25T04:00:00+00:00,Withdrawn,,2024-09-03T04:00:00+00:00,,,Wind Turbine,Not Started,,2023-06-01T04:00:00+00:00,,DPP-2020,Central,GIA,NRIS,200.0,200.0,0.0,0.0,
J1985,,,Tangipahoa,LA,Chicken Farm - Amite,"ENTERGY LOUISIANA, LLC ELTO",Solar,50.0,50.0,50.0,2021-11-30T05:00:00+00:00,Withdrawn,,2023-10-25T04:00:00+00:00,,,Photovoltaic,Not Started,,2025-10-01T04:00:00+00:00,,DPP-2021,South,Phase 3,NRIS,0.0,0.0,0.0,0.0,
J1986,,,St. Charles,MO,Montgomery 161kV,AMEREN MISSOURI,Battery Storage,100.0,100.0,100.0,2022-03-23T04:00:00+00:00,Withdrawn,,2025-12-18T05:00:00+00:00,,,Battery Storage,Not Started,,2025-10-01T04:00:00+00:00,,DPP-2021,Central,Phase 2,NRIS,100.0,100.0,0.0,0.0,
J1741,,,Cass,IN,Walton 345kV  Substation,"DUKE ENERGY INDIANA, LLC CIN",Solar,270.0,270.0,270.0,2020-06-24T04:00:00+00:00,Withdrawn,,2020-12-03T05:00:00+00:00,,,Photovoltaic,Not Started,,2023-06-01T04:00:00+00:00,,DPP-2020,Central,GIA,NRIS,0.0,0.0,0.0,0.0,
J1841,,,Cross,AR,Forrest City to Wynne S 161 KV Line,"ENTERGY ARKANSAS, LLC EATO",Wind,52.0,52.0,52.0,2020-06-25T04:00:00+00:00,Withdrawn,,2021-12-08T05:00:00+00:00,,,Wind Turbine,Not Started,,2023-06-01T04:00:00+00:00,,DPP-2020,South,GIA,NRIS,0.0,0.0,0.0,0.0,
J1734,,,Lee,IA,Burlington Generation - Wever 161kV,ITC MIDWEST,Solar,150.0,150.0,150.0,2020-06-24T04:00:00+00:00,Done,2024-06-30T04:00:00+00:00,,,,Photovoltaic,In Service (with Provisional GIA),,2025-06-01T04:00:00+00:00,,DPP-2020,West,GIA,NRIS,150.0,150.0,150.0,150.0,
J1736,,,Dubois,IN,Duff 138kV,SOUTHERN INDIANA GAS & ELECTRIC COMPANY D/B/A CENTERPOINT ENERGY INDIANA SOUTH,Solar,100.0,100.0,100.0,2020-06-22T04:00:00+00:00,Done,,,,,Photovoltaic,Not Started,,2023-08-31T04:00:00+00:00,,DPP-2020,Central,GIA,NRIS,100.0,100.0,100.0,100.0,
J1738,,,McPherson,SD,Leola Substation 41.6kV,MONTANA-DAKOTA UTILITIES CO.MDU,Hybrid,20.0,20.0,20.0,2020-06-24T04:00:00+00:00,Withdrawn,,2020-12-02T05:00:00+00:00,,,Solar/Battery,Not Started,,2023-05-15T04:00:00+00:00,,DPP-2020,West,GIA,NRIS,0.0,0.0,0.0,0.0,
J1740,,,Walworth,WI,University to Mukwanago 138kV Line,AMERICAN TRANSMISSION COMPANY,Solar,100.0,100.0,100.0,2020-06-25T04:00:00+00:00,Withdrawn,,2021-12-08T05:00:00+00:00,,,Photovoltaic,Not Started,,2023-09-01T04:00:00+00:00,,DPP-2020,East (ATC),GIA,NRIS,0.0,0.0,0.0,0.0,
J1745,,,Winnebago,WI,Fitzgerald 138 kV,AMERICAN TRANSMISSION COMPANY,Solar,100.0,100.0,100.0,2020-06-23T04:00:00+00:00,Done,2028-06-01T04:00:00+00:00,,,,Photovoltaic,Not Started,,2025-06-01T04:00:00+00:00,,DPP-2020,East (ATC),GIA,NRIS,100.0,100.0,100.0,100.0,
J1844,,,Washtenaw,MI,19CVTRY,ITC,Battery Storage,100.0,100.0,100.0,2020-12-31T05:00:00+00:00,Active,2029-02-06T05:00:00+00:00,,,,Battery Storage,Not Started,,2024-10-07T04:00:00+00:00,,DPP-2021,East (ITC),Phase 3,NRIS,100.0,100.0,100.0,100.0,
J1851,,,Morehouse,LA,CROSSETT NORTH - BEEKMAN 115.0kV,"ENTERGY LOUISIANA, LLC ELTO",Solar,185.0,185.0,185.0,2021-11-30T05:00:00+00:00,Done,2026-11-15T05:00:00+00:00,,,,Photovoltaic,Not Started,,2025-01-01T05:00:00+00:00,,DPP-2021,South,Phase 3,ERIS,195.0,80.0,185.0,0.0,
J1750,,,Marquette,MI,Other_,AMERICAN TRANSMISSION COMPANY,Solar,149.7,149.7,149.7,2022-04-06T04:00:00+00:00,Done,2026-08-01T04:00:00+00:00,,,,Photovoltaic,Under Construction,,2023-08-01T04:00:00+00:00,,DPP-2020,East (ATC),GIA,NRIS,149.7,149.7,149.7,149.7,
J1837,,,Shelby,IL,Pana - Route 51 138kV,AMEREN ILLINOIS,Wind,200.0,200.0,200.0,2020-06-25T04:00:00+00:00,Withdrawn,,2021-03-12T05:00:00+00:00,,,Wind Turbine,Not Started,,2023-06-01T04:00:00+00:00,,DPP-2020,Central,GIA,NRIS,0.0,0.0,0.0,0.0,
J1846,,,Renville,MN,PANTHER,GREAT RIVER ENERGY,Hybrid,200.0,200.0,200.0,2021-07-22T04:00:00+00:00,Active,,,,,Solar/Battery,Not Started,,2024-09-01T04:00:00+00:00,,DPP-2021,West,Phase 2,NRIS,200.0,200.0,200.0,200.0,
J1850,,,St. Martin,LA,Kirk - Cecelia 138kV Line,"ENTERGY LOUISIANA, LLC ELTO",Solar,100.0,100.0,100.0,2021-11-24T05:00:00+00:00,Withdrawn,,2025-03-07T05:00:00+00:00,,,Photovoltaic,Not Started,,2024-11-30T05:00:00+00:00,,DPP-2021,South,Phase 3,NRIS,100.0,0.0,0.0,0.0,
J1749,,,West Baton Rouge,LA,Addis - Big Cajun 230kV,"ENTERGY LOUISIANA, LLC ELTO",Hybrid,50.0,50.0,50.0,2020-06-24T04:00:00+00:00,Withdrawn,,2021-12-08T05:00:00+00:00,,,Solar/Battery,Not Started,,2022-08-01T04:00:00+00:00,,DPP-2020,South,GIA,NRIS,0.0,0.0,0.0,0.0,
J1751,,,Wood,WI,Saratoga - Badger West 138.0kV,AMERICAN TRANSMISSION COMPANY,Solar,150.5,150.5,150.5,2022-04-06T04:00:00+00:00,Done,2026-05-02T04:00:00+00:00,,,,Photovoltaic,Not Started,,2023-08-01T04:00:00+00:00,,DPP-2020,East (ATC),GIA,NRIS,150.5,150.5,150.5,150.5,
J1753,,,Green,WI,Columbia-South Fond du Lac 345kV,AMERICAN TRANSMISSION COMPANY,Solar,300.0,300.0,300.0,2020-06-23T04:00:00+00:00,Withdrawn,,2020-12-01T05:00:00+00:00,,,Photovoltaic,Not Started,,2024-06-01T04:00:00+00:00,,DPP-2020,East (ATC),GIA,NRIS,0.0,0.0,0.0,0.0,
J1860,,,Lenawee,MI,Morocco to Beecher 138kV (8.36 miles from Morocco),METC,Battery Storage,60.0,60.0,60.0,2021-08-16T04:00:00+00:00,Withdrawn,,2025-03-03T05:00:00+00:00,,,Battery Storage,Not Started,,2024-09-15T04:00:00+00:00,,DPP-2021,East (ITC),Phase 3,NRIS,60.0,60.0,0.0,0.0,
J1861,,,LaPorte,IN,STILLWELL - L.N.G. PLANT 138.0kV,NORTHERN INDIANA PUBLIC SERVICE COMPANY LLC NIPS,Battery Storage,45.0,45.0,45.0,2022-03-28T04:00:00+00:00,Active,,,,,Battery Storage,Not Started,,2024-09-15T04:00:00+00:00,,DPP-2021,Central,Phase 2,NRIS,45.0,45.0,45.0,45.0,
J1855,,,Jackson,AR,MALLORY 161,"ENTERGY ARKANSAS, LLC EATO",Solar,500.0,500.0,500.0,2021-11-17T05:00:00+00:00,Done,,,,,Photovoltaic,Not Started,,2026-04-15T04:00:00+00:00,,DPP-2021,South,Phase 3,NRIS,500.0,500.0,500.0,0.0,
J1857,,,Cross,AR,EBONY SS -  5WM LEHI-W,"ENTERGY ARKANSAS, LLC EATO",Solar,250.0,250.0,250.0,2021-11-17T05:00:00+00:00,Withdrawn,,2025-03-07T05:00:00+00:00,,,Photovoltaic,Not Started,,2026-04-15T04:00:00+00:00,,DPP-2021,South,Phase 3,NRIS,250.0,250.0,0.0,0.0,
J1863,,,Otsego,MI,Vantyle 138kV,METC,Battery Storage,60.0,60.0,60.0,2021-08-16T04:00:00+00:00,Active,2026-06-12T04:00:00+00:00,,,,Battery Storage,Not Started,,2024-09-15T04:00:00+00:00,,DPP-2021,East (ITC),Phase 3,NRIS,60.0,60.0,60.0,60.0,
J1867,,,Franklin,IA,Quinn,ITC MIDWEST,Wind,200.0,200.0,200.0,2021-11-22T05:00:00+00:00,Active,,,,,Wind Turbine,Not Started,,2025-09-01T04:00:00+00:00,,DPP-2021,West,Phase 2,NRIS,200.0,200.0,200.0,200.0,
J1755,,,Bureau,IL,Bureau County 138 kV,AMEREN ILLINOIS,Wind,147.2,147.2,147.2,2020-06-25T04:00:00+00:00,Done,2025-08-01T04:00:00+00:00,,,,Wind Turbine,Not Started,,2022-08-01T04:00:00+00:00,,DPP-2020,Central,GIA,NRIS,147.19,147.19,147.19,147.19,
J1869,,,Winn,LA,Winnfield to Standard 115kV,"ENTERGY LOUISIANA, LLC ELTO",Battery Storage,78.0,78.0,78.0,2021-08-16T04:00:00+00:00,Withdrawn,,2023-10-25T04:00:00+00:00,,,Battery Storage,Not Started,,2024-09-15T04:00:00+00:00,,DPP-2021,South,Phase 3,NRIS,0.0,0.0,0.0,0.0,
J1746,,,Columbia,WI,Columbia 138 kV,AMERICAN TRANSMISSION COMPANY,Solar,150.0,150.0,150.0,2020-06-24T04:00:00+00:00,Done,2028-06-12T04:00:00+00:00,,,,Photovoltaic,Not Started,,2025-06-01T04:00:00+00:00,,DPP-2020,East (ATC),GIA,NRIS,150.0,150.0,150.0,150.0,
J1847,,,Mower,MN,Murphy Creek 161kV substation,SOUTHERN MINNESOTA MUNICIPAL POWER AGENCY,Solar,200.0,200.0,200.0,2021-08-09T04:00:00+00:00,Withdrawn,,2025-10-27T04:00:00+00:00,,,Photovoltaic,Not Started,,2024-06-01T04:00:00+00:00,,DPP-2021,West,Phase 2,NRIS,200.0,200.0,0.0,0.0,
J1848,,,Van Buren,MI,Covert,ITC,Gas,1235.0,1128.0,1235.0,2021-08-12T04:00:00+00:00,Withdrawn,,2023-08-15T04:00:00+00:00,,,Combined Cycle,Not Started,,2023-04-01T04:00:00+00:00,,DPP-2021,East (ITC),Phase 3,NRIS-Only,0.0,0.0,0.0,0.0,
J1849,,,Hardin,TX,Cypress 230 kV,"ENTERGY TEXAS, INC. ETTO",Solar,200.0,200.0,200.0,2021-11-30T05:00:00+00:00,Done,2028-05-30T04:00:00+00:00,,,,Photovoltaic,Not Started,,2025-01-01T05:00:00+00:00,,DPP-2021,South,Phase 3,NRIS,200.0,0.0,200.0,0.0,
J1852,,,Cass,ND,Bison 345 kV,NORTHERN STATES POWER COMPANY,Solar,200.0,200.0,200.0,2022-06-16T04:00:00+00:00,Withdrawn,,2023-10-09T04:00:00+00:00,,,Photovoltaic,Not Started,,2025-06-01T04:00:00+00:00,,DPP-2021,West,Phase 2,NRIS,200.0,200.0,0.0,0.0,
J1853,,,Des Moines,IA,Denmark - Newport,ITC MIDWEST,Battery Storage,50.0,50.0,50.0,2021-08-17T04:00:00+00:00,Withdrawn,,2023-10-09T04:00:00+00:00,,,Battery Storage,Not Started,,2024-10-01T04:00:00+00:00,,DPP-2021,West,Phase 2,NRIS,0.0,0.0,0.0,0.0,
J1856,,,Jackson,AR,SHOFFNER - NEWPORT,"ENTERGY ARKANSAS, LLC EATO",Solar,150.0,150.0,150.0,2021-11-17T05:00:00+00:00,Done,,,,,Photovoltaic,Not Started,,2026-04-15T04:00:00+00:00,,DPP-2021,South,Phase 3,NRIS,147.0,147.0,140.0,0.0,
J1858,,,Mississippi,AR,Sandy Bayou,"ENTERGY ARKANSAS, LLC EATO",Solar,440.0,440.0,440.0,2021-11-30T05:00:00+00:00,Done,2028-03-20T04:00:00+00:00,,,,Photovoltaic,Not Started,,2026-04-15T04:00:00+00:00,,DPP-2021,South,Phase 3,NRIS,440.0,440.0,440.0,0.0,
J1759,,,Sabine,LA,Fisher to Mansfield Compressor 230 kV,CLECO POWER LLC CLEC,Battery Storage,0.0,0.0,0.0,2020-06-23T04:00:00+00:00,Done,2025-03-01T05:00:00+00:00,,,,Battery Storage,Not Started,,2024-01-15T05:00:00+00:00,2023-08-04T04:00:00+00:00,DPP-2020,South,GIA,NRIS,0.0,0.0,0.0,0.0,
J1760,,,Liberty,TX,Timberland 230kV,"ENTERGY TEXAS, INC. ETTO",Solar,205.0,205.0,205.0,2020-06-15T04:00:00+00:00,Done,2023-06-01T04:00:00+00:00,,,,Photovoltaic,Not Started,2023-01-18T05:00:00+00:00,2023-10-01T04:00:00+00:00,2023-01-18T05:00:00+00:00,DPP-2020,South,GIA,NRIS,215.0,60.0,205.0,60.0,
J1885,,,Henderson,KY,REID EHV 345 KV SUBSTATION,BIG RIVERS ELECTRIC CORPORATION BREC,Solar,300.0,300.0,300.0,2021-08-17T04:00:00+00:00,Withdrawn,,2021-12-08T05:00:00+00:00,,,Photovoltaic,Not Started,,2025-04-01T04:00:00+00:00,,DPP-2021,Central,Phase 2,NRIS,0.0,0.0,0.0,0.0,
J1765,,,Tipton,IN,Tipton West Substation 230kV,"DUKE ENERGY INDIANA, LLC CIN",Solar,93.2,93.2,93.2,2020-06-11T04:00:00+00:00,Withdrawn,,2023-07-17T04:00:00+00:00,,,Photovoltaic,Not Started,,2023-10-01T04:00:00+00:00,,DPP-2020,Central,GIA,NRIS,0.0,0.0,0.0,0.0,
J1843,,,Dane,WI,Christiana 138 kV,AMERICAN TRANSMISSION COMPANY,Gas,12.0,12.0,12.0,2022-01-06T05:00:00+00:00,Withdrawn,,2023-06-22T04:00:00+00:00,,,Combustion Turbine (Simple Cycle),Not Started,,2023-03-15T04:00:00+00:00,,DPP-2020,East (ATC),GIA,NRIS,12.0,12.0,12.0,12.0,
J1845,,,Calhoun,MI,18BATTLC,METC,Battery Storage,100.0,100.0,100.0,2020-12-31T05:00:00+00:00,Active,2028-08-29T04:00:00+00:00,,,,Battery Storage,Not Started,,2025-10-06T04:00:00+00:00,,DPP-2021,East (ITC),Phase 3,NRIS,100.0,100.0,100.0,100.0,
J1895,,,Kenosha,WI,Balsam,AMERICAN TRANSMISSION COMPANY,Battery Storage,200.0,200.0,200.0,2023-10-03T04:00:00+00:00,Active,,,,,Battery Storage,Not Started,,2024-09-30T04:00:00+00:00,,DPP-2021,East (ATC),Phase 3,NRIS,200.0,200.0,200.0,200.0,
J1897,,,Mississippi,AR,DELL EHV - SAN SOUCI 500.0kV,"ENTERGY ARKANSAS, LLC EATO",Hybrid,500.0,500.0,500.0,2021-12-14T05:00:00+00:00,Done,2027-10-22T04:00:00+00:00,,,,Solar/Battery,Not Started,,2024-08-15T04:00:00+00:00,,DPP-2021,South,Phase 3,NRIS,500.0,500.0,500.0,425.0,
J1903,,,Osceola,IA,"Osceola (43.431167, -95.416667)",ITC MIDWEST,Wind,140.0,140.0,140.0,2021-08-03T04:00:00+00:00,Withdrawn,,2025-10-27T04:00:00+00:00,,,Wind Turbine,Not Started,,2024-10-31T04:00:00+00:00,,DPP-2021,West,Phase 2,NRIS-Only,0.0,140.0,0.0,0.0,
J1904,,,Acadia,LA,Richard 138 kV,"ENTERGY LOUISIANA, LLC ELTO",Solar,100.0,100.0,100.0,2021-08-17T04:00:00+00:00,Done,2028-11-08T05:00:00+00:00,,,,Photovoltaic,Not Started,,2025-11-08T05:00:00+00:00,,DPP-2021,South,Phase 3,NRIS,100.0,0.0,100.0,0.0,
J1754,,,McHenry,ND,McHenry ND,GREAT RIVER ENERGY,Wind,200.0,200.0,200.0,2020-06-25T04:00:00+00:00,Withdrawn,,2022-12-12T05:00:00+00:00,,,Wind Turbine,Not Started,,2023-04-01T04:00:00+00:00,,DPP-2020,West,GIA,NRIS,200.0,200.0,0.0,0.0,
J1866,,,Clark,WI,T Corners 115kV Sub,NORTHERN STATES POWER COMPANY,Wind,125.0,125.0,125.0,2021-08-16T04:00:00+00:00,Withdrawn,,2023-10-09T04:00:00+00:00,,,Wind Turbine,Not Started,,2024-09-15T04:00:00+00:00,,DPP-2021,West,Phase 2,NRIS,0.0,0.0,0.0,0.0,
J1747,,,Madison,MS,J830 POI,"ENTERGY MISSISSIPPI, LLC. EMTO",Solar,50.0,50.0,50.0,2020-06-23T04:00:00+00:00,Done,2024-07-31T04:00:00+00:00,,,,Photovoltaic,Under Construction,,2022-02-28T05:00:00+00:00,2022-12-02T05:00:00+00:00,DPP-2020,South,GIA,NRIS,50.0,50.0,50.0,50.0,
J1752,,,Portage,WI,Golden Sands - Arnott (O-119),AMERICAN TRANSMISSION COMPANY,Solar,148.1,148.1,148.1,2022-05-06T04:00:00+00:00,Done,2026-08-01T04:00:00+00:00,,,,Photovoltaic,Under Construction,,2023-08-01T04:00:00+00:00,,DPP-2020,East (ATC),GIA,NRIS,148.1,148.1,148.1,148.1,
J1868,,,Winn,LA,Winnfield to Standard 115kV,"ENTERGY LOUISIANA, LLC ELTO",Solar,260.0,260.0,260.0,2021-08-16T04:00:00+00:00,Withdrawn,,2023-10-25T04:00:00+00:00,,,Photovoltaic,Not Started,,2024-09-15T04:00:00+00:00,,DPP-2021,South,Phase 3,NRIS,0.0,0.0,0.0,0.0,
J1756,,,Shelby,IN,Gwynneville to Sunnyside 345kV,INDIANAPOLIS POWER & LIGHT COMPANY,Hybrid,309.0,309.0,309.0,2020-06-25T04:00:00+00:00,Withdrawn,,2023-07-17T04:00:00+00:00,,,Solar/Battery,Not Started,,2023-03-31T04:00:00+00:00,,DPP-2020,Central,GIA,NRIS,0.0,0.0,0.0,0.0,
J1871,,,Tangipahoa,LA,Independence Substation 230kV,"ENTERGY LOUISIANA, LLC ELTO",Battery Storage,60.0,60.0,60.0,2021-08-16T04:00:00+00:00,Withdrawn,,2025-03-07T05:00:00+00:00,,,Battery Storage,Not Started,,2024-09-15T04:00:00+00:00,,DPP-2021,South,Phase 3,NRIS,60.0,60.0,0.0,0.0,
J1758,,,Barnes,ND,Pillsburry Substation  230kV,NORTHERN STATES POWER COMPANY,Wind,42.0,42.0,42.0,2020-06-24T04:00:00+00:00,Withdrawn,,2020-10-08T04:00:00+00:00,,,Wind Turbine,Not Started,,2023-12-01T05:00:00+00:00,,DPP-2020,West,GIA,NRIS,0.0,0.0,0.0,0.0,
J1874,,,Union,AR,El Dorado 500kV Substation,"ENTERGY ARKANSAS, LLC EATO",Battery Storage,75.0,75.0,75.0,2021-08-16T04:00:00+00:00,Withdrawn,,2025-03-07T05:00:00+00:00,,,Battery Storage,Not Started,,2024-09-15T04:00:00+00:00,,DPP-2021,South,Phase 3,NRIS,75.0,75.0,0.0,0.0,
J1877,,,Decatur,IN,Greensburg 138kV,"DUKE ENERGY INDIANA, LLC CIN",Battery Storage,45.0,45.0,45.0,2022-03-28T04:00:00+00:00,Withdrawn,,2024-10-08T04:00:00+00:00,,,Battery Storage,Not Started,,2024-09-15T04:00:00+00:00,,DPP-2021,Central,Phase 2,NRIS,0.0,0.0,0.0,0.0,
J1905,,,Sanilac,MI,Banner-Rapson 345kV Transmission Line,ITC,Solar,200.0,200.0,200.0,2021-08-23T04:00:00+00:00,Withdrawn,,2023-09-06T04:00:00+00:00,,,Photovoltaic,Not Started,,2023-11-01T04:00:00+00:00,,DPP-2021,East (ITC),Phase 3,NRIS,0.0,0.0,0.0,0.0,
J1910,,,Bay,MI,Gallagher-Tittabawassee 345kV Transmission Line,METC,Solar,200.0,200.0,200.0,2021-08-24T04:00:00+00:00,Withdrawn,,2023-09-06T04:00:00+00:00,,,Photovoltaic,Not Started,,2023-11-01T04:00:00+00:00,,DPP-2021,East (ITC),Phase 3,NRIS,0.0,0.0,0.0,0.0,
J1911,,,Livingston,MI,Madrid - Blackfoot 345kV,ITC,Solar,200.0,200.0,200.0,2021-08-22T04:00:00+00:00,Withdrawn,,2023-09-06T04:00:00+00:00,,,Photovoltaic,Not Started,,2023-11-01T04:00:00+00:00,,DPP-2021,East (ITC),Phase 3,NRIS,0.0,0.0,0.0,0.0,
J1776,,,Osceola,IA,Dickinson County Switch Yard 161kV,ITC MIDWEST,Wind,34.0,34.0,34.0,2020-06-25T04:00:00+00:00,Withdrawn,,2020-10-08T04:00:00+00:00,,,Wind Turbine,Not Started,,2023-12-01T05:00:00+00:00,,DPP-2020,West,GIA,NRIS-Only,0.0,0.0,0.0,0.0,
J1893,,,Morton,ND,Mandan 230 kV,MONTANA-DAKOTA UTILITIES CO.MDU,Wind,500.0,500.0,500.0,2021-11-01T04:00:00+00:00,Withdrawn,,2025-10-27T04:00:00+00:00,,,Wind Turbine,Not Started,,2024-04-01T04:00:00+00:00,,DPP-2021,West,Phase 2,NRIS,500.0,500.0,0.0,0.0,
J1767,,,Hancock,IA,Burt to Emery  161kV,ITC MIDWEST,Wind,37.0,37.0,37.0,2020-06-25T04:00:00+00:00,Withdrawn,,2020-10-08T04:00:00+00:00,,,Wind Turbine,Not Started,,2023-12-01T05:00:00+00:00,,DPP-2020,West,GIA,NRIS-Only,0.0,0.0,0.0,0.0,
J1899,,,Mississippi,AR,DELL EHV - SAN SOUCI 500.0kV,"ENTERGY ARKANSAS, LLC EATO",Hybrid,500.0,500.0,500.0,2021-12-22T05:00:00+00:00,Done,2027-10-22T04:00:00+00:00,,,,Solar/Battery,Not Started,,2024-08-15T04:00:00+00:00,,DPP-2021,South,Phase 3,NRIS,500.0,500.0,500.0,425.0,
J1770,,,Vermilion,IL,Hoopston 138kV,AMEREN ILLINOIS,Wind,150.0,150.0,150.0,2020-06-19T04:00:00+00:00,Withdrawn,,2024-09-03T04:00:00+00:00,,,Wind Turbine,Not Started,,2024-10-31T04:00:00+00:00,,DPP-2020,Central,GIA,ERIS,150.0,0.0,0.0,0.0,
J1901,,,Webster,KY,South Henderson,BIG RIVERS ELECTRIC CORPORATION BREC,Battery Storage,200.0,200.0,200.0,2022-03-25T04:00:00+00:00,Withdrawn,,2025-12-18T05:00:00+00:00,,,Battery Storage,Not Started,,2024-09-30T04:00:00+00:00,,DPP-2021,Central,Phase 2,NRIS,200.0,200.0,0.0,0.0,
J1902,,,Wayne,MI,IRONTON,ITC,Battery Storage,200.0,200.0,200.0,2021-08-13T04:00:00+00:00,Active,2027-06-01T04:00:00+00:00,,,,Battery Storage,Not Started,,2024-09-30T04:00:00+00:00,,DPP-2021,East (ITC),Phase 3,NRIS,200.0,200.0,200.0,200.0,
J1862,,,Clinton,MI,Bingham West 138kV,METC,Battery Storage,45.0,45.0,45.0,2021-08-16T04:00:00+00:00,Withdrawn,,2025-03-03T05:00:00+00:00,,,Battery Storage,Not Started,,2024-09-15T04:00:00+00:00,,DPP-2021,East (ITC),Phase 3,NRIS,45.0,45.0,0.0,0.0,
J1757,,,Coles,IL,Kansas - Faraday 345 kV,AMEREN TRANSMISSION COMPANY OF ILLINOIS,Wind,300.0,300.0,300.0,2020-06-24T04:00:00+00:00,Withdrawn,,2020-12-14T05:00:00+00:00,,,Wind Turbine,Not Started,,2023-04-20T04:00:00+00:00,,DPP-2020,Central,GIA,NRIS,0.0,0.0,0.0,0.0,
J1872,,,Union,AR,El Dorado 500kV Substation,"ENTERGY ARKANSAS, LLC EATO",Solar,250.0,250.0,250.0,2021-08-16T04:00:00+00:00,Done,2028-11-01T04:00:00+00:00,,,,Photovoltaic,Not Started,,2024-09-15T04:00:00+00:00,,DPP-2021,South,Phase 3,NRIS,250.0,250.0,250.0,0.0,
J1875,,,Union,AR,El Dorado 500kV Substation,"ENTERGY ARKANSAS, LLC EATO",Battery Storage,75.0,75.0,75.0,2021-08-16T04:00:00+00:00,Withdrawn,,2025-03-07T05:00:00+00:00,,,Battery Storage,Not Started,,2024-09-15T04:00:00+00:00,,DPP-2021,South,Phase 3,NRIS,75.0,75.0,0.0,0.0,
J1907,,,Newton,TX,Other,"ENTERGY TEXAS, INC. ETTO",Battery Storage,100.0,100.0,100.0,2021-08-12T04:00:00+00:00,Withdrawn,,2025-03-07T05:00:00+00:00,,,Battery Storage,Not Started,,2022-12-02T05:00:00+00:00,,DPP-2021,South,Phase 3,NRIS,100.0,100.0,0.0,0.0,
J1774,,,Warren,IN,Cayuga 345kV,"DUKE ENERGY INDIANA, LLC CIN",Wind,50.0,50.0,50.0,2020-06-24T04:00:00+00:00,Withdrawn,,2023-07-20T04:00:00+00:00,,,Wind Turbine,Not Started,,2023-05-01T04:00:00+00:00,,DPP-2020,Central,GIA,NRIS-Only,0.0,0.0,0.0,0.0,
J1908,,,Evangeline,LA,Cocodrie,CLECO POWER LLC CLEC,Battery Storage,100.0,100.0,100.0,2021-08-12T04:00:00+00:00,Withdrawn,,2025-03-07T05:00:00+00:00,,,Battery Storage,Not Started,,2022-12-02T05:00:00+00:00,,DPP-2021,South,Phase 3,NRIS,100.0,100.0,0.0,0.0,
J1909,,,Bay,MI,Gallagher-Tittabawassee 345kV Transmission Line,METC,Solar,200.0,200.0,200.0,2021-08-24T04:00:00+00:00,Withdrawn,,2023-09-06T04:00:00+00:00,,,Photovoltaic,Not Started,,2023-11-01T04:00:00+00:00,,DPP-2021,East (ITC),Phase 3,NRIS,0.0,0.0,0.0,0.0,
J1876,,,Decatur,IN,Greensburg,"DUKE ENERGY INDIANA, LLC CIN",Solar,140.0,140.0,140.0,2022-03-28T04:00:00+00:00,Withdrawn,,2025-12-18T05:00:00+00:00,,,Photovoltaic,Not Started,,2024-09-15T04:00:00+00:00,,DPP-2021,Central,Phase 2,NRIS,140.0,140.0,0.0,0.0,
J1761,,,Barnes,ND,Maple River 230kV,NORTHERN STATES POWER COMPANY,Wind,39.0,39.0,39.0,2020-06-24T04:00:00+00:00,Withdrawn,,2020-10-08T04:00:00+00:00,,,Wind Turbine,Not Started,,2023-12-01T05:00:00+00:00,,DPP-2020,West,GIA,E-NRIS,0.0,0.0,0.0,0.0,
J1870,,,Tangipahoa,LA,Independence Substation 230kV,"ENTERGY LOUISIANA, LLC ELTO",Solar,200.0,200.0,200.0,2021-08-16T04:00:00+00:00,Done,2028-05-01T04:00:00+00:00,,,,Photovoltaic,Not Started,,2024-09-15T04:00:00+00:00,,DPP-2021,South,Phase 3,NRIS,200.0,200.0,180.0,0.0,
J1873,,,Union,AR,El Dorado 500kV Substation,"ENTERGY ARKANSAS, LLC EATO",Solar,250.0,250.0,250.0,2021-08-16T04:00:00+00:00,Done,2028-11-01T04:00:00+00:00,,,,Photovoltaic,Not Started,,2024-09-15T04:00:00+00:00,,DPP-2021,South,Phase 3,NRIS,250.0,250.0,250.0,0.0,
J1880,,,Ottawa,MI,Argenta to Tallmadge 345kV (33 miles from Argenta),METC,Battery Storage,60.0,60.0,60.0,2021-08-16T04:00:00+00:00,Active,2027-09-15T04:00:00+00:00,,,,Battery Storage,Not Started,,2024-09-15T04:00:00+00:00,,DPP-2021,East (ITC),Phase 3,NRIS,60.0,60.0,60.0,60.0,
J1882,,,Tazewell,IL,San Jose Rail 138kV,AMEREN ILLINOIS,Battery Storage,45.0,45.0,45.0,2022-03-28T04:00:00+00:00,Pending Transfer,,,,,Battery Storage,Not Started,,2024-09-15T04:00:00+00:00,,DPP-2021,Central,Phase 2,NRIS,45.0,45.0,45.0,45.0,
J1763,,,Cavalier,ND,Langdon Substation 115kV,OTTER TAIL POWER COMPANY OTP,Wind,33.0,33.0,33.0,2020-06-25T04:00:00+00:00,Withdrawn,,2020-12-21T05:00:00+00:00,,,Wind Turbine,Not Started,,2023-12-01T05:00:00+00:00,,DPP-2020,West,GIA,NRIS-Only,0.0,0.0,0.0,0.0,
J1884,,,Columbia,WI,Columbia 345 kV,AMERICAN TRANSMISSION COMPANY,Battery Storage,200.0,200.0,200.0,2021-08-12T04:00:00+00:00,Withdrawn,,2024-10-01T04:00:00+00:00,,,Battery Storage,Not Started,,2024-10-30T04:00:00+00:00,,DPP-2021,East (ATC),Phase 3,NRIS,200.0,200.0,0.0,0.0,
J1762,,,Iron,MI,Crystal Falls - Aspen 69 kV,AMERICAN TRANSMISSION COMPANY,Solar,22.5,22.5,22.5,2020-06-24T04:00:00+00:00,Withdrawn,,2021-02-19T05:00:00+00:00,,,Photovoltaic,Not Started,,2023-09-15T04:00:00+00:00,,DPP-2020,East (ATC),GIA,NRIS,0.0,0.0,0.0,0.0,
J1883,,,Ouachita,LA,Rilla 115kV,"ENTERGY LOUISIANA, LLC ELTO",Solar,100.0,100.0,100.0,2021-07-21T04:00:00+00:00,Withdrawn,,2025-03-07T05:00:00+00:00,,,Photovoltaic,Not Started,,2023-06-10T04:00:00+00:00,,DPP-2021,South,Phase 3,NRIS-Only,0.0,100.0,0.0,0.0,
J1886,,,Henderson,KY,REID EHV 345 KV SUBSTATION,BIG RIVERS ELECTRIC CORPORATION BREC,Solar,300.0,300.0,300.0,2021-08-17T04:00:00+00:00,Withdrawn,,2022-11-22T05:00:00+00:00,,,Photovoltaic,Not Started,,2025-04-01T04:00:00+00:00,,DPP-2021,Central,Phase 2,NRIS,0.0,0.0,0.0,0.0,
J1888,,,Oliver,ND,Square Butte 230 kV Substation East,MINNESOTA POWER INC.,Wind,175.0,175.0,175.0,2022-01-25T05:00:00+00:00,Withdrawn,,2025-10-27T04:00:00+00:00,,,Wind Turbine,Not Started,,2024-04-01T04:00:00+00:00,,DPP-2021,West,Phase 2,NRIS,175.0,175.0,0.0,0.0,
J1764,,,Perry,MO,Seminary/Perryville 138kV,"WABASH VALLEY POWER ASSOCIATION, INC.",Solar,125.0,125.0,125.0,2020-06-24T04:00:00+00:00,Withdrawn,,2020-12-01T05:00:00+00:00,,,Photovoltaic,Not Started,,2023-09-01T04:00:00+00:00,,DPP-2020,Central,GIA,NRIS,0.0,0.0,0.0,0.0,
J1766,,,Fallon,MT,Keystone XL (Pumping station - 14) - 115kV,MONTANA-DAKOTA UTILITIES CO.MDU,Hybrid,20.0,20.0,20.0,2020-06-24T04:00:00+00:00,Withdrawn,,2021-11-17T05:00:00+00:00,,,Solar/Battery,Not Started,,2023-10-15T04:00:00+00:00,,DPP-2020,West,GIA,NRIS,0.0,0.0,0.0,0.0,
J1894,,,Kalamazoo,MI,Jaguar 138 kV,METC,Battery Storage,200.0,200.0,200.0,2021-10-29T04:00:00+00:00,Active,2029-02-08T05:00:00+00:00,,,,Battery Storage,Not Started,,2024-09-30T04:00:00+00:00,,DPP-2021,East (ITC),Phase 3,NRIS,200.0,200.0,200.0,200.0,
J1769,,,Howard,IA,Beaver Creek to Rice 161 kV line tap (same POI as J898),DAIRYLAND POWER COOPERATIVE DPC,Wind,120.0,120.0,120.0,2020-06-25T04:00:00+00:00,Done,2026-09-01T04:00:00+00:00,,,,Wind Turbine,Not Started,,2023-10-01T04:00:00+00:00,,DPP-2020,West,GIA,NRIS,80.0,0.0,80.0,0.0,
J1900,,,Wayne,MI,Brownstown 12  120kV,ITC,Battery Storage,200.0,200.0,200.0,2021-08-13T04:00:00+00:00,Active,2028-10-15T04:00:00+00:00,,,,Battery Storage,Not Started,,2024-09-30T04:00:00+00:00,,DPP-2021,East (ITC),Phase 3,NRIS,200.0,200.0,200.0,200.0,
J1906,,,Washington,LA,BOGALUSA,"ENTERGY LOUISIANA, LLC ELTO",Battery Storage,100.0,100.0,100.0,2021-08-12T04:00:00+00:00,Withdrawn,,2025-03-07T05:00:00+00:00,,,Battery Storage,Not Started,,2022-12-02T05:00:00+00:00,,DPP-2021,South,Phase 3,NRIS,100.0,100.0,0.0,0.0,
J1779,,,Dane,WI,Rockdale,AMERICAN TRANSMISSION COMPANY,Hybrid,200.0,200.0,200.0,2021-09-01T04:00:00+00:00,Done,2027-10-27T04:00:00+00:00,,,,Solar/Battery,Not Started,,2024-10-31T04:00:00+00:00,,DPP-2020,East (ATC),GIA,NRIS,200.0,200.0,200.0,200.0,
J1922,,,Bay,MI,Cottage Grove-Karn 138 kV,METC,Solar,150.0,150.0,150.0,2021-08-19T04:00:00+00:00,Withdrawn,,2023-09-06T04:00:00+00:00,,,Photovoltaic,Not Started,,2023-11-01T04:00:00+00:00,,DPP-2021,East (ITC),Phase 3,NRIS,0.0,0.0,0.0,0.0,
J1889,,,Linn,IA,Mount Vernon,ITC MIDWEST,Solar,60.0,60.0,60.0,2021-08-04T04:00:00+00:00,Active,,,,,Photovoltaic,Not Started,,2025-06-30T04:00:00+00:00,,DPP-2021,West,Phase 2,NRIS,60.0,60.0,60.0,60.0,
J1890,,,Sabine,LA,HARTBURG - AEP LAYFIELD 500.0kV,,Solar,270.0,270.0,270.0,2025-04-17T04:00:00+00:00,Done,2027-09-30T04:00:00+00:00,,,,Photovoltaic,Not Started,,2024-09-30T04:00:00+00:00,,DPP-2021,South,Phase 3,NRIS,270.0,270.0,270.0,270.0,
J1891,,,Attala,MS,230 kV McAdams Substation,"ENTERGY MISSISSIPPI, LLC. EMTO",Hybrid,200.0,200.0,200.0,2021-08-19T04:00:00+00:00,Done,2027-12-31T05:00:00+00:00,,,,Solar/Battery,Not Started,,2024-10-31T04:00:00+00:00,,DPP-2021,South,Phase 3,NRIS,200.0,200.0,200.0,200.0,
J1768,,,Orange,IN,Lost River Substation  345,"DUKE ENERGY INDIANA, LLC CIN",Solar,200.0,200.0,200.0,2020-06-16T04:00:00+00:00,Withdrawn,,2020-12-18T05:00:00+00:00,,,Photovoltaic,Not Started,,2023-04-01T04:00:00+00:00,,DPP-2020,Central,GIA,NRIS,0.0,0.0,0.0,0.0,
J1898,,,Olmsted,MN,Byron 161 kV,SOUTHERN MINNESOTA MUNICIPAL POWER AGENCY,Battery Storage,200.0,200.0,200.0,2021-08-13T04:00:00+00:00,Active,2027-10-31T04:00:00+00:00,,,,Battery Storage,Under Construction,,2024-09-30T04:00:00+00:00,,DPP-2021,West,Phase 2,NRIS,200.0,200.0,200.0,200.0,
J1771,,,Cumberland,IL,Casey - Sullivan 345 kV,AMEREN ILLINOIS,Solar,197.3,197.3,197.3,2020-06-25T04:00:00+00:00,Withdrawn,,2021-03-15T04:00:00+00:00,,,Photovoltaic,Not Started,,2023-08-01T04:00:00+00:00,,DPP-2020,Central,GIA,NRIS,0.0,0.0,0.0,0.0,
J1918,,,Montcalm,MI,KENOWA - NELSON ROAD 345.0kV,METC,Solar,132.0,132.0,132.0,2021-08-24T04:00:00+00:00,LEGACY: Done,2026-01-09T05:00:00+00:00,,,,Photovoltaic,In Service,,2023-11-01T04:00:00+00:00,,DPP-2021,East (ITC),Phase 3,NRIS,132.0,132.0,132.0,132.0,
J1781,,,Iowa,WI,Hill Valley 345kV,AMERICAN TRANSMISSION COMPANY,Wind,300.0,300.0,300.0,2020-06-22T04:00:00+00:00,Done,2027-04-01T04:00:00+00:00,,,,Wind Turbine,Under Construction,,2024-04-15T04:00:00+00:00,,DPP-2020,East (ATC),GIA,NRIS,300.0,300.0,300.0,300.0,
J1772,,,White,IN,Reynolds 345KV,NORTHERN INDIANA PUBLIC SERVICE COMPANY LLC NIPS,Solar,200.0,200.0,200.0,2020-06-22T04:00:00+00:00,Done,2026-03-31T04:00:00+00:00,,,,Photovoltaic,Not Started,,2023-08-31T04:00:00+00:00,,DPP-2020,Central,GIA,NRIS,200.0,200.0,200.0,200.0,
J1773,,,Lafayette,WI,Hill Valley to Cardinal 345kV,AMERICAN TRANSMISSION COMPANY,Wind,300.0,300.0,300.0,2020-06-22T04:00:00+00:00,Done,2027-04-01T04:00:00+00:00,,,,Wind Turbine,Not Started,,2024-04-15T04:00:00+00:00,,DPP-2020,East (ATC),GIA,NRIS,300.0,300.0,300.0,300.0,
J1925,,,Livingston,MI,Tihart-Latson 138 kV,METC,Solar,100.0,100.0,100.0,2021-08-17T04:00:00+00:00,Withdrawn,,2023-09-06T04:00:00+00:00,,,Photovoltaic,Not Started,,2023-11-01T04:00:00+00:00,,DPP-2021,East (ITC),Phase 3,NRIS,0.0,0.0,0.0,0.0,
J1784,,,Henry,IN,New Castle to Hagerstown 69 kV,"DUKE ENERGY INDIANA, LLC CIN",Solar,39.0,39.0,39.0,2020-06-23T04:00:00+00:00,Withdrawn,,2023-07-17T04:00:00+00:00,,,Photovoltaic,Not Started,,2023-09-01T04:00:00+00:00,,DPP-2020,Central,GIA,NRIS,0.0,0.0,0.0,0.0,
J1923,,,Huron,MI,Rapson 120 kV substation,ITC,Solar,200.0,200.0,200.0,2021-08-19T04:00:00+00:00,Withdrawn,,2021-12-22T05:00:00+00:00,,,Photovoltaic,Not Started,,2023-11-01T04:00:00+00:00,,DPP-2021,East (ITC),Phase 3,NRIS,0.0,0.0,0.0,0.0,
J1924,,,Bay,MI,Cottage Grove-Seven Mile 138 kV,METC,Solar,150.0,150.0,150.0,2021-08-22T04:00:00+00:00,Withdrawn,,2023-09-06T04:00:00+00:00,,,Photovoltaic,Not Started,,2023-11-01T04:00:00+00:00,,DPP-2021,East (ITC),Phase 3,NRIS,0.0,0.0,0.0,0.0,
J1785,,,LaPorte,IN,Maple 69 kV,NORTHERN INDIANA PUBLIC SERVICE COMPANY LLC NIPS,Solar,100.0,100.0,100.0,2022-01-11T05:00:00+00:00,Withdrawn,,2026-01-09T05:00:00+00:00,,,Photovoltaic,Not Started,,2024-07-12T04:00:00+00:00,,DPP-2020,Central,GIA,NRIS,100.0,100.0,90.0,90.0,
J1929,,,Cheboygan,MI,Other_,METC,Solar,110.0,110.0,110.0,2021-08-24T04:00:00+00:00,Active,2028-09-25T04:00:00+00:00,,,,Photovoltaic,Not Started,,2025-10-01T04:00:00+00:00,,DPP-2021,East (ITC),Phase 3,NRIS,110.0,110.0,110.0,110.0,
J1926,,,Tazewell,IL,Mackinaw,AMEREN ILLINOIS,Wind,200.0,200.0,200.0,2022-03-23T04:00:00+00:00,Active,,,,,Wind Turbine,Not Started,,2025-10-01T04:00:00+00:00,,DPP-2021,Central,Phase 2,NRIS,200.0,200.0,200.0,60.0,
J1787,,,Hinds,MS,Beech Grove - Ray Braswell 115 kV,"ENTERGY MISSISSIPPI, LLC. EMTO",Battery Storage,0.0,0.0,0.0,2020-06-25T04:00:00+00:00,Withdrawn,,2020-09-22T04:00:00+00:00,,,Battery Storage,Not Started,,2023-10-31T04:00:00+00:00,,DPP-2020,South,GIA,NRIS,0.0,0.0,0.0,0.0,
J1786,,,Sullivan,IN,Gibson Sta - Merom (HED) 345.0kV,"DUKE ENERGY INDIANA, LLC CIN",Solar,200.0,200.0,200.0,2020-06-24T04:00:00+00:00,Done,2026-06-01T04:00:00+00:00,,,,Photovoltaic,Not Started,,2023-06-01T04:00:00+00:00,,DPP-2020,Central,GIA,NRIS,200.0,200.0,200.0,0.0,
J1934,,,Kenosha,WI,Lakeview 138kV,AMERICAN TRANSMISSION COMPANY,Battery Storage,150.0,150.0,150.0,2021-08-24T04:00:00+00:00,Active,2028-10-01T04:00:00+00:00,,,,Battery Storage,Not Started,,2025-10-01T04:00:00+00:00,,DPP-2021,East (ATC),Phase 3,NRIS,150.0,150.0,150.0,150.0,
J1931,,,Iowa,WI,Hill Valley 345kV,AMERICAN TRANSMISSION COMPANY,Wind,40.0,40.0,40.0,2021-11-30T05:00:00+00:00,Active,2027-07-01T04:00:00+00:00,,,,Wind Turbine,Not Started,,2025-10-01T04:00:00+00:00,,DPP-2021,East (ATC),Phase 3,NRIS,40.0,12.0,40.0,12.0,
J1788,,,St. Mary,LA,Caneland 230 kV,CLECO POWER LLC CLEC,Solar,120.0,120.0,120.0,2020-06-25T04:00:00+00:00,Withdrawn,,2020-09-24T04:00:00+00:00,,,Photovoltaic,Not Started,,2023-02-28T05:00:00+00:00,,DPP-2020,South,GIA,NRIS,0.0,0.0,0.0,0.0,
J1935,,,Dane,WI,N. Madison 69kV,AMERICAN TRANSMISSION COMPANY,Solar,50.0,50.0,50.0,2021-11-29T05:00:00+00:00,Active,,,,,Photovoltaic,Not Started,,2025-10-01T04:00:00+00:00,,DPP-2021,East (ATC),Phase 3,NRIS,50.0,50.0,50.0,50.0,
J1790,,,Ashley,AR,Crossett - Monticello East 115 kV Line,"ENTERGY ARKANSAS, LLC EATO",Battery Storage,0.0,0.0,0.0,2020-06-25T04:00:00+00:00,Withdrawn,,2023-02-16T05:00:00+00:00,,,Battery Storage,Not Started,,2022-03-01T05:00:00+00:00,2022-11-28T05:00:00+00:00,DPP-2020,South,GIA,NRIS,0.0,0.0,0.0,0.0,
J1775,,,Calumet,WI,Forest Junction Substation 345kV,AMERICAN TRANSMISSION COMPANY,Solar,150.0,150.0,150.0,2020-06-25T04:00:00+00:00,Withdrawn,,2020-11-11T05:00:00+00:00,,,Photovoltaic,Not Started,,2023-12-01T05:00:00+00:00,,DPP-2020,East (ATC),GIA,NRIS,0.0,0.0,0.0,0.0,
J1915,,,Bay,MI,Almeda Junction-Shale 138kV Transmission Line,METC,Solar,150.0,150.0,150.0,2021-08-22T04:00:00+00:00,Withdrawn,,2023-09-06T04:00:00+00:00,,,Photovoltaic,Not Started,,2023-11-01T04:00:00+00:00,,DPP-2021,East (ITC),Phase 3,NRIS,0.0,0.0,0.0,0.0,
J1780,,,Montgomery,IN,Other_,"DUKE ENERGY INDIANA, LLC CIN",Solar,200.0,200.0,200.0,2020-06-23T04:00:00+00:00,Done,2026-08-15T04:00:00+00:00,,,,Photovoltaic,Not Started,,2023-08-15T04:00:00+00:00,,DPP-2020,Central,GIA,NRIS,200.0,200.0,200.0,200.0,
J1921,,,Montcalm,MI,Deja- Derby Jct 138kV Transmission line,METC,Solar,125.0,125.0,125.0,2021-08-22T04:00:00+00:00,Withdrawn,,2023-09-06T04:00:00+00:00,,,Photovoltaic,Not Started,,2023-11-01T04:00:00+00:00,,DPP-2021,East (ITC),Phase 3,NRIS,0.0,0.0,0.0,0.0,
J1912,,,Sanilac,MI,Greenwood-Rapson 345kV Transmission Line,ITC,Solar,200.0,200.0,200.0,2021-08-22T04:00:00+00:00,Withdrawn,,2023-09-06T04:00:00+00:00,,,Photovoltaic,Not Started,,2023-11-01T04:00:00+00:00,,DPP-2021,East (ITC),Phase 3,NRIS,0.0,0.0,0.0,0.0,
J1913,,,Midland,MI,Murphy-Tittabawassee 345kV Transmission Line,METC,Solar,200.0,200.0,200.0,2021-08-19T04:00:00+00:00,Withdrawn,,2023-09-06T04:00:00+00:00,,,Photovoltaic,Not Started,,2023-11-01T04:00:00+00:00,,DPP-2021,East (ITC),Phase 3,NRIS,0.0,0.0,0.0,0.0,
J1777,,,Perry,IL,Aster 138kV Substation,AMEREN ILLINOIS,Solar,100.0,100.0,100.0,2020-06-25T04:00:00+00:00,Done,2026-12-31T05:00:00+00:00,,,,Photovoltaic,Not Started,,2023-09-01T04:00:00+00:00,,DPP-2020,Central,GIA,NRIS,100.0,100.0,100.0,100.0,
J1914,,,Presque Isle,MI,PORT CALCITE - ROCKPORT 138.0kV,METC,Solar,150.0,150.0,150.0,2023-10-05T04:00:00+00:00,Active,2026-06-01T04:00:00+00:00,,,,Photovoltaic,Not Started,,2023-11-01T04:00:00+00:00,,DPP-2021,East (ITC),Phase 3,NRIS,150.0,150.0,150.0,150.0,
J1778,,,Kenosha,WI,Paris 138 kV,AMERICAN TRANSMISSION COMPANY,Solar,100.0,100.0,100.0,2020-06-22T04:00:00+00:00,Done,2027-03-30T04:00:00+00:00,,,,Photovoltaic,Not Started,,2024-10-31T04:00:00+00:00,,DPP-2020,East (ATC),GIA,NRIS,100.0,50.0,100.0,50.0,
J1916,,,Branch,MI,NEWTON,Michigan Electric Transmission Company LLC,Solar,100.0,100.0,100.0,2023-10-19T04:00:00+00:00,Active,2026-03-06T05:00:00+00:00,,,,Photovoltaic,Not Started,,2023-11-01T04:00:00+00:00,,DPP-2021,East (ITC),Phase 3,NRIS,100.0,100.0,100.0,100.0,
J1917,,,Livingston,MI,MADRID - MAJESTIC 345.0kV,ITC,Solar,165.0,165.0,165.0,2021-08-19T04:00:00+00:00,Pending Revision Approval,2028-01-14T05:00:00+00:00,,,,Photovoltaic,Not Started,,2023-11-01T04:00:00+00:00,,DPP-2021,East (ITC),Phase 3,NRIS,165.0,165.0,148.5,148.5,
J1920,,,Leelanau,MI,Tuscola-Arrowhead 120kV Transmission Line,ITC,Solar,125.0,125.0,125.0,2021-08-22T04:00:00+00:00,Withdrawn,,2023-09-06T04:00:00+00:00,,,Photovoltaic,Not Started,,2023-11-01T04:00:00+00:00,,DPP-2021,East (ITC),Phase 3,NRIS,0.0,0.0,0.0,0.0,
J1782,,,Montgomery,IN,WABASH RIVER GEN. STA. TO WHITESVILLE SOUTH SUB 230kV,"DUKE ENERGY INDIANA, LLC CIN",Solar,150.0,150.0,150.0,2020-06-23T04:00:00+00:00,Withdrawn,,2026-08-10T04:00:00+00:00,,,Photovoltaic,Not Started,,2025-03-01T05:00:00+00:00,,DPP-2020,Central,GIA,NRIS,150.0,150.0,150.0,150.0,
J1783,,,Montgomery,IN,WABASH RIVER GEN. STA. TO WHITESVILLE SOUTH SUB 230 kV,"DUKE ENERGY INDIANA, LLC CIN",Solar,150.0,150.0,150.0,2020-06-23T04:00:00+00:00,Withdrawn,,2026-08-10T04:00:00+00:00,,,Photovoltaic,Not Started,,2025-03-01T05:00:00+00:00,,DPP-2020,Central,GIA,NRIS,150.0,150.0,150.0,150.0,
J1932,,,Gladwin,MI,Other_,,Solar,100.0,100.0,100.0,2021-08-24T04:00:00+00:00,Pending Revision Approval,,,,,Photovoltaic,Not Started,,2024-10-01T04:00:00+00:00,,DPP-2021,East (ITC),Phase 3,NRIS,100.0,100.0,100.0,100.0,
J1933,,,Morehouse,LA,Bastrop Tap 115kV,"ENTERGY LOUISIANA, LLC ELTO",Solar,100.0,100.0,100.0,2021-08-24T04:00:00+00:00,Withdrawn,,2023-10-25T04:00:00+00:00,,,Photovoltaic,Not Started,,2025-10-01T04:00:00+00:00,,DPP-2021,South,Phase 3,NRIS,0.0,0.0,0.0,0.0,
J1789,,,Monroe,AR,Brinkley East to Clarendon 115 kV,"ENTERGY ARKANSAS, LLC EATO",Solar,5.99,5.99,5.99,2020-06-25T04:00:00+00:00,Withdrawn,,2021-12-08T05:00:00+00:00,,,Photovoltaic,Not Started,,2021-10-01T04:00:00+00:00,,DPP-2020,South,GIA,NRIS,0.0,0.0,0.0,0.0,
J1793,,,Sheboygan,WI,Holland 138 kV,AMERICAN TRANSMISSION COMPANY,Solar,75.0,75.0,75.0,2020-06-23T04:00:00+00:00,Done,2028-06-01T04:00:00+00:00,,,,Photovoltaic,Not Started,,2025-06-01T04:00:00+00:00,,DPP-2020,East (ATC),GIA,NRIS,75.0,75.0,75.0,75.0,
J1805,,,LaPorte,IN,Maple 69 kV,NORTHERN INDIANA PUBLIC SERVICE COMPANY LLC NIPS,Battery Storage,0.0,0.0,0.0,2022-01-11T05:00:00+00:00,Withdrawn,,2026-01-09T05:00:00+00:00,,,Battery Storage,Not Started,,2024-04-12T04:00:00+00:00,,DPP-2020,Central,GIA,NRIS,0.0,0.0,0.0,0.0,
J1807,,,Washington,IN,Mount Tabor 138kV,"DUKE ENERGY INDIANA, LLC CIN",Solar,150.0,150.0,150.0,2020-06-23T04:00:00+00:00,Withdrawn,,2020-12-18T05:00:00+00:00,,,Photovoltaic,Not Started,,2023-05-01T04:00:00+00:00,,DPP-2020,Central,GIA,NRIS,0.0,0.0,0.0,0.0,
J1927,,,Muscatine,IA,Grandview Substation 69 kV,MUSCATINE POWER AND WATER,Solar,23.4,23.4,23.4,2021-12-03T05:00:00+00:00,Active,,,,,Photovoltaic,Not Started,,2027-08-01T04:00:00+00:00,,DPP-2021,West,Phase 2,NRIS,24.0,24.0,24.0,24.0,
J1930,,,Columbia,WI,N Madison - Columbia,AMERICAN TRANSMISSION COMPANY,Battery Storage,100.0,100.0,100.0,2021-08-24T04:00:00+00:00,Withdrawn,,2023-06-05T04:00:00+00:00,,,Battery Storage,Not Started,,2024-10-01T04:00:00+00:00,,DPP-2021,East (ATC),Phase 3,NRIS,0.0,0.0,0.0,0.0,
J1936,,,Portage,WI,Werner West - Rocky Run 345kV,AMERICAN TRANSMISSION COMPANY,Battery Storage,75.0,75.0,75.0,2021-11-29T05:00:00+00:00,Withdrawn,,2023-06-05T04:00:00+00:00,,,Battery Storage,Not Started,,2026-10-01T04:00:00+00:00,,DPP-2021,East (ATC),Phase 3,NRIS,0.0,0.0,0.0,0.0,
J1937,,,Portage,WI,Werner West - Rocky Run 345kV,AMERICAN TRANSMISSION COMPANY,Battery Storage,75.0,75.0,75.0,2021-11-29T05:00:00+00:00,Withdrawn,,2023-06-05T04:00:00+00:00,,,Battery Storage,Not Started,,2026-10-01T04:00:00+00:00,,DPP-2021,East (ATC),Phase 3,NRIS,0.0,0.0,0.0,0.0,
J1939,,,Saginaw,MI,CORNELL - LAYTON 138.0kV,METC,Solar,125.0,125.0,125.0,2023-10-18T04:00:00+00:00,Active,2027-12-11T05:00:00+00:00,,,,Photovoltaic,Not Started,,2023-11-01T04:00:00+00:00,,DPP-2021,East (ITC),Phase 3,NRIS,125.0,125.0,125.0,125.0,
J1940,,,Monroe,MI,Monroe-Lallendorf 345kV Transmission Line,ITC,Solar,200.0,200.0,200.0,2021-08-23T04:00:00+00:00,Withdrawn,,2023-09-06T04:00:00+00:00,,,Photovoltaic,Not Started,,2023-11-01T04:00:00+00:00,,DPP-2021,East (ITC),Phase 3,NRIS,0.0,0.0,0.0,0.0,
J1794,,,Acadia,LA,RICHARD - SCOTT 138.0kV,"ENTERGY LOUISIANA, LLC ELTO",Solar,150.0,150.0,150.0,2020-06-22T04:00:00+00:00,Done,2025-05-26T04:00:00+00:00,,,,Photovoltaic,Not Started,2022-11-18T05:00:00+00:00,2023-08-31T04:00:00+00:00,2022-11-18T05:00:00+00:00,DPP-2020,South,GIA,ERIS,150.0,0.0,150.0,0.0,
J1798,,,Wayne,MI,Waterman 120kV,ITC,Gas,25.0,0.0,25.0,2020-06-24T04:00:00+00:00,Done,2023-03-01T05:00:00+00:00,,,,Combined Cycle,Not Started,,2021-06-01T04:00:00+00:00,2023-03-08T05:00:00+00:00,DPP-2020,East (ITC),GIA,ERIS,25.0,0.0,25.0,0.0,
J1803,,,Houghton,MI,Winona-Atlantic 69 kV,AMERICAN TRANSMISSION COMPANY,Wind,1.6,1.6,1.6,2020-06-24T04:00:00+00:00,Withdrawn,,2023-02-28T05:00:00+00:00,,,Wind Turbine,Not Started,,2021-09-15T04:00:00+00:00,,DPP-2020,East (ATC),GIA,NRIS,1.6,1.6,0.0,0.0,
J1815,,,Montgomery,IN,Linden Junction - Crawfordsville 138 kV,"DUKE ENERGY INDIANA, LLC CIN",Solar,180.0,180.0,180.0,2022-03-16T04:00:00+00:00,Withdrawn,,2024-09-03T04:00:00+00:00,,,Photovoltaic,Not Started,,2023-08-01T04:00:00+00:00,,DPP-2020,Central,GIA,NRIS,130.0,130.0,0.0,0.0,
J1942,,,Monroe,MI,Seville TP-Niles TP 120 kV,ITC,Solar,100.0,100.0,100.0,2021-08-23T04:00:00+00:00,Withdrawn,,2023-09-06T04:00:00+00:00,,,Photovoltaic,Not Started,,2023-11-01T04:00:00+00:00,,DPP-2021,East (ITC),Phase 3,NRIS,0.0,0.0,0.0,0.0,
J1943,,,Columbia,WI,Columbia - North Madison 345/138 kV 345.0kV,AMERICAN TRANSMISSION COMPANY,Solar,200.0,200.0,200.0,2021-08-23T04:00:00+00:00,Active,,,,,Photovoltaic,Not Started,,2024-10-01T04:00:00+00:00,,DPP-2021,East (ATC),Phase 3,NRIS,200.0,200.0,200.0,200.0,
J1810,,,White,IN,Reynolds 345kV to Burr Oaks 345kV,NORTHERN INDIANA PUBLIC SERVICE COMPANY LLC NIPS,Hybrid,60.0,60.0,60.0,2020-06-20T04:00:00+00:00,Withdrawn,,2023-07-17T04:00:00+00:00,,,Solar/Battery,Not Started,,2023-09-01T04:00:00+00:00,,DPP-2020,Central,GIA,NRIS,0.0,0.0,0.0,0.0,
J1811,,,Independence,AR,Independence 161 kV,"ENTERGY ARKANSAS, LLC EATO",Solar,150.0,150.0,150.0,2020-06-19T04:00:00+00:00,Withdrawn,,2021-12-08T05:00:00+00:00,,,Photovoltaic,Not Started,,2023-10-31T04:00:00+00:00,,DPP-2020,South,GIA,NRIS,0.0,0.0,0.0,0.0,
J1814,,,Dickinson,MI,Nordic,AMERICAN TRANSMISSION COMPANY,Solar,22.5,22.5,22.5,2020-06-24T04:00:00+00:00,Done,2026-09-15T04:00:00+00:00,,,,Photovoltaic,Not Started,,2023-09-15T04:00:00+00:00,,DPP-2020,East (ATC),GIA,NRIS,22.5,22.5,22.5,22.5,
J1821,,,Lee,AR,WEST MEMPHIS EHV - KEO EHV 500.0kV,"ENTERGY ARKANSAS, LLC EATO",Battery Storage,0.0,0.0,0.0,2020-06-25T04:00:00+00:00,Done,2026-09-13T04:00:00+00:00,,,,Battery Storage,Not Started,,2023-09-13T04:00:00+00:00,,DPP-2020,South,GIA,NRIS,0.0,0.0,0.0,0.0,
J1797,,,St. John the Baptist,LA,Waterford 230kV,"ENTERGY LOUISIANA, LLC ELTO",Solar,100.0,100.0,100.0,2020-06-18T04:00:00+00:00,Withdrawn,,2021-12-08T05:00:00+00:00,,,Photovoltaic,Not Started,,2023-10-31T04:00:00+00:00,,DPP-2020,South,GIA,NRIS,0.0,0.0,0.0,0.0,
J1804,,,St. Croix,WI,PINE LAKE TO THREE LAKES 115 KV,NORTHERN STATES POWER COMPANY,Battery Storage,0.0,0.0,0.0,2022-02-28T05:00:00+00:00,Withdrawn,,2023-01-31T05:00:00+00:00,,,Battery Storage,Not Started,,2024-06-06T04:00:00+00:00,,DPP-2020,West,GIA,NRIS,0.0,0.0,0.0,0.0,
J1806,,,Henry,IN,Greensboro Substation 345kV,"DUKE ENERGY INDIANA, LLC CIN",Battery Storage,30.0,30.0,30.0,2020-06-20T04:00:00+00:00,Withdrawn,,2023-07-17T04:00:00+00:00,,,Battery Storage,Not Started,,2022-09-01T04:00:00+00:00,,DPP-2020,Central,GIA,NRIS,0.0,0.0,0.0,0.0,
J1808,,,Barron,WI,Barron 161 kV,DAIRYLAND POWER COOPERATIVE DPC,Solar,200.0,200.0,200.0,2020-06-25T04:00:00+00:00,Done,2026-02-28T05:00:00+00:00,,,,Photovoltaic,Not Started,,2023-02-28T05:00:00+00:00,,DPP-2020,West,GIA,NRIS,148.0,0.0,148.0,0.0,
J1809,,,Houghton,MI,Atlantic -Silver River 138 kV,AMERICAN TRANSMISSION COMPANY,Solar,62.5,62.5,62.5,2020-06-24T04:00:00+00:00,Withdrawn,,2021-02-19T05:00:00+00:00,,,Photovoltaic,Not Started,,2023-08-15T04:00:00+00:00,,DPP-2020,East (ATC),GIA,NRIS,0.0,0.0,0.0,0.0,
J1812,,,Chambers,TX,Stowell 230 kV,"ENTERGY TEXAS, INC. ETTO",Wind,294.25,294.25,294.25,2020-06-25T04:00:00+00:00,Withdrawn,,2021-12-08T05:00:00+00:00,,,Wind Turbine,Not Started,,2024-09-01T04:00:00+00:00,,DPP-2020,South,GIA,NRIS,0.0,0.0,0.0,0.0,
J1817,,,Houghton,MI,ATC WInona-Atlantic Minw 69 kV tap (J1244),AMERICAN TRANSMISSION COMPANY,Wind,20.0,20.0,20.0,2020-07-28T04:00:00+00:00,Withdrawn,,2023-02-28T05:00:00+00:00,,,Wind Turbine,Not Started,,2021-09-15T04:00:00+00:00,,DPP-2020,East (ATC),GIA,NRIS,20.0,20.0,0.0,0.0,
J1824,,,Columbia,WI,Academy 138KV,AMERICAN TRANSMISSION COMPANY,Solar,73.8,73.8,73.8,2020-06-24T04:00:00+00:00,Done,2025-12-31T05:00:00+00:00,,,,Photovoltaic,Not Started,,2024-12-31T05:00:00+00:00,,DPP-2020,East (ATC),GIA,NRIS,67.0,67.0,67.0,67.0,
J1813,,,DeSoto,MS,Entergy Freeport 230 kV Substation,"ENTERGY MISSISSIPPI, LLC. EMTO",Gas,1005.0,920.0,1005.0,2022-07-07T04:00:00+00:00,Done,2002-03-20T05:00:00+00:00,,,,Combined Cycle,Not Started,,2020-03-20T04:00:00+00:00,2022-11-15T05:00:00+00:00,DPP-2020,South,GIA,ERIS,205.0,0.0,205.0,0.0,
J1820,,,Lee,AR,WEST MEMPHIS EHV - KEO EHV 500.0kV,"ENTERGY ARKANSAS, LLC EATO",Solar,100.0,100.0,100.0,2020-06-25T04:00:00+00:00,Done,2026-09-13T04:00:00+00:00,,,,Photovoltaic,Not Started,,2023-09-13T04:00:00+00:00,,DPP-2020,South,GIA,NRIS,100.0,100.0,100.0,100.0,
J1791,,,Madison,MS,Gerald Andrus-Tinnin Road 230 kV,"ENTERGY MISSISSIPPI, LLC. EMTO",Battery Storage,0.0,0.0,0.0,2020-06-25T04:00:00+00:00,Withdrawn,,2021-12-08T05:00:00+00:00,,,Battery Storage,Not Started,,2023-10-31T04:00:00+00:00,,DPP-2020,South,GIA,NRIS,0.0,0.0,0.0,0.0,
J1938,,,Portage,WI,Werner West - Rocky Run 345kV,AMERICAN TRANSMISSION COMPANY,Solar,150.0,150.0,150.0,2021-11-29T05:00:00+00:00,Withdrawn,,2024-10-01T04:00:00+00:00,,,Photovoltaic,Not Started,,2026-10-01T04:00:00+00:00,,DPP-2021,East (ATC),Phase 3,NRIS,150.0,150.0,0.0,0.0,
J1825,,,Decatur,IN,Westport,"DUKE ENERGY INDIANA, LLC CIN",Solar,100.0,100.0,100.0,2020-06-25T04:00:00+00:00,Withdrawn,,2020-12-18T05:00:00+00:00,,,Photovoltaic,Not Started,,2024-10-01T04:00:00+00:00,,DPP-2020,Central,GIA,NRIS,0.0,0.0,0.0,0.0,
J1995,,,Richland,LA,DUNN - OAK RIDGE (LA) 115.0kV,"ENTERGY LOUISIANA, LLC ELTO",Solar,180.0,180.0,180.0,2021-08-04T04:00:00+00:00,Withdrawn,,2025-03-07T05:00:00+00:00,,,Photovoltaic,Not Started,,2025-07-23T04:00:00+00:00,,DPP-2021,South,Phase 3,NRIS,180.0,0.0,0.0,0.0,
J1996,,,Shawano,WI,West Shawano 138kV - Badger 138kV,AMERICAN TRANSMISSION COMPANY,Hybrid,99.0,99.0,99.0,2021-08-11T04:00:00+00:00,Withdrawn,,2024-10-01T04:00:00+00:00,,,Solar/Battery,Not Started,,2025-09-01T04:00:00+00:00,,DPP-2021,East (ATC),Phase 3,NRIS,99.0,99.0,0.0,0.0,
J1997,,,Beauregard,LA,Nelson (EES) - Longville 138kV,CLECO POWER LLC CLEC,Solar,80.0,80.0,80.0,2021-08-11T04:00:00+00:00,Withdrawn,,2025-03-07T05:00:00+00:00,,,Photovoltaic,Not Started,,2024-03-01T05:00:00+00:00,,DPP-2021,South,Phase 3,NRIS,80.0,0.0,0.0,0.0,
J1822,,,Franklin,IA,KILLDEER3 (631199) 345 KV TO BLACKHAWK (636199) 345 kv line Tap,ITC MIDWEST,Wind,200.0,200.0,200.0,2020-06-25T04:00:00+00:00,Withdrawn,,2021-01-04T05:00:00+00:00,,,Wind Turbine,Not Started,,2023-06-01T04:00:00+00:00,,DPP-2020,West,GIA,NRIS,0.0,0.0,0.0,0.0,
J1828,,,Sangamon,IL,Austin-1 138 kV substation,AMEREN ILLINOIS,Hybrid,99.2,99.2,99.2,2020-06-25T04:00:00+00:00,Withdrawn,,2021-03-12T05:00:00+00:00,,,Solar/Wind/Battery,Not Started,,2024-08-20T04:00:00+00:00,,DPP-2020,Central,GIA,ERIS,0.0,0.0,0.0,0.0,
J1792,,,Houghton,MI,New Tap of the Ontonagan to Rockland Jct 69kV Line approx. 2.2 mi. north of Rockland Jct.,AMERICAN TRANSMISSION COMPANY,Solar,22.5,22.5,22.5,2020-06-24T04:00:00+00:00,Withdrawn,,2021-02-19T05:00:00+00:00,,,Photovoltaic,Not Started,,2023-09-15T04:00:00+00:00,,DPP-2020,East (ATC),GIA,NRIS,0.0,0.0,0.0,0.0,
J1795,,,Acadia,LA,Bayou Cove to Richard 138kV (Circuit 258),"ENTERGY LOUISIANA, LLC ELTO",Solar,100.0,100.0,100.0,2020-06-22T04:00:00+00:00,Done,2025-12-04T05:00:00+00:00,,,,Photovoltaic,Not Started,,2023-08-31T04:00:00+00:00,2022-11-21T05:00:00+00:00,DPP-2020,South,GIA,ERIS,100.0,0.0,100.0,0.0,
J1796,,,Evangeline,LA,Pine Prairie to Coughlin 138 kV,CLECO POWER LLC CLEC,Solar,150.0,150.0,150.0,2020-06-25T04:00:00+00:00,Withdrawn,,2021-12-08T05:00:00+00:00,,,Photovoltaic,Not Started,,2023-02-28T05:00:00+00:00,,DPP-2020,South,GIA,NRIS,0.0,0.0,0.0,0.0,
J1799,,,Pulaski,IL,Joppa 345 kV,AMEREN ILLINOIS,Solar,100.0,100.0,100.0,2020-06-23T04:00:00+00:00,Withdrawn,,2021-02-13T05:00:00+00:00,,,Photovoltaic,Not Started,,2022-02-15T05:00:00+00:00,,DPP-2020,Central,GIA,E-NRIS,0.0,0.0,0.0,0.0,
J1800,,,Mower,MN,Adams Switch Yard 161kV,ITC MIDWEST,Wind,25.0,25.0,25.0,2020-06-25T04:00:00+00:00,Withdrawn,,2020-10-08T04:00:00+00:00,,,Wind Turbine,Not Started,,2023-12-01T05:00:00+00:00,,DPP-2020,West,GIA,NRIS-Only,0.0,0.0,0.0,0.0,
J1801,,,Story,IA,Story County Substation 161kV,ITC MIDWEST,Wind,39.0,39.0,39.0,2020-06-25T04:00:00+00:00,Withdrawn,,2021-11-17T05:00:00+00:00,,,Wind Turbine,Not Started,,2023-12-01T05:00:00+00:00,,DPP-2020,West,GIA,NRIS-Only,0.0,0.0,0.0,0.0,
J1802,,,Marshall,IN,Burr Oak 138kV,NORTHERN INDIANA PUBLIC SERVICE COMPANY LLC NIPS,Solar,150.0,150.0,150.0,2020-06-18T04:00:00+00:00,Withdrawn,,2026-08-12T04:00:00+00:00,,,Photovoltaic,Not Started,,2024-10-30T04:00:00+00:00,,DPP-2020,Central,GIA,NRIS,150.0,150.0,150.0,150.0,
J1816,,,Cross,AR,FISHER - CHERRY VALLEY 161.0kV,"ENTERGY ARKANSAS, LLC EATO",Solar,135.0,135.0,135.0,2022-03-17T04:00:00+00:00,Done,2025-11-01T04:00:00+00:00,,,,Photovoltaic,Not Started,,2025-10-30T04:00:00+00:00,2022-11-17T05:00:00+00:00,DPP-2020,South,GIA,NRIS,135.0,100.0,135.0,100.0,
J1818,,,Lafayette,LA,Northeast (Moss) 69kV,LAFAYETTE UTILITIES SYSTEM,Solar,80.0,80.0,80.0,2020-06-19T04:00:00+00:00,Done,2026-06-30T04:00:00+00:00,,,,Photovoltaic,Not Started,2023-01-18T05:00:00+00:00,2023-10-01T04:00:00+00:00,2023-01-18T05:00:00+00:00,DPP-2020,South,GIA,NRIS,80.0,80.0,80.0,80.0,
J1819,,,Lee,AR,WEST MEMPHIS EHV - KEO EHV 500.0kV,"ENTERGY ARKANSAS, LLC EATO",Battery Storage,0.0,0.0,0.0,2020-06-25T04:00:00+00:00,Done,2026-09-13T04:00:00+00:00,,,,Battery Storage,Not Started,,2023-09-13T04:00:00+00:00,,DPP-2020,South,GIA,NRIS,0.0,0.0,0.0,0.0,
J1823,,,Houghton,MI,Portage (UPPCO) - Atlantic 69 kV,AMERICAN TRANSMISSION COMPANY,Solar,62.5,62.5,62.5,2020-06-24T04:00:00+00:00,Withdrawn,,2021-02-19T05:00:00+00:00,,,Photovoltaic,Not Started,,2023-09-15T04:00:00+00:00,,DPP-2020,East (ATC),GIA,NRIS,0.0,0.0,0.0,0.0,
J1826,,,Dakota,MN,Cannon Falls Transmission 69 kV,NORTHERN STATES POWER COMPANY,Hydro,4.0,4.0,4.0,2022-09-08T04:00:00+00:00,Done,2024-08-30T04:00:00+00:00,,,,Hydroelectric,Not Started,,2022-03-01T05:00:00+00:00,,DPP-2020,West,GIA,NRIS,4.0,0.0,4.0,0.0,
J1830,,,Pulaski,IL,Kelso - Joppa (Massac) 345 kV line,AMEREN ILLINOIS,Hybrid,200.0,200.0,200.0,2020-06-23T04:00:00+00:00,Withdrawn,,2024-09-03T04:00:00+00:00,,,Solar/Battery,Not Started,,2023-09-01T04:00:00+00:00,,DPP-2020,Central,GIA,NRIS,200.0,200.0,0.0,0.0,
J1999,,,Rapides,LA,Rodemacher,CLECO POWER LLC CLEC,Solar,100.0,100.0,100.0,2021-12-21T05:00:00+00:00,Withdrawn,,2025-03-07T05:00:00+00:00,,,Photovoltaic,Not Started,,2024-10-31T04:00:00+00:00,,DPP-2021,South,Phase 3,NRIS,100.0,100.0,0.0,0.0,
J1998,,,Franklin,IA,Nuthatch Switching Station,ITC MIDWEST,Wind,66.0,66.0,66.0,2021-08-04T04:00:00+00:00,Withdrawn,,2026-06-22T04:00:00+00:00,,,Wind Turbine,Not Started,,2024-06-30T04:00:00+00:00,,DPP-2021,West,Phase 2,NRIS,66.0,66.0,66.0,66.0,
J2006,,,Arkansas,AR,Robert E Ritchie - Stuttgart Rcuskey 230kV,"ENTERGY ARKANSAS, LLC EATO",Battery Storage,40.0,40.0,40.0,2021-08-26T04:00:00+00:00,Withdrawn,,2023-10-25T04:00:00+00:00,,,Battery Storage,Not Started,,2025-10-01T04:00:00+00:00,,DPP-2021,South,Phase 3,NRIS,0.0,0.0,0.0,0.0,
J1829,,,Shelby,IN,DEI's Columbus to Clark Twp. 230 kV (one of the two 230 kV circuits going from Columbus to Five Poin,"DUKE ENERGY INDIANA, LLC CIN",Solar,180.0,180.0,180.0,2020-06-25T04:00:00+00:00,Withdrawn,,2023-07-17T04:00:00+00:00,,,Photovoltaic,Not Started,,2024-10-01T04:00:00+00:00,,DPP-2020,Central,GIA,NRIS,0.0,0.0,0.0,0.0,
J1992,,,Lonoke,AR,Genpower Keo 500kV,"ENTERGY ARKANSAS, LLC EATO",Battery Storage,110.0,110.0,110.0,2021-08-25T04:00:00+00:00,Withdrawn,,2023-10-25T04:00:00+00:00,,,Battery Storage,Not Started,,2025-10-01T04:00:00+00:00,,DPP-2021,South,Phase 3,NRIS,0.0,0.0,0.0,0.0,
J1993,,,Columbia,WI,Columbia - South Fond du Lac 345.0kV,AMERICAN TRANSMISSION COMPANY,Solar,99.0,99.0,99.0,2021-12-01T05:00:00+00:00,Active,,,,,Photovoltaic,Not Started,,2025-07-23T04:00:00+00:00,,DPP-2021,East (ATC),Phase 3,NRIS-Only,99.0,99.0,99.0,99.0,
J2009,,,Arkansas,AR,Robert E Ritchie - Stuttgart Rcuskey 230kV,"ENTERGY ARKANSAS, LLC EATO",Battery Storage,80.0,80.0,80.0,2021-08-26T04:00:00+00:00,Withdrawn,,2023-10-25T04:00:00+00:00,,,Battery Storage,Not Started,,2025-10-01T04:00:00+00:00,,DPP-2021,South,Phase 3,NRIS,0.0,0.0,0.0,0.0,
J2010,,,Arkansas,AR,STUTTGART RICUSKEY - WOODWARD 230 SUB 230.0kV,"ENTERGY ARKANSAS, LLC EATO",Solar,75.0,75.0,75.0,2021-08-26T04:00:00+00:00,Done,2028-03-01T05:00:00+00:00,,,,Photovoltaic,Not Started,,2025-10-01T04:00:00+00:00,,DPP-2021,South,Phase 3,NRIS,75.0,75.0,75.0,0.0,
J2012,,,Tangipahoa,LA,Chicken Farm-Amite,"ENTERGY LOUISIANA, LLC ELTO",Battery Storage,20.0,20.0,20.0,2021-11-30T05:00:00+00:00,Withdrawn,,2023-10-25T04:00:00+00:00,,,Battery Storage,Not Started,,2025-10-01T04:00:00+00:00,,DPP-2021,South,Phase 3,NRIS,0.0,0.0,0.0,0.0,
J2008,,,Callaway,MO,7MCCREDIE - 7MONTGMRY 345.0kV,AMEREN MISSOURI,Battery Storage,65.0,65.0,65.0,2022-03-23T04:00:00+00:00,Withdrawn,,2025-12-18T05:00:00+00:00,,,Battery Storage,Not Started,,2025-10-01T04:00:00+00:00,,DPP-2021,Central,Phase 2,NRIS,65.0,65.0,0.0,0.0,
J2011,,,Morehouse,LA,Bastrop Tap 115kV,"ENTERGY LOUISIANA, LLC ELTO",Battery Storage,50.0,50.0,50.0,2021-08-26T04:00:00+00:00,Withdrawn,,2023-10-25T04:00:00+00:00,,,Battery Storage,Not Started,,2025-10-01T04:00:00+00:00,,DPP-2021,South,Phase 3,NRIS,0.0,0.0,0.0,0.0,
J2018,,,Clark,WI,Eau Claire - Arpin 345kV,NORTHERN STATES POWER COMPANY,Solar,190.0,190.0,190.0,2021-11-23T05:00:00+00:00,Withdrawn,,2023-10-10T04:00:00+00:00,,,Photovoltaic,Not Started,,2026-10-01T04:00:00+00:00,,DPP-2021,West,Phase 2,NRIS,0.0,0.0,0.0,0.0,
J2020,,,Beauregard,LA,CLECO Cooper-Penton Road 230kV Line,CLECO POWER LLC CLEC,Hybrid,260.0,260.0,260.0,2021-08-10T04:00:00+00:00,Withdrawn,,2023-10-25T04:00:00+00:00,,,Solar/Battery,Not Started,,2024-09-01T04:00:00+00:00,,DPP-2021,South,Phase 3,NRIS,0.0,0.0,0.0,0.0,
J2021,,,Trempealeau,WI,Tremval 69kV,NORTHERN STATES POWER COMPANY,Solar,48.43,48.43,48.43,2021-07-30T04:00:00+00:00,Withdrawn,,2025-10-27T04:00:00+00:00,,,Photovoltaic,Not Started,,2025-12-31T05:00:00+00:00,,DPP-2021,West,Phase 2,NRIS,48.43,48.43,0.0,0.0,
J2022,,,Mower,MN,Pleasant Valley 345 kV Substation,GREAT RIVER ENERGY,Solar,200.0,200.0,200.0,2021-10-18T04:00:00+00:00,Withdrawn,,2025-10-27T04:00:00+00:00,,,Photovoltaic,Not Started,,2024-09-30T04:00:00+00:00,,DPP-2021,West,Phase 2,NRIS,200.0,200.0,0.0,0.0,
J2027,,,Dakota,MN,CHUB LAKE - 304JB21/22 - HAMPTON - 8S50/51 345.0kV,GREAT RIVER ENERGY,Solar,150.0,150.0,150.0,2025-07-14T04:00:00+00:00,Active,,,,,Photovoltaic,Not Started,,2024-10-31T04:00:00+00:00,,DPP-2021,West,Phase 2,NRIS,150.0,150.0,150.0,150.0,
J2030,,,Isanti,MN,ISANTTI TAP to ATHNSSW 69kV,GREAT RIVER ENERGY,Solar,120.0,120.0,120.0,2021-07-21T04:00:00+00:00,Withdrawn,,2025-10-27T04:00:00+00:00,,,Photovoltaic,Not Started,,2024-10-31T04:00:00+00:00,,DPP-2021,West,Phase 2,NRIS,56.0,56.0,0.0,0.0,
J2031,,,Tama,IA,Toledo,ITC MIDWEST,Wind,100.0,100.0,100.0,2021-08-13T04:00:00+00:00,Active,,,,,Wind Turbine,Not Started,,2026-12-15T05:00:00+00:00,,DPP-2021,West,Phase 2,NRIS,100.0,100.0,100.0,100.0,
J2032,,,Marion,IN,Hanna,INDIANAPOLIS POWER & LIGHT COMPANY,Battery Storage,70.0,70.0,70.0,2022-03-23T04:00:00+00:00,Withdrawn,,2025-12-18T05:00:00+00:00,,,Battery Storage,Not Started,,2025-10-01T04:00:00+00:00,,DPP-2021,Central,Phase 2,NRIS,70.0,70.0,0.0,0.0,
J1827,,,Morehouse,LA,bastrop tap point,"ENTERGY LOUISIANA, LLC ELTO",Solar,90.0,90.0,90.0,2021-10-20T04:00:00+00:00,Done,2026-04-01T04:00:00+00:00,,,,Photovoltaic,Not Started,2023-01-18T05:00:00+00:00,2023-10-31T04:00:00+00:00,,DPP-2020,South,GIA,NRIS,90.0,90.0,90.0,0.0,
J1994,,,Fond du Lac,WI,Metomen 138 kV,AMERICAN TRANSMISSION COMPANY,Solar,97.09,97.09,97.09,2021-07-30T04:00:00+00:00,Withdrawn,,2024-10-01T04:00:00+00:00,,,Photovoltaic,Not Started,,2025-12-31T05:00:00+00:00,,DPP-2021,East (ATC),Phase 3,NRIS,97.08,97.08,0.0,0.0,
J2001,,,Newaygo,MI,KENOWA - LUDINGTON 345.0kV,METC,Solar,220.0,220.0,220.0,2021-08-16T04:00:00+00:00,Active,2029-07-12T04:00:00+00:00,,,,Photovoltaic,Not Started,,2025-05-01T04:00:00+00:00,,DPP-2021,East (ITC),Phase 3,NRIS,220.0,220.0,220.0,220.0,
J2004,,,Fountain,IN,Other_,"DUKE ENERGY INDIANA, LLC CIN",Battery Storage,40.0,40.0,40.0,2022-03-23T04:00:00+00:00,Withdrawn,,2025-12-18T05:00:00+00:00,,,Battery Storage,Not Started,,2025-10-01T04:00:00+00:00,,DPP-2021,Central,Phase 2,NRIS,40.0,40.0,0.0,0.0,
J2005,,,Deuel,SD,Astoria 345kV,OTTER TAIL POWER COMPANY OTP,Battery Storage,75.0,75.0,75.0,2021-08-26T04:00:00+00:00,Withdrawn,,2023-10-10T04:00:00+00:00,,,Battery Storage,Not Started,,2026-10-01T04:00:00+00:00,,DPP-2021,West,Phase 2,NRIS,0.0,0.0,0.0,0.0,
J2013,,,Tangipahoa,LA,Chicken Farm-Amite,"ENTERGY LOUISIANA, LLC ELTO",Battery Storage,52.92,52.92,52.92,2021-11-30T05:00:00+00:00,Withdrawn,,2023-10-25T04:00:00+00:00,,,Battery Storage,Not Started,,2025-10-01T04:00:00+00:00,,DPP-2021,South,Phase 3,NRIS,0.0,0.0,0.0,0.0,
J2014,,,Clark,WI,Eau Claire - Arpin 345kV,NORTHERN STATES POWER COMPANY,Battery Storage,100.0,100.0,100.0,2021-11-23T05:00:00+00:00,Withdrawn,,2023-10-10T04:00:00+00:00,,,Battery Storage,Not Started,,2026-10-01T04:00:00+00:00,,DPP-2021,West,Phase 2,NRIS,0.0,0.0,0.0,0.0,
J2015,,,Tunica,MS,Lula-Tunica (same POI as J1440),"ENTERGY MISSISSIPPI, LLC. EMTO",Battery Storage,90.0,90.0,90.0,2021-08-26T04:00:00+00:00,Withdrawn,,2023-10-25T04:00:00+00:00,,,Battery Storage,Not Started,,2025-10-01T04:00:00+00:00,,DPP-2021,South,Phase 3,NRIS,0.0,0.0,0.0,0.0,
J2024,,,Hardin,TX,Cypress 230 kV,"ENTERGY TEXAS, INC. ETTO",Battery Storage,0.0,0.0,0.0,2021-08-13T04:00:00+00:00,Withdrawn,,2023-10-25T04:00:00+00:00,,,Battery Storage,Not Started,,2025-01-01T05:00:00+00:00,,DPP-2021,South,Phase 3,NRIS,0.0,0.0,0.0,0.0,
J2025,,,St. James,LA,Vacherie 230 kV,"ENTERGY LOUISIANA, LLC ELTO",Solar,95.0,95.0,95.0,2021-08-16T04:00:00+00:00,Withdrawn,,2023-10-25T04:00:00+00:00,,,Photovoltaic,Not Started,,2025-10-01T04:00:00+00:00,,DPP-2021,South,Phase 3,NRIS,0.0,0.0,0.0,0.0,
J2033,,,Clay,IL,7XENIA    - 7MTVERNW 345.0kV,AMEREN ILLINOIS,Solar,200.0,200.0,200.0,2021-08-26T04:00:00+00:00,Active,,,,,Photovoltaic,Not Started,,2024-04-15T04:00:00+00:00,,DPP-2021,Central,Phase 2,NRIS,200.0,200.0,200.0,200.0,
J2048,,,Benton,IN,GOODLAND - MORRISON DITCH 138.0kV,NORTHERN INDIANA PUBLIC SERVICE COMPANY LLC NIPS,Wind,100.0,100.0,100.0,2022-03-25T04:00:00+00:00,Active,,,,,Wind Turbine,Not Started,,2025-09-01T04:00:00+00:00,,DPP-2021,Central,Phase 2,NRIS,100.0,100.0,100.0,0.0,
J2034,,,Lafourche,LA,Thibodaux,"ENTERGY LOUISIANA, LLC ELTO",Battery Storage,0.0,0.0,0.0,2022-04-05T04:00:00+00:00,Withdrawn,,2023-10-25T04:00:00+00:00,,,Battery Storage,Not Started,,2025-05-01T04:00:00+00:00,,DPP-2021,South,Phase 3,NRIS,0.0,0.0,0.0,0.0,
J2045,,,Newton,IN,Goodland 138 kV,NORTHERN INDIANA PUBLIC SERVICE COMPANY LLC NIPS,Battery Storage,50.0,50.0,50.0,2022-03-28T04:00:00+00:00,Active,,,,,Battery Storage,Not Started,,2024-09-30T04:00:00+00:00,,DPP-2021,Central,Phase 2,NRIS,50.0,50.0,50.0,50.0,
J2046,,,Wabash,IN,"Miami Wabash - Mier 138 kV (40.723889, -85.812019)","DUKE ENERGY INDIANA, LLC CIN",Solar,200.0,200.0,200.0,2021-08-16T04:00:00+00:00,Withdrawn,,2024-10-08T04:00:00+00:00,,,Photovoltaic,Not Started,,2024-10-30T04:00:00+00:00,,DPP-2021,Central,Phase 2,NRIS,0.0,0.0,0.0,0.0,
J2047,,,DeSoto,MS,Robinsonville 230 kV,"ENTERGY MISSISSIPPI, LLC. EMTO",Solar,199.0,199.0,199.0,2021-08-12T04:00:00+00:00,Done,,,,,Photovoltaic,Not Started,,2024-12-01T05:00:00+00:00,,DPP-2021,South,Phase 3,ERIS,199.0,0.0,199.0,0.0,
J2000,,,Montgomery,IN,Frankfort to Cayuga 230kV,"DUKE ENERGY INDIANA, LLC CIN",Solar,150.0,150.0,150.0,2021-08-10T04:00:00+00:00,Withdrawn,,2024-10-08T04:00:00+00:00,,,Photovoltaic,Not Started,,2025-05-01T04:00:00+00:00,,DPP-2021,Central,Phase 2,NRIS,0.0,0.0,0.0,0.0,
J2002,,,Washington,IA,SUB T HASKINS,MIDAMERICAN ENERGY CO. MEC,Solar,200.0,200.0,200.0,2021-08-13T04:00:00+00:00,Active,2027-05-13T04:00:00+00:00,,,,Photovoltaic,Not Started,,2024-03-13T04:00:00+00:00,,DPP-2021,West,Phase 2,NRIS,200.0,200.0,200.0,200.0,
J2003,,,Deuel,SD,Astoria 345kV,OTTER TAIL POWER COMPANY OTP,Solar,150.0,150.0,150.0,2021-08-26T04:00:00+00:00,Withdrawn,,2023-10-10T04:00:00+00:00,,,Photovoltaic,Not Started,,2026-10-01T04:00:00+00:00,,DPP-2021,West,Phase 2,NRIS,0.0,0.0,0.0,0.0,
J2007,,,Lonoke,AR,Genpower Keo 500kV,"ENTERGY ARKANSAS, LLC EATO",Battery Storage,150.0,150.0,150.0,2021-08-26T04:00:00+00:00,Withdrawn,,2023-10-25T04:00:00+00:00,,,Battery Storage,Not Started,,2025-10-01T04:00:00+00:00,,DPP-2021,South,Phase 3,NRIS,0.0,0.0,0.0,0.0,
J2016,,,Daviess,KY,F.B Culley to Northeast,SOUTHERN INDIANA GAS & ELECTRIC COMPANY D/B/A CENTERPOINT ENERGY INDIANA SOUTH,Battery Storage,100.0,100.0,100.0,2022-03-23T04:00:00+00:00,Withdrawn,,2024-10-08T04:00:00+00:00,,,Battery Storage,Not Started,,2025-10-01T04:00:00+00:00,,DPP-2021,Central,Phase 2,NRIS,0.0,0.0,0.0,0.0,
J2035,,,Lafourche,LA,Thibodaux,"ENTERGY LOUISIANA, LLC ELTO",Solar,200.0,200.0,200.0,2022-04-05T04:00:00+00:00,Withdrawn,,2023-10-25T04:00:00+00:00,,,Photovoltaic,Not Started,,2025-05-01T04:00:00+00:00,,DPP-2021,South,Phase 3,NRIS,0.0,0.0,0.0,0.0,
J2036,,,Cumberland,IL,Hutsonville - Neoga 138 kV,AMEREN ILLINOIS,Battery Storage,0.0,0.0,0.0,2022-04-05T04:00:00+00:00,Active,,,,,Battery Storage,Not Started,,2023-08-01T04:00:00+00:00,,DPP-2021,Central,Phase 2,NRIS,0.0,0.0,0.0,0.0,
J2038,,,Montgomery,IN,Kokomo Webster St.  - Walton 230.0kV,"DUKE ENERGY INDIANA, LLC CIN",Wind,300.0,300.0,300.0,2021-08-26T04:00:00+00:00,Withdrawn,,2025-12-18T05:00:00+00:00,,,Wind Turbine,Not Started,,2024-04-15T04:00:00+00:00,,DPP-2021,Central,Phase 2,NRIS,250.0,250.0,0.0,0.0,
J2053,,,Redwood,MN,Cedar Mountain - Lyon County 345.0kV,GREAT RIVER ENERGY,Wind,151.47,151.47,151.47,2021-08-17T04:00:00+00:00,Active,,,,,Wind Turbine,Not Started,,2025-08-01T04:00:00+00:00,,DPP-2021,West,Phase 2,NRIS,151.47,122.0,151.47,122.0,
J2054,,,Freeborn,MN,Freeborn,ITC MIDWEST,Wind,67.0,67.0,67.0,2021-08-13T04:00:00+00:00,Withdrawn,,2025-10-27T04:00:00+00:00,,,Wind Turbine,Not Started,,2024-06-30T04:00:00+00:00,,DPP-2021,West,Phase 2,NRIS,67.0,67.0,0.0,0.0,
J2059,,,Tippecanoe,IN,Springboro - Lafayette 138 kV,"DUKE ENERGY INDIANA, LLC CIN",Battery Storage,0.0,0.0,0.0,2022-03-18T04:00:00+00:00,Withdrawn,,2025-12-18T05:00:00+00:00,,,Battery Storage,Not Started,,2025-05-01T04:00:00+00:00,,DPP-2021,Central,Phase 2,NRIS,0.0,0.0,0.0,0.0,
J2060,,,Tippecanoe,IN,Springboro - Lafayette 138 kV,"DUKE ENERGY INDIANA, LLC CIN",Solar,170.0,170.0,170.0,2021-08-16T04:00:00+00:00,Withdrawn,,2025-12-18T05:00:00+00:00,,,Photovoltaic,Not Started,,2025-05-01T04:00:00+00:00,,DPP-2021,Central,Phase 2,NRIS,120.0,120.0,0.0,0.0,
J2061,,,Saginaw,MI,MURPHY,METC,Solar,200.0,200.0,200.0,2021-08-12T04:00:00+00:00,Active,2028-11-24T05:00:00+00:00,,,,Photovoltaic,Not Started,,2024-10-30T04:00:00+00:00,,DPP-2021,East (ITC),Phase 3,NRIS,200.0,200.0,200.0,200.0,
J2062,,,Columbia,WI,Columbia 345 kV,AMERICAN TRANSMISSION COMPANY,Solar,100.0,100.0,100.0,2021-08-16T04:00:00+00:00,Withdrawn,,2023-06-05T04:00:00+00:00,,,Photovoltaic,Not Started,,2024-04-01T04:00:00+00:00,,DPP-2021,East (ATC),Phase 3,NRIS,0.0,0.0,0.0,0.0,
J2023,,,Amite,MS,Gloster to Liberty 138 kV,"ENTERGY MISSISSIPPI, LLC. EMTO",Solar,94.1,94.1,94.1,2021-08-26T04:00:00+00:00,Withdrawn,,2023-10-25T04:00:00+00:00,,,Photovoltaic,Not Started,,2024-04-15T04:00:00+00:00,,DPP-2021,South,Phase 3,NRIS,0.0,0.0,0.0,0.0,
J2026,,,Gratiot,MI,REGAL,ITC,Battery Storage,100.0,100.0,100.0,2021-11-15T05:00:00+00:00,Active,2027-12-02T05:00:00+00:00,,,,Battery Storage,Not Started,,2022-12-02T05:00:00+00:00,,DPP-2021,East (ITC),Phase 3,NRIS,100.0,100.0,100.0,100.0,
J2028,,,Crittenden,AR,Kuhn Rd to Parkin,"ENTERGY ARKANSAS, LLC EATO",Solar,250.0,250.0,250.0,2021-08-10T04:00:00+00:00,Withdrawn,,2025-03-07T05:00:00+00:00,,,Photovoltaic,Not Started,,2024-05-01T04:00:00+00:00,,DPP-2021,South,Phase 3,NRIS,250.0,0.0,0.0,0.0,
J2029,,,Marquette,MI,Perch Lake,AMERICAN TRANSMISSION COMPANY,Solar,62.5,62.5,62.5,2021-11-30T05:00:00+00:00,Active,2027-09-01T04:00:00+00:00,,,,Photovoltaic,Not Started,,2024-09-01T04:00:00+00:00,,DPP-2021,East (ATC),Phase 3,NRIS,62.5,62.5,62.5,62.5,
J2039,,,Sangamon,IL,Meredosia to Ipava 345 kV,AMEREN TRANSMISSION COMPANY OF ILLINOIS,Hybrid,400.0,400.0,400.0,2021-08-26T04:00:00+00:00,Withdrawn,,2024-10-08T04:00:00+00:00,,,Wind/Battery,Not Started,,2024-04-15T04:00:00+00:00,,DPP-2021,Central,Phase 2,NRIS,0.0,0.0,0.0,0.0,
J2040,,,Dickinson,IA,"Lakefield - Obrien Co 345 kV (43.497803, -95.318336)",MIDAMERICAN ENERGY CO. MEC,Wind,150.0,150.0,150.0,2021-08-03T04:00:00+00:00,Withdrawn,,2025-10-15T04:00:00+00:00,,,Wind Turbine,Not Started,,2024-11-01T04:00:00+00:00,,DPP-2021,West,Phase 2,NRIS,150.0,150.0,0.0,0.0,
J2041,,,Jefferson,TX,Amelia North substation,"ENTERGY TEXAS, INC. ETTO",Hybrid,200.0,200.0,200.0,2021-08-12T04:00:00+00:00,Withdrawn,,2025-03-07T05:00:00+00:00,,,Solar/Battery,Not Started,,2025-09-01T04:00:00+00:00,,DPP-2021,South,Phase 3,NRIS,150.0,150.0,0.0,0.0,
J2042,,,Morehouse,LA,CROSSETT NORTH - BEEKMAN 115.0kV,"ENTERGY LOUISIANA, LLC ELTO",Battery Storage,0.0,0.0,0.0,2021-11-30T05:00:00+00:00,Withdrawn,,2025-03-07T05:00:00+00:00,,,Battery Storage,Not Started,,2025-01-01T05:00:00+00:00,,DPP-2021,South,Phase 3,NRIS,0.0,0.0,0.0,0.0,
J2043,,,Callaway,MO,Overton - McCredie 345kV,AMEREN ILLINOIS,Solar,300.0,300.0,300.0,2022-04-05T04:00:00+00:00,Withdrawn,,2025-12-18T05:00:00+00:00,,,Photovoltaic,Not Started,,2025-05-01T04:00:00+00:00,,DPP-2021,Central,Phase 2,NRIS,300.0,300.0,0.0,0.0,
J2044,,,Newton,IN,Goodland 138 kV Substation,NORTHERN INDIANA PUBLIC SERVICE COMPANY LLC NIPS,Solar,100.0,100.0,100.0,2022-03-29T04:00:00+00:00,Active,,,,,Photovoltaic,Not Started,,2024-09-30T04:00:00+00:00,,DPP-2021,Central,Phase 2,NRIS,100.0,100.0,100.0,100.0,
J2049,,,Shelby,IL,Other_,AMEREN ILLINOIS,Wind,200.0,200.0,200.0,2022-03-25T04:00:00+00:00,Active,,,,,Wind Turbine,Not Started,,2025-09-01T04:00:00+00:00,,DPP-2021,Central,Phase 2,NRIS,200.0,200.0,200.0,0.0,
J2050,,,Macon,MO,Thomas Hill-Adair-1 161kV,AMEREN MISSOURI,Solar,208.43,208.43,208.43,2022-03-28T04:00:00+00:00,Active,,,,,Photovoltaic,Not Started,,2024-10-01T04:00:00+00:00,,DPP-2021,Central,Phase 2,NRIS,208.43,208.43,208.43,208.43,
J2051,,,Mississippi,AR,161 kV line tap of DELL EAST to Blytheville,"ENTERGY ARKANSAS, LLC EATO",Battery Storage,50.0,50.0,50.0,2021-11-23T05:00:00+00:00,Withdrawn,,2023-11-10T05:00:00+00:00,,,Battery Storage,Not Started,,2024-10-30T04:00:00+00:00,,DPP-2021,South,Phase 3,NRIS,0.0,0.0,0.0,0.0,
J2052,,,Callaway,MO,Overton - McCredie 345kV,AMEREN MISSOURI,Battery Storage,0.0,0.0,0.0,2022-04-05T04:00:00+00:00,Withdrawn,,2025-12-18T05:00:00+00:00,,,Battery Storage,Not Started,,2025-05-01T04:00:00+00:00,,DPP-2021,Central,Phase 2,NRIS,0.0,0.0,0.0,0.0,
J2065,,,Pipestone,MN,Buffalo Ridge to Pipestone 115kV,NORTHERN STATES POWER COMPANY,Solar,200.0,200.0,200.0,2021-07-14T04:00:00+00:00,Withdrawn,,2025-10-27T04:00:00+00:00,,,Photovoltaic,Not Started,,2024-11-30T05:00:00+00:00,,DPP-2021,West,Phase 2,NRIS,200.0,200.0,0.0,0.0,
J2066,,,Henry,IA,Denmark,ITC MIDWEST,Battery Storage,100.0,100.0,100.0,2021-08-17T04:00:00+00:00,Active,,,,,Battery Storage,Not Started,,2022-12-02T05:00:00+00:00,,DPP-2021,West,Phase 2,NRIS,100.0,100.0,100.0,100.0,
J2068,,,Pierce,WI,Herbert 69 kV Substation,NORTHERN STATES POWER COMPANY,Solar,75.0,75.0,75.0,2021-07-19T04:00:00+00:00,Withdrawn,,2026-05-20T04:00:00+00:00,,,Photovoltaic,Not Started,,2024-11-30T05:00:00+00:00,,DPP-2021,West,Phase 2,NRIS,75.0,75.0,75.0,75.0,
J2071,,,Hardin,TX,RYE CO - CYPRESS 138.0kV,"ENTERGY TEXAS, INC. ETTO",Solar,198.0,198.0,198.0,2021-09-14T04:00:00+00:00,Done,2028-12-01T05:00:00+00:00,,,,Photovoltaic,Not Started,,2024-10-31T04:00:00+00:00,,DPP-2021,South,Phase 3,NRIS,198.0,0.0,198.0,0.0,
J2056,,,Lenawee,MI,Morocco to Beecher 138 kV line,METC,Hybrid,200.0,200.0,200.0,2021-08-12T04:00:00+00:00,Withdrawn,,2025-03-03T05:00:00+00:00,,,Solar/Battery,Not Started,,2025-12-31T05:00:00+00:00,,DPP-2021,East (ITC),Phase 3,NRIS,110.0,110.0,0.0,0.0,
J2057,,,Montcalm,MI,Nelson Road to Kenowa 345 kV line,METC,Hybrid,100.0,100.0,100.0,2021-08-25T04:00:00+00:00,Withdrawn,2029-04-15T04:00:00+00:00,2026-03-23T04:00:00+00:00,,,Solar/Battery,Under Construction,,2024-04-15T04:00:00+00:00,,DPP-2021,East (ITC),Phase 3,NRIS,100.0,100.0,100.0,100.0,
J2055,,,Sheboygan,WI,Edgewater,AMERICAN TRANSMISSION COMPANY,Solar,100.0,100.0,100.0,2021-08-13T04:00:00+00:00,Active,2026-06-26T04:00:00+00:00,,,,Photovoltaic,Not Started,,2025-06-30T04:00:00+00:00,,DPP-2021,East (ATC),Phase 3,NRIS,100.0,100.0,100.0,100.0,
J2064,,,Jackson,MI,Tompkins 138 kV,METC,Battery Storage,100.0,100.0,100.0,2021-11-08T05:00:00+00:00,Active,2026-11-04T05:00:00+00:00,,,,Battery Storage,Not Started,,2024-10-07T04:00:00+00:00,,DPP-2021,East (ITC),Phase 3,NRIS,100.0,100.0,100.0,100.0,
J2069,,,Montcalm,MI,EUREKA - VESTABURG 138.0kV,ITC,Hybrid,100.0,100.0,100.0,2021-11-30T05:00:00+00:00,Active,2027-06-07T04:00:00+00:00,,,,Solar/Battery,Not Started,,2024-09-01T04:00:00+00:00,,DPP-2021,East (ITC),Phase 3,NRIS,100.0,100.0,100.0,100.0,
J2070,,,St. Croix,WI,Three Lakes - Pine Lake 115 kV,NORTHERN STATES POWER COMPANY,Solar,100.0,100.0,100.0,2021-10-18T04:00:00+00:00,Withdrawn,,2025-10-27T04:00:00+00:00,,,Photovoltaic,Not Started,,2024-09-30T04:00:00+00:00,,DPP-2021,West,Phase 2,NRIS,100.0,100.0,0.0,0.0,
J2063,,,Knox,IN,Wheatland 345kV Substation,"DUKE ENERGY INDIANA, LLC CIN",Solar,100.0,100.0,100.0,2021-08-12T04:00:00+00:00,Withdrawn,,2025-12-18T05:00:00+00:00,,,Photovoltaic,Not Started,,2024-07-30T04:00:00+00:00,,DPP-2021,Central,Phase 2,NRIS,100.0,100.0,0.0,0.0,
J2073,,,Ohio,KY,345 kV Wilson Substation,BIG RIVERS ELECTRIC CORPORATION BREC,Hybrid,91.53,91.53,91.53,2021-11-29T05:00:00+00:00,Withdrawn,,2025-12-18T05:00:00+00:00,,,Solar/Battery,Not Started,,2024-10-15T04:00:00+00:00,,DPP-2021,Central,Phase 2,NRIS,91.53,91.53,0.0,0.0,
J2077,,,Livingston,LA,Independence (6INDEPD),"ENTERGY LOUISIANA, LLC ELTO",Solar,150.0,150.0,150.0,2021-12-10T05:00:00+00:00,Withdrawn,,2023-10-25T04:00:00+00:00,,,Photovoltaic,Not Started,,2024-04-30T04:00:00+00:00,,DPP-2021,South,Phase 3,NRIS,0.0,0.0,0.0,0.0,
J2078,,,Story,IA,Fernald,ITC MIDWEST,Solar,200.0,200.0,200.0,2021-08-13T04:00:00+00:00,Active,,,,,Photovoltaic,Not Started,,2025-06-30T04:00:00+00:00,,DPP-2021,West,Phase 2,NRIS,200.0,200.0,200.0,200.0,
J2079,,,Hancock,IA,Lime Creek 161 kV,ITC MIDWEST,Wind,150.0,150.0,150.0,2021-08-06T04:00:00+00:00,Withdrawn,,2025-10-27T04:00:00+00:00,,,Wind Turbine,Not Started,,2024-10-31T04:00:00+00:00,,DPP-2021,West,Phase 2,NRIS-Only,0.0,150.0,0.0,0.0,
J2086,,,Barnes,ND,Buffalo 345 kV,OTTER TAIL POWER COMPANY OTP,Solar,500.0,500.0,500.0,2021-08-09T04:00:00+00:00,Withdrawn,,2025-10-27T04:00:00+00:00,,,Photovoltaic,Not Started,,2025-03-31T04:00:00+00:00,,DPP-2021,West,Phase 2,NRIS,500.0,500.0,0.0,0.0,
J2087,,,Renville,MN,FRANKLIN,NORTHERN STATES POWER COMPANY,Solar,125.0,125.0,125.0,2025-08-19T04:00:00+00:00,Active,,,,,Photovoltaic,Not Started,,2024-11-30T05:00:00+00:00,,DPP-2021,West,Phase 2,NRIS,125.0,125.0,125.0,125.0,
J2093,,,Crittenden,AR,West Memphis to Hughes 161 kV Line Tap,"ENTERGY ARKANSAS, LLC EATO",Solar,144.0,144.0,144.0,2021-12-21T05:00:00+00:00,Withdrawn,,2025-03-07T05:00:00+00:00,,,Photovoltaic,Not Started,,2024-10-31T04:00:00+00:00,,DPP-2021,South,Phase 3,NRIS,144.0,0.0,0.0,0.0,
J2094,,,Sargent,ND,Forman 230 kV Substation,OTTER TAIL POWER COMPANY OTP,Battery Storage,100.0,100.0,100.0,2021-08-03T04:00:00+00:00,Withdrawn,,2023-10-10T04:00:00+00:00,,,Battery Storage,Not Started,,2022-11-30T05:00:00+00:00,,DPP-2021,West,Phase 2,NRIS,0.0,0.0,0.0,0.0,
J2097,,,Morton,ND,Tri-County 230 kV Substation,MINNESOTA POWER INC.,Wind,100.0,100.0,100.0,2021-08-25T04:00:00+00:00,Active,,,,,Wind Turbine,Not Started,,2025-05-01T04:00:00+00:00,,DPP-2021,West,Phase 2,NRIS,100.0,100.0,100.0,100.0,
J2074,,,Outagamie,WI,Werner West 138 kV,AMERICAN TRANSMISSION COMPANY,Battery Storage,100.0,100.0,100.0,2021-10-18T04:00:00+00:00,Withdrawn,,2024-10-01T04:00:00+00:00,,,Battery Storage,Not Started,,2024-09-30T04:00:00+00:00,,DPP-2021,East (ATC),Phase 3,NRIS,75.0,75.0,0.0,0.0,
J2084,,,Emmons,ND,Linton NW (not in power flow case yet),MONTANA-DAKOTA UTILITIES CO.MDU,Solar,45.0,45.0,45.0,2021-11-01T04:00:00+00:00,Withdrawn,,2025-10-27T04:00:00+00:00,,,Photovoltaic,Not Started,,2024-11-01T04:00:00+00:00,,DPP-2021,West,Phase 2,NRIS,45.0,45.0,0.0,0.0,
J2085,,,Emmons,ND,Linton NW 115 kV (radial to Wishek 115 kV),MONTANA-DAKOTA UTILITIES CO.MDU,Solar,40.0,40.0,40.0,2021-11-01T04:00:00+00:00,Withdrawn,,2025-10-27T04:00:00+00:00,,,Photovoltaic,Not Started,,2024-11-01T04:00:00+00:00,,DPP-2021,West,Phase 2,NRIS,40.0,40.0,0.0,0.0,
J2090,,,Crittenden,AR,161 kV  Parkin to Kuhn RoadLine Tap,"ENTERGY ARKANSAS, LLC EATO",Solar,300.0,300.0,300.0,2022-07-13T04:00:00+00:00,Withdrawn,,2023-11-07T05:00:00+00:00,,,Photovoltaic,Not Started,,2026-10-31T04:00:00+00:00,,DPP-2021,South,Phase 3,NRIS,0.0,0.0,0.0,0.0,
J2091,,,DeSoto,MS,TWINKLETOWN 230 KV,"ENTERGY MISSISSIPPI, LLC. EMTO",Battery Storage,250.0,250.0,250.0,2022-01-11T05:00:00+00:00,Done,,,,,Battery Storage,Not Started,,2025-02-22T05:00:00+00:00,,DPP-2021,South,Phase 3,NRIS,250.0,250.0,250.0,130.0,
J2095,,,Tama,IA,Belle Plaine Junction to Toledo Transmission,ITC MIDWEST,Battery Storage,212.0,212.0,212.0,2021-08-26T04:00:00+00:00,Withdrawn,,2023-10-10T04:00:00+00:00,,,Battery Storage,Not Started,,2024-04-15T04:00:00+00:00,,DPP-2021,West,Phase 2,NRIS,0.0,0.0,0.0,0.0,
J2260,,,Presque Isle,MI,PORT CALCITE - RIGGSVILLE 138.0kV,METC,Wind,251.5,251.5,251.5,2021-10-07T04:00:00+00:00,Active,,,,,Wind Turbine,Not Started,,2023-07-31T04:00:00+00:00,,DPP-2021,East (ITC),Phase 3,NRIS,149.24,149.24,149.24,0.0,
J2264,,,Prairie,AR,Desarc(A) (500kV) -Griffithville(B) (500kV),"ENTERGY ARKANSAS, LLC EATO",Solar,88.0,88.0,88.0,2021-10-11T04:00:00+00:00,Withdrawn,,2023-10-25T04:00:00+00:00,,,Photovoltaic,Not Started,,2024-02-02T05:00:00+00:00,,DPP-2021,South,Phase 3,NRIS,0.0,0.0,0.0,0.0,
J2265,,,Bollinger,MO,St. Francois (Bus #345773) - Lutesville (Bus #344974) 345 kV Line,AMEREN MISSOURI,Hybrid,200.0,200.0,200.0,2025-07-16T04:00:00+00:00,Active,,,,,Solar/Battery,Not Started,,2024-02-15T05:00:00+00:00,,DPP-2021,Central,Phase 2,NRIS,200.0,200.0,200.0,200.0,
J2266,,,Edgar,IL,7KANSAS   - 08SUGCRK 345.0kV,AMEREN ILLINOIS,Hybrid,175.0,175.0,175.0,2025-06-09T04:00:00+00:00,Active,,,,,Solar/Battery,Not Started,,2025-03-31T04:00:00+00:00,,DPP-2021,Central,Phase 2,NRIS,175.0,175.0,175.0,175.0,
J2268,,,Linn,IA,Duane Arnold,ITC MIDWEST,Solar,400.0,400.0,400.0,2021-08-11T04:00:00+00:00,Active,,,,,Photovoltaic,Not Started,,2024-10-30T04:00:00+00:00,,DPP-2021,West,Phase 2,NRIS,370.0,370.0,370.0,370.0,
J2269,,,Fountain,IN,Veedersburg West - Lafayette 230kV,"DUKE ENERGY INDIANA, LLC CIN",Solar,300.0,300.0,300.0,2022-06-14T04:00:00+00:00,Withdrawn,,2024-10-08T04:00:00+00:00,,,Photovoltaic,Not Started,,2024-08-01T04:00:00+00:00,,DPP-2021,Central,Phase 2,NRIS,0.0,0.0,0.0,0.0,
J2273,,,Clinton,IL,Tabor,AMEREN ILLINOIS,Hybrid,175.0,175.0,175.0,2025-07-03T04:00:00+00:00,Active,,,,,Solar/Battery,Not Started,,2024-03-31T04:00:00+00:00,,DPP-2021,Central,Phase 2,NRIS,175.0,175.0,175.0,175.0,
J2274,,,Lincoln,MO,Pike - Troy 161kV,AMEREN MISSOURI,Hybrid,170.0,170.0,170.0,2021-07-21T04:00:00+00:00,Withdrawn,,2025-12-18T05:00:00+00:00,,,Solar/Battery,Not Started,,2024-10-01T04:00:00+00:00,,DPP-2021,Central,Phase 2,NRIS,170.0,104.0,0.0,0.0,
J2098,,,Calhoun,MI,BATTLE CREEK - ONEIDA 345.0kV,METC,Solar,309.0,309.0,309.0,2021-08-22T04:00:00+00:00,Active,2026-01-31T05:00:00+00:00,,,,Photovoltaic,Not Started,,2025-03-31T04:00:00+00:00,,DPP-2021,East (ITC),Phase 3,NRIS,309.0,309.0,309.0,309.0,
J2258,,,Adams,IL,East Quincy-Fishhook 138kV,AMEREN ILLINOIS,Solar,175.0,175.0,175.0,2022-03-28T04:00:00+00:00,Active,,,,,Photovoltaic,Not Started,,2024-05-31T04:00:00+00:00,,DPP-2021,Central,Phase 2,NRIS,175.0,175.0,175.0,175.0,
J2075,,,Liberty,TX,China (Bus# 334204) to Sheco Batiste Creek (Bus# 334240),"ENTERGY TEXAS, INC. ETTO",Solar,200.0,200.0,200.0,2021-08-27T04:00:00+00:00,Done,2028-05-30T04:00:00+00:00,,,,Photovoltaic,Not Started,,2024-10-04T04:00:00+00:00,,DPP-2021,South,Phase 3,NRIS,200.0,200.0,200.0,0.0,
J2088,,,Lee,AR,WEST MEMPHIS EHV - KEO EHV 500 kV (854.0),"ENTERGY ARKANSAS, LLC EATO",Solar,400.0,400.0,400.0,2022-07-13T04:00:00+00:00,Done,2027-10-31T04:00:00+00:00,,,,Photovoltaic,Not Started,,2024-10-31T04:00:00+00:00,,DPP-2021,South,Phase 3,NRIS,400.0,400.0,400.0,0.0,
J2092,,,Wright,MN,Dickinson Sub,GREAT RIVER ENERGY,Wind,100.0,100.0,100.0,2021-08-12T04:00:00+00:00,Withdrawn,,2023-10-10T04:00:00+00:00,,,Wind Turbine,Not Started,,2025-10-31T04:00:00+00:00,,DPP-2021,West,Phase 2,NRIS,0.0,0.0,0.0,0.0,
J2261,,,Jackson,AR,INDEPENDENCE-ISES - POWERLINE ROAD 500.0kV,"ENTERGY ARKANSAS, LLC EATO",Solar,625.0,625.0,625.0,2021-10-11T04:00:00+00:00,Done,2028-09-01T04:00:00+00:00,,,,Photovoltaic,Not Started,,2029-07-20T04:00:00+00:00,,DPP-2021,South,Phase 3,NRIS,652.0,652.0,625.0,0.0,
J2267,,,Williamson,IL,345 kV Crab Orchard Substation,AMEREN ILLINOIS,Hybrid,250.0,250.0,250.0,2022-03-24T04:00:00+00:00,Active,,,,,Solar/Battery,Not Started,,2025-03-31T04:00:00+00:00,,DPP-2021,Central,Phase 2,NRIS,250.0,250.0,225.0,225.0,
J2278,,,Edgar,IL,Other_,AMEREN ILLINOIS,Hybrid,60.0,60.0,60.0,2022-03-28T04:00:00+00:00,Withdrawn,,2024-10-08T04:00:00+00:00,,,Solar/Battery,Not Started,,2025-11-30T05:00:00+00:00,,DPP-2021,Central,Phase 2,NRIS,0.0,0.0,0.0,0.0,
J2262,,,Jackson,AR,INDEPENDENCE-ISES - POWERLINE ROAD 500.0kV,"ENTERGY ARKANSAS, LLC EATO",Solar,625.0,625.0,625.0,2021-10-11T04:00:00+00:00,Done,2028-09-28T04:00:00+00:00,,,,Photovoltaic,Not Started,,2029-07-20T04:00:00+00:00,,DPP-2021,South,Phase 3,NRIS,652.0,652.0,625.0,0.0,
J2263,,,Knox,IN,Edwardsport 345KV,"DUKE ENERGY INDIANA, LLC CIN",Battery Storage,100.0,100.0,100.0,2021-08-31T04:00:00+00:00,Withdrawn,,2024-10-08T04:00:00+00:00,,,Battery Storage,Not Started,,2024-08-31T04:00:00+00:00,,DPP-2021,Central,Phase 2,NRIS,0.0,0.0,0.0,0.0,
J2271,,,Columbia,WI,South Fond du Lac to Columbia 345 kV,AMERICAN TRANSMISSION COMPANY,Solar,200.0,200.0,200.0,2021-07-21T04:00:00+00:00,Withdrawn,,2024-10-01T04:00:00+00:00,,,Photovoltaic,Not Started,,2025-01-01T05:00:00+00:00,,DPP-2021,East (ATC),Phase 3,NRIS,200.0,200.0,0.0,0.0,
J2272,,,Clinton,IA,Calamus East,ITC MIDWEST,Hybrid,250.0,250.0,250.0,2021-07-22T04:00:00+00:00,Active,2026-10-01T04:00:00+00:00,,,,Solar/Battery,Not Started,,2024-09-01T04:00:00+00:00,,DPP-2021,West,Phase 2,NRIS,250.0,250.0,250.0,250.0,
J2276,,,Douglas,MN,ALEXANDRIA,MISSOURI RIVER ENERGY SERVICES - TRANSMISSION,Solar,39.5,39.5,39.5,2022-04-11T04:00:00+00:00,Active,,,,,Solar/Wind,Not Started,,2022-01-01T05:00:00+00:00,,DPP-2021,West,Phase 2,NRIS,39.5,39.5,39.5,39.5,
J2292,,,Calcasieu,LA,GOOS FERRY,"ENTERGY LOUISIANA, LLC ELTO",Solar,50.0,50.0,50.0,2021-09-15T04:00:00+00:00,Done,2027-09-01T04:00:00+00:00,,,,Photovoltaic,Not Started,,2024-09-01T04:00:00+00:00,,DPP-2021,South,Phase 3,NRIS,50.0,0.0,50.0,0.0,
J2296,,,Sullivan,IN,Merom Gibson 345kV line Tap,"DUKE ENERGY INDIANA, LLC CIN",Solar,100.0,100.0,100.0,2022-03-24T04:00:00+00:00,Active,,,,,Photovoltaic,Not Started,,2025-04-01T04:00:00+00:00,,DPP-2021,Central,Phase 2,ERIS,100.0,0.0,100.0,0.0,
J2298,,,Greene,AR,Gainesville Switching Station,ARKANSAS ELECTRIC COOPERATIVE CORPORATION AECT,Solar,200.0,200.0,200.0,2021-11-30T05:00:00+00:00,Done,2028-04-01T04:00:00+00:00,,,,Photovoltaic,Not Started,,2025-04-01T04:00:00+00:00,,DPP-2021,South,Phase 3,NRIS,200.0,200.0,200.0,0.0,
J2275,,,Peoria,IL,Fargo to Sandburg 345kV,AMEREN TRANSMISSION COMPANY OF ILLINOIS,Wind,250.0,250.0,250.0,2022-03-22T04:00:00+00:00,Active,,,,,Wind Turbine,Not Started,,2025-10-31T04:00:00+00:00,,DPP-2021,Central,Phase 2,NRIS,250.0,250.0,250.0,250.0,
J2277,,,Portage,WI,Arnott - Golden Sands 138.0kV,AMERICAN TRANSMISSION COMPANY,Battery Storage,0.0,0.0,0.0,2022-05-06T04:00:00+00:00,Withdrawn,,2025-10-08T04:00:00+00:00,,,Battery Storage,Not Started,,2023-08-01T04:00:00+00:00,,DPP-2021,East (ATC),Phase 3,NRIS,0.0,0.0,0.0,0.0,
J2279,,,Ionia,MI,Burnips to Tremaine 138 kV line,WOLVERINE POWER SUPPLY COOPERATIVE,Hybrid,150.0,150.0,150.0,2021-07-21T04:00:00+00:00,Withdrawn,,2025-03-03T05:00:00+00:00,,,Solar/Battery,Not Started,,2025-08-01T04:00:00+00:00,,DPP-2021,East (ITC),Phase 3,NRIS,150.0,150.0,0.0,0.0,
J2280,,,,IN,GREENWOOD CLARK TOWNSHIP,"DUKE ENERGY INDIANA, LLC CIN",Battery Storage,198.0,198.0,198.0,2022-03-28T04:00:00+00:00,Pending Transfer,,,,,Battery Storage,Not Started,,2023-06-01T04:00:00+00:00,,DPP-2021,Central,Phase 2,NRIS,198.0,198.0,198.0,198.0,
J2072,,,Grant,AR,Woodward 115kV -  H.S. EHV 115 kV,"ENTERGY ARKANSAS, LLC EATO",Hybrid,100.0,100.0,100.0,2021-08-23T04:00:00+00:00,Withdrawn,,2025-03-07T05:00:00+00:00,,,Solar/Battery,Not Started,,2024-10-30T04:00:00+00:00,,DPP-2021,South,Phase 3,NRIS,100.0,100.0,0.0,0.0,
J2080,,,Oliver,ND,Square Butte 230 kV Substation East,MINNESOTA POWER INC.,Wind,200.0,200.0,200.0,2021-08-12T04:00:00+00:00,Withdrawn,,2026-06-04T04:00:00+00:00,,,Wind Turbine,Not Started,,2024-05-01T04:00:00+00:00,,DPP-2021,West,Phase 2,ERIS,200.0,200.0,200.0,0.0,
J2081,,,Mississippi,AR,Sans Souci 500kV,"ENTERGY ARKANSAS, LLC EATO",Coal,20.0,20.0,20.0,2021-08-25T04:00:00+00:00,Withdrawn,2027-10-01T04:00:00+00:00,2025-12-09T05:00:00+00:00,,,"Steam Turbine (including Nuclear, Geothermal and Solar Steam)",Not Started,,2024-10-01T04:00:00+00:00,,DPP-2021,South,Phase 3,NRIS,15.0,15.0,15.0,15.0,
J2082,,,Rapides,LA,Shady Oaks (Bus# 500780) to Coughlin (Bus# 500230),CLECO POWER LLC CLEC,Solar,50.0,50.0,50.0,2021-09-02T04:00:00+00:00,Withdrawn,,2025-03-07T05:00:00+00:00,,,Photovoltaic,Not Started,,2024-10-04T04:00:00+00:00,,DPP-2021,South,Phase 3,NRIS,50.0,50.0,0.0,0.0,
J2083,,,Allen,LA,Caney,CLECO POWER LLC CLEC,Solar,200.0,200.0,200.0,2021-12-21T05:00:00+00:00,Withdrawn,,2023-11-10T05:00:00+00:00,,,Photovoltaic,Not Started,,2024-10-31T04:00:00+00:00,,DPP-2021,South,Phase 3,NRIS,0.0,0.0,0.0,0.0,
J2089,,,Mississippi,AR,Line tap DELL to Manilla AECC 161 kV,"ENTERGY ARKANSAS, LLC EATO",Solar,200.0,200.0,200.0,2021-11-23T05:00:00+00:00,Done,2027-12-31T05:00:00+00:00,,,,Photovoltaic,Not Started,,2024-10-31T04:00:00+00:00,,DPP-2021,South,Phase 3,NRIS,200.0,200.0,200.0,0.0,
J2257,,,Evangeline,LA,Ville Platte - Westfork 230kV,CLECO POWER LLC CLEC,Solar,80.0,80.0,80.0,2021-08-16T04:00:00+00:00,Withdrawn,,2025-03-07T05:00:00+00:00,,,Photovoltaic,Not Started,,2024-03-01T05:00:00+00:00,,DPP-2021,South,Phase 3,NRIS,80.0,0.0,0.0,0.0,
J2259,,,Hendricks,IN,Amo 345kV,"WABASH VALLEY POWER ASSOCIATION, INC.",Solar,199.99,199.99,199.99,2021-08-12T04:00:00+00:00,Withdrawn,,2024-10-08T04:00:00+00:00,,,Photovoltaic,Not Started,,2024-11-01T04:00:00+00:00,,DPP-2021,Central,Phase 2,NRIS,0.0,0.0,0.0,0.0,
J2270,,,Sullivan,IN,Merom 345 kV,HOOSIER ENERGY,Solar,300.0,300.0,300.0,2021-08-16T04:00:00+00:00,Active,,,,,Photovoltaic,Not Started,,2024-10-30T04:00:00+00:00,,DPP-2021,Central,Phase 2,NRIS,300.0,0.0,300.0,0.0,
J2283,,,Hillsdale,MI,18Knowles (MISO node #256632),METC,Wind,16.1,16.1,16.1,2021-11-19T05:00:00+00:00,Active,2020-10-01T04:00:00+00:00,,,,Wind Turbine,Not Started,,2020-10-01T04:00:00+00:00,,DPP-2021,East (ITC),Phase 3,NRIS,16.1,16.1,16.1,16.1,
J2284,,,Coahoma,MS,Clarksdale-Delta 115kV line,"ENTERGY MISSISSIPPI, LLC. EMTO",Solar,65.97,65.97,65.97,2021-09-08T04:00:00+00:00,Withdrawn,,2023-10-25T04:00:00+00:00,,,Photovoltaic,Not Started,,2025-12-30T05:00:00+00:00,,DPP-2021,South,Phase 3,NRIS,0.0,0.0,0.0,0.0,
J2287,,,Bolivar,MS,DELTA SES SWITCHYARD 115kV,"ENTERGY MISSISSIPPI, LLC. EMTO",Solar,135.0,135.0,135.0,2021-09-07T04:00:00+00:00,Done,,,,,Photovoltaic,Not Started,,2024-12-01T05:00:00+00:00,,DPP-2021,South,Phase 3,ERIS,135.0,0.0,122.0,0.0,
J2294,,,Mississippi,AR,Dell to Nucor 161 kV,ARKANSAS ELECTRIC COOPERATIVE CORPORATION AECT,Solar,250.0,250.0,250.0,2021-08-10T04:00:00+00:00,Done,2028-06-28T04:00:00+00:00,,,,Photovoltaic,Not Started,,2024-05-01T04:00:00+00:00,,DPP-2021,South,Phase 3,NRIS,250.0,250.0,250.0,0.0,
J2302,,,St. Helena,LA,MCKNIGHT - PLANT DANIEL 500.0kV,"ENTERGY LOUISIANA, LLC ELTO",Hybrid,400.0,400.0,400.0,2021-11-10T05:00:00+00:00,Done,2027-10-11T04:00:00+00:00,,,,Solar/Battery,Not Started,,2024-08-01T04:00:00+00:00,,DPP-2021,South,Phase 3,NRIS,400.0,400.0,400.0,400.0,
J2304,,,Columbia,WI,Columbia - Rockdale 345.0kV,AMERICAN TRANSMISSION COMPANY,Battery Storage,400.0,400.0,400.0,2021-12-02T05:00:00+00:00,Active,2028-12-31T05:00:00+00:00,,,,Battery Storage,Not Started,,2024-04-15T04:00:00+00:00,,DPP-2021,East (ATC),Phase 3,NRIS,400.0,400.0,400.0,400.0,
J2305,,,Henderson,KY,Henderson - AB Brown 138 kV,BIG RIVERS ELECTRIC CORPORATION BREC,Solar,139.0,139.0,139.0,2021-08-17T04:00:00+00:00,Withdrawn,,2021-12-08T05:00:00+00:00,,,Photovoltaic,Not Started,,2025-04-01T04:00:00+00:00,,DPP-2021,Central,Phase 2,NRIS,0.0,0.0,0.0,0.0,
J2288,,,Ralls,MO,SPENCER CREEK,AMEREN MISSOURI,Solar,175.0,175.0,175.0,2025-01-27T05:00:00+00:00,Active,,,,,Photovoltaic,Not Started,,2025-06-01T04:00:00+00:00,,DPP-2021,Central,Phase 2,NRIS,175.0,175.0,175.0,175.0,
J2293,,,Adams,WI,Other_,AMERICAN TRANSMISSION COMPANY,Hybrid,50.0,50.0,50.0,2021-11-30T05:00:00+00:00,Withdrawn,,2024-10-01T04:00:00+00:00,,,Solar/Battery,Not Started,,2025-11-30T05:00:00+00:00,,DPP-2021,East (ATC),Phase 3,NRIS,50.0,50.0,0.0,0.0,
J2282,,,Ohio,KY,BR Tap -- New Hardinsburg 161kV,BIG RIVERS ELECTRIC CORPORATION BREC,Hybrid,100.0,100.0,100.0,2022-03-28T04:00:00+00:00,Withdrawn,,2024-10-08T04:00:00+00:00,,,Solar/Battery,Not Started,,2025-10-25T04:00:00+00:00,,DPP-2021,Central,Phase 2,NRIS,0.0,0.0,0.0,0.0,
J2289,,,Sunflower,MS,Indianola 230/130 Sub,"ENTERGY MISSISSIPPI, LLC. EMTO",Solar,200.0,200.0,200.0,2021-09-09T04:00:00+00:00,Withdrawn,2028-04-01T04:00:00+00:00,2026-02-17T05:00:00+00:00,,,Photovoltaic,Not Started,,2025-04-01T04:00:00+00:00,,DPP-2021,South,Phase 3,ERIS,200.0,0.0,200.0,0.0,
J2290,,,Avoyelles,LA,CLECO Yellow Bayou 138kV Substation,CLECO POWER LLC CLEC,Hybrid,130.0,130.0,130.0,2022-02-17T05:00:00+00:00,Withdrawn,,2023-10-25T04:00:00+00:00,,,Solar/Battery,Not Started,,2025-10-25T04:00:00+00:00,,DPP-2021,South,Phase 3,NRIS,0.0,0.0,0.0,0.0,
J2300,,,Greene,AR,Gainesville Switching Station,ARKANSAS ELECTRIC COOPERATIVE CORPORATION AECT,Battery Storage,50.0,50.0,50.0,2021-11-30T05:00:00+00:00,Withdrawn,,2025-03-07T05:00:00+00:00,,,Battery Storage,Not Started,,2025-04-01T04:00:00+00:00,,DPP-2021,South,Phase 3,NRIS,50.0,50.0,0.0,0.0,
J2308,,,Miami,IN,Greentown  - Walton. 230.0kV,"DUKE ENERGY INDIANA, LLC CIN",Battery Storage,35.0,35.0,35.0,2022-03-23T04:00:00+00:00,Withdrawn,,2025-12-18T05:00:00+00:00,,,Battery Storage,Not Started,,2025-10-01T04:00:00+00:00,,DPP-2021,Central,Phase 2,NRIS,35.0,35.0,0.0,0.0,
J2309,,,Murray,MN,Chanarambie - ELLSBOROUGH (GRE) 115.0kV,NORTHERN STATES POWER COMPANY,Solar,100.0,100.0,100.0,2021-09-07T04:00:00+00:00,Active,,,,,Photovoltaic,Not Started,,2024-10-30T04:00:00+00:00,,DPP-2021,West,Phase 2,NRIS,100.0,100.0,100.0,100.0,
J2301,,,Vigo,IN,Other_,"DUKE ENERGY INDIANA, LLC CIN",Hybrid,100.0,100.0,100.0,2022-03-28T04:00:00+00:00,Active,,,,,Solar/Battery,Not Started,,2025-11-30T05:00:00+00:00,,DPP-2021,Central,Phase 2,NRIS,70.0,0.0,70.0,0.0,
J2307,,,Miami,IN,Greentown  - Walton. 230.0kV,"DUKE ENERGY INDIANA, LLC CIN",Solar,130.0,130.0,130.0,2022-03-23T04:00:00+00:00,Active,,,,,Photovoltaic,Not Started,,2025-10-01T04:00:00+00:00,,DPP-2021,Central,Phase 2,NRIS,130.0,130.0,130.0,130.0,
J2311,,,Putnam,IL,Putnam,AMEREN ILLINOIS,Wind,145.0,145.0,145.0,2024-10-18T04:00:00+00:00,Active,,,,,Wind Turbine,Not Started,,2024-02-09T05:00:00+00:00,,DPP-2021,Central,Phase 2,NRIS,145.0,145.0,145.0,145.0,
J2313,,,Sunflower,MS,Other_,"ENTERGY MISSISSIPPI, LLC. EMTO",Solar,80.0,80.0,80.0,2021-09-10T04:00:00+00:00,Withdrawn,,2025-03-07T05:00:00+00:00,,,Photovoltaic,Not Started,,2023-12-31T05:00:00+00:00,,DPP-2021,South,Phase 3,NRIS,80.0,80.0,0.0,0.0,
J2312,,,Putnam,IL,Putnam,AMEREN ILLINOIS,Wind,47.9,47.9,47.9,2024-10-18T04:00:00+00:00,Active,,,,,Wind Turbine,Not Started,,2024-02-09T05:00:00+00:00,,DPP-2021,Central,Phase 2,NRIS,47.9,47.9,47.9,47.9,
J2314,,,Liberty,TX,PETRY WOODS SS,"ENTERGY TEXAS, INC. ETTO",Solar,150.0,150.0,150.0,2021-09-10T04:00:00+00:00,Done,,,,,Photovoltaic,Not Started,,2023-12-31T05:00:00+00:00,,DPP-2021,South,Phase 3,NRIS,150.0,150.0,150.0,0.0,
J2315,,,Liberty,TX,Petry Woods,"ENTERGY TEXAS, INC. ETTO",Battery Storage,75.3,75.3,75.3,2021-09-10T04:00:00+00:00,Withdrawn,,2023-10-25T04:00:00+00:00,,,Battery Storage,Not Started,,2023-12-31T05:00:00+00:00,,DPP-2021,South,Phase 3,NRIS,0.0,0.0,0.0,0.0,
J2334,,,Montgomery,IL,Redhawk,AMEREN ILLINOIS,Solar,195.0,195.0,195.0,2022-09-14T04:00:00+00:00,Active,,,,,Photovoltaic,Not Started,,2027-09-01T04:00:00+00:00,,DPP-2022,Central,Phase 2,NRIS,195.0,195.0,0.0,0.0,
J2297,,,Sunflower,MS,Indianola 230kV Substation,"ENTERGY MISSISSIPPI, LLC. EMTO",Solar,100.0,100.0,100.0,2021-09-09T04:00:00+00:00,Withdrawn,2026-04-01T04:00:00+00:00,2026-03-10T04:00:00+00:00,,,Photovoltaic,Not Started,,2025-04-01T04:00:00+00:00,,DPP-2021,South,Phase 3,ERIS,100.0,0.0,100.0,0.0,
J2310,,,Beauregard,LA,Rhodes,"ENTERGY LOUISIANA, LLC ELTO",Solar,300.0,300.0,300.0,2021-09-09T04:00:00+00:00,Withdrawn,,2023-10-25T04:00:00+00:00,,,Photovoltaic,Not Started,,2024-04-30T04:00:00+00:00,,DPP-2021,South,Phase 3,NRIS,0.0,0.0,0.0,0.0,
J3838,,,Ingham,MI,DELHI - TOMPKINS 138.0kV,METC,Solar,225.0,225.0,225.0,2024-04-18T04:00:00+00:00,Active,,,,,Photovoltaic,,,2028-11-01T04:00:00+00:00,,DPP-2025,East (ITC),Phase 1,NRIS,135.0,135.0,0.0,0.0,
J3848,,,Wabasha,MN,Wabaco,DAIRYLAND POWER COOPERATIVE DPC,Battery Storage,250.0,250.0,250.0,2024-12-31T05:00:00+00:00,Active,,,,,Battery Storage,,,2030-06-30T04:00:00+00:00,,DPP-2025,West,Phase 1,NRIS,250.0,250.0,0.0,0.0,
J3526,,,Goodhue,MN,NORTH ROCHESTER,NORTHERN STATES POWER COMPANY,Battery Storage,200.0,200.0,200.0,2024-04-15T04:00:00+00:00,Withdrawn,,2025-09-30T04:00:00+00:00,,,Battery Storage,,,2030-12-31T05:00:00+00:00,,DPP-2023,West,Study Not Started,NRIS,0.0,0.0,0.0,0.0,
J3532,,,Roseau,MN,Riel (MH) - Roseau County North 500.0kV,NORTHERN STATES POWER COMPANY,Solar,500.0,500.0,500.0,2024-04-18T04:00:00+00:00,Active,,,,,Photovoltaic,,,2028-09-30T04:00:00+00:00,,DPP-2023,West,Study Not Started,NRIS,500.0,500.0,0.0,0.0,
J2318,,,Warren,IN,North East (Castle) - Culley 138 kV (J1642 POI),SOUTHERN INDIANA GAS & ELECTRIC COMPANY D/B/A CENTERPOINT ENERGY INDIANA SOUTH,Hybrid,75.0,75.0,75.0,2022-03-28T04:00:00+00:00,Withdrawn,,2024-10-08T04:00:00+00:00,,,Solar/Battery,Not Started,,2025-10-25T04:00:00+00:00,,DPP-2021,Central,Phase 2,NRIS,0.0,0.0,0.0,0.0,
J2320,,,Sunflower,MS,Inverness,"ENTERGY MISSISSIPPI, LLC. EMTO",Battery Storage,40.0,40.0,40.0,2021-09-10T04:00:00+00:00,Withdrawn,,2023-10-25T04:00:00+00:00,,,Battery Storage,Not Started,,2023-12-31T05:00:00+00:00,,DPP-2021,South,Phase 3,NRIS,0.0,0.0,0.0,0.0,
J3534,,,Madison,LA,DELHI - TALLULAH 115.0kV,"ENTERGY LOUISIANA, LLC ELTO",Hybrid,125.0,125.0,125.0,2024-04-17T04:00:00+00:00,Withdrawn,,2025-12-23T05:00:00+00:00,,,Solar/Battery,,,2028-08-01T04:00:00+00:00,,DPP-2023,South,Study Not Started,NRIS,0.0,0.0,0.0,0.0,
J3531,,,White,AR,Other_,"ENTERGY ARKANSAS, LLC EATO",Solar,100.0,100.0,100.0,2024-04-17T04:00:00+00:00,Withdrawn,,2025-09-24T04:00:00+00:00,,,Photovoltaic,,,2027-06-01T04:00:00+00:00,,DPP-2023,South,Study Not Started,NRIS,0.0,0.0,0.0,0.0,
J3537,,,Kalamazoo,MI,Weeds Lake 138kV substation (Bus Number 256510),METC,Battery Storage,265.0,265.0,265.0,2024-04-16T04:00:00+00:00,Withdrawn,,2025-09-30T04:00:00+00:00,,,Battery Storage,,,2028-06-30T04:00:00+00:00,,DPP-2023,East (ITC),Study Not Started,NRIS,0.0,0.0,0.0,0.0,
J3545,,,Ionia,MI,BINGHAM - MARQUETTE 138.0kV,METC,Solar,200.0,200.0,200.0,2024-04-15T04:00:00+00:00,Active,,,,,Photovoltaic,,,2028-09-15T04:00:00+00:00,,DPP-2023,East (ITC),Study Not Started,NRIS,200.0,200.0,0.0,0.0,
J2316,,,Dickinson,MI,Nordic 138kV Substation,AMERICAN TRANSMISSION COMPANY,Solar,77.5,77.5,77.5,2021-09-16T04:00:00+00:00,Active,2027-08-02T04:00:00+00:00,,,,Photovoltaic,Not Started,,2023-09-15T04:00:00+00:00,,DPP-2021,East (ATC),Phase 3,NRIS,77.5,77.5,77.5,71.5,
J2317,,,Ouachita,LA,BASTROP (CAHOON) - STERLINGTON 115 SWYD 115.0kV,"ENTERGY LOUISIANA, LLC ELTO",Solar,225.0,225.0,225.0,2021-12-21T05:00:00+00:00,Done,2027-12-01T05:00:00+00:00,,,,Photovoltaic,Not Started,,2024-10-31T04:00:00+00:00,,DPP-2021,South,Phase 3,NRIS,225.0,225.0,202.5,0.0,
J2319,,,Huron,MI,Stein 345 kV substation,ITC,Solar,200.0,200.0,200.0,2021-08-24T04:00:00+00:00,Withdrawn,,2021-12-22T05:00:00+00:00,,,Photovoltaic,Not Started,,2023-11-01T04:00:00+00:00,,DPP-2021,East (ITC),Phase 3,NRIS,0.0,0.0,0.0,0.0,
J1748,,,DeSoto,MS,Twinkletown 230 kV,"ENTERGY MISSISSIPPI, LLC. EMTO",Solar,100.0,100.0,100.0,2020-07-17T04:00:00+00:00,Done,2025-04-01T04:00:00+00:00,,,,Photovoltaic,Not Started,2022-11-29T05:00:00+00:00,2023-08-15T04:00:00+00:00,2022-11-29T05:00:00+00:00,DPP-2020,South,GIA,NRIS,100.0,100.0,100.0,100.0,
J3849,,,Winnebago,IA,Bison - Colby 345kV,ITC MIDWEST,Wind,200.0,200.0,200.0,2024-12-31T05:00:00+00:00,Pending Revision Approval,,,,,Wind Turbine,,,2030-06-30T04:00:00+00:00,,DPP-2025,West,Phase 1,NRIS,200.0,200.0,0.0,0.0,
J3533,,,Randolph,MO,5MOBERLY  - SALSBRY5 (KCPL) 161.0kV,AMEREN MISSOURI,Wind,200.0,200.0,200.0,2024-04-18T04:00:00+00:00,Withdrawn,,2025-09-29T04:00:00+00:00,,,Wind Turbine,,,2028-08-31T04:00:00+00:00,,DPP-2023,Central,Study Not Started,NRIS,0.0,0.0,0.0,0.0,
J3530,,,Saline,AR,SHERIDAN EHV - MAGNET COVE 500.0kV,"ENTERGY ARKANSAS, LLC EATO",Solar,500.0,500.0,500.0,2024-04-16T04:00:00+00:00,Withdrawn,,2025-12-23T05:00:00+00:00,,,Photovoltaic,,,2028-06-30T04:00:00+00:00,,DPP-2023,South,Study Not Started,NRIS,0.0,0.0,0.0,0.0,
J3546,,,Lincoln,SD,Yankee - Brookings CO. 115.0kV,NORTHERN STATES POWER COMPANY,Wind,120.0,120.0,120.0,2024-04-18T04:00:00+00:00,Active,,,,,Wind Turbine,,,2028-08-01T04:00:00+00:00,,DPP-2023,West,Study Not Started,NRIS,120.0,120.0,0.0,0.0,
J3617,,,Clay,AR,DATTO,"ENTERGY ARKANSAS, LLC EATO",Solar,150.0,150.0,150.0,2024-04-16T04:00:00+00:00,Withdrawn,,2025-12-23T05:00:00+00:00,,,Photovoltaic,,,2028-09-30T04:00:00+00:00,,DPP-2023,South,Study Not Started,NRIS,0.0,0.0,0.0,0.0,
J3619,,,Mississippi,AR,MONETTE JUNCTION - PARAGOULD 161.0kV,"ENTERGY ARKANSAS, LLC EATO",Solar,150.0,150.0,150.0,2024-04-16T04:00:00+00:00,Active,,,,,Photovoltaic,,,2028-09-30T04:00:00+00:00,,DPP-2023,South,Study Not Started,NRIS,150.0,150.0,0.0,0.0,
J3847,,,Jefferson,IL,Walton Shell Substation 138KV,AMEREN ILLINOIS,Solar,200.0,200.0,200.0,2025-01-03T05:00:00+00:00,Withdrawn,,2026-04-14T04:00:00+00:00,,,Photovoltaic,,,2029-06-01T04:00:00+00:00,,DPP-2025,Central,Phase 1,NRIS,0.0,0.0,0.0,0.0,
J3846,,,Newton,IN,Other_,NORTHERN INDIANA PUBLIC SERVICE COMPANY LLC NIPS,Wind,220.0,220.0,220.0,2025-01-10T05:00:00+00:00,Withdrawn,,2026-04-14T04:00:00+00:00,,,Wind Turbine,,,2030-08-01T04:00:00+00:00,,DPP-2025,Central,Phase 1,NRIS,0.0,0.0,0.0,0.0,
J3853,,,Iroquois,IL,Other_,AMEREN ILLINOIS,Wind,300.0,300.0,300.0,2024-12-26T05:00:00+00:00,Active,,,,,Wind Turbine,,,2029-06-01T04:00:00+00:00,,DPP-2025,Central,Phase 1,NRIS,300.0,300.0,0.0,0.0,
J3535,,,Dunklin,MO,JIM HILL - HAYTI SOUTH 161.0kV,"ENTERGY ARKANSAS, LLC EATO",Hybrid,200.0,200.0,200.0,2024-04-17T04:00:00+00:00,Withdrawn,,2025-12-23T05:00:00+00:00,,,Solar/Battery,,,2028-08-01T04:00:00+00:00,,DPP-2023,South,Study Not Started,NRIS,0.0,0.0,0.0,0.0,
J3547,,,Martin,MN,LAKEFIELD,NORTHERN STATES POWER COMPANY,Hybrid,630.0,549.6,630.0,2024-04-17T04:00:00+00:00,Withdrawn,,2025-12-23T05:00:00+00:00,,,Combustion Turbine (Simple Cycle),,,2026-06-01T04:00:00+00:00,,DPP-2023,West,Study Not Started,NRIS,0.0,0.0,0.0,0.0,
J3560,,,Putnam,IL,Putnam 138kV,AMEREN ILLINOIS,Solar,20.0,20.0,20.0,2024-04-05T04:00:00+00:00,Withdrawn,,2025-12-23T05:00:00+00:00,,,Photovoltaic,,,2027-04-30T04:00:00+00:00,,DPP-2023,Central,Study Not Started,NRIS,0.0,0.0,0.0,0.0,
J2324,,,Winnebago,IL,Shirland Ave Tap (Y-54) to Shaw 69kV,AMERICAN TRANSMISSION COMPANY,Hybrid,35.0,35.0,35.0,2022-09-08T04:00:00+00:00,Withdrawn,,2025-07-30T04:00:00+00:00,,,Solar/Battery,Not Started,,2027-02-24T05:00:00+00:00,,DPP-2022,East (ATC),Phase 1,NRIS,0.0,0.0,0.0,0.0,
J3525,,,Rock Island,IL,SUB 47,MIDAMERICAN ENERGY CO. MEC,Battery Storage,300.0,300.0,300.0,2024-04-17T04:00:00+00:00,Active,,,,,Battery Storage,,,2028-09-06T04:00:00+00:00,,DPP-2023,West,Study Not Started,NRIS,300.0,300.0,0.0,0.0,
J3536,,,Poinsett,AR,AECC TRUMANN WEST - TRUMANN 161.0kV,"ENTERGY ARKANSAS, LLC EATO",Hybrid,190.0,190.0,190.0,2024-04-17T04:00:00+00:00,Withdrawn,,2025-12-23T05:00:00+00:00,,,Solar/Battery,,,2028-08-01T04:00:00+00:00,,DPP-2023,South,Study Not Started,NRIS,0.0,0.0,0.0,0.0,
J3559,,,Hancock,KY,Coleman EHV,BIG RIVERS ELECTRIC CORPORATION BREC,Battery Storage,250.0,250.0,250.0,2024-04-18T04:00:00+00:00,Withdrawn,,2025-12-23T05:00:00+00:00,,,Battery Storage,,,2027-09-10T04:00:00+00:00,,DPP-2023,Central,Study Not Started,NRIS,0.0,0.0,0.0,0.0,
J3623,,,Sunflower,MS,INDIANOLA 230/115 SUB - TILLATOBA 230.0kV,"ENTERGY MISSISSIPPI, LLC. EMTO",Wind,350.0,350.0,350.0,2024-04-17T04:00:00+00:00,Active,,,,,Wind Turbine,,,2028-09-01T04:00:00+00:00,,DPP-2023,South,Study Not Started,NRIS,350.0,250.0,0.0,0.0,
J3616,,,Arkansas,AR,STUTTGART NORTH SS - STUTTGART RICUSKEY 115.0kV,"ENTERGY ARKANSAS, LLC EATO",Battery Storage,125.0,125.0,125.0,2024-04-16T04:00:00+00:00,Withdrawn,,2025-12-23T05:00:00+00:00,,,Battery Storage,,,2028-09-30T04:00:00+00:00,,DPP-2023,South,Study Not Started,NRIS,0.0,0.0,0.0,0.0,
J3561,,,Jo Daviess,IL,Galena (DPC) - Savanna 161kV,ITC MIDWEST,Solar,135.0,135.0,135.0,2024-04-18T04:00:00+00:00,Withdrawn,,2025-12-23T05:00:00+00:00,,,Photovoltaic,,,2028-01-01T05:00:00+00:00,,DPP-2023,West,Study Not Started,NRIS,0.0,0.0,0.0,0.0,
J3620,,,Mississippi,AR,MONETTE JUNCTION - PARAGOULD 161.0kV,"ENTERGY ARKANSAS, LLC EATO",Battery Storage,150.0,150.0,150.0,2024-04-16T04:00:00+00:00,Withdrawn,,2025-12-23T05:00:00+00:00,,,Battery Storage,,,2028-09-30T04:00:00+00:00,,DPP-2023,South,Study Not Started,NRIS,0.0,0.0,0.0,0.0,
J3578,,,Greene,AR,Gainesville Switching Station,ARKANSAS ELECTRIC COOPERATIVE CORPORATION AECT,Solar,100.0,100.0,100.0,2024-04-09T04:00:00+00:00,Withdrawn,,2025-12-23T05:00:00+00:00,,,Photovoltaic,,,2027-04-15T04:00:00+00:00,,DPP-2023,South,Study Not Started,NRIS,0.0,0.0,0.0,0.0,
J3622,,,Craighead,AR,HERGETT - POWERLINE ROAD 161.0kV,"ENTERGY ARKANSAS, LLC EATO",Battery Storage,150.0,150.0,150.0,2024-04-16T04:00:00+00:00,Withdrawn,,2025-09-24T04:00:00+00:00,,,Battery Storage,,,2028-09-30T04:00:00+00:00,,DPP-2023,South,Study Not Started,NRIS,0.0,0.0,0.0,0.0,
J3621,,,Craighead,AR,HERGETT - POWERLINE ROAD 161.0kV,"ENTERGY ARKANSAS, LLC EATO",Solar,150.0,150.0,150.0,2024-04-16T04:00:00+00:00,Withdrawn,,2025-09-24T04:00:00+00:00,,,Photovoltaic,,,2028-09-30T04:00:00+00:00,,DPP-2023,South,Study Not Started,NRIS,0.0,0.0,0.0,0.0,
J4262,,,Tazewell,,Tazewell,AMEREN ILLINOIS,,250.0,250.0,250.0,2026-08-20T18:29:06+00:00,Active,,,,,,,,2030-12-01T05:00:00+00:00,,DPP-2026,Central,,NRIS,0.0,0.0,0.0,0.0,
J4021,,,Sullivan,IN,Petersburg - Sullivan (AEP/PJM) 345.0kV,INDIANAPOLIS POWER & LIGHT COMPANY,Gas,470.0,470.0,470.0,2025-05-27T04:00:00+00:00,Active,,,,,Combustion Turbine (Simple Cycle),,,2028-12-31T05:00:00+00:00,,DPP-2026,Central,,NRIS,0.0,0.0,0.0,0.0,
J4020,,,Kenosha,WI,Pleasant Prairie - Arcadian 345.0kV,AMERICAN TRANSMISSION COMPANY,Gas,481.0,481.0,481.0,2025-05-12T04:00:00+00:00,Withdrawn,,2025-09-11T04:00:00+00:00,,,Combustion Turbine (Simple Cycle),,,2030-05-01T04:00:00+00:00,,DPP-2025,East (ATC),Phase 1,NRIS,0.0,0.0,0.0,0.0,
J3618,,,Clay,AR,DATTO,"ENTERGY ARKANSAS, LLC EATO",Battery Storage,150.0,150.0,150.0,2024-04-16T04:00:00+00:00,Withdrawn,,2025-12-23T05:00:00+00:00,,,Battery Storage,,,2028-09-30T04:00:00+00:00,,DPP-2023,South,Study Not Started,NRIS,0.0,0.0,0.0,0.0,
J4019,,,Calhoun,MI,BATTLE CREEK - ONEIDA 345.0kV,METC,Battery Storage,200.0,200.0,200.0,2025-05-07T04:00:00+00:00,Active,,,,,Battery Storage,,,2030-07-01T04:00:00+00:00,,DPP-2026,East (ITC),,NRIS,0.0,0.0,0.0,0.0,
J4030,,,Faulkner,AR,MAYFLOWER115KV,"ENTERGY ARKANSAS, LLC EATO",Battery Storage,200.0,200.0,200.0,2025-05-29T04:00:00+00:00,Withdrawn,,2026-04-15T04:00:00+00:00,,,Battery Storage,,,2029-10-01T04:00:00+00:00,,DPP-2025,South,Phase 1,NRIS,0.0,0.0,0.0,0.0,
J3983,,,Gibson,IN,MACKEY,"DUKE ENERGY INDIANA, LLC CIN",Hybrid,100.0,100.0,100.0,2024-10-30T04:00:00+00:00,Withdrawn,,2026-04-14T04:00:00+00:00,,,Solar/Battery,,,2030-09-02T04:00:00+00:00,,DPP-2025,Central,Phase 1,NRIS,0.0,0.0,0.0,0.0,
J3950,,,Clark,IL,7CASEY - 7SNYDER  345.0kV,AMEREN ILLINOIS,Solar,340.0,340.0,340.0,2025-02-20T05:00:00+00:00,Withdrawn,,2026-04-14T04:00:00+00:00,,,Photovoltaic,,,2030-06-01T04:00:00+00:00,,DPP-2025,Central,Phase 1,NRIS,0.0,0.0,0.0,0.0,
J3947,,,Shelby,IL,7FARADAY - 7PANA 345.0kV,AMEREN TRANSMISSION COMPANY OF ILLINOIS,Battery Storage,200.0,200.0,200.0,2025-03-25T04:00:00+00:00,Active,,,,,Battery Storage,,,2030-09-30T04:00:00+00:00,,DPP-2025,Central,Phase 1,NRIS,200.0,200.0,0.0,0.0,
S1083,,,Hancock,KY,Skillman,BIG RIVERS ELECTRIC CORPORATION BREC,Battery Storage,100.0,100.0,100.0,2025-01-14T05:00:00+00:00,Withdrawn,,2026-03-24T04:00:00+00:00,,,Battery Storage,,,2029-09-12T04:00:00+00:00,,,,,SIS,0.0,0.0,0.0,0.0,
J3949,,,Scott,IL,7MEREDOSIA - 7TURNER 345.0kV,AMEREN TRANSMISSION COMPANY OF ILLINOIS,Solar,245.0,245.0,245.0,2025-04-07T04:00:00+00:00,Active,,,,,Photovoltaic,,,2030-01-31T05:00:00+00:00,,DPP-2025,Central,Phase 1,NRIS,245.0,245.0,0.0,0.0,
J3946,,,Tazewell,IL,Tazewell,AMEREN ILLINOIS,Battery Storage,300.0,300.0,300.0,2025-03-31T04:00:00+00:00,Active,,,,,Battery Storage,,,2030-06-01T04:00:00+00:00,,DPP-2025,Central,Phase 1,NRIS,300.0,300.0,0.0,0.0,
J3952,,,Polk,MN,Other_,OTTER TAIL POWER COMPANY OTP,Solar,395.0,395.0,395.0,2025-02-26T05:00:00+00:00,Withdrawn,,2026-01-02T05:00:00+00:00,,,Photovoltaic,,,2030-06-01T04:00:00+00:00,,DPP-2025,West,Phase 1,NRIS,0.0,0.0,0.0,0.0,
J3974,,,Jefferson,AR,STUTTGART RICUSKEY - WOODWARD 230 SUB 230.0kV,"ENTERGY ARKANSAS, LLC EATO",Solar,200.0,200.0,200.0,2025-02-11T05:00:00+00:00,Withdrawn,,2026-04-15T04:00:00+00:00,,,Photovoltaic,,,2027-06-01T04:00:00+00:00,,DPP-2025,South,Phase 1,NRIS,0.0,0.0,0.0,0.0,
S1085,,,Nobles,MN,NOBLES COUNTY,NORTHERN STATES POWER COMPANY,Battery Storage,200.0,200.0,200.0,2025-01-14T05:00:00+00:00,Active,2028-07-01T04:00:00+00:00,,,,Battery Storage,,,2028-07-01T04:00:00+00:00,,,,,SIS,0.0,0.0,0.0,0.0,
J4017,,,Blue Earth,MN,Wilmarth - Fieldon 345.0kV,NORTHERN STATES POWER COMPANY,Solar,299.0,299.0,299.0,2025-05-15T04:00:00+00:00,Active,,,,,Photovoltaic,,,2030-05-01T04:00:00+00:00,,DPP-2025,West,Phase 1,NRIS,250.0,250.0,0.0,0.0,
J4018,,,Ford,IL,Other_,AMEREN ILLINOIS,Wind,250.0,250.0,250.0,2025-05-02T04:00:00+00:00,Active,,,,,Wind Turbine,,,2029-06-01T04:00:00+00:00,,DPP-2025,Central,Phase 1,NRIS,250.0,250.0,0.0,0.0,
J4022,,,Ouachita,LA,STERLINGTON 500 SWYD,"ENTERGY LOUISIANA, LLC ELTO",Gas,1509.0,1509.0,1509.0,2025-05-22T04:00:00+00:00,Withdrawn,,2026-01-05T05:00:00+00:00,,,Combined Cycle,,,2030-01-02T05:00:00+00:00,,DPP-2025,South,Phase 1,NRIS,0.0,0.0,0.0,0.0,
S1081,,,Muskegon,MI,DU PONT - WHITE LAKE 138.0kV,METC,Battery Storage,100.0,100.0,100.0,2025-01-13T05:00:00+00:00,Active,2029-05-12T04:00:00+00:00,,,,Battery Storage,,,2028-04-30T04:00:00+00:00,,,,,SIS,0.0,0.0,0.0,0.0,
J4031,,,Scott,IL,7MEREDOSIA - 7TURNER 345.0kV,AMEREN TRANSMISSION COMPANY OF ILLINOIS,Solar,245.0,245.0,245.0,2025-05-12T04:00:00+00:00,Active,,,,,Photovoltaic,,,2030-01-31T05:00:00+00:00,,DPP-2025,Central,Phase 1,NRIS,245.0,245.0,0.0,0.0,
J3984,,,Jefferson,AR,STUTTGART RICUSKEY - WOODWARD 230 SUB 230.0kV,"ENTERGY ARKANSAS, LLC EATO",Hybrid,200.0,200.0,200.0,2024-10-25T04:00:00+00:00,Withdrawn,,2026-04-15T04:00:00+00:00,,,Solar/Battery,,,2030-09-02T04:00:00+00:00,,DPP-2025,South,Phase 1,NRIS,0.0,0.0,0.0,0.0,
S1080,,,Martin,MN,Rutland,SOUTHERN MINNESOTA MUNICIPAL POWER AGENCY,Battery Storage,150.0,150.0,150.0,2025-01-14T05:00:00+00:00,Active,,,,,Battery Storage,,,2028-07-30T04:00:00+00:00,,,,,SIS,0.0,0.0,0.0,0.0,
R5064,,,Allamakee,IA,Lansing,ITC MIDWEST,Battery Storage,150.0,150.0,150.0,2025-04-08T04:00:00+00:00,Done,,,,,Battery Storage,,,,,,,,,0.0,0.0,0.0,0.0,
J3948,,,Posey,IN,AB Brown 345 - Gibson (Duke Terminal) 345.0kV,SOUTHERN INDIANA GAS & ELECTRIC COMPANY D/B/A CENTERPOINT ENERGY INDIANA SOUTH,Battery Storage,200.0,200.0,200.0,2025-03-25T04:00:00+00:00,Withdrawn,,2026-04-14T04:00:00+00:00,,,Battery Storage,,,2030-09-30T04:00:00+00:00,,DPP-2025,Central,Phase 1,NRIS,0.0,0.0,0.0,0.0,
J3951,,,Polk,MN,Other_,OTTER TAIL POWER COMPANY OTP,Solar,218.0,218.0,218.0,2025-02-26T05:00:00+00:00,Withdrawn,,2026-01-02T05:00:00+00:00,,,Photovoltaic,,,2030-06-01T04:00:00+00:00,,DPP-2025,West,Phase 1,NRIS,0.0,0.0,0.0,0.0,
J3980,,,Sullivan,IN,Gibson Sta - Merom (HED) 345.0kV,"DUKE ENERGY INDIANA, LLC CIN",Hybrid,200.0,200.0,200.0,2025-04-08T04:00:00+00:00,Active,,,,,Solar/Battery,,,2029-10-01T04:00:00+00:00,,DPP-2025,Central,Phase 1,NRIS,200.0,200.0,0.0,0.0,
S1111,,,Adair,IA,ORIENT,MIDAMERICAN ENERGY CO. MEC,Hybrid,263.0,263.0,263.0,2025-07-31T04:00:00+00:00,Active,,,,,Combustion Turbine (Simple Cycle),,,2027-09-01T04:00:00+00:00,,,,,SIS,0.0,0.0,0.0,0.0,
J3923,,,Washtenaw,MI,Majestic-Milan 345 kV Line,ITC,Gas,1414.0,1414.0,1414.0,2025-02-28T05:00:00+00:00,Active,,,,,Combined Cycle,,,2030-03-01T05:00:00+00:00,,DPP-2025,East (ITC),Phase 1,NRIS,1414.0,1414.0,0.0,0.0,
J4123,,,Branch,MI,WAGNER,METC,Battery Storage,200.0,200.0,200.0,2025-09-19T04:00:00+00:00,Active,,,,,Battery Storage,,,2030-08-15T04:00:00+00:00,,DPP-2026,East (ITC),,NRIS,0.0,0.0,0.0,0.0,
J3981,,,Sullivan,IN,Gibson Sta - Merom (HED) 345.0kV,"DUKE ENERGY INDIANA, LLC CIN",Hybrid,200.0,200.0,200.0,2025-04-08T04:00:00+00:00,Active,,,,,Solar/Battery,,,2029-10-01T04:00:00+00:00,,DPP-2025,Central,Phase 1,NRIS,200.0,200.0,0.0,0.0,
S1113,,,Franklin,IA,Quinn,ITC MIDWEST,Battery Storage,200.0,200.0,200.0,2025-08-26T04:00:00+00:00,Active,,,,,Battery Storage,,,2026-08-30T04:00:00+00:00,,,,,SIS,0.0,0.0,0.0,0.0,
J3975,,,Rusk,WI,Stone Lake - Gardner Park 345.0kV,AMERICAN TRANSMISSION COMPANY,Solar,416.5,416.5,416.5,2025-03-10T04:00:00+00:00,Active,,,,,Photovoltaic,,,2030-02-20T05:00:00+00:00,,DPP-2025,East (ATC),Phase 1,NRIS,416.5,416.5,0.0,0.0,
J3973,,,Branch,MI,COLDWATER - MOORE ROAD 138.0kV,METC,Battery Storage,100.0,100.0,100.0,2025-03-05T05:00:00+00:00,Active,,,,,Battery Storage,,,2030-10-01T04:00:00+00:00,,DPP-2026,East (ITC),,NRIS,0.0,0.0,0.0,0.0,
J3976,,,Fayette,IL,7COFFEN N - 7RAMSEY   345.0kV,AMEREN ILLINOIS,Wind,66.8,66.8,66.8,2025-03-25T04:00:00+00:00,Active,,,,,Wind Turbine,,,2028-12-15T05:00:00+00:00,,DPP-2025,Central,Phase 1,NRIS,66.8,66.8,0.0,0.0,
J3896,,,Knox,IN,Gibson Sta - Bedford 345 345.0kV,"DUKE ENERGY INDIANA, LLC CIN",Solar,70.0,70.0,70.0,2025-02-07T05:00:00+00:00,Active,,,,,Photovoltaic,,,2030-09-01T04:00:00+00:00,,DPP-2025,Central,Phase 1,NRIS,70.0,70.0,0.0,0.0,
J3921,,,Jasper,IA,BONDURANT - MONTEZUMA 345.0kV,MIDAMERICAN ENERGY CO. MEC,Solar,150.0,150.0,150.0,2025-03-07T05:00:00+00:00,Withdrawn,,2025-12-23T05:00:00+00:00,,,Photovoltaic,,,2027-09-01T04:00:00+00:00,,DPP-2025,West,Phase 1,NRIS,0.0,0.0,0.0,0.0,
J3922,,,Branch,MI,HIPLE,METC,Gas,1445.0,1445.0,1445.0,2025-03-04T05:00:00+00:00,Pending Revision Approval,,,,,Combined Cycle,,,2030-03-01T05:00:00+00:00,,DPP-2025,East (ITC),Phase 1,NRIS,1445.0,1445.0,0.0,0.0,
J3924,,,Branch,MI,COLDWATER - MOORE ROAD 138.0kV,METC,Battery Storage,80.0,80.0,80.0,2025-03-05T05:00:00+00:00,Active,,,,,Battery Storage,,,2030-10-01T04:00:00+00:00,,DPP-2026,East (ITC),,NRIS,0.0,0.0,0.0,0.0,
J3933,,,Franklin,IA,Killdeer - Quinn 345kV,ITC MIDWEST,Solar,200.0,200.0,200.0,2025-02-24T05:00:00+00:00,Withdrawn,,2025-12-23T05:00:00+00:00,,,Photovoltaic,,,2028-09-01T04:00:00+00:00,,DPP-2025,West,Phase 1,NRIS,0.0,0.0,0.0,0.0,
J3897,,,Knox,IN,Gibson Sta - Bedford 345 345.0kV,"DUKE ENERGY INDIANA, LLC CIN",Solar,60.0,60.0,60.0,2025-02-07T05:00:00+00:00,Withdrawn,,2026-04-14T04:00:00+00:00,,,Photovoltaic,,,2030-09-01T04:00:00+00:00,,DPP-2025,Central,Phase 1,NRIS,0.0,0.0,0.0,0.0,
J3898,,,Howard,IA,MITCHELL COUNTY (ITCM) - HAZLETON (ITCM) 345.0kV,ITC MIDWEST,Wind,155.0,155.0,155.0,2025-02-14T05:00:00+00:00,Active,,,,,Wind Turbine,,,2030-05-01T04:00:00+00:00,,DPP-2025,West,Phase 1,NRIS,155.0,155.0,0.0,0.0,
J3934,,,McLeod,MN,Blue Lake - MCLEOD (GRE) 230.0kV,NORTHERN STATES POWER COMPANY,Solar,250.0,250.0,250.0,2025-02-19T05:00:00+00:00,Withdrawn,,2026-01-02T05:00:00+00:00,,,Photovoltaic,,,2029-03-30T04:00:00+00:00,,DPP-2025,West,Phase 1,NRIS,0.0,0.0,0.0,0.0,
J4097,,,Rock,WI,New J1377 ATC Switching Station,AMERICAN TRANSMISSION COMPANY,Solar,71.5,71.5,71.5,2025-10-06T04:00:00+00:00,Active,,,,,Photovoltaic,,,2030-01-01T05:00:00+00:00,,DPP-2025,East (ATC),Phase 1,NRIS,71.5,71.5,0.0,0.0,
J4099,,,Jackson,MN,Fox Lake - Jackson North 161kV,ITC MIDWEST,Wind,200.0,200.0,200.0,2025-10-07T04:00:00+00:00,Active,,,,,Wind Turbine,,,2031-06-30T04:00:00+00:00,,DPP-2026,West,,NRIS,0.0,0.0,0.0,0.0,
J4120,,,Lenawee,MI,Other_,METC,Wind,200.0,200.0,200.0,2025-09-16T04:00:00+00:00,Active,,,,,Wind Turbine,,,2030-10-30T04:00:00+00:00,,DPP-2026,East (ITC),,NRIS,0.0,0.0,0.0,0.0,
J4122,,,Shiawassee,MI,Goss,METC,Battery Storage,150.0,150.0,150.0,2025-09-19T04:00:00+00:00,Active,,,,,Battery Storage,,,2030-08-15T04:00:00+00:00,,DPP-2026,East (ITC),,NRIS,0.0,0.0,0.0,0.0,
J4133,,,De Soto,LA,Dolet Hills Substation,CLECO POWER LLC,Gas,756.0,756.0,756.0,2025-10-03T04:00:00+00:00,Withdrawn,,2026-04-15T04:00:00+00:00,,,Combined Cycle,,,2030-06-01T04:00:00+00:00,,DPP-2025,South,Phase 1,NRIS,0.0,0.0,0.0,0.0,
J4134,,,Ouachita,AR,AECC CAMDEN SOUTH - STEPHENS 115.0kV,"ENTERGY ARKANSAS, LLC",Hybrid,200.0,200.0,200.0,2025-10-03T04:00:00+00:00,Withdrawn,,2026-04-15T04:00:00+00:00,,,Solar/Battery,,,2030-01-01T05:00:00+00:00,,DPP-2025,South,Phase 1,NRIS,0.0,0.0,0.0,0.0,
J4152,,,Redwood,MN,Cedar Mountain - Lyon County 345.0kV,MINNESOTA MUNICIPAL POWER AGENCY M2PA,Solar,250.0,250.0,250.0,2025-10-06T04:00:00+00:00,Active,,,,,Photovoltaic,,,2030-09-30T04:00:00+00:00,,DPP-2026,West,,NRIS,0.0,0.0,0.0,0.0,
J4153,,,Grant,SD,Big Stone South 345 kV substation,OTTER TAIL POWER COMPANY,Battery Storage,250.0,250.0,250.0,2025-10-07T04:00:00+00:00,Active,,,,,Battery Storage,,,2031-06-28T04:00:00+00:00,,DPP-2026,West,,NRIS,0.0,0.0,0.0,0.0,
J4159,,,Ottawa,MI,ROOSEVELT,METC,Gas,664.0,616.0,664.0,2025-08-13T04:00:00+00:00,Active,,,,,Combined Cycle,,,2028-06-30T04:00:00+00:00,,DPP-2026,East (ITC),,NRIS,0.0,0.0,0.0,0.0,
J4135,,,Grant,SD,Big Stone South 345 kV substation,OTTER TAIL POWER COMPANY,Wind,450.0,450.0,450.0,2025-10-03T04:00:00+00:00,Withdrawn,,2025-12-26T05:00:00+00:00,,,Wind Turbine,,,2030-04-30T04:00:00+00:00,,DPP-2025,West,Phase 1,NRIS,0.0,0.0,0.0,0.0,
J4151,,,Redwood,MN,Cedar Mountain - Lyon County 345.0kV,MINNESOTA MUNICIPAL POWER AGENCY,Solar,225.0,225.0,225.0,2025-10-06T04:00:00+00:00,Active,,,,,Photovoltaic,,,2030-05-01T04:00:00+00:00,,DPP-2025,West,Phase 1,NRIS,225.0,225.0,0.0,0.0,
S1117,,,New Madrid,MO,Marston 161 kV,"ENTERGY ARKANSAS, LLC EATO",Battery Storage,200.0,200.0,200.0,2025-08-31T04:00:00+00:00,Active,2027-09-15T04:00:00+00:00,,,,Battery Storage,,,2028-06-01T04:00:00+00:00,,,,,SIS,0.0,0.0,0.0,0.0,
J3925,,,Knox,IN,Gibson Sta - Bedford 345 345.0kV,"DUKE ENERGY INDIANA, LLC CIN",Solar,70.0,70.0,70.0,2025-02-07T05:00:00+00:00,Active,,,,,Photovoltaic,,,2030-09-01T04:00:00+00:00,,DPP-2025,Central,Phase 1,NRIS,70.0,70.0,0.0,0.0,
J4098,,,Lafayette,LA,Rork - Sellers Road 230.0kV,CLECO POWER LLC,Battery Storage,300.0,300.0,300.0,2025-10-06T04:00:00+00:00,Active,,,,,Battery Storage,,,2030-06-30T04:00:00+00:00,,DPP-2025,South,Phase 1,NRIS,300.0,300.0,0.0,0.0,
J4119,,,Rankin,MS,RANKIN,"ENTERGY MISSISSIPPI, LLC.",Battery Storage,200.0,200.0,200.0,2025-09-23T04:00:00+00:00,Withdrawn,,2026-04-15T04:00:00+00:00,,,Battery Storage,,,2029-10-01T04:00:00+00:00,,DPP-2025,South,Phase 1,NRIS,0.0,0.0,0.0,0.0,
J4121,,,Washington,MS,GERALD ANDRUS SES SWYD - INDIANOLA 230/115 SUB 230.0kV,"ENTERGY MISSISSIPPI, LLC.",Solar,300.0,300.0,300.0,2025-09-19T04:00:00+00:00,Withdrawn,,2026-04-17T04:00:00+00:00,,,Photovoltaic,,,2030-06-01T04:00:00+00:00,,DPP-2025,South,Phase 1,NRIS,0.0,0.0,0.0,0.0,
J4136,,,Grant,SD,Big Stone South 345kV,OTTER TAIL POWER COMPANY,Battery Storage,250.0,250.0,250.0,2025-10-03T04:00:00+00:00,Withdrawn,,2025-12-23T05:00:00+00:00,,,Battery Storage,,,2030-04-30T04:00:00+00:00,,DPP-2025,West,Phase 1,NRIS,0.0,0.0,0.0,0.0,
J4156,,,Ouachita,LA,RILLA - RIVERTON 115.0kV,"ENTERGY LOUISIANA, LLC",Solar,93.0,93.0,93.0,2025-10-06T04:00:00+00:00,Withdrawn,,2026-01-05T05:00:00+00:00,,,Photovoltaic,,,2029-09-01T04:00:00+00:00,,DPP-2025,South,Phase 1,NRIS,0.0,0.0,0.0,0.0,
J4158,,,De Witt,IL,4TABOR - 4SCLINTON TP 138.0kV,AMEREN ILLINOIS,Solar,100.0,100.0,100.0,2025-10-02T04:00:00+00:00,Active,,,,,Photovoltaic,,,2030-01-01T05:00:00+00:00,,DPP-2026,Central,,NRIS,0.0,0.0,0.0,0.0,
J4160,,,Ottawa,MI,ROOSEVELT,METC,Gas,55.0,55.0,55.0,2025-08-13T04:00:00+00:00,Active,2026-08-15T04:00:00+00:00,,,,Combustion Turbine (Simple Cycle),,,2026-05-31T04:00:00+00:00,,DPP-2025,East (ITC),Phase 1,NRIS,55.0,55.0,0.0,0.0,
J4194,,,Meeker,MN,SHERBURNE CO,NORTHERN STATES POWER COMPANY,Battery Storage,500.0,500.0,500.0,2025-10-07T04:00:00+00:00,Active,,2026-06-11T04:00:00+00:00,,,Battery Storage,,,2028-12-31T05:00:00+00:00,,DPP-2026,West,,NRIS,0.0,0.0,0.0,0.0,
S1134,,,DeSoto,MS,TWINKLETOWN,"ENTERGY MISSISSIPPI, LLC.",Battery Storage,100.0,100.0,100.0,2025-12-24T21:51:10+00:00,Active,,,,,Battery Storage,,,2028-01-03T05:00:00+00:00,,DPP-2026,South,,SIS,0.0,0.0,0.0,0.0,
R5076,,,Lake,IN,SCHAHFER GEN STA - ST. JOHN 345.0kV,,Battery Storage,200.0,200.0,200.0,2025-10-15T04:00:00+00:00,Active,,,,,Battery Storage,,,2024-06-01T04:00:00+00:00,,,,,NRIS,0.0,0.0,0.0,0.0,
S1169,,,Washington,LA,BOGALUSA - TALISHEEK (LAGEN) 230.0kV,"ENTERGY LOUISIANA, LLC ELTO",Battery Storage,100.0,100.0,100.0,2026-02-11T01:56:02+00:00,Active,,,,,Solar/Battery,,,2027-09-15T04:00:00+00:00,,NO_CYCLE,NO_GROUP,,SIS,0.0,0.0,0.0,0.0,
R5081,,,Mower,MN,Adams,,Battery Storage,100.0,100.0,100.0,2025-12-22T21:54:30+00:00,Active,,,,,Battery Storage,,,2025-08-01T04:00:00+00:00,,,,,NRIS,0.0,0.0,0.0,0.0,
J3881,,,Clay,IL,7NEWTON   - 7TANNER    345.0kV,AMEREN ILLINOIS,Battery Storage,200.0,200.0,200.0,2025-02-10T05:00:00+00:00,Withdrawn,,2026-04-14T04:00:00+00:00,,,Battery Storage,,,2030-09-30T04:00:00+00:00,,DPP-2025,Central,Phase 1,NRIS,0.0,0.0,0.0,0.0,
J3877,,,Pike,IN,Other_,"DUKE ENERGY INDIANA, LLC CIN",Solar,160.0,160.0,160.0,2025-01-03T05:00:00+00:00,Withdrawn,,2026-01-05T05:00:00+00:00,,,Photovoltaic,,,2029-06-01T04:00:00+00:00,,DPP-2025,Central,Phase 1,NRIS,0.0,0.0,0.0,0.0,
J4157,,,Morrison,MN,Iron Ridge - Benton 345kV,MINNESOTA POWER INC.,Wind,150.0,150.0,150.0,2025-10-03T04:00:00+00:00,Active,,,,,Wind Turbine,,,2030-09-02T04:00:00+00:00,,DPP-2025,West,Phase 1,NRIS,150.0,97.5,0.0,0.0,
J4205,,,Orleans,LA,Suillivan Station (Entergy0,"ENTERGY NEW ORLEANS, LLC",Hybrid,0.0,0.0,0.0,2025-11-17T05:00:00+00:00,Active,,,,,Combustion Turbine (Simple Cycle),,,2025-06-16T04:00:00+00:00,,0MW GIA,NA,,ERIS,0.0,0.0,0.0,0.0,
J3880,,,Clay,IL,7NEWTON   - 7TANNER    345.0kV,AMEREN ILLINOIS,Solar,200.0,200.0,200.0,2025-02-10T05:00:00+00:00,Withdrawn,,2026-04-14T04:00:00+00:00,,,Photovoltaic,,,2030-09-30T04:00:00+00:00,,DPP-2025,Central,Phase 1,NRIS,0.0,0.0,0.0,0.0,
S1143,,,,IL,,AMEREN ILLINOIS,,135.0,135.0,135.0,2026-01-20T22:17:08+00:00,Active,,,,,,,,2027-12-31T05:00:00+00:00,,NO_CYCLE,NO_GROUP,,SIS,0.0,0.0,0.0,0.0,
S1155,,,,MO,,AMEREN MISSOURI,,200.0,200.0,200.0,2026-03-13T23:38:42+00:00,Active,,,,,,,,2028-05-31T04:00:00+00:00,,,,,SIS,0.0,0.0,0.0,0.0,
S1140,,,Clinton,MN,Calamus East,GREAT RIVER ENERGY,,200.0,200.0,200.0,2026-03-07T03:12:54+00:00,Active,,,,,,,,2028-06-01T04:00:00+00:00,,,,,SIS,0.0,0.0,0.0,0.0,
R5079,,,,,,"ENTERGY LOUISIANA, LLC",,0.0,0.0,0.0,2025-11-25T05:41:17+00:00,Active,,,,,,,,2027-04-01T04:00:00+00:00,,,,,NRIS,0.0,0.0,0.0,0.0,
S1160,,,,SD,,OTTER TAIL POWER COMPANY OTP,,150.0,150.0,150.0,2026-03-28T02:47:28+00:00,Active,,,,,,,,2028-09-30T04:00:00+00:00,,NO_CYCLE,NO_GROUP,,SIS,0.0,0.0,0.0,0.0,
S1137,,,,LA,,"ENTERGY LOUISIANA, LLC",,150.0,150.0,150.0,2025-12-05T20:43:06+00:00,Active,,,,,,,,2028-06-01T04:00:00+00:00,,,,,SIS,0.0,0.0,0.0,0.0,
J4208,,,,,,METC,,100.0,100.0,100.0,2025-12-20T03:36:56+00:00,Active,,,,,,,,2029-05-01T04:00:00+00:00,,DPP-2026,East (ITC),,NRIS,0.0,0.0,0.0,0.0,
J4200,,,Ramsey,MN,Merriam Park,NORTHERN STATES POWER COMPANY,Hydro,16.0,16.0,16.0,2025-09-30T04:00:00+00:00,Withdrawn,,2026-04-14T04:00:00+00:00,,,Hydroelectric,,,2008-03-31T04:00:00+00:00,,DPP-2025,West,Phase 1,E-NRIS,0.0,0.0,0.0,0.0,
J4198,,,Christian,IL,Pana 138 kV,AMEREN TRANSMISSION COMPANY OF ILLINOIS,Battery Storage,250.0,250.0,250.0,2025-09-03T04:00:00+00:00,Active,,,,,Battery Storage,,,2030-01-01T05:00:00+00:00,,DPP-2026,Central,,NRIS,0.0,0.0,0.0,0.0,
J4196,,,Phillips,AR,GILLETT - ELAINE 115.0kV,"ENTERGY ARKANSAS, LLC",Solar,300.0,300.0,300.0,2025-09-29T04:00:00+00:00,Withdrawn,,2026-04-15T04:00:00+00:00,,,Photovoltaic,,,2029-06-30T04:00:00+00:00,,DPP-2025,South,Phase 1,NRIS,0.0,0.0,0.0,0.0,
S1105,,,Lonoke,AR,KEO EHV,"ENTERGY ARKANSAS, LLC",Battery Storage,300.0,300.0,300.0,2025-06-24T04:00:00+00:00,Withdrawn,,2025-10-27T04:00:00+00:00,,,Battery Storage,,,2028-03-01T05:00:00+00:00,,,,,SIS,0.0,0.0,0.0,0.0,
J3878,,,Jefferson,IL,7PR STATE - 7MTVERNW 345.0kV,AMEREN ILLINOIS,Solar,300.0,300.0,300.0,2024-12-19T05:00:00+00:00,Withdrawn,,2026-01-05T05:00:00+00:00,,,Photovoltaic,,,2029-06-01T04:00:00+00:00,,DPP-2025,Central,Phase 1,NRIS,0.0,0.0,0.0,0.0,
J3882,,,Crawford,IL,4HUTSONVL - 4HEATH 138.0kV,AMEREN ILLINOIS,Solar,250.0,250.0,250.0,2025-02-10T05:00:00+00:00,Active,,,,,Photovoltaic,,,2030-09-30T04:00:00+00:00,,DPP-2025,Central,Phase 1,NRIS,250.0,250.0,0.0,0.0,
J3883,,,Crawford,IL,4HUTSONVL - 4HEATH 138.0kV,AMEREN ILLINOIS,Battery Storage,250.0,250.0,250.0,2025-02-10T05:00:00+00:00,Withdrawn,,2026-04-14T04:00:00+00:00,,,Battery Storage,,,2030-09-30T04:00:00+00:00,,DPP-2025,Central,Phase 1,NRIS,0.0,0.0,0.0,0.0,
J3879,,,Jackson,IN,Cayuga  - Hillsdale North 230.0kV,"DUKE ENERGY INDIANA, LLC CIN",Hybrid,200.0,200.0,200.0,2024-05-28T04:00:00+00:00,Active,,,,,Solar/Battery,,,2030-08-01T04:00:00+00:00,,DPP-2025,Central,Phase 1,NRIS,200.0,200.0,0.0,0.0,
R5075,,,,,,"ENTERGY MISSISSIPPI, LLC.",,0.0,0.0,0.0,2025-12-15T08:35:54+00:00,Active,,,,,,,,2024-07-31T04:00:00+00:00,,,,,NRIS,0.0,0.0,0.0,0.0,
R5080,,,,,Crooked Lake,"ENTERGY ARKANSAS, LLC",,0.0,0.0,0.0,2025-12-19T02:34:46+00:00,Active,,,,,,,,2025-03-15T04:00:00+00:00,,,,,NRIS,0.0,0.0,0.0,0.0,
R5095,,,,,,,,0.0,0.0,0.0,2026-01-03T08:24:32+00:00,Active,,,,,,,,2024-05-01T04:00:00+00:00,,NO_CYCLE,NO_GROUP,,NRIS,0.0,0.0,0.0,0.0,
J3876,,,Lapeer,MI,Other_,ITC,Solar,150.0,150.0,150.0,2025-02-06T05:00:00+00:00,Withdrawn,,2025-12-31T05:00:00+00:00,,,Photovoltaic,,,2030-09-30T04:00:00+00:00,,DPP-2025,East (ITC),Phase 1,NRIS,0.0,0.0,0.0,0.0,
J3875,,,Lapeer,MI,Other_,METC,Battery Storage,50.0,50.0,50.0,2025-02-06T05:00:00+00:00,Withdrawn,,2025-12-31T05:00:00+00:00,,,Battery Storage,,,2030-09-30T04:00:00+00:00,,DPP-2025,East (ITC),Phase 1,NRIS,0.0,0.0,0.0,0.0,
J3624,,,Columbia,AR,MAGNOLIA SOUTH - SHULER 115.0kV,"ENTERGY ARKANSAS, LLC EATO",Solar,155.0,155.0,155.0,2024-04-18T04:00:00+00:00,Withdrawn,,2025-09-26T04:00:00+00:00,,,Photovoltaic,,,2028-09-30T04:00:00+00:00,,DPP-2023,South,Study Not Started,NRIS,0.0,0.0,0.0,0.0,
J3644,,,Bay,MI,Other_,METC,Solar,150.0,150.0,150.0,2024-04-18T04:00:00+00:00,Active,,,,,Photovoltaic,,,2028-11-01T04:00:00+00:00,,DPP-2023,East (ITC),Study Not Started,NRIS,150.0,150.0,0.0,0.0,
R5078,,,,,,METC,,0.0,0.0,0.0,2025-12-19T02:33:54+00:00,Active,,,,,,,,2023-12-01T05:00:00+00:00,,,,,NRIS,0.0,0.0,0.0,0.0,
J4210,,,,,,ITC,,250.0,250.0,250.0,2026-02-06T05:56:29+00:00,Active,,,,,,,,2030-01-06T05:00:00+00:00,,DPP-2026,East (ITC),,NRIS,0.0,0.0,0.0,0.0,
J3520,,,Champaign,IL,4WEEDMAN  - 4MAHOMET 1 138.0kV,AMEREN ILLINOIS,Hybrid,215.0,215.0,215.0,2024-04-18T04:00:00+00:00,Withdrawn,,2025-09-30T04:00:00+00:00,,,Photovoltaic,,,2028-01-01T05:00:00+00:00,,DPP-2023,Central,Study Not Started,NRIS,0.0,0.0,0.0,0.0,
J3649,,,Houghton,MI,Winona,AMERICAN TRANSMISSION COMPANY,Hybrid,200.0,200.0,200.0,2024-04-18T04:00:00+00:00,Withdrawn,,2025-03-28T04:00:00+00:00,,,Solar/Battery,,,2028-08-01T04:00:00+00:00,,DPP-2023,East (ATC),Study Not Started,NRIS,0.0,0.0,0.0,0.0,
J3650,,,Genesee,MI,BEVERIDGE,METC,Battery Storage,150.0,150.0,150.0,2024-04-15T04:00:00+00:00,Active,,,,,Battery Storage,,,2028-11-15T05:00:00+00:00,,DPP-2023,East (ITC),Study Not Started,NRIS,150.0,150.0,0.0,0.0,
J4154,,,Madison,MS,Andes Substation,GridUnity,Battery Storage,200.0,200.0,200.0,2025-10-07T04:00:00+00:00,Active,,,,,Battery Storage,,,2028-08-01T04:00:00+00:00,,DPP-2026,South,,NRIS,0.0,0.0,0.0,0.0,
J4166,,,Iberville,LA,"Commodore 500 kV Substation,",,Gas,710.0,710.0,710.0,2025-09-24T04:00:00+00:00,Withdrawn,,2026-01-05T05:00:00+00:00,,,Combined-Cycle – Steam Plant,,,2029-11-15T05:00:00+00:00,,DPP-2025,South,Phase 1,NRIS,0.0,0.0,0.0,0.0,
J3375,,,Washington,MS,Gerald Andrus 230 kV Substation,"ENTERGY MISSISSIPPI, LLC. EMTO",Solar,200.0,200.0,200.0,2024-04-17T04:00:00+00:00,Withdrawn,,2025-09-24T04:00:00+00:00,,,Photovoltaic,,,2028-03-31T04:00:00+00:00,,DPP-2023,South,Study Not Started,ERIS,0.0,0.0,0.0,0.0,
J3395,,,Sangamon,IL,Andrew Bkr - Fancy Creek 69.0kV,"PRAIRIE POWER, INC. PPI",Solar,30.0,30.0,30.0,2024-04-17T04:00:00+00:00,Withdrawn,,2025-07-31T04:00:00+00:00,,,Photovoltaic,,,2027-10-01T04:00:00+00:00,,DPP-2023,Central,Study Not Started,NRIS,0.0,0.0,0.0,0.0,
J3519,,,Mason,IL,Quiver,AMEREN ILLINOIS,Wind,199.9,199.9,199.9,2024-04-17T04:00:00+00:00,Active,,,,,Wind Turbine,,,2028-10-30T04:00:00+00:00,,DPP-2023,Central,Study Not Started,NRIS,200.0,100.0,0.0,0.0,
J3646,,,St. Clair,MI,ST. CLAIR,ITC,Battery Storage,220.0,220.0,220.0,2024-04-17T04:00:00+00:00,Active,,,,,Battery Storage,,,2028-11-01T04:00:00+00:00,,DPP-2023,East (ITC),Study Not Started,NRIS,220.0,220.0,0.0,0.0,
J3648,,,Baraga,MI,Silver River - Perch Lake 138.0kV,AMERICAN TRANSMISSION COMPANY,Hybrid,120.0,120.0,120.0,2024-04-18T04:00:00+00:00,Withdrawn,,2025-02-13T05:00:00+00:00,,,Solar/Battery,,,2028-08-01T04:00:00+00:00,,DPP-2023,East (ATC),Study Not Started,NRIS,0.0,0.0,0.0,0.0,
J3341,,,Vermilion,IL,J2192 POI,AMEREN ILLINOIS,Wind,100.0,100.0,100.0,2024-04-18T04:00:00+00:00,Active,,,,,Wind Turbine,,,2028-08-31T04:00:00+00:00,,DPP-2023,Central,Study Not Started,NRIS,100.0,100.0,0.0,0.0,
J3455,,,Trinity,TX,ONALASKA,"EAST TEXAS ELECTRIC COOPERATIVE, INC.ETCT",Solar,250.0,250.0,250.0,2024-03-27T04:00:00+00:00,Withdrawn,,2025-09-30T04:00:00+00:00,,,Photovoltaic,,,2028-06-30T04:00:00+00:00,,DPP-2023,South,Study Not Started,NRIS,0.0,0.0,0.0,0.0,
J3002,,,Pine,MN,Arrowhead - Bear Creek (GRE) 230kV,MINNESOTA POWER INC.,Hybrid,288.0,288.0,288.0,2022-09-15T04:00:00+00:00,Active,,,,,Solar/Battery,Not Started,,2025-08-30T04:00:00+00:00,,DPP-2022,West,Phase 1,NRIS,288.0,243.75,0.0,0.0,
J3349,,,Fulton,IL,Ipava,AMEREN TRANSMISSION COMPANY OF ILLINOIS,Solar,400.0,400.0,400.0,2024-04-17T04:00:00+00:00,Withdrawn,,2025-12-23T05:00:00+00:00,,,Photovoltaic,,,2028-09-15T04:00:00+00:00,,DPP-2023,Central,Study Not Started,NRIS,0.0,0.0,0.0,0.0,
J3373,,,Poinsett,AR,HARRISBURG SS - HARRISBURG 161.0kV,"ENTERGY ARKANSAS, LLC EATO",Solar,200.0,200.0,200.0,2024-04-16T04:00:00+00:00,Withdrawn,,2025-09-24T04:00:00+00:00,,,Photovoltaic,,,2028-03-31T04:00:00+00:00,,DPP-2023,South,Study Not Started,ERIS,0.0,0.0,0.0,0.0,
J3374,,,Phillips,AR,RITCHIE SWYD - TARLETON 230.0kV,"ENTERGY ARKANSAS, LLC EATO",Wind,65.0,65.0,65.0,2024-04-18T04:00:00+00:00,Withdrawn,,2025-09-24T04:00:00+00:00,,,Wind Turbine,,,2028-10-30T04:00:00+00:00,,DPP-2023,South,Study Not Started,ERIS,0.0,0.0,0.0,0.0,
J3380,,,Cleveland,AR,AECC PINEBERGEN - AECC GLENDALE 115.0kV,"ENTERGY ARKANSAS, LLC EATO",Solar,155.0,155.0,155.0,2024-04-18T04:00:00+00:00,Withdrawn,,2025-09-26T04:00:00+00:00,,,Photovoltaic,,,2028-09-30T04:00:00+00:00,,DPP-2023,South,Study Not Started,NRIS,0.0,0.0,0.0,0.0,
J3394,,,St. Landry,LA,Ville Platte - West Fork 230.0kV,CLECO POWER LLC CLEC,Wind,155.6,155.6,155.6,2024-04-16T04:00:00+00:00,Active,,,,,Wind Turbine,,,2027-03-01T05:00:00+00:00,,DPP-2023,South,Study Not Started,NRIS,155.6,155.6,0.0,0.0,
J3398,,,Greene,IL,Walkerville - Eldred 69.0kV,"PRAIRIE POWER, INC. PPI",Solar,30.0,30.0,30.0,2024-04-17T04:00:00+00:00,Withdrawn,,2025-07-31T04:00:00+00:00,,,Photovoltaic,,,2027-10-01T04:00:00+00:00,,DPP-2023,Central,Study Not Started,ERIS,0.0,0.0,0.0,0.0,
J3401,,,Mississippi,AR,DELL EHV - SAN SOUCI 500.0kV,"ENTERGY ARKANSAS, LLC EATO",Solar,500.0,500.0,500.0,2024-04-18T04:00:00+00:00,Active,,,,,Photovoltaic,,,2028-09-02T04:00:00+00:00,,DPP-2023,South,Study Not Started,NRIS,500.0,490.0,0.0,0.0,
J2947,,,Rock,WI,Rock River 138 kV Substations 1 (6 RICE) and 2 (5 RICE),AMERICAN TRANSMISSION COMPANY,Gas,205.0,205.0,205.0,2022-09-15T04:00:00+00:00,Active,,,,,"Piston (Engine), Internal Combustion (Diesel)",Not Started,,2026-04-01T04:00:00+00:00,,DPP-2022,East (ATC),Phase 1,NRIS,205.0,205.0,0.0,0.0,
J2921,,,Calhoun,MI,Other_,,Solar,250.0,250.0,250.0,2022-09-15T04:00:00+00:00,Active,,,,,Photovoltaic,Not Started,,2026-08-31T04:00:00+00:00,,DPP-2022,East (ITC),Phase 1,NRIS,250.0,250.0,0.0,0.0,
J3017,,,Grant,SD,Big Stone South 345 kV Substation,OTTER TAIL POWER COMPANY OTP,Solar,150.0,150.0,150.0,2022-09-14T04:00:00+00:00,Withdrawn,,2025-10-27T04:00:00+00:00,,,Photovoltaic,Not Started,,2027-06-01T04:00:00+00:00,,DPP-2022,West,Phase 1,NRIS,0.0,0.0,0.0,0.0,
J4164,,,Dane,WI,North Madison 345/138 kV,AMERICAN TRANSMISSION COMPANY,Gas,1203.0,1203.0,1203.0,2025-09-29T04:00:00+00:00,Active,,,,,Combustion Turbine (Simple Cycle),,,2030-05-01T04:00:00+00:00,,DPP-2025,East (ATC),Phase 1,NRIS,1203.0,1203.0,0.0,0.0,
R5077,,,,,,ITC,,0.0,0.0,0.0,2025-12-02T06:30:09+00:00,Active,,,,,,,,2026-08-03T04:00:00+00:00,,,,,NRIS,0.0,0.0,0.0,0.0,
S1161,,,,AR,,"ENTERGY ARKANSAS, LLC EATO",,625.0,625.0,625.0,2026-03-24T00:28:33+00:00,Active,,,,,,,,2025-08-01T04:00:00+00:00,,NO_CYCLE,NO_GROUP,,SIS,0.0,0.0,0.0,0.0,
J3497,,,Pulaski,IL,Other_,AMEREN ILLINOIS,Battery Storage,200.0,200.0,200.0,2024-04-17T04:00:00+00:00,Active,,,,,Battery Storage,,,2028-09-30T04:00:00+00:00,,DPP-2023,Central,Study Not Started,NRIS,200.0,200.0,0.0,0.0,
J3036,,,Lonoke,AR,REMINGTON SS - LONOKE EAST 115.0kV,"ENTERGY ARKANSAS, LLC EATO",Solar,105.0,105.0,105.0,2022-09-15T04:00:00+00:00,Withdrawn,,2025-07-31T04:00:00+00:00,,,Photovoltaic,Not Started,,2026-08-01T04:00:00+00:00,,DPP-2022,South,Phase 1,NRIS,0.0,0.0,0.0,0.0,
J2987,,,Greene,IN,Merom Primary - Worthington Primary 345.0kV,HOOSIER ENERGY,Solar,200.0,200.0,200.0,2022-09-14T04:00:00+00:00,Active,,,,,Photovoltaic,Not Started,,2025-09-15T04:00:00+00:00,,DPP-2022,Central,Phase 2,ERIS,200.0,0.0,0.0,0.0,
J2997,,,Livingston,MI,COLFAX - MADRID 120.0kV,ITC,Battery Storage,160.0,160.0,160.0,2022-09-14T04:00:00+00:00,Active,,,,,Battery Storage,Not Started,,2025-09-15T04:00:00+00:00,,DPP-2022,East (ITC),Phase 1,NRIS,160.0,160.0,0.0,0.0,
J3006,,,Milwaukee,WI,Granville345kV Substation,AMERICAN TRANSMISSION COMPANY,Battery Storage,300.0,300.0,300.0,2025-07-29T04:00:00+00:00,Active,,,,,Battery Storage,Not Started,,2028-03-01T05:00:00+00:00,,DPP-2022,East (ATC),Phase 1,NRIS,300.0,300.0,0.0,0.0,
J3518,,,Gasconade,MO,BLAND,AMEREN MISSOURI,Battery Storage,300.0,300.0,300.0,2024-04-19T04:00:00+00:00,Pending Revision Approval,,,,,Battery Storage,,,2028-10-31T04:00:00+00:00,,DPP-2025,Central,Phase 1,NRIS,300.0,300.0,0.0,0.0,
J3310,,,Lincoln,MS,BROOKHAVEN,"ENTERGY MISSISSIPPI, LLC. EMTO",Hybrid,150.0,150.0,150.0,2024-04-15T04:00:00+00:00,Withdrawn,,2025-05-23T04:00:00+00:00,,,Solar/Battery,,,2028-06-01T04:00:00+00:00,,DPP-2023,South,Study Not Started,NRIS,0.0,0.0,0.0,0.0,
J3350,,,Randolph,MO,5MOBERLY  - 5OVERTON  161.0kV,AMEREN MISSOURI,Solar,200.0,200.0,200.0,2024-04-18T04:00:00+00:00,Withdrawn,,2025-09-30T04:00:00+00:00,,,Photovoltaic,,,2028-08-31T04:00:00+00:00,,DPP-2023,Central,Study Not Started,NRIS,0.0,0.0,0.0,0.0,
J3396,,,Scott,IL,Winchester - Hillview Tap 69.0kV,"PRAIRIE POWER, INC. PPI",Solar,30.0,30.0,30.0,2024-04-17T04:00:00+00:00,Withdrawn,,2025-07-31T04:00:00+00:00,,,Photovoltaic,,,2027-10-01T04:00:00+00:00,,DPP-2023,Central,Study Not Started,ERIS,0.0,0.0,0.0,0.0,
J2930,,,Henderson,KY,AB Brown 345 - Reid EHV (BREC Terminal) 345.0kV,,Wind,200.0,200.0,200.0,2022-09-14T04:00:00+00:00,Active,,,,,Wind Turbine,Not Started,,2025-10-01T04:00:00+00:00,,DPP-2022,Central,Phase 2,NRIS,200.0,200.0,0.0,0.0,
J2920,,,Sabine,LA,1673  Interconnection Substation,CLECO POWER LLC CLEC,Solar,92.0,92.0,92.0,2022-09-15T04:00:00+00:00,Active,,,,,Photovoltaic,Not Started,,2024-12-01T05:00:00+00:00,,DPP-2022,South,Phase 1,ERIS,92.0,0.0,0.0,0.0,
J2927,,,Randolph,IL,Tibbs,AMEREN ILLINOIS,Solar,100.0,100.0,100.0,2022-09-15T04:00:00+00:00,Withdrawn,,2025-10-27T04:00:00+00:00,,,Photovoltaic,Not Started,,2026-07-31T04:00:00+00:00,,DPP-2022,Central,Phase 2,NRIS,0.0,0.0,0.0,0.0,
J3033,,,Webster,KY,Reid EHV 345 kV,BIG RIVERS ELECTRIC CORPORATION BREC,Battery Storage,75.0,75.0,75.0,2022-09-14T04:00:00+00:00,Withdrawn,,2025-10-27T04:00:00+00:00,,,Battery Storage,Not Started,,2026-10-31T04:00:00+00:00,,DPP-2022,Central,Phase 2,NRIS,0.0,0.0,0.0,0.0,
J3454,,,Morehouse,LA,BAXTER WILSON SES SWYD - PERRYVILLE 500 SWYD 500.0kV,"ENTERGY MISSISSIPPI, LLC. EMTO",Solar,300.0,300.0,300.0,2024-04-13T04:00:00+00:00,Active,,,,,Photovoltaic,,,2028-09-01T04:00:00+00:00,,DPP-2023,South,Study Not Started,NRIS,300.0,0.0,0.0,0.0,
J2934,,,Saginaw,MI,Thetford to Murphy 345 kV,METC,Solar,200.0,200.0,200.0,2022-09-14T04:00:00+00:00,Withdrawn,,2025-08-01T04:00:00+00:00,,,Photovoltaic,Not Started,,2025-11-01T04:00:00+00:00,,DPP-2022,East (ITC),Phase 1,NRIS,0.0,0.0,0.0,0.0,
J2946,,,Dubuque,IA,Salem - Hickory Creek 345 kV line,ITC MIDWEST,Gas,160.0,160.0,160.0,2022-09-15T04:00:00+00:00,Active,,,,,"Piston (Engine), Internal Combustion (Diesel)",Not Started,,2027-04-01T04:00:00+00:00,,DPP-2022,West,Phase 1,NRIS,160.0,160.0,0.0,0.0,
J3010,,,Clay,IN,TAP ON THE CARBON TO BRAZIL 69KV LINE,"DUKE ENERGY INDIANA, LLC CIN",Solar,60.0,60.0,60.0,2022-09-14T04:00:00+00:00,Withdrawn,,2025-10-27T04:00:00+00:00,,,Photovoltaic,Not Started,,2027-09-27T04:00:00+00:00,,DPP-2022,Central,Phase 2,ERIS,0.0,0.0,0.0,0.0,
J3009,,,Washtenaw,MI,VOYAGER,ITC,Battery Storage,150.0,150.0,150.0,2022-08-25T04:00:00+00:00,Active,,,,,Battery Storage,Not Started,,2025-05-15T04:00:00+00:00,,DPP-2022,East (ITC),Phase 1,NRIS,150.0,150.0,0.0,0.0,
J2944,,,Portage,WI,Rocky Run - Gardner Park 345.0kV,AMERICAN TRANSMISSION COMPANY,Gas,350.0,350.0,350.0,2022-09-15T04:00:00+00:00,Active,,,,,"Piston (Engine), Internal Combustion (Diesel)",Not Started,,2027-04-01T04:00:00+00:00,,DPP-2022,East (ATC),Phase 1,NRIS,350.0,350.0,0.0,0.0,
J3647,,,Gratiot,MI,NELSON ROAD,METC,Battery Storage,220.0,220.0,220.0,2024-04-15T04:00:00+00:00,Withdrawn,,2025-09-29T04:00:00+00:00,,,Battery Storage,,,2028-11-15T05:00:00+00:00,,DPP-2023,East (ITC),Study Not Started,NRIS,0.0,0.0,0.0,0.0,
J3643,,,Midland,MI,REDSTONE - TITTABAWASSEE 138.0kV,METC,Battery Storage,50.0,50.0,50.0,2024-04-18T04:00:00+00:00,Withdrawn,,2024-11-04T05:00:00+00:00,,,Battery Storage,,,2028-10-16T04:00:00+00:00,,DPP-2023,East (ITC),Study Not Started,NRIS,0.0,0.0,0.0,0.0,
J2985,,,Chicot,AR,AECC CHICOT - EUDORA 115.0kV,,Solar,135.0,135.0,135.0,2022-09-15T04:00:00+00:00,Active,,,,,Photovoltaic,Not Started,,2025-09-15T04:00:00+00:00,,DPP-2022,South,Phase 1,ERIS,135.0,0.0,0.0,0.0,
J3012,,,Coles,IL,Mattoon East,,Solar,287.0,287.0,287.0,2022-09-14T04:00:00+00:00,Pending Revision Approval,,,,,Photovoltaic,Not Started,,2026-11-01T04:00:00+00:00,,DPP-2022,Central,Phase 2,ERIS,287.0,0.0,0.0,0.0,
J3645,,,Huron,MI,RAPSON,ITC,Wind,150.0,150.0,150.0,2024-04-17T04:00:00+00:00,Active,,,,,Wind Turbine,,,2028-09-01T04:00:00+00:00,,DPP-2023,East (ITC),Study Not Started,NRIS,150.0,150.0,0.0,0.0,
J3651,,,Lenawee,MI,BEECHER - KNOWLES 138.0kV,METC,Battery Storage,150.0,150.0,150.0,2024-04-16T04:00:00+00:00,Active,,,,,Battery Storage,,,2028-09-30T04:00:00+00:00,,DPP-2023,East (ITC),Study Not Started,NRIS,150.0,150.0,0.0,0.0,
J3038,,,Union,AR,El Dorado Upland SS 115kV,"ENTERGY ARKANSAS, LLC EATO",Solar,150.0,150.0,150.0,2022-09-13T04:00:00+00:00,Withdrawn,,2025-07-30T04:00:00+00:00,,,Photovoltaic,Not Started,,2027-08-31T04:00:00+00:00,,DPP-2022,South,Phase 1,NRIS,0.0,0.0,0.0,0.0,
J2974,,,Adams,IL,4HULL     - 4HERLEMAN 138.0kV,AMEREN ILLINOIS,Battery Storage,50.0,50.0,50.0,2022-09-15T04:00:00+00:00,Active,,,,,Battery Storage,Not Started,,2026-08-15T04:00:00+00:00,,DPP-2022,Central,Phase 2,NRIS,50.0,50.0,0.0,0.0,
J3034,,,Monroe,AR,BRINKLEY WEST - BRINKLEY EAST 115kV Line,"ENTERGY ARKANSAS, LLC EATO",Solar,100.0,100.0,100.0,2022-09-15T04:00:00+00:00,Withdrawn,,2025-07-31T04:00:00+00:00,,,Photovoltaic,Not Started,,2026-08-04T04:00:00+00:00,,DPP-2022,South,Phase 1,NRIS,0.0,0.0,0.0,0.0,
J2968,,,Jefferson Davis,LA,LC Bulk to Henning 138kV Line (Circuit 28),"ENTERGY LOUISIANA, LLC ELTO",Solar,165.0,165.0,165.0,2022-09-12T04:00:00+00:00,Withdrawn,,2025-07-31T04:00:00+00:00,,,Photovoltaic,Not Started,,2023-09-01T04:00:00+00:00,,DPP-2022,South,Phase 1,NRIS-Only,0.0,0.0,0.0,0.0,
J3057,,,Acadia,LA,Richard (Bus #335366) to Colonial Academy (Bus #335375) 138kV,"ENTERGY LOUISIANA, LLC ELTO",Hybrid,75.0,75.0,75.0,2022-09-15T04:00:00+00:00,Withdrawn,,2025-07-30T04:00:00+00:00,,,Solar/Battery,Not Started,,2025-12-06T05:00:00+00:00,,DPP-2022,South,Phase 1,NRIS,0.0,0.0,0.0,0.0,
J3053,,,Madison,MS,LAKEOVER EHV - MCADAMS EHV 500.0kV,"ENTERGY MISSISSIPPI, LLC. EMTO",Solar,169.0,169.0,169.0,2022-09-15T04:00:00+00:00,Active,,,,,Photovoltaic,Not Started,,2024-12-01T05:00:00+00:00,,DPP-2022,South,Phase 1,ERIS,169.0,0.0,0.0,0.0,
J3032,,,Webster,LA,Sarepta,"ENTERGY LOUISIANA, LLC ELTO",Solar,500.0,500.0,500.0,2022-09-14T04:00:00+00:00,Withdrawn,,2025-07-31T04:00:00+00:00,,,Photovoltaic,Not Started,,2026-11-01T04:00:00+00:00,,DPP-2022,South,Phase 1,NRIS,0.0,0.0,0.0,0.0,
J3021,,,Lyon,MN,Lake Yankton to Lyon County 115kV,NORTHERN STATES POWER COMPANY,Solar,235.0,235.0,235.0,2022-09-14T04:00:00+00:00,Active,,,,,Photovoltaic,Not Started,,2027-06-01T04:00:00+00:00,,DPP-2022,West,Phase 1,ERIS,235.0,0.0,0.0,0.0,
J3827,,,Mackinac,MI,Indian Lake - Hiawatha 138.0kV,AMERICAN TRANSMISSION COMPANY,Solar,160.0,160.0,160.0,2024-04-18T04:00:00+00:00,Active,,,,,Photovoltaic,,,2028-11-01T04:00:00+00:00,,DPP-2025,East (ATC),Phase 1,NRIS,160.0,160.0,0.0,0.0,
J3311,,,St. Landry,LA,WELLS,"ENTERGY LOUISIANA, LLC ELTO",Battery Storage,400.0,400.0,400.0,2024-04-18T04:00:00+00:00,Withdrawn,,2025-12-23T05:00:00+00:00,,,Battery Storage,,,2027-09-10T04:00:00+00:00,,DPP-2023,South,Study Not Started,NRIS,0.0,0.0,0.0,0.0,
J3062,,,Hinds,MS,Edwards to Bolton 115 kV,"ENTERGY MISSISSIPPI, LLC. EMTO",Hybrid,100.0,100.0,100.0,2022-09-15T04:00:00+00:00,Withdrawn,,2025-07-30T04:00:00+00:00,,,Solar/Battery,Not Started,,2025-12-06T05:00:00+00:00,,DPP-2022,South,Phase 1,NRIS,0.0,0.0,0.0,0.0,
J3073,,,Jackson,AR,INDEPENDENCE-ISES - POWERLINE ROAD 500 kV,"ENTERGY ARKANSAS, LLC EATO",Battery Storage,200.0,200.0,200.0,2022-09-14T04:00:00+00:00,Withdrawn,,2023-03-25T04:00:00+00:00,,,Battery Storage,Not Started,,2026-10-31T04:00:00+00:00,,DPP-2022,South,Phase 1,NRIS,0.0,0.0,0.0,0.0,
J3068,,,St. Helena,LA,Amite (A) - Gillsburg (B) 115kV TL,"ENTERGY LOUISIANA, LLC ELTO",Hybrid,110.0,110.0,110.0,2022-09-15T04:00:00+00:00,Withdrawn,,2025-07-30T04:00:00+00:00,,,Solar/Battery,Not Started,,2026-04-17T04:00:00+00:00,,DPP-2022,South,Phase 1,NRIS,0.0,0.0,0.0,0.0,
J3048,,,Crawford,AR,MOSES SES to AECC HUNTER NORTH,"ENTERGY ARKANSAS, LLC EATO",Solar,300.0,300.0,300.0,2022-09-15T04:00:00+00:00,Withdrawn,,2025-07-30T04:00:00+00:00,,,Photovoltaic,Not Started,,2027-04-01T04:00:00+00:00,,DPP-2022,South,Phase 1,NRIS,0.0,0.0,0.0,0.0,
J3360,,,Morgan,IL,Meredosia,AMEREN TRANSMISSION COMPANY OF ILLINOIS,Battery Storage,250.0,250.0,250.0,2024-04-18T04:00:00+00:00,Withdrawn,,2025-12-23T05:00:00+00:00,,,Battery Storage,,,2027-01-01T05:00:00+00:00,,DPP-2023,Central,Study Not Started,NRIS,0.0,0.0,0.0,0.0,
J3397,,,Rock,MN,Magnolia,ITC MIDWEST,Solar,80.0,80.0,80.0,2024-03-18T04:00:00+00:00,Withdrawn,,2025-12-23T05:00:00+00:00,,,Photovoltaic,,,2026-08-15T04:00:00+00:00,,DPP-2023,West,Study Not Started,NRIS-Only,0.0,0.0,0.0,0.0,
J2961,,,Daviess,IN,Edwardsport Station (08EDWRDS  249722) - Whitefield (08WHTFLD  249876) 138 kV,"DUKE ENERGY INDIANA, LLC CIN",Hybrid,100.0,100.0,100.0,2022-09-15T04:00:00+00:00,Withdrawn,,2025-10-27T04:00:00+00:00,,,Solar/Battery,Not Started,,2027-06-01T04:00:00+00:00,,DPP-2022,Central,Phase 2,NRIS,0.0,0.0,0.0,0.0,
J3058,,,Arkansas,AR,TARLETON,"ENTERGY ARKANSAS, LLC EATO",Hybrid,200.0,200.0,200.0,2025-07-28T04:00:00+00:00,Active,,,,,Solar/Battery,Not Started,,2025-12-06T05:00:00+00:00,,DPP-2022,South,Phase 1,NRIS,200.0,100.0,0.0,0.0,
J3047,,,Adair,IA,ORIENT - NORTHBORO 345.0kV,MIDAMERICAN ENERGY CO. MEC,Gas,263.0,263.0,263.0,2022-09-15T04:00:00+00:00,Active,,,,,Combustion Turbine (Simple Cycle),Not Started,,2027-09-01T04:00:00+00:00,,DPP-2022,West,Phase 1,NRIS,263.0,263.0,0.0,0.0,
J3071,,,St. Francis,AR,Entergy Hughes - Forest City South 161 kV,"ENTERGY ARKANSAS, LLC EATO",Hybrid,140.0,140.0,140.0,2022-09-15T04:00:00+00:00,Withdrawn,,2025-07-30T04:00:00+00:00,,,Solar/Battery,Not Started,,2024-06-30T04:00:00+00:00,,DPP-2022,South,Phase 1,NRIS,0.0,0.0,0.0,0.0,
J3163,,,Cass,ND,BISON,NORTHERN STATES POWER COMPANY,Hybrid,481.0,481.0,481.0,2022-07-26T04:00:00+00:00,Active,,,,,"Piston (Engine), Internal Combustion (Diesel)",Not Started,,2028-03-30T04:00:00+00:00,,DPP-2022,West,Phase 1,NRIS,481.0,481.0,0.0,0.0,
J3151,,,Sheboygan,WI,Sheboygan Falls,AMERICAN TRANSMISSION COMPANY,Gas,150.0,150.0,150.0,2022-09-15T04:00:00+00:00,Active,,,,,Combustion Turbine (Simple Cycle),Not Started,,2025-09-01T04:00:00+00:00,,DPP-2022,East (ATC),Phase 1,NRIS,150.0,150.0,0.0,0.0,
J2938,,,Knox,IL,4MONM BLVD W - 4CASTRO_JCT 138.0kV,AMEREN ILLINOIS,Wind,200.0,200.0,200.0,2022-09-15T04:00:00+00:00,Active,,,,,Wind Turbine,Not Started,,2025-06-30T04:00:00+00:00,,DPP-2022,Central,Phase 2,NRIS,200.0,200.0,0.0,0.0,
J2951,,,Union,IA,Creston Roadhouse,ITC MIDWEST,Solar,50.0,50.0,50.0,2022-09-05T04:00:00+00:00,Active,,,,,Solar/Battery,Not Started,,2024-06-01T04:00:00+00:00,,DPP-2022,West,Phase 1,NRIS-Only,0.0,50.0,0.0,0.0,
J2941,,,Chicot,AR,Macon Lake SS - Lake Chicot Pump STA 115kV,"ENTERGY ARKANSAS, LLC EATO",Solar,100.0,100.0,100.0,2022-09-14T04:00:00+00:00,Withdrawn,,2023-03-24T04:00:00+00:00,,,Photovoltaic,Not Started,,2025-11-30T05:00:00+00:00,,DPP-2022,South,Phase 1,NRIS,0.0,0.0,0.0,0.0,
J3019,,,East Feliciana,LA,Fancy Point to Port Hudson 230 kV,"ENTERGY LOUISIANA, LLC ELTO",Hybrid,180.0,180.0,180.0,2022-09-14T04:00:00+00:00,Withdrawn,,2025-07-31T04:00:00+00:00,,,Solar/Battery,Not Started,,2027-06-01T04:00:00+00:00,,DPP-2022,South,Phase 1,NRIS,0.0,0.0,0.0,0.0,
J3063,,,Perry,IL,7JORD - 7CMDR 345.0kV,AMEREN ILLINOIS,Battery Storage,143.0,143.0,143.0,2022-09-15T04:00:00+00:00,Active,,,,,Battery Storage,Not Started,,2026-10-20T04:00:00+00:00,,DPP-2022,Central,Phase 2,NRIS,143.0,143.0,0.0,0.0,
J3066,,,Osceola,MI,Hersey Interconnection,WOLVERINE POWER SUPPLY COOPERATIVE,Solar,50.0,50.0,50.0,2022-09-15T04:00:00+00:00,Active,,,,,Photovoltaic,Not Started,,2026-06-30T04:00:00+00:00,,DPP-2022,East (ITC),Phase 1,NRIS,50.0,50.0,0.0,0.0,
J3069,,,St. Clair,IL,Tap on line Fayetteville 138kV (endpoint A) to HERZOG 138kV (endpoint B),AMEREN ILLINOIS,Solar,70.0,70.0,70.0,2022-09-02T04:00:00+00:00,Withdrawn,,2025-10-27T04:00:00+00:00,,,Photovoltaic,Not Started,,2027-12-27T05:00:00+00:00,,DPP-2022,Central,Phase 2,NRIS,0.0,0.0,0.0,0.0,
J3050,,,Calhoun,MI,MAJESTIC - ONEIDA 345.0kV,METC,Solar,255.0,255.0,255.0,2025-07-29T04:00:00+00:00,Active,,,,,Photovoltaic,Not Started,,2027-04-01T04:00:00+00:00,,DPP-2022,East (ITC),Phase 1,NRIS,255.0,255.0,0.0,0.0,
J2998,,,St. Clair,IL,Fayetteville Bee Hollow Road 138kV Substation,AMEREN ILLINOIS,Battery Storage,200.0,200.0,200.0,2022-09-14T04:00:00+00:00,Active,,,,,Battery Storage,Not Started,,2025-09-15T04:00:00+00:00,,DPP-2022,Central,Phase 2,NRIS,200.0,200.0,0.0,0.0,
J2975,,,Jefferson,TX,Bevil Substation 230 kV,"ENTERGY TEXAS, INC. ETTO",Hybrid,44.1,44.1,44.1,2022-09-15T04:00:00+00:00,Withdrawn,,2025-07-31T04:00:00+00:00,,,Solar/Battery,Not Started,,2025-05-31T04:00:00+00:00,,DPP-2022,South,Phase 1,NRIS,0.0,0.0,0.0,0.0,
J2942,,,Beauregard,LA,Cooper to Penton Road 230 kV,CLECO POWER LLC CLEC,Solar,200.0,200.0,200.0,2022-09-13T04:00:00+00:00,Withdrawn,,2025-07-31T04:00:00+00:00,,,Photovoltaic,Not Started,,2025-10-31T04:00:00+00:00,,DPP-2022,South,Phase 1,NRIS-Only,0.0,0.0,0.0,0.0,
J3035,,,Desha,AR,REED SS - ROHWER 115.0kV,"ENTERGY ARKANSAS, LLC EATO",Solar,100.0,100.0,100.0,2022-09-15T04:00:00+00:00,Active,,,,,Photovoltaic,Not Started,,2026-08-04T04:00:00+00:00,,DPP-2022,South,Phase 1,NRIS,100.0,0.0,0.0,0.0,
J2966,,,Quitman,MS,Batesville to Moon Lake ss 230kV Line,"ENTERGY MISSISSIPPI, LLC. EMTO",Solar,450.0,450.0,450.0,2022-09-08T04:00:00+00:00,Active,,,,,Photovoltaic,Not Started,,2025-10-15T04:00:00+00:00,,DPP-2022,South,Phase 1,NRIS,450.0,0.0,0.0,0.0,
J3061,,,Lawrence,AR,Walnut Ridge (Bus #338208) to Sedgewick (Bus #338206) 115kV,"ENTERGY ARKANSAS, LLC EATO",Hybrid,100.0,100.0,100.0,2022-09-15T04:00:00+00:00,Withdrawn,,2025-07-30T04:00:00+00:00,,,Solar/Battery,Not Started,,2025-12-06T05:00:00+00:00,,DPP-2022,South,Phase 1,NRIS,0.0,0.0,0.0,0.0,
J3055,,,Washington,LA,BOGALUSA 500 SS - FRANKLIN EHV 500.0kV,"ENTERGY LOUISIANA, LLC ELTO",Solar,250.0,250.0,250.0,2022-09-13T04:00:00+00:00,Withdrawn,,2025-07-30T04:00:00+00:00,,,Photovoltaic,Not Started,,2027-10-01T04:00:00+00:00,,DPP-2022,South,Phase 1,NRIS,0.0,0.0,0.0,0.0,
J3056,,,Washington,LA,BOGALUSA 500 SS - FRANKLIN EHV 500.0kV,"ENTERGY LOUISIANA, LLC ELTO",Hybrid,200.0,200.0,200.0,2022-09-13T04:00:00+00:00,Withdrawn,,2025-07-30T04:00:00+00:00,,,Solar/Battery,Not Started,,2027-10-01T04:00:00+00:00,,DPP-2022,South,Phase 1,NRIS,0.0,0.0,0.0,0.0,
J3049,,,Madison,MS,LAKEOVER EHV - MCADAMS EHV 500.0kV,"ENTERGY MISSISSIPPI, LLC. EMTO",Solar,188.0,188.0,188.0,2022-09-15T04:00:00+00:00,Active,,,,,Photovoltaic,Not Started,,2024-12-01T05:00:00+00:00,,DPP-2022,South,Phase 1,ERIS,188.0,0.0,0.0,0.0,
J3064,,,Perry,IL,7JORD - 7CMDR 345.0kV,,Solar,157.0,157.0,157.0,2022-09-15T04:00:00+00:00,Active,,,,,Photovoltaic,Not Started,,2026-10-20T04:00:00+00:00,,DPP-2022,Central,Phase 2,ERIS,157.0,0.0,0.0,0.0,
J3072,,,Wilkinson,MS,Woodviille - Centreville 115 kV,"ENTERGY MISSISSIPPI, LLC. EMTO",Hybrid,120.0,120.0,120.0,2022-09-14T04:00:00+00:00,Withdrawn,,2023-03-27T04:00:00+00:00,,,Solar/Battery,Not Started,,2024-12-30T05:00:00+00:00,,DPP-2022,South,Phase 1,NRIS,0.0,0.0,0.0,0.0,
J3065,,,Oceana,MI,DONALDSON CREEK,METC,Solar,20.0,20.0,20.0,2022-09-15T04:00:00+00:00,Active,,,,,Photovoltaic,Not Started,,2025-03-30T04:00:00+00:00,,DPP-2022,East (ITC),Phase 1,NRIS,20.0,20.0,0.0,0.0,
J3156,,,Rock,WI,Townline Road,AMERICAN TRANSMISSION COMPANY,Gas,100.0,100.0,100.0,2022-09-15T04:00:00+00:00,Active,,,,,Combined Cycle,Not Started,,2026-08-01T04:00:00+00:00,,DPP-2022,East (ATC),Phase 1,NRIS,100.0,100.0,0.0,0.0,
J3159,,,Dubuque,IA,Gardner 69 kV substation,ITC MIDWEST,Battery Storage,100.0,100.0,100.0,2022-09-14T04:00:00+00:00,Active,,,,,Battery Storage,Not Started,,2027-06-30T04:00:00+00:00,,DPP-2022,West,Phase 1,NRIS,100.0,100.0,0.0,0.0,
J2977,,,Bradley,AR,AECC Hermitage south- Hilo 115Kv,"ENTERGY ARKANSAS, LLC EATO",Solar,150.0,150.0,150.0,2022-09-13T04:00:00+00:00,Withdrawn,,2023-03-24T04:00:00+00:00,,,Photovoltaic,Not Started,,2027-08-31T04:00:00+00:00,,DPP-2022,South,Phase 1,NRIS,0.0,0.0,0.0,0.0,
J2958,,,Claiborne,LA,Haynesville South 115kV Substation,"ENTERGY LOUISIANA, LLC ELTO",Hybrid,100.0,100.0,100.0,2022-09-15T04:00:00+00:00,Withdrawn,,2025-07-31T04:00:00+00:00,,,Solar/Battery,Not Started,,2027-06-01T04:00:00+00:00,,DPP-2022,South,Phase 1,NRIS,0.0,0.0,0.0,0.0,
J3208,,,Dubois,IN,Patoka Valley,HOOSIER ENERGY,Solar,10.0,10.0,10.0,2022-09-08T04:00:00+00:00,Active,,,,,Photovoltaic,Not Started,,2023-09-22T04:00:00+00:00,,DPP-2022,Central,Phase 2,NRIS,10.0,10.0,0.0,0.0,
J3097,,,Amite,MS,Entergy Mississippi Gillsburg Tap - Gillsburg on the Amite - Gillsburg115 kV Line,"ENTERGY MISSISSIPPI, LLC. EMTO",Hybrid,150.0,150.0,150.0,2022-09-13T04:00:00+00:00,Withdrawn,,2025-07-30T04:00:00+00:00,,,Solar/Battery,Not Started,,2025-08-29T04:00:00+00:00,,DPP-2022,South,Phase 1,NRIS,0.0,0.0,0.0,0.0,
J2960,,,Spencer,IN,10CULY13 253500 (F.B. Culley ) - 10AEP_T  353586 (tap between Culley (10CULY13 253500) - Grandview (,SOUTHERN INDIANA GAS & ELECTRIC COMPANY D/B/A CENTERPOINT ENERGY INDIANA SOUTH,Hybrid,150.0,150.0,150.0,2022-09-15T04:00:00+00:00,Withdrawn,,2025-10-27T04:00:00+00:00,,,Solar/Battery,Not Started,,2027-01-01T05:00:00+00:00,,DPP-2022,Central,Phase 2,NRIS,0.0,0.0,0.0,0.0,
J3052,,,Midland,MI,MCV,METC,Gas,300.0,300.0,300.0,2022-09-14T04:00:00+00:00,Withdrawn,,2025-08-01T04:00:00+00:00,,,"Steam Turbine (including Nuclear, Geothermal and Solar Steam)",Not Started,,1990-03-01T05:00:00+00:00,,DPP-2022,East (ITC),Phase 1,NRIS,0.0,0.0,0.0,0.0,
J3054,,,Washington,LA,Bogslusa 500 kV - Franklin EHV 500 kV,"ENTERGY LOUISIANA, LLC ELTO",Solar,200.0,200.0,200.0,2022-09-13T04:00:00+00:00,Withdrawn,,2023-03-24T04:00:00+00:00,,,Photovoltaic,Not Started,,2017-10-01T04:00:00+00:00,,DPP-2022,South,Phase 1,NRIS,0.0,0.0,0.0,0.0,
J3074,,,Randolph,IL,4TIBBS - 4STEELEVLE N 138.0kV,AMEREN ILLINOIS,Hybrid,250.0,250.0,250.0,2022-09-15T04:00:00+00:00,Active,,,,,Photovoltaic,Not Started,,2025-08-31T04:00:00+00:00,,DPP-2022,Central,Phase 2,ERIS,250.0,0.0,0.0,0.0,
J3045,,,Orange,TX,Chisholm RD- Hartburg 230kV,"ENTERGY TEXAS, INC. ETTO",Solar,300.0,300.0,300.0,2022-09-14T04:00:00+00:00,Active,,,,,Photovoltaic,Not Started,,2026-10-01T04:00:00+00:00,,DPP-2022,South,Phase 1,NRIS,300.0,0.0,0.0,0.0,
J3215,,,LaPorte,IN,Stillwell to Babcock 345kV Transmission Line,NORTHERN INDIANA PUBLIC SERVICE COMPANY LLC NIPS,Gas,594.0,500.0,594.0,2022-09-15T04:00:00+00:00,Withdrawn,,2023-03-24T04:00:00+00:00,,,Combustion Turbine (Simple Cycle),Not Started,,2025-07-01T04:00:00+00:00,,DPP-2022,Central,Phase 2,NRIS,0.0,0.0,0.0,0.0,
J3154,,,Franklin,IA,Blackhawk (MEC) - Quinn 345 (shared POI with J2892),ITC MIDWEST,Gas,160.0,160.0,160.0,2022-09-15T04:00:00+00:00,Active,,,,,"Piston (Engine), Internal Combustion (Diesel)",Not Started,,2027-04-01T04:00:00+00:00,,DPP-2022,West,Phase 1,NRIS,160.0,160.0,0.0,0.0,
J3207,,,Starke,IN,J3578,NORTHERN INDIANA PUBLIC SERVICE COMPANY LLC NIPS,Solar,100.0,100.0,100.0,2022-03-10T05:00:00+00:00,Active,,,,,Photovoltaic,Not Started,,2024-05-06T04:00:00+00:00,,DPP-2022,Central,Phase 2,NRIS,100.0,100.0,0.0,0.0,
J3222,,,Moultrie,IL,Arland to Faraday 345 kV Line Tap,AMEREN TRANSMISSION COMPANY OF ILLINOIS,Wind,109.0,109.0,109.0,2022-09-14T04:00:00+00:00,Withdrawn,,2025-10-27T04:00:00+00:00,,,Wind Turbine,Not Started,,2025-09-15T04:00:00+00:00,,DPP-2022,Central,Phase 2,NRIS,0.0,0.0,0.0,0.0,
J3087,,,Logan,TX,Shockey,AMEREN ILLINOIS,Battery Storage,204.6,204.6,204.6,2022-09-14T04:00:00+00:00,Withdrawn,,2023-03-24T04:00:00+00:00,,,Battery Storage,Not Started,,2026-11-01T04:00:00+00:00,,DPP-2022,Central,Phase 2,NRIS,0.0,0.0,0.0,0.0,
J3200,,,St. Clair,IL,Turkey Hill 345kV,AMEREN ILLINOIS,Battery Storage,250.0,250.0,250.0,2022-09-12T04:00:00+00:00,Withdrawn,,2025-10-27T04:00:00+00:00,,,Battery Storage,Not Started,,2025-03-01T05:00:00+00:00,,DPP-2022,Central,Phase 2,NRIS,0.0,0.0,0.0,0.0,
J3098,,,Franklin,LA,"RED GUM - WINNSBORO 115 kV (122.5,122.6,122.7)","ENTERGY LOUISIANA, LLC ELTO",Solar,75.0,75.0,75.0,2022-09-14T04:00:00+00:00,Withdrawn,,2025-07-30T04:00:00+00:00,,,Photovoltaic,Not Started,,2027-04-15T04:00:00+00:00,,DPP-2022,South,Phase 1,NRIS,0.0,0.0,0.0,0.0,
J3196,,,Starke,IN,Burr Oak to East Winamac 138 kV,NORTHERN INDIANA PUBLIC SERVICE COMPANY LLC NIPS,Solar,100.0,100.0,100.0,2022-09-15T04:00:00+00:00,Withdrawn,,2023-02-27T05:00:00+00:00,,,Photovoltaic,Not Started,,2025-10-31T04:00:00+00:00,,DPP-2022,Central,Phase 2,NRIS,0.0,0.0,0.0,0.0,
J3089,,,Webster,KY,Reid EHV,BIG RIVERS ELECTRIC CORPORATION BREC,Gas,696.0,696.0,696.0,2022-09-15T04:00:00+00:00,Withdrawn,,2025-10-27T04:00:00+00:00,,,Combined Cycle,Not Started,,2029-04-30T04:00:00+00:00,,DPP-2022,Central,Phase 2,NRIS,0.0,0.0,0.0,0.0,
J3075,,,Sullivan,IN,Merom Primary - Worthington Primary 345.0kV,HOOSIER ENERGY,Hybrid,560.0,560.0,560.0,2022-09-15T04:00:00+00:00,Pending Revision Approval,,,,,Solar/Battery,Not Started,,2025-11-30T05:00:00+00:00,,DPP-2022,Central,Phase 2,ERIS,560.0,0.0,0.0,0.0,
J3076,,,Wabash,IL,08GIBSON (PSI) - 7ALBION   345.0kV,AMEREN ILLINOIS,Hybrid,500.0,500.0,500.0,2022-09-15T04:00:00+00:00,Pending Revision Approval,,,,,Solar/Battery,Not Started,,2025-11-30T05:00:00+00:00,,DPP-2022,Central,Phase 2,ERIS,500.0,0.0,0.0,0.0,
J3111,,,Craighead,AR,AECC TRUMANN WEST - POWERLINE ROAD 161kv,"ENTERGY ARKANSAS, LLC EATO",Hybrid,100.0,100.0,100.0,2022-09-15T04:00:00+00:00,Active,,,,,Solar/Battery,Not Started,,2026-06-30T04:00:00+00:00,,DPP-2022,South,Phase 1,NRIS,100.0,100.0,0.0,0.0,
J3112,,,Phillips,AR,Barton - West Helena 115kV,"ENTERGY ARKANSAS, LLC EATO",Hybrid,100.0,100.0,100.0,2022-09-15T04:00:00+00:00,Active,,,,,Solar/Battery,Not Started,,2026-06-30T04:00:00+00:00,,DPP-2022,South,Phase 1,NRIS,100.0,100.0,0.0,0.0,
J3077,,,Gibson,IN,Francisco 345/138kV,SOUTHERN INDIANA GAS & ELECTRIC COMPANY D/B/A CENTERPOINT ENERGY INDIANA SOUTH,Hybrid,250.0,250.0,250.0,2022-09-15T04:00:00+00:00,Active,,,,,Solar/Battery,Not Started,,2026-11-30T05:00:00+00:00,,DPP-2022,Central,Phase 2,ERIS,250.0,0.0,0.0,0.0,
J3122,,,Crittenden,AR,"Marked Tree â€“ Marion 161kV Tap at 35.3902, -90.3372","ENTERGY ARKANSAS, LLC EATO",Hybrid,200.0,200.0,200.0,2022-09-14T04:00:00+00:00,Active,,,,,Wind/Battery,Not Started,,2029-10-01T04:00:00+00:00,,DPP-2022,South,Phase 1,NRIS,200.0,0.0,0.0,0.0,
J3099,,,Faulkner,AR,Hamlet to Gravel Ridge 161kV,"ENTERGY ARKANSAS, LLC EATO",Solar,100.0,100.0,100.0,2022-09-14T04:00:00+00:00,Withdrawn,,2023-03-27T04:00:00+00:00,,,Photovoltaic,Not Started,,2027-06-15T04:00:00+00:00,,DPP-2022,South,Phase 1,ERIS,0.0,0.0,0.0,0.0,
J3155,,,Winnebago,WI,Neevin,AMERICAN TRANSMISSION COMPANY,Gas,150.0,150.0,150.0,2022-09-15T04:00:00+00:00,Active,,,,,Combustion Turbine (Simple Cycle),Not Started,,2025-09-01T04:00:00+00:00,,DPP-2022,East (ATC),Phase 1,NRIS,150.0,150.0,0.0,0.0,
J3093,,,Madison,MS,LAKEOVER EHV - MCADAMS EHV 500.0kV,"ENTERGY MISSISSIPPI, LLC. EMTO",Battery Storage,100.0,100.0,100.0,2022-09-15T04:00:00+00:00,Active,,,,,Battery Storage,Not Started,,2024-12-01T05:00:00+00:00,,DPP-2022,South,Phase 1,ERIS,100.0,0.0,0.0,0.0,
J3158,,,Cerro Gordo,IA,Colby 345 kV Substation,ITC MIDWEST,Battery Storage,100.0,100.0,100.0,2022-09-14T04:00:00+00:00,Active,,,,,Battery Storage,Not Started,,2027-06-30T04:00:00+00:00,,DPP-2022,West,Phase 1,NRIS,100.0,100.0,0.0,0.0,
J3164,,,Ouachita,AR,McClellan 138 kV Substation,ARKANSAS ELECTRIC COOPERATIVE CORPORATION AECT,Battery Storage,100.0,100.0,100.0,2022-09-14T04:00:00+00:00,Withdrawn,,2025-07-30T04:00:00+00:00,,,Battery Storage,Not Started,,2026-06-30T04:00:00+00:00,,DPP-2022,South,Phase 1,NRIS,0.0,0.0,0.0,0.0,
J3165,,,Breckinridge,KY,New Hardinsburg,BIG RIVERS ELECTRIC CORPORATION BREC,Solar,100.0,100.0,100.0,2022-09-14T04:00:00+00:00,Pending Revision Approval,,,,,Photovoltaic,Not Started,,2025-08-31T04:00:00+00:00,,DPP-2022,Central,Phase 2,NRIS,100.0,100.0,0.0,0.0,
J3096,,,Henderson,KY,Reid 161 kV to Henderson 161 kV,BIG RIVERS ELECTRIC CORPORATION BREC,Solar,200.0,200.0,200.0,2022-09-14T04:00:00+00:00,Withdrawn,,2025-10-27T04:00:00+00:00,,,Photovoltaic,Not Started,,2025-10-01T04:00:00+00:00,,DPP-2022,Central,Phase 2,NRIS,0.0,0.0,0.0,0.0,
J3086,,,Peoria,TX,"New 345kV switchyard, looping in the Fargo-Sandburg 345kV",AMEREN TRANSMISSION COMPANY OF ILLINOIS,Battery Storage,252.96,252.96,252.96,2022-09-14T04:00:00+00:00,Withdrawn,,2023-03-24T04:00:00+00:00,,,Battery Storage,Not Started,,2026-11-01T04:00:00+00:00,,DPP-2022,Central,Phase 2,NRIS,0.0,0.0,0.0,0.0,
J3166,,,Knox,IN,Edwardsport Station IGCC,"DUKE ENERGY INDIANA, LLC CIN",Battery Storage,100.0,100.0,100.0,2022-09-14T04:00:00+00:00,Active,,,,,Battery Storage,Not Started,,2026-06-30T04:00:00+00:00,,DPP-2022,Central,Phase 2,NRIS,100.0,100.0,0.0,0.0,
J3168,,,White,IN,REYNOLDS,NORTHERN INDIANA PUBLIC SERVICE COMPANY LLC NIPS,Solar,120.0,120.0,120.0,2022-09-14T04:00:00+00:00,Active,,,,,Photovoltaic,Not Started,,2026-06-30T04:00:00+00:00,,DPP-2022,Central,Phase 2,NRIS,120.0,120.0,0.0,0.0,
J3085,,,Madison,MO,Fredericktown 138 kV Substation,AMEREN MISSOURI,Solar,75.0,75.0,75.0,2022-09-15T04:00:00+00:00,Withdrawn,,2025-10-27T04:00:00+00:00,,,Photovoltaic,Not Started,,2025-12-31T05:00:00+00:00,,DPP-2022,Central,Phase 2,NRIS,0.0,0.0,0.0,0.0,
J3082,,,Franklin,LA,Taping the 'Gilbert / 3GILBERT_LA (303322)' to 'Winnsboro / 3WINNSBORO! (337330)' 115kV line.,,Hybrid,135.0,135.0,135.0,2022-09-15T04:00:00+00:00,Active,,,,,Solar/Battery,Not Started,,2026-06-30T04:00:00+00:00,,DPP-2022,South,Phase 1,NRIS,135.0,135.0,0.0,0.0,
J3083,,,Pointe Coupee,LA,WATERLOO - FANCY POINT 230.0kV,"ENTERGY LOUISIANA, LLC ELTO",Solar,100.0,100.0,100.0,2022-09-15T04:00:00+00:00,Withdrawn,,2025-07-30T04:00:00+00:00,,,Photovoltaic,Not Started,,2022-07-01T04:00:00+00:00,,DPP-2022,South,Phase 1,NRIS-Only,0.0,0.0,0.0,0.0,
J3115,,,Sharkey,MS,Taping the 'Onward / 3ONWARD+ (336967)' to 'Rolling Fork / 3ROLING FRK! (336968)' 115kV line,COOPERATIVE ENERGY SMEP,Hybrid,216.0,216.0,216.0,2022-09-15T04:00:00+00:00,Withdrawn,,2025-07-30T04:00:00+00:00,,,Solar/Battery,Not Started,,2026-06-30T04:00:00+00:00,,DPP-2022,South,Phase 1,NRIS,0.0,0.0,0.0,0.0,
J3113,,,Greene,IN,Edwardsport IGCC - Amo 345kV,"DUKE ENERGY INDIANA, LLC CIN",Hybrid,300.0,300.0,300.0,2022-09-15T04:00:00+00:00,Withdrawn,,2022-12-06T05:00:00+00:00,,,Solar/Battery,Not Started,,2026-06-30T04:00:00+00:00,,DPP-2022,Central,Phase 2,NRIS,0.0,0.0,0.0,0.0,
J3117,,,Clay,AR,Taping the 'Texas Eastern Station 8 / ST.E.P/ S-8 (338229)' to 'McDougal / 5MCDOUGAL# (338695)' 161k,"ENTERGY ARKANSAS, LLC EATO",Hybrid,200.0,200.0,200.0,2022-09-15T04:00:00+00:00,Withdrawn,,2025-07-30T04:00:00+00:00,,,Solar/Battery,Not Started,,2026-06-30T04:00:00+00:00,,DPP-2022,South,Phase 1,NRIS,0.0,0.0,0.0,0.0,
J3119,,,Pulaski,IN,Taping 'Reynolds / 17REYNOLDS (255205)' to 'Burr Oak / 17BURR_OAK (255101)' 22.4mi from Reynolds 345,NORTHERN INDIANA PUBLIC SERVICE COMPANY LLC NIPS,Hybrid,350.0,350.0,350.0,2022-09-15T04:00:00+00:00,Withdrawn,,2022-12-06T05:00:00+00:00,,,Solar/Battery,Not Started,,2026-06-30T04:00:00+00:00,,DPP-2022,Central,Phase 2,NRIS,0.0,0.0,0.0,0.0,
J3211,,,Washington,LA,J1564 Substation,"ENTERGY LOUISIANA, LLC ELTO",Solar,100.0,100.0,100.0,2022-09-14T04:00:00+00:00,Withdrawn,,2025-07-30T04:00:00+00:00,,,Solar/Battery,Not Started,,2025-09-01T04:00:00+00:00,,DPP-2022,South,Phase 1,NRIS,0.0,0.0,0.0,0.0,
J3230,,,Crittenden,AR,PARKIN - GILMORE 161.0kV,"ENTERGY ARKANSAS, LLC EATO",Hybrid,200.0,200.0,200.0,2022-09-14T04:00:00+00:00,Active,,,,,Wind/Battery,Not Started,,2029-10-01T04:00:00+00:00,,DPP-2022,South,Phase 1,NRIS,200.0,0.0,0.0,0.0,
J2626,,,Perry,IL,345kV Commodore to Jordan,AMEREN ILLINOIS,Solar,300.0,300.0,300.0,2022-09-15T04:00:00+00:00,Withdrawn,,2025-10-27T04:00:00+00:00,,,Photovoltaic,Not Started,,2026-07-31T04:00:00+00:00,,DPP-2022,Central,Phase 2,NRIS,0.0,0.0,0.0,0.0,
J3110,,,Craighead,AR,Powerline Road / 8POWERLN_RD% (338156) 500kV Substation,"ENTERGY ARKANSAS, LLC EATO",Hybrid,400.0,400.0,400.0,2022-09-15T04:00:00+00:00,Withdrawn,,2025-07-30T04:00:00+00:00,,,Solar/Battery,Not Started,,2026-06-30T04:00:00+00:00,,DPP-2022,South,Phase 1,NRIS,0.0,0.0,0.0,0.0,
J3120,,,Jackson,AR,Taping 'Newport AB / NEWPORTSOLAR (338177)' to 'Cash / 5CASH (338171)' 161kV Line.,"ENTERGY ARKANSAS, LLC EATO",Hybrid,200.0,200.0,200.0,2022-09-15T04:00:00+00:00,Active,,,,,Solar/Battery,Not Started,,2026-06-30T04:00:00+00:00,,DPP-2022,South,Phase 1,NRIS,200.0,200.0,0.0,0.0,
J3210,,,St. Tammany,LA,J2245 Substation,CLECO POWER LLC CLEC,Solar,100.0,100.0,100.0,2022-09-13T04:00:00+00:00,Withdrawn,,2025-07-30T04:00:00+00:00,,,Solar/Battery,Not Started,,2025-09-01T04:00:00+00:00,,DPP-2022,South,Phase 1,NRIS,0.0,0.0,0.0,0.0,
J3198,,,Barron,WI,Barron,DAIRYLAND POWER COOPERATIVE DPC,Hybrid,80.0,80.0,80.0,2022-09-15T04:00:00+00:00,Active,,,,,Solar/Battery,Not Started,,2027-07-29T04:00:00+00:00,,DPP-2022,West,Phase 1,NRIS,80.0,80.0,0.0,0.0,
J3107,,,Johnson,IA,Enron Substation,MIDAMERICAN ENERGY CO. MEC,Solar,150.0,150.0,150.0,2025-10-23T04:00:00+00:00,Active,,,,,Photovoltaic,Not Started,,2025-08-01T04:00:00+00:00,,DPP-2022,West,Phase 1,NRIS,150.0,150.0,0.0,0.0,
J2616,,,Acadia,LA,Scanlan (Cajun) to Bosco SS 138 kV line,"ENTERGY LOUISIANA, LLC ELTO",Hybrid,100.0,100.0,100.0,2022-09-15T04:00:00+00:00,Withdrawn,,2025-07-31T04:00:00+00:00,,,Solar/Battery,Not Started,,2026-09-30T04:00:00+00:00,,DPP-2022,South,Phase 1,NRIS,0.0,0.0,0.0,0.0,
J2622,,,Drew,AR,Wilmar to Monticello South 115 kV,"ENTERGY ARKANSAS, LLC EATO",Solar,107.0,107.0,107.0,2022-09-14T04:00:00+00:00,Withdrawn,,2025-07-31T04:00:00+00:00,,,Photovoltaic,Not Started,,2027-06-01T04:00:00+00:00,,DPP-2022,South,Phase 1,NRIS,0.0,0.0,0.0,0.0,
J2619,,,Montcalm,MI,Kenowa to Nelson Rd. 345kV,METC,Hybrid,140.0,140.0,140.0,2022-09-15T04:00:00+00:00,Active,,,,,Solar/Battery,Not Started,,2028-09-30T04:00:00+00:00,,DPP-2022,East (ITC),Phase 1,NRIS,140.0,140.0,0.0,0.0,
J2562,,,Arkansas,AR,Dewitt - Deluce,"ENTERGY ARKANSAS, LLC EATO",Solar,80.0,80.0,80.0,2022-09-15T04:00:00+00:00,Withdrawn,,2025-07-31T04:00:00+00:00,,,Photovoltaic,Not Started,,2025-11-20T05:00:00+00:00,,DPP-2022,South,Phase 1,NRIS,0.0,0.0,0.0,0.0,
J2629,,,Newton,TX,Leach to Newton Bulk 138 kV Line,"ENTERGY TEXAS, INC. ETTO",Solar,175.0,175.0,175.0,2022-09-14T04:00:00+00:00,Active,,,,,Photovoltaic,Not Started,,2026-09-30T04:00:00+00:00,,DPP-2022,South,Phase 1,NRIS,175.0,175.0,0.0,0.0,
J2621,,,St. Croix,WI,Pine Lake 161 kV Substation,NORTHERN STATES POWER COMPANY,Battery Storage,115.0,115.0,115.0,2022-09-14T04:00:00+00:00,Withdrawn,,2025-10-27T04:00:00+00:00,,,Battery Storage,Not Started,,2027-06-01T04:00:00+00:00,,DPP-2022,West,Phase 1,NRIS,0.0,0.0,0.0,0.0,
J2659,,,Sangamon,IL,Turner,AMEREN TRANSMISSION COMPANY OF ILLINOIS,Solar,150.0,150.0,150.0,2025-10-27T04:00:00+00:00,Active,,,,,Photovoltaic,Not Started,,2026-07-20T04:00:00+00:00,,DPP-2022,Central,Phase 2,NRIS,150.0,150.0,0.0,0.0,
J2656,,,Macon,IL,4LATHAM-4N DEC E 138 kV,,,180.0,180.0,180.0,2022-09-15T04:00:00+00:00,Active,,,,,,Not Started,,2026-05-01T04:00:00+00:00,,,,,NRIS,180.0,180.0,0.0,0.0,
J2657,,,White,IN,REYNOLDS - BURR OAK 345.0kV,NORTHERN INDIANA PUBLIC SERVICE COMPANY LLC NIPS,Battery Storage,138.0,138.0,138.0,2022-09-15T04:00:00+00:00,Active,,,,,Battery Storage,Not Started,,2027-05-01T04:00:00+00:00,,DPP-2022,Central,Phase 2,NRIS,138.0,138.0,0.0,0.0,
J2578,,,Tuscola,MI,KARN - THETFORD (ATLANTA) 138.0kV,METC,Solar,180.0,180.0,180.0,2022-09-13T04:00:00+00:00,Active,,,,,Photovoltaic,Not Started,,2026-09-01T04:00:00+00:00,,DPP-2022,East (ITC),Phase 1,NRIS,180.0,180.0,0.0,0.0,
J2567,,,Oceana,MI,KENOWA - LUDINGTON 345.0kV,METC,Battery Storage,240.0,240.0,240.0,2022-09-15T04:00:00+00:00,Active,,,,,Battery Storage,Not Started,,2025-04-01T04:00:00+00:00,,DPP-2022,East (ITC),Phase 1,NRIS,240.0,240.0,0.0,0.0,
J2568,,,Acadia,LA,Habetz - Sellers Road 138 kV Line,CLECO POWER LLC CLEC,Battery Storage,120.0,120.0,120.0,2022-09-15T04:00:00+00:00,Withdrawn,,2023-03-24T04:00:00+00:00,,,Battery Storage,Not Started,,2025-04-01T04:00:00+00:00,,DPP-2022,South,Phase 1,NRIS,0.0,0.0,0.0,0.0,
J2572,,,Hamilton,IN,Noblesville (Duke) - Hortonville (Duke) 345.0kV,INDIANAPOLIS POWER & LIGHT COMPANY,Battery Storage,200.0,200.0,200.0,2022-09-15T04:00:00+00:00,Active,,,,,Battery Storage,Not Started,,2025-04-01T04:00:00+00:00,,DPP-2022,Central,Phase 2,NRIS,200.0,200.0,0.0,0.0,
J3116,,,Phillips,AR,Taping 'AECC Aubrey / 6AUBREY# (338885)' to 'Ritchie SES Switchyard / 6RITCHIE-2! (337991)' 230kV Li,"ENTERGY ARKANSAS, LLC EATO",Hybrid,200.0,200.0,200.0,2022-09-15T04:00:00+00:00,Withdrawn,,2025-07-30T04:00:00+00:00,,,Solar/Battery,Not Started,,2026-06-30T04:00:00+00:00,,DPP-2022,South,Phase 1,NRIS,0.0,0.0,0.0,0.0,
J3118,,,Morehouse,LA,Taping the 'Galion / 3GALION (337444)' to 'Oak Grove / 3OAK_GROVE! (337445)' 115kV line,,Hybrid,160.0,160.0,160.0,2022-09-15T04:00:00+00:00,Active,,,,,Solar/Battery,Not Started,,2026-06-30T04:00:00+00:00,,DPP-2022,South,Phase 1,NRIS,160.0,160.0,0.0,0.0,
J3105,,,Amite,MS,Franklin EHV -  McKnight 500 kV,"ENTERGY LOUISIANA, LLC ELTO",Hybrid,400.0,400.0,400.0,2022-09-15T04:00:00+00:00,Withdrawn,,2025-07-30T04:00:00+00:00,,,Solar/Battery,Not Started,,2025-08-30T04:00:00+00:00,,DPP-2022,South,Phase 1,NRIS,0.0,0.0,0.0,0.0,
J2580,,,Winn,LA,Montgomery to Winnfield 230 kV,"ENTERGY LOUISIANA, LLC ELTO",Solar,100.0,100.0,100.0,2022-09-14T04:00:00+00:00,Withdrawn,,2025-07-31T04:00:00+00:00,,,Photovoltaic,Not Started,,2027-06-01T04:00:00+00:00,,DPP-2022,South,Phase 1,NRIS,0.0,0.0,0.0,0.0,
J2620,,,Ouachita,AR,Bearden to Camden North 115 kV,"ENTERGY ARKANSAS, LLC EATO",Solar,164.0,164.0,164.0,2022-09-14T04:00:00+00:00,Withdrawn,,2025-07-31T04:00:00+00:00,,,Photovoltaic,Not Started,,2027-06-01T04:00:00+00:00,,DPP-2022,South,Phase 1,NRIS,0.0,0.0,0.0,0.0,
J2623,,,Hot Spring,AR,H.S. EHV to Friendship 115 kV,"ENTERGY ARKANSAS, LLC EATO",Solar,125.0,125.0,125.0,2022-09-14T04:00:00+00:00,Withdrawn,,2025-07-31T04:00:00+00:00,,,Photovoltaic,Not Started,,2027-06-01T04:00:00+00:00,,DPP-2022,South,Phase 1,NRIS,0.0,0.0,0.0,0.0,
J2663,,,White,IN,Reynolds - Burr Oak 345 kV Line,NORTHERN INDIANA PUBLIC SERVICE COMPANY LLC NIPS,Battery Storage,200.0,200.0,200.0,2022-09-15T04:00:00+00:00,Active,,,,,Battery Storage,Not Started,,2026-05-01T04:00:00+00:00,,DPP-2022,Central,Phase 2,NRIS,200.0,200.0,0.0,0.0,
J2615,,,Warren,IN,FB Culley to Dubois Transmission Line,SOUTHERN INDIANA GAS & ELECTRIC COMPANY D/B/A CENTERPOINT ENERGY INDIANA SOUTH,Hybrid,145.0,145.0,145.0,2022-09-15T04:00:00+00:00,Withdrawn,,2025-10-27T04:00:00+00:00,,,Solar/Battery,Not Started,,2026-09-30T04:00:00+00:00,,DPP-2022,Central,Phase 2,NRIS,0.0,0.0,0.0,0.0,
J2618,,,Macomb,MI,Lenox 120kV,ITC,Battery Storage,100.0,100.0,100.0,2022-09-15T04:00:00+00:00,Active,,,,,Battery Storage,Not Started,,2027-09-30T04:00:00+00:00,,DPP-2022,East (ITC),Phase 1,NRIS,100.0,100.0,0.0,0.0,
J2666,,,Walworth,WI,Brick Church 138 kV,AMERICAN TRANSMISSION COMPANY,Solar,100.0,100.0,100.0,2024-01-09T05:00:00+00:00,Active,,,,,Photovoltaic,Not Started,,2026-06-30T04:00:00+00:00,,DPP-2022,East (ATC),Phase 1,NRIS,100.0,100.0,0.0,0.0,
J2586,,,Clark,IN,SPEED 345,"DUKE ENERGY INDIANA, LLC CIN",Battery Storage,200.0,200.0,200.0,2022-09-15T04:00:00+00:00,Active,,,,,Battery Storage,Not Started,,2025-04-01T04:00:00+00:00,,DPP-2022,Central,Phase 2,NRIS,200.0,200.0,0.0,0.0,
J2685,,,Sharkey,MS,ROLLING FORK,"ENTERGY MISSISSIPPI, LLC. EMTO",Solar,120.0,120.0,120.0,2025-08-21T04:00:00+00:00,Active,,,,,Photovoltaic,Not Started,,2026-01-01T05:00:00+00:00,,DPP-2022,South,Phase 1,ERIS,120.0,0.0,0.0,0.0,
J2690,,,Washington,IL,Other_,,Hybrid,500.0,500.0,500.0,2022-09-15T04:00:00+00:00,Active,,,,,Wind/Battery,Not Started,,2027-04-15T04:00:00+00:00,,DPP-2022,Central,Phase 2,NRIS,500.0,500.0,0.0,0.0,
J2701,,,Jefferson Davis,LA,COLONIAL WELSH 138,"ENTERGY LOUISIANA, LLC ELTO",Solar,100.0,100.0,100.0,2022-09-14T04:00:00+00:00,Active,,,,,Photovoltaic,Not Started,,2027-04-15T04:00:00+00:00,,DPP-2022,South,Phase 1,NRIS,100.0,0.0,0.0,0.0,
J2703,,,Scott,IL,Meredosia 345 kV,AMEREN TRANSMISSION COMPANY OF ILLINOIS,Solar,398.0,398.0,398.0,2022-09-14T04:00:00+00:00,Withdrawn,,2025-10-27T04:00:00+00:00,,,Photovoltaic,Not Started,,2027-04-15T04:00:00+00:00,,DPP-2022,Central,Phase 2,NRIS,0.0,0.0,0.0,0.0,
J2723,,,Vermillion,IN,EAST WINAMAC-MONTICELLO 138kV,NORTHERN INDIANA PUBLIC SERVICE COMPANY LLC NIPS,Wind,249.0,249.0,249.0,2022-09-14T04:00:00+00:00,Withdrawn,,2025-10-27T04:00:00+00:00,,,Wind Turbine,Not Started,,2027-06-01T04:00:00+00:00,,DPP-2022,Central,Phase 2,NRIS,0.0,0.0,0.0,0.0,
J3152,,,Green,WI,North Monroe,AMERICAN TRANSMISSION COMPANY,Gas,160.0,160.0,160.0,2022-09-15T04:00:00+00:00,Active,,,,,"Piston (Engine), Internal Combustion (Diesel)",Not Started,,2027-04-01T04:00:00+00:00,,DPP-2022,East (ATC),Phase 1,NRIS,160.0,160.0,0.0,0.0,
J3153,,,Clinton,IA,Beaver Channel 161 kV Substation,ITC MIDWEST,Gas,160.0,160.0,160.0,2022-09-15T04:00:00+00:00,Active,,,,,"Piston (Engine), Internal Combustion (Diesel)",Not Started,,2027-04-01T04:00:00+00:00,,DPP-2022,West,Phase 1,NRIS,160.0,160.0,0.0,0.0,
J3157,,,Winnebago,IA,Bison,ITC MIDWEST,Wind,100.0,100.0,100.0,2022-09-15T04:00:00+00:00,Active,,,,,Wind Turbine,Not Started,,2024-12-31T05:00:00+00:00,,DPP-2022,West,Phase 1,NRIS-Only,0.0,100.0,0.0,0.0,
J3204,,,Clark,WI,Stone Lake - Gardner Park 345.0kV,AMERICAN TRANSMISSION COMPANY,Wind,190.0,190.0,190.0,2022-09-14T04:00:00+00:00,Active,,,,,Wind Turbine,Not Started,,2025-09-15T04:00:00+00:00,,DPP-2022,East (ATC),Phase 1,NRIS,190.0,190.0,0.0,0.0,
J2587,,,Edgar,IL,Sugar Creek - Cayuga CT  345.0kV,"DUKE ENERGY INDIANA, LLC CIN",Battery Storage,200.0,200.0,200.0,2022-09-15T04:00:00+00:00,Active,,,,,Battery Storage,Not Started,,2025-04-01T04:00:00+00:00,,DPP-2022,Central,Phase 2,NRIS,200.0,200.0,0.0,0.0,
J2693,,,Franklin,LA,WISNER,,Solar,105.0,105.0,105.0,2022-09-14T04:00:00+00:00,Active,,,,,Photovoltaic,Not Started,,2027-04-15T04:00:00+00:00,,DPP-2022,South,Phase 1,NRIS,105.0,0.0,0.0,0.0,
J2700,,,Calcasieu,LA,138 kV LAKE CHARLES BULK,"ENTERGY LOUISIANA, LLC ELTO",Solar,170.0,170.0,170.0,2022-09-14T04:00:00+00:00,Withdrawn,,2025-07-31T04:00:00+00:00,,,Photovoltaic,Not Started,,2027-04-15T04:00:00+00:00,,DPP-2022,South,Phase 1,NRIS,0.0,0.0,0.0,0.0,
J2702,,,Fulton,IL,"Ipava-Macomb, West-1429 138 kV",AMEREN TRANSMISSION COMPANY OF ILLINOIS,Solar,100.8,100.8,100.8,2022-09-14T04:00:00+00:00,Withdrawn,,2025-10-27T04:00:00+00:00,,,Photovoltaic,Not Started,,2027-04-15T04:00:00+00:00,,DPP-2022,Central,Phase 2,NRIS,0.0,0.0,0.0,0.0,
J3088,,,Woodbury,IA,Raun to Sioux City,MIDAMERICAN ENERGY CO. MEC,Hybrid,300.0,300.0,300.0,2022-09-13T04:00:00+00:00,Withdrawn,,2025-10-27T04:00:00+00:00,,,Solar/Battery,Not Started,,2027-02-01T05:00:00+00:00,,DPP-2022,West,Phase 1,ERIS,0.0,0.0,0.0,0.0,
J3167,,,Fulton,IL,Ipava 138 kV Substation,AMEREN TRANSMISSION COMPANY OF ILLINOIS,Solar,180.0,180.0,180.0,2022-09-15T04:00:00+00:00,Active,,,,,Photovoltaic,Not Started,,2026-06-30T04:00:00+00:00,,DPP-2022,Central,Phase 2,NRIS,180.0,180.0,0.0,0.0,
J2706,,,Morehouse,LA,"BAXTER WILSON SES SWYD - PERRYVILLE 500 500 kV (181.1,503.0)","ENTERGY LOUISIANA, LLC ELTO",Solar,500.0,500.0,500.0,2022-09-14T04:00:00+00:00,Withdrawn,,2025-07-31T04:00:00+00:00,,,Photovoltaic,Not Started,,2027-04-15T04:00:00+00:00,,DPP-2022,South,Phase 1,NRIS,0.0,0.0,0.0,0.0,
J2733,,,Lawrence,AR,SWIFTON - AECC HOXIE SOUTH 161.0kV,"ENTERGY ARKANSAS, LLC EATO",Solar,126.0,126.0,126.0,2025-09-05T04:00:00+00:00,Withdrawn,,2025-11-03T05:00:00+00:00,,,Photovoltaic,Not Started,,2026-09-30T04:00:00+00:00,,DPP-2022,South,Phase 1,NRIS,126.0,126.0,0.0,0.0,
J2724,,,Shelby,IL,7NEOGA-7HOLLAND 345 kV,AMEREN ILLINOIS,Battery Storage,300.0,300.0,300.0,2022-09-14T04:00:00+00:00,Withdrawn,,2025-10-27T04:00:00+00:00,,,Battery Storage,Not Started,,2027-06-01T04:00:00+00:00,,DPP-2022,Central,Phase 2,NRIS,0.0,0.0,0.0,0.0,
J2712,,,Vermillion,IN,Clinton 230,"DUKE ENERGY INDIANA, LLC CIN",Solar,75.0,75.0,75.0,2022-09-14T04:00:00+00:00,Withdrawn,,2025-10-27T04:00:00+00:00,,,Photovoltaic,Not Started,,2027-04-15T04:00:00+00:00,,DPP-2022,Central,Phase 2,NRIS,0.0,0.0,0.0,0.0,
J2715,,,Acadia,LA,ACADIA - COLONIAL ACADEMY CO 138.0kV,"ENTERGY LOUISIANA, LLC ELTO",Solar,120.0,120.0,120.0,2022-09-14T04:00:00+00:00,Active,,,,,Photovoltaic,Not Started,,2027-04-15T04:00:00+00:00,,DPP-2022,South,Phase 1,NRIS,120.0,0.0,0.0,0.0,
J2726,,,Montgomery,MO,7Enon- 7Montgmry 345 KV,AMEREN MISSOURI,Solar,248.0,248.0,248.0,2022-09-15T04:00:00+00:00,Withdrawn,,2025-10-27T04:00:00+00:00,,,Photovoltaic,Not Started,,2027-06-01T04:00:00+00:00,,DPP-2022,Central,Phase 2,NRIS,0.0,0.0,0.0,0.0,
J2831,,,Natchitoches,LA,Colfax-Rodemacher 230 kV,CLECO POWER LLC CLEC,Hydro,36.0,36.0,36.0,2022-09-15T04:00:00+00:00,Withdrawn,,2025-07-31T04:00:00+00:00,,,Hydroelectric,Not Started,,2027-04-01T04:00:00+00:00,,DPP-2022,South,Phase 1,NRIS,0.0,0.0,0.0,0.0,
J2769,,,St. Helena,LA,Amite - Gillsburg Tap 115 kV,"ENTERGY LOUISIANA, LLC ELTO",Solar,200.0,200.0,200.0,2022-09-14T04:00:00+00:00,Withdrawn,,2025-07-31T04:00:00+00:00,,,Photovoltaic,Not Started,,2026-09-01T04:00:00+00:00,,DPP-2022,South,Phase 1,NRIS,0.0,0.0,0.0,0.0,
J2664,,,Montgomery,IN,Cayuga Sta - Nucor 345 kV line,"DUKE ENERGY INDIANA, LLC CIN",Solar,200.0,200.0,200.0,2022-09-15T04:00:00+00:00,Withdrawn,,2025-10-27T04:00:00+00:00,,,Photovoltaic,Not Started,,2026-09-30T04:00:00+00:00,,DPP-2022,Central,Phase 2,NRIS,0.0,0.0,0.0,0.0,
J2614,,,Henry,IL,Mercer 161kV,AMEREN ILLINOIS,Wind,200.0,200.0,200.0,2022-09-15T04:00:00+00:00,Active,,,,,Wind Turbine,Not Started,,2028-09-30T04:00:00+00:00,,DPP-2022,Central,Phase 2,NRIS,200.0,200.0,0.0,0.0,
J2752,,,Montgomery,MS,ELLIOTT SS - SAWYER SS (CE) 115.0kV,"ENTERGY MISSISSIPPI, LLC. EMTO",Solar,110.0,110.0,110.0,2022-09-15T04:00:00+00:00,Active,,,,,Photovoltaic,Not Started,,2026-01-01T05:00:00+00:00,,DPP-2022,South,Phase 1,ERIS,110.0,0.0,0.0,0.0,
J2754,,,Polk,TX,138kV Bragg - SHECO Menard Line,"ENTERGY TEXAS, INC. ETTO",Solar,170.0,170.0,170.0,2022-09-15T04:00:00+00:00,Active,,,,,Photovoltaic,Not Started,,2026-01-01T05:00:00+00:00,,DPP-2022,South,Phase 1,ERIS,170.0,0.0,0.0,0.0,
J2617,,,Van Buren,MI,Palisades to Argenta 345 kV,METC,Hybrid,240.0,240.0,240.0,2022-09-15T04:00:00+00:00,Withdrawn,,2025-08-01T04:00:00+00:00,,,Solar/Battery,Not Started,,2026-09-30T04:00:00+00:00,,DPP-2022,East (ITC),Phase 1,NRIS,0.0,0.0,0.0,0.0,
J2625,,,Marion,MO,Maywood 345kV,AMEREN TRANSMISSION COMPANY OF ILLINOIS,Hybrid,100.0,100.0,100.0,2022-09-15T04:00:00+00:00,Withdrawn,,2025-10-27T04:00:00+00:00,,,Solar/Battery,Not Started,,2026-09-30T04:00:00+00:00,,DPP-2022,Central,Phase 2,NRIS,0.0,0.0,0.0,0.0,
J3108,,,Jasper,MS,Missionary 161kV Substation,COOPERATIVE ENERGY SMEP,Hybrid,180.0,180.0,180.0,2022-09-15T04:00:00+00:00,Withdrawn,,2025-07-30T04:00:00+00:00,,,Solar/Battery,Not Started,,2026-06-30T04:00:00+00:00,,DPP-2022,South,Phase 1,NRIS,0.0,0.0,0.0,0.0,
J3114,,,Greene,IN,Sandborn Primary - Worthington Primary 161.0kV,HOOSIER ENERGY,Hybrid,300.0,300.0,300.0,2025-11-13T05:00:00+00:00,Active,,,,,Solar/Battery,Not Started,,2026-06-30T04:00:00+00:00,,DPP-2022,Central,Phase 2,NRIS,300.0,300.0,0.0,0.0,
J3080,,,Pulaski,IL,Ameren owned Kelso - Joppa (Massac) 345 kV Tie-Line,AMEREN ILLINOIS,Hybrid,200.0,200.0,200.0,2022-09-15T04:00:00+00:00,Pending Revision Approval,,,,,Solar/Battery,Not Started,,2025-08-29T04:00:00+00:00,,DPP-2022,Central,Phase 2,NRIS,200.0,200.0,0.0,0.0,
J3101,,,Sunflower,MS,Shaw-Indianola 115kV,"ENTERGY MISSISSIPPI, LLC. EMTO",Solar,20.0,20.0,20.0,2022-09-15T04:00:00+00:00,Withdrawn,,2023-06-13T04:00:00+00:00,,,Solar/Wind,Not Started,,2025-08-30T04:00:00+00:00,,DPP-2022,South,Phase 1,NRIS,0.0,0.0,0.0,0.0,
J2647,,,Franklin,IL,West Frankfort East 345 kV (7E W FKFT),AMEREN ILLINOIS,Battery Storage,300.0,300.0,300.0,2022-09-14T04:00:00+00:00,Active,,,,,Battery Storage,Not Started,,2028-02-01T05:00:00+00:00,,DPP-2022,Central,Phase 2,NRIS,300.0,300.0,0.0,0.0,
J2564,,,Montgomery,IN,138kV Crawfordsville,"DUKE ENERGY INDIANA, LLC CIN",Hybrid,18.9,18.9,18.9,2022-09-14T04:00:00+00:00,Withdrawn,,2025-10-27T04:00:00+00:00,,,Solar/Battery,Not Started,,2025-05-31T04:00:00+00:00,,DPP-2022,Central,Phase 2,NRIS,0.0,0.0,0.0,0.0,
J2725,,,Ionia,MI,Marquette - North Belding 138kV,METC,Solar,100.0,100.0,100.0,2022-09-15T04:00:00+00:00,Withdrawn,,2025-08-01T04:00:00+00:00,,,Photovoltaic,Not Started,,2027-06-01T04:00:00+00:00,,DPP-2022,East (ITC),Phase 1,NRIS,0.0,0.0,0.0,0.0,
J2727,,,Holmes,MS,Pickens - Midway SS (CE) 115kV,"ENTERGY MISSISSIPPI, LLC. EMTO",Hybrid,140.0,140.0,140.0,2022-09-14T04:00:00+00:00,Withdrawn,,2025-07-31T04:00:00+00:00,,,Solar/Battery,Not Started,,2025-12-06T05:00:00+00:00,,DPP-2022,South,Phase 1,NRIS,0.0,0.0,0.0,0.0,
J2728,,,Freeborn,MN,Glenworth,ITC MIDWEST,Battery Storage,150.0,150.0,150.0,2022-09-14T04:00:00+00:00,Active,,,,,Battery Storage,Not Started,,2025-07-24T04:00:00+00:00,,DPP-2022,West,Phase 1,NRIS,150.0,150.0,0.0,0.0,
J2881,,,Jefferson,AR,AECC PINEBERGEN - AECC GLENDALE 115.0kV,,Solar,125.0,125.0,125.0,2022-09-14T04:00:00+00:00,Active,,,,,Photovoltaic,Not Started,,2026-07-31T04:00:00+00:00,,DPP-2022,South,Phase 1,NRIS,125.0,125.0,0.0,0.0,
J2750,,,Phillips,AR,RITCHIE SWYD - TARLETON 230.0kV,,Solar,197.5,197.5,197.5,2025-08-21T04:00:00+00:00,Active,,,,,Photovoltaic,Not Started,,2026-01-01T05:00:00+00:00,,DPP-2022,South,Phase 1,ERIS,197.5,0.0,0.0,0.0,
J2768,,,Bolivar,MS,Shelby SS - Roundaway SS (CE) 115 kV Line,"ENTERGY MISSISSIPPI, LLC. EMTO",Solar,120.0,120.0,120.0,2022-09-14T04:00:00+00:00,Withdrawn,,2025-07-31T04:00:00+00:00,,,Photovoltaic,Not Started,,2026-09-01T04:00:00+00:00,,DPP-2022,South,Phase 1,NRIS,0.0,0.0,0.0,0.0,
J3197,,,Rapides,LA,EAST LEESVILLE -RODEMACHER 230,CLECO POWER LLC CLEC,Solar,250.0,250.0,250.0,2022-09-15T04:00:00+00:00,Withdrawn,,2023-03-24T04:00:00+00:00,,,Photovoltaic,Not Started,,2026-12-22T05:00:00+00:00,,DPP-2022,South,Phase 1,NRIS,0.0,0.0,0.0,0.0,
J2563,,,Cottonwood,MN,crandal,NORTHERN STATES POWER COMPANY,Wind,200.0,200.0,200.0,2022-09-15T04:00:00+00:00,Active,,,,,Wind Turbine,Not Started,,2026-06-30T04:00:00+00:00,,DPP-2022,West,Phase 1,NRIS,200.0,200.0,0.0,0.0,
J2683,,,Hardin,TX,New Substation on Rye  Co - Cypress 138 kV (Same POI as J2071),"ENTERGY TEXAS, INC. ETTO",Solar,120.0,120.0,120.0,2022-09-14T04:00:00+00:00,Withdrawn,,2025-07-31T04:00:00+00:00,,,Photovoltaic,Not Started,,2026-01-01T05:00:00+00:00,,DPP-2022,South,Phase 1,NRIS,0.0,0.0,0.0,0.0,
J2731,,,Olmsted,MN,Maple Leaf,SOUTHERN MINNESOTA MUNICIPAL POWER AGENCY,Battery Storage,150.0,150.0,150.0,2022-09-15T04:00:00+00:00,Active,,,,,Battery Storage,Not Started,,2025-07-24T04:00:00+00:00,,DPP-2022,West,Phase 1,NRIS,150.0,150.0,0.0,0.0,
J2720,,,Yazoo,MS,MIDWAY SS (CE) - YAZOO CITY SS 115.0kV,"ENTERGY MISSISSIPPI, LLC. EMTO",Solar,150.0,150.0,150.0,2022-09-14T04:00:00+00:00,Active,,,,,Photovoltaic,Not Started,,2025-04-25T04:00:00+00:00,,DPP-2022,South,Phase 1,NRIS,150.0,150.0,0.0,0.0,
J2696,,,Mississippi,AR,Sandy Bayou,ENTERGY ARKANSAS INC. EAI,Solar,500.0,500.0,500.0,2022-09-15T04:00:00+00:00,Active,,,,,Photovoltaic,Not Started,,2027-04-15T04:00:00+00:00,,DPP-2022,South,Phase 1,NRIS,500.0,500.0,0.0,0.0,
J2612,,,Madison,MS,Flora 115kV Substation,"ENTERGY MISSISSIPPI, LLC. EMTO",Solar,150.0,150.0,150.0,2023-09-07T04:00:00+00:00,Withdrawn,,2025-07-31T04:00:00+00:00,,,Photovoltaic,Not Started,,2026-09-01T04:00:00+00:00,,DPP-2022,South,Phase 1,NRIS,0.0,0.0,0.0,0.0,
J2658,,,Cumberland,IL,7CASEY-7NEWTON 345kV,AMEREN ILLINOIS,Battery Storage,150.0,150.0,150.0,2022-09-15T04:00:00+00:00,Withdrawn,,2023-03-23T04:00:00+00:00,,,Battery Storage,Not Started,,2026-05-01T04:00:00+00:00,,DPP-2022,Central,Phase 2,NRIS,0.0,0.0,0.0,0.0,
J2699,,,East Carroll,LA,115 kV DARNELL,"ENTERGY LOUISIANA, LLC ELTO",Solar,58.1,58.1,58.1,2022-09-14T04:00:00+00:00,Withdrawn,,2025-07-31T04:00:00+00:00,,,Photovoltaic,Not Started,,2027-04-15T04:00:00+00:00,,DPP-2022,South,Phase 1,NRIS,0.0,0.0,0.0,0.0,
J2704,,,Ouachita,LA,Cargas,,Solar,500.0,500.0,500.0,2022-09-14T04:00:00+00:00,Active,,,,,Photovoltaic,Not Started,,2027-04-15T04:00:00+00:00,,DPP-2022,South,Phase 1,NRIS,500.0,219.0,0.0,0.0,
J2660,,,Cumberland,IL,7CASEY-7NEWTON 345kV,AMEREN ILLINOIS,Battery Storage,150.0,150.0,150.0,2022-09-15T04:00:00+00:00,Withdrawn,,2023-03-23T04:00:00+00:00,,,Battery Storage,Not Started,,2027-05-01T04:00:00+00:00,,DPP-2022,Central,Phase 2,NRIS,0.0,0.0,0.0,0.0,
J2661,,,Marion,IL,7Xenia- 7MT Vrnon 345 KV,AMEREN ILLINOIS,Solar,200.0,200.0,200.0,2022-09-15T04:00:00+00:00,Withdrawn,,2025-10-27T04:00:00+00:00,,,Photovoltaic,Not Started,,2026-05-01T04:00:00+00:00,,DPP-2022,Central,Phase 2,NRIS,0.0,0.0,0.0,0.0,
J2662,,,Cumberland,IL,7CASEY    - 7NEWTON   345.0kV,,Solar,250.0,250.0,250.0,2022-09-15T04:00:00+00:00,Active,,,,,Photovoltaic,Not Started,,2026-05-01T04:00:00+00:00,,DPP-2022,Central,Phase 2,NRIS,250.0,0.0,0.0,0.0,
J2581,,,Ripley,IN,Batesville 138kV Substation,"DUKE ENERGY INDIANA, LLC CIN",Battery Storage,250.0,250.0,250.0,2022-09-15T04:00:00+00:00,Active,,,,,Battery Storage,Not Started,,2027-09-30T04:00:00+00:00,,DPP-2022,Central,Phase 2,NRIS,250.0,250.0,0.0,0.0,
J2582,,,Clark,IN,Speed 138 kV substation,"DUKE ENERGY INDIANA, LLC CIN",Battery Storage,100.0,100.0,100.0,2022-09-15T04:00:00+00:00,Withdrawn,,2025-10-27T04:00:00+00:00,,,Battery Storage,Not Started,,2026-09-30T04:00:00+00:00,,DPP-2022,Central,Phase 2,NRIS,0.0,0.0,0.0,0.0,
J2592,,,Tuscola,MI,Thetford (Atlanta) - Karn 138 kV line,METC,Battery Storage,50.0,50.0,50.0,2022-09-14T04:00:00+00:00,Withdrawn,,2025-08-01T04:00:00+00:00,,,Battery Storage,Not Started,,2026-09-01T04:00:00+00:00,,DPP-2022,East (ITC),Phase 1,NRIS,0.0,0.0,0.0,0.0,
J2876,,,Arenac,MI,Whittemore to Twining 138 kV,METC,Solar,175.0,175.0,175.0,2022-09-14T04:00:00+00:00,Withdrawn,,2026-03-12T04:00:00+00:00,,,Photovoltaic,Not Started,,2025-11-01T04:00:00+00:00,,DPP-2022,East (ITC),Phase 1,NRIS,175.0,175.0,0.0,0.0,
J2862,,,Bradley,AR,AECC Hermitage South-Hilo 115kV,"ENTERGY ARKANSAS, LLC EATO",Solar,150.0,150.0,150.0,2022-09-13T04:00:00+00:00,Withdrawn,,2023-03-24T04:00:00+00:00,,,Photovoltaic,Not Started,,2027-08-31T04:00:00+00:00,,DPP-2022,South,Phase 1,NRIS,0.0,0.0,0.0,0.0,
J2585,,,Greene,IN,Worthington Primary - Merom Primary 345 kV line,HOOSIER ENERGY,Battery Storage,240.0,240.0,240.0,2022-09-15T04:00:00+00:00,Withdrawn,,2023-03-24T04:00:00+00:00,,,Battery Storage,Not Started,,2025-04-01T04:00:00+00:00,,DPP-2022,Central,Phase 2,NRIS,0.0,0.0,0.0,0.0,
J2588,,,Jackson,MI,TOMPKINS - VROOMAN 138.0kV,METC,Battery Storage,120.0,120.0,120.0,2022-09-15T04:00:00+00:00,Active,,,,,Battery Storage,Not Started,,2025-04-01T04:00:00+00:00,,DPP-2022,East (ITC),Phase 1,NRIS,120.0,120.0,0.0,0.0,
J2589,,,Jackson,MI,TOMPKINS - VROOMAN 138.0kV,METC,Battery Storage,150.0,150.0,150.0,2022-09-15T04:00:00+00:00,Active,,,,,Battery Storage,Not Started,,2025-04-01T04:00:00+00:00,,DPP-2022,East (ITC),Phase 1,NRIS,150.0,150.0,0.0,0.0,
J2590,,,Huron,MI,Stein - Rapson 345 kV line,ITC,Battery Storage,500.0,500.0,500.0,2022-09-15T04:00:00+00:00,Active,,,,,Battery Storage,Not Started,,2025-04-01T04:00:00+00:00,,DPP-2022,East (ITC),Phase 1,NRIS,500.0,500.0,0.0,0.0,
J2709,,,Miami,IN,DEEDSVILLE 345,"DUKE ENERGY INDIANA, LLC CIN",Solar,228.0,228.0,228.0,2022-09-14T04:00:00+00:00,Withdrawn,,2023-03-24T04:00:00+00:00,,,Photovoltaic,Not Started,,2027-04-15T04:00:00+00:00,,DPP-2022,Central,Phase 2,NRIS,0.0,0.0,0.0,0.0,
J2711,,,Porter,IN,FLINT LAKE - SOUTH VALPARAISO 138 kV,NORTHERN INDIANA PUBLIC SERVICE COMPANY LLC NIPS,Solar,122.0,122.0,122.0,2022-09-14T04:00:00+00:00,Withdrawn,,2025-10-27T04:00:00+00:00,,,Photovoltaic,Not Started,,2027-04-15T04:00:00+00:00,,DPP-2022,Central,Phase 2,NRIS,0.0,0.0,0.0,0.0,
J2705,,,Assumption,LA,NAPOLEONVILLE 115 kV,"ENTERGY LOUISIANA, LLC ELTO",Solar,220.0,220.0,220.0,2022-09-15T04:00:00+00:00,Withdrawn,,2025-07-31T04:00:00+00:00,,,Photovoltaic,Not Started,,2027-04-15T04:00:00+00:00,,DPP-2022,South,Phase 1,NRIS,0.0,0.0,0.0,0.0,
J2707,,,Assumption,LA,PAINCOURTVILLE 115 kV,"ENTERGY LOUISIANA, LLC ELTO",Solar,165.0,165.0,165.0,2022-09-15T04:00:00+00:00,Withdrawn,,2025-07-31T04:00:00+00:00,,,Photovoltaic,Not Started,,2027-04-15T04:00:00+00:00,,DPP-2022,South,Phase 1,NRIS,0.0,0.0,0.0,0.0,
J2708,,,Ouachita,LA,Cargas,,Solar,500.0,500.0,500.0,2022-09-14T04:00:00+00:00,Active,,,,,Photovoltaic,Not Started,,2027-04-15T04:00:00+00:00,,DPP-2022,South,Phase 1,NRIS,500.0,219.0,0.0,0.0,
J2710,,,Clinton,MI,Mulliken Jct.- Chester 69 kV,WOLVERINE POWER SUPPLY COOPERATIVE,Solar,100.0,100.0,100.0,2022-09-14T04:00:00+00:00,Withdrawn,,2025-08-01T04:00:00+00:00,,,Photovoltaic,Not Started,,2027-04-15T04:00:00+00:00,,DPP-2022,East (ITC),Phase 1,NRIS,0.0,0.0,0.0,0.0,
J2713,,,Mercer,IL,OAK GROVE - MERCER CO (AMRN),MIDAMERICAN ENERGY CO. MEC,Solar,47.6,47.6,47.6,2022-09-14T04:00:00+00:00,Withdrawn,,2025-10-27T04:00:00+00:00,,,Photovoltaic,Not Started,,2027-04-15T04:00:00+00:00,,DPP-2022,West,Phase 1,NRIS,0.0,0.0,0.0,0.0,
J2714,,,St. Landry,LA,Eunice,CLECO POWER LLC CLEC,Solar,162.0,162.0,162.0,2022-09-14T04:00:00+00:00,Active,,,,,Photovoltaic,Not Started,,2027-04-15T04:00:00+00:00,,DPP-2022,South,Phase 1,NRIS,162.0,130.0,0.0,0.0,
J2730,,,Jackson,MN,Jackson North 161kV Substation,ITC MIDWEST,Battery Storage,150.0,150.0,150.0,2022-09-15T04:00:00+00:00,Active,,,,,Battery Storage,Not Started,,2025-07-24T04:00:00+00:00,,DPP-2022,West,Phase 1,NRIS,150.0,150.0,0.0,0.0,
J2734,,,Crittenden,AR,GILMORE - WILSON 161.0kV,"ENTERGY ARKANSAS, LLC EATO",Hybrid,150.0,150.0,150.0,2025-07-28T04:00:00+00:00,Active,,,,,Solar/Battery,Not Started,,2025-12-06T05:00:00+00:00,,DPP-2022,South,Phase 1,NRIS,150.0,75.0,0.0,0.0,
J2875,,,Presque Isle,MI,Hagensville 138 kV Substation,,Solar,150.0,150.0,150.0,2022-09-14T04:00:00+00:00,Active,,,,,Photovoltaic,Not Started,,2025-11-01T04:00:00+00:00,,DPP-2022,East (ITC),Phase 1,NRIS,150.0,150.0,0.0,0.0,
J2877,,,Midland,MI,MURPHY - TITTABAWASSEE 345.0kV,METC,Solar,129.0,129.0,129.0,2022-09-14T04:00:00+00:00,Active,,,,,Photovoltaic,Not Started,,2025-11-01T04:00:00+00:00,,DPP-2022,East (ITC),Phase 1,NRIS,129.0,129.0,0.0,0.0,
J2863,,,Fillmore,MN,Other_,DAIRYLAND POWER COOPERATIVE DPC,Solar,125.0,125.0,125.0,2022-09-13T04:00:00+00:00,Withdrawn,,2025-10-20T04:00:00+00:00,,,Photovoltaic,Not Started,,2027-08-31T04:00:00+00:00,,DPP-2022,West,Phase 1,NRIS,0.0,0.0,0.0,0.0,
J2844,,,Henderson,KY,AB Brown 345 - Reid EHV (BREC Terminal) 345.0kV,,Battery Storage,200.0,200.0,200.0,2022-09-14T04:00:00+00:00,Active,,,,,Battery Storage,Not Started,,2025-10-01T04:00:00+00:00,,DPP-2022,Central,Phase 2,NRIS,200.0,200.0,0.0,0.0,
J2736,,,Bolivar,MS,Rosedale to Stringtown 115kV,"ENTERGY MISSISSIPPI, LLC. EMTO",Hybrid,100.0,100.0,100.0,2022-09-15T04:00:00+00:00,Withdrawn,,2025-07-31T04:00:00+00:00,,,Solar/Battery,Not Started,,2025-12-06T05:00:00+00:00,,DPP-2022,South,Phase 1,NRIS,0.0,0.0,0.0,0.0,
J2889,,,Allegan,MI,Argenta 138kV,METC,Battery Storage,200.0,200.0,200.0,2022-09-14T04:00:00+00:00,Pending Revision Approval,,,,,Battery Storage,Not Started,,2025-08-01T04:00:00+00:00,,DPP-2022,East (ITC),Phase 1,NRIS,200.0,200.0,0.0,0.0,
J2721,,,Panola,MS,Senatobia-Sardis 115 kV Line,"ENTERGY MISSISSIPPI, LLC. EMTO",Solar,120.0,120.0,120.0,2023-10-19T04:00:00+00:00,Withdrawn,,2025-07-31T04:00:00+00:00,,,Photovoltaic,Not Started,,2026-09-01T04:00:00+00:00,,DPP-2022,South,Phase 1,NRIS,0.0,0.0,0.0,0.0,
J2732,,,Ogemaw,MI,Gallagher to Twinning 138kV,METC,Hybrid,250.0,250.0,250.0,2022-09-15T04:00:00+00:00,Withdrawn,,2025-08-01T04:00:00+00:00,,,Solar/Battery,Not Started,,2025-12-06T05:00:00+00:00,,DPP-2022,East (ITC),Phase 1,NRIS,0.0,0.0,0.0,0.0,
J2751,,,Bolivar,MS,STRINGTOWN,"ENTERGY MISSISSIPPI, LLC. EMTO",Solar,125.0,125.0,125.0,2022-09-14T04:00:00+00:00,Active,,,,,Photovoltaic,Not Started,,2026-01-01T05:00:00+00:00,,DPP-2022,South,Phase 1,ERIS,125.0,0.0,0.0,0.0,
J2753,,,East Carroll,LA,DARNELL - TALLULAH 115.0kV,,Solar,200.0,200.0,200.0,2025-08-21T04:00:00+00:00,Active,,,,,Photovoltaic,Not Started,,2026-01-01T05:00:00+00:00,,DPP-2022,South,Phase 1,ERIS,200.0,0.0,0.0,0.0,
J2800,,,Columbia,AR,EL DORADO EHV - SAREPTA 345/115KV SW STA 345kV,"ENTERGY ARKANSAS, LLC EATO",Solar,200.0,200.0,200.0,2022-09-15T04:00:00+00:00,Withdrawn,,2025-07-31T04:00:00+00:00,,,Photovoltaic,Not Started,,2028-09-29T04:00:00+00:00,,DPP-2022,South,Phase 1,NRIS,0.0,0.0,0.0,0.0,
J2820,,,Daviess,KY,Bon Harbor Tap-Stanley Tap 69kv,BIG RIVERS ELECTRIC CORPORATION BREC,Hybrid,35.0,35.0,35.0,2022-09-08T04:00:00+00:00,Withdrawn,,2025-10-27T04:00:00+00:00,,,Solar/Battery,Not Started,,2025-03-01T05:00:00+00:00,,DPP-2022,Central,Phase 2,NRIS,0.0,0.0,0.0,0.0,
J2867,,,Wabasha,MN,Lake City (A) to Zumbro Falls (B),SOUTHERN MINNESOTA MUNICIPAL POWER AGENCY,Solar,50.0,50.0,50.0,2022-09-12T04:00:00+00:00,Active,,,,,Photovoltaic,Not Started,,2029-08-31T04:00:00+00:00,,DPP-2022,West,Phase 1,NRIS,50.0,50.0,0.0,0.0,
J2827,,,Hinds,MS,Norrell 230kV Substation,"ENTERGY MISSISSIPPI, LLC. EMTO",Hybrid,200.0,200.0,200.0,2022-09-13T04:00:00+00:00,Withdrawn,,2025-07-31T04:00:00+00:00,,,Solar/Battery,Not Started,,2025-03-01T05:00:00+00:00,,DPP-2022,South,Phase 1,NRIS,0.0,0.0,0.0,0.0,
J2828,,,Pulaski,AR,L.R. 145th St - Wrightsville 115kV,"ENTERGY ARKANSAS, LLC EATO",Hybrid,50.0,50.0,50.0,2022-09-15T04:00:00+00:00,Withdrawn,,2025-07-31T04:00:00+00:00,,,Solar/Battery,Not Started,,2025-03-01T05:00:00+00:00,,DPP-2022,South,Phase 1,NRIS,0.0,0.0,0.0,0.0,
J2789,,,Jasper,IL,4NEWTON-4ROBNSNAM 138kV,AMEREN ILLINOIS,Battery Storage,250.0,250.0,250.0,2022-09-14T04:00:00+00:00,Withdrawn,,2023-03-08T05:00:00+00:00,,,Battery Storage,Not Started,,2025-11-05T05:00:00+00:00,,DPP-2022,Central,Phase 2,NRIS,0.0,0.0,0.0,0.0,
J2893,,,Holmes,MS,DURANT - BOWLING GREEN SS 115.0kV,"ENTERGY MISSISSIPPI, LLC. EMTO",Hybrid,200.0,200.0,200.0,2022-09-15T04:00:00+00:00,Pending Revision Approval,,,,,Solar/Battery,Not Started,,2027-08-18T04:00:00+00:00,,DPP-2022,South,Phase 1,NRIS,200.0,0.0,0.0,0.0,
J2762,,,Tazewell,IL,4TAZEWELL-4FLINT 138kV,AMEREN ILLINOIS,Battery Storage,200.0,200.0,200.0,2022-09-14T04:00:00+00:00,Withdrawn,,2023-03-13T04:00:00+00:00,,,Battery Storage,Not Started,,2025-11-05T05:00:00+00:00,,DPP-2022,Central,Phase 2,NRIS,0.0,0.0,0.0,0.0,
J2790,,,Christian,IL,7Pana-7Austin 345kV,AMEREN TRANSMISSION COMPANY OF ILLINOIS,Battery Storage,300.0,300.0,300.0,2022-09-14T04:00:00+00:00,Withdrawn,,2023-03-13T04:00:00+00:00,,,Battery Storage,Not Started,,2026-02-05T05:00:00+00:00,,DPP-2022,Central,Phase 2,NRIS,0.0,0.0,0.0,0.0,
J2890,,,Calcasieu,LA,Lake Charles Bulk 138kV Substation,"ENTERGY LOUISIANA, LLC ELTO",Hybrid,440.0,440.0,440.0,2022-09-14T04:00:00+00:00,Withdrawn,,2025-07-31T04:00:00+00:00,,,Solar/Battery,Not Started,,2027-09-01T04:00:00+00:00,,DPP-2022,South,Phase 1,NRIS,0.0,0.0,0.0,0.0,
J2791,,,Lafayette,LA,Doc Bonin 69kV,LAFAYETTE UTILITIES SYSTEM,Gas,243.1,243.1,243.1,2022-09-13T04:00:00+00:00,Active,,,,,Combustion Turbine (Simple Cycle),Not Started,,2027-05-01T04:00:00+00:00,,DPP-2022,South,Phase 1,NRIS,243.1,243.1,0.0,0.0,
J2861,,,Mower,MN,Rochester 161kV (A) to Adams 161kV (B),DAIRYLAND POWER COOPERATIVE DPC,Solar,147.0,147.0,147.0,2022-09-13T04:00:00+00:00,Active,,,,,Photovoltaic,Not Started,,2029-08-31T04:00:00+00:00,,DPP-2022,West,Phase 1,NRIS,147.0,147.0,0.0,0.0,
J2878,,,Sanilac,MI,GREENWOOD - RAPSON 345.0kV,ITC,Solar,200.0,200.0,200.0,2022-09-14T04:00:00+00:00,Withdrawn,,2026-03-12T04:00:00+00:00,,,Photovoltaic,Not Started,,2025-11-01T04:00:00+00:00,,DPP-2022,East (ITC),Phase 1,NRIS,200.0,200.0,0.0,0.0,
J2818,,,Ouachita,AR,AECC CAMDEN SOUTH - STEPHENS 115.0kV,"ENTERGY ARKANSAS, LLC EATO",Hybrid,130.0,130.0,130.0,2025-10-27T04:00:00+00:00,Active,,,,,Solar/Battery,Not Started,,2025-03-01T05:00:00+00:00,,DPP-2022,South,Phase 1,NRIS,130.0,0.0,0.0,0.0,
J2830,,,Jennings,IN,Brewersville - Dabney 69kV,HOOSIER ENERGY,Hybrid,50.0,50.0,50.0,2022-09-13T04:00:00+00:00,Withdrawn,,2025-10-27T04:00:00+00:00,,,Solar/Battery,Not Started,,2025-03-01T05:00:00+00:00,,DPP-2022,Central,Phase 2,NRIS,0.0,0.0,0.0,0.0,
J2832,,,East Carroll,LA,Darnell - Tallulah 115 kV,"ENTERGY LOUISIANA, LLC ELTO",Hybrid,110.0,110.0,110.0,2022-09-14T04:00:00+00:00,Withdrawn,,2025-07-31T04:00:00+00:00,,,Solar/Battery,Not Started,,2025-03-01T05:00:00+00:00,,DPP-2022,South,Phase 1,NRIS,0.0,0.0,0.0,0.0,
J2806,,,Warren,MO,Warrenton 161kV Substation,,Solar,200.0,200.0,200.0,2022-09-13T04:00:00+00:00,Active,,,,,Photovoltaic,Not Started,,2026-09-01T04:00:00+00:00,,DPP-2022,Central,Phase 2,NRIS,200.0,200.0,0.0,0.0,
J2835,,,Jefferson,IN,Madison - Scottsburg 138kV,"DUKE ENERGY INDIANA, LLC CIN",Hybrid,50.0,50.0,50.0,2022-09-13T04:00:00+00:00,Withdrawn,,2025-10-27T04:00:00+00:00,,,Solar/Battery,Not Started,,2025-03-01T05:00:00+00:00,,DPP-2022,Central,Phase 2,NRIS,0.0,0.0,0.0,0.0,
J2864,,,Nevada,AR,McNeil EHV to Etta EHV 500kV,"ENTERGY ARKANSAS, LLC EATO",Solar,375.0,375.0,375.0,2022-09-13T04:00:00+00:00,Active,,,,,Photovoltaic,Not Started,,2027-10-31T04:00:00+00:00,,DPP-2022,South,Phase 1,NRIS,375.0,375.0,0.0,0.0,
J2819,,,Red River,LA,RINGGOLD - CARROLL (CLECO) 115.0kV,"ENTERGY LOUISIANA, LLC ELTO",Hybrid,80.0,80.0,80.0,2025-10-27T04:00:00+00:00,Active,,,,,Solar/Battery,Not Started,,2025-02-01T05:00:00+00:00,,DPP-2022,South,Phase 1,NRIS,80.0,0.0,0.0,0.0,
J2865,,,Ouachita,AR,El Dorado EHV - McNeil EHV 500kV,"ENTERGY ARKANSAS, LLC EATO",Solar,375.0,375.0,375.0,2022-09-13T04:00:00+00:00,Active,,,,,Photovoltaic,Not Started,,2027-08-31T04:00:00+00:00,,DPP-2022,South,Phase 1,NRIS,375.0,375.0,0.0,0.0,
J2821,,,Crittenden,KY,Sullivan - Marion Jct 69 kV,BIG RIVERS ELECTRIC CORPORATION BREC,Hybrid,30.0,30.0,30.0,2022-09-08T04:00:00+00:00,Withdrawn,,2025-10-27T04:00:00+00:00,,,Solar/Battery,Not Started,,2025-03-01T05:00:00+00:00,,DPP-2022,Central,Phase 2,NRIS,0.0,0.0,0.0,0.0,
J2822,,,Van Buren,MI,PALISADES - VERGENNES 345.0kV,METC,Battery Storage,200.0,200.0,200.0,2022-09-08T04:00:00+00:00,Active,,,,,Battery Storage,Not Started,,2025-03-01T05:00:00+00:00,,DPP-2022,East (ITC),Phase 1,NRIS,200.0,200.0,0.0,0.0,
J2824,,,Yazoo,MS,Picken - Midway SS (CE) 115 kV,"ENTERGY MISSISSIPPI, LLC. EMTO",Hybrid,70.0,70.0,70.0,2022-09-12T04:00:00+00:00,Withdrawn,,2025-07-31T04:00:00+00:00,,,Solar/Battery,Not Started,,2025-03-01T05:00:00+00:00,,DPP-2022,South,Phase 1,NRIS,0.0,0.0,0.0,0.0,
J2903,,,Lincoln,MS,BROOKHAVEN - BROOKHAVEN/SOUTH 115.0kV,COOPERATIVE ENERGY SMEP,Hybrid,130.0,130.0,130.0,2022-09-09T04:00:00+00:00,Withdrawn,,2025-07-31T04:00:00+00:00,,,Solar/Battery,Not Started,,2025-02-01T05:00:00+00:00,,DPP-2022,South,Phase 1,NRIS,0.0,0.0,0.0,0.0,
J2904,,,Concordia,LA,PLANTATION,"ENTERGY LOUISIANA, LLC ELTO",Hybrid,150.0,150.0,150.0,2022-09-09T04:00:00+00:00,Withdrawn,,2025-07-31T04:00:00+00:00,,,Solar/Battery,Not Started,,2025-06-01T04:00:00+00:00,,DPP-2022,South,Phase 1,NRIS,0.0,0.0,0.0,0.0,
J2816,,,Ouachita,LA,RILLA - RIVERTON 115.0kV,,Solar,100.0,100.0,100.0,2022-09-08T04:00:00+00:00,Active,,,,,Photovoltaic,Not Started,,2028-10-31T04:00:00+00:00,,DPP-2022,South,Phase 1,ERIS,100.0,0.0,0.0,0.0,
J2866,,,Nevada,AR,McNeil 500kV (A) to Etta 500kV (B),"ENTERGY ARKANSAS, LLC EATO",Solar,375.0,375.0,375.0,2022-09-13T04:00:00+00:00,Active,,,,,Photovoltaic,Not Started,,2027-08-31T04:00:00+00:00,,DPP-2022,South,Phase 1,NRIS,375.0,375.0,0.0,0.0,
J2788,,,Wayne,MI,Dayton 120kV Substation,ITC,Battery Storage,100.0,100.0,100.0,2022-09-14T04:00:00+00:00,Withdrawn,,2025-08-01T04:00:00+00:00,,,Battery Storage,Not Started,,2025-08-07T04:00:00+00:00,,DPP-2022,East (ITC),Phase 1,NRIS,0.0,0.0,0.0,0.0,
J2905,,,Washington,MS,HOLLANDALE - NITTA YUMA SS (CE) 115.0kV,COOPERATIVE ENERGY SMEP,Hybrid,100.0,100.0,100.0,2022-09-09T04:00:00+00:00,Withdrawn,,2025-07-31T04:00:00+00:00,,,Solar/Battery,Not Started,,2025-03-01T05:00:00+00:00,,DPP-2022,South,Phase 1,NRIS,0.0,0.0,0.0,0.0,
J2871,,,Mississippi,AR,AECC Dell 161kV - Nucor-Yamato 161kV Switching Station 161.0kV,,Hybrid,70.0,70.0,70.0,2025-10-27T04:00:00+00:00,Active,,,,,Solar/Battery,Not Started,,2025-03-01T05:00:00+00:00,,DPP-2022,South,Phase 1,ERIS,70.0,0.0,0.0,0.0,
J2765,,,West Carroll,LA,Darnell 115 kV,"ENTERGY LOUISIANA, LLC ELTO",Hybrid,100.0,100.0,100.0,2022-09-15T04:00:00+00:00,Withdrawn,,2025-07-31T04:00:00+00:00,,,Solar/Battery,Not Started,,2025-12-06T05:00:00+00:00,,DPP-2022,South,Phase 1,NRIS,0.0,0.0,0.0,0.0,
J2784,,,Sangamon,IL,Turner 345kv Substation,AMEREN TRANSMISSION COMPANY OF ILLINOIS,Wind,200.0,200.0,200.0,2022-09-15T04:00:00+00:00,Withdrawn,,2025-11-03T05:00:00+00:00,,,Wind Turbine,Not Started,,2026-07-20T04:00:00+00:00,,DPP-2022,Central,Phase 2,NRIS,200.0,200.0,0.0,0.0,
J2785,,,Calhoun,AR,El Dorado - Sheridan 500 kV,"ENTERGY ARKANSAS, LLC EATO",Solar,500.0,500.0,500.0,2022-09-15T04:00:00+00:00,Withdrawn,,2025-07-31T04:00:00+00:00,,,Photovoltaic,Not Started,,2026-09-15T04:00:00+00:00,,DPP-2022,South,Phase 1,NRIS,0.0,0.0,0.0,0.0,
J2838,,,Richland,LA,DUNN - OAK RIDGE (LA) 115.0kV,,Hybrid,150.0,150.0,150.0,2025-10-27T04:00:00+00:00,Active,,,,,Solar/Battery,Not Started,,2025-03-01T05:00:00+00:00,,DPP-2022,South,Phase 1,NRIS,150.0,0.0,0.0,0.0,
J2912,,,Mercer,ND,Coyote Switchyard 345kV Substation,MONTANA-DAKOTA UTILITIES CO.MDU,Hybrid,347.0,347.0,347.0,2022-09-15T04:00:00+00:00,Withdrawn,,2025-10-27T04:00:00+00:00,,,Solar/Battery,Not Started,,2027-09-01T04:00:00+00:00,,DPP-2022,West,Phase 1,NRIS,0.0,0.0,0.0,0.0,
J2868,,,Jackson,WI,Alma Center- Merrillan (DCP) 69 KV,NORTHERN STATES POWER COMPANY,Solar,46.2,46.2,46.2,2022-09-15T04:00:00+00:00,Withdrawn,,2025-08-04T04:00:00+00:00,,,Photovoltaic,Not Started,,2026-12-01T05:00:00+00:00,,DPP-2022,East (ITC),Phase 1,NRIS,0.0,0.0,0.0,0.0,
J2763,,,Sunflower,MS,CLEVELAND/SOUTH - STEINER (CE) 115.0kV,"ENTERGY MISSISSIPPI, LLC. EMTO",Hybrid,100.0,100.0,100.0,2022-09-14T04:00:00+00:00,Active,,,,,Solar/Battery,Not Started,,2025-12-06T05:00:00+00:00,,DPP-2022,South,Phase 1,ERIS,100.0,0.0,0.0,0.0,
J2919,,,Montgomery,IN,Kokomo Webster St. to Walton 230 kV,"DUKE ENERGY INDIANA, LLC CIN",Wind,142.59,142.59,142.59,2022-09-14T04:00:00+00:00,Withdrawn,,2025-10-27T04:00:00+00:00,,,Wind Turbine,Not Started,,2027-06-01T04:00:00+00:00,,DPP-2022,Central,Phase 2,NRIS,0.0,0.0,0.0,0.0,
J2774,,,Ionia,MI,Other_,WOLVERINE POWER SUPPLY COOPERATIVE,Solar,200.0,200.0,200.0,2024-08-20T04:00:00+00:00,Withdrawn,,2025-08-01T04:00:00+00:00,,,Photovoltaic,Not Started,,2026-07-20T04:00:00+00:00,,DPP-2022,East (ITC),Phase 1,NRIS,0.0,0.0,0.0,0.0,
J2823,,,Jefferson,IN,Madison West 138kV Substation,"DUKE ENERGY INDIANA, LLC CIN",Battery Storage,200.0,200.0,200.0,2022-09-09T04:00:00+00:00,Withdrawn,,2025-10-27T04:00:00+00:00,,,Battery Storage,Not Started,,2025-03-01T05:00:00+00:00,,DPP-2022,Central,Phase 2,NRIS,0.0,0.0,0.0,0.0,
J2825,,,Panola,MS,COMO - CRENSHAW 115kV,"ENTERGY MISSISSIPPI, LLC. EMTO",Hybrid,100.0,100.0,100.0,2022-09-13T04:00:00+00:00,Withdrawn,,2025-07-31T04:00:00+00:00,,,Solar/Battery,Not Started,,2025-03-01T05:00:00+00:00,,DPP-2022,South,Phase 1,NRIS,0.0,0.0,0.0,0.0,
J2857,,,Tunica,MS,Banks SS (CE) - Hambrick SS (CE) 115 kV,"ENTERGY MISSISSIPPI, LLC. EMTO",Hybrid,150.0,150.0,150.0,2022-09-15T04:00:00+00:00,Withdrawn,,2025-07-31T04:00:00+00:00,,,Solar/Battery,Not Started,,2024-06-30T04:00:00+00:00,,DPP-2022,South,Phase 1,NRIS,0.0,0.0,0.0,0.0,
J2780,,,Pulaski,IN,STARKE (Actual POI is on ASPHALTUM to MEDARYVILLE 69kV Circuit 6919 an appendix  G facility),NORTHERN INDIANA PUBLIC SERVICE COMPANY LLC NIPS,Hybrid,33.0,33.0,33.0,2023-10-05T04:00:00+00:00,Withdrawn,,2025-10-27T04:00:00+00:00,,,Solar/Battery,Not Started,,2025-01-01T05:00:00+00:00,,DPP-2022,Central,Phase 2,NRIS,0.0,0.0,0.0,0.0,
J2833,,,Wood,WI,Sigel - Auburndale Tap (Y-107) 69kV,AMERICAN TRANSMISSION COMPANY,Hybrid,40.0,40.0,40.0,2022-09-12T04:00:00+00:00,Withdrawn,,2025-07-30T04:00:00+00:00,,,Solar/Battery,Not Started,,2025-03-01T05:00:00+00:00,,DPP-2022,East (ATC),Phase 1,NRIS,0.0,0.0,0.0,0.0,
J2882,,,Beauregard,LA,Cooper-Penton Road 230kV,CLECO POWER LLC CLEC,Hybrid,410.0,410.0,410.0,2022-09-14T04:00:00+00:00,Withdrawn,,2025-07-31T04:00:00+00:00,,,Solar/Battery,Not Started,,2027-09-01T04:00:00+00:00,,DPP-2022,South,Phase 1,NRIS,0.0,0.0,0.0,0.0,
J2834,,,Fond du Lac,WI,South Fond du Lac - North Fond du Lac 69kV,AMERICAN TRANSMISSION COMPANY,Hybrid,50.0,50.0,50.0,2022-09-14T04:00:00+00:00,Withdrawn,,2025-07-30T04:00:00+00:00,,,Solar/Battery,Not Started,,2025-03-01T05:00:00+00:00,,DPP-2022,East (ATC),Phase 1,NRIS,0.0,0.0,0.0,0.0,
J2884,,,Beauregard,LA,Cooper to Penton Road 230kV,CLECO POWER LLC CLEC,Hybrid,276.0,276.0,276.0,2022-09-14T04:00:00+00:00,Withdrawn,,2025-07-31T04:00:00+00:00,,,Solar/Battery,Not Started,,2027-09-01T04:00:00+00:00,,DPP-2022,South,Phase 1,NRIS,0.0,0.0,0.0,0.0,
J2837,,,Jennings,IN,North Vernon - Madison 138 kV,"DUKE ENERGY INDIANA, LLC CIN",Hybrid,50.0,50.0,50.0,2022-09-13T04:00:00+00:00,Withdrawn,,2025-10-27T04:00:00+00:00,,,Solar/Battery,Not Started,,2025-03-01T05:00:00+00:00,,DPP-2022,Central,Phase 2,NRIS,0.0,0.0,0.0,0.0,
J2911,,,Beauregard,LA,Penton 230KV Substation,CLECO POWER LLC CLEC,Hybrid,810.0,810.0,810.0,2022-09-15T04:00:00+00:00,Withdrawn,,2025-07-31T04:00:00+00:00,,,Solar/Battery,Not Started,,2027-09-01T04:00:00+00:00,,DPP-2022,South,Phase 1,NRIS,0.0,0.0,0.0,0.0,
J2787,,,Lee,AR,BRINKLEY EAST-AECC AUBREY 230kV,"ENTERGY ARKANSAS, LLC EATO",Solar,200.0,200.0,200.0,2022-09-15T04:00:00+00:00,Withdrawn,,2023-03-27T04:00:00+00:00,,,Photovoltaic,Not Started,,2025-06-30T04:00:00+00:00,,DPP-2022,South,Phase 1,NRIS,0.0,0.0,0.0,0.0,
J2792,,,Concordia,LA,Persimmon Mill--Red Gum  115kV Line,"ENTERGY LOUISIANA, LLC ELTO",Solar,150.0,150.0,150.0,2022-08-31T04:00:00+00:00,Withdrawn,,2023-03-24T04:00:00+00:00,,,Photovoltaic,Not Started,,2026-09-01T04:00:00+00:00,,DPP-2022,South,Phase 1,NRIS,0.0,0.0,0.0,0.0,
J2907,,,Grant,AR,Sheridan 500 kV,"ENTERGY ARKANSAS, LLC EATO",Hybrid,400.0,400.0,400.0,2022-09-15T04:00:00+00:00,Active,,,,,Solar/Battery,Not Started,,2026-05-26T04:00:00+00:00,,DPP-2022,South,Phase 1,NRIS,400.0,400.0,0.0,0.0,
J2839,,,Ascension,LA,Donaldsonville to Evergreen 230 kV line,"ENTERGY LOUISIANA, LLC ELTO",Solar,200.0,200.0,200.0,2022-09-15T04:00:00+00:00,Withdrawn,,2025-07-31T04:00:00+00:00,,,Photovoltaic,Not Started,,2025-10-15T04:00:00+00:00,,DPP-2022,South,Phase 1,NRIS,0.0,0.0,0.0,0.0,
J2908,,,Morgan,IL,Jacksonville North,AMEREN ILLINOIS,Solar,30.0,30.0,30.0,2022-07-27T04:00:00+00:00,Active,,,,,Photovoltaic,Not Started,,2023-07-30T04:00:00+00:00,,DPP-2022,Central,Phase 2,E-NRIS,30.0,30.0,0.0,0.0,
J2860,,,Beauregard,LA,Roy S Nelson - DeRidder Mill 138 kV,CLECO POWER LLC CLEC,Solar,200.0,200.0,200.0,2022-09-15T04:00:00+00:00,Withdrawn,,2025-07-31T04:00:00+00:00,,,Photovoltaic,Not Started,,2026-10-31T04:00:00+00:00,,DPP-2022,South,Phase 1,NRIS,0.0,0.0,0.0,0.0,
J2916,,,Rapides,LA,East Leesville-Rodemacher 230 KV,CLECO POWER LLC CLEC,Solar,400.0,400.0,400.0,2022-09-14T04:00:00+00:00,Withdrawn,,2025-07-31T04:00:00+00:00,,,Photovoltaic,Not Started,,2026-10-31T04:00:00+00:00,,DPP-2022,South,Phase 1,NRIS,0.0,0.0,0.0,0.0,
J2910,,,Chambers,TX,Stowell 230kV,"ENTERGY TEXAS, INC. ETTO",Wind,303.0,303.0,303.0,2022-09-14T04:00:00+00:00,Withdrawn,,2023-03-22T04:00:00+00:00,,,Wind Turbine,Not Started,,2026-06-14T04:00:00+00:00,,DPP-2022,South,Phase 1,ERIS,0.0,0.0,0.0,0.0,
J2885,,,Red Lake,MN,Plummer Pipe,OTTER TAIL POWER COMPANY OTP,Solar,130.0,130.0,130.0,2022-09-06T04:00:00+00:00,Active,,,,,Photovoltaic,Not Started,,2025-01-10T05:00:00+00:00,,DPP-2022,West,Phase 1,NRIS,130.0,130.0,0.0,0.0,
J2817,,,Liberty,TX,Batiste Creek 230kV Substation,"EAST TEXAS ELECTRIC COOPERATIVE, INC.ETCT",Solar,120.0,120.0,120.0,2022-09-09T04:00:00+00:00,Withdrawn,,2025-07-31T04:00:00+00:00,,,Photovoltaic,Not Started,,2024-09-30T04:00:00+00:00,,DPP-2022,South,Phase 1,NRIS,0.0,0.0,0.0,0.0,
J2782,,,Newton,IN,KENTLAND-MOROCCO 69kV,NORTHERN INDIANA PUBLIC SERVICE COMPANY LLC NIPS,Hybrid,38.0,38.0,38.0,2022-09-07T04:00:00+00:00,Withdrawn,,2025-10-27T04:00:00+00:00,,,Solar/Battery,Not Started,,2025-01-01T05:00:00+00:00,,DPP-2022,Central,Phase 2,NRIS,0.0,0.0,0.0,0.0,
J2795,,,Lincoln,LA,DOWNSVILLE,"ENTERGY LOUISIANA, LLC ELTO",Solar,100.0,100.0,100.0,2022-09-15T04:00:00+00:00,Withdrawn,,2025-07-31T04:00:00+00:00,,,Photovoltaic,Not Started,,2025-09-30T04:00:00+00:00,,DPP-2022,South,Phase 1,NRIS,0.0,0.0,0.0,0.0,
J2815,,,Calhoun,MI,ARGENTA - VERONA 138.0kV,METC,Solar,140.0,140.0,140.0,2022-08-30T04:00:00+00:00,Pending Revision Approval,2026-02-14T05:00:00+00:00,,,,Photovoltaic,Not Started,,2025-02-15T05:00:00+00:00,,DPP-2022,East (ITC),Phase 1,NRIS,140.0,140.0,0.0,0.0,
J2805,,,Fountain,IN,VEEDERSBURG WEST 230 Substation,"DUKE ENERGY INDIANA, LLC CIN",Solar,200.0,200.0,200.0,2022-09-13T04:00:00+00:00,Withdrawn,,2025-10-27T04:00:00+00:00,,,Photovoltaic,Not Started,,2026-09-01T04:00:00+00:00,,DPP-2022,Central,Phase 2,NRIS,0.0,0.0,0.0,0.0,
J2797,,,White,IL,Norris City North,AMEREN ILLINOIS,Hybrid,150.0,150.0,150.0,2025-10-25T04:00:00+00:00,Pending Revision Approval,,,,,Solar/Battery,Not Started,,2026-09-15T04:00:00+00:00,,DPP-2022,Central,Phase 2,NRIS,150.0,150.0,0.0,0.0,
J2840,,,Olmsted,MN,Byron 161 kV,SOUTHERN MINNESOTA MUNICIPAL POWER AGENCY,Battery Storage,200.0,200.0,200.0,2022-09-15T04:00:00+00:00,Pending Revision Approval,,,,,Battery Storage,Not Started,,2025-09-30T04:00:00+00:00,,DPP-2022,West,Phase 1,NRIS,200.0,200.0,0.0,0.0,
J2794,,,Fayette,IL,A Tap on Kinmundy-Otego 138kv line,AMEREN ILLINOIS,Solar,90.0,90.0,90.0,2022-08-23T04:00:00+00:00,Pending Revision Approval,,,,,Photovoltaic,Not Started,,2029-12-27T05:00:00+00:00,,DPP-2022,Central,Phase 2,ERIS,90.0,0.0,0.0,0.0,
J2859,,,Lonoke,AR,AECC KEO-BAUCUM 115 kV,"ENTERGY ARKANSAS, LLC EATO",Solar,125.0,125.0,125.0,2022-09-15T04:00:00+00:00,Withdrawn,,2025-07-31T04:00:00+00:00,,,Photovoltaic,Not Started,,2025-11-20T05:00:00+00:00,,DPP-2022,South,Phase 1,NRIS,0.0,0.0,0.0,0.0,
J2888,,,Lafayette,LA,Baxter Wilson SES SWYD 500 kV,"ENTERGY LOUISIANA, LLC ELTO",Solar,500.0,500.0,500.0,2022-09-15T04:00:00+00:00,Withdrawn,,2025-07-31T04:00:00+00:00,,,Photovoltaic,Not Started,,2026-09-15T04:00:00+00:00,,DPP-2022,South,Phase 1,NRIS,0.0,0.0,0.0,0.0,
J2870,,,Sawyer,WI,STONE LAKE,AMERICAN TRANSMISSION COMPANY,Solar,243.6,243.6,243.6,2022-09-15T04:00:00+00:00,Active,,,,,Photovoltaic,Not Started,,2026-12-01T05:00:00+00:00,,DPP-2022,East (ATC),Phase 1,NRIS,243.6,243.6,0.0,0.0,
J2764,,,Craighead,AR,JONESBORO (APL) - CASH 161.0kV,"ENTERGY ARKANSAS, LLC EATO",Hybrid,150.0,150.0,150.0,2025-07-24T04:00:00+00:00,Active,,,,,Solar/Battery,Not Started,,2025-12-06T05:00:00+00:00,,DPP-2022,South,Phase 1,NRIS,150.0,150.0,0.0,0.0,
J2759,,,Arkansas,AR,STUTTGART RICUSKEY - WOODWARD 230 SUB 230.0kV,,Solar,170.0,170.0,170.0,2023-09-12T04:00:00+00:00,Pending Revision Approval,,,,,Photovoltaic,Not Started,,2029-02-15T05:00:00+00:00,,DPP-2022,South,Phase 1,ERIS,170.0,0.0,0.0,0.0,
J2880,,,Jefferson,AR,STUTTGART RICUSKEY - WOODWARD 230 SUB 230.0kV,"ENTERGY ARKANSAS, LLC EATO",Hybrid,150.0,150.0,150.0,2022-09-14T04:00:00+00:00,Active,,,,,Solar/Battery,Not Started,,2026-07-31T04:00:00+00:00,,DPP-2022,South,Phase 1,NRIS,150.0,150.0,0.0,0.0,
J2874,,,Bay,MI,HAMPTON,METC,Solar,85.0,85.0,85.0,2022-08-31T04:00:00+00:00,Active,2026-09-01T04:00:00+00:00,,,,Photovoltaic,Not Started,,2025-11-15T05:00:00+00:00,,DPP-2022,East (ITC),Phase 1,NRIS,85.0,85.0,0.0,0.0,
J2793,,,Saline,IL,Muddy,AMEREN ILLINOIS,Solar,250.0,250.0,250.0,2022-09-14T04:00:00+00:00,Active,,,,,Photovoltaic,Not Started,,2026-06-30T04:00:00+00:00,,DPP-2022,Central,Phase 2,ERIS,250.0,0.0,0.0,0.0,
J2757,,,Cherokee,IA,LITTLE SIOUX - CLIPPER 161.0kV,MIDAMERICAN ENERGY CO. MEC,Solar,160.3,160.3,160.3,2025-10-17T04:00:00+00:00,Active,,,,,Photovoltaic,Not Started,,2026-05-01T04:00:00+00:00,,DPP-2022,West,Phase 1,ERIS,160.3,0.0,0.0,0.0,
J2814,,,Kalamazoo,MI,ARGENTA - MORROW 138.0kV,METC,Solar,220.0,220.0,220.0,2022-09-07T04:00:00+00:00,Active,2027-03-27T04:00:00+00:00,,,,Photovoltaic,Not Started,,2026-02-15T05:00:00+00:00,,DPP-2022,East (ITC),Phase 1,NRIS,220.0,220.0,0.0,0.0,
J2891,,,Kenosha,WI,Other_,AMERICAN TRANSMISSION COMPANY,Solar,50.0,50.0,50.0,2024-01-09T05:00:00+00:00,Active,,,,,Photovoltaic,Not Started,,2026-06-30T04:00:00+00:00,,DPP-2022,East (ATC),Phase 1,NRIS,50.0,50.0,0.0,0.0,
J2799,,,Van Buren,MI,ARGENTA - PALISADES 345.0kV,METC,Battery Storage,200.0,200.0,200.0,2025-10-25T04:00:00+00:00,Active,,,,,Battery Storage,Not Started,,2025-09-01T04:00:00+00:00,,DPP-2022,East (ITC),Phase 1,NRIS,200.0,200.0,0.0,0.0,
J2906,,,Kalamazoo,MI,Jaguar 138kV substation,METC,Battery Storage,200.0,200.0,200.0,2022-09-15T04:00:00+00:00,Pending Revision Approval,,,,,Battery Storage,Not Started,,2024-09-30T04:00:00+00:00,,DPP-2022,East (ITC),Phase 1,NRIS,200.0,200.0,0.0,0.0,
J2846,,,Pulaski,IN,Reynolds--Burr Oak 345kV line,NORTHERN INDIANA PUBLIC SERVICE COMPANY LLC NIPS,Solar,700.0,700.0,700.0,2022-09-15T04:00:00+00:00,Active,,,,,Photovoltaic,Not Started,,2025-12-01T05:00:00+00:00,,DPP-2022,Central,Phase 2,NRIS,700.0,700.0,0.0,0.0,
J2848,,,Hamilton,IN,Noblesville  - Fall Creek (AEP) 345.0kV,INDIANAPOLIS POWER & LIGHT COMPANY,Solar,200.0,200.0,200.0,2025-11-19T05:00:00+00:00,Active,,,,,Photovoltaic,Not Started,,2025-08-01T04:00:00+00:00,,DPP-2022,Central,Phase 2,NRIS,200.0,200.0,0.0,0.0,
J2854,,,White,AR,Griffithville - SERCY Price 115 kV,"ENTERGY ARKANSAS, LLC EATO",Hybrid,150.0,150.0,150.0,2022-09-15T04:00:00+00:00,Withdrawn,,2025-07-31T04:00:00+00:00,,,Solar/Battery,Not Started,,2024-06-30T04:00:00+00:00,,DPP-2022,South,Phase 1,NRIS,0.0,0.0,0.0,0.0,
J2851,,,Walker,TX,Rocky Creek,"ENTERGY TEXAS, INC. ETTO",Solar,250.0,250.0,250.0,2022-09-15T04:00:00+00:00,Withdrawn,,2022-12-09T05:00:00+00:00,,,Photovoltaic,Not Started,,2027-06-01T04:00:00+00:00,,DPP-2022,South,Phase 1,NRIS,0.0,0.0,0.0,0.0,
J2849,,,Pulaski,IN,Reynolds--Burr Oak 345kV line,NORTHERN INDIANA PUBLIC SERVICE COMPANY LLC NIPS,Solar,245.0,245.0,245.0,2022-09-15T04:00:00+00:00,Active,,,,,Photovoltaic,Not Started,,2025-12-01T05:00:00+00:00,,DPP-2022,Central,Phase 2,NRIS,245.0,245.0,0.0,0.0,
J2856,,,Jefferson,MS,Franklin EHV - Grand Gulf Transmission 500 kV,"ENTERGY MISSISSIPPI, LLC. EMTO",Hybrid,500.0,500.0,500.0,2022-09-15T04:00:00+00:00,Withdrawn,,2025-07-31T04:00:00+00:00,,,Solar/Battery,Not Started,,2024-06-30T04:00:00+00:00,,DPP-2022,South,Phase 1,NRIS,0.0,0.0,0.0,0.0,
J2786,,,Allegan,MI,ARGENTA - TALLMADGE 345.0kV,METC,Hybrid,170.0,170.0,170.0,2022-09-15T04:00:00+00:00,Active,,,,,Solar/Battery,Not Started,,2024-07-01T04:00:00+00:00,,DPP-2022,East (ITC),Phase 1,NRIS,170.0,170.0,0.0,0.0,
J2813,,,Saginaw,MI,Slate Goss 345 KV Line,METC,Solar,195.0,195.0,195.0,2022-09-13T04:00:00+00:00,Withdrawn,,2023-03-24T04:00:00+00:00,,,Photovoltaic,Not Started,,2027-02-15T05:00:00+00:00,,DPP-2022,East (ITC),Phase 1,NRIS,0.0,0.0,0.0,0.0,
J2853,,,Sangamon,IL,Westchester 138 kV station - PSSE bus 343513,CITY WATER LIGHT & POWER,Battery Storage,100.0,100.0,100.0,2022-09-14T04:00:00+00:00,Withdrawn,,2025-10-27T04:00:00+00:00,,,Battery Storage,Not Started,,2026-08-30T04:00:00+00:00,,DPP-2022,Central,Phase 2,NRIS,0.0,0.0,0.0,0.0,
J2917,,,Ouachita,LA,PRAIRIE ROAD,,Solar,80.0,80.0,80.0,2022-09-14T04:00:00+00:00,Active,,,,,Photovoltaic,Not Started,,2026-03-01T05:00:00+00:00,,DPP-2022,South,Phase 1,NRIS,80.0,80.0,0.0,0.0,
J2767,,,Liberty,TX,Hightower - Rye 138kV,"ENTERGY TEXAS, INC. ETTO",Solar,200.0,200.0,200.0,2022-09-15T04:00:00+00:00,Withdrawn,,2025-07-31T04:00:00+00:00,,,Photovoltaic,Not Started,,2026-08-04T04:00:00+00:00,,DPP-2022,South,Phase 1,NRIS,0.0,0.0,0.0,0.0,
J2918,,,Jasper,IL,4EFFINGHM N - 4NEWTON 138kV,,Solar,97.0,97.0,97.0,2022-09-14T04:00:00+00:00,Active,,,,,Photovoltaic,Not Started,,2025-03-01T05:00:00+00:00,,DPP-2022,Central,Phase 2,NRIS,97.0,25.0,0.0,0.0,
J2781,,,Jasper,IN,Other_,NORTHERN INDIANA PUBLIC SERVICE COMPANY LLC NIPS,Hybrid,35.0,35.0,35.0,2022-09-07T04:00:00+00:00,Withdrawn,,2025-10-27T04:00:00+00:00,,,Solar/Battery,Not Started,,2025-01-01T05:00:00+00:00,,DPP-2022,Central,Phase 2,NRIS,0.0,0.0,0.0,0.0,
J2783,,,White,IN,Monticello 69kV (Acutal POI is a tap on GUERNSEY - Monon Circuit 6907 an appendix G  facility),NORTHERN INDIANA PUBLIC SERVICE COMPANY LLC NIPS,Hybrid,33.0,33.0,33.0,2022-09-07T04:00:00+00:00,Withdrawn,,2025-10-27T04:00:00+00:00,,,Solar/Battery,Not Started,,2025-01-01T05:00:00+00:00,,DPP-2022,Central,Phase 2,NRIS,0.0,0.0,0.0,0.0,
S1168,,,Marion,IL,Finks 138 kV,AMEREN ILLINOIS,,99.0,99.0,99.0,2026-07-02T04:00:00+00:00,Active,,,,,,,,2030-06-01T04:00:00+00:00,,NO_CYCLE,NO_GROUP,,SIS,0.0,0.0,0.0,0.0,
J3231,,,Amite,MS,GLOSTER - LIBERTY 115.0kV,"ENTERGY MISSISSIPPI, LLC. EMTO",Hybrid,100.0,100.0,100.0,2022-09-14T04:00:00+00:00,Active,,,,,Solar/Battery,Not Started,,2024-11-29T05:00:00+00:00,,DPP-2022,South,Phase 1,NRIS,100.0,100.0,0.0,0.0,
J2761,,,Marion,MS,Columbia,COOPERATIVE ENERGY SME,Solar,100.0,100.0,100.0,2022-09-15T04:00:00+00:00,Active,,,,,Photovoltaic,Not Started,,2029-09-28T04:00:00+00:00,,DPP-2022,South,Phase 1,NRIS,100.0,100.0,0.0,0.0,
J2850,,,Chicot,AR,Bagby to Gerald Andrus 230 kV,"ENTERGY ARKANSAS, LLC EATO",Solar,250.0,250.0,250.0,2022-09-15T04:00:00+00:00,Withdrawn,,2025-07-09T04:00:00+00:00,,,Photovoltaic,Not Started,,2027-06-01T04:00:00+00:00,,DPP-2022,South,Phase 1,NRIS,0.0,0.0,0.0,0.0,
J2756,,,Livingston,KY,Burna Tap - Joy 69.0kV,GREAT RIVER ENERGY,Solar,42.0,42.0,42.0,2022-09-09T04:00:00+00:00,Active,,,,,Photovoltaic,Not Started,,2025-11-01T04:00:00+00:00,,DPP-2022,Central,Phase 2,NRIS,42.0,42.0,0.0,0.0,
J2755,,,Pike,AR,AMITY SS-AECC MURFREESBORO EAST 115kV,"ENTERGY ARKANSAS, LLC EATO",Solar,100.0,100.0,100.0,2022-09-15T04:00:00+00:00,Withdrawn,,2025-07-24T04:00:00+00:00,,,Photovoltaic,Not Started,,2025-10-31T04:00:00+00:00,,DPP-2022,South,Phase 1,NRIS,0.0,0.0,0.0,0.0,
J2758,,,Jefferson,AR,Stuttgart Ricuskey to Woodward 230kV,"ENTERGY ARKANSAS, LLC EATO",Solar,500.0,500.0,500.0,2022-09-15T04:00:00+00:00,Withdrawn,,2023-02-27T05:00:00+00:00,,,Photovoltaic,Not Started,,2025-10-31T04:00:00+00:00,,DPP-2022,South,Phase 1,NRIS,0.0,0.0,0.0,0.0,
J2802,,,Beauregard,LA,Singer J1424 to Penton 230 kV line,CLECO POWER LLC CLEC,Solar,100.0,100.0,100.0,2022-09-15T04:00:00+00:00,Withdrawn,,2023-04-06T04:00:00+00:00,,,Photovoltaic,Not Started,,2025-10-31T04:00:00+00:00,,DPP-2022,South,Phase 1,NRIS,0.0,0.0,0.0,0.0,
J2847,,,Starke,IN,Reynolds--Burr Oak 345kV Line,NORTHERN INDIANA PUBLIC SERVICE COMPANY LLC NIPS,Solar,180.0,180.0,180.0,2022-09-15T04:00:00+00:00,Active,,,,,Photovoltaic,Not Started,,2026-08-01T04:00:00+00:00,,DPP-2022,Central,Phase 2,NRIS,180.0,180.0,0.0,0.0,
J2858,,,Acadia,LA,Bayou Cove - Richard 138 kV circuit 2,"ENTERGY LOUISIANA, LLC ELTO",Solar,110.0,110.0,110.0,2022-09-15T04:00:00+00:00,Withdrawn,,2025-07-31T04:00:00+00:00,,,Photovoltaic,Not Started,,2025-11-20T05:00:00+00:00,,DPP-2022,South,Phase 1,NRIS,0.0,0.0,0.0,0.0,
J2894,,,Hendricks,IN,Westland Jct - Westline 69kV Line,"DUKE ENERGY INDIANA, LLC CIN",Solar,22.77,22.77,22.77,2022-09-14T04:00:00+00:00,Withdrawn,,2025-10-27T04:00:00+00:00,,,Photovoltaic,Not Started,,2025-05-07T04:00:00+00:00,,DPP-2022,Central,Phase 2,NRIS,0.0,0.0,0.0,0.0,
J2748,,,Clearwater,MN,Wilton - Winger 230.0kV,OTTER TAIL POWER COMPANY OTP,Solar,150.0,150.0,150.0,2022-09-15T04:00:00+00:00,Withdrawn,,2025-10-07T04:00:00+00:00,,,Photovoltaic,Not Started,,2026-08-04T04:00:00+00:00,,DPP-2022,West,Phase 1,NRIS,0.0,0.0,0.0,0.0,
J2988,,,Humboldt,IA,J2256 POI - Irvington 345kV line,MIDAMERICAN ENERGY CO. MEC,Wind,175.0,175.0,175.0,2022-09-14T04:00:00+00:00,Active,,,,,Wind Turbine,Not Started,,2025-03-15T04:00:00+00:00,,DPP-2022,West,Phase 1,NRIS,175.0,175.0,0.0,0.0,
J3041,,,Olmsted,MN,Byron 161kV,SOUTHERN MINNESOTA MUNICIPAL POWER AGENCY,Solar,200.0,200.0,200.0,2022-09-13T04:00:00+00:00,Active,,,,,Photovoltaic,Not Started,,2029-08-31T04:00:00+00:00,,DPP-2022,West,Phase 1,NRIS,200.0,200.0,0.0,0.0,
J2950,,,Clay,IA,Clay County,MIDAMERICAN ENERGY CO. MEC,Wind,299.3,299.3,299.3,2022-09-15T04:00:00+00:00,Withdrawn,,2025-10-27T04:00:00+00:00,,,Wind Turbine,Not Started,,2018-09-15T04:00:00+00:00,,DPP-2022,West,Phase 1,NRIS-Only,0.0,0.0,0.0,0.0,
J2990,,,Pottawattamie,IA,Overland - J1859 POI 345kV Line Tap,MIDAMERICAN ENERGY CO. MEC,Wind,200.0,200.0,200.0,2022-09-14T04:00:00+00:00,Active,,,,,Wind Turbine,Not Started,,2025-06-15T04:00:00+00:00,,DPP-2022,West,Phase 1,NRIS,200.0,200.0,0.0,0.0,
J2937,,,Montgomery,IL,4PANA - 4OAKLEY 138.0kV,,Solar,186.0,186.0,186.0,2022-09-15T04:00:00+00:00,Active,,,,,Photovoltaic,Not Started,,2025-06-30T04:00:00+00:00,,DPP-2022,Central,Phase 2,NRIS,186.0,93.0,0.0,0.0,
J3018,,,Pottawattamie,IA,Overland Trail - Fallow Avenue 345 kV,MIDAMERICAN ENERGY CO. MEC,Battery Storage,300.0,300.0,300.0,2022-09-14T04:00:00+00:00,Withdrawn,,2023-03-24T04:00:00+00:00,,,Battery Storage,Not Started,,2026-04-01T04:00:00+00:00,,DPP-2022,West,Phase 1,NRIS,0.0,0.0,0.0,0.0,
J2886,,,Sangamon,IL,4Auburn N-4Jacksnvl 138kV,,Hybrid,115.0,115.0,115.0,2022-09-15T04:00:00+00:00,Active,,,,,Solar/Battery,Not Started,,2029-09-17T04:00:00+00:00,,DPP-2022,Central,Phase 2,NRIS,115.0,115.0,0.0,0.0,
J2812,,,Hillsdale,MI,MOORE ROAD,METC,Solar,140.0,140.0,140.0,2022-09-14T04:00:00+00:00,Active,,,,,Photovoltaic,Not Started,,2026-09-01T04:00:00+00:00,,DPP-2022,East (ITC),Phase 1,NRIS,140.0,140.0,0.0,0.0,
J2935,,,Saginaw,MI,Thetford to Murphy 345 kV,METC,Solar,200.0,200.0,200.0,2022-09-14T04:00:00+00:00,Withdrawn,,2025-08-01T04:00:00+00:00,,,Photovoltaic,Not Started,,2025-11-01T04:00:00+00:00,,DPP-2022,East (ITC),Phase 1,NRIS,0.0,0.0,0.0,0.0,
J3003,,,Mason,IL,4HAVANA2 - 4CINCINATTI 138.0kV,,Hybrid,180.0,180.0,180.0,2022-09-15T04:00:00+00:00,Active,,,,,Solar/Battery,Not Started,,2025-08-30T04:00:00+00:00,,DPP-2022,Central,Phase 2,NRIS,180.0,135.0,0.0,0.0,
J2855,,,Lawrence,IN,Bedford - Edwardsport 138 kV line,"DUKE ENERGY INDIANA, LLC CIN",Hybrid,100.0,100.0,100.0,2022-09-14T04:00:00+00:00,Withdrawn,,2025-10-27T04:00:00+00:00,,,Solar/Battery,Not Started,,2026-03-01T05:00:00+00:00,,DPP-2022,Central,Phase 2,NRIS,0.0,0.0,0.0,0.0,
J2746,,,Rush,IN,Boyd - Sexton,HOOSIER ENERGY,Solar,70.0,70.0,70.0,2022-09-15T04:00:00+00:00,Withdrawn,,2023-03-24T04:00:00+00:00,,,Photovoltaic,Not Started,,2026-07-04T04:00:00+00:00,,DPP-2022,Central,Phase 2,NRIS,0.0,0.0,0.0,0.0,
J3016,,,Cass,IN,Walton,"DUKE ENERGY INDIANA, LLC CIN",Hybrid,150.0,150.0,150.0,2022-09-14T04:00:00+00:00,Withdrawn,,2025-10-27T04:00:00+00:00,,,Solar/Battery,Not Started,,2027-06-01T04:00:00+00:00,,DPP-2022,Central,Phase 2,NRIS,0.0,0.0,0.0,0.0,
J3030,,,Jefferson,AR,White Bluff to Sheridan 500kV,"ENTERGY ARKANSAS, LLC EATO",Hybrid,450.0,450.0,450.0,2022-09-14T04:00:00+00:00,Active,,,,,Solar/Battery,Not Started,,2027-06-01T04:00:00+00:00,,DPP-2022,South,Phase 1,ERIS,450.0,0.0,0.0,0.0,
J2945,,,Washington,IA,SUB T  3 - HILLS  3 345.0kV,,Gas,350.0,350.0,350.0,2022-09-15T04:00:00+00:00,Active,,,,,"Steam Turbine (including Nuclear, Geothermal and Solar Steam)",Not Started,,2027-04-01T04:00:00+00:00,,DPP-2022,Central,Phase 2,NRIS,350.0,350.0,0.0,0.0,
J2948,,,Marshall,IA,Marshalltown,ITC MIDWEST,Gas,75.0,75.0,75.0,2022-09-15T04:00:00+00:00,Active,,,,,Combined Cycle,Not Started,,2024-09-01T04:00:00+00:00,,DPP-2022,West,Phase 1,NRIS,75.0,75.0,0.0,0.0,
J3029,,,Freeborn,MN,Freeborn,ITC MIDWEST,Wind,153.0,153.0,153.0,2022-09-15T04:00:00+00:00,Withdrawn,,2025-12-05T05:00:00+00:00,,,Wind Turbine,Not Started,,2026-06-30T04:00:00+00:00,,DPP-2022,West,Phase 1,NRIS,153.0,153.0,0.0,0.0,
J3022,,,Taylor,IA,Orient to Atchison County 345 kV,MIDAMERICAN ENERGY CO. MEC,Battery Storage,400.0,400.0,400.0,2022-09-14T04:00:00+00:00,Withdrawn,,2023-03-24T04:00:00+00:00,,,Battery Storage,Not Started,,2026-04-01T04:00:00+00:00,,DPP-2022,West,Phase 1,NRIS,0.0,0.0,0.0,0.0,
J2959,,,Starke,IN,Rollin Schahfer (17SCHAHFER  255110) 345 kV,NORTHERN INDIANA PUBLIC SERVICE COMPANY LLC NIPS,Hybrid,200.0,200.0,200.0,2022-09-15T04:00:00+00:00,Withdrawn,,2025-10-27T04:00:00+00:00,,,Solar/Battery,Not Started,,2027-06-01T04:00:00+00:00,,DPP-2022,Central,Phase 2,NRIS,0.0,0.0,0.0,0.0,
J2980,,,Perry,MS,Hintonville 161/69 kV Substation,COOPERATIVE ENERGY SMEP,Solar,100.0,100.0,100.0,2022-09-14T04:00:00+00:00,Withdrawn,,2025-07-31T04:00:00+00:00,,,Photovoltaic,Not Started,,2023-10-02T04:00:00+00:00,,DPP-2022,South,Phase 1,NRIS,0.0,0.0,0.0,0.0,
J2929,,,Henderson,KY,Henderson 161kV,BIG RIVERS ELECTRIC CORPORATION BREC,Solar,200.0,200.0,200.0,2022-09-14T04:00:00+00:00,Withdrawn,,2023-03-24T04:00:00+00:00,,,Photovoltaic,Not Started,,2025-10-01T04:00:00+00:00,,DPP-2022,Central,Phase 2,NRIS,0.0,0.0,0.0,0.0,
J2964,,,Tallahatchie,MS,Webb 115 kV,"ENTERGY MISSISSIPPI, LLC. EMTO",Wind,220.0,220.0,220.0,2022-09-15T04:00:00+00:00,Withdrawn,,2025-07-31T04:00:00+00:00,,,Wind Turbine,Not Started,,2025-10-01T04:00:00+00:00,,DPP-2022,South,Phase 1,NRIS,0.0,0.0,0.0,0.0,
J2747,,,Greene,IN,Edwardsport IGCC - Amo 345.0kV,"DUKE ENERGY INDIANA, LLC CIN",Solar,160.0,160.0,160.0,2022-09-15T04:00:00+00:00,Active,,,,,Photovoltaic,Not Started,,2026-08-04T04:00:00+00:00,,DPP-2022,Central,Phase 2,NRIS,160.0,160.0,0.0,0.0,
J2949,,,Marshall,IA,Marshalltown 161 kV Substation,ITC MIDWEST,Battery Storage,100.0,100.0,100.0,2022-09-14T04:00:00+00:00,Active,,,,,Battery Storage,Not Started,,2027-06-30T04:00:00+00:00,,DPP-2022,West,Phase 1,NRIS,100.0,100.0,0.0,0.0,
J2992,,,Perry,MS,Hintonville 161kV Substation,COOPERATIVE ENERGY SMEP,Battery Storage,160.0,160.0,160.0,2022-09-15T04:00:00+00:00,Withdrawn,,2025-07-31T04:00:00+00:00,,,Battery Storage,Not Started,,2025-09-15T04:00:00+00:00,,DPP-2022,South,Phase 1,NRIS,0.0,0.0,0.0,0.0,
J2999,,,Perry,MS,Hintonville,,Solar,250.0,250.0,250.0,2022-09-15T04:00:00+00:00,Active,,,,,Photovoltaic,Not Started,,2025-09-15T04:00:00+00:00,,DPP-2022,South,Phase 1,NRIS,250.0,150.0,0.0,0.0,
J2953,,,Orange,TX,CHISHOLM RD - SABINE 230 kV,"ENTERGY TEXAS, INC. ETTO",Hybrid,400.0,400.0,400.0,2022-09-14T04:00:00+00:00,Withdrawn,,2025-07-31T04:00:00+00:00,,,Solar/Battery,Not Started,,2026-09-30T04:00:00+00:00,,DPP-2022,South,Phase 1,NRIS,0.0,0.0,0.0,0.0,
J2922,,,Jasper,IL,7CASEY    - 7NEWTON   345.0kV,AMEREN ILLINOIS,Solar,250.0,250.0,250.0,2022-09-14T04:00:00+00:00,Active,,,,,Photovoltaic,Not Started,,2028-04-01T04:00:00+00:00,,DPP-2022,Central,Phase 2,ERIS,250.0,0.0,0.0,0.0,
J2943,,,Webster,LA,Minden to Sarepta 115 kV,"ENTERGY LOUISIANA, LLC ELTO",Battery Storage,140.0,140.0,140.0,2022-09-14T04:00:00+00:00,Withdrawn,,2023-03-25T04:00:00+00:00,,,Battery Storage,Not Started,,2026-10-31T04:00:00+00:00,,DPP-2022,South,Phase 1,NRIS,0.0,0.0,0.0,0.0,
J3042,,,St. John the Baptist,LA,WATERFORD 230 SWYD - VACHERIE 230.0kV,,Solar,150.0,150.0,150.0,2022-09-15T04:00:00+00:00,Active,,,,,Photovoltaic,Not Started,,2026-01-01T05:00:00+00:00,,DPP-2022,South,Phase 1,ERIS,150.0,0.0,0.0,0.0,
J2749,,,Polk,MN,Winger 115kV,OTTER TAIL POWER COMPANY OTP,Solar,150.0,150.0,150.0,2022-09-15T04:00:00+00:00,Active,,,,,Photovoltaic,Not Started,,2026-08-04T04:00:00+00:00,,DPP-2022,West,Phase 1,NRIS,150.0,150.0,0.0,0.0,
J2952,,,Chambers,TX,Crooked Bayou to Stowell 138 kV Line,"ENTERGY TEXAS, INC. ETTO",Solar,100.0,100.0,100.0,2022-09-14T04:00:00+00:00,Active,,,,,Photovoltaic,Not Started,,2026-09-30T04:00:00+00:00,,DPP-2022,South,Phase 1,NRIS,100.0,100.0,0.0,0.0,
J2978,,,Crittenden,AR,West Memphis EHV to Keo 500 kV,"ENTERGY ARKANSAS, LLC EATO",Battery Storage,100.0,100.0,100.0,2022-09-13T04:00:00+00:00,Withdrawn,,2023-03-25T04:00:00+00:00,,,Battery Storage,Not Started,,2026-10-31T04:00:00+00:00,,DPP-2022,South,Phase 1,NRIS,0.0,0.0,0.0,0.0,
J2971,,,Covington,MS,Southwest Lone Star 161 kV - Mississippi Hub 161 kV,COOPERATIVE ENERGY SMEP,Solar,280.0,280.0,280.0,2022-09-15T04:00:00+00:00,Withdrawn,,2023-03-24T04:00:00+00:00,,,Photovoltaic,Not Started,,2026-08-15T04:00:00+00:00,,DPP-2022,South,Phase 1,NRIS,0.0,0.0,0.0,0.0,
J2994,,,Arkansas,AR,Deluce 115kV,ARKANSAS ELECTRIC COOPERATIVE CORPORATION AECT,Battery Storage,40.0,40.0,40.0,2022-09-15T04:00:00+00:00,Withdrawn,,2023-03-24T04:00:00+00:00,,,Battery Storage,Not Started,,2025-09-15T04:00:00+00:00,,DPP-2022,South,Phase 1,NRIS,0.0,0.0,0.0,0.0,
J3039,,,Olmsted,MN,Byron 161kV,SOUTHERN MINNESOTA MUNICIPAL POWER AGENCY,Solar,200.0,200.0,200.0,2022-09-13T04:00:00+00:00,Active,,,,,Photovoltaic,Not Started,,2029-08-31T04:00:00+00:00,,DPP-2022,West,Phase 1,NRIS,200.0,200.0,0.0,0.0,
J3024,,,Louisa,IA,Newport 161 kV Bus High Side of T91 XFRMR 161/69 kV,ITC MIDWEST,Battery Storage,100.0,100.0,100.0,2022-09-12T04:00:00+00:00,Withdrawn,,2023-03-27T04:00:00+00:00,,,Battery Storage,Not Started,,2026-03-07T05:00:00+00:00,,DPP-2022,West,Phase 1,NRIS,0.0,0.0,0.0,0.0,
J2969,,,Kalkaska,MI,Kalkaska Gen,MICHIGAN PUBLIC POWER AGENCY MPPA,Gas,13.4,13.4,13.4,2022-09-12T04:00:00+00:00,Active,,,,,Combustion Turbine (Simple Cycle),Not Started,,2002-11-01T05:00:00+00:00,,DPP-2022,East (ITC),Phase 1,NRIS,13.4,13.4,0.0,0.0,
J2983,,,Grant,AR,WOODWARD 115 SUB - AECC GRAPEVINE 115.0kV,"ENTERGY ARKANSAS, LLC EATO",Solar,140.0,140.0,140.0,2022-09-15T04:00:00+00:00,Active,,,,,Photovoltaic,Not Started,,2025-09-15T04:00:00+00:00,,DPP-2022,South,Phase 1,ERIS,140.0,0.0,0.0,0.0,
J2991,,,Wayne,MI,Dayton 120kV Substation,ITC,Battery Storage,200.0,200.0,200.0,2022-09-14T04:00:00+00:00,Active,,,,,Battery Storage,Not Started,,2025-09-15T04:00:00+00:00,,DPP-2022,East (ITC),Phase 1,NRIS,200.0,200.0,0.0,0.0,
J2972,,,Adams,IL,4HULL     - 4HERLEMAN 138.0kV,AMEREN ILLINOIS,Solar,140.0,140.0,140.0,2022-09-15T04:00:00+00:00,Active,,,,,Photovoltaic,Not Started,,2026-08-15T04:00:00+00:00,,DPP-2022,Central,Phase 2,NRIS,140.0,140.0,0.0,0.0,
J2956,,,Morehouse,LA,Galion 115 kV Substation,,Hybrid,100.0,100.0,100.0,2022-09-15T04:00:00+00:00,Active,,,,,Solar/Battery,Not Started,,2027-03-01T05:00:00+00:00,,DPP-2022,South,Phase 1,NRIS,100.0,100.0,0.0,0.0,
J2970,,,Posey,IN,AB Brown 345 - Gibson (Duke Terminal) 345.0kV,SOUTHERN INDIANA GAS & ELECTRIC COMPANY D/B/A CENTERPOINT ENERGY INDIANA SOUTH,Solar,250.0,250.0,250.0,2022-09-15T04:00:00+00:00,Pending Revision Approval,,,,,Photovoltaic,Not Started,,2026-08-15T04:00:00+00:00,,DPP-2022,Central,Phase 2,NRIS,250.0,250.0,0.0,0.0,
J2965,,,Morehouse,LA,OAK GROVE 115 SUB,"ENTERGY LOUISIANA, LLC ELTO",Wind,180.0,180.0,180.0,2022-09-15T04:00:00+00:00,Active,,,,,Wind Turbine,Not Started,,2025-10-01T04:00:00+00:00,,DPP-2022,South,Phase 1,NRIS,180.0,180.0,0.0,0.0,
J2962,,,Hamilton,IL,Akin - Hamilton 138 kV,Southern Illinois Power Cooperative,Hybrid,150.0,150.0,150.0,2022-09-15T04:00:00+00:00,Withdrawn,,2025-10-27T04:00:00+00:00,,,Solar/Battery,Not Started,,2026-12-01T05:00:00+00:00,,DPP-2022,Central,Phase 2,NRIS,0.0,0.0,0.0,0.0,
J2986,,,Arkansas,AR,AECC DELUCE - GILLETT 115.0kV,,Solar,80.0,80.0,80.0,2022-09-15T04:00:00+00:00,Active,,,,,Photovoltaic,Not Started,,2025-09-15T04:00:00+00:00,,DPP-2022,South,Phase 1,ERIS,80.0,0.0,0.0,0.0,
J3027,,,Stark,IL,7FARGO - 7SANDBURG 345.0kV,,Hybrid,300.0,300.0,300.0,2022-09-14T04:00:00+00:00,Active,,,,,Wind/Battery,Not Started,,2027-06-01T04:00:00+00:00,,DPP-2022,Central,Phase 2,NRIS,300.0,300.0,0.0,0.0,
J2924,,,Columbia,AR,EL DORADO EHV - SAREPTA 345/115 SS 345.0kV,"ENTERGY ARKANSAS, LLC EATO",Hybrid,222.0,222.0,222.0,2022-09-15T04:00:00+00:00,Active,,,,,Solar/Battery,Not Started,,2027-10-31T04:00:00+00:00,,DPP-2022,South,Phase 1,NRIS,222.0,222.0,0.0,0.0,
J2954,,,Clay,AR,AECC CORNING NORTH Ã¢?? DATTO 161 KV,"ENTERGY ARKANSAS, LLC EATO",Solar,100.0,100.0,100.0,2022-09-14T04:00:00+00:00,Active,,,,,Photovoltaic,Not Started,,2026-09-30T04:00:00+00:00,,DPP-2022,South,Phase 1,NRIS,100.0,100.0,0.0,0.0,
J2933,,,Bay,MI,Gallagher-Tittabawassee 345kV Transmission Line,METC,Solar,200.0,200.0,200.0,2022-09-14T04:00:00+00:00,Withdrawn,,2023-03-24T04:00:00+00:00,,,Photovoltaic,Not Started,,2025-11-01T04:00:00+00:00,,DPP-2022,East (ITC),Phase 1,NRIS,0.0,0.0,0.0,0.0,
J2973,,,Christian,IL,7FARADAY - 7PANA 345.0kV,AMEREN TRANSMISSION COMPANY OF ILLINOIS,Solar,250.0,250.0,250.0,2022-09-15T04:00:00+00:00,Active,,,,,Photovoltaic,Not Started,,2026-08-15T04:00:00+00:00,,DPP-2022,Central,Phase 2,NRIS,250.0,250.0,0.0,0.0,
J2984,,,Clay,AR,Corning North to Datto 161kV Line,"ENTERGY ARKANSAS, LLC EATO",Solar,150.0,150.0,150.0,2022-09-15T04:00:00+00:00,Withdrawn,,2025-07-31T04:00:00+00:00,,,Photovoltaic,Not Started,,2025-09-15T04:00:00+00:00,,DPP-2022,South,Phase 1,NRIS,0.0,0.0,0.0,0.0,
J2936,,,Jackson,AR,Independence (A)(500kV) to Powerline (B) (500 kV),"ENTERGY ARKANSAS, LLC EATO",Solar,500.0,500.0,500.0,2022-09-15T04:00:00+00:00,Withdrawn,,2023-03-02T05:00:00+00:00,,,Photovoltaic,Not Started,,2025-10-31T04:00:00+00:00,,DPP-2022,South,Phase 1,NRIS,0.0,0.0,0.0,0.0,
J2963,,,Mason,IL,Puro,,Wind,200.0,200.0,200.0,2022-09-14T04:00:00+00:00,Active,,,,,Wind Turbine,Not Started,,2025-10-01T04:00:00+00:00,,DPP-2022,Central,Phase 2,NRIS,200.0,200.0,0.0,0.0,
J2995,,,Chicot,AR,CHICOT115kV Substation,"ENTERGY ARKANSAS, LLC EATO",Battery Storage,80.0,80.0,80.0,2022-09-15T04:00:00+00:00,Withdrawn,,2023-03-24T04:00:00+00:00,,,Battery Storage,Not Started,,2025-09-15T04:00:00+00:00,,DPP-2022,South,Phase 1,NRIS,0.0,0.0,0.0,0.0,
J3037,,,Union,AR,Eldorado Upland SS 115kV,"ENTERGY ARKANSAS, LLC EATO",Solar,150.0,150.0,150.0,2022-09-13T04:00:00+00:00,Withdrawn,,2025-07-31T04:00:00+00:00,,,Photovoltaic,Not Started,,2027-08-31T04:00:00+00:00,,DPP-2022,South,Phase 1,NRIS,0.0,0.0,0.0,0.0,
J2925,,,Logan,IL,Gillett,AMEREN ILLINOIS,Solar,150.0,150.0,150.0,2022-09-15T04:00:00+00:00,Withdrawn,,2025-10-27T04:00:00+00:00,,,Photovoltaic,Not Started,,2026-07-31T04:00:00+00:00,,DPP-2022,Central,Phase 2,NRIS,0.0,0.0,0.0,0.0,
J2979,,,Mason,IL,Mason City West 69 kV Substation,AMEREN ILLINOIS,Solar,50.0,50.0,50.0,2022-09-13T04:00:00+00:00,Withdrawn,,2025-10-27T04:00:00+00:00,,,Photovoltaic,Not Started,,2023-09-30T04:00:00+00:00,,DPP-2022,Central,Phase 2,NRIS,0.0,0.0,0.0,0.0,
J3020,,,Lyon,MN,Lake Yankton to Buffalo Ridge 115kV,NORTHERN STATES POWER COMPANY,Wind,165.0,165.0,165.0,2022-09-14T04:00:00+00:00,Withdrawn,,2025-10-27T04:00:00+00:00,,,Wind Turbine,Not Started,,2027-06-01T04:00:00+00:00,,DPP-2022,West,Phase 1,NRIS,0.0,0.0,0.0,0.0,
J3005,,,Mason,IL,Havana-Shockey (138kV),AMEREN ILLINOIS,Hybrid,150.0,150.0,150.0,2022-09-15T04:00:00+00:00,Withdrawn,,2025-10-27T04:00:00+00:00,,,Solar/Battery,Not Started,,2025-08-30T04:00:00+00:00,,DPP-2022,Central,Phase 2,NRIS,0.0,0.0,0.0,0.0,
J2993,,,Grant,AR,Woodward-Grapevine 115kV line,"ENTERGY ARKANSAS, LLC EATO",Battery Storage,80.0,80.0,80.0,2022-09-15T04:00:00+00:00,Withdrawn,,2023-03-24T04:00:00+00:00,,,Battery Storage,Not Started,,2025-09-15T04:00:00+00:00,,DPP-2022,South,Phase 1,NRIS,0.0,0.0,0.0,0.0,
J3000,,,Greene,IN,Worthington - Merom 345kV Line,HOOSIER ENERGY,Battery Storage,80.0,80.0,80.0,2022-09-14T04:00:00+00:00,Withdrawn,,2025-10-27T04:00:00+00:00,,,Battery Storage,Not Started,,2025-09-15T04:00:00+00:00,,DPP-2022,Central,Phase 2,NRIS,0.0,0.0,0.0,0.0,
J2926,,,Franklin,IL,Ashley to West Frankfort-1536,AMEREN ILLINOIS,Solar,100.0,100.0,100.0,2022-09-15T04:00:00+00:00,Withdrawn,,2025-10-27T04:00:00+00:00,,,Photovoltaic,Not Started,,2026-07-31T04:00:00+00:00,,DPP-2022,Central,Phase 2,NRIS,0.0,0.0,0.0,0.0,
J2981,,,Audrain,MO,Ameren Centralia 69 kV Substation,AMEREN MISSOURI,Solar,30.0,30.0,30.0,2022-09-14T04:00:00+00:00,Withdrawn,,2025-10-27T04:00:00+00:00,,,Photovoltaic,Not Started,,2023-09-30T04:00:00+00:00,,DPP-2022,Central,Phase 2,NRIS,0.0,0.0,0.0,0.0,
J3007,,,Mason,MI,PERE MARQUETTE - LINDEMAN 138.0kV,METC,Battery Storage,100.0,100.0,100.0,2022-08-25T04:00:00+00:00,Active,,,,,Battery Storage,Not Started,,2025-05-15T04:00:00+00:00,,DPP-2022,East (ITC),Phase 1,NRIS,100.0,100.0,0.0,0.0,
J3060,,,Perry,IL,7CMDR-7ASTER 345 kV,AMEREN ILLINOIS,Solar,200.0,200.0,200.0,2022-09-15T04:00:00+00:00,Withdrawn,,2025-10-27T04:00:00+00:00,,,Photovoltaic,Not Started,,2026-07-20T04:00:00+00:00,,DPP-2022,Central,Phase 2,NRIS,0.0,0.0,0.0,0.0,
J2939,,,Tunica,MS,Hambrick Switching Station 115kV,COOPERATIVE ENERGY SMEP,Solar,150.0,150.0,150.0,2022-09-14T04:00:00+00:00,Withdrawn,,2025-07-31T04:00:00+00:00,,,Photovoltaic,Not Started,,2025-11-30T05:00:00+00:00,,DPP-2022,South,Phase 1,NRIS,0.0,0.0,0.0,0.0,
J2940,,,Sharkey,MS,Nitta Yuma SS (CE) - Rolling Fork 115 kV,"ENTERGY MISSISSIPPI, LLC. EMTO",Solar,100.0,100.0,100.0,2022-09-14T04:00:00+00:00,Withdrawn,,2023-03-24T04:00:00+00:00,,,Photovoltaic,Not Started,,2025-11-30T05:00:00+00:00,,DPP-2022,South,Phase 1,NRIS,0.0,0.0,0.0,0.0,
J2982,,,Warren,IL,Line 6629 Monmouth 69 kV Switching Station,,Solar,35.0,35.0,35.0,2022-09-14T04:00:00+00:00,Active,,,,,Photovoltaic,Not Started,,2023-09-30T04:00:00+00:00,,DPP-2022,Central,Phase 2,NRIS,35.0,35.0,0.0,0.0,
J2976,,,Jasper,TX,Mill Creek SW Station 138 kV,"EAST TEXAS ELECTRIC COOPERATIVE, INC.ETCT",Hybrid,50.0,50.0,50.0,2022-09-15T04:00:00+00:00,Withdrawn,,2025-07-31T04:00:00+00:00,,,Solar/Battery,Not Started,,2025-05-31T04:00:00+00:00,,DPP-2022,South,Phase 1,NRIS,0.0,0.0,0.0,0.0,
J3004,,,Mason,IL,Cane,,Hybrid,142.0,142.0,142.0,2022-09-15T04:00:00+00:00,Active,,,,,Solar/Battery,Not Started,,2025-08-30T04:00:00+00:00,,DPP-2022,Central,Phase 2,NRIS,142.0,127.5,0.0,0.0,
J2996,,,Clay,AR,Corning North to Datto 161kV Line,"ENTERGY ARKANSAS, LLC EATO",Battery Storage,50.0,50.0,50.0,2022-09-15T04:00:00+00:00,Withdrawn,,2025-07-31T04:00:00+00:00,,,Battery Storage,Not Started,,2025-09-15T04:00:00+00:00,,DPP-2022,South,Phase 1,NRIS,0.0,0.0,0.0,0.0,
J3011,,,St. Clair,IL,Prairie State Plant Switchyard 345 kV,AMEREN ILLINOIS,Battery Storage,100.0,100.0,100.0,2022-09-14T04:00:00+00:00,Withdrawn,,2025-10-27T04:00:00+00:00,,,Battery Storage,Not Started,,2025-11-01T04:00:00+00:00,,DPP-2022,Central,Phase 2,NRIS,0.0,0.0,0.0,0.0,
J3008,,,Cook,IL,"Sheffield - Burnham 345 (Tie line between CE and NIPS, NIPS owns 1.87 miles)",NORTHERN INDIANA PUBLIC SERVICE COMPANY LLC NIPS,Battery Storage,270.0,270.0,270.0,2022-08-24T04:00:00+00:00,Withdrawn,,2023-03-24T04:00:00+00:00,,,Battery Storage,Not Started,,2025-05-15T04:00:00+00:00,,DPP-2022,Central,Phase 2,NRIS,0.0,0.0,0.0,0.0,
J2931,,,Henderson,KY,AB Brown 345 - Reid EHV (BREC Terminal) 345.0kV,,Solar,400.0,400.0,400.0,2022-09-14T04:00:00+00:00,Active,,,,,Photovoltaic,Not Started,,2025-10-01T04:00:00+00:00,,DPP-2022,Central,Phase 2,NRIS,400.0,225.0,0.0,0.0,
J2967,,,Jefferson Davis,LA,Lowe Grout Rd to Jennings 138kV Line,,Solar,200.0,200.0,200.0,2022-09-09T04:00:00+00:00,Active,,,,,Photovoltaic,Not Started,,2025-10-15T04:00:00+00:00,,DPP-2022,South,Phase 1,NRIS,200.0,0.0,0.0,0.0,
J3001,,,Pulaski,AR,J2134 POI to White Bluff 115kV Line,"ENTERGY ARKANSAS, LLC EATO",Battery Storage,50.0,50.0,50.0,2022-09-15T04:00:00+00:00,Withdrawn,,2025-07-31T04:00:00+00:00,,,Battery Storage,Not Started,,2025-09-15T04:00:00+00:00,,DPP-2022,South,Phase 1,NRIS,0.0,0.0,0.0,0.0,
J3040,,,Ouachita,AR,EL DORADO EHV - MCNEIL EHV 500.0kV,"ENTERGY ARKANSAS, LLC EATO",Solar,290.0,290.0,290.0,2022-09-13T04:00:00+00:00,Active,,,,,Photovoltaic,Not Started,,2027-10-31T04:00:00+00:00,,DPP-2022,South,Phase 1,NRIS,290.0,290.0,0.0,0.0,
J3031,,,Jefferson,IL,4WLTNVL TP 138 kV,AMEREN ILLINOIS,Battery Storage,200.0,200.0,200.0,2022-09-14T04:00:00+00:00,Active,,,,,Battery Storage,Not Started,,2026-10-31T04:00:00+00:00,,DPP-2022,Central,Phase 2,NRIS,200.0,200.0,0.0,0.0,
J2955,,,Saline,AR,WRIGHTSVILLE Ã¢?? WHITE BLUFF EHV 115 KV,"ENTERGY ARKANSAS, LLC EATO",Solar,150.0,150.0,150.0,2023-11-07T05:00:00+00:00,Active,,,,,Photovoltaic,Not Started,,2026-09-30T04:00:00+00:00,,DPP-2022,South,Phase 1,NRIS,150.0,150.0,0.0,0.0,
J3015,,,Iroquois,IL,Gilman - Watseka 138kV,,Hybrid,400.0,400.0,400.0,2022-09-14T04:00:00+00:00,Active,,,,,Wind/Battery,Not Started,,2027-06-01T04:00:00+00:00,,DPP-2022,Central,Phase 2,ERIS,400.0,0.0,0.0,0.0,
J3028,,,Perry,MS,Waynesboro 161 - Hintonville 161 161.0kV,,Hybrid,100.0,100.0,100.0,2022-09-14T04:00:00+00:00,Active,,,,,Solar/Battery,Not Started,,2027-06-01T04:00:00+00:00,,DPP-2022,South,Phase 1,NRIS,100.0,100.0,0.0,0.0,
J2928,,,Poinsett,AR,Harrisburg 161 kV Substation,METC,Solar,160.0,160.0,160.0,2022-09-02T04:00:00+00:00,Withdrawn,,2023-03-24T04:00:00+00:00,,,Photovoltaic,Not Started,,2026-09-01T04:00:00+00:00,,DPP-2022,South,Phase 1,NRIS,0.0,0.0,0.0,0.0,
J3013,,,Washington,IL,Ashley,AMEREN ILLINOIS,Battery Storage,100.0,100.0,100.0,2022-09-14T04:00:00+00:00,Withdrawn,,2025-10-27T04:00:00+00:00,,,Solar/Battery,Not Started,,2025-11-01T04:00:00+00:00,,DPP-2022,Central,Phase 2,NRIS,0.0,0.0,0.0,0.0,
J3023,,,Hot Spring,AR,H.S. EHV 500 kV Substation,"ENTERGY ARKANSAS, LLC EATO",Battery Storage,400.0,400.0,400.0,2022-09-14T04:00:00+00:00,Withdrawn,,2023-03-24T04:00:00+00:00,,,Battery Storage,Not Started,,2026-04-01T04:00:00+00:00,,DPP-2022,South,Phase 1,NRIS,0.0,0.0,0.0,0.0,
J3014,,,Rapides,LA,Cooper - Leesville 138.0kV,CLECO POWER LLC CLEC,Solar,280.0,280.0,280.0,2022-09-15T04:00:00+00:00,Pending Revision Approval,,,,,Photovoltaic,Not Started,,2026-10-31T04:00:00+00:00,,DPP-2022,South,Phase 1,ERIS,280.0,0.0,0.0,0.0,
J2957,,,Panola,MS,Como - Crenshaw 115 kV Line,"ENTERGY MISSISSIPPI, LLC. EMTO",Hybrid,100.0,100.0,100.0,2022-09-15T04:00:00+00:00,Active,,,,,Solar/Battery,Not Started,,2027-01-01T05:00:00+00:00,,DPP-2022,South,Phase 1,NRIS,100.0,100.0,0.0,0.0,
J2989,,,Hardin,IA,Blackhawk (MEC)- Quinn 345 KV,MIDAMERICAN ENERGY CO. MEC,Wind,200.0,200.0,200.0,2022-09-14T04:00:00+00:00,Active,,,,,Wind Turbine,Not Started,,2025-06-15T04:00:00+00:00,,DPP-2022,West,Phase 1,NRIS,200.0,200.0,0.0,0.0,
J3067,,,Morehouse,LA,BEEKMAN - NORTH BASTROP 115.0kV,"ENTERGY LOUISIANA, LLC ELTO",Solar,200.0,200.0,200.0,2022-09-12T04:00:00+00:00,Withdrawn,,2025-07-30T04:00:00+00:00,,,Photovoltaic,Not Started,,2025-09-01T04:00:00+00:00,,DPP-2022,South,Phase 1,NRIS,0.0,0.0,0.0,0.0,
J3104,,,Hinds,MS,Tinnin Road 230kV Substation,"ENTERGY MISSISSIPPI, LLC. EMTO",Solar,85.0,85.0,85.0,2022-09-14T04:00:00+00:00,Withdrawn,,2025-07-30T04:00:00+00:00,,,Photovoltaic,Not Started,,2027-06-01T04:00:00+00:00,,DPP-2022,South,Phase 1,NRIS,0.0,0.0,0.0,0.0,
J3125,,,Cottonwood,MN,Crandall 345 kV Substation,NORTHERN STATES POWER COMPANY,Hybrid,289.0,289.0,289.0,2022-09-14T04:00:00+00:00,Withdrawn,,2025-10-27T04:00:00+00:00,,,Wind Turbine,Not Started,,2027-06-01T04:00:00+00:00,,DPP-2022,West,Phase 1,NRIS,0.0,0.0,0.0,0.0,
J3139,,,Holmes,MS,Pickens 230 kV Substation,"ENTERGY MISSISSIPPI, LLC. EMTO",Solar,225.0,225.0,225.0,2022-09-13T04:00:00+00:00,Pending Revision Approval,,,,,Photovoltaic,Not Started,,2026-06-30T04:00:00+00:00,,DPP-2022,South,Phase 1,NRIS,225.0,225.0,0.0,0.0,
J3025,,,Douglas,MN,Alexandria to Hudson 115 kV,OTTER TAIL POWER COMPANY OTP,Solar,188.0,188.0,188.0,2022-09-14T04:00:00+00:00,Withdrawn,,2025-10-27T04:00:00+00:00,,,Photovoltaic,Not Started,,2027-06-01T04:00:00+00:00,,DPP-2022,West,Phase 1,NRIS,0.0,0.0,0.0,0.0,
J2932,,,Henderson,KY,Henderson 161kV,BIG RIVERS ELECTRIC CORPORATION BREC,Battery Storage,100.0,100.0,100.0,2022-09-14T04:00:00+00:00,Withdrawn,,2023-03-24T04:00:00+00:00,,,Battery Storage,Not Started,,2025-10-01T04:00:00+00:00,,DPP-2022,Central,Phase 2,NRIS,0.0,0.0,0.0,0.0,
J3026,,,Beauregard,LA,Deridder Mill - Roy S Nelson 138 kV,CLECO POWER LLC CLEC,Battery Storage,175.0,175.0,175.0,2022-09-14T04:00:00+00:00,Withdrawn,,2025-07-31T04:00:00+00:00,,,Battery Storage,Not Started,,2026-10-31T04:00:00+00:00,,DPP-2022,South,Phase 1,NRIS,0.0,0.0,0.0,0.0,
J3059,,,Midland,MI,Other_,ITC,Solar,175.0,175.0,175.0,2022-09-15T04:00:00+00:00,Pending Revision Approval,,,,,Photovoltaic,Not Started,,2026-07-20T04:00:00+00:00,,DPP-2022,East (ITC),Phase 1,NRIS,175.0,175.0,0.0,0.0,
J3070,,,Morton,ND,Square Butte 230 kV Substation East,MINNESOTA POWER INC.,Wind,100.0,100.0,100.0,2022-09-15T04:00:00+00:00,Active,,,,,Wind Turbine,Not Started,,2025-02-27T05:00:00+00:00,,DPP-2022,West,Phase 1,ERIS,100.0,0.0,0.0,0.0,
J3043,,,Tazewell,IL,Edwards,AMEREN ILLINOIS,Battery Storage,200.0,200.0,200.0,2022-09-14T04:00:00+00:00,Withdrawn,,2025-10-27T04:00:00+00:00,,,Battery Storage,Not Started,,2025-11-01T04:00:00+00:00,,DPP-2022,Central,Phase 2,NRIS,0.0,0.0,0.0,0.0,
J2923,,,Columbia,AR,EL DORADO EHV - SARPETA 345/115 KV SW STA 345kV,"ENTERGY ARKANSAS, LLC EATO",Hybrid,240.0,240.0,240.0,2022-09-15T04:00:00+00:00,Withdrawn,,2025-07-31T04:00:00+00:00,,,Solar/Battery,Not Started,,2028-05-30T04:00:00+00:00,,DPP-2022,South,Phase 1,NRIS,0.0,0.0,0.0,0.0,
J3051,,,Chisago,MN,Rush City 230 kV,GREAT RIVER ENERGY,Solar,150.0,150.0,150.0,2024-01-09T05:00:00+00:00,Active,,,,,Photovoltaic,Not Started,,2026-06-30T04:00:00+00:00,,DPP-2022,West,Phase 1,NRIS,150.0,0.0,0.0,0.0,
J3044,,,Tazewell,IL,Edwards,AMEREN ILLINOIS,Solar,200.0,200.0,200.0,2022-09-14T04:00:00+00:00,Withdrawn,,2025-10-27T04:00:00+00:00,,,Photovoltaic,Not Started,,2026-11-01T04:00:00+00:00,,DPP-2022,Central,Phase 2,NRIS,0.0,0.0,0.0,0.0,
J3216,,,Peoria,IL,Bloomington Brokaw,AMEREN ILLINOIS,Battery Storage,300.0,300.0,300.0,2022-09-15T04:00:00+00:00,Active,,,,,Battery Storage,Not Started,,2027-04-01T04:00:00+00:00,,DPP-2022,Central,Phase 2,NRIS,300.0,300.0,0.0,0.0,
J3046,,,Concordia,LA,Red Gum to Metropolis 115 kV,"ENTERGY LOUISIANA, LLC ELTO",Battery Storage,140.0,140.0,140.0,2022-09-14T04:00:00+00:00,Withdrawn,,2023-03-25T04:00:00+00:00,,,Battery Storage,Not Started,,2025-08-01T04:00:00+00:00,,DPP-2022,South,Phase 1,NRIS,0.0,0.0,0.0,0.0,
J3203,,,Clinton,MI,Bingham - Lookng GL J 138kV,METC,Solar,150.0,150.0,150.0,2022-09-15T04:00:00+00:00,Withdrawn,,2023-03-24T04:00:00+00:00,,,Photovoltaic,Not Started,,2026-07-20T04:00:00+00:00,,DPP-2022,East (ITC),Phase 1,NRIS,0.0,0.0,0.0,0.0,
J3205,,,Franklin,MS,Arlington to Smithdale 115 kV,"ENTERGY MISSISSIPPI, LLC. EMTO",Solar,80.0,80.0,80.0,2022-09-14T04:00:00+00:00,Withdrawn,,2025-07-30T04:00:00+00:00,,,Photovoltaic,Not Started,,2027-06-01T04:00:00+00:00,,DPP-2022,South,Phase 1,NRIS,0.0,0.0,0.0,0.0,
J3132,,,Columbia,AR,El Dorado EHV - Sarepta 345/115KV SW STA 345 kV,"ENTERGY ARKANSAS, LLC EATO",Battery Storage,150.0,150.0,150.0,2022-09-14T04:00:00+00:00,Withdrawn,,2025-07-30T04:00:00+00:00,,,Battery Storage,Not Started,,2026-06-30T04:00:00+00:00,,DPP-2022,South,Phase 1,NRIS,0.0,0.0,0.0,0.0,
J3140,,,Porter,IN,South Valparaiso 138 kV Substation,NORTHERN INDIANA PUBLIC SERVICE COMPANY LLC NIPS,Battery Storage,50.0,50.0,50.0,2022-09-14T04:00:00+00:00,Active,,,,,Battery Storage,Not Started,,2026-08-31T04:00:00+00:00,,DPP-2022,Central,Phase 2,NRIS,50.0,50.0,0.0,0.0,
J3169,,,Hardin,TX,Cypress 138 kV Substation,"ENTERGY TEXAS, INC. ETTO",Battery Storage,200.0,200.0,200.0,2022-09-14T04:00:00+00:00,Active,,,,,Battery Storage,Not Started,,2026-06-30T04:00:00+00:00,,DPP-2022,South,Phase 1,NRIS,200.0,200.0,0.0,0.0,
J3130,,,Marion,IL,Kinmundy to Salem 138 kV,AMEREN ILLINOIS,Solar,100.0,100.0,100.0,2022-09-09T04:00:00+00:00,Active,,,,,Photovoltaic,Not Started,,2026-06-30T04:00:00+00:00,,DPP-2022,Central,Phase 2,NRIS,100.0,100.0,0.0,0.0,
J3131,,,Columbia,AR,El Dorado EHV - Sarepta 345/115KV SW STA 345 kV,"ENTERGY ARKANSAS, LLC EATO",Solar,300.0,300.0,300.0,2022-09-14T04:00:00+00:00,Active,,,,,Photovoltaic,Not Started,,2026-06-30T04:00:00+00:00,,DPP-2022,South,Phase 1,NRIS,300.0,0.0,0.0,0.0,
J3133,,,Saginaw,MI,Murphy to Nelson Road 345 kV,,Battery Storage,120.0,120.0,120.0,2022-09-14T04:00:00+00:00,Active,,,,,Battery Storage,Not Started,,2026-08-31T04:00:00+00:00,,DPP-2022,East (ITC),Phase 1,NRIS,120.0,120.0,0.0,0.0,
J3201,,,Walthall,MS,Tylertown-Bogalusa 115 kV,COOPERATIVE ENERGY SMEP,Solar,148.0,148.0,148.0,2022-09-14T04:00:00+00:00,Withdrawn,,2025-07-30T04:00:00+00:00,,,Photovoltaic,Not Started,,2026-10-31T04:00:00+00:00,,DPP-2022,South,Phase 1,NRIS,0.0,0.0,0.0,0.0,
J3193,,,Hot Spring,AR,POYEN-GIFFORD 115 kV,"ENTERGY ARKANSAS, LLC EATO",Solar,100.0,100.0,100.0,2022-09-15T04:00:00+00:00,Withdrawn,,2025-07-30T04:00:00+00:00,,,Photovoltaic,Not Started,,2025-10-31T04:00:00+00:00,,DPP-2022,South,Phase 1,NRIS,0.0,0.0,0.0,0.0,
J3170,,,Avoyelles,LA,Eola-Marksville 138 kV,CLECO POWER LLC CLEC,Solar,200.0,200.0,200.0,2022-09-13T04:00:00+00:00,Active,,,,,Photovoltaic,Not Started,,2026-06-30T04:00:00+00:00,,DPP-2022,South,Phase 1,NRIS,200.0,0.0,0.0,0.0,
J3172,,,Dakota,MN,GRE-NININGR7 115 kV,GREAT RIVER ENERGY,Battery Storage,100.0,100.0,100.0,2022-09-14T04:00:00+00:00,Active,,,,,Battery Storage,Not Started,,2026-06-30T04:00:00+00:00,,DPP-2022,West,Phase 1,NRIS,100.0,100.0,0.0,0.0,
J3174,,,Scott,IL,Jacksonville Industrial Pk-Winchester Switching Station 138 kV,"PRAIRIE POWER, INC. PPI",Solar,180.0,180.0,180.0,2022-09-09T04:00:00+00:00,Withdrawn,,2025-10-27T04:00:00+00:00,,,Photovoltaic,Not Started,,2026-06-30T04:00:00+00:00,,DPP-2022,Central,Phase 2,NRIS,0.0,0.0,0.0,0.0,
J3090,,,Crittenden,AR,West Memphis EHV,ENTERGY ARKANSAS INC. EAI,Solar,200.0,200.0,200.0,2022-09-09T04:00:00+00:00,Active,,,,,Photovoltaic,Not Started,,2025-10-15T04:00:00+00:00,,DPP-2022,South,Phase 1,NRIS,200.0,200.0,0.0,0.0,
J3146,,,Putnam,IN,Amo - Wheatland Line,"DUKE ENERGY INDIANA, LLC CIN",Solar,200.0,200.0,200.0,2022-09-14T04:00:00+00:00,Withdrawn,,2025-10-27T04:00:00+00:00,,,Photovoltaic,Not Started,,2027-07-01T04:00:00+00:00,,DPP-2022,Central,Phase 2,NRIS,0.0,0.0,0.0,0.0,
J3202,,,Iron,MO,5CLARK    - 5PILTMA   161.0kV,AMEREN MISSOURI,Solar,120.0,120.0,120.0,2022-09-15T04:00:00+00:00,Withdrawn,,2025-10-27T04:00:00+00:00,,,Photovoltaic,Not Started,,2026-10-31T04:00:00+00:00,,DPP-2022,Central,Phase 2,NRIS,0.0,0.0,0.0,0.0,
J3092,,,Bolivar,MS,SHELBY SS,"ENTERGY MISSISSIPPI, LLC. EMTO",Hybrid,115.0,115.0,115.0,2022-09-14T04:00:00+00:00,Withdrawn,,2025-07-30T04:00:00+00:00,,,Solar/Battery,Not Started,,2026-05-01T04:00:00+00:00,,DPP-2022,South,Phase 1,NRIS,0.0,0.0,0.0,0.0,
J3134,,,Otsego,MI,Gaylord Interconnection,WOLVERINE POWER SUPPLY COOPERATIVE,Solar,150.0,150.0,150.0,2022-09-15T04:00:00+00:00,Active,,,,,Photovoltaic,Not Started,,2025-06-30T04:00:00+00:00,,DPP-2022,East (ITC),Phase 1,NRIS,150.0,0.0,0.0,0.0,
J3213,,,Hennepin,MN,Riverside 115kV Substation,NORTHERN STATES POWER COMPANY,Gas,55.0,55.0,55.0,2022-09-01T04:00:00+00:00,Active,,,,,Combined-Cycle – Steam Plant,Not Started,,2026-12-31T05:00:00+00:00,,DPP-2022,West,Phase 1,NRIS,55.0,55.0,0.0,0.0,
J3206,,,Cerro Gordo,IA,Killdeer 345 kV Substation,ITC MIDWEST,Wind,194.0,194.0,194.0,2022-09-14T04:00:00+00:00,Withdrawn,,2025-10-27T04:00:00+00:00,,,Wind Turbine,Not Started,,2027-06-01T04:00:00+00:00,,DPP-2022,West,Phase 1,NRIS,0.0,0.0,0.0,0.0,
J3124,,,Saginaw,MI,Murphy 345 kV Substation,,Solar,120.0,120.0,120.0,2022-09-14T04:00:00+00:00,Active,,,,,Photovoltaic,Not Started,,2026-08-31T04:00:00+00:00,,DPP-2022,East (ITC),Phase 1,NRIS,120.0,120.0,0.0,0.0,
J3218,,,Nevada,AR,Prescott (#337507) to Emmett (#337505),"ENTERGY ARKANSAS, LLC EATO",Solar,50.0,50.0,50.0,2022-09-12T04:00:00+00:00,Withdrawn,,2025-07-30T04:00:00+00:00,,,Photovoltaic,Not Started,,2025-06-30T04:00:00+00:00,,DPP-2022,South,Phase 1,NRIS,0.0,0.0,0.0,0.0,
J3142,,,Johnson,IN,Circuit ID# 6950 - Columbus North (08COLNRT) - Franklin Forsythe St (08FRSYTH),"DUKE ENERGY INDIANA, LLC CIN",Solar,50.0,50.0,50.0,2022-09-15T04:00:00+00:00,Withdrawn,,2025-10-27T04:00:00+00:00,,,Photovoltaic,Not Started,,2027-07-01T04:00:00+00:00,,DPP-2022,Central,Phase 2,NRIS,0.0,0.0,0.0,0.0,
J3143,,,Putnam,IN,Jackson Township (08JCKSN_TWNS) - Heritage Lake (08HERITL),"DUKE ENERGY INDIANA, LLC CIN",Solar,50.0,50.0,50.0,2022-09-13T04:00:00+00:00,Withdrawn,,2025-10-27T04:00:00+00:00,,,Photovoltaic,Not Started,,2027-07-01T04:00:00+00:00,,DPP-2022,Central,Phase 2,NRIS,0.0,0.0,0.0,0.0,
J3144,,,Putnam,IN,Edwardsport IGCC - Amo 345.0kV,"DUKE ENERGY INDIANA, LLC CIN",Solar,150.0,150.0,150.0,2022-09-14T04:00:00+00:00,Active,,,,,Photovoltaic,Not Started,,2027-07-01T04:00:00+00:00,,DPP-2022,Central,Phase 2,NRIS,150.0,150.0,0.0,0.0,
J3145,,,Putnam,IN,Edwardsport IGCC - Amo 345.0kV,"DUKE ENERGY INDIANA, LLC CIN",Solar,150.0,150.0,150.0,2022-09-14T04:00:00+00:00,Active,,,,,Photovoltaic,Not Started,,2027-07-01T04:00:00+00:00,,DPP-2022,Central,Phase 2,NRIS,150.0,150.0,0.0,0.0,
J3182,,,Oliver,ND,Coyote,MONTANA-DAKOTA UTILITIES CO.MDU,Hybrid,200.0,200.0,200.0,2022-09-11T04:00:00+00:00,Withdrawn,,2023-02-16T05:00:00+00:00,,,Solar/Battery,Not Started,,2027-06-01T04:00:00+00:00,,DPP-2022,West,Phase 1,NRIS,0.0,0.0,0.0,0.0,
J3194,,,Hardin,TX,RYE CO-CYPRESS 138 kV,"ENTERGY TEXAS, INC. ETTO",Solar,198.0,198.0,198.0,2022-09-15T04:00:00+00:00,Withdrawn,,2023-02-27T05:00:00+00:00,,,Photovoltaic,Not Started,,2025-10-31T04:00:00+00:00,,DPP-2022,South,Phase 1,NRIS,0.0,0.0,0.0,0.0,
J3189,,,Perry,IL,St. Johns 138 kV Substation,AMEREN ILLINOIS,Solar,50.0,50.0,50.0,2022-09-14T04:00:00+00:00,Withdrawn,,2025-10-27T04:00:00+00:00,,,Photovoltaic,Not Started,,2023-09-30T04:00:00+00:00,,DPP-2022,Central,Phase 2,NRIS,0.0,0.0,0.0,0.0,
J3081,,,Hot Spring,AR,DEGRAY DAM - H.S. EHV 115.0kV,"ENTERGY ARKANSAS, LLC EATO",Solar,105.0,105.0,105.0,2025-07-28T04:00:00+00:00,Active,,,,,Photovoltaic,Not Started,,2026-09-30T04:00:00+00:00,,DPP-2022,South,Phase 1,NRIS,105.0,105.0,0.0,0.0,
J3078,,,Peoria,IL,Fargo to Sandburg 345kV,AMEREN TRANSMISSION COMPANY OF ILLINOIS,Wind,250.0,250.0,250.0,2022-09-12T04:00:00+00:00,Active,,,,,Wind Turbine,Not Started,,2029-10-01T04:00:00+00:00,,DPP-2022,Central,Phase 2,NRIS,250.0,250.0,0.0,0.0,
J3161,,,Sheboygan,WI,Huebner 138 kV,AMERICAN TRANSMISSION COMPANY,Battery Storage,100.0,100.0,100.0,2022-09-14T04:00:00+00:00,Withdrawn,,2025-07-30T04:00:00+00:00,,,Battery Storage,Not Started,,2027-06-30T04:00:00+00:00,,DPP-2022,East (ATC),Phase 1,NRIS,0.0,0.0,0.0,0.0,
J3138,,,Rapides,LA,Rapides 230kV Substation,CLECO POWER LLC CLEC,Solar,49.3,49.3,49.3,2022-09-15T04:00:00+00:00,Withdrawn,,2025-07-30T04:00:00+00:00,,,Photovoltaic,Not Started,,2026-09-30T04:00:00+00:00,,DPP-2022,South,Phase 1,NRIS,0.0,0.0,0.0,0.0,
J3147,,,Johnson,IN,Trafalgar Switchyard (08TRFLGJ),"DUKE ENERGY INDIANA, LLC CIN",Solar,50.0,50.0,50.0,2022-09-14T04:00:00+00:00,Withdrawn,,2025-10-27T04:00:00+00:00,,,Photovoltaic,Not Started,,2027-07-01T04:00:00+00:00,,DPP-2022,Central,Phase 2,NRIS,0.0,0.0,0.0,0.0,
J3091,,,Logan,ND,East Bismarck Junction to Wishek Junction,MONTANA-DAKOTA UTILITIES CO.MDU,Wind,145.0,145.0,145.0,2022-09-12T04:00:00+00:00,Withdrawn,,2023-03-24T04:00:00+00:00,,,Wind Turbine,Not Started,,2026-01-01T05:00:00+00:00,,DPP-2022,West,Phase 1,NRIS,0.0,0.0,0.0,0.0,
J3184,,,St. Clair,IL,Turkey Hill 138 kV,AMEREN ILLINOIS,Hybrid,145.0,145.0,145.0,2022-09-15T04:00:00+00:00,Pending Revision Approval,,,,,Solar/Battery,Not Started,,2027-06-01T04:00:00+00:00,,DPP-2022,Central,Phase 2,NRIS,145.0,145.0,0.0,0.0,
J3191,,,Jackson,AR,AECC BALCH-FISHER 161kV,"ENTERGY ARKANSAS, LLC EATO",Solar,100.0,100.0,100.0,2022-09-15T04:00:00+00:00,Withdrawn,,2025-07-30T04:00:00+00:00,,,Photovoltaic,Not Started,,2025-10-31T04:00:00+00:00,,DPP-2022,South,Phase 1,NRIS,0.0,0.0,0.0,0.0,
J3185,,,Effingham,IL,Effingham - Newton 138KV (4EFFINGHM 347025 -4NEWTON 347831),,Hybrid,150.0,150.0,150.0,2022-09-15T04:00:00+00:00,Pending Revision Approval,,,,,Solar/Battery,Not Started,,2027-02-01T05:00:00+00:00,,DPP-2022,Central,Phase 2,NRIS,150.0,150.0,0.0,0.0,
J3186,,,Bolivar,MS,Rosedale - Delta 115 kV,,Hybrid,100.0,100.0,100.0,2022-09-15T04:00:00+00:00,Active,,,,,Solar/Battery,Not Started,,2027-01-01T05:00:00+00:00,,DPP-2022,South,Phase 1,NRIS,100.0,100.0,0.0,0.0,
J3181,,,Logan,IL,4FOGARTY - 4LIMIT 138.0kV,,Hybrid,100.0,100.0,100.0,2022-09-15T04:00:00+00:00,Pending Revision Approval,,,,,Solar/Battery,Not Started,,2027-01-01T05:00:00+00:00,,DPP-2022,Central,Phase 2,NRIS,100.0,100.0,0.0,0.0,
J3219,,,Dakota,MN,CANNON FALLS TRANSM.,NORTHERN STATES POWER COMPANY,Hydro,3.0,3.0,3.0,2022-09-14T04:00:00+00:00,Active,,,,,Hydroelectric,Not Started,,2023-04-01T04:00:00+00:00,,DPP-2022,West,Phase 1,NRIS-Only,0.0,3.0,0.0,0.0,
J3217,,,Cottonwood,MN,Crandall 345kV Substation,NORTHERN STATES POWER COMPANY,Solar,60.0,60.0,60.0,2022-09-14T04:00:00+00:00,Withdrawn,,2023-03-24T04:00:00+00:00,,,Photovoltaic,Not Started,,2026-01-01T05:00:00+00:00,,DPP-2022,West,Phase 1,NRIS,0.0,0.0,0.0,0.0,
J3103,,,Fountain,IN,Lafayette - Veedersburg West 230 kV,"DUKE ENERGY INDIANA, LLC CIN",Solar,145.0,145.0,145.0,2022-06-22T04:00:00+00:00,Withdrawn,,2025-10-27T04:00:00+00:00,,,Photovoltaic,Not Started,,2026-06-01T04:00:00+00:00,,DPP-2022,Central,Phase 2,NRIS,0.0,0.0,0.0,0.0,
J3183,,,Grant,SD,Big Stone South 230KV Substation,OTTER TAIL POWER COMPANY OTP,Hybrid,125.0,125.0,125.0,2022-09-15T04:00:00+00:00,Withdrawn,,2025-10-27T04:00:00+00:00,,,Solar/Battery,Not Started,,2027-06-01T04:00:00+00:00,,DPP-2022,West,Phase 1,NRIS,0.0,0.0,0.0,0.0,
J3195,,,Pulaski,AR,White Bluff EHV - Wrightsville 115 kV,"ENTERGY ARKANSAS, LLC EATO",Solar,200.0,200.0,200.0,2022-09-15T04:00:00+00:00,Withdrawn,,2023-02-27T05:00:00+00:00,,,Photovoltaic,Not Started,,2025-10-31T04:00:00+00:00,,DPP-2022,South,Phase 1,NRIS,0.0,0.0,0.0,0.0,
J3109,,,Lonoke,AR,Taping the 'Carlisle / 3CARISLE! (338003)' to 'Screeton / 3SCREETON (338005)' 115kV line,"ENTERGY ARKANSAS, LLC EATO",Hybrid,120.0,120.0,120.0,2022-09-15T04:00:00+00:00,Active,,,,,Solar/Battery,Not Started,,2026-06-30T04:00:00+00:00,,DPP-2022,South,Phase 1,NRIS,120.0,120.0,0.0,0.0,
J3084,,,Sullivan,IN,Merom (HED) -  Dresser 345.0kV,"DUKE ENERGY INDIANA, LLC CIN",Gas,641.8,641.8,641.8,2025-08-12T04:00:00+00:00,Pending Revision Approval,,,,,Combined Cycle,Not Started,,2026-01-01T05:00:00+00:00,,DPP-2022,Central,Phase 2,NRIS,641.8,641.8,0.0,0.0,
J3220,,,Ionia,MI,Peddler,METC,Battery Storage,200.0,200.0,200.0,2024-08-05T04:00:00+00:00,Withdrawn,,2025-08-01T04:00:00+00:00,,,Battery Storage,Not Started,,2026-10-31T04:00:00+00:00,,DPP-2022,East (ITC),Phase 1,NRIS,0.0,0.0,0.0,0.0,
J3199,,,Adair,MO,Zachary 345kV,AMEREN TRANSMISSION COMPANY OF ILLINOIS,Hybrid,300.0,300.0,300.0,2022-09-15T04:00:00+00:00,Active,,,,,Solar/Battery,Not Started,,2026-12-22T05:00:00+00:00,,DPP-2022,Central,Phase 2,NRIS,300.0,300.0,0.0,0.0,
J3221,,,Webster,LA,LA_ORD_115,"ENTERGY LOUISIANA, LLC ELTO",Solar,49.0,49.0,49.0,2022-09-15T04:00:00+00:00,Withdrawn,,2025-07-30T04:00:00+00:00,,,Photovoltaic,Not Started,,2024-11-30T05:00:00+00:00,,DPP-2022,South,Phase 1,ERIS,0.0,0.0,0.0,0.0,
J3102,,,Pemiscot,MO,Dell to New Madrid 500kV line,AMEREN MISSOURI,Hybrid,500.0,500.0,500.0,2022-09-15T04:00:00+00:00,Withdrawn,,2023-03-24T04:00:00+00:00,,,Solar/Battery,Not Started,,2025-08-30T04:00:00+00:00,,DPP-2022,Central,Phase 2,NRIS,0.0,0.0,0.0,0.0,
J3209,,,Rapides,LA,Hineston,CLECO POWER LLC CLEC,Solar,350.0,350.0,350.0,2022-09-15T04:00:00+00:00,Active,,,,,Photovoltaic,Not Started,,2026-03-01T05:00:00+00:00,,DPP-2022,South,Phase 1,ERIS,350.0,0.0,0.0,0.0,
J3162,,,Rock,WI,Beloit Gateway,AMERICAN TRANSMISSION COMPANY,Battery Storage,100.0,100.0,100.0,2022-09-14T04:00:00+00:00,Active,,,,,Battery Storage,Not Started,,2027-06-30T04:00:00+00:00,,DPP-2022,East (ATC),Phase 1,NRIS,100.0,100.0,0.0,0.0,
J3188,,,Marshall,IL,Hallock 138 kV,,Solar,35.0,35.0,35.0,2022-09-14T04:00:00+00:00,Active,,,,,Photovoltaic,Not Started,,2023-09-30T04:00:00+00:00,,DPP-2022,Central,Phase 2,NRIS,35.0,35.0,0.0,0.0,
J3137,,,Pocahontas,IA,Sac - Pocahontas 161 kV,MIDAMERICAN ENERGY CO. MEC,Solar,156.3,156.3,156.3,2025-10-17T04:00:00+00:00,Active,,,,,Photovoltaic,Not Started,,2026-05-01T04:00:00+00:00,,DPP-2022,West,Phase 1,ERIS,156.3,0.0,0.0,0.0,
J3187,,,Mason,IL,Havana 138 kV Sub,AMEREN ILLINOIS,Battery Storage,37.0,37.0,37.0,2022-08-31T04:00:00+00:00,Withdrawn,,2025-10-27T04:00:00+00:00,,,Battery Storage,Not Started,,2024-12-31T05:00:00+00:00,,DPP-2022,Central,Phase 2,NRIS,0.0,0.0,0.0,0.0,
J3160,,,Fond du Lac,WI,South Fond du Lac 345 kV,AMERICAN TRANSMISSION COMPANY,Battery Storage,100.0,100.0,100.0,2022-09-14T04:00:00+00:00,Active,,,,,Battery Storage,Not Started,,2027-06-30T04:00:00+00:00,,DPP-2022,East (ATC),Phase 1,NRIS,100.0,100.0,0.0,0.0,
J3135,,,Perry,IL,Commodore-Aster-4513,AMEREN ILLINOIS,Solar,200.0,200.0,200.0,2022-09-15T04:00:00+00:00,Withdrawn,,2025-10-27T04:00:00+00:00,,,Photovoltaic,Not Started,,2026-07-31T04:00:00+00:00,,DPP-2022,Central,Phase 2,NRIS,0.0,0.0,0.0,0.0,
J3100,,,Roscommon,MI,Higgins - Mio Dam 138 kV line,METC,Solar,75.0,75.0,75.0,2022-09-14T04:00:00+00:00,Withdrawn,,2025-08-01T04:00:00+00:00,,,Photovoltaic,Not Started,,2025-09-15T04:00:00+00:00,,DPP-2022,East (ITC),Phase 1,NRIS,0.0,0.0,0.0,0.0,
J3171,,,Drew,AR,Monticello East-Reed SS 115 kV,"ENTERGY ARKANSAS, LLC EATO",Solar,300.0,300.0,300.0,2022-09-14T04:00:00+00:00,Withdrawn,,2025-07-30T04:00:00+00:00,,,Photovoltaic,Not Started,,2026-06-30T04:00:00+00:00,,DPP-2022,South,Phase 1,NRIS,0.0,0.0,0.0,0.0,
J3173,,,Jackson,AR,Swifton to Hoxie 161 kV,"ENTERGY ARKANSAS, LLC EATO",Solar,220.0,220.0,220.0,2022-09-14T04:00:00+00:00,Withdrawn,,2025-07-30T04:00:00+00:00,,,Photovoltaic,Not Started,,2026-06-30T04:00:00+00:00,,DPP-2022,South,Phase 1,NRIS,0.0,0.0,0.0,0.0,
J3095,,,Ford,IL,4PAXTON - 4J845POI 138.0kV,,Solar,200.0,200.0,200.0,2022-09-13T04:00:00+00:00,Active,,,,,Photovoltaic,Not Started,,2025-09-01T04:00:00+00:00,,DPP-2022,Central,Phase 2,NRIS,200.0,200.0,0.0,0.0,
J3121,,,Wayne,IN,Centerville 69 kV Substation,"DUKE ENERGY INDIANA, LLC CIN",Hybrid,50.0,50.0,50.0,2022-09-15T04:00:00+00:00,Withdrawn,,2023-03-24T04:00:00+00:00,,,Solar/Battery,Not Started,,2027-06-01T04:00:00+00:00,,DPP-2022,Central,Phase 2,NRIS,0.0,0.0,0.0,0.0,
J3192,,,Jackson,AR,Mallory 161 kV Substation,"ENTERGY ARKANSAS, LLC EATO",Solar,500.0,500.0,500.0,2022-09-15T04:00:00+00:00,Pending Revision Approval,,,,,Photovoltaic,Not Started,,2025-10-31T04:00:00+00:00,,DPP-2022,South,Phase 1,NRIS,500.0,500.0,0.0,0.0,
J3190,,,Audrain,MO,Pike 161 kV Substation,AMEREN MISSOURI,Solar,50.0,50.0,50.0,2022-09-14T04:00:00+00:00,Withdrawn,,2025-10-27T04:00:00+00:00,,,Photovoltaic,Not Started,,2023-09-30T04:00:00+00:00,,DPP-2022,Central,Phase 2,NRIS,0.0,0.0,0.0,0.0,
J3079,,,Jasper,TX,Jasper-Holly Springs 138 kV line tap,"ENTERGY TEXAS, INC. ETTO",Solar,200.0,200.0,200.0,2022-09-14T04:00:00+00:00,Withdrawn,,2025-07-30T04:00:00+00:00,,,Photovoltaic,Not Started,,2026-10-01T04:00:00+00:00,,DPP-2022,South,Phase 1,NRIS,0.0,0.0,0.0,0.0,
J3149,,,Mills,IA,Hastings to Bunge,MIDAMERICAN ENERGY CO. MEC,Solar,80.0,80.0,80.0,2022-09-14T04:00:00+00:00,Withdrawn,,2025-10-27T04:00:00+00:00,,,Photovoltaic,Not Started,,2027-07-01T04:00:00+00:00,,DPP-2022,West,Phase 1,NRIS,0.0,0.0,0.0,0.0,
J3136,,,Daviess,IN,Hoosier's Sandborn - Grain Processing Center 161kV (GPC Primary - Sandborn Primary),HOOSIER ENERGY,Hybrid,100.0,100.0,100.0,2022-09-13T04:00:00+00:00,Withdrawn,,2025-10-27T04:00:00+00:00,,,Solar/Battery,Not Started,,2026-11-01T04:00:00+00:00,,DPP-2022,Central,Phase 2,NRIS,0.0,0.0,0.0,0.0,
J3214,,,Lee,IA,Wever,ITC MIDWEST,Hybrid,185.0,185.0,185.0,2022-09-14T04:00:00+00:00,Withdrawn,,2025-10-27T04:00:00+00:00,,,Solar/Battery,Not Started,,2024-12-31T05:00:00+00:00,,DPP-2022,West,Phase 1,NRIS,0.0,0.0,0.0,0.0,
J3094,,,Washington,IN,Pumpkin Center 230kV,"DUKE ENERGY INDIANA, LLC CIN",Hybrid,115.0,115.0,115.0,2022-09-15T04:00:00+00:00,Withdrawn,,2025-10-27T04:00:00+00:00,,,Solar/Battery,Not Started,,2026-09-30T04:00:00+00:00,,DPP-2022,Central,Phase 2,NRIS,0.0,0.0,0.0,0.0,
J3129,,,East Feliciana,LA,Starhill 138 kV Substation,"ENTERGY LOUISIANA, LLC ELTO",Battery Storage,50.0,50.0,50.0,2022-09-15T04:00:00+00:00,Withdrawn,,2023-03-24T04:00:00+00:00,,,Battery Storage,Not Started,,2026-10-01T04:00:00+00:00,,DPP-2022,South,Phase 1,NRIS,0.0,0.0,0.0,0.0,
J3126,,,Washington,MS,Stringtown-Greenville/North 115kV Transmission Line,"ENTERGY MISSISSIPPI, LLC. EMTO",Solar,200.0,200.0,200.0,2022-09-14T04:00:00+00:00,Withdrawn,,2025-07-30T04:00:00+00:00,,,Photovoltaic,Not Started,,2026-10-01T04:00:00+00:00,,DPP-2022,South,Phase 1,NRIS,0.0,0.0,0.0,0.0,
J3127,,,Monroe,AR,Brinkley East - Clarendon 115 kV,"ENTERGY ARKANSAS, LLC EATO",Solar,160.0,160.0,160.0,2022-09-15T04:00:00+00:00,Withdrawn,,2023-03-24T04:00:00+00:00,,,Photovoltaic,Not Started,,2026-10-01T04:00:00+00:00,,DPP-2022,South,Phase 1,NRIS,0.0,0.0,0.0,0.0,
J3128,,,East Feliciana,LA,Starhill Substation 138 kV,ELECTRIC AVENUE LLC,Solar,100.0,100.0,100.0,2022-09-15T04:00:00+00:00,Active,,,,,Photovoltaic,Not Started,,2026-10-01T04:00:00+00:00,,DPP-2022,South,Phase 1,NRIS,100.0,100.0,0.0,0.0,
J3178,,,De Soto,LA,Dolet Hills,CLECO POWER LLC CLEC,Battery Storage,50.0,50.0,50.0,2022-09-15T04:00:00+00:00,Withdrawn,,2023-03-24T04:00:00+00:00,,,Battery Storage,Not Started,,2026-10-01T04:00:00+00:00,,DPP-2022,South,Phase 1,NRIS,0.0,0.0,0.0,0.0,
J3179,,,Plaquemines,LA,Derrick,"ENTERGY LOUISIANA, LLC ELTO",Solar,100.0,100.0,100.0,2022-11-05T04:00:00+00:00,Withdrawn,,2023-03-24T04:00:00+00:00,,,Photovoltaic,Not Started,,2026-10-01T04:00:00+00:00,,DPP-2022,South,Phase 1,NRIS,0.0,0.0,0.0,0.0,
J3180,,,De Soto,LA,Dolet Hills,CLECO POWER LLC CLEC,Solar,110.0,110.0,110.0,2022-09-15T04:00:00+00:00,Withdrawn,,2025-07-30T04:00:00+00:00,,,Photovoltaic,Not Started,,2026-10-01T04:00:00+00:00,,DPP-2022,South,Phase 1,NRIS,0.0,0.0,0.0,0.0,
J3106,,,Pemiscot,MO,Dell to New Madrid 500 kV line,AMEREN MISSOURI,Solar,500.0,500.0,500.0,2022-09-15T04:00:00+00:00,Withdrawn,,2023-03-24T04:00:00+00:00,,,Solar/Battery,Not Started,,2025-08-30T04:00:00+00:00,,DPP-2022,Central,Phase 2,NRIS,0.0,0.0,0.0,0.0,
J3123,,,Orange,TX,Chisholm RD- Hartburg 230kV,"ENTERGY TEXAS, INC. ETTO",Battery Storage,150.0,150.0,150.0,2022-09-14T04:00:00+00:00,Withdrawn,,2023-03-24T04:00:00+00:00,,,Battery Storage,Not Started,,2026-10-01T04:00:00+00:00,,DPP-2022,South,Phase 1,NRIS,0.0,0.0,0.0,0.0,
J3150,,,Panola,MS,Crenshaw to Como,"ENTERGY MISSISSIPPI, LLC. EMTO",Solar,100.0,100.0,100.0,2022-09-14T04:00:00+00:00,Withdrawn,,2025-07-30T04:00:00+00:00,,,Photovoltaic,Not Started,,2027-07-01T04:00:00+00:00,,DPP-2022,Central,Phase 2,NRIS,0.0,0.0,0.0,0.0,
J3175,,,Tunica,MS,Robinsonville 230kV,"ENTERGY MISSISSIPPI, LLC. EMTO",Solar,160.0,160.0,160.0,2022-09-14T04:00:00+00:00,Active,,,,,Photovoltaic,Not Started,,2026-10-01T04:00:00+00:00,,DPP-2022,South,Phase 1,NRIS,160.0,160.0,0.0,0.0,
J3212,,,Mills,IA,GLENWOOD,MIDAMERICAN ENERGY CO. MEC,Solar,50.0,50.0,50.0,2022-09-15T04:00:00+00:00,Withdrawn,,2025-10-27T04:00:00+00:00,,,Photovoltaic,Not Started,,2026-09-01T04:00:00+00:00,,DPP-2022,West,Phase 1,NRIS,0.0,0.0,0.0,0.0,
J3148,,,Greene,IA,Drager to Grand Junction,MIDAMERICAN ENERGY CO. MEC,Solar,131.0,131.0,131.0,2022-09-14T04:00:00+00:00,Withdrawn,,2025-10-27T04:00:00+00:00,,,Photovoltaic,Not Started,,2027-07-01T04:00:00+00:00,,DPP-2022,West,Phase 1,NRIS,0.0,0.0,0.0,0.0,
J3176,,,Plaquemines,LA,Derrick,"ENTERGY LOUISIANA, LLC ELTO",Battery Storage,50.0,50.0,50.0,2022-11-05T04:00:00+00:00,Withdrawn,,2023-03-24T04:00:00+00:00,,,Battery Storage,Not Started,,2026-10-01T04:00:00+00:00,,DPP-2022,South,Phase 1,NRIS,0.0,0.0,0.0,0.0,
J3177,,,Tunica,MS,Robinsonville 230kV Substation,"ENTERGY MISSISSIPPI, LLC. EMTO",Battery Storage,80.0,80.0,80.0,2022-09-14T04:00:00+00:00,Withdrawn,,2023-03-24T04:00:00+00:00,,,Battery Storage,Not Started,,2026-10-01T04:00:00+00:00,,DPP-2022,South,Phase 1,NRIS,0.0,0.0,0.0,0.0,
J3225,,,LaPorte,IN,BABCOCK-STILLWELL 345 kV,NORTHERN INDIANA PUBLIC SERVICE COMPANY LLC NIPS,Hybrid,150.0,150.0,150.0,2022-09-15T04:00:00+00:00,Withdrawn,,2022-12-05T05:00:00+00:00,,,Solar/Battery,Not Started,,2026-08-31T04:00:00+00:00,,DPP-2022,Central,Phase 2,NRIS,0.0,0.0,0.0,0.0,
J2642,,,Washington,LA,BOGALUSA - DEXTER SS (CE) 115.0kV,"ENTERGY LOUISIANA, LLC ELTO",Battery Storage,50.0,50.0,50.0,2022-09-12T04:00:00+00:00,Withdrawn,,2025-07-31T04:00:00+00:00,,,Battery Storage,Not Started,,2027-10-01T04:00:00+00:00,,DPP-2022,South,Phase 1,NRIS,0.0,0.0,0.0,0.0,
J2643,,,Washington,LA,BOGALUSA - DEXTER SS (CE) 115.0kV,"ENTERGY LOUISIANA, LLC ELTO",Solar,150.0,150.0,150.0,2022-09-12T04:00:00+00:00,Active,,,,,Photovoltaic,Not Started,,2027-10-01T04:00:00+00:00,,DPP-2022,South,Phase 1,ERIS,150.0,0.0,0.0,0.0,
J2649,,,Lee,AR,WEST MEMPHIS EHV - KEO EHV 500kv,"ENTERGY ARKANSAS, LLC EATO",Hybrid,250.0,250.0,250.0,2022-09-15T04:00:00+00:00,Withdrawn,,2023-03-24T04:00:00+00:00,,,Solar/Battery,Not Started,,2027-09-02T04:00:00+00:00,,DPP-2022,South,Phase 1,NRIS,0.0,0.0,0.0,0.0,
J2668,,,Mason,MI,Lake County - Pere Marquette (METC) 138.0kV,WOLVERINE POWER SUPPLY COOPERATIVE,Solar,215.0,215.0,215.0,2022-09-14T04:00:00+00:00,Pending Revision Approval,,,,,Photovoltaic,Not Started,,2025-11-01T04:00:00+00:00,,DPP-2022,East (ITC),Phase 1,NRIS,215.0,215.0,0.0,0.0,
J2554,,,Putnam,IL,Putnam,,Solar,220.0,220.0,220.0,2022-09-14T04:00:00+00:00,Active,,,,,Photovoltaic,Not Started,,2026-06-18T04:00:00+00:00,,DPP-2022,Central,Phase 2,NRIS,220.0,220.0,0.0,0.0,
J3226,,,Marshall,IN,BURR OAK - PLYMOUTH 138.0kV,NORTHERN INDIANA PUBLIC SERVICE COMPANY LLC NIPS,Hybrid,130.0,130.0,130.0,2022-09-15T04:00:00+00:00,Withdrawn,,2025-10-27T04:00:00+00:00,,,Solar/Battery,Not Started,,2026-08-31T04:00:00+00:00,,DPP-2022,Central,Phase 2,NRIS,0.0,0.0,0.0,0.0,
J3228,,,Midland,MI,Redstone-Tittabawassee 138 kV Line,METC,Solar,26.0,26.0,26.0,2022-09-14T04:00:00+00:00,Withdrawn,,2025-08-01T04:00:00+00:00,,,Photovoltaic,Not Started,,2025-09-15T04:00:00+00:00,,DPP-2022,East (ITC),Phase 1,NRIS,0.0,0.0,0.0,0.0,
J3223,,,Edwards,IL,Olney (4JASPER 347868) - Albion (4ALBION N 346510) 138 kV,AMEREN ILLINOIS,Hybrid,88.0,88.0,88.0,2022-09-15T04:00:00+00:00,Active,,,,,Solar/Battery,Not Started,,2027-03-01T05:00:00+00:00,,DPP-2022,Central,Phase 2,NRIS,88.0,88.0,0.0,0.0,
J3224,,,Marion,IL,4KINMUNDY-4TANNER 138kv,,Hybrid,150.0,150.0,150.0,2022-09-15T04:00:00+00:00,Active,,,,,Solar/Battery,Not Started,,2026-08-01T04:00:00+00:00,,DPP-2022,Central,Phase 2,NRIS,150.0,150.0,0.0,0.0,
J2653,,,Polk,IA,Army Post 161kV Substation,MIDAMERICAN ENERGY CO. MEC,Battery Storage,170.0,170.0,170.0,2022-09-15T04:00:00+00:00,Active,,,,,Battery Storage,Not Started,,2027-05-01T04:00:00+00:00,,DPP-2022,West,Phase 1,NRIS,170.0,170.0,0.0,0.0,
J2645,,,St. Clair,IL,4PREST - 4BALDWIN 138.0kV,AMEREN ILLINOIS,Solar,199.0,199.0,199.0,2022-09-15T04:00:00+00:00,Withdrawn,,2025-08-18T04:00:00+00:00,,,Photovoltaic,Not Started,,2024-12-01T05:00:00+00:00,,DPP-2022,Central,Phase 2,NRIS,0.0,0.0,0.0,0.0,
J2669,,,Mason,MI,Lake County - Pere Marquette (METC) 138.0kV,WOLVERINE POWER SUPPLY COOPERATIVE,Solar,120.0,120.0,120.0,2022-09-14T04:00:00+00:00,Pending Revision Approval,,,,,Photovoltaic,Not Started,,2025-11-01T04:00:00+00:00,,DPP-2022,East (ITC),Phase 1,NRIS,120.0,120.0,0.0,0.0,
J2556,,,Whiteside,IL,SUB 39 - CORDOVA 345.0kV,MIDAMERICAN ENERGY CO. MEC,Solar,300.0,300.0,300.0,2022-09-14T04:00:00+00:00,Active,,,,,Photovoltaic,Not Started,,2026-06-18T04:00:00+00:00,,DPP-2022,West,Phase 1,NRIS,300.0,300.0,0.0,0.0,
J2650,,,Hancock,IN,Sunnyside to Hanna 345 kV,INDIANAPOLIS POWER & LIGHT COMPANY,Hybrid,236.0,236.0,236.0,2022-09-14T04:00:00+00:00,Withdrawn,,2024-02-05T05:00:00+00:00,,,Solar/Battery,Not Started,,2027-09-30T04:00:00+00:00,,DPP-2022,Central,Phase 2,NRIS,0.0,0.0,0.0,0.0,
J2648,,,Champaign,IL,Sidney 138 kV,,Hybrid,135.0,135.0,135.0,2022-09-15T04:00:00+00:00,Active,,,,,Solar/Battery,Not Started,,2027-09-02T04:00:00+00:00,,DPP-2022,Central,Phase 2,NRIS,135.0,135.0,0.0,0.0,
J2591,,,Choctaw,MS,WOLF CREEK 500 kV,"ENTERGY MISSISSIPPI, LLC. EMTO",High Voltage DC,500.0,500.0,500.0,2022-09-14T04:00:00+00:00,Withdrawn,,2025-07-31T04:00:00+00:00,,,Wind Turbine,Not Started,,2028-10-02T04:00:00+00:00,,DPP-2022,South,Phase 1,E-NRIS,0.0,0.0,0.0,0.0,
J2679,,,Livingston,MI,COLFAX to Madrid 120 kV,ITC,Solar,100.0,100.0,100.0,2022-09-14T04:00:00+00:00,Active,,,,,Photovoltaic,Not Started,,2027-04-15T04:00:00+00:00,,DPP-2022,East (ITC),Phase 1,NRIS,100.0,100.0,0.0,0.0,
J2558,,,Sunflower,MS,Delta Ms - Ruleville 115kV Line,"ENTERGY MISSISSIPPI, LLC. EMTO",Solar,150.0,150.0,150.0,2022-09-14T04:00:00+00:00,Withdrawn,,2023-03-24T04:00:00+00:00,,,Photovoltaic,Not Started,,2027-07-18T04:00:00+00:00,,DPP-2022,South,Phase 1,NRIS,0.0,0.0,0.0,0.0,
J2560,,,Sunflower,MS,CLEVELAND/SOUTH - STEINER (CE) 115.0kV,"ENTERGY MISSISSIPPI, LLC. EMTO",Solar,130.0,130.0,130.0,2022-09-14T04:00:00+00:00,Withdrawn,,2025-07-31T04:00:00+00:00,,,Photovoltaic,Not Started,,2027-06-15T04:00:00+00:00,,DPP-2022,South,Phase 1,NRIS,0.0,0.0,0.0,0.0,
J2561,,,Yellow Medicine,MN,HAZEL CREEK,NORTHERN STATES POWER COMPANY,Solar,153.0,153.0,153.0,2022-09-15T04:00:00+00:00,Active,,,,,Photovoltaic,Not Started,,2030-07-18T04:00:00+00:00,,DPP-2022,West,Phase 1,NRIS,153.0,153.0,0.0,0.0,
J2651,,,East Baton Rouge,LA,MOLER - COLFEL 230.0kV,,Solar,160.0,160.0,160.0,2022-09-15T04:00:00+00:00,Active,,,,,Photovoltaic,Not Started,,2026-05-01T04:00:00+00:00,,DPP-2022,South,Phase 1,NRIS,160.0,0.0,0.0,0.0,
J2655,,,Polk,IA,Army Post 161 kV Substation,MIDAMERICAN ENERGY CO. MEC,Battery Storage,170.0,170.0,170.0,2022-09-15T04:00:00+00:00,Active,,,,,Battery Storage,Not Started,,2026-05-01T04:00:00+00:00,,DPP-2022,West,Phase 1,NRIS,170.0,170.0,0.0,0.0,
J2671,,,Arenac,MI,Whittemore to Twining 138 kV,METC,Solar,150.0,150.0,150.0,2022-09-14T04:00:00+00:00,Withdrawn,,2025-08-01T04:00:00+00:00,,,Photovoltaic,Not Started,,2025-11-01T04:00:00+00:00,,DPP-2022,East (ITC),Phase 1,NRIS,0.0,0.0,0.0,0.0,
J2557,,,Wood,WI,Arpin,AMERICAN TRANSMISSION COMPANY,Battery Storage,100.0,100.0,100.0,2022-09-14T04:00:00+00:00,Withdrawn,,2025-07-30T04:00:00+00:00,,,Battery Storage,Not Started,,2029-07-18T04:00:00+00:00,,DPP-2022,East (ATC),Phase 1,NRIS,0.0,0.0,0.0,0.0,
J2559,,,Wood,WI,Arpin,,Solar,200.0,200.0,200.0,2022-09-14T04:00:00+00:00,Active,,,,,Photovoltaic,Not Started,,2029-07-18T04:00:00+00:00,,DPP-2022,East (ATC),Phase 1,ERIS,200.0,0.0,0.0,0.0,
J2674,,,Clinton,MI,Bingham to Marquette 138 kV,METC,Solar,200.0,200.0,200.0,2022-09-14T04:00:00+00:00,Withdrawn,,2025-08-01T04:00:00+00:00,,,Photovoltaic,Not Started,,2025-11-01T04:00:00+00:00,,DPP-2022,East (ITC),Phase 1,NRIS,0.0,0.0,0.0,0.0,
J2678,,,Delta,MI,Chandler 138 kV,AMERICAN TRANSMISSION COMPANY,Solar,150.0,150.0,150.0,2022-09-14T04:00:00+00:00,Pending Revision Approval,,,,,Photovoltaic,Not Started,,2025-11-01T04:00:00+00:00,,DPP-2022,East (ATC),Phase 1,NRIS,150.0,150.0,0.0,0.0,
J3141,,,Phillips,AR,Ritchie Plant Substation 230kV,"ENTERGY ARKANSAS, LLC EATO",Solar,100.0,100.0,100.0,2022-09-14T04:00:00+00:00,Active,,,,,Photovoltaic,Not Started,,2026-10-01T04:00:00+00:00,,DPP-2022,South,Phase 1,NRIS,100.0,100.0,0.0,0.0,
J3229,,,Maries,MO,4DILLON - 4LKSIDE TP2 138.0kV,AMEREN MISSOURI,Hybrid,140.0,140.0,140.0,2022-09-14T04:00:00+00:00,Active,,,,,Solar/Battery,Not Started,,2026-04-24T04:00:00+00:00,,DPP-2022,Central,Phase 2,NRIS,140.0,140.0,0.0,0.0,
J2583,,,Eaton,MI,Battle Creek - Island Road 138 kV Line,METC,Solar,50.0,50.0,50.0,2022-09-14T04:00:00+00:00,Withdrawn,,2025-08-01T04:00:00+00:00,,,Photovoltaic,Not Started,,2025-09-15T04:00:00+00:00,,DPP-2022,East (ITC),Phase 1,NRIS,0.0,0.0,0.0,0.0,
J2577,,,Cross,AR,Parkin,"ENTERGY ARKANSAS, LLC EATO",Wind,200.0,200.0,200.0,2022-09-15T04:00:00+00:00,Active,,,,,Wind Turbine,Not Started,,2025-10-01T04:00:00+00:00,,DPP-2022,South,Phase 1,NRIS,200.0,200.0,0.0,0.0,
J3227,,,Ogemaw,MI,Gallagher to Livingston 345 kV Segment on the Livingston â€“ Tittabawassee 345 kV Line,METC,Solar,80.0,80.0,80.0,2022-09-14T04:00:00+00:00,Withdrawn,,2025-08-01T04:00:00+00:00,,,Photovoltaic,Not Started,,2025-12-31T05:00:00+00:00,,DPP-2022,Central,Phase 2,NRIS,0.0,0.0,0.0,0.0,
J2680,,,Dunklin,MO,Jim Hill-Hayti South 161 kV Line,"ENTERGY ARKANSAS, LLC EATO",Solar,150.0,150.0,150.0,2022-09-15T04:00:00+00:00,Withdrawn,,2023-03-24T04:00:00+00:00,,,Photovoltaic,Not Started,,2026-10-20T04:00:00+00:00,,DPP-2022,South,Phase 1,NRIS,0.0,0.0,0.0,0.0,
J2613,,,Jackson,AR,HOLLAND BOTTOM - INDEPENDENCE-ISES 500.0kV,"ENTERGY ARKANSAS, LLC EATO",Wind,300.0,300.0,300.0,2022-09-15T04:00:00+00:00,Active,,,,,Wind Turbine,Not Started,,2025-10-01T04:00:00+00:00,,DPP-2022,South,Phase 1,NRIS,300.0,300.0,0.0,0.0,
J2573,,,Washington,IN,Gallagher to Bedford 138kV Line,"DUKE ENERGY INDIANA, LLC CIN",Solar,200.0,200.0,200.0,2022-09-14T04:00:00+00:00,Withdrawn,,2025-10-27T04:00:00+00:00,,,Photovoltaic,Not Started,,2026-09-01T04:00:00+00:00,,DPP-2022,Central,Phase 2,NRIS,0.0,0.0,0.0,0.0,
J2574,,,Arkansas,AR,STUTTGART RICUSKEY - WOODWARD 230 SUB 230.0kV,"ENTERGY ARKANSAS, LLC EATO",Hybrid,172.0,172.0,172.0,2022-09-14T04:00:00+00:00,Withdrawn,,2025-07-31T04:00:00+00:00,,,Solar/Battery,Not Started,,2027-09-30T04:00:00+00:00,,DPP-2022,South,Phase 1,NRIS,0.0,0.0,0.0,0.0,
J2667,,,Sanilac,MI,GREENWOOD - RAPSON 345.0kV,ITC,Solar,135.0,135.0,135.0,2022-09-14T04:00:00+00:00,Pending Revision Approval,,,,,Photovoltaic,Not Started,,2025-11-01T04:00:00+00:00,,DPP-2022,East (ITC),Phase 1,NRIS,135.0,135.0,0.0,0.0,
J2608,,,Stevens,MN,Hancock 115kV Substation,,Solar,160.0,160.0,160.0,2022-09-14T04:00:00+00:00,Active,,,,,Photovoltaic,Not Started,,2026-09-01T04:00:00+00:00,,DPP-2022,West,Phase 1,NRIS,160.0,160.0,0.0,0.0,
J2610,,,Bond,IL,4GREENVIL to 4HOOKDALE 138kV,AMEREN ILLINOIS,Solar,150.0,150.0,150.0,2022-09-13T04:00:00+00:00,Withdrawn,,2025-10-27T04:00:00+00:00,,,Photovoltaic,Not Started,,2026-09-01T04:00:00+00:00,,DPP-2022,Central,Phase 2,NRIS,0.0,0.0,0.0,0.0,
J2569,,,St. Louis,MN,Arrowhead 115 kV Substation,MINNESOTA POWER INC.,Battery Storage,300.0,300.0,300.0,2022-09-15T04:00:00+00:00,Withdrawn,,2025-10-27T04:00:00+00:00,,,Battery Storage,Not Started,,2026-05-01T04:00:00+00:00,,DPP-2022,West,Phase 1,NRIS,0.0,0.0,0.0,0.0,
J2593,,,Gasconade,MO,Bland 138 kV Substation,AMEREN MISSOURI,Hybrid,140.0,140.0,140.0,2022-09-14T04:00:00+00:00,Pending Revision Approval,,,,,Solar/Battery,Not Started,,2026-04-24T04:00:00+00:00,,DPP-2022,Central,Phase 2,NRIS,140.0,140.0,0.0,0.0,
J2675,,,Gladwin,MI,BARD ROAD - GALLAGHER 138.0kV,METC,Solar,90.0,90.0,90.0,2022-09-14T04:00:00+00:00,Pending Revision Approval,,,,,Photovoltaic,Not Started,,2025-11-01T04:00:00+00:00,,DPP-2022,East (ITC),Phase 1,NRIS,90.0,90.0,0.0,0.0,
J2676,,,Huron,MI,RAPSON - STEIN 345.0kV,ITC,Solar,200.0,200.0,200.0,2022-09-14T04:00:00+00:00,Pending Revision Approval,2027-10-04T04:00:00+00:00,,,,Photovoltaic,Not Started,,2025-11-01T04:00:00+00:00,,DPP-2022,East (ITC),Phase 1,NRIS,200.0,200.0,0.0,0.0,
J2565,,,Iroquois,IL,4GILMAN-4PAXTON E 138kV,,Solar,265.0,265.0,265.0,2022-09-14T04:00:00+00:00,Active,,,,,Photovoltaic,Not Started,,2026-09-01T04:00:00+00:00,,DPP-2022,Central,Phase 2,NRIS,265.0,265.0,0.0,0.0,
J2584,,,Warren,MO,Warrenton 161kV Substation,AMEREN MISSOURI,Battery Storage,100.0,100.0,100.0,2022-09-13T04:00:00+00:00,Withdrawn,,2023-03-24T04:00:00+00:00,,,Battery Storage,Not Started,,2026-09-01T04:00:00+00:00,,DPP-2022,Central,Phase 2,NRIS,0.0,0.0,0.0,0.0,
J2570,,,Lafourche,LA,Thibodaux 230 kV Substation,"ENTERGY LOUISIANA, LLC ELTO",Battery Storage,200.0,200.0,200.0,2022-09-15T04:00:00+00:00,Withdrawn,,2025-07-31T04:00:00+00:00,,,Battery Storage,Not Started,,2026-05-01T04:00:00+00:00,,DPP-2022,South,Phase 1,NRIS,0.0,0.0,0.0,0.0,
J2652,,,Dakota,MN,Rosemount - Nininger (GRE) 115 kV line,NORTHERN STATES POWER COMPANY,Battery Storage,197.0,197.0,197.0,2022-09-15T04:00:00+00:00,Withdrawn,,2025-10-27T04:00:00+00:00,,,Battery Storage,Not Started,,2026-05-01T04:00:00+00:00,,DPP-2022,West,Phase 1,NRIS,0.0,0.0,0.0,0.0,
J2670,,,Mason,MI,Ludington to Keystone 345 kV,,Solar,223.0,223.0,223.0,2022-09-14T04:00:00+00:00,Pending Revision Approval,,,,,Photovoltaic,Not Started,,2025-11-01T04:00:00+00:00,,DPP-2022,East (ITC),Phase 1,NRIS,223.0,223.0,0.0,0.0,
J2672,,,Shiawassee,MI,BINGHAM - CORNELL 138.0kV,METC,Solar,120.0,120.0,120.0,2022-09-14T04:00:00+00:00,Active,,,,,Photovoltaic,Not Started,,2025-11-01T04:00:00+00:00,,DPP-2022,East (ITC),Phase 1,NRIS,120.0,120.0,0.0,0.0,
J2611,,,Alcona,MI,IOSCO - SPRUCE ROAD 138.0kV,METC,Solar,215.0,215.0,215.0,2022-09-14T04:00:00+00:00,Active,,,,,Photovoltaic,Not Started,,2028-09-01T04:00:00+00:00,,DPP-2022,East (ITC),Phase 1,NRIS,215.0,215.0,0.0,0.0,
J2571,,,Tunica,MS,J866 Six Mile Lake Substation,BROOKFIELD ENERGY MARKETING INC.,Wind,176.6,176.6,176.6,2022-09-15T04:00:00+00:00,Active,,,,,Wind Turbine,Not Started,,2024-01-31T05:00:00+00:00,,DPP-2022,South,Phase 1,NRIS,176.6,176.6,0.0,0.0,
J2673,,,Clare,MI,BARD ROAD - WARREN 138.0kV,METC,Solar,145.0,145.0,145.0,2022-09-14T04:00:00+00:00,Pending Revision Approval,2026-12-31T05:00:00+00:00,,,,Photovoltaic,Not Started,,2025-11-01T04:00:00+00:00,,DPP-2022,East (ITC),Phase 1,NRIS,145.0,145.0,0.0,0.0,
J2677,,,St. Clair,MI,Greenwood 120 kV,ITC,Solar,195.0,195.0,195.0,2022-09-14T04:00:00+00:00,Pending Revision Approval,,,,,Photovoltaic,Not Started,,2025-11-01T04:00:00+00:00,,DPP-2022,East (ITC),Phase 1,NRIS,195.0,195.0,0.0,0.0,
J2576,,,Louisa,IA,Denmark - Newport 161kV,MIDAMERICAN ENERGY CO. MEC,Wind,164.1,164.1,164.1,2022-09-15T04:00:00+00:00,Active,,,,,Wind Turbine,Not Started,,2025-01-31T05:00:00+00:00,,DPP-2022,West,Phase 1,NRIS,164.1,164.1,0.0,0.0,
J2682,,,Jackson,AR,Independence-ISES- Newport 161 KV,"ENTERGY ARKANSAS, LLC EATO",Solar,500.0,500.0,500.0,2022-09-15T04:00:00+00:00,Withdrawn,,2023-03-02T05:00:00+00:00,,,Photovoltaic,Not Started,,2025-10-31T04:00:00+00:00,,DPP-2022,South,Phase 1,NRIS,0.0,0.0,0.0,0.0,
J2594,,,Hinds,MS,Ray Braswell 230 kV,"ENTERGY MISSISSIPPI, LLC. EMTO",Solar,650.0,650.0,650.0,2022-09-15T04:00:00+00:00,Withdrawn,,2025-07-31T04:00:00+00:00,,,Photovoltaic,Not Started,,2026-06-30T04:00:00+00:00,,DPP-2022,South,Phase 1,NRIS,0.0,0.0,0.0,0.0,
J2596,,,Crittenden,AR,West Memphis 500 kV,"ENTERGY ARKANSAS, LLC EATO",Solar,200.0,200.0,200.0,2022-09-15T04:00:00+00:00,Withdrawn,,2023-03-24T04:00:00+00:00,,,Photovoltaic,Not Started,,2026-06-30T04:00:00+00:00,,DPP-2022,South,Phase 1,NRIS,0.0,0.0,0.0,0.0,
J2665,,,Mercer,ND,Coyote Switchyard 345kV Substation,MONTANA-DAKOTA UTILITIES CO.MDU,Hybrid,347.0,347.0,347.0,2022-09-15T04:00:00+00:00,Withdrawn,,2025-07-29T04:00:00+00:00,,,Solar/Battery,Not Started,,2027-09-01T04:00:00+00:00,,DPP-2022,West,Phase 1,NRIS,0.0,0.0,0.0,0.0,
J2654,,,Clinton,IN,Frankfort  -  New London 230.0kV,"DUKE ENERGY INDIANA, LLC CIN",Wind,180.0,180.0,180.0,2022-09-14T04:00:00+00:00,Active,,,,,Wind Turbine,Not Started,,2026-07-01T04:00:00+00:00,,DPP-2022,Central,Phase 2,ERIS,180.0,0.0,0.0,0.0,
J2579,,,Tazewell,IL,Cincinnati 138 kV Substation,AMEREN ILLINOIS,Solar,362.0,362.0,362.0,2022-09-15T04:00:00+00:00,Withdrawn,,2023-03-10T05:00:00+00:00,,,Photovoltaic,Not Started,,2027-06-15T04:00:00+00:00,,DPP-2022,Central,Phase 2,NRIS,0.0,0.0,0.0,0.0,
J2628,,,Huron,MI,RAPSON,ITC,Battery Storage,250.0,250.0,250.0,2022-09-15T04:00:00+00:00,Active,,,,,Battery Storage,Not Started,,2028-07-01T04:00:00+00:00,,DPP-2022,East (ITC),Phase 1,NRIS,250.0,250.0,0.0,0.0,
J2609,,,Waushara,WI,Sand Lake,AMERICAN TRANSMISSION COMPANY,Solar,80.0,80.0,80.0,2022-09-13T04:00:00+00:00,Active,,,,,Photovoltaic,Not Started,,2026-09-01T04:00:00+00:00,,DPP-2022,East (ATC),Phase 1,NRIS,80.0,80.0,0.0,0.0,
J2635,,,Mason,IL,Cane 138 kV,AMEREN ILLINOIS,Solar,52.0,52.0,52.0,2022-09-15T04:00:00+00:00,Withdrawn,,2023-03-24T04:00:00+00:00,,,Photovoltaic,Not Started,,2026-09-30T04:00:00+00:00,,DPP-2022,Central,Phase 2,NRIS,0.0,0.0,0.0,0.0,
J2624,,,Stevens,MN,Big Stone South 345kV Substation,OTTER TAIL POWER COMPANY OTP,Battery Storage,450.0,450.0,450.0,2022-09-14T04:00:00+00:00,Withdrawn,,2023-03-24T04:00:00+00:00,,,Battery Storage,Not Started,,2026-01-01T05:00:00+00:00,,DPP-2022,West,Phase 1,NRIS,0.0,0.0,0.0,0.0,
J2646,,,Lincoln,LA,REESE 115 - TRUSSELS CROSSING (LAGEN),"ENTERGY LOUISIANA, LLC ELTO",Battery Storage,130.0,130.0,130.0,2022-09-14T04:00:00+00:00,Withdrawn,,2025-07-31T04:00:00+00:00,,,Battery Storage,Not Started,,2026-10-31T04:00:00+00:00,,DPP-2022,South,Phase 1,NRIS,0.0,0.0,0.0,0.0,
J2595,,,Hinds,MS,LAKEOVER EHV-RAY BRASWELL EHV 500 kV,"ENTERGY MISSISSIPPI, LLC. EMTO",Solar,650.0,650.0,650.0,2022-09-15T04:00:00+00:00,Withdrawn,,2023-03-24T04:00:00+00:00,,,Photovoltaic,Not Started,,2026-06-30T04:00:00+00:00,,DPP-2022,South,Phase 1,NRIS,0.0,0.0,0.0,0.0,
J2597,,,Crittenden,AR,West Memphis 500 kV,"ENTERGY ARKANSAS, LLC EATO",Battery Storage,100.0,100.0,100.0,2022-09-15T04:00:00+00:00,Withdrawn,,2023-03-24T04:00:00+00:00,,,Battery Storage,Not Started,,2026-06-30T04:00:00+00:00,,DPP-2022,South,Phase 1,NRIS,0.0,0.0,0.0,0.0,
J2598,,,Mower,MN,Adams to Hayward 161 kV Tap,ITC MIDWEST,Solar,198.0,198.0,198.0,2022-09-14T04:00:00+00:00,Withdrawn,,2025-10-27T04:00:00+00:00,,,Solar/Battery,Not Started,,2026-06-30T04:00:00+00:00,,DPP-2022,West,Phase 1,NRIS,0.0,0.0,0.0,0.0,
J2627,,,Adams,IL,East Quincy,,Battery Storage,150.0,150.0,150.0,2022-09-15T04:00:00+00:00,Pending Revision Approval,,,,,Battery Storage,Not Started,,2025-09-30T04:00:00+00:00,,DPP-2022,Central,Phase 2,NRIS,150.0,150.0,0.0,0.0,
J2600,,,Wabasha,MN,Wabaco to Alma 161 kV Tap,DAIRYLAND POWER COOPERATIVE DPC,Solar,245.0,245.0,245.0,2022-09-14T04:00:00+00:00,Withdrawn,,2025-10-27T04:00:00+00:00,,,Photovoltaic,Not Started,,2026-06-30T04:00:00+00:00,,DPP-2022,West,Phase 1,NRIS,0.0,0.0,0.0,0.0,
J2602,,,DeSoto,MS,Twinkletown 230 kV,"ENTERGY MISSISSIPPI, LLC. EMTO",Solar,250.0,250.0,250.0,2022-09-14T04:00:00+00:00,Pending Revision Approval,,,,,Photovoltaic,Not Started,,2026-06-30T04:00:00+00:00,,DPP-2022,South,Phase 1,NRIS,250.0,250.0,0.0,0.0,
J2632,,,Webster,LA,Sarpeta to Minden 115 kV,"ENTERGY LOUISIANA, LLC ELTO",Solar,100.0,100.0,100.0,2022-09-15T04:00:00+00:00,Withdrawn,,2025-07-24T04:00:00+00:00,,,Photovoltaic,Not Started,,2025-10-31T04:00:00+00:00,,DPP-2022,South,Phase 1,NRIS,0.0,0.0,0.0,0.0,
J2719,,,Gladwin,MI,BARD ROAD 138kV Substation,METC,Solar,200.0,200.0,200.0,2022-09-14T04:00:00+00:00,Withdrawn,,2025-08-01T04:00:00+00:00,,,Photovoltaic,Not Started,,2026-10-31T04:00:00+00:00,,DPP-2022,East (ITC),Phase 1,NRIS,0.0,0.0,0.0,0.0,
J2633,,,Van Buren,AR,AECC Clinton Industrial - AECC Clinton West 161 KV,"ENTERGY ARKANSAS, LLC EATO",Solar,61.0,61.0,61.0,2022-09-13T04:00:00+00:00,Withdrawn,,2023-03-24T04:00:00+00:00,,,Photovoltaic,Not Started,,2025-06-01T04:00:00+00:00,,DPP-2022,South,Phase 1,NRIS,0.0,0.0,0.0,0.0,
J2638,,,Nevada,AR,Emmet SS - Hope East SS 115KV,"ENTERGY ARKANSAS, LLC EATO",Solar,58.0,58.0,58.0,2022-09-12T04:00:00+00:00,Withdrawn,,2023-03-24T04:00:00+00:00,,,Photovoltaic,Not Started,,2025-06-01T04:00:00+00:00,,DPP-2022,South,Phase 1,NRIS,0.0,0.0,0.0,0.0,
J2644,,,Chicot,AR,EUDORA - CHICKASAW (LAGEN) 115.0kV,"ENTERGY ARKANSAS, LLC EATO",Solar,90.0,90.0,90.0,2022-09-10T04:00:00+00:00,Withdrawn,,2025-07-30T04:00:00+00:00,,,Photovoltaic,Not Started,,2025-06-01T04:00:00+00:00,,DPP-2022,South,Phase 1,NRIS,0.0,0.0,0.0,0.0,
J2631,,,Arkansas,AR,Stuttgart Ricuskey- Tarleton 230 KV,"ENTERGY ARKANSAS, LLC EATO",Solar,250.0,250.0,250.0,2022-09-15T04:00:00+00:00,Withdrawn,,2025-07-24T04:00:00+00:00,,,Photovoltaic,Not Started,,2025-10-31T04:00:00+00:00,,DPP-2022,South,Phase 1,NRIS,0.0,0.0,0.0,0.0,
J2641,,,Jackson,AR,NEWPORT,"ENTERGY ARKANSAS, LLC EATO",Wind,200.0,200.0,200.0,2022-09-15T04:00:00+00:00,Active,,,,,Wind Turbine,Not Started,,2025-10-01T04:00:00+00:00,,DPP-2022,South,Phase 1,ERIS,200.0,0.0,0.0,0.0,
J2566,,,Daviess,IN,Gibson Sta - Bedford 345 345.0kV,"DUKE ENERGY INDIANA, LLC CIN",Solar,200.0,200.0,200.0,2022-09-14T04:00:00+00:00,Active,,,,,Photovoltaic,Not Started,,2026-08-01T04:00:00+00:00,,DPP-2022,Central,Phase 2,NRIS,200.0,200.0,0.0,0.0,
J2729,,,West Baton Rouge,LA,ADDIS - BIG CAJUN #1 230.0kV,,Solar,200.0,200.0,200.0,2022-09-14T04:00:00+00:00,Pending Revision Approval,,,,,Photovoltaic,Not Started,,2025-02-01T05:00:00+00:00,,DPP-2022,South,Phase 1,NRIS,200.0,200.0,0.0,0.0,
J2742,,,White,AR,BEEBE - GARNER SS 115.0kV,"ENTERGY ARKANSAS, LLC EATO",Solar,100.0,100.0,100.0,2022-09-13T04:00:00+00:00,Active,,,,,Photovoltaic,Not Started,,2026-09-01T04:00:00+00:00,,DPP-2022,South,Phase 1,NRIS,100.0,0.0,0.0,0.0,
J2681,,,Columbia,AR,Springhill 115kV (A) to Taylor 115kV (B),"ENTERGY ARKANSAS, LLC EATO",Solar,170.0,170.0,170.0,2022-09-13T04:00:00+00:00,Withdrawn,,2023-03-24T04:00:00+00:00,,,Photovoltaic,Not Started,,2027-08-31T04:00:00+00:00,,DPP-2022,South,Phase 1,NRIS,0.0,0.0,0.0,0.0,
J2575,,,Tazewell,IL,Cincinnati 138 kV Substation,AMEREN ILLINOIS,Battery Storage,198.0,198.0,198.0,2022-09-15T04:00:00+00:00,Active,,,,,Battery Storage,Not Started,,2027-06-15T04:00:00+00:00,,DPP-2022,Central,Phase 2,NRIS,198.0,198.0,0.0,0.0,
J2722,,,Clinton,IN,Tap on Frankfort - New London 230 kV Line,"DUKE ENERGY INDIANA, LLC CIN",Battery Storage,100.0,100.0,100.0,2022-09-14T04:00:00+00:00,Withdrawn,,2025-08-14T04:00:00+00:00,,,Battery Storage,Not Started,,2026-07-01T04:00:00+00:00,,DPP-2022,Central,Phase 2,NRIS,100.0,100.0,0.0,0.0,
J2691,,,Bollinger,MO,7RUSH     - 7BALDWIN 345.0kV,AMEREN MISSOURI,Hybrid,250.0,250.0,250.0,2022-09-15T04:00:00+00:00,Active,,,,,Solar/Wind/Battery,Not Started,,2027-04-15T04:00:00+00:00,,DPP-2022,Central,Phase 2,ERIS,250.0,0.0,0.0,0.0,
J2605,,,Steele,ND,ALEXANDRIA 345 KV,MISSOURI RIVER ENERGY SERVICES - TRANSMISSION,Wind,339.0,339.0,339.0,2022-09-15T04:00:00+00:00,Withdrawn,,2025-10-27T04:00:00+00:00,,,Wind Turbine,Not Started,,2027-06-30T04:00:00+00:00,,DPP-2022,West,Phase 1,NRIS,0.0,0.0,0.0,0.0,
J2607,,,Montgomery,IL,Redhawk 138 kV - MTEP Project (17976),AMEREN ILLINOIS,Battery Storage,200.0,200.0,200.0,2022-09-15T04:00:00+00:00,Active,,,,,Battery Storage,Not Started,,2026-06-30T04:00:00+00:00,,DPP-2022,Central,Phase 2,NRIS,200.0,200.0,0.0,0.0,
J2637,,,Monroe,AR,Cotton Plant- Brinkley West 115KV,"ENTERGY ARKANSAS, LLC EATO",Solar,64.5,64.5,64.5,2022-09-10T04:00:00+00:00,Withdrawn,,2023-03-24T04:00:00+00:00,,,Photovoltaic,Not Started,,2025-06-01T04:00:00+00:00,,DPP-2022,South,Phase 1,NRIS,0.0,0.0,0.0,0.0,
J2639,,,Bradley,AR,AECC HERMITAGE SOUTH - HILO 115.0kV,"ENTERGY ARKANSAS, LLC EATO",Solar,105.8,105.8,105.8,2022-09-09T04:00:00+00:00,Active,,,,,Photovoltaic,Not Started,,2025-06-01T04:00:00+00:00,,DPP-2022,South,Phase 1,NRIS,105.8,70.0,0.0,0.0,
J2640,,,Calhoun,AR,SHERIDAN EHV - EL DORADO EHV 500.0kV,"ENTERGY ARKANSAS, LLC EATO",Solar,394.5,394.5,394.5,2022-09-15T04:00:00+00:00,Withdrawn,,2025-07-30T04:00:00+00:00,,,Photovoltaic,Not Started,,2025-06-01T04:00:00+00:00,,DPP-2022,South,Phase 1,NRIS,0.0,0.0,0.0,0.0,
J2630,,,Woodruff,AR,Des Arc to Cotton Plant 115 kV,"ENTERGY ARKANSAS, LLC EATO",Solar,100.0,100.0,100.0,2022-09-15T04:00:00+00:00,Withdrawn,,2025-07-24T04:00:00+00:00,,,Photovoltaic,Not Started,,2025-10-31T04:00:00+00:00,,DPP-2022,South,Phase 1,NRIS,0.0,0.0,0.0,0.0,
J2740,,,Sunflower,MS,DELTA SWYD - SHELBY SS 115.0kV,,Solar,150.0,150.0,150.0,2022-09-13T04:00:00+00:00,Active,,,,,Photovoltaic,Not Started,,2029-02-15T05:00:00+00:00,,DPP-2022,South,Phase 1,ERIS,150.0,0.0,0.0,0.0,
J2741,,,Sunflower,MS,DELTA SWYD - DREW [MS] 115.0kV,"ENTERGY MISSISSIPPI, LLC. EMTO",Solar,100.0,100.0,100.0,2022-09-13T04:00:00+00:00,Withdrawn,,2025-07-31T04:00:00+00:00,,,Photovoltaic,Not Started,,2026-09-01T04:00:00+00:00,,DPP-2022,South,Phase 1,NRIS,0.0,0.0,0.0,0.0,
J2738,,,Rock Island,IL,SUB 17,MIDAMERICAN ENERGY CO. MEC,Hybrid,128.0,128.0,128.0,2022-09-15T04:00:00+00:00,Active,,,,,Solar/Battery,Not Started,,2025-02-01T05:00:00+00:00,,DPP-2022,West,Phase 1,NRIS,128.0,128.0,0.0,0.0,
J2717,,,Hot Spring,AR,ETTA 500kV Substation,"ENTERGY ARKANSAS, LLC EATO",Hybrid,600.0,600.0,600.0,2022-09-15T04:00:00+00:00,Withdrawn,,2023-10-23T04:00:00+00:00,,,Solar/Battery,Not Started,,2029-05-01T04:00:00+00:00,,DPP-2022,South,Phase 1,NRIS,0.0,0.0,0.0,0.0,
J2718,,,New Madrid,MO,Other_,AMEREN MISSOURI,Solar,50.0,50.0,50.0,2022-09-14T04:00:00+00:00,Withdrawn,,2025-10-27T04:00:00+00:00,,,Photovoltaic,Not Started,,2025-12-31T05:00:00+00:00,,DPP-2022,Central,Phase 2,NRIS,0.0,0.0,0.0,0.0,
J2735,,,Ouachita,LA,Selman Field 69 kV Substation,"ENTERGY LOUISIANA, LLC ELTO",Solar,80.0,80.0,80.0,2022-09-15T04:00:00+00:00,Withdrawn,,2022-12-06T05:00:00+00:00,,,Photovoltaic,Not Started,,2026-09-30T04:00:00+00:00,,DPP-2022,South,Phase 1,NRIS,0.0,0.0,0.0,0.0,
J2698,,,Choctaw,MS,WOLF CREEK 500 kV,"ENTERGY MISSISSIPPI, LLC. EMTO",High Voltage DC,500.0,500.0,500.0,2022-09-14T04:00:00+00:00,Withdrawn,,2025-07-31T04:00:00+00:00,,,Wind Turbine,Not Started,,2028-10-02T04:00:00+00:00,,DPP-2022,South,Phase 1,E-NRIS,0.0,0.0,0.0,0.0,
J2716,,,Dakota,MN,HAMPTON 345 KV,NORTHERN STATES POWER COMPANY,Battery Storage,300.0,300.0,300.0,2022-09-14T04:00:00+00:00,Active,,,,,Battery Storage,Not Started,,2027-04-15T04:00:00+00:00,,DPP-2022,West,Phase 1,NRIS,300.0,300.0,0.0,0.0,
J2686,,,Muscatine,IA,Walcott 345 kV,MIDAMERICAN ENERGY CO. MEC,Wind,150.0,150.0,150.0,2022-09-15T04:00:00+00:00,Active,,,,,Wind Turbine,Not Started,,2028-09-30T04:00:00+00:00,,DPP-2022,West,Phase 1,NRIS,150.0,150.0,0.0,0.0,
J2770,,,Grant,LA,Colfax-Montgomery (EES) 230 kV Line,CLECO POWER LLC CLEC,Solar,125.0,125.0,125.0,2023-09-12T04:00:00+00:00,Withdrawn,,2025-07-31T04:00:00+00:00,,,Photovoltaic,Not Started,,2026-09-01T04:00:00+00:00,,DPP-2022,South,Phase 1,NRIS,0.0,0.0,0.0,0.0,
J2801,,,Woodruff,AR,AECC HUNTER NORTH - MCCRORY 161.0kV,,Solar,130.0,130.0,130.0,2023-09-11T04:00:00+00:00,Pending Revision Approval,,,,,Photovoltaic,Not Started,,2026-09-01T04:00:00+00:00,,DPP-2022,South,Phase 1,ERIS,130.0,0.0,0.0,0.0,
J2760,,,Hubbard,MN,BADOURA4 (608610) 230 kV Substation,MINNESOTA POWER INC.,Hybrid,68.0,68.0,68.0,2022-09-15T04:00:00+00:00,Withdrawn,,2025-10-27T04:00:00+00:00,,,Solar/Battery,Not Started,,2027-06-01T04:00:00+00:00,,DPP-2022,West,Phase 1,NRIS,0.0,0.0,0.0,0.0,
J2744,,,Wilkinson,MS,CENTREVILLE,"ENTERGY MISSISSIPPI, LLC. EMTO",Solar,50.0,50.0,50.0,2022-09-15T04:00:00+00:00,Withdrawn,,2025-07-31T04:00:00+00:00,,,Photovoltaic,Not Started,,2026-09-01T04:00:00+00:00,,DPP-2022,South,Phase 1,NRIS,0.0,0.0,0.0,0.0,
J2745,,,Humphreys,MS,BELZONI - BELZONI TAP SS 115.0kV,"ENTERGY MISSISSIPPI, LLC. EMTO",Solar,90.0,90.0,90.0,2022-09-15T04:00:00+00:00,Withdrawn,,2025-07-31T04:00:00+00:00,,,Photovoltaic,Not Started,,2026-09-01T04:00:00+00:00,,DPP-2022,South,Phase 1,NRIS,0.0,0.0,0.0,0.0,
J2692,,,Choctaw,MS,WOLF CREEK 500 kV,"ENTERGY MISSISSIPPI, LLC. EMTO",High Voltage DC,500.0,500.0,500.0,2022-09-14T04:00:00+00:00,Withdrawn,,2025-07-31T04:00:00+00:00,,,Solar/Wind/Battery,Not Started,,2028-10-02T04:00:00+00:00,,DPP-2022,South,Phase 1,E-NRIS,0.0,0.0,0.0,0.0,
J2694,,,Christian,IL,7COFFEEN  - 7PANA     345.0kV,,Hybrid,500.0,500.0,500.0,2022-09-15T04:00:00+00:00,Active,,,,,Solar/Wind/Battery,Not Started,,2027-04-15T04:00:00+00:00,,DPP-2022,Central,Phase 2,NRIS,500.0,500.0,0.0,0.0,
J2695,,,Carroll,IN,Other_,"DUKE ENERGY INDIANA, LLC CIN",Solar,234.0,234.0,234.0,2022-09-14T04:00:00+00:00,Withdrawn,,2025-10-27T04:00:00+00:00,,,Photovoltaic,Not Started,,2027-04-15T04:00:00+00:00,,DPP-2022,Central,Phase 2,NRIS,0.0,0.0,0.0,0.0,
J2688,,,Newton,TX,NEWTON 138 kV,"ENTERGY TEXAS, INC. ETTO",Hybrid,130.0,130.0,130.0,2022-09-15T04:00:00+00:00,Withdrawn,,2025-07-31T04:00:00+00:00,,,Solar/Battery,Not Started,,2026-05-26T04:00:00+00:00,,DPP-2022,South,Phase 1,NRIS,0.0,0.0,0.0,0.0,
J2772,,,Mercer,ND,Coyote Switchyard 345 kV Substation,MONTANA-DAKOTA UTILITIES CO.MDU,Hybrid,200.0,200.0,200.0,2022-09-15T04:00:00+00:00,Withdrawn,,2025-10-27T04:00:00+00:00,,,Solar/Battery,Not Started,,2027-06-01T04:00:00+00:00,,DPP-2022,West,Phase 1,NRIS,0.0,0.0,0.0,0.0,
J2775,,,White,IN,Other_,"DUKE ENERGY INDIANA, LLC CIN",Battery Storage,125.0,125.0,125.0,2022-09-08T04:00:00+00:00,Withdrawn,,2025-08-07T04:00:00+00:00,,,Battery Storage,Not Started,,2025-01-01T05:00:00+00:00,,DPP-2022,Central,Phase 2,NRIS,0.0,0.0,0.0,0.0,
J2778,,,Miami,IN,Deedsville	North Manchester Switching Sta 69kV (Circuit Number 6974).,"DUKE ENERGY INDIANA, LLC CIN",Hybrid,15.0,15.0,15.0,2022-09-07T04:00:00+00:00,Withdrawn,,2025-10-27T04:00:00+00:00,,,Solar/Battery,Not Started,,2025-01-01T05:00:00+00:00,,DPP-2022,Central,Phase 2,NRIS,0.0,0.0,0.0,0.0,
J2779,,,Clinton,IN,Lafayette	to Middlefork 69kV Line (Circuit 6909),"DUKE ENERGY INDIANA, LLC CIN",Hybrid,40.0,40.0,40.0,2022-09-08T04:00:00+00:00,Withdrawn,,2025-10-27T04:00:00+00:00,,,Solar/Battery,Not Started,,2025-01-01T05:00:00+00:00,,DPP-2022,Central,Phase 2,NRIS,0.0,0.0,0.0,0.0,
J2803,,,Carroll,MS,Winona (3WINONA!  337060) - Carrollton (3CARROLLTON+  337056) 115 kV,"ENTERGY MISSISSIPPI, LLC. EMTO",Hybrid,150.0,150.0,150.0,2022-09-14T04:00:00+00:00,Withdrawn,,2025-07-31T04:00:00+00:00,,,Solar/Battery,Not Started,,2027-03-01T05:00:00+00:00,,DPP-2022,South,Phase 1,NRIS,0.0,0.0,0.0,0.0,
J2796,,,Jackson,AR,Newport Ab-Cash 161kV,"ENTERGY ARKANSAS, LLC EATO",Solar,250.0,250.0,250.0,2022-09-15T04:00:00+00:00,Withdrawn,,2025-07-31T04:00:00+00:00,,,Photovoltaic,Not Started,,2026-10-01T04:00:00+00:00,,DPP-2022,South,Phase 1,NRIS,0.0,0.0,0.0,0.0,
J2776,,,Fulton,IN,WINAMAC to BRUCE LAKE 69kV (Circuit ID 6913) NIPSCO AREA,NORTHERN INDIANA PUBLIC SERVICE COMPANY LLC NIPS,Hybrid,10.0,10.0,10.0,2022-09-07T04:00:00+00:00,Withdrawn,,2023-03-22T04:00:00+00:00,,,Solar/Battery,Not Started,,2025-01-01T05:00:00+00:00,,DPP-2022,Central,Phase 2,NRIS,0.0,0.0,0.0,0.0,
J2777,,,Madison,IN,Cadiz	Lapel Brockway Glass 69kV,"DUKE ENERGY INDIANA, LLC CIN",Hybrid,35.0,35.0,35.0,2022-09-07T04:00:00+00:00,Withdrawn,,2023-03-22T04:00:00+00:00,,,Solar/Battery,Not Started,,2025-01-01T05:00:00+00:00,,DPP-2022,Central,Phase 2,NRIS,0.0,0.0,0.0,0.0,
J2836,,,Livingston,KY,Tap - Cumberland 69.0kV,BIG RIVERS ELECTRIC CORPORATION BREC,Hybrid,45.0,45.0,45.0,2022-09-12T04:00:00+00:00,Withdrawn,,2025-10-27T04:00:00+00:00,,,Solar/Battery,Not Started,,2025-03-01T05:00:00+00:00,,DPP-2022,Central,Phase 2,NRIS,0.0,0.0,0.0,0.0,
J2897,,,San Jacinto,TX,RIVTRIN - SHECO CALVIN 138.0kV,"ENTERGY TEXAS, INC. ETTO",Hybrid,150.0,150.0,150.0,2022-09-15T04:00:00+00:00,Active,,,,,Solar/Battery,Not Started,,2025-04-30T04:00:00+00:00,,DPP-2022,South,Phase 1,ERIS,150.0,0.0,0.0,0.0,
J2689,,,Liberty,TX,JACINTO 230kV,"ENTERGY TEXAS, INC. ETTO",Hybrid,180.0,180.0,180.0,2025-07-31T04:00:00+00:00,Active,,,,,Solar/Battery,Not Started,,2026-05-26T04:00:00+00:00,,DPP-2022,South,Phase 1,NRIS,180.0,0.0,0.0,0.0,
J2687,,,Hancock,IN,Sunnyside to Gwynneville 345kV line,INDIANAPOLIS POWER & LIGHT COMPANY,Hybrid,300.0,300.0,300.0,2022-09-15T04:00:00+00:00,Withdrawn,,2025-10-27T04:00:00+00:00,,,Solar/Battery,Not Started,,2026-09-30T04:00:00+00:00,,DPP-2022,Central,Phase 2,NRIS,0.0,0.0,0.0,0.0,
J2902,,,Warren,MS,Beech Grove SS 115 kV Substation,"ENTERGY MISSISSIPPI, LLC. EMTO",Battery Storage,70.0,70.0,70.0,2022-09-13T04:00:00+00:00,Withdrawn,,2023-03-24T04:00:00+00:00,,,Battery Storage,Not Started,,2027-10-01T04:00:00+00:00,,DPP-2022,South,Phase 1,NRIS,0.0,0.0,0.0,0.0,
J2895,,,Clark,IN,Bethlehem 138kV Substation,"DUKE ENERGY INDIANA, LLC CIN",Hybrid,120.0,120.0,120.0,2022-09-15T04:00:00+00:00,Withdrawn,,2025-08-19T04:00:00+00:00,,,Solar/Battery,Not Started,,2025-04-30T04:00:00+00:00,,DPP-2022,Central,Phase 2,NRIS,120.0,0.0,0.0,0.0,
J2896,,,Sargent,ND,Gwinner 115kV Substation,OTTER TAIL POWER COMPANY OTP,Battery Storage,80.0,80.0,80.0,2022-09-14T04:00:00+00:00,Withdrawn,,2023-03-24T04:00:00+00:00,,,Battery Storage,Not Started,,2025-04-30T04:00:00+00:00,,DPP-2022,West,Phase 1,NRIS,0.0,0.0,0.0,0.0,
J2900,,,Amite,MS,FRANKLIN EHV - MCKNIGHT 500.0kV,"ENTERGY MISSISSIPPI, LLC. EMTO",Hybrid,400.0,400.0,400.0,2022-09-15T04:00:00+00:00,Withdrawn,,2025-07-31T04:00:00+00:00,,,Solar/Battery,Not Started,,2026-04-30T04:00:00+00:00,,DPP-2022,South,Phase 1,NRIS,0.0,0.0,0.0,0.0,
J2845,,,Freeborn,MN,Adams - Hayward 161kV,ITC MIDWEST,Solar,200.0,200.0,200.0,2025-10-23T04:00:00+00:00,Active,,,,,Photovoltaic,Not Started,,2025-10-15T04:00:00+00:00,,DPP-2022,West,Phase 1,NRIS,200.0,200.0,0.0,0.0,
J2915,,,Clark,MO,Other_,AMEREN MISSOURI,Wind,223.0,223.0,223.0,2022-09-15T04:00:00+00:00,Withdrawn,,2025-10-27T04:00:00+00:00,,,Wind Turbine,Not Started,,2028-07-18T04:00:00+00:00,,DPP-2022,Central,Phase 2,NRIS,0.0,0.0,0.0,0.0,
J2773,,,Poinsett,AR,Newport - Fisher 161 kV Line,,Hybrid,100.0,100.0,100.0,2022-09-15T04:00:00+00:00,Active,,,,,Solar/Battery,Not Started,,2027-06-01T04:00:00+00:00,,DPP-2022,South,Phase 1,NRIS,100.0,100.0,0.0,0.0,
J2826,,,Greene,IN,Sandborn Primary - Worthington Primary 161.0kV,HOOSIER ENERGY,Hybrid,125.0,125.0,125.0,2022-09-15T04:00:00+00:00,Active,,,,,Solar/Battery,Not Started,,2027-06-01T04:00:00+00:00,,DPP-2022,Central,Phase 2,NRIS,125.0,125.0,0.0,0.0,
J2599,,,Redwood,MN,Lyon County 345kV Substation,NORTHERN STATES POWER COMPANY,Solar,216.0,216.0,216.0,2022-09-15T04:00:00+00:00,Active,,,,,Photovoltaic,Not Started,,2026-06-30T04:00:00+00:00,,DPP-2022,West,Phase 1,NRIS,216.0,216.0,0.0,0.0,
J2601,,,Wabasha,MN,North Rochester - Briggs Road 345.0kV,,Battery Storage,200.0,200.0,200.0,2022-09-15T04:00:00+00:00,Active,,,,,Battery Storage,Not Started,,2026-06-30T04:00:00+00:00,,DPP-2022,West,Phase 1,NRIS,200.0,200.0,0.0,0.0,
J2603,,,Mason,IL,4PURO - 4HAVANA3 138.0kV,,Solar,320.0,320.0,320.0,2022-09-15T04:00:00+00:00,Active,,,,,Photovoltaic,Not Started,,2026-06-30T04:00:00+00:00,,DPP-2022,Central,Phase 2,NRIS,320.0,0.0,0.0,0.0,
J2604,,,Clinton,IL,South Centralia 138 kV,AMEREN ILLINOIS,Solar,100.0,100.0,100.0,2022-09-15T04:00:00+00:00,Withdrawn,,2025-10-27T04:00:00+00:00,,,Photovoltaic,Not Started,,2026-06-30T04:00:00+00:00,,DPP-2022,Central,Phase 2,NRIS,0.0,0.0,0.0,0.0,
J2901,,,Columbia,AR,MACEDONIA - TAYLOR 115.0kV,"ENTERGY ARKANSAS, LLC EATO",Solar,140.0,140.0,140.0,2022-09-13T04:00:00+00:00,Active,,,,,Photovoltaic,Not Started,,2027-10-01T04:00:00+00:00,,DPP-2022,South,Phase 1,ERIS,140.0,0.0,0.0,0.0,
J2892,,,Franklin,IA,Blackhawk (MEC) - Quinn 345 kV,ITC MIDWEST,Wind,200.0,200.0,200.0,2022-09-15T04:00:00+00:00,Withdrawn,,2025-09-11T04:00:00+00:00,,,Wind Turbine,Not Started,,2026-06-30T04:00:00+00:00,,DPP-2022,West,Phase 1,NRIS,200.0,200.0,0.0,0.0,
J2606,,,Steele,ND,Alexandria 345kV,MISSOURI RIVER ENERGY SERVICES - TRANSMISSION,Battery Storage,361.0,361.0,361.0,2022-09-15T04:00:00+00:00,Withdrawn,,2025-10-27T04:00:00+00:00,,,Battery Storage,Not Started,,2027-06-30T04:00:00+00:00,,DPP-2022,West,Phase 1,NRIS,0.0,0.0,0.0,0.0,
J2634,,,Ouachita,AR,CAMDEN MAGUIRE - SMACKOVER 115.0kV,"ENTERGY ARKANSAS, LLC EATO",Solar,105.8,105.8,105.8,2022-09-12T04:00:00+00:00,Active,,,,,Photovoltaic,Not Started,,2025-06-01T04:00:00+00:00,,DPP-2022,South,Phase 1,NRIS,105.8,67.0,0.0,0.0,
J2898,,,Amite,MS,FRANKLIN EHV - MCKNIGHT 500.0kV,"ENTERGY MISSISSIPPI, LLC. EMTO",Hybrid,200.0,200.0,200.0,2022-09-15T04:00:00+00:00,Withdrawn,,2025-07-31T04:00:00+00:00,,,Solar/Battery,Not Started,,2026-04-30T04:00:00+00:00,,DPP-2022,South,Phase 1,NRIS,0.0,0.0,0.0,0.0,
J2914,,,St. Tammany,LA,MCKNIGHT - PLANT DANIEL 500.0kV,"ENTERGY LOUISIANA, LLC ELTO",Hybrid,450.0,450.0,450.0,2022-09-14T04:00:00+00:00,Active,,,,,Solar/Battery,Not Started,,2026-04-30T04:00:00+00:00,,DPP-2022,South,Phase 1,ERIS,450.0,0.0,0.0,0.0,
J2887,,,Simpson,MS,Magee 161 - White Oak 161.0kV,COOPERATIVE ENERGY SMEP,Battery Storage,50.0,50.0,50.0,2022-09-13T04:00:00+00:00,Withdrawn,,2025-07-31T04:00:00+00:00,,,Battery Storage,Not Started,,2027-10-01T04:00:00+00:00,,DPP-2022,South,Phase 1,NRIS,0.0,0.0,0.0,0.0,
J2810,,,Cerro Gordo,IA,Killdeer 345/161 sub (Emery station 161 outlet),ITC MIDWEST,Battery Storage,100.0,100.0,100.0,2022-09-14T04:00:00+00:00,Withdrawn,,2023-03-24T04:00:00+00:00,,,Battery Storage,Not Started,,2026-09-01T04:00:00+00:00,,DPP-2022,West,Phase 1,NRIS,0.0,0.0,0.0,0.0,
J2636,,,Clark,AR,BISMARCK-AECC ALPINE 115 KV,"ENTERGY ARKANSAS, LLC EATO",Solar,78.5,78.5,78.5,2022-09-12T04:00:00+00:00,Withdrawn,,2023-03-24T04:00:00+00:00,,,Photovoltaic,Not Started,,2025-06-01T04:00:00+00:00,,DPP-2022,South,Phase 1,NRIS,0.0,0.0,0.0,0.0,
J2684,,,St. Clair,MI,BUNCE,ITC,Battery Storage,140.0,140.0,140.0,2022-09-08T04:00:00+00:00,Pending Revision Approval,,,,,Battery Storage,Not Started,,2025-01-01T05:00:00+00:00,,DPP-2022,East (ITC),Phase 1,NRIS,140.0,140.0,0.0,0.0,
J3828,,,Lapeer,MI,Other_,ITC,Solar,100.0,100.0,100.0,2024-04-18T04:00:00+00:00,Active,,,,,Photovoltaic,,,2028-11-01T04:00:00+00:00,,DPP-2025,East (ITC),Phase 1,NRIS,100.0,100.0,0.0,0.0,
J4253,,,,,,AMEREN MISSOURI,,86.0,86.0,86.0,2026-07-30T00:01:31+00:00,Active,,,,,,,,2029-04-01T04:00:00+00:00,,DPP-2026,Central,,NRIS,0.0,0.0,0.0,0.0,
J2739,,,Ohio,KY,WILSON,,Solar,100.0,100.0,100.0,2022-09-14T04:00:00+00:00,Active,,,,,Photovoltaic,Not Started,,2026-09-01T04:00:00+00:00,,DPP-2022,Central,Phase 2,NRIS,100.0,100.0,0.0,0.0,
J2743,,,Washington,LA,BOGALUSA,"ENTERGY LOUISIANA, LLC ELTO",Solar,175.0,175.0,175.0,2022-09-15T04:00:00+00:00,Withdrawn,,2025-07-31T04:00:00+00:00,,,Photovoltaic,Not Started,,2026-09-01T04:00:00+00:00,,DPP-2022,South,Phase 1,NRIS,0.0,0.0,0.0,0.0,
J2737,,,Sabine,LA,Sharing substation for J1890. POI for J1890 is not in the MTEP22 model yet. Reference bus A: 48904,CLECO POWER LLC CLEC,Solar,180.0,180.0,180.0,2025-09-05T04:00:00+00:00,Active,,,,,Photovoltaic,Not Started,,2026-09-30T04:00:00+00:00,,DPP-2022,South,Phase 1,NRIS,180.0,180.0,0.0,0.0,
J2697,,,St. Clair,IL,7ASTER - 7CMDR 345.0kV,AMEREN ILLINOIS,Hybrid,500.0,500.0,500.0,2022-09-15T04:00:00+00:00,Withdrawn,,2025-10-27T04:00:00+00:00,,,Solar/Wind/Battery,Not Started,,2027-04-15T04:00:00+00:00,,DPP-2022,Central,Phase 2,NRIS,0.0,0.0,0.0,0.0,
J2798,,,White,IN,E. Winamac - Monticello 138 kV line,NORTHERN INDIANA PUBLIC SERVICE COMPANY LLC NIPS,Solar,250.0,250.0,250.0,2022-09-15T04:00:00+00:00,Withdrawn,,2023-03-24T04:00:00+00:00,,,Photovoltaic,Not Started,,2026-08-15T04:00:00+00:00,,DPP-2022,Central,Phase 2,NRIS,0.0,0.0,0.0,0.0,
J2771,,,Coahoma,MS,6CROSSROADS! (337100) - 6MOONLAKE%  (337107) 230 kV,"ENTERGY MISSISSIPPI, LLC. EMTO",Hybrid,100.0,100.0,100.0,2022-09-15T04:00:00+00:00,Withdrawn,,2025-07-31T04:00:00+00:00,,,Solar/Battery,Not Started,,2027-03-01T05:00:00+00:00,,DPP-2022,South,Phase 1,NRIS,0.0,0.0,0.0,0.0,
J2804,,,West Carroll,LA,Oak Grove - Galion 115kV Tap,"ENTERGY LOUISIANA, LLC ELTO",Hybrid,100.0,100.0,100.0,2022-09-15T04:00:00+00:00,Withdrawn,,2025-07-31T04:00:00+00:00,,,Solar/Battery,Not Started,,2017-06-01T04:00:00+00:00,,DPP-2022,South,Phase 1,NRIS,0.0,0.0,0.0,0.0,
J2869,,,Sunflower,MS,GERALDANDRUS SES SWITCHYARD-INDIANOLA 230 KV,,Hybrid,150.0,150.0,150.0,2022-09-15T04:00:00+00:00,Active,,,,,Solar/Battery,Not Started,,2027-06-01T04:00:00+00:00,,DPP-2022,South,Phase 1,NRIS,150.0,150.0,0.0,0.0,
J2879,,,Washington,MN,CHEMOLITE,NORTHERN STATES POWER COMPANY,Battery Storage,80.0,80.0,80.0,2022-09-14T04:00:00+00:00,Active,,,,,Battery Storage,Not Started,,2025-10-01T04:00:00+00:00,,DPP-2022,West,Phase 1,NRIS,80.0,80.0,0.0,0.0,
J2913,,,Sargent,ND,Forman 115kV Substation,,Battery Storage,90.0,90.0,90.0,2022-09-15T04:00:00+00:00,Active,,,,,Battery Storage,Not Started,,2025-04-30T04:00:00+00:00,,DPP-2022,West,Phase 1,ERIS,90.0,0.0,0.0,0.0,
J2766,,,Howard,IN,Other_,"DUKE ENERGY INDIANA, LLC CIN",Battery Storage,190.0,190.0,190.0,2023-08-21T04:00:00+00:00,Withdrawn,,2025-12-18T05:00:00+00:00,,,Battery Storage,Not Started,,2025-01-01T05:00:00+00:00,,DPP-2022,Central,Phase 2,NRIS,190.0,190.0,0.0,0.0,
J2829,,,Scott,IN,Scottsburg - Speed 69kV,"DUKE ENERGY INDIANA, LLC CIN",Hybrid,30.0,30.0,30.0,2022-09-15T04:00:00+00:00,Withdrawn,,2025-10-27T04:00:00+00:00,,,Solar/Battery,Not Started,,2025-03-01T05:00:00+00:00,,DPP-2022,Central,Phase 2,NRIS,0.0,0.0,0.0,0.0,
J2872,,,Dakota,MN,Hampton 345kV,NORTHERN STATES POWER COMPANY,Battery Storage,150.0,150.0,150.0,2022-09-14T04:00:00+00:00,Withdrawn,,2025-07-30T04:00:00+00:00,,,Battery Storage,Not Started,,2025-12-01T05:00:00+00:00,,DPP-2022,West,Phase 1,NRIS,0.0,0.0,0.0,0.0,
J2852,,,Roberts,SD,Browns Valley 230 kV Substation,OTTER TAIL POWER COMPANY OTP,Battery Storage,200.0,200.0,200.0,2022-09-14T04:00:00+00:00,Active,,,,,Battery Storage,Not Started,,2025-04-30T04:00:00+00:00,,DPP-2022,West,Phase 1,ERIS,200.0,0.0,0.0,0.0,
J2909,,,Lonoke,AR,Remington AECC to Lonoke E 115kV,"ENTERGY ARKANSAS, LLC EATO",Solar,200.0,200.0,200.0,2022-09-14T04:00:00+00:00,Withdrawn,,2023-03-27T04:00:00+00:00,,,Photovoltaic,Not Started,,2027-06-15T04:00:00+00:00,,DPP-2022,South,Phase 1,ERIS,0.0,0.0,0.0,0.0,
J2841,,,Independence,AR,Independent - Holland Bottom 500kV,"ENTERGY ARKANSAS, LLC EATO",Wind,500.0,500.0,500.0,2022-09-15T04:00:00+00:00,Active,,,,,Wind Turbine,Not Started,,2025-10-01T04:00:00+00:00,,DPP-2022,South,Phase 1,NRIS,500.0,500.0,0.0,0.0,
J2873,,,Simpson,MS,Magee 161 - White Oak 161.0kV,COOPERATIVE ENERGY SME,Solar,165.0,165.0,165.0,2022-09-13T04:00:00+00:00,Active,,,,,Photovoltaic,Not Started,,2027-10-01T04:00:00+00:00,,DPP-2022,South,Phase 1,NRIS,165.0,165.0,0.0,0.0,
J2807,,,Ingham,MI,DELHI to TOMPKINS 138kV,METC,Solar,100.0,100.0,100.0,2022-09-14T04:00:00+00:00,Withdrawn,,2023-03-24T04:00:00+00:00,,,Photovoltaic,Not Started,,2026-09-01T04:00:00+00:00,,DPP-2022,East (ITC),Phase 1,NRIS,0.0,0.0,0.0,0.0,
J2899,,,Calcasieu,LA,GOOS FERRY - CHALKLEY CO 230.0kV,,Hybrid,250.0,250.0,250.0,2022-09-14T04:00:00+00:00,Active,,,,,Solar/Battery,Not Started,,2026-04-30T04:00:00+00:00,,DPP-2022,South,Phase 1,ERIS,250.0,0.0,0.0,0.0,
J2842,,,Mason,IL,Mason 138kV,AMEREN ILLINOIS,Battery Storage,200.0,200.0,200.0,2022-09-15T04:00:00+00:00,Withdrawn,,2023-03-24T04:00:00+00:00,,,Battery Storage,Not Started,,2025-10-01T04:00:00+00:00,,DPP-2022,Central,Phase 2,NRIS,0.0,0.0,0.0,0.0,
J2843,,,Hendricks,IN,Qualitech 345kV - Amo 345kV,"DUKE ENERGY INDIANA, LLC CIN",Wind,110.0,110.0,110.0,2022-09-15T04:00:00+00:00,Withdrawn,,2025-10-27T04:00:00+00:00,,,Wind Turbine,Not Started,,2025-10-01T04:00:00+00:00,,DPP-2022,Central,Phase 2,NRIS,0.0,0.0,0.0,0.0,
J2883,,,Mercer,ND,Coyote Switchyard 345kV Substation,MONTANA-DAKOTA UTILITIES CO.MDU,Hybrid,347.0,347.0,347.0,2022-09-15T04:00:00+00:00,Withdrawn,,2025-10-27T04:00:00+00:00,,,Solar/Battery,Not Started,,2027-09-01T04:00:00+00:00,,DPP-2022,West,Phase 1,NRIS,0.0,0.0,0.0,0.0,
J2808,,,Fayette,IL,Ramsey East 138 sub (co-located with Dressor and Switchgrass),AMEREN ILLINOIS,Solar,100.0,100.0,100.0,2022-09-14T04:00:00+00:00,Active,,,,,Photovoltaic,Not Started,,2026-09-01T04:00:00+00:00,,DPP-2022,Central,Phase 2,NRIS,100.0,100.0,0.0,0.0,
J2809,,,Iroquois,IL,4GILMAN - 4PAXTON E 138 kV,,Solar,133.0,133.0,133.0,2022-09-14T04:00:00+00:00,Active,,,,,Photovoltaic,Not Started,,2026-09-01T04:00:00+00:00,,DPP-2022,Central,Phase 2,NRIS,133.0,133.0,0.0,0.0,
J2811,,,Cerro Gordo,IA,Killdeer,ITC MIDWEST,Solar,210.0,210.0,210.0,2022-09-14T04:00:00+00:00,Active,,,,,Photovoltaic,Not Started,,2026-09-01T04:00:00+00:00,,DPP-2022,West,Phase 1,NRIS,210.0,210.0,0.0,0.0,
J3829,,,Hot Spring,AR,ETTA,"ENTERGY ARKANSAS, LLC EATO",Gas,770.0,770.0,770.0,2024-04-17T04:00:00+00:00,Active,,,,,Combined-Cycle – Steam Plant,,,2028-12-01T05:00:00+00:00,,DPP-2023,South,Study Not Started,NRIS,770.0,0.0,0.0,0.0,
J4251,,,,,,SOUTHERN MINNESOTA MUNICIPAL POWER AGENCY,,200.0,200.0,200.0,2026-07-15T19:50:41+00:00,Active,,,,,,,,2029-12-31T05:00:00+00:00,,DPP-2026,West,,NRIS,0.0,0.0,0.0,0.0,
S1001,,,,IN,,,,7.5,7.5,7.5,2020-06-25T04:00:00+00:00,Done,,2024-06-07T04:00:00+00:00,,,,,,,,,,,SIS,0.0,0.0,0.0,0.0,
S1007,,,Tuscola,MI,Atlanta – Tuscola 120 kV line(265183),ITC,,70.0,70.0,70.0,2021-07-08T04:00:00+00:00,Withdrawn,,2024-08-15T04:00:00+00:00,,,,Not Started,,2022-10-01T04:00:00+00:00,,,,,SIS,0.0,0.0,0.0,0.0,
S1000,,,,AR,,,,10.0,10.0,10.0,2020-06-20T04:00:00+00:00,LEGACY: Done,,,,,,,,,,,,,SIS,0.0,0.0,0.0,0.0,
S1006,,,,WI,REC Bradford - W. Darien 138kV Line,AMERICAN TRANSMISSION COMPANY,,75.0,75.0,75.0,2021-04-02T04:00:00+00:00,Withdrawn,,,,,,,,2023-10-30T04:00:00+00:00,,,,,SIS,0.0,0.0,0.0,0.0,
S1010,,,Gratiot,MI,Redstone138 kV Sub(256542),METC,,50.0,50.0,50.0,2021-10-15T04:00:00+00:00,Withdrawn,,,,,,,,2021-09-01T04:00:00+00:00,,,,,SIS,0.0,0.0,0.0,0.0,
S1011,,,Gratiot,MI,Slate 345 kV Sub (256573),METC,,100.0,100.0,100.0,2021-10-15T04:00:00+00:00,Withdrawn,,,,,,,,2023-09-01T04:00:00+00:00,,,,,SIS,0.0,0.0,0.0,0.0,
S1014,,,,ND,Merricourt Wind 230kV,MONTANA-DAKOTA UTILITIES CO.,,9.0,9.0,9.0,2022-03-09T05:00:00+00:00,Done,2028-09-01T04:00:00+00:00,,,,,,,2025-10-31T04:00:00+00:00,,,,,SIS,0.0,0.0,0.0,0.0,
S1018,,,,MI,7 Mile Creek 138kV,AMERICAN TRANSMISSION COMPANY,,75.0,75.0,75.0,2022-04-20T04:00:00+00:00,Done,,,,,,,,2022-06-01T04:00:00+00:00,,,,,SIS,0.0,0.0,0.0,0.0,
S1013,,,,MN,Lakefield Junction 345kV,ITC MIDWEST,,200.0,200.0,200.0,2022-01-26T05:00:00+00:00,Done,2026-06-30T04:00:00+00:00,,,,,,,2023-10-01T04:00:00+00:00,,,,,SIS,0.0,0.0,0.0,0.0,
S1017,,,,WI,Tennyson 138kV,AMERICAN TRANSMISSION COMPANY,,100.0,100.0,100.0,2022-04-11T04:00:00+00:00,Done,,,,,,,,2023-06-01T04:00:00+00:00,,,,,SIS,0.0,0.0,0.0,0.0,
S1021,,,Gratiot,MI,Luce Substation,METC,,80.0,80.0,80.0,2022-04-25T04:00:00+00:00,Done,,,,,,,2022-05-17T04:00:00+00:00,2023-09-01T04:00:00+00:00,,,,,SIS,0.0,0.0,0.0,0.0,
S1023,,,Grant,WI,Nelson Dewey - Lancaster 138kV,AMERICAN TRANSMISSION COMPANY,,25.0,25.0,25.0,2022-05-16T04:00:00+00:00,Active,,,,,,,,2023-03-27T04:00:00+00:00,,,,,SIS,0.0,0.0,0.0,0.0,
S1026,,,Dubois,IN,Dubois - Culley 138kV line,SOUTHERN INDIANA GAS & ELECTRIC COMPANY D/B/A CENTERPOINT ENERGY INDIANA SOUTH,,50.0,50.0,50.0,2022-05-26T04:00:00+00:00,Active,,,,,,,2022-10-31T04:00:00+00:00,2022-07-01T04:00:00+00:00,,,,,SIS,0.0,0.0,0.0,0.0,
S1004,,,,IN,,,,30.0,30.0,30.0,2020-10-28T04:00:00+00:00,Done,,,,,,,,,,,,,SIS,0.0,0.0,0.0,0.0,
S1005,,,,WI,,,,60.0,60.0,60.0,2021-04-02T04:00:00+00:00,Done,,,,,,,,,,,,,SIS,0.0,0.0,0.0,0.0,
S1009,,,,MN,Pleasant Valley 161kV Substation,GREAT RIVER ENERGY,,258.92,258.92,258.92,2021-08-17T04:00:00+00:00,Done,,,,,,,,2023-10-01T04:00:00+00:00,,,,,SIS,0.0,0.0,0.0,0.0,
S1016,,,,WI,Lone Rock 69kV,AMERICAN TRANSMISSION COMPANY,,25.0,25.0,25.0,2022-04-15T04:00:00+00:00,Done,,,,,,,,2022-06-01T04:00:00+00:00,,,,,SIS,0.0,0.0,0.0,0.0,
S1020,,,Gratiot,MI,Slate Substation 345kV,METC,,100.0,100.0,100.0,2022-04-25T04:00:00+00:00,Done,,,,,,,2022-06-20T04:00:00+00:00,2023-09-01T04:00:00+00:00,,,,,SIS,0.0,0.0,0.0,0.0,
S1028,,,White,IN,Reynolds - Burr Oak 345kV Line,NORTHERN INDIANA PUBLIC SERVICE COMPANY LLC,,60.0,60.0,60.0,2022-05-31T04:00:00+00:00,Done,,,,,,,,,,,,,SIS,0.0,0.0,0.0,0.0,
S1022,,,Pike,IN,PETEUA31 4.14kV,"DUKE ENERGY INDIANA, LLC CIN",,3.0,3.0,3.0,2022-05-02T04:00:00+00:00,Done,,,,,,,,2023-10-11T04:00:00+00:00,,,,,SIS,0.0,0.0,0.0,0.0,
S1025,,,Rock,WI,Sheepskin 69kV,AMERICAN TRANSMISSION COMPANY,,25.0,25.0,25.0,2022-05-16T04:00:00+00:00,Done,,,,,,,,2022-06-01T04:00:00+00:00,,,,,SIS,0.0,0.0,0.0,0.0,
S1034,,,Dodge,WI,North Beaver Dam 69kV - Bus 698222,AMERICAN TRANSMISSION COMPANY,,25.0,25.0,25.0,2022-08-15T04:00:00+00:00,Active,,,,,,,,2023-06-06T04:00:00+00:00,,,,,SIS,0.0,0.0,0.0,0.0,
S1033,,,Green,WI,Bass Creek – Albany – North Monroe 138 kV,AMERICAN TRANSMISSION COMPANY,,25.0,25.0,25.0,2022-08-15T04:00:00+00:00,Active,,,,,,,,2023-07-05T04:00:00+00:00,,,,,SIS,0.0,0.0,0.0,0.0,
S1038,,,Shiawassee,MI,Gross 138kV,ITC,,50.0,50.0,50.0,2022-12-07T05:00:00+00:00,Withdrawn,,,,,,,,2025-02-01T05:00:00+00:00,,,,,SIS,0.0,0.0,0.0,0.0,
S1041,,,Ford,IL,Gibson City South (347114),AMEREN ILLINOIS,,135.0,135.0,135.0,2023-05-19T04:00:00+00:00,Done,,,,,,,,2026-04-23T04:00:00+00:00,,,,,SIS,0.0,0.0,0.0,0.0,
S1039,,,Polk,WI,Apple River 161kV,,,100.0,100.0,100.0,2022-09-01T04:00:00+00:00,Done,,,,,,,,2025-06-30T04:00:00+00:00,,,,,SIS,0.0,0.0,0.0,0.0,
S1043,,,Dubois,IN,Culley to Dubois 138kV tap,SOUTHERN INDIANA GAS & ELECTRIC COMPANY D/B/A CENTERPOINT ENERGY INDIANA SOUTH,,50.0,50.0,50.0,2023-04-17T04:00:00+00:00,Done,,,,,,,,2024-04-07T04:00:00+00:00,,,,,SIS,0.0,0.0,0.0,0.0,
S1042,,,,,,,,100.0,100.0,100.0,2022-12-20T05:00:00+00:00,Withdrawn,,,,,,,,,,,,,SIS,0.0,0.0,0.0,0.0,
R1003,,,Orange,,"Sabine 138 & 230 kV (bus #334440, #334431, #334433","ENTERGY TEXAS, INC.",,1166.0,1166.0,1163.3,2020-08-05T04:00:00+00:00,Done,,,,,,,,2026-05-31T04:00:00+00:00,,,,,NRIS,0.0,0.0,0.0,0.0,
R1007,,,Linn,,ITC DAEC Substation 161kV,Alliant Energy West,,60.0,60.0,60.0,2021-03-29T04:00:00+00:00,Withdrawn,,,,,,,,2023-07-01T04:00:00+00:00,,,,,NRIS,0.0,0.0,0.0,0.0,
R1010,,,Marathon,,,AMERICAN TRANSMISSION COMPANY,,0.0,0.0,0.0,2021-07-21T04:00:00+00:00,Done,,,,,,,,,,,,,NRIS-Only,0.0,0.0,0.0,0.0,
R1014,,,,,Edgewater 345kV,Alliant Energy East,,0.0,0.0,0.0,2022-02-04T05:00:00+00:00,Done,,2025-07-30T04:00:00+00:00,,,,,,2025-04-01T04:00:00+00:00,,,,,,0.0,0.0,0.0,0.0,
R1018,,,Allamakee,,Lansing 161 kV substation,Alliant Energy West,,280.0,280.0,0.0,2022-02-23T05:00:00+00:00,Withdrawn,,2024-03-11T04:00:00+00:00,,,,,,,,,,,NRIS,0.0,0.0,0.0,0.0,
S1002,,,,MI,,,,70.0,70.0,70.0,2020-10-01T04:00:00+00:00,Withdrawn,,,,,,,,,,,,,SIS,0.0,0.0,0.0,0.0,
S1008,,,,IN,Line Tap between Edwardsport and Amo 345kV,"DUKE ENERGY INDIANA, LLC",,250.0,250.0,250.0,2021-08-04T04:00:00+00:00,Withdrawn,,2025-04-25T04:00:00+00:00,,,,,,2022-12-31T05:00:00+00:00,,,,,SIS,0.0,0.0,0.0,0.0,
S1012,,,,,Luce 138 kV Sub(256594),METC,,80.0,80.0,80.0,2021-10-15T04:00:00+00:00,Withdrawn,,,,,,,,,,,,,SIS,0.0,0.0,0.0,0.0,
S1015,,,Delta,MI,Garden Corners 138kV,AMERICAN TRANSMISSION COMPANY,,55.0,55.0,55.0,2022-04-11T04:00:00+00:00,Active,,,,,,,,2025-11-01T04:00:00+00:00,,,,,SIS,0.0,0.0,0.0,0.0,
S1019,,,,MI,Redstone 138kV,METC,,50.0,50.0,50.0,2022-04-25T04:00:00+00:00,Done,,,,,,,,2023-09-01T04:00:00+00:00,,,,,SIS,0.0,0.0,0.0,0.0,
S1024,,,Waushara,WI,Wautoma 138kV,AMERICAN TRANSMISSION COMPANY,,50.0,50.0,50.0,2022-05-16T04:00:00+00:00,Active,,,,,,,,2023-01-26T05:00:00+00:00,,,,,SIS,0.0,0.0,0.0,0.0,
S1027,,,Lake County,IN,,NORTHERN INDIANA PUBLIC SERVICE COMPANY LLC,,50.0,50.0,50.0,2022-05-26T04:00:00+00:00,Done,2028-05-31T04:00:00+00:00,,,,,,,,,,,,SIS,0.0,0.0,0.0,0.0,
S1030,,,Fayette,IL,,,,99.0,99.0,99.0,2022-06-13T04:00:00+00:00,Withdrawn,,,,,,,,2024-02-01T05:00:00+00:00,,,,,SIS,0.0,0.0,0.0,0.0,
S1032,,,Isabella County,,Salt River Substation 138kV,METC,,90.0,90.0,90.0,2022-08-19T04:00:00+00:00,Active,,,,,,,,2025-07-30T04:00:00+00:00,,,,,SIS,0.0,0.0,0.0,0.0,
R1000,,,Morton,,R.M. Heskett Station,MONTANA-DAKOTA UTILITIES CO.,,103.1,103.1,103.1,2019-06-24T04:00:00+00:00,Done,,,,,,,,2022-10-01T04:00:00+00:00,,,,,NRIS,0.0,0.0,0.0,0.0,
R1011,,,Pike,,Petersburg 345kV Substation,INDIANAPOLIS POWER & LIGHT COMPANY,,250.0,250.0,250.0,2021-10-04T04:00:00+00:00,Done,,,,,,,,2024-01-15T05:00:00+00:00,,,,,NRIS,0.0,0.0,0.0,0.0,
S1036,,,McLean,ND,"Dickinson 345 kV, Buffalo, MN",GREAT RIVER ENERGY,,400.0,400.0,400.0,2022-09-09T04:00:00+00:00,Done,,,,,,,,2025-05-31T04:00:00+00:00,,,,,SIS,0.0,0.0,0.0,0.0,
S1037,,,,,,,,50.4,50.4,50.4,2022-10-26T04:00:00+00:00,Withdrawn,,2023-03-22T04:00:00+00:00,,,,,,,,,,,SIS,0.0,0.0,0.0,0.0,
R1002,,,Manitowoc,,Lake Front 69KV,AMERICAN TRANSMISSION COMPANY,,11.4,11.4,11.4,2020-07-01T04:00:00+00:00,Withdrawn,,,,,,,,2022-07-01T04:00:00+00:00,,,,,NRIS,0.0,0.0,0.0,0.0,
R1005,,,Sherburne,,Elk River Station: S6 69 kV,GREAT RIVER ENERGY,,49.0,49.0,49.0,2021-01-19T05:00:00+00:00,Withdrawn,,,,,,,,2022-03-14T04:00:00+00:00,,,,,NRIS,0.0,0.0,0.0,0.0,
R1006,,,Lima,,Hoot Lake 115KV,Alliant Energy West,,350.0,350.0,350.0,2021-02-15T05:00:00+00:00,Withdrawn,,,,,,,,2023-07-01T04:00:00+00:00,,,,,NRIS,0.0,0.0,0.0,0.0,
R1015,,,,,Edgewater 345kV,Alliant Energy East,,423.1,423.1,0.0,2022-02-13T05:00:00+00:00,Done,,,,,,,,2025-05-01T04:00:00+00:00,,,,,NRIS,0.0,0.0,0.0,0.0,
R1019,,,Des Moines,,Burlington 161kV,Alliant Energy West,,212.0,212.0,103.0,2022-02-15T05:00:00+00:00,Done,,,,,,,,2024-12-31T05:00:00+00:00,,,,,NRIS,0.0,0.0,0.0,0.0,
R1022,,,Pike,,Petersburg 345kV Substation,INDIANAPOLIS POWER & LIGHT COMPANY,,0.0,0.0,0.0,2022-05-31T04:00:00+00:00,Done,,,,,,,,2025-01-15T05:00:00+00:00,,,,,NRIS-Only,0.0,0.0,0.0,0.0,
R1009,,,Montmorency,,Consumers Energy 138kV Progress St. Substation,METC,,0.0,0.0,0.0,2021-05-28T04:00:00+00:00,Done,,2025-07-30T04:00:00+00:00,,,,,,2023-12-01T05:00:00+00:00,,,,,NRIS,0.0,0.0,0.0,0.0,
R1013,,,Posey,,AB Brown 138kV Substation,SOUTHERN INDIANA GAS & ELECTRIC COMPANY D/B/A CENTERPOINT ENERGY INDIANA SOUTH,,0.0,0.0,0.0,2021-11-16T05:00:00+00:00,Withdrawn,,,,,,,,2024-09-15T04:00:00+00:00,,,,,NRIS,0.0,0.0,0.0,0.0,
R1026,,,Linn County,,ITC DAEC Substation 161kV,Alliant Energy West,,0.0,0.0,0.0,2022-11-22T05:00:00+00:00,Done,,,,,,,,,,,,,,0.0,0.0,0.0,0.0,
R1030,,,,,Slocum (PSSE Bus #264511),,,0.0,0.0,0.0,2023-01-05T05:00:00+00:00,Done,,,,,,,,2024-10-01T04:00:00+00:00,,,,,,0.0,0.0,0.0,0.0,
R1033,,,,,Waterford 230kV,,,100.0,100.0,100.0,2023-02-13T05:00:00+00:00,Withdrawn,,,,,,,,2024-02-01T05:00:00+00:00,,,,,,0.0,0.0,0.0,0.0,
R1034,,,,,ITCM Lansing,,,0.0,0.0,0.0,2023-07-20T04:00:00+00:00,Withdrawn,,,,,,,,2025-06-30T04:00:00+00:00,,,,,,0.0,0.0,0.0,0.0,
J3469,,,Marathon,WI,Stratford - McMillan 115.0kV,AMERICAN TRANSMISSION COMPANY,Wind,100.0,100.0,100.0,2024-04-16T04:00:00+00:00,Pending Revision Approval,,,,,Wind Turbine,,,2026-06-30T04:00:00+00:00,,DPP-2023,East (ATC),Study Not Started,NRIS,100.0,100.0,0.0,0.0,
R1021,,,Pike,,Petersburg 345kV Substation,INDIANAPOLIS POWER & LIGHT COMPANY,,0.0,0.0,0.0,2022-05-31T04:00:00+00:00,Done,,,,,,,,,,,,,NRIS-Only,0.0,0.0,0.0,0.0,
R1025,,,Williamson,,Marion Unit 4 -Main Bus,Southern Illinois Power Cooperative,,0.0,0.0,0.0,2022-10-14T04:00:00+00:00,LEGACY: Done,,,,,,,,2025-09-01T04:00:00+00:00,,,,,NRIS,0.0,0.0,0.0,0.0,
R1017,,,Des Moines,,Burlington 161kV,Alliant Energy West,,0.0,0.0,0.0,2022-02-15T05:00:00+00:00,Withdrawn,,,,,,,,,,,,,NRIS,0.0,0.0,0.0,0.0,
R1020,,,Linn,,ITC DAEC Substation 161kV,Alliant Energy West,,0.0,0.0,0.0,2022-03-31T04:00:00+00:00,Done,,,,,,,,2024-10-30T04:00:00+00:00,,,,,NRIS,0.0,0.0,0.0,0.0,
R1024,,,Posey,,A.B. Brown 138kV Substation,SOUTHERN INDIANA GAS & ELECTRIC COMPANY D/B/A CENTERPOINT ENERGY INDIANA SOUTH,,0.0,0.0,0.0,2022-10-12T04:00:00+00:00,Done,,,,,,,,2024-09-15T04:00:00+00:00,,,,,NRIS,0.0,0.0,0.0,0.0,
R1029,,,,,Joppa 161kV Switchyard,,,37.0,37.0,0.0,2022-12-12T05:00:00+00:00,Done,2024-12-01T05:00:00+00:00,,,,,,,2024-12-01T05:00:00+00:00,,,,,,0.0,0.0,0.0,0.0,
R1032,,,,,Wheaton Substation,,,0.0,0.0,0.0,2023-01-20T05:00:00+00:00,Done,,,,,,,,2025-03-30T04:00:00+00:00,,,,,,0.0,0.0,0.0,0.0,
R1036,,,Sherburne,,Sherburne County 345kV Substation,NORTHERN STATES POWER COMPANY,,710.0,710.0,710.0,2022-12-28T05:00:00+00:00,Done,,,,,,,,2024-05-30T04:00:00+00:00,,,,,NRIS-Only,0.0,0.0,0.0,0.0,
R1028,,,,,,,,0.0,0.0,0.0,2022-11-22T05:00:00+00:00,Done,,,,,,,,,,,,,,0.0,0.0,0.0,0.0,
J3468,,,Day,SD,Ellendale - Twin Brooks 345.0kV,OTTER TAIL POWER COMPANY OTP,Hybrid,300.0,300.0,300.0,2024-04-12T04:00:00+00:00,Active,,,,,Wind/Battery,,,2028-06-30T04:00:00+00:00,,DPP-2023,West,Study Not Started,NRIS,300.0,300.0,0.0,0.0,
J3470,,,Tuscola,MI,Other_,ITC,Solar,100.0,100.0,100.0,2024-04-16T04:00:00+00:00,Pending Revision Approval,,,,,Photovoltaic,,,2027-06-01T04:00:00+00:00,,DPP-2023,East (ITC),Study Not Started,NRIS,100.0,100.0,0.0,0.0,
J3481,,,Grant,AR,J1577 Sub (337689),"ENTERGY ARKANSAS, LLC EATO",Solar,100.0,100.0,100.0,2024-04-12T04:00:00+00:00,Active,,,,,Photovoltaic,,,2027-02-28T05:00:00+00:00,,DPP-2023,South,Study Not Started,ERIS,100.0,0.0,0.0,0.0,
S1029,,,Mclean,IL,Aster Substation,,,99.0,99.0,99.0,2022-06-03T04:00:00+00:00,Withdrawn,,,,,,,,2024-02-01T05:00:00+00:00,,,,,SIS,0.0,0.0,0.0,0.0,
S1031,,,Isabella,MI,Salt River Substation 138kV,METC,,90.0,90.0,90.0,2022-08-19T04:00:00+00:00,Active,,,,,,,,2025-07-30T04:00:00+00:00,,,,,SIS,0.0,0.0,0.0,0.0,
S1035,,,Rock,WI,Townline Rd. - Paddock 138kV,AMERICAN TRANSMISSION COMPANY,,33.0,33.0,33.0,2022-08-15T04:00:00+00:00,Active,,,,,,,,2023-07-01T04:00:00+00:00,,,,,SIS,0.0,0.0,0.0,0.0,
J3472,,,Lapeer,MI,Other_,ITC,Solar,200.0,200.0,200.0,2024-04-17T04:00:00+00:00,Pending Revision Approval,,,,,Photovoltaic,,,2028-11-01T04:00:00+00:00,,DPP-2023,East (ITC),Study Not Started,NRIS,200.0,200.0,0.0,0.0,
J3478,,,Vigo,IN,Other_,HOOSIER ENERGY,Solar,35.0,35.0,35.0,2024-04-17T04:00:00+00:00,Withdrawn,,2025-07-31T04:00:00+00:00,,,Photovoltaic,,,2027-10-01T04:00:00+00:00,,DPP-2023,Central,Study Not Started,ERIS,0.0,0.0,0.0,0.0,
S1040,,,McLean,IL,Gibson City South (347114),AMEREN ILLINOIS,,135.0,135.0,135.0,2022-12-16T05:00:00+00:00,Done,,,,,,,,2026-04-23T04:00:00+00:00,,,,,SIS,0.0,0.0,0.0,0.0,
S1044,,,Lake,IN,Green Acres 138 kV Substation (43684),NORTHERN INDIANA PUBLIC SERVICE COMPANY LLC NIPS,,50.0,50.0,50.0,2023-04-17T04:00:00+00:00,Active,,,,,,,,2024-04-07T04:00:00+00:00,,,,,SIS,0.0,0.0,0.0,0.0,
R1001,,,Otter Tail,,Hoot Lake 115KV,OTTER TAIL POWER COMPANY,,49.9,49.9,49.9,2020-05-15T04:00:00+00:00,Done,,,,,,,,2022-04-15T04:00:00+00:00,,,,,NRIS,0.0,0.0,0.0,0.0,
R1004,,,De Soto Parish,,Dolet Hills 345 kV (Bus #500260),CLECO POWER LLC CLEC,,330.0,330.0,330.0,2020-12-30T05:00:00+00:00,Done,,,,,,,,2024-12-31T05:00:00+00:00,,,,,NRIS-Only,0.0,0.0,0.0,0.0,
J3471,,,Branch,MI,WAGNER - BATAVIA 138.0kV,METC,Solar,150.0,150.0,150.0,2024-04-18T04:00:00+00:00,Pending Revision Approval,,,,,Photovoltaic,,,2028-11-01T04:00:00+00:00,,DPP-2023,East (ITC),Study Not Started,NRIS,150.0,150.0,0.0,0.0,
J3477,,,Carroll,IA,Other_,MIDAMERICAN ENERGY CO. MEC,Solar,200.0,200.0,200.0,2024-04-18T04:00:00+00:00,Active,,,,,Photovoltaic,,,2028-04-28T04:00:00+00:00,,DPP-2023,West,Study Not Started,NRIS,200.0,150.0,0.0,0.0,
R1008,,,Adair,,J499 Arbor Hills,,,0.0,0.0,0.0,2021-04-12T04:00:00+00:00,Done,,,,,,,,,,,,,NRIS,0.0,0.0,0.0,0.0,
R1012,,,Linn County,,Duane Arnold 161 kV,Alliant Energy West,,640.0,640.0,640.0,2021-09-30T04:00:00+00:00,Withdrawn,,,,,,,,2023-07-01T04:00:00+00:00,,,,,NRIS,0.0,0.0,0.0,0.0,
R1016,,,,,Bailey 161kV substation(338879),ENTERGY ARKANSAS INC.,,124.4,122.0,124.4,2022-02-18T05:00:00+00:00,Done,,,,,,,,2023-05-10T04:00:00+00:00,,,,,NRIS-Only,0.0,0.0,0.0,0.0,
J3480,,,Allegan,MI,SCOTT LAKE,METC,Battery Storage,199.9,199.9,199.9,2024-04-17T04:00:00+00:00,Active,,,,,Battery Storage,,,2026-05-25T04:00:00+00:00,,DPP-2023,East (ITC),Study Not Started,NRIS,199.9,199.9,0.0,0.0,
J3507,,,Montgomery,IL,Coffeen North 138kV,AMEREN ILLINOIS,Solar,17.0,17.0,17.0,2024-04-01T04:00:00+00:00,Withdrawn,,2025-12-23T05:00:00+00:00,,,Photovoltaic,,,2027-04-30T04:00:00+00:00,,DPP-2023,Central,Study Not Started,NRIS,0.0,0.0,0.0,0.0,
R1023,,,Jackson,,,AMEREN ILLINOIS,,0.0,0.0,0.0,2022-09-29T04:00:00+00:00,Withdrawn,,,,,,,,2023-11-30T05:00:00+00:00,,,,,NRIS-Only,0.0,0.0,0.0,0.0,
R1027,,,Linn County,,ITC DAEC Substation 161kV,Alliant Energy West,,0.0,0.0,0.0,2022-11-22T05:00:00+00:00,Done,,,,,,,,,,,,,,0.0,0.0,0.0,0.0,
R1031,,,,,Edwards 138 kV,,,0.0,0.0,0.0,2023-03-07T05:00:00+00:00,LEGACY: Done,2025-11-01T04:00:00+00:00,,,,,,,2024-12-01T05:00:00+00:00,,,,,,0.0,0.0,0.0,0.0,
R1035,,,Massac,,JOPPA 161 kV,,,0.0,0.0,0.0,2023-04-19T04:00:00+00:00,Done,,,,,,,,2023-03-31T04:00:00+00:00,,,,,NRIS,0.0,0.0,0.0,0.0,
J3508,,,Fulton,IL,Duck Creek 345kV,AMEREN ILLINOIS,Solar,16.3,16.3,16.3,2024-04-01T04:00:00+00:00,Withdrawn,,2025-12-23T05:00:00+00:00,,,Photovoltaic,,,2027-04-30T04:00:00+00:00,,DPP-2023,Central,Study Not Started,NRIS,0.0,0.0,0.0,0.0,
J3509,,,Sangamon,IL,343505 Interstate,CITY WATER LIGHT & POWER,Battery Storage,380.0,380.0,380.0,2024-04-16T04:00:00+00:00,Withdrawn,,2025-12-23T05:00:00+00:00,,,Battery Storage,,,2027-12-17T05:00:00+00:00,,DPP-2023,Central,Study Not Started,NRIS,0.0,0.0,0.0,0.0,
J3573,,,Morehouse,LA,GALION - OAK GROVE 115 SUB 115.0kV,"ENTERGY LOUISIANA, LLC ELTO",Hybrid,200.0,200.0,200.0,2024-04-18T04:00:00+00:00,Withdrawn,,2025-09-30T04:00:00+00:00,,,Photovoltaic,,,2028-01-01T05:00:00+00:00,,DPP-2023,South,Study Not Started,NRIS,0.0,0.0,0.0,0.0,
J3510,,,Cross,AR,FISHER - CHERRY VALLEY 161.0kV,"ENTERGY ARKANSAS, LLC EATO",Hybrid,175.0,175.0,175.0,2024-04-17T04:00:00+00:00,Withdrawn,,2025-12-23T05:00:00+00:00,,,Solar/Battery,,,2028-08-01T04:00:00+00:00,,DPP-2023,South,Study Not Started,NRIS,0.0,0.0,0.0,0.0,
J3562,,,Vermilion,IL,4VERMILION - 4NCHAMPGN W 138.0kV,AMEREN ILLINOIS,Solar,300.0,300.0,300.0,2024-04-17T04:00:00+00:00,Withdrawn,,2025-09-26T04:00:00+00:00,,,Photovoltaic,,,2028-06-01T04:00:00+00:00,,DPP-2023,Central,Study Not Started,NRIS,0.0,0.0,0.0,0.0,
J3635,,,Kent,MI,GAINES,METC,Battery Storage,200.0,200.0,200.0,2024-04-15T04:00:00+00:00,Withdrawn,,2025-09-30T04:00:00+00:00,,,Battery Storage,,,2027-12-31T05:00:00+00:00,,DPP-2023,East (ITC),Study Not Started,NRIS,0.0,0.0,0.0,0.0,
J3307,,,Callaway,MO,Callaway,AMEREN MISSOURI,Solar,300.0,300.0,300.0,2024-04-17T04:00:00+00:00,Withdrawn,,2025-08-05T04:00:00+00:00,,,Photovoltaic,,,2027-11-02T04:00:00+00:00,,DPP-2023,Central,Study Not Started,NRIS,0.0,0.0,0.0,0.0,
J3479,,,Rapides,LA,Hineston,CLECO POWER LLC CLEC,Solar,200.0,200.0,200.0,2024-04-12T04:00:00+00:00,Active,,,,,Photovoltaic,,,2027-02-28T05:00:00+00:00,,DPP-2023,South,Study Not Started,ERIS,200.0,0.0,0.0,0.0,
J3572,,,Catahoula,LA,METROPOLIS - RED GUM 115.0kV,"ENTERGY LOUISIANA, LLC ELTO",Hybrid,200.0,200.0,200.0,2024-04-18T04:00:00+00:00,Withdrawn,,2025-09-02T04:00:00+00:00,,,Photovoltaic,,,2028-01-01T05:00:00+00:00,,DPP-2023,South,Study Not Started,NRIS,0.0,0.0,0.0,0.0,
J3327,,,Pike,IN,Cato 138/69kV (facilities above 100kV),SOUTHERN INDIANA GAS & ELECTRIC COMPANY D/B/A CENTERPOINT ENERGY INDIANA SOUTH,Battery Storage,130.0,130.0,130.0,2024-04-16T04:00:00+00:00,Withdrawn,,2025-09-30T04:00:00+00:00,,,Battery Storage,,,2027-05-01T04:00:00+00:00,,DPP-2023,Central,Study Not Started,NRIS,0.0,0.0,0.0,0.0,
J3329,,,Sullivan,IN,Merom (HED) -  Dresser 345.0kV,"DUKE ENERGY INDIANA, LLC CIN",Battery Storage,145.0,145.0,145.0,2024-04-17T04:00:00+00:00,Withdrawn,,2025-09-30T04:00:00+00:00,,,Battery Storage,,,2028-05-01T04:00:00+00:00,,DPP-2023,Central,Study Not Started,NRIS,0.0,0.0,0.0,0.0,
J3634,,,Gratiot,MI,NELSON ROAD,METC,Battery Storage,200.0,200.0,200.0,2024-04-15T04:00:00+00:00,Withdrawn,,2025-12-23T05:00:00+00:00,,,Battery Storage,,,2027-12-31T05:00:00+00:00,,DPP-2023,East (ITC),Study Not Started,NRIS,0.0,0.0,0.0,0.0,
J3633,,,Sanilac,MI,GREENWOOD - RAPSON (BANNER) 345.0kV,ITC,Solar,200.0,200.0,200.0,2024-04-13T04:00:00+00:00,Active,,,,,Photovoltaic,,,2028-09-15T04:00:00+00:00,,DPP-2023,East (ITC),Study Not Started,NRIS,200.0,200.0,0.0,0.0,
J3632,,,Cleveland,AR,TEXAS EASTERN P.S. G SS - FORDYCE ORIENT SS 115.0kV,"ENTERGY ARKANSAS, LLC EATO",Hybrid,85.0,85.0,85.0,2024-04-17T04:00:00+00:00,Withdrawn,,2025-12-23T05:00:00+00:00,,,Photovoltaic,,,2028-07-30T04:00:00+00:00,,DPP-2023,South,Study Not Started,NRIS,0.0,0.0,0.0,0.0,
J3309,,,Copiah,MS,FRANKLIN EHV - RAY BRASWELL EHV 500.0kV,"ENTERGY MISSISSIPPI, LLC. EMTO",Hybrid,200.0,200.0,200.0,2024-04-15T04:00:00+00:00,Withdrawn,,2025-05-23T04:00:00+00:00,,,Solar/Battery,,,2028-06-01T04:00:00+00:00,,DPP-2023,South,Study Not Started,NRIS,0.0,0.0,0.0,0.0,
J3312,,,Washington,MN,RAPTOR,NORTHERN STATES POWER COMPANY,Battery Storage,100.0,100.0,100.0,2024-04-15T04:00:00+00:00,Withdrawn,,2025-09-04T04:00:00+00:00,,,Battery Storage,,,2028-06-30T04:00:00+00:00,,DPP-2023,West,Study Not Started,NRIS,0.0,0.0,0.0,0.0,
J3317,,,Vigo,IN,Other_,"DUKE ENERGY INDIANA, LLC CIN",Hybrid,150.0,150.0,150.0,2024-04-18T04:00:00+00:00,Withdrawn,,2025-12-23T05:00:00+00:00,,,Solar/Battery,,,2028-06-01T04:00:00+00:00,,DPP-2023,Central,Study Not Started,NRIS,0.0,0.0,0.0,0.0,
J3496,,,Sanilac,MI,GREENWOOD - RAPSON 345.0kV,ITC,Wind,220.0,220.0,220.0,2024-04-12T04:00:00+00:00,Active,,,,,Wind Turbine,,,2027-12-03T05:00:00+00:00,,DPP-2023,East (ITC),Study Not Started,NRIS,220.0,220.0,0.0,0.0,
J3511,,,Arkansas,AR,STUTTGART RICUSKEY - WOODWARD 230 SUB 230.0kV,"ENTERGY ARKANSAS, LLC EATO",Solar,250.0,250.0,250.0,2024-04-17T04:00:00+00:00,Withdrawn,,2025-09-29T04:00:00+00:00,,,Photovoltaic,,,2028-09-15T04:00:00+00:00,,DPP-2023,South,Study Not Started,NRIS,0.0,0.0,0.0,0.0,
J3316,,,Washington,IL,Okawville 138 kV,AMEREN ILLINOIS,Battery Storage,150.0,150.0,150.0,2024-05-06T04:00:00+00:00,Active,,,,,Battery Storage,,,2028-09-01T04:00:00+00:00,,DPP-2023,Central,Study Not Started,NRIS,150.0,150.0,0.0,0.0,
J3340,,,Vermilion,IL,Rossville 138kV on the Hoopeston to Vermilion 138kV Line,AMEREN ILLINOIS,Solar,175.0,175.0,175.0,2024-03-18T04:00:00+00:00,Active,,,,,Photovoltaic,,,2028-09-01T04:00:00+00:00,,DPP-2023,Central,Study Not Started,NRIS,175.0,175.0,0.0,0.0,
J3278,,,Swift,MN,SWENODA TAP - DUBLIN TAP - SS360 - 360WSM1 115.0kV,GREAT RIVER ENERGY,Solar,90.0,90.0,90.0,2024-04-16T04:00:00+00:00,Withdrawn,,2025-12-23T05:00:00+00:00,,,Photovoltaic,,,2028-08-01T04:00:00+00:00,,DPP-2023,West,Study Not Started,NRIS,0.0,0.0,0.0,0.0,
J3277,,,Bay,MI,Other_,METC,Battery Storage,175.0,175.0,175.0,2024-04-17T04:00:00+00:00,Withdrawn,,2025-09-30T04:00:00+00:00,,,Battery Storage,,,2028-08-17T04:00:00+00:00,,DPP-2023,East (ITC),Study Not Started,NRIS,0.0,0.0,0.0,0.0,
J3352,,,Cape Girardeau,MO,LUTESVILLE,AMEREN MISSOURI,Battery Storage,250.0,250.0,250.0,2024-04-16T04:00:00+00:00,Active,,,,,Battery Storage,,,2027-12-17T05:00:00+00:00,,DPP-2023,Central,Study Not Started,NRIS,250.0,250.0,0.0,0.0,
J3393,,,Henderson,KY,HMPL Sub No.4,HENDERSON UTILITY COMM DBA HENDERSON MUNICIPAL POWER AND LIGHT,Solar,150.0,150.0,150.0,2024-04-11T04:00:00+00:00,Withdrawn,,2025-09-29T04:00:00+00:00,,,Photovoltaic,,,2027-06-30T04:00:00+00:00,,DPP-2023,Central,Study Not Started,NRIS,0.0,0.0,0.0,0.0,
J3392,,,Scott,IL,Murrayville Jct. W - Roodhouse 69.0kV,"PRAIRIE POWER, INC. PPI",Solar,25.0,25.0,25.0,2024-04-17T04:00:00+00:00,Withdrawn,,2025-07-31T04:00:00+00:00,,,Photovoltaic,,,2027-10-01T04:00:00+00:00,,DPP-2023,Central,Study Not Started,ERIS,0.0,0.0,0.0,0.0,
J3387,,,Henry,IN,Connersville  - New Castle 138.0kV,"DUKE ENERGY INDIANA, LLC CIN",Battery Storage,150.0,150.0,150.0,2024-04-18T04:00:00+00:00,Active,,,,,Battery Storage,,,2026-10-01T04:00:00+00:00,,DPP-2023,Central,Study Not Started,NRIS,150.0,150.0,0.0,0.0,
J3306,,,Perry,IL,J3064,,Solar,150.0,150.0,150.0,2024-04-16T04:00:00+00:00,Active,,,,,Photovoltaic,,,2028-09-30T04:00:00+00:00,,DPP-2023,Central,Study Not Started,ERIS,150.0,0.0,0.0,0.0,
J3318,,,Sullivan,IN,Merom 345 kV Substation,HOOSIER ENERGY,Hybrid,300.0,300.0,300.0,2024-04-15T04:00:00+00:00,Withdrawn,,2025-09-25T04:00:00+00:00,,,Solar/Battery,,,2028-06-01T04:00:00+00:00,,DPP-2023,Central,Study Not Started,NRIS,0.0,0.0,0.0,0.0,
J3325,,,Cherokee,IA,LITTLE SIOUX - LEMARS TAP 161.0kV,MIDAMERICAN ENERGY CO. MEC,Wind,140.0,140.0,140.0,2024-04-17T04:00:00+00:00,Withdrawn,,2025-09-30T04:00:00+00:00,,,Wind Turbine,,,2028-05-01T04:00:00+00:00,,DPP-2023,West,Study Not Started,NRIS,0.0,0.0,0.0,0.0,
J3326,,,Lyon,MN,Other_,MISSOURI RIVER ENERGY SERVICES - TRANSMISSION,Wind,250.0,250.0,250.0,2024-04-18T04:00:00+00:00,Active,,,,,Wind Turbine,,,2028-05-01T04:00:00+00:00,,DPP-2023,West,Study Not Started,NRIS,250.0,250.0,0.0,0.0,
J4000,,,Scott,IL,7MEREDOSIA - 7TURNER 345.0kV,AMEREN TRANSMISSION COMPANY OF ILLINOIS,Solar,343.0,343.0,343.0,2025-04-29T04:00:00+00:00,Active,,,,,Photovoltaic,,,2030-01-28T05:00:00+00:00,,DPP-2025,Central,Phase 1,NRIS,343.0,343.0,0.0,0.0,
J4006,,,Ringgold,IA,Orient - Denny 345kV,MIDAMERICAN ENERGY CO. MEC,Wind,289.8,289.8,289.8,2025-05-07T04:00:00+00:00,Active,,,,,Wind Turbine,,,2030-09-02T04:00:00+00:00,,DPP-2025,West,Phase 1,ERIS,289.8,289.8,0.0,0.0,
J3967,,,Huron,MI,MINDEN,ITC,Wind,170.0,170.0,170.0,2025-04-01T04:00:00+00:00,Active,,,,,Wind Turbine,,,2029-12-01T05:00:00+00:00,,DPP-2026,East (ITC),,NRIS,0.0,0.0,0.0,0.0,
J3966,,,Huron,MI,GRASSMERE,ITC,Wind,318.0,318.0,318.0,2025-04-01T04:00:00+00:00,Active,,,,,Wind Turbine,,,2029-12-01T05:00:00+00:00,,DPP-2026,East (ITC),,NRIS,0.0,0.0,0.0,0.0,
J3338,,,Hamilton,IL,7W_FRFT_E - 7NORRIS   345.0kV,AMEREN ILLINOIS,Wind,199.99,199.99,199.99,2024-04-18T04:00:00+00:00,Active,,,,,Wind Turbine,,,2028-10-28T04:00:00+00:00,,DPP-2023,Central,Study Not Started,NRIS,200.0,200.0,0.0,0.0,
J3353,,,Champaign,IL,Rising,AMEREN TRANSMISSION COMPANY OF ILLINOIS,Solar,191.3,191.3,191.3,2024-04-18T04:00:00+00:00,Active,,,,,Photovoltaic,,,2028-08-01T04:00:00+00:00,,DPP-2023,Central,Study Not Started,ERIS,191.3,0.0,0.0,0.0,
J3367,,,Avoyelles,LA,Marksville - Yellow Bayou 138.0kV,CLECO POWER LLC CLEC,Solar,88.0,88.0,88.0,2024-04-17T04:00:00+00:00,Withdrawn,,2025-01-10T05:00:00+00:00,,,Photovoltaic,,,2028-05-01T04:00:00+00:00,,DPP-2023,South,Study Not Started,NRIS,0.0,0.0,0.0,0.0,
J3385,,,Pike,IL,Pittsfield Trans. - Liberty 138.0kV,"PRAIRIE POWER, INC. PPI",Solar,50.0,50.0,50.0,2024-04-17T04:00:00+00:00,Withdrawn,,2025-07-31T04:00:00+00:00,,,Photovoltaic,,,2027-10-01T04:00:00+00:00,,DPP-2023,Central,Study Not Started,NRIS,0.0,0.0,0.0,0.0,
J3366,,,Sunflower,MS,INDIANOLA 230/115 SUB - TILLATOBA 230.0kV,"ENTERGY MISSISSIPPI, LLC. EMTO",Wind,150.0,150.0,150.0,2024-04-16T04:00:00+00:00,Withdrawn,,2025-08-18T04:00:00+00:00,,,Wind Turbine,,,2028-03-31T04:00:00+00:00,,DPP-2023,South,Study Not Started,NRIS,0.0,0.0,0.0,0.0,
J3369,,,Scott,MN,BLUE LAKE,NORTHERN STATES POWER COMPANY,Battery Storage,200.0,200.0,200.0,2024-03-28T04:00:00+00:00,Withdrawn,,2025-12-23T05:00:00+00:00,,,Battery Storage,,,2028-01-15T05:00:00+00:00,,DPP-2023,West,Study Not Started,NRIS,0.0,0.0,0.0,0.0,
J3826,,,Holmes,MS,3Pickens,"ENTERGY MISSISSIPPI, LLC. EMTO",Solar,198.0,198.0,198.0,2025-10-27T04:00:00+00:00,Withdrawn,,2025-12-23T05:00:00+00:00,,,Photovoltaic,,,2026-11-01T04:00:00+00:00,,DPP-2023,South,Study Not Started,NRIS,0.0,0.0,0.0,0.0,
R5066,,,Columbia,WI,Columbia,AMERICAN TRANSMISSION COMPANY,Compressed Air Storage,20.2,20.2,20.2,2025-04-10T04:00:00+00:00,Active,,,,,Battery Storage,,,,,,,,,0.0,0.0,0.0,0.0,
J3390,,,Miami,IN,Kokomo East - Converse 69.0kV,"DUKE ENERGY INDIANA, LLC CIN",Solar,37.0,37.0,37.0,2024-04-17T04:00:00+00:00,Withdrawn,,2025-07-31T04:00:00+00:00,,,Photovoltaic,,,2027-10-01T04:00:00+00:00,,DPP-2023,Central,Study Not Started,NRIS,0.0,0.0,0.0,0.0,
J3391,,,Coles,IL,7CASEY    - 7KANSAS   345.0kV,AMEREN ILLINOIS,Wind,200.3,200.3,200.3,2024-04-10T04:00:00+00:00,Active,,,,,Wind Turbine,,,2027-09-15T04:00:00+00:00,,DPP-2023,Central,Study Not Started,ERIS,200.3,0.0,0.0,0.0,
J3389,,,Clay,IL,4KINMUNDY S - 4TANNER 138.0kV,AMEREN ILLINOIS,Solar,150.0,150.0,150.0,2024-03-27T04:00:00+00:00,Withdrawn,,2025-09-29T04:00:00+00:00,,,Photovoltaic,,,2028-09-01T04:00:00+00:00,,DPP-2023,Central,Study Not Started,NRIS,0.0,0.0,0.0,0.0,
J3386,,,Calhoun,AR,SHERIDAN EHV - EL DORADO EHV 500.0kV,"ENTERGY ARKANSAS, LLC EATO",Solar,500.0,500.0,500.0,2024-04-18T04:00:00+00:00,Withdrawn,,2025-09-26T04:00:00+00:00,,,Photovoltaic,,,2028-09-30T04:00:00+00:00,,DPP-2023,South,Study Not Started,NRIS,0.0,0.0,0.0,0.0,
J3943,,,Vigo,IN,Sandford,"DUKE ENERGY INDIANA, LLC CIN",Solar,337.0,337.0,337.0,2025-02-21T05:00:00+00:00,Withdrawn,,2026-04-14T04:00:00+00:00,,,Photovoltaic,,,2030-06-01T04:00:00+00:00,,DPP-2025,Central,Phase 1,NRIS,0.0,0.0,0.0,0.0,
S1108,,,LaGrange,IN,LAGRANGE,NORTHERN INDIANA PUBLIC SERVICE COMPANY LLC NIPS,Battery Storage,100.0,100.0,100.0,2025-07-18T04:00:00+00:00,Active,,,,,Battery Storage,,,2027-06-30T04:00:00+00:00,,,,,SIS,0.0,0.0,0.0,0.0,
J3308,,,Woodruff,AR,MOSES SWYD - AECC HUNTER NORTH 161.0kV,"ENTERGY ARKANSAS, LLC EATO",Solar,180.0,180.0,180.0,2024-04-17T04:00:00+00:00,Withdrawn,,2025-12-23T05:00:00+00:00,,,Photovoltaic,,,2027-01-31T05:00:00+00:00,,DPP-2023,South,Study Not Started,NRIS,0.0,0.0,0.0,0.0,
J3328,,,Vermilion,IL,Hoopeston West,AMEREN ILLINOIS,Wind,150.0,150.0,150.0,2024-04-18T04:00:00+00:00,Withdrawn,,2025-09-30T04:00:00+00:00,,,Wind Turbine,,,2028-05-01T04:00:00+00:00,,DPP-2023,Central,Study Not Started,NRIS,0.0,0.0,0.0,0.0,
J3913,,,Amite,MS,GLOSTER - LIBERTY 115.0kV,"ENTERGY MISSISSIPPI, LLC. EMTO",Solar,140.0,140.0,140.0,2024-10-25T04:00:00+00:00,Withdrawn,,2026-04-15T04:00:00+00:00,,,Photovoltaic,,,2030-09-02T04:00:00+00:00,,DPP-2025,South,Phase 1,NRIS,0.0,0.0,0.0,0.0,
J3915,,,Perry,MS,Purvis Bulk 161 - Hintonville 161 161.0kV,COOPERATIVE ENERGY SMEP,Solar,125.0,125.0,125.0,2024-10-25T04:00:00+00:00,Withdrawn,,2025-10-28T04:00:00+00:00,,,Photovoltaic,,,2030-09-02T04:00:00+00:00,,DPP-2025,South,Phase 1,E-NRIS,0.0,0.0,0.0,0.0,
J3330,,,Kenosha,WI,Pleasant Prairie - Arcadian 345.0kV,AMERICAN TRANSMISSION COMPANY,Gas,705.0,705.0,705.0,2024-04-17T04:00:00+00:00,Withdrawn,,2025-09-11T04:00:00+00:00,,,Combustion Turbine (Simple Cycle),,,2028-05-01T04:00:00+00:00,,DPP-2023,East (ATC),Study Not Started,NRIS,0.0,0.0,0.0,0.0,
J3351,,,Putnam,IL,Hickok,AMEREN ILLINOIS,Battery Storage,100.0,100.0,100.0,2024-04-04T04:00:00+00:00,Withdrawn,,2025-03-13T04:00:00+00:00,,,Battery Storage,,,2028-06-30T04:00:00+00:00,,DPP-2023,Central,Study Not Started,NRIS,0.0,0.0,0.0,0.0,
J3361,,,Bay,MI,Other_,ITC,Wind,254.0,254.0,254.0,2024-04-12T04:00:00+00:00,Active,,,,,Wind Turbine,,,2027-12-03T05:00:00+00:00,,DPP-2023,East (ITC),Study Not Started,NRIS,254.0,254.0,0.0,0.0,
J3399,,,Goodhue,MN,Hampton - Prairie Island 345.0kV,NORTHERN STATES POWER COMPANY,Solar,300.0,300.0,300.0,2024-04-09T04:00:00+00:00,Active,,,,,Photovoltaic,,,2028-08-01T04:00:00+00:00,,DPP-2023,West,Study Not Started,NRIS,300.0,300.0,0.0,0.0,
J3388,,,Calhoun,AR,SHERIDAN EHV - EL DORADO EHV 500.0kV,"ENTERGY ARKANSAS, LLC EATO",Solar,400.0,400.0,400.0,2024-04-18T04:00:00+00:00,Withdrawn,,2025-09-26T04:00:00+00:00,,,Photovoltaic,,,2028-09-30T04:00:00+00:00,,DPP-2023,South,Study Not Started,NRIS,0.0,0.0,0.0,0.0,
J3972,,,Liberty,TX,CHINA - STOWELL 230.0kV,"ENTERGY TEXAS, INC. ETTO",Wind,200.0,200.0,200.0,2025-03-26T04:00:00+00:00,Withdrawn,,2025-09-24T04:00:00+00:00,,,Wind Turbine,,,2029-03-18T04:00:00+00:00,,DPP-2025,South,Phase 1,NRIS,0.0,0.0,0.0,0.0,
J4004,,,Peoria,IL,Other_,AMEREN ILLINOIS,Solar,392.0,392.0,392.0,2025-05-03T04:00:00+00:00,Withdrawn,,2026-01-07T05:00:00+00:00,,,Photovoltaic,,,2032-10-31T04:00:00+00:00,,DPP-2025,Central,Phase 1,NRIS,0.0,0.0,0.0,0.0,
J4001,,,Marion,MO,7MAYWOOD - 7PALMYRA  345.0kV,AMEREN MISSOURI,Solar,245.0,245.0,245.0,2025-04-29T04:00:00+00:00,Active,,,,,Photovoltaic,,,2030-01-31T05:00:00+00:00,,DPP-2025,Central,Phase 1,NRIS,245.0,245.0,0.0,0.0,
J4002,,,Edgar,IL,7KANSAS   - 08SUGCRK 345.0kV,AMEREN TRANSMISSION COMPANY OF ILLINOIS,Battery Storage,200.0,200.0,200.0,2025-04-30T04:00:00+00:00,Active,,,,,Battery Storage,,,2030-09-30T04:00:00+00:00,,DPP-2025,Central,Phase 1,NRIS,200.0,200.0,0.0,0.0,
J4003,,,Edgar,IL,7KANSAS - 08SUGCRK 345.0kV,AMEREN TRANSMISSION COMPANY OF ILLINOIS,Solar,200.0,200.0,200.0,2025-04-30T04:00:00+00:00,Active,,,,,Photovoltaic,,,2030-09-30T04:00:00+00:00,,DPP-2025,Central,Phase 1,NRIS,200.0,200.0,0.0,0.0,
J3887,,,Montcalm,MI,KENOWA - NELSON ROAD 345.0kV,METC,Wind,300.0,300.0,300.0,2025-01-10T05:00:00+00:00,Withdrawn,,2026-02-20T05:00:00+00:00,,,Wind Turbine,,,2030-12-31T05:00:00+00:00,,DPP-2025,East (ITC),Phase 1,NRIS,0.0,0.0,0.0,0.0,
J4071,,,Livingston,LA,COLY,"ENTERGY LOUISIANA, LLC",Gas,1500.0,1500.0,1500.0,2025-10-07T04:00:00+00:00,Withdrawn,,2026-01-20T05:00:00+00:00,,,Combined Cycle,,,2030-06-30T04:00:00+00:00,,DPP-2026,South,,NRIS,0.0,0.0,0.0,0.0,
J4005,,,Sullivan,IN,Petersburg - Sullivan (AEP/PJM) 345.0kV,HOOSIER ENERGY,Gas,500.0,500.0,500.0,2025-05-01T04:00:00+00:00,Active,,,,,Combined Cycle,,,2028-02-29T05:00:00+00:00,,DPP-2025,Central,Phase 1,NRIS,500.0,500.0,0.0,0.0,
R5065,,,Allamakee,IA,Lansing,ITC MIDWEST,Battery Storage,130.0,130.0,130.0,2025-04-09T04:00:00+00:00,Done,,,,,Battery Storage,,,,,,,,,0.0,0.0,0.0,0.0,
J3944,,,Bureau,IL,4BUREAU - 4PRN_MUNI TP 138.0kV,AMEREN ILLINOIS,Solar,200.0,200.0,200.0,2025-02-20T05:00:00+00:00,Withdrawn,,2026-04-14T04:00:00+00:00,,,Photovoltaic,,,2030-06-01T04:00:00+00:00,,DPP-2025,Central,Phase 1,NRIS,0.0,0.0,0.0,0.0,
J3953,,,Faulkner,AR,BONO - GREENBRIER 161.0kV,"ENTERGY ARKANSAS, LLC EATO",Solar,90.0,90.0,90.0,2024-11-05T05:00:00+00:00,Withdrawn,,2026-04-15T04:00:00+00:00,,,Photovoltaic,,,2028-12-15T05:00:00+00:00,,DPP-2025,South,Phase 1,NRIS,0.0,0.0,0.0,0.0,
J3965,,,Christian,IL,7LATHAM - KINCAID  ; B 345.0kV,AMEREN ILLINOIS,Solar,401.8,401.8,401.8,2025-04-07T04:00:00+00:00,Withdrawn,,2025-12-22T05:00:00+00:00,,,Photovoltaic,,,2030-01-30T05:00:00+00:00,,DPP-2025,Central,Phase 1,NRIS,0.0,0.0,0.0,0.0,
J3964,,,Brookings,SD,Split Rock - White (WAPA) 345.0kV,NORTHERN STATES POWER COMPANY,Solar,490.0,490.0,490.0,2025-04-07T04:00:00+00:00,Active,,,,,Photovoltaic,,,2030-01-31T05:00:00+00:00,,DPP-2025,West,Phase 1,NRIS,490.0,490.0,0.0,0.0,
J3914,,,Jefferson Davis,LA,COMPTON CO,"ENTERGY LOUISIANA, LLC ELTO",Solar,85.0,85.0,85.0,2024-10-25T04:00:00+00:00,Withdrawn,,2026-04-15T04:00:00+00:00,,,Photovoltaic,,,2030-09-02T04:00:00+00:00,,DPP-2025,South,Phase 1,NRIS,0.0,0.0,0.0,0.0,
J4070,,,Emmons,ND,Linton NW,MONTANA-DAKOTA UTILITIES CO.,Solar,40.0,40.0,40.0,2025-10-07T04:00:00+00:00,Active,,,,,Photovoltaic,,,2030-06-28T04:00:00+00:00,,DPP-2026,West,,NRIS,0.0,0.0,0.0,0.0,
J3916,,,Saline,IL,4HARCO    - 4MUDDY    138.0kV,AMEREN ILLINOIS,Solar,100.0,100.0,100.0,2024-10-25T04:00:00+00:00,Active,,,,,Photovoltaic,,,2030-09-02T04:00:00+00:00,,DPP-2025,Central,Phase 1,NRIS,100.0,100.0,0.0,0.0,
J4075,,,St. Landry,LA,Ville Platte - West Fork 230.0kV,CLECO POWER LLC,Battery Storage,300.0,300.0,300.0,2025-10-06T04:00:00+00:00,Withdrawn,,2026-04-15T04:00:00+00:00,,,Battery Storage,,,2030-06-30T04:00:00+00:00,,DPP-2025,South,Phase 1,NRIS,0.0,0.0,0.0,0.0,
S1128,,,Sangamon,IL,343515 Chatham Main - 346555 North Aurburn (Ameren) 138.0kV,,Battery Storage,100.0,100.0,100.0,2025-11-20T05:00:00+00:00,Active,,,,,Battery Storage,,,2030-05-10T04:00:00+00:00,,,,,SIS,0.0,0.0,0.0,0.0,
S1123,,,Beauregard,LA,Cole - Penton Road 230.0kV,CLECO POWER LLC CLEC,Battery Storage,200.0,200.0,200.0,2025-10-21T04:00:00+00:00,Active,,,,,Battery Storage,,,2027-03-29T04:00:00+00:00,,,,,SIS,0.0,0.0,0.0,0.0,
J4195,,,Clinton,MI,GREENWOOD - RAPSON 345.0kV,ITC,Wind,300.0,300.0,300.0,2025-10-09T04:00:00+00:00,Pending Revision Approval,,,,,Wind Turbine,,,2030-04-02T04:00:00+00:00,,DPP-2026,East (ITC),,ERIS,0.0,0.0,0.0,0.0,
S1127,,,Washington,MS,GERALD ANDRUS SES SWYD - TINNIN ROAD 230.0kV,"ENTERGY MISSISSIPPI, LLC. EMTO",Battery Storage,170.0,170.0,170.0,2025-11-10T05:00:00+00:00,Active,2030-06-01T04:00:00+00:00,,,,Battery Storage,,,2027-06-01T04:00:00+00:00,,,,,SIS,0.0,0.0,0.0,0.0,
S1163,,,Newton,IN,MORRISON DITCH,NORTHERN INDIANA PUBLIC SERVICE COMPANY LLC,Battery Storage,150.0,150.0,150.0,2026-02-16T19:38:17+00:00,Active,,,,,Battery Storage,,,2028-05-01T04:00:00+00:00,,DPP-2026,Central,,SIS,0.0,0.0,0.0,0.0,
J4171,,,Racine,WI,138 kV Jupiter Substation (#50167),AMERICAN TRANSMISSION COMPANY,Battery Storage,300.0,300.0,300.0,2025-10-07T04:00:00+00:00,Withdrawn,,2026-01-05T05:00:00+00:00,,,Battery Storage,,,2029-04-30T04:00:00+00:00,,DPP-2025,East (ATC),Phase 1,NRIS,0.0,0.0,0.0,0.0,
S1129,,,Portage,WI,Arnott - Golden Sands 138.0kV,AMERICAN TRANSMISSION COMPANY,Battery Storage,50.31,50.31,50.31,2025-10-07T04:00:00+00:00,Active,,,,,Battery Storage,,,2026-03-21T04:00:00+00:00,,,,,SIS,0.0,0.0,0.0,0.0,
J4189,,,Sunflower,MS,ROUNDAWAY SS (CE) - CLARKSDALE 115.0kV,"ENTERGY MISSISSIPPI, LLC.",Solar,200.0,200.0,200.0,2025-10-06T04:00:00+00:00,Withdrawn,,2026-04-16T04:00:00+00:00,,,Photovoltaic,,,2030-04-01T04:00:00+00:00,,DPP-2025,South,Phase 1,NRIS,0.0,0.0,0.0,0.0,
J3993,,,Wayne,IL,Geff,HOOSIER ENERGY,Solar,21.44,21.44,21.44,2025-04-29T04:00:00+00:00,Withdrawn,,2026-04-14T04:00:00+00:00,,,Photovoltaic,,,2027-02-01T05:00:00+00:00,,DPP-2025,Central,Phase 1,NRIS,0.0,0.0,0.0,0.0,
S1088,,,Benton,MN,GRE-BENTON 7 115kV,GREAT RIVER ENERGY,Battery Storage,100.0,100.0,100.0,2025-03-17T04:00:00+00:00,Active,,,,,Battery Storage,,,2027-06-30T04:00:00+00:00,,,,,SIS,0.0,0.0,0.0,0.0,
S1114,,,Scott,IL,Alsey Generation Station,AMEREN ILLINOIS,Solar,168.8,168.8,168.8,2025-08-19T04:00:00+00:00,Active,,,,,Photovoltaic,,,2028-09-30T04:00:00+00:00,,,,,SIS,0.0,0.0,0.0,0.0,
J4084,,,Jefferson,TX,Rhodair,"ENTERGY TEXAS, INC.",Waste Heat Recovery,0.0,0.0,0.0,2025-06-19T04:00:00+00:00,Active,,,,,Co-gen,,,2025-11-01T04:00:00+00:00,,0MW GIA,NA,,ERIS,0.0,0.0,0.0,0.0,
J4029,,,Mississippi,AR,Hybar 230kV,ENTERGY ARKANSAS INC. EAI,Hybrid,85.0,85.0,85.0,2025-06-03T04:00:00+00:00,Active,,,,,Solar/Battery,,,2025-08-31T04:00:00+00:00,,DPP-2025,South,Phase 1,NRIS,85.0,85.0,0.0,0.0,
J3999,,,Vermillion,IN,Sugar Creek - Cayuga CT  345.0kV,"DUKE ENERGY INDIANA, LLC CIN",Gas,1540.0,1540.0,1540.0,2025-04-14T04:00:00+00:00,Active,,,,,Combined Cycle,,,2030-01-02T05:00:00+00:00,,DPP-2025,Central,Phase 1,NRIS,1540.0,1540.0,0.0,0.0,
J4197,,,Drew,AR,MONTICELLO EAST - REED SS 115.0kV,"ENTERGY ARKANSAS, LLC",Hybrid,200.0,200.0,200.0,2025-09-05T04:00:00+00:00,Withdrawn,,2026-02-26T05:00:00+00:00,,,Photovoltaic,,,2030-10-30T04:00:00+00:00,,DPP-2025,South,Phase 1,NRIS,0.0,0.0,0.0,0.0,
J4191,,,Iberville,LA,WEBRE,"ENTERGY ARKANSAS, LLC EATO",Gas,805.0,755.0,805.0,2025-10-07T04:00:00+00:00,Active,,,,,Combined Cycle,,,2030-01-02T05:00:00+00:00,,DPP-2026,South,,NRIS,0.0,0.0,0.0,0.0,
J4007,,,Peoria,IL,7FARGO - 7SANDBURG 345.0kV,AMEREN TRANSMISSION COMPANY OF ILLINOIS,Wind,150.0,150.0,150.0,2025-05-15T04:00:00+00:00,Active,,,,,Wind Turbine,,,2027-11-01T04:00:00+00:00,,DPP-2025,Central,Phase 1,NRIS,150.0,150.0,0.0,0.0,
J4008,,,Henry,IN,Greensboro  -  New Castle 138 138.0kV,"DUKE ENERGY INDIANA, LLC CIN",Solar,150.0,150.0,150.0,2025-05-02T04:00:00+00:00,Withdrawn,,2026-01-05T05:00:00+00:00,,,Photovoltaic,,,2027-08-01T04:00:00+00:00,,DPP-2025,Central,Phase 1,NRIS,0.0,0.0,0.0,0.0,
S1084,,,Greene,IN,Worthington,HOOSIER ENERGY,Battery Storage,150.0,150.0,150.0,2025-01-13T05:00:00+00:00,Active,,,,,Battery Storage,,,2029-09-01T04:00:00+00:00,,,,,SIS,0.0,0.0,0.0,0.0,
J4058,,,Huron,MI,WYATT,ITC,Battery Storage,250.0,250.0,250.0,2025-08-22T04:00:00+00:00,Active,,,,,Battery Storage,,,2028-06-01T04:00:00+00:00,,DPP-2026,East (ITC),,NRIS,0.0,0.0,0.0,0.0,
S1098,,,Itasca,MN,Boswell 230kV,MINNESOTA POWER INC.,Solar,85.01,85.01,85.01,2025-05-30T04:00:00+00:00,Withdrawn,,2025-12-18T05:00:00+00:00,,,Photovoltaic,,,2027-01-01T05:00:00+00:00,,,,,SIS,0.0,0.0,0.0,0.0,
J3830,,,,IL,Other_,AMEREN ILLINOIS,Wind,225.0,225.0,225.0,2024-04-16T04:00:00+00:00,Active,,,,,Wind Turbine,,,2028-06-01T04:00:00+00:00,,DPP-2023,Central,Study Not Started,NRIS,225.0,225.0,0.0,0.0,
J4090,,,Schuyler,MO,Other_,ITC MIDWEST,Solar,200.0,200.0,200.0,2025-10-07T04:00:00+00:00,Withdrawn,,2026-03-17T04:00:00+00:00,,,Photovoltaic,,,2030-06-30T04:00:00+00:00,,DPP-2026,Central,,NRIS,0.0,0.0,0.0,0.0,
J4091,,,Otter Tail,MN,ALEXANDRIA - BISON 345.0kV,GREAT RIVER ENERGY,Solar,295.0,295.0,295.0,2025-10-06T04:00:00+00:00,Withdrawn,,2026-04-15T04:00:00+00:00,,,Photovoltaic,,,2030-06-30T04:00:00+00:00,,DPP-2025,West,Phase 1,NRIS,0.0,0.0,0.0,0.0,
J3998,,,Cerro Gordo,IA,Killdeer - Quinn 345kV,ITC MIDWEST,Solar,450.0,450.0,450.0,2025-02-25T05:00:00+00:00,Withdrawn,,2025-11-14T05:00:00+00:00,,,Photovoltaic,,,2030-06-01T04:00:00+00:00,,DPP-2025,West,Phase 1,NRIS,0.0,0.0,0.0,0.0,
S1090,,,Kenosha,WI,EAST PARIS,AMERICAN TRANSMISSION COMPANY,Gas,133.0,133.0,133.0,2025-01-31T05:00:00+00:00,Active,,,,,Combustion Turbine (Simple Cycle),,,2026-09-24T04:00:00+00:00,,,,,SIS,0.0,0.0,0.0,0.0,
J4060,,,McLeod,MN,Blue Lake - MCLEOD (GRE) 230.0kV,NORTHERN STATES POWER COMPANY,Battery Storage,129.0,129.0,129.0,2025-08-20T04:00:00+00:00,Withdrawn,,2026-01-02T05:00:00+00:00,,,Battery Storage,,,2030-12-01T05:00:00+00:00,,DPP-2025,West,Phase 1,NRIS,0.0,0.0,0.0,0.0,
J4059,,,McLeod,MN,Blue Lake - MCLEOD (GRE) 230.0kV,NORTHERN STATES POWER COMPANY,Solar,129.0,129.0,129.0,2025-08-20T04:00:00+00:00,Active,,,,,Photovoltaic,,,2030-12-01T05:00:00+00:00,,DPP-2025,West,Phase 1,NRIS,129.0,129.0,0.0,0.0,
J4092,,,Beauregard,LA,Deridder - Longville 138.0kV,CLECO POWER LLC CLEC,Solar,200.0,200.0,200.0,2025-10-07T04:00:00+00:00,Active,,,,,Photovoltaic,,,2030-01-01T05:00:00+00:00,,DPP-2026,South,,NRIS,0.0,0.0,0.0,0.0,
J4147,,,Clay,MN,ALEXANDRIA - BISON 345.0kV,GREAT RIVER ENERGY,Solar,245.0,245.0,245.0,2025-10-03T04:00:00+00:00,Active,,,,,Photovoltaic,,,2030-01-31T05:00:00+00:00,,DPP-2025,West,Phase 1,ERIS,245.0,0.0,0.0,0.0,
S1078,,,Rock,MN,Magnolia,ITC MIDWEST,Battery Storage,72.0,72.0,72.0,2025-02-18T05:00:00+00:00,Active,2028-02-28T05:00:00+00:00,,,,Battery Storage,,,2027-06-15T04:00:00+00:00,,,,,SIS,0.0,0.0,0.0,0.0,
S1110,,,Chisago,MN,CHISAGO COUNTY,NORTHERN STATES POWER COMPANY,Battery Storage,100.0,100.0,100.0,2025-08-22T04:00:00+00:00,Active,2027-01-31T05:00:00+00:00,,,,Battery Storage,,,2027-02-01T05:00:00+00:00,,,,,SIS,0.0,0.0,0.0,0.0,
J4088,,,Lee,AR,Wheatley 500 kV Switching Station (being built by J1710 & J1820),"ENTERGY ARKANSAS, LLC",Hybrid,340.0,340.0,340.0,2025-10-06T04:00:00+00:00,Active,,,,,Solar/Battery,,,2028-03-01T05:00:00+00:00,,DPP-2025,South,Phase 1,NRIS,340.0,170.0,0.0,0.0,
J4115,,,Fond du Lac,WI,South Fond du Lac - Fitzgerald 345.0kV,AMERICAN TRANSMISSION COMPANY,Gas,525.0,525.0,525.0,2025-10-06T04:00:00+00:00,Active,,,,,Combustion Turbine (Simple Cycle),,,2028-06-30T04:00:00+00:00,,DPP-2025,East (ATC),Phase 1,NRIS,525.0,0.0,0.0,0.0,
J4199,,,Fulton,IL,Canton South,AMEREN ILLINOIS,Battery Storage,200.0,200.0,200.0,2025-09-29T04:00:00+00:00,Active,,,,,Battery Storage,,,2029-06-30T04:00:00+00:00,,DPP-2026,Central,,NRIS,0.0,0.0,0.0,0.0,
J4089,,,Freeborn,MN,Hayward,ITC MIDWEST,Battery Storage,250.0,250.0,250.0,2025-10-07T04:00:00+00:00,Withdrawn,,2026-06-11T04:00:00+00:00,,,Battery Storage,,,2029-06-01T04:00:00+00:00,,DPP-2026,West,,NRIS,0.0,0.0,0.0,0.0,
J4161,,,Watonwan,MN,Lakefield Generation SW - LAKEFIELD JCT 345.0kV,NORTHERN STATES POWER COMPANY,Solar,1000.0,1000.0,1000.0,2025-09-26T04:00:00+00:00,Withdrawn,,2026-04-15T04:00:00+00:00,,,Photovoltaic,,,2030-09-30T04:00:00+00:00,,DPP-2025,West,Phase 1,NRIS,0.0,0.0,0.0,0.0,
J4204,,,Marion,IL,South Belleville,AMEREN ILLINOIS,Battery Storage,200.0,200.0,200.0,2025-12-03T19:39:47+00:00,Active,,,,,Battery Storage,,,2031-06-01T04:00:00+00:00,,DPP-2026,Central,,NRIS,0.0,0.0,0.0,0.0,
J4162,,,Stearns,MN,Quarry - Alexandria 345.0kV,NORTHERN STATES POWER COMPANY,Battery Storage,300.0,300.0,300.0,2025-09-29T04:00:00+00:00,Withdrawn,,2026-01-05T05:00:00+00:00,,,Battery Storage,,,2028-04-03T04:00:00+00:00,,DPP-2025,West,Phase 1,NRIS,0.0,0.0,0.0,0.0,
S1126,,,Knox,IN,Edwardsport Station IGCC,"DUKE ENERGY INDIANA, LLC CIN",Battery Storage,50.0,50.0,50.0,2025-10-23T04:00:00+00:00,Active,,,,,Battery Storage,,,2029-05-31T04:00:00+00:00,,,,,SIS,0.0,0.0,0.0,0.0,
J4190,,,Iberville,LA,WILLOW GLEN 230 SWYD,"ENTERGY LOUISIANA, LLC",Gas,707.0,707.0,707.0,2025-10-06T04:00:00+00:00,Withdrawn,,2026-04-14T04:00:00+00:00,,,Combined Cycle,,,2030-06-14T04:00:00+00:00,,DPP-2025,South,Phase 1,NRIS,0.0,0.0,0.0,0.0,
J4173,,,Wapello,IA,Ottumwa Generating St. 161 kV,ITC MIDWEST,Battery Storage,199.0,199.0,199.0,2025-10-07T04:00:00+00:00,Active,,,,,Battery Storage,,,2028-12-31T05:00:00+00:00,,DPP-2026,West,,NRIS,0.0,0.0,0.0,0.0,
J4201,,,Beauregard,LA,Cole,CLECO POWER LLC,Hybrid,250.0,250.0,250.0,2025-09-30T04:00:00+00:00,Withdrawn,,2026-04-16T04:00:00+00:00,,,Solar/Battery,,,2029-08-24T04:00:00+00:00,,DPP-2025,South,Phase 1,NRIS,0.0,0.0,0.0,0.0,
S1112,,,Pike,IN,Cato 138/69kV (facilities above 100kV),SOUTHERN INDIANA GAS & ELECTRIC COMPANY D/B/A CENTERPOINT ENERGY INDIANA SOUTH,Battery Storage,130.0,130.0,130.0,2025-08-11T04:00:00+00:00,Active,2027-04-01T04:00:00+00:00,,,,Battery Storage,,,2027-09-30T04:00:00+00:00,,,,,SIS,0.0,0.0,0.0,0.0,
J4116,,,Walworth,WI,Sugar Creek 345 kV,AMERICAN TRANSMISSION COMPANY,Gas,950.0,950.0,950.0,2025-10-06T04:00:00+00:00,Active,,,,,Combined Cycle,,,2030-12-31T05:00:00+00:00,,DPP-2025,East (ATC),Phase 1,NRIS,950.0,950.0,0.0,0.0,
J4174,,,Poinsett,AR,MARKED TREE,"ENTERGY ARKANSAS, LLC",Battery Storage,140.0,140.0,140.0,2025-10-07T04:00:00+00:00,Active,,,,,Battery Storage,,,2030-06-30T04:00:00+00:00,,DPP-2026,South,,NRIS,0.0,0.0,0.0,0.0,
S1131,,,Perry,IL,7JORD - 7CMDR 345.0kV,AMEREN ILLINOIS,Battery Storage,200.0,200.0,200.0,2025-11-11T05:00:00+00:00,Active,,,,,Battery Storage,,,2027-12-01T05:00:00+00:00,,,,,SIS,0.0,0.0,0.0,0.0,
J3872,,,Wayne,MI,RIVER ROUGE,ITC,Battery Storage,350.0,350.0,350.0,2025-01-27T05:00:00+00:00,Active,,,,,Battery Storage,,,2029-01-05T05:00:00+00:00,,DPP-2025,East (ITC),Phase 1,NRIS,350.0,350.0,0.0,0.0,
J3903,,,Mower,MN,North Austin - Adams (ITC) 161.0kV,SOUTHERN MINNESOTA MUNICIPAL POWER AGENCY,Solar,185.0,185.0,185.0,2025-02-19T05:00:00+00:00,Active,,,,,Photovoltaic,,,2029-03-30T04:00:00+00:00,,DPP-2025,West,Phase 1,ERIS,185.0,0.0,0.0,0.0,
J3874,,,Union,AR,White Bluff EHV,"ENTERGY ARKANSAS, LLC EATO",Gas,770.0,770.0,770.0,2024-12-19T05:00:00+00:00,Active,,,,,Combined-Cycle – Steam Plant,,,2028-11-01T04:00:00+00:00,,DPP-2025,South,Phase 1,ERIS,770.0,0.0,0.0,0.0,
J3936,,,Kenosha,WI,PARIS 345kV Substation,AMERICAN TRANSMISSION COMPANY,Gas,133.0,133.0,133.0,2025-02-12T05:00:00+00:00,Active,,,,,Combustion Turbine (Simple Cycle),,,2027-01-01T05:00:00+00:00,,DPP-2025,East (ATC),Phase 1,NRIS,133.0,100.0,0.0,0.0,
R5085,,,,,,AMERICAN TRANSMISSION COMPANY,,0.0,0.0,0.0,2025-12-29T05:00:00+00:00,Active,,,,,,,,2026-09-30T04:00:00+00:00,,,,,NRIS,0.0,0.0,0.0,0.0,
J4211,,,,,,"ENTERGY ARKANSAS, LLC",,0.0,0.0,0.0,2025-11-15T02:56:26+00:00,Active,,,,,,,,2027-08-01T04:00:00+00:00,,0MW GIA,NA,,ERIS,0.0,0.0,0.0,0.0,
R5073,,,,,,"ENTERGY MISSISSIPPI, LLC. EMTO",,0.0,0.0,0.0,2025-12-17T05:00:00+00:00,Active,,,,,,,,2027-04-28T04:00:00+00:00,,,,,NRIS,0.0,0.0,0.0,0.0,
R5074,,,,,,NORTHERN INDIANA PUBLIC SERVICE COMPANY LLC NIPS,,0.0,0.0,0.0,2025-12-18T02:41:58+00:00,Active,,,,,,,,2025-08-01T04:00:00+00:00,,,,,NRIS,0.0,0.0,0.0,0.0,
S1149,,,,IL,,AMEREN ILLINOIS,,80.0,80.0,80.0,2026-02-09T05:00:00+00:00,Active,,,,,,,,2028-08-01T04:00:00+00:00,,NO_CYCLE,NO_GROUP,,SIS,0.0,0.0,0.0,0.0,
J2037,,,Olmsted,MN,Byron 345 kV Substation,SOUTHERN MINNESOTA MUNICIPAL POWER AGENCY,Solar,200.0,200.0,200.0,2021-07-20T04:00:00+00:00,Withdrawn,,2021-11-23T05:00:00+00:00,,,Photovoltaic,,,2024-10-31T04:00:00+00:00,,DPP-2021,West,Phase 2,NRIS,0.0,0.0,0.0,0.0,
J3597,,,Lonoke,AR,WEST MEMPHIS EHV - KEO EHV 500.0kV,"ENTERGY ARKANSAS, LLC EATO",Wind,348.0,348.0,348.0,2024-04-18T04:00:00+00:00,Active,,,,,Wind Turbine,,,2028-04-01T04:00:00+00:00,,DPP-2023,South,Study Not Started,NRIS,348.0,226.0,0.0,0.0,
J3594,,,Jefferson Davis,LA,ELTON - COMPTON TAP 69.0kV,"ENTERGY LOUISIANA, LLC ELTO",Solar,100.0,100.0,100.0,2024-04-17T04:00:00+00:00,Withdrawn,,2024-09-10T04:00:00+00:00,,,Photovoltaic,,,2026-12-30T05:00:00+00:00,,DPP-2023,South,Study Not Started,NRIS,0.0,0.0,0.0,0.0,
J3596,,,Harris,TX,BEVIL - CYPRESS 230.0kV,"ENTERGY TEXAS, INC. ETTO",Solar,460.0,460.0,460.0,2024-04-19T04:00:00+00:00,Withdrawn,,2025-04-17T04:00:00+00:00,,,Photovoltaic,,,2029-07-02T04:00:00+00:00,,DPP-2025,South,Phase 1,NRIS,0.0,0.0,0.0,0.0,
J3641,,,Dickinson,MI,Amberg - Plains 138.0kV,AMERICAN TRANSMISSION COMPANY,Solar,100.0,100.0,100.0,2024-04-18T04:00:00+00:00,Withdrawn,,2025-09-30T04:00:00+00:00,,,Photovoltaic,,,2028-10-16T04:00:00+00:00,,DPP-2023,East (ATC),Study Not Started,NRIS,0.0,0.0,0.0,0.0,
J1950,,,Gibson,IN,Francisco - Toyota 138kV,SOUTHERN INDIANA GAS & ELECTRIC COMPANY D/B/A CENTERPOINT ENERGY INDIANA SOUTH,Solar,83.16,83.16,83.16,2021-08-24T04:00:00+00:00,Withdrawn,,2021-12-08T05:00:00+00:00,,,Photovoltaic,,,2025-10-01T04:00:00+00:00,,DPP-2021,Central,Phase 2,NRIS,0.0,0.0,0.0,0.0,
J3736,,,Osage,MO,LOOSE CREEK,AMEREN MISSOURI,Battery Storage,100.0,100.0,100.0,2024-04-17T04:00:00+00:00,Active,,,,,Battery Storage,,,2027-12-03T05:00:00+00:00,,DPP-2023,Central,Study Not Started,NRIS,100.0,100.0,0.0,0.0,
J3737,,,Mills,IA,HASTINGS,MIDAMERICAN ENERGY CO. MEC,Battery Storage,100.0,100.0,100.0,2024-04-18T04:00:00+00:00,Withdrawn,,2025-10-24T04:00:00+00:00,,,Battery Storage,,,2028-06-01T04:00:00+00:00,,DPP-2023,West,Study Not Started,NRIS,0.0,0.0,0.0,0.0,
J3637,,,Otsego,MI,LIVINGSTON - TITTABAWASSEE 345.0kV,METC,Gas,90.0,90.0,90.0,2024-04-18T04:00:00+00:00,Withdrawn,,2025-12-23T05:00:00+00:00,,,Combustion Turbine (Simple Cycle),,,2027-06-30T04:00:00+00:00,,DPP-2023,East (ITC),Study Not Started,NRIS,0.0,0.0,0.0,0.0,
J3640,,,Shiawassee,MI,NELSON ROAD - STYX 345.0kV,METC,Wind,300.0,300.0,300.0,2024-04-17T04:00:00+00:00,Withdrawn,,2025-12-23T05:00:00+00:00,,,Wind Turbine,,,2028-04-01T04:00:00+00:00,,DPP-2023,East (ITC),Study Not Started,NRIS,0.0,0.0,0.0,0.0,
J3642,,,Dickinson,MI,Nordic,AMERICAN TRANSMISSION COMPANY,Solar,60.0,60.0,60.0,2024-04-18T04:00:00+00:00,Withdrawn,,2025-09-30T04:00:00+00:00,,,Photovoltaic,,,2028-10-16T04:00:00+00:00,,DPP-2023,East (ATC),Study Not Started,NRIS,0.0,0.0,0.0,0.0,
J4170,,,Richland,ND,Hankinson - Wahpeton 230.0kV,OTTER TAIL POWER COMPANY,Hybrid,172.0,172.0,172.0,2025-10-07T04:00:00+00:00,Active,,,,,Solar/Battery,,,2029-08-31T04:00:00+00:00,,DPP-2026,West,,NRIS,0.0,0.0,0.0,0.0,
J2204,,,St. Clair,IL,DUPO FERRY,AMEREN ILLINOIS,Battery Storage,200.0,200.0,200.0,2021-10-29T04:00:00+00:00,Withdrawn,,2021-12-08T05:00:00+00:00,,,Battery Storage,,,2024-09-30T04:00:00+00:00,,DPP-2021,Central,Phase 2,NRIS,0.0,0.0,0.0,0.0,
J1977,,,Washtenaw,MI,Trenton 120kV,METC,Battery Storage,50.0,50.0,50.0,2021-08-17T04:00:00+00:00,Withdrawn,,2021-12-09T05:00:00+00:00,,,Battery Storage,,,2024-10-01T04:00:00+00:00,,DPP-2021,East (ITC),Phase 3,NRIS,0.0,0.0,0.0,0.0,
J3716,,,Holmes,MS,INDIANOLA 230/115 SUB - MCADAMS EHV 230.0kV,"ENTERGY MISSISSIPPI, LLC. EMTO",Solar,199.0,199.0,199.0,2024-04-18T04:00:00+00:00,Withdrawn,,2025-09-24T04:00:00+00:00,,,Photovoltaic,,,2028-07-03T04:00:00+00:00,,DPP-2023,South,Study Not Started,NRIS,0.0,0.0,0.0,0.0,
J3595,,,Sunflower,MS,INDIANOLA 230/115 SUB - TILLATOBA 230.0kV,"ENTERGY MISSISSIPPI, LLC. EMTO",Solar,230.0,230.0,230.0,2024-04-18T04:00:00+00:00,Withdrawn,,2025-12-23T05:00:00+00:00,,,Photovoltaic,,,2028-09-02T04:00:00+00:00,,DPP-2023,South,Study Not Started,NRIS,0.0,0.0,0.0,0.0,
J3639,,,Columbia,WI,Columbia - Rockdale 345.0kV,AMERICAN TRANSMISSION COMPANY,Wind,250.0,250.0,250.0,2024-04-17T04:00:00+00:00,Active,,,,,Wind Turbine,,,2028-04-01T04:00:00+00:00,,DPP-2023,East (ATC),Study Not Started,NRIS,250.0,250.0,0.0,0.0,
J3666,,,Morgan,IN,Petersburg - Thompson 345.0kV,INDIANAPOLIS POWER & LIGHT COMPANY,Gas,263.7,263.7,263.7,2024-04-17T04:00:00+00:00,Active,,,,,Combustion Turbine (Simple Cycle),,,2028-09-30T04:00:00+00:00,,DPP-2023,Central,Study Not Started,NRIS,263.7,263.7,0.0,0.0,
J3667,,,Dickey,ND,Other_,OTTER TAIL POWER COMPANY OTP,Wind,200.0,200.0,200.0,2024-04-18T04:00:00+00:00,Withdrawn,,2025-04-17T04:00:00+00:00,,,Wind Turbine,,,2028-12-31T05:00:00+00:00,,DPP-2023,West,Study Not Started,NRIS,0.0,0.0,0.0,0.0,
J3638,,,Dickinson,MI,Amberg - Plains 138.0kV,AMERICAN TRANSMISSION COMPANY,Battery Storage,50.0,50.0,50.0,2024-04-18T04:00:00+00:00,Withdrawn,,2025-09-30T04:00:00+00:00,,,Battery Storage,,,2028-10-16T04:00:00+00:00,,DPP-2023,East (ATC),Study Not Started,NRIS,0.0,0.0,0.0,0.0,
J3636,,,Tuscola,MI,BAUER,ITC,Battery Storage,150.0,150.0,150.0,2024-04-18T04:00:00+00:00,Active,,,,,Battery Storage,,,2028-08-31T04:00:00+00:00,,DPP-2023,East (ITC),Study Not Started,NRIS,150.0,150.0,0.0,0.0,
J3685,,,Pike,IL,4HULL     - 4MEPPEN T 138.0kV,AMEREN ILLINOIS,Solar,100.0,100.0,100.0,2024-04-17T04:00:00+00:00,Active,,,,,Photovoltaic,,,2028-09-01T04:00:00+00:00,,DPP-2023,Central,Study Not Started,NRIS,100.0,100.0,0.0,0.0,
J3686,,,Christian,IL,4AUSTIN - 4TAYLORVL 138.0kV,AMEREN ILLINOIS,Solar,190.0,190.0,190.0,2024-04-17T04:00:00+00:00,Active,,,,,Photovoltaic,,,2028-09-01T04:00:00+00:00,,DPP-2023,Central,Study Not Started,NRIS,190.0,0.0,0.0,0.0,
J1981,,,Gibson,IN,Francisco - Toyota 138kV,SOUTHERN INDIANA GAS & ELECTRIC COMPANY D/B/A CENTERPOINT ENERGY INDIANA SOUTH,Battery Storage,15.0,15.0,15.0,2021-08-25T04:00:00+00:00,Withdrawn,,2021-12-08T05:00:00+00:00,,,Battery Storage,,,2025-10-01T04:00:00+00:00,,DPP-2021,Central,Phase 2,NRIS,0.0,0.0,0.0,0.0,
J2285,,,Polk,MN,Praire - Winger,OTTER TAIL POWER COMPANY OTP,Battery Storage,45.0,45.0,45.0,2021-07-14T04:00:00+00:00,Withdrawn,,2021-09-10T04:00:00+00:00,,,Battery Storage,,,2026-10-01T04:00:00+00:00,,DPP-2021,West,Phase 2,NRIS,0.0,0.0,0.0,0.0,
J3664,,,LaGrange,IN,Other_,NORTHERN INDIANA PUBLIC SERVICE COMPANY LLC NIPS,Hybrid,80.0,80.0,80.0,2024-04-15T04:00:00+00:00,Withdrawn,,2025-09-30T04:00:00+00:00,,,Solar/Battery,,,2028-12-30T05:00:00+00:00,,DPP-2023,Central,Study Not Started,NRIS,0.0,0.0,0.0,0.0,
J3665,,,Redwood,MN,Redwood Falls Tap - Redwood Falls West 115.0kV,SOUTHERN MINNESOTA MUNICIPAL POWER AGENCY,Battery Storage,100.0,100.0,100.0,2024-04-15T04:00:00+00:00,Withdrawn,,2025-09-30T04:00:00+00:00,,,Battery Storage,,,2028-12-30T05:00:00+00:00,,DPP-2023,West,Study Not Started,NRIS,0.0,0.0,0.0,0.0,
J3717,,,Yalobusha,MS,ENID - TILLATOBA 230.0kV,"ENTERGY MISSISSIPPI, LLC. EMTO",Solar,199.0,199.0,199.0,2024-04-18T04:00:00+00:00,Withdrawn,,2025-09-24T04:00:00+00:00,,,Photovoltaic,,,2028-07-03T04:00:00+00:00,,DPP-2023,South,Study Not Started,NRIS,0.0,0.0,0.0,0.0,
J3738,,,Vermilion,LA,Gueydan Entergy Power Station 69kV,"ENTERGY LOUISIANA, LLC ELTO",Solar,65.0,65.0,65.0,2024-04-18T04:00:00+00:00,Withdrawn,,2025-04-22T04:00:00+00:00,,,Photovoltaic,,,2026-12-09T05:00:00+00:00,,DPP-2023,South,Study Not Started,NRIS,0.0,0.0,0.0,0.0,
J1928,,,Grant,WI,Hill Valley 345kV,AMERICAN TRANSMISSION COMPANY,Battery Storage,100.0,100.0,100.0,2021-08-24T04:00:00+00:00,Withdrawn,,2021-12-09T05:00:00+00:00,,,Battery Storage,,,2025-10-01T04:00:00+00:00,,DPP-2021,East (ATC),Phase 3,NRIS,0.0,0.0,0.0,0.0,
J2111,,,Crittenden,AR,Marion to Marked Tree 161kV,"ENTERGY ARKANSAS, LLC EATO",Solar,100.0,100.0,100.0,2021-08-25T04:00:00+00:00,Withdrawn,,2021-12-09T05:00:00+00:00,,,Photovoltaic,,,2025-09-16T04:00:00+00:00,,DPP-2021,South,Phase 3,ERIS,0.0,0.0,0.0,0.0,
S1104,,,Fayette,IL,Ramsey,AMEREN ILLINOIS,Battery Storage,100.0,100.0,100.0,2025-07-28T04:00:00+00:00,Active,,,,,Battery Storage,,,2026-06-30T04:00:00+00:00,,,,,SIS,0.0,0.0,0.0,0.0,
J3791,,,Houston,MN,Caledonia,SOUTHERN MINNESOTA MUNICIPAL POWER AGENCY,Battery Storage,50.0,50.0,50.0,2024-04-17T04:00:00+00:00,Withdrawn,,2025-09-16T04:00:00+00:00,,,Battery Storage,,,2028-05-07T04:00:00+00:00,,DPP-2023,West,Study Not Started,NRIS,0.0,0.0,0.0,0.0,
J3668,,,Cheboygan,MI,PORT CALCITE - RIGGSVILLE 138.0kV,METC,Solar,100.0,100.0,100.0,2024-04-18T04:00:00+00:00,Withdrawn,,2025-09-29T04:00:00+00:00,,,Photovoltaic,,,2028-05-31T04:00:00+00:00,,DPP-2023,East (ITC),Study Not Started,NRIS,0.0,0.0,0.0,0.0,
J3689,,,Montgomery,IN,Other_,"DUKE ENERGY INDIANA, LLC CIN",Battery Storage,200.0,200.0,200.0,2024-04-16T04:00:00+00:00,Withdrawn,,2025-12-23T05:00:00+00:00,,,Battery Storage,,,2028-09-30T04:00:00+00:00,,DPP-2023,Central,Study Not Started,NRIS,0.0,0.0,0.0,0.0,
J3739,,,Warren,IL,138kV Line Tap Between Galesburg Monmouth Boulevard (BUS 348956) and Castro JCT (BUS 348917). Distan,AMEREN ILLINOIS,Solar,200.0,200.0,200.0,2024-04-15T04:00:00+00:00,Withdrawn,,2025-12-23T05:00:00+00:00,,,Photovoltaic,,,2028-06-01T04:00:00+00:00,,DPP-2023,Central,Study Not Started,NRIS,0.0,0.0,0.0,0.0,
J3762,,,Clay,MN,ALEXANDRIA - BISON 345.0kV,GREAT RIVER ENERGY,Solar,430.0,430.0,430.0,2024-04-18T04:00:00+00:00,Active,,,,,Photovoltaic,,,2028-08-01T04:00:00+00:00,,DPP-2023,West,Study Not Started,NRIS,430.0,430.0,0.0,0.0,
J3768,,,Walker,TX,ROCKY CREEK,"ENTERGY TEXAS, INC. ETTO",Solar,250.0,250.0,250.0,2024-04-10T04:00:00+00:00,Withdrawn,,2025-10-01T04:00:00+00:00,,,Photovoltaic,,,2028-08-01T04:00:00+00:00,,DPP-2023,South,Study Not Started,NRIS,0.0,0.0,0.0,0.0,
J3284,,,Woodford,IL,Spring Bay,AMEREN ILLINOIS,Battery Storage,100.0,100.0,100.0,2024-04-16T04:00:00+00:00,Withdrawn,,2025-05-05T04:00:00+00:00,,,Battery Storage,,,2028-06-30T04:00:00+00:00,,DPP-2023,Central,Study Not Started,NRIS,0.0,0.0,0.0,0.0,
J3688,,,White,IN,Luse Road Substation,NORTHERN INDIANA PUBLIC SERVICE COMPANY LLC NIPS,Battery Storage,100.0,100.0,100.0,2024-04-17T04:00:00+00:00,Active,,,,,Battery Storage,,,2028-09-30T04:00:00+00:00,,DPP-2023,Central,Study Not Started,NRIS,100.0,100.0,0.0,0.0,
J3687,,,Fayette,IL,4OTEGO - 4KINMUNDY 138.0kV,AMEREN ILLINOIS,Solar,113.0,113.0,113.0,2024-04-16T04:00:00+00:00,Active,,,,,Photovoltaic,,,2027-07-23T04:00:00+00:00,,DPP-2023,Central,Study Not Started,NRIS,113.0,0.0,0.0,0.0,
J1919,,,Ingham,MI,Oneida-Majestic 345 kV,METC,Solar,132.0,132.0,132.0,2021-08-24T04:00:00+00:00,Withdrawn,,2021-12-09T05:00:00+00:00,,,Photovoltaic,,,2023-11-01T04:00:00+00:00,,DPP-2021,East (ITC),Phase 3,NRIS,0.0,0.0,0.0,0.0,
J2019,,,Rolette,ND,Rugby-Glenborough 230 kV Line,NORTHERN STATES POWER COMPANY,Wind,150.0,150.0,150.0,2021-08-27T04:00:00+00:00,Withdrawn,,2021-11-30T05:00:00+00:00,,,Wind Turbine,,,2025-02-17T05:00:00+00:00,,DPP-2021,West,Phase 2,NRIS,0.0,0.0,0.0,0.0,
J1941,,,Polk,MN,Crookston,OTTER TAIL POWER COMPANY OTP,Solar,60.0,60.0,60.0,2021-08-25T04:00:00+00:00,Withdrawn,,2021-10-22T04:00:00+00:00,,,Photovoltaic,,,2026-10-01T04:00:00+00:00,,DPP-2021,West,Phase 2,NRIS,0.0,0.0,0.0,0.0,
J3788,,,Grant,AR,AECC GRAPEVINE - CARTHAGE (AR) 115.0kV,"ENTERGY ARKANSAS, LLC EATO",Solar,100.0,100.0,100.0,2024-04-17T04:00:00+00:00,Withdrawn,,2025-12-23T05:00:00+00:00,,,Photovoltaic,,,2028-01-01T05:00:00+00:00,,DPP-2023,South,Study Not Started,NRIS,0.0,0.0,0.0,0.0,
J3789,,,Hancock,IN,FOUNTAINTOWN,"DUKE ENERGY INDIANA, LLC CIN",Hybrid,77.0,77.0,77.0,2024-04-17T04:00:00+00:00,Withdrawn,,2025-02-13T05:00:00+00:00,,,Solar/Battery,,,2028-07-30T04:00:00+00:00,,DPP-2023,Central,Study Not Started,NRIS,0.0,0.0,0.0,0.0,
S1150,,,,IL,,AMEREN ILLINOIS,,80.0,80.0,80.0,2026-03-24T04:19:00+00:00,Active,,,,,,,,2028-08-01T04:00:00+00:00,,NO_CYCLE,NO_GROUP,,SIS,0.0,0.0,0.0,0.0,
J2110,,,Crittenden,AR,Gilmore 161kV,"ENTERGY ARKANSAS, LLC EATO",Solar,100.0,100.0,100.0,2021-08-25T04:00:00+00:00,Withdrawn,,2021-12-09T05:00:00+00:00,,,Photovoltaic,,,2025-09-16T04:00:00+00:00,,DPP-2021,South,Phase 3,ERIS,0.0,0.0,0.0,0.0,
J3730,,,Macoupin,IL,MORO 345 kV Substation,AMEREN ILLINOIS,Wind,305.0,305.0,305.0,2024-04-18T04:00:00+00:00,Active,,,,,Wind Turbine,,,2028-08-01T04:00:00+00:00,,DPP-2023,Central,Study Not Started,ERIS,305.0,0.0,0.0,0.0,
J3868,,,Sharp,AR,CAVE CITY,"ENTERGY ARKANSAS, LLC EATO",Solar,100.0,100.0,100.0,2024-12-02T05:00:00+00:00,Withdrawn,,2025-09-11T04:00:00+00:00,,,Photovoltaic,,,2029-06-01T04:00:00+00:00,,DPP-2025,South,Phase 1,NRIS,0.0,0.0,0.0,0.0,
J3744,,,Mason,MI,MICHIGAN POWER - PEREMARQUETTE 138.0kV,METC,Gas,15.0,15.0,15.0,2024-04-18T04:00:00+00:00,Withdrawn,1995-10-23T04:00:00+00:00,2025-12-23T05:00:00+00:00,,,Combined Cycle,Withdrawn,,1995-10-23T04:00:00+00:00,,DPP-2023,East (ITC),Study Not Started,NRIS,0.0,0.0,0.0,0.0,
J4238,,,,,,AMEREN ILLINOIS,,125.0,125.0,125.0,2026-04-10T01:25:06+00:00,Active,,,,,,,,2029-12-30T05:00:00+00:00,,DPP-2026,Central,,NRIS,0.0,0.0,0.0,0.0,
J3752,,,Aitkin,MN,Cromwell (GRE) - Riverton 115kV,MINNESOTA POWER INC.,Solar,220.0,220.0,220.0,2024-04-18T04:00:00+00:00,Withdrawn,,2025-12-23T05:00:00+00:00,,,Photovoltaic,,,2028-10-01T04:00:00+00:00,,DPP-2023,West,Study Not Started,NRIS,0.0,0.0,0.0,0.0,
J3759,,,Jasper,IL,Newton Switchyard,AMEREN ILLINOIS,Solar,15.0,15.0,15.0,2024-04-01T04:00:00+00:00,Withdrawn,,2025-12-23T05:00:00+00:00,,,Photovoltaic,,,2027-04-30T04:00:00+00:00,,DPP-2023,Central,Study Not Started,NRIS,0.0,0.0,0.0,0.0,
J3285,,,Vigo,IN,TH Pfizer Jct. - Worthington (HED),"DUKE ENERGY INDIANA, LLC CIN",Solar,150.0,150.0,150.0,2024-04-15T04:00:00+00:00,Withdrawn,,2024-08-30T04:00:00+00:00,,,Photovoltaic,,,2028-09-30T04:00:00+00:00,,DPP-2023,Central,Study Not Started,NRIS,0.0,0.0,0.0,0.0,
J3290,,,White,IN,MAGNETATION,NORTHERN INDIANA PUBLIC SERVICE COMPANY LLC NIPS,Battery Storage,100.0,100.0,100.0,2024-04-17T04:00:00+00:00,Withdrawn,,2025-12-23T05:00:00+00:00,,,Battery Storage,,,2028-09-15T04:00:00+00:00,,DPP-2023,Central,Study Not Started,NRIS,0.0,0.0,0.0,0.0,
J3292,,,Phillips,AR,RITCHIE SWYD - TARLETON 230.0kV,"ENTERGY ARKANSAS, LLC EATO",Wind,193.0,193.0,193.0,2024-04-17T04:00:00+00:00,Active,,,,,Wind Turbine,,,2028-03-01T05:00:00+00:00,,DPP-2023,South,Study Not Started,ERIS,193.0,0.0,0.0,0.0,
J3673,,,Newton,IN,GOODLAND - MORRISON DITCH 138.0kV,NORTHERN INDIANA PUBLIC SERVICE COMPANY LLC NIPS,Solar,150.0,150.0,150.0,2024-04-18T04:00:00+00:00,Withdrawn,,2025-12-23T05:00:00+00:00,,,Photovoltaic,,,2028-04-01T04:00:00+00:00,,DPP-2023,Central,Study Not Started,ERIS,0.0,0.0,0.0,0.0,
J3680,,,Scott,MS,PELAHATCHIE,"ENTERGY MISSISSIPPI, LLC. EMTO",Hybrid,189.0,189.0,189.0,2024-04-18T04:00:00+00:00,Withdrawn,,2025-12-23T05:00:00+00:00,,,Solar/Battery,,,2028-11-15T05:00:00+00:00,,DPP-2023,South,Study Not Started,NRIS,0.0,0.0,0.0,0.0,
J3291,,,LaGrange,IN,HIPLE,NORTHERN INDIANA PUBLIC SERVICE COMPANY LLC NIPS,Battery Storage,200.0,200.0,200.0,2024-04-17T04:00:00+00:00,Active,,,,,Battery Storage,,,2028-09-15T04:00:00+00:00,,DPP-2023,Central,Study Not Started,NRIS,200.0,200.0,0.0,0.0,
J3681,,,McLean,IL,7CLINTON  - 7BROKAW 345.0kV,AMEREN ILLINOIS,Wind,300.0,300.0,300.0,2024-04-18T04:00:00+00:00,Active,,,,,Wind Turbine,,,2028-04-01T04:00:00+00:00,,DPP-2023,Central,Study Not Started,ERIS,300.0,0.0,0.0,0.0,
J3869,,,Pike,MO,5PIKE 1 - 5CALUMET 161.0kV,AMEREN MISSOURI,Solar,150.0,150.0,150.0,2024-12-02T05:00:00+00:00,Withdrawn,,2025-09-11T04:00:00+00:00,,,Photovoltaic,,,2029-06-01T04:00:00+00:00,,DPP-2025,Central,Phase 1,NRIS,0.0,0.0,0.0,0.0,
J3790,,,Lee,AR,MARIANNA - WEST HELENA 115.0kV,"ENTERGY ARKANSAS, LLC EATO",Solar,120.0,120.0,120.0,2024-04-17T04:00:00+00:00,Withdrawn,,2025-12-23T05:00:00+00:00,,,Photovoltaic,,,2028-01-01T05:00:00+00:00,,DPP-2023,South,Study Not Started,NRIS,0.0,0.0,0.0,0.0,
J3677,,,Daviess,IN,Other_,"DUKE ENERGY INDIANA, LLC CIN",Solar,148.0,148.0,148.0,2024-04-17T04:00:00+00:00,Withdrawn,,2025-09-16T04:00:00+00:00,,,Photovoltaic,,,2027-01-31T05:00:00+00:00,,DPP-2023,Central,Study Not Started,NRIS,0.0,0.0,0.0,0.0,
J1878,,,Decatur,IN,HE Westport 138kV,"DUKE ENERGY INDIANA, LLC CIN",Solar,145.0,145.0,145.0,2021-08-16T04:00:00+00:00,Withdrawn,,2021-12-08T05:00:00+00:00,,,Photovoltaic,,,2024-09-15T04:00:00+00:00,,DPP-2021,Central,Phase 2,NRIS,0.0,0.0,0.0,0.0,
J1879,,,Decatur,IN,HE Westport 138kV,"DUKE ENERGY INDIANA, LLC CIN",Battery Storage,43.5,43.5,43.5,2021-08-16T04:00:00+00:00,Withdrawn,,2021-12-08T05:00:00+00:00,,,Battery Storage,,,2024-09-15T04:00:00+00:00,,DPP-2021,Central,Phase 2,NRIS,0.0,0.0,0.0,0.0,
J4207,,,,,,METC,,100.0,100.0,100.0,2025-12-20T03:36:16+00:00,Active,,,,,,,,2030-06-30T04:00:00+00:00,,DPP-2026,East (ITC),,NRIS,0.0,0.0,0.0,0.0,
S1138,,,,MI,,METC,,100.0,100.0,100.0,2025-12-13T01:31:09+00:00,Active,,,,,,,,2027-03-27T04:00:00+00:00,,,,,SIS,0.0,0.0,0.0,0.0,
J4206,,,,,,METC,,100.0,100.0,100.0,2025-12-20T03:35:57+00:00,Active,,,,,,,,2030-06-30T04:00:00+00:00,,DPP-2026,East (ITC),,NRIS,0.0,0.0,0.0,0.0,
S1148,,,Rock,MN,Magnolia,NORTHERN STATES POWER COMPANY,,230.0,230.0,230.0,2026-01-09T03:31:13+00:00,Active,,,,,,,,2027-10-01T04:00:00+00:00,,NO_CYCLE,NO_GROUP,,SIS,0.0,0.0,0.0,0.0,
J3760,,,Richland,LA,BAXTER WILSON SES SWYD - PERRYVILLE 500 SWYD 500.0kV,"ENTERGY MISSISSIPPI, LLC. EMTO",Solar,405.0,405.0,405.0,2024-04-18T04:00:00+00:00,Withdrawn,,2025-12-23T05:00:00+00:00,,,Photovoltaic,,,2028-09-30T04:00:00+00:00,,DPP-2023,South,Study Not Started,NRIS,0.0,0.0,0.0,0.0,
J3288,,,Carroll,IN,Kokomo Webster St.  - Walton 230.0kV,"DUKE ENERGY INDIANA, LLC CIN",Hybrid,125.0,125.0,125.0,2024-04-18T04:00:00+00:00,Withdrawn,,2025-09-15T04:00:00+00:00,,,Photovoltaic,,,2028-01-01T05:00:00+00:00,,DPP-2023,Central,Study Not Started,NRIS,0.0,0.0,0.0,0.0,
J3675,,,Greene,AR,SEDGEWICK SS - AECC LIGHT 115.0kV,OTTER TAIL POWER COMPANY OTP,Solar,100.0,100.0,100.0,2024-04-18T04:00:00+00:00,Withdrawn,,2025-09-29T04:00:00+00:00,,,Photovoltaic,,,2029-09-30T04:00:00+00:00,,DPP-2023,South,Study Not Started,NRIS,0.0,0.0,0.0,0.0,
J3676,,,Otsego,MI,Gaylord - Atlanta 138.0kV,WOLVERINE POWER SUPPLY COOPERATIVE,Hybrid,93.0,93.0,93.0,2024-04-18T04:00:00+00:00,Withdrawn,,2025-12-23T05:00:00+00:00,,,Solar/Battery,,,2027-12-15T05:00:00+00:00,,DPP-2023,East (ITC),Study Not Started,NRIS,0.0,0.0,0.0,0.0,
J3289,,,Sherburne,MN,ELK RIVER 14,GREAT RIVER ENERGY,Hybrid,60.0,60.0,60.0,2024-04-17T04:00:00+00:00,Active,,,,,Combustion Turbine (Simple Cycle),,,2026-06-01T04:00:00+00:00,,DPP-2023,West,Study Not Started,NRIS,35.0,60.0,0.0,0.0,
J3678,,,Vermillion,IN,CAYUGA 345,"DUKE ENERGY INDIANA, LLC CIN",Battery Storage,300.0,300.0,300.0,2024-04-18T04:00:00+00:00,Withdrawn,,2025-12-23T05:00:00+00:00,,,Battery Storage,,,2027-09-10T04:00:00+00:00,,DPP-2023,Central,Study Not Started,NRIS,0.0,0.0,0.0,0.0,
J2306,,,Perry,IL,Commodore-Jordan,AMEREN ILLINOIS,Hybrid,150.0,150.0,150.0,2021-07-21T04:00:00+00:00,Withdrawn,,2021-12-08T05:00:00+00:00,,,Photovoltaic,,,2024-11-01T04:00:00+00:00,,DPP-2021,Central,Phase 2,NRIS,0.0,0.0,0.0,0.0,
J1968,,,Polk,MN,Crookston,OTTER TAIL POWER COMPANY OTP,Battery Storage,30.0,30.0,30.0,2021-08-18T04:00:00+00:00,Withdrawn,,2021-10-22T04:00:00+00:00,,,Battery Storage,,,2026-10-01T04:00:00+00:00,,DPP-2021,West,Phase 2,NRIS,0.0,0.0,0.0,0.0,
R5090,,,,,,NORTHERN STATES POWER COMPANY,,0.0,0.0,0.0,2025-12-30T00:33:06+00:00,Active,,,,,,,,2028-12-31T05:00:00+00:00,,,,,NRIS,0.0,0.0,0.0,0.0,
S1144,,,,MI,,METC,,200.0,200.0,200.0,2026-02-10T05:00:00+00:00,Active,,,,,,,,2028-03-31T04:00:00+00:00,,,,,SIS,0.0,0.0,0.0,0.0,
S1165,,,,WI,,AMERICAN TRANSMISSION COMPANY,,75.0,75.0,75.0,2026-03-31T02:47:33+00:00,Active,,,,,,,,2027-08-31T04:00:00+00:00,,NO_CYCLE,NO_GROUP,,SIS,0.0,0.0,0.0,0.0,
J3679,,,LaPorte,IN,BABCOCK - STILLWELL 345.0kV,NORTHERN INDIANA PUBLIC SERVICE COMPANY LLC NIPS,Solar,149.0,149.0,149.0,2024-04-18T04:00:00+00:00,Active,,,,,Photovoltaic,,,2028-01-31T05:00:00+00:00,,DPP-2023,Central,Study Not Started,NRIS,149.0,115.0,0.0,0.0,
S1130,,,,MI,,METC,,225.0,225.0,225.0,2026-01-29T22:56:59+00:00,Active,,,,,,,,2027-03-15T04:00:00+00:00,,,,,SIS,0.0,0.0,0.0,0.0,
J3674,,,Jasper,IL,4NEWTON   - 4WISEMAN 138.0kV,AMEREN ILLINOIS,Solar,100.0,100.0,100.0,2024-04-17T04:00:00+00:00,Active,,,,,Photovoltaic,,,2028-09-01T04:00:00+00:00,,DPP-2023,Central,Study Not Started,NRIS,100.0,100.0,0.0,0.0,
J2256,,,Humboldt,IA,Irvington - Webster 345kV Line,MIDAMERICAN ENERGY CO. MEC,Wind,150.0,150.0,150.0,2021-08-16T04:00:00+00:00,Withdrawn,,2021-09-17T04:00:00+00:00,,,Wind Turbine,,,2024-09-15T04:00:00+00:00,,DPP-2021,West,Phase 2,NRIS,0.0,0.0,0.0,0.0,
J4215,,,,,,"ENTERGY ARKANSAS, LLC",,500.0,500.0,500.0,2026-02-18T02:47:47+00:00,Active,,,,,,,,2031-06-30T04:00:00+00:00,,DPP-2026,South,,NRIS,0.0,0.0,0.0,0.0,
S1152,,,,MO,,AMEREN MISSOURI,,139.0,139.0,139.0,2026-04-15T07:38:42+00:00,Active,,,,,,,,2028-07-03T04:00:00+00:00,,,,,SIS,0.0,0.0,0.0,0.0,
J3870,,,Vigo,IN,SUGAR CREEK,"DUKE ENERGY INDIANA, LLC CIN",Gas,87.0,87.0,87.0,2024-12-23T05:00:00+00:00,Active,2002-05-01T04:00:00+00:00,,,,Combined Cycle,,,2024-01-26T05:00:00+00:00,,DPP-2025,Central,Phase 1,NRIS,87.0,87.0,87.0,87.0,
R5094,,,,,,,,0.0,0.0,0.0,2026-01-03T07:08:00+00:00,Active,,,,,,,,2023-01-03T05:00:00+00:00,,NO_CYCLE,NO_GROUP,,NRIS,0.0,0.0,0.0,0.0,
S1154,,,,MN,,GREAT RIVER ENERGY,,150.0,150.0,150.0,2026-03-10T21:41:58+00:00,Active,,,,,,,,2029-12-01T05:00:00+00:00,,NO_CYCLE,NO_GROUP,,SIS,0.0,0.0,0.0,0.0,
J4223,,,,,,NORTHERN STATES POWER COMPANY,,250.0,250.0,250.0,2026-03-11T20:22:10+00:00,Active,,,,,,,,2029-04-03T04:00:00+00:00,,DPP-2026,East (ITC),,NRIS,0.0,0.0,0.0,0.0,
J3840,,,St. Landry,LA,Wells,CLECO POWER LLC CLEC,Battery Storage,300.0,300.0,300.0,2024-12-31T05:00:00+00:00,Active,,,,,Battery Storage,,,2030-06-30T04:00:00+00:00,,DPP-2025,South,Phase 1,NRIS,300.0,300.0,0.0,0.0,
J4209,,,,,,METC,,100.0,100.0,100.0,2025-12-20T03:34:56+00:00,Active,,,,,,,,2030-06-30T04:00:00+00:00,,DPP-2026,East (ITC),,NRIS,0.0,0.0,0.0,0.0,
R5091,,,,,,"ENTERGY LOUISIANA, LLC ELTO",,0.0,0.0,0.0,2026-01-09T02:25:07+00:00,Active,,,,,,,,2027-11-14T05:00:00+00:00,,,,,ERIS,0.0,0.0,0.0,0.0,
J4231,,,Pike,,,INDIANAPOLIS POWER & LIGHT COMPANY,,400.0,400.0,400.0,2026-03-20T19:05:07+00:00,Active,,,,,,,,2031-06-30T04:00:00+00:00,,DPP-2026,Central,,NRIS,0.0,0.0,0.0,0.0,
R5082,,,,,,METC,,0.0,0.0,0.0,2026-02-03T20:14:47+00:00,Active,,,,,,,,2028-01-02T05:00:00+00:00,,,,,NRIS,0.0,0.0,0.0,0.0,
S1136,,,,MI,,METC,,100.0,100.0,100.0,2025-12-19T22:52:01+00:00,Active,,,,,,,,2026-12-04T05:00:00+00:00,,,,,SIS,0.0,0.0,0.0,0.0,
R5089,,,,,,NORTHERN STATES POWER COMPANY,,0.0,0.0,0.0,2026-01-01T00:47:48+00:00,Active,,,,,,,,2027-08-15T04:00:00+00:00,,,,,NRIS,0.0,0.0,0.0,0.0,
S1147,,,,MI,,METC,,132.0,132.0,132.0,2026-01-17T01:27:24+00:00,Active,,,,,,,,2027-01-07T05:00:00+00:00,,NO_CYCLE,NO_GROUP,,SIS,0.0,0.0,0.0,0.0,
J4222,,,,,,"DUKE ENERGY INDIANA, LLC",,300.0,300.0,300.0,2026-03-11T20:22:09+00:00,Active,,,,,,,,2029-04-03T04:00:00+00:00,,DPP-2026,Central,,NRIS,0.0,0.0,0.0,0.0,
J4214,,,,,,"ENTERGY ARKANSAS, LLC",,500.0,500.0,500.0,2026-02-18T02:43:26+00:00,Active,,,,,,,,2031-06-30T04:00:00+00:00,,DPP-2026,South,,NRIS,0.0,0.0,0.0,0.0,
J4254,,,,,,AMEREN ILLINOIS,,250.0,250.0,250.0,2026-08-08T05:14:01+00:00,Active,,,,,,,,2031-04-01T04:00:00+00:00,,DPP-2026,Central,,NRIS,0.0,0.0,0.0,0.0,
S1158,,,Story,WI,Story County,AMERICAN TRANSMISSION COMPANY,,99.0,99.0,99.0,2026-02-06T05:00:00+00:00,Active,,,,,,,,2028-06-01T04:00:00+00:00,,,,,SIS,0.0,0.0,0.0,0.0,
S1133,,,Sangamon,LA,343515 Chatham Main - 346555 North Aurburn (Ameren) 138.0kV,"ENTERGY LOUISIANA, LLC",,200.0,200.0,200.0,2026-02-11T05:00:00+00:00,Active,,,,,,,,2029-01-09T05:00:00+00:00,,,,,SIS,0.0,0.0,0.0,0.0,
J4243,,,,,,"ENTERGY MISSISSIPPI, LLC. EMTO",,100.0,100.0,100.0,2026-06-08T02:28:38+00:00,Active,,,,,,,,2031-10-01T04:00:00+00:00,,DPP-2026,South,,NRIS,0.0,0.0,0.0,0.0,
J3233,,,Yellow Medicine,MN,Canby 115 kV Substation,OTTER TAIL POWER COMPANY OTP,Solar,140.0,140.0,140.0,2024-03-28T04:00:00+00:00,Active,,,,,Photovoltaic,,,2028-01-15T05:00:00+00:00,,DPP-2023,West,Study Not Started,NRIS,140.0,140.0,0.0,0.0,
J4249,,,,,,AMERICAN TRANSMISSION COMPANY,,100.0,100.0,100.0,2026-06-03T17:30:43+00:00,Active,,,,,,,,2031-05-01T04:00:00+00:00,,DPP-2026,East (ATC),,NRIS,0.0,0.0,0.0,0.0,
J4245,,,,,,"ENTERGY MISSISSIPPI, LLC.",,770.0,770.0,770.0,2026-06-25T20:02:21+00:00,Active,,,,,,,,2031-07-31T04:00:00+00:00,,DPP-2026,South,,NRIS,0.0,0.0,0.0,0.0,
J4212,,,,,,ITC,,150.0,150.0,150.0,2026-02-18T07:21:38+00:00,Active,,,,,,,,2030-01-06T05:00:00+00:00,,DPP-2026,East (ITC),,NRIS,0.0,0.0,0.0,0.0,
J4213,,,,,,"ENTERGY ARKANSAS, LLC",,350.0,350.0,350.0,2026-02-18T03:20:21+00:00,Active,,,,,,,,2031-06-30T04:00:00+00:00,,DPP-2026,South,,NRIS,0.0,0.0,0.0,0.0,
R5097,,,Morehouse Parish,,Sterlington - Bastrop 115 kV,"ENTERGY LOUISIANA, LLC ELTO",,0.0,0.0,0.0,2026-02-04T06:30:30+00:00,Active,,,,,,,,2027-12-01T05:00:00+00:00,,NO_CYCLE,NO_GROUP,,ERIS,0.0,0.0,0.0,0.0,
J4247,,,,,,AMEREN ILLINOIS,,120.0,120.0,120.0,2026-06-24T22:51:21+00:00,Active,,,,,,,,2031-10-01T04:00:00+00:00,,DPP-2026,Central,,NRIS,0.0,0.0,0.0,0.0,
J3253,,,Woodruff,AR,Bailey,ARKANSAS ELECTRIC COOPERATIVE CORPORATION AECT,Solar,150.0,150.0,150.0,2024-03-26T04:00:00+00:00,Withdrawn,,2025-09-30T04:00:00+00:00,,,Photovoltaic,,,2028-06-30T04:00:00+00:00,,DPP-2023,South,Study Not Started,NRIS,0.0,0.0,0.0,0.0,
J3514,,,Chippewa,MI,Pine River 69 kV,AMERICAN TRANSMISSION COMPANY,Solar,100.0,100.0,100.0,2024-04-05T04:00:00+00:00,Withdrawn,,2025-04-17T04:00:00+00:00,,,Photovoltaic,,,2028-06-01T04:00:00+00:00,,DPP-2023,East (ATC),Study Not Started,NRIS,0.0,0.0,0.0,0.0,
J3538,,,Warren,MS,Baxter 115/34kV,"ENTERGY MISSISSIPPI, LLC. EMTO",Gas,770.0,730.0,770.0,2024-04-17T04:00:00+00:00,Withdrawn,,2025-09-24T04:00:00+00:00,,,Combined-Cycle – Steam Plant,,,2027-03-30T04:00:00+00:00,,DPP-2023,South,Study Not Started,NRIS,0.0,0.0,0.0,0.0,
J3542,,,Lincoln,MS,BROOKHAVEN - BROOKHAVEN/SOUTH 115.0kV,"ENTERGY MISSISSIPPI, LLC. EMTO",Solar,80.0,80.0,80.0,2024-04-17T04:00:00+00:00,Withdrawn,,2025-12-23T05:00:00+00:00,,,Photovoltaic,,,2028-09-30T04:00:00+00:00,,DPP-2023,South,Study Not Started,NRIS,0.0,0.0,0.0,0.0,
J3557,,,Morgan,IN,Heartland Crossing Tap - Eagle Valley 138.0kV,INDIANAPOLIS POWER & LIGHT COMPANY,Battery Storage,200.0,200.0,200.0,2024-04-18T04:00:00+00:00,Withdrawn,,2025-09-29T04:00:00+00:00,,,Battery Storage,,,2028-08-31T04:00:00+00:00,,DPP-2023,Central,Study Not Started,NRIS,0.0,0.0,0.0,0.0,
J3558,,,Champaign,IL,Rising,AMEREN TRANSMISSION COMPANY OF ILLINOIS,Battery Storage,300.0,300.0,300.0,2024-04-18T04:00:00+00:00,Active,,,,,Battery Storage,,,2027-09-10T04:00:00+00:00,,DPP-2023,Central,Study Not Started,NRIS,300.0,300.0,0.0,0.0,
J3564,,,Newton,IN,Other_,NORTHERN INDIANA PUBLIC SERVICE COMPANY LLC NIPS,Wind,275.0,275.0,275.0,2024-04-18T04:00:00+00:00,Active,,,,,Wind Turbine,,,2028-08-01T04:00:00+00:00,,DPP-2023,Central,Study Not Started,NRIS,275.0,0.0,0.0,0.0,
J4248,,,,,,"ENTERGY ARKANSAS, LLC",,770.0,770.0,770.0,2026-06-25T19:26:56+00:00,Active,,,,,,,,2031-11-30T05:00:00+00:00,,DPP-2026,South,,NRIS,0.0,0.0,0.0,0.0,
J3255,,,Holmes,MS,INDIANOLA 230/115 SUB - MCADAMS EHV 230.0kV,"ENTERGY MISSISSIPPI, LLC. EMTO",Solar,350.0,350.0,350.0,2024-04-13T04:00:00+00:00,Withdrawn,,2025-12-23T05:00:00+00:00,,,Photovoltaic,,,2028-09-15T04:00:00+00:00,,DPP-2023,South,Study Not Started,NRIS,0.0,0.0,0.0,0.0,
J3273,,,Madison,LA,BAXTER WILSON SES SWYD - PERRYVILLE 500 SWYD 500.0kV,"ENTERGY LOUISIANA, LLC ELTO",Wind,473.8,473.8,473.8,2024-04-16T04:00:00+00:00,Withdrawn,,2025-12-23T05:00:00+00:00,,,Wind Turbine,,,2027-03-01T05:00:00+00:00,,DPP-2023,South,Study Not Started,NRIS,0.0,0.0,0.0,0.0,
J3279,,,Day,SD,Ellendale 345 - Twin Brooks 345.0kV,MONTANA-DAKOTA UTILITIES CO.MDU,Wind,300.0,300.0,300.0,2024-04-17T04:00:00+00:00,Withdrawn,,2025-09-30T04:00:00+00:00,,,Wind Turbine,,,2028-09-04T04:00:00+00:00,,DPP-2023,West,Study Not Started,NRIS,0.0,0.0,0.0,0.0,
J3495,,,Greene,IN,Merom Primary - Worthington Primary 345.0kV,HOOSIER ENERGY,Solar,220.0,220.0,220.0,2024-04-15T04:00:00+00:00,Active,,,,,Photovoltaic,,,2028-09-15T04:00:00+00:00,,DPP-2023,Central,Study Not Started,NRIS,220.0,220.0,0.0,0.0,
J3539,,,Alcona,MI,ALPENA - SPRUCE ROAD 138.0kV,METC,Solar,116.9,116.9,116.9,2024-03-28T04:00:00+00:00,Active,,,,,Photovoltaic,,,2027-04-01T04:00:00+00:00,,DPP-2023,East (ITC),Study Not Started,NRIS,116.9,116.9,0.0,0.0,
J4244,,,,,,"ENTERGY MISSISSIPPI, LLC.",,100.0,100.0,100.0,2026-06-06T02:06:17+00:00,Active,,,,,,,,2031-10-01T04:00:00+00:00,,DPP-2026,South,,NRIS,0.0,0.0,0.0,0.0,
S1167,,,Coles,IL,Greenway 138 kV,AMEREN ILLINOIS,,99.0,99.0,99.0,2026-07-02T04:00:00+00:00,Active,,,,,,,,2030-06-01T04:00:00+00:00,,NO_CYCLE,NO_GROUP,,SIS,0.0,0.0,0.0,0.0,
J3569,,,Poinsett,AR,TRUMANN - HARRISBURG SS 161.0kV,"ENTERGY ARKANSAS, LLC EATO",Hybrid,300.0,300.0,300.0,2024-04-18T04:00:00+00:00,Withdrawn,,2025-12-23T05:00:00+00:00,,,Photovoltaic,,,2028-01-01T05:00:00+00:00,,DPP-2023,South,Study Not Started,NRIS,0.0,0.0,0.0,0.0,
J3581,,,Avoyelles,LA,Eola - Marksville 138.0kV,CLECO POWER LLC CLEC,Battery Storage,200.0,200.0,200.0,2024-04-18T04:00:00+00:00,Withdrawn,,2025-05-23T04:00:00+00:00,,,Battery Storage,,,2028-05-31T04:00:00+00:00,,DPP-2023,South,Study Not Started,NRIS,0.0,0.0,0.0,0.0,
J3234,,,Carver,MN,ST BONIFACIUS,GREAT RIVER ENERGY,Battery Storage,130.0,130.0,130.0,2024-03-28T04:00:00+00:00,Withdrawn,,2025-09-30T04:00:00+00:00,,,Battery Storage,,,2028-01-15T05:00:00+00:00,,DPP-2023,West,Study Not Started,NRIS,0.0,0.0,0.0,0.0,
J3235,,,Benton,MN,Cherry Park Substation,GREAT RIVER ENERGY,Battery Storage,250.0,250.0,250.0,2024-03-28T04:00:00+00:00,Active,,,,,Battery Storage,,,2028-01-15T05:00:00+00:00,,DPP-2023,West,Study Not Started,NRIS,250.0,250.0,0.0,0.0,
J3582,,,Beauregard,LA,Longville - Nelson (EES) 138.0kV,CLECO POWER LLC CLEC,Hybrid,150.0,150.0,150.0,2024-04-18T04:00:00+00:00,Withdrawn,,2024-10-17T04:00:00+00:00,,,Solar/Battery,Withdrawn,,2028-08-01T04:00:00+00:00,,DPP-2023,South,Study Not Started,NRIS,0.0,0.0,0.0,0.0,
J3314,,,Clayton,IA,Postville,DAIRYLAND POWER COOPERATIVE DPC,Hybrid,200.0,200.0,200.0,2024-04-17T04:00:00+00:00,Withdrawn,,2025-05-23T04:00:00+00:00,,,Solar/Battery,,,2028-06-01T04:00:00+00:00,,DPP-2023,West,Study Not Started,NRIS,0.0,0.0,0.0,0.0,
J3321,,,Wayne,IL,Other_,AMEREN ILLINOIS,Solar,200.0,200.0,200.0,2024-04-12T04:00:00+00:00,Withdrawn,,2025-12-23T05:00:00+00:00,,,Photovoltaic,,,2028-09-30T04:00:00+00:00,,DPP-2023,Central,Study Not Started,ERIS,0.0,0.0,0.0,0.0,
J3346,,,Lyon,MN,Other_,GREAT RIVER ENERGY,Wind,250.0,250.0,250.0,2024-04-16T04:00:00+00:00,Withdrawn,,2025-09-30T04:00:00+00:00,,,Wind Turbine,,,2028-05-01T04:00:00+00:00,,DPP-2023,West,Study Not Started,NRIS,0.0,0.0,0.0,0.0,
J3236,,,Chisago,MN,Chisago County 115kV Substation,NORTHERN STATES POWER COMPANY,Battery Storage,200.0,200.0,200.0,2024-03-28T04:00:00+00:00,Active,,,,,Battery Storage,,,2028-01-15T05:00:00+00:00,,DPP-2023,West,Study Not Started,NRIS,200.0,200.0,0.0,0.0,
J3241,,,Lincoln,MS,ARLINGTON GOAB,COOPERATIVE ENERGY SMEP,Solar,200.0,200.0,200.0,2024-04-15T04:00:00+00:00,Withdrawn,,2025-09-25T04:00:00+00:00,,,Photovoltaic,,,2028-06-01T04:00:00+00:00,,DPP-2023,South,Study Not Started,NRIS,0.0,0.0,0.0,0.0,
J3282,,,Mason,MI,KEYSTONE - LUDINGTON 345.0kV,METC,Solar,100.0,100.0,100.0,2024-04-15T04:00:00+00:00,Pending Revision Approval,,,,,Photovoltaic,,,2028-11-01T04:00:00+00:00,,DPP-2023,East (ITC),Study Not Started,NRIS,100.0,100.0,0.0,0.0,
J3280,,,Dickey,ND,Ellendale,MONTANA-DAKOTA UTILITIES CO.MDU,Wind,300.0,300.0,300.0,2024-04-17T04:00:00+00:00,Active,,,,,Wind Turbine,,,2028-09-01T04:00:00+00:00,,DPP-2023,West,Study Not Started,NRIS,300.0,300.0,0.0,0.0,
J3283,,,Grand Traverse,MI,KEYSTONE - WEXFORD 138.0kV,METC,Solar,100.0,100.0,100.0,2024-04-15T04:00:00+00:00,Pending Revision Approval,,,,,Photovoltaic,,,2028-11-01T04:00:00+00:00,,DPP-2023,East (ITC),Study Not Started,NRIS,100.0,100.0,0.0,0.0,
J3281,,,Marquette,MI,Presque Isle - North Lake 138.0kV,AMERICAN TRANSMISSION COMPANY,Wind,170.0,170.0,170.0,2024-04-16T04:00:00+00:00,Withdrawn,,2025-12-23T05:00:00+00:00,,,Wind Turbine,,,2027-06-30T04:00:00+00:00,,DPP-2023,East (ATC),Study Not Started,NRIS,0.0,0.0,0.0,0.0,
J3467,,,McLean,IL,Bloomington Brokaw,AMEREN ILLINOIS,Hybrid,200.0,200.0,200.0,2024-04-18T04:00:00+00:00,Withdrawn,,2025-09-30T04:00:00+00:00,,,Solar/Battery,,,2027-04-15T04:00:00+00:00,,DPP-2023,Central,Study Not Started,NRIS,0.0,0.0,0.0,0.0,
J3494,,,Greene,IN,TH Pfizer Jct. - Worthington (HED),"DUKE ENERGY INDIANA, LLC CIN",Solar,175.0,175.0,175.0,2024-04-15T04:00:00+00:00,Withdrawn,,2025-09-30T04:00:00+00:00,,,Photovoltaic,,,2028-09-01T04:00:00+00:00,,DPP-2023,Central,Study Not Started,NRIS,0.0,0.0,0.0,0.0,
J3556,,,Montgomery,IL,7COFFEEN  - 7PANA     345.0kV,AMEREN ILLINOIS,Solar,250.0,250.0,250.0,2024-04-18T04:00:00+00:00,Active,,,,,Photovoltaic,,,2028-08-31T04:00:00+00:00,,DPP-2023,Central,Study Not Started,NRIS,250.0,0.0,0.0,0.0,
J3563,,,Franklin,IL,7W_FRFT_E - 7MTVERNW 345.0kV,AMEREN ILLINOIS,Solar,200.0,200.0,200.0,2024-04-18T04:00:00+00:00,Withdrawn,,2025-09-26T04:00:00+00:00,,,Photovoltaic,,,2028-06-01T04:00:00+00:00,,DPP-2023,Central,Study Not Started,NRIS,0.0,0.0,0.0,0.0,
J3577,,,Simpson,MS,MAGEE - NEW HEBRON 115.0kV,"ENTERGY MISSISSIPPI, LLC. EMTO",Solar,120.0,120.0,120.0,2024-04-18T04:00:00+00:00,Withdrawn,,2025-12-23T05:00:00+00:00,,,Photovoltaic,,,2028-11-15T05:00:00+00:00,,DPP-2023,South,Study Not Started,NRIS,0.0,0.0,0.0,0.0,
J3593,,,Clay,IN,Wabash River  -  Staunton 230.0kV,"DUKE ENERGY INDIANA, LLC CIN",Hybrid,250.0,250.0,250.0,2024-04-18T04:00:00+00:00,Withdrawn,,2025-10-01T04:00:00+00:00,,,Solar/Battery,,,2028-03-01T05:00:00+00:00,,DPP-2023,Central,Study Not Started,NRIS,0.0,0.0,0.0,0.0,
J3347,,,Hancock,IN,Greenfield Hastings Park - Greensboro 138.0kV,"DUKE ENERGY INDIANA, LLC CIN",Solar,140.0,140.0,140.0,2024-04-16T04:00:00+00:00,Withdrawn,,2025-09-29T04:00:00+00:00,,,Photovoltaic,,,2028-09-15T04:00:00+00:00,,DPP-2023,Central,Study Not Started,NRIS,0.0,0.0,0.0,0.0,
J3357,,,Kosciusko,IN,LEESBURG,NORTHERN INDIANA PUBLIC SERVICE COMPANY LLC NIPS,Battery Storage,200.0,200.0,200.0,2024-04-15T04:00:00+00:00,Active,,,,,Battery Storage,,,2028-12-31T05:00:00+00:00,,DPP-2023,Central,Study Not Started,NRIS,200.0,200.0,0.0,0.0,
J3466,,,Winnebago,WI,FTZGERLD,AMERICAN TRANSMISSION COMPANY,Solar,100.0,100.0,100.0,2024-04-16T04:00:00+00:00,Active,,,,,Photovoltaic,,,2028-06-30T04:00:00+00:00,,DPP-2023,East (ATC),Study Not Started,NRIS,100.0,75.0,0.0,0.0,
J3465,,,Isanti,MN,CAMBRIDGE,GREAT RIVER ENERGY,Hybrid,40.0,40.0,40.0,2024-03-27T04:00:00+00:00,Active,,,,,Combustion Turbine (Simple Cycle),,,2026-06-01T04:00:00+00:00,,DPP-2023,West,Study Not Started,NRIS,20.0,40.0,0.0,0.0,
J3363,,,Tensas,LA,RED GUM,"ENTERGY LOUISIANA, LLC ELTO",Wind,150.0,150.0,150.0,2024-04-18T04:00:00+00:00,Withdrawn,,2025-12-23T05:00:00+00:00,,,Wind Turbine,,,2028-09-15T04:00:00+00:00,,DPP-2023,South,Study Not Started,NRIS,0.0,0.0,0.0,0.0,
J3362,,,Oakland,MI,BLACKFOOT - MADRID 345.0kV,ITC,Battery Storage,300.0,300.0,300.0,2024-04-15T04:00:00+00:00,Withdrawn,,2025-12-23T05:00:00+00:00,,,Battery Storage,,,2028-09-01T04:00:00+00:00,,DPP-2023,East (ITC),Study Not Started,NRIS,0.0,0.0,0.0,0.0,
J3512,,,Bay,MI,MONITOR,ITC,Battery Storage,150.0,150.0,150.0,2024-04-05T04:00:00+00:00,Withdrawn,,2025-09-24T04:00:00+00:00,,,Battery Storage,,,2028-06-01T04:00:00+00:00,,DPP-2023,East (ITC),Study Not Started,NRIS,0.0,0.0,0.0,0.0,
J3513,,,Acadia,LA,RICHARD - WELLS 500.0kV,"ENTERGY LOUISIANA, LLC ELTO",Solar,550.0,550.0,550.0,2024-04-17T04:00:00+00:00,Withdrawn,,2025-09-29T04:00:00+00:00,,,Photovoltaic,,,2028-09-15T04:00:00+00:00,,DPP-2023,South,Study Not Started,NRIS,0.0,0.0,0.0,0.0,
J3371,,,Vermilion,IL,Other_,AMEREN ILLINOIS,Solar,200.0,200.0,200.0,2024-04-18T04:00:00+00:00,Withdrawn,,2025-12-23T05:00:00+00:00,,,Photovoltaic,,,2026-10-01T04:00:00+00:00,,DPP-2023,Central,Study Not Started,NRIS,0.0,0.0,0.0,0.0,
J3381,,,St. Francis,AR,FORREST CITY SOUTH - HUGHES 161.0kV,"ENTERGY ARKANSAS, LLC EATO",Solar,150.92,150.92,150.92,2024-04-18T04:00:00+00:00,Withdrawn,,2026-01-07T05:00:00+00:00,,,Solar/Battery,,,2028-01-01T05:00:00+00:00,,DPP-2023,South,Study Not Started,NRIS,150.92,150.92,0.0,0.0,
J3540,,,Monroe,AR,RITCHIE SWYD - TARLETON 230.0kV,"ENTERGY ARKANSAS, LLC EATO",Solar,400.0,400.0,400.0,2024-04-15T04:00:00+00:00,Withdrawn,,2025-07-31T04:00:00+00:00,,,Photovoltaic,,,2028-05-13T04:00:00+00:00,,DPP-2023,South,Study Not Started,ERIS,0.0,0.0,0.0,0.0,
J3541,,,Bolivar,MS,CLEVELAND/SOUTH,"ENTERGY MISSISSIPPI, LLC. EMTO",Solar,150.0,150.0,150.0,2024-04-15T04:00:00+00:00,Withdrawn,,2025-07-31T04:00:00+00:00,,,Photovoltaic,,,2028-05-13T04:00:00+00:00,,DPP-2023,South,Study Not Started,ERIS,0.0,0.0,0.0,0.0,
J3370,,,Kittson,MN,Other_,OTTER TAIL POWER COMPANY OTP,Wind,150.0,150.0,150.0,2024-04-18T04:00:00+00:00,Withdrawn,,2025-08-28T04:00:00+00:00,,,Wind Turbine,,,2028-09-01T04:00:00+00:00,,DPP-2023,West,Study Not Started,NRIS,0.0,0.0,0.0,0.0,
J3384,,,Big Stone,MN,Big Stone South - Alexandria 345kV,OTTER TAIL POWER COMPANY OTP,Wind,300.0,300.0,300.0,2024-04-17T04:00:00+00:00,Active,,,,,Wind Turbine,,,2028-10-31T04:00:00+00:00,,DPP-2023,West,Study Not Started,NRIS,300.0,300.0,0.0,0.0,
J3403,,,Macon,MO,Other_,AMEREN TRANSMISSION COMPANY OF ILLINOIS,Solar,200.0,200.0,200.0,2024-04-18T04:00:00+00:00,Withdrawn,,2025-09-30T04:00:00+00:00,,,Photovoltaic,,,2028-08-15T04:00:00+00:00,,DPP-2023,Central,Study Not Started,NRIS,0.0,0.0,0.0,0.0,
J3426,,,Chicot,AR,MACON LAKE SS,"ENTERGY ARKANSAS, LLC EATO",Solar,500.0,500.0,500.0,2024-03-19T04:00:00+00:00,Withdrawn,,2025-07-01T04:00:00+00:00,,,Photovoltaic,,,2028-09-01T04:00:00+00:00,,DPP-2023,South,Study Not Started,NRIS,0.0,0.0,0.0,0.0,
J3382,,,Piatt,IL,4WEEDMAN  - 4MAHOMET 1 138.0kV,AMEREN ILLINOIS,Solar,171.0,171.0,171.0,2024-04-18T04:00:00+00:00,Active,,,,,Photovoltaic,,,2028-09-30T04:00:00+00:00,,DPP-2023,Central,Study Not Started,NRIS,171.0,171.0,0.0,0.0,
J3383,,,Boone,IN,Nucor  -  Whitestown 345.0kV,"DUKE ENERGY INDIANA, LLC CIN",Solar,300.0,300.0,300.0,2024-04-18T04:00:00+00:00,Withdrawn,,2025-12-19T05:00:00+00:00,,,Photovoltaic,,,2028-09-01T04:00:00+00:00,,DPP-2025,Central,Phase 1,NRIS,0.0,0.0,0.0,0.0,
J3806,,,Sunflower,MS,STEINER (CE) - SHAW SS (CE) 115.0kV,"ENTERGY MISSISSIPPI, LLC. EMTO",Solar,100.0,100.0,100.0,2024-04-16T04:00:00+00:00,Withdrawn,,2025-12-23T05:00:00+00:00,,,Photovoltaic,,,2028-06-01T04:00:00+00:00,,DPP-2023,South,Study Not Started,NRIS,0.0,0.0,0.0,0.0,
J3810,,,Knox,IN,Edwardsport IGCC - Amo 345.0kV,"DUKE ENERGY INDIANA, LLC CIN",Battery Storage,300.0,300.0,300.0,2024-04-17T04:00:00+00:00,Withdrawn,,2025-09-29T04:00:00+00:00,,,Battery Storage,,,2026-10-01T04:00:00+00:00,,DPP-2023,Central,Study Not Started,NRIS,0.0,0.0,0.0,0.0,
J3566,,,McLean,IL,Other_,AMEREN TRANSMISSION COMPANY OF ILLINOIS,Wind,198.0,198.0,198.0,2024-04-18T04:00:00+00:00,Active,,,,,Wind Turbine,,,2028-08-01T04:00:00+00:00,,DPP-2023,Central,Study Not Started,ERIS,198.0,0.0,0.0,0.0,
J3568,,,Leflore,MS,SCHLATER,"ENTERGY MISSISSIPPI, LLC. EMTO",Solar,250.0,250.0,250.0,2024-04-15T04:00:00+00:00,Withdrawn,,2025-07-31T04:00:00+00:00,,,Photovoltaic,,,2028-05-13T04:00:00+00:00,,DPP-2023,South,Study Not Started,ERIS,0.0,0.0,0.0,0.0,
J3575,,,Mississippi,AR,GILMORE - WILSON 161.0kV,"ENTERGY ARKANSAS, LLC EATO",Hybrid,300.0,300.0,300.0,2024-04-18T04:00:00+00:00,Withdrawn,,2025-12-23T05:00:00+00:00,,,Photovoltaic,,,2028-01-01T05:00:00+00:00,,DPP-2023,South,Study Not Started,NRIS,0.0,0.0,0.0,0.0,
J3579,,,Lee,AR,MARIANNA WEST SS - MARIANNA 115.0kV,"ENTERGY ARKANSAS, LLC EATO",Solar,135.0,135.0,135.0,2024-04-17T04:00:00+00:00,Withdrawn,,2025-12-23T05:00:00+00:00,,,Photovoltaic,,,2028-12-31T05:00:00+00:00,,DPP-2023,South,Study Not Started,NRIS,0.0,0.0,0.0,0.0,
J3565,,,Champaign,IL,Rising,AMEREN TRANSMISSION COMPANY OF ILLINOIS,Battery Storage,100.0,100.0,100.0,2024-04-18T04:00:00+00:00,Active,,,,,Battery Storage,,,2028-08-01T04:00:00+00:00,,DPP-2023,Central,Study Not Started,NRIS,100.0,100.0,0.0,0.0,
J3570,,,Cross,AR,AECC WYNNE EAST - PARKIN 161.0kV,"ENTERGY ARKANSAS, LLC EATO",Hybrid,300.0,300.0,300.0,2024-04-18T04:00:00+00:00,Withdrawn,,2025-12-23T05:00:00+00:00,,,Photovoltaic,,,2028-01-01T05:00:00+00:00,,DPP-2023,South,Study Not Started,NRIS,0.0,0.0,0.0,0.0,
J3571,,,Poinsett,AR,MARKED TREE - TWIST 161.0kV,"ENTERGY ARKANSAS, LLC EATO",Hybrid,250.0,250.0,250.0,2024-04-18T04:00:00+00:00,Withdrawn,,2025-08-28T04:00:00+00:00,,,Photovoltaic,,,2028-01-01T05:00:00+00:00,,DPP-2023,South,Study Not Started,NRIS,0.0,0.0,0.0,0.0,
J3567,,,Calhoun,AR,SHERIDAN EHV - EL DORADO EHV 500.0kV,"ENTERGY ARKANSAS, LLC EATO",Battery Storage,200.0,200.0,200.0,2024-04-18T04:00:00+00:00,Withdrawn,,2025-05-09T04:00:00+00:00,,,Battery Storage,,,2026-06-01T04:00:00+00:00,,DPP-2023,South,Study Not Started,NRIS,0.0,0.0,0.0,0.0,
J3585,,,Sabine,LA,HARTBURG - AEP LAYFIELD 500.0kV,"ENTERGY TEXAS, INC. ETTO",Battery Storage,150.0,150.0,150.0,2024-04-17T04:00:00+00:00,Withdrawn,,2025-09-24T04:00:00+00:00,,,Battery Storage,,,2028-09-30T04:00:00+00:00,,DPP-2023,South,Study Not Started,ERIS,0.0,0.0,0.0,0.0,
J3313,,,Lenawee,MI,MOROCCO  - ALLEN JUNCTION 345.0kV,METC,Wind,263.0,263.0,263.0,2024-04-16T04:00:00+00:00,Active,,,,,Wind Turbine,,,2028-09-01T04:00:00+00:00,,DPP-2023,East (ITC),Study Not Started,NRIS,263.0,263.0,0.0,0.0,
J3323,,,Knox,IL,Other_,MIDAMERICAN ENERGY CO. MEC,Solar,200.0,200.0,200.0,2024-04-12T04:00:00+00:00,Withdrawn,,2025-08-18T04:00:00+00:00,,,Photovoltaic,,,2028-09-30T04:00:00+00:00,,DPP-2023,West,Study Not Started,NRIS,0.0,0.0,0.0,0.0,
J3348,,,Marshall,IN,PLYMOUTH - KOSCIUSKO & LEESBURG & KOSCIUSKO CO REMC - NORTHWEST 138.0kV,NORTHERN INDIANA PUBLIC SERVICE COMPANY LLC NIPS,Solar,110.0,110.0,110.0,2024-04-17T04:00:00+00:00,Withdrawn,,2025-09-29T04:00:00+00:00,,,Photovoltaic,,,2028-09-15T04:00:00+00:00,,DPP-2023,Central,Study Not Started,NRIS,0.0,0.0,0.0,0.0,
J3576,,,Walthall,MS,BOGALUSA 500 SS - FRANKLIN EHV 500.0kV,"ENTERGY MISSISSIPPI, LLC. EMTO",Solar,300.0,300.0,300.0,2024-04-18T04:00:00+00:00,Withdrawn,,2025-12-23T05:00:00+00:00,,,Photovoltaic,,,2028-04-01T04:00:00+00:00,,DPP-2023,South,Study Not Started,ERIS,0.0,0.0,0.0,0.0,
J3580,,,Mississippi,AR,AECC Dell 161kV - Nucor-Yamato 161kV Switching Station 161.0kV,ARKANSAS ELECTRIC COOPERATIVE CORPORATION AECT,Battery Storage,250.0,250.0,250.0,2024-04-18T04:00:00+00:00,Withdrawn,,2025-05-23T04:00:00+00:00,,,Battery Storage,,,2028-05-31T04:00:00+00:00,,DPP-2023,South,Study Not Started,NRIS,0.0,0.0,0.0,0.0,
J3424,,,Posey,IN,AB Brown 345 - Gibson (Duke Terminal) 345.0kV,SOUTHERN INDIANA GAS & ELECTRIC COMPANY D/B/A CENTERPOINT ENERGY INDIANA SOUTH,Battery Storage,300.0,300.0,300.0,2024-04-16T04:00:00+00:00,Withdrawn,,2025-12-23T05:00:00+00:00,,,Battery Storage,,,2028-09-30T04:00:00+00:00,,DPP-2023,Central,Study Not Started,NRIS,0.0,0.0,0.0,0.0,
J3436,,,Daviess,MO,Other_,AMEREN TRANSMISSION COMPANY OF ILLINOIS,Solar,200.0,200.0,200.0,2024-04-17T04:00:00+00:00,Active,,,,,Photovoltaic,,,2028-09-30T04:00:00+00:00,,DPP-2023,Central,Study Not Started,NRIS,200.0,200.0,0.0,0.0,
J3432,,,Lawrence,IL,4LAWRNCVL - 4JASPER 138.0kV,AMEREN ILLINOIS,Battery Storage,150.0,150.0,150.0,2024-04-16T04:00:00+00:00,Withdrawn,,2025-12-23T05:00:00+00:00,,,Battery Storage,,,2028-09-30T04:00:00+00:00,,DPP-2023,Central,Study Not Started,NRIS,0.0,0.0,0.0,0.0,
J3433,,,Barron,WI,BARRON  - WASHCO  161.0kV,DAIRYLAND POWER COOPERATIVE DPC,Solar,115.0,115.0,115.0,2024-04-16T04:00:00+00:00,Withdrawn,,2025-09-24T04:00:00+00:00,,,Photovoltaic,,,2028-09-30T04:00:00+00:00,,DPP-2023,West,Study Not Started,NRIS,0.0,0.0,0.0,0.0,
J3583,,,Lonoke,AR,HOLLAND BOTTOM - KEO EHV 500.0kV,"ENTERGY ARKANSAS, LLC EATO",Hybrid,300.0,300.0,300.0,2024-04-18T04:00:00+00:00,Withdrawn,,2025-12-23T05:00:00+00:00,,,Solar/Battery,,,2028-08-01T04:00:00+00:00,,DPP-2023,South,Study Not Started,NRIS,0.0,0.0,0.0,0.0,
J3584,,,Lee,AR,BRINKLEY EAST - AECC AUBREY 230.0kV,"ENTERGY ARKANSAS, LLC EATO",Hybrid,215.0,215.0,215.0,2024-04-17T04:00:00+00:00,Withdrawn,,2025-03-28T04:00:00+00:00,,,Battery Storage,,,2028-08-01T04:00:00+00:00,,DPP-2023,South,Study Not Started,NRIS,0.0,0.0,0.0,0.0,
J3434,,,Kandiyohi,MN,Willmar,MISSOURI RIVER ENERGY SERVICES - TRANSMISSION,Solar,200.0,200.0,200.0,2024-03-18T04:00:00+00:00,Active,,,,,Photovoltaic,,,2028-09-01T04:00:00+00:00,,DPP-2023,West,Study Not Started,NRIS,200.0,200.0,0.0,0.0,
J3803,,,Monroe,MI,LEMOYNE - MAJESTIC 345.0kV,ITC,Solar,200.0,200.0,200.0,2024-04-18T04:00:00+00:00,Active,,,,,Photovoltaic,,,2028-04-01T04:00:00+00:00,,DPP-2023,East (ITC),Study Not Started,NRIS,200.0,200.0,0.0,0.0,
J3807,,,Goodhue,MN,Hampton - Prairie Island 345.0kV,NORTHERN STATES POWER COMPANY,Battery Storage,100.0,100.0,100.0,2024-04-09T04:00:00+00:00,Withdrawn,,2025-12-23T05:00:00+00:00,,,Battery Storage,,,2028-08-01T04:00:00+00:00,,DPP-2023,West,Study Not Started,NRIS,0.0,0.0,0.0,0.0,
J3782,,,Saginaw,MI,18MURPHY,METC,Battery Storage,180.0,180.0,180.0,2024-04-18T04:00:00+00:00,Active,,,,,Battery Storage,,,2027-07-26T04:00:00+00:00,,DPP-2023,East (ITC),Study Not Started,NRIS,180.0,180.0,0.0,0.0,
J3322,,,Jefferson Davis,LA,NELSON 500 SWYD - RICHARD 500.0kV,"ENTERGY LOUISIANA, LLC ELTO",Solar,325.0,325.0,325.0,2024-04-12T04:00:00+00:00,Withdrawn,,2025-06-03T04:00:00+00:00,,,Photovoltaic,,,2028-09-30T04:00:00+00:00,,DPP-2023,South,Study Not Started,NRIS,0.0,0.0,0.0,0.0,
J3430,,,Lawrence,IL,4LAWRNCVL - 4JASPER 138.0kV,AMEREN ILLINOIS,Solar,150.0,150.0,150.0,2024-04-16T04:00:00+00:00,Withdrawn,,2025-12-23T05:00:00+00:00,,,Photovoltaic,,,2028-09-30T04:00:00+00:00,,DPP-2023,Central,Study Not Started,NRIS,0.0,0.0,0.0,0.0,
J3987,,,Amite,MS,SMITHDALE SS (CE) - LIBERTY 115.0kV,"ENTERGY MISSISSIPPI, LLC. EMTO",Solar,165.0,165.0,165.0,2024-10-25T04:00:00+00:00,Withdrawn,,2026-04-15T04:00:00+00:00,,,Photovoltaic,,,2030-09-02T04:00:00+00:00,,DPP-2025,South,Phase 1,NRIS,0.0,0.0,0.0,0.0,
J3997,,,Pike,IN,Gibson Sta  - Petersburg - (IP&L) 345.0kV,"DUKE ENERGY INDIANA, LLC CIN",Solar,200.0,200.0,200.0,2025-05-01T04:00:00+00:00,Withdrawn,,2026-01-05T05:00:00+00:00,,,Photovoltaic,,,2028-02-10T05:00:00+00:00,,DPP-2025,Central,Phase 1,NRIS,0.0,0.0,0.0,0.0,
J3808,,,Webster,IA,IRVINGTON - WEBSTER 345.0kV,MIDAMERICAN ENERGY CO. MEC,Wind,300.0,300.0,300.0,2024-04-16T04:00:00+00:00,Withdrawn,,2025-09-30T04:00:00+00:00,,,Wind Turbine,,,2028-05-01T04:00:00+00:00,,DPP-2023,West,Study Not Started,NRIS,0.0,0.0,0.0,0.0,
J3815,,,St. Charles,LA,Waterford 3 SWYD,"ENTERGY LOUISIANA, LLC ELTO",Nuclear,153.1,153.1,59.5,2024-06-29T04:00:00+00:00,Active,,,,,Nuclear,,,2026-10-22T04:00:00+00:00,,DPP-2023,South,Study Not Started,NRIS,59.5,153.1,0.0,0.0,
J3994,,,Monroe,MI,18MOROCCO 256583,METC,Battery Storage,360.0,360.0,360.0,2025-04-17T04:00:00+00:00,Active,,,,,Battery Storage,,,2028-04-01T04:00:00+00:00,,DPP-2026,East (ITC),,NRIS,0.0,0.0,0.0,0.0,
J3996,,,St. Charles,MO,SIOUX,AMEREN MISSOURI,Gas,2220.0,2220.0,2220.0,2025-04-29T04:00:00+00:00,Active,,,,,Combined Cycle,,,2030-01-01T05:00:00+00:00,,DPP-2025,Central,Phase 1,NRIS,2200.0,2200.0,0.0,0.0,
J3823,,,Watonwan,MN,Crandall - Fieldon 345.0kV,NORTHERN STATES POWER COMPANY,Solar,300.0,300.0,300.0,2024-04-12T04:00:00+00:00,Withdrawn,,2025-09-26T04:00:00+00:00,,,Photovoltaic,,,2028-09-30T04:00:00+00:00,,DPP-2023,West,Study Not Started,ERIS,0.0,0.0,0.0,0.0,
J3787,,,Stutsman,ND,Jamestown 345 kV Substation,OTTER TAIL POWER COMPANY OTP,Solar,247.0,247.0,247.0,2024-04-16T04:00:00+00:00,Active,,,,,Photovoltaic,,,2028-06-30T04:00:00+00:00,,DPP-2023,West,Study Not Started,NRIS,247.0,247.0,0.0,0.0,
J3786,,,Washtenaw,MI,Coventry 230kV,ITC,Battery Storage,200.0,200.0,200.0,2024-04-18T04:00:00+00:00,Withdrawn,,2025-03-13T04:00:00+00:00,,,Battery Storage,,,2028-06-30T04:00:00+00:00,,DPP-2023,East (ITC),Study Not Started,NRIS,0.0,0.0,0.0,0.0,
J3784,,,Ozaukee,WI,Saukville (Cedarsauk),AMERICAN TRANSMISSION COMPANY,Battery Storage,200.0,200.0,200.0,2024-04-18T04:00:00+00:00,Pending Revision Approval,,,,,Battery Storage,,,2028-06-30T04:00:00+00:00,,DPP-2023,East (ATC),Study Not Started,NRIS,200.0,200.0,0.0,0.0,
J3938,,,Marshall,IN,BURR OAK - EAST WINAMAC 138.0 kV,NORTHERN INDIANA PUBLIC SERVICE COMPANY LLC NIPS,Solar,123.0,123.0,123.0,2025-04-01T04:00:00+00:00,Withdrawn,,2026-01-05T05:00:00+00:00,,,Photovoltaic,,,2030-09-30T04:00:00+00:00,,DPP-2025,Central,Phase 1,NRIS,0.0,0.0,0.0,0.0,
J3982,,,Lonoke,AR,WEST MEMPHIS EHV - KEO EHV 500.0kV,"ENTERGY ARKANSAS, LLC EATO",Wind,319.5,319.5,319.5,2024-12-24T05:00:00+00:00,Active,,,,,Wind Turbine,,,2030-04-01T04:00:00+00:00,,DPP-2025,South,Phase 1,NRIS,319.5,128.0,0.0,0.0,
J3783,,,Cross,AR,AECC WYNNE EAST - PARKIN 161.0kV,"ENTERGY ARKANSAS, LLC EATO",Hybrid,200.0,200.0,200.0,2024-04-18T04:00:00+00:00,Withdrawn,,2025-12-23T05:00:00+00:00,,,Photovoltaic,,,2028-01-01T05:00:00+00:00,,DPP-2023,South,Study Not Started,NRIS,0.0,0.0,0.0,0.0,
S1101,,,St. Francis,AR,BRINKLEY EAST - AECC AUBREY 230.0kV,"ENTERGY ARKANSAS, LLC EATO",Battery Storage,200.0,200.0,200.0,2025-06-16T04:00:00+00:00,Active,2028-01-20T05:00:00+00:00,,,,Battery Storage,,,2027-10-31T04:00:00+00:00,,,,,SIS,0.0,0.0,0.0,0.0,
S1095,,,Perry,IL,7ASTER - 7CMDR 345.0kV,AMEREN TRANSMISSION COMPANY OF ILLINOIS,Battery Storage,200.0,200.0,200.0,2025-04-22T04:00:00+00:00,Pending Transfer,,,,,Battery Storage,,,2027-05-28T04:00:00+00:00,,,,,SIS,0.0,0.0,0.0,0.0,
J3988,,,Morehouse,LA,NORTH BASTROP TAP - LOG CABIN (LAGEN) 115.0kV,"ENTERGY LOUISIANA, LLC ELTO",Solar,85.0,85.0,85.0,2024-10-25T04:00:00+00:00,Withdrawn,,2026-04-15T04:00:00+00:00,,,Photovoltaic,,,2030-09-02T04:00:00+00:00,,DPP-2025,South,Phase 1,NRIS,0.0,0.0,0.0,0.0,
J3941,,,Deuel,SD,Astoria 345kV substation,OTTER TAIL POWER COMPANY OTP,Gas,1144.0,1144.0,1144.0,2025-03-26T04:00:00+00:00,Active,,,,,Combustion Turbine (Simple Cycle),,,2030-05-01T04:00:00+00:00,,DPP-2025,West,Phase 1,NRIS,1144.0,744.0,0.0,0.0,
J3959,,,Grundy,MO,Other_,AMEREN TRANSMISSION COMPANY OF ILLINOIS,Solar,200.0,200.0,200.0,2025-04-17T04:00:00+00:00,Active,,,,,Photovoltaic,,,2029-11-01T04:00:00+00:00,,DPP-2025,Central,Phase 1,NRIS,200.0,200.0,0.0,0.0,
J3960,,,Lac qui Parle,MN,Big Stone South - Deuel County 345.0kV,OTTER TAIL POWER COMPANY OTP,Wind,300.0,300.0,300.0,2025-04-08T04:00:00+00:00,Active,,,,,Wind Turbine,,,2030-06-30T04:00:00+00:00,,DPP-2025,West,Phase 1,NRIS,300.0,300.0,0.0,0.0,
J3962,,,Bay,MI,BAUER - HAMPTON 1 345.0kV,METC,Hybrid,165.0,165.0,165.0,2025-03-12T04:00:00+00:00,Active,,,,,Wind/Battery,,,2030-05-01T04:00:00+00:00,,DPP-2026,East (ITC),,NRIS,0.0,0.0,0.0,0.0,
R5070,,,Linn,IA,Duane Arnold (ARNOLD 5),ITC MIDWEST,Nuclear,64.0,64.0,64.0,2025-08-26T04:00:00+00:00,Active,2028-09-01T04:00:00+00:00,,,,Nuclear,,,,,,,,,0.0,0.0,0.0,0.0,
S1107,,,Clinton,IA,Calamus East,ITC MIDWEST,Battery Storage,200.0,200.0,200.0,2025-07-08T04:00:00+00:00,Active,2028-03-01T05:00:00+00:00,,,,Battery Storage,,,2026-06-01T04:00:00+00:00,,,,,SIS,0.0,0.0,0.0,0.0,
J3440,,,Daviess,MO,Other_,AMEREN TRANSMISSION COMPANY OF ILLINOIS,Battery Storage,200.0,200.0,200.0,2024-04-17T04:00:00+00:00,Active,,,,,Battery Storage,,,2028-09-30T04:00:00+00:00,,DPP-2023,Central,Study Not Started,NRIS,200.0,200.0,0.0,0.0,
J3442,,,Scott,MO,5STODDARD - 5MORLEY (AECI) 161.0kV,AMEREN MISSOURI,Solar,156.0,156.0,156.0,2024-04-16T04:00:00+00:00,Active,,,,,Photovoltaic,,,2028-09-30T04:00:00+00:00,,DPP-2023,Central,Study Not Started,NRIS,156.0,156.0,0.0,0.0,
J3814,,,Cross,AR,FORREST CITY N SS - WYNNE SOUTH 161.0kV,"ENTERGY ARKANSAS, LLC EATO",Wind,135.0,135.0,135.0,2024-04-16T04:00:00+00:00,Withdrawn,,2025-12-23T05:00:00+00:00,,,Wind Turbine,,,2028-10-30T04:00:00+00:00,,DPP-2023,South,Study Not Started,NRIS-Only,0.0,0.0,0.0,0.0,
J3813,,,Putnam,IN,Edwardsport IGCC - Amo 345.0kV,"DUKE ENERGY INDIANA, LLC CIN",Battery Storage,100.0,100.0,100.0,2024-04-18T04:00:00+00:00,Withdrawn,,2025-09-29T04:00:00+00:00,,,Battery Storage,,,2028-06-30T04:00:00+00:00,,DPP-2023,Central,Study Not Started,NRIS,0.0,0.0,0.0,0.0,
J3431,,,Holmes,MS,INDIANOLA 230/115 SUB - MCADAMS EHV 230.0kV,"ENTERGY MISSISSIPPI, LLC. EMTO",Solar,300.0,300.0,300.0,2024-03-19T04:00:00+00:00,Withdrawn,,2025-08-25T04:00:00+00:00,,,Photovoltaic,,,2028-09-01T04:00:00+00:00,,DPP-2023,South,Study Not Started,NRIS,0.0,0.0,0.0,0.0,
J3811,,,Clay,IL,4KINMUNDY S - 4TANNER 138.0kV,AMEREN ILLINOIS,Solar,200.0,200.0,200.0,2024-04-18T04:00:00+00:00,Active,,,,,Photovoltaic,,,2028-09-30T04:00:00+00:00,,DPP-2023,Central,Study Not Started,NRIS,200.0,200.0,0.0,0.0,
J3821,,,Walker,TX,RIVTRIN,"ENTERGY TEXAS, INC. ETTO",Hybrid,175.0,175.0,175.0,2024-04-18T04:00:00+00:00,Withdrawn,,2025-12-23T05:00:00+00:00,,,Solar/Battery,,,2028-08-01T04:00:00+00:00,,DPP-2023,South,Study Not Started,NRIS,0.0,0.0,0.0,0.0,
J3785,,,Kenosha,MI,Pleasant Prairie,AMERICAN TRANSMISSION COMPANY,Battery Storage,200.0,200.0,200.0,2024-04-18T04:00:00+00:00,Pending Revision Approval,,,,,Battery Storage,,,2028-06-30T04:00:00+00:00,,DPP-2023,East (ATC),Study Not Started,NRIS,200.0,200.0,0.0,0.0,
J3812,,,Phillips,AR,BALD KNOB T.E.T.C. P.S. #6 SS - AECC COFFEEVILLE 161.0kV,"ENTERGY ARKANSAS, LLC EATO",Solar,158.59,158.59,158.59,2024-04-18T04:00:00+00:00,Withdrawn,,2025-12-23T05:00:00+00:00,,,Solar/Battery,,,2028-01-01T05:00:00+00:00,,DPP-2023,South,Study Not Started,NRIS,0.0,0.0,0.0,0.0,
J3820,,,Hancock,IL,LRTP Line,AMEREN ILLINOIS,Wind,127.0,127.0,127.0,2024-04-16T04:00:00+00:00,Active,,,,,Wind Turbine,,,2028-06-01T04:00:00+00:00,,DPP-2023,Central,Study Not Started,NRIS,127.0,127.0,0.0,0.0,
J3796,,,Calcasieu,LA,NELSON 230 SWYD,"ENTERGY LOUISIANA, LLC ELTO",Gas,770.0,735.0,770.0,2024-04-17T04:00:00+00:00,Withdrawn,,2025-09-24T04:00:00+00:00,,,Combined-Cycle – Steam Plant,,,2028-11-30T05:00:00+00:00,,DPP-2023,South,Study Not Started,NRIS,0.0,0.0,0.0,0.0,
R5063,,,Shiawassee,MI,BELL ROAD - CORNELL 138.0kV,METC,Hybrid,170.0,170.0,170.0,2025-05-09T04:00:00+00:00,Active,,,,,Solar/Battery,,,,,,,,NRIS,0.0,0.0,0.0,0.0,
J3986,,,Liberty,TX,JACINTO - PEACH CREEK 230.0kV,"ENTERGY TEXAS, INC. ETTO",Solar,270.0,270.0,270.0,2024-10-25T04:00:00+00:00,Withdrawn,,2026-04-15T04:00:00+00:00,,,Photovoltaic,,,2030-09-02T04:00:00+00:00,,DPP-2025,South,Phase 1,NRIS,0.0,0.0,0.0,0.0,
J3985,,,Polk,TX,"SHECO/ETEC, BUS#334130","SAM HOUSTON ELECTRIC COOPERATIVE, INC.SHTO",Hybrid,240.0,240.0,240.0,2024-11-18T05:00:00+00:00,Withdrawn,,2026-04-15T04:00:00+00:00,,,Solar/Battery,,,2030-09-02T04:00:00+00:00,,DPP-2025,South,Phase 1,NRIS,0.0,0.0,0.0,0.0,
J3822,,,Pointe Coupee,LA,DEVIN - LIVONIA 138.0kV,"ENTERGY LOUISIANA, LLC ELTO",Solar,139.58,139.58,139.58,2024-04-18T04:00:00+00:00,Withdrawn,,2025-12-23T05:00:00+00:00,,,Photovoltaic,,,2028-01-01T05:00:00+00:00,,DPP-2023,South,Study Not Started,NRIS,0.0,0.0,0.0,0.0,
J3781,,,Jefferson Davis,LA,HEBERT (SLEMCO) - HENNING 138.0kV,"ENTERGY LOUISIANA, LLC ELTO",Solar,150.0,150.0,150.0,2024-04-18T04:00:00+00:00,Active,,,,,Photovoltaic,,,2027-07-27T04:00:00+00:00,,DPP-2023,South,Study Not Started,NRIS,150.0,150.0,0.0,0.0,
J3780,,,Buchanan,IA,Hazleton,ITC MIDWEST,Battery Storage,205.0,205.0,205.0,2024-04-18T04:00:00+00:00,Active,,,,,Battery Storage,,,2028-06-30T04:00:00+00:00,,DPP-2023,West,Study Not Started,NRIS,200.0,200.0,0.0,0.0,
J3935,,,Genesee,MI,THETFORD,METC,Gas,975.4,975.4,975.4,2025-02-28T05:00:00+00:00,Active,,,,,Combustion Turbine (Simple Cycle),,,2030-03-01T05:00:00+00:00,,DPP-2025,East (ITC),Phase 1,NRIS,975.4,975.4,0.0,0.0,
J3989,,,Williamson,IL,Marion North,AMEREN ILLINOIS,Battery Storage,200.0,200.0,200.0,2025-04-01T04:00:00+00:00,Withdrawn,,2026-01-05T05:00:00+00:00,,,Battery Storage,,,2030-09-30T04:00:00+00:00,,DPP-2025,Central,Phase 1,NRIS,0.0,0.0,0.0,0.0,
J3937,,,Dallas,AR,SHERIDAN EHV - EL DORADO EHV 500.0kV,"ENTERGY ARKANSAS, LLC EATO",Solar,500.0,500.0,500.0,2025-04-01T04:00:00+00:00,Withdrawn,,2026-01-05T05:00:00+00:00,,,Photovoltaic,,,2030-09-30T04:00:00+00:00,,DPP-2025,South,Phase 1,NRIS,0.0,0.0,0.0,0.0,
J3940,,,Isabella,MI,SALT RIVER - WARREN 138.0kV,METC,Solar,214.0,214.0,214.0,2025-02-14T05:00:00+00:00,Withdrawn,,2026-04-15T04:00:00+00:00,,,Photovoltaic,,,2030-06-01T04:00:00+00:00,,DPP-2025,East (ITC),Phase 1,NRIS,0.0,0.0,0.0,0.0,
J3942,,,Vigo,IN,Sandford,"DUKE ENERGY INDIANA, LLC CIN",Solar,365.0,365.0,365.0,2025-02-20T05:00:00+00:00,Active,,,,,Photovoltaic,,,2030-06-01T04:00:00+00:00,,DPP-2025,Central,Phase 1,NRIS,365.0,365.0,0.0,0.0,
J3957,,,Sullivan,MO,Other_,AMEREN TRANSMISSION COMPANY OF ILLINOIS,Solar,300.0,300.0,300.0,2025-04-17T04:00:00+00:00,Active,,,,,Photovoltaic,,,2029-11-01T04:00:00+00:00,,DPP-2025,Central,Phase 1,NRIS,300.0,300.0,0.0,0.0,
J3963,,,Brookings,SD,BROOKINGS COUNTY,NORTHERN STATES POWER COMPANY,Solar,490.0,490.0,490.0,2025-04-07T04:00:00+00:00,Active,,,,,Photovoltaic,,,2030-01-31T05:00:00+00:00,,DPP-2025,West,Phase 1,NRIS,490.0,490.0,0.0,0.0,
J3958,,,Sullivan,MO,Other_,AMEREN MISSOURI,Solar,300.0,300.0,300.0,2025-04-17T04:00:00+00:00,Withdrawn,,2025-10-22T04:00:00+00:00,,,Photovoltaic,,,2029-11-01T04:00:00+00:00,,DPP-2025,Central,Phase 1,NRIS,0.0,0.0,0.0,0.0,
R5069,,,Linn,IA,Duane Arnold (ARNOLD 5),ITC MIDWEST,Nuclear,200.0,200.0,200.0,2025-08-26T04:00:00+00:00,Active,2028-09-01T04:00:00+00:00,,,,Nuclear,,,,,,,,NRIS,0.0,0.0,0.0,0.0,
J4057,,,Mower,MN,YANKEE,NORTHERN STATES POWER COMPANY,Solar,127.4,127.4,127.4,2025-08-22T04:00:00+00:00,Withdrawn,,2026-04-15T04:00:00+00:00,,,Photovoltaic,,,2030-05-30T04:00:00+00:00,,DPP-2025,West,Phase 1,NRIS,0.0,0.0,0.0,0.0,
J4054,,,Saginaw,MI,CLAREMONT - LAYTON 138.0kV,METC,Wind,146.0,146.0,146.0,2025-09-18T04:00:00+00:00,Active,,,,,Wind Turbine,,,2030-10-30T04:00:00+00:00,,DPP-2026,East (ITC),,NRIS,0.0,0.0,0.0,0.0,
J3995,,,Jasper,IL,7CASEY    - 7NEWTON   345.0kV,AMEREN ILLINOIS,Wind,300.0,300.0,300.0,2025-04-23T04:00:00+00:00,Withdrawn,,2026-01-05T05:00:00+00:00,,,Wind Turbine,,,2030-07-01T04:00:00+00:00,,DPP-2025,Central,Phase 1,NRIS,0.0,0.0,0.0,0.0,
J3961,,,Lincoln,MN,YANKEE,NORTHERN STATES POWER COMPANY,Solar,245.0,245.0,245.0,2025-04-07T04:00:00+00:00,Withdrawn,,2026-04-15T04:00:00+00:00,,,Photovoltaic,,,2030-01-31T05:00:00+00:00,,DPP-2025,West,Phase 1,NRIS,0.0,0.0,0.0,0.0,
R5071,,,Linn,IA,Duane Arnold (ARNOLD 5),ITC MIDWEST,Nuclear,251.0,251.0,251.0,2025-08-26T04:00:00+00:00,Active,2028-09-01T04:00:00+00:00,,,,Nuclear,,,,,,,,,0.0,0.0,0.0,0.0,
J4061,,,Lenawee,MI,KNOWLES - MOORE ROAD 138.0kV,ITC,Solar,150.0,150.0,150.0,2025-08-07T04:00:00+00:00,Active,,,,,Photovoltaic,,,2028-11-01T04:00:00+00:00,,DPP-2026,East (ITC),,NRIS,0.0,0.0,0.0,0.0,
J3930,,,Iberia,LA,Morbihan,CLECO POWER LLC CLEC,Battery Storage,120.0,120.0,120.0,2025-02-13T05:00:00+00:00,Withdrawn,,2026-04-17T04:00:00+00:00,,,Battery Storage,,,2029-09-01T04:00:00+00:00,,DPP-2025,South,Phase 1,NRIS,0.0,0.0,0.0,0.0,
J4102,,,Cass,MI,WEEDS LAKE - HIPLE 345.0kV,METC,Solar,539.0,539.0,539.0,2025-10-10T04:00:00+00:00,Active,,,,,Photovoltaic,,,2029-08-31T04:00:00+00:00,,DPP-2026,East (ITC),,NRIS,0.0,0.0,0.0,0.0,
J4103,,,Trinity,TX,ONALASKA,"SAM HOUSTON ELECTRIC COOPERATIVE, INC.",Battery Storage,150.0,150.0,150.0,2025-10-06T04:00:00+00:00,Pending Revision Approval,,,,,Battery Storage,,,2029-06-30T04:00:00+00:00,,DPP-2025,South,Phase 1,NRIS,150.0,150.0,0.0,0.0,
J4106,,,Cass,ND,Buffalo 345 kV Substation,OTTER TAIL POWER COMPANY,Hybrid,250.0,250.0,250.0,2025-10-06T04:00:00+00:00,Withdrawn,,2026-04-16T04:00:00+00:00,,,Solar/Battery,,,2027-02-15T05:00:00+00:00,,DPP-2025,West,Phase 1,NRIS,0.0,0.0,0.0,0.0,
R5072,,,Linn,IA,Duane Arnold (ARNOLD 5),ITC MIDWEST,Nuclear,100.0,100.0,100.0,2025-08-26T04:00:00+00:00,Active,2028-09-01T04:00:00+00:00,,,,Nuclear,,,,,,,,NRIS,0.0,0.0,0.0,0.0,
R5067,,,Lake,IN,NIPSCO Green Acres 138kV Sub,NORTHERN INDIANA PUBLIC SERVICE COMPANY LLC NIPS,Battery Storage,100.0,100.0,100.0,2025-07-03T04:00:00+00:00,Active,2028-05-31T04:00:00+00:00,,,,Battery Storage,,,,,,,,NRIS,0.0,0.0,0.0,0.0,
J4056,,,Marshall,IA,Lehigh - Marshalltown (Twinkle) 345kV,"THE MUNICIPAL ELECTRIC UTILITY OF THE CITY OF CEDAR FALLS, IOWA",Wind,310.0,310.0,310.0,2025-08-27T04:00:00+00:00,Active,,,,,Wind Turbine,,,2030-08-01T04:00:00+00:00,,DPP-2025,West,Phase 1,NRIS,310.0,310.0,0.0,0.0,
J4055,,,Ionia,MI,Peddler,ITC,Wind,198.0,198.0,198.0,2025-08-29T04:00:00+00:00,Active,,,,,Wind Turbine,,,2027-09-01T04:00:00+00:00,,DPP-2026,East (ITC),,NRIS-Only,0.0,0.0,0.0,0.0,
J3892,,,Sangamon,IL,343506 Eastdale,CITY WATER LIGHT & POWER,Battery Storage,50.0,50.0,50.0,2025-01-29T05:00:00+00:00,Withdrawn,,2026-04-14T04:00:00+00:00,,,Battery Storage,,,2028-09-15T04:00:00+00:00,,DPP-2025,Central,Phase 1,NRIS,0.0,0.0,0.0,0.0,
J3902,,,Jefferson,TX,STOWELL,"ENTERGY TEXAS, INC. ETTO",Wind,288.5,288.5,288.5,2025-02-06T05:00:00+00:00,Active,,,,,Wind Turbine,,,2028-06-01T04:00:00+00:00,,DPP-2025,South,Phase 1,NRIS,218.94,218.94,0.0,0.0,
S1096,,,Wood,WI,Saratoga - Badger West 138.0kV,AMERICAN TRANSMISSION COMPANY,Battery Storage,50.3,50.3,50.3,2025-05-20T04:00:00+00:00,Active,,,,,Solar/Battery,,,2028-02-01T05:00:00+00:00,,,,,SIS,0.0,0.0,0.0,0.0,
J4101,,,Jefferson,WI,University (UWW),AMERICAN TRANSMISSION COMPANY,Solar,71.0,71.0,71.0,2025-10-07T04:00:00+00:00,Active,,,,,Photovoltaic,,,2028-03-31T04:00:00+00:00,,DPP-2025,East (ATC),Phase 1,NRIS,71.0,35.0,0.0,0.0,
J3904,,,Tazewell,IL,Other_,AMEREN ILLINOIS,Battery Storage,175.0,175.0,175.0,2025-03-12T04:00:00+00:00,Active,,,,,Battery Storage,,,2030-05-01T04:00:00+00:00,,DPP-2025,Central,Phase 1,NRIS,175.0,175.0,0.0,0.0,
J3920,,,Clay,IA,Other_,MIDAMERICAN ENERGY CO. MEC,Wind,300.0,300.0,300.0,2025-03-10T04:00:00+00:00,Withdrawn,,2026-01-05T05:00:00+00:00,,,Wind Turbine,,,2030-05-01T04:00:00+00:00,,DPP-2025,West,Phase 1,ERIS,0.0,0.0,0.0,0.0,
J4105,,,Cass,ND,Buffalo 345 kV Substation,OTTER TAIL POWER COMPANY,Hybrid,250.0,250.0,250.0,2025-10-06T04:00:00+00:00,Withdrawn,,2026-04-16T04:00:00+00:00,,,Solar/Battery,,,2028-03-31T04:00:00+00:00,,DPP-2025,West,Phase 1,NRIS,0.0,0.0,0.0,0.0,
J4125,,,Bay,MI,Other_,METC,Wind,50.0,50.0,50.0,2025-09-16T04:00:00+00:00,Active,,,,,Wind Turbine,,,2030-10-30T04:00:00+00:00,,DPP-2026,East (ITC),,NRIS,0.0,0.0,0.0,0.0,
J3919,,,Lincoln,MO,Other_,AMEREN MISSOURI,Solar,200.0,200.0,200.0,2025-03-07T05:00:00+00:00,Withdrawn,,2026-04-14T04:00:00+00:00,,,Photovoltaic,,,2030-11-01T04:00:00+00:00,,DPP-2025,Central,Phase 1,NRIS,0.0,0.0,0.0,0.0,
J4104,,,Houston,TX,ROCKY CREEK - CROCKETT (SWEPCO) 345.0kV,"ENTERGY TEXAS, INC.",Battery Storage,250.0,250.0,250.0,2025-10-06T04:00:00+00:00,Withdrawn,,2025-12-19T05:00:00+00:00,,,Battery Storage,,,2030-06-30T04:00:00+00:00,,DPP-2025,South,Phase 1,NRIS,0.0,0.0,0.0,0.0,
R5086,,,Pointe Coupee,LA,Big Cajun II 500kV Substation,,Battery Storage,593.0,593.0,593.0,2025-10-17T04:00:00+00:00,Active,,,,,Battery Storage,,,2028-02-29T05:00:00+00:00,,,,,NRIS,0.0,0.0,0.0,0.0,
S1151,,,Jefferson,WI,University (UWW),AMERICAN TRANSMISSION COMPANY,Solar,109.0,109.0,109.0,2025-11-19T05:00:00+00:00,Active,,,,,Photovoltaic,,,2028-03-31T04:00:00+00:00,,,,,SIS,0.0,0.0,0.0,0.0,
J4126,,,Lenawee,MI,MOROCCO  - ALLEN JUNCTION 345.0kV,METC,Wind,112.0,112.0,112.0,2025-09-16T04:00:00+00:00,Active,,,,,Wind Turbine,,,2030-10-30T04:00:00+00:00,,DPP-2026,East (ITC),,NRIS,0.0,0.0,0.0,0.0,
J4193,,,Meeker,MN,SHERBURNE CO,NORTHERN STATES POWER COMPANY,Wind,200.0,200.0,200.0,2025-10-07T04:00:00+00:00,Active,,,,,Wind Turbine,,,2030-12-31T05:00:00+00:00,,DPP-2026,West,,NRIS,0.0,0.0,0.0,0.0,
J4127,,,Barron,WI,Ridgeland,NORTHERN STATES POWER COMPANY,Solar,100.0,100.0,100.0,2025-09-18T04:00:00+00:00,Active,,,,,Photovoltaic,,,2029-01-19T05:00:00+00:00,,DPP-2025,West,Phase 1,NRIS,90.0,90.0,0.0,0.0,
R5093,,,St. James,LA,VACHERIE,"ENTERGY LOUISIANA, LLC ELTO",Battery Storage,200.0,200.0,200.0,2025-10-14T04:00:00+00:00,Active,,,,,Battery Storage,,,2023-04-01T04:00:00+00:00,,NO_CYCLE,NO_GROUP,,NRIS,0.0,0.0,0.0,0.0,
J3891,,,Pope,AR,ATKINS,"ENTERGY ARKANSAS, LLC EATO",Solar,200.0,200.0,200.0,2025-01-31T05:00:00+00:00,Withdrawn,,2026-04-16T04:00:00+00:00,,,Photovoltaic,,,2030-09-01T04:00:00+00:00,,DPP-2025,South,Phase 1,NRIS,0.0,0.0,0.0,0.0,
J4192,,,Racine,WI,Bain - State Line 138.0kV,AMERICAN TRANSMISSION COMPANY,Battery Storage,200.0,200.0,200.0,2025-10-07T04:00:00+00:00,Withdrawn,,2026-01-05T05:00:00+00:00,,,Battery Storage,,,2029-04-30T04:00:00+00:00,,DPP-2025,East (ATC),Phase 1,NRIS,0.0,0.0,0.0,0.0,
S1153,,,Waushara,WI,Sand Lake 138kV,AMERICAN TRANSMISSION COMPANY,Battery Storage,100.0,100.0,100.0,2025-11-04T05:00:00+00:00,Active,,,,,Battery Storage,,,2026-06-01T04:00:00+00:00,,,,,SIS,0.0,0.0,0.0,0.0,
R5087,,,Washington,IL,4JORD - 4ASHLEY 138.0kV,,Battery Storage,185.0,185.0,185.0,2025-11-06T05:00:00+00:00,Active,,,,,Battery Storage,,,2027-06-01T04:00:00+00:00,,,,,NRIS,0.0,0.0,0.0,0.0,
S1142,,,East Feliciana,LA,MOLER - COLFEL 230.0kV,"ENTERGY LOUISIANA, LLC ELTO",Battery Storage,300.0,300.0,300.0,2026-01-30T00:15:13+00:00,Active,,,,,Battery Storage,,,2027-08-20T04:00:00+00:00,,DPP-2026,South,,SIS,0.0,0.0,0.0,0.0,
J4016,,,Tuscola,MI,ATLANTA - THETFORD [KARN] 138.0kV,ITC,Battery Storage,300.0,300.0,300.0,2025-05-20T04:00:00+00:00,Active,,,,,Battery Storage,,,2029-12-30T05:00:00+00:00,,DPP-2026,East (ITC),,NRIS,0.0,0.0,0.0,0.0,
J4014,,,Calumet,WI,Forest Junction,AMERICAN TRANSMISSION COMPANY,Gas,650.0,650.0,650.0,2025-05-21T04:00:00+00:00,Active,,,,,Combustion Turbine (Simple Cycle),,,2030-05-01T04:00:00+00:00,,DPP-2025,East (ATC),Phase 1,NRIS,650.0,650.0,0.0,0.0,
J4028,,,Walworth,WI,North Creek 138kV,AMERICAN TRANSMISSION COMPANY,Gas,324.0,324.0,324.0,2025-05-01T04:00:00+00:00,Active,,,,,Combustion Turbine (Simple Cycle),,,2027-05-01T04:00:00+00:00,,DPP-2025,East (ATC),Phase 1,NRIS,324.0,163.0,0.0,0.0,
J4032,,,Deuel,SD,Astoria - Brookings County 345.0kV,NORTHERN STATES POWER COMPANY,Gas,442.0,442.0,442.0,2025-05-30T04:00:00+00:00,Withdrawn,,2025-12-26T05:00:00+00:00,,,Combustion Turbine (Simple Cycle),,,2030-12-01T05:00:00+00:00,,DPP-2025,West,Phase 1,NRIS,0.0,0.0,0.0,0.0,
J3990,,,McLean,IL,Other_,AMEREN ILLINOIS,Wind,100.0,100.0,100.0,2025-04-17T04:00:00+00:00,Active,,,,,Wind Turbine,,,2029-04-01T04:00:00+00:00,,DPP-2025,Central,Phase 1,NRIS,100.0,100.0,0.0,0.0,
J3991,,,McLean,IL,Other_,AMEREN ILLINOIS,Wind,340.0,340.0,340.0,2025-04-17T04:00:00+00:00,Active,,,,,Wind Turbine,,,2029-04-01T04:00:00+00:00,,DPP-2025,Central,Phase 1,NRIS,340.0,340.0,0.0,0.0,
J3978,,,Sullivan,IN,Petersburg - Sullivan (AEP/PJM) 345.0kV,HOOSIER ENERGY,Hybrid,200.0,200.0,200.0,2025-04-08T04:00:00+00:00,Active,,,,,Solar/Battery,,,2029-10-01T04:00:00+00:00,,DPP-2025,Central,Phase 1,NRIS,200.0,200.0,0.0,0.0,
J3979,,,Sullivan,IN,Petersburg - Sullivan (AEP/PJM) 345.0kV,HOOSIER ENERGY,Hybrid,200.0,200.0,200.0,2025-04-08T04:00:00+00:00,Active,,,,,Solar/Battery,,,2029-10-01T04:00:00+00:00,,DPP-2025,Central,Phase 1,NRIS,200.0,200.0,0.0,0.0,
J4051,,,Jefferson Davis,LA,NELSON 500 SWYD - RICHARD 500.0kV,"ENTERGY LOUISIANA, LLC",Solar,220.0,220.0,220.0,2025-09-02T04:00:00+00:00,Pending Revision Approval,,,,,Photovoltaic,,,2030-06-01T04:00:00+00:00,,DPP-2025,South,Phase 1,NRIS,220.0,0.0,0.0,0.0,
J3888,,,Union,AR,EL DORADO EHV - SAREPTA 345/115 SS 345.0kV,"ENTERGY ARKANSAS, LLC EATO",Solar,150.0,150.0,150.0,2025-02-06T05:00:00+00:00,Withdrawn,,2026-04-15T04:00:00+00:00,,,Photovoltaic,,,2030-09-12T04:00:00+00:00,,DPP-2025,South,Phase 1,NRIS,0.0,0.0,0.0,0.0,
J3894,,,Lyon,MN,Lyon County - Brookings County 345.0kV,GREAT RIVER ENERGY,Battery Storage,250.0,250.0,250.0,2025-02-14T05:00:00+00:00,Active,,,,,Battery Storage,,,2030-05-01T04:00:00+00:00,,DPP-2025,West,Phase 1,NRIS,250.0,250.0,0.0,0.0,
J4015,,,Mason,IL,Quiver,AMEREN ILLINOIS,Solar,136.0,136.0,136.0,2025-05-09T04:00:00+00:00,Withdrawn,,2026-01-02T05:00:00+00:00,,,Photovoltaic,,,2030-05-01T04:00:00+00:00,,DPP-2025,Central,Phase 1,NRIS,0.0,0.0,0.0,0.0,
J3977,,,Sanilac,MI,GREENWOOD - RAPSON 345.0kV,ITC,Battery Storage,250.0,250.0,250.0,2025-03-31T04:00:00+00:00,Active,,,,,Battery Storage,,,2029-06-01T04:00:00+00:00,,DPP-2026,East (ITC),,NRIS,0.0,0.0,0.0,0.0,
S1094,,,Crittenden,AR,BOB WHITE,"ENTERGY ARKANSAS, LLC EATO",Battery Storage,180.0,180.0,180.0,2025-04-08T04:00:00+00:00,Active,2028-03-03T05:00:00+00:00,,,,Battery Storage,,,2026-10-31T04:00:00+00:00,,,,,SIS,0.0,0.0,0.0,0.0,
J4053,,,Grand Traverse,MI,KEYSTONE - WEXFORD 138.0kV,METC,Battery Storage,200.0,200.0,200.0,2025-07-28T04:00:00+00:00,Active,,,,,Battery Storage,,,2028-06-01T04:00:00+00:00,,DPP-2026,East (ITC),,NRIS,0.0,0.0,0.0,0.0,
J3889,,,Union,AR,EL DORADO EHV - SAREPTA 345/115 SS 345.0kV,"ENTERGY ARKANSAS, LLC EATO",Solar,350.0,350.0,350.0,2025-02-06T05:00:00+00:00,Withdrawn,,2026-04-15T04:00:00+00:00,,,Photovoltaic,,,2030-09-12T04:00:00+00:00,,DPP-2025,South,Phase 1,NRIS,0.0,0.0,0.0,0.0,
J3907,,,Stark,IL,4BUREAU - 4EKEWANEE N 138.0kV,AMEREN ILLINOIS,Hybrid,200.0,200.0,200.0,2025-03-11T04:00:00+00:00,Active,,,,,Wind Turbine,,,2030-05-01T04:00:00+00:00,,DPP-2025,Central,Phase 1,NRIS,200.0,150.0,0.0,0.0,
J3929,,,Audrain,MO,SPENCER CREEK,AMEREN MISSOURI,Wind,250.0,250.0,250.0,2025-01-31T05:00:00+00:00,Withdrawn,,2026-04-14T04:00:00+00:00,,,Wind Turbine,,,2030-10-30T04:00:00+00:00,,DPP-2025,Central,Phase 1,NRIS,0.0,0.0,0.0,0.0,
J4076,,,Jefferson Davis,LA,NELSON 500 SWYD - RICHARD 500.0kV,"ENTERGY LOUISIANA, LLC",Battery Storage,400.0,400.0,400.0,2025-10-06T04:00:00+00:00,Withdrawn,,2026-04-15T04:00:00+00:00,,,Battery Storage,,,2030-06-30T04:00:00+00:00,,DPP-2025,South,Phase 1,NRIS,0.0,0.0,0.0,0.0,
S1097,,,Vermilion,IL,Tilton Switchyard,AMEREN ILLINOIS,Solar,188.0,188.0,188.0,2025-05-23T04:00:00+00:00,Active,,,,,Photovoltaic,,,2027-06-30T04:00:00+00:00,,,,,SIS,0.0,0.0,0.0,0.0,
S1077,,,St. Clair,IL,Fayetteville Bee Hollow Road,AMEREN ILLINOIS,Battery Storage,150.0,150.0,150.0,2025-01-13T05:00:00+00:00,Active,,,,,Battery Storage,,,2029-09-01T04:00:00+00:00,,,,,SIS,0.0,0.0,0.0,0.0,
J3909,,,Gratiot,MI,ALMA - VESTABURG 138.0kV,METC,Hybrid,175.0,175.0,175.0,2025-02-28T05:00:00+00:00,Withdrawn,,2026-04-17T04:00:00+00:00,,,Wind Turbine,,,2030-05-01T04:00:00+00:00,,DPP-2025,East (ITC),Phase 1,NRIS,0.0,0.0,0.0,0.0,
J3926,,,Webster,IA,Grimes - Lehigh 345kV,MIDAMERICAN ENERGY CO. MEC,Wind,170.0,170.0,170.0,2025-03-13T04:00:00+00:00,Active,,,,,Wind Turbine,,,2030-05-01T04:00:00+00:00,,DPP-2025,West,Phase 1,NRIS,170.0,170.0,0.0,0.0,
J3928,,,Bay,MI,TITTABAWASSEE 345kV- GALLEGHER 345kV,METC,Wind,200.0,200.0,200.0,2025-01-31T05:00:00+00:00,Withdrawn,,2026-04-15T04:00:00+00:00,,,Wind Turbine,,,2030-10-30T04:00:00+00:00,,DPP-2025,East (ITC),Phase 1,NRIS,0.0,0.0,0.0,0.0,
J4131,,,Scott,MS,J1347 TO Switchyard (115kV Entergy MS Switchyard),"ENTERGY MISSISSIPPI, LLC.",Battery Storage,100.0,100.0,100.0,2025-10-01T04:00:00+00:00,Active,,,,,Battery Storage,,,2030-06-01T04:00:00+00:00,,DPP-2025,South,Phase 1,NRIS,100.0,100.0,0.0,0.0,
J4100,,,Livingston,LA,COLY - WILLOW GLEN 500 SWYD 500.0kV,"ENTERGY LOUISIANA, LLC",Battery Storage,500.0,500.0,500.0,2025-10-06T04:00:00+00:00,Withdrawn,,2026-04-15T04:00:00+00:00,,,Battery Storage,,,2030-06-30T04:00:00+00:00,,DPP-2025,South,Phase 1,NRIS,0.0,0.0,0.0,0.0,
J4118,,,McLean,IL,Radbourn 345kV (LRTP-41),AMEREN ILLINOIS,Battery Storage,250.0,250.0,250.0,2025-09-24T04:00:00+00:00,Active,,,,,Battery Storage,,,2030-09-30T04:00:00+00:00,,DPP-2026,Central,,NRIS,0.0,0.0,0.0,0.0,
J3945,,,Washtenaw,MI,MAJESTIC - MILAN 345.0kV,ITC,Solar,245.0,245.0,245.0,2025-04-07T04:00:00+00:00,Active,,,,,Photovoltaic,,,2030-01-31T05:00:00+00:00,,DPP-2026,East (ITC),,NRIS,0.0,0.0,0.0,0.0,
J3895,,,Muskegon,MI,KENOWA - LUDINGTON 345.0kV,METC,Wind,199.72,199.72,199.72,2025-02-07T05:00:00+00:00,Withdrawn,,2026-04-15T04:00:00+00:00,,,Wind Turbine,,,2028-06-01T04:00:00+00:00,,DPP-2025,East (ITC),Phase 1,NRIS,0.0,0.0,0.0,0.0,
J3905,,,Tazewell,IL,Other_,AMEREN ILLINOIS,Wind,175.0,175.0,175.0,2025-03-12T04:00:00+00:00,Active,,,,,Wind Turbine,,,2030-05-01T04:00:00+00:00,,DPP-2025,Central,Phase 1,NRIS,175.0,175.0,0.0,0.0,
J3932,,,Linn,IA,Duane Arnold 161 kV,ITC MIDWEST,Nuclear,646.0,646.0,646.0,2025-03-14T04:00:00+00:00,Active,,,,,Nuclear,,,2029-06-29T04:00:00+00:00,,DPP-2025,West,Phase 1,NRIS,646.0,646.0,0.0,0.0,
J4132,,,Benton,MN,Mud Lake - Benton County (GRE) 230kV,GREAT RIVER ENERGY,Solar,303.8,303.8,303.8,2025-10-03T04:00:00+00:00,Withdrawn,,2026-04-15T04:00:00+00:00,,,Photovoltaic,,,2030-01-31T05:00:00+00:00,,DPP-2025,West,Phase 1,NRIS,0.0,0.0,0.0,0.0,
J4145,,,Cerro Gordo,IA,Emery,ITC MIDWEST,Gas,98.0,98.0,98.0,2025-10-06T04:00:00+00:00,Active,,,,,Combined Cycle,,,2028-06-30T04:00:00+00:00,,DPP-2026,West,,NRIS,0.0,0.0,0.0,0.0,
J3927,,,Sheboygan,WI,SHEBOYGAN FALLS STATION 138 KV,AMERICAN TRANSMISSION COMPANY,Solar,150.0,150.0,150.0,2025-02-24T05:00:00+00:00,Withdrawn,,2025-12-23T05:00:00+00:00,,,Photovoltaic,,,2028-09-01T04:00:00+00:00,,DPP-2025,East (ATC),Phase 1,NRIS,0.0,0.0,0.0,0.0,
J4083,,,Perry,MS,Purvis Bulk 161 - Hintonville 161 161.0kV,COOPERATIVE ENERGY,Battery Storage,150.0,150.0,150.0,2025-10-07T04:00:00+00:00,Active,,,,,Battery Storage,,,2030-06-30T04:00:00+00:00,,DPP-2026,South,,NRIS,0.0,0.0,0.0,0.0,
J4117,,,Goodhue,MN,North Rochester - Prairie Island 345.0kV,NORTHERN STATES POWER COMPANY,Battery Storage,240.0,240.0,240.0,2025-09-26T04:00:00+00:00,Active,,,,,Battery Storage,,,2030-09-01T04:00:00+00:00,,DPP-2025,West,Phase 1,NRIS,240.0,240.0,0.0,0.0,
J4128,,,Eaton,MI,Clinton Interconnection,ITC,Battery Storage,100.0,100.0,100.0,2025-09-19T04:00:00+00:00,Active,,,,,Battery Storage,,,2030-02-28T05:00:00+00:00,,DPP-2026,East (ITC),,NRIS,0.0,0.0,0.0,0.0,
J4149,,,Grant,SD,Big Stone South 345 kV substation,OTTER TAIL POWER COMPANY,Wind,150.0,150.0,150.0,2025-10-05T04:00:00+00:00,Withdrawn,,2025-12-24T05:00:00+00:00,,,Wind Turbine,,,2030-04-30T04:00:00+00:00,,DPP-2025,West,Phase 1,NRIS,0.0,0.0,0.0,0.0,
J4155,,,Linn,IA,Prairie Creek - Stony Point 115kV,ITC MIDWEST,Battery Storage,195.0,195.0,195.0,2025-10-06T04:00:00+00:00,Active,,,,,Battery Storage,,,2029-09-03T04:00:00+00:00,,DPP-2026,West,,NRIS,0.0,0.0,0.0,0.0,
J4129,,,Otter Tail,MN,ALEXANDRIA - BISON 345.0kV,GREAT RIVER ENERGY,Wind,200.0,200.0,200.0,2025-10-01T04:00:00+00:00,Active,,,,,Wind Turbine,,,2029-04-12T04:00:00+00:00,,DPP-2025,West,Phase 1,NRIS,200.0,200.0,0.0,0.0,
J4130,,,Pepin,WI,ALMA  - ROCK ELM 161.0kV,DAIRYLAND POWER COOPERATIVE,Solar,110.0,110.0,110.0,2025-10-01T04:00:00+00:00,Active,,,,,Photovoltaic,,,2030-12-01T05:00:00+00:00,,DPP-2025,West,Phase 1,NRIS,110.0,110.0,0.0,0.0,
J4144,,,Columbia,WI,Columbia,AMERICAN TRANSMISSION COMPANY,Gas,525.0,525.0,525.0,2025-10-06T04:00:00+00:00,Withdrawn,,2026-04-15T04:00:00+00:00,,,Combustion Turbine (Simple Cycle),,,2030-06-30T04:00:00+00:00,,DPP-2025,East (ATC),Phase 1,NRIS,0.0,0.0,0.0,0.0,
J4148,,,Clay,MN,ALEXANDRIA - BISON 345.0kV,GREAT RIVER ENERGY,Solar,245.0,245.0,245.0,2025-10-03T04:00:00+00:00,Active,,,,,Photovoltaic,,,2030-01-31T05:00:00+00:00,,DPP-2025,West,Phase 1,ERIS,245.0,0.0,0.0,0.0,
J3992,,,Eaton,MI,MAJESTIC - ONEIDA 345.0kV,METC,Battery Storage,400.0,400.0,400.0,2025-04-17T04:00:00+00:00,Active,,,,,Battery Storage,,,2028-04-01T04:00:00+00:00,,DPP-2026,East (ITC),,NRIS,0.0,0.0,0.0,0.0,
J4052,,,Jefferson Davis,LA,NELSON 500 SWYD - RICHARD 500.0kV,"ENTERGY LOUISIANA, LLC",Battery Storage,100.0,100.0,100.0,2025-09-02T04:00:00+00:00,Withdrawn,,2026-04-17T04:00:00+00:00,,,Battery Storage,,,2030-06-01T04:00:00+00:00,,DPP-2025,South,Phase 1,NRIS,0.0,0.0,0.0,0.0,
J3893,,,Phillips,AR,AECC AUBREY - RITCHIE SWYD 230.0kV,"ENTERGY ARKANSAS, LLC EATO",Solar,214.0,214.0,214.0,2025-02-20T05:00:00+00:00,Withdrawn,,2026-01-05T05:00:00+00:00,,,Photovoltaic,,,2030-09-30T04:00:00+00:00,,DPP-2025,South,Phase 1,NRIS,0.0,0.0,0.0,0.0,
J3906,,,Stoddard,MO,5STODDARD - 5MORLEY (AECI) 161.0kV,AMEREN MISSOURI,Hybrid,140.0,140.0,140.0,2025-03-12T04:00:00+00:00,Withdrawn,,2026-01-05T05:00:00+00:00,,,Battery Storage,,,2030-05-01T04:00:00+00:00,,DPP-2025,Central,Phase 1,NRIS,0.0,0.0,0.0,0.0,
J3908,,,St. Joseph,MI,BATAVIA - MORROW  138.0kV,METC,Solar,196.0,196.0,196.0,2025-03-10T04:00:00+00:00,Active,,,,,Photovoltaic,,,2025-04-30T04:00:00+00:00,,DPP-2026,East (ITC),,NRIS,0.0,0.0,0.0,0.0,
J3931,,,Jasper,IN,Other_,NORTHERN INDIANA PUBLIC SERVICE COMPANY LLC NIPS,Solar,500.0,500.0,500.0,2025-02-07T05:00:00+00:00,Active,,,,,Photovoltaic,,,2030-09-30T04:00:00+00:00,,DPP-2025,Central,Phase 1,NRIS,500.0,500.0,0.0,0.0,
J4082,,,Jefferson,AR,Other_,"ENTERGY ARKANSAS, LLC",Battery Storage,500.0,500.0,500.0,2025-10-07T04:00:00+00:00,Active,,,,,Battery Storage,,,2030-06-30T04:00:00+00:00,,DPP-2026,South,,NRIS,0.0,0.0,0.0,0.0,
J4085,,,Dickinson,MI,Nordic,AMERICAN TRANSMISSION COMPANY,Solar,42.0,42.0,42.0,2025-10-07T04:00:00+00:00,Active,,,,,Photovoltaic,,,2027-10-15T04:00:00+00:00,,DPP-2025,East (ATC),Phase 1,NRIS,42.0,42.0,0.0,0.0,
J4086,,,Wapello,IA,Ottumwa Generation - Tri-County 161kV,ITC MIDWEST,Solar,120.0,120.0,120.0,2025-10-07T04:00:00+00:00,Active,,,,,Photovoltaic,,,2029-06-01T04:00:00+00:00,,DPP-2026,West,,NRIS,0.0,0.0,0.0,0.0,
J4124,,,Trinity,TX,MAGNOLIA GROVETON - KICKAPOO (L-111) TAP 138.0kV,"ENTERGY TEXAS, INC.",Solar,100.0,100.0,100.0,2025-08-25T04:00:00+00:00,Active,,,,,Photovoltaic,,,2029-06-01T04:00:00+00:00,,DPP-2025,South,Phase 1,NRIS,100.0,100.0,0.0,0.0,
J4143,,,West Carroll,LA,DARNELL,"ENTERGY LOUISIANA, LLC",Solar,150.0,150.0,150.0,2025-10-04T04:00:00+00:00,Withdrawn,,2026-04-15T04:00:00+00:00,,,Photovoltaic,,,2030-08-31T04:00:00+00:00,,DPP-2025,South,Phase 1,NRIS,0.0,0.0,0.0,0.0,
J4150,,,Cass,IA,ATLANTIC - ADAIR 161.0kV,MIDAMERICAN ENERGY CO.,Solar,42.24,42.24,42.24,2025-10-06T04:00:00+00:00,Active,,,,,Photovoltaic,,,2027-09-01T04:00:00+00:00,,DPP-2025,West,Phase 1,NRIS,39.0,39.0,0.0,0.0,
J4168,,,Goodhue,MN,NROC 3 (601039) to PR ISLD3 (601003) 345 kV line,NORTHERN STATES POWER COMPANY,Battery Storage,330.0,330.0,330.0,2025-10-03T04:00:00+00:00,Active,,,,,Battery Storage,,,2028-04-03T04:00:00+00:00,,DPP-2025,West,Phase 1,NRIS,330.0,330.0,0.0,0.0,
R5088,,,Calcasieu,LA,GOOS FERRY,"ENTERGY LOUISIANA, LLC",Hybrid,325.0,325.0,325.0,2025-11-18T05:00:00+00:00,Active,,,,,Solar/Battery,,,2027-09-01T04:00:00+00:00,,,,,ERIS,0.0,0.0,0.0,0.0,
S1125,,,St. Francis,AR,WEST MEMPHIS EHV - KEO EHV 500.0kV,"ENTERGY ARKANSAS, LLC",Battery Storage,400.0,400.0,400.0,2025-10-20T04:00:00+00:00,Active,,,,,Solar/Battery,,,2028-03-31T04:00:00+00:00,,,,,SIS,0.0,0.0,0.0,0.0,
S1132,,,Walworth,WI,North Creek 138kV Station,AMERICAN TRANSMISSION COMPANY,Gas,250.0,250.0,250.0,2025-09-12T04:00:00+00:00,Active,,,,,Combustion Turbine (Simple Cycle),,,2027-05-01T04:00:00+00:00,,,,,SIS,0.0,0.0,0.0,0.0,
S1135,,,Mower,MN,Adams,ITC MIDWEST,Battery Storage,100.0,100.0,100.0,2025-12-23T02:01:14+00:00,Active,,,,,Battery Storage,,,2028-04-30T04:00:00+00:00,,DPP-2026,West,,SIS,0.0,0.0,0.0,0.0,
J4172,,,Wapello,IA,Ottumwa Generating St. 161 kV,Alliant Energy West,Battery Storage,99.0,99.0,99.0,2025-10-07T04:00:00+00:00,Active,,,,,Battery Storage,,,2028-12-31T05:00:00+00:00,,DPP-2026,West,,NRIS,0.0,0.0,0.0,0.0,
J4167,,,Allegan,MI,ARGENTA,METC,Battery Storage,250.0,250.0,250.0,2025-09-17T04:00:00+00:00,Active,,,,,Battery Storage,,,2030-10-31T04:00:00+00:00,,DPP-2026,East (ITC),,NRIS,0.0,0.0,0.0,0.0,
J4188,,,Beauregard,LA,Cole - Cooper 230.0kV,CLECO POWER LLC,Solar,140.0,140.0,140.0,2025-10-03T04:00:00+00:00,Active,,,,,Photovoltaic,,,2029-09-06T04:00:00+00:00,,DPP-2025,South,Phase 1,NRIS,140.0,140.0,0.0,0.0,
R5083,,,St. James,LA,CHACKBAY - VACHERIE 230.0kV,"ENTERGY LOUISIANA, LLC",Battery Storage,135.0,135.0,135.0,2025-09-30T04:00:00+00:00,Active,,,,,Battery Storage,,,2026-06-01T04:00:00+00:00,,,,,ERIS,0.0,0.0,0.0,0.0,
R5084,,,Iberville,LA,DONALDSONVILLE - EVERGREEN 230.0kV,"ENTERGY LOUISIANA, LLC ELTO",Battery Storage,175.0,175.0,175.0,2025-11-04T05:00:00+00:00,Active,,,,,Battery Storage,,,2025-06-01T04:00:00+00:00,,,,,NRIS,0.0,0.0,0.0,0.0,
J3770,,,Randolph,IL,The Baldwin 345kV substation found in the drop down. But please note the POI is same as J1202. The p,AMEREN ILLINOIS,Solar,45.8,45.8,45.8,2024-04-01T04:00:00+00:00,Withdrawn,,2025-12-23T05:00:00+00:00,,,Photovoltaic,,,2027-04-30T04:00:00+00:00,,DPP-2023,Central,Study Not Started,NRIS,0.0,0.0,0.0,0.0,
J3771,,,Sabine,LA,Fisher - Many 138.0kV,CLECO POWER LLC CLEC,Battery Storage,200.0,200.0,200.0,2024-04-17T04:00:00+00:00,Withdrawn,,2025-09-24T04:00:00+00:00,,,Battery Storage,,,2028-09-30T04:00:00+00:00,,DPP-2023,South,Study Not Started,NRIS,0.0,0.0,0.0,0.0,
S1170,,,Union,AR,HUTTIG SS - STRONG SS 115.0kV,"ENTERGY ARKANSAS, LLC EATO",Battery Storage,100.0,100.0,100.0,2025-06-27T04:00:00+00:00,Active,,,,,Battery Storage,,,2028-03-01T05:00:00+00:00,,,,,SIS,0.0,0.0,0.0,0.0,
J3517,,,Williamson,IL,Ordill,AMEREN ILLINOIS,Battery Storage,190.0,190.0,190.0,2024-04-19T04:00:00+00:00,Pending Revision Approval,,,,,Battery Storage,,,2028-10-31T04:00:00+00:00,,DPP-2025,Central,Phase 1,NRIS,145.0,145.0,0.0,0.0,
J3772,,,Panola,MS,BATESVILLE [MS] - MARKS 115.0kV,"ENTERGY MISSISSIPPI, LLC. EMTO",Solar,100.0,100.0,100.0,2024-04-17T04:00:00+00:00,Withdrawn,,2025-12-23T05:00:00+00:00,,,Photovoltaic,,,2028-07-31T04:00:00+00:00,,DPP-2023,South,Study Not Started,NRIS,0.0,0.0,0.0,0.0,
J3775,,,Desha,AR,DUMAS - REED SS 115.0kV,"ENTERGY ARKANSAS, LLC EATO",Hybrid,160.0,160.0,160.0,2024-04-15T04:00:00+00:00,Withdrawn,,2025-09-30T04:00:00+00:00,,,Solar/Battery,,,2028-12-01T05:00:00+00:00,,DPP-2023,South,Study Not Started,NRIS,0.0,0.0,0.0,0.0,
J3516,,,Jackson,IL,Makanda North,AMEREN ILLINOIS,Battery Storage,83.4,83.4,83.4,2024-04-17T04:00:00+00:00,Withdrawn,,2025-08-14T04:00:00+00:00,,,Battery Storage,,,2026-05-25T04:00:00+00:00,,DPP-2023,Central,Study Not Started,ERIS,0.0,0.0,0.0,0.0,
J3769,,,Saginaw,MI,MURPHY - NELSON ROAD 345.0kV,WOLVERINE POWER SUPPLY COOPERATIVE,Hybrid,250.0,250.0,250.0,2024-04-17T04:00:00+00:00,Withdrawn,,2025-12-23T05:00:00+00:00,,,Solar/Battery,,,2028-08-01T04:00:00+00:00,,DPP-2023,East (ITC),Study Not Started,NRIS,0.0,0.0,0.0,0.0,
J2299,,,Greene,AR,Marmaduke,"ENTERGY ARKANSAS, LLC EATO",Solar,100.0,100.0,100.0,2021-09-09T04:00:00+00:00,Withdrawn,,2023-04-04T04:00:00+00:00,,,Photovoltaic,,,2025-04-01T04:00:00+00:00,,DPP-2021,South,Phase 3,NRIS,0.0,0.0,0.0,0.0,
J3237,,,Itasca,MN,National Tac Plant 115kV (Customer-owned),MINNESOTA POWER INC.,Wind,86.0,86.0,86.0,2024-04-09T04:00:00+00:00,Withdrawn,,2025-07-30T04:00:00+00:00,,,Wind Turbine,,,2028-06-09T04:00:00+00:00,,DPP-2023,West,Study Not Started,NRIS,0.0,0.0,0.0,0.0,
J3238,,,Evangeline,LA,Cocodrie - Ville Platte 230.0kV,CLECO POWER LLC CLEC,Solar,155.0,155.0,155.0,2024-04-10T04:00:00+00:00,Withdrawn,,2025-09-30T04:00:00+00:00,,,Photovoltaic,,,2028-06-30T04:00:00+00:00,,DPP-2023,South,Study Not Started,NRIS,0.0,0.0,0.0,0.0,
J3693,,,Marshall,IN,BURR OAK - LEESBURG 345.0kV,NORTHERN INDIANA PUBLIC SERVICE COMPANY LLC NIPS,Battery Storage,300.0,300.0,300.0,2024-04-17T04:00:00+00:00,Withdrawn,,2025-09-29T04:00:00+00:00,,,Battery Storage,,,2026-10-01T04:00:00+00:00,,DPP-2023,Central,Study Not Started,NRIS,0.0,0.0,0.0,0.0,
J3515,,,Sangamon,IL,343505 Interstate,CITY WATER LIGHT & POWER,Battery Storage,199.9,199.9,199.9,2024-04-17T04:00:00+00:00,Active,,,,,Battery Storage,,,2026-05-25T04:00:00+00:00,,DPP-2023,Central,Study Not Started,ERIS,199.9,0.0,0.0,0.0,
J3726,,,Hancock,KY,Skillman,BIG RIVERS ELECTRIC CORPORATION BREC,Battery Storage,200.0,200.0,200.0,2024-03-18T04:00:00+00:00,Withdrawn,,2025-12-23T05:00:00+00:00,,,Battery Storage,,,2027-01-15T05:00:00+00:00,,DPP-2023,Central,Study Not Started,NRIS,0.0,0.0,0.0,0.0,
J2206,,,Fountain,IN,Attica Substation 230kV,"DUKE ENERGY INDIANA, LLC CIN",Solar,100.0,100.0,100.0,2021-08-19T04:00:00+00:00,Withdrawn,,2023-04-04T04:00:00+00:00,,,Photovoltaic,,,2025-04-01T04:00:00+00:00,,DPP-2021,Central,Phase 2,NRIS,0.0,0.0,0.0,0.0,
J3700,,,Champaign,IL,7BUNSONVILLE - 7SIDNEY   345.0kV,AMEREN ILLINOIS,Wind,300.0,300.0,300.0,2024-04-18T04:00:00+00:00,Withdrawn,,2025-12-23T05:00:00+00:00,,,Wind Turbine,,,2028-04-01T04:00:00+00:00,,DPP-2023,Central,Study Not Started,NRIS,0.0,0.0,0.0,0.0,
J3695,,,Clark,IL,7CASEY - 7SNYDER  345.0kV,AMEREN ILLINOIS,Battery Storage,150.0,150.0,150.0,2024-04-18T04:00:00+00:00,Active,,,,,Battery Storage,,,2028-09-30T04:00:00+00:00,,DPP-2023,Central,Study Not Started,NRIS,150.0,150.0,0.0,0.0,
J3699,,,Henry,IL,SUB 39 - OAK GROVE 345.0kV,MIDAMERICAN ENERGY CO. MEC,Wind,300.0,300.0,300.0,2024-04-18T04:00:00+00:00,Active,,,,,Wind Turbine,,,2028-04-01T04:00:00+00:00,,DPP-2023,West,Study Not Started,NRIS,300.0,300.0,0.0,0.0,
J3710,,,Jersey,IL,Jerseyville Northwest,AMEREN ILLINOIS,Battery Storage,50.0,50.0,50.0,2024-04-18T04:00:00+00:00,Withdrawn,,2025-12-23T05:00:00+00:00,,,Battery Storage,,,2028-07-31T04:00:00+00:00,,DPP-2023,Central,Study Not Started,NRIS,0.0,0.0,0.0,0.0,
J3714,,,Scott,MS,Homewood 69 - Lake 69.0kV,COOPERATIVE ENERGY SMEP,Solar,95.0,95.0,95.0,2024-04-17T04:00:00+00:00,Withdrawn,,2025-07-15T04:00:00+00:00,,,Photovoltaic,,,2028-04-01T04:00:00+00:00,,DPP-2023,South,Study Not Started,NRIS,0.0,0.0,0.0,0.0,
J3773,,,Drew,AR,MONTICELLO EAST - REED SS 115.0kV,"ENTERGY ARKANSAS, LLC EATO",Solar,265.0,265.0,265.0,2024-04-17T04:00:00+00:00,Withdrawn,,2025-12-23T05:00:00+00:00,,,Photovoltaic,,,2028-07-31T04:00:00+00:00,,DPP-2023,South,Study Not Started,NRIS,0.0,0.0,0.0,0.0,
J3239,,,Christian,IL,Pana 138kV,AMEREN TRANSMISSION COMPANY OF ILLINOIS,Wind,175.0,175.0,175.0,2024-04-18T04:00:00+00:00,Withdrawn,,2025-09-30T04:00:00+00:00,,,Wind Turbine,,,2028-05-01T04:00:00+00:00,,DPP-2023,Central,Study Not Started,NRIS,0.0,0.0,0.0,0.0,
J3704,,,Redwood,MN,Cedar Mountain - Lyon County 345.0kV,GREAT RIVER ENERGY,Battery Storage,200.0,200.0,200.0,2024-04-16T04:00:00+00:00,Active,,,,,Battery Storage,,,2028-09-30T04:00:00+00:00,,DPP-2023,West,Study Not Started,NRIS,200.0,200.0,0.0,0.0,
J1881,,,Decatur,IN,Decatur Switching Station 161kV,HOOSIER ENERGY,Battery Storage,48.0,48.0,48.0,2021-08-16T04:00:00+00:00,Withdrawn,,2021-12-08T05:00:00+00:00,,,Battery Storage,,,2024-09-15T04:00:00+00:00,,DPP-2021,Central,Phase 2,NRIS,0.0,0.0,0.0,0.0,
J3694,,,Vermillion,IN,Sugar Creek - Cayuga CT  345.0kV,"DUKE ENERGY INDIANA, LLC CIN",Battery Storage,300.0,300.0,300.0,2024-04-17T04:00:00+00:00,Withdrawn,,2025-09-29T04:00:00+00:00,,,Battery Storage,,,2026-10-01T04:00:00+00:00,,DPP-2023,Central,Study Not Started,NRIS,0.0,0.0,0.0,0.0,
J3705,,,Redwood,MN,Cedar Mountain - Lyon County 345.0kV,GREAT RIVER ENERGY,Wind,200.0,200.0,200.0,2024-04-16T04:00:00+00:00,Withdrawn,,2025-09-24T04:00:00+00:00,,,Wind Turbine,,,2028-09-30T04:00:00+00:00,,DPP-2023,West,Study Not Started,NRIS,0.0,0.0,0.0,0.0,
J2058,,,Monroe,MI,Monroe to Wayne,ITC,Wind,100.0,100.0,100.0,2021-08-24T04:00:00+00:00,Withdrawn,,2021-09-07T04:00:00+00:00,,,Wind Turbine,,,2024-10-01T04:00:00+00:00,,DPP-2021,East (ITC),Phase 3,NRIS,0.0,0.0,0.0,0.0,
J1887,,,St. Martin,LA,St John 69kV,"ENTERGY LOUISIANA, LLC ELTO",Solar,90.0,90.0,90.0,2021-08-13T04:00:00+00:00,Withdrawn,,2021-12-09T05:00:00+00:00,,,Photovoltaic,,,2024-11-30T05:00:00+00:00,,DPP-2021,South,Phase 3,NRIS,0.0,0.0,0.0,0.0,
J1865,,,Hardin,IA,Quinn-Blackhawk 345kV,ITC MIDWEST,Wind,250.0,250.0,250.0,2021-08-16T04:00:00+00:00,Withdrawn,,2021-09-17T04:00:00+00:00,,,Wind Turbine,,,2024-09-15T04:00:00+00:00,,DPP-2021,West,Phase 2,NRIS,0.0,0.0,0.0,0.0,
J2067,,,Clay,MN,Tamarac,GREAT RIVER ENERGY,Wind,39.4,39.4,39.4,2021-09-14T04:00:00+00:00,Withdrawn,,2021-10-12T04:00:00+00:00,,,Wind Turbine,,,2024-09-01T04:00:00+00:00,,DPP-2021,West,Phase 2,NRIS,0.0,0.0,0.0,0.0,
J1987,,,Washtenaw,MI,Coventry,ITC,Battery Storage,50.0,50.0,50.0,2021-08-23T04:00:00+00:00,Withdrawn,,2021-12-09T05:00:00+00:00,,,Battery Storage,,,2024-10-01T04:00:00+00:00,,DPP-2021,East (ITC),Phase 3,NRIS,0.0,0.0,0.0,0.0,
J3818,,,Shelby,IL,4PANA 1 - 4SHELBYVL E 138.0kV,AMEREN ILLINOIS,Solar,40.0,40.0,40.0,2024-06-07T04:00:00+00:00,Active,,,,,Photovoltaic,,,2028-03-01T05:00:00+00:00,,DPP-2023,Central,Study Not Started,ERIS,40.0,0.0,0.0,0.0,
J3767,,,Crawford,IN,ECKERTY - BUECHLER 69.0kV,HOOSIER ENERGY,Solar,38.0,38.0,38.0,2024-04-18T04:00:00+00:00,Withdrawn,,2025-09-23T04:00:00+00:00,,,Photovoltaic,,,2028-09-30T04:00:00+00:00,,DPP-2023,Central,Study Not Started,NRIS,0.0,0.0,0.0,0.0,
J3911,,,Louisa,IA,SUB 93 LOUISA - SUB T HASKINS 345.0kV,MIDAMERICAN ENERGY CO. MEC,Solar,250.0,250.0,250.0,2025-02-25T05:00:00+00:00,Active,,,,,Photovoltaic,,,2030-06-01T04:00:00+00:00,,DPP-2025,West,Phase 1,NRIS,250.0,250.0,0.0,0.0,
J1859,,,Pottawattamie,IA,Council Bluffs - Fallow Avenue 345kV Line Tap,MIDAMERICAN ENERGY CO. MEC,Wind,200.0,200.0,200.0,2021-08-16T04:00:00+00:00,Withdrawn,,2021-10-12T04:00:00+00:00,,,Wind Turbine,,,2024-09-15T04:00:00+00:00,,DPP-2021,West,Phase 2,NRIS,0.0,0.0,0.0,0.0,
J2303,,,Waushara,WI,Sand Lake 138kV Substation,AMERICAN TRANSMISSION COMPANY,Solar,100.0,100.0,100.0,2021-07-19T04:00:00+00:00,Withdrawn,,2021-12-09T05:00:00+00:00,,,Photovoltaic,,,2024-11-30T05:00:00+00:00,,DPP-2021,East (ATC),Phase 3,NRIS,0.0,0.0,0.0,0.0,
J3774,,,Sunflower,MS,INDIANOLA 230/115 SUB - TILLATOBA 230.0kV,"ENTERGY MISSISSIPPI, LLC. EMTO",Solar,303.0,303.0,303.0,2024-04-17T04:00:00+00:00,Withdrawn,,2025-12-23T05:00:00+00:00,,,Photovoltaic,,,2028-07-31T04:00:00+00:00,,DPP-2023,South,Study Not Started,NRIS,0.0,0.0,0.0,0.0,
J3706,,,Mississippi,AR,GILMORE - WILSON 161.0kV,"ENTERGY ARKANSAS, LLC EATO",Wind,150.0,150.0,150.0,2024-04-18T04:00:00+00:00,Withdrawn,,2025-12-23T05:00:00+00:00,,,Wind Turbine,,,2030-05-31T04:00:00+00:00,,DPP-2023,South,Study Not Started,NRIS,0.0,0.0,0.0,0.0,
J3804,,,Putnam,IN,Edwardsport IGCC - Amo 345.0kV,"DUKE ENERGY INDIANA, LLC CIN",Battery Storage,100.0,100.0,100.0,2024-04-18T04:00:00+00:00,Withdrawn,,2025-09-29T04:00:00+00:00,,,Battery Storage,,,2028-06-30T04:00:00+00:00,,DPP-2023,Central,Study Not Started,NRIS,0.0,0.0,0.0,0.0,
J3749,,,Lyon,MN,LYON COUNTY,NORTHERN STATES POWER COMPANY,Wind,200.0,200.0,200.0,2024-04-11T04:00:00+00:00,Active,,,,,Wind Turbine,,,2028-06-30T04:00:00+00:00,,DPP-2023,West,Study Not Started,NRIS,200.0,200.0,0.0,0.0,
J2017,,,Daviess,KY,F B Culley- Northeast 138kV,SOUTHERN INDIANA GAS & ELECTRIC COMPANY D/B/A CENTERPOINT ENERGY INDIANA SOUTH,Solar,100.0,100.0,100.0,2021-08-26T04:00:00+00:00,Withdrawn,,2021-12-08T05:00:00+00:00,,,Photovoltaic,,,2025-10-01T04:00:00+00:00,,DPP-2021,Central,Phase 2,NRIS,0.0,0.0,0.0,0.0,
J3734,,,Oakland,MI,STRATFORD,ITC,Battery Storage,150.0,150.0,150.0,2024-04-05T04:00:00+00:00,Withdrawn,,2025-09-24T04:00:00+00:00,,,Battery Storage,,,2028-06-01T04:00:00+00:00,,DPP-2023,East (ITC),Study Not Started,NRIS,0.0,0.0,0.0,0.0,
J3757,,,Dubuque,IA,Salem 161kv,ITC MIDWEST,Battery Storage,100.0,100.0,100.0,2024-04-18T04:00:00+00:00,Withdrawn,,2025-03-13T04:00:00+00:00,,,Battery Storage,,,2028-06-30T04:00:00+00:00,,DPP-2023,West,Study Not Started,NRIS,0.0,0.0,0.0,0.0,
J3753,,,Iroquois,IL,Other_,AMEREN TRANSMISSION COMPANY OF ILLINOIS,Wind,195.55,195.55,195.55,2024-04-18T04:00:00+00:00,Active,,,,,Wind Turbine,,,2028-09-15T04:00:00+00:00,,DPP-2023,Central,Study Not Started,NRIS,195.55,195.55,0.0,0.0,
J3755,,,Iroquois,IL,Other_,AMEREN TRANSMISSION COMPANY OF ILLINOIS,Wind,146.66,146.66,146.66,2024-04-18T04:00:00+00:00,Active,,,,,Wind Turbine,,,2028-09-15T04:00:00+00:00,,DPP-2023,Central,Study Not Started,NRIS,146.66,146.66,0.0,0.0,
J3702,,,Mitchell,IA,ADAMS,NORTHERN STATES POWER COMPANY,Wind,180.0,180.0,180.0,2024-03-27T04:00:00+00:00,Active,,,,,Wind Turbine,,,2028-06-30T04:00:00+00:00,,DPP-2023,West,Study Not Started,NRIS,180.0,180.0,0.0,0.0,
J3758,,,Macon,MO,Other_,AMEREN TRANSMISSION COMPANY OF ILLINOIS,Solar,300.0,300.0,300.0,2024-04-18T04:00:00+00:00,Active,,,,,Photovoltaic,,,2028-09-15T04:00:00+00:00,,DPP-2023,Central,Study Not Started,NRIS,300.0,300.0,0.0,0.0,
J3801,,,Mercer,IL,OAK GROVE - SANDBURG (AMRN) 345.0kV,MIDAMERICAN ENERGY CO. MEC,Solar,195.64,195.64,195.64,2024-04-18T04:00:00+00:00,Active,,,,,Photovoltaic,,,2028-03-31T04:00:00+00:00,,DPP-2023,West,Study Not Started,NRIS,195.64,195.64,0.0,0.0,
J3743,,,Tuscola,MI,ARROWHEAD,ITC,Wind,175.5,175.5,175.5,2024-04-12T04:00:00+00:00,Active,,,,,Wind Turbine,,,2027-05-01T04:00:00+00:00,,DPP-2023,East (ITC),Study Not Started,NRIS,175.5,175.5,0.0,0.0,
J4216,,,,,,"ENTERGY SERVICES, LLC.",,1500.0,1500.0,1500.0,2026-02-23T21:49:02+00:00,Active,,,,,,,,2031-06-30T04:00:00+00:00,,DPP-2026,South,,NRIS,0.0,0.0,0.0,0.0,
S1109,,,Kossuth,IA,Bison,ITC MIDWEST,Battery Storage,75.0,75.0,75.0,2025-07-11T04:00:00+00:00,Active,,,,,Battery Storage,,,2026-09-30T04:00:00+00:00,,,,,SIS,0.0,0.0,0.0,0.0,
J3912,,,Chippewa,WI,Red Cedar - Wheaton 56 161.0kV,NORTHERN STATES POWER COMPANY,Solar,150.0,150.0,150.0,2025-02-21T05:00:00+00:00,Withdrawn,,2026-01-02T05:00:00+00:00,,,Photovoltaic,,,2030-06-01T04:00:00+00:00,,DPP-2025,West,Phase 1,NRIS,0.0,0.0,0.0,0.0,
J3683,,,Scott,IL,4BALLARD - 4MEREDOSA 138.0kV,AMEREN ILLINOIS,Solar,100.0,100.0,100.0,2024-04-17T04:00:00+00:00,Withdrawn,,2025-12-23T05:00:00+00:00,,,Photovoltaic,,,2028-09-01T04:00:00+00:00,,DPP-2023,Central,Study Not Started,NRIS,0.0,0.0,0.0,0.0,
J3703,,,Itasca,MN,Blackberry 230/115kV,MINNESOTA POWER INC.,Battery Storage,200.0,200.0,200.0,2024-03-25T04:00:00+00:00,Active,,,,,Battery Storage,,,2028-06-15T04:00:00+00:00,,DPP-2023,West,Study Not Started,NRIS,200.0,200.0,0.0,0.0,
J3910,,,Newton,IN,Other_,NORTHERN INDIANA PUBLIC SERVICE COMPANY LLC NIPS,Hybrid,300.0,300.0,300.0,2025-02-28T05:00:00+00:00,Active,,,,,Wind Turbine,,,2030-05-01T04:00:00+00:00,,DPP-2025,Central,Phase 1,NRIS,300.0,300.0,0.0,0.0,
J3885,,,Morehouse,LA,STERLINGTON 115 SWYD - AECC MERIDIAN 115.0kV,"ENTERGY LOUISIANA, LLC ELTO",Solar,200.0,200.0,200.0,2025-02-25T05:00:00+00:00,Withdrawn,,2026-01-05T05:00:00+00:00,,,Photovoltaic,,,2030-09-30T04:00:00+00:00,,DPP-2025,South,Phase 1,NRIS,0.0,0.0,0.0,0.0,
J4218,,,,,,"ENTERGY SERVICES, LLC.",,800.0,800.0,800.0,2026-02-24T02:16:35+00:00,Active,,,,,,,,2031-06-01T04:00:00+00:00,,DPP-2026,South,,NRIS,0.0,0.0,0.0,0.0,
J4219,,,,,,"ENTERGY LOUISIANA, LLC",,1500.0,1500.0,1500.0,2026-02-24T03:15:09+00:00,Active,,,,,,,,2031-06-30T04:00:00+00:00,,DPP-2026,South,,NRIS,0.0,0.0,0.0,0.0,
S1146,,,Muskegon,MI,DU PONT - WHITE LAKE 138.0kV,ITC,,125.0,125.0,125.0,2026-03-16T20:02:28+00:00,Active,,,,,,,,2029-06-01T04:00:00+00:00,,,,,SIS,0.0,0.0,0.0,0.0,
S1174,,,,,,ITC,,0.0,0.0,0.0,2026-03-23T16:41:35+00:00,Active,,,,,,,,2028-06-01T04:00:00+00:00,,NO_CYCLE,NO_GROUP,,SIS,0.0,0.0,0.0,0.0,
S1159,,,,WI,,AMERICAN TRANSMISSION COMPANY,,100.0,100.0,100.0,2026-02-27T02:29:24+00:00,Active,,,,,,,,2028-08-01T04:00:00+00:00,,NO_CYCLE,NO_GROUP,,SIS,0.0,0.0,0.0,0.0,
J4228,,,,,,METC,,100.0,100.0,100.0,2026-03-19T21:36:16+00:00,Active,,,,,,,,2029-02-24T05:00:00+00:00,,DPP-2026,East (ITC),,NRIS,0.0,0.0,0.0,0.0,
J3740,,,Putnam,IN,Other_,"DUKE ENERGY INDIANA, LLC CIN",Solar,40.0,40.0,40.0,2024-04-16T04:00:00+00:00,Withdrawn,,2025-07-01T04:00:00+00:00,,,Photovoltaic,,,2027-09-15T04:00:00+00:00,,DPP-2023,Central,Study Not Started,NRIS,0.0,0.0,0.0,0.0,
J4217,,,,,,"ENTERGY SERVICES, LLC.",,800.0,800.0,800.0,2026-02-23T23:10:31+00:00,Active,,,,,,,,2031-06-01T04:00:00+00:00,,DPP-2026,South,,NRIS,0.0,0.0,0.0,0.0,
J3819,,,Madison,MS,CATLETT - TINNIN ROAD 230.0kV,"ENTERGY MISSISSIPPI, LLC. EMTO",Solar,36.1,36.1,36.1,2024-04-18T04:00:00+00:00,Withdrawn,,2025-08-15T04:00:00+00:00,,,Photovoltaic,,,2027-05-01T04:00:00+00:00,,DPP-2023,South,Study Not Started,NRIS,0.0,0.0,0.0,0.0,
J3817,,,Allegan,MI,Other_,METC,Battery Storage,175.0,175.0,175.0,2024-04-11T04:00:00+00:00,Withdrawn,,2025-09-30T04:00:00+00:00,,,Battery Storage,,,2028-08-17T04:00:00+00:00,,DPP-2023,East (ITC),Study Not Started,NRIS,0.0,0.0,0.0,0.0,
J3754,,,Iroquois,IL,Other_,AMEREN TRANSMISSION COMPANY OF ILLINOIS,Wind,146.66,146.66,146.66,2024-04-18T04:00:00+00:00,Active,,,,,Wind Turbine,,,2028-09-15T04:00:00+00:00,,DPP-2023,Central,Study Not Started,NRIS,146.66,146.66,0.0,0.0,
J3745,,,Dearborn,IN,Sunman Weisburg,"DUKE ENERGY INDIANA, LLC CIN",Hybrid,150.0,150.0,150.0,2024-04-15T04:00:00+00:00,Active,,,,,Solar/Battery,,,2028-07-01T04:00:00+00:00,,DPP-2023,Central,Study Not Started,NRIS,150.0,150.0,0.0,0.0,
J3684,,,Morgan,IL,4JACK_IND N - 4YATES  138.0kV,AMEREN ILLINOIS,Solar,100.0,100.0,100.0,2024-04-17T04:00:00+00:00,Withdrawn,,2025-04-22T04:00:00+00:00,,,Photovoltaic,,,2028-09-01T04:00:00+00:00,,DPP-2023,Central,Study Not Started,NRIS,0.0,0.0,0.0,0.0,
J3886,,,Swift,MN,Big Stone South - Alexandria 345kV,OTTER TAIL POWER COMPANY OTP,Wind,300.0,300.0,300.0,2025-02-11T05:00:00+00:00,Withdrawn,,2026-04-15T04:00:00+00:00,,,Wind Turbine,,,2030-04-01T04:00:00+00:00,,DPP-2025,West,Phase 1,NRIS,0.0,0.0,0.0,0.0,
J4221,,,,,,"ENTERGY ARKANSAS, LLC",,1500.0,1500.0,1500.0,2026-02-26T01:53:49+00:00,Active,,,,,,,,2031-06-30T04:00:00+00:00,,DPP-2026,South,,NRIS,0.0,0.0,0.0,0.0,
S1139,,,,MS,,COOPERATIVE ENERGY,,96.0,96.0,96.0,2026-03-04T09:27:50+00:00,Active,,,,,,,,2027-09-01T04:00:00+00:00,,,,,SIS,0.0,0.0,0.0,0.0,
J4232,,,,,,AMEREN ILLINOIS,,200.0,200.0,200.0,2026-03-20T19:15:57+00:00,Active,,,,,,,,2031-06-30T04:00:00+00:00,,DPP-2026,Central,,NRIS,0.0,0.0,0.0,0.0,
R5100,,,Hot Spring,,Arklahoma 115 kV,"ENTERGY ARKANSAS, LLC EATO",,0.0,0.0,0.0,2026-07-22T22:09:39+00:00,Active,,,,,,,,2028-04-15T04:00:00+00:00,,NO_CYCLE,NO_GROUP,,NRIS,0.0,0.0,0.0,0.0,
J4236,,,,,,CLECO POWER LLC,,400.0,400.0,400.0,2026-03-20T20:03:44+00:00,Active,,,,,,,,2031-06-30T04:00:00+00:00,,DPP-2026,South,,NRIS,0.0,0.0,0.0,0.0,
J4220,,,,,,CLECO POWER LLC,,1500.0,1500.0,1500.0,2026-02-26T01:51:55+00:00,Withdrawn,,2026-05-28T04:00:00+00:00,,,,,,2031-06-30T04:00:00+00:00,,DPP-2026,South,,NRIS,0.0,0.0,0.0,0.0,
S1175,,,,,,METC,,0.0,0.0,0.0,2026-03-23T16:39:10+00:00,Active,,,,,,,,2028-06-01T04:00:00+00:00,,NO_CYCLE,NO_GROUP,,SIS,0.0,0.0,0.0,0.0,
J4234,,,,,,ITC,,300.0,300.0,300.0,2026-03-21T01:20:07+00:00,Active,,,,,,,,2031-06-30T04:00:00+00:00,,DPP-2026,East (ITC),,NRIS,0.0,0.0,0.0,0.0,
S1162,,,,AR,,"ENTERGY ARKANSAS, LLC EATO",,390.0,390.0,390.0,2026-03-20T20:58:20+00:00,Active,,,,,,,,2029-03-01T05:00:00+00:00,,NO_CYCLE,NO_GROUP,,SIS,0.0,0.0,0.0,0.0,
J4239,,,,,,"ENTERGY TEXAS, INC.",,770.0,770.0,770.0,2026-04-23T23:01:14+00:00,Active,,,,,,,,2029-09-01T04:00:00+00:00,,DPP-2026,South,,NRIS,0.0,0.0,0.0,0.0,
R5096,,,Mississippi,,AECC Dell East - Blytheville Elm St 161 kV,,,0.0,0.0,0.0,2026-03-17T06:40:55+00:00,Active,,,,,,,,2027-07-30T04:00:00+00:00,,NO_CYCLE,NO_GROUP,,ERIS,0.0,0.0,0.0,0.0,
S1172,,,Clinton,,Calamus East,METC,,200.0,200.0,200.0,2026-03-07T03:13:45+00:00,Active,,,,,,,,2027-12-01T05:00:00+00:00,,NO_CYCLE,NO_GROUP,,SIS,0.0,0.0,0.0,0.0,
J4237,,,,,,METC,,200.0,200.0,200.0,2026-03-24T01:07:46+00:00,Active,,,,,,,,2031-06-30T04:00:00+00:00,,DPP-2026,East (ITC),,NRIS,0.0,0.0,0.0,0.0,
J4230,,,,,,NORTHERN STATES POWER COMPANY,,250.0,250.0,250.0,2026-03-20T18:56:10+00:00,Active,,,,,,,,2031-06-30T04:00:00+00:00,,DPP-2026,West,,NRIS,0.0,0.0,0.0,0.0,
J4026,,,Lenawee,MI,BEECHER - KNOWLES 138.0kV,ITC,Battery Storage,250.0,250.0,250.0,2025-05-21T04:00:00+00:00,Active,,,,,Battery Storage,,,2029-01-01T05:00:00+00:00,,DPP-2026,East (ITC),,NRIS,0.0,0.0,0.0,0.0,
J4027,,,Clay,AR,AECC MCDOUGAL - TEXAS EASTERN STA 8 161.0kV,"ENTERGY ARKANSAS, LLC EATO",Wind,250.0,250.0,250.0,2025-05-28T04:00:00+00:00,Withdrawn,,2026-01-07T05:00:00+00:00,,,Wind Turbine,,,2030-04-01T04:00:00+00:00,,DPP-2025,South,Phase 1,NRIS,0.0,0.0,0.0,0.0,
J4224,,,,,,NORTHERN STATES POWER COMPANY,,250.0,250.0,250.0,2026-03-20T18:57:57+00:00,Active,,,,,,,,2031-06-30T04:00:00+00:00,,DPP-2026,West,,NRIS,0.0,0.0,0.0,0.0,
J4229,,,,,,DAIRYLAND POWER COOPERATIVE,,350.0,350.0,350.0,2026-03-20T18:50:34+00:00,Active,,,,,,,,2031-06-30T04:00:00+00:00,,DPP-2026,West,,NRIS,0.0,0.0,0.0,0.0,
S1173,,,Union,,HUTTIG SS - STRONG SS 115.0kV,NORTHERN STATES POWER COMPANY,,100.0,100.0,100.0,2026-03-16T19:13:11+00:00,Active,,,,,,,,2028-09-15T04:00:00+00:00,,NO_CYCLE,NO_GROUP,,SIS,0.0,0.0,0.0,0.0,
J4226,,,Story,,Story County,AMERICAN TRANSMISSION COMPANY,,150.0,150.0,150.0,2026-03-21T01:47:08+00:00,Active,,,,,,,,2031-06-30T04:00:00+00:00,,DPP-2026,East (ATC),,NRIS,0.0,0.0,0.0,0.0,
J4227,,,Story,,Story County,AMERICAN TRANSMISSION COMPANY,,150.0,150.0,150.0,2026-03-21T01:49:23+00:00,Active,,,,,,,,2031-06-30T04:00:00+00:00,,DPP-2026,East (ATC),,NRIS,0.0,0.0,0.0,0.0,
J4024,,,Monroe,MI,Other_,ITC,Gas,1499.0,1499.0,1499.0,2025-05-05T04:00:00+00:00,Active,,,,,Combined Cycle,,,2030-09-30T04:00:00+00:00,,DPP-2026,East (ITC),,NRIS,0.0,0.0,0.0,0.0,
J4025,,,Monroe,MI,Other_,ITC,Gas,1499.0,1499.0,1499.0,2025-05-05T04:00:00+00:00,Active,,,,,Combined Cycle,,,2030-09-30T04:00:00+00:00,,DPP-2026,East (ITC),,NRIS,0.0,0.0,0.0,0.0,
S1176,,,,,,,,0.0,0.0,0.0,2026-04-13T22:25:17+00:00,Active,,,,,,,,2028-06-30T04:00:00+00:00,,NO_CYCLE,NO_GROUP,,SIS,0.0,0.0,0.0,0.0,
J3955,,,Lac qui Parle,MN,Big Stone South - Deuel County 345.0kV,OTTER TAIL POWER COMPANY OTP,Wind,200.0,200.0,200.0,2025-04-08T04:00:00+00:00,Active,,,,,Wind Turbine,,,2030-06-30T04:00:00+00:00,,DPP-2025,West,Phase 1,NRIS,200.0,200.0,0.0,0.0,
J3969,,,Poinsett,AR,HARRISBURG,"ENTERGY ARKANSAS, LLC EATO",Solar,196.0,196.0,196.0,2025-03-10T04:00:00+00:00,Withdrawn,,2026-01-02T05:00:00+00:00,,,Photovoltaic,,,2030-10-30T04:00:00+00:00,,DPP-2025,South,Phase 1,NRIS,0.0,0.0,0.0,0.0,
J4040,,,Van Buren,MI,Palisades Switchyard,METC,Nuclear,735.0,735.0,735.0,2025-07-25T04:00:00+00:00,Active,,,,,Nuclear,,,2029-10-01T04:00:00+00:00,,DPP-2026,East (ITC),,NRIS,0.0,0.0,0.0,0.0,
J4233,,,,,,ITC,,300.0,300.0,300.0,2026-03-21T01:18:26+00:00,Active,,,,,,,,2031-06-30T04:00:00+00:00,,DPP-2026,East (ITC),,NRIS,0.0,0.0,0.0,0.0,
J4225,,,,,,NORTHERN STATES POWER COMPANY,,250.0,250.0,250.0,2026-03-20T19:02:22+00:00,Active,,,,,,,,2031-06-30T04:00:00+00:00,,DPP-2026,West,,NRIS,0.0,0.0,0.0,0.0,
J4235,,,Linn,,Duane Arnold,ITC MIDWEST,,500.0,500.0,500.0,2026-03-21T01:44:17+00:00,Active,,,,,,,,2031-06-30T04:00:00+00:00,,DPP-2026,West,,NRIS,0.0,0.0,0.0,0.0,
J3954,,,Christian,IL,7AUSTIN - 7PANA 345.0kV,AMEREN TRANSMISSION COMPANY OF ILLINOIS,Solar,250.0,250.0,250.0,2025-04-09T04:00:00+00:00,Active,,,,,Photovoltaic,,,2030-10-01T04:00:00+00:00,,DPP-2025,Central,Phase 1,ERIS,250.0,0.0,0.0,0.0,
J3970,,,Huron,MI,MINDEN,ITC,Wind,70.0,70.0,70.0,2025-04-01T04:00:00+00:00,Active,,,,,Wind Turbine,,,2029-12-01T05:00:00+00:00,,DPP-2026,East (ITC),,NRIS,0.0,0.0,0.0,0.0,
J3968,,,Coles,IL,Mattoon West,AMEREN ILLINOIS,Battery Storage,100.0,100.0,100.0,2025-03-14T04:00:00+00:00,Active,,,,,Battery Storage,,,2028-09-15T04:00:00+00:00,,DPP-2025,Central,Phase 1,NRIS,100.0,100.0,0.0,0.0,
J3971,,,Huron,MI,STEIN,ITC,Wind,255.0,255.0,255.0,2025-04-01T04:00:00+00:00,Active,,,,,Wind Turbine,,,2029-12-01T05:00:00+00:00,,DPP-2026,East (ITC),,NRIS,0.0,0.0,0.0,0.0,
J4064,,,Tallahatchie,MS,WEBB,"ENTERGY MISSISSIPPI, LLC.",Wind,200.0,200.0,200.0,2025-09-04T04:00:00+00:00,Withdrawn,,2025-12-22T05:00:00+00:00,,,Wind Turbine,,,2030-10-01T04:00:00+00:00,,DPP-2025,South,Phase 1,NRIS,0.0,0.0,0.0,0.0,
J4010,,,De Witt,IL,Clinton 345kV Substation,AMEREN ILLINOIS,Nuclear,21.0,21.0,21.0,2025-04-30T04:00:00+00:00,Active,,,,,Nuclear,,,2027-09-30T04:00:00+00:00,,DPP-2025,Central,Phase 1,NRIS,21.0,21.0,0.0,0.0,
J4041,,,Menard,IL,Shockey,,Solar,220.0,220.0,220.0,2025-06-12T04:00:00+00:00,Active,,,,,Photovoltaic,,,2030-11-01T04:00:00+00:00,,DPP-2026,Central,,NRIS,0.0,0.0,0.0,0.0,
J4043,,,Eaton,MI,Oneida,METC,Solar,178.0,178.0,178.0,2025-08-13T04:00:00+00:00,Active,,,,,Photovoltaic,,,2028-04-01T04:00:00+00:00,,DPP-2026,East (ITC),,NRIS,0.0,0.0,0.0,0.0,
J4012,,,Crittenden,AR,TWIST - PARKIN 161.0kV,"ENTERGY ARKANSAS, LLC EATO",Hybrid,300.0,300.0,300.0,2025-05-15T04:00:00+00:00,Withdrawn,,2026-04-15T04:00:00+00:00,,,Solar/Battery,,,2029-09-04T04:00:00+00:00,,DPP-2025,South,Phase 1,NRIS,0.0,0.0,0.0,0.0,
J4046,,,Attala,MS,CONEHOMA CREEK - CARTHAGE (MS) 115.0kV,"ENTERGY MISSISSIPPI, LLC. EMTO",Solar,100.0,100.0,100.0,2025-07-17T04:00:00+00:00,Withdrawn,,2026-04-16T04:00:00+00:00,,,Photovoltaic,,,2030-01-01T05:00:00+00:00,,DPP-2025,South,Phase 1,NRIS,0.0,0.0,0.0,0.0,
J4048,,,Oceana,MI,MEYER - LUDINGTON 345.0kV,METC,Solar,110.0,110.0,110.0,2025-08-19T04:00:00+00:00,Active,,,,,Photovoltaic,,,2028-04-01T04:00:00+00:00,,DPP-2026,East (ITC),,NRIS,0.0,0.0,0.0,0.0,
J3900,,,Sunflower,MS,INDIANOLA 230/115 SUB - TILLATOBA 230.0kV,"ENTERGY MISSISSIPPI, LLC. EMTO",Wind,163.0,163.0,163.0,2024-12-26T05:00:00+00:00,Withdrawn,,2026-04-16T04:00:00+00:00,,,Wind Turbine,,,2030-04-01T04:00:00+00:00,,DPP-2025,South,Phase 1,NRIS,0.0,0.0,0.0,0.0,
J4044,,,Lenawee,MI,BEECHER - SEEMLESS EAST 138.0kV,METC,Solar,190.0,190.0,190.0,2025-08-13T04:00:00+00:00,Active,,,,,Photovoltaic,,,2028-04-01T04:00:00+00:00,,DPP-2026,East (ITC),,NRIS,0.0,0.0,0.0,0.0,
J4047,,,Tuscola,MI,KARN - THETFORD (ATLANTA) 138.0kV,METC,Solar,160.0,160.0,160.0,2025-08-13T04:00:00+00:00,Active,,,,,Photovoltaic,,,2028-04-01T04:00:00+00:00,,DPP-2026,East (ITC),,NRIS,0.0,0.0,0.0,0.0,
J4050,,,Jefferson Davis,LA,NELSON 500 SWYD - RICHARD 500.0kV,"ENTERGY LOUISIANA, LLC",Solar,220.0,220.0,220.0,2025-09-02T04:00:00+00:00,Pending Revision Approval,,,,,Photovoltaic,,,2030-06-01T04:00:00+00:00,,DPP-2025,South,Phase 1,NRIS,220.0,0.0,0.0,0.0,
J3899,,,Putnam,IL,Other_,AMEREN ILLINOIS,Solar,100.0,100.0,100.0,2024-12-03T05:00:00+00:00,Active,,,,,Photovoltaic,,,2027-11-07T04:00:00+00:00,,DPP-2025,Central,Phase 1,NRIS,100.0,100.0,0.0,0.0,
J3939,,,Beauregard,LA,COLE to PENTON 230.0 kV,CLECO POWER LLC CLEC,Solar,386.0,386.0,386.0,2025-04-01T04:00:00+00:00,Withdrawn,,2026-04-15T04:00:00+00:00,,,Photovoltaic,,,2030-09-30T04:00:00+00:00,,DPP-2025,South,Phase 1,NRIS,0.0,0.0,0.0,0.0,
J3956,,,Wilkin,MN,Hankinson 230 kV Substation,OTTER TAIL POWER COMPANY OTP,Wind,240.0,240.0,240.0,2025-04-21T04:00:00+00:00,Withdrawn,,2025-12-19T05:00:00+00:00,,,Wind Turbine,,,2030-06-30T04:00:00+00:00,,DPP-2025,West,Phase 1,NRIS,0.0,0.0,0.0,0.0,
J4062,,,Jefferson,TX,Rhodair,"ENTERGY TEXAS, INC.",Waste Heat Recovery,0.0,0.0,0.0,2025-06-17T04:00:00+00:00,Withdrawn,,2026-07-13T04:00:00+00:00,,,Co-gen,,,2025-05-12T04:00:00+00:00,,0MW GIA,NA,,ERIS,0.0,0.0,0.0,0.0,
J4065,,,Dakota,MN,Nininger 115 kV,GREAT RIVER ENERGY,Battery Storage,200.0,200.0,200.0,2025-09-22T04:00:00+00:00,Active,,,,,Battery Storage,,,2030-06-28T04:00:00+00:00,,DPP-2025,West,Phase 1,NRIS,200.0,200.0,0.0,0.0,
J4063,,,Knox,IN,Gibson Sta - Bedford 345 345.0kV,"DUKE ENERGY INDIANA, LLC CIN",Wind,300.0,300.0,300.0,2025-09-04T04:00:00+00:00,Active,,,,,Wind Turbine,,,2030-08-01T04:00:00+00:00,,DPP-2026,Central,,NRIS,0.0,0.0,0.0,0.0,
J4009,,,Marshall,MN,Viking - Karlstad 115.0kV,OTTER TAIL POWER COMPANY OTP,Solar,80.0,80.0,80.0,2025-04-25T04:00:00+00:00,Active,,,,,Photovoltaic,,,2030-08-30T04:00:00+00:00,,DPP-2025,West,Phase 1,NRIS,80.0,80.0,0.0,0.0,
J4011,,,Miller,AR,AECC LEWISVILLE WEST,"ENTERGY ARKANSAS, LLC EATO",Hybrid,200.0,200.0,200.0,2025-05-15T04:00:00+00:00,Withdrawn,,2026-04-15T04:00:00+00:00,,,Solar/Battery,,,2029-08-01T04:00:00+00:00,,DPP-2025,South,Phase 1,NRIS,0.0,0.0,0.0,0.0,
S1100,,,Mississippi,AR,BLYTHEVILLE I-55 - AECC BLYTHEVILLE NORTH 161.0kV,"ENTERGY ARKANSAS, LLC EATO",Battery Storage,200.0,200.0,200.0,2025-06-18T04:00:00+00:00,Active,2028-04-21T04:00:00+00:00,,,,Battery Storage,,,2027-10-31T04:00:00+00:00,,,,,SIS,0.0,0.0,0.0,0.0,
J4049,,,Ouachita,LA,RILLA,"ENTERGY LOUISIANA, LLC",Solar,75.0,75.0,75.0,2025-08-28T04:00:00+00:00,Withdrawn,,2026-04-17T04:00:00+00:00,,,Photovoltaic,,,2029-06-01T04:00:00+00:00,,DPP-2025,South,Phase 1,NRIS,0.0,0.0,0.0,0.0,
J3901,,,Shelby,IL,4MATOONW S - 4NEOGA 3 138.0kV,AMEREN ILLINOIS,Wind,300.0,300.0,300.0,2025-01-17T05:00:00+00:00,Withdrawn,,2026-04-14T04:00:00+00:00,,,Wind Turbine,,,2030-04-01T04:00:00+00:00,,DPP-2025,Central,Phase 1,NRIS,0.0,0.0,0.0,0.0,
J3917,,,Columbia,AR,SPRINGHILL - TAYLOR 115.0kV,"ENTERGY ARKANSAS, LLC EATO",Solar,100.0,100.0,100.0,2024-11-20T05:00:00+00:00,Withdrawn,,2026-04-15T04:00:00+00:00,,,Photovoltaic,,,2029-06-01T04:00:00+00:00,,DPP-2025,South,Phase 1,NRIS,0.0,0.0,0.0,0.0,
J4068,,,Marshall,IA,Lehigh - Marshalltown (Twinkle) 345kV,MIDAMERICAN ENERGY CO.,Wind,232.0,232.0,232.0,2025-10-03T04:00:00+00:00,Active,,,,,Wind Turbine,,,2030-08-01T04:00:00+00:00,,DPP-2025,West,Phase 1,NRIS,232.0,232.0,0.0,0.0,
J3918,,,Champaign,IL,4RANTOUL  - 4RISING   138.0kV,AMEREN ILLINOIS,Wind,138.38,138.38,138.38,2025-02-06T05:00:00+00:00,Active,,,,,Wind Turbine,,,2028-06-01T04:00:00+00:00,,DPP-2025,Central,Phase 1,NRIS,138.38,138.38,0.0,0.0,
J4074,,,Crittenden,AR,TWIST,"ENTERGY ARKANSAS, LLC",Solar,300.0,300.0,300.0,2025-09-29T04:00:00+00:00,Withdrawn,,2026-04-15T04:00:00+00:00,,,Photovoltaic,,,2029-06-30T04:00:00+00:00,,DPP-2025,South,Phase 1,NRIS,0.0,0.0,0.0,0.0,
J4073,,,Coahoma,MS,LULA - JONESTOWN SS 115.0kV,"ENTERGY MISSISSIPPI, LLC.",Solar,200.0,200.0,200.0,2025-09-29T04:00:00+00:00,Withdrawn,,2026-04-15T04:00:00+00:00,,,Photovoltaic,,,2029-06-30T04:00:00+00:00,,DPP-2025,South,Phase 1,NRIS,0.0,0.0,0.0,0.0,
J4072,,,Redwood,MN,Cedar Mountain - Lyon County 345.0kV,MINNESOTA MUNICIPAL POWER AGENCY M2PA,Battery Storage,500.0,500.0,500.0,2025-10-06T04:00:00+00:00,Active,,,,,Battery Storage,,,2030-09-30T04:00:00+00:00,,DPP-2026,West,,NRIS,0.0,0.0,0.0,0.0,
J4067,,,Panola,MS,Batesville,"ENTERGY MISSISSIPPI, LLC.",Battery Storage,180.0,180.0,180.0,2025-09-25T04:00:00+00:00,Withdrawn,,2026-01-02T05:00:00+00:00,,,Battery Storage,,,2029-02-01T05:00:00+00:00,,DPP-2025,South,Phase 1,NRIS,0.0,0.0,0.0,0.0,
J4066,,,Isabella,MI,Weidman - Deerfield 69.0kV,ITC,Solar,250.0,250.0,250.0,2025-09-24T04:00:00+00:00,Withdrawn,,2026-02-19T05:00:00+00:00,,,Photovoltaic,,,2030-01-06T05:00:00+00:00,,DPP-2026,East (ITC),,ERIS,0.0,0.0,0.0,0.0,
J4077,,,Emmons,ND,Linton NW,MONTANA-DAKOTA UTILITIES CO.,Solar,45.0,45.0,45.0,2025-10-06T04:00:00+00:00,Active,,,,,Photovoltaic,,,2030-06-28T04:00:00+00:00,,DPP-2026,West,,NRIS,0.0,0.0,0.0,0.0,
J4079,,,Calcasieu,LA,NELSON 230 SWYD - PENTON ROAD (CLECO) 230.0kV,CLECO POWER LLC CLEC,Battery Storage,150.0,150.0,150.0,2025-10-07T04:00:00+00:00,Active,,,,,Battery Storage,,,2030-06-30T04:00:00+00:00,,DPP-2026,South,,NRIS,0.0,0.0,0.0,0.0,
J4078,,,Mower,MN,ADAMS,NORTHERN STATES POWER COMPANY,Battery Storage,500.0,500.0,500.0,2025-10-06T04:00:00+00:00,Active,,,,,Battery Storage,,,2030-06-28T04:00:00+00:00,,DPP-2026,West,,NRIS,0.0,0.0,0.0,0.0,
J4095,,,Huron,MI,GRASSMERE,ITC,Battery Storage,300.0,300.0,300.0,2025-10-06T04:00:00+00:00,Active,,,,,Battery Storage,,,2030-06-30T04:00:00+00:00,,DPP-2026,East (ITC),,NRIS,0.0,0.0,0.0,0.0,
J4081,,,Grant,SD,Big Stone South 345 kV substation,OTTER TAIL POWER COMPANY,Battery Storage,250.0,250.0,250.0,2025-10-07T04:00:00+00:00,Active,,,,,Battery Storage,,,2031-06-28T04:00:00+00:00,,DPP-2026,West,,NRIS,0.0,0.0,0.0,0.0,
J4087,,,Blue Earth,MN,SOUTH BEND,NORTHERN STATES POWER COMPANY,Battery Storage,183.0,183.0,183.0,2025-10-07T04:00:00+00:00,Withdrawn,,2026-06-11T04:00:00+00:00,,,Battery Storage,,,2029-06-01T04:00:00+00:00,,DPP-2026,West,,NRIS,0.0,0.0,0.0,0.0,
J4096,,,Goodhue,MN,Other_,NORTHERN STATES POWER COMPANY,Wind,120.0,120.0,120.0,2025-10-07T04:00:00+00:00,Active,,,,,Wind Turbine,,,2030-01-30T05:00:00+00:00,,DPP-2026,West,,NRIS,0.0,0.0,0.0,0.0,
J4094,,,Huron,MI,GRASSMERE,ITC,Battery Storage,300.0,300.0,300.0,2025-10-06T04:00:00+00:00,Active,,,,,Battery Storage,,,2030-06-30T04:00:00+00:00,,DPP-2026,East (ITC),,NRIS,0.0,0.0,0.0,0.0,
J4093,,,Mason,MI,PERE MARQUETTE,METC,Battery Storage,400.0,400.0,400.0,2025-10-06T04:00:00+00:00,Active,,,,,Battery Storage,,,2030-06-30T04:00:00+00:00,,DPP-2026,East (ITC),,NRIS,0.0,0.0,0.0,0.0,
J4107,,,Covington,MS,Southwest Lone Star 161 - Mississippi Hub 161.0kV,COOPERATIVE ENERGY,Battery Storage,150.0,150.0,150.0,2025-10-07T04:00:00+00:00,Withdrawn,,2025-12-26T05:00:00+00:00,,,Battery Storage,,,2030-10-15T04:00:00+00:00,,DPP-2025,South,Phase 1,NRIS,0.0,0.0,0.0,0.0,
J4080,,,Jefferson,AR,STUTTGART RICUSKEY - WOODWARD 230 SUB 230.0kV,"ENTERGY ARKANSAS, LLC",Solar,250.0,250.0,250.0,2025-10-07T04:00:00+00:00,Withdrawn,,2026-05-19T04:00:00+00:00,,,Photovoltaic,,,2030-06-30T04:00:00+00:00,,DPP-2026,South,,NRIS,0.0,0.0,0.0,0.0,
J4142,,,Franklin,LA,Gilbert 115 kV,"ENTERGY LOUISIANA, LLC",Solar,115.0,115.0,115.0,2025-10-04T04:00:00+00:00,Withdrawn,,2026-03-11T04:00:00+00:00,,,Photovoltaic,,,2030-08-31T04:00:00+00:00,,DPP-2025,South,Phase 1,NRIS,0.0,0.0,0.0,0.0,
J4141,,,Morehouse,LA,BAXTER WILSON SES SWYD - PERRYVILLE 500 SWYD 500.0kV,"ENTERGY LOUISIANA, LLC",Gas,650.0,650.0,650.0,2025-10-07T04:00:00+00:00,Withdrawn,,2025-12-19T05:00:00+00:00,,,Combined Cycle,,,2030-06-30T04:00:00+00:00,,DPP-2025,South,Phase 1,NRIS,0.0,0.0,0.0,0.0,
J4137,,,Pulaski,IL,Other_,AMEREN ILLINOIS,Battery Storage,200.0,200.0,200.0,2025-09-29T04:00:00+00:00,Active,,,,,Battery Storage,,,2030-08-30T04:00:00+00:00,,DPP-2026,Central,,NRIS,0.0,0.0,0.0,0.0,
J4140,,,Ouachita,LA,Cotton,"ENTERGY LOUISIANA, LLC",Battery Storage,100.0,100.0,100.0,2025-09-25T04:00:00+00:00,Withdrawn,,2026-04-16T04:00:00+00:00,,,Battery Storage,,,2030-05-31T04:00:00+00:00,,DPP-2025,South,Phase 1,NRIS,0.0,0.0,0.0,0.0,
J4139,,,Nevada,AR,EMMET SS - HOPE EAST SS 115.0kV,"ENTERGY ARKANSAS, LLC",Hybrid,115.0,115.0,115.0,2025-09-25T04:00:00+00:00,Withdrawn,,2026-04-15T04:00:00+00:00,,,Solar/Battery,,,2030-05-01T04:00:00+00:00,,DPP-2025,South,Phase 1,NRIS,0.0,0.0,0.0,0.0,
J4138,,,Iberville,LA,WEBRE,"ENTERGY ARKANSAS, LLC",Gas,805.0,755.0,805.0,2025-10-07T04:00:00+00:00,Active,,,,,Combined Cycle,,,2030-01-02T05:00:00+00:00,,DPP-2026,South,,NRIS,0.0,0.0,0.0,0.0,
S1145,,,Huron,MI,Harvest Wind Point Tap 120 kV,ITC,Battery Storage,100.0,100.0,100.0,2025-10-30T04:00:00+00:00,Active,,,,,Solar/Battery,,,2029-07-31T04:00:00+00:00,,NO_CYCLE,NO_GROUP,,SIS,0.0,0.0,0.0,0.0,
S1141,,,Hinds,MS,TINNIN ROAD,"ENTERGY MISSISSIPPI, LLC.",Battery Storage,150.0,150.0,150.0,2025-08-26T04:00:00+00:00,Active,,,,,Battery Storage,,,2028-09-01T04:00:00+00:00,,,,,SIS,0.0,0.0,0.0,0.0,
J4203,,,Huron,MI,RAPSON - STEIN 345.0kV,ITC,Wind,350.0,350.0,350.0,2025-06-06T04:00:00+00:00,Active,,,,,Wind Turbine,,,2028-11-01T04:00:00+00:00,,DPP-2026,East (ITC),,NRIS,0.0,0.0,0.0,0.0,
J4034,,,Vigo,IN,Sandford 345 kV,"DUKE ENERGY INDIANA, LLC CIN",Solar,70.0,70.0,70.0,2025-06-13T04:00:00+00:00,Active,,,,,Photovoltaic,,,2030-06-01T04:00:00+00:00,,DPP-2026,Central,,NRIS,0.0,0.0,0.0,0.0,
J4035,,,Greene,AR,SEDGEWICK SS - AECC LIGHT 115.0kV,"ENTERGY ARKANSAS, LLC EATO",Solar,113.0,113.0,113.0,2025-06-09T04:00:00+00:00,Withdrawn,,2026-01-05T05:00:00+00:00,,,Photovoltaic,,,2029-09-01T04:00:00+00:00,,DPP-2025,South,Phase 1,NRIS,0.0,0.0,0.0,0.0,
J4165,,,Kenosha,WI,Other_,AMERICAN TRANSMISSION COMPANY,Gas,1203.0,1203.0,1203.0,2025-09-29T04:00:00+00:00,Active,,,,,Combustion Turbine (Simple Cycle),,,2030-05-01T04:00:00+00:00,,DPP-2025,East (ATC),Phase 1,NRIS,1203.0,1203.0,0.0,0.0,
J4163,,,Drew,AR,Wilmar East,,Biomass,0.0,0.0,0.0,2025-11-05T05:00:00+00:00,Active,,,,,Co-gen,,,2026-08-03T04:00:00+00:00,,0MW GIA,NA,,ERIS,0.0,0.0,0.0,0.0,
J4033,,,Christian,IL,7LATHAM - KINCAID  ; B 345.0kV,AMEREN ILLINOIS,Solar,156.8,156.8,156.8,2025-06-13T04:00:00+00:00,Withdrawn,,2025-12-22T05:00:00+00:00,,,Photovoltaic,,,2030-01-30T05:00:00+00:00,,DPP-2026,Central,,NRIS,0.0,0.0,0.0,0.0,
J4257,,,,,,AMEREN ILLINOIS,,80.0,80.0,80.0,2026-08-17T19:45:28+00:00,Active,,,,,,,,2031-10-01T04:00:00+00:00,,DPP-2026,Central,,NRIS,0.0,0.0,0.0,0.0,
J4038,,,St. Francis,AR,BRINKLEY EAST - AECC PALESTINE 161.0kV,"ENTERGY ARKANSAS, LLC EATO",Hybrid,80.0,80.0,80.0,2025-06-18T04:00:00+00:00,Active,,,,,Solar/Battery,,,2030-01-01T05:00:00+00:00,,DPP-2025,South,Phase 1,NRIS,80.0,80.0,0.0,0.0,
J4259,,,,,,,,200.0,200.0,200.0,2026-08-21T17:46:46+00:00,Active,,,,,,,,2030-12-01T05:00:00+00:00,,DPP-2026,Central,,NRIS,0.0,0.0,0.0,0.0,
S1079,,,Cass,ND,BISON,NORTHERN STATES POWER COMPANY,Battery Storage,200.0,200.0,200.0,2025-03-25T04:00:00+00:00,Active,2028-02-28T05:00:00+00:00,,,,Battery Storage,,,2028-07-30T04:00:00+00:00,,,,,SIS,0.0,0.0,0.0,0.0,
S1092,,,Lafayette,WI,Falcon,AMERICAN TRANSMISSION COMPANY,Battery Storage,98.0,98.0,98.0,2025-03-04T05:00:00+00:00,Pending Revision Approval,,,,,Battery Storage,,,2027-09-01T04:00:00+00:00,,,,,SIS,0.0,0.0,0.0,0.0,
J4252,,,,,,GREAT RIVER ENERGY,,250.0,250.0,250.0,2026-07-15T19:34:08+00:00,Active,,,,,,,,2029-12-31T05:00:00+00:00,,DPP-2026,West,,NRIS,0.0,0.0,0.0,0.0,
J4250,,,,,,GREAT RIVER ENERGY,,200.0,200.0,200.0,2026-07-15T19:16:39+00:00,Active,,,,,,,,2029-12-31T05:00:00+00:00,,DPP-2026,West,,NRIS,0.0,0.0,0.0,0.0,
J4261,,,,,,AMERICAN TRANSMISSION COMPANY,,200.0,200.0,200.0,2026-08-24T17:35:42+00:00,Active,,,,,,,,2029-12-31T05:00:00+00:00,,DPP-2026,East (ATC),,NRIS,0.0,0.0,0.0,0.0,
S1103,,,Perry,IL,Aster 138kV Station,AMEREN ILLINOIS,Battery Storage,100.0,100.0,100.0,2025-06-17T04:00:00+00:00,Active,,,,,Battery Storage,,,2026-06-01T04:00:00+00:00,,,,,,0.0,0.0,0.0,0.0,
J4169,,,Dickinson,MI,Nordic,AMERICAN TRANSMISSION COMPANY,Solar,5.99,5.99,5.99,2025-10-06T04:00:00+00:00,Active,,,,,Photovoltaic,,,2025-09-15T04:00:00+00:00,,DPP-2025,East (ATC),Phase 1,NRIS,0.0,5.99,0.0,0.0,
S1102,,,Cass,IN,Walton 230,"DUKE ENERGY INDIANA, LLC CIN",Battery Storage,200.0,200.0,200.0,2025-06-16T04:00:00+00:00,Pending Transfer,,,,,Battery Storage,,,2026-06-30T04:00:00+00:00,,,,,SIS,0.0,0.0,0.0,0.0,
J4037,,,Franklin,IA,FRANKLIN - WALL LAKE 161.0kV,MIDAMERICAN ENERGY CO.,Solar,100.0,100.0,100.0,2025-06-30T04:00:00+00:00,Withdrawn,,2026-04-15T04:00:00+00:00,,,Photovoltaic,,,2030-10-01T04:00:00+00:00,,DPP-2025,West,Phase 1,NRIS,0.0,0.0,0.0,0.0,
J4256,,,,,,,,2015.0,2015.0,2015.0,2026-08-10T22:42:47+00:00,Active,,,,,,,,2031-06-30T04:00:00+00:00,,DPP-2026,Central,,NRIS,0.0,0.0,0.0,0.0,
S1066,,,Lenawee County,MI,,METC,,75.0,75.0,75.0,2024-10-07T04:00:00+00:00,Active,,,,,,,,2027-09-30T04:00:00+00:00,,,,,SIS,0.0,0.0,0.0,0.0,
S1086,,,Stoddard,MO,Stoddard - Morley 161kV,,,225.0,225.0,225.0,2025-02-18T05:00:00+00:00,Active,,,,,,,,2026-12-01T05:00:00+00:00,,,,,SIS,0.0,0.0,0.0,0.0,
S1057,,,Cumberland and Coles,IL,Neoga South,AMEREN ILLINOIS,,210.0,210.0,210.0,2024-07-15T04:00:00+00:00,Active,,,,,,,,2027-07-11T04:00:00+00:00,,,,,SIS,0.0,0.0,0.0,0.0,
R1056,,,Tazewell,,E.D. Edwards 138kV,AMEREN ILLINOIS,,184.71,184.71,184.71,2024-07-12T04:00:00+00:00,Withdrawn,,2025-12-31T05:00:00+00:00,,,,,,2025-09-30T04:00:00+00:00,,,,,NRIS-Only,0.0,0.0,0.0,0.0,
S1075,,,Jasper and Starke,IN,Hinshaw 345 kV,NORTHERN INDIANA PUBLIC SERVICE COMPANY LLC,,100.0,100.0,100.0,2024-12-20T05:00:00+00:00,Active,,,,,,,,2027-12-27T05:00:00+00:00,,,,,SIS,0.0,0.0,0.0,0.0,
J4255,,,,,,"DUKE ENERGY INDIANA, LLC CIN",,300.0,300.0,300.0,2026-07-24T21:04:01+00:00,Active,,,,,,,,2031-01-14T05:00:00+00:00,,DPP-2026,Central,,NRIS,0.0,0.0,0.0,0.0,
R5099,,,Liberty,,Colony - Plum Grove 230 kV,"ENTERGY TEXAS, INC. ETTO",,0.0,0.0,0.0,2026-07-22T16:54:37+00:00,Active,,,,,,,,2029-03-30T04:00:00+00:00,,NO_CYCLE,NO_GROUP,,ERIS,0.0,0.0,0.0,0.0,
R1046,,,Jefferson,,Madison Substation 138kV,"DUKE ENERGY INDIANA, LLC",,150.0,150.0,0.0,2024-05-08T04:00:00+00:00,Withdrawn,,,,,,,,2025-09-30T04:00:00+00:00,,,,,NRIS,0.0,0.0,0.0,0.0,
R1055,,,Peoria,,E.D. Edwards 138kV,AMEREN ILLINOIS,,322.0,322.0,110.15,2024-07-12T04:00:00+00:00,Done,,,,,,,,2025-09-30T04:00:00+00:00,,,,,NRIS-Only,0.0,0.0,0.0,0.0,
R1049,,,Sheboygan,,Edgewater 345kV,AMERICAN TRANSMISSION COMPANY,,303.5,303.5,0.0,2024-12-24T05:00:00+00:00,Done,,,,,,,,2025-06-01T04:00:00+00:00,,,,,NRIS,0.0,0.0,0.0,0.0,
R1045,,,Chippewa,,Wheaton 161kV,NORTHERN STATES POWER COMPANY,,237.0,237.0,0.0,2024-03-01T05:00:00+00:00,Done,,,,,,,,2025-06-03T04:00:00+00:00,,,,,NRIS,0.0,0.0,0.0,0.0,
S1069,,,Montcalm,MI,Eureka to Vestaburg 138kV,ITC,,200.0,200.0,200.0,2024-11-01T04:00:00+00:00,Done,,,,,,,,2027-01-01T05:00:00+00:00,,,,,SIS,0.0,0.0,0.0,0.0,
J4039,,,Montgomery,IN,Cayuga  -  Frankfort  230.0kV,"DUKE ENERGY INDIANA, LLC",Solar,200.0,200.0,200.0,2025-06-13T04:00:00+00:00,Withdrawn,,2026-07-22T04:00:00+00:00,,,Photovoltaic,,,2030-06-01T04:00:00+00:00,,DPP-2026,Central,,NRIS,0.0,0.0,0.0,0.0,
S1072,,,Sherburne,MN,Sherburne 345kV,NORTHERN STATES POWER COMPANY,,10.0,10.0,10.0,2024-12-05T05:00:00+00:00,Active,,,,,,,,2025-08-15T04:00:00+00:00,,,,,SIS,0.0,0.0,0.0,0.0,
R1051,,,Scott County,MN,Blue Lake 115kV,,,55.0,55.0,42.0,2024-05-16T04:00:00+00:00,Done,,,,,,,,2025-04-01T04:00:00+00:00,,,,,NRIS,0.0,0.0,0.0,0.0,
R1057,,,Jefferson,,Rush Island Plant – 345KV Switchyard (Existing),AMEREN MISSOURI,,0.0,0.0,0.0,2024-08-16T04:00:00+00:00,Done,,,,,,,,2025-09-01T04:00:00+00:00,,,,,NRIS-Only,0.0,0.0,0.0,0.0,
S1053,,,Chisago,MN,Chisago County Substation,NORTHERN STATES POWER COMPANY,,100.0,100.0,100.0,2024-07-09T04:00:00+00:00,Active,,,,,,,,2026-10-01T04:00:00+00:00,,,,,SIS,0.0,0.0,0.0,0.0,
S1074,,,Phillips,AR,Ritchie Plant 230 kV Substation,"ENTERGY ARKANSAS, LLC",,200.0,200.0,200.0,2025-02-28T05:00:00+00:00,Active,,,,,,,,2027-09-30T04:00:00+00:00,,,,,SIS,0.0,0.0,0.0,0.0,
S1063,,,Calhoun,MI,Verona - Foundry 138kV,METC,,70.0,70.0,70.0,2024-08-28T04:00:00+00:00,Done,2027-09-30T04:00:00+00:00,,,,,Under Construction,,2027-09-30T04:00:00+00:00,,,,,SIS,0.0,0.0,0.0,0.0,
R1059,,,St. Louis,,Meramec Plant – 138KV Switchyard,AMEREN MISSOURI,,98.8,98.8,98.8,2024-12-16T05:00:00+00:00,Done,,,,,,,,2025-12-31T05:00:00+00:00,,,,,NRIS-Only,0.0,0.0,0.0,0.0,
S1076,,,Tangipahoa Parish,LA,Amite 115kV,"ENTERGY LOUISIANA, LLC ELTO",,80.0,80.0,80.0,2025-01-07T05:00:00+00:00,Active,,,,,,,,2027-08-31T04:00:00+00:00,,,,,SIS,0.0,0.0,0.0,0.0,
S1091,,,Cape Girardeau,MO,Adna 345 kV,AMEREN MISSOURI,,200.0,200.0,200.0,2025-02-19T05:00:00+00:00,Active,,,,,,,,2026-06-01T04:00:00+00:00,,,,,SIS,0.0,0.0,0.0,0.0,
R1047,,,St. Louis,,Meramec Substation 138kV,AMEREN MISSOURI,,824.0,824.0,0.0,2024-05-28T04:00:00+00:00,Done,,,,,,,,2025-12-31T05:00:00+00:00,,,,,NRIS,0.0,0.0,0.0,0.0,
J2656,,,Macon,,4LATHAM-4N DEC E 138 kV,,,0.0,0.0,0.0,2022-09-15T04:00:00+00:00,Active,,,,,,Not Started,,2026-05-01T04:00:00+00:00,,,,,NRIS,180.0,180.0,0.0,0.0,
R1048,,,Iberville,,Dow Meter Point,"ENTERGY LOUISIANA, LLC ELTO",,1231.73,0.0,1231.73,2024-05-13T04:00:00+00:00,Active,,,,,,,,2025-05-13T04:00:00+00:00,,,,,NRIS,0.0,0.0,0.0,0.0,
S1055,,,Beltrami,MN,Wilton (endpoint 1) to Bagley (endpoint 2) 115kV,OTTER TAIL POWER COMPANY OTP,,50.0,50.0,50.0,2024-07-09T04:00:00+00:00,Active,,,,,,,,2026-08-01T04:00:00+00:00,,,,,SIS,0.0,0.0,0.0,0.0,
R1040,,,Ottawa,,Campbell Substation 345kV,METC,,749.0,749.0,0.0,2023-11-09T05:00:00+00:00,Done,,,,,,,,2028-03-31T04:00:00+00:00,,,,,NRIS,0.0,0.0,0.0,0.0,
R1039,,,Ouachita,,Sterlington 115kV,"ENTERGY LOUISIANA, LLC",,49.0,49.0,0.0,2023-10-05T04:00:00+00:00,Done,,,,,,,,2025-01-31T05:00:00+00:00,,,,,NRIS,0.0,0.0,0.0,0.0,
R1054,,,Tazewell,,E.D. Edwards 69kV,AMEREN ILLINOIS,,261.0,261.0,261.0,2024-07-12T04:00:00+00:00,Withdrawn,,2025-12-31T05:00:00+00:00,,,,,,2025-09-30T04:00:00+00:00,,,,,NRIS-Only,0.0,0.0,0.0,0.0,
R5061,,,Sheboygan,,Edgewater 5 - 345kV,AMERICAN TRANSMISSION COMPANY,,0.0,0.0,0.0,2025-02-01T05:00:00+00:00,Done,,,,,,,,2025-06-01T04:00:00+00:00,,,,,NRIS,0.0,0.0,0.0,0.0,
S1059,,,Tuscola,MI,Dixon 120kV - Bus # 265182,ITC,,100.3,100.3,100.3,2024-07-26T04:00:00+00:00,Done,2013-11-18T05:00:00+00:00,,,,,,,2027-01-30T05:00:00+00:00,,,,,SIS,0.0,0.0,0.0,0.0,
R1043,,,Des Moines,,ITCM Burlington 161kV,ITC MIDWEST,,31.0,31.0,0.0,2023-12-01T05:00:00+00:00,Withdrawn,,2024-12-09T05:00:00+00:00,,,,,,2024-06-01T04:00:00+00:00,,,,,NRIS,0.0,0.0,0.0,0.0,
S1068,,,Hillsdale,MI,Cronk Road,ITC,,150.0,150.0,150.0,,Active,,,,,,,,2027-01-01T05:00:00+00:00,,,,,SIS,0.0,0.0,0.0,0.0,
R1044,,,Vermillion,,Cayuga Steam Station Switchyards 230kV and 345kV,"DUKE ENERGY INDIANA, LLC",,1040.0,1040.0,0.0,2024-02-06T05:00:00+00:00,Done,,,,,,,,2028-03-31T04:00:00+00:00,,,,,NRIS,0.0,0.0,0.0,0.0,
J4260,,,Portage,,Plover,AMERICAN TRANSMISSION COMPANY,,250.0,250.0,250.0,2026-08-25T21:10:25+00:00,Active,,,,,,,,2031-06-01T04:00:00+00:00,,DPP-2026,Central,,NRIS,0.0,0.0,0.0,0.0,
R1038,,,Benton,,Mayhew Lake 115kV,NORTHERN STATES POWER COMPANY,,100.0,100.0,0.0,2023-11-28T05:00:00+00:00,Done,,,,,,,,2025-11-01T04:00:00+00:00,,,,,NRIS,0.0,0.0,0.0,0.0,
S1003,,,White,IN,Reynolds 345KV substation,NORTHERN INDIANA PUBLIC SERVICE COMPANY LLC,,55.0,55.0,55.0,2020-11-06T05:00:00+00:00,Withdrawn,,2021-02-10T05:00:00+00:00,,,,,,,,,,,SIS,0.0,0.0,0.0,0.0,
R1052,,,,,"""18CAMPBELLW”, “18CAMPBELLB",METC,,615.0,615.0,615.0,2024-06-24T04:00:00+00:00,Active,,,,,,,,2028-03-31T04:00:00+00:00,,,,,ERIS,0.0,0.0,0.0,0.0,
S1071,,,Lee,IA,Wever - Burlington 161 kV,ITC MIDWEST,,120.0,120.0,120.0,2024-11-15T05:00:00+00:00,Done,,,,,,,,2025-11-07T05:00:00+00:00,,,,,SIS,0.0,0.0,0.0,0.0,
S1073,,,Webster,KY,Hopkins to Reid EVH 161kV,BIG RIVERS ELECTRIC CORPORATION BREC,,75.0,75.0,75.0,2025-02-19T05:00:00+00:00,Active,,,,,,,,2026-08-31T04:00:00+00:00,,,,,SIS,0.0,0.0,0.0,0.0,
S1060,,,Shiawasse,MI,Gross 138kV - Bus #256155,METC,,149.0,149.0,149.0,2024-07-25T04:00:00+00:00,Done,,,,,,,,2026-02-01T05:00:00+00:00,,,,,SIS,0.0,0.0,0.0,0.0,
R1060,,,Green,,North Monroe 138 kV,AMERICAN TRANSMISSION COMPANY,,0.0,0.0,0.0,2025-01-22T05:00:00+00:00,Withdrawn,,2025-10-31T04:00:00+00:00,,,,,,2027-11-01T04:00:00+00:00,,,,,NRIS,0.0,0.0,0.0,0.0,
S1058,,,Calhoun,MI,Stonehill Substation 138kV,METC,,100.0,100.0,100.0,,Done,2022-03-30T04:00:00+00:00,,,,,,,2026-08-01T04:00:00+00:00,,,,,SIS,0.0,0.0,0.0,0.0,
S1050,,,Jefferson Davies,LA,Lake Charles Bulk 38kV Tap,"ENTERGY LOUISIANA, LLC",,165.0,165.0,165.0,2024-04-04T04:00:00+00:00,Withdrawn,,2024-07-12T04:00:00+00:00,,,,,,2026-05-31T04:00:00+00:00,,,,,SIS,0.0,0.0,0.0,0.0,
S1061,,,Midland,MI,Redstone 138 kV - Bus #256543,METC,,50.0,50.0,50.0,2024-08-01T04:00:00+00:00,Active,2026-09-30T04:00:00+00:00,,,,,,,2026-09-30T04:00:00+00:00,,,,,SIS,0.0,0.0,0.0,0.0,
S1070,,,Union,IA,ROUNDHOUSEJ1,ITC MIDWEST,,40.0,40.0,40.0,,Done,,,,,,,,2025-08-01T04:00:00+00:00,,,,,SIS,0.0,0.0,0.0,0.0,
S1048,,,Logan,IL,Fogarty Substation 138kV,AMEREN ILLINOIS,,40.0,40.0,40.0,2023-10-30T04:00:00+00:00,Done,,,,,,,,2025-05-01T04:00:00+00:00,,,,,SIS,0.0,0.0,0.0,0.0,
R5068,,,,,,,,40.0,40.0,40.0,,Active,2023-10-20T04:00:00+00:00,,,,,,,2023-11-27T05:00:00+00:00,,,,,NRIS,0.0,0.0,0.0,0.0,
S1052,,,Cumberland,IL,Neoga South 138kV,AMEREN ILLINOIS,,150.0,150.0,150.0,2024-06-14T04:00:00+00:00,Active,,,,,,,,2026-09-22T04:00:00+00:00,,,,,SIS,0.0,0.0,0.0,0.0,
S1047,,,Codington,SD,Big Stone South 230kV,OTTER TAIL POWER COMPANY OTP,,120.0,120.0,120.0,2023-10-13T04:00:00+00:00,Active,,,,,,,,2026-11-01T04:00:00+00:00,,NO_CYCLE,NO_GROUP,,SIS,0.0,0.0,0.0,0.0,
R1058,,,Jefferson,,Rush Island Plant – 345kV Switchyard (Existing) Bus Number in Power Flow,AMEREN MISSOURI,,0.0,0.0,0.0,2024-08-16T04:00:00+00:00,Done,,,,,,,,2025-09-25T04:00:00+00:00,,,,,NRIS-Only,0.0,0.0,0.0,0.0,
J544,,,,LA,,,,0.0,0.0,0.0,,LEGACY: Done,2021-09-15T04:00:00+00:00,,,,,In Service,,2018-09-01T04:00:00+00:00,2018-01-12T05:00:00+00:00,,,,,98.1,98.1,98.1,98.1,
S1065,,,Washtenaw County,MI,Majestic 345kV to Milan 345kV,ITC,,76.5,76.5,76.5,2024-10-07T04:00:00+00:00,Active,2028-09-30T04:00:00+00:00,,,,,,,2028-09-30T04:00:00+00:00,,,,,SIS,0.0,0.0,0.0,0.0,
S1064,,,,ND,EDGE SS9 41.6 kV,OTTER TAIL POWER COMPANY,,20.0,20.0,20.0,2024-09-06T04:00:00+00:00,Withdrawn,,2026-06-23T04:00:00+00:00,,,,,,2026-11-01T04:00:00+00:00,,,,,SIS,0.0,0.0,0.0,0.0,
R1041,,,Wayne,,TCHPP Position JC 120kV,METC,,220.0,220.0,0.0,2023-10-11T04:00:00+00:00,Done,,,,,,,,2025-05-31T04:00:00+00:00,,,,,NRIS,0.0,0.0,0.0,0.0,
S1051,,,Worth,IA,Worth County Substation 161kV,ITC MIDWEST,,80.0,80.0,80.0,2024-06-03T04:00:00+00:00,Done,,,,,,,,2029-03-15T04:00:00+00:00,,,,,SIS,0.0,0.0,0.0,0.0,
S1056,,,Columbia,WI,Columbia 345kV,AMERICAN TRANSMISSION COMPANY,,20.0,20.0,20.0,2024-07-15T04:00:00+00:00,Withdrawn,,2025-04-09T04:00:00+00:00,,,,,,2026-06-01T04:00:00+00:00,,,,,SIS,0.0,0.0,0.0,0.0,
R1037,,,Allamakee,,ITCM Lansing 161kV,ITC MIDWEST,,180.0,180.0,0.0,2023-09-28T04:00:00+00:00,Withdrawn,,,,,,,,2026-02-28T05:00:00+00:00,,,,,NRIS,0.0,0.0,0.0,0.0,
S1087,,,Clinton,,Rock Creek 345 kV,ITC MIDWEST,,150.0,150.0,150.0,2025-02-18T05:00:00+00:00,Active,,,,,,,,2026-06-01T04:00:00+00:00,,,,,SIS,0.0,0.0,0.0,0.0,
R1050,,,Scott,,Blue Lake 115kV,NORTHERN STATES POWER COMPANY,,135.5,135.5,0.0,2024-05-31T04:00:00+00:00,Done,,,,,,,,2027-04-01T04:00:00+00:00,,,,,NRIS,0.0,0.0,0.0,0.0,
R1042,,,Linn,,Duane Arnold 161kV,ITC MIDWEST,,64.0,64.0,0.0,2022-10-22T04:00:00+00:00,Withdrawn,,2025-05-13T04:00:00+00:00,,,,,,2023-10-01T04:00:00+00:00,,,,,NRIS,0.0,0.0,0.0,0.0,
R1053,,,Milwaukee,WI,Elm Road,AMERICAN TRANSMISSION COMPANY,Gas,1138.0,1138.0,1138.0,2024-06-17T04:00:00+00:00,Done,,,,,Combustion Turbine (Simple Cycle),,,,,,,,,0.0,0.0,0.0,0.0,
S1046,,,Codington,SD,Big Stone South 230kV,OTTER TAIL POWER COMPANY,,120.0,120.0,120.0,2023-10-13T04:00:00+00:00,Done,,,,,,,,2026-11-01T04:00:00+00:00,,,,,SIS,0.0,0.0,0.0,0.0,
S1045,,,Emmons,ND,Napoleon SW 230 kV (661091),MONTANA-DAKOTA UTILITIES CO.,,170.0,170.0,170.0,2023-09-17T04:00:00+00:00,Done,,,,,,,,2024-03-02T05:00:00+00:00,,,,,SIS,0.0,0.0,0.0,0.0,
S1054,,,Cottonwood,MN,Lakefield Junction 345kV,NORTHERN STATES POWER COMPANY,,300.0,300.0,300.0,2024-07-19T04:00:00+00:00,Active,,,,,,,,2027-10-30T04:00:00+00:00,,,,,SIS,0.0,0.0,0.0,0.0,
S1049,,,Sunflower,MS,Shaw to Indianola 115kV Line Tap,"ENTERGY MISSISSIPPI, LLC.",,80.0,80.0,80.0,2024-04-04T04:00:00+00:00,Withdrawn,,,,,,,,2026-08-30T04:00:00+00:00,,,,,SIS,0.0,0.0,0.0,0.0,
S1062,,,Branch,MI,New Byers 138kV,METC,,75.0,75.0,75.0,2024-08-15T04:00:00+00:00,Done,,,,,,,,2026-10-15T04:00:00+00:00,,,,,SIS,0.0,0.0,0.0,0.0,
R5062,,,Jasper,IN,SCHAHFER GEN STA,NORTHERN INDIANA PUBLIC SERVICE COMPANY LLC,Hybrid,732.73,732.73,732.73,2024-12-23T05:00:00+00:00,Withdrawn,,2026-04-13T04:00:00+00:00,,,Combustion Turbine (Simple Cycle),,,,,,,,,0.0,0.0,0.0,0.0,
J446,,,,IN,,,,0.0,0.0,0.0,,Withdrawn,,2023-02-21T05:00:00+00:00,,,,,,,,,,,,0.0,0.0,0.0,0.0,
S1067,,,Washtenaw,MI,Majestic- Lemoyne 345 kV,ITC,,75.0,75.0,75.0,2024-10-02T04:00:00+00:00,Done,,,,,,,,2027-09-30T04:00:00+00:00,,,,,SIS,0.0,0.0,0.0,0.0,
